{
  "model": "re:ammo/gene_extinction_bullet",
  "texture": "re:ammo/uv/gene_extinction_bullet",
  "slot": "re:ammo/slot/gene_extinction_bullet",
  "shell": {
    "model": "tacz:shell/9mm_shell",
    "texture": "tacz:shell/9mm_shell"
  },
  "tracer_color": "#FFFFFF",
  "transform": {
    "scale": {
      "thirdperson": [
        0.6,
        0.6,
        0.6
      ],
      "ground": [
        0.6,
        0.6,
        0.6
      ],
      "fixed": [
        1.2,
        1.2,
        1.2
      ]
    }
  }
}