{
  "ammo": "tacz:12g",
  "rpm": 150,
  "bullet": {
    "life": 0.5,
    "bullet_amount": 12,
    "damage": 30,
    "tracer_count_interval": 0,
    "extra_damage": {
      "armor_ignore": 0.5,
      "head_shot_multiplier": 1.1,
      "damage_adjust": [
        {"distance": 12, "damage": 30},
        {"distance": 20, "damage": 25},
        {"distance": "infinite", "damage": 15}
      ]
    },
    "speed": 150,
    "gravity": 0.15,
    "knockback": 0.35,
    "friction": 0.05,
    "ignite": false,
    "pierce": 1
  },
  "ammo_amount": 2,
  "bolt": "open_bolt",
  "reload": {
    "type": "magazine",
    "feed": {
      "empty": 1.83,
      "tactical": 1.23
    },
    "cooldown": {
      "empty": 1.9,
      "tactical": 1.2
    }
  },
  "draw_time": 0.27,
  "put_away_time": 0.23,
  "aim_time": 0.18,
  "sprint_time": 0.12,
  "weight": 3.0,
  "movement_speed": {
    "base": 0.0,
    "aim": 0.0,
    "reload": 0.1
  },
  "crawl_recoil_multiplier": 0.5,
  "fire_mode": [
    "semi"
  ],
  "allow_attachment_types": [
    "scope",
    "laser",
    "extended_mag"
  ],
  "recoil": {
    "pitch": [
      {"time": 0, "value": [3.25, 3.25]},
      {"time": 0.125, "value": [3.25, 3.25]},
      {"time": 0.4, "value": [-0.25, -0.25]},
      {"time": 0.55, "value": [0, 0]}
    ],
    "yaw": [
      {"time": 0, "value": [-1.5, -1.5]},
      {"time": 0.1, "value": [-1.5, -1.5]},
      {"time": 0.2, "value": [0.15, 0.15]},
      {"time": 0.4, "value": [0, 0]}
    ]
  },
  "inaccuracy": {
    "stand": 2.25,
    "move": 2.75,
    "sneak": 2,
    "lie": 2,
    "aim": 1.25
  },
  "melee": {
    "distance": 1,
    "cooldown": 0.6,
    "default": {
      "animation_type": "melee_stock",
      "distance": 1,
      "range_angle": 30,
      "damage": 2,
      "knockback": 0.75,
      "prep": 0.1
    }
  }
}