{
    "materials": [
      {
        "item": {
          "tag": "forge:ingots/copper"
        },
        "count": 17
      },
      {
        "item": {
          "tag": "forge:gunpowder"
        },
        "count": 10
      },
      {
        "item": {
          "tag": "forge:nuggets/iron"
        },
        "count": 20
      }
    ],
    "result": {
      "type": "ammo",
      "id": "wyyc1991:184",
      "count": 24
    },
    "type": "tacz:gun_smith_table_crafting"
  }