{
  "ammo": "tacz:50ae",
  // 弹容
  "ammo_amount": 7,
  "extended_mag_ammo_amount": [
    11,
    12,
    14
  ],
  // 是否允许趴下
  "can_crawl": true,
  // 是否允许斜握（仅视觉效果）
  "can_slide": false,
  // 枪栓类型。此处我们先按照 ak47 的类型填入 closed_bolt，以后再进行详细解释。
  "bolt": "closed_bolt",
  // 每分钟射出弹药量，最大不应超过 1200
  "rpm": 200,
  // 子弹实体属性
  "bullet": {
    // 寿命，单位秒
    "life": 10,
    "bullet_amount": 2,
    // 伤害
    "damage": 116,
    "tracer_count_interval": 0,
    "extra_damage": {
      "armor_ignore": 0.2,
      "head_shot_multiplier": 1.8,
      "damage_adjust": [
        {"distance": 18, "damage": 116},
        {"distance": 36, "damage": 114},
        {"distance": 55, "damage": 114},
        // 如果你忘记写这个无穷，那么超过上述距离，我就认为是 0
        {"distance": "infinite", "damage": 114}
      ]
    },
    // 速度 m/s
    "speed": 400,
    // 重力
    "gravity": 0,
    // 击退效果
    "knockback": 1,
    // 飞行阻力
    "friction": 0.01,
    // 是否点燃目标
    // 点燃目标
    "ignite": false,
    // 点燃时间，默认为 2 秒，仅用于实体
    "ignite_entity_time": 14,
    // 穿透实体的最大数量
    "pierce": 2
    // 爆炸参数，用于 rpg 等爆炸性武器，如果没有填写，则弹头不会爆炸
    //"explosion": {
    //  "radius": 5
    //}
  },
  // 换弹参数
  "reload": {
    // 此处先填入 magazine，详细含义在以后解释。
    "type": "magazine",
    // 弹匣供弹完成时间，到达此时间点，服务端就更新枪内子弹数量
    // 通常对应着动画当中弹匣插入的瞬间。
    "feed": {
      // 空仓换弹
      "empty": 2.92,
      // 战术换弹
      "tactical": 1.96
    },
    // 弹匣供弹总时长（秒），到达此时间点，枪械才可以进行开火、检视等行为。
    // 通常对应着动画当中枪械回到原位的瞬间。
    "cooldown": {
      // 空仓换弹
      "empty": 3.58,
      // 战术换弹
      "tactical": 3.25
    }
  },
  // 枪械抬起的动作时长，单位秒。
  "draw_time": 0.88,
  // 收枪的动作时长，单位秒。
  "put_away_time": 0.6,
  // 瞄准时长，单位秒。
  "aim_time": 0.2,
  // 疾跑状态切换时长，单位秒。
  "sprint_time": 0.3,
  //重量
  "weight": 3.85,
  "movement_speed": {
    "base": 0.0,
    "aim": -0.15,
    "reload": -0.1
  },
  // 开火模式
  "fire_mode": [
    // 半自动
    "semi"
  ],
  "allow_attachment_types": [
    "extended_mag"
  ],
  "burst_data": {
    "continuous_shoot": false,
    "count": 2,
    "bpm": -1,
    "min_interval": 0.3
  },
  // 后坐力，pitch 和yaw 分别至少需要两个关键帧
  "recoil": {
    "pitch": [
      // time 表示关键帧在时间轴上的位置，value 表示随机取值的取值范围。
      {"time": 0, "value": [3.8, 3.8]},
      {"time": 0.25, "value": [3.8, 3.8]},
      {"time": 0.45, "value": [-0.175, -0.175]},
      {"time": 0.6, "value": [0, 0]}
    ],
    "yaw": [
      {"time": 0, "value": [-0.35, -0.15]},
      {"time": 0.25, "value": [-0.35, -0.15]},
      {"time": 0.45, "value": [0, 0]}
    ]
  },
  // 不准确度
  "inaccuracy": {
    // 站立射击散布
    "stand": 2,
    // 移动射击散布
    "move": 4,
    // 潜行射击散布
    "sneak": 1,
    // 趴下射击散布
    "lie": 0.5,
    // 瞄准射击时散布
    "aim": 0.1
  }
}