{
  "ammo": "re:m500",
  "rpm": 250,
  "bullet": {
    "life": 0.6,
    "bullet_amount": 1,
    "damage": 70,
    "tracer_count_interval": 0,
    "extra_damage": {
      "armor_ignore": 1,
      "head_shot_multiplier": 1.55,
      "damage_adjust": [
        {"distance": 15, "damage": 70},
        {"distance": 35, "damage": 70},
        {"distance": "infinite", "damage": 70}
      ]
    },
    "speed": 180,
    "gravity": 0.15,
    "knockback": 0,
    "friction": 0.025,
    "ignite": false,
    "pierce": 4,
    "explosion": {
      "explode": false,
      "damage": 30,
      "radius": 1,
      "knockback": true,
      "delay": 30
    }
  },
  "ammo_amount": 5,
  "extended_mag_ammo_amount": [
    5,
    5,
    5
  ],
  "bolt": "open_bolt",
  "reload": {
    "type": "magazine",
    "feed": {
      "empty": 3,
      "tactical": 3
    },
    "cooldown": {
      "empty": 3,
      "tactical": 3
    }
  },
  "draw_time": 0.83,
  "put_away_time": 0.3,
  "aim_time": 0.125,
  "sprint_time": 0.08,
  "weight": 1.12,
  "movement_speed": {
    "base": 0.0,
    "aim": 0,
    "reload": 0.1
  },
  "crawl_recoil_multiplier": 0.75,
  "fire_mode": [
    "semi"
  ],
  "allow_attachment_types": [
  ],
  "recoil": {
    "pitch": [
      {"time": 0, "value": [2.95, 2.95]},
      {"time": 0.4, "value": [2.95, 2.95]},
      {"time": 0.65, "value": [-0.225, -0.225]},
      {"time": 0.85, "value": [0.125, 0.125]},
      {"time": 1.1, "value": [0, 0]},
      {"time": 1.2, "value": [0, 0]}
    ],
    "yaw": [
      {"time": 0, "value": [-0.3, 0.3]},
      {"time": 0.5, "value": [0, 0]}
    ]
  },
  "inaccuracy": {
    "stand": 2.25,
    "move": 2.75,
    "sneak": 2,
    "lie": 0.7,
    "aim": 0.22
  }
}