{
  "ammo": "tacz:12g",
  "rpm": 250,
  "bullet": {
    "life": 0.3,
    "bullet_amount": 10,
    "damage": 70,
    "tracer_count_interval": 0,
    "extra_damage": {
      "armor_ignore": 0.85,
      "head_shot_multiplier": 1.85,
      "damage_adjust": [
        {"distance": 5, "damage": 70},
        {"distance": 9, "damage": 60},
        {"distance": "infinite", "damage": 50}
      ]
    },
    "speed": 120,
    "gravity": 0.15,
    "knockback": 0.875,
    "friction": 0.05,
    "ignite": false,
    "pierce": 2
  },
  "ammo_amount": 3,
  "extended_mag_ammo_amount": [
    5,
    7,
    10
  ],
  "bolt": "open_bolt",
  "reload": {
    "type": "magazine",
    "feed": {
      "empty": 1.83,
      "tactical": 1.23
    },
    "cooldown": {
      "empty": 2.3,
      "tactical": 1.6
    }
  },
  "draw_time": 0.27,
  "put_away_time": 0.203,
  "aim_time": 0.1,
  "sprint_time": 0.075,
  "weight": 2.1,
  "movement_speed": {
    "base": 0.0,
    "aim": 0,
    "reload": 0.15
  },
  "crawl_recoil_multiplier": 0.5,
  "fire_mode": [
    "semi"
  ],
  "allow_attachment_types": [
    "extended_mag"
  ],
  "exclusive_attachments": {
    "tacz:oem_stock_tactical": {
      "weight": 2.0,
      "ads_addend": 0.04,
      "inaccuracy_addend": -0.125,
      "recoil_modifier": {
        "pitch": -0.3,
        "yaw": -0.2
      }
    }
  },
  "recoil": {
    "pitch": [
      {"time": 0, "value": [3.5, 3.5]},
      {"time": 0.3, "value": [3.5, 3.5]},
      {"time": 0.5, "value": [-1.15, -1.15]},
      {"time": 0.65, "value": [0, 0]},
      {"time": 0.7, "value": [0, 0]}
    ],
    "yaw": [
      {"time": 0, "value": [-1.5, -1.5]},
      {"time": 0.3, "value": [-1.5, -1.5]},
      {"time": 0.5, "value": [0.2, 0.2]},
      {"time": 0.7, "value": [0, 0]}
    ]
  },
  "inaccuracy": {
    "stand": 3.5,
    "move": 3.75,
    "sneak": 3,
    "lie": 3,
    "aim": 3
  }
}