{
  "ammo": "tacz:9mm",
  "rpm": 150,
  "bullet": {
    "life": 0.6,
    "bullet_amount": 1,
    "damage": 11,
    "tracer_count_interval": 0,
    "extra_damage": {
      "armor_ignore": 0.10,
      "head_shot_multiplier": 1.82,
      "damage_adjust": [
        {"distance": 10, "damage": 11},
        {"distance": 11, "damage": 10},
        {"distance": 48, "damage": 10},
        {"distance": "infinite", "damage": 10}
      ]
    },
    "speed": 190,
    "gravity": 0.15,
    "knockback": 0,
    "friction": 0.025,
    "ignite": false,
    "pierce": 0
  },
  "ammo_amount": 8,
  "extended_mag_ammo_amount": [
    23,
    26,
    32
  ],
  "bolt": "open_bolt",
  "reload": {
    "type": "magazine",
    "feed": {
      "empty": 1.53,
      "tactical": 1.2
    },
    "cooldown": {
      "empty": 2.1,
      "tactical": 1.8
    }
  },
  "draw_time": 0.33,
  "put_away_time": 0.5,
  "aim_time": 0.13,
  "sprint_time": 0.1,
  "weight": 1.5,
  "movement_speed": {
    "base": 0.0,
    "aim": 0,
    "reload": 0.1
  },
  "crawl_recoil_multiplier": 0.75,
  "fire_mode": [
    "semi"
  ],
  "burst_data": {
    "continuous_shoot": false,
    "count": 3,
    "bpm": 900,
    "min_interval": 0.4
  },
  "allow_attachment_types": [
  ],
  "recoil": {
    "pitch": [
      {"time": 0, "value": [0.65, 0.65]},
      {"time": 0.11, "value": [0.575, 0.575]},
      {"time": 0.27, "value": [-0.1, -0.1]},
      {"time": 0.35, "value": [0.05, 0.05]},
      {"time": 0.42, "value": [0, 0]}
    ],
    "yaw": [
      {"time": 0, "value": [-0.25, -0.1]},
      {"time": 0.18, "value": [0, 0]}
    ]
  },
  "inaccuracy": {
    "stand": 2.65,
    "move": 2.95,
    "sneak": 1.5,
    "lie": 1,
    "aim": 0.17
  }
}