{
  "ammo": "tacz:762x39",
  "bolt": "manual_action",
  "ammo_amount": 5,
  "extended_mag_ammo_amount": [
    7,
    11,
    13
  ],
  "rpm": 90,
  "bullet": {
    "life": 0.8,
    "bullet_amount": 1,
    "damage": 28,
    "tracer_count_interval": 0,
    "extra_damage": {
      "armor_ignore": 0.25,
      "head_shot_multiplier": 1.75,
      "damage_adjust": [
        {"distance": 40, "damage": 28},
        {"distance": 64, "damage": 28},
        {"distance": 88, "damage": 27},
        {"distance": "infinite", "damage": 26.5}
      ]
    },
    "speed": 480,
    "gravity": 0.01,
    "knockback": 0.25,
    "friction": 0.02,
    "ignite": false,
    "pierce": 1
  },
  "reload": {
    // magazine 是弹匣供弹，manual 是手动供弹，fuel 是类燃料罐供弹（消耗一个物品填满），inventory 是消耗背包内弹药供弹（背包直读）
    "type": "magazine",
    // 弹匣供弹换弹时长（秒），到达此时间点，服务端就更新枪内子弹数量
    "feed": {
      // 空仓换弹
      "empty": 2.1,
      "tactical": 1.3
    },
    // 弹匣供弹总时长（秒），到达此时间点，枪械才可以进行开火、检视等行为。
    "cooldown": {
      // 空仓换弹
      "empty": 2.5,
      "tactical": 1.3
    }
  },
  "draw_time": 0.45,
  "put_away_time": 0.4,
  "aim_time": 0.15,
  "sprint_time": 0.25,
  "bolt_action_time": 0.87,
  "weight": 3.5,
  "movement_speed": {
    // 默认修正
    "base": 0.0,
    // 瞄准时
    "aim": -0.5,
    // 换弹时
    "reload": 0.15
  },
  "crawl_recoil_multiplier": 0.5,
  "fire_mode": [
    "semi"
  ],
 "recoil": {
    "pitch": [
      {"time": 0, "value": [4, 4]},
      {"time": 0.07, "value": [2.5, 2.5]},
      {"time": 0.16, "value": [3.5, 3.5]},
      {"time": 0.24, "value": [1.85, 1.85]},
      {"time": 0.6, "value": [-0.5, -0.5]},
      {"time": 0.71, "value": [0.25, 0.25]},
      {"time": 0.83, "value": [0, 0]},
      {"time": 0.88, "value": [0, 0]}
    ],
    "yaw": [
      {"time": 0, "value": [-0.75, -0.75]},
      {"time": 0.08, "value": [0.6, 0.6]},
      {"time": 0.17, "value": [-0.35, -0.35]},
      {"time": 0.28, "value": [0.25, 0.25]},
      {"time": 0.5, "value": [0, 0]},
      {"time": 0.8, "value": [0, 0]}
    ]
  },
  "inaccuracy": {
    "stand": 3.25,
    "move": 3.5,
    "sneak": 1.75,
    "lie": 1,
    "aim": 0.21
  },
  // 近战相关
  "melee": {
    // 枪械距离参数，用来延升近战攻击范围
    // 会与刺刀等配件的距离做加和
    "distance": 3,
    // 使用时的冷却时间
    "cooldown": 1.15,
    // 默认近战数据，会被配件的数据替换掉
    "default": {
      // 动画类型：没有枪托的为 melee_push，有枪托的为 melee_stock
      "animation_type": "melee_stock",
      // 刺刀距离参数，枪械里还有个刺刀攻击距离参数，两者做加和
      "distance": 0,
      // 刺刀范围角度
      "range_angle": 30,
      // 伤害值
      "damage": 3,
      // 击退效果
      "knockback": 0.75,
      // 前摇时长，单位：秒
      "prep": 0.1
    }
  },
  "allow_attachment_types": [
    "scope",
    "extended_mag"
  ]
}