{
  "materials": [
    {
      "item": {
        "tag": "forge:ingots/gold"
      },
      "count": 34
    },
    {
      "item": {
        "tag": "forge:ingots/iron"
      },
      "count": 110
    },
    {
      "item": {
        "tag": "forge:gems/diamond"
      },
      "count": 32
    },
    {
      "item": {
        "tag": "forge:rods/blaze"
      },
      "count": 12
    }
  ],
  "result": {
    "type": "gun",
    "id": "mk16:ak108"
  },
  "type": "tacz:gun_smith_table_crafting"
}