{
  "materials": [
    {
      "item": {
        "tag": "forge:ingots/gold"
      },
      "count": 37
    },
    {
      "item": {
        "tag": "forge:ingots/iron"
      },
      "count": 105
    },
    {
      "item": {
        "tag": "forge:gems/diamond"
      },
      "count": 48
    },
    {
      "item": {
        "tag": "forge:rods/blaze"
      },
      "count": 18
    }
  ],
  "result": {
    "type": "gun",
    "id": "mk16:ak107"
  },
  "type": "tacz:gun_smith_table_crafting"
}