{
  "materials": [
    {
      "item": {
        "tag": "forge:ingots/gold"
      },
      "count": 50
    },
    {
      "item": {
        "tag": "forge:ingots/iron"
      },
      "count": 120
    },
    {
      "item": {
        "tag": "forge:gems/diamond"
      },
      "count": 64
    },
    {
      "item": {
        "tag": "forge:rods/blaze"
      },
      "count": 26
    }
  ],
  "result": {
    "type": "gun",
    "id": "mk16:ak109"
  },
  "type": "tacz:gun_smith_table_crafting"
}