{
  "materials": [
    {
      "item": {
        "tag": "forge:ingots/iron"
      },
      "count": 53
    },
    {
      "item": {
        "tag": "forge:gems/lapis"
      },
      "count": 8
    },
    {
      "item": {
        "tag": "minecraft:logs"
      },
      "count": 9
    },
    {
      "item": {
        "tag": "forge:ingots/gold"
      },
      "count": 4
    },
    {
      "item": {
        "tag": "forge:gems/diamond"
      },
      "count": 2
    }
  ],
  "result": {
    "type": "gun",
    "id": "mk16:ak15k"
  },
  "type": "tacz:gun_smith_table_crafting"
}