{
  "materials": [
    {
      "item": {
        "tag": "forge:ingots/iron"
      },
      "count": 20
    },
    {
      "item": {
        "tag": "forge:gems/lapis"
      },
      "count": 3
    },
    {
      "item": {
        "tag": "minecraft:logs"
      },
      "count": 1
    },
    {
      "item": {
        "tag": "forge:dyes/yellow"
      },
      "count": 2
    },
    {
      "item": {
        "type": "forge:partial_nbt",
        "item": "tacz:modern_kinetic_gun",
        "nbt": {
          "GunId": "tacz:m4a1"
        }
      },
      "count": 1
    }
  ],
  "result": {
    "type": "gun",
    "id": "mk16:m4urgi"
  },
  "type": "tacz:gun_smith_table_crafting"
}