{
  "materials": [
    {
      "item": {
        "tag": "forge:ingots/iron"
      },
      "count": 16
    },
    {
      "item": {
        "item": "string"
      },
      "count": 3
    },
    {
      "item": {
        "type": "forge:partial_nbt",
        "item": "tacz:modern_kinetic_gun",
        "nbt": {
          "GunId": "mk16:m727"
        }
      },
      "count": 1
    },
    {
      "item": {
        "tag": "forge:dyes/black"
      },
      "count": 3
    },
    {
      "item": {
        "tag": "forge:dusts/redstone"
      },
      "count": 3
    },
    {
      "item": {
        "tag": "forge:glass"
      },
      "count": 4
    }
  ],
  "result": {
    "type": "gun",
    "id": "mk16:m727bhd"
  },
  "type": "tacz:gun_smith_table_crafting"
}