{
  "materials": [
    {
      "item": {
        "tag": "forge:ingots/iron"
      },
      "count": 52
    },
    {
      "item": {
        "tag": "forge:gems/diamond"
      },
      "count": 8
    },
    {
      "item": {
        "tag": "forge:ingots/gold"
      },
      "count": 28
    },
    {
      "item": {
        "tag": "forge:gems/lapis"
      },
      "count": 4
    },
    {
      "item": {
        "tag": "minecraft:logs"
      },
      "count": 7
    }
  ],
  "result": {
    "type": "gun",
    "id": "mk16:sr16"
  },
  "type": "tacz:gun_smith_table_crafting"
}