{
	"format_version": "1.12.0",
	"minecraft:geometry": [
		{
			"description": {
				"identifier": "geometry.unknown",
				"texture_width": 256,
				"texture_height": 256,
				"visible_bounds_width": 5,
				"visible_bounds_height": 3,
				"visible_bounds_offset": [0, 0.5, 0]
			},
			"bones": [
				{
					"name": "bayonet2",
					"pivot": [-0.93805, -0.01097, 2.73776]
				},
				{
					"name": "sdfgsdfhg",
					"parent": "bayonet2",
					"pivot": [-0.15128, -0.00055, 0.12501],
					"rotation": [0, 180, 0],
					"cubes": [
						{
							"origin": [-0.47819, -0.4, -0.12499],
							"size": [0.33138, 0.075, 0.5],
							"pivot": [-0.3125, 0, -0.12499],
							"rotation": [0, 0, 45],
							"uv": {
								"north": {"uv": [72, 152], "uv_size": [0.5, 0.5]},
								"east": {"uv": [74, 152], "uv_size": [0.5, 0.5]},
								"south": {"uv": [152, 74], "uv_size": [0.5, 0.5]},
								"west": {"uv": [152, 76], "uv_size": [0.5, 0.5]},
								"up": {"uv": [78, 152], "uv_size": [0.5, 0.5]},
								"down": {"uv": [152, 78.5], "uv_size": [0.5, -0.5]}
							}
						},
						{
							"origin": [-0.47819, -0.4, -0.12499],
							"size": [1.08138, 0.075, 0.5],
							"uv": {
								"north": {"uv": [22, 117], "uv_size": [1, 0.5]},
								"east": {"uv": [152, 80], "uv_size": [0.5, 0.5]},
								"south": {"uv": [24, 117], "uv_size": [1, 0.5]},
								"west": {"uv": [152, 82], "uv_size": [0.5, 0.5]},
								"up": {"uv": [26, 117], "uv_size": [1, 0.5]},
								"down": {"uv": [28, 117.5], "uv_size": [1, -0.5]}
							}
						},
						{
							"origin": [-0.44694, 0.325, -0.12499],
							"size": [0.26888, 0.075, 0.5],
							"pivot": [-0.3125, 0, -0.12499],
							"rotation": [0, 0, 45],
							"uv": {
								"north": {"uv": [152, 84], "uv_size": [0.5, 0.5]},
								"east": {"uv": [152, 86], "uv_size": [0.5, 0.5]},
								"south": {"uv": [88, 152], "uv_size": [0.5, 0.5]},
								"west": {"uv": [152, 88], "uv_size": [0.5, 0.5]},
								"up": {"uv": [152, 90], "uv_size": [0.5, 0.5]},
								"down": {"uv": [96, 152.5], "uv_size": [0.5, -0.5]}
							}
						},
						{
							"origin": [-0.47819, 0.325, -0.12499],
							"size": [1.08138, 0.075, 0.5],
							"uv": {
								"north": {"uv": [117, 28], "uv_size": [1, 0.5]},
								"east": {"uv": [152, 98], "uv_size": [0.5, 0.5]},
								"south": {"uv": [30, 117], "uv_size": [1, 0.5]},
								"west": {"uv": [152, 100], "uv_size": [0.5, 0.5]},
								"up": {"uv": [117, 30], "uv_size": [1, 0.5]},
								"down": {"uv": [32, 117.5], "uv_size": [1, -0.5]}
							}
						},
						{
							"origin": [0.0125, -0.15006, -0.12499],
							"size": [0.075, 0.2845, 0.5],
							"pivot": [-0.3125, 0, -0.12499],
							"rotation": [0, 0, 45],
							"uv": {
								"north": {"uv": [102, 152], "uv_size": [0.5, 0.5]},
								"east": {"uv": [152, 102], "uv_size": [0.5, 0.5]},
								"south": {"uv": [152, 104], "uv_size": [0.5, 0.5]},
								"west": {"uv": [106, 152], "uv_size": [0.5, 0.5]},
								"up": {"uv": [152, 106], "uv_size": [0.5, 0.5]},
								"down": {"uv": [152, 108.5], "uv_size": [0.5, -0.5]}
							}
						},
						{
							"origin": [0.0875, -0.05631, -0.12499],
							"size": [0.0625, 0.11262, 0.5],
							"pivot": [-0.3125, 0, -0.12499],
							"rotation": [0, 0, 45],
							"uv": {
								"north": {"uv": [110, 152], "uv_size": [0.5, 0.5]},
								"east": {"uv": [152, 110], "uv_size": [0.5, 0.5]},
								"south": {"uv": [112, 152], "uv_size": [0.5, 0.5]},
								"west": {"uv": [152, 112], "uv_size": [0.5, 0.5]},
								"up": {"uv": [114, 152], "uv_size": [0.5, 0.5]},
								"down": {"uv": [152, 120.5], "uv_size": [0.5, -0.5]}
							}
						},
						{
							"origin": [0.0875, -0.05631, -0.12499],
							"size": [0.0625, 0.11262, 0.5],
							"pivot": [-0.3125, 0, -0.12499],
							"rotation": [0, 0, -45],
							"uv": {
								"north": {"uv": [152, 122], "uv_size": [0.5, 0.5]},
								"east": {"uv": [126, 152], "uv_size": [0.5, 0.5]},
								"south": {"uv": [128, 152], "uv_size": [0.5, 0.5]},
								"west": {"uv": [130, 152], "uv_size": [0.5, 0.5]},
								"up": {"uv": [132, 152], "uv_size": [0.5, 0.5]},
								"down": {"uv": [152, 132.5], "uv_size": [0.5, -0.5]}
							}
						},
						{
							"origin": [0.0125, -0.325, -0.12499],
							"size": [0.59069, 0.65, 0.5],
							"uv": {
								"north": {"uv": [134, 152], "uv_size": [0.5, 0.5]},
								"east": {"uv": [152, 134], "uv_size": [0.5, 0.5]},
								"south": {"uv": [136, 152], "uv_size": [0.5, 0.5]},
								"west": {"uv": [152, 136], "uv_size": [0.5, 0.5]},
								"up": {"uv": [138, 152], "uv_size": [0.5, 0.5]},
								"down": {"uv": [152, 138.5], "uv_size": [0.5, -0.5]}
							}
						},
						{
							"origin": [-0.7125, -0.16569, -0.12499],
							"size": [0.075, 0.33138, 0.5],
							"pivot": [-0.3125, 0, -0.12499],
							"rotation": [0, 0, 45],
							"uv": {
								"north": {"uv": [140, 152], "uv_size": [0.5, 0.5]},
								"east": {"uv": [152, 140], "uv_size": [0.5, 0.5]},
								"south": {"uv": [142, 152], "uv_size": [0.5, 0.5]},
								"west": {"uv": [152, 142], "uv_size": [0.5, 0.5]},
								"up": {"uv": [144, 152], "uv_size": [0.5, 0.5]},
								"down": {"uv": [152, 144.5], "uv_size": [0.5, -0.5]}
							}
						},
						{
							"origin": [-0.7125, -0.16569, -0.12499],
							"size": [0.075, 0.33138, 0.5],
							"uv": {
								"north": {"uv": [146, 152], "uv_size": [0.5, 0.5]},
								"east": {"uv": [152, 146], "uv_size": [0.5, 0.5]},
								"south": {"uv": [148, 152], "uv_size": [0.5, 0.5]},
								"west": {"uv": [152, 148], "uv_size": [0.5, 0.5]},
								"up": {"uv": [150, 152], "uv_size": [0.5, 0.5]},
								"down": {"uv": [152, 150.5], "uv_size": [0.5, -0.5]}
							}
						}
					]
				},
				{
					"name": "gfhfgh",
					"parent": "bayonet2",
					"pivot": [-0.9375, 0, 0.20313],
					"cubes": [
						{
							"origin": [-1.10041, -0.3933, -0.39062],
							"size": [0.32582, 0.7866, 2.5],
							"pivot": [-0.9375, 0, 0.23438],
							"rotation": [0, 0, 45],
							"uv": {
								"north": {"uv": [34, 117], "uv_size": [0.5, 1]},
								"east": {"uv": [58, 39], "uv_size": [2.5, 1]},
								"south": {"uv": [117, 34], "uv_size": [0.5, 1]},
								"west": {"uv": [58, 43], "uv_size": [2.5, 1]},
								"up": {"uv": [89, 44], "uv_size": [0.5, 2.5]},
								"down": {"uv": [45, 91.5], "uv_size": [0.5, -2.5]}
							}
						},
						{
							"origin": [-1.10041, -0.3933, -0.39062],
							"size": [0.32582, 0.7866, 2.5],
							"uv": {
								"north": {"uv": [36, 117], "uv_size": [0.5, 1]},
								"east": {"uv": [58, 45], "uv_size": [2.5, 1]},
								"south": {"uv": [117, 36], "uv_size": [0.5, 1]},
								"west": {"uv": [58, 47], "uv_size": [2.5, 1]},
								"up": {"uv": [51, 89], "uv_size": [0.5, 2.5]},
								"down": {"uv": [89, 55.5], "uv_size": [0.5, -2.5]}
							}
						},
						{
							"origin": [-0.96431, -0.3933, 1.95756],
							"size": [0.23039, 0.7866, 0.23039],
							"pivot": [-0.9375, 0, 1.98438],
							"rotation": [0, -45, 0],
							"uv": {
								"north": {"uv": [38, 117], "uv_size": [0.5, 1]},
								"east": {"uv": [117, 38], "uv_size": [0.5, 1]},
								"south": {"uv": [40, 117], "uv_size": [0.5, 1]},
								"west": {"uv": [42, 117], "uv_size": [0.5, 1]},
								"up": {"uv": [152, 152], "uv_size": [0.5, 0.5]},
								"down": {"uv": [0, 153.5], "uv_size": [0.5, -0.5]}
							}
						},
						{
							"origin": [-1.3308, -0.16291, -0.39062],
							"size": [0.7866, 0.32582, 2.5],
							"pivot": [-0.9375, 0, 0.23438],
							"rotation": [0, 0, 45],
							"uv": {
								"north": {"uv": [46, 117], "uv_size": [1, 0.5]},
								"east": {"uv": [89, 40], "uv_size": [2.5, 0.5]},
								"south": {"uv": [48, 117], "uv_size": [1, 0.5]},
								"west": {"uv": [89, 59], "uv_size": [2.5, 0.5]},
								"up": {"uv": [54, 58], "uv_size": [1, 2.5]},
								"down": {"uv": [56, 60.5], "uv_size": [1, -2.5]}
							}
						},
						{
							"origin": [-1.3308, -0.16291, -0.39062],
							"size": [0.7866, 0.32582, 2.5],
							"uv": {
								"north": {"uv": [50, 117], "uv_size": [1, 0.5]},
								"east": {"uv": [89, 65], "uv_size": [2.5, 0.5]},
								"south": {"uv": [52, 117], "uv_size": [1, 0.5]},
								"west": {"uv": [89, 67], "uv_size": [2.5, 0.5]},
								"up": {"uv": [58, 56], "uv_size": [1, 2.5]},
								"down": {"uv": [0, 61.5], "uv_size": [1, -2.5]}
							}
						},
						{
							"origin": [-1.0808, -0.16291, 2.10938],
							"size": [0.2866, 0.32582, 1],
							"uv": {
								"north": {"uv": [153, 0], "uv_size": [0.5, 0.5]},
								"east": {"uv": [54, 117], "uv_size": [1, 0.5]},
								"south": {"uv": [2, 153], "uv_size": [0.5, 0.5]},
								"west": {"uv": [56, 117], "uv_size": [1, 0.5]},
								"up": {"uv": [58, 117], "uv_size": [0.5, 1]},
								"down": {"uv": [60, 118], "uv_size": [0.5, -1]}
							}
						}
					]
				},
				{
					"name": "gfhfgh2",
					"parent": "bayonet2",
					"pivot": [-0.9375, 0, -1.10937],
					"cubes": [
						{
							"origin": [-1.10041, -0.3933, -1.70312],
							"size": [0.32582, 0.7866, 1.3125],
							"pivot": [-0.9375, 0, -1.07812],
							"rotation": [0, 0, 45],
							"uv": {
								"north": {"uv": [117, 60], "uv_size": [0.5, 1]},
								"east": {"uv": [12, 80], "uv_size": [1.5, 1]},
								"south": {"uv": [62, 117], "uv_size": [0.5, 1]},
								"west": {"uv": [80, 14], "uv_size": [1.5, 1]},
								"up": {"uv": [92, 105], "uv_size": [0.5, 1.5]},
								"down": {"uv": [105, 99.5], "uv_size": [0.5, -1.5]}
							}
						},
						{
							"origin": [-1.10041, -0.3933, -1.70312],
							"size": [0.32582, 0.7866, 1.3125],
							"uv": {
								"north": {"uv": [64, 117], "uv_size": [0.5, 1]},
								"east": {"uv": [22, 80], "uv_size": [1.5, 1]},
								"south": {"uv": [117, 67], "uv_size": [0.5, 1]},
								"west": {"uv": [80, 28], "uv_size": [1.5, 1]},
								"up": {"uv": [100, 105], "uv_size": [0.5, 1.5]},
								"down": {"uv": [105, 102.5], "uv_size": [0.5, -1.5]}
							}
						},
						{
							"origin": [-1.3308, -0.16291, -1.70312],
							"size": [0.7866, 0.32582, 1.3125],
							"pivot": [-0.9375, 0, -1.07812],
							"rotation": [0, 0, 45],
							"uv": {
								"north": {"uv": [68, 117], "uv_size": [1, 0.5]},
								"east": {"uv": [106, 9], "uv_size": [1.5, 0.5]},
								"south": {"uv": [117, 69], "uv_size": [1, 0.5]},
								"west": {"uv": [11, 106], "uv_size": [1.5, 0.5]},
								"up": {"uv": [66, 79], "uv_size": [1, 1.5]},
								"down": {"uv": [18, 81.5], "uv_size": [1, -1.5]}
							}
						},
						{
							"origin": [-1.3308, -0.16291, -1.70312],
							"size": [0.7866, 0.32582, 1.3125],
							"uv": {
								"north": {"uv": [70, 117], "uv_size": [1, 0.5]},
								"east": {"uv": [106, 11], "uv_size": [1.5, 0.5]},
								"south": {"uv": [117, 73], "uv_size": [1, 0.5]},
								"west": {"uv": [106, 13], "uv_size": [1.5, 0.5]},
								"up": {"uv": [25, 80], "uv_size": [1, 1.5]},
								"down": {"uv": [33, 81.5], "uv_size": [1, -1.5]}
							}
						}
					]
				},
				{
					"name": "bone21",
					"parent": "bayonet2",
					"pivot": [-0.9375, -6.78125, 19.48438],
					"cubes": [
						{
							"origin": [-0.69354, -0.07409, -14.32812],
							"size": [0.0625, 0.2, 12.625],
							"pivot": [-0.63104, 0.12591, -2.82812],
							"rotation": [0.9397, 0.342, 40.0028],
							"uv": {
								"north": {"uv": [4, 153], "uv_size": [0.5, 0.5]},
								"east": {"uv": [27, 19], "uv_size": [12.5, 0.5]},
								"south": {"uv": [8, 153], "uv_size": [0.5, 0.5]},
								"west": {"uv": [20, 27], "uv_size": [12.5, 0.5]},
								"up": {"uv": [4, 26], "uv_size": [0.5, 12.5]},
								"down": {"uv": [6, 38.5], "uv_size": [0.5, -12.5]}
							}
						},
						{
							"origin": [-0.88138, -0.23084, -8.88736],
							"size": [0.0625, 0.325, 7.1875],
							"pivot": [-0.85013, -0.06834, -6.32486],
							"rotation": [-0.13299, 0.5436, 30.00405],
							"uv": {
								"north": {"uv": [153, 8], "uv_size": [0.5, 0.5]},
								"east": {"uv": [50, 37], "uv_size": [7, 0.5]},
								"south": {"uv": [153, 10], "uv_size": [0.5, 0.5]},
								"west": {"uv": [50, 39], "uv_size": [7, 0.5]},
								"up": {"uv": [10, 50], "uv_size": [0.5, 7]},
								"down": {"uv": [12, 57], "uv_size": [0.5, -7]}
							}
						},
						{
							"origin": [-0.66229, 0.10504, -14.32812],
							"size": [0.0625, 0.075, 12.625],
							"pivot": [-0.66229, 0.18004, -2.82812],
							"rotation": [1, 0, 60],
							"uv": {
								"north": {"uv": [153, 12], "uv_size": [0.5, 0.5]},
								"east": {"uv": [27, 21], "uv_size": [12.5, 0.5]},
								"south": {"uv": [153, 16], "uv_size": [0.5, 0.5]},
								"west": {"uv": [27, 23], "uv_size": [12.5, 0.5]},
								"up": {"uv": [8, 26], "uv_size": [0.5, 12.5]},
								"down": {"uv": [10, 38.5], "uv_size": [0.5, -12.5]}
							}
						},
						{
							"origin": [-0.86735, -0.04944, -15.82637],
							"size": [0.0625, 0.075, 1.5],
							"pivot": [-0.80485, 0.02556, -14.32637],
							"rotation": [3.5, 0, 60],
							"uv": {
								"north": {"uv": [153, 18], "uv_size": [0.5, 0.5]},
								"east": {"uv": [14, 106], "uv_size": [1.5, 0.5]},
								"south": {"uv": [20, 153], "uv_size": [0.5, 0.5]},
								"west": {"uv": [19, 106], "uv_size": [1.5, 0.5]},
								"up": {"uv": [5, 106], "uv_size": [0.5, 1.5]},
								"down": {"uv": [106, 27.5], "uv_size": [0.5, -1.5]}
							}
						},
						{
							"origin": [-0.86735, -0.09631, -15.32637],
							"size": [0.0625, 0.12187, 1],
							"pivot": [-0.80485, 0.02556, -14.32637],
							"rotation": [3.2894, 1.19641, 40.03435],
							"uv": {
								"north": {"uv": [153, 20], "uv_size": [0.5, 0.5]},
								"east": {"uv": [77, 117], "uv_size": [1, 0.5]},
								"south": {"uv": [22, 153], "uv_size": [0.5, 0.5]},
								"west": {"uv": [81, 117], "uv_size": [1, 0.5]},
								"up": {"uv": [83, 117], "uv_size": [0.5, 1]},
								"down": {"uv": [85, 118], "uv_size": [0.5, -1]}
							}
						},
						{
							"origin": [-1.08265, -0.04944, -15.82637],
							"size": [0.0625, 0.075, 1.5],
							"pivot": [-1.08265, 0.02556, -14.32637],
							"rotation": [3.5, 0, -60],
							"uv": {
								"north": {"uv": [24, 153], "uv_size": [0.5, 0.5]},
								"east": {"uv": [106, 19], "uv_size": [1.5, 0.5]},
								"south": {"uv": [26, 153], "uv_size": [0.5, 0.5]},
								"west": {"uv": [106, 29], "uv_size": [1.5, 0.5]},
								"up": {"uv": [31, 106], "uv_size": [0.5, 1.5]},
								"down": {"uv": [33, 107.5], "uv_size": [0.5, -1.5]}
							}
						},
						{
							"origin": [-1.0514, 0.01719, -15.32637],
							"size": [0.125, 0.0625, 1],
							"pivot": [-1.0514, 0.07969, -14.32637],
							"rotation": [0.90692, -3.3806, 14.97324],
							"uv": {
								"north": {"uv": [28, 153], "uv_size": [0.5, 0.5]},
								"east": {"uv": [87, 117], "uv_size": [1, 0.5]},
								"south": {"uv": [153, 28], "uv_size": [0.5, 0.5]},
								"west": {"uv": [91, 117], "uv_size": [1, 0.5]},
								"up": {"uv": [93, 117], "uv_size": [0.5, 1]},
								"down": {"uv": [117, 94], "uv_size": [0.5, -1]}
							}
						},
						{
							"origin": [-0.9611, 0.01719, -15.32637],
							"size": [0.125, 0.0625, 1],
							"pivot": [-0.8361, 0.07969, -14.32637],
							"rotation": [0.75844, 3.41694, -17.47738],
							"uv": {
								"north": {"uv": [30, 153], "uv_size": [0.5, 0.5]},
								"east": {"uv": [95, 117], "uv_size": [1, 0.5]},
								"south": {"uv": [153, 30], "uv_size": [0.5, 0.5]},
								"west": {"uv": [117, 95], "uv_size": [1, 0.5]},
								"up": {"uv": [117, 97], "uv_size": [0.5, 1]},
								"down": {"uv": [100, 118], "uv_size": [0.5, -1]}
							}
						},
						{
							"origin": [-0.74939, -0.15904, -2.01403],
							"size": [0.0625, 0.2625, 0.375],
							"pivot": [-0.65564, 0.00346, -1.82653],
							"rotation": [1.08237, 22.49639, 60.41419],
							"uv": {
								"north": {"uv": [32, 153], "uv_size": [0.5, 0.5]},
								"east": {"uv": [34, 153], "uv_size": [0.5, 0.5]},
								"south": {"uv": [153, 34], "uv_size": [0.5, 0.5]},
								"west": {"uv": [36, 153], "uv_size": [0.5, 0.5]},
								"up": {"uv": [153, 36], "uv_size": [0.5, 0.5]},
								"down": {"uv": [38, 153.5], "uv_size": [0.5, -0.5]}
							}
						},
						{
							"origin": [-0.76999, 0.08957, -1.99617],
							"size": [0.07813, 0.2625, 0.375],
							"pivot": [-0.81686, 0.22082, -1.80867],
							"rotation": [1.08237, -22.49638, 59.58582],
							"uv": {
								"north": {"uv": [153, 38], "uv_size": [0.5, 0.5]},
								"east": {"uv": [40, 153], "uv_size": [0.5, 0.5]},
								"south": {"uv": [42, 153], "uv_size": [0.5, 0.5]},
								"west": {"uv": [46, 153], "uv_size": [0.5, 0.5]},
								"up": {"uv": [48, 153], "uv_size": [0.5, 0.5]},
								"down": {"uv": [50, 153.5], "uv_size": [0.5, -0.5]}
							}
						},
						{
							"origin": [-0.64474, 0.08449, -1.87956],
							"size": [0.125, 0.2625, 0.125],
							"pivot": [-0.81662, 0.21574, -1.94206],
							"rotation": [1.08237, -22.49638, 59.58582],
							"uv": {
								"north": {"uv": [52, 153], "uv_size": [0.5, 0.5]},
								"east": {"uv": [54, 153], "uv_size": [0.5, 0.5]},
								"south": {"uv": [56, 153], "uv_size": [0.5, 0.5]},
								"west": {"uv": [58, 153], "uv_size": [0.5, 0.5]},
								"up": {"uv": [60, 153], "uv_size": [0.5, 0.5]},
								"down": {"uv": [153, 60.5], "uv_size": [0.5, -0.5]}
							}
						},
						{
							"origin": [-0.66229, -0.01996, -14.32812],
							"size": [0.0625, 0.2, 12.625],
							"pivot": [-0.66229, 0.18004, -2.82812],
							"rotation": [0.97438, -0.22494, 72.99809],
							"uv": {
								"north": {"uv": [62, 153], "uv_size": [0.5, 0.5]},
								"east": {"uv": [27, 25], "uv_size": [12.5, 0.5]},
								"west": {"uv": [28, 0], "uv_size": [12.5, 0.5]},
								"up": {"uv": [12, 26], "uv_size": [0.5, 12.5]},
								"down": {"uv": [14, 38.5], "uv_size": [0.5, -12.5]}
							}
						},
						{
							"origin": [-0.97281, -0.02354, -5.88488],
							"size": [0.0625, 0.1375, 4.1875],
							"pivot": [-0.94156, -0.01729, -4.07238],
							"rotation": [1, 0, 60],
							"uv": {
								"north": {"uv": [64, 153], "uv_size": [0.5, 0.5]},
								"east": {"uv": [66, 41], "uv_size": [4, 0.5]},
								"south": {"uv": [153, 66], "uv_size": [0.5, 0.5]},
								"west": {"uv": [8, 67], "uv_size": [4, 0.5]},
								"up": {"uv": [13, 67], "uv_size": [0.5, 4]},
								"down": {"uv": [15, 71], "uv_size": [0.5, -4]}
							}
						},
						{
							"origin": [-0.975, -0.20452, -14.32675],
							"size": [0.0625, 0.075, 12.625],
							"pivot": [-0.9125, -0.20452, -11.82675],
							"rotation": [-1, 0, 0],
							"uv": {
								"north": {"uv": [68, 153], "uv_size": [0.5, 0.5]},
								"east": {"uv": [28, 2], "uv_size": [12.5, 0.5]},
								"south": {"uv": [153, 68], "uv_size": [0.5, 0.5]},
								"west": {"uv": [28, 4], "uv_size": [12.5, 0.5]},
								"up": {"uv": [16, 28], "uv_size": [0.5, 12.5]},
								"down": {"uv": [18, 40.5], "uv_size": [0.5, -12.5]}
							}
						},
						{
							"origin": [-0.975, -0.16089, -15.82637],
							"size": [0.0625, 0.075, 1.5],
							"pivot": [-0.9125, -0.16089, -14.32637],
							"rotation": [-3.5, 0, 0],
							"uv": {
								"north": {"uv": [70, 153], "uv_size": [0.5, 0.5]},
								"east": {"uv": [106, 31], "uv_size": [1.5, 0.5]},
								"south": {"uv": [153, 72], "uv_size": [0.5, 0.5]},
								"west": {"uv": [106, 38], "uv_size": [1.5, 0.5]},
								"up": {"uv": [48, 106], "uv_size": [0.5, 1.5]},
								"down": {"uv": [106, 51.5], "uv_size": [0.5, -1.5]}
							}
						},
						{
							"origin": [-0.975, -0.16089, -15.32637],
							"size": [0.0625, 0.10625, 1],
							"pivot": [-0.9125, -0.16089, -14.32637],
							"rotation": [-3.2894, 1.19641, 19.96565],
							"uv": {
								"north": {"uv": [76, 153], "uv_size": [0.5, 0.5]},
								"east": {"uv": [102, 117], "uv_size": [1, 0.5]},
								"south": {"uv": [80, 153], "uv_size": [0.5, 0.5]},
								"west": {"uv": [106, 117], "uv_size": [1, 0.5]},
								"up": {"uv": [111, 117], "uv_size": [0.5, 1]},
								"down": {"uv": [117, 117], "uv_size": [0.5, -1]}
							}
						},
						{
							"origin": [-1.07092, -0.06425, -15.32373],
							"size": [0.0625, 0.12188, 1],
							"pivot": [-1.03265, 0.02556, -14.32637],
							"rotation": [3.2894, -1.19641, -40.03435],
							"uv": {
								"north": {"uv": [82, 153], "uv_size": [0.5, 0.5]},
								"east": {"uv": [118, 2], "uv_size": [1, 0.5]},
								"south": {"uv": [84, 153], "uv_size": [0.5, 0.5]},
								"west": {"uv": [118, 4], "uv_size": [1, 0.5]},
								"up": {"uv": [6, 118], "uv_size": [0.5, 1]},
								"down": {"uv": [118, 7], "uv_size": [0.5, -1]}
							}
						},
						{
							"origin": [-1.04213, -0.16903, -15.315],
							"size": [0.0625, 0.10625, 1],
							"pivot": [-1.03265, 0.02556, -14.32637],
							"rotation": [-3.2894, -1.19641, -19.96565],
							"uv": {
								"north": {"uv": [86, 153], "uv_size": [0.5, 0.5]},
								"east": {"uv": [10, 118], "uv_size": [1, 0.5]},
								"south": {"uv": [90, 153], "uv_size": [0.5, 0.5]},
								"west": {"uv": [12, 118], "uv_size": [1, 0.5]},
								"up": {"uv": [14, 118], "uv_size": [0.5, 1]},
								"down": {"uv": [118, 15], "uv_size": [0.5, -1]}
							}
						},
						{
							"origin": [-0.975, -0.37686, -1.95325],
							"size": [0.0625, 0.2625, 0.3125],
							"pivot": [-0.9125, -0.37686, -1.95325],
							"rotation": [-1.08237, 22.49639, -0.41419],
							"uv": {
								"north": {"uv": [92, 153], "uv_size": [0.5, 0.5]},
								"east": {"uv": [153, 92], "uv_size": [0.5, 0.5]},
								"south": {"uv": [94, 153], "uv_size": [0.5, 0.5]},
								"west": {"uv": [153, 94], "uv_size": [0.5, 0.5]},
								"up": {"uv": [153, 96], "uv_size": [0.5, 0.5]},
								"down": {"uv": [98, 153.5], "uv_size": [0.5, -0.5]}
							}
						},
						{
							"origin": [-0.9625, -0.37686, -1.95325],
							"size": [0.0625, 0.2625, 0.3125],
							"pivot": [-0.9625, -0.37686, -1.95325],
							"rotation": [-1.08237, -22.49639, 0.41419],
							"uv": {
								"north": {"uv": [100, 153], "uv_size": [0.5, 0.5]},
								"east": {"uv": [104, 153], "uv_size": [0.5, 0.5]},
								"south": {"uv": [108, 153], "uv_size": [0.5, 0.5]},
								"west": {"uv": [153, 114], "uv_size": [0.5, 0.5]},
								"up": {"uv": [116, 153], "uv_size": [0.5, 0.5]},
								"down": {"uv": [153, 116.5], "uv_size": [0.5, -0.5]}
							}
						},
						{
							"origin": [-0.975, -0.36159, -14.32812],
							"size": [0.0625, 0.2, 12.625],
							"pivot": [-0.975, -0.36159, -2.82812],
							"rotation": [-0.95631, -0.29236, -16.99756],
							"uv": {
								"north": {"uv": [118, 153], "uv_size": [0.5, 0.5]},
								"east": {"uv": [28, 6], "uv_size": [12.5, 0.5]},
								"south": {"uv": [153, 118], "uv_size": [0.5, 0.5]},
								"west": {"uv": [28, 14], "uv_size": [12.5, 0.5]},
								"up": {"uv": [20, 29], "uv_size": [0.5, 12.5]},
								"down": {"uv": [22, 41.5], "uv_size": [0.5, -12.5]}
							}
						},
						{
							"origin": [-0.97226, -0.34332, -14.3278],
							"size": [0.0625, 0.2, 12.625],
							"pivot": [-0.97226, -0.34332, -2.82781],
							"rotation": [-0.9563, 0.2924, 16.9976],
							"uv": {
								"north": {"uv": [120, 153], "uv_size": [0.5, 0.5]},
								"east": {"uv": [28, 16], "uv_size": [12.5, 0.5]},
								"south": {"uv": [122, 153], "uv_size": [0.5, 0.5]},
								"west": {"uv": [24, 29], "uv_size": [12.5, 0.5]},
								"up": {"uv": [24, 31], "uv_size": [0.5, 12.5]},
								"down": {"uv": [26, 43.5], "uv_size": [0.5, -12.5]}
							}
						},
						{
							"origin": [-0.775, -0.18659, -9.57812],
							"size": [0.0625, 0.325, 7.875],
							"pivot": [-0.775, 0.13841, -3.07812],
							"rotation": [0, -0.45, 90],
							"uv": {
								"north": {"uv": [124, 153], "uv_size": [0.5, 0.5]},
								"east": {"uv": [46, 16], "uv_size": [8, 0.5]},
								"south": {"uv": [153, 124], "uv_size": [0.5, 0.5]},
								"west": {"uv": [46, 18], "uv_size": [8, 0.5]},
								"up": {"uv": [46, 35], "uv_size": [0.5, 8]},
								"down": {"uv": [42, 54], "uv_size": [0.5, -8]}
							}
						},
						{
							"origin": [-0.775, -0.18594, -14.32788],
							"size": [0.0625, 0.2, 4.75],
							"pivot": [-0.775, 0.07656, -10.95288],
							"rotation": [0, -0.45, 90],
							"uv": {
								"north": {"uv": [124, 153], "uv_size": [0.5, 0.5]},
								"east": {"uv": [46, 16.5], "uv_size": [6, 0.5]},
								"south": {"uv": [153, 124], "uv_size": [0.5, 0.5]},
								"west": {"uv": [46, 18], "uv_size": [8, 0.5]},
								"up": {"uv": [46, 35], "uv_size": [0.5, 8]},
								"down": {"uv": [42, 54], "uv_size": [0.5, -8]}
							}
						},
						{
							"origin": [-1.28771, 0.10504, -14.32812],
							"size": [0.0625, 0.075, 12.625],
							"pivot": [-1.22521, 0.18004, -2.82812],
							"rotation": [1, 0, -60],
							"uv": {
								"north": {"uv": [153, 126], "uv_size": [0.5, 0.5]},
								"east": {"uv": [30, 8], "uv_size": [12.5, 0.5]},
								"south": {"uv": [153, 128], "uv_size": [0.5, 0.5]},
								"west": {"uv": [30, 10], "uv_size": [12.5, 0.5]},
								"up": {"uv": [28, 31], "uv_size": [0.5, 12.5]},
								"down": {"uv": [30, 43.5], "uv_size": [0.5, -12.5]}
							}
						},
						{
							"origin": [-1.27346, -0.00177, -1.9533],
							"size": [0.0625, 0.1375, 0.375],
							"pivot": [-1.27346, 0.13573, -1.9533],
							"rotation": [0, -22.5, -60],
							"uv": {
								"north": {"uv": [153, 130], "uv_size": [0.5, 0.5]},
								"east": {"uv": [154, 2], "uv_size": [0.5, 0.5]},
								"south": {"uv": [154, 4], "uv_size": [0.5, 0.5]},
								"west": {"uv": [6, 154], "uv_size": [0.5, 0.5]},
								"up": {"uv": [154, 6], "uv_size": [0.5, 0.5]},
								"down": {"uv": [10, 154.5], "uv_size": [0.5, -0.5]}
							}
						},
						{
							"origin": [-1.27346, -0.18927, -1.9533],
							"size": [0.0625, 0.325, 0.375],
							"pivot": [-1.27346, 0.13573, -1.9533],
							"rotation": [0, 22.5, -60],
							"uv": {
								"north": {"uv": [12, 154], "uv_size": [0.5, 0.5]},
								"east": {"uv": [14, 154], "uv_size": [0.5, 0.5]},
								"south": {"uv": [154, 14], "uv_size": [0.5, 0.5]},
								"west": {"uv": [16, 154], "uv_size": [0.5, 0.5]},
								"up": {"uv": [18, 154], "uv_size": [0.5, 0.5]},
								"down": {"uv": [154, 22.5], "uv_size": [0.5, -0.5]}
							}
						},
						{
							"origin": [-1.28771, -0.01996, -14.32812],
							"size": [0.0625, 0.2, 12.625],
							"pivot": [-1.22521, 0.18004, -2.82812],
							"rotation": [0.96364, 0.26723, -75.49775],
							"uv": {
								"north": {"uv": [154, 24], "uv_size": [0.5, 0.5]},
								"east": {"uv": [30, 12], "uv_size": [12.5, 0.5]},
								"west": {"uv": [32, 31], "uv_size": [12.5, 0.5]},
								"up": {"uv": [32, 33], "uv_size": [0.5, 12.5]},
								"down": {"uv": [0, 46.5], "uv_size": [0.5, -12.5]}
							}
						},
						{
							"origin": [-1.12043, -0.15263, -14.32675],
							"size": [0.0625, 0.2, 12.625],
							"pivot": [-1.12043, 0.04737, -11.82675],
							"rotation": [0.94265, -0.33379, -40.50275],
							"uv": {
								"north": {"uv": [154, 26], "uv_size": [0.5, 0.5]},
								"east": {"uv": [34, 27], "uv_size": [12.5, 0.5]},
								"south": {"uv": [154, 32], "uv_size": [0.5, 0.5]},
								"west": {"uv": [34, 33], "uv_size": [12.5, 0.5]},
								"up": {"uv": [2, 34], "uv_size": [0.5, 12.5]},
								"down": {"uv": [34, 47.5], "uv_size": [0.5, -12.5]}
							}
						},
						{
							"origin": [-1.12659, -0.28866, -9.76233],
							"size": [0.0625, 0.325, 8.0625],
							"pivot": [-1.12659, -0.02616, -2.82483],
							"rotation": [-0.12962, -0.4924, -30.50374],
							"uv": {
								"north": {"uv": [154, 40], "uv_size": [0.5, 0.5]},
								"east": {"uv": [46, 20], "uv_size": [8, 0.5]},
								"south": {"uv": [154, 42], "uv_size": [0.5, 0.5]},
								"west": {"uv": [46, 31], "uv_size": [8, 0.5]},
								"up": {"uv": [44, 46], "uv_size": [0.5, 8]},
								"down": {"uv": [46, 52], "uv_size": [0.5, -8]}
							}
						},
						{
							"origin": [-1.28771, -0.14496, -5.89062],
							"size": [0.0625, 0.1375, 4.1875],
							"pivot": [-1.22521, 0.18004, -2.82812],
							"rotation": [1, 0, -60],
							"uv": {
								"north": {"uv": [44, 154], "uv_size": [0.5, 0.5]},
								"east": {"uv": [67, 15], "uv_size": [4, 0.5]},
								"west": {"uv": [67, 20], "uv_size": [4, 0.5]},
								"down": {"uv": [17, 71], "uv_size": [0.5, -4]}
							}
						}
					]
				}
			]
		}
	]
}