{
	"format_version": "1.12.0",
	"minecraft:geometry": [
		{
			"description": {
				"identifier": "geometry.ak47",
				"texture_width": 256,
				"texture_height": 256,
				"visible_bounds_width": 5,
				"visible_bounds_height": 3,
				"visible_bounds_offset": [0, 0.5, 0]
			},
			"bones": [
				{
					"name": "bayonet2",
					"pivot": [-0.00055, -1.2766, 0.05652],
					"cubes": [
						{
							"origin": [-0.4375, -1.38389, 0.21157],
							"size": [0.875, 0.6875, 0.65625],
							"uv": {
								"north": {"uv": [94.5, 68], "uv_size": [1, 0.5]},
								"east": {"uv": [173.5, 6], "uv_size": [0.5, 0.5]},
								"south": {"uv": [140.5, 29], "uv_size": [1, 0.5]},
								"west": {"uv": [173.5, 8], "uv_size": [0.5, 0.5]},
								"up": {"uv": [107.5, 68], "uv_size": [1, 0.5]},
								"down": {"uv": [140.5, 38.5], "uv_size": [1, -0.5]}
							}
						},
						{
							"origin": [-0.05339, -1.58657, 0.21356],
							"size": [0.20711, 0.39461, 0.65625],
							"inflate": -0.002,
							"pivot": [0.06533, -1.63389, 0.33856],
							"rotation": [0, 0, 45],
							"uv": {
								"north": {"uv": [84.5, 101], "uv_size": [0.5, 0.5]},
								"south": {"uv": [173.5, 12], "uv_size": [0.5, 0.5]},
								"west": {"uv": [86.5, 101], "uv_size": [0.5, 0.5]},
								"down": {"uv": [173.5, 16.5], "uv_size": [0.5, -0.5]}
							}
						},
						{
							"origin": [-0.1626, -1.56511, 0.21356],
							"size": [0.20711, 0.39461, 0.65625],
							"inflate": -0.002,
							"pivot": [-0.04388, -1.61244, 0.33856],
							"rotation": [0, 0, -45],
							"uv": {
								"north": {"uv": [90.5, 101], "uv_size": [0.5, 0.5]},
								"east": {"uv": [173.5, 18], "uv_size": [0.5, 0.5]},
								"south": {"uv": [173.5, 20], "uv_size": [0.5, 0.5]},
								"west": {"uv": [173.5, 22], "uv_size": [0.5, 0.5]},
								"up": {"uv": [96.5, 101], "uv_size": [0.5, 0.5]},
								"down": {"uv": [173.5, 24.5], "uv_size": [0.5, -0.5]}
							}
						},
						{
							"origin": [-0.20006, -1.56834, 0.21356],
							"size": [0.14461, 0.33211, 0.65625],
							"inflate": -0.002,
							"pivot": [-0.15901, -1.55854, 0.36981],
							"rotation": [0, 0, 90],
							"uv": {
								"north": {"uv": [98.5, 101], "uv_size": [0.5, 0.5]},
								"east": {"uv": [173.5, 26], "uv_size": [0.5, 0.5]},
								"south": {"uv": [100.5, 101], "uv_size": [0.5, 0.5]},
								"west": {"uv": [102.5, 101], "uv_size": [0.5, 0.5]},
								"up": {"uv": [173.5, 30], "uv_size": [0.5, 0.5]},
								"down": {"uv": [104.5, 101.5], "uv_size": [0.5, -0.5]}
							}
						},
						{
							"origin": [-0.4375, -1.38389, 2.96157],
							"size": [0.875, 0.875, 0.65625],
							"uv": {
								"north": {"uv": [104.5, 53], "uv_size": [1, 1]},
								"east": {"uv": [140.5, 40], "uv_size": [0.5, 1]},
								"south": {"uv": [123.5, 53], "uv_size": [1, 1]},
								"west": {"uv": [140.5, 45], "uv_size": [0.5, 1]},
								"up": {"uv": [119.5, 68], "uv_size": [1, 0.5]},
								"down": {"uv": [140.5, 47.5], "uv_size": [1, -0.5]}
							}
						},
						{
							"origin": [-0.1626, -1.56511, 2.96356],
							"size": [0.20711, 0.39461, 0.65625],
							"inflate": -0.002,
							"pivot": [-0.04388, -1.61244, 3.08856],
							"rotation": [0, 0, -45],
							"uv": {
								"north": {"uv": [173.5, 32], "uv_size": [0.5, 0.5]},
								"east": {"uv": [173.5, 34], "uv_size": [0.5, 0.5]},
								"south": {"uv": [108.5, 101], "uv_size": [0.5, 0.5]},
								"west": {"uv": [110.5, 101], "uv_size": [0.5, 0.5]},
								"up": {"uv": [112.5, 101], "uv_size": [0.5, 0.5]},
								"down": {"uv": [173.5, 40.5], "uv_size": [0.5, -0.5]}
							}
						},
						{
							"origin": [-0.20006, -1.56834, 2.96356],
							"size": [0.14461, 0.33211, 0.65625],
							"inflate": -0.002,
							"pivot": [-0.15901, -1.55854, 3.11981],
							"rotation": [0, 0, 90],
							"uv": {
								"north": {"uv": [114.5, 101], "uv_size": [0.5, 0.5]},
								"east": {"uv": [116.5, 101], "uv_size": [0.5, 0.5]},
								"south": {"uv": [120.5, 101], "uv_size": [0.5, 0.5]},
								"west": {"uv": [130.5, 101], "uv_size": [0.5, 0.5]},
								"up": {"uv": [173.5, 58], "uv_size": [0.5, 0.5]},
								"down": {"uv": [132.5, 101.5], "uv_size": [0.5, -0.5]}
							}
						},
						{
							"origin": [-0.05339, -1.58657, 2.96356],
							"size": [0.20711, 0.39461, 0.65625],
							"inflate": -0.002,
							"pivot": [0.06533, -1.63389, 3.08856],
							"rotation": [0, 0, 45],
							"uv": {
								"north": {"uv": [134.5, 101], "uv_size": [0.5, 0.5]},
								"south": {"uv": [136.5, 101], "uv_size": [0.5, 0.5]},
								"west": {"uv": [173.5, 64], "uv_size": [0.5, 0.5]},
								"down": {"uv": [138.5, 101.5], "uv_size": [0.5, -0.5]}
							}
						}
					]
				},
				{
					"name": "dfghdfgh",
					"parent": "bayonet2",
					"pivot": [8, -9.17187, -8.04687],
					"cubes": [
						{
							"origin": [-0.15533, -1.54687, -0.54687],
							"size": [0.31066, 0.75, 4.3125],
							"pivot": [0, -1.17187, -0.04687],
							"rotation": [0, 0, 45],
							"uv": {
								"north": {"uv": [140.5, 4], "uv_size": [0.5, 1]},
								"east": {"uv": [85.5, 6], "uv_size": [4.5, 1]},
								"south": {"uv": [78.5, 68], "uv_size": [0.5, 1]},
								"west": {"uv": [85.5, 8], "uv_size": [4.5, 1]},
								"up": {"uv": [114.5, 44], "uv_size": [0.5, 4.5]},
								"down": {"uv": [116.5, 48.5], "uv_size": [0.5, -4.5]}
							}
						},
						{
							"origin": [-0.15533, -1.54687, -0.54687],
							"size": [0.31066, 0.75, 4.3125],
							"uv": {
								"north": {"uv": [80.5, 68], "uv_size": [0.5, 1]},
								"east": {"uv": [85.5, 10], "uv_size": [4.5, 1]},
								"south": {"uv": [82.5, 68], "uv_size": [0.5, 1]},
								"west": {"uv": [85.5, 12], "uv_size": [4.5, 1]},
								"up": {"uv": [117.5, 14], "uv_size": [0.5, 4.5]},
								"down": {"uv": [94.5, 49.5], "uv_size": [0.5, -4.5]}
							}
						},
						{
							"origin": [-0.375, -1.32721, -0.54687],
							"size": [0.75, 0.31066, 4.3125],
							"pivot": [0, -1.17187, -0.04687],
							"rotation": [0, 0, 45],
							"uv": {
								"north": {"uv": [140.5, 10], "uv_size": [1, 0.5]},
								"east": {"uv": [96.5, 45], "uv_size": [4.5, 0.5]},
								"south": {"uv": [140.5, 14], "uv_size": [1, 0.5]},
								"west": {"uv": [117.5, 28], "uv_size": [4.5, 0.5]},
								"up": {"uv": [74.5, 13], "uv_size": [1, 4.5]},
								"down": {"uv": [78.5, 18.5], "uv_size": [1, -4.5]}
							}
						},
						{
							"origin": [-0.375, -1.32721, -0.54687],
							"size": [0.75, 0.31066, 4.3125],
							"uv": {
								"north": {"uv": [88.5, 68], "uv_size": [1, 0.5]},
								"east": {"uv": [117.5, 30], "uv_size": [4.5, 0.5]},
								"south": {"uv": [92.5, 68], "uv_size": [1, 0.5]},
								"west": {"uv": [117.5, 36], "uv_size": [4.5, 0.5]},
								"up": {"uv": [80.5, 14], "uv_size": [1, 4.5]},
								"down": {"uv": [82.5, 18.5], "uv_size": [1, -4.5]}
							}
						}
					]
				},
				{
					"name": "bone10",
					"parent": "bayonet2",
					"pivot": [0, -7.92187, 19.32813],
					"cubes": [
						{
							"origin": [0.13703, -1.06419, -0.73437],
							"size": [0.125, 0.27, 0.1875],
							"pivot": [0.13703, -0.79418, -0.54687],
							"rotation": [0, -45, 90],
							"uv": {
								"north": {"uv": [173.5, 66], "uv_size": [0.5, 0.5]},
								"east": {"uv": [140.5, 101], "uv_size": [0.5, 0.5]},
								"south": {"uv": [173.5, 68], "uv_size": [0.5, 0.5]},
								"west": {"uv": [142.5, 101], "uv_size": [0.5, 0.5]},
								"up": {"uv": [173.5, 70], "uv_size": [0.5, 0.5]},
								"down": {"uv": [173.5, 72.5], "uv_size": [0.5, -0.5]}
							}
						},
						{
							"origin": [0.13703, -1.17429, -1.02379],
							"size": [0.125, 0.27, 0.375],
							"pivot": [0.13703, -0.90428, -0.64879],
							"rotation": [0, -27.5, 90],
							"uv": {
								"north": {"uv": [146.5, 101], "uv_size": [0.5, 0.5]},
								"east": {"uv": [173.5, 74], "uv_size": [0.5, 0.5]},
								"south": {"uv": [148.5, 101], "uv_size": [0.5, 0.5]},
								"west": {"uv": [76.5, 102], "uv_size": [0.5, 0.5]},
								"up": {"uv": [174.5, 4], "uv_size": [0.5, 0.5]},
								"down": {"uv": [78.5, 102.5], "uv_size": [0.5, -0.5]}
							}
						},
						{
							"origin": [0.10793, -1.16826, -10.483],
							"size": [0.0625, 0.075, 1],
							"pivot": [0.17043, -1.09326, -9.483],
							"rotation": [8, 0, 60],
							"uv": {
								"north": {"uv": [80.5, 102], "uv_size": [0.5, 0.5]},
								"east": {"uv": [140.5, 49], "uv_size": [1, 0.5]},
								"south": {"uv": [82.5, 102], "uv_size": [0.5, 0.5]},
								"west": {"uv": [123.5, 68], "uv_size": [1, 0.5]},
								"up": {"uv": [140.5, 51], "uv_size": [0.5, 1]},
								"down": {"uv": [125.5, 69], "uv_size": [0.5, -1]}
							}
						},
						{
							"origin": [0.13918, -1.17662, -10.1705],
							"size": [0.0625, 0.1375, 0.6875],
							"pivot": [0.13918, -1.03913, -9.483],
							"rotation": [7.73076, -2.06428, 74.86051],
							"uv": {
								"north": {"uv": [174.5, 10], "uv_size": [0.5, 0.5]},
								"east": {"uv": [174.5, 14], "uv_size": [0.5, 0.5]},
								"south": {"uv": [88.5, 102], "uv_size": [0.5, 0.5]},
								"west": {"uv": [92.5, 102], "uv_size": [0.5, 0.5]},
								"up": {"uv": [94.5, 102], "uv_size": [0.5, 0.5]},
								"down": {"uv": [174.5, 28.5], "uv_size": [0.5, -0.5]}
							}
						},
						{
							"origin": [0.10793, -1.23076, -10.1705],
							"size": [0.0625, 0.1375, 0.6875],
							"pivot": [0.17043, -1.09326, -9.483],
							"rotation": [7.52324, 2.72831, 40.17941],
							"uv": {
								"north": {"uv": [106.5, 102], "uv_size": [0.5, 0.5]},
								"east": {"uv": [174.5, 36], "uv_size": [0.5, 0.5]},
								"south": {"uv": [174.5, 38], "uv_size": [0.5, 0.5]},
								"west": {"uv": [174.5, 42], "uv_size": [0.5, 0.5]},
								"up": {"uv": [174.5, 44], "uv_size": [0.5, 0.5]},
								"down": {"uv": [118.5, 102.5], "uv_size": [0.5, -0.5]}
							}
						},
						{
							"origin": [0.24396, -1.21471, -9.48437],
							"size": [0.0625, 0.2, 9],
							"pivot": [0.30646, -1.01471, -0.48437],
							"rotation": [0.9397, 0.342, 40.0028],
							"uv": {
								"north": {"uv": [174.5, 46], "uv_size": [0.5, 0.5]},
								"east": {"uv": [84.5, 14], "uv_size": [9, 0.5]},
								"south": {"uv": [174.5, 48], "uv_size": [0.5, 0.5]},
								"west": {"uv": [87.5, 0], "uv_size": [9, 0.5]},
								"up": {"uv": [76.5, 16], "uv_size": [0.5, 9]},
								"down": {"uv": [84.5, 25], "uv_size": [0.5, -9]}
							}
						},
						{
							"origin": [0.12346, -1.35834, -9.6063],
							"size": [0.0625, 0.2, 9.125],
							"pivot": [0.18596, -1.15834, -0.4813],
							"rotation": [-0.15658, 0.53728, 27.50395],
							"uv": {
								"north": {"uv": [122.5, 102], "uv_size": [0.5, 0.5]},
								"east": {"uv": [87.5, 2], "uv_size": [9, 0.5]},
								"south": {"uv": [174.5, 50], "uv_size": [0.5, 0.5]},
								"west": {"uv": [87.5, 4], "uv_size": [9, 0.5]},
								"up": {"uv": [86.5, 16], "uv_size": [0.5, 9]},
								"down": {"uv": [88.5, 25], "uv_size": [0.5, -9]}
							}
						},
						{
							"origin": [0.01169, -1.34407, -0.66906],
							"size": [0.125, 0.2625, 0.25],
							"pivot": [0.07419, -1.18157, -0.85656],
							"rotation": [-0.1774, 28.03717, 27.42204],
							"uv": {
								"north": {"uv": [124.5, 102], "uv_size": [0.5, 0.5]},
								"east": {"uv": [174.5, 52], "uv_size": [0.5, 0.5]},
								"south": {"uv": [126.5, 102], "uv_size": [0.5, 0.5]},
								"west": {"uv": [174.5, 54], "uv_size": [0.5, 0.5]},
								"up": {"uv": [128.5, 102], "uv_size": [0.5, 0.5]},
								"down": {"uv": [174.5, 56.5], "uv_size": [0.5, -0.5]}
							}
						},
						{
							"origin": [0.09344, -1.41483, -0.90783],
							"size": [0.125, 0.2625, 0.25],
							"pivot": [0.21844, -1.21483, -0.72033],
							"rotation": [-0.16072, 13.03723, 27.46917],
							"uv": {
								"north": {"uv": [174.5, 60], "uv_size": [0.5, 0.5]},
								"east": {"uv": [174.5, 62], "uv_size": [0.5, 0.5]},
								"south": {"uv": [144.5, 102], "uv_size": [0.5, 0.5]},
								"west": {"uv": [174.5, 76], "uv_size": [0.5, 0.5]},
								"up": {"uv": [150.5, 102], "uv_size": [0.5, 0.5]},
								"down": {"uv": [174.5, 78.5], "uv_size": [0.5, -0.5]}
							}
						},
						{
							"origin": [-0.13669, -1.34407, -0.66906],
							"size": [0.125, 0.2625, 0.25],
							"pivot": [-0.07419, -1.18157, -0.85656],
							"rotation": [-0.1774, -28.03717, -27.42204],
							"uv": {
								"north": {"uv": [152.5, 102], "uv_size": [0.5, 0.5]},
								"east": {"uv": [174.5, 80], "uv_size": [0.5, 0.5]},
								"south": {"uv": [154.5, 102], "uv_size": [0.5, 0.5]},
								"west": {"uv": [174.5, 82], "uv_size": [0.5, 0.5]},
								"up": {"uv": [156.5, 102], "uv_size": [0.5, 0.5]},
								"down": {"uv": [174.5, 84.5], "uv_size": [0.5, -0.5]}
							}
						},
						{
							"origin": [-0.21844, -1.41483, -0.90783],
							"size": [0.125, 0.2625, 0.25],
							"pivot": [-0.21844, -1.21483, -0.72033],
							"rotation": [-0.16072, -13.03723, -27.46917],
							"uv": {
								"north": {"uv": [158.5, 102], "uv_size": [0.5, 0.5]},
								"east": {"uv": [174.5, 86], "uv_size": [0.5, 0.5]},
								"south": {"uv": [160.5, 102], "uv_size": [0.5, 0.5]},
								"west": {"uv": [174.5, 88], "uv_size": [0.5, 0.5]},
								"up": {"uv": [162.5, 102], "uv_size": [0.5, 0.5]},
								"down": {"uv": [174.5, 90.5], "uv_size": [0.5, -0.5]}
							}
						},
						{
							"origin": [0.27521, -1.16059, -9.48437],
							"size": [0.0625, 0.2, 9],
							"pivot": [0.27521, -0.96058, -0.48437],
							"rotation": [1, 0, 60],
							"uv": {
								"north": {"uv": [164.5, 102], "uv_size": [0.5, 0.5]},
								"east": {"uv": [90.5, 16], "uv_size": [9, 0.5]},
								"south": {"uv": [174.5, 92], "uv_size": [0.5, 0.5]},
								"west": {"uv": [90.5, 18], "uv_size": [9, 0.5]},
								"up": {"uv": [72.5, 19], "uv_size": [0.5, 9]},
								"down": {"uv": [74.5, 28], "uv_size": [0.5, -9]}
							}
						},
						{
							"origin": [0.27521, -1.16059, -9.48437],
							"size": [0.0625, 0.2, 9],
							"pivot": [0.27521, -0.96058, -0.48437],
							"rotation": [0.97438, -0.22494, 72.99809],
							"uv": {
								"north": {"uv": [166.5, 102], "uv_size": [0.5, 0.5]},
								"east": {"uv": [91.5, 6], "uv_size": [9, 0.5]},
								"west": {"uv": [91.5, 8], "uv_size": [9, 0.5]},
								"up": {"uv": [78.5, 20], "uv_size": [0.5, 9]},
								"down": {"uv": [80.5, 29], "uv_size": [0.5, -9]}
							}
						},
						{
							"origin": [-0.03531, -1.16416, -3.54113],
							"size": [0.0625, 0.1375, 3.0625],
							"pivot": [-0.00406, -1.15791, -1.72863],
							"rotation": [1, 0, 60],
							"uv": {
								"north": {"uv": [174.5, 94], "uv_size": [0.5, 0.5]},
								"east": {"uv": [121.5, 18], "uv_size": [3, 0.5]},
								"south": {"uv": [168.5, 102], "uv_size": [0.5, 0.5]},
								"west": {"uv": [83.5, 50], "uv_size": [3, 0.5]},
								"up": {"uv": [87.5, 50], "uv_size": [0.5, 3]},
								"down": {"uv": [122.5, 25], "uv_size": [0.5, -3]}
							}
						},
						{
							"origin": [-0.0375, -1.34514, -10.1705],
							"size": [0.0625, 0.1375, 0.6875],
							"pivot": [-0.0375, -1.34514, -9.483],
							"rotation": [-7.71261, -2.13146, -15.35631],
							"uv": {
								"north": {"uv": [174.5, 96], "uv_size": [0.5, 0.5]},
								"east": {"uv": [170.5, 102], "uv_size": [0.5, 0.5]},
								"west": {"uv": [174.5, 98], "uv_size": [0.5, 0.5]},
								"up": {"uv": [172.5, 102], "uv_size": [0.5, 0.5]}
							}
						},
						{
							"origin": [-0.0375, -1.34514, -10.483],
							"size": [0.0625, 0.075, 1],
							"pivot": [0.025, -1.34514, -9.483],
							"rotation": [-8, 0, 0],
							"uv": {
								"north": {"uv": [174.5, 100], "uv_size": [0.5, 0.5]},
								"east": {"uv": [140.5, 53], "uv_size": [1, 0.5]},
								"west": {"uv": [127.5, 68], "uv_size": [1, 0.5]},
								"up": {"uv": [140.5, 55], "uv_size": [0.5, 1]},
								"down": {"uv": [129.5, 69], "uv_size": [0.5, -1]}
							}
						},
						{
							"origin": [-0.0375, -1.34514, -10.1705],
							"size": [0.0625, 0.1375, 0.6875],
							"pivot": [0.025, -1.34514, -9.483],
							"rotation": [-7.63421, 2.39854, 17.33995],
							"uv": {
								"north": {"uv": [174.5, 102], "uv_size": [0.5, 0.5]},
								"east": {"uv": [72.5, 103], "uv_size": [0.5, 0.5]},
								"west": {"uv": [175.5, 0], "uv_size": [0.5, 0.5]},
								"up": {"uv": [74.5, 103], "uv_size": [0.5, 0.5]},
								"down": {"uv": [175.5, 2.5], "uv_size": [0.5, -0.5]}
							}
						},
						{
							"origin": [-0.0375, -1.34514, -9.483],
							"size": [0.0625, 0.2, 9],
							"pivot": [0.025, -1.34514, -9.483],
							"rotation": [-1, 0, 0],
							"uv": {
								"north": {"uv": [175.5, 6], "uv_size": [0.5, 0.5]},
								"east": {"uv": [91.5, 10], "uv_size": [9, 0.5]},
								"south": {"uv": [175.5, 8], "uv_size": [0.5, 0.5]},
								"west": {"uv": [91.5, 12], "uv_size": [9, 0.5]},
								"up": {"uv": [82.5, 20], "uv_size": [0.5, 9]},
								"down": {"uv": [90.5, 29], "uv_size": [0.5, -9]}
							}
						},
						{
							"origin": [-0.0375, -1.50221, -9.48437],
							"size": [0.0625, 0.2, 9],
							"pivot": [-0.0375, -1.50221, -0.48437],
							"rotation": [-0.95631, -0.29236, -16.99756],
							"uv": {
								"north": {"uv": [84.5, 103], "uv_size": [0.5, 0.5]},
								"east": {"uv": [92.5, 20], "uv_size": [9, 0.5]},
								"south": {"uv": [175.5, 12], "uv_size": [0.5, 0.5]},
								"west": {"uv": [94.5, 14], "uv_size": [9, 0.5]},
								"up": {"uv": [92.5, 22], "uv_size": [0.5, 9]},
								"down": {"uv": [94.5, 31], "uv_size": [0.5, -9]}
							}
						},
						{
							"origin": [-0.03476, -1.48395, -9.48406],
							"size": [0.0625, 0.2, 9],
							"pivot": [-0.03476, -1.48395, -0.48406],
							"rotation": [-0.9563, 0.2924, 16.9976],
							"uv": {
								"north": {"uv": [86.5, 103], "uv_size": [0.5, 0.5]},
								"east": {"uv": [96.5, 22], "uv_size": [9, 0.5]},
								"south": {"uv": [175.5, 16], "uv_size": [0.5, 0.5]},
								"west": {"uv": [96.5, 24], "uv_size": [9, 0.5]},
								"up": {"uv": [76.5, 26], "uv_size": [0.5, 9]},
								"down": {"uv": [84.5, 35], "uv_size": [0.5, -9]}
							}
						},
						{
							"origin": [0.1625, -1.32721, -9.35937],
							"size": [0.0625, 0.325, 8.8125],
							"pivot": [0.1625, -1.00221, -0.73437],
							"rotation": [0, -0.45, 90],
							"uv": {
								"east": {"uv": [97.5, 0], "uv_size": [9, 0.5]},
								"south": {"uv": [175.5, 18], "uv_size": [0.5, 0.5]},
								"down": {"uv": [88.5, 35], "uv_size": [0.5, -9]}
							}
						},
						{
							"origin": [-0.13132, -1.22447, -10.16381],
							"size": [0.0625, 0.1375, 0.6875],
							"pivot": [-0.06882, -1.08697, -10.16381],
							"rotation": [7.74833, 1.99694, -74.36475],
							"uv": {
								"north": {"uv": [175.5, 20], "uv_size": [0.5, 0.5]},
								"east": {"uv": [175.5, 22], "uv_size": [0.5, 0.5]},
								"south": {"uv": [96.5, 103], "uv_size": [0.5, 0.5]},
								"west": {"uv": [175.5, 24], "uv_size": [0.5, 0.5]},
								"up": {"uv": [98.5, 103], "uv_size": [0.5, 0.5]},
								"down": {"uv": [175.5, 26.5], "uv_size": [0.5, -0.5]}
							}
						},
						{
							"origin": [-0.21418, -1.11412, -10.483],
							"size": [0.0625, 0.075, 1],
							"pivot": [-0.15168, -1.03913, -9.483],
							"rotation": [8, 0, -60],
							"uv": {
								"north": {"uv": [100.5, 103], "uv_size": [0.5, 0.5]},
								"east": {"uv": [140.5, 57], "uv_size": [1, 0.5]},
								"south": {"uv": [102.5, 103], "uv_size": [0.5, 0.5]},
								"west": {"uv": [140.5, 59], "uv_size": [1, 0.5]},
								"up": {"uv": [140.5, 63], "uv_size": [0.5, 1]},
								"down": {"uv": [140.5, 66], "uv_size": [0.5, -1]}
							}
						},
						{
							"origin": [-0.18293, -1.23076, -10.1705],
							"size": [0.0625, 0.1375, 0.6875],
							"pivot": [-0.18293, -1.09326, -9.483],
							"rotation": [7.63421, -2.39854, -42.66005],
							"uv": {
								"north": {"uv": [175.5, 30], "uv_size": [0.5, 0.5]},
								"east": {"uv": [104.5, 103], "uv_size": [0.5, 0.5]},
								"west": {"uv": [175.5, 32], "uv_size": [0.5, 0.5]},
								"up": {"uv": [175.5, 34], "uv_size": [0.5, 0.5]},
								"down": {"uv": [108.5, 103.5], "uv_size": [0.5, -0.5]}
							}
						},
						{
							"origin": [-0.35021, -1.16059, -9.48437],
							"size": [0.0625, 0.2, 9],
							"pivot": [-0.28771, -0.96058, -0.48437],
							"rotation": [1, 0, -60],
							"uv": {
								"north": {"uv": [110.5, 103], "uv_size": [0.5, 0.5]},
								"east": {"uv": [97.5, 4], "uv_size": [9, 0.5]},
								"south": {"uv": [112.5, 103], "uv_size": [0.5, 0.5]},
								"west": {"uv": [96.5, 26], "uv_size": [9, 0.5]},
								"up": {"uv": [96.5, 28], "uv_size": [0.5, 9]},
								"down": {"uv": [98.5, 37], "uv_size": [0.5, -9]}
							}
						},
						{
							"origin": [-0.35021, -1.16059, -9.48437],
							"size": [0.0625, 0.2, 9],
							"pivot": [-0.28771, -0.96058, -0.48437],
							"rotation": [0.96364, 0.26723, -75.49775],
							"uv": {
								"north": {"uv": [175.5, 40], "uv_size": [0.5, 0.5]},
								"east": {"uv": [100.5, 16], "uv_size": [9, 0.5]},
								"west": {"uv": [100.5, 18], "uv_size": [9, 0.5]},
								"up": {"uv": [100.5, 28], "uv_size": [0.5, 9]},
								"down": {"uv": [72.5, 38], "uv_size": [0.5, -9]}
							}
						},
						{
							"origin": [-0.18293, -1.29326, -9.483],
							"size": [0.0625, 0.2, 9],
							"pivot": [-0.18293, -1.09326, -9.483],
							"rotation": [0.94265, -0.33379, -40.50275],
							"uv": {
								"north": {"uv": [114.5, 103], "uv_size": [0.5, 0.5]},
								"east": {"uv": [101.5, 6], "uv_size": [9, 0.5]},
								"south": {"uv": [116.5, 103], "uv_size": [0.5, 0.5]},
								"west": {"uv": [101.5, 8], "uv_size": [9, 0.5]},
								"up": {"uv": [74.5, 29], "uv_size": [0.5, 9]},
								"down": {"uv": [78.5, 39], "uv_size": [0.5, -9]}
							}
						},
						{
							"origin": [-0.18909, -1.36678, -9.60608],
							"size": [0.0625, 0.2, 9.125],
							"pivot": [-0.18909, -1.16678, -0.48109],
							"rotation": [-0.12962, -0.4924, -30.50374],
							"uv": {
								"north": {"uv": [120.5, 103], "uv_size": [0.5, 0.5]},
								"east": {"uv": [101.5, 10], "uv_size": [9, 0.5]},
								"south": {"uv": [130.5, 103], "uv_size": [0.5, 0.5]},
								"west": {"uv": [101.5, 12], "uv_size": [9, 0.5]},
								"up": {"uv": [80.5, 30], "uv_size": [0.5, 9]},
								"down": {"uv": [82.5, 39], "uv_size": [0.5, -9]}
							}
						},
						{
							"origin": [-0.35021, -1.28559, -3.54687],
							"size": [0.0625, 0.1375, 3.0625],
							"pivot": [-0.28771, -0.96058, -0.48437],
							"rotation": [1, 0, -60],
							"uv": {
								"north": {"uv": [175.5, 58], "uv_size": [0.5, 0.5]},
								"east": {"uv": [122.5, 26], "uv_size": [3, 0.5]},
								"west": {"uv": [106.5, 50], "uv_size": [3, 0.5]},
								"down": {"uv": [102.5, 53], "uv_size": [0.5, -3]}
							}
						}
					]
				}
			]
		}
	]
}