{
	"format_version": "1.12.0",
	"minecraft:geometry": [
		{
			"description": {
				"identifier": "geometry.stock_carbon_bone_c5",
				"texture_width": 64,
				"texture_height": 64,
				"visible_bounds_width": 3,
				"visible_bounds_height": 2,
				"visible_bounds_offset": [0, 0, 0]
			},
			"bones": [
				{
					"name": "sanjiaotuo",
					"pivot": [0, 0.00938, -0.0125]
				},
				{
					"name": "plate3",
					"parent": "sanjiaotuo",
					"pivot": [-0.44627, -0.57038, 0.86974],
					"cubes": [
						{
							"origin": [-0.5, -1.64062, -2.875],
							"size": [0.125, 2, 5.3125],
							"uv": {
								"north": {"uv": [26, 26], "uv_size": [0.5, 2]},
								"east": {"uv": [0, 0], "uv_size": [5.5, 2]},
								"west": {"uv": [0, 3], "uv_size": [5.5, 2]},
								"up": {"uv": [15, 13], "uv_size": [0.5, 5.5]},
								"down": {"uv": [16, 5.5], "uv_size": [0.5, -5.5]}
							}
						},
						{
							"origin": [-0.5, 0.35034, 3.0684],
							"size": [0.125, 0.1875, 0.375],
							"pivot": [0, 0.56909, 0.53715],
							"rotation": [-45, 0, 0],
							"uv": {
								"east": {"uv": [29, 36], "uv_size": [0.5, 0.5]},
								"west": {"uv": [36, 34], "uv_size": [0.5, 0.5]},
								"down": {"uv": [36, 36.5], "uv_size": [0.5, -0.5]}
							}
						},
						{
							"origin": [-0.625, -1.51562, -2.875],
							"size": [0.125, 1.75, 5.5625],
							"uv": {
								"north": {"uv": [0, 27], "uv_size": [0.5, 2]},
								"east": {"uv": [0, 6], "uv_size": [5.5, 2]},
								"south": {"uv": [27, 0], "uv_size": [0.5, 2]}
							}
						},
						{
							"origin": [-0.11298, -0.02949, -2.875],
							"size": [0.125, 0.1767, 5.3125],
							"pivot": [-0.05048, 0.72051, 2.15625],
							"rotation": [0, 0, 45],
							"uv": {
								"north": {"uv": [2, 37], "uv_size": [0.5, 0.5]},
								"east": {"uv": [15, 7], "uv_size": [5.5, 0.5]},
								"south": {"uv": [18, 37], "uv_size": [0.5, 0.5]},
								"up": {"uv": [2, 16], "uv_size": [0.5, 5.5]}
							}
						},
						{
							"origin": [-0.94695, -0.73837, -2.875],
							"size": [0.125, 0.1767, 5.3125],
							"pivot": [0.36555, -0.65002, -0.21875],
							"rotation": [0, 0, -45],
							"uv": {
								"north": {"uv": [37, 24], "uv_size": [0.5, 0.5]},
								"east": {"uv": [17, 13], "uv_size": [5.5, 0.5]},
								"south": {"uv": [37, 26], "uv_size": [0.5, 0.5]},
								"down": {"uv": [4, 21.5], "uv_size": [0.5, -5.5]}
							}
						}
					]
				},
				{
					"name": "plate4",
					"parent": "sanjiaotuo",
					"pivot": [0.52995, -0.58066, 1.07384],
					"cubes": [
						{
							"origin": [0.375, -1.64062, -2.875],
							"size": [0.125, 2, 5.3125],
							"uv": {
								"north": {"uv": [27, 9], "uv_size": [0.5, 2]},
								"east": {"uv": [7, 0], "uv_size": [5.5, 2]},
								"west": {"uv": [7, 3], "uv_size": [5.5, 2]},
								"up": {"uv": [17, 15], "uv_size": [0.5, 5.5]},
								"down": {"uv": [18, 5.5], "uv_size": [0.5, -5.5]}
							}
						},
						{
							"origin": [0.375, 0.35034, 3.0684],
							"size": [0.125, 0.1875, 0.375],
							"pivot": [0, 0.56909, 0.53715],
							"rotation": [-45, 0, 0],
							"uv": {
								"east": {"uv": [37, 28], "uv_size": [0.5, 0.5]},
								"west": {"uv": [37, 30], "uv_size": [0.5, 0.5]},
								"down": {"uv": [31, 37.5], "uv_size": [0.5, -0.5]}
							}
						},
						{
							"origin": [0.5, -1.51562, -2.875],
							"size": [0.125, 1.75, 5],
							"uv": {
								"north": {"uv": [27, 12], "uv_size": [0.5, 2]},
								"south": {"uv": [17, 27], "uv_size": [0.5, 2]},
								"west": {"uv": [9, 6], "uv_size": [5, 2]}
							}
						},
						{
							"origin": [-0.6875, -1.39062, -2.5],
							"size": [1.375, 1.5, 1.5],
							"uv": {
								"north": {"uv": [21, 9], "uv_size": [1.5, 1.5]},
								"east": {"uv": [21, 17], "uv_size": [1.5, 1.5]},
								"south": {"uv": [21, 20], "uv_size": [1.5, 1.5]},
								"west": {"uv": [22, 6], "uv_size": [1.5, 1.5]},
								"up": {"uv": [2, 23], "uv_size": [1.5, 1.5]},
								"down": {"uv": [5, 24.5], "uv_size": [1.5, -1.5]}
							}
						},
						{
							"origin": [-0.6875, -1.39062, -1],
							"size": [1.375, 1, 1.25],
							"uv": {
								"north": {"uv": [26, 4], "uv_size": [1.5, 1]},
								"east": {"uv": [26, 15], "uv_size": [1.5, 1]},
								"south": {"uv": [20, 26], "uv_size": [1.5, 1]},
								"west": {"uv": [23, 26], "uv_size": [1.5, 1]},
								"up": {"uv": [24, 9], "uv_size": [1.5, 1.5]},
								"down": {"uv": [24, 13.5], "uv_size": [1.5, -1.5]}
							}
						},
						{
							"origin": [-0.6875, -0.51567, -1.3749],
							"size": [1.375, 0.625, 0.375],
							"inflate": -0.0001,
							"pivot": [0.6874, 0.10923, -1],
							"rotation": [32.5, 0, 0],
							"uv": {
								"north": {"uv": [32, 11], "uv_size": [1.5, 0.5]},
								"east": {"uv": [24, 42], "uv_size": [0.5, 0.5]},
								"south": {"uv": [32, 13], "uv_size": [1.5, 0.5]},
								"west": {"uv": [26, 42], "uv_size": [0.5, 0.5]},
								"up": {"uv": [14, 32], "uv_size": [1.5, 0.5]},
								"down": {"uv": [32, 15.5], "uv_size": [1.5, -0.5]}
							}
						},
						{
							"origin": [-0.6875, -0.75493, -0.7402],
							"size": [1.375, 0.375, 0.125],
							"inflate": -0.0001,
							"pivot": [0, -0.44243, -0.8027],
							"rotation": [65, 0, 0],
							"uv": {
								"north": {"uv": [32, 25], "uv_size": [1.5, 0.5]},
								"east": {"uv": [42, 34], "uv_size": [0.5, 0.5]},
								"south": {"uv": [32, 27], "uv_size": [1.5, 0.5]},
								"west": {"uv": [36, 42], "uv_size": [0.5, 0.5]},
								"up": {"uv": [29, 32], "uv_size": [1.5, 0.5]},
								"down": {"uv": [32, 29.5], "uv_size": [1.5, -0.5]}
							}
						},
						{
							"origin": [-0.6875, -0.56947, -0.19908],
							"size": [1.375, 0.375, 0.125],
							"inflate": -0.0001,
							"pivot": [0, -0.38197, -0.13658],
							"rotation": [110, 0, 0],
							"uv": {
								"north": {"uv": [32, 31], "uv_size": [1.5, 0.5]},
								"east": {"uv": [42, 36], "uv_size": [0.5, 0.5]},
								"south": {"uv": [33, 0], "uv_size": [1.5, 0.5]},
								"west": {"uv": [38, 42], "uv_size": [0.5, 0.5]},
								"up": {"uv": [33, 2], "uv_size": [1.5, 0.5]},
								"down": {"uv": [33, 4.5], "uv_size": [1.5, -0.5]}
							}
						},
						{
							"origin": [-0.6875, -0.51567, 0.2499],
							"size": [1.375, 0.625, 0.375],
							"inflate": -0.0001,
							"pivot": [0.6874, 0.10923, 0.25],
							"rotation": [-32.5, 0, 0],
							"uv": {
								"north": {"uv": [32, 17], "uv_size": [1.5, 0.5]},
								"east": {"uv": [28, 42], "uv_size": [0.5, 0.5]},
								"south": {"uv": [32, 19], "uv_size": [1.5, 0.5]},
								"west": {"uv": [34, 42], "uv_size": [0.5, 0.5]},
								"up": {"uv": [32, 21], "uv_size": [1.5, 0.5]},
								"down": {"uv": [32, 23.5], "uv_size": [1.5, -0.5]}
							}
						},
						{
							"origin": [-0.6875, -1.26562, 1.75],
							"size": [1.375, 1.25, 0.125],
							"uv": {
								"north": {"uv": [8, 23], "uv_size": [1.5, 1.5]},
								"east": {"uv": [27, 31], "uv_size": [0.5, 1.5]},
								"south": {"uv": [21, 23], "uv_size": [1.5, 1.5]},
								"west": {"uv": [2, 32], "uv_size": [0.5, 1.5]},
								"up": {"uv": [4, 32], "uv_size": [1.5, 0.5]},
								"down": {"uv": [7, 32.5], "uv_size": [1.5, -0.5]}
							}
						},
						{
							"origin": [-0.6875, -0.07812, 1.67233],
							"size": [1.375, 0.125, 0.17678],
							"inflate": -0.0001,
							"pivot": [0, -0.01562, 1.78661],
							"rotation": [-45, 0, 0],
							"uv": {
								"north": {"uv": [33, 6], "uv_size": [1.5, 0.5]},
								"east": {"uv": [40, 42], "uv_size": [0.5, 0.5]},
								"south": {"uv": [33, 8], "uv_size": [1.5, 0.5]},
								"west": {"uv": [42, 40], "uv_size": [0.5, 0.5]},
								"up": {"uv": [32, 33], "uv_size": [1.5, 0.5]},
								"down": {"uv": [4, 34.5], "uv_size": [1.5, -0.5]}
							}
						},
						{
							"origin": [-0.6875, -1.32812, 1.67233],
							"size": [1.375, 0.125, 0.17678],
							"inflate": -0.0001,
							"pivot": [0, -1.26562, 1.78661],
							"rotation": [45, 0, 0],
							"uv": {
								"north": {"uv": [7, 34], "uv_size": [1.5, 0.5]},
								"east": {"uv": [42, 42], "uv_size": [0.5, 0.5]},
								"south": {"uv": [10, 34], "uv_size": [1.5, 0.5]},
								"west": {"uv": [2, 43], "uv_size": [0.5, 0.5]},
								"up": {"uv": [13, 34], "uv_size": [1.5, 0.5]},
								"down": {"uv": [16, 34.5], "uv_size": [1.5, -0.5]}
							}
						},
						{
							"origin": [-0.6875, -1.32812, -2.59911],
							"size": [1.375, 0.125, 0.17678],
							"inflate": -0.0001,
							"pivot": [0, -1.26562, -2.53661],
							"rotation": [-45, 0, 0],
							"uv": {
								"north": {"uv": [35, 16], "uv_size": [1.5, 0.5]},
								"east": {"uv": [43, 26], "uv_size": [0.5, 0.5]},
								"south": {"uv": [35, 18], "uv_size": [1.5, 0.5]},
								"west": {"uv": [43, 28], "uv_size": [0.5, 0.5]},
								"up": {"uv": [35, 20], "uv_size": [1.5, 0.5]},
								"down": {"uv": [35, 22.5], "uv_size": [1.5, -0.5]}
							}
						},
						{
							"origin": [-0.6875, -0.07812, -2.59911],
							"size": [1.375, 0.125, 0.17678],
							"inflate": -0.0001,
							"pivot": [0, -0.01562, -2.53661],
							"rotation": [45, 0, 0],
							"uv": {
								"north": {"uv": [27, 34], "uv_size": [1.5, 0.5]},
								"east": {"uv": [18, 43], "uv_size": [0.5, 0.5]},
								"south": {"uv": [35, 10], "uv_size": [1.5, 0.5]},
								"west": {"uv": [43, 24], "uv_size": [0.5, 0.5]},
								"up": {"uv": [35, 12], "uv_size": [1.5, 0.5]},
								"down": {"uv": [35, 14.5], "uv_size": [1.5, -0.5]}
							}
						},
						{
							"origin": [-0.6875, -1.26562, -2.625],
							"size": [1.375, 1.25, 0.125],
							"uv": {
								"north": {"uv": [5, 26], "uv_size": [1.5, 1.5]},
								"east": {"uv": [0, 33], "uv_size": [0.5, 1.5]},
								"south": {"uv": [8, 26], "uv_size": [1.5, 1.5]},
								"west": {"uv": [19, 34], "uv_size": [0.5, 1.5]},
								"up": {"uv": [21, 34], "uv_size": [1.5, 0.5]},
								"down": {"uv": [24, 34.5], "uv_size": [1.5, -0.5]}
							}
						},
						{
							"origin": [-0.6875, -1.39062, 0.25],
							"size": [1.375, 1.5, 1.5],
							"uv": {
								"north": {"uv": [17, 24], "uv_size": [1.5, 1.5]},
								"east": {"uv": [24, 17], "uv_size": [1.5, 1.5]},
								"south": {"uv": [24, 20], "uv_size": [1.5, 1.5]},
								"west": {"uv": [24, 23], "uv_size": [1.5, 1.5]},
								"up": {"uv": [25, 6], "uv_size": [1.5, 1.5]},
								"down": {"uv": [2, 27.5], "uv_size": [1.5, -1.5]}
							}
						},
						{
							"origin": [0.375, -1.64062, 2.4375],
							"size": [0.375, 2, 0.5625],
							"uv": {
								"north": {"uv": [27, 17], "uv_size": [0.5, 2]},
								"east": {"uv": [27, 20], "uv_size": [0.5, 2]},
								"south": {"uv": [27, 23], "uv_size": [0.5, 2]},
								"west": {"uv": [28, 6], "uv_size": [0.5, 2]},
								"up": {"uv": [37, 32], "uv_size": [0.5, 0.5]},
								"down": {"uv": [33, 37.5], "uv_size": [0.5, -0.5]}
							}
						},
						{
							"origin": [0.375, -1.89387, 3.20503],
							"size": [0.375, 0.25, 0.3125],
							"uv": {
								"east": {"uv": [0, 38], "uv_size": [0.5, 0.5]},
								"south": {"uv": [38, 0], "uv_size": [0.5, 0.5]},
								"west": {"uv": [38, 2], "uv_size": [0.5, 0.5]}
							}
						},
						{
							"origin": [0.375, -1.89387, 3.51753],
							"size": [0.375, 0.3125, 0.75],
							"inflate": -0.0001,
							"pivot": [0.75, -1.89387, 3.51753],
							"rotation": [57.5, 0, 0],
							"uv": {
								"north": {"uv": [30, 41], "uv_size": [0.5, 0.5]},
								"east": {"uv": [4, 36], "uv_size": [1, 0.5]},
								"south": {"uv": [41, 30], "uv_size": [0.5, 0.5]},
								"west": {"uv": [36, 4], "uv_size": [1, 0.5]},
								"up": {"uv": [6, 36], "uv_size": [0.5, 1]},
								"down": {"uv": [36, 7], "uv_size": [0.5, -1]}
							}
						},
						{
							"origin": [0.375, -1.26133, 3.5625],
							"size": [0.375, 0.9375, 0.35801],
							"uv": {
								"east": {"uv": [8, 36], "uv_size": [0.5, 1]},
								"south": {"uv": [36, 8], "uv_size": [0.5, 1]},
								"west": {"uv": [10, 36], "uv_size": [0.5, 1]}
							}
						},
						{
							"origin": [0.375, -1.64062, 3],
							"size": [0.375, 1.75, 0.5625],
							"inflate": 0.0001,
							"uv": {
								"east": {"uv": [31, 8], "uv_size": [0.5, 1.5]},
								"south": {"uv": [12, 31], "uv_size": [0.5, 1.5]},
								"west": {"uv": [19, 31], "uv_size": [0.5, 1.5]}
							}
						},
						{
							"origin": [0.375, -0.24416, 2.75004],
							"size": [0.375, 0.6035, 0.25],
							"pivot": [0.75, 0.35934, 3.00004],
							"rotation": [70, 0, 0],
							"uv": {
								"east": {"uv": [4, 38], "uv_size": [0.5, 0.5]},
								"south": {"uv": [38, 4], "uv_size": [0.5, 0.5]},
								"west": {"uv": [6, 38], "uv_size": [0.5, 0.5]},
								"up": {"uv": [38, 6], "uv_size": [0.5, 0.5]}
							}
						},
						{
							"origin": [0.375, -0.4405, 3.27027],
							"size": [0.375, 0.59343, 0.29734],
							"inflate": -0.0001,
							"pivot": [0.75, 0.15293, 3.56715],
							"rotation": [36.5, 0, 0],
							"uv": {
								"east": {"uv": [32, 41], "uv_size": [0.5, 0.5]},
								"south": {"uv": [41, 32], "uv_size": [0.5, 0.5]},
								"west": {"uv": [41, 38], "uv_size": [0.5, 0.5]},
								"up": {"uv": [0, 42], "uv_size": [0.5, 0.5]}
							}
						},
						{
							"origin": [0.375, -1.77405, 2.91457],
							"size": [0.375, 0.25, 0.416],
							"inflate": -0.0001,
							"pivot": [0.5625, -1.64905, 3.09132],
							"rotation": [-37.5, 0, 0],
							"uv": {
								"north": {"uv": [8, 38], "uv_size": [0.5, 0.5]},
								"east": {"uv": [38, 8], "uv_size": [0.5, 0.5]},
								"west": {"uv": [10, 38], "uv_size": [0.5, 0.5]},
								"down": {"uv": [38, 10.5], "uv_size": [0.5, -0.5]}
							}
						},
						{
							"origin": [-0.75, -0.24416, 2.75004],
							"size": [0.375, 0.6035, 0.25],
							"pivot": [-0.75, 0.35934, 3.00004],
							"rotation": [70, 0, 0],
							"uv": {
								"east": {"uv": [20, 42], "uv_size": [0.5, 0.5]},
								"south": {"uv": [42, 20], "uv_size": [0.5, 0.5]},
								"west": {"uv": [22, 42], "uv_size": [0.5, 0.5]},
								"up": {"uv": [42, 22], "uv_size": [0.5, 0.5]}
							}
						},
						{
							"origin": [-0.75, -1.64062, 3],
							"size": [0.375, 1.75, 0.5625],
							"inflate": 0.0001,
							"uv": {
								"east": {"uv": [21, 31], "uv_size": [0.5, 1.5]},
								"south": {"uv": [23, 31], "uv_size": [0.5, 1.5]},
								"west": {"uv": [25, 31], "uv_size": [0.5, 1.5]}
							}
						},
						{
							"origin": [-0.75, -0.4405, 3.27027],
							"size": [0.375, 0.59343, 0.29734],
							"inflate": -0.0001,
							"pivot": [-0.75, 0.15293, 3.56715],
							"rotation": [36.5, 0, 0],
							"uv": {
								"east": {"uv": [42, 14], "uv_size": [0.5, 0.5]},
								"south": {"uv": [16, 42], "uv_size": [0.5, 0.5]},
								"west": {"uv": [42, 16], "uv_size": [0.5, 0.5]},
								"up": {"uv": [42, 18], "uv_size": [0.5, 0.5]}
							}
						},
						{
							"origin": [-0.75, -1.26133, 3.5625],
							"size": [0.375, 0.9375, 0.35801],
							"uv": {
								"east": {"uv": [23, 36], "uv_size": [0.5, 1]},
								"south": {"uv": [25, 36], "uv_size": [0.5, 1]},
								"west": {"uv": [27, 36], "uv_size": [0.5, 1]}
							}
						},
						{
							"origin": [-0.75, -1.89387, 3.51753],
							"size": [0.375, 0.3125, 0.75],
							"inflate": -0.0001,
							"pivot": [-0.75, -1.89387, 3.51753],
							"rotation": [57.5, 0, 0],
							"uv": {
								"north": {"uv": [42, 12], "uv_size": [0.5, 0.5]},
								"east": {"uv": [12, 36], "uv_size": [1, 0.5]},
								"south": {"uv": [14, 42], "uv_size": [0.5, 0.5]},
								"west": {"uv": [14, 36], "uv_size": [1, 0.5]},
								"up": {"uv": [16, 36], "uv_size": [0.5, 1]},
								"down": {"uv": [21, 37], "uv_size": [0.5, -1]}
							}
						},
						{
							"origin": [-0.75, -1.89387, 3.20503],
							"size": [0.375, 0.25, 0.3125],
							"uv": {
								"east": {"uv": [10, 42], "uv_size": [0.5, 0.5]},
								"south": {"uv": [42, 10], "uv_size": [0.5, 0.5]},
								"west": {"uv": [12, 42], "uv_size": [0.5, 0.5]}
							}
						},
						{
							"origin": [-0.75, -1.77405, 2.91457],
							"size": [0.375, 0.25, 0.416],
							"inflate": -0.0001,
							"pivot": [-0.5625, -1.64905, 3.09132],
							"rotation": [-37.5, 0, 0],
							"uv": {
								"north": {"uv": [6, 42], "uv_size": [0.5, 0.5]},
								"east": {"uv": [42, 6], "uv_size": [0.5, 0.5]},
								"west": {"uv": [8, 42], "uv_size": [0.5, 0.5]},
								"down": {"uv": [42, 8.5], "uv_size": [0.5, -0.5]}
							}
						},
						{
							"origin": [0.40664, -1.51562, 1.84316],
							"size": [0.25, 1.875, 0.6875],
							"inflate": -0.0001,
							"pivot": [0.46914, -0.70312, 2.24941],
							"rotation": [0, 22.5, 0],
							"uv": {
								"north": {"uv": [19, 28], "uv_size": [0.5, 2]},
								"east": {"uv": [21, 28], "uv_size": [0.5, 2]},
								"west": {"uv": [23, 28], "uv_size": [0.5, 2]},
								"up": {"uv": [12, 38], "uv_size": [0.5, 0.5]},
								"down": {"uv": [38, 12.5], "uv_size": [0.5, -0.5]}
							}
						},
						{
							"origin": [-0.65664, -1.51562, 1.84316],
							"size": [0.25, 1.875, 0.6875],
							"inflate": -0.0001,
							"pivot": [-0.46914, -0.70312, 2.24941],
							"rotation": [0, -22.5, 0],
							"uv": {
								"north": {"uv": [8, 29], "uv_size": [0.5, 2]},
								"east": {"uv": [29, 9], "uv_size": [0.5, 2]},
								"west": {"uv": [10, 29], "uv_size": [0.5, 2]},
								"up": {"uv": [4, 42], "uv_size": [0.5, 0.5]},
								"down": {"uv": [42, 4.5], "uv_size": [0.5, -0.5]}
							}
						},
						{
							"origin": [-0.75, -1.64062, 2.4375],
							"size": [0.375, 2, 0.5625],
							"uv": {
								"north": {"uv": [2, 29], "uv_size": [0.5, 2]},
								"east": {"uv": [29, 3], "uv_size": [0.5, 2]},
								"south": {"uv": [4, 29], "uv_size": [0.5, 2]},
								"west": {"uv": [6, 29], "uv_size": [0.5, 2]},
								"up": {"uv": [42, 0], "uv_size": [0.5, 0.5]},
								"down": {"uv": [42, 2.5], "uv_size": [0.5, -0.5]}
							}
						},
						{
							"origin": [-0.01202, -0.02949, -2.875],
							"size": [0.125, 0.1767, 5.3125],
							"pivot": [0.05048, 0.72051, 2.15625],
							"rotation": [0, 0, -45],
							"uv": {
								"north": {"uv": [14, 38], "uv_size": [0.5, 0.5]},
								"south": {"uv": [38, 14], "uv_size": [0.5, 0.5]},
								"west": {"uv": [6, 19], "uv_size": [5.5, 0.5]},
								"up": {"uv": [13, 19], "uv_size": [0.5, 5.5]}
							}
						},
						{
							"origin": [0.82195, -0.73837, -2.875],
							"size": [0.125, 0.1767, 5.3125],
							"pivot": [-0.36555, -0.65002, -0.21875],
							"rotation": [0, 0, 45],
							"uv": {
								"north": {"uv": [16, 38], "uv_size": [0.5, 0.5]},
								"south": {"uv": [38, 16], "uv_size": [0.5, 0.5]},
								"west": {"uv": [19, 15], "uv_size": [5.5, 0.5]},
								"down": {"uv": [19, 22.5], "uv_size": [0.5, -5.5]}
							}
						}
					]
				},
				{
					"name": "group9",
					"parent": "sanjiaotuo",
					"pivot": [0.09801, -1.83291, 3.45285],
					"cubes": [
						{
							"origin": [-0.375, -1.32364, 1.69844],
							"size": [0.75, 0.625, 1.375],
							"pivot": [0, -0.04239, -1.20781],
							"rotation": [-5, 0, 0],
							"uv": {
								"east": {"uv": [12, 29], "uv_size": [1.5, 0.5]},
								"west": {"uv": [29, 12], "uv_size": [1.5, 0.5]},
								"up": {"uv": [13, 26], "uv_size": [1, 1.5]},
								"down": {"uv": [15, 27.5], "uv_size": [1, -1.5]}
							}
						},
						{
							"origin": [-0.375, -4.16573, 0.72424],
							"size": [0.75, 0.4375, 5.375],
							"pivot": [0, -3.94698, 5.41174],
							"rotation": [-45, 0, 0],
							"uv": {
								"north": {"uv": [10, 32], "uv_size": [1, 0.5]},
								"east": {"uv": [20, 0], "uv_size": [5.5, 0.5]},
								"west": {"uv": [20, 2], "uv_size": [5.5, 0.5]},
								"up": {"uv": [2, 9], "uv_size": [1, 5.5]},
								"down": {"uv": [4, 14.5], "uv_size": [1, -5.5]}
							}
						},
						{
							"origin": [-0.375, -4.5878, 5.7432],
							"size": [0.75, 0.375, 1.1875],
							"uv": {
								"east": {"uv": [30, 34], "uv_size": [1, 0.5]},
								"west": {"uv": [2, 35], "uv_size": [1, 0.5]},
								"up": {"uv": [17, 22], "uv_size": [1, 1]},
								"down": {"uv": [28, 27], "uv_size": [1, -1]}
							}
						},
						{
							"origin": [-0.375, -1.64062, -2.875],
							"size": [0.75, 0.6875, 4.875],
							"uv": {
								"east": {"uv": [20, 4], "uv_size": [5, 0.5]},
								"south": {"uv": [35, 24], "uv_size": [1, 0.5]},
								"west": {"uv": [6, 21], "uv_size": [5, 0.5]},
								"up": {"uv": [9, 13], "uv_size": [1, 5]},
								"down": {"uv": [11, 18], "uv_size": [1, -5]}
							}
						},
						{
							"origin": [-0.375, -1.64062, -3.5625],
							"size": [0.75, 2.0625, 0.6875],
							"uv": {
								"north": {"uv": [11, 23], "uv_size": [1, 2]},
								"east": {"uv": [28, 28], "uv_size": [0.5, 2]},
								"south": {"uv": [11, 26], "uv_size": [1, 2]},
								"west": {"uv": [29, 0], "uv_size": [0.5, 2]},
								"up": {"uv": [35, 26], "uv_size": [1, 0.5]},
								"down": {"uv": [35, 28.5], "uv_size": [1, -0.5]}
							}
						},
						{
							"origin": [-0.375, -4.29791, 7.3057],
							"size": [0.75, 4.46011, 0.36391],
							"inflate": 0.0001,
							"pivot": [0.375, 0.1622, 7.6807],
							"rotation": [-5.5, 0, 0],
							"uv": {
								"north": {"uv": [13, 13], "uv_size": [1, 4.5]},
								"east": {"uv": [15, 20], "uv_size": [0.5, 4.5]},
								"south": {"uv": [14, 0], "uv_size": [1, 4.5]},
								"west": {"uv": [0, 21], "uv_size": [0.5, 4.5]}
							}
						},
						{
							"origin": [-0.375, -0.20837, 6.66109],
							"size": [0.75, 0.28, 0.5],
							"pivot": [0, 0.60413, 6.97359],
							"rotation": [45, 0, 0],
							"uv": {
								"north": {"uv": [35, 30], "uv_size": [1, 0.5]},
								"east": {"uv": [38, 18], "uv_size": [0.5, 0.5]},
								"south": {"uv": [32, 35], "uv_size": [1, 0.5]},
								"west": {"uv": [20, 38], "uv_size": [0.5, 0.5]},
								"up": {"uv": [35, 32], "uv_size": [1, 0.5]}
							}
						},
						{
							"origin": [-0.375, -4.54898, 6.64945],
							"size": [0.75, 0.4405, 0.375],
							"pivot": [0, -4.45523, 6.9307],
							"rotation": [-45, 0, 0],
							"uv": {
								"north": {"uv": [34, 35], "uv_size": [1, 0.5]},
								"east": {"uv": [38, 20], "uv_size": [0.5, 0.5]},
								"south": {"uv": [0, 36], "uv_size": [1, 0.5]},
								"west": {"uv": [22, 38], "uv_size": [0.5, 0.5]},
								"up": {"uv": [36, 0], "uv_size": [1, 0.5]}
							}
						},
						{
							"origin": [0.375, -0.07812, -3.5],
							"size": [0.375, 0.125, 0.625],
							"uv": {
								"north": {"uv": [38, 22], "uv_size": [0.5, 0.5]},
								"south": {"uv": [24, 38], "uv_size": [0.5, 0.5]},
								"west": {"uv": [26, 38], "uv_size": [0.5, 0.5]},
								"up": {"uv": [28, 38], "uv_size": [0.5, 0.5]},
								"down": {"uv": [38, 34.5], "uv_size": [0.5, -0.5]}
							}
						},
						{
							"origin": [0.375, -0.20312, -3.5],
							"size": [0.3125, 0.125, 0.625],
							"uv": {
								"north": {"uv": [35, 38], "uv_size": [0.5, 0.5]},
								"south": {"uv": [38, 36], "uv_size": [0.5, 0.5]},
								"west": {"uv": [37, 38], "uv_size": [0.5, 0.5]},
								"down": {"uv": [2, 39.5], "uv_size": [0.5, -0.5]}
							}
						},
						{
							"origin": [0.375, -0.70312, -3.5],
							"size": [0.3125, 0.25, 0.625],
							"uv": {
								"north": {"uv": [18, 39], "uv_size": [0.5, 0.5]},
								"south": {"uv": [39, 24], "uv_size": [0.5, 0.5]},
								"west": {"uv": [39, 26], "uv_size": [0.5, 0.5]},
								"up": {"uv": [39, 28], "uv_size": [0.5, 0.5]},
								"down": {"uv": [30, 39.5], "uv_size": [0.5, -0.5]}
							}
						},
						{
							"origin": [0.375, -0.45312, -3],
							"size": [0.3125, 0.25, 0.125],
							"uv": {
								"north": {"uv": [39, 30], "uv_size": [0.5, 0.5]},
								"south": {"uv": [32, 39], "uv_size": [0.5, 0.5]},
								"west": {"uv": [39, 32], "uv_size": [0.5, 0.5]}
							}
						},
						{
							"origin": [-0.75, -0.54687, 1.34375],
							"size": [1.5, 0.3125, 0.3125],
							"pivot": [0, -0.39062, 1.5],
							"rotation": [45, 0, 0],
							"uv": {
								"north": {"uv": [29, 14], "uv_size": [1.5, 0.5]},
								"east": {"uv": [39, 38], "uv_size": [0.5, 0.5]},
								"south": {"uv": [29, 16], "uv_size": [1.5, 0.5]},
								"west": {"uv": [0, 40], "uv_size": [0.5, 0.5]},
								"up": {"uv": [29, 18], "uv_size": [1.5, 0.5]},
								"down": {"uv": [29, 20.5], "uv_size": [1.5, -0.5]}
							}
						},
						{
							"origin": [-0.75, -0.54687, -2.03125],
							"size": [1.5, 0.3125, 0.3125],
							"pivot": [0, -0.39062, -1.875],
							"rotation": [45, 0, 0],
							"uv": {
								"north": {"uv": [29, 22], "uv_size": [1.5, 0.5]},
								"east": {"uv": [40, 0], "uv_size": [0.5, 0.5]},
								"south": {"uv": [29, 24], "uv_size": [1.5, 0.5]},
								"west": {"uv": [40, 2], "uv_size": [0.5, 0.5]},
								"up": {"uv": [25, 29], "uv_size": [1.5, 0.5]},
								"down": {"uv": [30, 6.5], "uv_size": [1.5, -0.5]}
							}
						}
					]
				},
				{
					"name": "octagon3",
					"parent": "group9",
					"pivot": [0, -0.39062, -14.1875],
					"cubes": [
						{
							"origin": [-0.11184, 0.42188, -3.4575],
							"size": [0.22368, 0.375, 0.54],
							"pivot": [0, 1.54688, -3.1875],
							"rotation": [0, -45, 0],
							"uv": {
								"north": {"uv": [4, 40], "uv_size": [0.5, 0.5]},
								"south": {"uv": [40, 4], "uv_size": [0.5, 0.5]},
								"up": {"uv": [6, 40], "uv_size": [0.5, 0.5]},
								"down": {"uv": [40, 6.5], "uv_size": [0.5, -0.5]}
							}
						},
						{
							"origin": [-0.11184, 0.42188, -3.4575],
							"size": [0.22368, 0.375, 0.54],
							"uv": {
								"north": {"uv": [8, 40], "uv_size": [0.5, 0.5]},
								"south": {"uv": [40, 8], "uv_size": [0.5, 0.5]},
								"up": {"uv": [10, 40], "uv_size": [0.5, 0.5]}
							}
						},
						{
							"origin": [-0.27, 0.42188, -3.29934],
							"size": [0.54, 0.375, 0.22368],
							"pivot": [0, 1.54688, -3.1875],
							"rotation": [0, -45, 0],
							"uv": {
								"east": {"uv": [40, 10], "uv_size": [0.5, 0.5]},
								"west": {"uv": [12, 40], "uv_size": [0.5, 0.5]},
								"up": {"uv": [40, 12], "uv_size": [0.5, 0.5]},
								"down": {"uv": [14, 40.5], "uv_size": [0.5, -0.5]}
							}
						},
						{
							"origin": [-0.27, 0.42188, -3.29934],
							"size": [0.54, 0.375, 0.22368],
							"uv": {
								"east": {"uv": [40, 14], "uv_size": [0.5, 0.5]},
								"west": {"uv": [16, 40], "uv_size": [0.5, 0.5]},
								"up": {"uv": [40, 16], "uv_size": [0.5, 0.5]}
							}
						}
					]
				},
				{
					"name": "octagon4",
					"parent": "group9",
					"pivot": [0, -0.39062, -14.1875],
					"cubes": [
						{
							"origin": [-0.67434, -1.32812, -3.5825],
							"size": [0.22368, 1.625, 0.54],
							"pivot": [-0.5625, 1.54688, -3.3125],
							"rotation": [0, -45, 0],
							"uv": {
								"north": {"uv": [15, 29], "uv_size": [0.5, 1.5]},
								"south": {"uv": [0, 30], "uv_size": [0.5, 1.5]},
								"up": {"uv": [40, 18], "uv_size": [0.5, 0.5]},
								"down": {"uv": [20, 40.5], "uv_size": [0.5, -0.5]}
							}
						},
						{
							"origin": [-0.67434, 0.29688, -3.395],
							"size": [0.22368, 0.0625, 0.2275],
							"pivot": [-0.5625, 1.54688, -3.3125],
							"rotation": [0, -45, 0],
							"uv": {
								"north": {"uv": [40, 20], "uv_size": [0.5, 0.5]},
								"east": {"uv": [22, 40], "uv_size": [0.5, 0.5]},
								"south": {"uv": [40, 22], "uv_size": [0.5, 0.5]},
								"west": {"uv": [24, 40], "uv_size": [0.5, 0.5]},
								"up": {"uv": [26, 40], "uv_size": [0.5, 0.5]}
							}
						},
						{
							"origin": [0.02403, -0.45312, -4.29519],
							"size": [0.22368, 0.25, 0.2275],
							"pivot": [-0.80163, 1.23438, -3.33769],
							"rotation": [0, -45, 0],
							"uv": {
								"north": {"uv": [28, 40], "uv_size": [0.5, 0.5]},
								"east": {"uv": [34, 40], "uv_size": [0.5, 0.5]},
								"south": {"uv": [40, 34], "uv_size": [0.5, 0.5]},
								"west": {"uv": [36, 40], "uv_size": [0.5, 0.5]},
								"up": {"uv": [40, 36], "uv_size": [0.5, 0.5]},
								"down": {"uv": [38, 40.5], "uv_size": [0.5, -0.5]}
							}
						},
						{
							"origin": [-0.67434, -1.32812, -3.5825],
							"size": [0.22368, 1.625, 0.54],
							"uv": {
								"north": {"uv": [17, 30], "uv_size": [0.5, 1.5]},
								"south": {"uv": [30, 26], "uv_size": [0.5, 1.5]},
								"up": {"uv": [40, 40], "uv_size": [0.5, 0.5]},
								"down": {"uv": [2, 41.5], "uv_size": [0.5, -0.5]}
							}
						},
						{
							"origin": [-0.8325, -1.32812, -3.42434],
							"size": [0.54, 1.625, 0.22368],
							"pivot": [-0.5625, 1.54688, -3.3125],
							"rotation": [0, -45, 0],
							"uv": {
								"east": {"uv": [30, 29], "uv_size": [0.5, 1.5]},
								"west": {"uv": [31, 0], "uv_size": [0.5, 1.5]},
								"up": {"uv": [18, 41], "uv_size": [0.5, 0.5]},
								"down": {"uv": [41, 24.5], "uv_size": [0.5, -0.5]}
							}
						},
						{
							"origin": [-0.8325, -1.32812, -3.42434],
							"size": [0.54, 1.625, 0.22368],
							"uv": {
								"east": {"uv": [31, 3], "uv_size": [0.5, 1.5]},
								"up": {"uv": [41, 26], "uv_size": [0.5, 0.5]},
								"down": {"uv": [41, 28.5], "uv_size": [0.5, -0.5]}
							}
						},
						{
							"origin": [-0.375, -0.01562, -2.875],
							"size": [0.75, 0.375, 10.36],
							"uv": {
								"east": {"uv": [9, 9], "uv_size": [10.5, 0.5]},
								"south": {"uv": [36, 2], "uv_size": [1, 0.5]},
								"west": {"uv": [9, 11], "uv_size": [10.5, 0.5]},
								"up": {"uv": [7, 6], "uv_size": [1, 10.5]},
								"down": {"uv": [0, 19.5], "uv_size": [1, -10.5]}
							}
						}
					]
				}
			]
		}
	]
}