{
	"format_version": "1.12.0",
	"minecraft:geometry": [
		{
			"description": {
				"identifier": "geometry.unknown",
				"texture_width": 256,
				"texture_height": 256,
				"visible_bounds_width": 4,
				"visible_bounds_height": 2.5,
				"visible_bounds_offset": [0, 0.75, 0]
			},
			"bones": [
				{
					"name": "64xy",
					"pivot": [0, 0, 0.21875]
				},
				{
					"name": "bone8",
					"parent": "64xy",
					"pivot": [0.25, 0.75, 8.96875],
					"cubes": [
						{
							"origin": [-0.4375, 0.89829, 8.40625],
							"size": [0.875, 0.20343, 1.0625],
							"uv": {
								"north": {"uv": [16, 117], "uv_size": [1, 0.5]},
								"east": {"uv": [117, 16], "uv_size": [1, 0.5]},
								"south": {"uv": [117, 18], "uv_size": [1, 0.5]},
								"west": {"uv": [117, 20], "uv_size": [1, 0.5]},
								"up": {"uv": [93, 68], "uv_size": [1, 1]},
								"down": {"uv": [93, 71], "uv_size": [1, -1]}
							}
						},
						{
							"origin": [-0.4375, 1.10171, 8.96875],
							"size": [0.125, 0.64093, 0.5],
							"inflate": 0.0001,
							"uv": {
								"north": {"uv": [140, 50], "uv_size": [0.5, 0.5]},
								"east": {"uv": [52, 140], "uv_size": [0.5, 0.5]},
								"south": {"uv": [56, 140], "uv_size": [0.5, 0.5]},
								"west": {"uv": [140, 56], "uv_size": [0.5, 0.5]},
								"up": {"uv": [58, 140], "uv_size": [0.5, 0.5]},
								"down": {"uv": [64, 140.5], "uv_size": [0.5, -0.5]}
							}
						},
						{
							"origin": [-0.3125, 1.10171, 9.09375],
							"size": [0.1875, 0.57843, 0.1875],
							"uv": {
								"north": {"uv": [141, 36], "uv_size": [0.5, 0.5]},
								"east": {"uv": [141, 40], "uv_size": [0.5, 0.5]},
								"south": {"uv": [141, 42], "uv_size": [0.5, 0.5]},
								"west": {"uv": [141, 44], "uv_size": [0.5, 0.5]},
								"up": {"uv": [141, 46], "uv_size": [0.5, 0.5]},
								"down": {"uv": [141, 48.5], "uv_size": [0.5, -0.5]}
							}
						},
						{
							"origin": [0.125, 1.10171, 9.09375],
							"size": [0.1875, 0.57843, 0.1875],
							"uv": {
								"north": {"uv": [141, 74], "uv_size": [0.5, 0.5]},
								"east": {"uv": [76, 141], "uv_size": [0.5, 0.5]},
								"south": {"uv": [78, 141], "uv_size": [0.5, 0.5]},
								"west": {"uv": [80, 141], "uv_size": [0.5, 0.5]},
								"up": {"uv": [82, 141], "uv_size": [0.5, 0.5]},
								"down": {"uv": [84, 141.5], "uv_size": [0.5, -0.5]}
							}
						},
						{
							"origin": [0.22633, 1.10171, 9.1875],
							"size": [0.1875, 0.57843, 0.1875],
							"pivot": [0.32008, 1.39093, 9.28125],
							"rotation": [0, -45, 0],
							"uv": {
								"east": {"uv": [98, 141], "uv_size": [0.5, 0.5]},
								"south": {"uv": [100, 141], "uv_size": [0.5, 0.5]},
								"up": {"uv": [141, 112], "uv_size": [0.5, 0.5]},
								"down": {"uv": [115, 141.5], "uv_size": [0.5, -0.5]}
							}
						},
						{
							"origin": [-0.41383, 1.10171, 9.1875],
							"size": [0.1875, 0.57843, 0.1875],
							"pivot": [-0.32008, 1.39093, 9.28125],
							"rotation": [0, 45, 0],
							"uv": {
								"south": {"uv": [130, 141], "uv_size": [0.5, 0.5]},
								"west": {"uv": [141, 131], "uv_size": [0.5, 0.5]},
								"up": {"uv": [141, 133], "uv_size": [0.5, 0.5]},
								"down": {"uv": [141, 135.5], "uv_size": [0.5, -0.5]}
							}
						},
						{
							"origin": [-0.125, 1.10171, 9.09375],
							"size": [0.25, 0.51593, 0.1875],
							"uv": {
								"north": {"uv": [141, 84], "uv_size": [0.5, 0.5]},
								"east": {"uv": [86, 141], "uv_size": [0.5, 0.5]},
								"south": {"uv": [141, 86], "uv_size": [0.5, 0.5]},
								"west": {"uv": [90, 141], "uv_size": [0.5, 0.5]},
								"up": {"uv": [141, 90], "uv_size": [0.5, 0.5]},
								"down": {"uv": [94, 141.5], "uv_size": [0.5, -0.5]}
							}
						},
						{
							"origin": [-0.3125, 1.63898, 9.18187],
							"size": [0.1875, 0.13258, 0.13258],
							"pivot": [0, 1.76593, 9.1875],
							"rotation": [-45, 0, 0],
							"uv": {
								"north": {"uv": [141, 54], "uv_size": [0.5, 0.5]},
								"east": {"uv": [141, 58], "uv_size": [0.5, 0.5]},
								"south": {"uv": [60, 141], "uv_size": [0.5, 0.5]},
								"west": {"uv": [141, 60], "uv_size": [0.5, 0.5]},
								"up": {"uv": [62, 141], "uv_size": [0.5, 0.5]},
								"down": {"uv": [141, 62.5], "uv_size": [0.5, -0.5]}
							}
						},
						{
							"origin": [0.125, 1.63898, 9.18187],
							"size": [0.1875, 0.13258, 0.13258],
							"pivot": [0, 1.76593, 9.1875],
							"rotation": [-45, 0, 0],
							"uv": {
								"north": {"uv": [141, 64], "uv_size": [0.5, 0.5]},
								"east": {"uv": [66, 141], "uv_size": [0.5, 0.5]},
								"south": {"uv": [141, 68], "uv_size": [0.5, 0.5]},
								"west": {"uv": [70, 141], "uv_size": [0.5, 0.5]},
								"up": {"uv": [72, 141], "uv_size": [0.5, 0.5]},
								"down": {"uv": [141, 72.5], "uv_size": [0.5, -0.5]}
							}
						},
						{
							"origin": [-0.4375, 1.74264, 9.28125],
							"size": [0.125, 0.20343, 0.1875],
							"pivot": [-0.4375, 1.74264, 9.46875],
							"rotation": [45, 0, 0],
							"uv": {
								"north": {"uv": [140, 104], "uv_size": [0.5, 0.5]},
								"east": {"uv": [140, 106], "uv_size": [0.5, 0.5]},
								"south": {"uv": [107, 140], "uv_size": [0.5, 0.5]},
								"west": {"uv": [140, 108], "uv_size": [0.5, 0.5]},
								"up": {"uv": [109, 140], "uv_size": [0.5, 0.5]},
								"down": {"uv": [140, 110.5], "uv_size": [0.5, -0.5]}
							}
						},
						{
							"origin": [-0.4375, 1.72993, 9.01241],
							"size": [0.125, 0.15655, 0.3125],
							"inflate": 0.0002,
							"uv": {
								"north": {"uv": [111, 140], "uv_size": [0.5, 0.5]},
								"east": {"uv": [113, 140], "uv_size": [0.5, 0.5]},
								"south": {"uv": [140, 114], "uv_size": [0.5, 0.5]},
								"west": {"uv": [140, 116], "uv_size": [0.5, 0.5]},
								"up": {"uv": [118, 140], "uv_size": [0.5, 0.5]},
								"down": {"uv": [140, 118.5], "uv_size": [0.5, -0.5]}
							}
						},
						{
							"origin": [-0.4375, 1.10171, 8.40625],
							"size": [0.125, 0.20343, 0.5625],
							"inflate": 0.0001,
							"uv": {
								"north": {"uv": [140, 66], "uv_size": [0.5, 0.5]},
								"east": {"uv": [68, 140], "uv_size": [0.5, 0.5]},
								"south": {"uv": [140, 70], "uv_size": [0.5, 0.5]},
								"west": {"uv": [74, 140], "uv_size": [0.5, 0.5]},
								"up": {"uv": [140, 76], "uv_size": [0.5, 0.5]},
								"down": {"uv": [140, 78.5], "uv_size": [0.5, -0.5]}
							}
						},
						{
							"origin": [-0.3125, 1.16421, 8.34375],
							"size": [0.625, 0.14093, 0.75],
							"uv": {
								"north": {"uv": [141, 52], "uv_size": [0.5, 0.5]},
								"east": {"uv": [117, 22], "uv_size": [1, 0.5]},
								"south": {"uv": [54, 141], "uv_size": [0.5, 0.5]},
								"west": {"uv": [25, 117], "uv_size": [1, 0.5]},
								"up": {"uv": [117, 27], "uv_size": [0.5, 1]},
								"down": {"uv": [32, 118], "uv_size": [0.5, -1]}
							}
						},
						{
							"origin": [-0.4375, 1.30514, 8.40625],
							"size": [0.125, 0.51593, 0.1875],
							"pivot": [-0.4375, 1.30514, 8.40625],
							"rotation": [-70, 0, 0],
							"uv": {
								"north": {"uv": [140, 80], "uv_size": [0.5, 0.5]},
								"east": {"uv": [140, 82], "uv_size": [0.5, 0.5]},
								"south": {"uv": [88, 140], "uv_size": [0.5, 0.5]},
								"west": {"uv": [140, 88], "uv_size": [0.5, 0.5]},
								"up": {"uv": [92, 140], "uv_size": [0.5, 0.5]},
								"down": {"uv": [140, 92.5], "uv_size": [0.5, -0.5]}
							}
						},
						{
							"origin": [-0.4375, 1.30541, 8.76147],
							"size": [0.125, 0.55082, 0.19372],
							"pivot": [-0.4375, 1.30541, 8.95519],
							"rotation": [-25, 0, 0],
							"uv": {
								"north": {"uv": [96, 140], "uv_size": [0.5, 0.5]},
								"east": {"uv": [140, 96], "uv_size": [0.5, 0.5]},
								"south": {"uv": [140, 98], "uv_size": [0.5, 0.5]},
								"west": {"uv": [140, 100], "uv_size": [0.5, 0.5]},
								"up": {"uv": [102, 140], "uv_size": [0.5, 0.5]},
								"down": {"uv": [140, 102.5], "uv_size": [0.5, -0.5]}
							}
						},
						{
							"origin": [0.3125, 1.10171, 8.40625],
							"size": [0.125, 0.20343, 0.5625],
							"inflate": 0.0001,
							"uv": {
								"north": {"uv": [30, 141], "uv_size": [0.5, 0.5]},
								"east": {"uv": [141, 30], "uv_size": [0.5, 0.5]},
								"south": {"uv": [141, 32], "uv_size": [0.5, 0.5]},
								"west": {"uv": [34, 141], "uv_size": [0.5, 0.5]},
								"up": {"uv": [141, 34], "uv_size": [0.5, 0.5]},
								"down": {"uv": [36, 141.5], "uv_size": [0.5, -0.5]}
							}
						},
						{
							"origin": [0.3125, 1.30514, 8.40625],
							"size": [0.125, 0.51593, 0.1875],
							"pivot": [0.4375, 1.30514, 8.40625],
							"rotation": [-70, 0, 0],
							"uv": {
								"north": {"uv": [141, 16], "uv_size": [0.5, 0.5]},
								"east": {"uv": [141, 18], "uv_size": [0.5, 0.5]},
								"south": {"uv": [141, 20], "uv_size": [0.5, 0.5]},
								"west": {"uv": [141, 22], "uv_size": [0.5, 0.5]},
								"up": {"uv": [24, 141], "uv_size": [0.5, 0.5]},
								"down": {"uv": [141, 26.5], "uv_size": [0.5, -0.5]}
							}
						},
						{
							"origin": [0.3125, 1.30541, 8.76147],
							"size": [0.125, 0.55082, 0.19372],
							"pivot": [0.4375, 1.30541, 8.95519],
							"rotation": [-25, 0, 0],
							"uv": {
								"north": {"uv": [8, 141], "uv_size": [0.5, 0.5]},
								"east": {"uv": [141, 8], "uv_size": [0.5, 0.5]},
								"south": {"uv": [141, 10], "uv_size": [0.5, 0.5]},
								"west": {"uv": [14, 141], "uv_size": [0.5, 0.5]},
								"up": {"uv": [141, 14], "uv_size": [0.5, 0.5]},
								"down": {"uv": [16, 141.5], "uv_size": [0.5, -0.5]}
							}
						},
						{
							"origin": [0.3125, 1.10171, 8.96875],
							"size": [0.125, 0.64093, 0.5],
							"inflate": 0.0001,
							"uv": {
								"north": {"uv": [139, 140], "uv_size": [0.5, 0.5]},
								"east": {"uv": [0, 141], "uv_size": [0.5, 0.5]},
								"south": {"uv": [141, 2], "uv_size": [0.5, 0.5]},
								"west": {"uv": [4, 141], "uv_size": [0.5, 0.5]},
								"up": {"uv": [141, 4], "uv_size": [0.5, 0.5]},
								"down": {"uv": [141, 6.5], "uv_size": [0.5, -0.5]}
							}
						},
						{
							"origin": [0.3125, 1.74264, 9.28125],
							"size": [0.125, 0.20343, 0.1875],
							"pivot": [0.4375, 1.74264, 9.46875],
							"rotation": [45, 0, 0],
							"uv": {
								"north": {"uv": [140, 127], "uv_size": [0.5, 0.5]},
								"east": {"uv": [128, 140], "uv_size": [0.5, 0.5]},
								"south": {"uv": [133, 140], "uv_size": [0.5, 0.5]},
								"west": {"uv": [135, 140], "uv_size": [0.5, 0.5]},
								"up": {"uv": [137, 140], "uv_size": [0.5, 0.5]},
								"down": {"uv": [140, 138.5], "uv_size": [0.5, -0.5]}
							}
						},
						{
							"origin": [0.3125, 1.72993, 9.01241],
							"size": [0.125, 0.15655, 0.3125],
							"inflate": 0.0002,
							"uv": {
								"north": {"uv": [120, 140], "uv_size": [0.5, 0.5]},
								"east": {"uv": [140, 120], "uv_size": [0.5, 0.5]},
								"south": {"uv": [122, 140], "uv_size": [0.5, 0.5]},
								"west": {"uv": [124, 140], "uv_size": [0.5, 0.5]},
								"up": {"uv": [140, 125], "uv_size": [0.5, 0.5]},
								"down": {"uv": [126, 140.5], "uv_size": [0.5, -0.5]}
							}
						}
					]
				},
				{
					"name": "sight_illuminated",
					"parent": "64xy",
					"pivot": [0, 1.65625, -7.92187],
					"cubes": [
						{
							"origin": [-0.04688, 1.5625, -7.96874],
							"size": [0.09375, 0.25, 0.09375],
							"pivot": [0, 1.65625, -7.92187],
							"rotation": [0, 45, 0],
							"uv": {
								"north": {"uv": [141, 140], "uv_size": [0.5, 0.5]},
								"east": {"uv": [142, 0], "uv_size": [0.5, 0.5]},
								"south": {"uv": [2, 142], "uv_size": [0.5, 0.5]},
								"west": {"uv": [6, 142], "uv_size": [0.5, 0.5]},
								"up": {"uv": [10, 142], "uv_size": [0.5, 0.5]},
								"down": {"uv": [12, 142.5], "uv_size": [0.5, -0.5]}
							}
						}
					]
				},
				{
					"name": "bone9",
					"parent": "64xy",
					"pivot": [-0.10355, 1.48928, -7.21875],
					"cubes": [
						{
							"origin": [-0.40533, 2.29105, -8.28125],
							"size": [0.125, 0.375, 0.6875],
							"pivot": [-0.78033, 2.29105, -7.21875],
							"rotation": [0, 0, 45],
							"uv": {
								"north": {"uv": [142, 92], "uv_size": [0.5, 0.5]},
								"east": {"uv": [96, 142], "uv_size": [0.5, 0.5]},
								"south": {"uv": [142, 96], "uv_size": [0.5, 0.5]},
								"west": {"uv": [142, 98], "uv_size": [0.5, 0.5]}
							}
						},
						{
							"origin": [-0.0625, 1.375, -7.98437],
							"size": [0.125, 0.1875, 0.125],
							"pivot": [0, 1.53125, -7.92187],
							"rotation": [0, -45, 0],
							"uv": {
								"north": {"uv": [142, 12], "uv_size": [0.5, 0.5]},
								"east": {"uv": [18, 142], "uv_size": [0.5, 0.5]},
								"south": {"uv": [20, 142], "uv_size": [0.5, 0.5]},
								"west": {"uv": [22, 142], "uv_size": [0.5, 0.5]},
								"up": {"uv": [142, 24], "uv_size": [0.5, 0.5]}
							}
						},
						{
							"origin": [-0.25, 2.16605, -7.75],
							"size": [0.5, 0.12501, 0.15625],
							"uv": {
								"north": {"uv": [26, 142], "uv_size": [0.5, 0.5]},
								"east": {"uv": [28, 142], "uv_size": [0.5, 0.5]},
								"south": {"uv": [142, 28], "uv_size": [0.5, 0.5]},
								"up": {"uv": [32, 142], "uv_size": [0.5, 0.5]},
								"down": {"uv": [38, 142.5], "uv_size": [0.5, -0.5]}
							}
						},
						{
							"origin": [-0.25, 2.16605, -8.15625],
							"size": [0.0625, 0.12501, 0.4375],
							"uv": {
								"north": {"uv": [132, 142], "uv_size": [0.5, 0.5]},
								"east": {"uv": [134, 142], "uv_size": [0.5, 0.5]},
								"south": {"uv": [136, 142], "uv_size": [0.5, 0.5]},
								"west": {"uv": [142, 137], "uv_size": [0.5, 0.5]},
								"up": {"uv": [138, 142], "uv_size": [0.5, 0.5]},
								"down": {"uv": [140, 142.5], "uv_size": [0.5, -0.5]}
							}
						},
						{
							"origin": [-0.21339, 2.16605, -7.87232],
							"size": [0.09375, 0.12501, 0.17188],
							"pivot": [-0.15089, 2.22856, -7.79419],
							"rotation": [0, 45, 0],
							"uv": {
								"north": {"uv": [8, 143], "uv_size": [0.5, 0.5]},
								"east": {"uv": [143, 8], "uv_size": [0.5, 0.5]},
								"south": {"uv": [143, 10], "uv_size": [0.5, 0.5]},
								"west": {"uv": [14, 143], "uv_size": [0.5, 0.5]},
								"up": {"uv": [143, 14], "uv_size": [0.5, 0.5]},
								"down": {"uv": [16, 143.5], "uv_size": [0.5, -0.5]}
							}
						},
						{
							"origin": [0.11964, 2.16605, -7.87232],
							"size": [0.09375, 0.12501, 0.17188],
							"pivot": [0.15089, 2.22856, -7.79419],
							"rotation": [0, -45, 0],
							"uv": {
								"north": {"uv": [143, 16], "uv_size": [0.5, 0.5]},
								"east": {"uv": [143, 18], "uv_size": [0.5, 0.5]},
								"south": {"uv": [143, 20], "uv_size": [0.5, 0.5]},
								"west": {"uv": [143, 22], "uv_size": [0.5, 0.5]},
								"up": {"uv": [24, 143], "uv_size": [0.5, 0.5]},
								"down": {"uv": [143, 26.5], "uv_size": [0.5, -0.5]}
							}
						},
						{
							"origin": [0.11964, 2.16605, -8.17456],
							"size": [0.09375, 0.12501, 0.17188],
							"pivot": [0.15089, 2.22856, -8.08081],
							"rotation": [0, 45, 0],
							"uv": {
								"north": {"uv": [143, 36], "uv_size": [0.5, 0.5]},
								"east": {"uv": [143, 40], "uv_size": [0.5, 0.5]},
								"south": {"uv": [143, 42], "uv_size": [0.5, 0.5]},
								"west": {"uv": [143, 44], "uv_size": [0.5, 0.5]},
								"up": {"uv": [143, 46], "uv_size": [0.5, 0.5]},
								"down": {"uv": [143, 48.5], "uv_size": [0.5, -0.5]}
							}
						},
						{
							"origin": [-0.21339, 2.16605, -8.17456],
							"size": [0.09375, 0.12501, 0.17188],
							"pivot": [-0.15089, 2.22856, -8.08081],
							"rotation": [0, -45, 0],
							"uv": {
								"north": {"uv": [30, 143], "uv_size": [0.5, 0.5]},
								"east": {"uv": [143, 30], "uv_size": [0.5, 0.5]},
								"south": {"uv": [143, 32], "uv_size": [0.5, 0.5]},
								"west": {"uv": [34, 143], "uv_size": [0.5, 0.5]},
								"up": {"uv": [143, 34], "uv_size": [0.5, 0.5]},
								"down": {"uv": [36, 143.5], "uv_size": [0.5, -0.5]}
							}
						},
						{
							"origin": [0.1875, 2.16605, -8.15625],
							"size": [0.0625, 0.12501, 0.4375],
							"uv": {
								"north": {"uv": [142, 142], "uv_size": [0.5, 0.5]},
								"east": {"uv": [0, 143], "uv_size": [0.5, 0.5]},
								"south": {"uv": [143, 2], "uv_size": [0.5, 0.5]},
								"west": {"uv": [4, 143], "uv_size": [0.5, 0.5]},
								"up": {"uv": [143, 4], "uv_size": [0.5, 0.5]},
								"down": {"uv": [143, 6.5], "uv_size": [0.5, -0.5]}
							}
						},
						{
							"origin": [-0.25, 2.16605, -8.28125],
							"size": [0.5, 0.12501, 0.15625],
							"uv": {
								"north": {"uv": [123, 142], "uv_size": [0.5, 0.5]},
								"east": {"uv": [142, 124], "uv_size": [0.5, 0.5]},
								"south": {"uv": [125, 142], "uv_size": [0.5, 0.5]},
								"up": {"uv": [142, 126], "uv_size": [0.5, 0.5]},
								"down": {"uv": [127, 142.5], "uv_size": [0.5, -0.5]}
							}
						},
						{
							"origin": [-0.39645, 1.67678, -8.28125],
							"size": [0.125, 0.26563, 0.6875],
							"inflate": -0.0001,
							"pivot": [0.10355, 1.61428, -7.21875],
							"rotation": [0, 0, -45],
							"uv": {
								"north": {"uv": [142, 38], "uv_size": [0.5, 0.5]},
								"east": {"uv": [40, 142], "uv_size": [0.5, 0.5]},
								"south": {"uv": [42, 142], "uv_size": [0.5, 0.5]},
								"west": {"uv": [44, 142], "uv_size": [0.5, 0.5]}
							}
						},
						{
							"origin": [0.28033, 2.29105, -8.28125],
							"size": [0.12501, 0.375, 0.6875],
							"pivot": [0.78033, 2.29105, -7.21875],
							"rotation": [0, 0, -45],
							"uv": {
								"north": {"uv": [46, 142], "uv_size": [0.5, 0.5]},
								"east": {"uv": [48, 142], "uv_size": [0.5, 0.5]},
								"south": {"uv": [50, 142], "uv_size": [0.5, 0.5]},
								"west": {"uv": [142, 50], "uv_size": [0.5, 0.5]}
							}
						},
						{
							"origin": [0.39017, 1.52589, -8.28125],
							"size": [0.125, 0.5, 0.6875],
							"uv": {
								"north": {"uv": [52, 142], "uv_size": [0.5, 0.5]},
								"east": {"uv": [56, 142], "uv_size": [0.5, 0.5]},
								"south": {"uv": [142, 56], "uv_size": [0.5, 0.5]},
								"west": {"uv": [58, 142], "uv_size": [0.5, 0.5]},
								"up": {"uv": [64, 142], "uv_size": [0.5, 0.5]},
								"down": {"uv": [142, 66.5], "uv_size": [0.5, -0.5]}
							}
						},
						{
							"origin": [-0.51517, 0.83839, -8.28125],
							"size": [0.15534, 0.6875, 0.6875],
							"uv": {
								"north": {"uv": [142, 100], "uv_size": [0.5, 0.5]},
								"east": {"uv": [102, 142], "uv_size": [0.5, 0.5]},
								"south": {"uv": [142, 102], "uv_size": [0.5, 0.5]},
								"west": {"uv": [142, 104], "uv_size": [0.5, 0.5]},
								"up": {"uv": [106, 142], "uv_size": [0.5, 0.5]},
								"down": {"uv": [142, 106.5], "uv_size": [0.5, -0.5]}
							}
						},
						{
							"origin": [0.35983, 0.83839, -8.28125],
							"size": [0.15534, 0.6875, 0.6875],
							"uv": {
								"north": {"uv": [108, 142], "uv_size": [0.5, 0.5]},
								"east": {"uv": [142, 108], "uv_size": [0.5, 0.5]},
								"south": {"uv": [110, 142], "uv_size": [0.5, 0.5]},
								"west": {"uv": [142, 110], "uv_size": [0.5, 0.5]},
								"up": {"uv": [112, 142], "uv_size": [0.5, 0.5]},
								"down": {"uv": [142, 114.5], "uv_size": [0.5, -0.5]}
							}
						},
						{
							"origin": [0.42233, 1.03883, -8.125],
							"size": [0.15534, 0.4125, 0.4125],
							"pivot": [0.5, 1.24508, -7.91875],
							"rotation": [45, 0, 0],
							"uv": {
								"north": {"uv": [143, 52], "uv_size": [0.5, 0.5]},
								"east": {"uv": [54, 143], "uv_size": [0.5, 0.5]},
								"south": {"uv": [143, 54], "uv_size": [0.5, 0.5]},
								"west": {"uv": [143, 58], "uv_size": [0.5, 0.5]},
								"up": {"uv": [60, 143], "uv_size": [0.5, 0.5]},
								"down": {"uv": [143, 60.5], "uv_size": [0.5, -0.5]}
							}
						},
						{
							"origin": [-0.64017, 1.03883, -8.125],
							"size": [0.15534, 0.4125, 0.4125],
							"pivot": [-0.5625, 1.24508, -7.91875],
							"rotation": [45, 0, 0],
							"uv": {
								"north": {"uv": [62, 143], "uv_size": [0.5, 0.5]},
								"east": {"uv": [143, 62], "uv_size": [0.5, 0.5]},
								"south": {"uv": [143, 64], "uv_size": [0.5, 0.5]},
								"west": {"uv": [66, 143], "uv_size": [0.5, 0.5]},
								"up": {"uv": [143, 68], "uv_size": [0.5, 0.5]},
								"down": {"uv": [70, 143.5], "uv_size": [0.5, -0.5]}
							}
						},
						{
							"origin": [-0.35983, 0.90089, -8.28125],
							"size": [0.71784, 0.5, 0.6875],
							"uv": {
								"north": {"uv": [142, 116], "uv_size": [0.5, 0.5]},
								"east": {"uv": [117, 142], "uv_size": [0.5, 0.5]},
								"south": {"uv": [142, 118], "uv_size": [0.5, 0.5]},
								"west": {"uv": [119, 142], "uv_size": [0.5, 0.5]},
								"up": {"uv": [142, 120], "uv_size": [0.5, 0.5]},
								"down": {"uv": [121, 142.5], "uv_size": [0.5, -0.5]}
							}
						},
						{
							"origin": [-0.51517, 1.52589, -8.28125],
							"size": [0.125, 0.5, 0.6875],
							"uv": {
								"north": {"uv": [68, 142], "uv_size": [0.5, 0.5]},
								"east": {"uv": [142, 70], "uv_size": [0.5, 0.5]},
								"south": {"uv": [74, 142], "uv_size": [0.5, 0.5]},
								"west": {"uv": [142, 76], "uv_size": [0.5, 0.5]},
								"up": {"uv": [142, 78], "uv_size": [0.5, 0.5]},
								"down": {"uv": [142, 80.5], "uv_size": [0.5, -0.5]}
							}
						},
						{
							"origin": [0.27145, 1.67678, -8.28125],
							"size": [0.125, 0.26563, 0.6875],
							"inflate": -0.0001,
							"pivot": [-0.10355, 1.61428, -7.21875],
							"rotation": [0, 0, 45],
							"uv": {
								"north": {"uv": [142, 82], "uv_size": [0.5, 0.5]},
								"east": {"uv": [88, 142], "uv_size": [0.5, 0.5]},
								"south": {"uv": [142, 88], "uv_size": [0.5, 0.5]},
								"west": {"uv": [92, 142], "uv_size": [0.5, 0.5]}
							}
						}
					]
				},
				{
					"name": "dsasd",
					"parent": "64xy",
					"pivot": [0, 0, -0.78125],
					"rotation": [0, 0, -22.5],
					"cubes": [
						{
							"origin": [-0.41421, -1, -0.78125],
							"size": [0.82843, 2, 0.5],
							"pivot": [0, 0, -0.78125],
							"rotation": [0, 0, 45],
							"uv": {
								"north": {"uv": [63, 74], "uv_size": [1, 2]},
								"east": {"uv": [80, 91], "uv_size": [0.5, 2]},
								"south": {"uv": [0, 75], "uv_size": [1, 2]},
								"west": {"uv": [82, 91], "uv_size": [0.5, 2]},
								"up": {"uv": [114, 94], "uv_size": [1, 0.5]},
								"down": {"uv": [96, 114.5], "uv_size": [1, -0.5]}
							}
						},
						{
							"origin": [-0.41421, -1, -0.78125],
							"size": [0.82843, 2, 0.5],
							"uv": {
								"north": {"uv": [10, 75], "uv_size": [1, 2]},
								"east": {"uv": [87, 91], "uv_size": [0.5, 2]},
								"south": {"uv": [12, 75], "uv_size": [1, 2]},
								"west": {"uv": [91, 88], "uv_size": [0.5, 2]},
								"up": {"uv": [114, 98], "uv_size": [1, 0.5]},
								"down": {"uv": [100, 114.5], "uv_size": [1, -0.5]}
							}
						},
						{
							"origin": [-1, -0.41421, -0.78125],
							"size": [2, 0.82843, 0.5],
							"pivot": [0, 0, -0.78125],
							"rotation": [0, 0, 45],
							"uv": {
								"north": {"uv": [22, 75], "uv_size": [2, 1]},
								"east": {"uv": [114, 103], "uv_size": [0.5, 1]},
								"south": {"uv": [75, 28], "uv_size": [2, 1]},
								"west": {"uv": [105, 114], "uv_size": [0.5, 1]},
								"up": {"uv": [89, 91], "uv_size": [2, 0.5]},
								"down": {"uv": [92, 6.5], "uv_size": [2, -0.5]}
							}
						},
						{
							"origin": [-1, -0.41421, -0.78125],
							"size": [2, 0.82843, 0.5],
							"uv": {
								"north": {"uv": [33, 75], "uv_size": [2, 1]},
								"east": {"uv": [114, 105], "uv_size": [0.5, 1]},
								"south": {"uv": [36, 75], "uv_size": [2, 1]},
								"west": {"uv": [114, 107], "uv_size": [0.5, 1]},
								"up": {"uv": [92, 8], "uv_size": [2, 0.5]},
								"down": {"uv": [92, 38.5], "uv_size": [2, -0.5]}
							}
						}
					]
				},
				{
					"name": "dsasd3",
					"parent": "64xy",
					"pivot": [0, 0, -8.03125],
					"rotation": [0, 0, -22.5],
					"cubes": [
						{
							"origin": [-0.41421, 0.75, -8.28125],
							"size": [0.82843, 0.25, 0.75],
							"pivot": [0, 0, -8.03125],
							"rotation": [0, 0, 45],
							"uv": {
								"north": {"uv": [117, 32], "uv_size": [1, 0.5]},
								"east": {"uv": [117, 34], "uv_size": [1, 0.5]},
								"south": {"uv": [117, 36], "uv_size": [1, 0.5]},
								"west": {"uv": [37, 117], "uv_size": [1, 0.5]},
								"up": {"uv": [93, 72], "uv_size": [1, 1]},
								"down": {"uv": [93, 75], "uv_size": [1, -1]}
							}
						},
						{
							"origin": [-0.41421, 0.75, -8.28125],
							"size": [0.82843, 0.25, 0.75],
							"uv": {
								"north": {"uv": [117, 38], "uv_size": [1, 0.5]},
								"east": {"uv": [39, 117], "uv_size": [1, 0.5]},
								"south": {"uv": [117, 42], "uv_size": [1, 0.5]},
								"west": {"uv": [117, 44], "uv_size": [1, 0.5]},
								"up": {"uv": [84, 93], "uv_size": [1, 1]},
								"down": {"uv": [93, 87], "uv_size": [1, -1]}
							}
						},
						{
							"origin": [-1, 0.02329, -8.28125],
							"size": [0.25, 0.39093, 0.75],
							"pivot": [0, 0, -8.03125],
							"rotation": [0, 0, 45],
							"uv": {
								"north": {"uv": [72, 143], "uv_size": [0.5, 0.5]},
								"east": {"uv": [117, 46], "uv_size": [1, 0.5]},
								"south": {"uv": [143, 72], "uv_size": [0.5, 0.5]},
								"west": {"uv": [117, 48], "uv_size": [1, 0.5]},
								"up": {"uv": [117, 50], "uv_size": [0.5, 1]},
								"down": {"uv": [117, 55], "uv_size": [0.5, -1]}
							}
						},
						{
							"origin": [0.75, 0.02329, -8.28125],
							"size": [0.25, 0.39093, 0.75],
							"uv": {
								"north": {"uv": [143, 74], "uv_size": [0.5, 0.5]},
								"east": {"uv": [117, 56], "uv_size": [1, 0.5]},
								"south": {"uv": [76, 143], "uv_size": [0.5, 0.5]},
								"west": {"uv": [58, 117], "uv_size": [1, 0.5]},
								"up": {"uv": [117, 61], "uv_size": [0.5, 1]},
								"down": {"uv": [117, 64], "uv_size": [0.5, -1]}
							}
						}
					]
				},
				{
					"name": "dsasd4",
					"parent": "64xy",
					"pivot": [0, 0, -8.78125],
					"rotation": [0, 0, -22.5],
					"cubes": [
						{
							"origin": [-0.41421, 0.75, -9.28125],
							"size": [0.82843, 0.25, 1],
							"pivot": [0, 0, -8.78125],
							"rotation": [0, 0, 45],
							"uv": {
								"north": {"uv": [65, 117], "uv_size": [1, 0.5]},
								"east": {"uv": [117, 65], "uv_size": [1, 0.5]},
								"south": {"uv": [67, 117], "uv_size": [1, 0.5]},
								"west": {"uv": [117, 67], "uv_size": [1, 0.5]},
								"up": {"uv": [93, 88], "uv_size": [1, 1]},
								"down": {"uv": [89, 94], "uv_size": [1, -1]}
							}
						},
						{
							"origin": [-0.41421, -1, -9.28125],
							"size": [0.82843, 0.25, 1],
							"pivot": [0, 0, -8.78125],
							"rotation": [0, 0, 45],
							"uv": {
								"north": {"uv": [117, 90], "uv_size": [1, 0.5]},
								"east": {"uv": [92, 117], "uv_size": [1, 0.5]},
								"south": {"uv": [117, 95], "uv_size": [1, 0.5]},
								"west": {"uv": [97, 117], "uv_size": [1, 0.5]},
								"up": {"uv": [94, 20], "uv_size": [1, 1]},
								"down": {"uv": [22, 95], "uv_size": [1, -1]}
							}
						},
						{
							"origin": [-0.41421, 0.75, -9.28125],
							"size": [0.82843, 0.25, 1],
							"uv": {
								"north": {"uv": [71, 117], "uv_size": [1, 0.5]},
								"east": {"uv": [117, 72], "uv_size": [1, 0.5]},
								"south": {"uv": [76, 117], "uv_size": [1, 0.5]},
								"west": {"uv": [117, 76], "uv_size": [1, 0.5]},
								"up": {"uv": [91, 93], "uv_size": [1, 1]},
								"down": {"uv": [93, 94], "uv_size": [1, -1]}
							}
						},
						{
							"origin": [-0.41421, -1, -9.28125],
							"size": [0.82843, 0.25, 1],
							"uv": {
								"north": {"uv": [117, 100], "uv_size": [1, 0.5]},
								"east": {"uv": [102, 117], "uv_size": [1, 0.5]},
								"south": {"uv": [106, 117], "uv_size": [1, 0.5]},
								"west": {"uv": [108, 117], "uv_size": [1, 0.5]},
								"up": {"uv": [94, 32], "uv_size": [1, 1]},
								"down": {"uv": [94, 35], "uv_size": [1, -1]}
							}
						},
						{
							"origin": [0.75, -0.41421, -9.28125],
							"size": [0.25, 0.82843, 1],
							"pivot": [0, 0, -8.78125],
							"rotation": [0, 0, 45],
							"uv": {
								"north": {"uv": [78, 117], "uv_size": [0.5, 1]},
								"east": {"uv": [0, 94], "uv_size": [1, 1]},
								"south": {"uv": [117, 78], "uv_size": [0.5, 1]},
								"west": {"uv": [2, 94], "uv_size": [1, 1]},
								"up": {"uv": [82, 117], "uv_size": [0.5, 1]},
								"down": {"uv": [84, 118], "uv_size": [0.5, -1]}
							}
						},
						{
							"origin": [-1, -0.41421, -9.28125],
							"size": [0.25, 0.82843, 1],
							"pivot": [0, 0, -8.78125],
							"rotation": [0, 0, 45],
							"uv": {
								"north": {"uv": [113, 117], "uv_size": [0.5, 1]},
								"east": {"uv": [94, 36], "uv_size": [1, 1]},
								"south": {"uv": [118, 0], "uv_size": [0.5, 1]},
								"west": {"uv": [94, 40], "uv_size": [1, 1]},
								"up": {"uv": [2, 118], "uv_size": [0.5, 1]},
								"down": {"uv": [6, 119], "uv_size": [0.5, -1]}
							}
						},
						{
							"origin": [0.75, -0.41421, -9.28125],
							"size": [0.25, 0.82843, 1],
							"uv": {
								"north": {"uv": [86, 117], "uv_size": [0.5, 1]},
								"east": {"uv": [6, 94], "uv_size": [1, 1]},
								"south": {"uv": [88, 117], "uv_size": [0.5, 1]},
								"west": {"uv": [15, 94], "uv_size": [1, 1]},
								"up": {"uv": [117, 88], "uv_size": [0.5, 1]},
								"down": {"uv": [90, 118], "uv_size": [0.5, -1]}
							}
						},
						{
							"origin": [-1, -0.41421, -9.28125],
							"size": [0.25, 0.82843, 1],
							"uv": {
								"north": {"uv": [10, 118], "uv_size": [0.5, 1]},
								"east": {"uv": [94, 42], "uv_size": [1, 1]},
								"south": {"uv": [12, 118], "uv_size": [0.5, 1]},
								"west": {"uv": [43, 94], "uv_size": [1, 1]},
								"up": {"uv": [118, 12], "uv_size": [0.5, 1]},
								"down": {"uv": [18, 119], "uv_size": [0.5, -1]}
							}
						}
					]
				},
				{
					"name": "dsasd2",
					"parent": "64xy",
					"pivot": [0, 0, 8.96875],
					"rotation": [0, 0, -22.5],
					"cubes": [
						{
							"origin": [-0.41421, 0.75, 8.21875],
							"size": [0.82843, 0.25, 1.25],
							"pivot": [0, 0, 8.96875],
							"rotation": [0, 0, 45],
							"uv": {
								"north": {"uv": [117, 8], "uv_size": [1, 0.5]},
								"east": {"uv": [75, 101], "uv_size": [1.5, 0.5]},
								"south": {"uv": [117, 10], "uv_size": [1, 0.5]},
								"west": {"uv": [101, 78], "uv_size": [1.5, 0.5]},
								"up": {"uv": [83, 45], "uv_size": [1, 1.5]},
								"down": {"uv": [83, 49.5], "uv_size": [1, -1.5]}
							}
						},
						{
							"origin": [-0.41421, 0.75, 8.21875],
							"size": [0.82843, 0.25, 1.25],
							"uv": {
								"north": {"uv": [14, 117], "uv_size": [1, 0.5]},
								"east": {"uv": [101, 80], "uv_size": [1.5, 0.5]},
								"south": {"uv": [117, 14], "uv_size": [1, 0.5]},
								"west": {"uv": [101, 82], "uv_size": [1.5, 0.5]},
								"up": {"uv": [49, 83], "uv_size": [1, 1.5]},
								"down": {"uv": [83, 55.5], "uv_size": [1, -1.5]}
							}
						},
						{
							"origin": [-1, -0.03921, 8.21875],
							"size": [0.25, 0.45343, 1.25],
							"pivot": [0, 0, 8.96875],
							"rotation": [0, 0, 45],
							"uv": {
								"north": {"uv": [44, 140], "uv_size": [0.5, 0.5]},
								"east": {"uv": [84, 101], "uv_size": [1.5, 0.5]},
								"south": {"uv": [46, 140], "uv_size": [0.5, 0.5]},
								"west": {"uv": [87, 101], "uv_size": [1.5, 0.5]},
								"up": {"uv": [101, 93], "uv_size": [0.5, 1.5]},
								"down": {"uv": [95, 102.5], "uv_size": [0.5, -1.5]}
							}
						},
						{
							"origin": [0.75, -0.03921, 8.21875],
							"size": [0.25, 0.45343, 1.25],
							"uv": {
								"north": {"uv": [48, 140], "uv_size": [0.5, 0.5]},
								"east": {"uv": [97, 101], "uv_size": [1.5, 0.5]},
								"south": {"uv": [50, 140], "uv_size": [0.5, 0.5]},
								"west": {"uv": [101, 98], "uv_size": [1.5, 0.5]},
								"up": {"uv": [100, 101], "uv_size": [0.5, 1.5]},
								"down": {"uv": [8, 103.5], "uv_size": [0.5, -1.5]}
							}
						}
					]
				},
				{
					"name": "sdsad",
					"parent": "64xy",
					"pivot": [0, 0, -0.03125],
					"rotation": [0, 0, 22.5],
					"cubes": [
						{
							"origin": [-0.38833, -0.9375, -0.53125],
							"size": [0.77665, 1.875, 10],
							"pivot": [0, 0, 8.96875],
							"rotation": [0, 0, 45],
							"uv": {
								"north": {"uv": [54, 74], "uv_size": [1, 2]},
								"east": {"uv": [17, 13], "uv_size": [10, 2]},
								"south": {"uv": [74, 55], "uv_size": [1, 2]},
								"west": {"uv": [17, 16], "uv_size": [10, 2]},
								"up": {"uv": [30, 0], "uv_size": [1, 10]},
								"down": {"uv": [17, 40], "uv_size": [1, -10]}
							}
						},
						{
							"origin": [-0.38833, -0.9375, -0.53125],
							"size": [0.77665, 1.875, 10],
							"uv": {
								"north": {"uv": [56, 74], "uv_size": [1, 2]},
								"east": {"uv": [19, 0], "uv_size": [10, 2]},
								"south": {"uv": [58, 74], "uv_size": [1, 2]},
								"west": {"uv": [19, 3], "uv_size": [10, 2]},
								"up": {"uv": [19, 30], "uv_size": [1, 10]},
								"down": {"uv": [21, 40], "uv_size": [1, -10]}
							}
						},
						{
							"origin": [-0.9375, -0.38833, -0.53125],
							"size": [1.875, 0.77665, 10],
							"pivot": [0, 0, 8.96875],
							"rotation": [0, 0, 45],
							"uv": {
								"north": {"uv": [74, 58], "uv_size": [2, 1]},
								"east": {"uv": [28, 17], "uv_size": [10, 1]},
								"south": {"uv": [60, 74], "uv_size": [2, 1]},
								"west": {"uv": [30, 23], "uv_size": [10, 1]},
								"up": {"uv": [17, 19], "uv_size": [2, 10]},
								"down": {"uv": [20, 29], "uv_size": [2, -10]}
							}
						},
						{
							"origin": [-0.9375, -0.38833, -0.53125],
							"size": [1.875, 0.77665, 10],
							"uv": {
								"north": {"uv": [71, 74], "uv_size": [2, 1]},
								"east": {"uv": [30, 25], "uv_size": [10, 1]},
								"south": {"uv": [74, 74], "uv_size": [2, 1]},
								"west": {"uv": [30, 27], "uv_size": [10, 1]},
								"up": {"uv": [23, 19], "uv_size": [2, 10]},
								"down": {"uv": [0, 36], "uv_size": [2, -10]}
							}
						}
					]
				},
				{
					"name": "sdsad2",
					"parent": "64xy",
					"pivot": [0, 0, -10.28125],
					"rotation": [0, 0, 22.5],
					"cubes": [
						{
							"origin": [-0.38833, 0.6875, -1.28125],
							"size": [0.77665, 0.25, 0.5],
							"pivot": [0, 0, -1.28125],
							"rotation": [0, 0, 45],
							"uv": {
								"north": {"uv": [116, 102], "uv_size": [1, 0.5]},
								"east": {"uv": [26, 140], "uv_size": [0.5, 0.5]},
								"south": {"uv": [104, 116], "uv_size": [1, 0.5]},
								"west": {"uv": [28, 140], "uv_size": [0.5, 0.5]},
								"up": {"uv": [116, 104], "uv_size": [1, 0.5]},
								"down": {"uv": [116, 106.5], "uv_size": [1, -0.5]}
							}
						},
						{
							"origin": [-0.38833, -0.9375, -1.28125],
							"size": [0.77665, 0.25, 0.5],
							"pivot": [0, 0, -1.28125],
							"rotation": [0, 0, 45],
							"uv": {
								"north": {"uv": [20, 118], "uv_size": [1, 0.5]},
								"east": {"uv": [82, 143], "uv_size": [0.5, 0.5]},
								"south": {"uv": [22, 118], "uv_size": [1, 0.5]},
								"west": {"uv": [84, 143], "uv_size": [0.5, 0.5]},
								"up": {"uv": [118, 24], "uv_size": [1, 0.5]},
								"down": {"uv": [27, 118.5], "uv_size": [1, -0.5]}
							}
						},
						{
							"origin": [-0.38833, -0.9375, -1.28125],
							"size": [0.77665, 0.3125, 0.5],
							"uv": {
								"north": {"uv": [116, 108], "uv_size": [1, 0.5]},
								"east": {"uv": [140, 28], "uv_size": [0.5, 0.5]},
								"south": {"uv": [116, 110], "uv_size": [1, 0.5]},
								"west": {"uv": [32, 140], "uv_size": [0.5, 0.5]},
								"up": {"uv": [111, 116], "uv_size": [1, 0.5]},
								"down": {"uv": [116, 112.5], "uv_size": [1, -0.5]}
							}
						},
						{
							"origin": [-0.38833, 0.625, -1.28125],
							"size": [0.77665, 0.3125, 0.5],
							"uv": {
								"north": {"uv": [49, 118], "uv_size": [1, 0.5]},
								"east": {"uv": [143, 90], "uv_size": [0.5, 0.5]},
								"south": {"uv": [51, 118], "uv_size": [1, 0.5]},
								"west": {"uv": [94, 143], "uv_size": [0.5, 0.5]},
								"up": {"uv": [118, 52], "uv_size": [1, 0.5]},
								"down": {"uv": [53, 118.5], "uv_size": [1, -0.5]}
							}
						},
						{
							"origin": [0.625, -0.38833, -1.28125],
							"size": [0.3125, 0.77665, 0.5],
							"pivot": [0, 0, -1.28125],
							"rotation": [0, 0, 45],
							"uv": {
								"north": {"uv": [116, 114], "uv_size": [0.5, 1]},
								"east": {"uv": [116, 116], "uv_size": [0.5, 1]},
								"south": {"uv": [0, 117], "uv_size": [0.5, 1]},
								"west": {"uv": [117, 2], "uv_size": [0.5, 1]},
								"up": {"uv": [38, 140], "uv_size": [0.5, 0.5]},
								"down": {"uv": [140, 38.5], "uv_size": [0.5, -0.5]}
							}
						},
						{
							"origin": [-0.9375, -0.38833, -1.28125],
							"size": [0.3125, 0.77665, 0.5],
							"pivot": [0, 0, -1.28125],
							"rotation": [0, 0, 45],
							"uv": {
								"north": {"uv": [41, 118], "uv_size": [0.5, 1]},
								"east": {"uv": [43, 118], "uv_size": [0.5, 1]},
								"south": {"uv": [45, 118], "uv_size": [0.5, 1]},
								"west": {"uv": [47, 118], "uv_size": [0.5, 1]},
								"up": {"uv": [143, 86], "uv_size": [0.5, 0.5]},
								"down": {"uv": [90, 143.5], "uv_size": [0.5, -0.5]}
							}
						},
						{
							"origin": [0.6875, -0.38833, -1.28125],
							"size": [0.25, 0.77665, 0.5],
							"uv": {
								"north": {"uv": [4, 117], "uv_size": [0.5, 1]},
								"east": {"uv": [117, 4], "uv_size": [0.5, 1]},
								"south": {"uv": [117, 6], "uv_size": [0.5, 1]},
								"west": {"uv": [8, 117], "uv_size": [0.5, 1]},
								"up": {"uv": [40, 140], "uv_size": [0.5, 0.5]},
								"down": {"uv": [42, 140.5], "uv_size": [0.5, -0.5]}
							}
						},
						{
							"origin": [-0.9375, -0.38833, -1.28125],
							"size": [0.25, 0.77665, 0.5],
							"uv": {
								"north": {"uv": [29, 118], "uv_size": [0.5, 1]},
								"east": {"uv": [118, 29], "uv_size": [0.5, 1]},
								"south": {"uv": [34, 118], "uv_size": [0.5, 1]},
								"west": {"uv": [118, 40], "uv_size": [0.5, 1]},
								"up": {"uv": [143, 84], "uv_size": [0.5, 0.5]},
								"down": {"uv": [86, 143.5], "uv_size": [0.5, -0.5]}
							}
						}
					]
				},
				{
					"name": "sdsad4",
					"parent": "64xy",
					"pivot": [0, 0, -4.2779],
					"rotation": [0, 0, 22.5],
					"cubes": [
						{
							"origin": [-0.38832, 0.6875, -7.28125],
							"size": [0.15165, 0.25, 6],
							"pivot": [0, 0, -7.28125],
							"rotation": [0, 0, 45],
							"uv": {
								"north": {"uv": [143, 94], "uv_size": [0.5, 0.5]},
								"south": {"uv": [98, 143], "uv_size": [0.5, 0.5]},
								"up": {"uv": [41, 52], "uv_size": [0.5, 6]}
							}
						},
						{
							"origin": [0.32468, 0.59229, -7.3737],
							"size": [0.21415, 0.25, 0.375],
							"inflate": -0.0001,
							"pivot": [0.43176, 0.71729, -7.15495],
							"rotation": [0, -45, 45],
							"uv": {
								"north": {"uv": [26, 146], "uv_size": [0.5, 0.5]},
								"east": {"uv": [28, 146], "uv_size": [0.5, 0.5]},
								"south": {"uv": [146, 28], "uv_size": [0.5, 0.5]},
								"west": {"uv": [32, 146], "uv_size": [0.5, 0.5]},
								"up": {"uv": [38, 146], "uv_size": [0.5, 0.5]},
								"down": {"uv": [146, 38.5], "uv_size": [0.5, -0.5]}
							}
						},
						{
							"origin": [0.32468, 0.59229, -1.5013],
							"size": [0.21415, 0.25, 0.375],
							"inflate": -0.0001,
							"pivot": [0.43176, 0.71729, -1.34505],
							"rotation": [0, 45, 45],
							"uv": {
								"north": {"uv": [40, 146], "uv_size": [0.5, 0.5]},
								"east": {"uv": [42, 146], "uv_size": [0.5, 0.5]},
								"south": {"uv": [44, 146], "uv_size": [0.5, 0.5]},
								"west": {"uv": [46, 146], "uv_size": [0.5, 0.5]},
								"up": {"uv": [48, 146], "uv_size": [0.5, 0.5]},
								"down": {"uv": [50, 146.5], "uv_size": [0.5, -0.5]}
							}
						},
						{
							"origin": [0.49556, 0.76777, -7.28125],
							"size": [0.08915, 0.0625, 6],
							"pivot": [0.49556, 0.83027, -7.28125],
							"rotation": [0, 0, 90],
							"uv": {
								"north": {"uv": [144, 24], "uv_size": [0.5, 0.5]},
								"south": {"uv": [26, 144], "uv_size": [0.5, 0.5]},
								"up": {"uv": [19, 54], "uv_size": [0.5, 6]}
							}
						},
						{
							"origin": [0.23668, 0.6875, -7.28125],
							"size": [0.15165, 0.25, 6],
							"pivot": [0, 0, -7.28125],
							"rotation": [0, 0, 45],
							"uv": {
								"north": {"uv": [143, 122], "uv_size": [0.5, 0.5]},
								"south": {"uv": [143, 128], "uv_size": [0.5, 0.5]},
								"west": {"uv": [53, 18], "uv_size": [6, 0.5]},
								"up": {"uv": [43, 53], "uv_size": [0.5, 6]},
								"down": {"uv": [4, 60], "uv_size": [0.5, -6]}
							}
						},
						{
							"origin": [0.64147, 0.30676, -1.51425],
							"size": [0.21415, 0.25, 0.375],
							"inflate": -0.0001,
							"pivot": [0.71729, 0.43176, -1.38925],
							"rotation": [0, -45, 45],
							"uv": {
								"north": {"uv": [145, 145], "uv_size": [0.5, 0.5]},
								"east": {"uv": [146, 0], "uv_size": [0.5, 0.5]},
								"south": {"uv": [2, 146], "uv_size": [0.5, 0.5]},
								"west": {"uv": [6, 146], "uv_size": [0.5, 0.5]},
								"up": {"uv": [10, 146], "uv_size": [0.5, 0.5]},
								"down": {"uv": [12, 146.5], "uv_size": [0.5, -0.5]}
							}
						},
						{
							"origin": [0.64147, 0.30676, -7.42325],
							"size": [0.21415, 0.25, 0.375],
							"inflate": -0.0001,
							"pivot": [0.71729, 0.43176, -7.17325],
							"rotation": [0, 45, 45],
							"uv": {
								"north": {"uv": [146, 12], "uv_size": [0.5, 0.5]},
								"east": {"uv": [18, 146], "uv_size": [0.5, 0.5]},
								"south": {"uv": [20, 146], "uv_size": [0.5, 0.5]},
								"west": {"uv": [22, 146], "uv_size": [0.5, 0.5]},
								"up": {"uv": [146, 24], "uv_size": [0.5, 0.5]}
							}
						},
						{
							"origin": [-0.53883, 0.59229, -1.5013],
							"size": [0.21415, 0.25, 0.375],
							"inflate": -0.0001,
							"pivot": [-0.43176, 0.71729, -1.34505],
							"rotation": [0, -45, -45],
							"uv": {
								"north": {"uv": [96, 146], "uv_size": [0.5, 0.5]},
								"east": {"uv": [146, 96], "uv_size": [0.5, 0.5]},
								"south": {"uv": [146, 98], "uv_size": [0.5, 0.5]},
								"west": {"uv": [146, 100], "uv_size": [0.5, 0.5]},
								"up": {"uv": [102, 146], "uv_size": [0.5, 0.5]},
								"down": {"uv": [146, 102.5], "uv_size": [0.5, -0.5]}
							}
						},
						{
							"origin": [-0.85562, 0.30676, -1.51425],
							"size": [0.21415, 0.25, 0.375],
							"inflate": -0.0001,
							"pivot": [-0.71729, 0.43176, -1.38925],
							"rotation": [0, 45, -45],
							"uv": {
								"north": {"uv": [146, 80], "uv_size": [0.5, 0.5]},
								"east": {"uv": [146, 82], "uv_size": [0.5, 0.5]},
								"south": {"uv": [88, 146], "uv_size": [0.5, 0.5]},
								"west": {"uv": [146, 88], "uv_size": [0.5, 0.5]},
								"up": {"uv": [92, 146], "uv_size": [0.5, 0.5]},
								"down": {"uv": [146, 92.5], "uv_size": [0.5, -0.5]}
							}
						},
						{
							"origin": [-0.85562, 0.30676, -7.42325],
							"size": [0.21415, 0.25, 0.375],
							"inflate": -0.0001,
							"pivot": [-0.71729, 0.43176, -7.17325],
							"rotation": [0, -45, -45],
							"uv": {
								"north": {"uv": [146, 66], "uv_size": [0.5, 0.5]},
								"east": {"uv": [68, 146], "uv_size": [0.5, 0.5]},
								"south": {"uv": [146, 70], "uv_size": [0.5, 0.5]},
								"west": {"uv": [74, 146], "uv_size": [0.5, 0.5]},
								"up": {"uv": [146, 76], "uv_size": [0.5, 0.5]},
								"down": {"uv": [146, 78.5], "uv_size": [0.5, -0.5]}
							}
						},
						{
							"origin": [-0.53883, 0.59229, -7.3737],
							"size": [0.21415, 0.25, 0.375],
							"inflate": -0.0001,
							"pivot": [-0.43176, 0.71729, -7.15495],
							"rotation": [0, 45, -45],
							"uv": {
								"north": {"uv": [146, 50], "uv_size": [0.5, 0.5]},
								"east": {"uv": [52, 146], "uv_size": [0.5, 0.5]},
								"south": {"uv": [56, 146], "uv_size": [0.5, 0.5]},
								"west": {"uv": [146, 56], "uv_size": [0.5, 0.5]},
								"up": {"uv": [58, 146], "uv_size": [0.5, 0.5]},
								"down": {"uv": [64, 146.5], "uv_size": [0.5, -0.5]}
							}
						},
						{
							"origin": [-0.53883, -0.84229, -1.5013],
							"size": [0.21415, 0.25, 0.375],
							"inflate": -0.0001,
							"pivot": [-0.43176, -0.71729, -1.34505],
							"rotation": [0, -45, 45],
							"uv": {
								"north": {"uv": [126, 146], "uv_size": [0.5, 0.5]},
								"east": {"uv": [146, 126], "uv_size": [0.5, 0.5]},
								"south": {"uv": [130, 146], "uv_size": [0.5, 0.5]},
								"west": {"uv": [132, 146], "uv_size": [0.5, 0.5]},
								"up": {"uv": [134, 146], "uv_size": [0.5, 0.5]},
								"down": {"uv": [136, 146.5], "uv_size": [0.5, -0.5]}
							}
						},
						{
							"origin": [-0.85562, -0.55676, -1.51425],
							"size": [0.21415, 0.25, 0.375],
							"inflate": -0.0001,
							"pivot": [-0.71729, -0.43176, -1.38925],
							"rotation": [0, 45, 45],
							"uv": {
								"north": {"uv": [146, 118], "uv_size": [0.5, 0.5]},
								"east": {"uv": [120, 146], "uv_size": [0.5, 0.5]},
								"south": {"uv": [146, 120], "uv_size": [0.5, 0.5]},
								"west": {"uv": [122, 146], "uv_size": [0.5, 0.5]},
								"up": {"uv": [124, 146], "uv_size": [0.5, 0.5]},
								"down": {"uv": [146, 124.5], "uv_size": [0.5, -0.5]}
							}
						},
						{
							"origin": [-0.85562, -0.55676, -7.42325],
							"size": [0.21415, 0.25, 0.375],
							"inflate": -0.0001,
							"pivot": [-0.71729, -0.43176, -7.17325],
							"rotation": [0, -45, 45],
							"uv": {
								"north": {"uv": [146, 110], "uv_size": [0.5, 0.5]},
								"east": {"uv": [112, 146], "uv_size": [0.5, 0.5]},
								"south": {"uv": [146, 114], "uv_size": [0.5, 0.5]},
								"west": {"uv": [116, 146], "uv_size": [0.5, 0.5]},
								"up": {"uv": [146, 116], "uv_size": [0.5, 0.5]},
								"down": {"uv": [118, 146.5], "uv_size": [0.5, -0.5]}
							}
						},
						{
							"origin": [-0.53883, -0.84229, -7.3737],
							"size": [0.21415, 0.25, 0.375],
							"inflate": -0.0001,
							"pivot": [-0.43176, -0.71729, -7.15495],
							"rotation": [0, 45, 45],
							"uv": {
								"north": {"uv": [146, 104], "uv_size": [0.5, 0.5]},
								"east": {"uv": [106, 146], "uv_size": [0.5, 0.5]},
								"south": {"uv": [146, 106], "uv_size": [0.5, 0.5]},
								"west": {"uv": [108, 146], "uv_size": [0.5, 0.5]},
								"up": {"uv": [146, 108], "uv_size": [0.5, 0.5]},
								"down": {"uv": [110, 146.5], "uv_size": [0.5, -0.5]}
							}
						},
						{
							"origin": [0.32468, -0.84229, -1.5013],
							"size": [0.21415, 0.25, 0.375],
							"inflate": -0.0001,
							"pivot": [0.43176, -0.71729, -1.34505],
							"rotation": [0, 45, -45],
							"uv": {
								"north": {"uv": [147, 20], "uv_size": [0.5, 0.5]},
								"east": {"uv": [147, 22], "uv_size": [0.5, 0.5]},
								"south": {"uv": [24, 147], "uv_size": [0.5, 0.5]},
								"west": {"uv": [147, 26], "uv_size": [0.5, 0.5]},
								"up": {"uv": [30, 147], "uv_size": [0.5, 0.5]},
								"down": {"uv": [147, 30.5], "uv_size": [0.5, -0.5]}
							}
						},
						{
							"origin": [0.64147, -0.55676, -1.51425],
							"size": [0.21415, 0.25, 0.375],
							"inflate": -0.0001,
							"pivot": [0.71729, -0.43176, -1.38925],
							"rotation": [0, -45, -45],
							"uv": {
								"north": {"uv": [147, 10], "uv_size": [0.5, 0.5]},
								"east": {"uv": [14, 147], "uv_size": [0.5, 0.5]},
								"south": {"uv": [147, 14], "uv_size": [0.5, 0.5]},
								"west": {"uv": [16, 147], "uv_size": [0.5, 0.5]},
								"up": {"uv": [147, 16], "uv_size": [0.5, 0.5]},
								"down": {"uv": [147, 18.5], "uv_size": [0.5, -0.5]}
							}
						},
						{
							"origin": [0.64147, -0.55676, -7.42325],
							"size": [0.21415, 0.25, 0.375],
							"inflate": -0.0001,
							"pivot": [0.71729, -0.43176, -7.17325],
							"rotation": [0, 45, -45],
							"uv": {
								"north": {"uv": [147, 2], "uv_size": [0.5, 0.5]},
								"east": {"uv": [4, 147], "uv_size": [0.5, 0.5]},
								"south": {"uv": [147, 4], "uv_size": [0.5, 0.5]},
								"west": {"uv": [147, 6], "uv_size": [0.5, 0.5]},
								"up": {"uv": [8, 147], "uv_size": [0.5, 0.5]},
								"down": {"uv": [147, 8.5], "uv_size": [0.5, -0.5]}
							}
						},
						{
							"origin": [0.32468, -0.84229, -7.3737],
							"size": [0.21415, 0.25, 0.375],
							"inflate": -0.0001,
							"pivot": [0.43176, -0.71729, -7.15495],
							"rotation": [0, -45, -45],
							"uv": {
								"north": {"uv": [146, 136], "uv_size": [0.5, 0.5]},
								"east": {"uv": [138, 146], "uv_size": [0.5, 0.5]},
								"south": {"uv": [140, 146], "uv_size": [0.5, 0.5]},
								"west": {"uv": [146, 140], "uv_size": [0.5, 0.5]},
								"up": {"uv": [142, 146], "uv_size": [0.5, 0.5]},
								"down": {"uv": [0, 147.5], "uv_size": [0.5, -0.5]}
							}
						},
						{
							"origin": [0.74112, 0.43306, -7.28125],
							"size": [0.08915, 0.0625, 6],
							"uv": {
								"up": {"uv": [17, 54], "uv_size": [0.5, 6]}
							}
						},
						{
							"origin": [0.35692, 0.43306, -1.46875],
							"size": [0.47335, 0.0625, 0.1875],
							"pivot": [0.83027, 0.49556, -1.28125],
							"rotation": [22.5, 0, 45],
							"uv": {
								"north": {"uv": [143, 132], "uv_size": [0.5, 0.5]},
								"east": {"uv": [143, 134], "uv_size": [0.5, 0.5]},
								"south": {"uv": [143, 139], "uv_size": [0.5, 0.5]},
								"west": {"uv": [144, 0], "uv_size": [0.5, 0.5]},
								"up": {"uv": [2, 144], "uv_size": [0.5, 0.5]},
								"down": {"uv": [6, 144.5], "uv_size": [0.5, -0.5]}
							}
						},
						{
							"origin": [0.35692, 0.43306, -7.28125],
							"size": [0.47335, 0.0625, 0.1875],
							"pivot": [0.83027, 0.49556, -7.28125],
							"rotation": [-22.5, 0, 45],
							"uv": {
								"north": {"uv": [10, 144], "uv_size": [0.5, 0.5]},
								"east": {"uv": [12, 144], "uv_size": [0.5, 0.5]},
								"south": {"uv": [144, 12], "uv_size": [0.5, 0.5]},
								"west": {"uv": [18, 144], "uv_size": [0.5, 0.5]},
								"up": {"uv": [20, 144], "uv_size": [0.5, 0.5]},
								"down": {"uv": [22, 144.5], "uv_size": [0.5, -0.5]}
							}
						},
						{
							"origin": [-0.23667, 0.6875, -7.28125],
							"size": [0.47335, 0.21875, 6],
							"pivot": [0, 0, -7.28125],
							"rotation": [0, 0, 45],
							"uv": {
								"north": {"uv": [129, 143], "uv_size": [0.5, 0.5]},
								"south": {"uv": [143, 130], "uv_size": [0.5, 0.5]},
								"up": {"uv": [15, 54], "uv_size": [0.5, 6]}
							}
						},
						{
							"origin": [0.23668, -0.9375, -7.28125],
							"size": [0.15165, 0.25, 6],
							"pivot": [0, 0, -7.28125],
							"rotation": [0, 0, -45],
							"uv": {
								"north": {"uv": [108, 144], "uv_size": [0.5, 0.5]},
								"south": {"uv": [144, 108], "uv_size": [0.5, 0.5]},
								"west": {"uv": [54, 8], "uv_size": [6, 0.5]},
								"up": {"uv": [29, 55], "uv_size": [0.5, 6]},
								"down": {"uv": [31, 61], "uv_size": [0.5, -6]}
							}
						},
						{
							"origin": [0.74112, -0.49556, -7.28125],
							"size": [0.08915, 0.0625, 6],
							"uv": {
								"down": {"uv": [12, 61], "uv_size": [0.5, -6]}
							}
						},
						{
							"origin": [0.35692, -0.49556, -1.46875],
							"size": [0.47335, 0.0625, 0.1875],
							"pivot": [0.83027, -0.49556, -1.28125],
							"rotation": [-22.5, 0, -45],
							"uv": {
								"north": {"uv": [144, 100], "uv_size": [0.5, 0.5]},
								"east": {"uv": [102, 144], "uv_size": [0.5, 0.5]},
								"south": {"uv": [144, 102], "uv_size": [0.5, 0.5]},
								"west": {"uv": [144, 104], "uv_size": [0.5, 0.5]},
								"up": {"uv": [106, 144], "uv_size": [0.5, 0.5]},
								"down": {"uv": [144, 106.5], "uv_size": [0.5, -0.5]}
							}
						},
						{
							"origin": [-0.23667, -0.90625, -7.28125],
							"size": [0.47335, 0.21875, 6],
							"pivot": [0, 0, -7.28125],
							"rotation": [0, 0, -45],
							"uv": {
								"north": {"uv": [144, 96], "uv_size": [0.5, 0.5]},
								"south": {"uv": [144, 98], "uv_size": [0.5, 0.5]},
								"down": {"uv": [10, 61], "uv_size": [0.5, -6]}
							}
						},
						{
							"origin": [0.49556, -0.83027, -7.28125],
							"size": [0.08915, 0.0625, 6],
							"pivot": [0.49556, -0.83027, -7.28125],
							"rotation": [0, 0, -90],
							"uv": {
								"north": {"uv": [144, 92], "uv_size": [0.5, 0.5]},
								"south": {"uv": [96, 144], "uv_size": [0.5, 0.5]},
								"down": {"uv": [8, 61], "uv_size": [0.5, -6]}
							}
						},
						{
							"origin": [-0.38832, -0.9375, -7.28125],
							"size": [0.15165, 0.25, 6],
							"pivot": [0, 0, -7.28125],
							"rotation": [0, 0, -45],
							"uv": {
								"north": {"uv": [144, 88], "uv_size": [0.5, 0.5]},
								"south": {"uv": [92, 144], "uv_size": [0.5, 0.5]},
								"down": {"uv": [6, 61], "uv_size": [0.5, -6]}
							}
						},
						{
							"origin": [0.35692, -0.49556, -7.21875],
							"size": [0.47335, 0.0625, 0.1875],
							"pivot": [0.83027, -0.49556, -7.21875],
							"rotation": [22.5, 0, -45],
							"uv": {
								"north": {"uv": [74, 144], "uv_size": [0.5, 0.5]},
								"east": {"uv": [144, 76], "uv_size": [0.5, 0.5]},
								"south": {"uv": [144, 78], "uv_size": [0.5, 0.5]},
								"west": {"uv": [144, 80], "uv_size": [0.5, 0.5]},
								"up": {"uv": [144, 82], "uv_size": [0.5, 0.5]},
								"down": {"uv": [88, 144.5], "uv_size": [0.5, -0.5]}
							}
						},
						{
							"origin": [-0.58471, -0.83027, -7.28125],
							"size": [0.08915, 0.0625, 6],
							"pivot": [-0.49556, -0.83027, -7.28125],
							"rotation": [0, 0, 90],
							"uv": {
								"north": {"uv": [133, 144], "uv_size": [0.5, 0.5]},
								"south": {"uv": [135, 144], "uv_size": [0.5, 0.5]},
								"down": {"uv": [0, 62], "uv_size": [0.5, -6]}
							}
						},
						{
							"origin": [-0.83027, -0.49556, -7.28125],
							"size": [0.47335, 0.0625, 0.1875],
							"pivot": [-0.83027, -0.49556, -7.28125],
							"rotation": [22.5, 0, 45],
							"uv": {
								"north": {"uv": [122, 144], "uv_size": [0.5, 0.5]},
								"east": {"uv": [124, 144], "uv_size": [0.5, 0.5]},
								"south": {"uv": [144, 124], "uv_size": [0.5, 0.5]},
								"west": {"uv": [126, 144], "uv_size": [0.5, 0.5]},
								"up": {"uv": [144, 126], "uv_size": [0.5, 0.5]},
								"down": {"uv": [131, 144.5], "uv_size": [0.5, -0.5]}
							}
						},
						{
							"origin": [-0.23667, -0.90625, -7.28125],
							"size": [0.47335, 0.21875, 6],
							"pivot": [0, 0, -7.28125],
							"rotation": [0, 0, 45],
							"uv": {
								"north": {"uv": [120, 144], "uv_size": [0.5, 0.5]},
								"south": {"uv": [144, 120], "uv_size": [0.5, 0.5]},
								"down": {"uv": [49, 61], "uv_size": [0.5, -6]}
							}
						},
						{
							"origin": [-0.38832, -0.9375, -7.28125],
							"size": [0.15165, 0.25, 6],
							"pivot": [0, 0, -7.28125],
							"rotation": [0, 0, 45],
							"uv": {
								"north": {"uv": [118, 144], "uv_size": [0.5, 0.5]},
								"east": {"uv": [54, 10], "uv_size": [6, 0.5]},
								"south": {"uv": [144, 118], "uv_size": [0.5, 0.5]},
								"up": {"uv": [45, 55], "uv_size": [0.5, 6]},
								"down": {"uv": [47, 61], "uv_size": [0.5, -6]}
							}
						},
						{
							"origin": [-0.83027, -0.49556, -1.46875],
							"size": [0.47335, 0.0625, 0.1875],
							"pivot": [-0.83027, -0.49556, -1.28125],
							"rotation": [-22.5, 0, 45],
							"uv": {
								"north": {"uv": [110, 144], "uv_size": [0.5, 0.5]},
								"east": {"uv": [144, 110], "uv_size": [0.5, 0.5]},
								"south": {"uv": [112, 144], "uv_size": [0.5, 0.5]},
								"west": {"uv": [144, 114], "uv_size": [0.5, 0.5]},
								"up": {"uv": [116, 144], "uv_size": [0.5, 0.5]},
								"down": {"uv": [144, 116.5], "uv_size": [0.5, -0.5]}
							}
						},
						{
							"origin": [-0.83027, -0.49556, -7.28125],
							"size": [0.08915, 0.0625, 6],
							"uv": {
								"down": {"uv": [33, 61], "uv_size": [0.5, -6]}
							}
						},
						{
							"origin": [-0.38832, 0.6875, -7.28125],
							"size": [0.15165, 0.25, 6],
							"pivot": [0, 0, -7.28125],
							"rotation": [0, 0, -45],
							"uv": {
								"north": {"uv": [68, 144], "uv_size": [0.5, 0.5]},
								"east": {"uv": [54, 4], "uv_size": [6, 0.5]},
								"south": {"uv": [144, 70], "uv_size": [0.5, 0.5]},
								"up": {"uv": [54, 41], "uv_size": [0.5, 6]},
								"down": {"uv": [54, 58], "uv_size": [0.5, -6]}
							}
						},
						{
							"origin": [-0.83027, 0.43306, -7.28125],
							"size": [0.08915, 0.0625, 6],
							"uv": {
								"up": {"uv": [39, 54], "uv_size": [0.5, 6]}
							}
						},
						{
							"origin": [-0.83027, 0.43306, -1.46875],
							"size": [0.47335, 0.0625, 0.1875],
							"pivot": [-0.83027, 0.49556, -1.28125],
							"rotation": [22.5, 0, -45],
							"uv": {
								"north": {"uv": [52, 144], "uv_size": [0.5, 0.5]},
								"east": {"uv": [56, 144], "uv_size": [0.5, 0.5]},
								"south": {"uv": [144, 56], "uv_size": [0.5, 0.5]},
								"west": {"uv": [58, 144], "uv_size": [0.5, 0.5]},
								"up": {"uv": [64, 144], "uv_size": [0.5, 0.5]},
								"down": {"uv": [144, 66.5], "uv_size": [0.5, -0.5]}
							}
						},
						{
							"origin": [-0.23667, 0.6875, -7.28125],
							"size": [0.47335, 0.21875, 6],
							"pivot": [0, 0, -7.28125],
							"rotation": [0, 0, -45],
							"uv": {
								"north": {"uv": [50, 144], "uv_size": [0.5, 0.5]},
								"south": {"uv": [144, 50], "uv_size": [0.5, 0.5]},
								"up": {"uv": [54, 34], "uv_size": [0.5, 6]}
							}
						},
						{
							"origin": [-0.58471, 0.76777, -7.28125],
							"size": [0.08915, 0.0625, 6],
							"pivot": [-0.49556, 0.83027, -7.28125],
							"rotation": [0, 0, -90],
							"uv": {
								"north": {"uv": [46, 144], "uv_size": [0.5, 0.5]},
								"south": {"uv": [48, 144], "uv_size": [0.5, 0.5]},
								"up": {"uv": [54, 27], "uv_size": [0.5, 6]}
							}
						},
						{
							"origin": [0.23668, 0.6875, -7.28125],
							"size": [0.15165, 0.25, 6],
							"pivot": [0, 0, -7.28125],
							"rotation": [0, 0, -45],
							"uv": {
								"north": {"uv": [42, 144], "uv_size": [0.5, 0.5]},
								"south": {"uv": [44, 144], "uv_size": [0.5, 0.5]},
								"up": {"uv": [54, 20], "uv_size": [0.5, 6]}
							}
						},
						{
							"origin": [-0.83027, 0.43306, -7.28125],
							"size": [0.47335, 0.0625, 0.1875],
							"pivot": [-0.83027, 0.49556, -7.28125],
							"rotation": [-22.5, 0, -45],
							"uv": {
								"north": {"uv": [28, 144], "uv_size": [0.5, 0.5]},
								"east": {"uv": [144, 28], "uv_size": [0.5, 0.5]},
								"south": {"uv": [32, 144], "uv_size": [0.5, 0.5]},
								"west": {"uv": [38, 144], "uv_size": [0.5, 0.5]},
								"up": {"uv": [144, 38], "uv_size": [0.5, 0.5]},
								"down": {"uv": [40, 144.5], "uv_size": [0.5, -0.5]}
							}
						},
						{
							"origin": [0.23668, -0.9375, -7.28125],
							"size": [0.15165, 0.25, 6],
							"pivot": [0, 0, -7.28125],
							"rotation": [0, 0, 45],
							"uv": {
								"north": {"uv": [144, 136], "uv_size": [0.5, 0.5]},
								"south": {"uv": [137, 144], "uv_size": [0.5, 0.5]},
								"down": {"uv": [2, 62], "uv_size": [0.5, -6]}
							}
						},
						{
							"origin": [0.23668, 0.625, -7.28125],
							"size": [0.15165, 0.3125, 6],
							"uv": {
								"north": {"uv": [100, 143], "uv_size": [0.5, 0.5]},
								"south": {"uv": [104, 143], "uv_size": [0.5, 0.5]},
								"up": {"uv": [52, 52], "uv_size": [0.5, 6]}
							}
						},
						{
							"origin": [0.23668, 0.6875, -7.28125],
							"size": [0.125, 0.25, 6],
							"pivot": [0.23668, 0.9375, -1.28125],
							"rotation": [0, 0, 22.5],
							"uv": {
								"north": {"uv": [145, 14], "uv_size": [0.5, 0.5]},
								"east": {"uv": [55, 48], "uv_size": [6, 0.5]},
								"south": {"uv": [16, 145], "uv_size": [0.5, 0.5]},
								"down": {"uv": [26, 62], "uv_size": [0.5, -6]}
							}
						},
						{
							"origin": [-0.36167, 0.6875, -7.28125],
							"size": [0.125, 0.25, 6],
							"pivot": [-0.23667, 0.9375, -1.28125],
							"rotation": [0, 0, -22.5],
							"uv": {
								"north": {"uv": [145, 16], "uv_size": [0.5, 0.5]},
								"south": {"uv": [145, 18], "uv_size": [0.5, 0.5]},
								"west": {"uv": [55, 50], "uv_size": [6, 0.5]},
								"down": {"uv": [56, 33], "uv_size": [0.5, -6]}
							}
						},
						{
							"origin": [-0.38832, 0.625, -7.28125],
							"size": [0.15165, 0.3125, 6],
							"uv": {
								"north": {"uv": [139, 144], "uv_size": [0.5, 0.5]},
								"south": {"uv": [141, 144], "uv_size": [0.5, 0.5]},
								"up": {"uv": [56, 20], "uv_size": [0.5, 6]}
							}
						},
						{
							"origin": [-0.33824, 0.625, -7.38296],
							"size": [0.21217, 0.3125, 0.33471],
							"inflate": -0.0001,
							"pivot": [-0.2019, 0.78125, -7.17325],
							"rotation": [0, -45, 0],
							"uv": {
								"north": {"uv": [72, 147], "uv_size": [0.5, 0.5]},
								"east": {"uv": [147, 72], "uv_size": [0.5, 0.5]},
								"west": {"uv": [147, 74], "uv_size": [0.5, 0.5]},
								"up": {"uv": [76, 147], "uv_size": [0.5, 0.5]},
								"down": {"uv": [78, 147.5], "uv_size": [0.5, -0.5]}
							}
						},
						{
							"origin": [0.12608, 0.625, -7.48575],
							"size": [0.21415, 0.3125, 0.4375],
							"inflate": -0.0001,
							"pivot": [0.2019, 0.78125, -7.17325],
							"rotation": [0, 45, 0],
							"uv": {
								"north": {"uv": [80, 147], "uv_size": [0.5, 0.5]},
								"east": {"uv": [82, 147], "uv_size": [0.5, 0.5]},
								"west": {"uv": [84, 147], "uv_size": [0.5, 0.5]},
								"up": {"uv": [147, 84], "uv_size": [0.5, 0.5]},
								"down": {"uv": [86, 147.5], "uv_size": [0.5, -0.5]}
							}
						},
						{
							"origin": [0.12608, 0.625, -1.51425],
							"size": [0.21415, 0.3125, 0.4375],
							"inflate": -0.0001,
							"pivot": [0.2019, 0.78125, -1.38925],
							"rotation": [0, -45, 0],
							"uv": {
								"east": {"uv": [98, 147], "uv_size": [0.5, 0.5]},
								"south": {"uv": [100, 147], "uv_size": [0.5, 0.5]},
								"west": {"uv": [104, 147], "uv_size": [0.5, 0.5]},
								"up": {"uv": [147, 112], "uv_size": [0.5, 0.5]},
								"down": {"uv": [114, 147.5], "uv_size": [0.5, -0.5]}
							}
						},
						{
							"origin": [-0.33824, 0.625, -1.51425],
							"size": [0.21217, 0.3125, 0.33471],
							"inflate": -0.0001,
							"pivot": [-0.2019, 0.78125, -1.38925],
							"rotation": [0, 45, 0],
							"uv": {
								"east": {"uv": [147, 86], "uv_size": [0.5, 0.5]},
								"south": {"uv": [90, 147], "uv_size": [0.5, 0.5]},
								"west": {"uv": [147, 90], "uv_size": [0.5, 0.5]},
								"up": {"uv": [94, 147], "uv_size": [0.5, 0.5]},
								"down": {"uv": [147, 94.5], "uv_size": [0.5, -0.5]}
							}
						},
						{
							"origin": [0.12608, -0.9375, -1.51425],
							"size": [0.21415, 0.3125, 0.4375],
							"inflate": -0.0001,
							"pivot": [0.2019, -0.78125, -1.38925],
							"rotation": [0, -45, 0],
							"uv": {
								"east": {"uv": [12, 148], "uv_size": [0.5, 0.5]},
								"south": {"uv": [148, 12], "uv_size": [0.5, 0.5]},
								"west": {"uv": [18, 148], "uv_size": [0.5, 0.5]},
								"up": {"uv": [20, 148], "uv_size": [0.5, 0.5]},
								"down": {"uv": [22, 148.5], "uv_size": [0.5, -0.5]}
							}
						},
						{
							"origin": [-0.33824, -0.9375, -1.51425],
							"size": [0.21217, 0.3125, 0.33471],
							"inflate": -0.0001,
							"pivot": [-0.2019, -0.78125, -1.38925],
							"rotation": [0, 45, 0],
							"uv": {
								"east": {"uv": [146, 147], "uv_size": [0.5, 0.5]},
								"south": {"uv": [148, 0], "uv_size": [0.5, 0.5]},
								"west": {"uv": [2, 148], "uv_size": [0.5, 0.5]},
								"up": {"uv": [6, 148], "uv_size": [0.5, 0.5]},
								"down": {"uv": [10, 148.5], "uv_size": [0.5, -0.5]}
							}
						},
						{
							"origin": [-0.33824, -0.9375, -7.38296],
							"size": [0.21217, 0.3125, 0.33471],
							"inflate": -0.0001,
							"pivot": [-0.2019, -0.78125, -7.17325],
							"rotation": [0, -45, 0],
							"uv": {
								"north": {"uv": [147, 134], "uv_size": [0.5, 0.5]},
								"east": {"uv": [147, 138], "uv_size": [0.5, 0.5]},
								"west": {"uv": [147, 142], "uv_size": [0.5, 0.5]},
								"up": {"uv": [144, 147], "uv_size": [0.5, 0.5]},
								"down": {"uv": [147, 144.5], "uv_size": [0.5, -0.5]}
							}
						},
						{
							"origin": [0.12608, -0.9375, -7.48575],
							"size": [0.21415, 0.3125, 0.4375],
							"inflate": -0.0001,
							"pivot": [0.2019, -0.78125, -7.17325],
							"rotation": [0, 45, 0],
							"uv": {
								"north": {"uv": [147, 122], "uv_size": [0.5, 0.5]},
								"east": {"uv": [128, 147], "uv_size": [0.5, 0.5]},
								"west": {"uv": [147, 128], "uv_size": [0.5, 0.5]},
								"up": {"uv": [147, 130], "uv_size": [0.5, 0.5]},
								"down": {"uv": [147, 132.5], "uv_size": [0.5, -0.5]}
							}
						},
						{
							"origin": [-0.23667, 0.875, -7.28125],
							"size": [0.47335, 0.0625, 0.25],
							"pivot": [0.23668, 0.9375, -7.28125],
							"rotation": [-22.5, 0, 0],
							"uv": {
								"north": {"uv": [144, 141], "uv_size": [0.5, 0.5]},
								"east": {"uv": [143, 144], "uv_size": [0.5, 0.5]},
								"west": {"uv": [0, 145], "uv_size": [0.5, 0.5]},
								"up": {"uv": [145, 2], "uv_size": [0.5, 0.5]},
								"down": {"uv": [4, 145.5], "uv_size": [0.5, -0.5]}
							}
						},
						{
							"origin": [-0.23667, 0.875, -1.53125],
							"size": [0.47335, 0.0625, 0.25],
							"pivot": [0.23668, 0.9375, -1.28125],
							"rotation": [22.5, 0, 0],
							"uv": {
								"east": {"uv": [145, 6], "uv_size": [0.5, 0.5]},
								"south": {"uv": [8, 145], "uv_size": [0.5, 0.5]},
								"west": {"uv": [145, 8], "uv_size": [0.5, 0.5]},
								"up": {"uv": [145, 10], "uv_size": [0.5, 0.5]},
								"down": {"uv": [14, 145.5], "uv_size": [0.5, -0.5]}
							}
						},
						{
							"origin": [-0.23667, 0.625, -7.21875],
							"size": [0.47335, 0.28125, 5.9375],
							"uv": {
								"north": {"uv": [145, 4], "uv_size": [0.5, 0.5]},
								"up": {"uv": [24, 56], "uv_size": [0.5, 6]}
							}
						},
						{
							"origin": [-0.23667, -0.9375, -7.21875],
							"size": [0.47335, 0.0625, 0.25],
							"pivot": [0.23668, -0.9375, -7.21875],
							"rotation": [45, 0, 0],
							"uv": {
								"north": {"uv": [145, 44], "uv_size": [0.5, 0.5]},
								"east": {"uv": [145, 46], "uv_size": [0.5, 0.5]},
								"west": {"uv": [145, 48], "uv_size": [0.5, 0.5]},
								"up": {"uv": [145, 52], "uv_size": [0.5, 0.5]},
								"down": {"uv": [54, 145.5], "uv_size": [0.5, -0.5]}
							}
						},
						{
							"origin": [0.23668, -0.9375, -7.28125],
							"size": [0.15165, 0.3125, 6],
							"uv": {
								"north": {"uv": [145, 40], "uv_size": [0.5, 0.5]},
								"south": {"uv": [145, 42], "uv_size": [0.5, 0.5]},
								"down": {"uv": [58, 26], "uv_size": [0.5, -6]}
							}
						},
						{
							"origin": [0.23668, -0.9375, -7.28125],
							"size": [0.125, 0.25, 6],
							"pivot": [0.23668, -0.9375, -1.28125],
							"rotation": [0, 0, -22.5],
							"uv": {
								"north": {"uv": [36, 145], "uv_size": [0.5, 0.5]},
								"east": {"uv": [56, 43], "uv_size": [6, 0.5]},
								"south": {"uv": [145, 36], "uv_size": [0.5, 0.5]}
							}
						},
						{
							"origin": [-0.23667, -0.90625, -7.21875],
							"size": [0.47335, 0.28125, 5.9375],
							"uv": {
								"north": {"uv": [145, 34], "uv_size": [0.5, 0.5]},
								"down": {"uv": [56, 58], "uv_size": [0.5, -6]}
							}
						},
						{
							"origin": [-0.36167, -0.9375, -7.28125],
							"size": [0.125, 0.25, 6],
							"pivot": [-0.23667, -0.9375, -1.28125],
							"rotation": [0, 0, 22.5],
							"uv": {
								"north": {"uv": [145, 32], "uv_size": [0.5, 0.5]},
								"south": {"uv": [34, 145], "uv_size": [0.5, 0.5]},
								"west": {"uv": [56, 41], "uv_size": [6, 0.5]}
							}
						},
						{
							"origin": [-0.38832, -0.9375, -7.28125],
							"size": [0.15165, 0.3125, 6],
							"uv": {
								"north": {"uv": [30, 145], "uv_size": [0.5, 0.5]},
								"south": {"uv": [145, 30], "uv_size": [0.5, 0.5]},
								"down": {"uv": [56, 40], "uv_size": [0.5, -6]}
							}
						},
						{
							"origin": [-0.23667, -0.9375, -1.59375],
							"size": [0.47335, 0.0625, 0.25],
							"pivot": [0.23668, -0.9375, -1.34375],
							"rotation": [-45, 0, 0],
							"uv": {
								"east": {"uv": [145, 20], "uv_size": [0.5, 0.5]},
								"south": {"uv": [145, 22], "uv_size": [0.5, 0.5]},
								"west": {"uv": [24, 145], "uv_size": [0.5, 0.5]},
								"down": {"uv": [145, 26.5], "uv_size": [0.5, -0.5]}
							}
						},
						{
							"origin": [0.6875, 0.23667, -7.28125],
							"size": [0.25, 0.15165, 6],
							"uv": {
								"north": {"uv": [143, 112], "uv_size": [0.5, 0.5]},
								"east": {"uv": [6, 53], "uv_size": [6, 0.5]},
								"south": {"uv": [114, 143], "uv_size": [0.5, 0.5]},
								"west": {"uv": [53, 6], "uv_size": [6, 0.5]},
								"down": {"uv": [22, 59], "uv_size": [0.5, -6]}
							}
						},
						{
							"origin": [0.6875, -0.38833, -7.28125],
							"size": [0.25, 0.1517, 6],
							"uv": {
								"north": {"uv": [145, 54], "uv_size": [0.5, 0.5]},
								"east": {"uv": [56, 45], "uv_size": [6, 0.5]},
								"south": {"uv": [145, 58], "uv_size": [0.5, 0.5]},
								"west": {"uv": [57, 0], "uv_size": [6, 0.5]},
								"up": {"uv": [58, 27], "uv_size": [0.5, 6]}
							}
						},
						{
							"origin": [0.6875, -0.34022, -7.32952],
							"size": [0.25, 0.2142, 0.34375],
							"inflate": -0.0001,
							"pivot": [0.8125, -0.20187, -7.11077],
							"rotation": [-45, 0, 0],
							"uv": {
								"north": {"uv": [147, 32], "uv_size": [0.5, 0.5]},
								"east": {"uv": [34, 147], "uv_size": [0.5, 0.5]},
								"west": {"uv": [147, 34], "uv_size": [0.5, 0.5]},
								"up": {"uv": [36, 147], "uv_size": [0.5, 0.5]},
								"down": {"uv": [147, 36.5], "uv_size": [0.5, -0.5]}
							}
						},
						{
							"origin": [0.6875, 0.12602, -7.42327],
							"size": [0.25, 0.2142, 0.4375],
							"inflate": -0.0001,
							"pivot": [0.8125, 0.20187, -7.11077],
							"rotation": [45, 0, 0],
							"uv": {
								"north": {"uv": [147, 40], "uv_size": [0.5, 0.5]},
								"east": {"uv": [147, 42], "uv_size": [0.5, 0.5]},
								"south": {"uv": [147, 44], "uv_size": [0.5, 0.5]},
								"west": {"uv": [147, 46], "uv_size": [0.5, 0.5]},
								"up": {"uv": [147, 48], "uv_size": [0.5, 0.5]},
								"down": {"uv": [147, 52.5], "uv_size": [0.5, -0.5]}
							}
						},
						{
							"origin": [0.6875, -0.34022, -1.57673],
							"size": [0.25, 0.2142, 0.34375],
							"inflate": -0.0001,
							"pivot": [0.8125, -0.20187, -1.45173],
							"rotation": [45, 0, 0],
							"uv": {
								"east": {"uv": [147, 62], "uv_size": [0.5, 0.5]},
								"south": {"uv": [147, 64], "uv_size": [0.5, 0.5]},
								"west": {"uv": [66, 147], "uv_size": [0.5, 0.5]},
								"up": {"uv": [147, 68], "uv_size": [0.5, 0.5]},
								"down": {"uv": [70, 147.5], "uv_size": [0.5, -0.5]}
							}
						},
						{
							"origin": [0.6875, 0.12602, -1.57673],
							"size": [0.25, 0.2142, 0.4375],
							"inflate": -0.0001,
							"pivot": [0.8125, 0.20187, -1.45173],
							"rotation": [-45, 0, 0],
							"uv": {
								"north": {"uv": [54, 147], "uv_size": [0.5, 0.5]},
								"east": {"uv": [147, 54], "uv_size": [0.5, 0.5]},
								"south": {"uv": [147, 58], "uv_size": [0.5, 0.5]},
								"west": {"uv": [60, 147], "uv_size": [0.5, 0.5]},
								"up": {"uv": [147, 60], "uv_size": [0.5, 0.5]},
								"down": {"uv": [62, 147.5], "uv_size": [0.5, -0.5]}
							}
						},
						{
							"origin": [0.875, -0.23663, -7.28125],
							"size": [0.0625, 0.125, 6],
							"pivot": [0.9375, -0.23663, -7.28125],
							"rotation": [0, 0, -45],
							"uv": {
								"north": {"uv": [78, 145], "uv_size": [0.5, 0.5]},
								"east": {"uv": [58, 36], "uv_size": [6, 0.5]},
								"south": {"uv": [80, 145], "uv_size": [0.5, 0.5]},
								"west": {"uv": [58, 38], "uv_size": [6, 0.5]},
								"up": {"uv": [58, 52], "uv_size": [0.5, 6]}
							}
						},
						{
							"origin": [0.875, 0.11162, -7.28125],
							"size": [0.0625, 0.125, 6],
							"pivot": [0.9375, 0.23662, -7.28125],
							"rotation": [0, 0, 45],
							"uv": {
								"north": {"uv": [82, 145], "uv_size": [0.5, 0.5]},
								"east": {"uv": [51, 59], "uv_size": [6, 0.5]},
								"south": {"uv": [84, 145], "uv_size": [0.5, 0.5]},
								"west": {"uv": [58, 59], "uv_size": [6, 0.5]},
								"up": {"uv": [35, 59], "uv_size": [0.5, 6]},
								"down": {"uv": [37, 65], "uv_size": [0.5, -6]}
							}
						},
						{
							"origin": [0.6875, -0.23663, -7.21875],
							"size": [0.25, 0.4733, 0.375],
							"pivot": [0.9375, 0.23667, -7.21875],
							"rotation": [0, -22.5, 0],
							"uv": {
								"north": {"uv": [60, 145], "uv_size": [0.5, 0.5]},
								"south": {"uv": [145, 60], "uv_size": [0.5, 0.5]},
								"west": {"uv": [62, 145], "uv_size": [0.5, 0.5]},
								"up": {"uv": [145, 62], "uv_size": [0.5, 0.5]},
								"down": {"uv": [145, 64.5], "uv_size": [0.5, -0.5]}
							}
						},
						{
							"origin": [0.6875, -0.23663, -1.71875],
							"size": [0.25, 0.4733, 0.375],
							"pivot": [0.9375, 0.23667, -1.34375],
							"rotation": [0, 22.5, 0],
							"uv": {
								"north": {"uv": [145, 68], "uv_size": [0.5, 0.5]},
								"east": {"uv": [70, 145], "uv_size": [0.5, 0.5]},
								"south": {"uv": [72, 145], "uv_size": [0.5, 0.5]},
								"west": {"uv": [145, 72], "uv_size": [0.5, 0.5]},
								"up": {"uv": [145, 74], "uv_size": [0.5, 0.5]},
								"down": {"uv": [76, 145.5], "uv_size": [0.5, -0.5]}
							}
						},
						{
							"origin": [0.6875, -0.23663, -7.15625],
							"size": [0.21875, 0.4733, 5.875],
							"uv": {
								"south": {"uv": [66, 145], "uv_size": [0.5, 0.5]},
								"west": {"uv": [58, 34], "uv_size": [6, 0.5]}
							}
						},
						{
							"origin": [-0.9375, 0.11162, -7.28125],
							"size": [0.0625, 0.125, 6],
							"pivot": [-0.9375, 0.23662, -7.28125],
							"rotation": [0, 0, -45],
							"uv": {
								"north": {"uv": [145, 128], "uv_size": [0.5, 0.5]},
								"east": {"uv": [60, 21], "uv_size": [6, 0.5]},
								"south": {"uv": [145, 130], "uv_size": [0.5, 0.5]},
								"west": {"uv": [60, 23], "uv_size": [6, 0.5]},
								"up": {"uv": [60, 25], "uv_size": [0.5, 6]},
								"down": {"uv": [43, 66], "uv_size": [0.5, -6]}
							}
						},
						{
							"origin": [-0.9375, -0.23663, -7.28125],
							"size": [0.0625, 0.125, 6],
							"pivot": [-0.9375, -0.23663, -7.28125],
							"rotation": [0, 0, 45],
							"uv": {
								"north": {"uv": [145, 122], "uv_size": [0.5, 0.5]},
								"east": {"uv": [60, 6], "uv_size": [6, 0.5]},
								"south": {"uv": [128, 145], "uv_size": [0.5, 0.5]},
								"west": {"uv": [60, 12], "uv_size": [6, 0.5]},
								"up": {"uv": [60, 14], "uv_size": [0.5, 6]},
								"down": {"uv": [21, 66], "uv_size": [0.5, -6]}
							}
						},
						{
							"origin": [-0.9375, -0.23663, -1.65625],
							"size": [0.25, 0.4733, 0.375],
							"pivot": [-0.9375, 0.23667, -1.28125],
							"rotation": [0, -22.5, 0],
							"uv": {
								"north": {"uv": [145, 94], "uv_size": [0.5, 0.5]},
								"east": {"uv": [98, 145], "uv_size": [0.5, 0.5]},
								"south": {"uv": [100, 145], "uv_size": [0.5, 0.5]},
								"west": {"uv": [104, 145], "uv_size": [0.5, 0.5]},
								"up": {"uv": [145, 112], "uv_size": [0.5, 0.5]},
								"down": {"uv": [114, 145.5], "uv_size": [0.5, -0.5]}
							}
						},
						{
							"origin": [-0.90625, -0.23663, -7.15625],
							"size": [0.21875, 0.4733, 5.875],
							"uv": {
								"north": {"uv": [94, 145], "uv_size": [0.5, 0.5]},
								"east": {"uv": [60, 2], "uv_size": [6, 0.5]},
								"down": {"uv": [41, 65], "uv_size": [0.5, -6]}
							}
						},
						{
							"origin": [-0.9375, -0.23663, -7.28125],
							"size": [0.25, 0.4733, 0.375],
							"pivot": [-0.9375, 0.23667, -7.28125],
							"rotation": [0, 22.5, 0],
							"uv": {
								"north": {"uv": [145, 84], "uv_size": [0.5, 0.5]},
								"east": {"uv": [86, 145], "uv_size": [0.5, 0.5]},
								"south": {"uv": [145, 86], "uv_size": [0.5, 0.5]},
								"up": {"uv": [90, 145], "uv_size": [0.5, 0.5]},
								"down": {"uv": [145, 90.5], "uv_size": [0.5, -0.5]}
							}
						},
						{
							"origin": [-0.9375, -0.38833, -7.28125],
							"size": [0.25, 0.15165, 6],
							"uv": {
								"north": {"uv": [145, 132], "uv_size": [0.5, 0.5]},
								"east": {"uv": [60, 32], "uv_size": [6, 0.5]},
								"south": {"uv": [145, 134], "uv_size": [0.5, 0.5]},
								"west": {"uv": [60, 52], "uv_size": [6, 0.5]},
								"up": {"uv": [4, 61], "uv_size": [0.5, 6]}
							}
						},
						{
							"origin": [-0.9375, 0.23667, -7.28125],
							"size": [0.25, 0.15165, 6],
							"uv": {
								"north": {"uv": [145, 138], "uv_size": [0.5, 0.5]},
								"east": {"uv": [60, 54], "uv_size": [6, 0.5]},
								"south": {"uv": [145, 143], "uv_size": [0.5, 0.5]},
								"west": {"uv": [60, 56], "uv_size": [6, 0.5]},
								"down": {"uv": [14, 67], "uv_size": [0.5, -6]}
							}
						}
					]
				},
				{
					"name": "sdsad3",
					"parent": "64xy",
					"pivot": [0, 0, -10.28125],
					"rotation": [0, 0, 22.5],
					"cubes": [
						{
							"origin": [-0.38833, 0.3125, -8.78125],
							"size": [0.77665, 0.625, 1.5],
							"pivot": [0, 0, -1.28125],
							"rotation": [0, 0, 45],
							"uv": {
								"north": {"uv": [55, 118], "uv_size": [1, 0.5]},
								"east": {"uv": [102, 4], "uv_size": [1.5, 0.5]},
								"south": {"uv": [118, 58], "uv_size": [1, 0.5]},
								"west": {"uv": [102, 13], "uv_size": [1.5, 0.5]},
								"up": {"uv": [83, 70], "uv_size": [1, 1.5]},
								"down": {"uv": [83, 74.5], "uv_size": [1, -1.5]}
							}
						},
						{
							"origin": [-0.38833, -0.9375, -8.78125],
							"size": [0.77665, 0.625, 1.5],
							"pivot": [0, 0, -1.28125],
							"rotation": [0, 0, 45],
							"uv": {
								"north": {"uv": [60, 118], "uv_size": [1, 0.5]},
								"east": {"uv": [102, 27], "uv_size": [1.5, 0.5]},
								"south": {"uv": [62, 118], "uv_size": [1, 0.5]},
								"west": {"uv": [34, 102], "uv_size": [1.5, 0.5]},
								"up": {"uv": [83, 76], "uv_size": [1, 1.5]},
								"down": {"uv": [82, 84.5], "uv_size": [1, -1.5]}
							}
						},
						{
							"origin": [-0.38833, -0.9375, -8.78125],
							"size": [0.77665, 0.625, 1.5],
							"uv": {
								"north": {"uv": [69, 118], "uv_size": [1, 0.5]},
								"east": {"uv": [102, 40], "uv_size": [1.5, 0.5]},
								"south": {"uv": [118, 69], "uv_size": [1, 0.5]},
								"west": {"uv": [102, 47], "uv_size": [1.5, 0.5]},
								"up": {"uv": [2, 84], "uv_size": [1, 1.5]},
								"down": {"uv": [84, 9.5], "uv_size": [1, -1.5]}
							}
						},
						{
							"origin": [-0.38833, 0.3125, -8.78125],
							"size": [0.77665, 0.625, 1.5],
							"uv": {
								"north": {"uv": [73, 118], "uv_size": [1, 0.5]},
								"east": {"uv": [102, 63], "uv_size": [1.5, 0.5]},
								"south": {"uv": [118, 74], "uv_size": [1, 0.5]},
								"west": {"uv": [64, 102], "uv_size": [1.5, 0.5]},
								"up": {"uv": [18, 84], "uv_size": [1, 1.5]},
								"down": {"uv": [24, 85.5], "uv_size": [1, -1.5]}
							}
						},
						{
							"origin": [0.3125, -0.38833, -8.78125],
							"size": [0.625, 0.77665, 1.5],
							"pivot": [0, 0, -1.28125],
							"rotation": [0, 0, 45],
							"uv": {
								"north": {"uv": [80, 118], "uv_size": [0.5, 1]},
								"east": {"uv": [83, 41], "uv_size": [1.5, 1]},
								"south": {"uv": [118, 80], "uv_size": [0.5, 1]},
								"west": {"uv": [83, 79], "uv_size": [1.5, 1]},
								"up": {"uv": [23, 102], "uv_size": [0.5, 1.5]},
								"down": {"uv": [45, 103.5], "uv_size": [0.5, -1.5]}
							}
						},
						{
							"origin": [-0.9375, -0.38833, -8.78125],
							"size": [0.625, 0.77665, 1.5],
							"pivot": [0, 0, -1.28125],
							"rotation": [0, 0, 45],
							"uv": {
								"north": {"uv": [118, 82], "uv_size": [0.5, 1]},
								"east": {"uv": [84, 15], "uv_size": [1.5, 1]},
								"south": {"uv": [118, 84], "uv_size": [0.5, 1]},
								"west": {"uv": [84, 19], "uv_size": [1.5, 1]},
								"up": {"uv": [102, 65], "uv_size": [0.5, 1.5]},
								"down": {"uv": [71, 103.5], "uv_size": [0.5, -1.5]}
							}
						},
						{
							"origin": [0.3125, -0.38833, -8.78125],
							"size": [0.625, 0.77665, 1.5],
							"uv": {
								"north": {"uv": [118, 86], "uv_size": [0.5, 1]},
								"east": {"uv": [84, 51], "uv_size": [1.5, 1]},
								"south": {"uv": [118, 92], "uv_size": [0.5, 1]},
								"west": {"uv": [55, 84], "uv_size": [1.5, 1]},
								"up": {"uv": [73, 102], "uv_size": [0.5, 1.5]},
								"down": {"uv": [90, 103.5], "uv_size": [0.5, -1.5]}
							}
						},
						{
							"origin": [-0.9375, -0.38833, -8.78125],
							"size": [0.625, 0.77665, 1.5],
							"uv": {
								"north": {"uv": [94, 118], "uv_size": [0.5, 1]},
								"east": {"uv": [58, 84], "uv_size": [1.5, 1]},
								"south": {"uv": [118, 97], "uv_size": [0.5, 1]},
								"west": {"uv": [84, 60], "uv_size": [1.5, 1]},
								"up": {"uv": [102, 90], "uv_size": [0.5, 1.5]},
								"down": {"uv": [92, 103.5], "uv_size": [0.5, -1.5]}
							}
						}
					]
				}
			]
		}
	]
}