{
	"format_version": "1.12.0",
	"minecraft:geometry": [
		{
			"description": {
				"identifier": "geometry.unknown",
				"texture_width": 32,
				"texture_height": 32,
				"visible_bounds_width": 2,
				"visible_bounds_height": 1.5,
				"visible_bounds_offset": [0, 0.25, 0]
			},
			"bones": [
				{
					"name": "86sc",
					"pivot": [-0.125, -1.68454, -4.39018],
					"cubes": [
						{
							"origin": [-0.375, -2.02452, 4.19594],
							"size": [0.75, 1.5, 2],
							"uv": {
								"north": {"uv": [4, 12], "uv_size": [0.75, 1.5]},
								"east": {"uv": [0, 6], "uv_size": [2, 1.5]},
								"south": {"uv": [12, 4], "uv_size": [0.75, 1.5]},
								"west": {"uv": [3, 6], "uv_size": [2, 1.5]},
								"up": {"uv": [2, 9], "uv_size": [0.75, 2]},
								"down": {"uv": [4, 11], "uv_size": [0.75, -2]}
							}
						},
						{
							"origin": [-0.375, -1.77452, 1.44594],
							"size": [0.75, 1, 2.75],
							"uv": {
								"east": {"uv": [6, 6], "uv_size": [2.75, 1]},
								"west": {"uv": [8, 0], "uv_size": [2.75, 1]},
								"up": {"uv": [8, 2], "uv_size": [0.75, 2.75]},
								"down": {"uv": [6, 10.75], "uv_size": [0.75, -2.75]}
							}
						},
						{
							"origin": [-0.375, -0.77452, 1.44594],
							"size": [0.75, 0.25, 2.75],
							"inflate": -0.002,
							"pivot": [-0.5, -0.52452, 4.19594],
							"rotation": [2.5, 0, 0],
							"uv": {
								"east": {"uv": [14, 0], "uv_size": [2.75, 0.25]},
								"west": {"uv": [14, 4], "uv_size": [2.75, 0.25]},
								"up": {"uv": [8, 8], "uv_size": [0.75, 2.75]}
							}
						},
						{
							"origin": [-0.375, -2.02452, 1.44594],
							"size": [0.75, 0.25, 2.75],
							"inflate": -0.002,
							"pivot": [-0.5, -2.02452, 4.19594],
							"rotation": [-2.5, 0, 0],
							"uv": {
								"east": {"uv": [14, 6], "uv_size": [2.75, 0.25]},
								"west": {"uv": [14, 8], "uv_size": [2.75, 0.25]},
								"down": {"uv": [0, 11.75], "uv_size": [0.75, -2.75]}
							}
						},
						{
							"origin": [-0.375, -1.96202, 6.19594],
							"size": [0.75, 1.3125, 1],
							"uv": {
								"east": {"uv": [12, 0], "uv_size": [1, 1]},
								"south": {"uv": [12, 11], "uv_size": [0.75, 1]},
								"west": {"uv": [6, 12], "uv_size": [1, 1]},
								"down": {"uv": [0, 14], "uv_size": [0.75, -1]}
							}
						},
						{
							"origin": [-0.5, -1.77452, 1.19594],
							"size": [1, 1.25, 0.3125],
							"uv": {
								"north": {"uv": [10, 10], "uv_size": [1, 1.25]},
								"east": {"uv": [3, 19], "uv_size": [0.25, 1.25]},
								"south": {"uv": [2, 12], "uv_size": [1, 1.25]},
								"west": {"uv": [10, 19], "uv_size": [0.25, 1.25]},
								"up": {"uv": [18, 20], "uv_size": [1, 0.25]},
								"down": {"uv": [20, 20.25], "uv_size": [1, -0.25]}
							}
						},
						{
							"origin": [-0.09375, -1.77452, 1.50844],
							"size": [0.1875, 1.25, 0.25],
							"uv": {
								"north": {"uv": [12, 19], "uv_size": [0.25, 1.25]},
								"east": {"uv": [19, 17], "uv_size": [0.25, 1.25]},
								"south": {"uv": [20, 0], "uv_size": [0.25, 1.25]},
								"west": {"uv": [20, 3], "uv_size": [0.25, 1.25]},
								"up": {"uv": [26, 22], "uv_size": [0.25, 0.25]},
								"down": {"uv": [24, 26.25], "uv_size": [0.25, -0.25]}
							}
						},
						{
							"origin": [-0.375, -8.5625, 10.15796],
							"size": [0.75, 0.3125, 0.1875],
							"pivot": [0, -9.0625, 0.69594],
							"rotation": [-90, 0, 180],
							"uv": {
								"north": {"uv": [18, 22], "uv_size": [0.75, 0.25]},
								"east": {"uv": [26, 24], "uv_size": [0.25, 0.25]},
								"south": {"uv": [20, 22], "uv_size": [0.75, 0.25]},
								"west": {"uv": [26, 26], "uv_size": [0.25, 0.25]},
								"up": {"uv": [22, 20], "uv_size": [0.75, 0.25]},
								"down": {"uv": [22, 22.25], "uv_size": [0.75, -0.25]}
							}
						},
						{
							"origin": [7.41923, -8.5625, 5.65796],
							"size": [0.75, 0.3125, 0.1875],
							"pivot": [0, -9.0625, 0.69594],
							"rotation": [-90, 0, -120],
							"uv": {
								"north": {"uv": [0, 23], "uv_size": [0.75, 0.25]},
								"east": {"uv": [0, 27], "uv_size": [0.25, 0.25]},
								"south": {"uv": [14, 23], "uv_size": [0.75, 0.25]},
								"west": {"uv": [14, 27], "uv_size": [0.25, 0.25]},
								"up": {"uv": [23, 16], "uv_size": [0.75, 0.25]},
								"down": {"uv": [23, 18.25], "uv_size": [0.75, -0.25]}
							}
						},
						{
							"origin": [7.41923, -8.5625, -3.34204],
							"size": [0.75, 0.3125, 0.1875],
							"pivot": [0, -9.0625, 0.69594],
							"rotation": [-90, 0, -60],
							"uv": {
								"north": {"uv": [24, 0], "uv_size": [0.75, 0.25]},
								"east": {"uv": [27, 16], "uv_size": [0.25, 0.25]},
								"south": {"uv": [2, 24], "uv_size": [0.75, 0.25]},
								"west": {"uv": [27, 18], "uv_size": [0.25, 0.25]},
								"up": {"uv": [24, 2], "uv_size": [0.75, 0.25]},
								"down": {"uv": [4, 24.25], "uv_size": [0.75, -0.25]}
							}
						},
						{
							"origin": [-8.16923, -8.5625, -3.34204],
							"size": [0.75, 0.3125, 0.1875],
							"pivot": [0, -9.0625, 0.69594],
							"rotation": [-90, 0, 60],
							"uv": {
								"north": {"uv": [24, 4], "uv_size": [0.75, 0.25]},
								"east": {"uv": [28, 0], "uv_size": [0.25, 0.25]},
								"south": {"uv": [6, 24], "uv_size": [0.75, 0.25]},
								"west": {"uv": [2, 28], "uv_size": [0.25, 0.25]},
								"up": {"uv": [24, 6], "uv_size": [0.75, 0.25]},
								"down": {"uv": [8, 24.25], "uv_size": [0.75, -0.25]}
							}
						},
						{
							"origin": [-8.16923, -8.5625, 5.65796],
							"size": [0.75, 0.3125, 0.1875],
							"pivot": [0, -9.0625, 0.69594],
							"rotation": [-90, 0, 120],
							"uv": {
								"north": {"uv": [24, 8], "uv_size": [0.75, 0.25]},
								"east": {"uv": [28, 2], "uv_size": [0.25, 0.25]},
								"south": {"uv": [10, 24], "uv_size": [0.75, 0.25]},
								"west": {"uv": [4, 28], "uv_size": [0.25, 0.25]},
								"up": {"uv": [24, 10], "uv_size": [0.75, 0.25]},
								"down": {"uv": [12, 24.25], "uv_size": [0.75, -0.25]}
							}
						},
						{
							"origin": [-0.25, -2.39952, 1.19594],
							"size": [0.5, 0.625, 0.3125],
							"uv": {
								"north": {"uv": [18, 2], "uv_size": [0.5, 0.75]},
								"east": {"uv": [24, 12], "uv_size": [0.25, 0.75]},
								"south": {"uv": [18, 4], "uv_size": [0.5, 0.75]},
								"west": {"uv": [24, 14], "uv_size": [0.25, 0.75]}
							}
						},
						{
							"origin": [-0.25, -2.39638, 1.08481],
							"size": [0.5, 0.22097, 0.22097],
							"pivot": [0, -2.5321, 1.13658],
							"rotation": [-45, 0, 0],
							"uv": {
								"east": {"uv": [28, 4], "uv_size": [0.25, 0.25]},
								"south": {"uv": [25, 18], "uv_size": [0.5, 0.25]},
								"west": {"uv": [6, 28], "uv_size": [0.25, 0.25]},
								"down": {"uv": [26, 0.25], "uv_size": [0.5, -0.25]}
							}
						},
						{
							"origin": [-0.49372, -2.28969, 1.19594],
							"size": [0.70711, 0.70711, 0.3125],
							"inflate": -0.002,
							"pivot": [0.125, -2.02452, 1.32094],
							"rotation": [0, 0, 45],
							"uv": {
								"north": {"uv": [6, 14], "uv_size": [0.75, 0.75]},
								"south": {"uv": [14, 10], "uv_size": [0.75, 0.75]},
								"west": {"uv": [16, 24], "uv_size": [0.25, 0.75]},
								"down": {"uv": [18, 24.25], "uv_size": [0.75, -0.25]}
							}
						},
						{
							"origin": [-0.375, -0.64952, 6.19594],
							"size": [0.75, 0.375, 0.625],
							"uv": {
								"east": {"uv": [6, 18], "uv_size": [0.75, 0.5]},
								"west": {"uv": [18, 6], "uv_size": [0.75, 0.5]},
								"up": {"uv": [14, 12], "uv_size": [0.75, 0.75]}
							}
						},
						{
							"origin": [-0.375, -2.73163, 6.76916],
							"size": [0.75, 1.08211, 0.42678],
							"inflate": -0.002,
							"pivot": [-0.375, -1.64952, 7.19594],
							"rotation": [-70, 0, 0],
							"uv": {
								"north": {"uv": [10, 13], "uv_size": [0.75, 1]},
								"east": {"uv": [16, 2], "uv_size": [0.5, 1]},
								"south": {"uv": [12, 13], "uv_size": [0.75, 1]},
								"west": {"uv": [6, 16], "uv_size": [0.5, 1]},
								"down": {"uv": [8, 18.5], "uv_size": [0.75, -0.5]}
							}
						},
						{
							"origin": [-0.375, -1.02897, 5.88344],
							"size": [0.75, 0.45711, 0.42678],
							"inflate": -0.002,
							"pivot": [0, -0.67541, 6.09683],
							"rotation": [135, 0, 0],
							"uv": {
								"east": {"uv": [21, 16], "uv_size": [0.5, 0.5]},
								"south": {"uv": [18, 8], "uv_size": [0.75, 0.5]},
								"west": {"uv": [21, 18], "uv_size": [0.5, 0.5]},
								"down": {"uv": [18, 10.5], "uv_size": [0.75, -0.5]}
							}
						},
						{
							"origin": [-0.375, -0.90397, 6.58166],
							"size": [0.75, 0.53034, 0.42678],
							"inflate": -0.002,
							"pivot": [0, -0.55041, 6.79505],
							"rotation": [45, 0, 0],
							"uv": {
								"east": {"uv": [22, 0], "uv_size": [0.5, 0.5]},
								"south": {"uv": [18, 12], "uv_size": [0.75, 0.5]},
								"west": {"uv": [2, 22], "uv_size": [0.5, 0.5]}
							}
						},
						{
							"origin": [-0.373, -2.45352, 6.64607],
							"size": [0.75, 0.40534, 0.30178],
							"inflate": -0.001,
							"pivot": [0.002, -2.0223, 6.5501],
							"rotation": [-135, 0, 0],
							"uv": {
								"east": {"uv": [22, 0], "uv_size": [0.5, 0.5]},
								"south": {"uv": [18, 12], "uv_size": [0.75, 0.5]},
								"west": {"uv": [12.5, 31.5], "uv_size": [0.5, 0.5]}
							}
						},
						{
							"origin": [-0.373, -2.08748, 6.22465],
							"size": [0.75, 0.32813, 0.625],
							"pivot": [0.002, -2.0223, 6.5501],
							"rotation": [-180, 0, 0],
							"uv": {
								"east": {"uv": [6, 18], "uv_size": [0.75, 0.5]},
								"west": {"uv": [28.5, 15.5], "uv_size": [0.75, 0.5]},
								"up": {"uv": [14, 12], "uv_size": [0.75, 0.75]}
							}
						},
						{
							"origin": [-0.373, -1.97811, 6.72688],
							"size": [0.75, 0.45711, 0.23928],
							"inflate": -0.002,
							"pivot": [0.002, -2.0223, 6.5501],
							"rotation": [-45, 0, 0],
							"uv": {
								"east": {"uv": [21, 16], "uv_size": [0.5, 0.5]},
								"south": {"uv": [18, 8], "uv_size": [0.75, 0.5]},
								"west": {"uv": [31.5, 27.5], "uv_size": [0.5, 0.5]},
								"down": {"uv": [18, 10.5], "uv_size": [0.75, -0.5]}
							}
						}
					]
				},
				{
					"name": "bone",
					"parent": "86sc",
					"pivot": [0, -1.15562, -5.66386],
					"cubes": [
						{
							"origin": [-0.125, -2.02452, -1.80406],
							"size": [0.25, 1.25, 3],
							"uv": {
								"north": {"uv": [14, 18], "uv_size": [0.25, 1.25]},
								"east": {"uv": [0, 0], "uv_size": [3, 1.25]},
								"west": {"uv": [0, 3], "uv_size": [3, 1.25]},
								"down": {"uv": [12, 10], "uv_size": [0.25, -3]}
							}
						},
						{
							"origin": [-0.125, -2.02452, -5.42906],
							"size": [0.25, 1.25, 3],
							"inflate": 0.005,
							"uv": {
								"east": {"uv": [4, 0], "uv_size": [3, 1.25]},
								"south": {"uv": [18, 14], "uv_size": [0.25, 1.25]},
								"west": {"uv": [4, 3], "uv_size": [3, 1.25]},
								"down": {"uv": [8, 15], "uv_size": [0.25, -3]}
							}
						},
						{
							"origin": [-0.125, -1.27452, -2.42906],
							"size": [0.25, 0.5, 0.625],
							"uv": {
								"north": {"uv": [20, 24], "uv_size": [0.25, 0.5]},
								"east": {"uv": [8, 16], "uv_size": [0.75, 0.5]},
								"west": {"uv": [16, 10], "uv_size": [0.75, 0.5]},
								"down": {"uv": [22, 2.75], "uv_size": [0.25, -0.75]}
							}
						},
						{
							"origin": [-0.125, -2.02452, -2.42906],
							"size": [0.25, 0.5, 0.625],
							"uv": {
								"north": {"uv": [24, 20], "uv_size": [0.25, 0.5]},
								"east": {"uv": [16, 12], "uv_size": [0.75, 0.5]},
								"west": {"uv": [14, 16], "uv_size": [0.75, 0.5]},
								"up": {"uv": [4, 22], "uv_size": [0.25, 0.75]},
								"down": {"uv": [22, 4.75], "uv_size": [0.25, -0.75]}
							}
						},
						{
							"origin": [-0.125, -1.02452, -3.67906],
							"size": [0.25, 0.25, 1.25],
							"uv": {
								"east": {"uv": [16, 18], "uv_size": [1.25, 0.25]},
								"west": {"uv": [0, 19], "uv_size": [1.25, 0.25]}
							}
						},
						{
							"origin": [-0.22097, -0.80799, -3.67906],
							"size": [0.17678, 0.17678, 4.875],
							"pivot": [0, -0.58702, -0.30406],
							"rotation": [0, 0, -45],
							"uv": {
								"south": {"uv": [2, 26], "uv_size": [0.25, 0.25]},
								"west": {"uv": [10, 2], "uv_size": [5, 0.25]},
								"up": {"uv": [10, 4], "uv_size": [0.25, 5]}
							}
						},
						{
							"origin": [-0.125, -1.07841, -4.42125],
							"size": [0.25, 0.25, 0.75],
							"pivot": [0, -0.89091, -4.29234],
							"rotation": [5, 0, 0],
							"uv": {
								"east": {"uv": [6, 22], "uv_size": [0.75, 0.25]},
								"west": {"uv": [22, 6], "uv_size": [0.75, 0.25]},
								"up": {"uv": [8, 22], "uv_size": [0.25, 0.75]}
							}
						},
						{
							"origin": [-0.04419, -0.93511, -4.42125],
							"size": [0.17677, 0.17678, 0.76563],
							"pivot": [0, -0.89091, -4.29234],
							"rotation": [3.54, 3.5333, -44.8908],
							"uv": {
								"west": {"uv": [22, 8], "uv_size": [0.75, 0.25]},
								"up": {"uv": [10, 22], "uv_size": [0.25, 0.75]}
							}
						},
						{
							"origin": [-0.125, -1.24851, -5.13887],
							"size": [0.25, 0.25, 0.75],
							"pivot": [0, -1.06101, -5.00996],
							"rotation": [15, 0, 0],
							"uv": {
								"north": {"uv": [26, 2], "uv_size": [0.25, 0.25]},
								"east": {"uv": [22, 10], "uv_size": [0.75, 0.25]},
								"west": {"uv": [12, 22], "uv_size": [0.75, 0.25]},
								"up": {"uv": [22, 12], "uv_size": [0.25, 0.75]}
							}
						},
						{
							"origin": [-0.04419, -1.1052, -5.13887],
							"size": [0.17677, 0.17677, 0.76563],
							"pivot": [0, -1.06101, -5.00996],
							"rotation": [10.7286, 10.5453, -44.007],
							"uv": {
								"west": {"uv": [22, 14], "uv_size": [0.75, 0.25]},
								"up": {"uv": [16, 22], "uv_size": [0.25, 0.75]}
							}
						},
						{
							"origin": [-0.125, -1.45443, -5.5482],
							"size": [0.25, 0.1875, 0.46875],
							"pivot": [0, -1.32943, -5.70055],
							"rotation": [22.5, 0, 0],
							"uv": {
								"north": {"uv": [4, 26], "uv_size": [0.25, 0.25]},
								"east": {"uv": [22, 24], "uv_size": [0.5, 0.25]},
								"south": {"uv": [26, 4], "uv_size": [0.25, 0.25]},
								"west": {"uv": [24, 22], "uv_size": [0.5, 0.25]},
								"up": {"uv": [24, 24], "uv_size": [0.25, 0.5]},
								"down": {"uv": [0, 25.5], "uv_size": [0.25, -0.5]}
							}
						},
						{
							"origin": [-0.04419, -1.37362, -5.5482],
							"size": [0.17677, 0.17678, 0.48437],
							"pivot": [0, -1.32943, -5.70055],
							"rotation": [16.3249, 15.6999, -42.7342],
							"uv": {
								"north": {"uv": [6, 26], "uv_size": [0.25, 0.25]},
								"west": {"uv": [14, 25], "uv_size": [0.5, 0.25]},
								"up": {"uv": [25, 16], "uv_size": [0.25, 0.5]}
							}
						},
						{
							"origin": [-0.125, -2.02452, -4.55406],
							"size": [0.25, 0.5, 0.875],
							"pivot": [-0.125, -2.02452, -3.67906],
							"rotation": [-25, 0, 0],
							"uv": {
								"east": {"uv": [14, 14], "uv_size": [1, 0.5]},
								"west": {"uv": [0, 15], "uv_size": [1, 0.5]},
								"down": {"uv": [5, 21], "uv_size": [0.25, -1]}
							}
						},
						{
							"origin": [-0.125, -1.68454, -5.67143],
							"size": [0.25, 0.15625, 0.3125],
							"pivot": [-0.125, -1.68454, -4.39018],
							"rotation": [-15, 0, 0],
							"uv": {
								"east": {"uv": [26, 6], "uv_size": [0.25, 0.25]},
								"west": {"uv": [8, 26], "uv_size": [0.25, 0.25]},
								"up": {"uv": [26, 8], "uv_size": [0.25, 0.25]},
								"down": {"uv": [10, 26.25], "uv_size": [0.25, -0.25]}
							}
						},
						{
							"origin": [-0.01105, -1.32675, -5.72829],
							"size": [0.17678, 0.15625, 0.17677],
							"pivot": [0, -1.26425, -5.71724],
							"rotation": [-20.7536, -43.0795, 14.5108],
							"uv": {
								"north": {"uv": [26, 10], "uv_size": [0.25, 0.25]},
								"east": {"uv": [12, 26], "uv_size": [0.25, 0.25]},
								"south": {"uv": [26, 12], "uv_size": [0.25, 0.25]},
								"west": {"uv": [26, 14], "uv_size": [0.25, 0.25]},
								"up": {"uv": [16, 26], "uv_size": [0.25, 0.25]},
								"down": {"uv": [18, 26.25], "uv_size": [0.25, -0.25]}
							}
						},
						{
							"origin": [-0.125, -1.68454, -5.35893],
							"size": [0.25, 0.3125, 0.96875],
							"pivot": [-0.125, -1.68454, -4.39018],
							"rotation": [-15, 0, 0],
							"uv": {
								"north": {"uv": [20, 26], "uv_size": [0.25, 0.25]},
								"east": {"uv": [20, 6], "uv_size": [1, 0.25]},
								"west": {"uv": [7, 20], "uv_size": [1, 0.25]},
								"down": {"uv": [20, 9], "uv_size": [0.25, -1]}
							}
						},
						{
							"origin": [-0.01105, -1.20249, -5.67491],
							"size": [0.17678, 0.10937, 0.17678],
							"pivot": [0, -1.15562, -5.66386],
							"rotation": [-54.7356, -30, 35.2644],
							"uv": {
								"north": {"uv": [26, 20], "uv_size": [0.25, 0.25]},
								"east": {"uv": [22, 26], "uv_size": [0.25, 0.25]}
							}
						}
					]
				}
			]
		}
	]
}