{
	"format_version": "1.12.0",
	"minecraft:geometry": [
		{
			"description": {
				"identifier": "geometry.unknown",
				"texture_width": 32,
				"texture_height": 32,
				"visible_bounds_width": 2,
				"visible_bounds_height": 1.5,
				"visible_bounds_offset": [0, 0.25, 0]
			},
			"bones": [
				{
					"name": "bayonet",
					"pivot": [0, 0, 0],
					"cubes": [
						{
							"origin": [-0.5, -1.71202, -0.33531],
							"size": [1, 1.25, 0.3125],
							"uv": {
								"north": {"uv": [2, 7], "uv_size": [1, 1.25]},
								"east": {"uv": [10, 8], "uv_size": [0.25, 1.25]},
								"south": {"uv": [3, 7], "uv_size": [1, 1.25]},
								"west": {"uv": [9, 10], "uv_size": [0.25, 1.25]},
								"up": {"uv": [11, 2], "uv_size": [1, 0.25]},
								"down": {"uv": [3, 11.25], "uv_size": [1, -0.25]}
							}
						},
						{
							"origin": [-0.4375, -1.64952, -0.02281],
							"size": [0.875, 1.125, 0.25],
							"uv": {
								"north": {"uv": [7, 5], "uv_size": [1, 1.25]},
								"east": {"uv": [11, 0], "uv_size": [0.25, 1.25]},
								"south": {"uv": [5, 8], "uv_size": [1, 1.25]},
								"west": {"uv": [1, 11], "uv_size": [0.25, 1.25]},
								"up": {"uv": [8, 11], "uv_size": [1, 0.25]},
								"down": {"uv": [11, 8.25], "uv_size": [1, -0.25]}
							}
						},
						{
							"origin": [-0.375, -1.52452, -0.02281],
							"size": [0.75, 0.875, 3.1875],
							"uv": {
								"north": {"uv": [8, 8], "uv_size": [0.75, 1]},
								"east": {"uv": [0, 4], "uv_size": [3.25, 1]},
								"south": {"uv": [0, 9], "uv_size": [0.75, 1]},
								"west": {"uv": [4, 0], "uv_size": [3.25, 1]},
								"up": {"uv": [0, 5], "uv_size": [0.75, 3.25]},
								"down": {"uv": [1, 8.25], "uv_size": [0.75, -3.25]}
							}
						},
						{
							"origin": [-0.4375, -1.27452, 0.41469],
							"size": [0.875, 0.375, 0.375],
							"pivot": [0.125, -1.08702, 0.60219],
							"rotation": [45, 0, 0],
							"uv": {
								"north": {"uv": [3, 10], "uv_size": [1, 0.5]},
								"east": {"uv": [11, 5], "uv_size": [0.5, 0.5]},
								"south": {"uv": [10, 3], "uv_size": [1, 0.5]},
								"west": {"uv": [11, 6], "uv_size": [0.5, 0.5]},
								"up": {"uv": [4, 10], "uv_size": [1, 0.5]},
								"down": {"uv": [10, 4.5], "uv_size": [1, -0.5]}
							}
						},
						{
							"origin": [-0.4375, -1.27452, 2.41469],
							"size": [0.875, 0.375, 0.375],
							"pivot": [0.125, -1.08702, 2.60219],
							"rotation": [45, 0, 0],
							"uv": {
								"north": {"uv": [5, 10], "uv_size": [1, 0.5]},
								"east": {"uv": [7, 11], "uv_size": [0.5, 0.5]},
								"south": {"uv": [10, 5], "uv_size": [1, 0.5]},
								"west": {"uv": [11, 7], "uv_size": [0.5, 0.5]},
								"up": {"uv": [10, 6], "uv_size": [1, 0.5]},
								"down": {"uv": [7, 10.5], "uv_size": [1, -0.5]}
							}
						},
						{
							"origin": [-0.375, -0.77452, -0.08531],
							"size": [0.75, 0.3125, 0.8125],
							"inflate": -0.0001,
							"pivot": [0.5, -0.46202, 0.72719],
							"rotation": [12.5, 0, 0],
							"uv": {
								"north": {"uv": [13, 6], "uv_size": [0.75, 0.25]},
								"east": {"uv": [7, 13], "uv_size": [0.75, 0.25]},
								"south": {"uv": [13, 7], "uv_size": [0.75, 0.25]},
								"west": {"uv": [8, 13], "uv_size": [0.75, 0.25]},
								"up": {"uv": [9, 3], "uv_size": [0.75, 0.75]},
								"down": {"uv": [4, 9.75], "uv_size": [0.75, -0.75]}
							}
						},
						{
							"origin": [-0.375, -0.85874, 2.35436],
							"size": [0.75, 0.3125, 0.8125],
							"inflate": -0.0001,
							"pivot": [0, -0.70249, 2.76061],
							"rotation": [-12.5, 0, 0],
							"uv": {
								"north": {"uv": [13, 8], "uv_size": [0.75, 0.25]},
								"east": {"uv": [9, 13], "uv_size": [0.75, 0.25]},
								"south": {"uv": [13, 9], "uv_size": [0.75, 0.25]},
								"west": {"uv": [10, 13], "uv_size": [0.75, 0.25]},
								"up": {"uv": [9, 4], "uv_size": [0.75, 0.75]},
								"down": {"uv": [9, 5.75], "uv_size": [0.75, -0.75]}
							}
						},
						{
							"origin": [-0.375, -1.70986, -0.08531],
							"size": [0.75, 0.3125, 0.8125],
							"inflate": -0.0001,
							"pivot": [0.5, -1.70986, 0.72719],
							"rotation": [-12.5, 0, 0],
							"uv": {
								"north": {"uv": [13, 12], "uv_size": [0.75, 0.25]},
								"east": {"uv": [13, 13], "uv_size": [0.75, 0.25]},
								"south": {"uv": [0, 14], "uv_size": [0.75, 0.25]},
								"west": {"uv": [14, 0], "uv_size": [0.75, 0.25]},
								"up": {"uv": [9, 8], "uv_size": [0.75, 0.75]},
								"down": {"uv": [9, 9.75], "uv_size": [0.75, -0.75]}
							}
						},
						{
							"origin": [-0.375, -1.62563, 2.35436],
							"size": [0.75, 0.3125, 0.8125],
							"inflate": -0.0001,
							"pivot": [0, -1.46938, 2.76061],
							"rotation": [12.5, 0, 0],
							"uv": {
								"north": {"uv": [13, 10], "uv_size": [0.75, 0.25]},
								"east": {"uv": [11, 13], "uv_size": [0.75, 0.25]},
								"south": {"uv": [13, 11], "uv_size": [0.75, 0.25]},
								"west": {"uv": [12, 13], "uv_size": [0.75, 0.25]},
								"up": {"uv": [9, 6], "uv_size": [0.75, 0.75]},
								"down": {"uv": [8, 9.75], "uv_size": [0.75, -0.75]}
							}
						},
						{
							"origin": [-0.375, -1.70986, 0.72719],
							"size": [0.7499, 1.24772, 1.6707],
							"inflate": 0.0002,
							"uv": {
								"north": {"uv": [8, 5], "uv_size": [0.75, 1.25]},
								"east": {"uv": [2, 5], "uv_size": [1.75, 1.25]},
								"south": {"uv": [7, 8], "uv_size": [0.75, 1.25]},
								"west": {"uv": [4, 5], "uv_size": [1.75, 1.25]},
								"up": {"uv": [6, 5], "uv_size": [0.75, 1.75]},
								"down": {"uv": [7, 2.75], "uv_size": [0.75, -1.75]}
							}
						},
						{
							"origin": [-0.25, -2.33702, -0.33531],
							"size": [0.5, 0.625, 0.3125],
							"uv": {
								"north": {"uv": [10, 7], "uv_size": [0.5, 0.75]},
								"east": {"uv": [11, 9], "uv_size": [0.25, 0.75]},
								"south": {"uv": [8, 10], "uv_size": [0.5, 0.75]},
								"west": {"uv": [11, 10], "uv_size": [0.25, 0.75]}
							}
						},
						{
							"origin": [-0.49372, -2.22719, -0.33531],
							"size": [0.70711, 0.70711, 0.3125],
							"inflate": -0.002,
							"pivot": [0.125, -1.96202, -0.21031],
							"rotation": [0, 0, 45],
							"uv": {
								"north": {"uv": [9, 2], "uv_size": [0.75, 0.75]},
								"south": {"uv": [3, 9], "uv_size": [0.75, 0.75]},
								"west": {"uv": [11, 11], "uv_size": [0.25, 0.75]},
								"down": {"uv": [12, 0.25], "uv_size": [0.75, -0.25]}
							}
						},
						{
							"origin": [-0.25, -2.33388, -0.44644],
							"size": [0.5, 0.22097, 0.22097],
							"pivot": [0, -2.4696, -0.39467],
							"rotation": [-45, 0, 0],
							"uv": {
								"east": {"uv": [5, 14], "uv_size": [0.25, 0.25]},
								"south": {"uv": [1, 14], "uv_size": [0.5, 0.25]},
								"west": {"uv": [14, 5], "uv_size": [0.25, 0.25]},
								"down": {"uv": [14, 1.25], "uv_size": [0.5, -0.25]}
							}
						},
						{
							"origin": [7.41923, -8.5, -4.87329],
							"size": [0.75, 0.3125, 0.1875],
							"pivot": [0, -9, -0.83531],
							"rotation": [-90, 0, -60],
							"uv": {
								"north": {"uv": [12, 1], "uv_size": [0.75, 0.25]},
								"east": {"uv": [6, 14], "uv_size": [0.25, 0.25]},
								"south": {"uv": [2, 12], "uv_size": [0.75, 0.25]},
								"west": {"uv": [14, 6], "uv_size": [0.25, 0.25]},
								"up": {"uv": [12, 2], "uv_size": [0.75, 0.25]},
								"down": {"uv": [3, 12.25], "uv_size": [0.75, -0.25]}
							}
						},
						{
							"origin": [7.41923, -8.5, 4.12671],
							"size": [0.75, 0.3125, 0.1875],
							"pivot": [0, -9, -0.83531],
							"rotation": [-90, 0, -120],
							"uv": {
								"north": {"uv": [12, 3], "uv_size": [0.75, 0.25]},
								"east": {"uv": [7, 14], "uv_size": [0.25, 0.25]},
								"south": {"uv": [4, 12], "uv_size": [0.75, 0.25]},
								"west": {"uv": [14, 7], "uv_size": [0.25, 0.25]},
								"up": {"uv": [12, 4], "uv_size": [0.75, 0.25]},
								"down": {"uv": [5, 12.25], "uv_size": [0.75, -0.25]}
							}
						},
						{
							"origin": [-8.16923, -8.5, 4.12671],
							"size": [0.75, 0.3125, 0.1875],
							"pivot": [0, -9, -0.83531],
							"rotation": [-90, 0, 120],
							"uv": {
								"north": {"uv": [12, 7], "uv_size": [0.75, 0.25]},
								"east": {"uv": [9, 14], "uv_size": [0.25, 0.25]},
								"south": {"uv": [8, 12], "uv_size": [0.75, 0.25]},
								"west": {"uv": [14, 9], "uv_size": [0.25, 0.25]},
								"up": {"uv": [12, 8], "uv_size": [0.75, 0.25]},
								"down": {"uv": [9, 12.25], "uv_size": [0.75, -0.25]}
							}
						},
						{
							"origin": [-8.16923, -8.5, -4.87329],
							"size": [0.75, 0.3125, 0.1875],
							"pivot": [0, -9, -0.83531],
							"rotation": [-90, 0, 60],
							"uv": {
								"north": {"uv": [12, 9], "uv_size": [0.75, 0.25]},
								"east": {"uv": [10, 14], "uv_size": [0.25, 0.25]},
								"south": {"uv": [10, 12], "uv_size": [0.75, 0.25]},
								"west": {"uv": [14, 10], "uv_size": [0.25, 0.25]},
								"up": {"uv": [12, 10], "uv_size": [0.75, 0.25]},
								"down": {"uv": [11, 12.25], "uv_size": [0.75, -0.25]}
							}
						},
						{
							"origin": [-0.4375, -1.64952, 3.16469],
							"size": [0.875, 1.125, 0.5625],
							"uv": {
								"north": {"uv": [7, 3], "uv_size": [1, 1.25]},
								"east": {"uv": [9, 0], "uv_size": [0.5, 1.25]},
								"south": {"uv": [4, 7], "uv_size": [1, 1.25]},
								"west": {"uv": [1, 9], "uv_size": [0.5, 1.25]},
								"up": {"uv": [0, 10], "uv_size": [1, 0.5]},
								"down": {"uv": [10, 0.5], "uv_size": [1, -0.5]}
							}
						}
					]
				},
				{
					"name": "bone",
					"parent": "bayonet",
					"pivot": [0, -1.21202, -4.54956],
					"rotation": [0, 0, -180],
					"cubes": [
						{
							"origin": [-0.125, -1.96202, -4.21031],
							"size": [0.25, 1.25, 3.875],
							"uv": {
								"north": {"uv": [10, 10], "uv_size": [0.25, 1.25]},
								"east": {"uv": [0, 0], "uv_size": [3.75, 1.25]},
								"west": {"uv": [0, 2], "uv_size": [3.75, 1.25]},
								"down": {"uv": [6, 11.75], "uv_size": [0.25, -3.75]}
							}
						},
						{
							"origin": [-0.125, -1.96202, -7.02281],
							"size": [0.25, 1.25, 2.5],
							"inflate": 0.003,
							"uv": {
								"east": {"uv": [4, 1], "uv_size": [2.5, 1.25]},
								"west": {"uv": [4, 3], "uv_size": [2.5, 1.25]},
								"down": {"uv": [2, 11.5], "uv_size": [0.25, -2.5]}
							}
						},
						{
							"origin": [-0.125, -0.83702, -4.52281],
							"size": [0.25, 0.125, 0.3125],
							"uv": {
								"north": {"uv": [15, 6], "uv_size": [0.25, 0.25]},
								"east": {"uv": [7, 15], "uv_size": [0.25, 0.25]},
								"west": {"uv": [15, 7], "uv_size": [0.25, 0.25]},
								"down": {"uv": [8, 15.25], "uv_size": [0.25, -0.25]}
							}
						},
						{
							"origin": [-0.125, -0.91704, -4.591],
							"size": [0.25, 0.09375, 0.1875],
							"inflate": -0.0003,
							"pivot": [0, -0.87017, -4.49725],
							"rotation": [45, 0, 0],
							"uv": {
								"north": {"uv": [15, 8], "uv_size": [0.25, 0.25]},
								"east": {"uv": [9, 15], "uv_size": [0.25, 0.25]},
								"west": {"uv": [15, 9], "uv_size": [0.25, 0.25]},
								"down": {"uv": [10, 15.25], "uv_size": [0.25, -0.25]}
							}
						},
						{
							"origin": [-0.125, -0.91704, -4.32537],
							"size": [0.25, 0.09375, 0.1875],
							"inflate": -0.0003,
							"pivot": [0, -0.87017, -4.23162],
							"rotation": [-45, 0, 0],
							"uv": {
								"north": {"uv": [15, 10], "uv_size": [0.25, 0.25]},
								"east": {"uv": [11, 15], "uv_size": [0.25, 0.25]},
								"west": {"uv": [15, 11], "uv_size": [0.25, 0.25]},
								"down": {"uv": [12, 15.25], "uv_size": [0.25, -0.25]}
							}
						},
						{
							"origin": [-0.125, -1.17671, -4.32537],
							"size": [0.25, 0.09375, 0.1875],
							"inflate": -0.0003,
							"pivot": [0, -1.12983, -4.23162],
							"rotation": [45, 0, 0],
							"uv": {
								"north": {"uv": [15, 14], "uv_size": [0.25, 0.25]},
								"east": {"uv": [15, 15], "uv_size": [0.25, 0.25]},
								"west": {"uv": [0, 16], "uv_size": [0.25, 0.25]},
								"up": {"uv": [16, 0], "uv_size": [0.25, 0.25]}
							}
						},
						{
							"origin": [-0.125, -1.17671, -4.591],
							"size": [0.25, 0.09375, 0.1875],
							"inflate": -0.0003,
							"pivot": [0, -1.12983, -4.49725],
							"rotation": [-45, 0, 0],
							"uv": {
								"north": {"uv": [15, 12], "uv_size": [0.25, 0.25]},
								"east": {"uv": [13, 15], "uv_size": [0.25, 0.25]},
								"west": {"uv": [15, 13], "uv_size": [0.25, 0.25]},
								"up": {"uv": [14, 15], "uv_size": [0.25, 0.25]}
							}
						},
						{
							"origin": [-0.125, -1.96202, -4.52281],
							"size": [0.25, 0.8125, 0.3125],
							"uv": {
								"north": {"uv": [5, 13], "uv_size": [0.25, 0.75]},
								"east": {"uv": [13, 5], "uv_size": [0.25, 0.75]},
								"west": {"uv": [6, 13], "uv_size": [0.25, 0.75]},
								"up": {"uv": [15, 5], "uv_size": [0.25, 0.25]},
								"down": {"uv": [6, 15.25], "uv_size": [0.25, -0.25]}
							}
						},
						{
							"origin": [-0.125, -0.96202, -5.27281],
							"size": [0.25, 0.25, 0.75],
							"uv": {
								"east": {"uv": [12, 11], "uv_size": [0.75, 0.25]},
								"west": {"uv": [12, 12], "uv_size": [0.75, 0.25]}
							}
						},
						{
							"origin": [0.26516, -0.94685, -5.27281],
							"size": [0.17678, 0.17678, 4.9375],
							"pivot": [0, -1.21202, -4.54956],
							"rotation": [0, 0, -45],
							"uv": {
								"south": {"uv": [11, 14], "uv_size": [0.25, 0.25]},
								"west": {"uv": [5, 7], "uv_size": [5, 0.25]},
								"up": {"uv": [8, 0], "uv_size": [0.25, 5]}
							}
						},
						{
							"origin": [-0.125, -0.90088, -5.97648],
							"size": [0.25, 0.25, 0.75],
							"pivot": [0, -1.21202, -4.54956],
							"rotation": [5, 0, 0],
							"uv": {
								"east": {"uv": [0, 13], "uv_size": [0.75, 0.25]},
								"west": {"uv": [13, 0], "uv_size": [0.75, 0.25]},
								"up": {"uv": [1, 13], "uv_size": [0.25, 0.75]}
							}
						},
						{
							"origin": [0.3084, -0.90363, -5.97648],
							"size": [0.17677, 0.17678, 0.76563],
							"pivot": [0, -1.21202, -4.54956],
							"rotation": [3.54, 3.5333, -44.8908],
							"uv": {
								"west": {"uv": [13, 1], "uv_size": [0.75, 0.25]},
								"up": {"uv": [2, 13], "uv_size": [0.25, 0.75]}
							}
						},
						{
							"origin": [-0.125, -0.66163, -6.60737],
							"size": [0.25, 0.25, 0.75],
							"pivot": [0, -1.21202, -4.54956],
							"rotation": [15, 0, 0],
							"uv": {
								"north": {"uv": [14, 11], "uv_size": [0.25, 0.25]},
								"east": {"uv": [13, 2], "uv_size": [0.75, 0.25]},
								"west": {"uv": [3, 13], "uv_size": [0.75, 0.25]},
								"up": {"uv": [13, 3], "uv_size": [0.25, 0.75]}
							}
						},
						{
							"origin": [0.47758, -0.73444, -6.60737],
							"size": [0.17677, 0.17677, 0.76563],
							"pivot": [0, -1.21202, -4.54956],
							"rotation": [10.7286, 10.5453, -44.007],
							"uv": {
								"west": {"uv": [4, 13], "uv_size": [0.75, 0.25]},
								"up": {"uv": [13, 4], "uv_size": [0.25, 0.75]}
							}
						},
						{
							"origin": [-0.125, -0.33738, -6.95403],
							"size": [0.25, 0.1875, 0.46875],
							"pivot": [0, -1.21202, -4.54956],
							"rotation": [22.5, 0, 0],
							"uv": {
								"north": {"uv": [12, 14], "uv_size": [0.25, 0.25]},
								"east": {"uv": [2, 14], "uv_size": [0.5, 0.25]},
								"south": {"uv": [14, 12], "uv_size": [0.25, 0.25]},
								"west": {"uv": [14, 2], "uv_size": [0.5, 0.25]},
								"up": {"uv": [3, 14], "uv_size": [0.25, 0.5]},
								"down": {"uv": [14, 3.5], "uv_size": [0.25, -0.5]}
							}
						},
						{
							"origin": [0.66266, -0.54936, -6.95403],
							"size": [0.17677, 0.17678, 0.48437],
							"pivot": [0, -1.21202, -4.54956],
							"rotation": [16.3249, 15.6999, -42.7342],
							"uv": {
								"north": {"uv": [13, 14], "uv_size": [0.25, 0.25]},
								"west": {"uv": [4, 14], "uv_size": [0.5, 0.25]},
								"up": {"uv": [14, 4], "uv_size": [0.25, 0.5]}
							}
						},
						{
							"origin": [-0.125, -2.19741, -5.76308],
							"size": [0.25, 0.5, 0.875],
							"pivot": [0, -1.21202, -4.54956],
							"rotation": [-25, 0, 0],
							"uv": {
								"east": {"uv": [10, 1], "uv_size": [1, 0.5]},
								"west": {"uv": [10, 2], "uv_size": [1, 0.5]},
								"down": {"uv": [11, 4], "uv_size": [0.25, -1]}
							}
						},
						{
							"origin": [-0.125, -1.97931, -7.11018],
							"size": [0.25, 0.15625, 0.3125],
							"pivot": [0, -1.21202, -4.54956],
							"rotation": [-15, 0, 0],
							"uv": {
								"east": {"uv": [14, 13], "uv_size": [0.25, 0.25]},
								"west": {"uv": [14, 14], "uv_size": [0.25, 0.25]},
								"up": {"uv": [0, 15], "uv_size": [0.25, 0.25]},
								"down": {"uv": [15, 0.25], "uv_size": [0.25, -0.25]}
							}
						},
						{
							"origin": [-1.89902, -1.97931, -6.44858],
							"size": [0.17678, 0.15625, 0.17677],
							"pivot": [0, -1.21202, -4.54956],
							"rotation": [-20.7536, -43.0795, 14.5108],
							"uv": {
								"north": {"uv": [1, 15], "uv_size": [0.25, 0.25]},
								"east": {"uv": [15, 1], "uv_size": [0.25, 0.25]},
								"south": {"uv": [2, 15], "uv_size": [0.25, 0.25]},
								"west": {"uv": [15, 2], "uv_size": [0.25, 0.25]},
								"up": {"uv": [3, 15], "uv_size": [0.25, 0.25]},
								"down": {"uv": [15, 3.25], "uv_size": [0.25, -0.25]}
							}
						},
						{
							"origin": [-0.125, -1.97931, -6.79768],
							"size": [0.25, 0.3125, 0.96875],
							"pivot": [0, -1.21202, -4.54956],
							"rotation": [-15, 0, 0],
							"uv": {
								"north": {"uv": [4, 15], "uv_size": [0.25, 0.25]},
								"east": {"uv": [4, 11], "uv_size": [1, 0.25]},
								"west": {"uv": [11, 4], "uv_size": [1, 0.25]},
								"down": {"uv": [5, 12], "uv_size": [0.25, -1]}
							}
						},
						{
							"origin": [-1.42453, -3.0897, -5.97408],
							"size": [0.17678, 0.10937, 0.17678],
							"pivot": [0, -1.21202, -4.54956],
							"rotation": [-54.7356, -30, 35.2644],
							"uv": {
								"north": {"uv": [15, 4], "uv_size": [0.25, 0.25]},
								"east": {"uv": [5, 15], "uv_size": [0.25, 0.25]}
							}
						}
					]
				}
			]
		}
	]
}