{
	"format_version": "1.12.0",
	"minecraft:geometry": [
		{
			"description": {
				"identifier": "geometry.unknown",
				"texture_width": 32,
				"texture_height": 32,
				"visible_bounds_width": 3,
				"visible_bounds_height": 2,
				"visible_bounds_offset": [0, 0, 0]
			},
			"bones": [
				{
					"name": "dagger",
					"pivot": [-0.125, -1.62204, -5.76518],
					"cubes": [
						{
							"origin": [-0.375, -3.08702, 2.82094],
							"size": [0.75, 1.5, 2],
							"uv": {
								"north": {"uv": [8, 18], "uv_size": [0.75, 1.5]},
								"east": {"uv": [14, 14], "uv_size": [2, 1.5]},
								"south": {"uv": [9, 18], "uv_size": [0.75, 1.5]},
								"west": {"uv": [8, 16], "uv_size": [2, 1.5]},
								"up": {"uv": [15, 16], "uv_size": [0.75, 2]},
								"down": {"uv": [16, 18], "uv_size": [0.75, -2]}
							}
						},
						{
							"origin": [-0.375, -3.08702, 0.07094],
							"size": [0.75, 1.25, 2.75],
							"uv": {
								"east": {"uv": [8, 14], "uv_size": [2.75, 1.25]},
								"west": {"uv": [11, 14], "uv_size": [2.75, 1.25]},
								"up": {"uv": [10, 16], "uv_size": [0.75, 2.75]},
								"down": {"uv": [11, 18.75], "uv_size": [0.75, -2.75]}
							}
						},
						{
							"origin": [-0.375, -1.83702, 0.07094],
							"size": [0.75, 0.25, 2.75],
							"inflate": -0.002,
							"pivot": [-0.5, -1.58702, 2.82094],
							"rotation": [2.5, 0, 0],
							"uv": {
								"north": {"uv": [12, 22], "uv_size": [0.75, 0.25]},
								"east": {"uv": [19, 5], "uv_size": [2.75, 0.25]},
								"south": {"uv": [22, 12], "uv_size": [0.75, 0.25]},
								"west": {"uv": [19, 6], "uv_size": [2.75, 0.25]},
								"up": {"uv": [12, 16], "uv_size": [0.75, 2.75]},
								"down": {"uv": [13, 18.75], "uv_size": [0.75, -2.75]}
							}
						},
						{
							"origin": [-0.375, -3.33702, 4.82094],
							"size": [0.75, 1.375, 1],
							"uv": {
								"east": {"uv": [17, 14], "uv_size": [1, 1.5]},
								"south": {"uv": [14, 18], "uv_size": [0.75, 1.5]},
								"west": {"uv": [17, 16], "uv_size": [1, 1.5]},
								"down": {"uv": [19, 1], "uv_size": [0.75, -1]}
							}
						},
						{
							"origin": [-0.5, -1.64952, -0.17906],
							"size": [0.5625, 1.0625, 0.3125],
							"pivot": [-0.5, -1.64952, -0.17906],
							"rotation": [0, 0, 7.5],
							"uv": {
								"north": {"uv": [19, 16], "uv_size": [0.5, 1]},
								"east": {"uv": [21, 16], "uv_size": [0.25, 1]},
								"south": {"uv": [18, 19], "uv_size": [0.5, 1]},
								"west": {"uv": [17, 21], "uv_size": [0.25, 1]},
								"up": {"uv": [25, 3], "uv_size": [0.5, 0.25]}
							}
						},
						{
							"origin": [0.07102, -1.71422, -0.17906],
							"size": [0.4375, 1.0625, 0.3125],
							"pivot": [0.25852, -1.71422, -0.17906],
							"rotation": [0, 0, -7.5],
							"uv": {
								"north": {"uv": [19, 19], "uv_size": [0.5, 1]},
								"east": {"uv": [21, 17], "uv_size": [0.25, 1]},
								"south": {"uv": [20, 0], "uv_size": [0.5, 1]},
								"west": {"uv": [18, 21], "uv_size": [0.25, 1]},
								"up": {"uv": [25, 4], "uv_size": [0.5, 0.25]}
							}
						},
						{
							"origin": [-0.5, -4.39952, -0.17906],
							"size": [0.5, 1.0625, 0.3125],
							"pivot": [-0.5, -3.33702, -0.17906],
							"rotation": [0, 0, -7.5],
							"uv": {
								"north": {"uv": [20, 1], "uv_size": [0.5, 1]},
								"east": {"uv": [21, 18], "uv_size": [0.25, 1]},
								"south": {"uv": [20, 2], "uv_size": [0.5, 1]},
								"west": {"uv": [19, 21], "uv_size": [0.25, 1]},
								"down": {"uv": [25, 5.25], "uv_size": [0.5, -0.25]}
							}
						},
						{
							"origin": [0.00214, -4.36689, -0.17906],
							"size": [0.5, 1.0625, 0.3125],
							"pivot": [0.25214, -3.30439, -0.17906],
							"rotation": [0, 0, 7.5],
							"uv": {
								"north": {"uv": [20, 3], "uv_size": [0.5, 1]},
								"east": {"uv": [21, 19], "uv_size": [0.25, 1]},
								"south": {"uv": [20, 4], "uv_size": [0.5, 1]},
								"west": {"uv": [20, 21], "uv_size": [0.25, 1]},
								"down": {"uv": [25, 6.25], "uv_size": [0.5, -0.25]}
							}
						},
						{
							"origin": [-0.5, -3.33702, -0.17906],
							"size": [1, 1.6875, 0.3125],
							"uv": {
								"north": {"uv": [14, 16], "uv_size": [1, 1.75]},
								"east": {"uv": [20, 14], "uv_size": [0.25, 1.75]},
								"south": {"uv": [16, 14], "uv_size": [1, 1.75]},
								"west": {"uv": [15, 20], "uv_size": [0.25, 1.75]}
							}
						},
						{
							"origin": [-0.375, -4.71202, -0.17906],
							"size": [0.75, 0.375, 0.3125],
							"uv": {
								"north": {"uv": [16, 20], "uv_size": [0.75, 0.5]},
								"east": {"uv": [25, 7], "uv_size": [0.25, 0.5]},
								"south": {"uv": [20, 16], "uv_size": [0.75, 0.5]},
								"west": {"uv": [8, 25], "uv_size": [0.25, 0.5]},
								"up": {"uv": [15, 22], "uv_size": [0.75, 0.25]},
								"down": {"uv": [22, 16.25], "uv_size": [0.75, -0.25]}
							}
						},
						{
							"origin": [0.0625, -5.21202, -0.17906],
							"size": [0.3125, 0.5, 0.3125],
							"pivot": [0.375, -4.71202, -0.17906],
							"rotation": [0, 0, 45],
							"uv": {
								"north": {"uv": [25, 8], "uv_size": [0.25, 0.5]},
								"east": {"uv": [9, 25], "uv_size": [0.25, 0.5]},
								"south": {"uv": [25, 9], "uv_size": [0.25, 0.5]},
								"west": {"uv": [10, 25], "uv_size": [0.25, 0.5]},
								"down": {"uv": [21, 25.25], "uv_size": [0.25, -0.25]}
							}
						},
						{
							"origin": [-0.375, -5.21202, -0.17906],
							"size": [0.1875, 0.5, 0.3125],
							"pivot": [-0.375, -4.71202, -0.17906],
							"rotation": [0, 0, -45],
							"uv": {
								"north": {"uv": [25, 10], "uv_size": [0.25, 0.5]},
								"east": {"uv": [11, 25], "uv_size": [0.25, 0.5]},
								"south": {"uv": [25, 11], "uv_size": [0.25, 0.5]},
								"west": {"uv": [12, 25], "uv_size": [0.25, 0.5]},
								"down": {"uv": [25, 21.25], "uv_size": [0.25, -0.25]}
							}
						},
						{
							"origin": [-0.375, -8.5625, 8.78296],
							"size": [0.75, 0.3125, 0.1875],
							"pivot": [0, -9.0625, -0.67906],
							"rotation": [-90, 0, 180],
							"uv": {
								"north": {"uv": [17, 22], "uv_size": [0.75, 0.25]},
								"east": {"uv": [22, 25], "uv_size": [0.25, 0.25]},
								"south": {"uv": [22, 17], "uv_size": [0.75, 0.25]},
								"west": {"uv": [25, 22], "uv_size": [0.25, 0.25]},
								"up": {"uv": [18, 22], "uv_size": [0.75, 0.25]},
								"down": {"uv": [22, 18.25], "uv_size": [0.75, -0.25]}
							}
						},
						{
							"origin": [-0.375, -9.6875, 8.78296],
							"size": [0.75, 0.3125, 0.1875],
							"pivot": [0, -10.1875, -0.67906],
							"rotation": [-90, 0, 180],
							"uv": {
								"north": {"uv": [19, 22], "uv_size": [0.75, 0.25]},
								"east": {"uv": [23, 25], "uv_size": [0.25, 0.25]},
								"south": {"uv": [22, 19], "uv_size": [0.75, 0.25]},
								"west": {"uv": [25, 23], "uv_size": [0.25, 0.25]},
								"up": {"uv": [20, 22], "uv_size": [0.75, 0.25]},
								"down": {"uv": [22, 20.25], "uv_size": [0.75, -0.25]}
							}
						},
						{
							"origin": [7.41923, -8.5625, 4.28296],
							"size": [0.75, 0.3125, 0.1875],
							"pivot": [0, -9.0625, -0.67906],
							"rotation": [-90, 0, -120],
							"uv": {
								"north": {"uv": [21, 22], "uv_size": [0.75, 0.25]},
								"east": {"uv": [24, 25], "uv_size": [0.25, 0.25]},
								"south": {"uv": [22, 21], "uv_size": [0.75, 0.25]},
								"west": {"uv": [25, 24], "uv_size": [0.25, 0.25]},
								"up": {"uv": [22, 22], "uv_size": [0.75, 0.25]},
								"down": {"uv": [23, 0.25], "uv_size": [0.75, -0.25]}
							}
						},
						{
							"origin": [7.41923, -8.5625, -4.71704],
							"size": [0.75, 0.3125, 0.1875],
							"pivot": [0, -9.0625, -0.67906],
							"rotation": [-90, 0, -60],
							"uv": {
								"north": {"uv": [23, 1], "uv_size": [0.75, 0.25]},
								"east": {"uv": [25, 25], "uv_size": [0.25, 0.25]},
								"south": {"uv": [23, 2], "uv_size": [0.75, 0.25]},
								"west": {"uv": [26, 0], "uv_size": [0.25, 0.25]},
								"up": {"uv": [23, 3], "uv_size": [0.75, 0.25]},
								"down": {"uv": [23, 4.25], "uv_size": [0.75, -0.25]}
							}
						},
						{
							"origin": [-8.16923, -8.5625, -4.71704],
							"size": [0.75, 0.3125, 0.1875],
							"pivot": [0, -9.0625, -0.67906],
							"rotation": [-90, 0, 60],
							"uv": {
								"north": {"uv": [23, 5], "uv_size": [0.75, 0.25]},
								"east": {"uv": [26, 1], "uv_size": [0.25, 0.25]},
								"south": {"uv": [23, 6], "uv_size": [0.75, 0.25]},
								"west": {"uv": [26, 2], "uv_size": [0.25, 0.25]},
								"up": {"uv": [23, 7], "uv_size": [0.75, 0.25]},
								"down": {"uv": [8, 23.25], "uv_size": [0.75, -0.25]}
							}
						},
						{
							"origin": [-8.16923, -8.5625, 4.28296],
							"size": [0.75, 0.3125, 0.1875],
							"pivot": [0, -9.0625, -0.67906],
							"rotation": [-90, 0, 120],
							"uv": {
								"north": {"uv": [23, 8], "uv_size": [0.75, 0.25]},
								"east": {"uv": [26, 3], "uv_size": [0.25, 0.25]},
								"south": {"uv": [9, 23], "uv_size": [0.75, 0.25]},
								"west": {"uv": [26, 4], "uv_size": [0.25, 0.25]},
								"up": {"uv": [23, 9], "uv_size": [0.75, 0.25]},
								"down": {"uv": [10, 23.25], "uv_size": [0.75, -0.25]}
							}
						},
						{
							"origin": [-0.4375, -2.71734, 3.97394],
							"size": [0.875, 0.5, 0.5],
							"pivot": [0, -2.36054, 4.14639],
							"rotation": [45, 0, 0],
							"uv": {
								"north": {"uv": [20, 7], "uv_size": [1, 0.5]},
								"east": {"uv": [21, 20], "uv_size": [0.5, 0.5]},
								"south": {"uv": [8, 20], "uv_size": [1, 0.5]},
								"west": {"uv": [21, 21], "uv_size": [0.5, 0.5]},
								"up": {"uv": [20, 8], "uv_size": [1, 0.5]},
								"down": {"uv": [9, 20.5], "uv_size": [1, -0.5]}
							}
						},
						{
							"origin": [-0.4375, -2.71734, 1.22394],
							"size": [0.875, 0.5, 0.5],
							"pivot": [0, -2.36054, 1.39639],
							"rotation": [45, 0, 0],
							"uv": {
								"north": {"uv": [10, 20], "uv_size": [1, 0.5]},
								"east": {"uv": [22, 0], "uv_size": [0.5, 0.5]},
								"south": {"uv": [20, 10], "uv_size": [1, 0.5]},
								"west": {"uv": [22, 1], "uv_size": [0.5, 0.5]},
								"up": {"uv": [11, 20], "uv_size": [1, 0.5]},
								"down": {"uv": [12, 20.5], "uv_size": [1, -0.5]}
							}
						},
						{
							"origin": [-0.375, -3.9749, 5.21198],
							"size": [0.75, 0.6875, 0.375],
							"uv": {
								"north": {"uv": [19, 7], "uv_size": [0.75, 0.75]},
								"east": {"uv": [17, 20], "uv_size": [0.5, 0.75]},
								"south": {"uv": [10, 19], "uv_size": [0.75, 0.75]},
								"west": {"uv": [20, 17], "uv_size": [0.5, 0.75]},
								"down": {"uv": [18, 20.5], "uv_size": [0.75, -0.5]}
							}
						},
						{
							"origin": [-0.373, -2.40802, 5.1144],
							"size": [0.75, 1.08211, 0.42678],
							"inflate": -0.002,
							"pivot": [0.002, -1.86696, 5.32779],
							"rotation": [82.5, 0, 0],
							"uv": {
								"north": {"uv": [19, 1], "uv_size": [0.75, 1]},
								"east": {"uv": [13, 20], "uv_size": [0.5, 1]},
								"south": {"uv": [19, 2], "uv_size": [0.75, 1]},
								"west": {"uv": [14, 20], "uv_size": [0.5, 1]},
								"down": {"uv": [20, 18.5], "uv_size": [0.75, -0.5]}
							}
						},
						{
							"origin": [-0.373, -2.37011, 5.73201],
							"size": [0.75, 0.58211, 0.30178],
							"inflate": -0.002,
							"pivot": [0.002, -2.07905, 5.8204],
							"rotation": [25, 0, 0],
							"uv": {
								"north": {"uv": [19, 20], "uv_size": [0.75, 0.5]},
								"east": {"uv": [25, 12], "uv_size": [0.25, 0.5]},
								"south": {"uv": [20, 19], "uv_size": [0.75, 0.5]},
								"west": {"uv": [13, 25], "uv_size": [0.25, 0.5]},
								"down": {"uv": [23, 10.25], "uv_size": [0.75, -0.25]}
							}
						},
						{
							"origin": [-0.373, -3.58296, 5.63223],
							"size": [0.75, 0.83211, 0.42678],
							"inflate": -0.002,
							"pivot": [0.002, -3.04191, 5.84562],
							"rotation": [-17.5, 0, 0],
							"uv": {
								"north": {"uv": [11, 19], "uv_size": [0.75, 0.75]},
								"east": {"uv": [20, 20], "uv_size": [0.5, 0.75]},
								"south": {"uv": [12, 19], "uv_size": [0.75, 0.75]},
								"west": {"uv": [21, 0], "uv_size": [0.5, 0.75]},
								"down": {"uv": [21, 1.5], "uv_size": [0.75, -0.5]}
							}
						},
						{
							"origin": [-0.373, -2.8318, 5.77187],
							"size": [0.75, 0.58211, 0.36428],
							"inflate": -0.002,
							"uv": {
								"north": {"uv": [21, 2], "uv_size": [0.75, 0.5]},
								"east": {"uv": [25, 13], "uv_size": [0.25, 0.5]},
								"south": {"uv": [21, 3], "uv_size": [0.75, 0.5]},
								"west": {"uv": [14, 25], "uv_size": [0.25, 0.5]},
								"down": {"uv": [11, 23.25], "uv_size": [0.75, -0.25]}
							}
						},
						{
							"origin": [-0.373, -3.9987, 6.31094],
							"size": [0.75, 0.64461, 0.30178],
							"inflate": -0.002,
							"pivot": [0.002, -3.49436, 5.83564],
							"rotation": [-152.5, 0, 0],
							"uv": {
								"north": {"uv": [13, 19], "uv_size": [0.75, 0.75]},
								"east": {"uv": [23, 11], "uv_size": [0.25, 0.75]},
								"south": {"uv": [15, 19], "uv_size": [0.75, 0.75]},
								"west": {"uv": [12, 23], "uv_size": [0.25, 0.75]},
								"up": {"uv": [23, 12], "uv_size": [0.75, 0.25]},
								"down": {"uv": [13, 23.25], "uv_size": [0.75, -0.25]}
							}
						},
						{
							"origin": [-0.373, -3.97972, 4.77026],
							"size": [0.75, 0.51961, 0.17678],
							"inflate": -0.002,
							"pivot": [0.375, -3.46211, 4.94504],
							"rotation": [-135, 0, 0],
							"uv": {
								"north": {"uv": [21, 4], "uv_size": [0.75, 0.5]},
								"east": {"uv": [25, 14], "uv_size": [0.25, 0.5]},
								"south": {"uv": [21, 7], "uv_size": [0.75, 0.5]},
								"west": {"uv": [15, 25], "uv_size": [0.25, 0.5]},
								"up": {"uv": [14, 23], "uv_size": [0.75, 0.25]},
								"down": {"uv": [23, 14.25], "uv_size": [0.75, -0.25]}
							}
						},
						{
							"origin": [-0.373, -3.9006, -0.12833],
							"size": [0.75, 0.58211, 0.30178],
							"inflate": -0.002,
							"pivot": [0.375, -3.38299, 0.04645],
							"rotation": [140, 0, 0],
							"uv": {
								"north": {"uv": [8, 21], "uv_size": [0.75, 0.5]},
								"east": {"uv": [25, 15], "uv_size": [0.25, 0.5]},
								"south": {"uv": [21, 8], "uv_size": [0.75, 0.5]},
								"west": {"uv": [16, 25], "uv_size": [0.25, 0.5]},
								"up": {"uv": [15, 23], "uv_size": [0.75, 0.25]},
								"down": {"uv": [23, 15.25], "uv_size": [0.75, -0.25]}
							}
						},
						{
							"origin": [-0.373, -3.47972, 2.20776],
							"size": [0.75, 0.39461, 0.67678],
							"inflate": -0.002,
							"uv": {
								"north": {"uv": [9, 21], "uv_size": [0.75, 0.5]},
								"east": {"uv": [21, 9], "uv_size": [0.75, 0.5]},
								"south": {"uv": [10, 21], "uv_size": [0.75, 0.5]},
								"west": {"uv": [21, 10], "uv_size": [0.75, 0.5]},
								"up": {"uv": [19, 15], "uv_size": [0.75, 0.75]},
								"down": {"uv": [16, 19.75], "uv_size": [0.75, -0.75]}
							}
						},
						{
							"origin": [-0.373, -3.25588, 3.0796],
							"size": [0.75, 0.26961, 0.36428],
							"inflate": -0.002,
							"pivot": [0.375, -3.25388, 3.44188],
							"rotation": [15, 0, 0],
							"uv": {
								"north": {"uv": [16, 23], "uv_size": [0.75, 0.25]},
								"east": {"uv": [26, 5], "uv_size": [0.25, 0.25]},
								"south": {"uv": [23, 16], "uv_size": [0.75, 0.25]},
								"west": {"uv": [26, 6], "uv_size": [0.25, 0.25]},
								"up": {"uv": [17, 23], "uv_size": [0.75, 0.25]},
								"down": {"uv": [23, 17.25], "uv_size": [0.75, -0.25]}
							}
						},
						{
							"origin": [-0.373, -3.47972, 2.88054],
							"size": [0.75, 0.39461, 0.36428],
							"inflate": -0.002,
							"pivot": [0.375, -3.47772, 2.88254],
							"rotation": [32.5, 0, 0],
							"uv": {
								"north": {"uv": [11, 21], "uv_size": [0.75, 0.5]},
								"east": {"uv": [25, 16], "uv_size": [0.25, 0.5]},
								"south": {"uv": [21, 11], "uv_size": [0.75, 0.5]},
								"west": {"uv": [17, 25], "uv_size": [0.25, 0.5]},
								"up": {"uv": [18, 23], "uv_size": [0.75, 0.25]},
								"down": {"uv": [23, 18.25], "uv_size": [0.75, -0.25]}
							}
						},
						{
							"origin": [-0.373, -3.47972, 1.84748],
							"size": [0.75, 0.33211, 0.36428],
							"inflate": -0.002,
							"pivot": [0.375, -3.47772, 2.20976],
							"rotation": [-37.5, 0, 0],
							"uv": {
								"north": {"uv": [19, 23], "uv_size": [0.75, 0.25]},
								"east": {"uv": [26, 7], "uv_size": [0.25, 0.25]},
								"south": {"uv": [23, 19], "uv_size": [0.75, 0.25]},
								"west": {"uv": [8, 26], "uv_size": [0.25, 0.25]},
								"up": {"uv": [20, 23], "uv_size": [0.75, 0.25]},
								"down": {"uv": [23, 20.25], "uv_size": [0.75, -0.25]}
							}
						},
						{
							"origin": [-0.373, -3.31954, 1.66004],
							"size": [0.75, 0.26961, 0.36428],
							"inflate": -0.002,
							"pivot": [0.375, -3.31754, 2.02232],
							"rotation": [-22.5, 0, 0],
							"uv": {
								"north": {"uv": [21, 23], "uv_size": [0.75, 0.25]},
								"east": {"uv": [26, 8], "uv_size": [0.25, 0.25]},
								"south": {"uv": [23, 21], "uv_size": [0.75, 0.25]},
								"west": {"uv": [9, 26], "uv_size": [0.25, 0.25]},
								"up": {"uv": [22, 23], "uv_size": [0.75, 0.25]},
								"down": {"uv": [23, 22.25], "uv_size": [0.75, -0.25]}
							}
						},
						{
							"origin": [-0.373, -3.17, 4.42141],
							"size": [0.75, 0.20711, 0.23928],
							"inflate": -0.002,
							"uv": {
								"north": {"uv": [23, 23], "uv_size": [0.75, 0.25]},
								"east": {"uv": [26, 9], "uv_size": [0.25, 0.25]},
								"south": {"uv": [24, 0], "uv_size": [0.75, 0.25]},
								"west": {"uv": [10, 26], "uv_size": [0.25, 0.25]},
								"up": {"uv": [24, 1], "uv_size": [0.75, 0.25]},
								"down": {"uv": [24, 2.25], "uv_size": [0.75, -0.25]}
							}
						},
						{
							"origin": [-0.373, -3.13869, 0.46784],
							"size": [0.75, 0.20711, 0.23928],
							"inflate": -0.002,
							"pivot": [0.375, -3.13669, 0.70512],
							"rotation": [2.5, 0, 0],
							"uv": {
								"north": {"uv": [24, 3], "uv_size": [0.75, 0.25]},
								"east": {"uv": [26, 10], "uv_size": [0.25, 0.25]},
								"south": {"uv": [24, 4], "uv_size": [0.75, 0.25]},
								"west": {"uv": [11, 26], "uv_size": [0.25, 0.25]},
								"up": {"uv": [24, 5], "uv_size": [0.75, 0.25]},
								"down": {"uv": [24, 6.25], "uv_size": [0.75, -0.25]}
							}
						},
						{
							"origin": [-0.373, -3.25588, 3.31488],
							"size": [0.75, 0.20711, 1.17678],
							"inflate": -0.002,
							"pivot": [0.375, -3.25388, 3.44188],
							"rotation": [5, 0, 0],
							"uv": {
								"north": {"uv": [24, 7], "uv_size": [0.75, 0.25]},
								"east": {"uv": [21, 14], "uv_size": [1.25, 0.25]},
								"south": {"uv": [8, 24], "uv_size": [0.75, 0.25]},
								"west": {"uv": [21, 15], "uv_size": [1.25, 0.25]},
								"up": {"uv": [18, 15], "uv_size": [0.75, 1.25]},
								"down": {"uv": [17, 19.25], "uv_size": [0.75, -1.25]}
							}
						},
						{
							"origin": [-0.373, -3.18166, 0.70218],
							"size": [0.75, 0.20711, 1.05178],
							"inflate": -0.002,
							"pivot": [0.375, -3.17966, 1.68946],
							"rotation": [-2.5, 0, 0],
							"uv": {
								"north": {"uv": [24, 8], "uv_size": [0.75, 0.25]},
								"east": {"uv": [22, 2], "uv_size": [1, 0.25]},
								"south": {"uv": [9, 24], "uv_size": [0.75, 0.25]},
								"west": {"uv": [22, 3], "uv_size": [1, 0.25]},
								"up": {"uv": [19, 3], "uv_size": [0.75, 1]},
								"down": {"uv": [19, 5], "uv_size": [0.75, -1]}
							}
						},
						{
							"origin": [-0.373, -3.9769, 5.1622],
							"size": [0.75, 0.46784, 0.42678],
							"inflate": -0.002,
							"pivot": [0.375, -3.9749, 5.58698],
							"rotation": [-40, 0, 0],
							"uv": {
								"east": {"uv": [22, 4], "uv_size": [0.5, 0.5]},
								"south": {"uv": [12, 21], "uv_size": [0.75, 0.5]},
								"west": {"uv": [22, 5], "uv_size": [0.5, 0.5]}
							}
						}
					]
				},
				{
					"name": "bone",
					"parent": "dagger",
					"pivot": [0, -2.21812, -7.03886],
					"cubes": [
						{
							"origin": [-0.0625, -3.08702, -18.67906],
							"size": [0.125, 1.25, 18.5],
							"uv": {
								"north": {"uv": [16, 21], "uv_size": [0.25, 1.25]},
								"east": {"uv": [0, 0], "uv_size": [18.5, 1.25]},
								"west": {"uv": [0, 2], "uv_size": [18.5, 1.25]}
							}
						},
						{
							"origin": [-0.125, -2.21202, -18.55406],
							"size": [0.25, 0.375, 18.375],
							"uv": {
								"north": {"uv": [25, 17], "uv_size": [0.25, 0.5]},
								"east": {"uv": [0, 4], "uv_size": [18.5, 0.5]},
								"west": {"uv": [0, 5], "uv_size": [18.5, 0.5]},
								"down": {"uv": [0, 26.5], "uv_size": [0.25, -18.5]}
							}
						},
						{
							"origin": [-0.125, -3.08702, -18.55406],
							"size": [0.25, 0.375, 18.375],
							"uv": {
								"north": {"uv": [18, 25], "uv_size": [0.25, 0.5]},
								"east": {"uv": [0, 6], "uv_size": [18.5, 0.5]},
								"west": {"uv": [0, 7], "uv_size": [18.5, 0.5]}
							}
						},
						{
							"origin": [-0.125, -2.83702, -19.99156],
							"size": [0.25, 0.75, 1.4375],
							"uv": {
								"north": {"uv": [24, 9], "uv_size": [0.25, 0.75]},
								"east": {"uv": [18, 14], "uv_size": [1.5, 0.75]},
								"south": {"uv": [10, 24], "uv_size": [0.25, 0.75]},
								"west": {"uv": [15, 18], "uv_size": [1.5, 0.75]},
								"up": {"uv": [13, 21], "uv_size": [0.25, 1.5]},
								"down": {"uv": [14, 22.5], "uv_size": [0.25, -1.5]}
							}
						},
						{
							"origin": [-0.125, -2.64952, -20.36656],
							"size": [0.25, 0.4375, 0.4375],
							"pivot": [0, -2.49327, -20.14781],
							"rotation": [-42.5, 0, 0],
							"uv": {
								"north": {"uv": [25, 18], "uv_size": [0.25, 0.5]},
								"east": {"uv": [22, 6], "uv_size": [0.5, 0.5]},
								"south": {"uv": [19, 25], "uv_size": [0.25, 0.5]},
								"west": {"uv": [22, 7], "uv_size": [0.5, 0.5]},
								"up": {"uv": [25, 19], "uv_size": [0.25, 0.5]},
								"down": {"uv": [20, 25.5], "uv_size": [0.25, -0.5]}
							}
						},
						{
							"origin": [-0.125, -2.71202, -1.80406],
							"size": [0.25, 0.5, 1.625],
							"uv": {
								"north": {"uv": [25, 20], "uv_size": [0.25, 0.5]},
								"east": {"uv": [18, 17], "uv_size": [1.75, 0.5]},
								"west": {"uv": [18, 18], "uv_size": [1.75, 0.5]}
							}
						},
						{
							"origin": [-0.22097, -1.87049, -18.55406],
							"size": [0.17678, 0.17678, 18.375],
							"pivot": [0, -1.64952, -1.67906],
							"rotation": [0, 0, -45],
							"uv": {
								"south": {"uv": [26, 11], "uv_size": [0.25, 0.25]},
								"west": {"uv": [1, 8], "uv_size": [18.5, 0.25]},
								"up": {"uv": [1, 9], "uv_size": [0.25, 18.5]}
							}
						},
						{
							"origin": [-0.02293, -2.32747, -18.55406],
							"size": [0.11428, 0.17678, 16.75],
							"pivot": [0.00296, -2.23908, -9.24156],
							"rotation": [0, 0, -57.5],
							"uv": {
								"north": {"uv": [12, 26], "uv_size": [0.25, 0.25]},
								"south": {"uv": [26, 12], "uv_size": [0.25, 0.25]},
								"west": {"uv": [3, 10], "uv_size": [16.75, 0.25]},
								"down": {"uv": [3, 27.75], "uv_size": [0.25, -16.75]}
							}
						},
						{
							"origin": [-0.09135, -2.32747, -18.55406],
							"size": [0.11428, 0.17678, 16.75],
							"pivot": [-0.00296, -2.23908, -9.24156],
							"rotation": [0, 0, 57.5],
							"uv": {
								"north": {"uv": [13, 26], "uv_size": [0.25, 0.25]},
								"east": {"uv": [4, 11], "uv_size": [16.75, 0.25]},
								"south": {"uv": [26, 13], "uv_size": [0.25, 0.25]},
								"down": {"uv": [4, 28.75], "uv_size": [0.25, -16.75]}
							}
						},
						{
							"origin": [-0.09135, -2.77335, -18.55406],
							"size": [0.17678, 0.05178, 16.75],
							"pivot": [-0.00296, -2.68496, -9.24156],
							"rotation": [0, 0, 32.5],
							"uv": {
								"north": {"uv": [14, 26], "uv_size": [0.25, 0.25]},
								"east": {"uv": [5, 12], "uv_size": [16.75, 0.25]},
								"south": {"uv": [26, 14], "uv_size": [0.25, 0.25]},
								"up": {"uv": [5, 13], "uv_size": [0.25, 16.75]},
								"down": {"uv": [6, 29.75], "uv_size": [0.25, -16.75]}
							}
						},
						{
							"origin": [-0.02293, -2.77335, -18.55406],
							"size": [0.11428, 0.17678, 16.75],
							"pivot": [0.00296, -2.68496, -9.24156],
							"rotation": [0, 0, 57.5],
							"uv": {
								"north": {"uv": [15, 26], "uv_size": [0.25, 0.25]},
								"south": {"uv": [26, 15], "uv_size": [0.25, 0.25]},
								"west": {"uv": [7, 13], "uv_size": [16.75, 0.25]},
								"up": {"uv": [7, 14], "uv_size": [0.25, 16.75]}
							}
						},
						{
							"origin": [-0.22097, -3.12049, -18.55406],
							"size": [0.17678, 0.17678, 18.375],
							"pivot": [0, -2.89952, -1.67906],
							"rotation": [0, 0, -45],
							"uv": {
								"north": {"uv": [16, 26], "uv_size": [0.25, 0.25]},
								"east": {"uv": [2, 9], "uv_size": [18.5, 0.25]},
								"south": {"uv": [26, 16], "uv_size": [0.25, 0.25]},
								"down": {"uv": [2, 28.5], "uv_size": [0.25, -18.5]}
							}
						},
						{
							"origin": [-0.125, -2.14091, -19.29625],
							"size": [0.25, 0.25, 0.75],
							"pivot": [0, -1.95341, -19.16734],
							"rotation": [5, 0, 0],
							"uv": {
								"east": {"uv": [24, 10], "uv_size": [0.75, 0.25]},
								"west": {"uv": [11, 24], "uv_size": [0.75, 0.25]},
								"up": {"uv": [24, 11], "uv_size": [0.25, 0.75]}
							}
						},
						{
							"origin": [-0.04419, -1.99761, -19.29625],
							"size": [0.17677, 0.17678, 0.76563],
							"pivot": [0, -1.95341, -19.16734],
							"rotation": [3.54, 3.5333, -44.8908],
							"uv": {
								"west": {"uv": [12, 24], "uv_size": [0.75, 0.25]},
								"up": {"uv": [24, 12], "uv_size": [0.25, 0.75]}
							}
						},
						{
							"origin": [-0.125, -3.0336, -19.28535],
							"size": [0.25, 0.25, 0.75],
							"pivot": [0, -2.8461, -19.15644],
							"rotation": [-5, 0, 0],
							"uv": {
								"north": {"uv": [17, 26], "uv_size": [0.25, 0.25]},
								"east": {"uv": [13, 24], "uv_size": [0.75, 0.25]},
								"west": {"uv": [24, 13], "uv_size": [0.75, 0.25]},
								"up": {"uv": [14, 24], "uv_size": [0.25, 0.75]},
								"down": {"uv": [24, 14.75], "uv_size": [0.25, -0.75]}
							}
						},
						{
							"origin": [-0.09552, -3.10195, -19.30133],
							"size": [0.1768, 0.1768, 0.75],
							"pivot": [-0.04372, -3.03945, -18.92633],
							"rotation": [-3.38262, 3.68425, 47.39118],
							"uv": {
								"north": {"uv": [26, 17], "uv_size": [0.25, 0.25]},
								"east": {"uv": [15, 24], "uv_size": [0.75, 0.25]},
								"south": {"uv": [18, 26], "uv_size": [0.25, 0.25]},
								"west": {"uv": [24, 15], "uv_size": [0.75, 0.25]},
								"up": {"uv": [16, 24], "uv_size": [0.25, 0.75]},
								"down": {"uv": [24, 16.75], "uv_size": [0.25, -0.75]}
							}
						},
						{
							"origin": [-0.125, -2.31101, -20.01387],
							"size": [0.25, 0.25, 0.75],
							"pivot": [0, -2.12351, -19.88496],
							"rotation": [15, 0, 0],
							"uv": {
								"north": {"uv": [26, 18], "uv_size": [0.25, 0.25]},
								"east": {"uv": [17, 24], "uv_size": [0.75, 0.25]},
								"west": {"uv": [24, 17], "uv_size": [0.75, 0.25]},
								"up": {"uv": [18, 24], "uv_size": [0.25, 0.75]}
							}
						},
						{
							"origin": [-0.04419, -2.1677, -20.01387],
							"size": [0.17677, 0.17677, 0.76563],
							"pivot": [0, -2.12351, -19.88496],
							"rotation": [10.7286, 10.5453, -44.007],
							"uv": {
								"west": {"uv": [24, 18], "uv_size": [0.75, 0.25]},
								"up": {"uv": [19, 24], "uv_size": [0.25, 0.75]}
							}
						},
						{
							"origin": [-0.13036, -3.11367, -19.51652],
							"size": [0.25, 0.25, 0.75],
							"pivot": [-0.00536, -2.92617, -19.38761],
							"rotation": [165, 0, 0],
							"uv": {
								"north": {"uv": [19, 26], "uv_size": [0.25, 0.25]},
								"east": {"uv": [24, 19], "uv_size": [0.75, 0.25]},
								"west": {"uv": [20, 24], "uv_size": [0.75, 0.25]},
								"up": {"uv": [24, 20], "uv_size": [0.25, 0.75]}
							}
						},
						{
							"origin": [-0.04954, -2.97036, -19.51652],
							"size": [0.17677, 0.17677, 0.76563],
							"pivot": [-0.00535, -2.92617, -19.38761],
							"rotation": [169.27142, 10.54527, 44.00701],
							"uv": {
								"west": {"uv": [21, 24], "uv_size": [0.75, 0.25]},
								"up": {"uv": [24, 21], "uv_size": [0.25, 0.75]}
							}
						},
						{
							"origin": [-0.125, -2.51693, -20.6732],
							"size": [0.25, 0.1875, 0.71875],
							"pivot": [0, -2.39193, -20.57555],
							"rotation": [22.5, 0, 0],
							"uv": {
								"north": {"uv": [26, 19], "uv_size": [0.25, 0.25]},
								"east": {"uv": [22, 24], "uv_size": [0.75, 0.25]},
								"south": {"uv": [20, 26], "uv_size": [0.25, 0.25]},
								"west": {"uv": [24, 22], "uv_size": [0.75, 0.25]},
								"up": {"uv": [23, 24], "uv_size": [0.25, 0.75]},
								"down": {"uv": [24, 23.75], "uv_size": [0.25, -0.75]}
							}
						},
						{
							"origin": [-0.04419, -2.43612, -20.8607],
							"size": [0.17677, 0.17678, 0.92187],
							"pivot": [0, -2.39193, -20.57555],
							"rotation": [16.3249, 15.6999, -42.7342],
							"uv": {
								"north": {"uv": [26, 20], "uv_size": [0.25, 0.25]},
								"east": {"uv": [8, 22], "uv_size": [1, 0.25]},
								"south": {"uv": [21, 26], "uv_size": [0.25, 0.25]},
								"west": {"uv": [22, 8], "uv_size": [1, 0.25]},
								"up": {"uv": [9, 22], "uv_size": [0.25, 1]},
								"down": {"uv": [22, 10], "uv_size": [0.25, -1]}
							}
						},
						{
							"origin": [-0.13035, -2.96193, -19.68149],
							"size": [0.25, 0.1875, 0.71875],
							"pivot": [-0.00535, -2.83693, -19.83384],
							"rotation": [155, 0, 0],
							"uv": {
								"north": {"uv": [26, 21], "uv_size": [0.25, 0.25]},
								"east": {"uv": [24, 24], "uv_size": [0.75, 0.25]},
								"south": {"uv": [22, 26], "uv_size": [0.25, 0.25]},
								"west": {"uv": [25, 0], "uv_size": [0.75, 0.25]},
								"up": {"uv": [25, 1], "uv_size": [0.25, 0.75]},
								"down": {"uv": [25, 2.75], "uv_size": [0.25, -0.75]}
							}
						},
						{
							"origin": [-0.04953, -2.88112, -19.68149],
							"size": [0.17677, 0.17678, 0.98437],
							"pivot": [-0.00534, -2.83693, -19.83384],
							"rotation": [161.75105, 17.38768, 42.18628],
							"uv": {
								"north": {"uv": [26, 22], "uv_size": [0.25, 0.25]},
								"east": {"uv": [10, 22], "uv_size": [1, 0.25]},
								"south": {"uv": [23, 26], "uv_size": [0.25, 0.25]},
								"west": {"uv": [22, 10], "uv_size": [1, 0.25]},
								"up": {"uv": [11, 22], "uv_size": [0.25, 1]},
								"down": {"uv": [22, 12], "uv_size": [0.25, -1]}
							}
						}
					]
				}
			]
		}
	]
}