{
	"format_version": "1.12.0",
	"minecraft:geometry": [
		{
			"description": {
				"identifier": "geometry.unknown",
				"texture_width": 256,
				"texture_height": 256,
				"visible_bounds_width": 3,
				"visible_bounds_height": 2.5,
				"visible_bounds_offset": [0, 0.75, 0]
			},
			"bones": [
				{
					"name": "dsgsdfgfdg",
					"pivot": [0, 0.12535, -1.77778],
					"cubes": [
						{
							"origin": [0.3529, -0.14886, -3.4375],
							"size": [0.31066, 0.125, 2.75],
							"pivot": [0, 0.73438, 2.54688],
							"rotation": [0, 0, 45],
							"uv": {
								"north": {"uv": [14, 111], "uv_size": [0.5, 0.5]},
								"up": {"uv": [34, 60], "uv_size": [0.5, 3]},
								"down": {"uv": [36, 63], "uv_size": [0.5, -3]}
							}
						},
						{
							"origin": [-0.15533, -0.35937, -3.4375],
							"size": [0.31066, 0.125, 2.75],
							"uv": {
								"north": {"uv": [24, 111], "uv_size": [0.5, 0.5]},
								"up": {"uv": [42, 60], "uv_size": [0.5, 3]},
								"down": {"uv": [44, 63], "uv_size": [0.5, -3]}
							}
						},
						{
							"origin": [0.3529, 0.47615, -3.4375],
							"size": [0.31066, 0.125, 2.75],
							"pivot": [0, 0.73438, 2.54688],
							"rotation": [0, 0, 45],
							"uv": {
								"north": {"uv": [111, 24], "uv_size": [0.5, 0.5]},
								"up": {"uv": [46, 60], "uv_size": [0.5, 3]},
								"down": {"uv": [48, 63], "uv_size": [0.5, -3]}
							}
						},
						{
							"origin": [-0.15533, 0.26563, -3.4375],
							"size": [0.31066, 0.125, 2.75],
							"uv": {
								"north": {"uv": [111, 26], "uv_size": [0.5, 0.5]},
								"up": {"uv": [52, 60], "uv_size": [0.5, 3]},
								"down": {"uv": [54, 63], "uv_size": [0.5, -3]}
							}
						},
						{
							"origin": [0.75823, 0.07081, -3.4375],
							"size": [0.125, 0.31066, 2.75],
							"pivot": [0, 0.73438, 2.54688],
							"rotation": [0, 0, 45],
							"uv": {
								"north": {"uv": [28, 111], "uv_size": [0.5, 0.5]},
								"east": {"uv": [60, 24], "uv_size": [3, 0.5]},
								"west": {"uv": [60, 35], "uv_size": [3, 0.5]}
							}
						},
						{
							"origin": [0.25, -0.13971, -3.4375],
							"size": [0.125, 0.31066, 2.75],
							"uv": {
								"north": {"uv": [111, 28], "uv_size": [0.5, 0.5]},
								"east": {"uv": [60, 43], "uv_size": [3, 0.5]},
								"west": {"uv": [56, 60], "uv_size": [3, 0.5]}
							}
						},
						{
							"origin": [0.13323, 0.07081, -3.4375],
							"size": [0.125, 0.31066, 2.75],
							"pivot": [0, 0.73438, 2.54688],
							"rotation": [0, 0, 45],
							"uv": {
								"north": {"uv": [30, 111], "uv_size": [0.5, 0.5]},
								"east": {"uv": [60, 60], "uv_size": [3, 0.5]},
								"west": {"uv": [61, 2], "uv_size": [3, 0.5]}
							}
						},
						{
							"origin": [-0.375, -0.13971, -3.4375],
							"size": [0.125, 0.31066, 2.75],
							"uv": {
								"north": {"uv": [111, 30], "uv_size": [0.5, 0.5]},
								"east": {"uv": [61, 4], "uv_size": [3, 0.5]},
								"west": {"uv": [61, 6], "uv_size": [3, 0.5]}
							}
						}
					]
				},
				{
					"name": "fghkhgjf",
					"parent": "dsgsdfgfdg",
					"pivot": [0, 0.00455, -2.52084],
					"rotation": [0, 0, 22.5],
					"cubes": [
						{
							"origin": [-0.36711, -0.88173, -3.39022],
							"size": [0.23422, 1.77256, 0.34688],
							"pivot": [0, 0.00455, -2.52084],
							"rotation": [0, 0, 45],
							"uv": {
								"north": {"uv": [52, 64], "uv_size": [0.5, 2]},
								"east": {"uv": [54, 64], "uv_size": [0.5, 2]},
								"west": {"uv": [56, 64], "uv_size": [0.5, 2]},
								"up": {"uv": [87, 80], "uv_size": [0.5, 0.5]},
								"down": {"uv": [81, 87.5], "uv_size": [0.5, -0.5]}
							}
						},
						{
							"origin": [0.13289, -0.88173, -3.39022],
							"size": [0.23422, 1.77256, 0.34688],
							"pivot": [0, 0.00455, -2.52084],
							"rotation": [0, 0, 45],
							"uv": {
								"north": {"uv": [15, 68], "uv_size": [0.5, 2]},
								"east": {"uv": [68, 17], "uv_size": [0.5, 2]},
								"west": {"uv": [68, 20], "uv_size": [0.5, 2]},
								"up": {"uv": [20, 118], "uv_size": [0.5, 0.5]},
								"down": {"uv": [118, 20.5], "uv_size": [0.5, -0.5]}
							}
						},
						{
							"origin": [-0.36711, -0.88173, -3.39022],
							"size": [0.23422, 1.77256, 0.34688],
							"uv": {
								"north": {"uv": [58, 64], "uv_size": [0.5, 2]},
								"east": {"uv": [64, 59], "uv_size": [0.5, 2]},
								"west": {"uv": [60, 64], "uv_size": [0.5, 2]},
								"up": {"uv": [87, 82], "uv_size": [0.5, 0.5]},
								"down": {"uv": [83, 87.5], "uv_size": [0.5, -0.5]}
							}
						},
						{
							"origin": [0.13289, -0.88173, -3.39022],
							"size": [0.23422, 1.77256, 0.34688],
							"uv": {
								"north": {"uv": [28, 68], "uv_size": [0.5, 2]},
								"east": {"uv": [68, 31], "uv_size": [0.5, 2]},
								"west": {"uv": [32, 68], "uv_size": [0.5, 2]},
								"up": {"uv": [34, 118], "uv_size": [0.5, 0.5]},
								"down": {"uv": [118, 34.5], "uv_size": [0.5, -0.5]}
							}
						},
						{
							"origin": [-0.88628, 0.13744, -3.39022],
							"size": [1.77256, 0.23422, 0.34688],
							"pivot": [0, 0.00455, -2.52084],
							"rotation": [0, 0, 45],
							"uv": {
								"north": {"uv": [64, 43], "uv_size": [2, 0.5]},
								"east": {"uv": [87, 84], "uv_size": [0.5, 0.5]},
								"west": {"uv": [85, 87], "uv_size": [0.5, 0.5]},
								"up": {"uv": [62, 64], "uv_size": [2, 0.5]},
								"down": {"uv": [65, 2.5], "uv_size": [2, -0.5]}
							}
						},
						{
							"origin": [-0.88628, -0.36256, -3.39022],
							"size": [1.77256, 0.23422, 0.34688],
							"pivot": [0, 0.00455, -2.52084],
							"rotation": [0, 0, 45],
							"uv": {
								"north": {"uv": [68, 25], "uv_size": [2, 0.5]},
								"east": {"uv": [26, 118], "uv_size": [0.5, 0.5]},
								"west": {"uv": [32, 118], "uv_size": [0.5, 0.5]},
								"up": {"uv": [68, 27], "uv_size": [2, 0.5]},
								"down": {"uv": [68, 29.5], "uv_size": [2, -0.5]}
							}
						},
						{
							"origin": [-0.88628, 0.13744, -3.39022],
							"size": [1.77256, 0.23422, 0.34688],
							"uv": {
								"north": {"uv": [65, 4], "uv_size": [2, 0.5]},
								"east": {"uv": [87, 86], "uv_size": [0.5, 0.5]},
								"west": {"uv": [88, 0], "uv_size": [0.5, 0.5]},
								"up": {"uv": [65, 6], "uv_size": [2, 0.5]},
								"down": {"uv": [8, 65.5], "uv_size": [2, -0.5]}
							}
						},
						{
							"origin": [-0.88628, -0.36256, -3.39022],
							"size": [1.77256, 0.23422, 0.34688],
							"uv": {
								"north": {"uv": [21, 68], "uv_size": [2, 0.5]},
								"east": {"uv": [22, 118], "uv_size": [0.5, 0.5]},
								"west": {"uv": [118, 22], "uv_size": [0.5, 0.5]},
								"up": {"uv": [68, 23], "uv_size": [2, 0.5]}
							}
						}
					]
				},
				{
					"name": "fghkhgjf3",
					"parent": "dsgsdfgfdg",
					"pivot": [0, 0.00455, -2.52084],
					"rotation": [0, 0, 22.5],
					"cubes": [
						{
							"origin": [-0.36711, -0.88173, -3.04334],
							"size": [0.73422, 1.77256, 4],
							"pivot": [0, 0.00455, -2.52084],
							"rotation": [0, 0, 45],
							"uv": {
								"north": {"uv": [34, 68], "uv_size": [0.5, 2]},
								"up": {"uv": [0, 58], "uv_size": [0.5, 4]},
								"down": {"uv": [10, 62], "uv_size": [0.5, -4]}
							}
						},
						{
							"origin": [-0.36711, -0.88173, -3.04334],
							"size": [0.73422, 1.77256, 4],
							"uv": {
								"north": {"uv": [68, 34], "uv_size": [0.5, 2]},
								"up": {"uv": [12, 58], "uv_size": [0.5, 4]},
								"down": {"uv": [14, 62], "uv_size": [0.5, -4]}
							}
						},
						{
							"origin": [-0.88628, -0.36256, -3.04334],
							"size": [1.77256, 0.73422, 4],
							"pivot": [0, 0.00455, -2.52084],
							"rotation": [0, 0, 45],
							"uv": {
								"north": {"uv": [42, 68], "uv_size": [2, 0.5]},
								"east": {"uv": [58, 8], "uv_size": [4, 0.5]},
								"west": {"uv": [58, 37], "uv_size": [4, 0.5]}
							}
						},
						{
							"origin": [-0.88628, -0.36256, -3.04334],
							"size": [1.77256, 0.73422, 4],
							"uv": {
								"north": {"uv": [68, 45], "uv_size": [2, 0.5]},
								"east": {"uv": [58, 39], "uv_size": [4, 0.5]},
								"west": {"uv": [58, 41], "uv_size": [4, 0.5]}
							}
						}
					]
				},
				{
					"name": "fghkhgjf2",
					"parent": "dsgsdfgfdg",
					"pivot": [0, 0.00455, 1.02353],
					"rotation": [0, 0, 22.5],
					"cubes": [
						{
							"origin": [-0.38547, -0.92603, 0.95331],
							"size": [0.77094, 1.86119, 0.14045],
							"pivot": [0, 0.00455, -2.69805],
							"rotation": [0, 0, 45],
							"uv": {
								"north": {"uv": [0, 55], "uv_size": [1, 2]},
								"south": {"uv": [50, 55], "uv_size": [1, 2]},
								"up": {"uv": [76, 16], "uv_size": [1, 0.5]},
								"down": {"uv": [17, 76.5], "uv_size": [1, -0.5]}
							}
						},
						{
							"origin": [-0.38547, -0.92603, 0.95331],
							"size": [0.77094, 1.86119, 0.14045],
							"uv": {
								"north": {"uv": [56, 40], "uv_size": [1, 2]},
								"south": {"uv": [41, 56], "uv_size": [1, 2]},
								"up": {"uv": [76, 18], "uv_size": [1, 0.5]},
								"down": {"uv": [19, 76.5], "uv_size": [1, -0.5]}
							}
						},
						{
							"origin": [-0.9306, -0.38091, 0.95331],
							"size": [1.8612, 0.77094, 0.14045],
							"pivot": [0, 0.00455, -2.69805],
							"rotation": [0, 0, 45],
							"uv": {
								"north": {"uv": [31, 18], "uv_size": [2, 1]},
								"east": {"uv": [76, 20], "uv_size": [0.5, 1]},
								"south": {"uv": [55, 8], "uv_size": [2, 1]},
								"west": {"uv": [21, 76], "uv_size": [0.5, 1]},
								"down": {"uv": [65, 8.5], "uv_size": [2, -0.5]}
							}
						},
						{
							"origin": [-0.9306, -0.38091, 0.95331],
							"size": [1.8612, 0.77094, 0.14045],
							"uv": {
								"north": {"uv": [56, 14], "uv_size": [2, 1]},
								"east": {"uv": [76, 22], "uv_size": [0.5, 1]},
								"south": {"uv": [43, 56], "uv_size": [2, 1]},
								"west": {"uv": [23, 76], "uv_size": [0.5, 1]},
								"down": {"uv": [65, 13.5], "uv_size": [2, -0.5]}
							}
						}
					]
				}
			]
		}
	]
}