{
	"format_version": "1.21.0",
	"minecraft:geometry": [
		{
			"description": {
				"identifier": "geometry.unknown",
				"texture_width": 32,
				"texture_height": 32,
				"visible_bounds_width": 2,
				"visible_bounds_height": 1.5,
				"visible_bounds_offset": [0, 0.25, 0]
			},
			"bones": [
				{
					"name": "bayonet",
					"pivot": [-0.125, -1.62204, -5.76518]
				},
				{
					"name": "m1918cd",
					"parent": "bayonet",
					"pivot": [0, -9.625, 18.96875],
					"cubes": [
						{
							"origin": [-0.15717, -1.1404, 0.14046],
							"size": [0.31434, 0.60938, 1.375],
							"uv": {
								"north": {"uv": [0, 0], "uv_size": [0.31434, 0.60938]},
								"east": {"uv": [0, 0], "uv_size": [1.375, 0.60938]},
								"south": {"uv": [0, 0], "uv_size": [0.31434, 0.60938]},
								"west": {"uv": [0, 0], "uv_size": [1.375, 0.60938]},
								"up": {"uv": [0.56434, 4.625], "uv_size": [-0.31434, -1.375]},
								"down": {"uv": [0.31434, 1.375], "uv_size": [-0.31434, -1.375]}
							}
						},
						{
							"origin": [-0.28217, -0.71853, -0.85954],
							"size": [0.56434, 0.1875, 0.6875],
							"uv": {
								"north": {"uv": [0, 0], "uv_size": [0.56434, 0.1875]},
								"east": {"uv": [0, 0], "uv_size": [0.6875, 0.1875]},
								"south": {"uv": [0, 0], "uv_size": [0.56434, 0.1875]},
								"west": {"uv": [0, 0], "uv_size": [0.6875, 0.1875]},
								"up": {"uv": [0.56434, 0.6875], "uv_size": [-0.56434, -0.6875]},
								"down": {"uv": [0.56434, 0.6875], "uv_size": [-0.56434, -0.6875]}
							}
						},
						{
							"origin": [-0.28217, -0.71853, -1.23454],
							"size": [0.56434, 0.1875, 0.375],
							"pivot": [-0.15717, -0.53103, -0.85954],
							"rotation": [11.5, 0, 0],
							"uv": {
								"north": {"uv": [0, 0], "uv_size": [0.56434, 0.1875]},
								"east": {"uv": [0, 0], "uv_size": [0.375, 0.1875]},
								"south": {"uv": [0, 0], "uv_size": [0.56434, 0.1875]},
								"west": {"uv": [0, 0], "uv_size": [0.375, 0.1875]},
								"up": {"uv": [0.56434, 0.375], "uv_size": [-0.56434, -0.375]},
								"down": {"uv": [0.56434, 0.375], "uv_size": [-0.56434, -0.375]}
							}
						},
						{
							"origin": [-0.28217, -0.73618, -1.33898],
							"size": [0.56434, 0.09375, 0.1875],
							"pivot": [0.28217, -0.64243, -1.33898],
							"rotation": [-23, 0, 0],
							"uv": {
								"north": {"uv": [0, 0], "uv_size": [0.56434, 0.09375]},
								"east": {"uv": [0, 0], "uv_size": [0.1875, 0.09375]},
								"south": {"uv": [0, 0], "uv_size": [0.56434, 0.09375]},
								"west": {"uv": [0, 0], "uv_size": [0.1875, 0.09375]},
								"up": {"uv": [0.56434, 0.1875], "uv_size": [-0.56434, -0.1875]},
								"down": {"uv": [0.56434, 0.1875], "uv_size": [-0.56434, -0.1875]}
							}
						},
						{
							"origin": [-0.28217, -0.64243, -1.27648],
							"size": [0.56434, 0.03125, 0.125],
							"pivot": [0.28217, -0.64243, -1.33898],
							"rotation": [-23, 0, 0],
							"uv": {
								"north": {"uv": [0, 0], "uv_size": [0.56434, 0.03125]},
								"east": {"uv": [0, 0], "uv_size": [0.125, 0.03125]},
								"south": {"uv": [0, 0], "uv_size": [0.56434, 0.03125]},
								"west": {"uv": [0, 0], "uv_size": [0.125, 0.03125]},
								"up": {"uv": [0.56434, 0.125], "uv_size": [-0.56434, -0.125]},
								"down": {"uv": [0.56434, 0.125], "uv_size": [-0.56434, -0.125]}
							}
						},
						{
							"origin": [-0.28217, -0.80944, -1.16639],
							"size": [0.56434, 0.21875, 0.25],
							"pivot": [0.28217, -0.71569, -1.16639],
							"rotation": [-40.5, 0, 0],
							"uv": {
								"north": {"uv": [0, 0], "uv_size": [0.56434, 0.21875]},
								"east": {"uv": [0, 0], "uv_size": [0.25, 0.21875]},
								"south": {"uv": [0, 0], "uv_size": [0.56434, 0.21875]},
								"west": {"uv": [0, 0], "uv_size": [0.25, 0.21875]},
								"up": {"uv": [0.56434, 0.25], "uv_size": [-0.56434, -0.25]},
								"down": {"uv": [0.56434, 0.25], "uv_size": [-0.56434, -0.25]}
							}
						},
						{
							"origin": [-0.28217, -0.93121, -1.02381],
							"size": [0.56434, 0.15625, 0.21875],
							"pivot": [0.28217, -0.83746, -1.02381],
							"rotation": [-55.5, 0, 0],
							"uv": {
								"north": {"uv": [0, 0], "uv_size": [0.56434, 0.15625]},
								"east": {"uv": [0, 0], "uv_size": [0.21875, 0.15625]},
								"south": {"uv": [0, 0], "uv_size": [0.56434, 0.15625]},
								"west": {"uv": [0, 0], "uv_size": [0.21875, 0.15625]},
								"up": {"uv": [0.56434, 0.21875], "uv_size": [-0.56434, -0.21875]},
								"down": {"uv": [0.56434, 0.21875], "uv_size": [-0.56434, -0.21875]}
							}
						},
						{
							"origin": [-0.28217, -1.07084, -0.97717],
							"size": [0.56434, 0.15625, 0.125],
							"pivot": [0.28217, -1.07084, -0.97717],
							"rotation": [-30.5, 0, 0],
							"uv": {
								"north": {"uv": [0, 0], "uv_size": [0.56434, 0.15625]},
								"east": {"uv": [0, 0], "uv_size": [0.125, 0.15625]},
								"south": {"uv": [0, 0], "uv_size": [0.56434, 0.15625]},
								"west": {"uv": [0, 0], "uv_size": [0.125, 0.15625]},
								"up": {"uv": [0.56434, 0.125], "uv_size": [-0.56434, -0.125]},
								"down": {"uv": [0.56434, 0.125], "uv_size": [-0.56434, -0.125]}
							}
						},
						{
							"origin": [-0.28217, -0.73465, -1.53614],
							"size": [0.56434, 0.0625, 0.1875],
							"pivot": [-0.28217, -0.67215, -1.34864],
							"rotation": [-5.5, 0, 0],
							"uv": {
								"north": {"uv": [0, 0], "uv_size": [0.56434, 0.0625]},
								"east": {"uv": [0, 0], "uv_size": [0.1875, 0.0625]},
								"south": {"uv": [0, 0], "uv_size": [0.56434, 0.0625]},
								"west": {"uv": [0, 0], "uv_size": [0.1875, 0.0625]},
								"up": {"uv": [0.56434, 0.1875], "uv_size": [-0.56434, -0.1875]},
								"down": {"uv": [0.56434, 0.1875], "uv_size": [-0.56434, -0.1875]}
							}
						},
						{
							"origin": [-0.28217, -0.63704, -1.47701],
							"size": [0.56434, 0.03125, 0.25],
							"pivot": [-0.15717, -0.60579, -1.22701],
							"rotation": [12, 0, 0],
							"uv": {
								"north": {"uv": [0, 0], "uv_size": [0.56434, 0.03125]},
								"east": {"uv": [0, 0], "uv_size": [0.25, 0.03125]},
								"south": {"uv": [0, 0], "uv_size": [0.56434, 0.03125]},
								"west": {"uv": [0, 0], "uv_size": [0.25, 0.03125]},
								"up": {"uv": [0.56434, 0.25], "uv_size": [-0.56434, -0.25]},
								"down": {"uv": [0.56434, 0.25], "uv_size": [-0.56434, -0.25]}
							}
						},
						{
							"origin": [-0.28217, -1.1404, -0.85954],
							"size": [0.56434, 0.20313, 0.6875],
							"uv": {
								"north": {"uv": [0, 0], "uv_size": [0.56434, 0.20313]},
								"east": {"uv": [0, 0], "uv_size": [0.6875, 0.20313]},
								"south": {"uv": [0, 0], "uv_size": [0.56434, 0.20313]},
								"west": {"uv": [0, 0], "uv_size": [0.6875, 0.20313]},
								"up": {"uv": [0.56434, 0.6875], "uv_size": [-0.56434, -0.6875]},
								"down": {"uv": [0.56434, 0.6875], "uv_size": [-0.56434, -0.6875]}
							}
						},
						{
							"origin": [-0.28217, -0.99978, -0.89079],
							"size": [0.56434, 0.14063, 0.0625],
							"pivot": [0, -0.89822, -0.85954],
							"rotation": [45, 0, 0],
							"uv": {
								"north": {"uv": [0, 0], "uv_size": [0.56434, 0.14063]},
								"east": {"uv": [0, 0], "uv_size": [0.0625, 0.14063]},
								"south": {"uv": [0, 0], "uv_size": [0.56434, 0.14063]},
								"west": {"uv": [0, 0], "uv_size": [0.0625, 0.14063]},
								"up": {"uv": [0.56434, 0.0625], "uv_size": [-0.56434, -0.0625]},
								"down": {"uv": [0.56434, 0.0625], "uv_size": [-0.56434, -0.0625]}
							}
						},
						{
							"origin": [-0.28217, -0.81228, -0.84391],
							"size": [0.56434, 0.14063, 0.0625],
							"pivot": [0, -0.71072, -0.81266],
							"rotation": [-45, 0, 0],
							"uv": {
								"north": {"uv": [0, 0], "uv_size": [0.56434, 0.14063]},
								"east": {"uv": [0, 0], "uv_size": [0.0625, 0.14063]},
								"south": {"uv": [0, 0], "uv_size": [0.56434, 0.14063]},
								"west": {"uv": [0, 0], "uv_size": [0.0625, 0.14063]},
								"up": {"uv": [0.56434, 0.0625], "uv_size": [-0.56434, -0.0625]},
								"down": {"uv": [0.56434, 0.0625], "uv_size": [-0.56434, -0.0625]}
							}
						},
						{
							"origin": [-0.21967, -0.96853, -1.04704],
							"size": [0.43934, 0.25, 0.875],
							"uv": {
								"north": {"uv": [0, 0], "uv_size": [0.43934, 0.25]},
								"east": {"uv": [0, 0], "uv_size": [0.875, 0.25]},
								"south": {"uv": [0, 0], "uv_size": [0.43934, 0.25]},
								"west": {"uv": [0, 0], "uv_size": [0.875, 0.25]},
								"up": {"uv": [1.68934, 4.125], "uv_size": [-0.43934, -0.875]},
								"down": {"uv": [0.43934, 0.875], "uv_size": [-0.43934, -0.875]}
							}
						},
						{
							"origin": [-0.28217, -1.1404, -0.17204],
							"size": [0.56434, 0.60938, 0.3125],
							"uv": {
								"north": {"uv": [0, 0], "uv_size": [0.56434, 0.60938]},
								"east": {"uv": [0, 0], "uv_size": [0.3125, 0.60938]},
								"south": {"uv": [0, 0], "uv_size": [0.56434, 0.60938]},
								"west": {"uv": [0, 0], "uv_size": [0.3125, 0.60938]},
								"up": {"uv": [0.56434, 0.3125], "uv_size": [-0.56434, -0.3125]},
								"down": {"uv": [0.56434, 0.3125], "uv_size": [-0.56434, -0.3125]}
							}
						},
						{
							"origin": [-0.28217, -1.0154, -0.98454],
							"size": [0.56434, 0.29688, 0.125],
							"inflate": -0.001,
							"uv": {
								"north": {"uv": [0, 0], "uv_size": [0.56434, 0.29688]},
								"east": {"uv": [0, 0], "uv_size": [0.125, 0.29688]},
								"south": {"uv": [0, 0], "uv_size": [0.56434, 0.29688]},
								"west": {"uv": [0, 0], "uv_size": [0.125, 0.29688]},
								"up": {"uv": [0.56434, 0.125], "uv_size": [-0.56434, -0.125]},
								"down": {"uv": [0.56434, 0.125], "uv_size": [-0.56434, -0.125]}
							}
						}
					]
				},
				{
					"name": "bone2",
					"parent": "m1918cd",
					"pivot": [0, 0.3125, -0.03125],
					"cubes": [
						{
							"origin": [0.10793, -0.80888, -10.52988],
							"size": [0.0625, 0.075, 1],
							"pivot": [0.17043, -0.73388, -9.52988],
							"rotation": [8, 0, 60],
							"uv": {
								"north": {"uv": [26, 9], "uv_size": [0.25, 0.25]},
								"east": {"uv": [23, 9], "uv_size": [1, 0.25]},
								"south": {"uv": [10, 26], "uv_size": [0.25, 0.25]},
								"west": {"uv": [10, 23], "uv_size": [1, 0.25]},
								"up": {"uv": [23, 10], "uv_size": [0.25, 1]},
								"down": {"uv": [11, 24], "uv_size": [0.25, -1]}
							}
						},
						{
							"origin": [0.13918, -0.81725, -10.21738],
							"size": [0.0625, 0.1375, 0.6875],
							"pivot": [0.13918, -0.67975, -9.52988],
							"rotation": [7.73076, -2.06428, 74.86051],
							"uv": {
								"north": {"uv": [27, 4], "uv_size": [0.25, 0.25]},
								"east": {"uv": [24, 23], "uv_size": [0.75, 0.25]},
								"south": {"uv": [5, 27], "uv_size": [0.25, 0.25]},
								"west": {"uv": [24, 24], "uv_size": [0.75, 0.25]},
								"up": {"uv": [0, 25], "uv_size": [0.25, 0.75]},
								"down": {"uv": [25, 0.75], "uv_size": [0.25, -0.75]}
							}
						},
						{
							"origin": [0.10793, -0.87138, -10.21738],
							"size": [0.0625, 0.1375, 0.6875],
							"pivot": [0.17043, -0.73388, -9.52988],
							"rotation": [7.52324, 2.72831, 40.17941],
							"uv": {
								"north": {"uv": [26, 24], "uv_size": [0.25, 0.25]},
								"east": {"uv": [24, 16], "uv_size": [0.75, 0.25]},
								"south": {"uv": [25, 26], "uv_size": [0.25, 0.25]},
								"west": {"uv": [17, 24], "uv_size": [0.75, 0.25]},
								"up": {"uv": [24, 17], "uv_size": [0.25, 0.75]},
								"down": {"uv": [18, 24.75], "uv_size": [0.25, -0.75]}
							}
						},
						{
							"origin": [0.24396, -0.85534, -9.53125],
							"size": [0.0625, 0.2, 8.3125],
							"pivot": [0.30646, -0.65534, -0.53125],
							"rotation": [0.9397, 0.342, 40.0028],
							"uv": {
								"north": {"uv": [26, 15], "uv_size": [0.25, 0.25]},
								"east": {"uv": [6, 6], "uv_size": [9, 0.25]},
								"south": {"uv": [16, 26], "uv_size": [0.25, 0.25]},
								"west": {"uv": [6, 7], "uv_size": [9, 0.25]},
								"up": {"uv": [6, 8], "uv_size": [0.25, 9]},
								"down": {"uv": [7, 17], "uv_size": [0.25, -9]}
							}
						},
						{
							"origin": [0.12346, -0.99896, -9.65318],
							"size": [0.0625, 0.2, 8.625],
							"pivot": [0.18596, -0.79896, -0.52818],
							"rotation": [-0.15658, 0.53728, 27.50395],
							"uv": {
								"north": {"uv": [26, 22], "uv_size": [0.25, 0.25]},
								"east": {"uv": [4, 0], "uv_size": [9.25, 0.25]},
								"south": {"uv": [23, 26], "uv_size": [0.25, 0.25]},
								"west": {"uv": [4, 1], "uv_size": [9.25, 0.25]},
								"up": {"uv": [2, 4], "uv_size": [0.25, 9.25]},
								"down": {"uv": [3, 13.25], "uv_size": [0.25, -9.25]}
							}
						},
						{
							"origin": [0.27521, -0.80121, -9.53125],
							"size": [0.0625, 0.2, 8.3125],
							"pivot": [0.27521, -0.60121, -0.53125],
							"rotation": [1, 0, 60],
							"uv": {
								"north": {"uv": [26, 20], "uv_size": [0.25, 0.25]},
								"east": {"uv": [13, 4], "uv_size": [9, 0.25]},
								"south": {"uv": [21, 26], "uv_size": [0.25, 0.25]},
								"west": {"uv": [13, 5], "uv_size": [9, 0.25]},
								"up": {"uv": [0, 14], "uv_size": [0.25, 9]},
								"down": {"uv": [1, 23], "uv_size": [0.25, -9]}
							}
						},
						{
							"origin": [0.27521, -0.80121, -9.53125],
							"size": [0.0625, 0.2, 8.3125],
							"pivot": [0.27521, -0.60121, -0.53125],
							"rotation": [0.97438, -0.22494, 72.99809],
							"uv": {
								"north": {"uv": [24, 26], "uv_size": [0.25, 0.25]},
								"east": {"uv": [15, 6], "uv_size": [9, 0.25]},
								"west": {"uv": [15, 7], "uv_size": [9, 0.25]},
								"up": {"uv": [5, 15], "uv_size": [0.25, 9]},
								"down": {"uv": [15, 23], "uv_size": [0.25, -9]}
							}
						},
						{
							"origin": [-0.03531, -0.80479, -3.588],
							"size": [0.0625, 0.1375, 2.375],
							"pivot": [-0.00406, -0.79854, -1.7755],
							"rotation": [1, 0, 60],
							"uv": {
								"north": {"uv": [26, 12], "uv_size": [0.25, 0.25]},
								"east": {"uv": [19, 2], "uv_size": [3, 0.25]},
								"south": {"uv": [13, 26], "uv_size": [0.25, 0.25]},
								"west": {"uv": [19, 3], "uv_size": [3, 0.25]},
								"up": {"uv": [8, 19], "uv_size": [0.25, 3]},
								"down": {"uv": [9, 22], "uv_size": [0.25, -3]}
							}
						},
						{
							"origin": [-0.0375, -0.98577, -10.21738],
							"size": [0.0625, 0.1375, 0.6875],
							"pivot": [-0.0375, -0.98577, -9.52988],
							"rotation": [-7.71261, -2.13146, -15.35631],
							"uv": {
								"north": {"uv": [26, 11], "uv_size": [0.25, 0.25]},
								"east": {"uv": [24, 14], "uv_size": [0.75, 0.25]},
								"west": {"uv": [15, 24], "uv_size": [0.75, 0.25]},
								"up": {"uv": [24, 15], "uv_size": [0.25, 0.75]}
							}
						},
						{
							"origin": [-0.0375, -0.98577, -10.52988],
							"size": [0.0625, 0.075, 1],
							"pivot": [0.025, -0.98577, -9.52988],
							"rotation": [-8, 0, 0],
							"uv": {
								"north": {"uv": [0, 27], "uv_size": [0.25, 0.25]},
								"east": {"uv": [23, 11], "uv_size": [1, 0.25]},
								"west": {"uv": [23, 12], "uv_size": [1, 0.25]},
								"up": {"uv": [23, 13], "uv_size": [0.25, 1]},
								"down": {"uv": [14, 24], "uv_size": [0.25, -1]}
							}
						},
						{
							"origin": [-0.0375, -0.98577, -10.21738],
							"size": [0.0625, 0.1375, 0.6875],
							"pivot": [0.025, -0.98577, -9.52988],
							"rotation": [-7.63421, 2.39854, 17.33995],
							"uv": {
								"north": {"uv": [26, 25], "uv_size": [0.25, 0.25]},
								"east": {"uv": [24, 18], "uv_size": [0.75, 0.25]},
								"west": {"uv": [19, 24], "uv_size": [0.75, 0.25]},
								"up": {"uv": [24, 19], "uv_size": [0.25, 0.75]},
								"down": {"uv": [20, 24.75], "uv_size": [0.25, -0.75]}
							}
						},
						{
							"origin": [-0.0375, -0.98577, -9.52988],
							"size": [0.0625, 0.2, 8.25],
							"pivot": [0.025, -0.98577, -9.52988],
							"rotation": [-1, 0, 0],
							"uv": {
								"north": {"uv": [26, 14], "uv_size": [0.25, 0.25]},
								"east": {"uv": [4, 4], "uv_size": [9, 0.25]},
								"south": {"uv": [15, 26], "uv_size": [0.25, 0.25]},
								"west": {"uv": [4, 5], "uv_size": [9, 0.25]},
								"up": {"uv": [4, 6], "uv_size": [0.25, 9]},
								"down": {"uv": [14, 6], "uv_size": [-9, 0.25], "uv_rotation": 270}
							}
						},
						{
							"origin": [0.15717, -1.1404, -1.35954],
							"size": [0.0625, 0.2, 0.5],
							"pivot": [0.28217, -1.1404, -0.85954],
							"rotation": [-1.12735, 27.49546, -0.52053],
							"uv": {
								"north": {"uv": [26, 14], "uv_size": [0.25, 0.25]},
								"east": {"uv": [4, 4], "uv_size": [9, 0.25]},
								"south": {"uv": [15, 26], "uv_size": [0.25, 0.25]},
								"west": {"uv": [4, 5], "uv_size": [9, 0.25]},
								"up": {"uv": [4, 6], "uv_size": [0.25, 9]},
								"down": {"uv": [5, 15], "uv_size": [0.25, -9]}
							}
						},
						{
							"origin": [0.09467, -1.1404, -1.23454],
							"size": [0.0625, 0.2, 0.3125],
							"pivot": [0.28217, -1.1404, -0.85954],
							"rotation": [-1.12735, 27.49546, -0.52053],
							"uv": {
								"north": {"uv": [26, 14], "uv_size": [0.25, 0.25]},
								"east": {"uv": [4, 4], "uv_size": [9, 0.25]},
								"south": {"uv": [15, 26], "uv_size": [0.25, 0.25]},
								"west": {"uv": [4, 5], "uv_size": [9, 0.25]},
								"up": {"uv": [4, 6], "uv_size": [0.25, 9]},
								"down": {"uv": [5, 15], "uv_size": [0.25, -9]}
							}
						},
						{
							"origin": [0.21967, -1.1404, -1.42204],
							"size": [0.0625, 0.2625, 0.5625],
							"pivot": [0.28217, -1.1404, -0.85954],
							"rotation": [-1.12735, 27.49546, -0.52053],
							"uv": {
								"north": {"uv": [26, 14], "uv_size": [0.25, 0.25]},
								"east": {"uv": [4, 4], "uv_size": [9, 0.25]},
								"south": {"uv": [15, 26], "uv_size": [0.25, 0.25]},
								"west": {"uv": [4, 5], "uv_size": [9, 0.25]},
								"up": {"uv": [4, 6], "uv_size": [0.25, 9]},
								"down": {"uv": [5, 15], "uv_size": [0.25, -9]}
							}
						},
						{
							"origin": [-0.28217, -1.1404, -1.42204],
							"size": [0.0625, 0.2, 0.5625],
							"pivot": [-0.28217, -1.1404, -0.85954],
							"rotation": [-1.11258, -25.99574, 0.4877],
							"uv": {
								"north": {"uv": [26, 14], "uv_size": [0.25, 0.25]},
								"east": {"uv": [4, 4], "uv_size": [9, 0.25]},
								"south": {"uv": [15, 26], "uv_size": [0.25, 0.25]},
								"west": {"uv": [4, 5], "uv_size": [9, 0.25]},
								"up": {"uv": [4, 6], "uv_size": [0.25, 9]},
								"down": {"uv": [5, 15], "uv_size": [0.25, -9]}
							}
						},
						{
							"origin": [-0.21967, -1.1404, -1.29704],
							"size": [0.0625, 0.2, 0.4375],
							"pivot": [-0.28217, -1.1404, -0.85954],
							"rotation": [-1.11258, -25.99574, 0.4877],
							"uv": {
								"north": {"uv": [26, 14], "uv_size": [0.25, 0.25]},
								"east": {"uv": [4, 4], "uv_size": [9, 0.25]},
								"south": {"uv": [15, 26], "uv_size": [0.25, 0.25]},
								"west": {"uv": [4, 5], "uv_size": [9, 0.25]},
								"up": {"uv": [4, 6], "uv_size": [0.25, 9]},
								"down": {"uv": [5, 15], "uv_size": [0.25, -9]}
							}
						},
						{
							"origin": [-0.15717, -1.1404, -1.17204],
							"size": [0.0625, 0.2, 0.25],
							"pivot": [-0.28217, -1.1404, -0.85954],
							"rotation": [-1.11258, -25.99574, 0.4877],
							"uv": {
								"north": {"uv": [26, 14], "uv_size": [0.25, 0.25]},
								"east": {"uv": [4, 4], "uv_size": [9, 0.25]},
								"south": {"uv": [15, 26], "uv_size": [0.25, 0.25]},
								"west": {"uv": [4, 5], "uv_size": [9, 0.25]},
								"up": {"uv": [4, 6], "uv_size": [0.25, 9]},
								"down": {"uv": [5, 15], "uv_size": [0.25, -9]}
							}
						},
						{
							"origin": [-0.0375, -1.14284, -9.53125],
							"size": [0.0625, 0.2, 8.3125],
							"pivot": [-0.0375, -1.14284, -0.53125],
							"rotation": [-0.95631, -0.29236, -16.99756],
							"uv": {
								"north": {"uv": [26, 18], "uv_size": [0.25, 0.25]},
								"east": {"uv": [12, 10], "uv_size": [9, 0.25]},
								"south": {"uv": [19, 26], "uv_size": [0.25, 0.25]},
								"west": {"uv": [12, 11], "uv_size": [9, 0.25]},
								"up": {"uv": [12, 12], "uv_size": [0.25, 9]},
								"down": {"uv": [13, 21], "uv_size": [0.25, -9]}
							}
						},
						{
							"origin": [-0.03476, -1.12457, -9.53093],
							"size": [0.0625, 0.2, 8.3125],
							"pivot": [-0.03476, -1.12457, -0.53093],
							"rotation": [-0.9563, 0.2924, 16.9976],
							"uv": {
								"north": {"uv": [26, 21], "uv_size": [0.25, 0.25]},
								"east": {"uv": [14, 0], "uv_size": [9, 0.25]},
								"south": {"uv": [22, 26], "uv_size": [0.25, 0.25]},
								"west": {"uv": [14, 1], "uv_size": [9, 0.25]},
								"up": {"uv": [2, 14], "uv_size": [0.25, 9]},
								"down": {"uv": [3, 23], "uv_size": [0.25, -9]}
							}
						},
						{
							"origin": [0.1625, -0.96784, -9.40625],
							"size": [0.0625, 0.325, 8.1875],
							"pivot": [0.1625, -0.64284, -0.78125],
							"rotation": [0, -0.45, 90],
							"uv": {
								"north": {"uv": [26, 13], "uv_size": [0.25, 0.25]},
								"east": {"uv": [16, 16], "uv_size": [7, 0.25]},
								"south": {"uv": [14, 26], "uv_size": [0.25, 0.25]},
								"west": {"uv": [17, 8], "uv_size": [7, 0.25]},
								"up": {"uv": [6, 17], "uv_size": [0.25, 7]},
								"down": {"uv": [7, 24], "uv_size": [0.25, -7]}
							}
						},
						{
							"origin": [-0.13132, -0.86509, -10.21069],
							"size": [0.0625, 0.1375, 0.6875],
							"pivot": [-0.06882, -0.72759, -10.21069],
							"rotation": [7.74833, 1.99694, -74.36475],
							"uv": {
								"north": {"uv": [26, 10], "uv_size": [0.25, 0.25]},
								"east": {"uv": [24, 12], "uv_size": [0.75, 0.25]},
								"south": {"uv": [11, 26], "uv_size": [0.25, 0.25]},
								"west": {"uv": [13, 24], "uv_size": [0.75, 0.25]},
								"up": {"uv": [24, 13], "uv_size": [0.25, 0.75]},
								"down": {"uv": [14, 24.75], "uv_size": [0.25, -0.75]}
							}
						},
						{
							"origin": [-0.21418, -0.75475, -10.52988],
							"size": [0.0625, 0.075, 1],
							"pivot": [-0.15168, -0.67975, -9.52988],
							"rotation": [8, 0, -60],
							"uv": {
								"north": {"uv": [27, 3], "uv_size": [0.25, 0.25]},
								"east": {"uv": [15, 23], "uv_size": [1, 0.25]},
								"south": {"uv": [4, 27], "uv_size": [0.25, 0.25]},
								"west": {"uv": [23, 16], "uv_size": [1, 0.25]},
								"up": {"uv": [19, 23], "uv_size": [0.25, 1]},
								"down": {"uv": [20, 24], "uv_size": [0.25, -1]}
							}
						},
						{
							"origin": [-0.18293, -0.87138, -10.21738],
							"size": [0.0625, 0.1375, 0.6875],
							"pivot": [-0.18293, -0.73388, -9.52988],
							"rotation": [7.63421, -2.39854, -42.66005],
							"uv": {
								"north": {"uv": [26, 26], "uv_size": [0.25, 0.25]},
								"east": {"uv": [24, 20], "uv_size": [0.75, 0.25]},
								"west": {"uv": [21, 24], "uv_size": [0.75, 0.25]},
								"up": {"uv": [24, 21], "uv_size": [0.25, 0.75]},
								"down": {"uv": [22, 24.75], "uv_size": [0.25, -0.75]}
							}
						},
						{
							"origin": [-0.35021, -0.80121, -9.53125],
							"size": [0.0625, 0.2, 8.3125],
							"pivot": [-0.28771, -0.60121, -0.53125],
							"rotation": [1, 0, -60],
							"uv": {
								"north": {"uv": [26, 16], "uv_size": [0.25, 0.25]},
								"east": {"uv": [8, 8], "uv_size": [9, 0.25]},
								"south": {"uv": [17, 26], "uv_size": [0.25, 0.25]},
								"west": {"uv": [8, 9], "uv_size": [9, 0.25]},
								"up": {"uv": [8, 10], "uv_size": [0.25, 9]},
								"down": {"uv": [9, 19], "uv_size": [0.25, -9]}
							}
						},
						{
							"origin": [-0.35021, -0.80121, -9.53125],
							"size": [0.0625, 0.2, 8.3125],
							"pivot": [-0.28771, -0.60121, -0.53125],
							"rotation": [0.96364, 0.26723, -75.49775],
							"uv": {
								"north": {"uv": [26, 23], "uv_size": [0.25, 0.25]},
								"east": {"uv": [14, 12], "uv_size": [9, 0.25]},
								"west": {"uv": [14, 13], "uv_size": [9, 0.25]},
								"up": {"uv": [14, 14], "uv_size": [0.25, 9]},
								"down": {"uv": [4, 24], "uv_size": [0.25, -9]}
							}
						},
						{
							"origin": [-0.18293, -0.93388, -9.52988],
							"size": [0.0625, 0.2, 8.3125],
							"pivot": [-0.18293, -0.73388, -9.52988],
							"rotation": [0.94265, -0.33379, -40.50275],
							"uv": {
								"north": {"uv": [26, 17], "uv_size": [0.25, 0.25]},
								"east": {"uv": [10, 2], "uv_size": [9, 0.25]},
								"south": {"uv": [18, 26], "uv_size": [0.25, 0.25]},
								"west": {"uv": [10, 3], "uv_size": [9, 0.25]},
								"up": {"uv": [10, 10], "uv_size": [0.25, 9]},
								"down": {"uv": [11, 19], "uv_size": [0.25, -9]}
							}
						},
						{
							"origin": [-0.18909, -1.00741, -9.65296],
							"size": [0.0625, 0.2, 8.6875],
							"pivot": [-0.18909, -0.80741, -0.52796],
							"rotation": [-0.12962, -0.4924, -30.50374],
							"uv": {
								"north": {"uv": [26, 19], "uv_size": [0.25, 0.25]},
								"east": {"uv": [0, 2], "uv_size": [9.25, 0.25]},
								"south": {"uv": [20, 26], "uv_size": [0.25, 0.25]},
								"west": {"uv": [0, 3], "uv_size": [9.25, 0.25]},
								"up": {"uv": [0, 4], "uv_size": [0.25, 9.25]},
								"down": {"uv": [1, 13.25], "uv_size": [0.25, -9.25]}
							}
						},
						{
							"origin": [-0.35021, -0.92621, -3.59375],
							"size": [0.0625, 0.1375, 2.375],
							"pivot": [-0.28771, -0.60121, -0.53125],
							"rotation": [1, 0, -60],
							"uv": {
								"north": {"uv": [12, 26], "uv_size": [0.25, 0.25]},
								"east": {"uv": [17, 9], "uv_size": [3, 0.25]},
								"west": {"uv": [18, 17], "uv_size": [3, 0.25]},
								"down": {"uv": [18, 21], "uv_size": [0.25, -3]}
							}
						}
					]
				}
			]
		}
	]
}