{
	"format_version": "1.12.0",
	"minecraft:geometry": [
		{
			"description": {
				"identifier": "geometry.unknown",
				"texture_width": 256,
				"texture_height": 256,
				"visible_bounds_width": 5,
				"visible_bounds_height": 4,
				"visible_bounds_offset": [0, 1, 0]
			},
			"bones": [
				{
					"name": "ocular_ring",
					"pivot": [8.75, -6.75, -5.34375],
					"cubes": [
						{
							"origin": [0.5403, 0.74375, 3.40625],
							"size": [0.41939, 0.075, 0.125],
							"pivot": [0.75, 1.25, 2.65625],
							"rotation": [0, 0, 45],
							"uv": {
								"north": {"uv": [193, 28], "uv_size": [0.5, 0.25]},
								"east": {"uv": [46, 193], "uv_size": [0.25, 0.25]},
								"south": {"uv": [29, 193], "uv_size": [0.5, 0.25]},
								"west": {"uv": [193, 46], "uv_size": [0.25, 0.25]},
								"up": {"uv": [30, 193], "uv_size": [0.5, 0.25]},
								"down": {"uv": [193, 30.25], "uv_size": [0.5, -0.25]}
							}
						},
						{
							"origin": [0.5403, 0.74375, 3.40625],
							"size": [0.41939, 0.075, 0.125],
							"uv": {
								"north": {"uv": [31, 193], "uv_size": [0.5, 0.25]},
								"east": {"uv": [47, 193], "uv_size": [0.25, 0.25]},
								"south": {"uv": [193, 31], "uv_size": [0.5, 0.25]},
								"west": {"uv": [193, 47], "uv_size": [0.25, 0.25]},
								"up": {"uv": [32, 193], "uv_size": [0.5, 0.25]},
								"down": {"uv": [193, 32.25], "uv_size": [0.5, -0.25]}
							}
						},
						{
							"origin": [0.5403, 1.68125, 3.40625],
							"size": [0.41939, 0.075, 0.125],
							"pivot": [0.75, 1.25, 2.65625],
							"rotation": [0, 0, 45],
							"uv": {
								"north": {"uv": [26, 193], "uv_size": [0.5, 0.25]},
								"east": {"uv": [193, 44], "uv_size": [0.25, 0.25]},
								"south": {"uv": [193, 26], "uv_size": [0.5, 0.25]},
								"west": {"uv": [45, 193], "uv_size": [0.25, 0.25]},
								"up": {"uv": [27, 193], "uv_size": [0.5, 0.25]},
								"down": {"uv": [193, 27.25], "uv_size": [0.5, -0.25]}
							}
						},
						{
							"origin": [0.5403, 1.68125, 3.40625],
							"size": [0.41939, 0.075, 0.125],
							"uv": {
								"north": {"uv": [33, 193], "uv_size": [0.5, 0.25]},
								"east": {"uv": [48, 193], "uv_size": [0.25, 0.25]},
								"south": {"uv": [193, 33], "uv_size": [0.5, 0.25]},
								"west": {"uv": [193, 48], "uv_size": [0.25, 0.25]},
								"up": {"uv": [34, 193], "uv_size": [0.5, 0.25]},
								"down": {"uv": [193, 34.25], "uv_size": [0.5, -0.25]}
							}
						},
						{
							"origin": [1.18125, 1.0403, 3.40625],
							"size": [0.075, 0.41939, 0.125],
							"pivot": [0.75, 1.25, 2.65625],
							"rotation": [0, 0, 45],
							"uv": {
								"north": {"uv": [35, 193], "uv_size": [0.25, 0.5]},
								"east": {"uv": [193, 35], "uv_size": [0.25, 0.5]},
								"south": {"uv": [193, 36], "uv_size": [0.25, 0.5]},
								"west": {"uv": [37, 193], "uv_size": [0.25, 0.5]},
								"up": {"uv": [49, 193], "uv_size": [0.25, 0.25]},
								"down": {"uv": [193, 49.25], "uv_size": [0.25, -0.25]}
							}
						},
						{
							"origin": [1.18125, 1.0403, 3.40625],
							"size": [0.075, 0.41939, 0.125],
							"uv": {
								"north": {"uv": [38, 193], "uv_size": [0.25, 0.5]},
								"east": {"uv": [193, 38], "uv_size": [0.25, 0.5]},
								"south": {"uv": [39, 193], "uv_size": [0.25, 0.5]},
								"west": {"uv": [193, 39], "uv_size": [0.25, 0.5]},
								"up": {"uv": [50, 193], "uv_size": [0.25, 0.25]},
								"down": {"uv": [193, 50.25], "uv_size": [0.25, -0.25]}
							}
						},
						{
							"origin": [0.24375, 1.0403, 3.40625],
							"size": [0.075, 0.41939, 0.125],
							"pivot": [0.75, 1.25, 2.65625],
							"rotation": [0, 0, 45],
							"uv": {
								"north": {"uv": [40, 193], "uv_size": [0.25, 0.5]},
								"east": {"uv": [193, 40], "uv_size": [0.25, 0.5]},
								"south": {"uv": [41, 193], "uv_size": [0.25, 0.5]},
								"west": {"uv": [193, 41], "uv_size": [0.25, 0.5]},
								"up": {"uv": [51, 193], "uv_size": [0.25, 0.25]},
								"down": {"uv": [193, 51.25], "uv_size": [0.25, -0.25]}
							}
						},
						{
							"origin": [0.24375, 1.0403, 3.40625],
							"size": [0.075, 0.41939, 0.125],
							"uv": {
								"north": {"uv": [42, 193], "uv_size": [0.25, 0.5]},
								"east": {"uv": [193, 42], "uv_size": [0.25, 0.5]},
								"south": {"uv": [43, 193], "uv_size": [0.25, 0.5]},
								"west": {"uv": [193, 43], "uv_size": [0.25, 0.5]},
								"up": {"uv": [193, 52], "uv_size": [0.25, 0.25]},
								"down": {"uv": [53, 193.25], "uv_size": [0.25, -0.25]}
							}
						}
					]
				},
				{
					"name": "scope_body",
					"pivot": [0.21505, 0.51817, 0.28125],
					"cubes": [
						{
							"origin": [0.36875, 1.0403, -4.53125],
							"size": [0.7625, 0.41939, 0],
							"inflate": 0.0001,
							"uv": {
								"south": {"uv": [229.5, 237.5], "uv_size": [1.5, 1]}
							}
						},
						{
							"origin": [0.36875, 1.0403, -4.53125],
							"size": [0.7625, 0.41939, 0],
							"inflate": 0.0002,
							"pivot": [0.75, 1.25, -4.53125],
							"rotation": [0, 0, 90],
							"uv": {
								"south": {"uv": [237.5, 231.5], "uv_size": [1.5, 1]}
							}
						},
						{
							"origin": [-0.125, -0.375, -0.84375],
							"size": [0.25, 1.6875, 2.25],
							"uv": {
								"north": {"uv": [67, 193], "uv_size": [0.25, 1.75]},
								"east": {"uv": [54, 193], "uv_size": [2.25, 1.75]},
								"south": {"uv": [69, 193], "uv_size": [0.25, 1.75]},
								"west": {"uv": [193, 54], "uv_size": [2.25, 1.75]},
								"up": {"uv": [61, 193], "uv_size": [0.25, 2.25]},
								"down": {"uv": [62, 195.25], "uv_size": [0.25, -2.25]}
							}
						},
						{
							"origin": [0.125, 0.5, -0.84375],
							"size": [0.25, 0.75, 2.25],
							"uv": {
								"north": {"uv": [71, 193], "uv_size": [0.25, 0.75]},
								"east": {"uv": [193, 58], "uv_size": [2.25, 0.75]},
								"south": {"uv": [193, 71], "uv_size": [0.25, 0.75]},
								"west": {"uv": [193, 59], "uv_size": [2.25, 0.75]},
								"up": {"uv": [64, 193], "uv_size": [0.25, 2.25]},
								"down": {"uv": [65, 195.25], "uv_size": [0.25, -2.25]}
							}
						},
						{
							"origin": [0.375, 0.64063, -0.84375],
							"size": [0.1875, 0.29688, 2.25],
							"uv": {
								"north": {"uv": [72, 193], "uv_size": [0.25, 0.25]},
								"east": {"uv": [193, 60], "uv_size": [2.25, 0.25]},
								"south": {"uv": [193, 72], "uv_size": [0.25, 0.25]},
								"west": {"uv": [193, 65], "uv_size": [2.25, 0.25]},
								"up": {"uv": [66, 193], "uv_size": [0.25, 2.25]},
								"down": {"uv": [193, 68.25], "uv_size": [0.25, -2.25]}
							}
						},
						{
							"origin": [0.5, -0.0625, -0.84375],
							"size": [0.1875, 1.125, 2.25],
							"inflate": 0.0001,
							"pivot": [0.5625, 0.65625, 0.28125],
							"rotation": [0, 0, 67.5],
							"uv": {
								"north": {"uv": [193, 69], "uv_size": [0.25, 1.25]},
								"east": {"uv": [193, 56], "uv_size": [2.25, 1.25]},
								"south": {"uv": [70, 193], "uv_size": [0.25, 1.25]},
								"west": {"uv": [57, 193], "uv_size": [2.25, 1.25]},
								"up": {"uv": [193, 62], "uv_size": [0.25, 2.25]},
								"down": {"uv": [63, 195.25], "uv_size": [0.25, -2.25]}
							}
						},
						{
							"origin": [-0.375, -0.125, -0.59375],
							"size": [0.5625, 0.25, 0.25],
							"pivot": [0, -0.03125, -0.46875],
							"rotation": [-45, 0, 0],
							"uv": {
								"north": {"uv": [73, 193], "uv_size": [0.5, 0.25]},
								"east": {"uv": [78, 193], "uv_size": [0.25, 0.25]},
								"south": {"uv": [193, 73], "uv_size": [0.5, 0.25]},
								"west": {"uv": [193, 78], "uv_size": [0.25, 0.25]},
								"up": {"uv": [74, 193], "uv_size": [0.5, 0.25]},
								"down": {"uv": [193, 74.25], "uv_size": [0.5, -0.25]}
							}
						},
						{
							"origin": [-0.375, -0.13415, -0.13415],
							"size": [0.5625, 0.25, 0.25],
							"pivot": [-0.09375, -0.00915, -0.00915],
							"rotation": [-45, 0, 0],
							"uv": {
								"north": {"uv": [4, 192], "uv_size": [0.5, 0.25]},
								"east": {"uv": [77, 193], "uv_size": [0.25, 0.25]},
								"south": {"uv": [192, 4], "uv_size": [0.5, 0.25]},
								"west": {"uv": [193, 77], "uv_size": [0.25, 0.25]},
								"up": {"uv": [193, 0], "uv_size": [0.5, 0.25]},
								"down": {"uv": [3, 193.25], "uv_size": [0.5, -0.25]}
							}
						},
						{
							"origin": [-0.375, -0.125, 0.84375],
							"size": [0.5625, 0.25, 0.25],
							"pivot": [0, -0.03125, 0.96875],
							"rotation": [-45, 0, 0],
							"uv": {
								"north": {"uv": [0, 192], "uv_size": [0.5, 0.25]},
								"east": {"uv": [75, 193], "uv_size": [0.25, 0.25]},
								"south": {"uv": [192, 0], "uv_size": [0.5, 0.25]},
								"west": {"uv": [193, 75], "uv_size": [0.25, 0.25]},
								"up": {"uv": [1, 192], "uv_size": [0.5, 0.25]},
								"down": {"uv": [192, 1.25], "uv_size": [0.5, -0.25]}
							}
						},
						{
							"origin": [-0.375, -0.125, 0.34375],
							"size": [0.5625, 0.25, 0.25],
							"pivot": [0, -0.03125, 0.46875],
							"rotation": [-45, 0, 0],
							"uv": {
								"north": {"uv": [2, 192], "uv_size": [0.5, 0.25]},
								"east": {"uv": [76, 193], "uv_size": [0.25, 0.25]},
								"south": {"uv": [192, 2], "uv_size": [0.5, 0.25]},
								"west": {"uv": [193, 76], "uv_size": [0.25, 0.25]},
								"up": {"uv": [3, 192], "uv_size": [0.5, 0.25]},
								"down": {"uv": [192, 3.25], "uv_size": [0.5, -0.25]}
							}
						}
					]
				},
				{
					"name": "test8",
					"parent": "scope_body",
					"pivot": [8.75, -6.75, -5.34375],
					"cubes": [
						{
							"origin": [0.5403, 0.74375, 2.15625],
							"size": [0.41939, 0.075, 1.25],
							"pivot": [0.75, 1.25, 2.65625],
							"rotation": [0, 0, 45],
							"uv": {
								"north": {"uv": [148, 192], "uv_size": [0.5, 0.25]},
								"east": {"uv": [137, 192], "uv_size": [1.25, 0.25]},
								"south": {"uv": [192, 148], "uv_size": [0.5, 0.25]},
								"west": {"uv": [192, 138], "uv_size": [1.25, 0.25]},
								"up": {"uv": [192, 126], "uv_size": [0.5, 1.25]},
								"down": {"uv": [127, 193.25], "uv_size": [0.5, -1.25]}
							}
						},
						{
							"origin": [0.5403, 0.74375, 2.15625],
							"size": [0.41939, 0.075, 1.25],
							"uv": {
								"north": {"uv": [149, 192], "uv_size": [0.5, 0.25]},
								"east": {"uv": [139, 192], "uv_size": [1.25, 0.25]},
								"south": {"uv": [192, 149], "uv_size": [0.5, 0.25]},
								"west": {"uv": [192, 139], "uv_size": [1.25, 0.25]},
								"up": {"uv": [128, 192], "uv_size": [0.5, 1.25]},
								"down": {"uv": [192, 129.25], "uv_size": [0.5, -1.25]}
							}
						},
						{
							"origin": [0.5403, 1.68125, 2.15625],
							"size": [0.41939, 0.075, 1.25],
							"pivot": [0.75, 1.25, 2.65625],
							"rotation": [0, 0, 45],
							"uv": {
								"north": {"uv": [150, 192], "uv_size": [0.5, 0.25]},
								"east": {"uv": [192, 140], "uv_size": [1.25, 0.25]},
								"south": {"uv": [192, 150], "uv_size": [0.5, 0.25]},
								"west": {"uv": [141, 192], "uv_size": [1.25, 0.25]},
								"up": {"uv": [129, 192], "uv_size": [0.5, 1.25]},
								"down": {"uv": [130, 193.25], "uv_size": [0.5, -1.25]}
							}
						},
						{
							"origin": [0.5403, 1.68125, 2.15625],
							"size": [0.41939, 0.075, 1.25],
							"uv": {
								"north": {"uv": [151, 192], "uv_size": [0.5, 0.25]},
								"east": {"uv": [192, 141], "uv_size": [1.25, 0.25]},
								"south": {"uv": [192, 151], "uv_size": [0.5, 0.25]},
								"west": {"uv": [192, 142], "uv_size": [1.25, 0.25]},
								"up": {"uv": [192, 130], "uv_size": [0.5, 1.25]},
								"down": {"uv": [131, 193.25], "uv_size": [0.5, -1.25]}
							}
						},
						{
							"origin": [1.18125, 1.0403, 2.15625],
							"size": [0.075, 0.41939, 1.25],
							"pivot": [0.75, 1.25, 2.65625],
							"rotation": [0, 0, 45],
							"uv": {
								"north": {"uv": [152, 192], "uv_size": [0.25, 0.5]},
								"east": {"uv": [132, 192], "uv_size": [1.25, 0.5]},
								"south": {"uv": [192, 152], "uv_size": [0.25, 0.5]},
								"west": {"uv": [192, 132], "uv_size": [1.25, 0.5]},
								"up": {"uv": [143, 192], "uv_size": [0.25, 1.25]},
								"down": {"uv": [192, 144.25], "uv_size": [0.25, -1.25]}
							}
						},
						{
							"origin": [1.18125, 1.0403, 2.15625],
							"size": [0.075, 0.41939, 1.25],
							"uv": {
								"north": {"uv": [147, 192], "uv_size": [0.25, 0.5]},
								"east": {"uv": [125, 192], "uv_size": [1.25, 0.5]},
								"south": {"uv": [192, 147], "uv_size": [0.25, 0.5]},
								"west": {"uv": [192, 125], "uv_size": [1.25, 0.5]},
								"up": {"uv": [136, 192], "uv_size": [0.25, 1.25]},
								"down": {"uv": [192, 137.25], "uv_size": [0.25, -1.25]}
							}
						},
						{
							"origin": [0.24375, 1.0403, 2.15625],
							"size": [0.075, 0.41939, 1.25],
							"pivot": [0.75, 1.25, 2.65625],
							"rotation": [0, 0, 45],
							"uv": {
								"north": {"uv": [153, 192], "uv_size": [0.25, 0.5]},
								"east": {"uv": [192, 133], "uv_size": [1.25, 0.5]},
								"south": {"uv": [192, 153], "uv_size": [0.25, 0.5]},
								"west": {"uv": [134, 192], "uv_size": [1.25, 0.5]},
								"up": {"uv": [144, 192], "uv_size": [0.25, 1.25]},
								"down": {"uv": [145, 193.25], "uv_size": [0.25, -1.25]}
							}
						},
						{
							"origin": [0.24375, 1.0403, 2.15625],
							"size": [0.075, 0.41939, 1.25],
							"uv": {
								"north": {"uv": [154, 192], "uv_size": [0.25, 0.5]},
								"east": {"uv": [192, 134], "uv_size": [1.25, 0.5]},
								"south": {"uv": [192, 154], "uv_size": [0.25, 0.5]},
								"west": {"uv": [192, 135], "uv_size": [1.25, 0.5]},
								"up": {"uv": [192, 145], "uv_size": [0.25, 1.25]},
								"down": {"uv": [146, 193.25], "uv_size": [0.25, -1.25]}
							}
						}
					]
				},
				{
					"name": "fgdfgawe",
					"parent": "scope_body",
					"pivot": [8.75, -6.75, -5.78125],
					"cubes": [
						{
							"origin": [0.52413, 0.7047, 1.71875],
							"size": [0.45174, 0.2, 0.5625],
							"pivot": [0.75, 1.25, 2.21875],
							"rotation": [0, 0, 45],
							"uv": {
								"north": {"uv": [165, 192], "uv_size": [0.5, 0.25]},
								"east": {"uv": [192, 165], "uv_size": [0.5, 0.25]},
								"south": {"uv": [166, 192], "uv_size": [0.5, 0.25]},
								"west": {"uv": [192, 166], "uv_size": [0.5, 0.25]},
								"up": {"uv": [156, 192], "uv_size": [0.5, 0.5]},
								"down": {"uv": [192, 156.5], "uv_size": [0.5, -0.5]}
							}
						},
						{
							"origin": [0.52413, 0.7047, 1.71875],
							"size": [0.45174, 0.2, 0.5625],
							"uv": {
								"north": {"uv": [167, 192], "uv_size": [0.5, 0.25]},
								"east": {"uv": [192, 167], "uv_size": [0.5, 0.25]},
								"south": {"uv": [168, 192], "uv_size": [0.5, 0.25]},
								"west": {"uv": [192, 168], "uv_size": [0.5, 0.25]},
								"up": {"uv": [157, 192], "uv_size": [0.5, 0.5]},
								"down": {"uv": [192, 157.5], "uv_size": [0.5, -0.5]}
							}
						},
						{
							"origin": [0.52413, 1.5953, 1.71875],
							"size": [0.45174, 0.2, 0.5625],
							"pivot": [0.75, 1.25, 2.21875],
							"rotation": [0, 0, 45],
							"uv": {
								"north": {"uv": [163, 192], "uv_size": [0.5, 0.25]},
								"east": {"uv": [192, 163], "uv_size": [0.5, 0.25]},
								"south": {"uv": [164, 192], "uv_size": [0.5, 0.25]},
								"west": {"uv": [192, 164], "uv_size": [0.5, 0.25]},
								"up": {"uv": [155, 192], "uv_size": [0.5, 0.5]},
								"down": {"uv": [192, 155.5], "uv_size": [0.5, -0.5]}
							}
						},
						{
							"origin": [0.52413, 1.5953, 1.71875],
							"size": [0.45174, 0.2, 0.5625],
							"uv": {
								"north": {"uv": [169, 192], "uv_size": [0.5, 0.25]},
								"east": {"uv": [192, 169], "uv_size": [0.5, 0.25]},
								"south": {"uv": [170, 192], "uv_size": [0.5, 0.25]},
								"west": {"uv": [192, 170], "uv_size": [0.5, 0.25]},
								"up": {"uv": [158, 192], "uv_size": [0.5, 0.5]},
								"down": {"uv": [192, 158.5], "uv_size": [0.5, -0.5]}
							}
						},
						{
							"origin": [1.0953, 1.02413, 1.71875],
							"size": [0.2, 0.45174, 0.5625],
							"pivot": [0.75, 1.25, 2.21875],
							"rotation": [0, 0, 45],
							"uv": {
								"north": {"uv": [171, 192], "uv_size": [0.25, 0.5]},
								"east": {"uv": [159, 192], "uv_size": [0.5, 0.5]},
								"south": {"uv": [192, 171], "uv_size": [0.25, 0.5]},
								"west": {"uv": [192, 159], "uv_size": [0.5, 0.5]},
								"up": {"uv": [172, 192], "uv_size": [0.25, 0.5]},
								"down": {"uv": [192, 172.5], "uv_size": [0.25, -0.5]}
							}
						},
						{
							"origin": [1.0953, 1.02413, 1.71875],
							"size": [0.2, 0.45174, 0.5625],
							"uv": {
								"north": {"uv": [173, 192], "uv_size": [0.25, 0.5]},
								"east": {"uv": [160, 192], "uv_size": [0.5, 0.5]},
								"south": {"uv": [192, 173], "uv_size": [0.25, 0.5]},
								"west": {"uv": [192, 160], "uv_size": [0.5, 0.5]},
								"up": {"uv": [174, 192], "uv_size": [0.25, 0.5]},
								"down": {"uv": [192, 174.5], "uv_size": [0.25, -0.5]}
							}
						},
						{
							"origin": [0.2047, 1.02413, 1.71875],
							"size": [0.2, 0.45174, 0.5625],
							"pivot": [0.75, 1.25, 2.21875],
							"rotation": [0, 0, 45],
							"uv": {
								"north": {"uv": [175, 192], "uv_size": [0.25, 0.5]},
								"east": {"uv": [161, 192], "uv_size": [0.5, 0.5]},
								"south": {"uv": [192, 175], "uv_size": [0.25, 0.5]},
								"west": {"uv": [192, 161], "uv_size": [0.5, 0.5]},
								"up": {"uv": [176, 192], "uv_size": [0.25, 0.5]},
								"down": {"uv": [192, 176.5], "uv_size": [0.25, -0.5]}
							}
						},
						{
							"origin": [0.2047, 1.02413, 1.71875],
							"size": [0.2, 0.45174, 0.5625],
							"uv": {
								"north": {"uv": [177, 192], "uv_size": [0.25, 0.5]},
								"east": {"uv": [162, 192], "uv_size": [0.5, 0.5]},
								"south": {"uv": [192, 177], "uv_size": [0.25, 0.5]},
								"west": {"uv": [192, 162], "uv_size": [0.5, 0.5]},
								"up": {"uv": [178, 192], "uv_size": [0.25, 0.5]},
								"down": {"uv": [192, 178.5], "uv_size": [0.25, -0.5]}
							}
						}
					]
				},
				{
					"name": "test4",
					"parent": "scope_body",
					"pivot": [9.125, -6.75, -12.59375],
					"cubes": [
						{
							"origin": [0.56878, 0.8125, -4.59375],
							"size": [0.36244, 0.1375, 6.5],
							"pivot": [0.75, 1.25, -4.09375],
							"rotation": [0, 0, 45],
							"uv": {
								"north": {"uv": [70, 192], "uv_size": [0.25, 0.25]},
								"east": {"uv": [13, 192], "uv_size": [6.5, 0.25]},
								"south": {"uv": [192, 70], "uv_size": [0.25, 0.25]},
								"west": {"uv": [192, 13], "uv_size": [6.5, 0.25]},
								"up": {"uv": [192, 14], "uv_size": [0.25, 6.5]},
								"down": {"uv": [20, 198.5], "uv_size": [0.25, -6.5]}
							}
						},
						{
							"origin": [0.56878, 0.8125, -4.59375],
							"size": [0.36244, 0.1375, 6.5],
							"uv": {
								"north": {"uv": [71, 192], "uv_size": [0.25, 0.25]},
								"east": {"uv": [21, 192], "uv_size": [6.5, 0.25]},
								"south": {"uv": [192, 71], "uv_size": [0.25, 0.25]},
								"west": {"uv": [192, 21], "uv_size": [6.5, 0.25]},
								"up": {"uv": [192, 22], "uv_size": [0.25, 6.5]},
								"down": {"uv": [28, 198.5], "uv_size": [0.25, -6.5]}
							}
						},
						{
							"origin": [0.56878, 1.55, -4.59375],
							"size": [0.36244, 0.1375, 6.5],
							"pivot": [0.75, 1.25, -4.09375],
							"rotation": [0, 0, 45],
							"uv": {
								"north": {"uv": [72, 192], "uv_size": [0.25, 0.25]},
								"east": {"uv": [29, 192], "uv_size": [6.5, 0.25]},
								"south": {"uv": [192, 72], "uv_size": [0.25, 0.25]},
								"west": {"uv": [192, 29], "uv_size": [6.5, 0.25]},
								"up": {"uv": [192, 30], "uv_size": [0.25, 6.5]},
								"down": {"uv": [36, 198.5], "uv_size": [0.25, -6.5]}
							}
						},
						{
							"origin": [0.56878, 1.55, -4.59375],
							"size": [0.36244, 0.1375, 6.5],
							"uv": {
								"north": {"uv": [73, 192], "uv_size": [0.25, 0.25]},
								"east": {"uv": [37, 192], "uv_size": [6.5, 0.25]},
								"south": {"uv": [192, 73], "uv_size": [0.25, 0.25]},
								"west": {"uv": [192, 37], "uv_size": [6.5, 0.25]},
								"up": {"uv": [192, 38], "uv_size": [0.25, 6.5]},
								"down": {"uv": [44, 198.5], "uv_size": [0.25, -6.5]}
							}
						},
						{
							"origin": [1.05, 1.06878, -4.59375],
							"size": [0.1375, 0.36244, 6.5],
							"pivot": [0.75, 1.25, -4.09375],
							"rotation": [0, 0, 45],
							"uv": {
								"north": {"uv": [74, 192], "uv_size": [0.25, 0.25]},
								"east": {"uv": [45, 192], "uv_size": [6.5, 0.25]},
								"south": {"uv": [192, 74], "uv_size": [0.25, 0.25]},
								"west": {"uv": [192, 45], "uv_size": [6.5, 0.25]},
								"up": {"uv": [192, 46], "uv_size": [0.25, 6.5]},
								"down": {"uv": [52, 198.5], "uv_size": [0.25, -6.5]}
							}
						},
						{
							"origin": [1.05, 1.06878, -4.59375],
							"size": [0.1375, 0.36244, 6.5],
							"uv": {
								"north": {"uv": [69, 192], "uv_size": [0.25, 0.25]},
								"east": {"uv": [5, 192], "uv_size": [6.5, 0.25]},
								"south": {"uv": [192, 69], "uv_size": [0.25, 0.25]},
								"west": {"uv": [192, 5], "uv_size": [6.5, 0.25]},
								"up": {"uv": [192, 6], "uv_size": [0.25, 6.5]},
								"down": {"uv": [12, 198.5], "uv_size": [0.25, -6.5]}
							}
						},
						{
							"origin": [0.3125, 1.06878, -4.59375],
							"size": [0.1375, 0.36244, 6.5],
							"pivot": [0.75, 1.25, -4.09375],
							"rotation": [0, 0, 45],
							"uv": {
								"north": {"uv": [75, 192], "uv_size": [0.25, 0.25]},
								"east": {"uv": [53, 192], "uv_size": [6.5, 0.25]},
								"south": {"uv": [192, 75], "uv_size": [0.25, 0.25]},
								"west": {"uv": [192, 53], "uv_size": [6.5, 0.25]},
								"up": {"uv": [192, 54], "uv_size": [0.25, 6.5]},
								"down": {"uv": [60, 198.5], "uv_size": [0.25, -6.5]}
							}
						},
						{
							"origin": [0.3125, 1.06878, -4.59375],
							"size": [0.1375, 0.36244, 6.5],
							"uv": {
								"north": {"uv": [76, 192], "uv_size": [0.25, 0.25]},
								"east": {"uv": [61, 192], "uv_size": [6.5, 0.25]},
								"south": {"uv": [192, 76], "uv_size": [0.25, 0.25]},
								"west": {"uv": [192, 61], "uv_size": [6.5, 0.25]},
								"up": {"uv": [192, 62], "uv_size": [0.25, 6.5]},
								"down": {"uv": [68, 198.5], "uv_size": [0.25, -6.5]}
							}
						}
					]
				},
				{
					"name": "test2",
					"parent": "scope_body",
					"pivot": [8.75, -6.75, -6.59375],
					"cubes": [
						{
							"origin": [0.52995, 0.71875, 0.90625],
							"size": [0.4401, 0.2, 0.75],
							"pivot": [0.75, 1.25, 1.40625],
							"rotation": [0, 0, 45],
							"uv": {
								"north": {"uv": [93, 192], "uv_size": [0.5, 0.25]},
								"east": {"uv": [85, 192], "uv_size": [0.75, 0.25]},
								"south": {"uv": [192, 93], "uv_size": [0.5, 0.25]},
								"west": {"uv": [192, 85], "uv_size": [0.75, 0.25]},
								"up": {"uv": [77, 192], "uv_size": [0.5, 0.75]},
								"down": {"uv": [192, 77.75], "uv_size": [0.5, -0.75]}
							}
						},
						{
							"origin": [0.52995, 0.71875, 0.90625],
							"size": [0.4401, 0.2, 0.75],
							"uv": {
								"north": {"uv": [94, 192], "uv_size": [0.5, 0.25]},
								"east": {"uv": [86, 192], "uv_size": [0.75, 0.25]},
								"south": {"uv": [192, 94], "uv_size": [0.5, 0.25]},
								"west": {"uv": [192, 86], "uv_size": [0.75, 0.25]},
								"up": {"uv": [78, 192], "uv_size": [0.5, 0.75]},
								"down": {"uv": [192, 78.75], "uv_size": [0.5, -0.75]}
							}
						},
						{
							"origin": [0.52995, 1.58125, 0.90625],
							"size": [0.4401, 0.2, 0.75],
							"pivot": [0.75, 1.25, 1.40625],
							"rotation": [0, 0, 45],
							"uv": {
								"north": {"uv": [95, 192], "uv_size": [0.5, 0.25]},
								"east": {"uv": [87, 192], "uv_size": [0.75, 0.25]},
								"south": {"uv": [192, 95], "uv_size": [0.5, 0.25]},
								"west": {"uv": [192, 87], "uv_size": [0.75, 0.25]},
								"up": {"uv": [79, 192], "uv_size": [0.5, 0.75]},
								"down": {"uv": [192, 79.75], "uv_size": [0.5, -0.75]}
							}
						},
						{
							"origin": [0.52995, 1.58125, 0.90625],
							"size": [0.4401, 0.2, 0.75],
							"uv": {
								"north": {"uv": [96, 192], "uv_size": [0.5, 0.25]},
								"east": {"uv": [88, 192], "uv_size": [0.75, 0.25]},
								"south": {"uv": [192, 96], "uv_size": [0.5, 0.25]},
								"west": {"uv": [192, 88], "uv_size": [0.75, 0.25]},
								"up": {"uv": [80, 192], "uv_size": [0.5, 0.75]},
								"down": {"uv": [192, 80.75], "uv_size": [0.5, -0.75]}
							}
						},
						{
							"origin": [1.14375, 1.02995, 0.90625],
							"size": [0.1375, 0.4401, 0.75],
							"pivot": [0.75, 1.25, 1.40625],
							"rotation": [0, 0, 45],
							"uv": {
								"north": {"uv": [97, 192], "uv_size": [0.25, 0.5]},
								"east": {"uv": [81, 192], "uv_size": [0.75, 0.5]},
								"south": {"uv": [192, 97], "uv_size": [0.25, 0.5]},
								"west": {"uv": [192, 81], "uv_size": [0.75, 0.5]},
								"up": {"uv": [89, 192], "uv_size": [0.25, 0.75]},
								"down": {"uv": [192, 89.75], "uv_size": [0.25, -0.75]}
							}
						},
						{
							"origin": [1.14375, 1.02995, 0.90625],
							"size": [0.1375, 0.4401, 0.75],
							"uv": {
								"north": {"uv": [98, 192], "uv_size": [0.25, 0.5]},
								"east": {"uv": [82, 192], "uv_size": [0.75, 0.5]},
								"south": {"uv": [192, 98], "uv_size": [0.25, 0.5]},
								"west": {"uv": [192, 82], "uv_size": [0.75, 0.5]},
								"up": {"uv": [90, 192], "uv_size": [0.25, 0.75]},
								"down": {"uv": [192, 90.75], "uv_size": [0.25, -0.75]}
							}
						},
						{
							"origin": [0.21875, 1.02995, 0.90625],
							"size": [0.2, 0.4401, 0.75],
							"pivot": [0.75, 1.25, 1.40625],
							"rotation": [0, 0, 45],
							"uv": {
								"north": {"uv": [99, 192], "uv_size": [0.25, 0.5]},
								"east": {"uv": [83, 192], "uv_size": [0.75, 0.5]},
								"south": {"uv": [192, 99], "uv_size": [0.25, 0.5]},
								"west": {"uv": [192, 83], "uv_size": [0.75, 0.5]},
								"up": {"uv": [91, 192], "uv_size": [0.25, 0.75]},
								"down": {"uv": [192, 91.75], "uv_size": [0.25, -0.75]}
							}
						},
						{
							"origin": [0.21875, 1.02995, 0.90625],
							"size": [0.2, 0.4401, 0.75],
							"uv": {
								"north": {"uv": [100, 192], "uv_size": [0.25, 0.5]},
								"east": {"uv": [84, 192], "uv_size": [0.75, 0.5]},
								"south": {"uv": [192, 100], "uv_size": [0.25, 0.5]},
								"west": {"uv": [192, 84], "uv_size": [0.75, 0.5]},
								"up": {"uv": [92, 192], "uv_size": [0.25, 0.75]},
								"down": {"uv": [192, 92.75], "uv_size": [0.25, -0.75]}
							}
						}
					]
				},
				{
					"name": "test5",
					"parent": "scope_body",
					"pivot": [8.75, -6.75, -8.21875],
					"cubes": [
						{
							"origin": [0.52995, 0.71875, -1.96875],
							"size": [0.1901, 0.2, 0.9375],
							"pivot": [0.75, 1.25, -0.21875],
							"rotation": [0, 0, 45],
							"uv": {
								"north": {"uv": [18, 193], "uv_size": [0.25, 0.25]},
								"east": {"uv": [186, 192], "uv_size": [1, 0.25]},
								"south": {"uv": [193, 18], "uv_size": [0.25, 0.25]},
								"west": {"uv": [192, 186], "uv_size": [1, 0.25]},
								"up": {"uv": [187, 192], "uv_size": [0.25, 1]},
								"down": {"uv": [192, 188], "uv_size": [0.25, -1]}
							}
						},
						{
							"origin": [0.52995, 1.58125, -1.96875],
							"size": [0.4401, 0.2, 0.9375],
							"pivot": [0.75, 1.25, -0.21875],
							"rotation": [0, 0, 45],
							"uv": {
								"north": {"uv": [6, 193], "uv_size": [0.5, 0.25]},
								"east": {"uv": [188, 192], "uv_size": [1, 0.25]},
								"south": {"uv": [193, 6], "uv_size": [0.5, 0.25]},
								"west": {"uv": [192, 188], "uv_size": [1, 0.25]},
								"up": {"uv": [180, 192], "uv_size": [0.5, 1]},
								"down": {"uv": [192, 181], "uv_size": [0.5, -1]}
							}
						},
						{
							"origin": [0.52995, 1.58125, -1.96875],
							"size": [0.4401, 0.2, 0.9375],
							"uv": {
								"north": {"uv": [7, 193], "uv_size": [0.5, 0.25]},
								"east": {"uv": [189, 192], "uv_size": [1, 0.25]},
								"south": {"uv": [193, 7], "uv_size": [0.5, 0.25]},
								"west": {"uv": [192, 189], "uv_size": [1, 0.25]},
								"up": {"uv": [181, 192], "uv_size": [0.5, 1]},
								"down": {"uv": [192, 182], "uv_size": [0.5, -1]}
							}
						},
						{
							"origin": [0.52995, 1.58125, -3.46875],
							"size": [0.4401, 0.2, 0.9375],
							"uv": {
								"north": {"uv": [8, 193], "uv_size": [0.5, 0.25]},
								"east": {"uv": [190, 192], "uv_size": [1, 0.25]},
								"south": {"uv": [193, 8], "uv_size": [0.5, 0.25]},
								"west": {"uv": [192, 190], "uv_size": [1, 0.25]},
								"up": {"uv": [182, 192], "uv_size": [0.5, 1]},
								"down": {"uv": [192, 183], "uv_size": [0.5, -1]}
							}
						},
						{
							"origin": [0.52995, 1.78125, -3.26988],
							"size": [0.4401, 0.19887, 0.53975],
							"uv": {
								"north": {"uv": [9, 193], "uv_size": [0.5, 0.25]},
								"east": {"uv": [193, 9], "uv_size": [0.5, 0.25]},
								"south": {"uv": [10, 193], "uv_size": [0.5, 0.25]},
								"west": {"uv": [193, 10], "uv_size": [0.5, 0.25]},
								"up": {"uv": [191, 192], "uv_size": [0.5, 0.5]},
								"down": {"uv": [192, 191.5], "uv_size": [0.5, -0.5]}
							}
						},
						{
							"origin": [0.52995, 1.76522, -3.46211],
							"size": [0.4401, 0.2, 0.28125],
							"pivot": [0.75, 1.86522, -3.24336],
							"rotation": [45, 0, 0],
							"uv": {
								"north": {"uv": [11, 193], "uv_size": [0.5, 0.25]},
								"east": {"uv": [19, 193], "uv_size": [0.25, 0.25]},
								"south": {"uv": [193, 11], "uv_size": [0.5, 0.25]},
								"west": {"uv": [193, 19], "uv_size": [0.25, 0.25]},
								"up": {"uv": [193, 12], "uv_size": [0.5, 0.25]},
								"down": {"uv": [13, 193.25], "uv_size": [0.5, -0.25]}
							}
						},
						{
							"origin": [0.52995, 1.67683, -2.85575],
							"size": [0.4401, 0.2, 0.28125],
							"pivot": [0.75, 1.77683, -2.66825],
							"rotation": [-45, 0, 0],
							"uv": {
								"north": {"uv": [14, 193], "uv_size": [0.5, 0.25]},
								"east": {"uv": [193, 20], "uv_size": [0.25, 0.25]},
								"south": {"uv": [193, 14], "uv_size": [0.5, 0.25]},
								"west": {"uv": [21, 193], "uv_size": [0.25, 0.25]},
								"up": {"uv": [15, 193], "uv_size": [0.5, 0.25]},
								"down": {"uv": [193, 15.25], "uv_size": [0.5, -0.25]}
							}
						},
						{
							"origin": [0.60755, 1.70625, -1.65625],
							"size": [0.3, 0.2, 0.3],
							"pivot": [0.75755, 1.80625, -1.50625],
							"rotation": [0, 45, 0],
							"uv": {
								"north": {"uv": [22, 193], "uv_size": [0.25, 0.25]},
								"east": {"uv": [193, 22], "uv_size": [0.25, 0.25]},
								"south": {"uv": [23, 193], "uv_size": [0.25, 0.25]},
								"west": {"uv": [193, 23], "uv_size": [0.25, 0.25]},
								"up": {"uv": [24, 193], "uv_size": [0.25, 0.25]},
								"down": {"uv": [193, 24.25], "uv_size": [0.25, -0.25]}
							}
						},
						{
							"origin": [1.14375, 1.27995, -1.96875],
							"size": [0.1375, 0.1901, 0.9375],
							"pivot": [0.75, 1.25, -0.21875],
							"rotation": [0, 0, 45],
							"uv": {
								"north": {"uv": [25, 193], "uv_size": [0.25, 0.25]},
								"east": {"uv": [192, 192], "uv_size": [1, 0.25]},
								"south": {"uv": [193, 25], "uv_size": [0.25, 0.25]},
								"west": {"uv": [0, 193], "uv_size": [1, 0.25]},
								"up": {"uv": [1, 193], "uv_size": [0.25, 1]},
								"down": {"uv": [193, 2], "uv_size": [0.25, -1]}
							}
						},
						{
							"origin": [1.14375, 1.02995, -1.96875],
							"size": [0.1375, 0.4401, 0.9375],
							"uv": {
								"north": {"uv": [193, 4], "uv_size": [0.25, 0.5]},
								"east": {"uv": [179, 192], "uv_size": [1, 0.5]},
								"south": {"uv": [5, 193], "uv_size": [0.25, 0.5]},
								"west": {"uv": [192, 179], "uv_size": [1, 0.5]},
								"up": {"uv": [185, 192], "uv_size": [0.25, 1]},
								"down": {"uv": [192, 186], "uv_size": [0.25, -1]}
							}
						},
						{
							"origin": [0.21875, 1.02995, -1.96875],
							"size": [0.2, 0.4401, 0.9375],
							"pivot": [0.75, 1.25, -0.21875],
							"rotation": [0, 0, 45],
							"uv": {
								"north": {"uv": [16, 193], "uv_size": [0.25, 0.5]},
								"east": {"uv": [183, 192], "uv_size": [1, 0.5]},
								"south": {"uv": [193, 16], "uv_size": [0.25, 0.5]},
								"west": {"uv": [192, 183], "uv_size": [1, 0.5]},
								"up": {"uv": [2, 193], "uv_size": [0.25, 1]},
								"down": {"uv": [193, 3], "uv_size": [0.25, -1]}
							}
						},
						{
							"origin": [0.21875, 1.02995, -1.96875],
							"size": [0.2, 0.4401, 0.9375],
							"uv": {
								"north": {"uv": [17, 193], "uv_size": [0.25, 0.5]},
								"east": {"uv": [184, 192], "uv_size": [1, 0.5]},
								"south": {"uv": [193, 17], "uv_size": [0.25, 0.5]},
								"west": {"uv": [192, 184], "uv_size": [1, 0.5]},
								"up": {"uv": [193, 3], "uv_size": [0.25, 1]},
								"down": {"uv": [4, 194], "uv_size": [0.25, -1]}
							}
						}
					]
				},
				{
					"name": "test3",
					"parent": "scope_body",
					"pivot": [8.75, -6.75, -8.34375],
					"cubes": [
						{
							"origin": [0.52995, 0.71875, -0.84375],
							"size": [0.4401, 0.2, 0.75],
							"pivot": [0.75, 1.25, -0.34375],
							"rotation": [0, 0, 45],
							"uv": {
								"north": {"uv": [118, 192], "uv_size": [0.5, 0.25]},
								"east": {"uv": [110, 192], "uv_size": [0.75, 0.25]},
								"south": {"uv": [192, 118], "uv_size": [0.5, 0.25]},
								"west": {"uv": [192, 110], "uv_size": [0.75, 0.25]},
								"up": {"uv": [102, 192], "uv_size": [0.5, 0.75]},
								"down": {"uv": [192, 102.75], "uv_size": [0.5, -0.75]}
							}
						},
						{
							"origin": [0.52995, 0.71875, -0.84375],
							"size": [0.4401, 0.2, 0.75],
							"uv": {
								"north": {"uv": [119, 192], "uv_size": [0.5, 0.25]},
								"east": {"uv": [111, 192], "uv_size": [0.75, 0.25]},
								"south": {"uv": [192, 119], "uv_size": [0.5, 0.25]},
								"west": {"uv": [192, 111], "uv_size": [0.75, 0.25]},
								"up": {"uv": [103, 192], "uv_size": [0.5, 0.75]},
								"down": {"uv": [192, 103.75], "uv_size": [0.5, -0.75]}
							}
						},
						{
							"origin": [0.52995, 1.58125, -0.84375],
							"size": [0.4401, 0.2, 0.75],
							"pivot": [0.75, 1.25, -0.34375],
							"rotation": [0, 0, 45],
							"uv": {
								"north": {"uv": [117, 192], "uv_size": [0.5, 0.25]},
								"east": {"uv": [109, 192], "uv_size": [0.75, 0.25]},
								"south": {"uv": [192, 117], "uv_size": [0.5, 0.25]},
								"west": {"uv": [192, 109], "uv_size": [0.75, 0.25]},
								"up": {"uv": [101, 192], "uv_size": [0.5, 0.75]},
								"down": {"uv": [192, 101.75], "uv_size": [0.5, -0.75]}
							}
						},
						{
							"origin": [0.52995, 1.58125, -0.84375],
							"size": [0.4401, 0.2, 0.75],
							"uv": {
								"north": {"uv": [120, 192], "uv_size": [0.5, 0.25]},
								"east": {"uv": [112, 192], "uv_size": [0.75, 0.25]},
								"south": {"uv": [192, 120], "uv_size": [0.5, 0.25]},
								"west": {"uv": [192, 112], "uv_size": [0.75, 0.25]},
								"up": {"uv": [104, 192], "uv_size": [0.5, 0.75]},
								"down": {"uv": [192, 104.75], "uv_size": [0.5, -0.75]}
							}
						},
						{
							"origin": [1.08125, 1.02995, -0.84375],
							"size": [0.2, 0.4401, 0.75],
							"pivot": [0.75, 1.25, -0.34375],
							"rotation": [0, 0, 45],
							"uv": {
								"north": {"uv": [121, 192], "uv_size": [0.25, 0.5]},
								"east": {"uv": [105, 192], "uv_size": [0.75, 0.5]},
								"south": {"uv": [192, 121], "uv_size": [0.25, 0.5]},
								"west": {"uv": [192, 105], "uv_size": [0.75, 0.5]},
								"up": {"uv": [113, 192], "uv_size": [0.25, 0.75]},
								"down": {"uv": [192, 113.75], "uv_size": [0.25, -0.75]}
							}
						},
						{
							"origin": [1.08125, 1.02995, -0.84375],
							"size": [0.2, 0.4401, 0.75],
							"uv": {
								"north": {"uv": [122, 192], "uv_size": [0.25, 0.5]},
								"east": {"uv": [106, 192], "uv_size": [0.75, 0.5]},
								"south": {"uv": [192, 122], "uv_size": [0.25, 0.5]},
								"west": {"uv": [192, 106], "uv_size": [0.75, 0.5]},
								"up": {"uv": [114, 192], "uv_size": [0.25, 0.75]},
								"down": {"uv": [192, 114.75], "uv_size": [0.25, -0.75]}
							}
						},
						{
							"origin": [0.21875, 1.02995, -0.84375],
							"size": [0.2, 0.4401, 0.75],
							"pivot": [0.75, 1.25, -0.34375],
							"rotation": [0, 0, 45],
							"uv": {
								"north": {"uv": [123, 192], "uv_size": [0.25, 0.5]},
								"east": {"uv": [107, 192], "uv_size": [0.75, 0.5]},
								"south": {"uv": [192, 123], "uv_size": [0.25, 0.5]},
								"west": {"uv": [192, 107], "uv_size": [0.75, 0.5]},
								"up": {"uv": [115, 192], "uv_size": [0.25, 0.75]},
								"down": {"uv": [192, 115.75], "uv_size": [0.25, -0.75]}
							}
						},
						{
							"origin": [0.21875, 1.02995, -0.84375],
							"size": [0.2, 0.4401, 0.75],
							"uv": {
								"north": {"uv": [124, 192], "uv_size": [0.25, 0.5]},
								"east": {"uv": [108, 192], "uv_size": [0.75, 0.5]},
								"south": {"uv": [192, 124], "uv_size": [0.25, 0.5]},
								"west": {"uv": [192, 108], "uv_size": [0.75, 0.5]},
								"up": {"uv": [116, 192], "uv_size": [0.25, 0.75]},
								"down": {"uv": [192, 116.75], "uv_size": [0.25, -0.75]}
							}
						}
					]
				},
				{
					"name": "ocular",
					"pivot": [0.75, 1.25, 3.46875],
					"cubes": [
						{
							"origin": [0.30625, 1.0403, 3.46875],
							"size": [0.8875, 0.41939, 0],
							"inflate": 0.002,
							"uv": {
								"south": {"uv": [79, 193], "uv_size": [1, 0.5]}
							}
						},
						{
							"origin": [0.30625, 1.0403, 3.46875],
							"size": [0.8875, 0.41939, 0],
							"inflate": -0.001,
							"pivot": [0.75, 1.25, 3.46875],
							"rotation": [0, 0, 90],
							"uv": {
								"south": {"uv": [193, 79], "uv_size": [1, 0.5]}
							}
						},
						{
							"origin": [0.30625, 1.0403, 3.46875],
							"size": [0.8875, 0.41939, 0],
							"inflate": 0.001,
							"pivot": [0.75, 1.25, 3.46875],
							"rotation": [0, 0, 45],
							"uv": {
								"south": {"uv": [80, 193], "uv_size": [1, 0.5]}
							}
						},
						{
							"origin": [0.30625, 1.0403, 3.46875],
							"size": [0.8875, 0.41939, 0],
							"inflate": -0.002,
							"pivot": [0.75, 1.25, 3.46875],
							"rotation": [0, 0, -45],
							"uv": {
								"south": {"uv": [193, 80], "uv_size": [1, 0.5]}
							}
						}
					]
				},
				{
					"name": "division",
					"pivot": [0.75, -24.5, -16.75],
					"cubes": [
						{
							"origin": [-7.25, -6.75, -25.2],
							"size": [16, 16, 0],
							"uv": {
								"south": {"uv": [0, 0], "uv_size": [192, 192]}
							}
						},
						{
							"origin": [8.75, -22.75, -25.2],
							"size": [24, 48, 0],
							"uv": {
								"south": {"uv": [228.5, 0], "uv_size": [13.5, 20]}
							}
						},
						{
							"origin": [-31.25, -22.75, -25.2],
							"size": [24, 48, 0],
							"uv": {
								"south": {"uv": [208.5, 0], "uv_size": [24, 12]}
							}
						},
						{
							"origin": [-7.25, 9.25, -25.2],
							"size": [16, 16, 0],
							"uv": {
								"south": {"uv": [224, 0], "uv_size": [14.5, 12.5]}
							}
						},
						{
							"origin": [-7.25, -22.75, -25.2],
							"size": [16, 16, 0],
							"uv": {
								"south": {"uv": [224, 0], "uv_size": [15, 14]}
							}
						},
						{
							"origin": [0.71875, -6.125, -25.2],
							"size": [0.0625, 14.75, 0],
							"uv": {
								"south": {"uv": [0, 164], "uv_size": [0.5, 9.5]}
							}
						},
						{
							"origin": [0.71875, -6.125, -25.2],
							"size": [0.0625, 14.75, 0],
							"pivot": [0.75, 1.25, -2.75],
							"rotation": [0, 0, -90],
							"uv": {
								"south": {"uv": [37, 180.5], "uv_size": [0.5, 9.5]}
							}
						},
						{
							"origin": [-0.28125, -3.625, -25.2],
							"size": [0.0625, 1.75, 0],
							"pivot": [-0.25, 1.75, -2.75],
							"rotation": [0, 0, -90],
							"uv": {
								"south": {"uv": [37, 180.5], "uv_size": [0.5, 9.5]}
							}
						},
						{
							"origin": [1.46875, -3.125, -25.2],
							"size": [0.0625, 1.75, 0],
							"pivot": [1.5, 2.25, -2.75],
							"rotation": [0, 0, -90],
							"uv": {
								"south": {"uv": [37, 180.5], "uv_size": [0.5, 9.5]}
							}
						},
						{
							"origin": [2.71875, -2.625, -25.2],
							"size": [0.0625, 1.75, 0],
							"pivot": [2.75, 2.75, -2.75],
							"rotation": [0, 0, -90],
							"uv": {
								"south": {"uv": [37, 180.5], "uv_size": [0.5, 9.5]}
							}
						}
					]
				},
				{
					"name": "scope_view",
					"pivot": [0.75, 1.25, 5.4]
				}
			]
		}
	]
}