{
	"format_version": "1.12.0",
	"minecraft:geometry": [
		{
			"description": {
				"identifier": "geometry.unknown",
				"texture_width": 512,
				"texture_height": 512,
				"visible_bounds_width": 14,
				"visible_bounds_height": 9,
				"visible_bounds_offset": [0, 0.5, 0]
			},
			"bones": [
				{
					"name": "scope_body",
					"pivot": [0.00158, 1.57776, -5.57044],
					"cubes": [
						{
							"origin": [-1.25, 0, -13.0625],
							"size": [2.5, 0.75, 0.5],
							"uv": {
								"north": {"uv": [4, 133], "uv_size": [2.5, 1]},
								"east": {"uv": [23, 141], "uv_size": [0.5, 1]},
								"south": {"uv": [8, 133], "uv_size": [2.5, 1]},
								"west": {"uv": [25, 141], "uv_size": [0.5, 1]},
								"up": {"uv": [8, 137], "uv_size": [2.5, 0.5]},
								"down": {"uv": [12, 137.5], "uv_size": [2.5, -0.5]}
							}
						},
						{
							"origin": [-1, 0.23483, -13.1875],
							"size": [0.375, 0.375, 0.125],
							"pivot": [-0.8125, 0.42233, -13.1875],
							"rotation": [0, 0, 45],
							"uv": {
								"north": {"uv": [138, 149], "uv_size": [0.5, 0.5]},
								"east": {"uv": [140, 149], "uv_size": [0.5, 0.5]},
								"south": {"uv": [149, 141], "uv_size": [0.5, 0.5]},
								"west": {"uv": [142, 149], "uv_size": [0.5, 0.5]},
								"up": {"uv": [149, 143], "uv_size": [0.5, 0.5]},
								"down": {"uv": [144, 149.5], "uv_size": [0.5, -0.5]}
							}
						},
						{
							"origin": [0.6875, 0.23483, -13.1875],
							"size": [0.375, 0.375, 0.125],
							"pivot": [0.875, 0.42233, -13.1875],
							"rotation": [0, 0, 45],
							"uv": {
								"north": {"uv": [149, 145], "uv_size": [0.5, 0.5]},
								"east": {"uv": [146, 149], "uv_size": [0.5, 0.5]},
								"south": {"uv": [149, 147], "uv_size": [0.5, 0.5]},
								"west": {"uv": [148, 149], "uv_size": [0.5, 0.5]},
								"up": {"uv": [14, 150], "uv_size": [0.5, 0.5]},
								"down": {"uv": [16, 150.5], "uv_size": [0.5, -0.5]}
							}
						},
						{
							"origin": [1.25, -0.0625, -13.0625],
							"size": [0.25, 0.5625, 16.5],
							"inflate": -0.001,
							"pivot": [1.5, 0.5, 4.4375],
							"rotation": [0, 0, 26.5],
							"uv": {
								"north": {"uv": [136, 151], "uv_size": [0.5, 0.5]},
								"east": {"uv": [129, 129], "uv_size": [16.5, 0.5]},
								"south": {"uv": [151, 137], "uv_size": [0.5, 0.5]},
								"west": {"uv": [80, 130], "uv_size": [16.5, 0.5]},
								"up": {"uv": [72, 129], "uv_size": [0.5, 16.5]},
								"down": {"uv": [74, 145.5], "uv_size": [0.5, -16.5]}
							}
						},
						{
							"origin": [-1.25, 0, -12.5625],
							"size": [2.5, 0.5, 16],
							"uv": {
								"north": {"uv": [23, 137], "uv_size": [2.5, 0.5]},
								"east": {"uv": [42, 131], "uv_size": [16, 0.5]},
								"south": {"uv": [27, 137], "uv_size": [2.5, 0.5]},
								"west": {"uv": [129, 131], "uv_size": [16, 0.5]},
								"up": {"uv": [125, 113], "uv_size": [2.5, 16]},
								"down": {"uv": [0, 142], "uv_size": [2.5, -16]}
							}
						},
						{
							"origin": [-1.5, -0.00893, -15.95155],
							"size": [0.25, 0.38393, 2.88905],
							"pivot": [1.5, 0, -13.0625],
							"rotation": [-51.5, 0, 0],
							"uv": {
								"north": {"uv": [30, 150], "uv_size": [0.5, 0.5]},
								"east": {"uv": [91, 135], "uv_size": [3, 0.5]},
								"south": {"uv": [42, 150], "uv_size": [0.5, 0.5]},
								"west": {"uv": [116, 135], "uv_size": [3, 0.5]},
								"up": {"uv": [129, 135], "uv_size": [0.5, 3]},
								"down": {"uv": [131, 138], "uv_size": [0.5, -3]}
							}
						},
						{
							"origin": [1.25, -0.00893, -15.95155],
							"size": [0.25, 0.38393, 2.88905],
							"pivot": [1.5, 0, -13.0625],
							"rotation": [-51.5, 0, 0],
							"uv": {
								"north": {"uv": [44, 150], "uv_size": [0.5, 0.5]},
								"east": {"uv": [133, 135], "uv_size": [3, 0.5]},
								"south": {"uv": [46, 150], "uv_size": [0.5, 0.5]},
								"west": {"uv": [59, 136], "uv_size": [3, 0.5]},
								"up": {"uv": [4, 137], "uv_size": [0.5, 3]},
								"down": {"uv": [6, 140], "uv_size": [0.5, -3]}
							}
						},
						{
							"origin": [1.25, 1.38844, -14.72608],
							"size": [0.25, 0.32143, 2.20155],
							"inflate": -0.001,
							"pivot": [1.375, 1.5179, -13.6253],
							"rotation": [-51.5, 0, 0],
							"uv": {
								"north": {"uv": [48, 150], "uv_size": [0.5, 0.5]},
								"east": {"uv": [16, 137], "uv_size": [2, 0.5]},
								"south": {"uv": [50, 150], "uv_size": [0.5, 0.5]},
								"west": {"uv": [95, 137], "uv_size": [2, 0.5]},
								"up": {"uv": [31, 137], "uv_size": [0.5, 2]},
								"down": {"uv": [50, 139], "uv_size": [0.5, -2]}
							}
						},
						{
							"origin": [1.25, 1.58729, -14.16359],
							"size": [0.25, 0.38393, 1.45155],
							"inflate": -0.001,
							"pivot": [1.375, 1.71675, -13.37531],
							"rotation": [-51.5, 0, 0],
							"uv": {
								"north": {"uv": [52, 150], "uv_size": [0.5, 0.5]},
								"east": {"uv": [18, 140], "uv_size": [1.5, 0.5]},
								"south": {"uv": [54, 150], "uv_size": [0.5, 0.5]},
								"west": {"uv": [31, 140], "uv_size": [1.5, 0.5]},
								"up": {"uv": [21, 140], "uv_size": [0.5, 1.5]},
								"down": {"uv": [34, 141.5], "uv_size": [0.5, -1.5]}
							}
						},
						{
							"origin": [1.25, 1.82504, -13.55219],
							"size": [0.25, 0.32143, 0.70155],
							"inflate": -0.001,
							"pivot": [1.375, 1.95451, -13.07641],
							"rotation": [-51.5, 0, 0],
							"uv": {
								"north": {"uv": [60, 150], "uv_size": [0.5, 0.5]},
								"east": {"uv": [62, 150], "uv_size": [0.5, 0.5]},
								"south": {"uv": [76, 150], "uv_size": [0.5, 0.5]},
								"west": {"uv": [78, 150], "uv_size": [0.5, 0.5]},
								"up": {"uv": [80, 150], "uv_size": [0.5, 0.5]},
								"down": {"uv": [88, 150.5], "uv_size": [0.5, -0.5]}
							}
						},
						{
							"origin": [1.25, 0.5, -13.0625],
							"size": [0.25, 2, 16.5],
							"uv": {
								"north": {"uv": [129, 139], "uv_size": [0.5, 2]},
								"east": {"uv": [4, 126], "uv_size": [16.5, 2]},
								"south": {"uv": [131, 139], "uv_size": [0.5, 2]},
								"west": {"uv": [22, 126], "uv_size": [16.5, 2]},
								"up": {"uv": [68, 129], "uv_size": [0.5, 16.5]},
								"down": {"uv": [70, 145.5], "uv_size": [0.5, -16.5]}
							}
						},
						{
							"origin": [1.25, 0.75, 1.4375],
							"size": [0.25, 0.5, 1.9375],
							"inflate": 0.001,
							"uv": {
								"west": {"uv": [208.5, 9], "uv_size": [95.5, 21.5]}
							}
						},
						{
							"origin": [1.25, 2.25, -14.875],
							"size": [0.25, 0.25, 1.8125],
							"uv": {
								"north": {"uv": [98, 150], "uv_size": [0.5, 0.5]},
								"east": {"uv": [8, 139], "uv_size": [2, 0.5]},
								"south": {"uv": [100, 150], "uv_size": [0.5, 0.5]},
								"west": {"uv": [11, 139], "uv_size": [2, 0.5]},
								"up": {"uv": [14, 139], "uv_size": [0.5, 2]},
								"down": {"uv": [16, 141], "uv_size": [0.5, -2]}
							}
						},
						{
							"origin": [-1.5, 2.25, -14.875],
							"size": [0.25, 0.25, 1.8125],
							"uv": {
								"north": {"uv": [102, 150], "uv_size": [0.5, 0.5]},
								"east": {"uv": [23, 139], "uv_size": [2, 0.5]},
								"south": {"uv": [104, 150], "uv_size": [0.5, 0.5]},
								"west": {"uv": [26, 139], "uv_size": [2, 0.5]},
								"up": {"uv": [29, 139], "uv_size": [0.5, 2]},
								"down": {"uv": [42, 141], "uv_size": [0.5, -2]}
							}
						},
						{
							"origin": [-1.25, 0.75, -13.0625],
							"size": [2.5, 1.75, 0.25],
							"uv": {
								"north": {"uv": [83, 132], "uv_size": [2.5, 2]},
								"east": {"uv": [44, 139], "uv_size": [0.5, 2]},
								"south": {"uv": [87, 132], "uv_size": [2.5, 2]},
								"west": {"uv": [46, 139], "uv_size": [0.5, 2]},
								"up": {"uv": [133, 137], "uv_size": [2.5, 0.5]},
								"down": {"uv": [137, 135.5], "uv_size": [2.5, -0.5]}
							}
						},
						{
							"origin": [-1.5, 0.5, -13.0625],
							"size": [0.25, 2, 16.5],
							"uv": {
								"north": {"uv": [133, 139], "uv_size": [0.5, 2]},
								"east": {"uv": [40, 126], "uv_size": [16.5, 2]},
								"south": {"uv": [135, 139], "uv_size": [0.5, 2]},
								"west": {"uv": [58, 126], "uv_size": [16.5, 2]},
								"up": {"uv": [98, 130], "uv_size": [0.5, 16.5]},
								"down": {"uv": [125, 146.5], "uv_size": [0.5, -16.5]}
							}
						},
						{
							"origin": [1.25, 2.5, -14.875],
							"size": [0.24785, 0.50389, 18.3125],
							"pivot": [1.5, 2.5, 4.4375],
							"rotation": [0, 0, -29.5],
							"uv": {
								"north": {"uv": [151, 129], "uv_size": [0.5, 0.5]},
								"east": {"uv": [76, 126], "uv_size": [18.5, 0.5]},
								"south": {"uv": [151, 135], "uv_size": [0.5, 0.5]},
								"west": {"uv": [96, 126], "uv_size": [18.5, 0.5]},
								"up": {"uv": [76, 128], "uv_size": [0.5, 18.5]},
								"down": {"uv": [78, 146.5], "uv_size": [0.5, -18.5]}
							}
						},
						{
							"origin": [-1.25, 2.5, -14.875],
							"size": [2.5, 0.4375, 18.3125],
							"uv": {
								"north": {"uv": [60, 138], "uv_size": [2.5, 0.5]},
								"east": {"uv": [80, 128], "uv_size": [18.5, 0.5]},
								"south": {"uv": [80, 138], "uv_size": [2.5, 0.5]},
								"west": {"uv": [4, 129], "uv_size": [18.5, 0.5]},
								"up": {"uv": [117, 113], "uv_size": [2.5, 18.5]},
								"down": {"uv": [121, 131.5], "uv_size": [2.5, -18.5]}
							}
						},
						{
							"origin": [0.75, 2.9375, -11.875],
							"size": [0.25, 0.4375, 16.3125],
							"pivot": [1, 2.9375, 4.4375],
							"rotation": [1.5, 0, 0],
							"uv": {
								"north": {"uv": [58, 151], "uv_size": [0.5, 0.5]},
								"east": {"uv": [129, 113], "uv_size": [16.5, 0.5]},
								"south": {"uv": [64, 151], "uv_size": [0.5, 0.5]},
								"west": {"uv": [129, 115], "uv_size": [16.5, 0.5]},
								"up": {"uv": [104, 128], "uv_size": [0.5, 16.5]},
								"down": {"uv": [106, 144.5], "uv_size": [0.5, -16.5]}
							}
						},
						{
							"origin": [-0.5, 2.9375, -11.875],
							"size": [0.25, 0.4375, 16.3125],
							"pivot": [1, 2.9375, 4.4375],
							"rotation": [1.5, 0, 0],
							"uv": {
								"north": {"uv": [66, 151], "uv_size": [0.5, 0.5]},
								"east": {"uv": [129, 117], "uv_size": [16.5, 0.5]},
								"south": {"uv": [68, 151], "uv_size": [0.5, 0.5]},
								"west": {"uv": [129, 119], "uv_size": [16.5, 0.5]},
								"up": {"uv": [108, 128], "uv_size": [0.5, 16.5]},
								"down": {"uv": [110, 144.5], "uv_size": [0.5, -16.5]}
							}
						},
						{
							"origin": [0.25, 2.9375, -11.875],
							"size": [0.25, 0.4375, 16.3125],
							"pivot": [1, 2.9375, 4.4375],
							"rotation": [1.5, 0, 0],
							"uv": {
								"north": {"uv": [70, 151], "uv_size": [0.5, 0.5]},
								"east": {"uv": [129, 121], "uv_size": [16.5, 0.5]},
								"south": {"uv": [72, 151], "uv_size": [0.5, 0.5]},
								"west": {"uv": [129, 123], "uv_size": [16.5, 0.5]},
								"up": {"uv": [112, 128], "uv_size": [0.5, 16.5]},
								"down": {"uv": [114, 144.5], "uv_size": [0.5, -16.5]}
							}
						},
						{
							"origin": [-1, 2.9375, -11.875],
							"size": [0.25, 0.4375, 16.3125],
							"pivot": [1, 2.9375, 4.4375],
							"rotation": [1.5, 0, 0],
							"uv": {
								"north": {"uv": [74, 151], "uv_size": [0.5, 0.5]},
								"east": {"uv": [129, 125], "uv_size": [16.5, 0.5]},
								"south": {"uv": [82, 151], "uv_size": [0.5, 0.5]},
								"west": {"uv": [129, 127], "uv_size": [16.5, 0.5]},
								"up": {"uv": [64, 129], "uv_size": [0.5, 16.5]},
								"down": {"uv": [66, 145.5], "uv_size": [0.5, -16.5]}
							}
						},
						{
							"origin": [-1.49785, 2.5, -14.875],
							"size": [0.24785, 0.50389, 18.3125],
							"pivot": [-1.5, 2.5, 4.4375],
							"rotation": [0, 0, 29.5],
							"uv": {
								"north": {"uv": [138, 151], "uv_size": [0.5, 0.5]},
								"east": {"uv": [24, 129], "uv_size": [18.5, 0.5]},
								"south": {"uv": [140, 151], "uv_size": [0.5, 0.5]},
								"west": {"uv": [44, 129], "uv_size": [18.5, 0.5]},
								"up": {"uv": [100, 128], "uv_size": [0.5, 18.5]},
								"down": {"uv": [102, 146.5], "uv_size": [0.5, -18.5]}
							}
						},
						{
							"origin": [-1.5, 1.82504, -13.55219],
							"size": [0.25, 0.32143, 0.70155],
							"inflate": -0.001,
							"pivot": [-1.375, 1.95451, -13.07641],
							"rotation": [-51.5, 0, 0],
							"uv": {
								"north": {"uv": [90, 151], "uv_size": [0.5, 0.5]},
								"east": {"uv": [92, 151], "uv_size": [0.5, 0.5]},
								"south": {"uv": [94, 151], "uv_size": [0.5, 0.5]},
								"west": {"uv": [96, 151], "uv_size": [0.5, 0.5]},
								"up": {"uv": [151, 113], "uv_size": [0.5, 0.5]},
								"down": {"uv": [151, 115.5], "uv_size": [0.5, -0.5]}
							}
						},
						{
							"origin": [-1.5, 1.38844, -14.72608],
							"size": [0.25, 0.32143, 2.20155],
							"inflate": -0.001,
							"pivot": [-1.375, 1.5179, -13.6253],
							"rotation": [-51.5, 0, 0],
							"uv": {
								"north": {"uv": [151, 117], "uv_size": [0.5, 0.5]},
								"east": {"uv": [92, 139], "uv_size": [2, 0.5]},
								"south": {"uv": [151, 119], "uv_size": [0.5, 0.5]},
								"west": {"uv": [95, 139], "uv_size": [2, 0.5]},
								"up": {"uv": [116, 139], "uv_size": [0.5, 2]},
								"down": {"uv": [118, 141], "uv_size": [0.5, -2]}
							}
						},
						{
							"origin": [-1.5, 1.58729, -14.16359],
							"size": [0.25, 0.38393, 1.45155],
							"inflate": -0.001,
							"pivot": [-1.375, 1.71675, -13.37531],
							"rotation": [-51.5, 0, 0],
							"uv": {
								"north": {"uv": [151, 121], "uv_size": [0.5, 0.5]},
								"east": {"uv": [60, 140], "uv_size": [1.5, 0.5]},
								"south": {"uv": [151, 123], "uv_size": [0.5, 0.5]},
								"west": {"uv": [80, 140], "uv_size": [1.5, 0.5]},
								"up": {"uv": [83, 140], "uv_size": [0.5, 1.5]},
								"down": {"uv": [85, 141.5], "uv_size": [0.5, -1.5]}
							}
						},
						{
							"origin": [-1.5, -0.0625, -13.0625],
							"size": [0.25, 0.5625, 16.5],
							"inflate": -0.001,
							"pivot": [-1.5, 0.5, 4.4375],
							"rotation": [0, 0, -26.5],
							"uv": {
								"north": {"uv": [151, 141], "uv_size": [0.5, 0.5]},
								"east": {"uv": [4, 131], "uv_size": [16.5, 0.5]},
								"south": {"uv": [142, 151], "uv_size": [0.5, 0.5]},
								"west": {"uv": [22, 131], "uv_size": [16.5, 0.5]},
								"up": {"uv": [127, 130], "uv_size": [0.5, 16.5]},
								"down": {"uv": [40, 147.5], "uv_size": [0.5, -16.5]}
							}
						}
					]
				},
				{
					"name": "scope_view",
					"pivot": [0, 1.67813, 9.35313]
				},
				{
					"name": "ocular_ring",
					"pivot": [-1.15567, 0.5947, 4.28125],
					"cubes": [
						{
							"origin": [-1.15459, 2.15525, 3.125],
							"size": [0.12285, 0.50389, 1.3125],
							"inflate": -0.001,
							"pivot": [-1.15567, 2.4072, 4.28125],
							"rotation": [0, 0, -135],
							"uv": {
								"north": {"uv": [32, 151], "uv_size": [0.5, 0.5]},
								"east": {"uv": [50, 140], "uv_size": [1.5, 0.5]},
								"south": {"uv": [34, 151], "uv_size": [0.5, 0.5]},
								"west": {"uv": [53, 140], "uv_size": [1.5, 0.5]},
								"up": {"uv": [56, 140], "uv_size": [0.5, 1.5]},
								"down": {"uv": [58, 141.5], "uv_size": [0.5, -1.5]}
							}
						},
						{
							"origin": [-1.25, 2.5, 3.4375],
							"size": [2.5, 0.4375, 1],
							"uv": {
								"north": {"uv": [137, 137], "uv_size": [2.5, 0.5]},
								"east": {"uv": [60, 142], "uv_size": [1, 0.5]},
								"south": {"uv": [56, 138], "uv_size": [2.5, 0.5]},
								"west": {"uv": [62, 142], "uv_size": [1, 0.5]},
								"up": {"uv": [12, 133], "uv_size": [2.5, 1]},
								"down": {"uv": [16, 134], "uv_size": [2.5, -1]}
							}
						},
						{
							"origin": [-1.49785, 2.5, 3.4375],
							"size": [0.24785, 0.50389, 1],
							"pivot": [-1.5, 2.5, 4.4375],
							"rotation": [0, 0, 29.5],
							"uv": {
								"north": {"uv": [84, 151], "uv_size": [0.5, 0.5]},
								"east": {"uv": [80, 142], "uv_size": [1, 0.5]},
								"south": {"uv": [86, 151], "uv_size": [0.5, 0.5]},
								"west": {"uv": [89, 142], "uv_size": [1, 0.5]},
								"up": {"uv": [116, 142], "uv_size": [0.5, 1]},
								"down": {"uv": [118, 143], "uv_size": [0.5, -1]}
							}
						},
						{
							"origin": [-1.5, 0.5, 3.4375],
							"size": [0.25, 2, 1],
							"uv": {
								"north": {"uv": [48, 139], "uv_size": [0.5, 2]},
								"east": {"uv": [87, 135], "uv_size": [1, 2]},
								"south": {"uv": [90, 139], "uv_size": [0.5, 2]},
								"west": {"uv": [89, 135], "uv_size": [1, 2]},
								"up": {"uv": [96, 141], "uv_size": [0.5, 1]},
								"down": {"uv": [141, 136], "uv_size": [0.5, -1]}
							}
						},
						{
							"origin": [-1.5, -0.0625, 3.4375],
							"size": [0.25, 0.5625, 1],
							"inflate": -0.001,
							"pivot": [-1.5, 0.5, 4.4375],
							"rotation": [0, 0, -26.5],
							"uv": {
								"north": {"uv": [151, 125], "uv_size": [0.5, 0.5]},
								"east": {"uv": [120, 142], "uv_size": [1, 0.5]},
								"south": {"uv": [151, 127], "uv_size": [0.5, 0.5]},
								"west": {"uv": [122, 142], "uv_size": [1, 0.5]},
								"up": {"uv": [129, 142], "uv_size": [0.5, 1]},
								"down": {"uv": [131, 143], "uv_size": [0.5, -1]}
							}
						},
						{
							"origin": [-1.25, 0, 3.4375],
							"size": [2.5, 0.5, 1],
							"uv": {
								"north": {"uv": [84, 138], "uv_size": [2.5, 0.5]},
								"east": {"uv": [133, 142], "uv_size": [1, 0.5]},
								"south": {"uv": [120, 138], "uv_size": [2.5, 0.5]},
								"west": {"uv": [142, 133], "uv_size": [1, 0.5]},
								"up": {"uv": [24, 133], "uv_size": [2.5, 1]},
								"down": {"uv": [28, 134], "uv_size": [2.5, -1]}
							}
						},
						{
							"origin": [1.03291, 0.34275, 3.3125],
							"size": [0.12285, 0.50389, 1.125],
							"inflate": -0.001,
							"pivot": [1.15683, 0.5947, 4.28125],
							"rotation": [0, 0, -135],
							"uv": {
								"north": {"uv": [36, 151], "uv_size": [0.5, 0.5]},
								"east": {"uv": [31, 142], "uv_size": [1, 0.5]},
								"south": {"uv": [38, 151], "uv_size": [0.5, 0.5]},
								"west": {"uv": [42, 142], "uv_size": [1, 0.5]},
								"up": {"uv": [44, 142], "uv_size": [0.5, 1]},
								"down": {"uv": [46, 143], "uv_size": [0.5, -1]}
							}
						},
						{
							"origin": [-1.15459, 0.34275, 3.3125],
							"size": [0.12285, 0.50389, 1.125],
							"inflate": -0.001,
							"pivot": [-1.15567, 0.5947, 4.28125],
							"rotation": [0, 0, 135],
							"uv": {
								"north": {"uv": [40, 151], "uv_size": [0.5, 0.5]},
								"east": {"uv": [48, 142], "uv_size": [1, 0.5]},
								"south": {"uv": [56, 151], "uv_size": [0.5, 0.5]},
								"west": {"uv": [50, 142], "uv_size": [1, 0.5]},
								"up": {"uv": [52, 142], "uv_size": [0.5, 1]},
								"down": {"uv": [54, 143], "uv_size": [0.5, -1]}
							}
						},
						{
							"origin": [1.25, -0.0625, 3.4375],
							"size": [0.25, 0.5625, 1],
							"inflate": -0.001,
							"pivot": [1.5, 0.5, 4.4375],
							"rotation": [0, 0, 26.5],
							"uv": {
								"north": {"uv": [18, 150], "uv_size": [0.5, 0.5]},
								"east": {"uv": [27, 141], "uv_size": [1, 0.5]},
								"south": {"uv": [28, 150], "uv_size": [0.5, 0.5]},
								"west": {"uv": [36, 141], "uv_size": [1, 0.5]},
								"up": {"uv": [38, 141], "uv_size": [0.5, 1]},
								"down": {"uv": [87, 142], "uv_size": [0.5, -1]}
							}
						},
						{
							"origin": [1.25, 0.5, 3.4375],
							"size": [0.25, 2, 1],
							"uv": {
								"north": {"uv": [37, 138], "uv_size": [0.5, 2]},
								"east": {"uv": [83, 135], "uv_size": [1, 2]},
								"south": {"uv": [88, 138], "uv_size": [0.5, 2]},
								"west": {"uv": [85, 135], "uv_size": [1, 2]},
								"up": {"uv": [92, 141], "uv_size": [0.5, 1]},
								"down": {"uv": [94, 142], "uv_size": [0.5, -1]}
							}
						},
						{
							"origin": [1.25, 2.5, 3.4375],
							"size": [0.24785, 0.50389, 1],
							"pivot": [1.5, 2.5, 4.4375],
							"rotation": [0, 0, -29.5],
							"uv": {
								"north": {"uv": [20, 151], "uv_size": [0.5, 0.5]},
								"east": {"uv": [137, 141], "uv_size": [1, 0.5]},
								"south": {"uv": [22, 151], "uv_size": [0.5, 0.5]},
								"west": {"uv": [141, 137], "uv_size": [1, 0.5]},
								"up": {"uv": [139, 141], "uv_size": [0.5, 1]},
								"down": {"uv": [141, 142], "uv_size": [0.5, -1]}
							}
						},
						{
							"origin": [1.11103, 2.15525, 3.3125],
							"size": [0.18535, 0.50389, 1.125],
							"inflate": -0.001,
							"pivot": [1.17246, 2.4072, 4.28125],
							"rotation": [0, 0, -45],
							"uv": {
								"north": {"uv": [24, 151], "uv_size": [0.5, 0.5]},
								"east": {"uv": [14, 142], "uv_size": [1, 0.5]},
								"south": {"uv": [26, 151], "uv_size": [0.5, 0.5]},
								"west": {"uv": [16, 142], "uv_size": [1, 0.5]},
								"up": {"uv": [18, 142], "uv_size": [0.5, 1]},
								"down": {"uv": [29, 143], "uv_size": [0.5, -1]}
							}
						},
						{
							"origin": [-1.25, 0.5, 3.25],
							"size": [2.5, 0.375, 0.25],
							"uv": {
								"north": {"uv": [42, 137], "uv_size": [2.5, 0.5]},
								"east": {"uv": [106, 150], "uv_size": [0.5, 0.5]},
								"south": {"uv": [46, 137], "uv_size": [2.5, 0.5]},
								"west": {"uv": [108, 150], "uv_size": [0.5, 0.5]},
								"up": {"uv": [91, 137], "uv_size": [2.5, 0.5]},
								"down": {"uv": [116, 137.5], "uv_size": [2.5, -0.5]}
							}
						},
						{
							"origin": [0.75, 0.5625, 3.5],
							"size": [0.3125, 0.25, 0.0625],
							"uv": {
								"north": {"uv": [110, 150], "uv_size": [0.5, 0.5]},
								"east": {"uv": [112, 150], "uv_size": [0.5, 0.5]},
								"south": {"uv": [114, 150], "uv_size": [0.5, 0.5]},
								"west": {"uv": [116, 150], "uv_size": [0.5, 0.5]},
								"up": {"uv": [118, 150], "uv_size": [0.5, 0.5]},
								"down": {"uv": [120, 150.5], "uv_size": [0.5, -0.5]}
							}
						},
						{
							"origin": [-1.0625, 0.5625, 3.5],
							"size": [0.3125, 0.25, 0.0625],
							"uv": {
								"north": {"uv": [122, 150], "uv_size": [0.5, 0.5]},
								"east": {"uv": [124, 150], "uv_size": [0.5, 0.5]},
								"south": {"uv": [126, 150], "uv_size": [0.5, 0.5]},
								"west": {"uv": [128, 150], "uv_size": [0.5, 0.5]},
								"up": {"uv": [130, 150], "uv_size": [0.5, 0.5]},
								"down": {"uv": [150, 131.5], "uv_size": [0.5, -0.5]}
							}
						},
						{
							"origin": [0.0625, 0.5625, 3.5],
							"size": [0.5625, 0.25, 0.0625],
							"uv": {
								"north": {"uv": [132, 150], "uv_size": [0.5, 0.5]},
								"east": {"uv": [150, 133], "uv_size": [0.5, 0.5]},
								"south": {"uv": [134, 150], "uv_size": [0.5, 0.5]},
								"west": {"uv": [150, 139], "uv_size": [0.5, 0.5]},
								"up": {"uv": [150, 149], "uv_size": [0.5, 0.5]},
								"down": {"uv": [0, 151.5], "uv_size": [0.5, -0.5]}
							}
						},
						{
							"origin": [-0.625, 0.5625, 3.5],
							"size": [0.5625, 0.25, 0.0625],
							"uv": {
								"north": {"uv": [58, 0], "uv_size": [0.5, 0.5]},
								"east": {"uv": [58, 1], "uv_size": [0.5, 0.5]},
								"south": {"uv": [58, 2], "uv_size": [0.5, 0.5]},
								"west": {"uv": [58, 3], "uv_size": [0.5, 0.5]},
								"up": {"uv": [58, 4], "uv_size": [0.5, 0.5]},
								"down": {"uv": [58, 5.5], "uv_size": [0.5, -0.5]}
							}
						}
					]
				},
				{
					"name": "division",
					"pivot": [0.125, 1.1875, -24.825],
					"cubes": [
						{
							"origin": [-93, -62.14687, -100],
							"size": [56.85, 125.125, 0.25],
							"uv": {
								"south": {"uv": [59, 0], "uv_size": [57, 125]}
							}
						},
						{
							"origin": [35.875, -61.82188, -100],
							"size": [57.475, 124.7, 0.25],
							"uv": {
								"south": {"uv": [0, 0], "uv_size": [57.5, 124.5]}
							}
						},
						{
							"origin": [-36.15, 26.57813, -100],
							"size": [72.025, 36.4, 0.25],
							"uv": {
								"south": {"uv": [117, 38], "uv_size": [72, 36.5]}
							}
						},
						{
							"origin": [-36.15, -62.14687, -100],
							"size": [72.025, 37.175, 0.25],
							"uv": {
								"south": {"uv": [117, 0], "uv_size": [72, 37]}
							}
						}
					]
				},
				{
					"name": "bone72_illuminated",
					"parent": "division",
					"pivot": [0.125, 1.1875, -24.825],
					"cubes": [
						{
							"origin": [-25.24687, -15.57812, -100],
							"size": [50.53125, 36.125, 0.25],
							"uv": {
								"south": {"uv": [126, 239], "uv_size": [351, 248.5]}
							}
						}
					]
				},
				{
					"name": "ocular",
					"pivot": [0, 2.2625, 8.225],
					"cubes": [
						{
							"origin": [-1.24787, 0.85204, 1.427],
							"size": [2.5041, 1.67747, 2.05126],
							"uv": {
								"south": {"uv": [91, 132], "uv_size": [2.5, 1.5]}
							}
						}
					]
				}
			]
		}
	]
}