{
	"format_version": "1.12.0",
	"minecraft:geometry": [
		{
			"description": {
				"identifier": "geometry.unknown",
				"texture_width": 256,
				"texture_height": 256,
				"visible_bounds_width": 5,
				"visible_bounds_height": 4,
				"visible_bounds_offset": [0, 0, 0]
			},
			"bones": [
				{
					"name": "scope_body",
					"pivot": [1.5, -0.8125, 0.6875]
				},
				{
					"name": "bone",
					"parent": "scope_body",
					"pivot": [1.4375, -1.375, -4.3125],
					"cubes": [
						{
							"origin": [-0.75053, -0.49459, -1.3125],
							"size": [0.25053, 1.86959, 2.75],
							"uv": {
								"north": {"uv": [29, 19], "uv_size": [0.25, 1.75]},
								"east": {"uv": [6, 17], "uv_size": [2.75, 1.75]},
								"south": {"uv": [20, 29], "uv_size": [0.25, 1.75]},
								"west": {"uv": [9, 17], "uv_size": [2.75, 1.75]},
								"up": {"uv": [16, 25], "uv_size": [0.25, 2.75]},
								"down": {"uv": [17, 27.75], "uv_size": [0.25, -2.75]}
							}
						},
						{
							"origin": [-0.5, -2.0625, -5.3125],
							"size": [0.1875, 1, 5],
							"uv": {
								"north": {"uv": [31, 12], "uv_size": [0.25, 1]},
								"east": {"uv": [16, 15], "uv_size": [5, 1]},
								"south": {"uv": [31, 13], "uv_size": [0.25, 1]},
								"west": {"uv": [16, 16], "uv_size": [5, 1]},
								"up": {"uv": [16, 20], "uv_size": [0.25, 5]},
								"down": {"uv": [17, 25], "uv_size": [0.25, -5]}
							}
						},
						{
							"origin": [-0.06066, -0.8125, 2.6875],
							"size": [0.62132, 0.2, 0.125],
							"pivot": [0.25, -0.0625, 2.9375],
							"rotation": [0, 0, 45],
							"uv": {
								"north": {"uv": [25, 32], "uv_size": [0.5, 0.25]},
								"east": {"uv": [6, 36], "uv_size": [0.25, 0.25]},
								"south": {"uv": [32, 25], "uv_size": [0.5, 0.25]},
								"west": {"uv": [36, 6], "uv_size": [0.25, 0.25]},
								"up": {"uv": [26, 32], "uv_size": [0.5, 0.25]},
								"down": {"uv": [32, 26.25], "uv_size": [0.5, -0.25]}
							}
						},
						{
							"origin": [-0.06066, -0.8125, 2.6875],
							"size": [0.62132, 0.2, 0.125],
							"uv": {
								"north": {"uv": [27, 32], "uv_size": [0.5, 0.25]},
								"east": {"uv": [7, 36], "uv_size": [0.25, 0.25]},
								"south": {"uv": [32, 27], "uv_size": [0.5, 0.25]},
								"west": {"uv": [36, 7], "uv_size": [0.25, 0.25]},
								"up": {"uv": [28, 32], "uv_size": [0.5, 0.25]},
								"down": {"uv": [32, 28.25], "uv_size": [0.5, -0.25]}
							}
						},
						{
							"origin": [-0.06066, 0.4875, 2.6875],
							"size": [0.62132, 0.2, 0.125],
							"pivot": [0.25, -0.0625, 2.9375],
							"rotation": [0, 0, 45],
							"uv": {
								"north": {"uv": [29, 32], "uv_size": [0.5, 0.25]},
								"east": {"uv": [8, 36], "uv_size": [0.25, 0.25]},
								"south": {"uv": [32, 29], "uv_size": [0.5, 0.25]},
								"west": {"uv": [36, 8], "uv_size": [0.25, 0.25]},
								"up": {"uv": [30, 32], "uv_size": [0.5, 0.25]},
								"down": {"uv": [32, 30.25], "uv_size": [0.5, -0.25]}
							}
						},
						{
							"origin": [-0.06066, 0.4875, 2.6875],
							"size": [0.62132, 0.2, 0.125],
							"uv": {
								"north": {"uv": [31, 32], "uv_size": [0.5, 0.25]},
								"east": {"uv": [9, 36], "uv_size": [0.25, 0.25]},
								"south": {"uv": [32, 31], "uv_size": [0.5, 0.25]},
								"west": {"uv": [36, 9], "uv_size": [0.25, 0.25]},
								"up": {"uv": [32, 32], "uv_size": [0.5, 0.25]},
								"down": {"uv": [0, 33.25], "uv_size": [0.5, -0.25]}
							}
						},
						{
							"origin": [0.8, -0.37316, 2.6875],
							"size": [0.2, 0.62132, 0.125],
							"pivot": [0.25, -0.0625, 2.9375],
							"rotation": [0, 0, 45],
							"uv": {
								"north": {"uv": [33, 0], "uv_size": [0.25, 0.5]},
								"east": {"uv": [1, 33], "uv_size": [0.25, 0.5]},
								"south": {"uv": [33, 1], "uv_size": [0.25, 0.5]},
								"west": {"uv": [2, 33], "uv_size": [0.25, 0.5]},
								"up": {"uv": [10, 36], "uv_size": [0.25, 0.25]},
								"down": {"uv": [36, 10.25], "uv_size": [0.25, -0.25]}
							}
						},
						{
							"origin": [0.8, -0.37316, 2.6875],
							"size": [0.2, 0.62132, 0.125],
							"uv": {
								"north": {"uv": [33, 2], "uv_size": [0.25, 0.5]},
								"east": {"uv": [3, 33], "uv_size": [0.25, 0.5]},
								"south": {"uv": [33, 3], "uv_size": [0.25, 0.5]},
								"west": {"uv": [4, 33], "uv_size": [0.25, 0.5]},
								"up": {"uv": [11, 36], "uv_size": [0.25, 0.25]},
								"down": {"uv": [36, 11.25], "uv_size": [0.25, -0.25]}
							}
						},
						{
							"origin": [-0.5, -0.37316, 2.6875],
							"size": [0.2, 0.62132, 0.125],
							"pivot": [0.25, -0.0625, 2.9375],
							"rotation": [0, 0, 45],
							"uv": {
								"north": {"uv": [33, 4], "uv_size": [0.25, 0.5]},
								"east": {"uv": [5, 33], "uv_size": [0.25, 0.5]},
								"south": {"uv": [33, 5], "uv_size": [0.25, 0.5]},
								"west": {"uv": [6, 33], "uv_size": [0.25, 0.5]},
								"up": {"uv": [12, 36], "uv_size": [0.25, 0.25]},
								"down": {"uv": [36, 12.25], "uv_size": [0.25, -0.25]}
							}
						},
						{
							"origin": [-0.5, -0.37316, 2.6875],
							"size": [0.2, 0.62132, 0.125],
							"uv": {
								"north": {"uv": [33, 6], "uv_size": [0.25, 0.5]},
								"east": {"uv": [7, 33], "uv_size": [0.25, 0.5]},
								"south": {"uv": [33, 7], "uv_size": [0.25, 0.5]},
								"west": {"uv": [8, 33], "uv_size": [0.25, 0.5]},
								"up": {"uv": [13, 36], "uv_size": [0.25, 0.25]},
								"down": {"uv": [36, 13.25], "uv_size": [0.25, -0.25]}
							}
						},
						{
							"origin": [0.04289, -0.5625, 1.25],
							"size": [0.41421, 0.2, 1.25],
							"pivot": [0.25, -0.0625, 2.25],
							"rotation": [0, 0, 45],
							"uv": {
								"north": {"uv": [33, 8], "uv_size": [0.5, 0.25]},
								"east": {"uv": [30, 3], "uv_size": [1.25, 0.25]},
								"south": {"uv": [9, 33], "uv_size": [0.5, 0.25]},
								"west": {"uv": [4, 30], "uv_size": [1.25, 0.25]},
								"up": {"uv": [24, 26], "uv_size": [0.5, 1.25]},
								"down": {"uv": [26, 25.25], "uv_size": [0.5, -1.25]}
							}
						},
						{
							"origin": [0.04289, -0.5625, 1.25],
							"size": [0.41421, 0.2, 1.25],
							"uv": {
								"north": {"uv": [33, 9], "uv_size": [0.5, 0.25]},
								"east": {"uv": [30, 5], "uv_size": [1.25, 0.25]},
								"south": {"uv": [10, 33], "uv_size": [0.5, 0.25]},
								"west": {"uv": [6, 30], "uv_size": [1.25, 0.25]},
								"up": {"uv": [25, 26], "uv_size": [0.5, 1.25]},
								"down": {"uv": [26, 27.25], "uv_size": [0.5, -1.25]}
							}
						},
						{
							"origin": [0.04289, 0.2375, 1.25],
							"size": [0.41421, 0.2, 1.25],
							"pivot": [0.25, -0.0625, 2.25],
							"rotation": [0, 0, 45],
							"uv": {
								"north": {"uv": [33, 10], "uv_size": [0.5, 0.25]},
								"east": {"uv": [30, 6], "uv_size": [1.25, 0.25]},
								"south": {"uv": [11, 33], "uv_size": [0.5, 0.25]},
								"west": {"uv": [8, 30], "uv_size": [1.25, 0.25]},
								"up": {"uv": [27, 2], "uv_size": [0.5, 1.25]},
								"down": {"uv": [3, 28.25], "uv_size": [0.5, -1.25]}
							}
						},
						{
							"origin": [0.04289, 0.2375, 1.25],
							"size": [0.41421, 0.2, 1.25],
							"uv": {
								"north": {"uv": [33, 11], "uv_size": [0.5, 0.25]},
								"east": {"uv": [30, 9], "uv_size": [1.25, 0.25]},
								"south": {"uv": [12, 33], "uv_size": [0.5, 0.25]},
								"west": {"uv": [10, 30], "uv_size": [1.25, 0.25]},
								"up": {"uv": [5, 27], "uv_size": [0.5, 1.25]},
								"down": {"uv": [6, 28.25], "uv_size": [0.5, -1.25]}
							}
						},
						{
							"origin": [0.55, -0.26961, 1.25],
							"size": [0.2, 0.41421, 1.25],
							"pivot": [0.25, -0.0625, 2.25],
							"rotation": [0, 0, 45],
							"uv": {
								"north": {"uv": [33, 12], "uv_size": [0.25, 0.5]},
								"east": {"uv": [27, 4], "uv_size": [1.25, 0.5]},
								"south": {"uv": [13, 33], "uv_size": [0.25, 0.5]},
								"west": {"uv": [7, 27], "uv_size": [1.25, 0.5]},
								"up": {"uv": [30, 10], "uv_size": [0.25, 1.25]},
								"down": {"uv": [12, 31.25], "uv_size": [0.25, -1.25]}
							}
						},
						{
							"origin": [0.55, -0.26961, 1.25],
							"size": [0.2, 0.41421, 1.25],
							"uv": {
								"north": {"uv": [33, 13], "uv_size": [0.25, 0.5]},
								"east": {"uv": [27, 7], "uv_size": [1.25, 0.5]},
								"south": {"uv": [14, 33], "uv_size": [0.25, 0.5]},
								"west": {"uv": [27, 8], "uv_size": [1.25, 0.5]},
								"up": {"uv": [30, 12], "uv_size": [0.25, 1.25]},
								"down": {"uv": [13, 31.25], "uv_size": [0.25, -1.25]}
							}
						},
						{
							"origin": [-0.25, -0.26961, 1.25],
							"size": [0.2, 0.41421, 1.25],
							"pivot": [0.25, -0.0625, 2.25],
							"rotation": [0, 0, 45],
							"uv": {
								"north": {"uv": [33, 14], "uv_size": [0.25, 0.5]},
								"east": {"uv": [11, 27], "uv_size": [1.25, 0.5]},
								"south": {"uv": [15, 33], "uv_size": [0.25, 0.5]},
								"west": {"uv": [27, 11], "uv_size": [1.25, 0.5]},
								"up": {"uv": [14, 30], "uv_size": [0.25, 1.25]},
								"down": {"uv": [30, 15.25], "uv_size": [0.25, -1.25]}
							}
						},
						{
							"origin": [-0.25, -0.26961, 1.25],
							"size": [0.2, 0.41421, 1.25],
							"uv": {
								"north": {"uv": [33, 15], "uv_size": [0.25, 0.5]},
								"east": {"uv": [27, 12], "uv_size": [1.25, 0.5]},
								"south": {"uv": [16, 33], "uv_size": [0.25, 0.5]},
								"west": {"uv": [27, 13], "uv_size": [1.25, 0.5]},
								"up": {"uv": [15, 30], "uv_size": [0.25, 1.25]},
								"down": {"uv": [16, 31.25], "uv_size": [0.25, -1.25]}
							}
						},
						{
							"origin": [-0.00888, -0.6875, 2.5],
							"size": [0.51777, 0.2, 0.25],
							"pivot": [0.25, -0.0625, 2.25],
							"rotation": [0, 0, 45],
							"uv": {
								"north": {"uv": [33, 16], "uv_size": [0.5, 0.25]},
								"east": {"uv": [14, 36], "uv_size": [0.25, 0.25]},
								"south": {"uv": [17, 33], "uv_size": [0.5, 0.25]},
								"west": {"uv": [36, 14], "uv_size": [0.25, 0.25]},
								"up": {"uv": [33, 17], "uv_size": [0.5, 0.25]},
								"down": {"uv": [18, 33.25], "uv_size": [0.5, -0.25]}
							}
						},
						{
							"origin": [-0.00888, -0.6875, 2.5],
							"size": [0.51777, 0.2, 0.25],
							"uv": {
								"north": {"uv": [33, 18], "uv_size": [0.5, 0.25]},
								"east": {"uv": [15, 36], "uv_size": [0.25, 0.25]},
								"south": {"uv": [19, 33], "uv_size": [0.5, 0.25]},
								"west": {"uv": [36, 15], "uv_size": [0.25, 0.25]},
								"up": {"uv": [33, 19], "uv_size": [0.5, 0.25]},
								"down": {"uv": [20, 33.25], "uv_size": [0.5, -0.25]}
							}
						},
						{
							"origin": [-0.00888, 0.3625, 2.5],
							"size": [0.51777, 0.2, 0.25],
							"pivot": [0.25, -0.0625, 2.25],
							"rotation": [0, 0, 45],
							"uv": {
								"north": {"uv": [33, 20], "uv_size": [0.5, 0.25]},
								"east": {"uv": [16, 36], "uv_size": [0.25, 0.25]},
								"south": {"uv": [21, 33], "uv_size": [0.5, 0.25]},
								"west": {"uv": [36, 16], "uv_size": [0.25, 0.25]},
								"up": {"uv": [33, 21], "uv_size": [0.5, 0.25]},
								"down": {"uv": [22, 33.25], "uv_size": [0.5, -0.25]}
							}
						},
						{
							"origin": [-0.00888, 0.3625, 2.5],
							"size": [0.51777, 0.2, 0.25],
							"uv": {
								"north": {"uv": [33, 22], "uv_size": [0.5, 0.25]},
								"east": {"uv": [17, 36], "uv_size": [0.25, 0.25]},
								"south": {"uv": [23, 33], "uv_size": [0.5, 0.25]},
								"west": {"uv": [36, 17], "uv_size": [0.25, 0.25]},
								"up": {"uv": [33, 23], "uv_size": [0.5, 0.25]},
								"down": {"uv": [24, 33.25], "uv_size": [0.5, -0.25]}
							}
						},
						{
							"origin": [0.675, -0.32138, 2.5],
							"size": [0.2, 0.51777, 0.25],
							"pivot": [0.25, -0.0625, 2.25],
							"rotation": [0, 0, 45],
							"uv": {
								"north": {"uv": [33, 24], "uv_size": [0.25, 0.5]},
								"east": {"uv": [25, 33], "uv_size": [0.25, 0.5]},
								"south": {"uv": [33, 25], "uv_size": [0.25, 0.5]},
								"west": {"uv": [26, 33], "uv_size": [0.25, 0.5]},
								"up": {"uv": [18, 36], "uv_size": [0.25, 0.25]},
								"down": {"uv": [36, 18.25], "uv_size": [0.25, -0.25]}
							}
						},
						{
							"origin": [0.675, -0.32138, 2.5],
							"size": [0.2, 0.51777, 0.25],
							"uv": {
								"north": {"uv": [33, 26], "uv_size": [0.25, 0.5]},
								"east": {"uv": [27, 33], "uv_size": [0.25, 0.5]},
								"south": {"uv": [33, 27], "uv_size": [0.25, 0.5]},
								"west": {"uv": [28, 33], "uv_size": [0.25, 0.5]},
								"up": {"uv": [19, 36], "uv_size": [0.25, 0.25]},
								"down": {"uv": [36, 19.25], "uv_size": [0.25, -0.25]}
							}
						},
						{
							"origin": [-0.375, -0.32138, 2.5],
							"size": [0.2, 0.51777, 0.25],
							"pivot": [0.25, -0.0625, 2.25],
							"rotation": [0, 0, 45],
							"uv": {
								"north": {"uv": [33, 28], "uv_size": [0.25, 0.5]},
								"east": {"uv": [29, 33], "uv_size": [0.25, 0.5]},
								"south": {"uv": [33, 29], "uv_size": [0.25, 0.5]},
								"west": {"uv": [30, 33], "uv_size": [0.25, 0.5]},
								"up": {"uv": [20, 36], "uv_size": [0.25, 0.25]},
								"down": {"uv": [36, 20.25], "uv_size": [0.25, -0.25]}
							}
						},
						{
							"origin": [-0.375, -0.32138, 2.5],
							"size": [0.2, 0.51777, 0.25],
							"uv": {
								"north": {"uv": [33, 30], "uv_size": [0.25, 0.5]},
								"east": {"uv": [31, 33], "uv_size": [0.25, 0.5]},
								"south": {"uv": [33, 31], "uv_size": [0.25, 0.5]},
								"west": {"uv": [32, 33], "uv_size": [0.25, 0.5]},
								"up": {"uv": [21, 36], "uv_size": [0.25, 0.25]},
								"down": {"uv": [36, 21.25], "uv_size": [0.25, -0.25]}
							}
						},
						{
							"origin": [-0.00888, -0.6875, 1.625],
							"size": [0.51777, 0.2, 0.125],
							"pivot": [0.25, -0.0625, 1.25],
							"rotation": [0, 0, 45],
							"uv": {
								"north": {"uv": [33, 32], "uv_size": [0.5, 0.25]},
								"east": {"uv": [22, 36], "uv_size": [0.25, 0.25]},
								"south": {"uv": [33, 33], "uv_size": [0.5, 0.25]},
								"west": {"uv": [36, 22], "uv_size": [0.25, 0.25]},
								"up": {"uv": [0, 34], "uv_size": [0.5, 0.25]},
								"down": {"uv": [34, 0.25], "uv_size": [0.5, -0.25]}
							}
						},
						{
							"origin": [-0.00888, -0.6875, 1.625],
							"size": [0.51777, 0.2, 0.125],
							"uv": {
								"north": {"uv": [1, 34], "uv_size": [0.5, 0.25]},
								"east": {"uv": [23, 36], "uv_size": [0.25, 0.25]},
								"south": {"uv": [34, 1], "uv_size": [0.5, 0.25]},
								"west": {"uv": [36, 23], "uv_size": [0.25, 0.25]},
								"up": {"uv": [2, 34], "uv_size": [0.5, 0.25]},
								"down": {"uv": [34, 2.25], "uv_size": [0.5, -0.25]}
							}
						},
						{
							"origin": [-0.00888, 0.3625, 1.625],
							"size": [0.51777, 0.2, 0.125],
							"pivot": [0.25, -0.0625, 1.25],
							"rotation": [0, 0, 45],
							"uv": {
								"north": {"uv": [3, 34], "uv_size": [0.5, 0.25]},
								"east": {"uv": [24, 36], "uv_size": [0.25, 0.25]},
								"south": {"uv": [34, 3], "uv_size": [0.5, 0.25]},
								"west": {"uv": [36, 24], "uv_size": [0.25, 0.25]},
								"up": {"uv": [4, 34], "uv_size": [0.5, 0.25]},
								"down": {"uv": [34, 4.25], "uv_size": [0.5, -0.25]}
							}
						},
						{
							"origin": [-0.00888, 0.3625, 1.625],
							"size": [0.51777, 0.2, 0.125],
							"uv": {
								"north": {"uv": [5, 34], "uv_size": [0.5, 0.25]},
								"east": {"uv": [25, 36], "uv_size": [0.25, 0.25]},
								"south": {"uv": [34, 5], "uv_size": [0.5, 0.25]},
								"west": {"uv": [36, 25], "uv_size": [0.25, 0.25]},
								"up": {"uv": [6, 34], "uv_size": [0.5, 0.25]},
								"down": {"uv": [34, 6.25], "uv_size": [0.5, -0.25]}
							}
						},
						{
							"origin": [0.675, -0.32138, 1.625],
							"size": [0.2, 0.51777, 0.125],
							"pivot": [0.25, -0.0625, 1.25],
							"rotation": [0, 0, 45],
							"uv": {
								"north": {"uv": [7, 34], "uv_size": [0.25, 0.5]},
								"east": {"uv": [34, 7], "uv_size": [0.25, 0.5]},
								"south": {"uv": [8, 34], "uv_size": [0.25, 0.5]},
								"west": {"uv": [34, 8], "uv_size": [0.25, 0.5]},
								"up": {"uv": [26, 36], "uv_size": [0.25, 0.25]},
								"down": {"uv": [36, 26.25], "uv_size": [0.25, -0.25]}
							}
						},
						{
							"origin": [0.675, -0.32138, 1.625],
							"size": [0.2, 0.51777, 0.125],
							"uv": {
								"north": {"uv": [9, 34], "uv_size": [0.25, 0.5]},
								"east": {"uv": [34, 9], "uv_size": [0.25, 0.5]},
								"south": {"uv": [10, 34], "uv_size": [0.25, 0.5]},
								"west": {"uv": [34, 10], "uv_size": [0.25, 0.5]},
								"up": {"uv": [27, 36], "uv_size": [0.25, 0.25]},
								"down": {"uv": [36, 27.25], "uv_size": [0.25, -0.25]}
							}
						},
						{
							"origin": [0.78438, -0.32138, 1.4375],
							"size": [0.2, 0.83027, 0.2],
							"pivot": [0.88438, -0.06249, 1.5375],
							"rotation": [0, -45, 0],
							"uv": {
								"north": {"uv": [32, 6], "uv_size": [0.25, 0.75]},
								"east": {"uv": [7, 32], "uv_size": [0.25, 0.75]},
								"south": {"uv": [32, 7], "uv_size": [0.25, 0.75]},
								"west": {"uv": [8, 32], "uv_size": [0.25, 0.75]},
								"up": {"uv": [28, 36], "uv_size": [0.25, 0.25]},
								"down": {"uv": [36, 28.25], "uv_size": [0.25, -0.25]}
							}
						},
						{
							"origin": [-0.375, -0.32138, 1.625],
							"size": [0.2, 0.51777, 0.125],
							"pivot": [0.25, -0.0625, 1.25],
							"rotation": [0, 0, 45],
							"uv": {
								"north": {"uv": [11, 34], "uv_size": [0.25, 0.5]},
								"east": {"uv": [34, 11], "uv_size": [0.25, 0.5]},
								"south": {"uv": [12, 34], "uv_size": [0.25, 0.5]},
								"west": {"uv": [34, 12], "uv_size": [0.25, 0.5]},
								"up": {"uv": [29, 36], "uv_size": [0.25, 0.25]},
								"down": {"uv": [36, 29.25], "uv_size": [0.25, -0.25]}
							}
						},
						{
							"origin": [-0.375, -0.32138, 1.625],
							"size": [0.2, 0.51777, 0.125],
							"uv": {
								"north": {"uv": [13, 34], "uv_size": [0.25, 0.5]},
								"east": {"uv": [34, 13], "uv_size": [0.25, 0.5]},
								"south": {"uv": [14, 34], "uv_size": [0.25, 0.5]},
								"west": {"uv": [34, 14], "uv_size": [0.25, 0.5]},
								"up": {"uv": [30, 36], "uv_size": [0.25, 0.25]},
								"down": {"uv": [36, 30.25], "uv_size": [0.25, -0.25]}
							}
						},
						{
							"origin": [-0.00888, -0.6875, 1.875],
							"size": [0.51777, 0.2, 0.125],
							"pivot": [0.25, -0.0625, 1.5],
							"rotation": [0, 0, 45],
							"uv": {
								"north": {"uv": [15, 34], "uv_size": [0.5, 0.25]},
								"east": {"uv": [31, 36], "uv_size": [0.25, 0.25]},
								"south": {"uv": [34, 15], "uv_size": [0.5, 0.25]},
								"west": {"uv": [36, 31], "uv_size": [0.25, 0.25]},
								"up": {"uv": [16, 34], "uv_size": [0.5, 0.25]},
								"down": {"uv": [34, 16.25], "uv_size": [0.5, -0.25]}
							}
						},
						{
							"origin": [-0.00888, -0.6875, 1.875],
							"size": [0.51777, 0.2, 0.125],
							"uv": {
								"north": {"uv": [17, 34], "uv_size": [0.5, 0.25]},
								"east": {"uv": [32, 36], "uv_size": [0.25, 0.25]},
								"south": {"uv": [34, 17], "uv_size": [0.5, 0.25]},
								"west": {"uv": [36, 32], "uv_size": [0.25, 0.25]},
								"up": {"uv": [18, 34], "uv_size": [0.5, 0.25]},
								"down": {"uv": [34, 18.25], "uv_size": [0.5, -0.25]}
							}
						},
						{
							"origin": [-0.00888, 0.3625, 1.875],
							"size": [0.51777, 0.2, 0.125],
							"pivot": [0.25, -0.0625, 1.5],
							"rotation": [0, 0, 45],
							"uv": {
								"north": {"uv": [19, 34], "uv_size": [0.5, 0.25]},
								"east": {"uv": [33, 36], "uv_size": [0.25, 0.25]},
								"south": {"uv": [34, 19], "uv_size": [0.5, 0.25]},
								"west": {"uv": [36, 33], "uv_size": [0.25, 0.25]},
								"up": {"uv": [20, 34], "uv_size": [0.5, 0.25]},
								"down": {"uv": [34, 20.25], "uv_size": [0.5, -0.25]}
							}
						},
						{
							"origin": [-0.00888, 0.3625, 1.875],
							"size": [0.51777, 0.2, 0.125],
							"uv": {
								"north": {"uv": [21, 34], "uv_size": [0.5, 0.25]},
								"east": {"uv": [34, 36], "uv_size": [0.25, 0.25]},
								"south": {"uv": [34, 21], "uv_size": [0.5, 0.25]},
								"west": {"uv": [36, 34], "uv_size": [0.25, 0.25]},
								"up": {"uv": [22, 34], "uv_size": [0.5, 0.25]},
								"down": {"uv": [34, 22.25], "uv_size": [0.5, -0.25]}
							}
						},
						{
							"origin": [0.675, -0.32138, 1.875],
							"size": [0.2, 0.51777, 0.125],
							"pivot": [0.25, -0.0625, 1.5],
							"rotation": [0, 0, 45],
							"uv": {
								"north": {"uv": [23, 34], "uv_size": [0.25, 0.5]},
								"east": {"uv": [34, 23], "uv_size": [0.25, 0.5]},
								"south": {"uv": [24, 34], "uv_size": [0.25, 0.5]},
								"west": {"uv": [34, 24], "uv_size": [0.25, 0.5]},
								"up": {"uv": [35, 36], "uv_size": [0.25, 0.25]},
								"down": {"uv": [36, 35.25], "uv_size": [0.25, -0.25]}
							}
						},
						{
							"origin": [0.675, -0.32138, 1.875],
							"size": [0.2, 0.51777, 0.125],
							"uv": {
								"north": {"uv": [25, 34], "uv_size": [0.25, 0.5]},
								"east": {"uv": [34, 25], "uv_size": [0.25, 0.5]},
								"south": {"uv": [26, 34], "uv_size": [0.25, 0.5]},
								"west": {"uv": [34, 26], "uv_size": [0.25, 0.5]},
								"up": {"uv": [36, 36], "uv_size": [0.25, 0.25]},
								"down": {"uv": [0, 37.25], "uv_size": [0.25, -0.25]}
							}
						},
						{
							"origin": [-0.375, -0.32138, 1.875],
							"size": [0.2, 0.51777, 0.125],
							"pivot": [0.25, -0.0625, 1.5],
							"rotation": [0, 0, 45],
							"uv": {
								"north": {"uv": [27, 34], "uv_size": [0.25, 0.5]},
								"east": {"uv": [34, 27], "uv_size": [0.25, 0.5]},
								"south": {"uv": [28, 34], "uv_size": [0.25, 0.5]},
								"west": {"uv": [34, 28], "uv_size": [0.25, 0.5]},
								"up": {"uv": [37, 0], "uv_size": [0.25, 0.25]},
								"down": {"uv": [1, 37.25], "uv_size": [0.25, -0.25]}
							}
						},
						{
							"origin": [-0.375, -0.32138, 1.875],
							"size": [0.2, 0.51777, 0.125],
							"uv": {
								"north": {"uv": [29, 34], "uv_size": [0.25, 0.5]},
								"east": {"uv": [34, 29], "uv_size": [0.25, 0.5]},
								"south": {"uv": [30, 34], "uv_size": [0.25, 0.5]},
								"west": {"uv": [34, 30], "uv_size": [0.25, 0.5]},
								"up": {"uv": [37, 1], "uv_size": [0.25, 0.25]},
								"down": {"uv": [2, 37.25], "uv_size": [0.25, -0.25]}
							}
						},
						{
							"origin": [-0.5, -0.25, -1.8125],
							"size": [2, 1.625, 0.5],
							"uv": {
								"north": {"uv": [18, 12], "uv_size": [2, 1.75]},
								"east": {"uv": [0, 23], "uv_size": [0.5, 1.75]},
								"south": {"uv": [18, 17], "uv_size": [2, 1.75]},
								"west": {"uv": [23, 0], "uv_size": [0.5, 1.75]},
								"up": {"uv": [22, 16], "uv_size": [2, 0.5]},
								"down": {"uv": [22, 17.5], "uv_size": [2, -0.5]}
							}
						},
						{
							"origin": [1.125, -0.8125, -1.3125],
							"size": [0.25, 0.25, 2.75],
							"inflate": -0.001,
							"pivot": [1.375, -0.8125, 1.4375],
							"rotation": [0, 0, 60],
							"uv": {
								"north": {"uv": [37, 2], "uv_size": [0.25, 0.25]},
								"east": {"uv": [18, 25], "uv_size": [2.75, 0.25]},
								"south": {"uv": [3, 37], "uv_size": [0.25, 0.25]},
								"west": {"uv": [23, 25], "uv_size": [2.75, 0.25]},
								"up": {"uv": [21, 25], "uv_size": [0.25, 2.75]},
								"down": {"uv": [0, 28.75], "uv_size": [0.25, -2.75]}
							}
						},
						{
							"origin": [-0.375, -0.8125, -1.3125],
							"size": [1.75, 0.25, 2.75],
							"uv": {
								"north": {"uv": [22, 29], "uv_size": [1.75, 0.25]},
								"east": {"uv": [26, 1], "uv_size": [2.75, 0.25]},
								"south": {"uv": [29, 23], "uv_size": [1.75, 0.25]},
								"west": {"uv": [7, 26], "uv_size": [2.75, 0.25]},
								"up": {"uv": [16, 17], "uv_size": [1.75, 2.75]},
								"down": {"uv": [18, 2.75], "uv_size": [1.75, -2.75]}
							}
						},
						{
							"origin": [1.5, -0.25, -1.8125],
							"size": [0.25053, 1.625, 0.5],
							"uv": {
								"north": {"uv": [24, 29], "uv_size": [0.25, 1.75]},
								"east": {"uv": [1, 23], "uv_size": [0.5, 1.75]},
								"south": {"uv": [29, 24], "uv_size": [0.25, 1.75]},
								"west": {"uv": [2, 23], "uv_size": [0.5, 1.75]},
								"up": {"uv": [31, 34], "uv_size": [0.25, 0.5]},
								"down": {"uv": [34, 31.5], "uv_size": [0.25, -0.5]}
							}
						},
						{
							"origin": [1.34151, -0.6875, -1.3125],
							"size": [0.25, 0.25, 2.75],
							"pivot": [1.59151, -0.6875, 1.4375],
							"rotation": [0, 0, 39.5],
							"uv": {
								"north": {"uv": [37, 3], "uv_size": [0.25, 0.25]},
								"east": {"uv": [26, 9], "uv_size": [2.75, 0.25]},
								"south": {"uv": [4, 37], "uv_size": [0.25, 0.25]},
								"west": {"uv": [26, 10], "uv_size": [2.75, 0.25]},
								"up": {"uv": [1, 26], "uv_size": [0.25, 2.75]},
								"down": {"uv": [2, 28.75], "uv_size": [0.25, -2.75]}
							}
						},
						{
							"origin": [-0.375, -0.8125, -1.3125],
							"size": [0.25, 0.25, 2.75],
							"pivot": [-0.375, -0.8125, 1.4375],
							"rotation": [0, 0, -60],
							"uv": {
								"north": {"uv": [37, 4], "uv_size": [0.25, 0.25]},
								"east": {"uv": [26, 16], "uv_size": [2.75, 0.25]},
								"south": {"uv": [5, 37], "uv_size": [0.25, 0.25]},
								"west": {"uv": [26, 17], "uv_size": [2.75, 0.25]},
								"up": {"uv": [4, 26], "uv_size": [0.25, 2.75]},
								"down": {"uv": [10, 28.75], "uv_size": [0.25, -2.75]}
							}
						},
						{
							"origin": [-0.59151, -0.6875, -1.3125],
							"size": [0.25, 0.25, 2.75],
							"pivot": [-0.59151, -0.6875, 1.4375],
							"rotation": [0, 0, -39.5],
							"uv": {
								"north": {"uv": [37, 5], "uv_size": [0.25, 0.25]},
								"east": {"uv": [18, 26], "uv_size": [2.75, 0.25]},
								"south": {"uv": [6, 37], "uv_size": [0.25, 0.25]},
								"west": {"uv": [26, 18], "uv_size": [2.75, 0.25]},
								"up": {"uv": [14, 26], "uv_size": [0.25, 2.75]},
								"down": {"uv": [26, 21.75], "uv_size": [0.25, -2.75]}
							}
						},
						{
							"origin": [0.2353, 1.46216, -1.875],
							"size": [0.5294, 0.12452, 3.375],
							"uv": {
								"north": {"uv": [32, 34], "uv_size": [0.5, 0.25]},
								"east": {"uv": [23, 2], "uv_size": [3.5, 0.25]},
								"south": {"uv": [34, 32], "uv_size": [0.5, 0.25]},
								"west": {"uv": [23, 7], "uv_size": [3.5, 0.25]},
								"up": {"uv": [15, 19], "uv_size": [0.5, 3.5]},
								"down": {"uv": [4, 23.5], "uv_size": [0.5, -3.5]}
							}
						},
						{
							"origin": [1.75, 1.3125, -1.875],
							"size": [0.0625, 0.1875, 3.375],
							"uv": {
								"north": {"uv": [37, 6], "uv_size": [0.25, 0.25]},
								"east": {"uv": [23, 8], "uv_size": [3.5, 0.25]},
								"south": {"uv": [7, 37], "uv_size": [0.25, 0.25]},
								"west": {"uv": [23, 11], "uv_size": [3.5, 0.25]},
								"up": {"uv": [3, 23], "uv_size": [0.25, 3.5]},
								"down": {"uv": [5, 26.5], "uv_size": [0.25, -3.5]}
							}
						},
						{
							"origin": [-0.8125, 1.3125, -1.875],
							"size": [0.0625, 0.1875, 3.375],
							"uv": {
								"north": {"uv": [37, 7], "uv_size": [0.25, 0.25]},
								"east": {"uv": [23, 12], "uv_size": [3.5, 0.25]},
								"south": {"uv": [8, 37], "uv_size": [0.25, 0.25]},
								"west": {"uv": [23, 13], "uv_size": [3.5, 0.25]},
								"up": {"uv": [6, 23], "uv_size": [0.25, 3.5]},
								"down": {"uv": [15, 26.5], "uv_size": [0.25, -3.5]}
							}
						},
						{
							"origin": [0.75, 1.32813, -1.625],
							"size": [0.75, 0.1875, 2.875],
							"pivot": [1.75, 1.32813, 1.5625],
							"rotation": [0, 0, 5],
							"uv": {
								"north": {"uv": [32, 8], "uv_size": [0.75, 0.25]},
								"east": {"uv": [18, 24], "uv_size": [3, 0.25]},
								"south": {"uv": [9, 32], "uv_size": [0.75, 0.25]},
								"west": {"uv": [23, 24], "uv_size": [3, 0.25]},
								"up": {"uv": [11, 19], "uv_size": [0.75, 3]},
								"down": {"uv": [12, 22], "uv_size": [0.75, -3]}
							}
						},
						{
							"origin": [1.57103, 1.33594, 0.5625],
							"size": [0.125, 0.1875, 0.125],
							"pivot": [1.66478, 1.42969, 0.59375],
							"rotation": [0, -45, 5],
							"uv": {
								"north": {"uv": [37, 8], "uv_size": [0.25, 0.25]},
								"east": {"uv": [9, 37], "uv_size": [0.25, 0.25]},
								"south": {"uv": [37, 9], "uv_size": [0.25, 0.25]},
								"west": {"uv": [10, 37], "uv_size": [0.25, 0.25]},
								"up": {"uv": [37, 10], "uv_size": [0.25, 0.25]},
								"down": {"uv": [11, 37.25], "uv_size": [0.25, -0.25]}
							}
						},
						{
							"origin": [1.57103, 1.33594, -0.1875],
							"size": [0.125, 0.1875, 0.125],
							"pivot": [1.66478, 1.42969, -0.15625],
							"rotation": [0, -45, 5],
							"uv": {
								"north": {"uv": [37, 11], "uv_size": [0.25, 0.25]},
								"east": {"uv": [12, 37], "uv_size": [0.25, 0.25]},
								"south": {"uv": [37, 12], "uv_size": [0.25, 0.25]},
								"west": {"uv": [13, 37], "uv_size": [0.25, 0.25]},
								"up": {"uv": [37, 13], "uv_size": [0.25, 0.25]},
								"down": {"uv": [14, 37.25], "uv_size": [0.25, -0.25]}
							}
						},
						{
							"origin": [1.57103, 1.33594, -1],
							"size": [0.125, 0.1875, 0.125],
							"pivot": [1.66478, 1.42969, -0.96875],
							"rotation": [0, -45, 5],
							"uv": {
								"north": {"uv": [37, 14], "uv_size": [0.25, 0.25]},
								"east": {"uv": [15, 37], "uv_size": [0.25, 0.25]},
								"south": {"uv": [37, 15], "uv_size": [0.25, 0.25]},
								"west": {"uv": [16, 37], "uv_size": [0.25, 0.25]},
								"up": {"uv": [37, 16], "uv_size": [0.25, 0.25]},
								"down": {"uv": [17, 37.25], "uv_size": [0.25, -0.25]}
							}
						},
						{
							"origin": [1.57103, 1.33594, -1.75],
							"size": [0.125, 0.1875, 0.125],
							"pivot": [1.66478, 1.42969, -1.71875],
							"rotation": [0, -45, 5],
							"uv": {
								"north": {"uv": [37, 17], "uv_size": [0.25, 0.25]},
								"east": {"uv": [18, 37], "uv_size": [0.25, 0.25]},
								"south": {"uv": [37, 18], "uv_size": [0.25, 0.25]},
								"west": {"uv": [19, 37], "uv_size": [0.25, 0.25]},
								"up": {"uv": [37, 19], "uv_size": [0.25, 0.25]},
								"down": {"uv": [20, 37.25], "uv_size": [0.25, -0.25]}
							}
						},
						{
							"origin": [1.57103, 1.33594, 1.3125],
							"size": [0.125, 0.1875, 0.125],
							"pivot": [1.66478, 1.42969, 1.34375],
							"rotation": [0, -45, 5],
							"uv": {
								"north": {"uv": [37, 20], "uv_size": [0.25, 0.25]},
								"east": {"uv": [21, 37], "uv_size": [0.25, 0.25]},
								"south": {"uv": [37, 21], "uv_size": [0.25, 0.25]},
								"west": {"uv": [22, 37], "uv_size": [0.25, 0.25]},
								"up": {"uv": [37, 22], "uv_size": [0.25, 0.25]},
								"down": {"uv": [23, 37.25], "uv_size": [0.25, -0.25]}
							}
						},
						{
							"origin": [0.38353, 1.53906, 1.3125],
							"size": [0.125, 0.0625, 0.125],
							"pivot": [0.44603, 1.57031, 1.375],
							"rotation": [0, -45, 0],
							"uv": {
								"north": {"uv": [37, 23], "uv_size": [0.25, 0.25]},
								"east": {"uv": [24, 37], "uv_size": [0.25, 0.25]},
								"south": {"uv": [37, 24], "uv_size": [0.25, 0.25]},
								"west": {"uv": [25, 37], "uv_size": [0.25, 0.25]},
								"up": {"uv": [37, 25], "uv_size": [0.25, 0.25]},
								"down": {"uv": [26, 37.25], "uv_size": [0.25, -0.25]}
							}
						},
						{
							"origin": [0.38353, 1.53906, -1.8125],
							"size": [0.125, 0.0625, 0.125],
							"pivot": [0.44603, 1.57031, -1.75],
							"rotation": [0, -45, 0],
							"uv": {
								"north": {"uv": [37, 26], "uv_size": [0.25, 0.25]},
								"east": {"uv": [27, 37], "uv_size": [0.25, 0.25]},
								"south": {"uv": [37, 27], "uv_size": [0.25, 0.25]},
								"west": {"uv": [28, 37], "uv_size": [0.25, 0.25]},
								"up": {"uv": [37, 28], "uv_size": [0.25, 0.25]},
								"down": {"uv": [29, 37.25], "uv_size": [0.25, -0.25]}
							}
						},
						{
							"origin": [0.39101, 1.33979, 0.83276],
							"size": [0.125, 0.1875, 0.125],
							"pivot": [-0.62925, 1.43354, -0.1875],
							"rotation": [0, -45, -5],
							"uv": {
								"north": {"uv": [37, 29], "uv_size": [0.25, 0.25]},
								"east": {"uv": [30, 37], "uv_size": [0.25, 0.25]},
								"south": {"uv": [37, 30], "uv_size": [0.25, 0.25]},
								"west": {"uv": [31, 37], "uv_size": [0.25, 0.25]},
								"up": {"uv": [37, 31], "uv_size": [0.25, 0.25]},
								"down": {"uv": [32, 37.25], "uv_size": [0.25, -0.25]}
							}
						},
						{
							"origin": [-0.13932, 1.33979, 0.30243],
							"size": [0.125, 0.1875, 0.125],
							"pivot": [-0.62925, 1.43354, -0.1875],
							"rotation": [0, -45, -5],
							"uv": {
								"north": {"uv": [37, 32], "uv_size": [0.25, 0.25]},
								"east": {"uv": [33, 37], "uv_size": [0.25, 0.25]},
								"south": {"uv": [37, 33], "uv_size": [0.25, 0.25]},
								"west": {"uv": [34, 37], "uv_size": [0.25, 0.25]},
								"up": {"uv": [37, 34], "uv_size": [0.25, 0.25]},
								"down": {"uv": [35, 37.25], "uv_size": [0.25, -0.25]}
							}
						},
						{
							"origin": [-0.66965, 1.33979, -0.2279],
							"size": [0.125, 0.1875, 0.125],
							"pivot": [-0.62925, 1.43354, -0.1875],
							"rotation": [0, -45, -5],
							"uv": {
								"north": {"uv": [37, 35], "uv_size": [0.25, 0.25]},
								"east": {"uv": [36, 37], "uv_size": [0.25, 0.25]},
								"south": {"uv": [37, 36], "uv_size": [0.25, 0.25]},
								"west": {"uv": [37, 37], "uv_size": [0.25, 0.25]},
								"up": {"uv": [0, 38], "uv_size": [0.25, 0.25]},
								"down": {"uv": [38, 0.25], "uv_size": [0.25, -0.25]}
							}
						},
						{
							"origin": [-1.24418, 1.33979, -0.80243],
							"size": [0.125, 0.1875, 0.125],
							"pivot": [-0.62925, 1.43354, -0.1875],
							"rotation": [0, -45, -5],
							"uv": {
								"north": {"uv": [1, 38], "uv_size": [0.25, 0.25]},
								"east": {"uv": [38, 1], "uv_size": [0.25, 0.25]},
								"south": {"uv": [2, 38], "uv_size": [0.25, 0.25]},
								"west": {"uv": [38, 2], "uv_size": [0.25, 0.25]},
								"up": {"uv": [3, 38], "uv_size": [0.25, 0.25]},
								"down": {"uv": [38, 3.25], "uv_size": [0.25, -0.25]}
							}
						},
						{
							"origin": [-1.77451, 1.33979, -1.33276],
							"size": [0.125, 0.1875, 0.125],
							"pivot": [-0.62925, 1.43354, -0.1875],
							"rotation": [0, -45, -5],
							"uv": {
								"north": {"uv": [4, 38], "uv_size": [0.25, 0.25]},
								"east": {"uv": [38, 4], "uv_size": [0.25, 0.25]},
								"south": {"uv": [5, 38], "uv_size": [0.25, 0.25]},
								"west": {"uv": [38, 5], "uv_size": [0.25, 0.25]},
								"up": {"uv": [6, 38], "uv_size": [0.25, 0.25]},
								"down": {"uv": [38, 6.25], "uv_size": [0.25, -0.25]}
							}
						},
						{
							"origin": [-0.75, 1.375, -1.875],
							"size": [1, 0.125, 3.375],
							"pivot": [-0.75, 1.375, 1.5625],
							"rotation": [0, 0, -5],
							"uv": {
								"north": {"uv": [31, 14], "uv_size": [1, 0.25]},
								"east": {"uv": [23, 14], "uv_size": [3.5, 0.25]},
								"south": {"uv": [31, 15], "uv_size": [1, 0.25]},
								"west": {"uv": [23, 15], "uv_size": [3.5, 0.25]},
								"up": {"uv": [0, 19], "uv_size": [1, 3.5]},
								"down": {"uv": [1, 22.5], "uv_size": [1, -3.5]}
							}
						},
						{
							"origin": [-0.75, 1.375, -1.875],
							"size": [2.5, 0.08668, 3.375],
							"inflate": -0.001,
							"uv": {
								"north": {"uv": [27, 14], "uv_size": [2.5, 0.25]},
								"east": {"uv": [18, 23], "uv_size": [3.5, 0.25]},
								"south": {"uv": [27, 15], "uv_size": [2.5, 0.25]},
								"west": {"uv": [23, 22], "uv_size": [3.5, 0.25]},
								"up": {"uv": [0, 15], "uv_size": [2.5, 3.5]},
								"down": {"uv": [3, 18.5], "uv_size": [2.5, -3.5]}
							}
						},
						{
							"origin": [0.79289, 0.1875, -2.75],
							"size": [0.41421, 0.2, 1.25],
							"pivot": [1, 0.6875, -1.75],
							"rotation": [0, 0, 45],
							"uv": {
								"north": {"uv": [33, 34], "uv_size": [0.5, 0.25]},
								"east": {"uv": [30, 16], "uv_size": [1.25, 0.25]},
								"south": {"uv": [34, 33], "uv_size": [0.5, 0.25]},
								"west": {"uv": [17, 30], "uv_size": [1.25, 0.25]},
								"up": {"uv": [9, 27], "uv_size": [0.5, 1.25]},
								"down": {"uv": [13, 28.25], "uv_size": [0.5, -1.25]}
							}
						},
						{
							"origin": [0.79289, 0.1875, -2.75],
							"size": [0.41421, 0.2, 1.25],
							"uv": {
								"north": {"uv": [34, 34], "uv_size": [0.5, 0.25]},
								"east": {"uv": [30, 17], "uv_size": [1.25, 0.25]},
								"south": {"uv": [0, 35], "uv_size": [0.5, 0.25]},
								"west": {"uv": [30, 18], "uv_size": [1.25, 0.25]},
								"up": {"uv": [15, 27], "uv_size": [0.5, 1.25]},
								"down": {"uv": [18, 28.25], "uv_size": [0.5, -1.25]}
							}
						},
						{
							"origin": [0.79289, 0.9875, -2.75],
							"size": [0.41421, 0.2, 1.25],
							"pivot": [1, 0.6875, -1.75],
							"rotation": [0, 0, 45],
							"uv": {
								"north": {"uv": [35, 0], "uv_size": [0.5, 0.25]},
								"east": {"uv": [30, 19], "uv_size": [1.25, 0.25]},
								"south": {"uv": [1, 35], "uv_size": [0.5, 0.25]},
								"west": {"uv": [30, 20], "uv_size": [1.25, 0.25]},
								"up": {"uv": [19, 27], "uv_size": [0.5, 1.25]},
								"down": {"uv": [27, 20.25], "uv_size": [0.5, -1.25]}
							}
						},
						{
							"origin": [0.79289, 0.9875, -2.75],
							"size": [0.41421, 0.2, 1.25],
							"uv": {
								"north": {"uv": [35, 1], "uv_size": [0.5, 0.25]},
								"east": {"uv": [21, 30], "uv_size": [1.25, 0.25]},
								"south": {"uv": [2, 35], "uv_size": [0.5, 0.25]},
								"west": {"uv": [30, 24], "uv_size": [1.25, 0.25]},
								"up": {"uv": [20, 27], "uv_size": [0.5, 1.25]},
								"down": {"uv": [27, 22.25], "uv_size": [0.5, -1.25]}
							}
						},
						{
							"origin": [1.3, 0.48039, -2.75],
							"size": [0.2, 0.41421, 1.25],
							"pivot": [1, 0.6875, -1.75],
							"rotation": [0, 0, 45],
							"uv": {
								"north": {"uv": [35, 2], "uv_size": [0.25, 0.5]},
								"east": {"uv": [27, 23], "uv_size": [1.25, 0.5]},
								"south": {"uv": [3, 35], "uv_size": [0.25, 0.5]},
								"west": {"uv": [27, 24], "uv_size": [1.25, 0.5]},
								"up": {"uv": [19, 30], "uv_size": [0.25, 1.25]},
								"down": {"uv": [23, 31.25], "uv_size": [0.25, -1.25]}
							}
						},
						{
							"origin": [1.3, 0.48039, -2.75],
							"size": [0.2, 0.41421, 1.25],
							"uv": {
								"north": {"uv": [35, 3], "uv_size": [0.25, 0.5]},
								"east": {"uv": [27, 25], "uv_size": [1.25, 0.5]},
								"south": {"uv": [4, 35], "uv_size": [0.25, 0.5]},
								"west": {"uv": [27, 26], "uv_size": [1.25, 0.5]},
								"up": {"uv": [30, 25], "uv_size": [0.25, 1.25]},
								"down": {"uv": [30, 28.25], "uv_size": [0.25, -1.25]}
							}
						},
						{
							"origin": [0.5, 0.48039, -2.75],
							"size": [0.2, 0.41421, 1.25],
							"pivot": [1, 0.6875, -1.75],
							"rotation": [0, 0, 45],
							"uv": {
								"north": {"uv": [35, 4], "uv_size": [0.25, 0.5]},
								"east": {"uv": [27, 27], "uv_size": [1.25, 0.5]},
								"south": {"uv": [5, 35], "uv_size": [0.25, 0.5]},
								"west": {"uv": [28, 0], "uv_size": [1.25, 0.5]},
								"up": {"uv": [28, 30], "uv_size": [0.25, 1.25]},
								"down": {"uv": [29, 31.25], "uv_size": [0.25, -1.25]}
							}
						},
						{
							"origin": [0.5, 0.48039, -2.75],
							"size": [0.2, 0.41421, 1.25],
							"uv": {
								"north": {"uv": [35, 5], "uv_size": [0.25, 0.5]},
								"east": {"uv": [28, 2], "uv_size": [1.25, 0.5]},
								"south": {"uv": [6, 35], "uv_size": [0.25, 0.5]},
								"west": {"uv": [28, 3], "uv_size": [1.25, 0.5]},
								"up": {"uv": [30, 29], "uv_size": [0.25, 1.25]},
								"down": {"uv": [0, 32.25], "uv_size": [0.25, -1.25]}
							}
						},
						{
							"origin": [0.6875, 0.48039, -2.6875],
							"size": [0.6375, 0.41421, 0],
							"pivot": [1.00625, 0.6875, -2.6875],
							"rotation": [0, 0, 90],
							"uv": {
								"north": {"uv": [28, 29], "uv_size": [0.75, 0.5]},
								"east": {"uv": [0, 0], "uv_size": [0, 0.5]},
								"south": {"uv": [29, 29], "uv_size": [0.75, 0.5]},
								"west": {"uv": [0, 0], "uv_size": [0, 0.5]},
								"up": {"uv": [0, 0], "uv_size": [0.75, 0]},
								"down": {"uv": [0, 0], "uv_size": [0.75, 0]}
							}
						},
						{
							"origin": [0.6875, 0.48039, -2.6875],
							"size": [0.6375, 0.41421, 0],
							"uv": {
								"north": {"uv": [0, 30], "uv_size": [0.75, 0.5]},
								"east": {"uv": [0, 0], "uv_size": [0, 0.5]},
								"south": {"uv": [30, 0], "uv_size": [0.75, 0.5]},
								"west": {"uv": [0, 0], "uv_size": [0, 0.5]},
								"up": {"uv": [0, 0], "uv_size": [0.75, 0]},
								"down": {"uv": [0, 0], "uv_size": [0.75, 0]}
							}
						},
						{
							"origin": [0.74112, 0.0625, -1.9375],
							"size": [0.51777, 0.2, 0.125],
							"pivot": [1, 0.6875, -2.3125],
							"rotation": [0, 0, 45],
							"uv": {
								"north": {"uv": [35, 6], "uv_size": [0.5, 0.25]},
								"east": {"uv": [7, 38], "uv_size": [0.25, 0.25]},
								"south": {"uv": [7, 35], "uv_size": [0.5, 0.25]},
								"west": {"uv": [38, 7], "uv_size": [0.25, 0.25]},
								"up": {"uv": [35, 7], "uv_size": [0.5, 0.25]},
								"down": {"uv": [8, 35.25], "uv_size": [0.5, -0.25]}
							}
						},
						{
							"origin": [0.74112, 0.0625, -1.9375],
							"size": [0.51777, 0.2, 0.125],
							"uv": {
								"north": {"uv": [35, 8], "uv_size": [0.5, 0.25]},
								"east": {"uv": [8, 38], "uv_size": [0.25, 0.25]},
								"south": {"uv": [9, 35], "uv_size": [0.5, 0.25]},
								"west": {"uv": [38, 8], "uv_size": [0.25, 0.25]},
								"up": {"uv": [35, 9], "uv_size": [0.5, 0.25]},
								"down": {"uv": [10, 35.25], "uv_size": [0.5, -0.25]}
							}
						},
						{
							"origin": [0.74112, 1.1125, -1.9375],
							"size": [0.51777, 0.2, 0.125],
							"pivot": [1, 0.6875, -2.3125],
							"rotation": [0, 0, 45],
							"uv": {
								"north": {"uv": [35, 10], "uv_size": [0.5, 0.25]},
								"east": {"uv": [9, 38], "uv_size": [0.25, 0.25]},
								"south": {"uv": [11, 35], "uv_size": [0.5, 0.25]},
								"west": {"uv": [38, 9], "uv_size": [0.25, 0.25]},
								"up": {"uv": [35, 11], "uv_size": [0.5, 0.25]},
								"down": {"uv": [12, 35.25], "uv_size": [0.5, -0.25]}
							}
						},
						{
							"origin": [0.74112, 1.1125, -1.9375],
							"size": [0.51777, 0.2, 0.125],
							"uv": {
								"north": {"uv": [35, 12], "uv_size": [0.5, 0.25]},
								"east": {"uv": [10, 38], "uv_size": [0.25, 0.25]},
								"south": {"uv": [13, 35], "uv_size": [0.5, 0.25]},
								"west": {"uv": [38, 10], "uv_size": [0.25, 0.25]},
								"up": {"uv": [35, 13], "uv_size": [0.5, 0.25]},
								"down": {"uv": [14, 35.25], "uv_size": [0.5, -0.25]}
							}
						},
						{
							"origin": [1.425, 0.42862, -1.9375],
							"size": [0.2, 0.51777, 0.125],
							"pivot": [1, 0.6875, -2.3125],
							"rotation": [0, 0, 45],
							"uv": {
								"north": {"uv": [35, 14], "uv_size": [0.25, 0.5]},
								"east": {"uv": [15, 35], "uv_size": [0.25, 0.5]},
								"south": {"uv": [35, 15], "uv_size": [0.25, 0.5]},
								"west": {"uv": [16, 35], "uv_size": [0.25, 0.5]},
								"up": {"uv": [11, 38], "uv_size": [0.25, 0.25]},
								"down": {"uv": [38, 11.25], "uv_size": [0.25, -0.25]}
							}
						},
						{
							"origin": [1.425, 0.42862, -1.9375],
							"size": [0.2, 0.51777, 0.125],
							"uv": {
								"north": {"uv": [35, 16], "uv_size": [0.25, 0.5]},
								"east": {"uv": [17, 35], "uv_size": [0.25, 0.5]},
								"south": {"uv": [35, 17], "uv_size": [0.25, 0.5]},
								"west": {"uv": [18, 35], "uv_size": [0.25, 0.5]},
								"up": {"uv": [12, 38], "uv_size": [0.25, 0.25]},
								"down": {"uv": [38, 12.25], "uv_size": [0.25, -0.25]}
							}
						},
						{
							"origin": [0.375, 0.42862, -1.9375],
							"size": [0.2, 0.51777, 0.125],
							"pivot": [1, 0.6875, -2.3125],
							"rotation": [0, 0, 45],
							"uv": {
								"north": {"uv": [35, 18], "uv_size": [0.25, 0.5]},
								"east": {"uv": [19, 35], "uv_size": [0.25, 0.5]},
								"south": {"uv": [35, 19], "uv_size": [0.25, 0.5]},
								"west": {"uv": [20, 35], "uv_size": [0.25, 0.5]},
								"up": {"uv": [13, 38], "uv_size": [0.25, 0.25]},
								"down": {"uv": [38, 13.25], "uv_size": [0.25, -0.25]}
							}
						},
						{
							"origin": [0.375, 0.42862, -1.9375],
							"size": [0.2, 0.51777, 0.125],
							"uv": {
								"north": {"uv": [35, 20], "uv_size": [0.25, 0.5]},
								"east": {"uv": [21, 35], "uv_size": [0.25, 0.5]},
								"south": {"uv": [35, 21], "uv_size": [0.25, 0.5]},
								"west": {"uv": [22, 35], "uv_size": [0.25, 0.5]},
								"up": {"uv": [14, 38], "uv_size": [0.25, 0.25]},
								"down": {"uv": [38, 14.25], "uv_size": [0.25, -0.25]}
							}
						},
						{
							"origin": [-0.5625, 0.5625, 1.4375],
							"size": [1.25, 0.6875, 0.0625],
							"uv": {
								"north": {"uv": [18, 22], "uv_size": [1.25, 0.75]},
								"east": {"uv": [32, 9], "uv_size": [0.25, 0.75]},
								"south": {"uv": [20, 22], "uv_size": [1.25, 0.75]},
								"west": {"uv": [10, 32], "uv_size": [0.25, 0.75]},
								"up": {"uv": [31, 0], "uv_size": [1.25, 0.25]},
								"down": {"uv": [1, 31.25], "uv_size": [1.25, -0.25]}
							}
						},
						{
							"origin": [0.75, 1.375, -1.875],
							"size": [1, 0.125, 3.375],
							"pivot": [1.75, 1.375, 1.5625],
							"rotation": [0, 0, 5],
							"uv": {
								"north": {"uv": [17, 31], "uv_size": [1, 0.25]},
								"east": {"uv": [23, 23], "uv_size": [3.5, 0.25]},
								"south": {"uv": [18, 31], "uv_size": [1, 0.25]},
								"west": {"uv": [24, 0], "uv_size": [3.5, 0.25]},
								"up": {"uv": [2, 19], "uv_size": [1, 3.5]},
								"down": {"uv": [3, 22.5], "uv_size": [1, -3.5]}
							}
						},
						{
							"origin": [-0.5, 1.32813, -1.625],
							"size": [0.75, 0.1875, 2.875],
							"pivot": [-0.75, 1.32813, 1.5625],
							"rotation": [0, 0, -5],
							"uv": {
								"north": {"uv": [32, 10], "uv_size": [0.75, 0.25]},
								"east": {"uv": [0, 25], "uv_size": [3, 0.25]},
								"south": {"uv": [32, 11], "uv_size": [0.75, 0.25]},
								"west": {"uv": [25, 5], "uv_size": [3, 0.25]},
								"up": {"uv": [13, 19], "uv_size": [0.75, 3]},
								"down": {"uv": [14, 22], "uv_size": [0.75, -3]}
							}
						},
						{
							"origin": [0.22985, 1.53981, -1.625],
							"size": [0.54029, 0.06226, 2.875],
							"uv": {
								"north": {"uv": [35, 22], "uv_size": [0.5, 0.25]},
								"east": {"uv": [25, 6], "uv_size": [3, 0.25]},
								"south": {"uv": [23, 35], "uv_size": [0.5, 0.25]},
								"west": {"uv": [8, 25], "uv_size": [3, 0.25]},
								"up": {"uv": [5, 20], "uv_size": [0.5, 3]},
								"down": {"uv": [6, 23], "uv_size": [0.5, -3]}
							}
						},
						{
							"origin": [1.5, -0.49459, -1.3125],
							"size": [0.25053, 1.86959, 2.75],
							"uv": {
								"north": {"uv": [25, 29], "uv_size": [0.25, 1.75]},
								"east": {"uv": [18, 3], "uv_size": [2.75, 1.75]},
								"south": {"uv": [26, 29], "uv_size": [0.25, 1.75]},
								"west": {"uv": [18, 5], "uv_size": [2.75, 1.75]},
								"up": {"uv": [22, 26], "uv_size": [0.25, 2.75]},
								"down": {"uv": [23, 28.75], "uv_size": [0.25, -2.75]}
							}
						},
						{
							"origin": [-0.5, -0.5625, -1.3125],
							"size": [2, 1.9375, 2.75],
							"uv": {
								"north": {"uv": [18, 7], "uv_size": [2, 2]},
								"east": {"uv": [6, 15], "uv_size": [2.75, 2]},
								"south": {"uv": [18, 9], "uv_size": [2, 2]},
								"west": {"uv": [9, 15], "uv_size": [2.75, 2]},
								"up": {"uv": [12, 15], "uv_size": [2, 2.75]},
								"down": {"uv": [14, 17.75], "uv_size": [2, -2.75]}
							}
						},
						{
							"origin": [-0.75, -0.25, -1.8125],
							"size": [0.25, 1.625, 0.5],
							"uv": {
								"north": {"uv": [29, 26], "uv_size": [0.25, 1.75]},
								"east": {"uv": [4, 24], "uv_size": [0.5, 1.75]},
								"south": {"uv": [27, 29], "uv_size": [0.25, 1.75]},
								"west": {"uv": [7, 24], "uv_size": [0.5, 1.75]},
								"up": {"uv": [35, 23], "uv_size": [0.25, 0.5]},
								"down": {"uv": [24, 35.5], "uv_size": [0.25, -0.5]}
							}
						},
						{
							"origin": [-0.375, -0.8125, -1.8125],
							"size": [1.75, 0.375, 0.5],
							"pivot": [1.375, -0.8125, -1.3125],
							"rotation": [-63.5, 0, 0],
							"uv": {
								"north": {"uv": [24, 1], "uv_size": [1.75, 0.5]},
								"east": {"uv": [20, 31], "uv_size": [0.5, 0.5]},
								"south": {"uv": [8, 24], "uv_size": [1.75, 0.5]},
								"west": {"uv": [21, 31], "uv_size": [0.5, 0.5]},
								"up": {"uv": [24, 16], "uv_size": [1.75, 0.5]},
								"down": {"uv": [24, 17.5], "uv_size": [1.75, -0.5]}
							}
						},
						{
							"origin": [-0.74947, -0.4988, -1.8691],
							"size": [2.5, 0.37713, 0.5566],
							"inflate": -0.001,
							"pivot": [1.75053, -0.49459, -1.3125],
							"rotation": [-26.5, 0, 0],
							"uv": {
								"north": {"uv": [20, 1], "uv_size": [2.5, 0.5]},
								"east": {"uv": [31, 21], "uv_size": [0.5, 0.5]},
								"south": {"uv": [20, 2], "uv_size": [2.5, 0.5]},
								"west": {"uv": [22, 31], "uv_size": [0.5, 0.5]},
								"up": {"uv": [20, 7], "uv_size": [2.5, 0.5]},
								"down": {"uv": [20, 8.5], "uv_size": [2.5, -0.5]}
							}
						},
						{
							"origin": [-0.625, -1.1875, -1.75],
							"size": [2.3125, 0.9375, 0.375],
							"uv": {
								"north": {"uv": [18, 19], "uv_size": [2.25, 1]},
								"east": {"uv": [29, 9], "uv_size": [0.5, 1]},
								"south": {"uv": [20, 0], "uv_size": [2.25, 1]},
								"west": {"uv": [29, 10], "uv_size": [0.5, 1]},
								"up": {"uv": [22, 5], "uv_size": [2.25, 0.5]},
								"down": {"uv": [22, 6.5], "uv_size": [2.25, -0.5]}
							}
						},
						{
							"origin": [1.6875, -1.1875, -1.71875],
							"size": [0.0625, 0.25, 0.25],
							"pivot": [1.8125, -1.03125, -1.5625],
							"rotation": [45, 0, 0],
							"uv": {
								"north": {"uv": [15, 38], "uv_size": [0.25, 0.25]},
								"east": {"uv": [38, 15], "uv_size": [0.25, 0.25]},
								"south": {"uv": [16, 38], "uv_size": [0.25, 0.25]},
								"west": {"uv": [38, 16], "uv_size": [0.25, 0.25]},
								"up": {"uv": [17, 38], "uv_size": [0.25, 0.25]},
								"down": {"uv": [38, 17.25], "uv_size": [0.25, -0.25]}
							}
						},
						{
							"origin": [-0.625, -1.25, -1.77589],
							"size": [2.3125, 0.125, 0.17678],
							"pivot": [0.5, -1.25, -1.6875],
							"rotation": [-45, 0, 0],
							"uv": {
								"north": {"uv": [28, 21], "uv_size": [2.25, 0.25]},
								"east": {"uv": [18, 38], "uv_size": [0.25, 0.25]},
								"south": {"uv": [28, 22], "uv_size": [2.25, 0.25]},
								"west": {"uv": [38, 18], "uv_size": [0.25, 0.25]},
								"up": {"uv": [24, 28], "uv_size": [2.25, 0.25]},
								"down": {"uv": [27, 28.25], "uv_size": [2.25, -0.25]}
							}
						},
						{
							"origin": [-0.625, -1.3125, -1.625],
							"size": [2.3125, 0.125, 0.125],
							"uv": {
								"north": {"uv": [0, 29], "uv_size": [2.25, 0.25]},
								"east": {"uv": [19, 38], "uv_size": [0.25, 0.25]},
								"south": {"uv": [29, 1], "uv_size": [2.25, 0.25]},
								"west": {"uv": [38, 19], "uv_size": [0.25, 0.25]},
								"up": {"uv": [3, 29], "uv_size": [2.25, 0.25]},
								"down": {"uv": [29, 4.25], "uv_size": [2.25, -0.25]}
							}
						},
						{
							"origin": [-0.625, -1.25, -1.52589],
							"size": [2.3125, 0.125, 0.17678],
							"pivot": [0.5, -1.25, -1.4375],
							"rotation": [45, 0, 0],
							"uv": {
								"north": {"uv": [6, 29], "uv_size": [2.25, 0.25]},
								"east": {"uv": [20, 38], "uv_size": [0.25, 0.25]},
								"south": {"uv": [29, 7], "uv_size": [2.25, 0.25]},
								"west": {"uv": [38, 20], "uv_size": [0.25, 0.25]},
								"up": {"uv": [29, 8], "uv_size": [2.25, 0.25]},
								"down": {"uv": [9, 29.25], "uv_size": [2.25, -0.25]}
							}
						},
						{
							"origin": [1.8125, -0.71783, -1.96875],
							"size": [0.1875, 0.31066, 0.75],
							"pivot": [1.5, -0.5625, -1.59375],
							"rotation": [-45, 0, 0],
							"uv": {
								"north": {"uv": [21, 38], "uv_size": [0.25, 0.25]},
								"east": {"uv": [12, 32], "uv_size": [0.75, 0.25]},
								"south": {"uv": [38, 21], "uv_size": [0.25, 0.25]},
								"west": {"uv": [32, 12], "uv_size": [0.75, 0.25]},
								"up": {"uv": [13, 32], "uv_size": [0.25, 0.75]},
								"down": {"uv": [32, 13.75], "uv_size": [0.25, -0.75]}
							}
						},
						{
							"origin": [1.8125, -0.71783, -1.96875],
							"size": [0.1875, 0.31066, 0.75],
							"inflate": 0.001,
							"uv": {
								"north": {"uv": [22, 38], "uv_size": [0.25, 0.25]},
								"east": {"uv": [14, 32], "uv_size": [0.75, 0.25]},
								"south": {"uv": [38, 22], "uv_size": [0.25, 0.25]},
								"west": {"uv": [32, 14], "uv_size": [0.75, 0.25]},
								"up": {"uv": [15, 32], "uv_size": [0.25, 0.75]},
								"down": {"uv": [32, 15.75], "uv_size": [0.25, -0.75]}
							}
						},
						{
							"origin": [1.8125, -0.9375, -1.74908],
							"size": [0.1875, 0.75, 0.31066],
							"pivot": [1.5, -0.5625, -1.59375],
							"rotation": [-45, 0, 0],
							"uv": {
								"north": {"uv": [16, 32], "uv_size": [0.25, 0.75]},
								"east": {"uv": [32, 16], "uv_size": [0.25, 0.75]},
								"south": {"uv": [17, 32], "uv_size": [0.25, 0.75]},
								"west": {"uv": [32, 17], "uv_size": [0.25, 0.75]},
								"up": {"uv": [23, 38], "uv_size": [0.25, 0.25]},
								"down": {"uv": [38, 23.25], "uv_size": [0.25, -0.25]}
							}
						},
						{
							"origin": [1.8125, -0.9375, -1.74908],
							"size": [0.1875, 0.75, 0.31066],
							"inflate": -0.001,
							"uv": {
								"north": {"uv": [18, 32], "uv_size": [0.25, 0.75]},
								"east": {"uv": [32, 18], "uv_size": [0.25, 0.75]},
								"south": {"uv": [19, 32], "uv_size": [0.25, 0.75]},
								"west": {"uv": [32, 19], "uv_size": [0.25, 0.75]},
								"up": {"uv": [24, 38], "uv_size": [0.25, 0.25]},
								"down": {"uv": [38, 24.25], "uv_size": [0.25, -0.25]}
							}
						},
						{
							"origin": [1.625, -0.6875, -1.71875],
							"size": [0.1875, 0.25, 0.25],
							"pivot": [1.75, -0.53125, -1.5625],
							"rotation": [45, 0, 0],
							"uv": {
								"north": {"uv": [25, 38], "uv_size": [0.25, 0.25]},
								"east": {"uv": [38, 25], "uv_size": [0.25, 0.25]},
								"south": {"uv": [26, 38], "uv_size": [0.25, 0.25]},
								"west": {"uv": [38, 26], "uv_size": [0.25, 0.25]},
								"up": {"uv": [27, 38], "uv_size": [0.25, 0.25]},
								"down": {"uv": [38, 27.25], "uv_size": [0.25, -0.25]}
							}
						},
						{
							"origin": [0.25, -1, 0.75],
							"size": [0.5, 0.125, 0.5],
							"pivot": [0.5, -1.28125, 1],
							"rotation": [0, 45, 0],
							"uv": {
								"north": {"uv": [35, 24], "uv_size": [0.5, 0.25]},
								"east": {"uv": [25, 35], "uv_size": [0.5, 0.25]},
								"south": {"uv": [35, 25], "uv_size": [0.5, 0.25]},
								"west": {"uv": [26, 35], "uv_size": [0.5, 0.25]},
								"up": {"uv": [31, 22], "uv_size": [0.5, 0.5]},
								"down": {"uv": [31, 23.5], "uv_size": [0.5, -0.5]}
							}
						},
						{
							"origin": [0.375, -1.375, 0.8125],
							"size": [0.3125, 0.5625, 0.3125],
							"pivot": [0.5, -1.21875, 1],
							"rotation": [0, 45, 0],
							"uv": {
								"north": {"uv": [35, 26], "uv_size": [0.25, 0.5]},
								"east": {"uv": [27, 35], "uv_size": [0.25, 0.5]},
								"south": {"uv": [35, 27], "uv_size": [0.25, 0.5]},
								"west": {"uv": [28, 35], "uv_size": [0.25, 0.5]},
								"up": {"uv": [28, 38], "uv_size": [0.25, 0.25]},
								"down": {"uv": [38, 28.25], "uv_size": [0.25, -0.25]}
							}
						},
						{
							"origin": [0.26563, -1.4375, 0.8125],
							"size": [0.4375, 0.125, 0.4375],
							"pivot": [0.45313, -1.71875, 1],
							"rotation": [0, 45, 0],
							"uv": {
								"north": {"uv": [35, 28], "uv_size": [0.5, 0.25]},
								"east": {"uv": [29, 35], "uv_size": [0.5, 0.25]},
								"south": {"uv": [35, 29], "uv_size": [0.5, 0.25]},
								"west": {"uv": [30, 35], "uv_size": [0.5, 0.25]},
								"up": {"uv": [24, 31], "uv_size": [0.5, 0.5]},
								"down": {"uv": [25, 31.5], "uv_size": [0.5, -0.5]}
							}
						},
						{
							"origin": [0.39645, -1.3125, 0.75],
							"size": [0.20711, 0.3125, 0.5],
							"pivot": [0.5, -1, 1],
							"rotation": [0, -45, 0],
							"uv": {
								"north": {"uv": [29, 38], "uv_size": [0.25, 0.25]},
								"east": {"uv": [35, 30], "uv_size": [0.5, 0.25]},
								"south": {"uv": [38, 29], "uv_size": [0.25, 0.25]},
								"west": {"uv": [31, 35], "uv_size": [0.5, 0.25]},
								"up": {"uv": [35, 31], "uv_size": [0.25, 0.5]},
								"down": {"uv": [32, 35.5], "uv_size": [0.25, -0.5]}
							}
						},
						{
							"origin": [0.39645, -1.3125, 0.75],
							"size": [0.20711, 0.3125, 0.5],
							"uv": {
								"north": {"uv": [30, 38], "uv_size": [0.25, 0.25]},
								"east": {"uv": [35, 32], "uv_size": [0.5, 0.25]},
								"south": {"uv": [38, 30], "uv_size": [0.25, 0.25]},
								"west": {"uv": [33, 35], "uv_size": [0.5, 0.25]},
								"up": {"uv": [35, 33], "uv_size": [0.25, 0.5]},
								"down": {"uv": [34, 35.5], "uv_size": [0.25, -0.5]}
							}
						},
						{
							"origin": [0.25, -1.3125, 0.89645],
							"size": [0.5, 0.3125, 0.20711],
							"pivot": [0.5, -1, 1],
							"rotation": [0, -45, 0],
							"uv": {
								"north": {"uv": [35, 34], "uv_size": [0.5, 0.25]},
								"east": {"uv": [31, 38], "uv_size": [0.25, 0.25]},
								"south": {"uv": [35, 35], "uv_size": [0.5, 0.25]},
								"west": {"uv": [38, 31], "uv_size": [0.25, 0.25]},
								"up": {"uv": [0, 36], "uv_size": [0.5, 0.25]},
								"down": {"uv": [36, 0.25], "uv_size": [0.5, -0.25]}
							}
						},
						{
							"origin": [0.25, -1.3125, 0.89645],
							"size": [0.5, 0.3125, 0.20711],
							"uv": {
								"north": {"uv": [1, 36], "uv_size": [0.5, 0.25]},
								"east": {"uv": [32, 38], "uv_size": [0.25, 0.25]},
								"south": {"uv": [36, 1], "uv_size": [0.5, 0.25]},
								"west": {"uv": [38, 32], "uv_size": [0.25, 0.25]},
								"up": {"uv": [2, 36], "uv_size": [0.5, 0.25]},
								"down": {"uv": [36, 2.25], "uv_size": [0.5, -0.25]}
							}
						},
						{
							"origin": [0.9375, -1.32138, -3.5],
							"size": [0.875, 0.51777, 1.25],
							"pivot": [1.8125, -1.0625, -2.875],
							"rotation": [-45, 0, 0],
							"uv": {
								"north": {"uv": [29, 11], "uv_size": [1, 0.5]},
								"east": {"uv": [28, 5], "uv_size": [1.25, 0.5]},
								"south": {"uv": [12, 29], "uv_size": [1, 0.5]},
								"west": {"uv": [28, 6], "uv_size": [1.25, 0.5]},
								"up": {"uv": [20, 9], "uv_size": [1, 1.25]},
								"down": {"uv": [20, 13.25], "uv_size": [1, -1.25]}
							}
						},
						{
							"origin": [0.9375, -1.32138, -3.5],
							"size": [0.875, 0.51777, 1.25],
							"inflate": 0.001,
							"uv": {
								"north": {"uv": [29, 12], "uv_size": [1, 0.5]},
								"east": {"uv": [7, 28], "uv_size": [1.25, 0.5]},
								"south": {"uv": [13, 29], "uv_size": [1, 0.5]},
								"west": {"uv": [11, 28], "uv_size": [1.25, 0.5]},
								"up": {"uv": [20, 17], "uv_size": [1, 1.25]},
								"down": {"uv": [18, 21.25], "uv_size": [1, -1.25]}
							}
						},
						{
							"origin": [0.9375, -1.6875, -3.13388],
							"size": [0.875, 1.25, 0.51777],
							"pivot": [1.8125, -1.0625, -2.875],
							"rotation": [-45, 0, 0],
							"uv": {
								"north": {"uv": [19, 20], "uv_size": [1, 1.25]},
								"east": {"uv": [16, 28], "uv_size": [0.5, 1.25]},
								"south": {"uv": [20, 20], "uv_size": [1, 1.25]},
								"west": {"uv": [17, 28], "uv_size": [0.5, 1.25]},
								"up": {"uv": [29, 13], "uv_size": [1, 0.5]},
								"down": {"uv": [14, 29.5], "uv_size": [1, -0.5]}
							}
						},
						{
							"origin": [0.9375, -1.6875, -3.13388],
							"size": [0.875, 1.25, 0.51777],
							"inflate": -0.001,
							"uv": {
								"north": {"uv": [21, 3], "uv_size": [1, 1.25]},
								"east": {"uv": [28, 19], "uv_size": [0.5, 1.25]},
								"south": {"uv": [21, 5], "uv_size": [1, 1.25]},
								"west": {"uv": [21, 28], "uv_size": [0.5, 1.25]},
								"up": {"uv": [15, 29], "uv_size": [1, 0.5]},
								"down": {"uv": [29, 16.5], "uv_size": [1, -0.5]}
							}
						},
						{
							"origin": [1.6875, -1.13434, -2.94378],
							"size": [0.3125, 0.1875, 0.1875],
							"pivot": [2, -1.00934, -2.88128],
							"rotation": [-45, 0, 0],
							"uv": {
								"north": {"uv": [33, 38], "uv_size": [0.25, 0.25]},
								"east": {"uv": [38, 33], "uv_size": [0.25, 0.25]},
								"south": {"uv": [34, 38], "uv_size": [0.25, 0.25]},
								"west": {"uv": [38, 34], "uv_size": [0.25, 0.25]},
								"up": {"uv": [35, 38], "uv_size": [0.25, 0.25]},
								"down": {"uv": [38, 35.25], "uv_size": [0.25, -0.25]}
							}
						},
						{
							"origin": [2, -1.18122, -3.19378],
							"size": [0.125, 0.25, 0.625],
							"pivot": [2.0625, -1.05622, -2.88128],
							"rotation": [-22.5, 0, 0],
							"uv": {
								"north": {"uv": [36, 38], "uv_size": [0.25, 0.25]},
								"east": {"uv": [20, 32], "uv_size": [0.75, 0.25]},
								"south": {"uv": [38, 36], "uv_size": [0.25, 0.25]},
								"west": {"uv": [32, 20], "uv_size": [0.75, 0.25]},
								"up": {"uv": [21, 32], "uv_size": [0.25, 0.75]},
								"down": {"uv": [32, 21.75], "uv_size": [0.25, -0.75]}
							}
						},
						{
							"origin": [2, -1.18122, -3.19378],
							"size": [0.125, 0.25, 0.625],
							"inflate": 0.001,
							"pivot": [2.0625, -1.05622, -2.88128],
							"rotation": [-112.5, 0, 0],
							"uv": {
								"north": {"uv": [37, 38], "uv_size": [0.25, 0.25]},
								"east": {"uv": [22, 32], "uv_size": [0.75, 0.25]},
								"south": {"uv": [38, 37], "uv_size": [0.25, 0.25]},
								"west": {"uv": [32, 22], "uv_size": [0.75, 0.25]},
								"up": {"uv": [23, 32], "uv_size": [0.25, 0.75]},
								"down": {"uv": [32, 23.75], "uv_size": [0.25, -0.75]}
							}
						},
						{
							"origin": [0.375, -1.27451, -0.25],
							"size": [0.25, 0.25, 1.25],
							"inflate": 0.001,
							"pivot": [0.501, -1.27551, 1.001],
							"rotation": [0, -27.5, 0],
							"uv": {
								"north": {"uv": [38, 38], "uv_size": [0.25, 0.25]},
								"east": {"uv": [31, 2], "uv_size": [1.25, 0.25]},
								"south": {"uv": [0, 39], "uv_size": [0.25, 0.25]},
								"west": {"uv": [3, 31], "uv_size": [1.25, 0.25]},
								"up": {"uv": [5, 31], "uv_size": [0.25, 1.25]},
								"down": {"uv": [6, 32.25], "uv_size": [0.25, -1.25]}
							}
						},
						{
							"origin": [0.93899, -1.27451, -0.99032],
							"size": [0.25, 0.25, 0.9375],
							"inflate": 0.001,
							"pivot": [1.18999, -1.27551, -0.05182],
							"rotation": [0, -12.5, 0],
							"uv": {
								"north": {"uv": [39, 0], "uv_size": [0.25, 0.25]},
								"east": {"uv": [31, 25], "uv_size": [1, 0.25]},
								"south": {"uv": [1, 39], "uv_size": [0.25, 0.25]},
								"west": {"uv": [26, 31], "uv_size": [1, 0.25]},
								"up": {"uv": [31, 26], "uv_size": [0.25, 1]},
								"down": {"uv": [27, 32], "uv_size": [0.25, -1]}
							}
						},
						{
							"origin": [1.14233, -1.27451, -2.28255],
							"size": [0.25, 0.25, 1.3125],
							"inflate": 0.001,
							"pivot": [1.39333, -1.27551, -0.96905],
							"rotation": [0, -5, 0],
							"uv": {
								"north": {"uv": [39, 1], "uv_size": [0.25, 0.25]},
								"east": {"uv": [7, 31], "uv_size": [1.25, 0.25]},
								"south": {"uv": [2, 39], "uv_size": [0.25, 0.25]},
								"west": {"uv": [9, 31], "uv_size": [1.25, 0.25]},
								"up": {"uv": [31, 10], "uv_size": [0.25, 1.25]},
								"down": {"uv": [11, 32.25], "uv_size": [0.25, -1.25]}
							}
						},
						{
							"origin": [0.4375, -1.84283, -4.1875],
							"size": [0.5, 0.90533, 2.46967],
							"uv": {
								"north": {"uv": [29, 17], "uv_size": [0.5, 1]},
								"east": {"uv": [18, 14], "uv_size": [2.5, 1]},
								"south": {"uv": [18, 29], "uv_size": [0.5, 1]},
								"west": {"uv": [4, 19], "uv_size": [2.5, 1]},
								"up": {"uv": [21, 12], "uv_size": [0.5, 2.5]},
								"down": {"uv": [21, 17.5], "uv_size": [0.5, -2.5]}
							}
						},
						{
							"origin": [0.4375, -1.7904, -1.6569],
							"size": [0.5, 0.75, 0.375],
							"inflate": -0.001,
							"pivot": [0.6875, -1.2904, -1.56315],
							"rotation": [-45, 0, 0],
							"uv": {
								"north": {"uv": [1, 30], "uv_size": [0.5, 0.75]},
								"east": {"uv": [2, 30], "uv_size": [0.5, 0.75]},
								"south": {"uv": [30, 2], "uv_size": [0.5, 0.75]},
								"west": {"uv": [3, 30], "uv_size": [0.5, 0.75]},
								"up": {"uv": [31, 27], "uv_size": [0.5, 0.5]},
								"down": {"uv": [31, 28.5], "uv_size": [0.5, -0.5]}
							}
						},
						{
							"origin": [0.4375, -1.3125, -1.71783],
							"size": [0.5, 0.375, 0.53033],
							"uv": {
								"north": {"uv": [31, 29], "uv_size": [0.5, 0.5]},
								"east": {"uv": [30, 31], "uv_size": [0.5, 0.5]},
								"south": {"uv": [31, 30], "uv_size": [0.5, 0.5]},
								"west": {"uv": [31, 31], "uv_size": [0.5, 0.5]},
								"up": {"uv": [1, 32], "uv_size": [0.5, 0.5]},
								"down": {"uv": [32, 1.5], "uv_size": [0.5, -0.5]}
							}
						},
						{
							"origin": [-0.3125, -1.25, -5.3125],
							"size": [0.4375, 0.1875, 5],
							"uv": {
								"north": {"uv": [3, 36], "uv_size": [0.5, 0.25]},
								"east": {"uv": [21, 9], "uv_size": [5, 0.25]},
								"south": {"uv": [36, 3], "uv_size": [0.5, 0.25]},
								"west": {"uv": [21, 10], "uv_size": [5, 0.25]},
								"up": {"uv": [7, 19], "uv_size": [0.5, 5]},
								"down": {"uv": [8, 24], "uv_size": [0.5, -5]}
							}
						},
						{
							"origin": [-0.3125, -2.0625, -5.3125],
							"size": [0.4375, 0.1875, 5],
							"uv": {
								"north": {"uv": [4, 36], "uv_size": [0.5, 0.25]},
								"east": {"uv": [21, 18], "uv_size": [5, 0.25]},
								"south": {"uv": [36, 4], "uv_size": [0.5, 0.25]},
								"west": {"uv": [21, 19], "uv_size": [5, 0.25]},
								"up": {"uv": [9, 19], "uv_size": [0.5, 5]},
								"down": {"uv": [10, 24], "uv_size": [0.5, -5]}
							}
						},
						{
							"origin": [0, -1.375, -5.3125],
							"size": [0.125, 0.125, 5],
							"uv": {
								"north": {"uv": [39, 2], "uv_size": [0.25, 0.25]},
								"east": {"uv": [21, 20], "uv_size": [5, 0.25]},
								"south": {"uv": [3, 39], "uv_size": [0.25, 0.25]},
								"west": {"uv": [21, 21], "uv_size": [5, 0.25]},
								"up": {"uv": [11, 22], "uv_size": [0.25, 5]},
								"down": {"uv": [22, 16], "uv_size": [0.25, -5]}
							}
						},
						{
							"origin": [0, -1.875, -5.3125],
							"size": [0.125, 0.125, 5],
							"uv": {
								"north": {"uv": [39, 3], "uv_size": [0.25, 0.25]},
								"east": {"uv": [22, 3], "uv_size": [5, 0.25]},
								"south": {"uv": [4, 39], "uv_size": [0.25, 0.25]},
								"west": {"uv": [22, 4], "uv_size": [5, 0.25]},
								"up": {"uv": [12, 22], "uv_size": [0.25, 5]},
								"down": {"uv": [13, 27], "uv_size": [0.25, -5]}
							}
						},
						{
							"origin": [0.125, -1.90533, -4.1875],
							"size": [0.3125, 0.96783, 3.71967],
							"uv": {
								"north": {"uv": [2, 32], "uv_size": [0.25, 1]},
								"east": {"uv": [18, 11], "uv_size": [3.75, 1]},
								"south": {"uv": [3, 32], "uv_size": [0.25, 1]},
								"west": {"uv": [12, 18], "uv_size": [3.75, 1]},
								"up": {"uv": [14, 22], "uv_size": [0.25, 3.75]},
								"down": {"uv": [22, 25.75], "uv_size": [0.25, -3.75]}
							}
						},
						{
							"origin": [0.9375, -1.90533, -4.25],
							"size": [0.25, 1.03033, 0.71967],
							"uv": {
								"north": {"uv": [32, 3], "uv_size": [0.25, 1]},
								"east": {"uv": [10, 24], "uv_size": [0.75, 1]},
								"south": {"uv": [4, 32], "uv_size": [0.25, 1]},
								"west": {"uv": [21, 24], "uv_size": [0.75, 1]},
								"up": {"uv": [24, 32], "uv_size": [0.25, 0.75]},
								"down": {"uv": [32, 24.75], "uv_size": [0.25, -0.75]}
							}
						},
						{
							"origin": [1.1875, -1.90533, -3.75],
							"size": [0.5, 1.03033, 0.21967],
							"uv": {
								"north": {"uv": [29, 18], "uv_size": [0.5, 1]},
								"east": {"uv": [32, 4], "uv_size": [0.25, 1]},
								"south": {"uv": [19, 29], "uv_size": [0.5, 1]},
								"west": {"uv": [32, 5], "uv_size": [0.25, 1]},
								"up": {"uv": [5, 36], "uv_size": [0.5, 0.25]},
								"down": {"uv": [36, 5.25], "uv_size": [0.5, -0.25]}
							}
						}
					]
				},
				{
					"name": "ocular_ring",
					"pivot": [0, 0, 0],
					"cubes": [
						{
							"origin": [0.8625, -0.37316, 2.8125],
							"size": [0.1375, 0.62132, 0.125],
							"pivot": [0.25, -0.0625, 2.9375],
							"rotation": [0, 0, 45],
							"uv": {
								"north": {"uv": [39, 4], "uv_size": [0.25, 0.5]},
								"east": {"uv": [5, 39], "uv_size": [0.25, 0.5]},
								"south": {"uv": [39, 5], "uv_size": [0.25, 0.5]},
								"west": {"uv": [6, 39], "uv_size": [0.25, 0.5]},
								"up": {"uv": [39, 20], "uv_size": [0.25, 0.25]},
								"down": {"uv": [21, 39.25], "uv_size": [0.25, -0.25]}
							}
						},
						{
							"origin": [-0.06066, -0.8125, 2.8125],
							"size": [0.62132, 0.1375, 0.125],
							"inflate": 0.001,
							"uv": {
								"north": {"uv": [39, 6], "uv_size": [0.5, 0.25]},
								"east": {"uv": [39, 21], "uv_size": [0.25, 0.25]},
								"south": {"uv": [7, 39], "uv_size": [0.5, 0.25]},
								"west": {"uv": [22, 39], "uv_size": [0.25, 0.25]},
								"up": {"uv": [39, 7], "uv_size": [0.5, 0.25]},
								"down": {"uv": [8, 39.25], "uv_size": [0.5, -0.25]}
							}
						},
						{
							"origin": [-0.06066, -0.8125, 2.8125],
							"size": [0.62132, 0.1375, 0.125],
							"pivot": [0.25, -0.0625, 2.9375],
							"rotation": [0, 0, 45],
							"uv": {
								"north": {"uv": [39, 8], "uv_size": [0.5, 0.25]},
								"east": {"uv": [39, 22], "uv_size": [0.25, 0.25]},
								"south": {"uv": [9, 39], "uv_size": [0.5, 0.25]},
								"west": {"uv": [23, 39], "uv_size": [0.25, 0.25]},
								"up": {"uv": [39, 9], "uv_size": [0.5, 0.25]},
								"down": {"uv": [10, 39.25], "uv_size": [0.5, -0.25]}
							}
						},
						{
							"origin": [-0.5, -0.37316, 2.8125],
							"size": [0.1375, 0.62132, 0.125],
							"inflate": 0.001,
							"uv": {
								"north": {"uv": [39, 10], "uv_size": [0.25, 0.5]},
								"east": {"uv": [11, 39], "uv_size": [0.25, 0.5]},
								"south": {"uv": [39, 11], "uv_size": [0.25, 0.5]},
								"west": {"uv": [12, 39], "uv_size": [0.25, 0.5]},
								"up": {"uv": [39, 23], "uv_size": [0.25, 0.25]},
								"down": {"uv": [24, 39.25], "uv_size": [0.25, -0.25]}
							}
						},
						{
							"origin": [-0.06066, 0.55, 2.8125],
							"size": [0.62132, 0.1375, 0.125],
							"inflate": 0.001,
							"uv": {
								"north": {"uv": [39, 12], "uv_size": [0.5, 0.25]},
								"east": {"uv": [39, 24], "uv_size": [0.25, 0.25]},
								"south": {"uv": [13, 39], "uv_size": [0.5, 0.25]},
								"west": {"uv": [25, 39], "uv_size": [0.25, 0.25]},
								"up": {"uv": [39, 13], "uv_size": [0.5, 0.25]},
								"down": {"uv": [14, 39.25], "uv_size": [0.5, -0.25]}
							}
						},
						{
							"origin": [0.8625, -0.37316, 2.8125],
							"size": [0.1375, 0.62132, 0.125],
							"inflate": 0.001,
							"uv": {
								"north": {"uv": [39, 14], "uv_size": [0.25, 0.5]},
								"east": {"uv": [15, 39], "uv_size": [0.25, 0.5]},
								"south": {"uv": [39, 15], "uv_size": [0.25, 0.5]},
								"west": {"uv": [16, 39], "uv_size": [0.25, 0.5]},
								"up": {"uv": [39, 25], "uv_size": [0.25, 0.25]},
								"down": {"uv": [26, 39.25], "uv_size": [0.25, -0.25]}
							}
						},
						{
							"origin": [-0.06066, 0.55, 2.8125],
							"size": [0.62132, 0.1375, 0.125],
							"pivot": [0.25, -0.0625, 2.9375],
							"rotation": [0, 0, 45],
							"uv": {
								"north": {"uv": [39, 16], "uv_size": [0.5, 0.25]},
								"east": {"uv": [39, 26], "uv_size": [0.25, 0.25]},
								"south": {"uv": [17, 39], "uv_size": [0.5, 0.25]},
								"west": {"uv": [27, 39], "uv_size": [0.25, 0.25]},
								"up": {"uv": [39, 17], "uv_size": [0.5, 0.25]},
								"down": {"uv": [18, 39.25], "uv_size": [0.5, -0.25]}
							}
						},
						{
							"origin": [-0.5, -0.37316, 2.8125],
							"size": [0.1375, 0.62132, 0.125],
							"pivot": [0.25, -0.0625, 2.9375],
							"rotation": [0, 0, 45],
							"uv": {
								"north": {"uv": [39, 18], "uv_size": [0.25, 0.5]},
								"east": {"uv": [19, 39], "uv_size": [0.25, 0.5]},
								"south": {"uv": [39, 19], "uv_size": [0.25, 0.5]},
								"west": {"uv": [20, 39], "uv_size": [0.25, 0.5]},
								"up": {"uv": [39, 27], "uv_size": [0.25, 0.25]},
								"down": {"uv": [28, 39.25], "uv_size": [0.25, -0.25]}
							}
						}
					]
				},
				{
					"name": "ocular",
					"pivot": [0.25, -0.0625, 2.90625],
					"cubes": [
						{
							"origin": [-0.37012, -0.29125, 2.90607],
							"size": [1.24024, 0.4575, 0.00036],
							"inflate": 0.002,
							"uv": {
								"south": {"uv": [69, 27], "uv_size": [1.25, 0.5]}
							}
						},
						{
							"origin": [-0.36985, -0.29098, 2.90634],
							"size": [1.2397, 0.45696, -0.00018],
							"inflate": -0.001,
							"pivot": [0.25, -0.0625, 2.90625],
							"rotation": [0, 0, 90],
							"uv": {
								"south": {"uv": [69, 29], "uv_size": [1.25, 0.5]}
							}
						},
						{
							"origin": [-0.37003, -0.35929, 2.90616],
							"size": [1.24005, 0.59357, 0.00018],
							"inflate": 0.001,
							"pivot": [0.25, -0.0625, 2.90625],
							"rotation": [0, 0, 45],
							"uv": {
								"south": {"uv": [69, 31], "uv_size": [1.25, 0.5]}
							}
						},
						{
							"origin": [-0.36976, -0.35902, 2.90643],
							"size": [1.23952, 0.59303, -0.00036],
							"inflate": -0.002,
							"pivot": [0.25, -0.0625, 2.90625],
							"rotation": [0, 0, -45],
							"uv": {
								"south": {"uv": [69, 33], "uv_size": [1.25, 0.5]}
							}
						}
					]
				},
				{
					"name": "division",
					"pivot": [0.25, -25.8125, -14.25],
					"cubes": [
						{
							"origin": [-8.75, -9.0625, -22.7],
							"size": [18, 18, 0],
							"uv": {
								"south": {"uv": [64, 64], "uv_size": [192, 192]}
							}
						},
						{
							"origin": [9.25, -24.0625, -22.7],
							"size": [23, 48, 0],
							"uv": {
								"south": {"uv": [0, 0], "uv_size": [11.75, 9.25]}
							}
						},
						{
							"origin": [-31.75, -24.0625, -22.7],
							"size": [23, 48, 0],
							"uv": {
								"south": {"uv": [0, 0], "uv_size": [13.5, 8.75]}
							}
						},
						{
							"origin": [-8.75, 8.9375, -22.7],
							"size": [18, 15, 0],
							"uv": {
								"south": {"uv": [0, 0], "uv_size": [18, 15]}
							}
						},
						{
							"origin": [-8.75, -24.0625, -22.7],
							"size": [18, 15, 0],
							"uv": {
								"south": {"uv": [0, 0], "uv_size": [18, 15]}
							}
						},
						{
							"origin": [0.21875, -8.4375, -22.7],
							"size": [0.0625, 16.75, 0],
							"uv": {
								"south": {"uv": [18, 53], "uv_size": [0.25, 14.75]}
							}
						},
						{
							"origin": [0.21875, -8.4375, -22.7],
							"size": [0.0625, 16.75, 0],
							"pivot": [0.25, -0.0625, -0.25],
							"rotation": [0, 0, -90],
							"uv": {
								"south": {"uv": [20, 53], "uv_size": [0.25, 14.75]}
							}
						},
						{
							"origin": [-1.96875, -4.9375, -22.7],
							"size": [0.0625, 1.5, 0],
							"pivot": [-1.9375, 0.4375, -0.25],
							"rotation": [0, 0, -90],
							"uv": {
								"south": {"uv": [16, 71], "uv_size": [0.25, 1.5]}
							}
						},
						{
							"origin": [-0.21875, -4.4375, -22.7],
							"size": [0.0625, 1.5, 0],
							"pivot": [-0.1875, 0.9375, -0.25],
							"rotation": [0, 0, -90],
							"uv": {
								"south": {"uv": [71, 16], "uv_size": [0.25, 1.5]}
							}
						},
						{
							"origin": [1.03125, -4.9375, -22.7],
							"size": [0.0625, 2.5, 0],
							"pivot": [1.0625, 1.4375, -0.25],
							"rotation": [0, 0, -90],
							"uv": {
								"south": {"uv": [18, 71], "uv_size": [0.25, 1.5]}
							}
						}
					]
				},
				{
					"name": "scope_view",
					"pivot": [0.25, -0.0625, 5.275]
				}
			]
		}
	]
}