{
	"format_version": "1.12.0",
	"minecraft:geometry": [
		{
			"description": {
				"identifier": "geometry.unknown",
				"texture_width": 32,
				"texture_height": 32,
				"visible_bounds_width": 2,
				"visible_bounds_height": 1.5,
				"visible_bounds_offset": [0, 0.25, 0]
			},
			"bones": [
				{
					"name": "scope_body",
					"pivot": [0, 18.77813, 0.42188],
					"cubes": [
						{
							"origin": [-0.62184, -0.17671, -0.33523],
							"size": [1.24055, 0.29225, 0.68378],
							"uv": {
								"north": {"uv": [5, 2], "uv_size": [1, 0.5]},
								"east": {"uv": [16, 8], "uv_size": [0.5, 0.5]},
								"south": {"uv": [0, 7], "uv_size": [1, 0.5]},
								"west": {"uv": [10, 16], "uv_size": [0.5, 0.5]},
								"up": {"uv": [2, 7], "uv_size": [1, 0.5]},
								"down": {"uv": [7, 2.5], "uv_size": [1, -0.5]}
							}
						},
						{
							"origin": [-0.62184, -0.17671, -1.64063],
							"size": [1.24055, 0.29225, 0.68378],
							"uv": {
								"north": {"uv": [7, 4], "uv_size": [1, 0.5]},
								"east": {"uv": [16, 10], "uv_size": [0.5, 0.5]},
								"south": {"uv": [8, 0], "uv_size": [1, 0.5]},
								"west": {"uv": [12, 16], "uv_size": [0.5, 0.5]},
								"up": {"uv": [8, 6], "uv_size": [1, 0.5]},
								"down": {"uv": [8, 8.5], "uv_size": [1, -0.5]}
							}
						},
						{
							"origin": [-0.55967, -0.17671, -0.95685],
							"size": [1.11622, 0.06217, 0.62162],
							"uv": {
								"north": {"uv": [0, 9], "uv_size": [1, 0.5]},
								"east": {"uv": [16, 12], "uv_size": [0.5, 0.5]},
								"south": {"uv": [2, 9], "uv_size": [1, 0.5]},
								"west": {"uv": [14, 16], "uv_size": [0.5, 0.5]},
								"up": {"uv": [9, 2], "uv_size": [1, 0.5]},
								"down": {"uv": [4, 9.5], "uv_size": [1, -0.5]}
							}
						},
						{
							"origin": [-0.20628, -0.48245, -0.95685],
							"size": [0.08792, 0.06216, 0.62162],
							"pivot": [0.03005, 0.20313, -0.80289],
							"rotation": [0, 0, 45],
							"uv": {
								"north": {"uv": [16, 14], "uv_size": [0.5, 0.5]},
								"east": {"uv": [16, 16], "uv_size": [0.5, 0.5]},
								"south": {"uv": [0, 17], "uv_size": [0.5, 0.5]},
								"west": {"uv": [2, 17], "uv_size": [0.5, 0.5]},
								"up": {"uv": [17, 2], "uv_size": [0.5, 0.5]},
								"down": {"uv": [4, 17.5], "uv_size": [0.5, -0.5]}
							}
						},
						{
							"origin": [-0.62184, -0.11454, -0.95685],
							"size": [1.24055, 0.23008, 0.62162],
							"uv": {
								"north": {"uv": [9, 4], "uv_size": [1, 0.5]},
								"east": {"uv": [17, 4], "uv_size": [0.5, 0.5]},
								"south": {"uv": [6, 9], "uv_size": [1, 0.5]},
								"west": {"uv": [6, 17], "uv_size": [0.5, 0.5]},
								"up": {"uv": [10, 0], "uv_size": [1, 0.5]},
								"down": {"uv": [10, 6.5], "uv_size": [1, -0.5]}
							}
						},
						{
							"origin": [0.13376, -0.43774, -0.95685],
							"size": [0.08791, 0.06216, 0.62162],
							"pivot": [0.03005, 0.20313, -0.80289],
							"rotation": [0, 0, -45],
							"uv": {
								"north": {"uv": [18, 0], "uv_size": [0.5, 0.5]},
								"east": {"uv": [18, 6], "uv_size": [0.5, 0.5]},
								"south": {"uv": [8, 18], "uv_size": [0.5, 0.5]},
								"west": {"uv": [18, 8], "uv_size": [0.5, 0.5]},
								"up": {"uv": [10, 18], "uv_size": [0.5, 0.5]},
								"down": {"uv": [18, 10.5], "uv_size": [0.5, -0.5]}
							}
						},
						{
							"origin": [-0.55966, 0.11553, -1.64063],
							"size": [1.11621, 0.06217, 1.05675],
							"uv": {
								"north": {"uv": [8, 10], "uv_size": [1, 0.5]},
								"east": {"uv": [10, 8], "uv_size": [1, 0.5]},
								"south": {"uv": [10, 10], "uv_size": [1, 0.5]},
								"west": {"uv": [0, 11], "uv_size": [1, 0.5]},
								"up": {"uv": [0, 0], "uv_size": [1, 1]},
								"down": {"uv": [0, 3], "uv_size": [1, -1]}
							}
						},
						{
							"origin": [-0.43804, 0.27784, -0.63004],
							"size": [0.87297, 0.06216, 0.12432],
							"pivot": [0.03005, 0.20313, -0.80289],
							"rotation": [-45, 0, 0],
							"uv": {
								"north": {"uv": [2, 11], "uv_size": [1, 0.5]},
								"east": {"uv": [12, 18], "uv_size": [0.5, 0.5]},
								"south": {"uv": [11, 2], "uv_size": [1, 0.5]},
								"west": {"uv": [18, 12], "uv_size": [0.5, 0.5]},
								"up": {"uv": [4, 11], "uv_size": [1, 0.5]},
								"down": {"uv": [11, 4.5], "uv_size": [1, -0.5]}
							}
						},
						{
							"origin": [-0.43804, -0.10907, -0.45219],
							"size": [0.87296, 0.06216, 0.18649],
							"pivot": [0.03005, 0.20313, -0.80289],
							"rotation": [22.5, 0, 0],
							"uv": {
								"north": {"uv": [6, 11], "uv_size": [1, 0.5]},
								"east": {"uv": [14, 18], "uv_size": [0.5, 0.5]},
								"south": {"uv": [12, 0], "uv_size": [1, 0.5]},
								"west": {"uv": [18, 14], "uv_size": [0.5, 0.5]},
								"up": {"uv": [12, 6], "uv_size": [1, 0.5]},
								"down": {"uv": [8, 12.5], "uv_size": [1, -0.5]}
							}
						},
						{
							"origin": [0.43493, 0.11553, -0.58388],
							"size": [0.12162, 0.06217, 0.37298],
							"uv": {
								"north": {"uv": [16, 18], "uv_size": [0.5, 0.5]},
								"east": {"uv": [18, 16], "uv_size": [0.5, 0.5]},
								"south": {"uv": [18, 18], "uv_size": [0.5, 0.5]},
								"west": {"uv": [0, 19], "uv_size": [0.5, 0.5]},
								"up": {"uv": [2, 19], "uv_size": [0.5, 0.5]},
								"down": {"uv": [19, 2.5], "uv_size": [0.5, -0.5]}
							}
						},
						{
							"origin": [-0.55967, 0.11553, -0.58388],
							"size": [0.12163, 0.06217, 0.37298],
							"uv": {
								"north": {"uv": [4, 19], "uv_size": [0.5, 0.5]},
								"east": {"uv": [19, 4], "uv_size": [0.5, 0.5]},
								"south": {"uv": [6, 19], "uv_size": [0.5, 0.5]},
								"west": {"uv": [20, 0], "uv_size": [0.5, 0.5]},
								"up": {"uv": [20, 6], "uv_size": [0.5, 0.5]},
								"down": {"uv": [8, 20.5], "uv_size": [0.5, -0.5]}
							}
						},
						{
							"origin": [-0.55966, 0.11553, -0.2109],
							"size": [1.11621, 0.06217, 0.55945],
							"uv": {
								"north": {"uv": [12, 8], "uv_size": [1, 0.5]},
								"east": {"uv": [20, 8], "uv_size": [0.5, 0.5]},
								"south": {"uv": [10, 12], "uv_size": [1, 0.5]},
								"west": {"uv": [10, 20], "uv_size": [0.5, 0.5]},
								"up": {"uv": [12, 10], "uv_size": [1, 0.5]},
								"down": {"uv": [12, 12.5], "uv_size": [1, -0.5]}
							}
						},
						{
							"origin": [-0.49284, 0.54301, -1.64063],
							"size": [0.08792, 0.05913, 1.98918],
							"pivot": [0.03005, 0.20313, -0.80289],
							"rotation": [0, 0, -45],
							"uv": {
								"north": {"uv": [20, 10], "uv_size": [0.5, 0.5]},
								"east": {"uv": [2, 0], "uv_size": [2, 0.5]},
								"south": {"uv": [12, 20], "uv_size": [0.5, 0.5]},
								"west": {"uv": [2, 2], "uv_size": [2, 0.5]},
								"up": {"uv": [0, 4], "uv_size": [0.5, 2]},
								"down": {"uv": [2, 6], "uv_size": [0.5, -2]}
							}
						},
						{
							"origin": [0.42032, 0.49831, -1.64063],
							"size": [0.08791, 0.05913, 1.98918],
							"pivot": [0.03005, 0.20313, -0.80289],
							"rotation": [0, 0, 45],
							"uv": {
								"north": {"uv": [20, 12], "uv_size": [0.5, 0.5]},
								"east": {"uv": [4, 4], "uv_size": [2, 0.5]},
								"south": {"uv": [14, 20], "uv_size": [0.5, 0.5]},
								"west": {"uv": [5, 0], "uv_size": [2, 0.5]},
								"up": {"uv": [4, 6], "uv_size": [0.5, 2]},
								"down": {"uv": [6, 8], "uv_size": [0.5, -2]}
							}
						},
						{
							"origin": [-0.62183, 0.11555, -1.59704],
							"size": [0.12163, 0.93243, 0.66521],
							"uv": {
								"north": {"uv": [0, 13], "uv_size": [0.5, 1]},
								"east": {"uv": [2, 13], "uv_size": [0.5, 1]},
								"south": {"uv": [13, 2], "uv_size": [0.5, 1]},
								"west": {"uv": [4, 13], "uv_size": [0.5, 1]},
								"up": {"uv": [20, 14], "uv_size": [0.5, 0.5]},
								"down": {"uv": [16, 20.5], "uv_size": [0.5, -0.5]}
							}
						},
						{
							"origin": [-1.0283, 0.33957, -1.59704],
							"size": [0.12892, 0.17702, 0.66521],
							"pivot": [0.03005, 0.20313, -0.80289],
							"rotation": [0, 0, 45],
							"uv": {
								"north": {"uv": [20, 16], "uv_size": [0.5, 0.5]},
								"east": {"uv": [18, 20], "uv_size": [0.5, 0.5]},
								"south": {"uv": [20, 18], "uv_size": [0.5, 0.5]},
								"west": {"uv": [20, 20], "uv_size": [0.5, 0.5]},
								"up": {"uv": [0, 21], "uv_size": [0.5, 0.5]},
								"down": {"uv": [2, 21.5], "uv_size": [0.5, -0.5]}
							}
						},
						{
							"origin": [-0.49666, 1.01435, -1.59704],
							"size": [0.12433, 0.1588, 0.66521],
							"uv": {
								"north": {"uv": [21, 2], "uv_size": [0.5, 0.5]},
								"east": {"uv": [4, 21], "uv_size": [0.5, 0.5]},
								"south": {"uv": [21, 4], "uv_size": [0.5, 0.5]},
								"west": {"uv": [6, 21], "uv_size": [0.5, 0.5]},
								"up": {"uv": [22, 0], "uv_size": [0.5, 0.5]},
								"down": {"uv": [22, 6.5], "uv_size": [0.5, -0.5]}
							}
						},
						{
							"origin": [0.36922, 1.01435, -1.59704],
							"size": [0.12432, 0.1588, 0.66521],
							"uv": {
								"north": {"uv": [8, 22], "uv_size": [0.5, 0.5]},
								"east": {"uv": [22, 8], "uv_size": [0.5, 0.5]},
								"south": {"uv": [10, 22], "uv_size": [0.5, 0.5]},
								"west": {"uv": [22, 10], "uv_size": [0.5, 0.5]},
								"up": {"uv": [12, 22], "uv_size": [0.5, 0.5]},
								"down": {"uv": [22, 12.5], "uv_size": [0.5, -0.5]}
							}
						},
						{
							"origin": [-0.27284, 1.00807, -1.59704],
							"size": [0.54257, 0.11674, 0.66521],
							"uv": {
								"north": {"uv": [14, 22], "uv_size": [0.5, 0.5]},
								"east": {"uv": [22, 14], "uv_size": [0.5, 0.5]},
								"south": {"uv": [16, 22], "uv_size": [0.5, 0.5]},
								"west": {"uv": [22, 16], "uv_size": [0.5, 0.5]},
								"up": {"uv": [18, 22], "uv_size": [0.5, 0.5]},
								"down": {"uv": [22, 18.5], "uv_size": [0.5, -0.5]}
							}
						},
						{
							"origin": [-0.38378, 1.04225, -1.59704],
							"size": [0.35845, 0.106, 0.66521],
							"pivot": [-0.23581, 1.09525, -1.26445],
							"rotation": [0, 0, 10],
							"uv": {
								"north": {"uv": [20, 22], "uv_size": [0.5, 0.5]},
								"east": {"uv": [22, 20], "uv_size": [0.5, 0.5]},
								"south": {"uv": [22, 22], "uv_size": [0.5, 0.5]},
								"west": {"uv": [0, 23], "uv_size": [0.5, 0.5]},
								"up": {"uv": [2, 23], "uv_size": [0.5, 0.5]},
								"down": {"uv": [23, 2.5], "uv_size": [0.5, -0.5]}
							}
						},
						{
							"origin": [0.02533, 1.04225, -1.59704],
							"size": [0.35845, 0.106, 0.66521],
							"pivot": [0.23581, 1.09525, -1.26445],
							"rotation": [0, 0, -10],
							"uv": {
								"north": {"uv": [4, 23], "uv_size": [0.5, 0.5]},
								"east": {"uv": [23, 4], "uv_size": [0.5, 0.5]},
								"south": {"uv": [6, 23], "uv_size": [0.5, 0.5]},
								"west": {"uv": [24, 0], "uv_size": [0.5, 0.5]},
								"up": {"uv": [24, 6], "uv_size": [0.5, 0.5]},
								"down": {"uv": [8, 24.5], "uv_size": [0.5, -0.5]}
							}
						},
						{
							"origin": [0.91478, 0.38428, -1.59704],
							"size": [0.12891, 0.17702, 0.66521],
							"pivot": [0.03005, 0.20313, -0.80289],
							"rotation": [0, 0, -45],
							"uv": {
								"north": {"uv": [24, 8], "uv_size": [0.5, 0.5]},
								"east": {"uv": [10, 24], "uv_size": [0.5, 0.5]},
								"south": {"uv": [24, 10], "uv_size": [0.5, 0.5]},
								"west": {"uv": [12, 24], "uv_size": [0.5, 0.5]},
								"up": {"uv": [24, 12], "uv_size": [0.5, 0.5]},
								"down": {"uv": [14, 24.5], "uv_size": [0.5, -0.5]}
							}
						},
						{
							"origin": [-0.62183, 0.02222, -0.96098],
							"size": [0.12163, 0.9169, 0.32332],
							"pivot": [0.03005, 0.20313, -0.80289],
							"rotation": [22.5, 0, 0],
							"uv": {
								"north": {"uv": [13, 4], "uv_size": [0.5, 1]},
								"east": {"uv": [6, 13], "uv_size": [0.5, 1]},
								"south": {"uv": [14, 0], "uv_size": [0.5, 1]},
								"west": {"uv": [14, 6], "uv_size": [0.5, 1]},
								"up": {"uv": [24, 14], "uv_size": [0.5, 0.5]},
								"down": {"uv": [16, 24.5], "uv_size": [0.5, -0.5]}
							}
						},
						{
							"origin": [-0.62183, -0.09916, -0.72084],
							"size": [0.12163, 0.29527, 0.09022],
							"pivot": [0.03005, 0.20313, -0.80289],
							"rotation": [45, 0, 0],
							"uv": {
								"north": {"uv": [24, 16], "uv_size": [0.5, 0.5]},
								"east": {"uv": [18, 24], "uv_size": [0.5, 0.5]},
								"south": {"uv": [24, 18], "uv_size": [0.5, 0.5]},
								"west": {"uv": [20, 24], "uv_size": [0.5, 0.5]},
								"up": {"uv": [24, 20], "uv_size": [0.5, 0.5]},
								"down": {"uv": [22, 24.5], "uv_size": [0.5, -0.5]}
							}
						},
						{
							"origin": [0.49708, -0.09916, -0.72084],
							"size": [0.12163, 0.29527, 0.09022],
							"pivot": [0.03005, 0.20313, -0.80289],
							"rotation": [45, 0, 0],
							"uv": {
								"north": {"uv": [24, 22], "uv_size": [0.5, 0.5]},
								"east": {"uv": [24, 24], "uv_size": [0.5, 0.5]},
								"south": {"uv": [0, 25], "uv_size": [0.5, 0.5]},
								"west": {"uv": [2, 25], "uv_size": [0.5, 0.5]},
								"up": {"uv": [25, 2], "uv_size": [0.5, 0.5]},
								"down": {"uv": [4, 25.5], "uv_size": [0.5, -0.5]}
							}
						},
						{
							"origin": [-0.62183, 0.11555, -1.64063],
							"size": [0.12163, 0.45067, 0.04359],
							"uv": {
								"north": {"uv": [25, 4], "uv_size": [0.5, 0.5]},
								"east": {"uv": [6, 25], "uv_size": [0.5, 0.5]},
								"south": {"uv": [26, 0], "uv_size": [0.5, 0.5]},
								"west": {"uv": [26, 6], "uv_size": [0.5, 0.5]},
								"up": {"uv": [8, 26], "uv_size": [0.5, 0.5]},
								"down": {"uv": [26, 8.5], "uv_size": [0.5, -0.5]}
							}
						},
						{
							"origin": [0.49708, 0.11555, -1.59704],
							"size": [0.12163, 0.93243, 0.66521],
							"uv": {
								"north": {"uv": [8, 14], "uv_size": [0.5, 1]},
								"east": {"uv": [14, 8], "uv_size": [0.5, 1]},
								"south": {"uv": [10, 14], "uv_size": [0.5, 1]},
								"west": {"uv": [14, 10], "uv_size": [0.5, 1]},
								"up": {"uv": [10, 26], "uv_size": [0.5, 0.5]},
								"down": {"uv": [26, 10.5], "uv_size": [0.5, -0.5]}
							}
						},
						{
							"origin": [-0.11787, 1.01661, -1.59704],
							"size": [0.31081, 0.11126, 0.66521],
							"pivot": [0.03005, 0.20313, -0.80289],
							"rotation": [0, 0, 22.5],
							"uv": {
								"north": {"uv": [12, 26], "uv_size": [0.5, 0.5]},
								"east": {"uv": [26, 12], "uv_size": [0.5, 0.5]},
								"south": {"uv": [14, 26], "uv_size": [0.5, 0.5]},
								"west": {"uv": [26, 14], "uv_size": [0.5, 0.5]},
								"up": {"uv": [16, 26], "uv_size": [0.5, 0.5]},
								"down": {"uv": [26, 16.5], "uv_size": [0.5, -0.5]}
							}
						},
						{
							"origin": [0.6666, 0.40639, -1.59704],
							"size": [0.08019, 0.34189, 0.66521],
							"pivot": [0.03005, 0.20313, -0.80289],
							"rotation": [0, 0, -22.5],
							"uv": {
								"north": {"uv": [18, 26], "uv_size": [0.5, 0.5]},
								"east": {"uv": [26, 18], "uv_size": [0.5, 0.5]},
								"south": {"uv": [20, 26], "uv_size": [0.5, 0.5]},
								"west": {"uv": [26, 20], "uv_size": [0.5, 0.5]},
								"up": {"uv": [22, 26], "uv_size": [0.5, 0.5]},
								"down": {"uv": [26, 22.5], "uv_size": [0.5, -0.5]}
							}
						},
						{
							"origin": [0.11941, -0.01591, -1.64063],
							"size": [0.37298, 0.12163, 0.92941],
							"pivot": [0.03005, 0.20313, -0.80289],
							"rotation": [0, 0, -22.5],
							"uv": {
								"north": {"uv": [24, 26], "uv_size": [0.5, 0.5]},
								"east": {"uv": [12, 14], "uv_size": [1, 0.5]},
								"south": {"uv": [26, 24], "uv_size": [0.5, 0.5]},
								"west": {"uv": [14, 12], "uv_size": [1, 0.5]},
								"up": {"uv": [14, 14], "uv_size": [0.5, 1]},
								"down": {"uv": [0, 16], "uv_size": [0.5, -1]}
							}
						},
						{
							"origin": [-0.49069, -0.0401, -1.64063],
							"size": [0.37297, 0.12163, 0.92941],
							"pivot": [0.03005, 0.20313, -0.80289],
							"rotation": [0, 0, 22.5],
							"uv": {
								"north": {"uv": [26, 26], "uv_size": [0.5, 0.5]},
								"east": {"uv": [2, 15], "uv_size": [1, 0.5]},
								"south": {"uv": [0, 27], "uv_size": [0.5, 0.5]},
								"west": {"uv": [15, 2], "uv_size": [1, 0.5]},
								"up": {"uv": [4, 15], "uv_size": [0.5, 1]},
								"down": {"uv": [15, 5], "uv_size": [0.5, -1]}
							}
						},
						{
							"origin": [-0.74509, 0.38219, -1.59704],
							"size": [0.08019, 0.34189, 0.66521],
							"pivot": [0.03005, 0.20313, -0.80289],
							"rotation": [0, 0, 22.5],
							"uv": {
								"north": {"uv": [2, 27], "uv_size": [0.5, 0.5]},
								"east": {"uv": [27, 2], "uv_size": [0.5, 0.5]},
								"south": {"uv": [4, 27], "uv_size": [0.5, 0.5]},
								"west": {"uv": [27, 4], "uv_size": [0.5, 0.5]},
								"up": {"uv": [6, 27], "uv_size": [0.5, 0.5]},
								"down": {"uv": [28, 0.5], "uv_size": [0.5, -0.5]}
							}
						},
						{
							"origin": [-0.19124, 1.04078, -1.59704],
							"size": [0.31081, 0.11127, 0.66521],
							"pivot": [0.03005, 0.20313, -0.80289],
							"rotation": [0, 0, -22.5],
							"uv": {
								"north": {"uv": [28, 6], "uv_size": [0.5, 0.5]},
								"east": {"uv": [8, 28], "uv_size": [0.5, 0.5]},
								"south": {"uv": [28, 8], "uv_size": [0.5, 0.5]},
								"west": {"uv": [10, 28], "uv_size": [0.5, 0.5]},
								"up": {"uv": [28, 10], "uv_size": [0.5, 0.5]},
								"down": {"uv": [12, 28.5], "uv_size": [0.5, -0.5]}
							}
						},
						{
							"origin": [0.49708, 0.11555, -1.64063],
							"size": [0.12163, 0.45067, 0.04359],
							"uv": {
								"north": {"uv": [28, 12], "uv_size": [0.5, 0.5]},
								"east": {"uv": [14, 28], "uv_size": [0.5, 0.5]},
								"south": {"uv": [28, 14], "uv_size": [0.5, 0.5]},
								"west": {"uv": [16, 28], "uv_size": [0.5, 0.5]},
								"up": {"uv": [28, 16], "uv_size": [0.5, 0.5]},
								"down": {"uv": [18, 28.5], "uv_size": [0.5, -0.5]}
							}
						},
						{
							"origin": [0.49708, 0.21799, -1.71581],
							"size": [0.12163, 0.13986, 0.04359],
							"pivot": [0.03005, 0.20313, -0.80289],
							"rotation": [-22.5, 0, 0],
							"uv": {
								"north": {"uv": [28, 18], "uv_size": [0.5, 0.5]},
								"east": {"uv": [20, 28], "uv_size": [0.5, 0.5]},
								"south": {"uv": [28, 20], "uv_size": [0.5, 0.5]},
								"west": {"uv": [22, 28], "uv_size": [0.5, 0.5]},
								"up": {"uv": [28, 22], "uv_size": [0.5, 0.5]},
								"down": {"uv": [24, 28.5], "uv_size": [0.5, -0.5]}
							}
						},
						{
							"origin": [-0.62183, 0.21799, -1.71581],
							"size": [0.12163, 0.13986, 0.04359],
							"pivot": [0.03005, 0.20313, -0.80289],
							"rotation": [-22.5, 0, 0],
							"uv": {
								"north": {"uv": [28, 24], "uv_size": [0.5, 0.5]},
								"east": {"uv": [26, 28], "uv_size": [0.5, 0.5]},
								"south": {"uv": [28, 26], "uv_size": [0.5, 0.5]},
								"west": {"uv": [28, 28], "uv_size": [0.5, 0.5]},
								"up": {"uv": [0, 29], "uv_size": [0.5, 0.5]},
								"down": {"uv": [2, 29.5], "uv_size": [0.5, -0.5]}
							}
						},
						{
							"origin": [0.49708, 0.02222, -0.96098],
							"size": [0.12163, 0.9169, 0.32332],
							"pivot": [0.03005, 0.20313, -0.80289],
							"rotation": [22.5, 0, 0],
							"uv": {
								"north": {"uv": [6, 15], "uv_size": [0.5, 1]},
								"east": {"uv": [16, 0], "uv_size": [0.5, 1]},
								"south": {"uv": [16, 6], "uv_size": [0.5, 1]},
								"west": {"uv": [8, 16], "uv_size": [0.5, 1]},
								"up": {"uv": [29, 2], "uv_size": [0.5, 0.5]},
								"down": {"uv": [4, 29.5], "uv_size": [0.5, -0.5]}
							}
						},
						{
							"origin": [0.26075, 0.08431, -0.16335],
							"size": [0.12359, 0.13675, 0.29838],
							"pivot": [0.03005, 0.20313, -0.80289],
							"rotation": [0, -22.5, 0],
							"uv": {
								"north": {"uv": [29, 4], "uv_size": [0.5, 0.5]},
								"east": {"uv": [6, 29], "uv_size": [0.5, 0.5]},
								"south": {"uv": [30, 0], "uv_size": [0.5, 0.5]},
								"west": {"uv": [30, 6], "uv_size": [0.5, 0.5]},
								"up": {"uv": [8, 30], "uv_size": [0.5, 0.5]},
								"down": {"uv": [30, 8.5], "uv_size": [0.5, -0.5]}
							}
						},
						{
							"origin": [-0.38264, 0.08431, -0.18753],
							"size": [0.12359, 0.13675, 0.29838],
							"pivot": [0.03005, 0.20313, -0.80289],
							"rotation": [0, 22.5, 0],
							"uv": {
								"north": {"uv": [10, 30], "uv_size": [0.5, 0.5]},
								"east": {"uv": [30, 10], "uv_size": [0.5, 0.5]},
								"south": {"uv": [12, 30], "uv_size": [0.5, 0.5]},
								"west": {"uv": [30, 12], "uv_size": [0.5, 0.5]},
								"up": {"uv": [14, 30], "uv_size": [0.5, 0.5]},
								"down": {"uv": [30, 14.5], "uv_size": [0.5, -0.5]}
							}
						},
						{
							"origin": [0.17335, 0.08431, -0.07594],
							"size": [0.29838, 0.13675, 0.12358],
							"pivot": [0.03005, 0.20313, -0.80289],
							"rotation": [0, -22.5, 0],
							"uv": {
								"north": {"uv": [16, 30], "uv_size": [0.5, 0.5]},
								"east": {"uv": [30, 16], "uv_size": [0.5, 0.5]},
								"south": {"uv": [18, 30], "uv_size": [0.5, 0.5]},
								"west": {"uv": [30, 18], "uv_size": [0.5, 0.5]},
								"up": {"uv": [20, 30], "uv_size": [0.5, 0.5]},
								"down": {"uv": [30, 20.5], "uv_size": [0.5, -0.5]}
							}
						},
						{
							"origin": [-0.47004, 0.08431, -0.10013],
							"size": [0.29838, 0.13675, 0.12359],
							"pivot": [0.03005, 0.20313, -0.80289],
							"rotation": [0, 22.5, 0],
							"uv": {
								"north": {"uv": [22, 30], "uv_size": [0.5, 0.5]},
								"east": {"uv": [30, 22], "uv_size": [0.5, 0.5]},
								"south": {"uv": [24, 30], "uv_size": [0.5, 0.5]},
								"west": {"uv": [30, 24], "uv_size": [0.5, 0.5]},
								"up": {"uv": [26, 30], "uv_size": [0.5, 0.5]},
								"down": {"uv": [30, 26.5], "uv_size": [0.5, -0.5]}
							}
						}
					]
				},
				{
					"name": "division",
					"pivot": [0, 0, 0]
				},
				{
					"name": "division_illuminated",
					"parent": "division",
					"pivot": [0, 0.75125, -55.3],
					"cubes": [
						{
							"origin": [-0.25, 0.36062, -20],
							"size": [0.5, 0.5, 0.3],
							"pivot": [0, 0.61063, -19.85],
							"rotation": [0, 0, -45],
							"uv": {
								"south": {"uv": [27, 29], "uv_size": [2.5, 2.5]}
							}
						}
					]
				},
				{
					"name": "scope_view",
					"pivot": [0, 0.60938, 9.5]
				},
				{
					"name": "ocular",
					"pivot": [0, 2.35938, -0.0375],
					"cubes": [
						{
							"origin": [-0.54826, -0.17886, -1.2315],
							"size": [1.10901, 1.21241, 0.02463],
							"uv": {
								"south": {"uv": [30, 3], "uv_size": [2, 2]}
							}
						}
					]
				}
			]
		}
	]
}