{
	"format_version": "1.12.0",
	"minecraft:geometry": [
		{
			"description": {
				"identifier": "geometry.unknown",
				"texture_width": 64,
				"texture_height": 64,
				"visible_bounds_width": 2,
				"visible_bounds_height": 1.5,
				"visible_bounds_offset": [0, 0.25, 0]
			},
			"bones": [
				{
					"name": "dagger",
					"pivot": [-0.00027, -1.65935, 1.98448],
					"cubes": [
						{
							"origin": [-0.375, -2.21202, 2.32094],
							"size": [0.75, 1.5, 2],
							"uv": {
								"north": {"uv": [24, 6], "uv_size": [1, 1.5]},
								"east": {"uv": [20, 20], "uv_size": [2, 1.5]},
								"south": {"uv": [24, 12], "uv_size": [1, 1.5]},
								"west": {"uv": [22, 9], "uv_size": [2, 1.5]},
								"up": {"uv": [18, 23], "uv_size": [1, 2]},
								"down": {"uv": [20, 25], "uv_size": [1, -2]}
							}
						},
						{
							"origin": [-0.375, -2.21202, -0.42906],
							"size": [0.75, 1.5, 2.75],
							"uv": {
								"east": {"uv": [20, 6], "uv_size": [3, 1.5]},
								"west": {"uv": [16, 20], "uv_size": [3, 1.5]},
								"up": {"uv": [22, 12], "uv_size": [1, 3]},
								"down": {"uv": [16, 26], "uv_size": [1, -3]}
							}
						},
						{
							"origin": [-0.375, -2.46202, 4.32094],
							"size": [0.75, 1.375, 1],
							"uv": {
								"east": {"uv": [24, 15], "uv_size": [1, 1.5]},
								"south": {"uv": [24, 23], "uv_size": [1, 1.5]},
								"west": {"uv": [25, 9], "uv_size": [1, 1.5]},
								"down": {"uv": [26, 7], "uv_size": [1, -1]}
							}
						},
						{
							"origin": [-0.5, -3.02452, -0.17906],
							"size": [0.5, 0.5625, 0.3125],
							"pivot": [-0.5, -2.46202, -0.17906],
							"rotation": [0, 0, -7.5],
							"uv": {
								"north": {"uv": [6, 38], "uv_size": [0.5, 0.5]},
								"east": {"uv": [8, 38], "uv_size": [0.5, 0.5]},
								"south": {"uv": [10, 38], "uv_size": [0.5, 0.5]},
								"west": {"uv": [12, 38], "uv_size": [0.5, 0.5]},
								"down": {"uv": [38, 12.5], "uv_size": [0.5, -0.5]}
							}
						},
						{
							"origin": [0.00214, -2.99189, -0.17906],
							"size": [0.5, 0.5625, 0.3125],
							"pivot": [0.25214, -2.42939, -0.17906],
							"rotation": [0, 0, 7.5],
							"uv": {
								"north": {"uv": [14, 38], "uv_size": [0.5, 0.5]},
								"east": {"uv": [38, 14], "uv_size": [0.5, 0.5]},
								"south": {"uv": [38, 16], "uv_size": [0.5, 0.5]},
								"west": {"uv": [38, 18], "uv_size": [0.5, 0.5]},
								"down": {"uv": [20, 38.5], "uv_size": [0.5, -0.5]}
							}
						},
						{
							"origin": [-0.5, -2.46202, -0.24156],
							"size": [1, 1.9375, 0.5],
							"uv": {
								"north": {"uv": [23, 20], "uv_size": [1, 2]},
								"east": {"uv": [26, 12], "uv_size": [0.5, 2]},
								"south": {"uv": [22, 23], "uv_size": [1, 2]},
								"west": {"uv": [26, 15], "uv_size": [0.5, 2]},
								"up": {"uv": [20, 28], "uv_size": [1, 0.5]},
								"down": {"uv": [28, 20.5], "uv_size": [1, -0.5]}
							}
						},
						{
							"origin": [-0.42658, -3.20721, -0.17906],
							"size": [0.85316, 0.25, 0.3125],
							"uv": {
								"north": {"uv": [2, 38], "uv_size": [1, 0.5]},
								"east": {"uv": [44, 28], "uv_size": [0.5, 0.5]},
								"south": {"uv": [38, 2], "uv_size": [1, 0.5]},
								"west": {"uv": [30, 44], "uv_size": [0.5, 0.5]},
								"up": {"uv": [4, 38], "uv_size": [1, 0.5]},
								"down": {"uv": [38, 4.5], "uv_size": [1, -0.5]}
							}
						},
						{
							"origin": [0.11408, -3.70721, -0.17906],
							"size": [0.3125, 0.5, 0.3125],
							"pivot": [0.42658, -3.20721, -0.17906],
							"rotation": [0, 0, 45],
							"uv": {
								"north": {"uv": [24, 44], "uv_size": [0.5, 0.5]},
								"east": {"uv": [44, 24], "uv_size": [0.5, 0.5]},
								"south": {"uv": [26, 44], "uv_size": [0.5, 0.5]},
								"west": {"uv": [44, 26], "uv_size": [0.5, 0.5]},
								"down": {"uv": [28, 44.5], "uv_size": [0.5, -0.5]}
							}
						},
						{
							"origin": [-0.07303, -3.81076, -0.11656],
							"size": [0.14605, 0.5, 0.25],
							"uv": {
								"north": {"uv": [44, 30], "uv_size": [0.5, 0.5]},
								"east": {"uv": [32, 44], "uv_size": [0.5, 0.5]},
								"south": {"uv": [44, 32], "uv_size": [0.5, 0.5]},
								"west": {"uv": [34, 44], "uv_size": [0.5, 0.5]},
								"down": {"uv": [44, 34.5], "uv_size": [0.5, -0.5]}
							}
						},
						{
							"origin": [-0.07303, -3.56076, -0.17906],
							"size": [0.14605, 0.125, 0.0625],
							"uv": {
								"north": {"uv": [6, 46], "uv_size": [0.5, 0.5]},
								"east": {"uv": [8, 46], "uv_size": [0.5, 0.5]},
								"south": {"uv": [10, 46], "uv_size": [0.5, 0.5]},
								"west": {"uv": [12, 46], "uv_size": [0.5, 0.5]},
								"down": {"uv": [46, 12.5], "uv_size": [0.5, -0.5]}
							}
						},
						{
							"origin": [-0.07303, -3.81076, -0.17906],
							"size": [0.14605, 0.25, 0.0625],
							"pivot": [0.07303, -3.56076, -0.17906],
							"rotation": [14, 0, 0],
							"uv": {
								"north": {"uv": [14, 46], "uv_size": [0.5, 0.5]},
								"east": {"uv": [46, 14], "uv_size": [0.5, 0.5]},
								"south": {"uv": [46, 16], "uv_size": [0.5, 0.5]},
								"west": {"uv": [46, 18], "uv_size": [0.5, 0.5]},
								"down": {"uv": [20, 46.5], "uv_size": [0.5, -0.5]}
							}
						},
						{
							"origin": [-0.07303, -4.31076, -0.05406],
							"size": [0.14605, 0.5, 0.1875],
							"pivot": [0.07303, -3.81076, 0.13344],
							"rotation": [-40, 0, 0],
							"uv": {
								"north": {"uv": [36, 44], "uv_size": [0.5, 0.5]},
								"east": {"uv": [44, 36], "uv_size": [0.5, 0.5]},
								"south": {"uv": [38, 44], "uv_size": [0.5, 0.5]},
								"west": {"uv": [44, 38], "uv_size": [0.5, 0.5]},
								"down": {"uv": [40, 44.5], "uv_size": [0.5, -0.5]}
							}
						},
						{
							"origin": [-0.07303, -4.69378, -0.37545],
							"size": [0.14605, 0.5, 0.1875],
							"pivot": [0.07303, -4.19378, -0.18795],
							"rotation": [-90, 0, 0],
							"uv": {
								"north": {"uv": [44, 40], "uv_size": [0.5, 0.5]},
								"east": {"uv": [42, 44], "uv_size": [0.5, 0.5]},
								"south": {"uv": [44, 42], "uv_size": [0.5, 0.5]},
								"west": {"uv": [44, 44], "uv_size": [0.5, 0.5]},
								"down": {"uv": [45, 6.5], "uv_size": [0.5, -0.5]}
							}
						},
						{
							"origin": [-0.07303, -4.69378, -0.87545],
							"size": [0.14605, 0.5, 0.1875],
							"pivot": [0.07303, -4.19378, -0.68795],
							"rotation": [-130, 0, 0],
							"uv": {
								"north": {"uv": [45, 8], "uv_size": [0.5, 0.5]},
								"east": {"uv": [45, 10], "uv_size": [0.5, 0.5]},
								"south": {"uv": [16, 45], "uv_size": [0.5, 0.5]},
								"west": {"uv": [18, 45], "uv_size": [0.5, 0.5]},
								"down": {"uv": [0, 46.5], "uv_size": [0.5, -0.5]}
							}
						},
						{
							"origin": [-0.07303, -4.37239, -1.25848],
							"size": [0.14605, 0.5, 0.1875],
							"pivot": [0.07303, -3.87239, -1.07098],
							"rotation": [-162.5, 0, 0],
							"uv": {
								"north": {"uv": [46, 0], "uv_size": [0.5, 0.5]},
								"east": {"uv": [2, 46], "uv_size": [0.5, 0.5]},
								"south": {"uv": [46, 2], "uv_size": [0.5, 0.5]},
								"west": {"uv": [4, 46], "uv_size": [0.5, 0.5]},
								"down": {"uv": [46, 4.5], "uv_size": [0.5, -0.5]}
							}
						},
						{
							"origin": [-0.42658, -3.70721, -0.17906],
							"size": [0.3125, 0.5, 0.3125],
							"pivot": [-0.42658, -3.20721, -0.17906],
							"rotation": [0, 0, -45],
							"uv": {
								"north": {"uv": [38, 20], "uv_size": [0.5, 0.5]},
								"east": {"uv": [22, 38], "uv_size": [0.5, 0.5]},
								"south": {"uv": [38, 22], "uv_size": [0.5, 0.5]},
								"west": {"uv": [24, 38], "uv_size": [0.5, 0.5]},
								"down": {"uv": [38, 24.5], "uv_size": [0.5, -0.5]}
							}
						},
						{
							"origin": [-0.4375, -1.84234, 3.47394],
							"size": [0.875, 0.5, 0.5],
							"pivot": [0, -1.48554, 3.64639],
							"rotation": [45, 0, 0],
							"uv": {
								"north": {"uv": [22, 28], "uv_size": [1, 0.5]},
								"east": {"uv": [26, 38], "uv_size": [0.5, 0.5]},
								"south": {"uv": [28, 22], "uv_size": [1, 0.5]},
								"west": {"uv": [38, 26], "uv_size": [0.5, 0.5]},
								"up": {"uv": [24, 28], "uv_size": [1, 0.5]},
								"down": {"uv": [28, 24.5], "uv_size": [1, -0.5]}
							}
						},
						{
							"origin": [-0.4375, -1.84234, 0.72394],
							"size": [0.875, 0.5, 0.5],
							"pivot": [0, -1.48554, 0.89639],
							"rotation": [45, 0, 0],
							"uv": {
								"north": {"uv": [26, 28], "uv_size": [1, 0.5]},
								"east": {"uv": [28, 38], "uv_size": [0.5, 0.5]},
								"south": {"uv": [28, 26], "uv_size": [1, 0.5]},
								"west": {"uv": [38, 28], "uv_size": [0.5, 0.5]},
								"up": {"uv": [28, 28], "uv_size": [1, 0.5]},
								"down": {"uv": [29, 8.5], "uv_size": [1, -0.5]}
							}
						},
						{
							"origin": [-0.375, -3.0999, 4.71198],
							"size": [0.75, 0.6875, 0.375],
							"uv": {
								"north": {"uv": [29, 10], "uv_size": [1, 0.5]},
								"east": {"uv": [30, 38], "uv_size": [0.5, 0.5]},
								"south": {"uv": [16, 29], "uv_size": [1, 0.5]},
								"west": {"uv": [38, 30], "uv_size": [0.5, 0.5]},
								"down": {"uv": [0, 30.5], "uv_size": [1, -0.5]}
							}
						},
						{
							"origin": [-0.373, -1.53302, 4.6144],
							"size": [0.75, 1.08211, 0.42678],
							"inflate": -0.002,
							"pivot": [0.002, -0.99196, 4.82779],
							"rotation": [82.5, 0, 0],
							"uv": {
								"north": {"uv": [26, 26], "uv_size": [1, 1]},
								"east": {"uv": [37, 6], "uv_size": [0.5, 1]},
								"south": {"uv": [27, 8], "uv_size": [1, 1]},
								"west": {"uv": [37, 8], "uv_size": [0.5, 1]},
								"down": {"uv": [37, 10.5], "uv_size": [1, -0.5]}
							}
						},
						{
							"origin": [-0.373, -1.49511, 5.23201],
							"size": [0.75, 0.58211, 0.30178],
							"inflate": -0.002,
							"pivot": [0.002, -1.20405, 5.3204],
							"rotation": [25, 0, 0],
							"uv": {
								"north": {"uv": [34, 36], "uv_size": [1, 0.5]},
								"east": {"uv": [22, 44], "uv_size": [0.5, 0.5]},
								"south": {"uv": [36, 34], "uv_size": [1, 0.5]},
								"west": {"uv": [44, 22], "uv_size": [0.5, 0.5]},
								"down": {"uv": [36, 36.5], "uv_size": [1, -0.5]}
							}
						},
						{
							"origin": [-0.373, -2.70796, 5.13223],
							"size": [0.75, 0.83211, 0.42678],
							"inflate": -0.002,
							"pivot": [0.002, -2.16691, 5.34562],
							"rotation": [-17.5, 0, 0],
							"uv": {
								"north": {"uv": [24, 26], "uv_size": [1, 1]},
								"east": {"uv": [28, 36], "uv_size": [0.5, 1]},
								"south": {"uv": [26, 24], "uv_size": [1, 1]},
								"west": {"uv": [36, 28], "uv_size": [0.5, 1]},
								"down": {"uv": [30, 36.5], "uv_size": [1, -0.5]}
							}
						},
						{
							"origin": [-0.373, -1.9568, 5.27187],
							"size": [0.75, 0.58211, 0.36428],
							"inflate": -0.002,
							"uv": {
								"north": {"uv": [36, 30], "uv_size": [1, 0.5]},
								"east": {"uv": [20, 44], "uv_size": [0.5, 0.5]},
								"south": {"uv": [32, 36], "uv_size": [1, 0.5]},
								"west": {"uv": [44, 20], "uv_size": [0.5, 0.5]},
								"down": {"uv": [36, 32.5], "uv_size": [1, -0.5]}
							}
						},
						{
							"origin": [-0.4355, -2.0193, 5.52187],
							"size": [0.75, 0.75, 0.36428],
							"inflate": -0.002,
							"pivot": [-0.0605, -1.72824, 5.70401],
							"rotation": [0, 0, 45],
							"uv": {
								"north": {"uv": [27, 10], "uv_size": [1, 1]},
								"east": {"uv": [16, 37], "uv_size": [0.5, 1]},
								"south": {"uv": [16, 27], "uv_size": [1, 1]},
								"west": {"uv": [18, 37], "uv_size": [0.5, 1]},
								"up": {"uv": [0, 38], "uv_size": [1, 0.5]},
								"down": {"uv": [38, 0.5], "uv_size": [1, -0.5]}
							}
						},
						{
							"origin": [-0.373, -3.1237, 5.81094],
							"size": [0.75, 0.64461, 0.30178],
							"inflate": -0.002,
							"pivot": [0.002, -2.61936, 5.33564],
							"rotation": [-152.5, 0, 0],
							"uv": {
								"north": {"uv": [30, 12], "uv_size": [1, 0.5]},
								"east": {"uv": [32, 38], "uv_size": [0.5, 0.5]},
								"south": {"uv": [30, 14], "uv_size": [1, 0.5]},
								"west": {"uv": [38, 32], "uv_size": [0.5, 0.5]},
								"up": {"uv": [30, 16], "uv_size": [1, 0.5]},
								"down": {"uv": [30, 18.5], "uv_size": [1, -0.5]}
							}
						},
						{
							"origin": [-0.373, -3.10472, 4.27026],
							"size": [0.75, 0.51961, 0.17678],
							"inflate": -0.002,
							"pivot": [0.375, -2.58711, 4.44504],
							"rotation": [-135, 0, 0],
							"uv": {
								"north": {"uv": [20, 30], "uv_size": [1, 0.5]},
								"east": {"uv": [34, 38], "uv_size": [0.5, 0.5]},
								"south": {"uv": [30, 20], "uv_size": [1, 0.5]},
								"west": {"uv": [38, 34], "uv_size": [0.5, 0.5]},
								"up": {"uv": [22, 30], "uv_size": [1, 0.5]},
								"down": {"uv": [30, 22.5], "uv_size": [1, -0.5]}
							}
						},
						{
							"origin": [-0.373, -3.0256, -0.12833],
							"size": [0.75, 0.58211, 0.30178],
							"inflate": -0.002,
							"pivot": [0.375, -2.50799, 0.04645],
							"rotation": [140, 0, 0],
							"uv": {
								"north": {"uv": [24, 30], "uv_size": [1, 0.5]},
								"east": {"uv": [36, 38], "uv_size": [0.5, 0.5]},
								"south": {"uv": [30, 24], "uv_size": [1, 0.5]},
								"west": {"uv": [38, 36], "uv_size": [0.5, 0.5]},
								"up": {"uv": [26, 30], "uv_size": [1, 0.5]},
								"down": {"uv": [30, 26.5], "uv_size": [1, -0.5]}
							}
						},
						{
							"origin": [-0.373, -2.60472, 1.70776],
							"size": [0.75, 0.39461, 0.67678],
							"inflate": 0.0001,
							"uv": {
								"north": {"uv": [28, 30], "uv_size": [1, 0.5]},
								"east": {"uv": [38, 38], "uv_size": [0.5, 0.5]},
								"south": {"uv": [30, 28], "uv_size": [1, 0.5]},
								"west": {"uv": [39, 6], "uv_size": [0.5, 0.5]},
								"up": {"uv": [30, 30], "uv_size": [1, 0.5]},
								"down": {"uv": [31, 6.5], "uv_size": [1, -0.5]}
							}
						},
						{
							"origin": [-0.373, -2.38088, 2.5796],
							"size": [0.75, 0.26961, 0.36428],
							"inflate": -0.002,
							"pivot": [0.375, -2.37888, 2.94188],
							"rotation": [15, 0, 0],
							"uv": {
								"north": {"uv": [31, 8], "uv_size": [1, 0.5]},
								"east": {"uv": [39, 8], "uv_size": [0.5, 0.5]},
								"south": {"uv": [31, 10], "uv_size": [1, 0.5]},
								"west": {"uv": [39, 10], "uv_size": [0.5, 0.5]},
								"up": {"uv": [16, 31], "uv_size": [1, 0.5]},
								"down": {"uv": [18, 31.5], "uv_size": [1, -0.5]}
							}
						},
						{
							"origin": [-0.373, -2.60472, 2.38054],
							"size": [0.75, 0.39461, 0.36428],
							"inflate": -0.002,
							"pivot": [0.375, -2.60272, 2.38254],
							"rotation": [32.5, 0, 0],
							"uv": {
								"north": {"uv": [0, 32], "uv_size": [1, 0.5]},
								"east": {"uv": [16, 39], "uv_size": [0.5, 0.5]},
								"south": {"uv": [32, 12], "uv_size": [1, 0.5]},
								"west": {"uv": [18, 39], "uv_size": [0.5, 0.5]},
								"up": {"uv": [32, 14], "uv_size": [1, 0.5]},
								"down": {"uv": [32, 16.5], "uv_size": [1, -0.5]}
							}
						},
						{
							"origin": [-0.373, -2.60472, 1.34748],
							"size": [0.75, 0.33211, 0.36428],
							"inflate": 0.0002,
							"pivot": [0.375, -2.60272, 1.70976],
							"rotation": [-37.5, 0, 0],
							"uv": {
								"north": {"uv": [32, 18], "uv_size": [1, 0.5]},
								"east": {"uv": [0, 40], "uv_size": [0.5, 0.5]},
								"south": {"uv": [20, 32], "uv_size": [1, 0.5]},
								"west": {"uv": [40, 0], "uv_size": [0.5, 0.5]},
								"up": {"uv": [32, 20], "uv_size": [1, 0.5]},
								"down": {"uv": [22, 32.5], "uv_size": [1, -0.5]}
							}
						},
						{
							"origin": [-0.373, -2.44454, 1.16004],
							"size": [0.75, 0.26961, 0.36428],
							"inflate": -0.002,
							"pivot": [0.375, -2.44254, 1.52232],
							"rotation": [-22.5, 0, 0],
							"uv": {
								"north": {"uv": [32, 22], "uv_size": [1, 0.5]},
								"east": {"uv": [2, 40], "uv_size": [0.5, 0.5]},
								"south": {"uv": [24, 32], "uv_size": [1, 0.5]},
								"west": {"uv": [40, 2], "uv_size": [0.5, 0.5]},
								"up": {"uv": [32, 24], "uv_size": [1, 0.5]},
								"down": {"uv": [26, 32.5], "uv_size": [1, -0.5]}
							}
						},
						{
							"origin": [-0.373, -2.295, 3.92141],
							"size": [0.75, 0.20711, 0.23928],
							"inflate": 0.0001,
							"uv": {
								"north": {"uv": [32, 26], "uv_size": [1, 0.5]},
								"east": {"uv": [4, 40], "uv_size": [0.5, 0.5]},
								"south": {"uv": [28, 32], "uv_size": [1, 0.5]},
								"west": {"uv": [40, 4], "uv_size": [0.5, 0.5]},
								"up": {"uv": [32, 28], "uv_size": [1, 0.5]},
								"down": {"uv": [30, 32.5], "uv_size": [1, -0.5]}
							}
						},
						{
							"origin": [-0.373, -2.26369, -0.03216],
							"size": [0.75, 0.20711, 0.23928],
							"inflate": -0.002,
							"pivot": [0.375, -2.26169, 0.20512],
							"rotation": [2.5, 0, 0],
							"uv": {
								"north": {"uv": [32, 30], "uv_size": [1, 0.5]},
								"east": {"uv": [6, 40], "uv_size": [0.5, 0.5]},
								"south": {"uv": [32, 32], "uv_size": [1, 0.5]},
								"west": {"uv": [8, 40], "uv_size": [0.5, 0.5]},
								"up": {"uv": [33, 6], "uv_size": [1, 0.5]},
								"down": {"uv": [33, 8.5], "uv_size": [1, -0.5]}
							}
						},
						{
							"origin": [-0.373, -2.38088, 2.81488],
							"size": [0.75, 0.20711, 1.17678],
							"inflate": -0.0001,
							"pivot": [0.375, -2.37888, 2.94188],
							"rotation": [5, 0, 0],
							"uv": {
								"north": {"uv": [33, 10], "uv_size": [1, 0.5]},
								"east": {"uv": [16, 33], "uv_size": [1, 0.5]},
								"south": {"uv": [18, 33], "uv_size": [1, 0.5]},
								"west": {"uv": [0, 34], "uv_size": [1, 0.5]},
								"up": {"uv": [18, 26], "uv_size": [1, 1]},
								"down": {"uv": [20, 27], "uv_size": [1, -1]}
							}
						},
						{
							"origin": [-0.373, -2.30666, 0.20218],
							"size": [0.75, 0.20711, 1.05178],
							"inflate": -0.0001,
							"pivot": [0.375, -2.30466, 1.18946],
							"rotation": [-2.5, 0, 0],
							"uv": {
								"north": {"uv": [34, 12], "uv_size": [1, 0.5]},
								"east": {"uv": [34, 14], "uv_size": [1, 0.5]},
								"south": {"uv": [34, 16], "uv_size": [1, 0.5]},
								"west": {"uv": [34, 18], "uv_size": [1, 0.5]},
								"up": {"uv": [22, 26], "uv_size": [1, 1]},
								"down": {"uv": [26, 23], "uv_size": [1, -1]}
							}
						},
						{
							"origin": [-0.373, -3.1019, 4.6622],
							"size": [0.75, 0.46784, 0.42678],
							"inflate": -0.002,
							"pivot": [0.375, -3.0999, 5.08698],
							"rotation": [-40, 0, 0],
							"uv": {
								"east": {"uv": [10, 40], "uv_size": [0.5, 0.5]},
								"south": {"uv": [20, 34], "uv_size": [1, 0.5]},
								"west": {"uv": [12, 40], "uv_size": [0.5, 0.5]}
							}
						},
						{
							"origin": [-0.19675, -0.4125, -0.25],
							"size": [0.3935, 0.1375, 0.5],
							"pivot": [0, 0.0625, 0.25],
							"rotation": [0, 0, 45],
							"uv": {
								"north": {"uv": [42, 12], "uv_size": [0.5, 0.5]},
								"east": {"uv": [14, 42], "uv_size": [0.5, 0.5]},
								"south": {"uv": [42, 14], "uv_size": [0.5, 0.5]},
								"west": {"uv": [42, 16], "uv_size": [0.5, 0.5]},
								"up": {"uv": [42, 18], "uv_size": [0.5, 0.5]},
								"down": {"uv": [20, 42.5], "uv_size": [0.5, -0.5]}
							}
						},
						{
							"origin": [-0.32175, -0.5375, -0.25],
							"size": [0.6435, 0.2625, 0.5],
							"uv": {
								"north": {"uv": [42, 20], "uv_size": [0.5, 0.5]},
								"east": {"uv": [22, 42], "uv_size": [0.5, 0.5]},
								"south": {"uv": [42, 22], "uv_size": [0.5, 0.5]},
								"west": {"uv": [24, 42], "uv_size": [0.5, 0.5]},
								"up": {"uv": [42, 24], "uv_size": [0.5, 0.5]},
								"down": {"uv": [26, 42.5], "uv_size": [0.5, -0.5]}
							}
						},
						{
							"origin": [-0.19675, 0.4, -0.25],
							"size": [0.3935, 0.1375, 0.5],
							"pivot": [0, 0.0625, 0.25],
							"rotation": [0, 0, 45],
							"uv": {
								"north": {"uv": [42, 26], "uv_size": [0.5, 0.5]},
								"east": {"uv": [28, 42], "uv_size": [0.5, 0.5]},
								"south": {"uv": [42, 28], "uv_size": [0.5, 0.5]},
								"west": {"uv": [30, 42], "uv_size": [0.5, 0.5]},
								"up": {"uv": [42, 30], "uv_size": [0.5, 0.5]},
								"down": {"uv": [32, 42.5], "uv_size": [0.5, -0.5]}
							}
						},
						{
							"origin": [-0.19675, 0.4, -0.25],
							"size": [0.3935, 0.1375, 0.5],
							"uv": {
								"north": {"uv": [42, 32], "uv_size": [0.5, 0.5]},
								"east": {"uv": [34, 42], "uv_size": [0.5, 0.5]},
								"south": {"uv": [42, 34], "uv_size": [0.5, 0.5]},
								"west": {"uv": [36, 42], "uv_size": [0.5, 0.5]},
								"up": {"uv": [42, 36], "uv_size": [0.5, 0.5]},
								"down": {"uv": [38, 42.5], "uv_size": [0.5, -0.5]}
							}
						},
						{
							"origin": [0.3375, -0.13425, -0.25],
							"size": [0.1375, 0.3935, 0.5],
							"pivot": [0, 0.0625, 0.25],
							"rotation": [0, 0, 45],
							"uv": {
								"north": {"uv": [42, 38], "uv_size": [0.5, 0.5]},
								"east": {"uv": [40, 42], "uv_size": [0.5, 0.5]},
								"south": {"uv": [42, 40], "uv_size": [0.5, 0.5]},
								"west": {"uv": [42, 42], "uv_size": [0.5, 0.5]},
								"up": {"uv": [43, 6], "uv_size": [0.5, 0.5]},
								"down": {"uv": [43, 8.5], "uv_size": [0.5, -0.5]}
							}
						},
						{
							"origin": [0.3375, -0.13425, -0.25],
							"size": [0.1375, 0.3935, 0.5],
							"uv": {
								"north": {"uv": [43, 10], "uv_size": [0.5, 0.5]},
								"east": {"uv": [16, 43], "uv_size": [0.5, 0.5]},
								"south": {"uv": [18, 43], "uv_size": [0.5, 0.5]},
								"west": {"uv": [0, 44], "uv_size": [0.5, 0.5]},
								"up": {"uv": [44, 0], "uv_size": [0.5, 0.5]},
								"down": {"uv": [2, 44.5], "uv_size": [0.5, -0.5]}
							}
						},
						{
							"origin": [-0.475, -0.13425, -0.25],
							"size": [0.1375, 0.3935, 0.5],
							"pivot": [0, 0.0625, 0.25],
							"rotation": [0, 0, 45],
							"uv": {
								"north": {"uv": [44, 2], "uv_size": [0.5, 0.5]},
								"east": {"uv": [4, 44], "uv_size": [0.5, 0.5]},
								"south": {"uv": [44, 4], "uv_size": [0.5, 0.5]},
								"west": {"uv": [6, 44], "uv_size": [0.5, 0.5]},
								"up": {"uv": [8, 44], "uv_size": [0.5, 0.5]},
								"down": {"uv": [10, 44.5], "uv_size": [0.5, -0.5]}
							}
						},
						{
							"origin": [-0.475, -0.13425, -0.25],
							"size": [0.1375, 0.3935, 0.5],
							"uv": {
								"north": {"uv": [12, 44], "uv_size": [0.5, 0.5]},
								"east": {"uv": [44, 12], "uv_size": [0.5, 0.5]},
								"south": {"uv": [14, 44], "uv_size": [0.5, 0.5]},
								"west": {"uv": [44, 14], "uv_size": [0.5, 0.5]},
								"up": {"uv": [44, 16], "uv_size": [0.5, 0.5]},
								"down": {"uv": [44, 18.5], "uv_size": [0.5, -0.5]}
							}
						}
					]
				},
				{
					"name": "bone7",
					"parent": "dagger",
					"pivot": [0, -1.09312, -7.16386],
					"cubes": [
						{
							"origin": [-0.0625, -2.08702, -18.80406],
							"size": [0.125, 1.25, 18.5],
							"uv": {
								"north": {"uv": [28, 12], "uv_size": [0.5, 1.5]},
								"east": {"uv": [0, 0], "uv_size": [18.5, 1.5]},
								"west": {"uv": [0, 3], "uv_size": [18.5, 1.5]}
							}
						},
						{
							"origin": [-0.125, -1.21202, -18.67906],
							"size": [0.25, 0.375, 18.375],
							"uv": {
								"north": {"uv": [40, 12], "uv_size": [0.5, 0.5]},
								"east": {"uv": [0, 6], "uv_size": [18.5, 0.5]},
								"west": {"uv": [0, 8], "uv_size": [18.5, 0.5]},
								"down": {"uv": [0, 28.5], "uv_size": [0.5, -18.5]}
							}
						},
						{
							"origin": [-0.125, -2.08702, -18.67906],
							"size": [0.25, 0.375, 18.375],
							"uv": {
								"north": {"uv": [14, 40], "uv_size": [0.5, 0.5]},
								"east": {"uv": [2, 10], "uv_size": [18.5, 0.5]},
								"west": {"uv": [2, 12], "uv_size": [18.5, 0.5]}
							}
						},
						{
							"origin": [-0.125, -1.83702, -20.11656],
							"size": [0.25, 0.75, 1.4375],
							"uv": {
								"north": {"uv": [34, 20], "uv_size": [0.5, 1]},
								"east": {"uv": [24, 18], "uv_size": [1.5, 1]},
								"south": {"uv": [22, 34], "uv_size": [0.5, 1]},
								"west": {"uv": [25, 20], "uv_size": [1.5, 1]},
								"up": {"uv": [28, 15], "uv_size": [0.5, 1.5]},
								"down": {"uv": [18, 29.5], "uv_size": [0.5, -1.5]}
							}
						},
						{
							"origin": [-0.125, -1.64952, -20.49156],
							"size": [0.25, 0.4375, 0.4375],
							"pivot": [0, -1.49327, -20.27281],
							"rotation": [-42.5, 0, 0],
							"uv": {
								"north": {"uv": [40, 14], "uv_size": [0.5, 0.5]},
								"east": {"uv": [40, 16], "uv_size": [0.5, 0.5]},
								"south": {"uv": [40, 18], "uv_size": [0.5, 0.5]},
								"west": {"uv": [20, 40], "uv_size": [0.5, 0.5]},
								"up": {"uv": [40, 20], "uv_size": [0.5, 0.5]},
								"down": {"uv": [22, 40.5], "uv_size": [0.5, -0.5]}
							}
						},
						{
							"origin": [-0.125, -1.71202, -1.92906],
							"size": [0.25, 0.5, 1.625],
							"uv": {
								"north": {"uv": [40, 22], "uv_size": [0.5, 0.5]},
								"east": {"uv": [27, 18], "uv_size": [1.5, 0.5]},
								"west": {"uv": [28, 6], "uv_size": [1.5, 0.5]}
							}
						},
						{
							"origin": [-0.22097, -0.87049, -18.67906],
							"size": [0.17678, 0.17678, 18.375],
							"pivot": [0, -0.64952, -1.80406],
							"rotation": [0, 0, -45],
							"uv": {
								"south": {"uv": [24, 40], "uv_size": [0.5, 0.5]},
								"west": {"uv": [2, 14], "uv_size": [18.5, 0.5]},
								"up": {"uv": [2, 16], "uv_size": [0.5, 18.5]}
							}
						},
						{
							"origin": [-0.02293, -1.32747, -18.67906],
							"size": [0.11428, 0.17678, 16.75],
							"pivot": [0.00296, -1.23908, -9.36656],
							"rotation": [0, 0, -57.5],
							"uv": {
								"north": {"uv": [40, 24], "uv_size": [0.5, 0.5]},
								"south": {"uv": [26, 40], "uv_size": [0.5, 0.5]},
								"west": {"uv": [6, 18], "uv_size": [17, 0.5]},
								"down": {"uv": [6, 37], "uv_size": [0.5, -17]}
							}
						},
						{
							"origin": [-0.09135, -1.32747, -18.67906],
							"size": [0.11428, 0.17678, 16.75],
							"pivot": [-0.00296, -1.23908, -9.36656],
							"rotation": [0, 0, 57.5],
							"uv": {
								"north": {"uv": [40, 26], "uv_size": [0.5, 0.5]},
								"east": {"uv": [20, 0], "uv_size": [17, 0.5]},
								"south": {"uv": [28, 40], "uv_size": [0.5, 0.5]},
								"down": {"uv": [8, 37], "uv_size": [0.5, -17]}
							}
						},
						{
							"origin": [-0.09135, -1.77335, -18.67906],
							"size": [0.17678, 0.05178, 16.75],
							"pivot": [-0.00296, -1.68496, -9.36656],
							"rotation": [0, 0, 32.5],
							"uv": {
								"north": {"uv": [40, 28], "uv_size": [0.5, 0.5]},
								"east": {"uv": [20, 2], "uv_size": [17, 0.5]},
								"south": {"uv": [30, 40], "uv_size": [0.5, 0.5]},
								"up": {"uv": [10, 20], "uv_size": [0.5, 17]},
								"down": {"uv": [12, 37], "uv_size": [0.5, -17]}
							}
						},
						{
							"origin": [-0.02293, -1.77335, -18.67906],
							"size": [0.11428, 0.17678, 16.75],
							"pivot": [0.00296, -1.68496, -9.36656],
							"rotation": [0, 0, 57.5],
							"uv": {
								"north": {"uv": [40, 30], "uv_size": [0.5, 0.5]},
								"south": {"uv": [32, 40], "uv_size": [0.5, 0.5]},
								"west": {"uv": [20, 4], "uv_size": [17, 0.5]},
								"up": {"uv": [14, 20], "uv_size": [0.5, 17]}
							}
						},
						{
							"origin": [-0.22097, -2.12049, -18.67906],
							"size": [0.17678, 0.17678, 18.375],
							"pivot": [0, -1.89952, -1.80406],
							"rotation": [0, 0, -45],
							"uv": {
								"north": {"uv": [40, 32], "uv_size": [0.5, 0.5]},
								"east": {"uv": [4, 16], "uv_size": [18.5, 0.5]},
								"south": {"uv": [34, 40], "uv_size": [0.5, 0.5]},
								"down": {"uv": [4, 36.5], "uv_size": [0.5, -18.5]}
							}
						},
						{
							"origin": [-0.125, -1.14091, -19.42125],
							"size": [0.25, 0.25, 0.75],
							"pivot": [0, -0.95341, -19.29234],
							"rotation": [5, 0, 0],
							"uv": {
								"east": {"uv": [34, 22], "uv_size": [1, 0.5]},
								"west": {"uv": [24, 34], "uv_size": [1, 0.5]},
								"up": {"uv": [34, 24], "uv_size": [0.5, 1]}
							}
						},
						{
							"origin": [-0.04419, -0.99761, -19.42125],
							"size": [0.17677, 0.17678, 0.76563],
							"pivot": [0, -0.95341, -19.29234],
							"rotation": [3.54, 3.5333, -44.8908],
							"uv": {
								"west": {"uv": [26, 34], "uv_size": [1, 0.5]},
								"up": {"uv": [34, 26], "uv_size": [0.5, 1]}
							}
						},
						{
							"origin": [-0.125, -2.0336, -19.41035],
							"size": [0.25, 0.25, 0.75],
							"pivot": [0, -1.8461, -19.28144],
							"rotation": [-5, 0, 0],
							"uv": {
								"north": {"uv": [40, 34], "uv_size": [0.5, 0.5]},
								"east": {"uv": [28, 34], "uv_size": [1, 0.5]},
								"west": {"uv": [34, 28], "uv_size": [1, 0.5]},
								"up": {"uv": [30, 34], "uv_size": [0.5, 1]},
								"down": {"uv": [34, 31], "uv_size": [0.5, -1]}
							}
						},
						{
							"origin": [-0.09552, -2.10195, -19.42633],
							"size": [0.1768, 0.1768, 0.75],
							"pivot": [-0.04372, -2.03945, -19.05133],
							"rotation": [-3.38262, 3.68425, 47.39118],
							"uv": {
								"north": {"uv": [36, 40], "uv_size": [0.5, 0.5]},
								"east": {"uv": [32, 34], "uv_size": [1, 0.5]},
								"south": {"uv": [40, 36], "uv_size": [0.5, 0.5]},
								"west": {"uv": [34, 32], "uv_size": [1, 0.5]},
								"up": {"uv": [34, 34], "uv_size": [0.5, 1]},
								"down": {"uv": [35, 7], "uv_size": [0.5, -1]}
							}
						},
						{
							"origin": [-0.125, -1.31101, -20.13887],
							"size": [0.25, 0.25, 0.75],
							"pivot": [0, -1.12351, -20.00996],
							"rotation": [15, 0, 0],
							"uv": {
								"north": {"uv": [38, 40], "uv_size": [0.5, 0.5]},
								"east": {"uv": [35, 8], "uv_size": [1, 0.5]},
								"west": {"uv": [35, 10], "uv_size": [1, 0.5]},
								"up": {"uv": [16, 35], "uv_size": [0.5, 1]}
							}
						},
						{
							"origin": [-0.04419, -1.1677, -20.13887],
							"size": [0.17677, 0.17677, 0.76563],
							"pivot": [0, -1.12351, -20.00996],
							"rotation": [10.7286, 10.5453, -44.007],
							"uv": {
								"west": {"uv": [18, 35], "uv_size": [1, 0.5]},
								"up": {"uv": [0, 36], "uv_size": [0.5, 1]}
							}
						},
						{
							"origin": [-0.13036, -2.11367, -19.64152],
							"size": [0.25, 0.25, 0.75],
							"pivot": [-0.00536, -1.92617, -19.51261],
							"rotation": [165, 0, 0],
							"uv": {
								"north": {"uv": [40, 38], "uv_size": [0.5, 0.5]},
								"east": {"uv": [2, 36], "uv_size": [1, 0.5]},
								"west": {"uv": [36, 12], "uv_size": [1, 0.5]},
								"up": {"uv": [36, 14], "uv_size": [0.5, 1]}
							}
						},
						{
							"origin": [-0.04954, -1.97036, -19.64152],
							"size": [0.17677, 0.17677, 0.76563],
							"pivot": [-0.00535, -1.92617, -19.51261],
							"rotation": [169.27142, 10.54527, 44.00701],
							"uv": {
								"west": {"uv": [36, 16], "uv_size": [1, 0.5]},
								"up": {"uv": [36, 18], "uv_size": [0.5, 1]}
							}
						},
						{
							"origin": [-0.125, -1.51693, -20.7982],
							"size": [0.25, 0.1875, 0.71875],
							"pivot": [0, -1.39193, -20.70055],
							"rotation": [22.5, 0, 0],
							"uv": {
								"north": {"uv": [40, 40], "uv_size": [0.5, 0.5]},
								"east": {"uv": [41, 6], "uv_size": [0.5, 0.5]},
								"south": {"uv": [41, 8], "uv_size": [0.5, 0.5]},
								"west": {"uv": [41, 10], "uv_size": [0.5, 0.5]},
								"up": {"uv": [16, 41], "uv_size": [0.5, 0.5]},
								"down": {"uv": [18, 41.5], "uv_size": [0.5, -0.5]}
							}
						},
						{
							"origin": [-0.04419, -1.43612, -20.9857],
							"size": [0.17677, 0.17678, 0.92187],
							"pivot": [0, -1.39193, -20.70055],
							"rotation": [16.3249, 15.6999, -42.7342],
							"uv": {
								"north": {"uv": [0, 42], "uv_size": [0.5, 0.5]},
								"east": {"uv": [20, 36], "uv_size": [1, 0.5]},
								"south": {"uv": [42, 0], "uv_size": [0.5, 0.5]},
								"west": {"uv": [36, 20], "uv_size": [1, 0.5]},
								"up": {"uv": [22, 36], "uv_size": [0.5, 1]},
								"down": {"uv": [36, 23], "uv_size": [0.5, -1]}
							}
						},
						{
							"origin": [-0.13035, -1.96193, -19.80649],
							"size": [0.25, 0.1875, 0.71875],
							"pivot": [-0.00535, -1.83693, -19.95884],
							"rotation": [155, 0, 0],
							"uv": {
								"north": {"uv": [2, 42], "uv_size": [0.5, 0.5]},
								"east": {"uv": [42, 2], "uv_size": [0.5, 0.5]},
								"south": {"uv": [4, 42], "uv_size": [0.5, 0.5]},
								"west": {"uv": [42, 4], "uv_size": [0.5, 0.5]},
								"up": {"uv": [6, 42], "uv_size": [0.5, 0.5]},
								"down": {"uv": [8, 42.5], "uv_size": [0.5, -0.5]}
							}
						},
						{
							"origin": [-0.04953, -1.88112, -19.80649],
							"size": [0.17677, 0.17678, 0.98437],
							"pivot": [-0.00534, -1.83693, -19.95884],
							"rotation": [161.75105, 17.38768, 42.18628],
							"uv": {
								"north": {"uv": [10, 42], "uv_size": [0.5, 0.5]},
								"east": {"uv": [24, 36], "uv_size": [1, 0.5]},
								"south": {"uv": [12, 42], "uv_size": [0.5, 0.5]},
								"west": {"uv": [36, 24], "uv_size": [1, 0.5]},
								"up": {"uv": [26, 36], "uv_size": [0.5, 1]},
								"down": {"uv": [36, 27], "uv_size": [0.5, -1]}
							}
						}
					]
				}
			]
		}
	]
}