{
	"format_version": "1.12.0",
	"minecraft:geometry": [
		{
			"description": {
				"identifier": "geometry.unknown",
				"texture_width": 32,
				"texture_height": 32,
				"visible_bounds_width": 3,
				"visible_bounds_height": 1.5,
				"visible_bounds_offset": [0, 0.25, 0]
			},
			"bones": [
				{
					"name": "bayonet2",
					"pivot": [-0.125, -1.55954, -6.45268],
					"cubes": [
						{
							"origin": [-0.375, -1.33702, -0.11656],
							"size": [0.75, 0.5625, 0.3125],
							"uv": {
								"north": {"uv": [20, 9], "uv_size": [0.75, 0.5]},
								"east": {"uv": [1, 25], "uv_size": [0.25, 0.5]},
								"south": {"uv": [23, 2], "uv_size": [0.75, 0.5]},
								"west": {"uv": [25, 1], "uv_size": [0.25, 0.5]},
								"up": {"uv": [23, 22], "uv_size": [0.75, 0.25]},
								"down": {"uv": [23, 23.25], "uv_size": [0.75, -0.25]}
							}
						},
						{
							"origin": [-0.375, -0.99327, 0.03969],
							"size": [0.75, 0.5625, 0.125],
							"pivot": [0, -0.74327, 0.13344],
							"rotation": [-90, 0, 0],
							"uv": {
								"north": {"uv": [3, 23], "uv_size": [0.75, 0.5]},
								"east": {"uv": [2, 25], "uv_size": [0.25, 0.5]},
								"south": {"uv": [23, 3], "uv_size": [0.75, 0.5]},
								"west": {"uv": [25, 2], "uv_size": [0.25, 0.5]},
								"up": {"uv": [0, 24], "uv_size": [0.75, 0.25]},
								"down": {"uv": [24, 0.25], "uv_size": [0.75, -0.25]}
							}
						},
						{
							"origin": [-0.11589, -1.53969, -0.11456],
							"size": [0.20711, 0.39461, 0.3125],
							"inflate": -0.002,
							"pivot": [0.00283, -1.58702, 0.01044],
							"rotation": [0, 0, 45],
							"uv": {
								"north": {"uv": [3, 25], "uv_size": [0.25, 0.5]},
								"south": {"uv": [25, 3], "uv_size": [0.25, 0.5]},
								"west": {"uv": [4, 25], "uv_size": [0.25, 0.5]},
								"down": {"uv": [19, 25.25], "uv_size": [0.25, -0.25]}
							}
						},
						{
							"origin": [-0.1001, -1.51824, -0.11456],
							"size": [0.20711, 0.39461, 0.3125],
							"inflate": -0.002,
							"pivot": [0.01862, -1.56557, 0.01044],
							"rotation": [0, 0, -45],
							"uv": {
								"north": {"uv": [25, 4], "uv_size": [0.25, 0.5]},
								"east": {"uv": [5, 25], "uv_size": [0.25, 0.5]},
								"south": {"uv": [25, 5], "uv_size": [0.25, 0.5]},
								"west": {"uv": [6, 25], "uv_size": [0.25, 0.5]},
								"up": {"uv": [25, 19], "uv_size": [0.25, 0.25]},
								"down": {"uv": [20, 25.25], "uv_size": [0.25, -0.25]}
							}
						},
						{
							"origin": [-0.13756, -1.45897, -0.11456],
							"size": [0.08211, 0.20711, 0.3125],
							"inflate": -0.002,
							"pivot": [-0.15901, -1.51167, 0.04169],
							"rotation": [0, 0, 90],
							"uv": {
								"north": {"uv": [25, 20], "uv_size": [0.25, 0.25]},
								"east": {"uv": [21, 25], "uv_size": [0.25, 0.25]},
								"south": {"uv": [25, 21], "uv_size": [0.25, 0.25]},
								"west": {"uv": [22, 25], "uv_size": [0.25, 0.25]},
								"up": {"uv": [25, 22], "uv_size": [0.25, 0.25]},
								"down": {"uv": [23, 25.25], "uv_size": [0.25, -0.25]}
							}
						}
					]
				},
				{
					"name": "bone9",
					"parent": "bayonet2",
					"pivot": [0, -1.03062, -7.72636]
				},
				{
					"name": "bone10",
					"parent": "bayonet2",
					"pivot": [0, -7.875, 19.3125],
					"cubes": [
						{
							"origin": [-0.35088, -1.24372, -0.5625],
							"size": [0.25, 0.23744, 0.4375],
							"uv": {
								"north": {"uv": [25, 23], "uv_size": [0.25, 0.25]},
								"east": {"uv": [25, 6], "uv_size": [0.5, 0.25]},
								"south": {"uv": [24, 25], "uv_size": [0.25, 0.25]},
								"west": {"uv": [7, 25], "uv_size": [0.5, 0.25]},
								"up": {"uv": [25, 7], "uv_size": [0.25, 0.5]},
								"down": {"uv": [8, 25.5], "uv_size": [0.25, -0.5]}
							}
						},
						{
							"origin": [-0.35088, -1.24372, -0.0625],
							"size": [0.25, 0.23744, 2.625],
							"uv": {
								"east": {"uv": [21, 20], "uv_size": [2.75, 0.25]},
								"south": {"uv": [2, 27], "uv_size": [0.25, 0.25]},
								"west": {"uv": [21, 21], "uv_size": [2.75, 0.25]},
								"up": {"uv": [22, 2], "uv_size": [0.25, 2.75]},
								"down": {"uv": [8, 24.75], "uv_size": [0.25, -2.75]}
							}
						},
						{
							"origin": [0.09912, -1.24372, -0.5625],
							"size": [0.25, 0.23744, 0.5],
							"uv": {
								"north": {"uv": [25, 24], "uv_size": [0.25, 0.25]},
								"east": {"uv": [25, 8], "uv_size": [0.5, 0.25]},
								"west": {"uv": [9, 25], "uv_size": [0.5, 0.25]},
								"up": {"uv": [25, 9], "uv_size": [0.25, 0.5]},
								"down": {"uv": [10, 25.5], "uv_size": [0.25, -0.5]}
							}
						},
						{
							"origin": [0.16162, -1.24372, -0.0625],
							"size": [0.1875, 0.23744, 2.625],
							"uv": {
								"east": {"uv": [19, 18], "uv_size": [2.75, 0.25]},
								"south": {"uv": [27, 0], "uv_size": [0.25, 0.25]},
								"west": {"uv": [19, 19], "uv_size": [2.75, 0.25]},
								"up": {"uv": [11, 19], "uv_size": [0.25, 2.75]},
								"down": {"uv": [19, 22.75], "uv_size": [0.25, -2.75]}
							}
						},
						{
							"origin": [-0.57675, -1.82453, -0.5625],
							"size": [0.25, 0.27, 0.5],
							"pivot": [-0.07675, -1.76831, 1.6875],
							"rotation": [0, 0, 90],
							"uv": {
								"north": {"uv": [25, 25], "uv_size": [0.25, 0.25]},
								"east": {"uv": [25, 10], "uv_size": [0.5, 0.25]},
								"south": {"uv": [0, 26], "uv_size": [0.25, 0.25]},
								"west": {"uv": [11, 25], "uv_size": [0.5, 0.25]},
								"up": {"uv": [25, 11], "uv_size": [0.25, 0.5]},
								"down": {"uv": [12, 25.5], "uv_size": [0.25, -0.5]}
							}
						},
						{
							"origin": [-0.57675, -1.82453, 0.1875],
							"size": [0.25, 0.27, 2.75],
							"pivot": [-0.07675, -1.76831, 1.6875],
							"rotation": [0, 0, 90],
							"uv": {
								"north": {"uv": [27, 2], "uv_size": [0.25, 0.25]},
								"east": {"uv": [22, 5], "uv_size": [2.75, 0.25]},
								"south": {"uv": [3, 27], "uv_size": [0.25, 0.25]},
								"west": {"uv": [9, 22], "uv_size": [2.75, 0.25]},
								"up": {"uv": [22, 9], "uv_size": [0.25, 2.75]},
								"down": {"uv": [16, 24.75], "uv_size": [0.25, -2.75]}
							}
						},
						{
							"origin": [-0.45175, -1.16291, 1.25],
							"size": [0.125, 0.27, 1.6875],
							"pivot": [-0.07675, -1.10669, 1.6875],
							"rotation": [0, 0, 90],
							"uv": {
								"north": {"uv": [26, 0], "uv_size": [0.25, 0.25]},
								"east": {"uv": [22, 14], "uv_size": [1.75, 0.25]},
								"south": {"uv": [1, 26], "uv_size": [0.25, 0.25]},
								"up": {"uv": [17, 22], "uv_size": [0.25, 1.75]},
								"down": {"uv": [18, 23.75], "uv_size": [0.25, -1.75]}
							}
						},
						{
							"origin": [0.13703, -1.00169, -0.5625],
							"size": [0.125, 0.27, 0.4375],
							"pivot": [0.13703, -0.73169, -0.125],
							"rotation": [0, 0, 90],
							"uv": {
								"north": {"uv": [26, 1], "uv_size": [0.25, 0.25]},
								"east": {"uv": [25, 12], "uv_size": [0.5, 0.25]},
								"south": {"uv": [2, 26], "uv_size": [0.25, 0.25]},
								"west": {"uv": [13, 25], "uv_size": [0.5, 0.25]},
								"down": {"uv": [25, 13.5], "uv_size": [0.25, -0.5]}
							}
						},
						{
							"origin": [0.13703, -1.00169, -0.75],
							"size": [0.125, 0.27, 0.1875],
							"pivot": [0.13703, -0.73169, -0.5625],
							"rotation": [0, -45, 90],
							"uv": {
								"north": {"uv": [27, 5], "uv_size": [0.25, 0.25]},
								"east": {"uv": [6, 27], "uv_size": [0.25, 0.25]},
								"south": {"uv": [27, 6], "uv_size": [0.25, 0.25]},
								"west": {"uv": [7, 27], "uv_size": [0.25, 0.25]},
								"up": {"uv": [27, 7], "uv_size": [0.25, 0.25]},
								"down": {"uv": [8, 27.25], "uv_size": [0.25, -0.25]}
							}
						},
						{
							"origin": [0.13703, -1.11179, -1.03941],
							"size": [0.125, 0.27, 0.375],
							"pivot": [0.13703, -0.84179, -0.66441],
							"rotation": [0, -27.5, 90],
							"uv": {
								"north": {"uv": [27, 8], "uv_size": [0.25, 0.25]},
								"east": {"uv": [17, 25], "uv_size": [0.5, 0.25]},
								"south": {"uv": [9, 27], "uv_size": [0.25, 0.25]},
								"west": {"uv": [25, 17], "uv_size": [0.5, 0.25]},
								"up": {"uv": [18, 25], "uv_size": [0.25, 0.5]},
								"down": {"uv": [25, 18.5], "uv_size": [0.25, -0.5]}
							}
						},
						{
							"origin": [0.04263, -1.53099, -0.5625],
							"size": [0.1875, 0.29994, 0.5],
							"pivot": [0.19888, -1.41227, 1.3125],
							"rotation": [0, 0, 45],
							"uv": {
								"north": {"uv": [26, 3], "uv_size": [0.25, 0.25]},
								"east": {"uv": [14, 25], "uv_size": [0.5, 0.25]},
								"south": {"uv": [4, 26], "uv_size": [0.25, 0.25]},
								"west": {"uv": [25, 14], "uv_size": [0.5, 0.25]},
								"up": {"uv": [15, 25], "uv_size": [0.25, 0.5]},
								"down": {"uv": [25, 15.5], "uv_size": [0.25, -0.5]}
							}
						},
						{
							"origin": [0.16763, -1.53099, -0.0625],
							"size": [0.0625, 0.29994, 3],
							"pivot": [0.19888, -1.41227, 1.3125],
							"rotation": [0, 0, 45],
							"uv": {
								"east": {"uv": [19, 14], "uv_size": [3, 0.25]},
								"south": {"uv": [1, 27], "uv_size": [0.25, 0.25]},
								"west": {"uv": [19, 15], "uv_size": [3, 0.25]},
								"up": {"uv": [10, 19], "uv_size": [0.25, 3]}
							}
						},
						{
							"origin": [-0.23013, -1.53099, -0.5625],
							"size": [0.25, 0.29994, 0.75],
							"pivot": [-0.19888, -1.41227, 1.3125],
							"rotation": [0, 0, -45],
							"uv": {
								"north": {"uv": [26, 4], "uv_size": [0.25, 0.25]},
								"east": {"uv": [24, 3], "uv_size": [0.75, 0.25]},
								"south": {"uv": [5, 26], "uv_size": [0.25, 0.25]},
								"west": {"uv": [4, 24], "uv_size": [0.75, 0.25]},
								"up": {"uv": [24, 4], "uv_size": [0.25, 0.75]},
								"down": {"uv": [5, 24.75], "uv_size": [0.25, -0.75]}
							}
						},
						{
							"origin": [-0.23013, -1.53099, 0.1875],
							"size": [0.0625, 0.29994, 2.75],
							"pivot": [-0.19888, -1.41227, 1.3125],
							"rotation": [0, 0, -45],
							"uv": {
								"east": {"uv": [16, 21], "uv_size": [2.75, 0.25]},
								"south": {"uv": [27, 1], "uv_size": [0.25, 0.25]},
								"west": {"uv": [21, 17], "uv_size": [2.75, 0.25]},
								"up": {"uv": [12, 21], "uv_size": [0.25, 2.75]},
								"down": {"uv": [13, 23.75], "uv_size": [0.25, -2.75]}
							}
						},
						{
							"origin": [-0.25222, -1.00981, 1.25],
							"size": [0.0625, 0.29994, 1.6875],
							"pivot": [-0.22097, -0.85984, 1.3125],
							"rotation": [0, 0, 45],
							"uv": {
								"north": {"uv": [26, 5], "uv_size": [0.25, 0.25]},
								"east": {"uv": [22, 15], "uv_size": [1.75, 0.25]},
								"south": {"uv": [6, 26], "uv_size": [0.25, 0.25]},
								"west": {"uv": [22, 18], "uv_size": [1.75, 0.25]},
								"up": {"uv": [21, 22], "uv_size": [0.25, 1.75]},
								"down": {"uv": [22, 23.75], "uv_size": [0.25, -1.75]}
							}
						},
						{
							"origin": [-0.25222, -1.00981, -0.5625],
							"size": [0.25, 0.29994, 0.75],
							"pivot": [-0.22097, -0.85984, -0.5],
							"rotation": [0, 0, 45],
							"uv": {
								"north": {"uv": [26, 6], "uv_size": [0.25, 0.25]},
								"east": {"uv": [6, 24], "uv_size": [0.75, 0.25]},
								"south": {"uv": [7, 26], "uv_size": [0.25, 0.25]},
								"west": {"uv": [24, 6], "uv_size": [0.75, 0.25]},
								"up": {"uv": [7, 24], "uv_size": [0.25, 0.75]},
								"down": {"uv": [24, 7.75], "uv_size": [0.25, -0.75]}
							}
						},
						{
							"origin": [0.18972, -1.00981, 1.25],
							"size": [0.0625, 0.29994, 1.6875],
							"pivot": [0.22097, -0.85984, 1.3125],
							"rotation": [0, 0, -45],
							"uv": {
								"north": {"uv": [26, 7], "uv_size": [0.25, 0.25]},
								"east": {"uv": [22, 19], "uv_size": [1.75, 0.25]},
								"south": {"uv": [8, 26], "uv_size": [0.25, 0.25]},
								"west": {"uv": [0, 23], "uv_size": [1.75, 0.25]},
								"up": {"uv": [23, 0], "uv_size": [0.25, 1.75]},
								"down": {"uv": [2, 24.75], "uv_size": [0.25, -1.75]}
							}
						},
						{
							"origin": [0.00222, -1.00981, -0.5625],
							"size": [0.25, 0.29994, 0.75],
							"pivot": [0.22097, -0.85984, -0.5],
							"rotation": [0, 0, -45],
							"uv": {
								"north": {"uv": [26, 8], "uv_size": [0.25, 0.25]},
								"east": {"uv": [24, 8], "uv_size": [0.75, 0.25]},
								"south": {"uv": [9, 26], "uv_size": [0.25, 0.25]},
								"west": {"uv": [9, 24], "uv_size": [0.75, 0.25]},
								"up": {"uv": [24, 9], "uv_size": [0.25, 0.75]},
								"down": {"uv": [10, 24.75], "uv_size": [0.25, -0.75]}
							}
						},
						{
							"origin": [-0.23216, -1.98744, -0.5625],
							"size": [0.0625, 0.7, 0.5],
							"pivot": [0.08034, -1.55622, 1.6875],
							"rotation": [0, 0, 90],
							"uv": {
								"north": {"uv": [24, 10], "uv_size": [0.25, 0.75]},
								"east": {"uv": [23, 4], "uv_size": [0.5, 0.75]},
								"south": {"uv": [11, 24], "uv_size": [0.25, 0.75]},
								"west": {"uv": [9, 23], "uv_size": [0.5, 0.75]},
								"up": {"uv": [16, 25], "uv_size": [0.25, 0.5]},
								"down": {"uv": [25, 16.5], "uv_size": [0.25, -0.5]}
							}
						},
						{
							"origin": [-0.23216, -1.98744, 0.1875],
							"size": [0.0625, 0.7, 2.75],
							"pivot": [0.08034, -1.55622, 1.6875],
							"rotation": [0, 0, 90],
							"uv": {
								"north": {"uv": [24, 22], "uv_size": [0.25, 0.75]},
								"east": {"uv": [16, 14], "uv_size": [2.75, 0.75]},
								"south": {"uv": [23, 24], "uv_size": [0.25, 0.75]},
								"west": {"uv": [16, 15], "uv_size": [2.75, 0.75]},
								"up": {"uv": [20, 20], "uv_size": [0.25, 2.75]},
								"down": {"uv": [21, 11.75], "uv_size": [0.25, -2.75]}
							}
						},
						{
							"origin": [-0.29466, -1.75, -0.5625],
							"size": [0.0625, 0.7, 3.5],
							"pivot": [0.08034, -1.31878, 1.6875],
							"rotation": [0, 0, 90],
							"uv": {
								"north": {"uv": [24, 11], "uv_size": [0.25, 0.75]},
								"east": {"uv": [0, 0], "uv_size": [3.5, 0.75]},
								"south": {"uv": [12, 24], "uv_size": [0.25, 0.75]},
								"west": {"uv": [0, 1], "uv_size": [3.5, 0.75]},
								"up": {"uv": [16, 17], "uv_size": [0.25, 3.5]},
								"down": {"uv": [17, 20.5], "uv_size": [0.25, -3.5]}
							}
						},
						{
							"origin": [0.10793, -1.12138, -10.49863],
							"size": [0.0625, 0.075, 1],
							"pivot": [0.17043, -1.04638, -9.49863],
							"rotation": [8, 0, 60],
							"uv": {
								"north": {"uv": [26, 9], "uv_size": [0.25, 0.25]},
								"east": {"uv": [23, 9], "uv_size": [1, 0.25]},
								"south": {"uv": [10, 26], "uv_size": [0.25, 0.25]},
								"west": {"uv": [10, 23], "uv_size": [1, 0.25]},
								"up": {"uv": [23, 10], "uv_size": [0.25, 1]},
								"down": {"uv": [11, 24], "uv_size": [0.25, -1]}
							}
						},
						{
							"origin": [0.13918, -1.12975, -10.18613],
							"size": [0.0625, 0.1375, 0.6875],
							"pivot": [0.13918, -0.99225, -9.49863],
							"rotation": [7.73076, -2.06428, 74.86051],
							"uv": {
								"north": {"uv": [27, 4], "uv_size": [0.25, 0.25]},
								"east": {"uv": [24, 23], "uv_size": [0.75, 0.25]},
								"south": {"uv": [5, 27], "uv_size": [0.25, 0.25]},
								"west": {"uv": [24, 24], "uv_size": [0.75, 0.25]},
								"up": {"uv": [0, 25], "uv_size": [0.25, 0.75]},
								"down": {"uv": [25, 0.75], "uv_size": [0.25, -0.75]}
							}
						},
						{
							"origin": [0.10793, -1.18388, -10.18613],
							"size": [0.0625, 0.1375, 0.6875],
							"pivot": [0.17043, -1.04638, -9.49863],
							"rotation": [7.52324, 2.72831, 40.17941],
							"uv": {
								"north": {"uv": [26, 24], "uv_size": [0.25, 0.25]},
								"east": {"uv": [24, 16], "uv_size": [0.75, 0.25]},
								"south": {"uv": [25, 26], "uv_size": [0.25, 0.25]},
								"west": {"uv": [17, 24], "uv_size": [0.75, 0.25]},
								"up": {"uv": [24, 17], "uv_size": [0.25, 0.75]},
								"down": {"uv": [18, 24.75], "uv_size": [0.25, -0.75]}
							}
						},
						{
							"origin": [0.24396, -1.16784, -9.5],
							"size": [0.0625, 0.2, 9],
							"pivot": [0.30646, -0.96784, -0.5],
							"rotation": [0.9397, 0.342, 40.0028],
							"uv": {
								"north": {"uv": [26, 15], "uv_size": [0.25, 0.25]},
								"east": {"uv": [6, 6], "uv_size": [9, 0.25]},
								"south": {"uv": [16, 26], "uv_size": [0.25, 0.25]},
								"west": {"uv": [6, 7], "uv_size": [9, 0.25]},
								"up": {"uv": [6, 8], "uv_size": [0.25, 9]},
								"down": {"uv": [7, 17], "uv_size": [0.25, -9]}
							}
						},
						{
							"origin": [0.12346, -1.31146, -9.62193],
							"size": [0.0625, 0.2, 9.125],
							"pivot": [0.18596, -1.11146, -0.49693],
							"rotation": [-0.15658, 0.53728, 27.50395],
							"uv": {
								"north": {"uv": [26, 22], "uv_size": [0.25, 0.25]},
								"east": {"uv": [4, 0], "uv_size": [9.25, 0.25]},
								"south": {"uv": [23, 26], "uv_size": [0.25, 0.25]},
								"west": {"uv": [4, 1], "uv_size": [9.25, 0.25]},
								"up": {"uv": [2, 4], "uv_size": [0.25, 9.25]},
								"down": {"uv": [3, 13.25], "uv_size": [0.25, -9.25]}
							}
						},
						{
							"origin": [0.01169, -1.2972, -0.68468],
							"size": [0.125, 0.2625, 0.25],
							"pivot": [0.07419, -1.1347, -0.87218],
							"rotation": [-0.1774, 28.03717, 27.42204],
							"uv": {
								"north": {"uv": [27, 9], "uv_size": [0.25, 0.25]},
								"east": {"uv": [10, 27], "uv_size": [0.25, 0.25]},
								"south": {"uv": [27, 10], "uv_size": [0.25, 0.25]},
								"west": {"uv": [11, 27], "uv_size": [0.25, 0.25]},
								"up": {"uv": [27, 11], "uv_size": [0.25, 0.25]},
								"down": {"uv": [12, 27.25], "uv_size": [0.25, -0.25]}
							}
						},
						{
							"origin": [0.09344, -1.36795, -0.92346],
							"size": [0.125, 0.2625, 0.25],
							"pivot": [0.21844, -1.16795, -0.73596],
							"rotation": [-0.16072, 13.03723, 27.46917],
							"uv": {
								"north": {"uv": [27, 12], "uv_size": [0.25, 0.25]},
								"east": {"uv": [13, 27], "uv_size": [0.25, 0.25]},
								"south": {"uv": [27, 13], "uv_size": [0.25, 0.25]},
								"west": {"uv": [14, 27], "uv_size": [0.25, 0.25]},
								"up": {"uv": [27, 14], "uv_size": [0.25, 0.25]},
								"down": {"uv": [15, 27.25], "uv_size": [0.25, -0.25]}
							}
						},
						{
							"origin": [0.27521, -1.11371, -9.5],
							"size": [0.0625, 0.2, 9],
							"pivot": [0.27521, -0.91371, -0.5],
							"rotation": [1, 0, 60],
							"uv": {
								"north": {"uv": [26, 20], "uv_size": [0.25, 0.25]},
								"east": {"uv": [13, 4], "uv_size": [9, 0.25]},
								"south": {"uv": [21, 26], "uv_size": [0.25, 0.25]},
								"west": {"uv": [13, 5], "uv_size": [9, 0.25]},
								"up": {"uv": [0, 14], "uv_size": [0.25, 9]},
								"down": {"uv": [1, 23], "uv_size": [0.25, -9]}
							}
						},
						{
							"origin": [0.27521, -1.11371, -9.5],
							"size": [0.0625, 0.2, 9],
							"pivot": [0.27521, -0.91371, -0.5],
							"rotation": [0.97438, -0.22494, 72.99809],
							"uv": {
								"north": {"uv": [24, 26], "uv_size": [0.25, 0.25]},
								"east": {"uv": [15, 6], "uv_size": [9, 0.25]},
								"west": {"uv": [15, 7], "uv_size": [9, 0.25]},
								"up": {"uv": [5, 15], "uv_size": [0.25, 9]},
								"down": {"uv": [15, 23], "uv_size": [0.25, -9]}
							}
						},
						{
							"origin": [-0.03531, -1.11729, -3.55675],
							"size": [0.0625, 0.1375, 3.0625],
							"pivot": [-0.00406, -1.11104, -1.74425],
							"rotation": [1, 0, 60],
							"uv": {
								"north": {"uv": [26, 12], "uv_size": [0.25, 0.25]},
								"east": {"uv": [19, 2], "uv_size": [3, 0.25]},
								"south": {"uv": [13, 26], "uv_size": [0.25, 0.25]},
								"west": {"uv": [19, 3], "uv_size": [3, 0.25]},
								"up": {"uv": [8, 19], "uv_size": [0.25, 3]},
								"down": {"uv": [9, 22], "uv_size": [0.25, -3]}
							}
						},
						{
							"origin": [-0.0375, -1.29827, -10.18613],
							"size": [0.0625, 0.1375, 0.6875],
							"pivot": [-0.0375, -1.29827, -9.49863],
							"rotation": [-7.71261, -2.13146, -15.35631],
							"uv": {
								"north": {"uv": [26, 11], "uv_size": [0.25, 0.25]},
								"east": {"uv": [24, 14], "uv_size": [0.75, 0.25]},
								"west": {"uv": [15, 24], "uv_size": [0.75, 0.25]},
								"up": {"uv": [24, 15], "uv_size": [0.25, 0.75]}
							}
						},
						{
							"origin": [-0.0375, -1.29827, -10.49863],
							"size": [0.0625, 0.075, 1],
							"pivot": [0.025, -1.29827, -9.49863],
							"rotation": [-8, 0, 0],
							"uv": {
								"north": {"uv": [0, 27], "uv_size": [0.25, 0.25]},
								"east": {"uv": [23, 11], "uv_size": [1, 0.25]},
								"west": {"uv": [23, 12], "uv_size": [1, 0.25]},
								"up": {"uv": [23, 13], "uv_size": [0.25, 1]},
								"down": {"uv": [14, 24], "uv_size": [0.25, -1]}
							}
						},
						{
							"origin": [-0.0375, -1.29827, -10.18613],
							"size": [0.0625, 0.1375, 0.6875],
							"pivot": [0.025, -1.29827, -9.49863],
							"rotation": [-7.63421, 2.39854, 17.33995],
							"uv": {
								"north": {"uv": [26, 25], "uv_size": [0.25, 0.25]},
								"east": {"uv": [24, 18], "uv_size": [0.75, 0.25]},
								"west": {"uv": [19, 24], "uv_size": [0.75, 0.25]},
								"up": {"uv": [24, 19], "uv_size": [0.25, 0.75]},
								"down": {"uv": [20, 24.75], "uv_size": [0.25, -0.75]}
							}
						},
						{
							"origin": [-0.0375, -1.29827, -9.49863],
							"size": [0.0625, 0.2, 9],
							"pivot": [0.025, -1.29827, -9.49863],
							"rotation": [-1, 0, 0],
							"uv": {
								"north": {"uv": [26, 14], "uv_size": [0.25, 0.25]},
								"east": {"uv": [4, 4], "uv_size": [9, 0.25]},
								"south": {"uv": [15, 26], "uv_size": [0.25, 0.25]},
								"west": {"uv": [4, 5], "uv_size": [9, 0.25]},
								"up": {"uv": [4, 6], "uv_size": [0.25, 9]},
								"down": {"uv": [5, 15], "uv_size": [0.25, -9]}
							}
						},
						{
							"origin": [-0.0375, -1.45534, -9.5],
							"size": [0.0625, 0.2, 9],
							"pivot": [-0.0375, -1.45534, -0.5],
							"rotation": [-0.95631, -0.29236, -16.99756],
							"uv": {
								"north": {"uv": [26, 18], "uv_size": [0.25, 0.25]},
								"east": {"uv": [12, 10], "uv_size": [9, 0.25]},
								"south": {"uv": [19, 26], "uv_size": [0.25, 0.25]},
								"west": {"uv": [12, 11], "uv_size": [9, 0.25]},
								"up": {"uv": [12, 12], "uv_size": [0.25, 9]},
								"down": {"uv": [13, 21], "uv_size": [0.25, -9]}
							}
						},
						{
							"origin": [-0.03476, -1.43707, -9.49968],
							"size": [0.0625, 0.2, 9],
							"pivot": [-0.03476, -1.43707, -0.49968],
							"rotation": [-0.9563, 0.2924, 16.9976],
							"uv": {
								"north": {"uv": [26, 21], "uv_size": [0.25, 0.25]},
								"east": {"uv": [14, 0], "uv_size": [9, 0.25]},
								"south": {"uv": [22, 26], "uv_size": [0.25, 0.25]},
								"west": {"uv": [14, 1], "uv_size": [9, 0.25]},
								"up": {"uv": [2, 14], "uv_size": [0.25, 9]},
								"down": {"uv": [3, 23], "uv_size": [0.25, -9]}
							}
						},
						{
							"origin": [0.1625, -1.28034, -9.375],
							"size": [0.0625, 0.325, 8.8125],
							"pivot": [0.1625, -0.95534, -0.75],
							"rotation": [0, -0.45, 90],
							"uv": {
								"north": {"uv": [26, 13], "uv_size": [0.25, 0.25]},
								"east": {"uv": [16, 16], "uv_size": [7, 0.25]},
								"south": {"uv": [14, 26], "uv_size": [0.25, 0.25]},
								"west": {"uv": [17, 8], "uv_size": [7, 0.25]},
								"up": {"uv": [6, 17], "uv_size": [0.25, 7]},
								"down": {"uv": [7, 24], "uv_size": [0.25, -7]}
							}
						},
						{
							"origin": [-0.13132, -1.17759, -10.17944],
							"size": [0.0625, 0.1375, 0.6875],
							"pivot": [-0.06882, -1.04009, -10.17944],
							"rotation": [7.74833, 1.99694, -74.36475],
							"uv": {
								"north": {"uv": [26, 10], "uv_size": [0.25, 0.25]},
								"east": {"uv": [24, 12], "uv_size": [0.75, 0.25]},
								"south": {"uv": [11, 26], "uv_size": [0.25, 0.25]},
								"west": {"uv": [13, 24], "uv_size": [0.75, 0.25]},
								"up": {"uv": [24, 13], "uv_size": [0.25, 0.75]},
								"down": {"uv": [14, 24.75], "uv_size": [0.25, -0.75]}
							}
						},
						{
							"origin": [-0.21418, -1.06725, -10.49863],
							"size": [0.0625, 0.075, 1],
							"pivot": [-0.15168, -0.99225, -9.49863],
							"rotation": [8, 0, -60],
							"uv": {
								"north": {"uv": [27, 3], "uv_size": [0.25, 0.25]},
								"east": {"uv": [15, 23], "uv_size": [1, 0.25]},
								"south": {"uv": [4, 27], "uv_size": [0.25, 0.25]},
								"west": {"uv": [23, 16], "uv_size": [1, 0.25]},
								"up": {"uv": [19, 23], "uv_size": [0.25, 1]},
								"down": {"uv": [20, 24], "uv_size": [0.25, -1]}
							}
						},
						{
							"origin": [-0.18293, -1.18388, -10.18613],
							"size": [0.0625, 0.1375, 0.6875],
							"pivot": [-0.18293, -1.04638, -9.49863],
							"rotation": [7.63421, -2.39854, -42.66005],
							"uv": {
								"north": {"uv": [26, 26], "uv_size": [0.25, 0.25]},
								"east": {"uv": [24, 20], "uv_size": [0.75, 0.25]},
								"west": {"uv": [21, 24], "uv_size": [0.75, 0.25]},
								"up": {"uv": [24, 21], "uv_size": [0.25, 0.75]},
								"down": {"uv": [22, 24.75], "uv_size": [0.25, -0.75]}
							}
						},
						{
							"origin": [-0.35021, -1.11371, -9.5],
							"size": [0.0625, 0.2, 9],
							"pivot": [-0.28771, -0.91371, -0.5],
							"rotation": [1, 0, -60],
							"uv": {
								"north": {"uv": [26, 16], "uv_size": [0.25, 0.25]},
								"east": {"uv": [8, 8], "uv_size": [9, 0.25]},
								"south": {"uv": [17, 26], "uv_size": [0.25, 0.25]},
								"west": {"uv": [8, 9], "uv_size": [9, 0.25]},
								"up": {"uv": [8, 10], "uv_size": [0.25, 9]},
								"down": {"uv": [9, 19], "uv_size": [0.25, -9]}
							}
						},
						{
							"origin": [-0.35021, -1.11371, -9.5],
							"size": [0.0625, 0.2, 9],
							"pivot": [-0.28771, -0.91371, -0.5],
							"rotation": [0.96364, 0.26723, -75.49775],
							"uv": {
								"north": {"uv": [26, 23], "uv_size": [0.25, 0.25]},
								"east": {"uv": [14, 12], "uv_size": [9, 0.25]},
								"west": {"uv": [14, 13], "uv_size": [9, 0.25]},
								"up": {"uv": [14, 14], "uv_size": [0.25, 9]},
								"down": {"uv": [4, 24], "uv_size": [0.25, -9]}
							}
						},
						{
							"origin": [-0.18293, -1.24638, -9.49863],
							"size": [0.0625, 0.2, 9],
							"pivot": [-0.18293, -1.04638, -9.49863],
							"rotation": [0.94265, -0.33379, -40.50275],
							"uv": {
								"north": {"uv": [26, 17], "uv_size": [0.25, 0.25]},
								"east": {"uv": [10, 2], "uv_size": [9, 0.25]},
								"south": {"uv": [18, 26], "uv_size": [0.25, 0.25]},
								"west": {"uv": [10, 3], "uv_size": [9, 0.25]},
								"up": {"uv": [10, 10], "uv_size": [0.25, 9]},
								"down": {"uv": [11, 19], "uv_size": [0.25, -9]}
							}
						},
						{
							"origin": [-0.18909, -1.31991, -9.62171],
							"size": [0.0625, 0.2, 9.125],
							"pivot": [-0.18909, -1.11991, -0.49671],
							"rotation": [-0.12962, -0.4924, -30.50374],
							"uv": {
								"north": {"uv": [26, 19], "uv_size": [0.25, 0.25]},
								"east": {"uv": [0, 2], "uv_size": [9.25, 0.25]},
								"south": {"uv": [20, 26], "uv_size": [0.25, 0.25]},
								"west": {"uv": [0, 3], "uv_size": [9.25, 0.25]},
								"up": {"uv": [0, 4], "uv_size": [0.25, 9.25]},
								"down": {"uv": [1, 13.25], "uv_size": [0.25, -9.25]}
							}
						},
						{
							"origin": [-0.35021, -1.23871, -3.5625],
							"size": [0.0625, 0.1375, 3.0625],
							"pivot": [-0.28771, -0.91371, -0.5],
							"rotation": [1, 0, -60],
							"uv": {
								"north": {"uv": [12, 26], "uv_size": [0.25, 0.25]},
								"east": {"uv": [17, 9], "uv_size": [3, 0.25]},
								"west": {"uv": [18, 17], "uv_size": [3, 0.25]},
								"down": {"uv": [18, 21], "uv_size": [0.25, -3]}
							}
						}
					]
				}
			]
		}
	]
}