{
	"format_version": "1.12.0",
	"minecraft:geometry": [
		{
			"description": {
				"identifier": "geometry.stock_carbon_bone_c5",
				"texture_width": 32,
				"texture_height": 32,
				"visible_bounds_width": 3,
				"visible_bounds_height": 2,
				"visible_bounds_offset": [0, 0, 0]
			},
			"bones": [
				{
					"name": "sanjiaotuo",
					"pivot": [0, -0.5, -0.25]
				},
				{
					"name": "plate",
					"parent": "sanjiaotuo",
					"pivot": [-0.44627, -0.67976, 0.80724],
					"cubes": [
						{
							"origin": [-0.5, -1.75, -2.9375],
							"size": [0.125, 2, 5.3125],
							"uv": {
								"north": {"uv": [17.25, 19.75], "uv_size": [0.125, 0.5]},
								"east": {"uv": [0, 3.75], "uv_size": [1.375, 0.5]},
								"west": {"uv": [3.75, 1.75], "uv_size": [1.375, 0.5]},
								"up": {"uv": [7.5, 16], "uv_size": [0.125, 1.375]},
								"down": {"uv": [12.5, 17.375], "uv_size": [0.125, -1.375]}
							}
						},
						{
							"origin": [-0.5, 0.24096, 3.0059],
							"size": [0.125, 0.1875, 0.375],
							"pivot": [0, 0.45971, 0.47465],
							"rotation": [-45, 0, 0],
							"uv": {
								"east": {"uv": [26.5, 27.5], "uv_size": [0.125, 0.125]},
								"west": {"uv": [27.5, 26.5], "uv_size": [0.125, 0.125]},
								"down": {"uv": [27, 27.625], "uv_size": [0.125, -0.125]}
							}
						},
						{
							"origin": [-0.5, 1.90571, 3.13848],
							"size": [0.125, 0.125, 0.375],
							"pivot": [0, 2.06196, 0.60723],
							"rotation": [-45, 0, 0],
							"uv": {
								"east": {"uv": [27.5, 27], "uv_size": [0.125, 0.125]},
								"west": {"uv": [27.5, 27.5], "uv_size": [0.125, 0.125]},
								"up": {"uv": [27.75, 0], "uv_size": [0.125, 0.125]}
							}
						},
						{
							"origin": [-0.625, -1.625, -2.9375],
							"size": [0.125, 1.75, 0.5625],
							"uv": {
								"north": {"uv": [20, 21.25], "uv_size": [0.125, 0.375]},
								"east": {"uv": [20.5, 21.25], "uv_size": [0.125, 0.375]},
								"south": {"uv": [21, 21.25], "uv_size": [0.125, 0.375]}
							}
						},
						{
							"origin": [-0.625, -0.0625, -2.375],
							"size": [0.125, 0.1875, 4.1875],
							"uv": {
								"east": {"uv": [17.5, 2], "uv_size": [1, 0.125]}
							}
						},
						{
							"origin": [-0.625, -1.25, -2.375],
							"size": [0.125, 0.1875, 4.1875],
							"uv": {
								"east": {"uv": [17.5, 2.5], "uv_size": [1, 0.125]},
								"up": {"uv": [13.5, 17.25], "uv_size": [0.125, 1]}
							}
						},
						{
							"origin": [-0.625, -0.9375, -2.375],
							"size": [1.25, 0.125, 4.1875],
							"uv": {
								"north": {"uv": [21.5, 2], "uv_size": [0.375, 0.125]},
								"east": {"uv": [17.5, 6.75], "uv_size": [1, 0.125]},
								"south": {"uv": [21.5, 2.5], "uv_size": [0.375, 0.125]},
								"west": {"uv": [17.5, 7.25], "uv_size": [1, 0.125]},
								"up": {"uv": [8.75, 8.25], "uv_size": [0.375, 1]},
								"down": {"uv": [2, 10.5], "uv_size": [0.375, -1]}
							}
						},
						{
							"origin": [-0.625, -0.6875, -2.375],
							"size": [1.25, 0.125, 4.1875],
							"uv": {
								"north": {"uv": [21.5, 3], "uv_size": [0.375, 0.125]},
								"east": {"uv": [17.5, 7.75], "uv_size": [1, 0.125]},
								"south": {"uv": [21.5, 5.5], "uv_size": [0.375, 0.125]},
								"west": {"uv": [17.5, 12.75], "uv_size": [1, 0.125]},
								"up": {"uv": [2.75, 9.5], "uv_size": [0.375, 1]},
								"down": {"uv": [9.5, 4], "uv_size": [0.375, -1]}
							}
						},
						{
							"origin": [-0.625, -0.1875, -2.375],
							"size": [0.125, 0.125, 4.1875],
							"uv": {
								"east": {"uv": [17.5, 13.25], "uv_size": [1, 0.125]},
								"down": {"uv": [0, 18.5], "uv_size": [0.125, -1]}
							}
						},
						{
							"origin": [-0.625, -0.4375, -2.375],
							"size": [1.25, 0.125, 4.1875],
							"uv": {
								"north": {"uv": [20.25, 22], "uv_size": [0.375, 0.125]},
								"east": {"uv": [6.75, 17.75], "uv_size": [1, 0.125]},
								"south": {"uv": [22, 20.75], "uv_size": [0.375, 0.125]},
								"west": {"uv": [8, 17.75], "uv_size": [1, 0.125]},
								"up": {"uv": [9.5, 4.25], "uv_size": [0.375, 1]},
								"down": {"uv": [9.5, 9.25], "uv_size": [0.375, -1]}
							}
						},
						{
							"origin": [-0.625, -1.625, -2.375],
							"size": [0.125, 0.125, 4.1875],
							"uv": {
								"east": {"uv": [17.5, 13.75], "uv_size": [1, 0.125]}
							}
						},
						{
							"origin": [-0.625, -1.625, 1.8125],
							"size": [0.125, 1.75, 0.5625],
							"uv": {
								"north": {"uv": [6.75, 21.5], "uv_size": [0.125, 0.375]},
								"east": {"uv": [21.5, 6.75], "uv_size": [0.125, 0.375]}
							}
						},
						{
							"origin": [-0.75, -1.75, 2.375],
							"size": [0.375, 1.875, 0.5625],
							"uv": {
								"north": {"uv": [19.75, 18.75], "uv_size": [0.125, 0.5]},
								"east": {"uv": [19.75, 19.5], "uv_size": [0.125, 0.5]},
								"south": {"uv": [20, 0], "uv_size": [0.125, 0.5]},
								"west": {"uv": [20, 0.75], "uv_size": [0.125, 0.5]},
								"up": {"uv": [27.75, 0.5], "uv_size": [0.125, 0.125]},
								"down": {"uv": [27.75, 1.125], "uv_size": [0.125, -0.125]}
							}
						},
						{
							"origin": [-0.75, -1.5, 2.9375],
							"size": [0.375, 1.375, 0.25],
							"uv": {
								"east": {"uv": [7.25, 21.5], "uv_size": [0.125, 0.375]},
								"south": {"uv": [7.75, 21.5], "uv_size": [0.125, 0.375]},
								"west": {"uv": [8.25, 21.5], "uv_size": [0.125, 0.375]}
							}
						},
						{
							"origin": [-0.75, -0.41475, 2.48798],
							"size": [0.375, 0.3535, 0.25],
							"pivot": [-0.5625, 0.27275, 2.61298],
							"rotation": [45, 0, 0],
							"uv": {
								"east": {"uv": [27.75, 2], "uv_size": [0.125, 0.125]},
								"south": {"uv": [27.75, 2.5], "uv_size": [0.125, 0.125]},
								"west": {"uv": [27.75, 3], "uv_size": [0.125, 0.125]},
								"up": {"uv": [27.75, 3.5], "uv_size": [0.125, 0.125]}
							}
						},
						{
							"origin": [-0.75, -2.02275, 2.94698],
							"size": [0.375, 0.25, 0.3535],
							"pivot": [-0.5625, -1.89775, 2.61298],
							"rotation": [45, 0, 0],
							"uv": {
								"north": {"uv": [27.75, 4], "uv_size": [0.125, 0.125]},
								"east": {"uv": [27.75, 4.5], "uv_size": [0.125, 0.125]},
								"west": {"uv": [27.75, 5.5], "uv_size": [0.125, 0.125]},
								"down": {"uv": [27.75, 6.125], "uv_size": [0.125, -0.125]}
							}
						},
						{
							"origin": [-0.65664, -1.625, 2.09316],
							"size": [0.375, 1.75, 0.375],
							"pivot": [-0.46914, -0.8125, 2.18691],
							"rotation": [0, -22.5, 0],
							"uv": {
								"north": {"uv": [8.75, 21.5], "uv_size": [0.125, 0.375]},
								"east": {"uv": [9.25, 21.5], "uv_size": [0.125, 0.375]},
								"west": {"uv": [21.5, 9.5], "uv_size": [0.125, 0.375]},
								"up": {"uv": [6.5, 27.75], "uv_size": [0.125, 0.125]},
								"down": {"uv": [27.75, 6.625], "uv_size": [0.125, -0.125]}
							}
						},
						{
							"origin": [-0.11298, -0.13886, -2.9375],
							"size": [0.125, 0.1767, 5.3125],
							"pivot": [-0.05048, 0.61114, 2.09375],
							"rotation": [0, 0, 45],
							"uv": {
								"north": {"uv": [7, 27.75], "uv_size": [0.125, 0.125]},
								"east": {"uv": [16, 5.25], "uv_size": [1.375, 0.125]},
								"south": {"uv": [27.75, 7], "uv_size": [0.125, 0.125]},
								"up": {"uv": [13, 16], "uv_size": [0.125, 1.375]}
							}
						},
						{
							"origin": [-0.94695, -0.84775, -2.9375],
							"size": [0.125, 0.1767, 5.3125],
							"pivot": [0.36555, -0.7594, -0.28125],
							"rotation": [0, 0, -45],
							"uv": {
								"north": {"uv": [7.5, 27.75], "uv_size": [0.125, 0.125]},
								"east": {"uv": [16, 5.75], "uv_size": [1.375, 0.125]},
								"south": {"uv": [27.75, 7.5], "uv_size": [0.125, 0.125]},
								"down": {"uv": [14, 17.375], "uv_size": [0.125, -1.375]}
							}
						}
					]
				},
				{
					"name": "plate2",
					"parent": "sanjiaotuo",
					"pivot": [0.52995, -0.69003, 1.01134],
					"cubes": [
						{
							"origin": [0.375, -1.75, -2.9375],
							"size": [0.125, 2, 5.3125],
							"uv": {
								"north": {"uv": [3.25, 20], "uv_size": [0.125, 0.5]},
								"east": {"uv": [3, 4.25], "uv_size": [1.375, 0.5]},
								"west": {"uv": [0, 4.5], "uv_size": [1.375, 0.5]},
								"up": {"uv": [14.5, 16], "uv_size": [0.125, 1.375]},
								"down": {"uv": [1, 17.625], "uv_size": [0.125, -1.375]}
							}
						},
						{
							"origin": [0.375, 0.24096, 3.0059],
							"size": [0.125, 0.1875, 0.375],
							"pivot": [0, 0.45971, 0.47465],
							"rotation": [-45, 0, 0],
							"uv": {
								"east": {"uv": [8, 27.75], "uv_size": [0.125, 0.125]},
								"west": {"uv": [27.75, 8], "uv_size": [0.125, 0.125]},
								"down": {"uv": [8.5, 27.875], "uv_size": [0.125, -0.125]}
							}
						},
						{
							"origin": [0.375, 1.90571, 3.13848],
							"size": [0.125, 0.125, 0.375],
							"pivot": [0, 2.06196, 0.60723],
							"rotation": [-45, 0, 0],
							"uv": {
								"east": {"uv": [27.75, 8.5], "uv_size": [0.125, 0.125]},
								"west": {"uv": [9, 27.75], "uv_size": [0.125, 0.125]},
								"up": {"uv": [27.75, 9], "uv_size": [0.125, 0.125]}
							}
						},
						{
							"origin": [0.5, -1.625, -2.9375],
							"size": [0.125, 1.75, 0.5625],
							"uv": {
								"north": {"uv": [9.75, 21.5], "uv_size": [0.125, 0.375]},
								"south": {"uv": [10.25, 21.5], "uv_size": [0.125, 0.375]},
								"west": {"uv": [21.5, 11], "uv_size": [0.125, 0.375]}
							}
						},
						{
							"origin": [0.5, -0.0625, -2.375],
							"size": [0.125, 0.1875, 4.1875],
							"uv": {
								"west": {"uv": [17.5, 14.25], "uv_size": [1, 0.125]}
							}
						},
						{
							"origin": [0.5, -1.25, -2.375],
							"size": [0.125, 0.1875, 4.1875],
							"uv": {
								"west": {"uv": [17.5, 14.75], "uv_size": [1, 0.125]},
								"up": {"uv": [0.5, 17.5], "uv_size": [0.125, 1]}
							}
						},
						{
							"origin": [0.5, -0.1875, -2.375],
							"size": [0.125, 0.125, 4.1875],
							"uv": {
								"west": {"uv": [15.75, 17.5], "uv_size": [1, 0.125]},
								"down": {"uv": [2, 18.5], "uv_size": [0.125, -1]}
							}
						},
						{
							"origin": [0.5, -1.625, -2.375],
							"size": [0.125, 0.125, 4.1875],
							"uv": {
								"west": {"uv": [17.5, 15.75], "uv_size": [1, 0.125]}
							}
						},
						{
							"origin": [0.5, -1.625, 1.8125],
							"size": [0.125, 1.75, 0.5625],
							"uv": {
								"north": {"uv": [21.5, 12.25], "uv_size": [0.125, 0.375]},
								"west": {"uv": [12.5, 21.5], "uv_size": [0.125, 0.375]}
							}
						},
						{
							"origin": [0.375, -1.75, 2.375],
							"size": [0.375, 1.875, 0.5625],
							"uv": {
								"north": {"uv": [3.75, 20], "uv_size": [0.125, 0.5]},
								"east": {"uv": [20, 4], "uv_size": [0.125, 0.5]},
								"south": {"uv": [4.25, 20], "uv_size": [0.125, 0.5]},
								"west": {"uv": [4.75, 20], "uv_size": [0.125, 0.5]},
								"up": {"uv": [9.5, 27.75], "uv_size": [0.125, 0.125]},
								"down": {"uv": [27.75, 9.625], "uv_size": [0.125, -0.125]}
							}
						},
						{
							"origin": [0.375, -1.5, 2.9375],
							"size": [0.375, 1.375, 0.25],
							"uv": {
								"east": {"uv": [21.5, 14], "uv_size": [0.125, 0.375]},
								"south": {"uv": [16.75, 21.5], "uv_size": [0.125, 0.375]},
								"west": {"uv": [17.25, 21.5], "uv_size": [0.125, 0.375]}
							}
						},
						{
							"origin": [0.375, -0.41475, 2.48798],
							"size": [0.375, 0.3535, 0.25],
							"pivot": [0.5625, 0.27275, 2.61298],
							"rotation": [45, 0, 0],
							"uv": {
								"east": {"uv": [10, 27.75], "uv_size": [0.125, 0.125]},
								"south": {"uv": [27.75, 10], "uv_size": [0.125, 0.125]},
								"west": {"uv": [27.75, 10.5], "uv_size": [0.125, 0.125]},
								"up": {"uv": [27.75, 11], "uv_size": [0.125, 0.125]}
							}
						},
						{
							"origin": [0.375, -2.02275, 2.94698],
							"size": [0.375, 0.25, 0.3535],
							"pivot": [0.5625, -1.89775, 2.61298],
							"rotation": [45, 0, 0],
							"uv": {
								"north": {"uv": [11.5, 27.75], "uv_size": [0.125, 0.125]},
								"east": {"uv": [12, 27.75], "uv_size": [0.125, 0.125]},
								"west": {"uv": [27.75, 12], "uv_size": [0.125, 0.125]},
								"down": {"uv": [27.75, 12.625], "uv_size": [0.125, -0.125]}
							}
						},
						{
							"origin": [0.28164, -1.625, 2.09316],
							"size": [0.375, 1.75, 0.375],
							"pivot": [0.46914, -0.8125, 2.18691],
							"rotation": [0, 22.5, 0],
							"uv": {
								"north": {"uv": [17.75, 21.5], "uv_size": [0.125, 0.375]},
								"east": {"uv": [18.25, 21.5], "uv_size": [0.125, 0.375]},
								"west": {"uv": [21.5, 18.75], "uv_size": [0.125, 0.375]},
								"up": {"uv": [13, 27.75], "uv_size": [0.125, 0.125]},
								"down": {"uv": [27.75, 13.125], "uv_size": [0.125, -0.125]}
							}
						},
						{
							"origin": [-0.01202, -0.13886, -2.9375],
							"size": [0.125, 0.1767, 5.3125],
							"pivot": [0.05048, 0.61114, 2.09375],
							"rotation": [0, 0, -45],
							"uv": {
								"north": {"uv": [27.75, 14], "uv_size": [0.125, 0.125]},
								"south": {"uv": [14.5, 27.75], "uv_size": [0.125, 0.125]},
								"west": {"uv": [16, 11.75], "uv_size": [1.375, 0.125]},
								"up": {"uv": [2.5, 16.25], "uv_size": [0.125, 1.375]}
							}
						},
						{
							"origin": [0.82195, -0.84775, -2.9375],
							"size": [0.125, 0.1767, 5.3125],
							"pivot": [-0.36555, -0.7594, -0.28125],
							"rotation": [0, 0, 45],
							"uv": {
								"north": {"uv": [15, 27.75], "uv_size": [0.125, 0.125]},
								"south": {"uv": [15.5, 27.75], "uv_size": [0.125, 0.125]},
								"west": {"uv": [16, 12.25], "uv_size": [1.375, 0.125]},
								"down": {"uv": [3, 17.625], "uv_size": [0.125, -1.375]}
							}
						}
					]
				},
				{
					"name": "group",
					"parent": "sanjiaotuo",
					"pivot": [0.09801, -1.94229, 3.39035],
					"cubes": [
						{
							"origin": [-0.375, -1.43302, 1.63594],
							"size": [0.75, 0.625, 1.375],
							"pivot": [0, -0.15177, -1.27031],
							"rotation": [-5, 0, 0],
							"uv": {
								"east": {"uv": [21.5, 7.5], "uv_size": [0.375, 0.125]},
								"west": {"uv": [21.5, 8.5], "uv_size": [0.375, 0.125]},
								"up": {"uv": [18, 16.25], "uv_size": [0.25, 0.375]},
								"down": {"uv": [16.5, 18.375], "uv_size": [0.25, -0.375]}
							}
						},
						{
							"origin": [-0.375, -4.27511, 0.66174],
							"size": [0.75, 0.4375, 5.375],
							"pivot": [0, -4.05636, 5.34924],
							"rotation": [-45, 0, 0],
							"uv": {
								"north": {"uv": [23.25, 10.5], "uv_size": [0.25, 0.125]},
								"east": {"uv": [16.25, 0], "uv_size": [1.375, 0.125]},
								"west": {"uv": [16.25, 0.5], "uv_size": [1.375, 0.125]},
								"up": {"uv": [7.5, 9.75], "uv_size": [0.25, 1.375]},
								"down": {"uv": [6, 11.625], "uv_size": [0.25, -1.375]}
							}
						},
						{
							"origin": [-0.375, -4.69718, 5.6807],
							"size": [0.75, 0.375, 1.1875],
							"uv": {
								"east": {"uv": [23.25, 11], "uv_size": [0.25, 0.125]},
								"west": {"uv": [11.5, 23.25], "uv_size": [0.25, 0.125]},
								"up": {"uv": [20, 4.75], "uv_size": [0.25, 0.25]},
								"down": {"uv": [5.25, 20.25], "uv_size": [0.25, -0.25]}
							}
						},
						{
							"origin": [-0.375, -1.75, -2.9375],
							"size": [0.75, 0.6875, 4.875],
							"uv": {
								"east": {"uv": [16.25, 1], "uv_size": [1.25, 0.125]},
								"south": {"uv": [23.25, 12], "uv_size": [0.25, 0.125]},
								"west": {"uv": [16.25, 6.25], "uv_size": [1.25, 0.125]},
								"up": {"uv": [4.5, 11], "uv_size": [0.25, 1.25]},
								"down": {"uv": [7.5, 12.75], "uv_size": [0.25, -1.25]}
							}
						},
						{
							"origin": [-0.375, -1.75, -3.625],
							"size": [0.75, 2.0625, 0.6875],
							"uv": {
								"north": {"uv": [17.75, 3], "uv_size": [0.25, 0.5]},
								"east": {"uv": [5.75, 20], "uv_size": [0.125, 0.5]},
								"south": {"uv": [3.5, 17.75], "uv_size": [0.25, 0.5]},
								"west": {"uv": [6.25, 20], "uv_size": [0.125, 0.5]},
								"up": {"uv": [23.25, 12.5], "uv_size": [0.25, 0.125]},
								"down": {"uv": [13, 23.375], "uv_size": [0.25, -0.125]}
							}
						},
						{
							"origin": [-0.375, -4.40729, 7.2432],
							"size": [0.75, 4.46011, 0.36391],
							"inflate": 0.0001,
							"pivot": [0.375, 0.05282, 7.6182],
							"rotation": [-5.5, 0, 0],
							"uv": {
								"north": {"uv": [5.5, 17.875], "uv_size": [0.25, 1]},
								"east": {"uv": [2.875, 21.375], "uv_size": [0.125, 1]},
								"south": {"uv": [18.25, 5.25], "uv_size": [0.25, 1]},
								"west": {"uv": [3, 21.375], "uv_size": [0.125, 1]}
							}
						},
						{
							"origin": [-0.375, -0.31774, 6.59859],
							"size": [0.75, 0.28, 0.5],
							"pivot": [0, 0.49476, 6.91109],
							"rotation": [45, 0, 0],
							"uv": {
								"north": {"uv": [23.25, 13], "uv_size": [0.25, 0.125]},
								"east": {"uv": [11, 28], "uv_size": [0.125, 0.125]},
								"south": {"uv": [23.25, 14], "uv_size": [0.25, 0.125]},
								"west": {"uv": [28, 11.5], "uv_size": [0.125, 0.125]},
								"up": {"uv": [14.75, 23.25], "uv_size": [0.25, 0.125]}
							}
						},
						{
							"origin": [-0.375, -4.65835, 6.58695],
							"size": [0.75, 0.4405, 0.375],
							"pivot": [0, -4.5646, 6.8682],
							"rotation": [-45, 0, 0],
							"uv": {
								"north": {"uv": [28.875, 25.625], "uv_size": [0.125, 0.125]},
								"east": {"uv": [28, 13.5], "uv_size": [0.125, 0.125]},
								"south": {"uv": [15.75, 23.25], "uv_size": [0.25, 0.125]},
								"west": {"uv": [14, 28], "uv_size": [0.125, 0.125]},
								"up": {"uv": [16.25, 23.25], "uv_size": [0.25, 0.125]}
							}
						},
						{
							"origin": [0.375, -0.1875, -3.5625],
							"size": [0.375, 0.125, 0.625],
							"uv": {
								"north": {"uv": [28, 18], "uv_size": [0.125, 0.125]},
								"south": {"uv": [19.5, 28], "uv_size": [0.125, 0.125]},
								"west": {"uv": [28, 19.5], "uv_size": [0.125, 0.125]},
								"up": {"uv": [20, 28], "uv_size": [0.125, 0.125]},
								"down": {"uv": [20.5, 28.125], "uv_size": [0.125, -0.125]}
							}
						},
						{
							"origin": [0.375, -0.3125, -3.5625],
							"size": [0.3125, 0.125, 0.625],
							"uv": {
								"north": {"uv": [28, 20.5], "uv_size": [0.125, 0.125]},
								"south": {"uv": [28, 21], "uv_size": [0.125, 0.125]},
								"west": {"uv": [28, 21.5], "uv_size": [0.125, 0.125]},
								"down": {"uv": [22.5, 28.125], "uv_size": [0.125, -0.125]}
							}
						},
						{
							"origin": [0.375, -0.8125, -3.5625],
							"size": [0.3125, 0.25, 0.625],
							"uv": {
								"north": {"uv": [23, 28], "uv_size": [0.125, 0.125]},
								"south": {"uv": [23.5, 28], "uv_size": [0.125, 0.125]},
								"west": {"uv": [28, 23.5], "uv_size": [0.125, 0.125]},
								"up": {"uv": [24, 28], "uv_size": [0.125, 0.125]},
								"down": {"uv": [28, 25.125], "uv_size": [0.125, -0.125]}
							}
						},
						{
							"origin": [0.375, -0.5625, -3.0625],
							"size": [0.3125, 0.25, 0.125],
							"uv": {
								"north": {"uv": [25.5, 28], "uv_size": [0.125, 0.125]},
								"south": {"uv": [28, 25.5], "uv_size": [0.125, 0.125]},
								"west": {"uv": [26, 28], "uv_size": [0.125, 0.125]}
							}
						},
						{
							"origin": [-0.6875, -0.65625, 1.28125],
							"size": [1.375, 0.3125, 0.3125],
							"pivot": [0, -0.5, 1.4375],
							"rotation": [45, 0, 0],
							"uv": {
								"north": {"uv": [20, 11.5], "uv_size": [0.5, 0.125]},
								"east": {"uv": [3, 29], "uv_size": [0.125, 0.125]},
								"south": {"uv": [20, 14.25], "uv_size": [0.5, 0.125]},
								"west": {"uv": [3.5, 29], "uv_size": [0.125, 0.125]},
								"up": {"uv": [17.75, 20], "uv_size": [0.5, 0.125]},
								"down": {"uv": [18.5, 20.125], "uv_size": [0.5, -0.125]}
							}
						},
						{
							"origin": [-0.6875, -0.65625, -2.09375],
							"size": [1.375, 0.3125, 0.3125],
							"pivot": [0, -0.5, -1.9375],
							"rotation": [45, 0, 0],
							"uv": {
								"north": {"uv": [20, 11.5], "uv_size": [0.5, 0.125]},
								"east": {"uv": [3, 29], "uv_size": [0.125, 0.125]},
								"south": {"uv": [20, 14.25], "uv_size": [0.5, 0.125]},
								"west": {"uv": [3.5, 29], "uv_size": [0.125, 0.125]},
								"up": {"uv": [17.75, 20], "uv_size": [0.5, 0.125]},
								"down": {"uv": [18.5, 20.125], "uv_size": [0.5, -0.125]}
							}
						}
					]
				},
				{
					"name": "octagon",
					"parent": "group",
					"pivot": [0, -0.5, -14.25],
					"cubes": [
						{
							"origin": [-0.11184, 0.3125, -3.52],
							"size": [0.22368, 0.375, 0.54],
							"pivot": [0, 1.4375, -3.25],
							"rotation": [0, -45, 0],
							"uv": {
								"north": {"uv": [16, 27.75], "uv_size": [0.125, 0.125]},
								"south": {"uv": [16.5, 27.75], "uv_size": [0.125, 0.125]},
								"up": {"uv": [17, 27.75], "uv_size": [0.125, 0.125]},
								"down": {"uv": [17.5, 27.875], "uv_size": [0.125, -0.125]}
							}
						},
						{
							"origin": [-0.11184, 0.3125, -3.52],
							"size": [0.22368, 0.375, 0.54],
							"uv": {
								"north": {"uv": [18.5, 27.75], "uv_size": [0.125, 0.125]},
								"south": {"uv": [27.75, 18.5], "uv_size": [0.125, 0.125]},
								"up": {"uv": [19, 27.75], "uv_size": [0.125, 0.125]}
							}
						},
						{
							"origin": [-0.27, 0.3125, -3.36184],
							"size": [0.54, 0.375, 0.22368],
							"pivot": [0, 1.4375, -3.25],
							"rotation": [0, -45, 0],
							"uv": {
								"east": {"uv": [27.75, 19], "uv_size": [0.125, 0.125]},
								"west": {"uv": [27.75, 20], "uv_size": [0.125, 0.125]},
								"up": {"uv": [21, 27.75], "uv_size": [0.125, 0.125]},
								"down": {"uv": [21.5, 27.875], "uv_size": [0.125, -0.125]}
							}
						},
						{
							"origin": [-0.27, 0.3125, -3.36184],
							"size": [0.54, 0.375, 0.22368],
							"uv": {
								"east": {"uv": [22, 27.75], "uv_size": [0.125, 0.125]},
								"west": {"uv": [27.75, 22], "uv_size": [0.125, 0.125]},
								"up": {"uv": [27.75, 22.5], "uv_size": [0.125, 0.125]}
							}
						}
					]
				},
				{
					"name": "octagon2",
					"parent": "group",
					"pivot": [0, -0.5, -14.25],
					"cubes": [
						{
							"origin": [-0.67434, -1.4375, -3.645],
							"size": [0.22368, 1.625, 0.54],
							"pivot": [-0.5625, 1.4375, -3.375],
							"rotation": [0, -45, 0],
							"uv": {
								"north": {"uv": [19.25, 21.5], "uv_size": [0.125, 0.375]},
								"south": {"uv": [21.5, 19.5], "uv_size": [0.125, 0.375]},
								"up": {"uv": [27.75, 23], "uv_size": [0.125, 0.125]},
								"down": {"uv": [27.75, 24.125], "uv_size": [0.125, -0.125]}
							}
						},
						{
							"origin": [-0.67434, 0.1875, -3.4575],
							"size": [0.22368, 0.0625, 0.2275],
							"pivot": [-0.5625, 1.4375, -3.375],
							"rotation": [0, -45, 0],
							"uv": {
								"north": {"uv": [24.5, 27.75], "uv_size": [0.125, 0.125]},
								"east": {"uv": [27.75, 24.5], "uv_size": [0.125, 0.125]},
								"south": {"uv": [25, 27.75], "uv_size": [0.125, 0.125]},
								"west": {"uv": [0, 28], "uv_size": [0.125, 0.125]},
								"up": {"uv": [0.5, 28], "uv_size": [0.125, 0.125]}
							}
						},
						{
							"origin": [0.02403, -0.5625, -4.35769],
							"size": [0.22368, 0.25, 0.2275],
							"pivot": [-0.80163, 1.125, -3.40019],
							"rotation": [0, -45, 0],
							"uv": {
								"north": {"uv": [1, 28], "uv_size": [0.125, 0.125]},
								"east": {"uv": [1.5, 28], "uv_size": [0.125, 0.125]},
								"south": {"uv": [28, 1.5], "uv_size": [0.125, 0.125]},
								"west": {"uv": [2, 28], "uv_size": [0.125, 0.125]},
								"up": {"uv": [2.5, 28], "uv_size": [0.125, 0.125]},
								"down": {"uv": [3, 28.125], "uv_size": [0.125, -0.125]}
							}
						},
						{
							"origin": [-0.67434, -1.4375, -3.645],
							"size": [0.22368, 1.625, 0.54],
							"uv": {
								"north": {"uv": [21.5, 20.25], "uv_size": [0.125, 0.375]},
								"south": {"uv": [21.5, 21], "uv_size": [0.125, 0.375]},
								"up": {"uv": [3.5, 28], "uv_size": [0.125, 0.125]},
								"down": {"uv": [4, 28.125], "uv_size": [0.125, -0.125]}
							}
						},
						{
							"origin": [-0.8325, -1.4375, -3.48684],
							"size": [0.54, 1.625, 0.22368],
							"pivot": [-0.5625, 1.4375, -3.375],
							"rotation": [0, -45, 0],
							"uv": {
								"east": {"uv": [0, 21.75], "uv_size": [0.125, 0.375]},
								"west": {"uv": [21.75, 0], "uv_size": [0.125, 0.375]},
								"up": {"uv": [4.5, 28], "uv_size": [0.125, 0.125]},
								"down": {"uv": [5, 28.125], "uv_size": [0.125, -0.125]}
							}
						},
						{
							"origin": [-0.8325, -1.4375, -3.48684],
							"size": [0.54, 1.625, 0.22368],
							"uv": {
								"east": {"uv": [0.5, 21.75], "uv_size": [0.125, 0.375]},
								"up": {"uv": [28, 5], "uv_size": [0.125, 0.125]},
								"down": {"uv": [5.5, 28.125], "uv_size": [0.125, -0.125]}
							}
						},
						{
							"origin": [-0.375, -0.125, -2.9375],
							"size": [0.75, 0.375, 10.36],
							"uv": {
								"east": {"uv": [10.75, 9.25], "uv_size": [2.625, 0.125]},
								"south": {"uv": [10, 23.25], "uv_size": [0.25, 0.125]},
								"west": {"uv": [10.75, 9.75], "uv_size": [2.625, 0.125]},
								"up": {"uv": [1.75, 3.25], "uv_size": [0.25, 2.625]},
								"down": {"uv": [4.75, 6.875], "uv_size": [0.25, -2.625]}
							}
						}
					]
				}
			]
		}
	]
}