{
	"format_version": "1.12.0",
	"minecraft:geometry": [
		{
			"description": {
				"identifier": "geometry.unknown",
				"texture_width": 64,
				"texture_height": 64,
				"visible_bounds_width": 2,
				"visible_bounds_height": 1.5,
				"visible_bounds_offset": [0, 0.25, 0]
			},
			"bones": [
				{
					"name": "bone21",
					"pivot": [0, -8.5, 12.65625]
				},
				{
					"name": "dagger",
					"parent": "bone21",
					"pivot": [1.75117, -1.85405, 2.95049],
					"rotation": [0, 0, -45],
					"cubes": [
						{
							"origin": [1.375, -1.96202, 2.47719],
							"size": [0.75, 1.5, 2],
							"uv": {
								"north": {"uv": [22, 0], "uv_size": [1, 1.5]},
								"east": {"uv": [16, 16], "uv_size": [2, 1.5]},
								"south": {"uv": [22, 3], "uv_size": [1, 1.5]},
								"west": {"uv": [19, 11], "uv_size": [2, 1.5]},
								"up": {"uv": [18, 20], "uv_size": [1, 2]},
								"down": {"uv": [20, 22], "uv_size": [1, -2]}
							}
						},
						{
							"origin": [1.375, -1.96202, -0.27281],
							"size": [0.75, 1.5, 2.75],
							"uv": {
								"east": {"uv": [11, 6], "uv_size": [3, 1.5]},
								"west": {"uv": [6, 12], "uv_size": [3, 1.5]},
								"up": {"uv": [16, 19], "uv_size": [1, 3]},
								"down": {"uv": [19, 19], "uv_size": [1, -3]}
							}
						},
						{
							"origin": [1.375, -2.21202, 4.47719],
							"size": [0.75, 1.375, 1],
							"uv": {
								"east": {"uv": [22, 8], "uv_size": [1, 1.5]},
								"south": {"uv": [22, 11], "uv_size": [1, 1.5]},
								"west": {"uv": [22, 19], "uv_size": [1, 1.5]},
								"down": {"uv": [10, 24], "uv_size": [1, -1]}
							}
						},
						{
							"origin": [1.32342, -0.26971, -0.02281],
							"size": [0.0625, 0.5625, 0.3125],
							"pivot": [1.32342, -0.26971, -0.02281],
							"rotation": [0, 0, 7.5],
							"uv": {
								"north": {"uv": [28, 22], "uv_size": [0.5, 0.5]},
								"east": {"uv": [23, 28], "uv_size": [0.5, 0.5]},
								"south": {"uv": [28, 24], "uv_size": [0.5, 0.5]},
								"west": {"uv": [28, 26], "uv_size": [0.5, 0.5]},
								"down": {"uv": [28, 28.5], "uv_size": [0.5, -0.5]}
							}
						},
						{
							"origin": [2.11408, -0.26971, -0.02281],
							"size": [0.0625, 0.5625, 0.3125],
							"pivot": [2.17658, -0.26971, -0.02281],
							"rotation": [0, 0, -7.5],
							"uv": {
								"north": {"uv": [29, 0], "uv_size": [0.5, 0.5]},
								"east": {"uv": [2, 29], "uv_size": [0.5, 0.5]},
								"south": {"uv": [8, 29], "uv_size": [0.5, 0.5]},
								"west": {"uv": [12, 29], "uv_size": [0.5, 0.5]},
								"down": {"uv": [29, 14.5], "uv_size": [0.5, -0.5]}
							}
						},
						{
							"origin": [1.25, -2.21202, -0.08531],
							"size": [1, 1.9375, 0.5],
							"uv": {
								"north": {"uv": [0, 21], "uv_size": [1, 2]},
								"east": {"uv": [12, 23], "uv_size": [0.5, 2]},
								"south": {"uv": [21, 16], "uv_size": [1, 2]},
								"west": {"uv": [23, 14], "uv_size": [0.5, 2]},
								"up": {"uv": [0, 24], "uv_size": [1, 0.5]},
								"down": {"uv": [24, 2.5], "uv_size": [1, -0.5]}
							}
						},
						{
							"origin": [1.39684, -0.27452, -0.02281],
							"size": [0.70632, 0.5625, 0.3125],
							"inflate": 0.0001,
							"uv": {
								"north": {"uv": [29, 20], "uv_size": [0.5, 0.5]},
								"east": {"uv": [25, 29], "uv_size": [0.5, 0.5]},
								"south": {"uv": [0, 30], "uv_size": [0.5, 0.5]},
								"west": {"uv": [30, 2], "uv_size": [0.5, 0.5]},
								"up": {"uv": [4, 30], "uv_size": [0.5, 0.5]},
								"down": {"uv": [30, 4.5], "uv_size": [0.5, -0.5]}
							}
						},
						{
							"origin": [1.3125, -1.59234, 3.63019],
							"size": [0.875, 0.5, 0.5],
							"pivot": [1.75, -1.23554, 3.80264],
							"rotation": [45, 0, 0],
							"uv": {
								"north": {"uv": [24, 4], "uv_size": [1, 0.5]},
								"east": {"uv": [6, 30], "uv_size": [0.5, 0.5]},
								"south": {"uv": [5, 24], "uv_size": [1, 0.5]},
								"west": {"uv": [30, 6], "uv_size": [0.5, 0.5]},
								"up": {"uv": [24, 6], "uv_size": [1, 0.5]},
								"down": {"uv": [7, 24.5], "uv_size": [1, -0.5]}
							}
						},
						{
							"origin": [1.3125, -1.59234, 0.88019],
							"size": [0.875, 0.5, 0.5],
							"pivot": [1.75, -1.23554, 1.05264],
							"rotation": [45, 0, 0],
							"uv": {
								"north": {"uv": [24, 8], "uv_size": [1, 0.5]},
								"east": {"uv": [30, 8], "uv_size": [0.5, 0.5]},
								"south": {"uv": [24, 10], "uv_size": [1, 0.5]},
								"west": {"uv": [10, 30], "uv_size": [0.5, 0.5]},
								"up": {"uv": [24, 12], "uv_size": [1, 0.5]},
								"down": {"uv": [24, 19.5], "uv_size": [1, -0.5]}
							}
						},
						{
							"origin": [1.375, -2.8499, 4.86823],
							"size": [0.75, 0.6875, 0.375],
							"uv": {
								"north": {"uv": [22, 24], "uv_size": [1, 0.5]},
								"east": {"uv": [30, 10], "uv_size": [0.5, 0.5]},
								"south": {"uv": [24, 24], "uv_size": [1, 0.5]},
								"west": {"uv": [30, 12], "uv_size": [0.5, 0.5]},
								"down": {"uv": [2, 25.5], "uv_size": [1, -0.5]}
							}
						},
						{
							"origin": [1.377, -1.28302, 4.77065],
							"size": [0.75, 1.08211, 0.42678],
							"inflate": -0.002,
							"pivot": [1.752, -0.74196, 4.98404],
							"rotation": [82.5, 0, 0],
							"uv": {
								"north": {"uv": [9, 25], "uv_size": [0.5, 1]},
								"east": {"uv": [14, 25], "uv_size": [0.5, 1]},
								"south": {"uv": [25, 14], "uv_size": [0.5, 1]},
								"west": {"uv": [25, 21], "uv_size": [0.5, 1]},
								"down": {"uv": [14, 30.5], "uv_size": [0.5, -0.5]}
							}
						},
						{
							"origin": [1.377, -1.24511, 5.38826],
							"size": [0.75, 0.58211, 0.30178],
							"inflate": -0.002,
							"pivot": [1.752, -0.95405, 5.47665],
							"rotation": [25, 0, 0],
							"uv": {
								"north": {"uv": [16, 30], "uv_size": [0.5, 0.5]},
								"east": {"uv": [30, 16], "uv_size": [0.5, 0.5]},
								"south": {"uv": [18, 30], "uv_size": [0.5, 0.5]},
								"west": {"uv": [30, 18], "uv_size": [0.5, 0.5]},
								"down": {"uv": [20, 30.5], "uv_size": [0.5, -0.5]}
							}
						},
						{
							"origin": [1.377, -2.45796, 5.28848],
							"size": [0.75, 0.83211, 0.42678],
							"inflate": -0.002,
							"pivot": [1.752, -1.91691, 5.50187],
							"rotation": [-17.5, 0, 0],
							"uv": {
								"north": {"uv": [0, 26], "uv_size": [0.5, 1]},
								"east": {"uv": [26, 2], "uv_size": [0.5, 1]},
								"south": {"uv": [4, 26], "uv_size": [0.5, 1]},
								"west": {"uv": [26, 4], "uv_size": [0.5, 1]},
								"down": {"uv": [22, 30.5], "uv_size": [0.5, -0.5]}
							}
						},
						{
							"origin": [1.377, -1.7068, 5.42812],
							"size": [0.75, 0.58211, 0.36428],
							"inflate": -0.002,
							"uv": {
								"north": {"uv": [30, 22], "uv_size": [0.5, 0.5]},
								"east": {"uv": [30, 24], "uv_size": [0.5, 0.5]},
								"south": {"uv": [30, 26], "uv_size": [0.5, 0.5]},
								"west": {"uv": [27, 30], "uv_size": [0.5, 0.5]},
								"down": {"uv": [30, 28.5], "uv_size": [0.5, -0.5]}
							}
						},
						{
							"origin": [1.377, -2.8737, 5.96719],
							"size": [0.75, 0.64461, 0.30178],
							"inflate": -0.002,
							"pivot": [1.752, -2.36936, 5.49189],
							"rotation": [-152.5, 0, 0],
							"uv": {
								"north": {"uv": [29, 30], "uv_size": [0.5, 0.5]},
								"east": {"uv": [31, 0], "uv_size": [0.5, 0.5]},
								"south": {"uv": [2, 31], "uv_size": [0.5, 0.5]},
								"west": {"uv": [8, 31], "uv_size": [0.5, 0.5]},
								"up": {"uv": [12, 31], "uv_size": [0.5, 0.5]},
								"down": {"uv": [31, 14.5], "uv_size": [0.5, -0.5]}
							}
						},
						{
							"origin": [1.377, -2.85472, 4.42651],
							"size": [0.75, 0.51961, 0.17678],
							"inflate": -0.002,
							"pivot": [2.125, -2.33711, 4.60129],
							"rotation": [-135, 0, 0],
							"uv": {
								"north": {"uv": [31, 20], "uv_size": [0.5, 0.5]},
								"east": {"uv": [24, 31], "uv_size": [0.5, 0.5]},
								"south": {"uv": [31, 30], "uv_size": [0.5, 0.5]},
								"west": {"uv": [0, 32], "uv_size": [0.5, 0.5]},
								"up": {"uv": [32, 2], "uv_size": [0.5, 0.5]},
								"down": {"uv": [4, 32.5], "uv_size": [0.5, -0.5]}
							}
						},
						{
							"origin": [1.377, -2.7756, 0.02792],
							"size": [0.75, 0.58211, 0.30178],
							"inflate": -0.002,
							"pivot": [2.125, -2.25799, 0.2027],
							"rotation": [140, 0, 0],
							"uv": {
								"north": {"uv": [32, 4], "uv_size": [0.5, 0.5]},
								"east": {"uv": [6, 32], "uv_size": [0.5, 0.5]},
								"south": {"uv": [32, 6], "uv_size": [0.5, 0.5]},
								"west": {"uv": [32, 8], "uv_size": [0.5, 0.5]},
								"up": {"uv": [10, 32], "uv_size": [0.5, 0.5]},
								"down": {"uv": [32, 10.5], "uv_size": [0.5, -0.5]}
							}
						},
						{
							"origin": [1.377, -2.35472, 1.86401],
							"size": [0.75, 0.39461, 0.67678],
							"inflate": -0.002,
							"uv": {
								"north": {"uv": [32, 12], "uv_size": [0.5, 0.5]},
								"east": {"uv": [14, 32], "uv_size": [0.5, 0.5]},
								"south": {"uv": [16, 32], "uv_size": [0.5, 0.5]},
								"west": {"uv": [32, 16], "uv_size": [0.5, 0.5]},
								"up": {"uv": [18, 32], "uv_size": [0.5, 0.5]},
								"down": {"uv": [32, 18.5], "uv_size": [0.5, -0.5]}
							}
						},
						{
							"origin": [1.377, -2.13088, 2.73585],
							"size": [0.75, 0.26961, 0.36428],
							"inflate": -0.002,
							"pivot": [2.125, -2.12888, 3.09813],
							"rotation": [15, 0, 0],
							"uv": {
								"north": {"uv": [20, 32], "uv_size": [0.5, 0.5]},
								"east": {"uv": [22, 32], "uv_size": [0.5, 0.5]},
								"south": {"uv": [32, 22], "uv_size": [0.5, 0.5]},
								"west": {"uv": [32, 24], "uv_size": [0.5, 0.5]},
								"up": {"uv": [26, 32], "uv_size": [0.5, 0.5]},
								"down": {"uv": [32, 26.5], "uv_size": [0.5, -0.5]}
							}
						},
						{
							"origin": [1.377, -2.35472, 2.53679],
							"size": [0.75, 0.39461, 0.36428],
							"inflate": -0.002,
							"pivot": [2.125, -2.35272, 2.53879],
							"rotation": [32.5, 0, 0],
							"uv": {
								"north": {"uv": [28, 32], "uv_size": [0.5, 0.5]},
								"east": {"uv": [32, 28], "uv_size": [0.5, 0.5]},
								"south": {"uv": [30, 32], "uv_size": [0.5, 0.5]},
								"west": {"uv": [32, 32], "uv_size": [0.5, 0.5]},
								"up": {"uv": [33, 0], "uv_size": [0.5, 0.5]},
								"down": {"uv": [2, 33.5], "uv_size": [0.5, -0.5]}
							}
						},
						{
							"origin": [1.377, -2.35472, 1.50373],
							"size": [0.75, 0.33211, 0.36428],
							"inflate": -0.002,
							"pivot": [2.125, -2.35272, 1.86601],
							"rotation": [-37.5, 0, 0],
							"uv": {
								"north": {"uv": [8, 33], "uv_size": [0.5, 0.5]},
								"east": {"uv": [12, 33], "uv_size": [0.5, 0.5]},
								"south": {"uv": [33, 14], "uv_size": [0.5, 0.5]},
								"west": {"uv": [33, 20], "uv_size": [0.5, 0.5]},
								"up": {"uv": [24, 33], "uv_size": [0.5, 0.5]},
								"down": {"uv": [33, 30.5], "uv_size": [0.5, -0.5]}
							}
						},
						{
							"origin": [1.377, -2.19454, 1.31629],
							"size": [0.75, 0.26961, 0.36428],
							"inflate": -0.002,
							"pivot": [2.125, -2.19254, 1.67857],
							"rotation": [-22.5, 0, 0],
							"uv": {
								"north": {"uv": [0, 34], "uv_size": [0.5, 0.5]},
								"east": {"uv": [34, 2], "uv_size": [0.5, 0.5]},
								"south": {"uv": [4, 34], "uv_size": [0.5, 0.5]},
								"west": {"uv": [34, 4], "uv_size": [0.5, 0.5]},
								"up": {"uv": [6, 34], "uv_size": [0.5, 0.5]},
								"down": {"uv": [34, 6.5], "uv_size": [0.5, -0.5]}
							}
						},
						{
							"origin": [1.377, -2.045, 4.07766],
							"size": [0.75, 0.20711, 0.23928],
							"inflate": -0.002,
							"uv": {
								"north": {"uv": [34, 8], "uv_size": [0.5, 0.5]},
								"east": {"uv": [10, 34], "uv_size": [0.5, 0.5]},
								"south": {"uv": [34, 10], "uv_size": [0.5, 0.5]},
								"west": {"uv": [34, 12], "uv_size": [0.5, 0.5]},
								"up": {"uv": [14, 34], "uv_size": [0.5, 0.5]},
								"down": {"uv": [16, 34.5], "uv_size": [0.5, -0.5]}
							}
						},
						{
							"origin": [1.377, -2.01369, 0.12409],
							"size": [0.75, 0.20711, 0.23928],
							"inflate": -0.002,
							"pivot": [2.125, -2.01169, 0.36137],
							"rotation": [2.5, 0, 0],
							"uv": {
								"north": {"uv": [34, 16], "uv_size": [0.5, 0.5]},
								"east": {"uv": [18, 34], "uv_size": [0.5, 0.5]},
								"south": {"uv": [34, 18], "uv_size": [0.5, 0.5]},
								"west": {"uv": [20, 34], "uv_size": [0.5, 0.5]},
								"up": {"uv": [22, 34], "uv_size": [0.5, 0.5]},
								"down": {"uv": [34, 22.5], "uv_size": [0.5, -0.5]}
							}
						},
						{
							"origin": [1.377, -2.13088, 2.97113],
							"size": [0.75, 0.20711, 1.17678],
							"inflate": -0.002,
							"pivot": [2.125, -2.12888, 3.09813],
							"rotation": [5, 0, 0],
							"uv": {
								"north": {"uv": [34, 24], "uv_size": [0.5, 0.5]},
								"east": {"uv": [6, 26], "uv_size": [1, 0.5]},
								"south": {"uv": [26, 34], "uv_size": [0.5, 0.5]},
								"west": {"uv": [26, 6], "uv_size": [1, 0.5]},
								"up": {"uv": [26, 8], "uv_size": [0.5, 1]},
								"down": {"uv": [26, 11], "uv_size": [0.5, -1]}
							}
						},
						{
							"origin": [1.377, -2.05666, 0.35843],
							"size": [0.75, 0.20711, 1.05178],
							"inflate": -0.002,
							"pivot": [2.125, -2.05466, 1.34571],
							"rotation": [-2.5, 0, 0],
							"uv": {
								"north": {"uv": [34, 26], "uv_size": [0.5, 0.5]},
								"east": {"uv": [11, 26], "uv_size": [1, 0.5]},
								"south": {"uv": [28, 34], "uv_size": [0.5, 0.5]},
								"west": {"uv": [26, 12], "uv_size": [1, 0.5]},
								"up": {"uv": [16, 26], "uv_size": [0.5, 1]},
								"down": {"uv": [26, 17], "uv_size": [0.5, -1]}
							}
						},
						{
							"origin": [1.377, -2.8519, 4.81845],
							"size": [0.75, 0.46784, 0.42678],
							"inflate": -0.002,
							"pivot": [2.125, -2.8499, 5.24323],
							"rotation": [-40, 0, 0],
							"uv": {
								"east": {"uv": [34, 28], "uv_size": [0.5, 0.5]},
								"south": {"uv": [30, 34], "uv_size": [0.5, 0.5]},
								"west": {"uv": [32, 34], "uv_size": [0.5, 0.5]}
							}
						}
					]
				},
				{
					"name": "bone20",
					"parent": "dagger",
					"pivot": [1.75, -0.84312, -7.00761],
					"cubes": [
						{
							"origin": [1.6875, -1.83702, -9.64781],
							"size": [0.125, 1.25, 9.5],
							"uv": {
								"north": {"uv": [16, 23], "uv_size": [0.5, 1.5]},
								"east": {"uv": [0, 0], "uv_size": [9.5, 1.5]},
								"west": {"uv": [0, 3], "uv_size": [9.5, 1.5]}
							}
						},
						{
							"origin": [1.625, -0.96202, -9.52281],
							"size": [0.25, 0.375, 9.375],
							"uv": {
								"north": {"uv": [34, 32], "uv_size": [0.5, 0.5]},
								"east": {"uv": [0, 6], "uv_size": [9.5, 0.5]},
								"west": {"uv": [0, 8], "uv_size": [9.5, 0.5]},
								"down": {"uv": [0, 19.5], "uv_size": [0.5, -9.5]}
							}
						},
						{
							"origin": [1.625, -1.83702, -9.52281],
							"size": [0.25, 0.375, 9.375],
							"uv": {
								"north": {"uv": [34, 34], "uv_size": [0.5, 0.5]},
								"east": {"uv": [2, 10], "uv_size": [9.5, 0.5]},
								"west": {"uv": [11, 0], "uv_size": [9.5, 0.5]}
							}
						},
						{
							"origin": [1.625, -1.58702, -10.96031],
							"size": [0.25, 0.75, 1.4375],
							"uv": {
								"north": {"uv": [18, 26], "uv_size": [0.5, 1]},
								"east": {"uv": [22, 22], "uv_size": [1.5, 1]},
								"south": {"uv": [26, 18], "uv_size": [0.5, 1]},
								"west": {"uv": [2, 23], "uv_size": [1.5, 1]},
								"up": {"uv": [18, 23], "uv_size": [0.5, 1.5]},
								"down": {"uv": [20, 24.5], "uv_size": [0.5, -1.5]}
							}
						},
						{
							"origin": [1.625, -1.39952, -11.33531],
							"size": [0.25, 0.4375, 0.4375],
							"pivot": [1.75, -1.24327, -11.11656],
							"rotation": [-42.5, 0, 0],
							"uv": {
								"north": {"uv": [35, 0], "uv_size": [0.5, 0.5]},
								"east": {"uv": [2, 35], "uv_size": [0.5, 0.5]},
								"south": {"uv": [8, 35], "uv_size": [0.5, 0.5]},
								"west": {"uv": [12, 35], "uv_size": [0.5, 0.5]},
								"up": {"uv": [35, 14], "uv_size": [0.5, 0.5]},
								"down": {"uv": [35, 20.5], "uv_size": [0.5, -0.5]}
							}
						},
						{
							"origin": [1.625, -1.46202, -1.77281],
							"size": [0.25, 0.5, 1.625],
							"uv": {
								"north": {"uv": [24, 35], "uv_size": [0.5, 0.5]},
								"east": {"uv": [23, 17], "uv_size": [1.5, 0.5]},
								"west": {"uv": [24, 0], "uv_size": [1.5, 0.5]}
							}
						},
						{
							"origin": [1.52903, -0.62049, -9.52281],
							"size": [0.17678, 0.17678, 9.375],
							"pivot": [1.75, -0.39952, -1.64781],
							"rotation": [0, 0, -45],
							"uv": {
								"south": {"uv": [35, 30], "uv_size": [0.5, 0.5]},
								"west": {"uv": [11, 2], "uv_size": [9.5, 0.5]},
								"up": {"uv": [2, 12], "uv_size": [0.5, 9.5]}
							}
						},
						{
							"origin": [1.72707, -1.07747, -9.52281],
							"size": [0.11428, 0.17678, 7.75],
							"pivot": [1.75296, -0.98908, -9.21031],
							"rotation": [0, 0, -57.5],
							"uv": {
								"north": {"uv": [0, 36], "uv_size": [0.5, 0.5]},
								"south": {"uv": [36, 2], "uv_size": [0.5, 0.5]},
								"west": {"uv": [10, 12], "uv_size": [8, 0.5]},
								"down": {"uv": [10, 22], "uv_size": [0.5, -8]}
							}
						},
						{
							"origin": [1.65865, -1.07747, -9.52281],
							"size": [0.11428, 0.17678, 7.75],
							"pivot": [1.74704, -0.98908, -9.21031],
							"rotation": [0, 0, 57.5],
							"uv": {
								"north": {"uv": [4, 36], "uv_size": [0.5, 0.5]},
								"east": {"uv": [13, 9], "uv_size": [8, 0.5]},
								"south": {"uv": [36, 4], "uv_size": [0.5, 0.5]},
								"down": {"uv": [12, 22], "uv_size": [0.5, -8]}
							}
						},
						{
							"origin": [1.65865, -1.52335, -9.52281],
							"size": [0.17678, 0.05178, 7.75],
							"pivot": [1.74704, -1.43496, -9.21031],
							"rotation": [0, 0, 32.5],
							"uv": {
								"north": {"uv": [6, 36], "uv_size": [0.5, 0.5]},
								"east": {"uv": [14, 14], "uv_size": [8, 0.5]},
								"south": {"uv": [36, 6], "uv_size": [0.5, 0.5]},
								"up": {"uv": [6, 15], "uv_size": [0.5, 8]},
								"down": {"uv": [8, 23], "uv_size": [0.5, -8]}
							}
						},
						{
							"origin": [1.72707, -1.52335, -9.52281],
							"size": [0.11428, 0.17678, 7.75],
							"pivot": [1.75296, -1.43496, -9.21031],
							"rotation": [0, 0, 57.5],
							"uv": {
								"north": {"uv": [36, 8], "uv_size": [0.5, 0.5]},
								"south": {"uv": [10, 36], "uv_size": [0.5, 0.5]},
								"west": {"uv": [15, 6], "uv_size": [8, 0.5]},
								"up": {"uv": [14, 16], "uv_size": [0.5, 8]}
							}
						},
						{
							"origin": [1.52903, -1.87049, -9.52281],
							"size": [0.17678, 0.17678, 9.375],
							"pivot": [1.75, -1.64952, -1.64781],
							"rotation": [0, 0, -45],
							"uv": {
								"north": {"uv": [36, 10], "uv_size": [0.5, 0.5]},
								"east": {"uv": [11, 4], "uv_size": [9.5, 0.5]},
								"south": {"uv": [36, 12], "uv_size": [0.5, 0.5]},
								"down": {"uv": [4, 21.5], "uv_size": [0.5, -9.5]}
							}
						},
						{
							"origin": [1.625, -0.89091, -10.265],
							"size": [0.25, 0.25, 0.75],
							"pivot": [1.75, -0.70341, -10.13609],
							"rotation": [5, 0, 0],
							"uv": {
								"east": {"uv": [20, 26], "uv_size": [1, 0.5]},
								"west": {"uv": [22, 26], "uv_size": [1, 0.5]},
								"up": {"uv": [26, 23], "uv_size": [0.5, 1]}
							}
						},
						{
							"origin": [1.70581, -0.74761, -10.265],
							"size": [0.17677, 0.17678, 0.76563],
							"pivot": [1.75, -0.70341, -10.13609],
							"rotation": [3.54, 3.5333, -44.8908],
							"uv": {
								"west": {"uv": [24, 26], "uv_size": [1, 0.5]},
								"up": {"uv": [26, 25], "uv_size": [0.5, 1]}
							}
						},
						{
							"origin": [1.625, -1.7836, -10.2541],
							"size": [0.25, 0.25, 0.75],
							"pivot": [1.75, -1.5961, -10.12519],
							"rotation": [-5, 0, 0],
							"uv": {
								"north": {"uv": [14, 36], "uv_size": [0.5, 0.5]},
								"east": {"uv": [27, 0], "uv_size": [1, 0.5]},
								"west": {"uv": [2, 27], "uv_size": [1, 0.5]},
								"up": {"uv": [8, 27], "uv_size": [0.5, 1]},
								"down": {"uv": [13, 28], "uv_size": [0.5, -1]}
							}
						},
						{
							"origin": [1.65448, -1.85195, -10.27008],
							"size": [0.1768, 0.1768, 0.75],
							"pivot": [1.70628, -1.78945, -9.89508],
							"rotation": [-3.38262, 3.68425, 47.39118],
							"uv": {
								"north": {"uv": [16, 36], "uv_size": [0.5, 0.5]},
								"east": {"uv": [27, 14], "uv_size": [1, 0.5]},
								"south": {"uv": [36, 16], "uv_size": [0.5, 0.5]},
								"west": {"uv": [27, 20], "uv_size": [1, 0.5]},
								"up": {"uv": [26, 27], "uv_size": [0.5, 1]},
								"down": {"uv": [0, 29], "uv_size": [0.5, -1]}
							}
						},
						{
							"origin": [1.625, -1.06101, -10.98262],
							"size": [0.25, 0.25, 0.75],
							"pivot": [1.75, -0.87351, -10.85371],
							"rotation": [15, 0, 0],
							"uv": {
								"north": {"uv": [18, 36], "uv_size": [0.5, 0.5]},
								"east": {"uv": [36, 18], "uv_size": [0.5, 0.5]},
								"west": {"uv": [20, 36], "uv_size": [0.5, 0.5]},
								"up": {"uv": [22, 36], "uv_size": [0.5, 0.5]}
							}
						},
						{
							"origin": [1.70581, -0.9177, -10.98262],
							"size": [0.17677, 0.17677, 0.76563],
							"pivot": [1.75, -0.87351, -10.85371],
							"rotation": [10.7286, 10.5453, -44.007],
							"uv": {
								"west": {"uv": [28, 2], "uv_size": [1, 0.5]},
								"up": {"uv": [4, 28], "uv_size": [0.5, 1]}
							}
						},
						{
							"origin": [1.61964, -1.86367, -10.48527],
							"size": [0.25, 0.25, 0.75],
							"pivot": [1.74464, -1.67617, -10.35636],
							"rotation": [165, 0, 0],
							"uv": {
								"north": {"uv": [36, 22], "uv_size": [0.5, 0.5]},
								"east": {"uv": [28, 4], "uv_size": [1, 0.5]},
								"west": {"uv": [6, 28], "uv_size": [1, 0.5]},
								"up": {"uv": [28, 6], "uv_size": [0.5, 1]}
							}
						},
						{
							"origin": [1.70046, -1.72036, -10.48527],
							"size": [0.17677, 0.17677, 0.76563],
							"pivot": [1.74465, -1.67617, -10.35636],
							"rotation": [169.27142, 10.54527, 44.00701],
							"uv": {
								"west": {"uv": [28, 8], "uv_size": [1, 0.5]},
								"up": {"uv": [10, 28], "uv_size": [0.5, 1]}
							}
						},
						{
							"origin": [1.625, -1.26693, -11.64195],
							"size": [0.25, 0.1875, 0.71875],
							"pivot": [1.75, -1.14193, -11.5443],
							"rotation": [22.5, 0, 0],
							"uv": {
								"north": {"uv": [36, 24], "uv_size": [0.5, 0.5]},
								"east": {"uv": [26, 36], "uv_size": [0.5, 0.5]},
								"south": {"uv": [36, 26], "uv_size": [0.5, 0.5]},
								"west": {"uv": [28, 36], "uv_size": [0.5, 0.5]},
								"up": {"uv": [36, 28], "uv_size": [0.5, 0.5]},
								"down": {"uv": [30, 36.5], "uv_size": [0.5, -0.5]}
							}
						},
						{
							"origin": [1.70581, -1.18612, -11.82945],
							"size": [0.17677, 0.17678, 0.92187],
							"pivot": [1.75, -1.14193, -11.5443],
							"rotation": [16.3249, 15.6999, -42.7342],
							"uv": {
								"north": {"uv": [32, 36], "uv_size": [0.5, 0.5]},
								"east": {"uv": [28, 10], "uv_size": [1, 0.5]},
								"south": {"uv": [36, 32], "uv_size": [0.5, 0.5]},
								"west": {"uv": [28, 12], "uv_size": [1, 0.5]},
								"up": {"uv": [15, 28], "uv_size": [0.5, 1]},
								"down": {"uv": [28, 17], "uv_size": [0.5, -1]}
							}
						},
						{
							"origin": [1.61965, -1.71193, -10.65024],
							"size": [0.25, 0.1875, 0.71875],
							"pivot": [1.74465, -1.58693, -10.80259],
							"rotation": [155, 0, 0],
							"uv": {
								"north": {"uv": [34, 36], "uv_size": [0.5, 0.5]},
								"east": {"uv": [36, 34], "uv_size": [0.5, 0.5]},
								"south": {"uv": [36, 36], "uv_size": [0.5, 0.5]},
								"west": {"uv": [37, 0], "uv_size": [0.5, 0.5]},
								"up": {"uv": [2, 37], "uv_size": [0.5, 0.5]},
								"down": {"uv": [8, 37.5], "uv_size": [0.5, -0.5]}
							}
						},
						{
							"origin": [1.70047, -1.63112, -10.65024],
							"size": [0.17677, 0.17678, 0.98437],
							"pivot": [1.74466, -1.58693, -10.80259],
							"rotation": [161.75105, 17.38768, 42.18628],
							"uv": {
								"north": {"uv": [12, 37], "uv_size": [0.5, 0.5]},
								"east": {"uv": [17, 28], "uv_size": [1, 0.5]},
								"south": {"uv": [37, 14], "uv_size": [0.5, 0.5]},
								"west": {"uv": [28, 18], "uv_size": [1, 0.5]},
								"up": {"uv": [19, 28], "uv_size": [0.5, 1]},
								"down": {"uv": [21, 29], "uv_size": [0.5, -1]}
							}
						}
					]
				}
			]
		}
	]
}