{
	"format_version": "1.12.0",
	"minecraft:geometry": [
		{
			"description": {
				"identifier": "geometry.unknown",
				"texture_width": 32,
				"texture_height": 32,
				"visible_bounds_width": 2,
				"visible_bounds_height": 1.5,
				"visible_bounds_offset": [0, 0.25, 0]
			},
			"bones": [
				{
					"name": "xiaoy",
					"pivot": [0, 1.00313, -0.12187]
				},
				{
					"name": "bone4",
					"parent": "xiaoy",
					"pivot": [0, 0.01813, -6.30163],
					"cubes": [
						{
							"origin": [-0.18859, 0.31285, -6.78834],
							"size": [0.37716, 0.16055, 0.84744],
							"uv": {
								"north": {"uv": [16, 27], "uv_size": [0.5, 0.5]},
								"up": {"uv": [24, 16], "uv_size": [0.5, 1]},
								"down": {"uv": [24, 19], "uv_size": [0.5, -1]}
							}
						},
						{
							"origin": [-0.18859, -0.43715, -6.78834],
							"size": [0.37716, 0.16055, 0.84744],
							"uv": {
								"north": {"uv": [20, 27], "uv_size": [0.5, 0.5]},
								"east": {"uv": [24, 20], "uv_size": [1, 0.5]},
								"up": {"uv": [24, 24], "uv_size": [0.5, 1]},
								"down": {"uv": [4, 26], "uv_size": [0.5, -1]}
							}
						},
						{
							"origin": [-0.18859, 0.31285, -6.78834],
							"size": [0.37717, 0.16054, 0.84744],
							"pivot": [0, 0.01813, -6.30163],
							"rotation": [0, 0, 45],
							"uv": {
								"north": {"uv": [28, 0], "uv_size": [0.5, 0.5]},
								"up": {"uv": [10, 25], "uv_size": [0.5, 1]},
								"down": {"uv": [12, 26], "uv_size": [0.5, -1]}
							}
						},
						{
							"origin": [-0.18859, -0.43715, -6.78834],
							"size": [0.37717, 0.16054, 0.84744],
							"pivot": [0, 0.01813, -6.30163],
							"rotation": [0, 0, 45],
							"uv": {
								"north": {"uv": [28, 2], "uv_size": [0.5, 0.5]},
								"up": {"uv": [18, 25], "uv_size": [0.5, 1]},
								"down": {"uv": [20, 26], "uv_size": [0.5, -1]}
							}
						},
						{
							"origin": [0.29473, -0.17046, -6.78834],
							"size": [0.16054, 0.37717, 0.84744],
							"uv": {
								"north": {"uv": [6, 28], "uv_size": [0.5, 0.5]},
								"east": {"uv": [0, 26], "uv_size": [1, 0.5]},
								"west": {"uv": [26, 0], "uv_size": [1, 0.5]}
							}
						},
						{
							"origin": [-0.45527, -0.17046, -6.78834],
							"size": [0.16054, 0.37717, 0.84744],
							"uv": {
								"north": {"uv": [28, 10], "uv_size": [0.5, 0.5]},
								"east": {"uv": [26, 4], "uv_size": [1, 0.5]},
								"west": {"uv": [6, 26], "uv_size": [1, 0.5]}
							}
						},
						{
							"origin": [0.29473, -0.17046, -6.78834],
							"size": [0.16054, 0.37717, 0.84744],
							"pivot": [0, 0.01813, -6.30163],
							"rotation": [0, 0, 45],
							"uv": {
								"north": {"uv": [28, 14], "uv_size": [0.5, 0.5]},
								"east": {"uv": [26, 12], "uv_size": [1, 0.5]},
								"west": {"uv": [26, 14], "uv_size": [1, 0.5]}
							}
						},
						{
							"origin": [-0.45527, -0.17046, -6.78834],
							"size": [0.16054, 0.37717, 0.84744],
							"pivot": [0, 0.01813, -6.30163],
							"rotation": [0, 0, 45],
							"uv": {
								"north": {"uv": [28, 18], "uv_size": [0.5, 0.5]},
								"east": {"uv": [26, 20], "uv_size": [1, 0.5]},
								"west": {"uv": [22, 26], "uv_size": [1, 0.5]}
							}
						}
					]
				},
				{
					"name": "sdasda",
					"parent": "xiaoy",
					"pivot": [-0.03738, -0.00583, -0.10937],
					"rotation": [0, 0, 22.5],
					"cubes": [
						{
							"origin": [-0.51225, -1.15228, -0.60937],
							"size": [0.94975, 2.2929, 1],
							"pivot": [-0.03738, -0.00583, -0.10937],
							"rotation": [0, 0, 45],
							"uv": {
								"north": {"uv": [14, 9], "uv_size": [1, 2.5]},
								"south": {"uv": [0, 16], "uv_size": [1, 2.5]},
								"up": {"uv": [4, 23], "uv_size": [1, 1]},
								"down": {"uv": [20, 24], "uv_size": [1, -1]}
							}
						},
						{
							"origin": [-0.51225, -1.15228, -0.60937],
							"size": [0.94975, 2.2929, 1],
							"uv": {
								"north": {"uv": [4, 16], "uv_size": [1, 2.5]},
								"south": {"uv": [16, 13], "uv_size": [1, 2.5]},
								"up": {"uv": [24, 0], "uv_size": [1, 1]},
								"down": {"uv": [24, 3], "uv_size": [1, -1]}
							}
						},
						{
							"origin": [-1.18383, -0.4807, -0.60937],
							"size": [2.2929, 0.94975, 1],
							"pivot": [-0.03738, -0.00583, -0.10937],
							"rotation": [0, 0, 45],
							"uv": {
								"north": {"uv": [8, 17], "uv_size": [2.5, 1]},
								"east": {"uv": [24, 4], "uv_size": [1, 1]},
								"south": {"uv": [12, 17], "uv_size": [2.5, 1]},
								"west": {"uv": [6, 24], "uv_size": [1, 1]}
							}
						},
						{
							"origin": [-1.18383, -0.4807, -0.60937],
							"size": [2.2929, 0.94975, 1],
							"uv": {
								"north": {"uv": [18, 11], "uv_size": [2.5, 1]},
								"east": {"uv": [24, 6], "uv_size": [1, 1]},
								"south": {"uv": [18, 13], "uv_size": [2.5, 1]},
								"west": {"uv": [24, 10], "uv_size": [1, 1]}
							}
						}
					]
				},
				{
					"name": "sdasda2",
					"parent": "xiaoy",
					"pivot": [-0.03738, -0.00583, -5.67187],
					"rotation": [0, 0, 22.5],
					"cubes": [
						{
							"origin": [-0.51225, -1.15228, -5.85937],
							"size": [0.94975, 2.2929, 0.375],
							"pivot": [-0.03738, -0.00583, -5.98437],
							"rotation": [0, 0, 45],
							"uv": {
								"north": {"uv": [12, 19], "uv_size": [1, 2.5]},
								"south": {"uv": [14, 19], "uv_size": [1, 2.5]},
								"up": {"uv": [26, 24], "uv_size": [1, 0.5]},
								"down": {"uv": [26, 26.5], "uv_size": [1, -0.5]}
							}
						},
						{
							"origin": [-0.51225, -1.15228, -5.85937],
							"size": [0.94975, 2.2929, 0.375],
							"uv": {
								"north": {"uv": [16, 19], "uv_size": [1, 2.5]},
								"south": {"uv": [18, 19], "uv_size": [1, 2.5]},
								"up": {"uv": [4, 27], "uv_size": [1, 0.5]},
								"down": {"uv": [8, 27.5], "uv_size": [1, -0.5]}
							}
						},
						{
							"origin": [-1.18383, -0.4807, -5.85937],
							"size": [2.2929, 0.94975, 0.375],
							"pivot": [-0.03738, -0.00583, -5.98437],
							"rotation": [0, 0, 45],
							"uv": {
								"north": {"uv": [0, 20], "uv_size": [2.5, 1]},
								"east": {"uv": [27, 8], "uv_size": [0.5, 1]},
								"south": {"uv": [20, 2], "uv_size": [2.5, 1]},
								"west": {"uv": [10, 27], "uv_size": [0.5, 1]}
							}
						},
						{
							"origin": [-1.18383, -0.4807, -5.85937],
							"size": [2.2929, 0.94975, 0.375],
							"uv": {
								"north": {"uv": [20, 4], "uv_size": [2.5, 1]},
								"east": {"uv": [12, 27], "uv_size": [0.5, 1]},
								"south": {"uv": [20, 6], "uv_size": [2.5, 1]},
								"west": {"uv": [14, 27], "uv_size": [0.5, 1]}
							}
						}
					]
				},
				{
					"name": "sadasd",
					"parent": "xiaoy",
					"pivot": [-0.0481, -0.00583, -2.92187],
					"cubes": [
						{
							"origin": [-0.4712, -1.02728, -5.98437],
							"size": [0.8462, 2.0429, 5.375],
							"pivot": [-0.0481, -0.00583, -1.10937],
							"rotation": [0, 0, 45],
							"uv": {
								"north": {"uv": [4, 20], "uv_size": [1, 2]},
								"up": {"uv": [6, 10], "uv_size": [1, 5.5]},
								"down": {"uv": [8, 15.5], "uv_size": [1, -5.5]}
							}
						},
						{
							"origin": [-0.4712, -1.02728, -5.98437],
							"size": [0.8462, 2.0429, 5.375],
							"uv": {
								"north": {"uv": [20, 20], "uv_size": [1, 2]},
								"up": {"uv": [10, 10], "uv_size": [1, 5.5]},
								"down": {"uv": [12, 15.5], "uv_size": [1, -5.5]}
							}
						},
						{
							"origin": [-1.06955, -0.42892, -5.98437],
							"size": [2.0429, 0.8462, 5.375],
							"pivot": [-0.0481, -0.00583, -1.10937],
							"rotation": [0, 0, 45],
							"uv": {
								"north": {"uv": [21, 0], "uv_size": [2, 1]},
								"east": {"uv": [13, 3], "uv_size": [5.5, 1]},
								"west": {"uv": [13, 5], "uv_size": [5.5, 1]}
							}
						},
						{
							"origin": [-1.06955, -0.42892, -5.98437],
							"size": [2.0429, 0.8462, 5.375],
							"uv": {
								"north": {"uv": [0, 22], "uv_size": [2, 1]},
								"east": {"uv": [13, 7], "uv_size": [5.5, 1]},
								"west": {"uv": [14, 0], "uv_size": [5.5, 1]}
							}
						}
					]
				}
			]
		}
	]
}