{
	"format_version": "1.8.0",
	"animations": {
		"static_idle": {
			"animation_length": 0.0667,
			"bones": {
				"lefthand": {
					"rotation": [105.49355, -44.11417, -191.33214],
					"position": [6.0937, -17.895, -2.595],
					"scale": [1, 1.5, 1]
				},
				"righthand": {
					"rotation": [100.03123, -13.91221, -110.91948],
					"position": [-10.2, -15.2875, -2.6625],
					"scale": [1, 1.5, 1]
				},
				"constraint": {
					"rotation": [0.2, 0.2, 0.4],
					"position": [0.1, 0.1, 0.1]
				}
			}
		},
		"inspect": {
			"animation_length": 9.1667,
			"bones": {
				"lefthand": {
					"rotation": {
						"0.0": [105.49355, -44.11417, -191.33214],
						"0.25": [147.47872, -43.29926, -197.64064],
						"2.0417": [147.47872, -43.29926, -197.64064],
						"5.875": [147.47872, -43.29926, -197.64064],
						"6.0417": [105.49355, -44.11417, -191.33214]
					},
					"position": {
						"0.0": [6.0937, -17.895, -2.595],
						"0.25": [4.44, -17.1, -7.54],
						"2.0417": [4.44, -17.1, -7.54],
						"5.875": [4.44, -17.1, -7.54],
						"6.0417": [6.0937, -17.895, -2.595]
					},
					"scale": [1, 1.5, 1]
				},
				"righthand": {
					"rotation": {
						"0.0": [100.03123, -13.91221, -110.91948],
						"2.0": [100.03, -13.91, -110.92],
						"2.3333": [103.22348, -42.34991, -117.4804],
						"5.9583": [103.22348, -42.34991, -117.4804],
						"6.2083": [102.81366, -22.3314, -120.22118],
						"7.625": [102.81366, -22.3314, -120.22118],
						"7.8333": [100.03123, -13.91221, -110.91948]
					},
					"position": {
						"0.0": [-10.2, -15.2875, -2.6625],
						"2.0": [-10.2, -15.29, -2.66],
						"2.3333": [-10.2, -15.29, 9.14],
						"5.9583": [-10.2, -15.29, 9.14],
						"6.2083": [-10.2, -17.115, 6.29],
						"7.625": [-10.2, -17.115, 6.29],
						"7.8333": [-10.2, -15.2875, -2.6625]
					},
					"scale": [1, 1.5, 1]
				},
				"root": {
					"rotation": {
						"0.0": [0, 0, 0],
						"0.2917": {
							"pre": [3.00731, -3.99451, 8.79032],
							"post": [3.00731, -3.99451, 8.79032],
							"lerp_mode": "catmullrom"
						},
						"0.7083": {
							"post": [-0.83687, -26.68314, -12.11871],
							"lerp_mode": "catmullrom"
						},
						"1.0833": {
							"post": [-1.0939, -26.65221, -8.76167],
							"lerp_mode": "catmullrom"
						},
						"1.375": {
							"post": [-0.71629, -26.67469, -10.1602],
							"lerp_mode": "catmullrom"
						},
						"1.7083": {
							"post": [-0.84187, -26.67129, -9.88045],
							"lerp_mode": "catmullrom"
						},
						"2.0833": {
							"post": [-2.3459, -26.58782, -6.52566],
							"lerp_mode": "catmullrom"
						},
						"2.375": {
							"post": [20.66054, -37.6386, -44.27027],
							"lerp_mode": "catmullrom"
						},
						"2.875": {
							"post": [17.92846, -38.5931, -40.65498],
							"lerp_mode": "catmullrom"
						},
						"3.4167": {
							"post": [20.65807, -39.77828, -41.93938],
							"lerp_mode": "catmullrom"
						},
						"4.2917": {
							"post": [39.43843, -58.46815, -44.62993],
							"lerp_mode": "catmullrom"
						},
						"4.9583": {
							"post": [44.91339, -64.04183, -47.43341],
							"lerp_mode": "catmullrom"
						},
						"5.75": {
							"post": [45.27854, -64.21831, -47.83923],
							"lerp_mode": "catmullrom"
						},
						"6.2917": {
							"post": [-37.8976, -43.82655, 31.0414],
							"lerp_mode": "catmullrom"
						},
						"6.6667": {
							"post": [-48.4628, -37.79, 41.55632],
							"lerp_mode": "catmullrom"
						},
						"7.1667": {
							"post": [-48.5226, -39.20155, 41.6664],
							"lerp_mode": "catmullrom"
						},
						"7.4583": {
							"post": [-29.37914, -47.64202, 29.87303],
							"lerp_mode": "catmullrom"
						},
						"7.7917": {
							"post": [-16.33501, -45.5503, 38.06279],
							"lerp_mode": "catmullrom"
						},
						"8.0833": {
							"post": [0.69439, -4.25975, -0.10433],
							"lerp_mode": "catmullrom"
						},
						"8.2917": {
							"post": [-1.00015, 0.74985, -1.99245],
							"lerp_mode": "catmullrom"
						},
						"8.5": {
							"post": [0, 0, 1.025],
							"lerp_mode": "catmullrom"
						},
						"8.75": {
							"post": [0, 0, -0.3],
							"lerp_mode": "catmullrom"
						},
						"9.0": [0, 0, 0]
					},
					"position": {
						"0.0": [0, 0, 0],
						"0.25": {
							"pre": [0.50573, -0.63425, 0.06536],
							"post": [0.50573, -0.63425, 0.06536],
							"lerp_mode": "catmullrom"
						},
						"0.6667": {
							"post": [2.09147, 1.08586, -3.50213],
							"lerp_mode": "catmullrom"
						},
						"1.0": {
							"post": [2.01272, 0.8908, -3.28106],
							"lerp_mode": "catmullrom"
						},
						"1.2917": {
							"post": [2.0258, 0.94457, -3.32507],
							"lerp_mode": "catmullrom"
						},
						"1.625": {
							"post": [2.01926, 0.91769, -3.30307],
							"lerp_mode": "catmullrom"
						},
						"2.0": {
							"post": [2.01926, 0.84269, -3.30307],
							"lerp_mode": "catmullrom"
						},
						"2.3333": {
							"post": [3.31455, 1.99349, -3.74342],
							"lerp_mode": "catmullrom"
						},
						"2.7917": {
							"post": [3.152, 1.83509, -3.44911],
							"lerp_mode": "catmullrom"
						},
						"3.375": {
							"post": [3.75933, 1.84311, -3.4864],
							"lerp_mode": "catmullrom"
						},
						"4.2083": {
							"post": [7.40933, 1.84311, -3.4864],
							"lerp_mode": "catmullrom"
						},
						"4.8333": {
							"post": [8.525, 1.84, -3.49],
							"lerp_mode": "catmullrom"
						},
						"5.6667": {
							"post": [8.625, 1.84, -3.49],
							"lerp_mode": "catmullrom"
						},
						"6.2083": {
							"post": [6.03, -1.285, -5.29],
							"lerp_mode": "catmullrom"
						},
						"6.5833": {
							"post": [5.63, -1.235, -5.54],
							"lerp_mode": "catmullrom"
						},
						"7.0833": {
							"post": [5.63, -1.61, -5.54],
							"lerp_mode": "catmullrom"
						},
						"7.375": {
							"post": [4.555, -3.01, -5.54],
							"lerp_mode": "catmullrom"
						},
						"7.7083": {
							"post": [2.885, -5.535, -4.665],
							"lerp_mode": "catmullrom"
						},
						"8.0417": {
							"post": [-0.725, -1.3, -2.925],
							"lerp_mode": "catmullrom"
						},
						"8.375": {
							"post": [0.125, -0.175, 0.325],
							"lerp_mode": "catmullrom"
						},
						"8.5417": {
							"post": [0, 0, -0.05],
							"lerp_mode": "catmullrom"
						},
						"8.7917": {
							"post": [0, 0, 0.05],
							"lerp_mode": "catmullrom"
						},
						"9.125": [0, 0, 0]
					}
				},
				"camera": {
					"rotation": {
						"0.0": [0, 0, 0],
						"0.25": {
							"pre": [0.775, 0.05, -0.5],
							"post": [0.775, 0.05, -0.5],
							"lerp_mode": "catmullrom"
						},
						"0.7083": {
							"post": [-0.225, 0.575, 0.875],
							"lerp_mode": "catmullrom"
						},
						"1.0": {
							"post": [0.775, 0.575, 0.1],
							"lerp_mode": "catmullrom"
						},
						"1.125": {
							"post": [0.675, 0.575, 0.7],
							"lerp_mode": "catmullrom"
						},
						"1.25": {
							"post": [0.75, 0.575, 0.25],
							"lerp_mode": "catmullrom"
						},
						"1.4167": {
							"post": [0.65, 0.575, 0.425],
							"lerp_mode": "catmullrom"
						},
						"1.5833": {
							"post": [0.675, 0.575, 0.375],
							"lerp_mode": "catmullrom"
						},
						"2.0417": {
							"post": [0.675, 0.575, 0.45],
							"lerp_mode": "catmullrom"
						},
						"2.125": {
							"post": [0.95, 0.575, 0.375],
							"lerp_mode": "catmullrom"
						},
						"2.4583": {
							"post": [0.675, 2.05, 1.35],
							"lerp_mode": "catmullrom"
						},
						"2.5417": {
							"post": [0.775, 2.175, 0.95],
							"lerp_mode": "catmullrom"
						},
						"2.625": {
							"post": [0.625, 2.175, 1.275],
							"lerp_mode": "catmullrom"
						},
						"2.75": {
							"post": [0.575, 2.175, 1.075],
							"lerp_mode": "catmullrom"
						},
						"2.875": {
							"post": [0.675, 2.175, 1.15],
							"lerp_mode": "catmullrom"
						},
						"3.0833": {
							"post": [0.675, 2.375, 1.125],
							"lerp_mode": "catmullrom"
						},
						"5.8333": {
							"post": [0.675, 4.175, 1.125],
							"lerp_mode": "catmullrom"
						},
						"5.9167": {
							"post": [0.675, 3.65, 0.975],
							"lerp_mode": "catmullrom"
						},
						"6.3333": {
							"post": [0.375, 2.125, -0.6],
							"lerp_mode": "catmullrom"
						},
						"6.5": {
							"post": [0.575, 1.475, -0.325],
							"lerp_mode": "catmullrom"
						},
						"6.7083": {
							"post": [0.45, 1.475, -0.525],
							"lerp_mode": "catmullrom"
						},
						"6.875": {
							"post": [0.475, 1.475, -0.45],
							"lerp_mode": "catmullrom"
						},
						"7.0417": {
							"post": [0.475, 1.475, -0.525],
							"lerp_mode": "catmullrom"
						},
						"7.25": {
							"post": [0.475, 1.475, -0.475],
							"lerp_mode": "catmullrom"
						},
						"7.5": {
							"post": [0.475, 1.475, -0.425],
							"lerp_mode": "catmullrom"
						},
						"7.7917": {
							"post": [1, 0.475, 0.15],
							"lerp_mode": "catmullrom"
						},
						"8.0833": {
							"post": [0.575, 0, 0.125],
							"lerp_mode": "catmullrom"
						},
						"8.2083": {
							"post": [0.575, 0, 0.125],
							"lerp_mode": "catmullrom"
						},
						"8.2917": {
							"post": [0.1, 0, -0.1],
							"lerp_mode": "catmullrom"
						},
						"8.4167": {
							"post": [-0.2, 0, -0.35],
							"lerp_mode": "catmullrom"
						},
						"8.4583": {
							"post": [0.225, 0, 0.325],
							"lerp_mode": "catmullrom"
						},
						"8.5417": {
							"post": [-0.15, 0, -0.225],
							"lerp_mode": "catmullrom"
						},
						"8.625": {
							"post": [0.05, 0, 0.1],
							"lerp_mode": "catmullrom"
						},
						"8.75": {
							"post": [-0.075, 0, -0.075],
							"lerp_mode": "catmullrom"
						},
						"8.9167": [0, 0, 0]
					}
				}
			}
		},
		"inspect_empty": {
			"animation_length": 9.1667,
			"bones": {
				"lefthand": {
					"rotation": {
						"0.0": [105.49355, -44.11417, -191.33214],
						"0.25": [147.47872, -43.29926, -197.64064],
						"2.0417": [147.47872, -43.29926, -197.64064],
						"5.875": [147.47872, -43.29926, -197.64064],
						"6.0417": [105.49355, -44.11417, -191.33214]
					},
					"position": {
						"0.0": [6.0937, -17.895, -2.595],
						"0.25": [4.44, -17.1, -7.54],
						"2.0417": [4.44, -17.1, -7.54],
						"5.875": [4.44, -17.1, -7.54],
						"6.0417": [6.0937, -17.895, -2.595]
					},
					"scale": [1, 1.5, 1]
				},
				"righthand": {
					"rotation": {
						"0.0": [100.03123, -13.91221, -110.91948],
						"2.0": [100.03, -13.91, -110.92],
						"2.3333": [103.22348, -42.34991, -117.4804],
						"5.9583": [103.22348, -42.34991, -117.4804],
						"6.2083": [102.81366, -22.3314, -120.22118],
						"7.625": [102.81366, -22.3314, -120.22118],
						"7.8333": [100.03123, -13.91221, -110.91948]
					},
					"position": {
						"0.0": [-10.2, -15.2875, -2.6625],
						"2.0": [-10.2, -15.29, -2.66],
						"2.3333": [-10.2, -15.29, 9.14],
						"5.9583": [-10.2, -15.29, 9.14],
						"6.2083": [-10.2, -17.115, 6.29],
						"7.625": [-10.2, -17.115, 6.29],
						"7.8333": [-10.2, -15.2875, -2.6625]
					},
					"scale": [1, 1.5, 1]
				},
				"root": {
					"rotation": {
						"0.0": [0, 0, 0],
						"0.2917": {
							"pre": [3.00731, -3.99451, 8.79032],
							"post": [3.00731, -3.99451, 8.79032],
							"lerp_mode": "catmullrom"
						},
						"0.7083": {
							"post": [-0.83687, -26.68314, -12.11871],
							"lerp_mode": "catmullrom"
						},
						"1.0833": {
							"post": [-1.0939, -26.65221, -8.76167],
							"lerp_mode": "catmullrom"
						},
						"1.375": {
							"post": [-0.71629, -26.67469, -10.1602],
							"lerp_mode": "catmullrom"
						},
						"1.7083": {
							"post": [-0.84187, -26.67129, -9.88045],
							"lerp_mode": "catmullrom"
						},
						"2.0833": {
							"post": [-2.3459, -26.58782, -6.52566],
							"lerp_mode": "catmullrom"
						},
						"2.375": {
							"post": [20.66054, -37.6386, -44.27027],
							"lerp_mode": "catmullrom"
						},
						"2.875": {
							"post": [17.92846, -38.5931, -40.65498],
							"lerp_mode": "catmullrom"
						},
						"3.4167": {
							"post": [20.65807, -39.77828, -41.93938],
							"lerp_mode": "catmullrom"
						},
						"4.2917": {
							"post": [39.43843, -58.46815, -44.62993],
							"lerp_mode": "catmullrom"
						},
						"4.9583": {
							"post": [44.91339, -64.04183, -47.43341],
							"lerp_mode": "catmullrom"
						},
						"5.75": {
							"post": [45.27854, -64.21831, -47.83923],
							"lerp_mode": "catmullrom"
						},
						"6.2917": {
							"post": [-37.8976, -43.82655, 31.0414],
							"lerp_mode": "catmullrom"
						},
						"6.6667": {
							"post": [-48.4628, -37.79, 41.55632],
							"lerp_mode": "catmullrom"
						},
						"7.1667": {
							"post": [-48.5226, -39.20155, 41.6664],
							"lerp_mode": "catmullrom"
						},
						"7.4583": {
							"post": [-29.37914, -47.64202, 29.87303],
							"lerp_mode": "catmullrom"
						},
						"7.7917": {
							"post": [-16.33501, -45.5503, 38.06279],
							"lerp_mode": "catmullrom"
						},
						"8.0833": {
							"post": [0.69439, -4.25975, -0.10433],
							"lerp_mode": "catmullrom"
						},
						"8.2917": {
							"post": [-1.00015, 0.74985, -1.99245],
							"lerp_mode": "catmullrom"
						},
						"8.5": {
							"post": [0, 0, 1.025],
							"lerp_mode": "catmullrom"
						},
						"8.75": {
							"post": [0, 0, -0.3],
							"lerp_mode": "catmullrom"
						},
						"9.0": [0, 0, 0]
					},
					"position": {
						"0.0": [0, 0, 0],
						"0.25": {
							"pre": [0.50573, -0.63425, 0.06536],
							"post": [0.50573, -0.63425, 0.06536],
							"lerp_mode": "catmullrom"
						},
						"0.6667": {
							"post": [2.09147, 1.08586, -3.50213],
							"lerp_mode": "catmullrom"
						},
						"1.0": {
							"post": [2.01272, 0.8908, -3.28106],
							"lerp_mode": "catmullrom"
						},
						"1.2917": {
							"post": [2.0258, 0.94457, -3.32507],
							"lerp_mode": "catmullrom"
						},
						"1.625": {
							"post": [2.01926, 0.91769, -3.30307],
							"lerp_mode": "catmullrom"
						},
						"2.0": {
							"post": [2.01926, 0.84269, -3.30307],
							"lerp_mode": "catmullrom"
						},
						"2.3333": {
							"post": [3.31455, 1.99349, -3.74342],
							"lerp_mode": "catmullrom"
						},
						"2.7917": {
							"post": [3.152, 1.83509, -3.44911],
							"lerp_mode": "catmullrom"
						},
						"3.375": {
							"post": [3.75933, 1.84311, -3.4864],
							"lerp_mode": "catmullrom"
						},
						"4.2083": {
							"post": [7.40933, 1.84311, -3.4864],
							"lerp_mode": "catmullrom"
						},
						"4.8333": {
							"post": [8.525, 1.84, -3.49],
							"lerp_mode": "catmullrom"
						},
						"5.6667": {
							"post": [8.625, 1.84, -3.49],
							"lerp_mode": "catmullrom"
						},
						"6.2083": {
							"post": [6.03, -1.285, -5.29],
							"lerp_mode": "catmullrom"
						},
						"6.5833": {
							"post": [5.63, -1.235, -5.54],
							"lerp_mode": "catmullrom"
						},
						"7.0833": {
							"post": [5.63, -1.61, -5.54],
							"lerp_mode": "catmullrom"
						},
						"7.375": {
							"post": [4.555, -3.01, -5.54],
							"lerp_mode": "catmullrom"
						},
						"7.7083": {
							"post": [2.885, -5.535, -4.665],
							"lerp_mode": "catmullrom"
						},
						"8.0417": {
							"post": [-0.725, -1.3, -2.925],
							"lerp_mode": "catmullrom"
						},
						"8.375": {
							"post": [0.125, -0.175, 0.325],
							"lerp_mode": "catmullrom"
						},
						"8.5417": {
							"post": [0, 0, -0.05],
							"lerp_mode": "catmullrom"
						},
						"8.7917": {
							"post": [0, 0, 0.05],
							"lerp_mode": "catmullrom"
						},
						"9.125": [0, 0, 0]
					}
				},
				"camera": {
					"rotation": {
						"0.0": [0, 0, 0],
						"0.25": {
							"pre": [0.775, 0.05, -0.5],
							"post": [0.775, 0.05, -0.5],
							"lerp_mode": "catmullrom"
						},
						"0.7083": {
							"post": [-0.225, 0.575, 0.875],
							"lerp_mode": "catmullrom"
						},
						"1.0": {
							"post": [0.775, 0.575, 0.1],
							"lerp_mode": "catmullrom"
						},
						"1.125": {
							"post": [0.675, 0.575, 0.7],
							"lerp_mode": "catmullrom"
						},
						"1.25": {
							"post": [0.75, 0.575, 0.25],
							"lerp_mode": "catmullrom"
						},
						"1.4167": {
							"post": [0.65, 0.575, 0.425],
							"lerp_mode": "catmullrom"
						},
						"1.5833": {
							"post": [0.675, 0.575, 0.375],
							"lerp_mode": "catmullrom"
						},
						"2.0417": {
							"post": [0.675, 0.575, 0.45],
							"lerp_mode": "catmullrom"
						},
						"2.125": {
							"post": [0.95, 0.575, 0.375],
							"lerp_mode": "catmullrom"
						},
						"2.4583": {
							"post": [0.675, 2.05, 1.35],
							"lerp_mode": "catmullrom"
						},
						"2.5417": {
							"post": [0.775, 2.175, 0.95],
							"lerp_mode": "catmullrom"
						},
						"2.625": {
							"post": [0.625, 2.175, 1.275],
							"lerp_mode": "catmullrom"
						},
						"2.75": {
							"post": [0.575, 2.175, 1.075],
							"lerp_mode": "catmullrom"
						},
						"2.875": {
							"post": [0.675, 2.175, 1.15],
							"lerp_mode": "catmullrom"
						},
						"3.0833": {
							"post": [0.675, 2.375, 1.125],
							"lerp_mode": "catmullrom"
						},
						"5.8333": {
							"post": [0.675, 4.175, 1.125],
							"lerp_mode": "catmullrom"
						},
						"5.9167": {
							"post": [0.675, 3.65, 0.975],
							"lerp_mode": "catmullrom"
						},
						"6.3333": {
							"post": [0.375, 2.125, -0.6],
							"lerp_mode": "catmullrom"
						},
						"6.5": {
							"post": [0.575, 1.475, -0.325],
							"lerp_mode": "catmullrom"
						},
						"6.7083": {
							"post": [0.45, 1.475, -0.525],
							"lerp_mode": "catmullrom"
						},
						"6.875": {
							"post": [0.475, 1.475, -0.45],
							"lerp_mode": "catmullrom"
						},
						"7.0417": {
							"post": [0.475, 1.475, -0.525],
							"lerp_mode": "catmullrom"
						},
						"7.25": {
							"post": [0.475, 1.475, -0.475],
							"lerp_mode": "catmullrom"
						},
						"7.5": {
							"post": [0.475, 1.475, -0.425],
							"lerp_mode": "catmullrom"
						},
						"7.7917": {
							"post": [1, 0.475, 0.15],
							"lerp_mode": "catmullrom"
						},
						"8.0833": {
							"post": [0.575, 0, 0.125],
							"lerp_mode": "catmullrom"
						},
						"8.2083": {
							"post": [0.575, 0, 0.125],
							"lerp_mode": "catmullrom"
						},
						"8.2917": {
							"post": [0.1, 0, -0.1],
							"lerp_mode": "catmullrom"
						},
						"8.4167": {
							"post": [-0.2, 0, -0.35],
							"lerp_mode": "catmullrom"
						},
						"8.4583": {
							"post": [0.225, 0, 0.325],
							"lerp_mode": "catmullrom"
						},
						"8.5417": {
							"post": [-0.15, 0, -0.225],
							"lerp_mode": "catmullrom"
						},
						"8.625": {
							"post": [0.05, 0, 0.1],
							"lerp_mode": "catmullrom"
						},
						"8.75": {
							"post": [-0.075, 0, -0.075],
							"lerp_mode": "catmullrom"
						},
						"8.9167": [0, 0, 0]
					}
				}
			}
		},
		"reload_empty": {
			"loop": "hold_on_last_frame",
			"animation_length": 6.5833,
			"bones": {
				"lefthand": {
					"rotation": {
						"0.0": [105.49355, -44.11417, -191.33214],
						"0.2083": {
							"pre": [131.22, -6, -229.8],
							"post": [131.22, -6, -229.8],
							"lerp_mode": "catmullrom"
						},
						"0.4167": {
							"post": [156.95057, 32.10421, -268.27539],
							"lerp_mode": "catmullrom"
						},
						"5.4583": {
							"post": [156.95057, 32.10421, -268.27539],
							"lerp_mode": "catmullrom"
						},
						"5.5": [105.49355, -44.11417, -191.33214]
					},
					"position": {
						"0.0": [6.0937, -17.895, -2.595],
						"0.1667": {
							"pre": [10.835, -15.12, -0.94],
							"post": [10.835, -15.12, -0.94],
							"lerp_mode": "catmullrom"
						},
						"0.375": {
							"post": [6.6187, -12.345, 0.705],
							"lerp_mode": "catmullrom"
						},
						"5.4167": {
							"post": [6.6187, -12.345, 0.705],
							"lerp_mode": "catmullrom"
						},
						"5.5": [6.0937, -17.895, -2.595]
					},
					"scale": {
						"0.0": [1, 1.5, 1],
						"5.5": [1, 1.5, 1]
					}
				},
				"righthand": {
					"rotation": {
						"0.0": [100.03, -13.91, -110.92],
						"0.1667": {
							"pre": [100.03123, -13.91221, -110.91948],
							"post": [100.03123, -13.91221, -110.91948],
							"lerp_mode": "catmullrom"
						},
						"0.375": {
							"post": [102.08093, -12.18046, -119.98712],
							"lerp_mode": "catmullrom"
						},
						"0.625": {
							"post": [222.95404, -75.28067, -242.21507],
							"lerp_mode": "catmullrom"
						},
						"0.8333": {
							"post": [222.95, -75.28, -242.22],
							"lerp_mode": "catmullrom"
						},
						"1.0417": {
							"post": [222.95, -75.28, -242.22],
							"lerp_mode": "catmullrom"
						},
						"1.1667": {
							"post": [248.30589, -69.86607, -250.96662],
							"lerp_mode": "catmullrom"
						},
						"1.25": {
							"post": [248.30589, -69.86607, -250.96662],
							"lerp_mode": "catmullrom"
						},
						"1.3333": {
							"post": [300.57345, -45.62912, -321.51026],
							"lerp_mode": "catmullrom"
						},
						"1.4167": {
							"post": [321.2026, -33.11978, -350.11037],
							"lerp_mode": "catmullrom"
						},
						"1.5417": {
							"post": [321.2026, -33.11978, -350.11037],
							"lerp_mode": "catmullrom"
						},
						"1.75": {
							"post": [274.1582, -37.05077, -298.867],
							"lerp_mode": "catmullrom"
						},
						"1.7917": {
							"post": [274.1582, -37.05077, -298.867],
							"lerp_mode": "catmullrom"
						},
						"1.875": {
							"post": [272.1582, -37.05077, -298.867],
							"lerp_mode": "catmullrom"
						},
						"2.0": {
							"post": [272.1582, -37.05077, -298.867],
							"lerp_mode": "catmullrom"
						},
						"2.125": {
							"post": [326.13527, 9.38779, -383.41052],
							"lerp_mode": "catmullrom"
						},
						"2.2083": {
							"post": [339.13527, 9.38779, -383.41052],
							"lerp_mode": "catmullrom"
						},
						"2.375": {
							"post": [322.63131, 3.84039, -379.11093],
							"lerp_mode": "catmullrom"
						},
						"2.5": {
							"post": [308.93753, -19.37871, -355.43112],
							"lerp_mode": "catmullrom"
						},
						"3.2083": {
							"post": [308.93753, -19.37871, -355.43112],
							"lerp_mode": "catmullrom"
						},
						"3.2917": {
							"post": [262.05338, -45.21173, -331.48552],
							"lerp_mode": "catmullrom"
						},
						"3.4583": {
							"post": [284.03691, -30.79551, -337.76008],
							"lerp_mode": "catmullrom"
						},
						"3.5833": {
							"post": [285.28652, -24.96484, -336.15754],
							"lerp_mode": "catmullrom"
						},
						"3.75": {
							"post": [319.49052, -10.91336, -349.64757],
							"lerp_mode": "catmullrom"
						},
						"3.8333": {
							"post": [326.89713, -3.966, -351.83867],
							"lerp_mode": "catmullrom"
						},
						"3.9583": {
							"post": [323.88673, -8.37551, -351.09269],
							"lerp_mode": "catmullrom"
						},
						"4.0417": {
							"post": [319.32765, -11.98453, -354.26074],
							"lerp_mode": "catmullrom"
						},
						"4.2083": {
							"post": [230.99681, -15.2045, -204.23792],
							"lerp_mode": "catmullrom"
						},
						"4.5": {
							"post": [248.30589, -69.86607, -250.96662],
							"lerp_mode": "catmullrom"
						},
						"4.7083": {
							"post": [248.30589, -69.86607, -250.96662],
							"lerp_mode": "catmullrom"
						},
						"4.875": {
							"post": [222.95, -75.28, -242.22],
							"lerp_mode": "catmullrom"
						},
						"5.0": {
							"post": [212.71025, -79.81408, -231.5381],
							"lerp_mode": "catmullrom"
						},
						"5.2083": {
							"post": [211.18302, -76.14046, -229.92185],
							"lerp_mode": "catmullrom"
						},
						"5.5": [100.03123, -13.91221, -110.91948]
					},
					"position": {
						"0.0": [-10.2, -15.29, -2.66],
						"0.125": {
							"pre": [-10.2, -15.2875, -2.6625],
							"post": [-10.2, -15.2875, -2.6625],
							"lerp_mode": "catmullrom"
						},
						"0.3333": {
							"post": [-10.2, -15.29, 2.04],
							"lerp_mode": "catmullrom"
						},
						"0.5833": {
							"post": [-11, -15.29, 15.04],
							"lerp_mode": "catmullrom"
						},
						"0.7917": {
							"post": [-11, -15.29, 15.04],
							"lerp_mode": "catmullrom"
						},
						"1.0417": {
							"post": [-11.75, -15.29, 21.015],
							"lerp_mode": "catmullrom"
						},
						"1.1667": {
							"post": [-11.8, -11.015, 21.02],
							"lerp_mode": "catmullrom"
						},
						"1.25": {
							"post": [-11.8, -11.015, 21.02],
							"lerp_mode": "catmullrom"
						},
						"1.3333": {
							"post": [-10.95, -13.3, 24.63],
							"lerp_mode": "catmullrom"
						},
						"1.375": {
							"post": [-8.52, -14.59, 24.735],
							"lerp_mode": "catmullrom"
						},
						"1.4167": {
							"post": [-6.2, -15.585, 23.745],
							"lerp_mode": "catmullrom"
						},
						"1.5417": {
							"post": [-6.2, -15.585, 23.745],
							"lerp_mode": "catmullrom"
						},
						"1.5833": {
							"post": [-7.26, -15.58, 25.07],
							"lerp_mode": "catmullrom"
						},
						"1.625": {
							"post": [-11.34, -15.58, 25.12],
							"lerp_mode": "catmullrom"
						},
						"1.75": {
							"post": [-13.17, -15.58, 24.87],
							"lerp_mode": "catmullrom"
						},
						"1.7917": {
							"post": [-13.17, -15.58, 24.87],
							"lerp_mode": "catmullrom"
						},
						"1.875": {
							"post": [-12.045, -20.155, 21.97],
							"lerp_mode": "catmullrom"
						},
						"1.9583": {
							"post": [-9.045, -19.955, 20.445],
							"lerp_mode": "catmullrom"
						},
						"2.125": {
							"post": [-5.69, -16.325, 24.15],
							"lerp_mode": "catmullrom"
						},
						"2.2083": {
							"post": [-5.29, -15.125, 24.975],
							"lerp_mode": "catmullrom"
						},
						"2.375": {
							"post": [-5.29, -15.12, 32.68],
							"lerp_mode": "catmullrom"
						},
						"2.5": {
							"post": [-10.34, -15.12, 35.48],
							"lerp_mode": "catmullrom"
						},
						"3.2083": {
							"post": [-10.34, -15.12, 35.48],
							"lerp_mode": "catmullrom"
						},
						"3.2917": {
							"post": [-8.45647, -20.98551, 35.63861],
							"lerp_mode": "catmullrom"
						},
						"3.4583": {
							"post": [-8.46, -16.64, 33.415],
							"lerp_mode": "catmullrom"
						},
						"3.5833": {
							"post": [-8.46, -16.24, 32.17],
							"lerp_mode": "catmullrom"
						},
						"3.75": {
							"post": [-8.46, -16.24, 24.57],
							"lerp_mode": "catmullrom"
						},
						"3.8333": {
							"post": [-8.46, -16.89, 24.12],
							"lerp_mode": "catmullrom"
						},
						"3.9583": {
							"post": [-8.46, -17.365, 24.62],
							"lerp_mode": "catmullrom"
						},
						"4.0417": {
							"post": [-10.88, -19.5, 24.65],
							"lerp_mode": "catmullrom"
						},
						"4.2083": {
							"post": [-11.76, -11.41, 18.045],
							"lerp_mode": "catmullrom"
						},
						"4.5": {
							"post": [-11.8, -11.015, 21.02],
							"lerp_mode": "catmullrom"
						},
						"4.7083": {
							"post": [-11.8, -11.015, 21.02],
							"lerp_mode": "catmullrom"
						},
						"4.875": {
							"post": [-11.75, -15.29, 21.015],
							"lerp_mode": "catmullrom"
						},
						"5.0": {
							"post": [-11.75, -15.29, 20.04],
							"lerp_mode": "catmullrom"
						},
						"5.2083": {
							"post": [-10.35, -15.29, 14.965],
							"lerp_mode": "catmullrom"
						},
						"5.5": [-10.2, -15.2875, -2.6625]
					},
					"scale": {
						"0.0": [1, 1.5, 1],
						"5.5": [1, 1.5, 1]
					}
				},
				"root": {
					"rotation": {
						"0.0": [0, 0, 0],
						"0.2917": {
							"pre": [22.06253, -9.92698, -0.38028],
							"post": [22.06253, -9.92698, -0.38028],
							"lerp_mode": "catmullrom"
						},
						"0.5417": {
							"post": [67.11753, -12.87548, -5.71176],
							"lerp_mode": "catmullrom"
						},
						"0.7917": {
							"post": [70.48254, -17.50407, 0.87617],
							"lerp_mode": "catmullrom"
						},
						"1.0417": {
							"post": [70.11089, -15.22607, 0.38266],
							"lerp_mode": "catmullrom"
						},
						"1.25": {
							"post": [64.37339, -42.13602, 12.93378],
							"lerp_mode": "catmullrom"
						},
						"1.375": {
							"post": [65.54612, -40.41687, 11.7235],
							"lerp_mode": "catmullrom"
						},
						"1.5417": {
							"post": [64.37339, -42.13602, 12.93378],
							"lerp_mode": "catmullrom"
						},
						"1.75": {
							"post": [72.14333, -24.71664, -2.93552],
							"lerp_mode": "catmullrom"
						},
						"1.875": {
							"post": [72.64333, -24.71664, -2.93552],
							"lerp_mode": "catmullrom"
						},
						"2.2083": {
							"post": [73.14333, -24.71664, -2.93552],
							"lerp_mode": "catmullrom"
						},
						"2.375": {
							"post": [71.40594, -27.81831, -17.02382],
							"lerp_mode": "catmullrom"
						},
						"2.6667": {
							"post": [70.65692, -27.65784, -16.48878],
							"lerp_mode": "catmullrom"
						},
						"2.9583": {
							"post": [66.66, -18.66, -16.49],
							"lerp_mode": "catmullrom"
						},
						"3.2917": {
							"post": [66.66, -18.66, -16.49],
							"lerp_mode": "catmullrom"
						},
						"3.625": {
							"post": [63.56666, -40.44716, 14.14134],
							"lerp_mode": "catmullrom"
						},
						"3.7083": {
							"post": [63.56666, -41.69716, 15.39134],
							"lerp_mode": "catmullrom"
						},
						"3.75": {
							"post": [63.81666, -41.69716, 14.14134],
							"lerp_mode": "catmullrom"
						},
						"3.9167": {
							"post": [64.19807, -42.56205, 11.70961],
							"lerp_mode": "catmullrom"
						},
						"4.0833": {
							"post": [64.69807, -42.56205, 11.70961],
							"lerp_mode": "catmullrom"
						},
						"4.3333": {
							"post": [60.88726, -49.68325, 16.98436],
							"lerp_mode": "catmullrom"
						},
						"4.5": {
							"post": [68.11517, -25.22236, 5.33133],
							"lerp_mode": "catmullrom"
						},
						"4.6667": {
							"post": [68.37715, -26.52174, 4.71102],
							"lerp_mode": "catmullrom"
						},
						"4.8333": {
							"post": [68.55662, -25.59153, 4.30246],
							"lerp_mode": "catmullrom"
						},
						"4.875": {
							"post": [71.13069, -7.05613, -3.32418],
							"lerp_mode": "catmullrom"
						},
						"5.0": {
							"post": [70.73314, -12.91485, -0.87507],
							"lerp_mode": "catmullrom"
						},
						"5.125": {
							"post": [72.29923, -8.54704, -2.63925],
							"lerp_mode": "catmullrom"
						},
						"5.4583": {
							"post": [38.09966, -24.46302, 2.695],
							"lerp_mode": "catmullrom"
						},
						"5.5833": {
							"post": [40.69181, -29.53131, 5.9154],
							"lerp_mode": "catmullrom"
						},
						"5.8333": {
							"post": [8.69439, -4.25975, -0.10433],
							"lerp_mode": "catmullrom"
						},
						"6.0": {
							"post": [-1.00015, 0.74985, -1.99245],
							"lerp_mode": "catmullrom"
						},
						"6.1667": {
							"post": [0, 0, 1.025],
							"lerp_mode": "catmullrom"
						},
						"6.3333": {
							"post": [0, 0, -0.3],
							"lerp_mode": "catmullrom"
						},
						"6.5417": [0, 0, 0]
					},
					"position": {
						"0.0": [0, 0, 0],
						"0.25": {
							"pre": [-1.25, -3.15, 0],
							"post": [-1.25, -3.15, 0],
							"lerp_mode": "catmullrom"
						},
						"0.5": {
							"post": [-1.25, -16.725, -2.6],
							"lerp_mode": "catmullrom"
						},
						"0.75": {
							"post": [2.21774, -23.02073, -9.83866],
							"lerp_mode": "catmullrom"
						},
						"1.0": {
							"post": [2.16937, -23.15782, -10.72105],
							"lerp_mode": "catmullrom"
						},
						"1.2083": {
							"post": [2.20991, -23.15335, -10.7307],
							"lerp_mode": "catmullrom"
						},
						"1.5": {
							"post": [2.20991, -23.15335, -10.7307],
							"lerp_mode": "catmullrom"
						},
						"1.7083": {
							"post": [2.01, -23.15, -10.73],
							"lerp_mode": "catmullrom"
						},
						"1.8333": {
							"post": [2.21, -23.15, -10.73],
							"lerp_mode": "catmullrom"
						},
						"2.125": {
							"post": [2.21, -23.15, -10.73],
							"lerp_mode": "catmullrom"
						},
						"2.3333": {
							"post": [2.21, -23.15, -10.73],
							"lerp_mode": "catmullrom"
						},
						"2.625": {
							"post": [2.21, -23.15, -10.73],
							"lerp_mode": "catmullrom"
						},
						"2.9167": {
							"post": [2.21, -23.85, -10.73],
							"lerp_mode": "catmullrom"
						},
						"3.25": {
							"post": [2.21, -23.85, -10.73],
							"lerp_mode": "catmullrom"
						},
						"3.5833": {
							"post": [2.20991, -23.15335, -10.7307],
							"lerp_mode": "catmullrom"
						},
						"3.7083": {
							"post": [2.20991, -23.15335, -10.7307],
							"lerp_mode": "catmullrom"
						},
						"3.75": {
							"post": [2.21, -23.525, -10.73],
							"lerp_mode": "catmullrom"
						},
						"3.875": {
							"post": [2.20991, -23.15335, -10.7307],
							"lerp_mode": "catmullrom"
						},
						"4.0417": {
							"post": [2.21, -23.275, -10.73],
							"lerp_mode": "catmullrom"
						},
						"4.2917": {
							"post": [2.21, -23.275, -10.73],
							"lerp_mode": "catmullrom"
						},
						"4.4583": {
							"post": [2.21, -23.275, -10.73],
							"lerp_mode": "catmullrom"
						},
						"4.625": {
							"post": [2.21, -23.275, -10.73],
							"lerp_mode": "catmullrom"
						},
						"4.8333": {
							"post": [2.21, -23.275, -10.73],
							"lerp_mode": "catmullrom"
						},
						"4.875": {
							"post": [2.21, -23.555, -10.78],
							"lerp_mode": "catmullrom"
						},
						"5.0": {
							"post": [2.21, -23.88, -10.78],
							"lerp_mode": "catmullrom"
						},
						"5.0833": {
							"post": [2.21, -25.375, -8.705],
							"lerp_mode": "catmullrom"
						},
						"5.4167": {
							"post": [2.21, -26.37, -5.655],
							"lerp_mode": "catmullrom"
						},
						"5.5833": {
							"post": [0, -7.975, 0],
							"lerp_mode": "catmullrom"
						},
						"5.7917": {
							"post": [-0.725, -0.275, -1.725],
							"lerp_mode": "catmullrom"
						},
						"6.0417": {
							"post": [0.125, -0.175, 0.175],
							"lerp_mode": "catmullrom"
						},
						"6.2083": {
							"post": [0, 0, -0.05],
							"lerp_mode": "catmullrom"
						},
						"6.375": {
							"post": [0, 0, 0.05],
							"lerp_mode": "catmullrom"
						},
						"6.5417": [0, 0, 0]
					}
				},
				"hougai": {
					"rotation": {
						"1.5417": [0, 0, 0],
						"1.75": [0, -93, 0],
						"4.2917": [0, -93, 0],
						"4.5": [0, 0, 0]
					}
				},
				"xuanzhuan": {
					"rotation": {
						"1.0": [0, 0, 0],
						"1.1667": [0, 0, 45],
						"4.7083": [0, 0, 45],
						"4.875": [0, 0, 0]
					}
				},
				"he": {
					"rotation": {
						"0.0": [0, 0, 0],
						"3.0417": [-40.09, 0, 0],
						"3.4583": [0, 0, 0],
						"3.5833": [0, 0, 0],
						"3.75": [0, 0, 0]
					},
					"position": {
						"0.0": [0, 0, 0],
						"3.0417": [0, -10.2, 17.505],
						"3.2917": [0, -4.08, 17.995],
						"3.375": [0, -1.815, 18.195],
						"3.4583": [0, 0, 16.45],
						"3.5833": [0, 0, 14.95],
						"3.75": [0, 0, 0]
					},
					"scale": {
						"0.0": [0.075, 0.075, 0.075],
						"0.0417": [0, 0, 0],
						"2.8333": [0, 0, 0],
						"2.875": [1, 1, 1]
					}
				},
				"shell_used": {
					"rotation": {
						"2.2083": [0, 0, 0],
						"2.375": [0, 0, 0],
						"2.5": [0, 0, 0],
						"2.7083": [-49, -59, 0]
					},
					"position": {
						"2.2083": [0, 0, 0],
						"2.375": [0, 0, 10.15],
						"2.5": [0, 0, 13.375],
						"2.7083": [-3.225, -8.725, 15.43]
					},
					"scale": {
						"0.0": [0, 0, 0],
						"0.0417": [1, 1, 1],
						"2.8333": [1, 1, 1],
						"2.875": [0, 0, 0]
					}
				},
				"camera": {
					"rotation": {
						"0.0": [0, 0, 0],
						"0.1667": {
							"pre": [0.675, 0, -0.225],
							"post": [0.675, 0, -0.225],
							"lerp_mode": "catmullrom"
						},
						"0.3333": {
							"post": [0.475, 0, 0.525],
							"lerp_mode": "catmullrom"
						},
						"0.5": {
							"post": [1.75, 0, 0.6],
							"lerp_mode": "catmullrom"
						},
						"0.7083": {
							"post": [1.75, 0, 0.175],
							"lerp_mode": "catmullrom"
						},
						"0.75": {
							"post": [2.375, 0, -0.275],
							"lerp_mode": "catmullrom"
						},
						"0.7917": {
							"post": [1.5, 0, 0.275],
							"lerp_mode": "catmullrom"
						},
						"0.8333": {
							"post": [1.875, 0, -0.15],
							"lerp_mode": "catmullrom"
						},
						"0.9167": {
							"post": [1.7, 0, 0.125],
							"lerp_mode": "catmullrom"
						},
						"1.0": {
							"post": [1.75, 0, 0],
							"lerp_mode": "catmullrom"
						},
						"1.2083": {
							"post": [1.75, 0, -0.525],
							"lerp_mode": "catmullrom"
						},
						"1.25": {
							"post": [2, 0, 0.2],
							"lerp_mode": "catmullrom"
						},
						"1.2917": {
							"post": [1.65, 0, -0.675],
							"lerp_mode": "catmullrom"
						},
						"1.375": {
							"post": [1.8, 0, -0.175],
							"lerp_mode": "catmullrom"
						},
						"1.4583": {
							"post": [1.75, 0, -0.3],
							"lerp_mode": "catmullrom"
						},
						"1.5417": {
							"post": [1.75, 0, -0.3],
							"lerp_mode": "catmullrom"
						},
						"1.75": {
							"post": [1.75, 0, 0.125],
							"lerp_mode": "catmullrom"
						},
						"1.7917": {
							"post": [1.75, 0, -0.325],
							"lerp_mode": "catmullrom"
						},
						"1.8333": {
							"post": [1.75, 0, 0.225],
							"lerp_mode": "catmullrom"
						},
						"1.875": {
							"post": [1.75, 0, -0.075],
							"lerp_mode": "catmullrom"
						},
						"1.9583": {
							"post": [1.75, 0, 0.1],
							"lerp_mode": "catmullrom"
						},
						"2.0417": {
							"post": [1.75, 0, -0.075],
							"lerp_mode": "catmullrom"
						},
						"2.125": {
							"post": [1.875, 0.05, 0],
							"lerp_mode": "catmullrom"
						},
						"2.2083": {
							"post": [2.225, 0.375, -0.3],
							"lerp_mode": "catmullrom"
						},
						"2.5": {
							"post": [2.35, 1.075, 0.95],
							"lerp_mode": "catmullrom"
						},
						"2.625": {
							"post": [2.35, 0.975, 0.675],
							"lerp_mode": "catmullrom"
						},
						"2.7083": {
							"post": [2.35, 1.1, 0.8],
							"lerp_mode": "catmullrom"
						},
						"2.8333": {
							"post": [2.35, 1, 0.775],
							"lerp_mode": "catmullrom"
						},
						"2.9167": {
							"post": [2.35, 1, 0.775],
							"lerp_mode": "catmullrom"
						},
						"3.2917": {
							"post": [2.25, 0.775, 0.775],
							"lerp_mode": "catmullrom"
						},
						"3.6667": {
							"post": [1.75, 0, 0.025],
							"lerp_mode": "catmullrom"
						},
						"3.7083": {
							"post": [1.75, 0, 0],
							"lerp_mode": "catmullrom"
						},
						"3.75": {
							"post": [2.075, 0, 0.3],
							"lerp_mode": "catmullrom"
						},
						"3.7917": {
							"post": [1.475, 0, -0.35],
							"lerp_mode": "catmullrom"
						},
						"3.8333": {
							"post": [1.8, 0, 0.1],
							"lerp_mode": "catmullrom"
						},
						"3.9167": {
							"post": [1.675, 0, -0.1],
							"lerp_mode": "catmullrom"
						},
						"4.0": {
							"post": [1.75, 0, 0.05],
							"lerp_mode": "catmullrom"
						},
						"4.125": {
							"post": [1.75, 0, 0],
							"lerp_mode": "catmullrom"
						},
						"4.3333": {
							"post": [1.75, 0, 0.3],
							"lerp_mode": "catmullrom"
						},
						"4.5": {
							"post": [1.75, 0, 0],
							"lerp_mode": "catmullrom"
						},
						"4.5417": {
							"post": [2.025, 0, 0.275],
							"lerp_mode": "catmullrom"
						},
						"4.625": {
							"post": [1.675, 0, -0.175],
							"lerp_mode": "catmullrom"
						},
						"4.7083": {
							"post": [1.75, 0, 0.1],
							"lerp_mode": "catmullrom"
						},
						"4.8333": {
							"post": [1.75, 0, 0],
							"lerp_mode": "catmullrom"
						},
						"4.875": {
							"post": [2.075, 0, 0.475],
							"lerp_mode": "catmullrom"
						},
						"4.9167": {
							"post": [1.55, 0, -0.425],
							"lerp_mode": "catmullrom"
						},
						"4.9583": {
							"post": [1.825, 0, 0.175],
							"lerp_mode": "catmullrom"
						},
						"5.0417": {
							"post": [1.7, 0, -0.125],
							"lerp_mode": "catmullrom"
						},
						"5.125": {
							"post": [1.75, 0, 0.075],
							"lerp_mode": "catmullrom"
						},
						"5.25": {
							"post": [1.8, 0, -0.575],
							"lerp_mode": "catmullrom"
						},
						"5.4583": {
							"post": [1.325, 0, -0.725],
							"lerp_mode": "catmullrom"
						},
						"5.625": {
							"post": [0.2, 0, -0.75],
							"lerp_mode": "catmullrom"
						},
						"5.7083": {
							"post": [-0.025, 0, -0.45],
							"lerp_mode": "catmullrom"
						},
						"5.875": {
							"post": [0, 0, 0.65],
							"lerp_mode": "catmullrom"
						},
						"5.9583": {
							"post": [0, 0, -0.35],
							"lerp_mode": "catmullrom"
						},
						"6.0417": {
							"post": [0.4, 0, 0.35],
							"lerp_mode": "catmullrom"
						},
						"6.125": {
							"post": [-0.175, 0, -0.2],
							"lerp_mode": "catmullrom"
						},
						"6.2083": {
							"post": [0.125, 0, 0.125],
							"lerp_mode": "catmullrom"
						},
						"6.2917": {
							"post": [-0.025, 0, -0.05],
							"lerp_mode": "catmullrom"
						},
						"6.375": {
							"post": [0.05, 0, 0.025],
							"lerp_mode": "catmullrom"
						},
						"6.4583": {
							"post": [0, 0, 0],
							"lerp_mode": "catmullrom"
						},
						"6.5833": [0, 0, 0]
					}
				}
			},
			"sound_effects": {
				"0.0": {
					"effect": "m18_reload.mp3"
				}
			}
		},
		"draw": {
			"loop": "hold_on_last_frame",
			"animation_length": 1.0417,
			"bones": {
				"root": {
					"rotation": {
						"0.0": [40.69181, -29.53131, 5.9154],
						"0.3333": {
							"pre": [8.69439, -4.25975, -0.10433],
							"post": [8.69439, -4.25975, -0.10433],
							"lerp_mode": "catmullrom"
						},
						"0.5": {
							"post": [-1.00015, 0.74985, -1.99245],
							"lerp_mode": "catmullrom"
						},
						"0.6667": {
							"post": [0, 0, 1.025],
							"lerp_mode": "catmullrom"
						},
						"0.8333": {
							"post": [0, 0, -0.3],
							"lerp_mode": "catmullrom"
						},
						"1.0417": [0, 0, 0]
					},
					"position": {
						"0.0": [0, -7.975, 0],
						"0.2917": {
							"pre": [-0.725, -0.275, -1.725],
							"post": [-0.725, -0.275, -1.725],
							"lerp_mode": "catmullrom"
						},
						"0.5417": {
							"post": [0.125, -0.175, 0.175],
							"lerp_mode": "catmullrom"
						},
						"0.7083": {
							"post": [0, 0, -0.05],
							"lerp_mode": "catmullrom"
						},
						"0.875": {
							"post": [0, 0, 0.05],
							"lerp_mode": "catmullrom"
						},
						"1.0417": [0, 0, 0]
					}
				},
				"lefthand": {
					"rotation": [105.49355, -44.11417, -191.33214],
					"position": [6.0937, -17.895, -2.595],
					"scale": [1, 1.5, 1]
				},
				"righthand": {
					"rotation": [100.03123, -13.91221, -110.91948],
					"position": [-10.2, -15.2875, -2.6625],
					"scale": [1, 1.5, 1]
				},
				"camera": {
					"rotation": {
						"0.0": [0, 0, 0],
						"0.0833": {
							"pre": [0.85, 0, 0.125],
							"post": [0.85, 0, 0.125],
							"lerp_mode": "catmullrom"
						},
						"0.1667": {
							"post": [0.55, 0, 0.375],
							"lerp_mode": "catmullrom"
						},
						"0.3333": {
							"post": [-0.8, 0, 0.575],
							"lerp_mode": "catmullrom"
						},
						"0.5": {
							"post": [-0.45, 0, 0.6],
							"lerp_mode": "catmullrom"
						},
						"0.5417": {
							"post": [0.3, 0, -0.475],
							"lerp_mode": "catmullrom"
						},
						"0.5833": {
							"post": [-0.25, 0, 0.3],
							"lerp_mode": "catmullrom"
						},
						"0.625": {
							"post": [0.075, 0, -0.225],
							"lerp_mode": "catmullrom"
						},
						"0.7083": {
							"post": [-0.125, 0, 0.175],
							"lerp_mode": "catmullrom"
						},
						"0.7917": {
							"post": [0.025, 0, -0.075],
							"lerp_mode": "catmullrom"
						},
						"0.875": {
							"post": [-0.05, 0, 0.05],
							"lerp_mode": "catmullrom"
						},
						"0.9583": [0, 0, 0]
					}
				}
			},
			"sound_effects": {
				"0.0": {
					"effect": "pila_raise_quick_up"
				},
				"0.0417": {
					"effect": "pila_reload_arm"
				}
			}
		},
		"put_away": {
			"animation_length": 0.9583,
			"bones": {
				"root": {
					"rotation": {
						"0.0": [0, 0, 0],
						"0.3333": {
							"pre": [-6.52527, -1.91487, 6.42773],
							"post": [-6.52527, -1.91487, 6.42773],
							"lerp_mode": "catmullrom"
						},
						"0.4583": {
							"post": [-23.50134, -0.31666, 10.07977],
							"lerp_mode": "catmullrom"
						},
						"0.625": {
							"post": [-77.78667, -6.1476, 3.18327],
							"lerp_mode": "catmullrom"
						},
						"0.9583": {
							"post": [-87.93882, -13.9913, -0.49854],
							"lerp_mode": "catmullrom"
						}
					},
					"position": {
						"0.0": [0, 0, 0],
						"0.25": {
							"pre": [0.4, -1.175, -0.85],
							"post": [0.4, -1.175, -0.85],
							"lerp_mode": "catmullrom"
						},
						"0.875": {
							"post": [-5, -9.095, 6.75],
							"lerp_mode": "catmullrom"
						}
					}
				},
				"lefthand": {
					"rotation": {
						"0.0": [105.49355, -44.11417, -191.33214],
						"0.2083": {
							"pre": [125.32302, -30.19669, -214.14457],
							"post": [125.32302, -30.19669, -214.14457],
							"lerp_mode": "catmullrom"
						},
						"0.3333": {
							"post": [109.62062, -1.59664, -229.75566],
							"lerp_mode": "catmullrom"
						},
						"0.5833": {
							"post": [75.7472, -36.76602, -221.43174],
							"lerp_mode": "catmullrom"
						}
					},
					"position": {
						"0.0": [6.0937, -17.895, -2.595],
						"0.1667": {
							"pre": [7.4187, -19.445, -7.495],
							"post": [7.4187, -19.445, -7.495],
							"lerp_mode": "catmullrom"
						},
						"0.2917": {
							"post": [8.765, -16.045, -8.02],
							"lerp_mode": "catmullrom"
						},
						"0.5417": {
							"post": [8.77, -16.05, -7.295],
							"lerp_mode": "catmullrom"
						}
					},
					"scale": [1, 1.5, 1]
				},
				"righthand": {
					"rotation": {
						"0.0": [100.03123, -13.91221, -110.91948],
						"0.2083": [78.64688, -38.4595, -126.95712],
						"0.5833": [78.65, -38.46, -126.96]
					},
					"position": {
						"0.0": [-10.2, -15.2875, -2.6625],
						"0.2083": [-10.2, -16.7625, 3.2875],
						"0.5833": [-10.2, -16.76, 3.29]
					},
					"scale": [1, 1.5, 1]
				},
				"camera": {
					"rotation": {
						"0.0": [0, 0, 0],
						"0.125": {
							"pre": [0.3, 0, -0.525],
							"post": [0.3, 0, -0.525],
							"lerp_mode": "catmullrom"
						},
						"0.3333": {
							"post": [-0.5, 0, 0.2],
							"lerp_mode": "catmullrom"
						},
						"0.625": {
							"post": [0, 0, 0.4],
							"lerp_mode": "catmullrom"
						},
						"0.6667": {
							"post": [-0.35, 0, -0.275],
							"lerp_mode": "catmullrom"
						},
						"0.75": {
							"post": [-0.225, 0, 0.175],
							"lerp_mode": "catmullrom"
						},
						"0.7917": {
							"post": [0, 0, -0.125],
							"lerp_mode": "catmullrom"
						},
						"0.875": {
							"post": [0, 0, 0.075],
							"lerp_mode": "catmullrom"
						},
						"0.9583": [0, 0, 0]
					}
				}
			},
			"sound_effects": {
				"0.0417": {
					"effect": "pila_drop_down"
				}
			}
		},
		"shoot": {
			"animation_length": 0.85,
			"bones": {
				"shell_inspect": {
					"scale": 0
				},
				"bullet_in_mag_empty": {
					"scale": 0
				},
				"root": {
					"rotation": {
						"0.0": [0, 0, 0],
						"0.0167": [-0.6, 0.16, 4.24],
						"0.0333": [-5.95, 0.32, -2.91],
						"0.05": [-7.17, 0.44, -0.42],
						"0.0667": [-7.74, 0.57, 2.44],
						"0.0833": [-7.94, 0.67, 1.5],
						"0.1": [-7.95, 0.78, -0.49],
						"0.1167": [-7.79, 0.82, -1.73],
						"0.1333": [-7.57, 0.79, -1.56],
						"0.15": [-7.24, 0.75, -0.94],
						"0.1667": [-6.87, 0.68, -0.14],
						"0.1833": [-6.52, 0.59, 0.58],
						"0.2": [-6.25, 0.49, 0.95],
						"0.2167": [-6.07, 0.37, 0.87],
						"0.2333": [-5.93, 0.21, 0.51],
						"0.25": [-5.83, 0.05, 0.03],
						"0.2667": [-5.76, -0.1, -0.41],
						"0.2833": [-5.71, -0.22, -0.66],
						"0.3": [-5.71, -0.3, -0.66],
						"0.3167": [-5.79, -0.37, -0.52],
						"0.3333": [-5.86, -0.41, -0.31],
						"0.35": [-5.89, -0.44, -0.12],
						"0.3667": [-5.8, -0.46, -0.03],
						"0.3833": [-5.56, -0.45, -0.05],
						"0.4": [-5.2, -0.42, -0.15],
						"0.4167": [-4.79, -0.38, -0.27],
						"0.4333": [-4.39, -0.34, -0.38],
						"0.45": [-4.06, -0.31, -0.43],
						"0.4667": [-3.74, -0.29, -0.38],
						"0.4833": [-3.5, -0.28, -0.26],
						"0.5": [-3.03, -0.24, -0.15],
						"0.5167": [-2.5, -0.2, -0.11],
						"0.5333": [-1.82, -0.15, -0.07],
						"0.55": [-1.09, -0.09, -0.04],
						"0.5667": [-0.44, -0.04, -0.02],
						"0.5833": [0, 0, 0],
						"0.6": [0.15, 0.01, 0.01],
						"0.6167": [0.21, 0.02, 0.01],
						"0.6333": [0.22, 0.02, 0.01],
						"0.65": [0.19, 0.02, 0.01],
						"0.6667": [0.13, 0.01, 0.01],
						"0.6833": [0.07, 0.01, 0],
						"0.7": [0.02, 0, 0],
						"0.7167": [0, 0, 0],
						"0.7333": [0, 0, 0],
						"0.75": [0, 0, 0],
						"0.7667": [0, 0, 0],
						"0.7833": [0, 0, 0],
						"0.8": [0, 0, 0],
						"0.8167": [0, 0, 0],
						"0.8333": [0, 0, 0],
						"0.85": [0, 0, 0]
					},
					"position": {
						"0.0": [0, 0, 0],
						"0.0167": [-0.14, 0.45, 3.78],
						"0.0333": [-0.14, 1.1, 3.84],
						"0.05": [-0.13, 1.14, 3.67],
						"0.0667": [-0.11, 1.16, 3.42],
						"0.0833": [-0.08, 1.18, 3.11],
						"0.1": [-0.06, 1.18, 2.8],
						"0.1167": [-0.03, 1.17, 2.49],
						"0.1333": [-0.01, 1.16, 2.22],
						"0.15": [0, 1.15, 2.02],
						"0.1667": [0.01, 1.14, 1.92],
						"0.1833": [0.01, 1.12, 1.86],
						"0.2": [0.01, 1.1, 1.83],
						"0.2167": [0.01, 1.08, 1.81],
						"0.2333": [0.01, 1.05, 1.81],
						"0.25": [0.01, 1.02, 1.8],
						"0.2667": [0, 0.98, 1.78],
						"0.2833": [0, 0.94, 1.75],
						"0.3": [0, 0.89, 1.68],
						"0.3167": [0, 0.84, 1.59],
						"0.3333": [0, 0.77, 1.47],
						"0.35": [0, 0.7, 1.34],
						"0.3667": [0, 0.62, 1.2],
						"0.3833": [0, 0.54, 1.05],
						"0.4": [0, 0.46, 0.91],
						"0.4167": [0, 0.38, 0.77],
						"0.4333": [0, 0.31, 0.64],
						"0.45": [0, 0.24, 0.52],
						"0.4667": [0, 0.17, 0.4],
						"0.4833": [0, 0.1, 0.28],
						"0.5": [0, 0.03, 0.16],
						"0.5167": [0, -0.04, 0.05],
						"0.5333": [0, -0.1, -0.05],
						"0.55": [0, -0.15, -0.14],
						"0.5667": [0, -0.19, -0.2],
						"0.5833": [0, -0.21, -0.25],
						"0.6": [0, -0.22, -0.27],
						"0.6167": [0, -0.2, -0.26],
						"0.6333": [0, -0.17, -0.23],
						"0.65": [0, -0.13, -0.19],
						"0.6667": [0, -0.09, -0.15],
						"0.6833": [0, -0.05, -0.1],
						"0.7": [0, -0.02, -0.06],
						"0.7167": [0, 0, -0.04],
						"0.7333": [0, 0.01, -0.02],
						"0.75": [0, 0.01, -0.01],
						"0.7667": [0, 0.02, -0.01],
						"0.7833": [0, 0.01, -0.01],
						"0.8": [0, 0.01, 0],
						"0.8167": [0, 0, 0],
						"0.8333": [0, 0, 0],
						"0.85": [0, 0, 0]
					}
				},
				"constraint": {
					"rotation": {
						"0.25": [0.2, 0.2, 0.2],
						"0.3667": [0.1, 0.1, 0.1],
						"0.55": [0, 0, 0]
					},
					"position": {
						"0.25": [0.15, 0.05, 0.5],
						"0.3667": [0.1, 0, 0.1],
						"0.55": [0, 0, 0]
					}
				},
				"camera": {
					"rotation": {
						"0.0": [0, 0, 0.01],
						"0.0167": [0, 0, 1.43],
						"0.0333": [0, 0, -1],
						"0.05": [0, 0, -0.05],
						"0.0667": [0, 0, 1],
						"0.0833": [0, 0, 0.63],
						"0.1": [0, 0, -0.14],
						"0.1167": [0, 0, -0.6],
						"0.1333": [0, 0, -0.46],
						"0.15": [0, 0, -0.07],
						"0.1667": [0, 0, 0.34],
						"0.1833": [0, 0, 0.55],
						"0.2": [0, 0, 0.49],
						"0.2167": [0, 0, 0.31],
						"0.2333": [0, 0, 0.07],
						"0.25": [0, 0, -0.14],
						"0.2667": [0, 0, -0.25],
						"0.2833": [0, 0, -0.24],
						"0.3": [0, 0, -0.17],
						"0.3167": [0, 0, -0.06],
						"0.3333": [0, 0, 0.05],
						"0.35": [0, 0, 0.15],
						"0.3667": [0, 0, 0.2],
						"0.3833": [0, 0, 0.2],
						"0.4": [0, 0, 0.19],
						"0.4167": [0, 0, 0.16],
						"0.4333": [0, 0, 0.13],
						"0.45": [0, 0, 0.09],
						"0.4667": [0, 0, 0.05],
						"0.4833": [0, 0, 0.02],
						"0.5": [0, 0, 0.01]
					}
				}
			}
		}
	}
}