{
	"format_version": "1.8.0",
	"animations": {
		"static_idle": {
			"animation_length": 0.0833,
			"bones": {
				"constraint": {
					"rotation": [0.2, 0.2, 0.4],
					"position": [0.1, 0.1, 0.1]
				},
				"lefthand": {
					"rotation": [114.16777, 7.28886, -231.37148],
					"position": [8.4187, -13.37, -7.095],
					"scale": [1, 1.5, 1]
				},
				"righthand": {
					"rotation": [96.75962, 6.88058, -179.56092],
					"position": [-6.775, -14.9625, 7.0875],
					"scale": [1, 1.5, 1]
				},
				"root": {
					"rotation": [0, 0, 0],
					"position": [0, 0, 0]
				}
			}
		},
		"inspect_empty": {
			"loop": "hold_on_last_frame",
			"animation_length": 6.875,
			"bones": {
				"lefthand": {
					"rotation": {
						"0.0": [114.16777, 7.28886, -231.37148],
						"0.1667": [114.17, 7.29, -231.37],
						"0.2917": [99.66325, 13.16072, -245.40407],
						"1.7083": [99.66, 13.16, -245.4],
						"1.875": [111.39354, 0.39108, -202.95487],
						"4.0417": [111.39, 0.39, -202.95],
						"4.1667": [111.17328, 7.71209, -225.00725],
						"4.2917": [114.16777, 7.28886, -231.37148]
					},
					"position": {
						"0.0": [8.4187, -13.37, -7.095],
						"0.1667": [8.42, -13.37, -7.09],
						"0.2917": [8.42, -15.695, 0.16],
						"1.7083": [8.42, -15.69, 0.16],
						"1.875": [6.57, -16.365, 0.16],
						"4.0417": [6.57, -16.36, 0.16],
						"4.1667": [8.64, -16.56, -2.26],
						"4.2917": [8.4187, -13.37, -7.095]
					},
					"scale": [1, 1.5, 1]
				},
				"righthand": {
					"rotation": {
						"0.0": [96.75962, 6.88058, -179.56092],
						"4.25": [96.76, 6.88, -179.56],
						"4.3333": [112.22104, -6.03682, -138.00287],
						"4.4167": [107.59368, -15.03376, -113.1559],
						"4.5": [112.25834, -26.18579, -124.22987],
						"4.5833": [107.95357, -21.20517, -130.62975],
						"5.75": [107.95357, -21.20517, -130.62975],
						"5.8333": [112.25834, -26.18579, -124.22987],
						"5.9167": [112.22104, -6.03682, -138.00287],
						"6.0": [96.76, 6.88, -179.56]
					},
					"position": {
						"0.0": [-6.775, -14.9625, 7.0875],
						"4.25": [-6.77, -14.96, 7.09],
						"4.3333": [-9.10369, -14.47222, 5.60383],
						"4.4167": [-8.7828, -12.26445, 5.83771],
						"4.5": [-8.7828, -12.26445, 5.83771],
						"4.5833": [-8.36297, -12.00234, 9.57979],
						"4.75": [-8.36, -12, 9.18],
						"4.9167": [-8.36, -12, 9.33],
						"5.125": [-8.36, -12, 9.355],
						"5.3333": [-8.36, -12, 9.33],
						"5.625": [-8.36, -12, 9.33],
						"5.75": [-8.36297, -12.00234, 9.17979],
						"5.8333": [-8.7828, -12.26445, 5.83771],
						"5.9167": [-9.10369, -14.47222, 5.60383],
						"6.0": [-6.77, -14.96, 7.09]
					},
					"scale": [1, 1.5, 1]
				},
				"root": {
					"rotation": {
						"0.0": [0, 0, 0],
						"0.1667": {
							"pre": [0.87562, -0.16148, 7.90219],
							"post": [0.87562, -0.16148, 7.90219],
							"lerp_mode": "catmullrom"
						},
						"0.3333": {
							"post": [-6.93254, -0.97184, -19.94113],
							"lerp_mode": "catmullrom"
						},
						"0.5": {
							"post": [-5.9905, -0.36544, -14.97768],
							"lerp_mode": "catmullrom"
						},
						"0.5833": {
							"post": [-9.98984, 0.20383, -12.0306],
							"lerp_mode": "catmullrom"
						},
						"0.7083": {
							"post": [-9.94134, -1.00903, -18.92502],
							"lerp_mode": "catmullrom"
						},
						"0.8333": {
							"post": [-6.9572, -0.83625, -17.93993],
							"lerp_mode": "catmullrom"
						},
						"1.0": {
							"post": [-4.9572, -0.83625, -17.93993],
							"lerp_mode": "catmullrom"
						},
						"1.25": {
							"post": [-6.92511, -1.00853, -19.93276],
							"lerp_mode": "catmullrom"
						},
						"1.5417": {
							"post": [-6.92511, -1.00853, -19.93276],
							"lerp_mode": "catmullrom"
						},
						"1.7083": {
							"post": [-2.00565, -0.83695, -14.93505],
							"lerp_mode": "catmullrom"
						},
						"1.8333": {
							"post": [-2.03362, -0.76646, -12.9361],
							"lerp_mode": "catmullrom"
						},
						"1.9583": {
							"post": [-3.00506, -0.87181, -14.93353],
							"lerp_mode": "catmullrom"
						},
						"2.1667": {
							"post": [-2.91776, -1.13029, -19.92761],
							"lerp_mode": "catmullrom"
						},
						"2.4583": {
							"post": [-2.91776, -1.13029, -19.92761],
							"lerp_mode": "catmullrom"
						},
						"2.7917": {
							"post": [-2.91776, -1.13029, -19.92761],
							"lerp_mode": "catmullrom"
						},
						"2.9167": {
							"post": [-4.85468, -1.28139, -22.92447],
							"lerp_mode": "catmullrom"
						},
						"3.0833": {
							"post": [-1.99493, -0.50717, -13.95667],
							"lerp_mode": "catmullrom"
						},
						"3.2083": {
							"post": [-5.00954, -0.33276, -11.96423],
							"lerp_mode": "catmullrom"
						},
						"3.3333": {
							"post": [-4.99493, -0.50717, -13.95667],
							"lerp_mode": "catmullrom"
						},
						"3.5": {
							"post": [-4.87623, -1.19657, -21.92784],
							"lerp_mode": "catmullrom"
						},
						"3.625": {
							"post": [-4.93198, -0.94004, -18.9383],
							"lerp_mode": "catmullrom"
						},
						"3.6667": {
							"post": [-2.05713, -0.53882, -8.94674],
							"lerp_mode": "catmullrom"
						},
						"3.8333": {
							"post": [-2.93222, -0.87035, -18.94218],
							"lerp_mode": "catmullrom"
						},
						"3.9583": {
							"post": [-2.9166, -0.92137, -19.941],
							"lerp_mode": "catmullrom"
						},
						"4.125": {
							"post": [-3.05756, 0.07789, -0.96653],
							"lerp_mode": "catmullrom"
						},
						"4.3333": {
							"post": [7.18545, 15.21212, 54.50694],
							"lerp_mode": "catmullrom"
						},
						"4.5": {
							"post": [6.3653, 15.56614, 51.41708],
							"lerp_mode": "catmullrom"
						},
						"4.5417": {
							"post": [5.33934, 15.5776, 51.31894],
							"lerp_mode": "catmullrom"
						},
						"4.75": {
							"post": [6.03297, 15.62806, 50.80581],
							"lerp_mode": "catmullrom"
						},
						"4.9583": {
							"post": [6.50345, 15.5101, 51.93278],
							"lerp_mode": "catmullrom"
						},
						"5.0833": {
							"post": [7.47563, 21.22281, 54.79223],
							"lerp_mode": "catmullrom"
						},
						"5.2917": {
							"post": [6.42656, 20.23126, 54.65358],
							"lerp_mode": "catmullrom"
						},
						"5.4167": {
							"post": [6.0828, 21.31826, 53.70463],
							"lerp_mode": "catmullrom"
						},
						"5.5833": {
							"post": [6.40159, 21.73375, 54.56452],
							"lerp_mode": "catmullrom"
						},
						"5.75": {
							"post": [6.40159, 21.73375, 54.56452],
							"lerp_mode": "catmullrom"
						},
						"5.8333": {
							"post": [2.68101, 18.45821, 44.67839],
							"lerp_mode": "catmullrom"
						},
						"6.0": {
							"post": [3.4898, 21.05012, 38.33144],
							"lerp_mode": "catmullrom"
						},
						"6.125": {
							"post": [5.57759, 7.70219, 19.43661],
							"lerp_mode": "catmullrom"
						},
						"6.3333": {
							"post": [-0.99863, -0.05233, -3.99954],
							"lerp_mode": "catmullrom"
						},
						"6.5": {
							"post": [1, 0, 0.5],
							"lerp_mode": "catmullrom"
						},
						"6.625": {
							"post": [0, 0, -0.0023],
							"lerp_mode": "catmullrom"
						},
						"6.75": [0, 0, 0]
					},
					"position": {
						"0.0": [0, 0, 0],
						"0.125": {
							"pre": [-0.11222, -0.42481, -0.08798],
							"post": [-0.11222, -0.42481, -0.08798],
							"lerp_mode": "catmullrom"
						},
						"0.2917": {
							"post": [-0.23373, 0.8228, -0.19747],
							"lerp_mode": "catmullrom"
						},
						"0.4583": {
							"post": [-0.13541, 0.41718, 0.32725],
							"lerp_mode": "catmullrom"
						},
						"0.5417": {
							"post": [-0.2739, 0.98085, 0.1238],
							"lerp_mode": "catmullrom"
						},
						"0.6667": {
							"post": [-0.24187, 0.8933, 0.20554],
							"lerp_mode": "catmullrom"
						},
						"0.7917": {
							"post": [-0.10663, 0.49321, 0.13656],
							"lerp_mode": "catmullrom"
						},
						"0.9583": {
							"post": [0.01323, 0.11103, 0.10544],
							"lerp_mode": "catmullrom"
						},
						"1.1667": {
							"post": [-0.02081, 0.20474, 0.11864],
							"lerp_mode": "catmullrom"
						},
						"1.4583": {
							"post": [-0.02081, 0.20474, 0.11864],
							"lerp_mode": "catmullrom"
						},
						"1.625": {
							"post": [0.05679, -0.01136, 0.11244],
							"lerp_mode": "catmullrom"
						},
						"1.7917": {
							"post": [0.07961, -0.08053, 0.05741],
							"lerp_mode": "catmullrom"
						},
						"1.9167": {
							"post": [0.02956, 0.13913, 0.06798],
							"lerp_mode": "catmullrom"
						},
						"2.0833": {
							"post": [0.06872, -0.0047, 0.06214],
							"lerp_mode": "catmullrom"
						},
						"2.3333": {
							"post": [0.0444, 0.07039, 0.06382],
							"lerp_mode": "catmullrom"
						},
						"2.75": {
							"post": [0.0444, 0.07039, 0.06382],
							"lerp_mode": "catmullrom"
						},
						"2.875": {
							"post": [-0.0368, 0.28118, 0.07145],
							"lerp_mode": "catmullrom"
						},
						"3.0": {
							"post": [-0.01466, -0.30745, 0.0113],
							"lerp_mode": "catmullrom"
						},
						"3.1667": {
							"post": [0.19205, -0.29833, 0.01565],
							"lerp_mode": "catmullrom"
						},
						"3.2917": {
							"post": [0.17482, -0.22564, 0.02233],
							"lerp_mode": "catmullrom"
						},
						"3.4583": {
							"post": [0.11394, -0.09145, 0.03275],
							"lerp_mode": "catmullrom"
						},
						"3.5833": {
							"post": [0.09946, -0.06743, -0.41791],
							"lerp_mode": "catmullrom"
						},
						"3.6667": {
							"post": [0.47958, -1.00755, -0.0454],
							"lerp_mode": "catmullrom"
						},
						"3.7917": {
							"post": [0.39063, -0.54524, -0.03924],
							"lerp_mode": "catmullrom"
						},
						"3.9167": {
							"post": [0.46374, -0.80611, -0.1745],
							"lerp_mode": "catmullrom"
						},
						"4.0833": {
							"post": [0.43922, -1.25914, -0.06934],
							"lerp_mode": "catmullrom"
						},
						"4.2917": {
							"post": [2.62077, 0.27922, -0.81525],
							"lerp_mode": "catmullrom"
						},
						"4.4583": {
							"post": [2.62757, 0.14547, -0.41804],
							"lerp_mode": "catmullrom"
						},
						"4.5417": {
							"post": [2.76283, 0.06684, 0.09262],
							"lerp_mode": "catmullrom"
						},
						"4.7083": {
							"post": [2.57105, 0.20384, -0.70794],
							"lerp_mode": "catmullrom"
						},
						"4.9167": {
							"post": [2.61494, 0.17912, -0.54034],
							"lerp_mode": "catmullrom"
						},
						"5.0417": {
							"post": [2.67456, 0.14019, -0.35345],
							"lerp_mode": "catmullrom"
						},
						"5.25": {
							"post": [2.61494, 0.17912, -0.54034],
							"lerp_mode": "catmullrom"
						},
						"5.375": {
							"post": [2.62218, 0.17374, -0.51703],
							"lerp_mode": "catmullrom"
						},
						"5.5417": {
							"post": [2.62978, 0.16786, -0.49395],
							"lerp_mode": "catmullrom"
						},
						"5.7083": {
							"post": [2.62978, 0.16786, -0.49395],
							"lerp_mode": "catmullrom"
						},
						"5.7917": {
							"post": [2.47641, 0.28503, -0.9821],
							"lerp_mode": "catmullrom"
						},
						"5.9583": {
							"post": [2.56894, 0.2149, -0.67857],
							"lerp_mode": "catmullrom"
						},
						"6.0833": {
							"post": [2.16459, -1.65361, -0.68545],
							"lerp_mode": "catmullrom"
						},
						"6.2917": {
							"post": [0.01931, 0.2491, -0.10061],
							"lerp_mode": "catmullrom"
						},
						"6.4583": {
							"post": [0, -0.125, -0.075],
							"lerp_mode": "catmullrom"
						},
						"6.5833": {
							"post": [0, 0, 0.003],
							"lerp_mode": "catmullrom"
						},
						"6.7083": [0, 0, 0]
					}
				},
				"mag_and_lefthand": {
					"rotation": {
						"0.4583": [0, 0, 0],
						"0.5": [-6, 0, 0],
						"0.6667": {
							"pre": [-9.00279, -3.81604, -32.78824],
							"post": [-9.00279, -3.81604, -32.78824],
							"lerp_mode": "catmullrom"
						},
						"0.875": {
							"post": [-46.15687, -5.23399, -29.09615],
							"lerp_mode": "catmullrom"
						},
						"1.0417": {
							"post": [-32.2937, -4.13821, -27.41777],
							"lerp_mode": "catmullrom"
						},
						"1.25": {
							"post": [-32.22856, -4.672, -28.2659],
							"lerp_mode": "catmullrom"
						},
						"1.5": {
							"post": [-30.44548, -2.59109, -24.84272],
							"lerp_mode": "catmullrom"
						},
						"1.625": {
							"post": [-14.67005, 0.18181, -14.19455],
							"lerp_mode": "catmullrom"
						},
						"1.75": {
							"post": [-8.60457, 1.36139, -9.33516],
							"lerp_mode": "catmullrom"
						},
						"1.9583": {
							"post": [-56.81954, 6.06337, -11.03531],
							"lerp_mode": "catmullrom"
						},
						"2.1667": {
							"post": [-56.43258, 2.76064, -6.01051],
							"lerp_mode": "catmullrom"
						},
						"2.375": {
							"post": [-56.52911, 3.86515, -7.68068],
							"lerp_mode": "catmullrom"
						},
						"2.7083": {
							"post": [-56.52911, 3.86515, -7.68068],
							"lerp_mode": "catmullrom"
						},
						"2.9167": {
							"post": [-47.34836, 1.09979, -3.51069],
							"lerp_mode": "catmullrom"
						},
						"3.125": {
							"post": [12.75045, 7.36057, -28.82857],
							"lerp_mode": "catmullrom"
						},
						"3.25": {
							"post": [8.95935, 9.98006, -34.98217],
							"lerp_mode": "catmullrom"
						},
						"3.4167": {
							"post": [-6, 0, 0],
							"lerp_mode": "catmullrom"
						},
						"3.625": [-6, 0, 0],
						"3.6667": [0, 0, 0]
					},
					"position": {
						"0.4583": [0, 0, 0],
						"0.5": [0, -2.525, 0],
						"0.625": {
							"pre": [4.785, -6.22, 0.05],
							"post": [4.785, -6.22, 0.05],
							"lerp_mode": "catmullrom"
						},
						"0.8333": {
							"post": [4.1, 0.505, 0.275],
							"lerp_mode": "catmullrom"
						},
						"1.0": {
							"post": [4.1, 0.03, 0],
							"lerp_mode": "catmullrom"
						},
						"1.2083": {
							"post": [4.1, 0.155, 0],
							"lerp_mode": "catmullrom"
						},
						"1.4583": {
							"post": [4.05, -0.145, 0.05],
							"lerp_mode": "catmullrom"
						},
						"1.5833": {
							"post": [4.175, -1.065, 0.05],
							"lerp_mode": "catmullrom"
						},
						"1.7083": {
							"post": [4.175, -1.215, 0.05],
							"lerp_mode": "catmullrom"
						},
						"1.9167": {
							"post": [4.18, 0.93, 1.65],
							"lerp_mode": "catmullrom"
						},
						"2.125": {
							"post": [4.18, 0.38, 1.15],
							"lerp_mode": "catmullrom"
						},
						"2.3333": {
							"post": [4.18, 0.455, 1.25],
							"lerp_mode": "catmullrom"
						},
						"2.6667": {
							"post": [4.18, 0.455, 1.25],
							"lerp_mode": "catmullrom"
						},
						"2.875": {
							"post": [4.33, 0.705, 0.825],
							"lerp_mode": "catmullrom"
						},
						"3.0833": {
							"post": [4.33, -3.465, 0.83],
							"lerp_mode": "catmullrom"
						},
						"3.2083": {
							"post": [2.73, -4.915, -1.995],
							"lerp_mode": "catmullrom"
						},
						"3.375": {
							"post": [0, -2.525, 0],
							"lerp_mode": "catmullrom"
						},
						"3.625": [0, -2.525, 0],
						"3.6667": [0, 0, 0]
					}
				},
				"Bolt": {
					"rotation": {
						"4.3333": [0, 0, 0],
						"4.4167": [0, 0, 57.5],
						"4.5": [0, 0, 57.5],
						"5.75": [0, 0, 57.5],
						"5.7917": [0, 0, 57.5],
						"5.8333": [0, 0, 57.5],
						"5.9167": [0, 0, 0]
					},
					"position": {
						"4.5": [0, 0, 0],
						"4.5833": [0, 0, 2.925],
						"4.75": [0, 0, 2.53],
						"4.9167": [0, 0, 2.68],
						"5.125": [0, 0, 2.705],
						"5.3333": [0, 0, 2.68],
						"5.625": [0, 0, 2.68],
						"5.75": [0, 0, 2.55],
						"5.7917": [0, 0, 0],
						"5.8333": [0, 0, 0]
					}
				},
				"shell_ejection": {
					"position": {
						"4.5": [0, 0, -4.125],
						"4.5417": [0, 0, -3.15],
						"4.5833": [0, 0, -1.575],
						"4.75": [0, 0, -1.97],
						"4.9167": [0, 0, -1.82],
						"5.125": [0, 0, -1.845],
						"5.3333": [0, 0, -1.82],
						"5.625": [0, 0, -1.82],
						"5.75": [0, 0, -1.97],
						"5.7917": [0, 0, -4.045]
					}
				},
				"camera": {
					"rotation": {
						"0.0": [0, 0, 0],
						"0.2083": {
							"pre": [0.425, 0, 0.5],
							"post": [0.425, 0, 0.5],
							"lerp_mode": "catmullrom"
						},
						"0.375": {
							"post": [-0.5, 0, -0.675],
							"lerp_mode": "catmullrom"
						},
						"0.4167": {
							"post": [0.325, 0, 0.15],
							"lerp_mode": "catmullrom"
						},
						"0.4583": {
							"post": [-0.15, 0, -0.825],
							"lerp_mode": "catmullrom"
						},
						"0.5417": {
							"post": [0.675, 0, -0.25],
							"lerp_mode": "catmullrom"
						},
						"0.5833": {
							"post": [1.15, -0.2, -0.475],
							"lerp_mode": "catmullrom"
						},
						"0.6667": {
							"post": [1.35, -0.65, -0.125],
							"lerp_mode": "catmullrom"
						},
						"0.75": {
							"post": [1.35, -1.025, -0.225],
							"lerp_mode": "catmullrom"
						},
						"0.8333": {
							"post": [1.525, -1.175, -0.175],
							"lerp_mode": "catmullrom"
						},
						"0.9167": {
							"post": [1.55, -1.18, -0.17],
							"lerp_mode": "catmullrom"
						},
						"1.0": {
							"post": [1.305, -1.18, -0.17],
							"lerp_mode": "catmullrom"
						},
						"1.0833": {
							"post": [1.44, -1.18, -0.16],
							"lerp_mode": "catmullrom"
						},
						"1.2083": {
							"post": [1.305, -1.18, -0.13],
							"lerp_mode": "catmullrom"
						},
						"1.5417": {
							"post": [1.425, -1.125, -0.17],
							"lerp_mode": "catmullrom"
						},
						"1.6667": {
							"post": [1.875, -0.75, -0.7],
							"lerp_mode": "catmullrom"
						},
						"1.7917": {
							"post": [2.075, -0.75, -0.675],
							"lerp_mode": "catmullrom"
						},
						"1.875": {
							"post": [0.875, -1.275, -0.075],
							"lerp_mode": "catmullrom"
						},
						"1.9583": {
							"post": [1.35, -1.4, -0.375],
							"lerp_mode": "catmullrom"
						},
						"2.0417": {
							"post": [1.05, -1.4, -0.175],
							"lerp_mode": "catmullrom"
						},
						"2.2083": {
							"post": [1.175, -1.37, -0.225],
							"lerp_mode": "catmullrom"
						},
						"2.4167": {
							"post": [1.08, -1.42, -0.15],
							"lerp_mode": "catmullrom"
						},
						"2.9167": {
							"post": [1.125, -1.35, -0.2],
							"lerp_mode": "catmullrom"
						},
						"3.0417": {
							"post": [0.925, -0.7, -0.625],
							"lerp_mode": "catmullrom"
						},
						"3.1667": {
							"post": [0.725, -0.225, -0.8],
							"lerp_mode": "catmullrom"
						},
						"3.4167": {
							"post": [0.15, -0.025, -0.4],
							"lerp_mode": "catmullrom"
						},
						"3.5417": {
							"post": [0, 0, 0.075],
							"lerp_mode": "catmullrom"
						},
						"3.625": {
							"post": [0, 0, 0],
							"lerp_mode": "catmullrom"
						},
						"3.6667": {
							"post": [0.325, 0, 0.4],
							"lerp_mode": "catmullrom"
						},
						"3.7083": {
							"post": [-0.25, 0, -0.5],
							"lerp_mode": "catmullrom"
						},
						"3.75": {
							"post": [0.175, 0, 0.175],
							"lerp_mode": "catmullrom"
						},
						"3.7917": {
							"post": [0.025, 0, -0.1],
							"lerp_mode": "catmullrom"
						},
						"3.875": {
							"post": [0.225, 0, 0.05],
							"lerp_mode": "catmullrom"
						},
						"4.0417": {
							"post": [0.225, 0, 0],
							"lerp_mode": "catmullrom"
						},
						"4.1667": {
							"post": [0.575, 0, -0.325],
							"lerp_mode": "catmullrom"
						},
						"4.25": {
							"post": [0, 0, -0.3],
							"lerp_mode": "catmullrom"
						},
						"4.2917": {
							"post": [-0.35, 0, 0.325],
							"lerp_mode": "catmullrom"
						},
						"4.375": {
							"post": [0.05, 0, -0.175],
							"lerp_mode": "catmullrom"
						},
						"4.4583": {
							"post": [0, 0, 0.1],
							"lerp_mode": "catmullrom"
						},
						"4.5417": {
							"post": [0, 0, 0.225],
							"lerp_mode": "catmullrom"
						},
						"4.5833": {
							"post": [0.425, 0, 0.625],
							"lerp_mode": "catmullrom"
						},
						"4.625": {
							"post": [-0.15, 0, -0.35],
							"lerp_mode": "catmullrom"
						},
						"4.7083": {
							"post": [0.075, 0, 0.45],
							"lerp_mode": "catmullrom"
						},
						"4.7917": {
							"post": [0, 0, 0.05],
							"lerp_mode": "catmullrom"
						},
						"4.875": {
							"post": [0.3, 0.2, 0.25],
							"lerp_mode": "catmullrom"
						},
						"4.9583": {
							"post": [0.725, 0.575, 0.175],
							"lerp_mode": "catmullrom"
						},
						"5.0417": {
							"post": [0.725, 0.65, 0.2],
							"lerp_mode": "catmullrom"
						},
						"5.125": {
							"post": [0.725, 0.65, 0.825],
							"lerp_mode": "catmullrom"
						},
						"5.2083": {
							"post": [0.725, 0.65, 0.7],
							"lerp_mode": "catmullrom"
						},
						"5.75": {
							"post": [0.725, 0.725, 0.675],
							"lerp_mode": "catmullrom"
						},
						"5.7917": {
							"post": [0.625, 0.6, 0.325],
							"lerp_mode": "catmullrom"
						},
						"5.875": {
							"post": [0, 0, 0.875],
							"lerp_mode": "catmullrom"
						},
						"5.9167": {
							"post": [0, 0, 0.625],
							"lerp_mode": "catmullrom"
						},
						"6.0": {
							"post": [0.175, 0, 0.75],
							"lerp_mode": "catmullrom"
						},
						"6.0833": {
							"post": [0.45, 0, 0.675],
							"lerp_mode": "catmullrom"
						},
						"6.1667": {
							"post": [0.275, 0, -0.175],
							"lerp_mode": "catmullrom"
						},
						"6.25": {
							"post": [-0.325, 0, 0.375],
							"lerp_mode": "catmullrom"
						},
						"6.3333": {
							"post": [-0.25, 0, 0.25],
							"lerp_mode": "catmullrom"
						},
						"6.375": {
							"post": [0.075, 0, -0.2],
							"lerp_mode": "catmullrom"
						},
						"6.4167": {
							"post": [0, 0, 0.175],
							"lerp_mode": "catmullrom"
						},
						"6.4583": {
							"post": [0.05, 0, -0.125],
							"lerp_mode": "catmullrom"
						},
						"6.5417": {
							"post": [0, 0, 0.05],
							"lerp_mode": "catmullrom"
						},
						"6.625": {
							"post": [0, 0, 0],
							"lerp_mode": "catmullrom"
						}
					}
				},
				"bullet_in_mag": {
					"scale": {
						"0.0": [1, 1, 1],
						"0.0417": [0, 0, 0]
					}
				},
				"bullet_in_mag_empty": {
					"scale": {
						"0.0": [1, 1, 1],
						"0.0417": [0, 0, 0]
					}
				},
				"shell_inspect": {
					"position": {
						"4.5": [0, 0, -4.125],
						"4.5417": [0, 0, -3.15],
						"4.5833": [0, 0, -1.575],
						"4.75": [0, 0, -1.97],
						"4.9167": [0, 0, -1.82],
						"5.125": [0, 0, -1.845],
						"5.3333": [0, 0, -1.82],
						"5.625": [0, 0, -1.82],
						"5.75": [0, 0, -1.97],
						"5.7917": [0, 0, -4.045]
					}
				}
			},
			"sound_effects": {
				"0.0": {
					"effect": "spr208_reload_empty_rotate"
				},
				"0.25": {
					"effect": "spr208_drop_quick"
				},
				"0.5": {
					"effect": "spr208_reload_magout"
				},
				"1.3333": {
					"effect": "wfoly_sn_kilo98_drop_cloth"
				},
				"2.9167": {
					"effect": "wfoly_sn_kilo98_rechamber_cloth"
				},
				"3.0417": {
					"effect": "spr208_inspect_maghit"
				},
				"3.5833": {
					"effect": "spr208_inspect_magin"
				},
				"4.0833": {
					"effect": "spr208_drop_quick"
				},
				"4.2917": {
					"effect": "spr208_inspect_boltopen"
				},
				"4.3333": {
					"effect": "spr208_rechamber_boltl_grab"
				},
				"4.8333": {
					"effect": "spr208_drop_quick"
				},
				"5.7083": {
					"effect": "spr208_reload_empty_fast_boltclose"
				},
				"5.75": {
					"effect": "spr208_raise_quick"
				}
			}
		},
		"inspect": {
			"loop": "hold_on_last_frame",
			"animation_length": 4.5,
			"bones": {
				"lefthand": {
					"rotation": {
						"0.0": [114.16777, 7.28886, -231.37148],
						"0.2083": [118.16777, 7.28886, -231.37148],
						"0.375": [111.66133, 13.15908, -245.4057],
						"1.1667": [111.66133, 13.15908, -245.4057],
						"1.5417": [185.66248, 29.7404, -238.99764],
						"2.4583": [185.66248, 29.7404, -238.99764],
						"2.7083": [111.0629, 3.42871, -238.45055],
						"3.7917": [111.0629, 3.42871, -238.45055],
						"3.9583": [114.16777, 7.28886, -231.37148]
					},
					"position": {
						"0.0": [8.4187, -13.37, -7.095],
						"0.2083": [8.4187, -14.97, -7.095],
						"0.375": [8.4187, -13.92, -2.045],
						"1.1667": [8.4187, -13.92, -2.045],
						"1.4583": [8.74937, -18.73634, 9.14417],
						"2.4583": [8.74937, -18.73634, 9.14417],
						"2.7083": [8.69, -12.335, -8.065],
						"3.7917": [8.69, -12.335, -8.065],
						"3.9583": [8.4187, -13.37, -7.095]
					},
					"scale": [1, 1.5, 1]
				},
				"righthand": {
					"rotation": [96.75962, 6.88058, -179.56092],
					"position": [-6.775, -14.9625, 7.0875],
					"scale": [1, 1.5, 1]
				},
				"root": {
					"rotation": {
						"0.0": [0, 0, 0],
						"0.25": {
							"pre": [4.72886, -1.62599, 18.93286],
							"post": [4.72886, -1.62599, 18.93286],
							"lerp_mode": "catmullrom"
						},
						"0.4583": {
							"post": [-46.96074, 2.08348, 2.15897],
							"lerp_mode": "catmullrom"
						},
						"0.6667": {
							"post": [-43.78582, 4.85633, 5.04748],
							"lerp_mode": "catmullrom"
						},
						"0.9167": {
							"post": [-43.93018, 2.77746, 2.87962],
							"lerp_mode": "catmullrom"
						},
						"1.125": {
							"post": [-41.96701, 1.90993, 1.97892],
							"lerp_mode": "catmullrom"
						},
						"1.2917": {
							"post": [-33.46754, -13.25595, 1.9844],
							"lerp_mode": "catmullrom"
						},
						"1.4583": {
							"post": [-11.82369, -51.4678, -24.65237],
							"lerp_mode": "catmullrom"
						},
						"1.625": {
							"post": [-12.9847, -43.3924, -24.68913],
							"lerp_mode": "catmullrom"
						},
						"1.7917": {
							"post": [-9.72382, -44.18062, -30.12233],
							"lerp_mode": "catmullrom"
						},
						"1.9583": {
							"post": [-12.5564, -43.60069, -26.03754],
							"lerp_mode": "catmullrom"
						},
						"2.1667": {
							"post": [-8.25881, -44.31537, -31.50595],
							"lerp_mode": "catmullrom"
						},
						"2.375": {
							"post": [-14.44631, -42.07838, -18.11885],
							"lerp_mode": "catmullrom"
						},
						"2.5": {
							"post": [-14.96578, -28.49112, -8.73692],
							"lerp_mode": "catmullrom"
						},
						"2.625": {
							"post": [-12.9168, 7.72571, 15.14068],
							"lerp_mode": "catmullrom"
						},
						"2.8333": {
							"post": [-1.7155, 49.73273, 42.88781],
							"lerp_mode": "catmullrom"
						},
						"3.0833": {
							"post": [-9.30886, 46.94892, 31.21671],
							"lerp_mode": "catmullrom"
						},
						"3.3333": {
							"post": [-5.02044, 47.44835, 37.05913],
							"lerp_mode": "catmullrom"
						},
						"3.5417": {
							"post": [-9.30886, 46.94892, 31.21671],
							"lerp_mode": "catmullrom"
						},
						"3.7083": {
							"post": [-9.26708, 40.52663, 27.70479],
							"lerp_mode": "catmullrom"
						},
						"3.9167": {
							"post": [12.57732, 8.92271, 19.40236],
							"lerp_mode": "catmullrom"
						},
						"4.0833": {
							"post": [0, 0, -2],
							"lerp_mode": "catmullrom"
						},
						"4.2083": {
							"post": [0, 0, 1],
							"lerp_mode": "catmullrom"
						},
						"4.3333": {
							"post": [0, 0, 0],
							"lerp_mode": "catmullrom"
						},
						"4.4583": [0, 0, 0]
					},
					"position": {
						"0.0": [0, 0, 0],
						"0.2083": {
							"pre": [-0.06272, -0.59444, 0.05201],
							"post": [-0.06272, -0.59444, 0.05201],
							"lerp_mode": "catmullrom"
						},
						"0.4167": {
							"post": [0.0732, 2.76091, -2.46656],
							"lerp_mode": "catmullrom"
						},
						"0.625": {
							"post": [0.00876, 1.49512, -1.40603],
							"lerp_mode": "catmullrom"
						},
						"0.875": {
							"post": [0.00872, 1.70411, -1.62125],
							"lerp_mode": "catmullrom"
						},
						"1.0833": {
							"post": [0.00872, 1.68674, -1.60326],
							"lerp_mode": "catmullrom"
						},
						"1.25": {
							"post": [0.41114, 1.23663, -0.43047],
							"lerp_mode": "catmullrom"
						},
						"1.4167": {
							"post": [0.31726, 1.59859, -0.52928],
							"lerp_mode": "catmullrom"
						},
						"1.5833": {
							"post": [-0.0513, 1.07522, 0.06993],
							"lerp_mode": "catmullrom"
						},
						"1.75": {
							"post": [0.0255, 1.5245, -0.03535],
							"lerp_mode": "catmullrom"
						},
						"1.9167": {
							"post": [0.00006, 1.49993, -0.00001],
							"lerp_mode": "catmullrom"
						},
						"2.125": {
							"post": [0, 1.375, 0],
							"lerp_mode": "catmullrom"
						},
						"2.3333": {
							"post": [0.41137, 0.47354, -0.01658],
							"lerp_mode": "catmullrom"
						},
						"2.4583": {
							"post": [0.12131, -1.56617, -0.10182],
							"lerp_mode": "catmullrom"
						},
						"2.5833": {
							"post": [-0.0404, -1.75963, -0.10939],
							"lerp_mode": "catmullrom"
						},
						"2.7917": {
							"post": [3.35279, 3.37096, -0.11068],
							"lerp_mode": "catmullrom"
						},
						"3.0417": {
							"post": [3.46509, 2.86116, 0.05009],
							"lerp_mode": "catmullrom"
						},
						"3.2917": {
							"post": [3.425, 2.975, 0],
							"lerp_mode": "catmullrom"
						},
						"3.5": {
							"post": [3.425, 2.975, 0],
							"lerp_mode": "catmullrom"
						},
						"3.6667": {
							"post": [2.83589, 2.3132, -0.02602],
							"lerp_mode": "catmullrom"
						},
						"3.875": {
							"post": [0, -1.925, 0],
							"lerp_mode": "catmullrom"
						},
						"4.0417": {
							"post": [0, 0.2, -0.525],
							"lerp_mode": "catmullrom"
						},
						"4.1667": {
							"post": [0, -0.05, 0.25],
							"lerp_mode": "catmullrom"
						},
						"4.2917": {
							"post": [0, 0, -0.125],
							"lerp_mode": "catmullrom"
						},
						"4.4167": [0, 0, 0]
					}
				},
				"camera": {
					"rotation": {
						"0.0": [0, 0, 0],
						"0.125": {
							"pre": [0.525, 0, -0.55],
							"post": [0.525, 0, -0.55],
							"lerp_mode": "catmullrom"
						},
						"0.3333": {
							"post": [-0.55, 0, 0.425],
							"lerp_mode": "catmullrom"
						},
						"0.4583": {
							"post": [-0.8, 0, 0],
							"lerp_mode": "catmullrom"
						},
						"0.5": {
							"post": [-0.725, 0, 0],
							"lerp_mode": "catmullrom"
						},
						"0.5417": {
							"post": [-1.1, 0, 0.375],
							"lerp_mode": "catmullrom"
						},
						"0.5833": {
							"post": [-0.5, 0, -0.3],
							"lerp_mode": "catmullrom"
						},
						"0.625": {
							"post": [-0.35, 0, 0.125],
							"lerp_mode": "catmullrom"
						},
						"0.7083": {
							"post": [0.1, 0, -0.15],
							"lerp_mode": "catmullrom"
						},
						"0.7917": {
							"post": [0.575, 0, 0.05],
							"lerp_mode": "catmullrom"
						},
						"0.875": {
							"post": [1.125, 0, 0],
							"lerp_mode": "catmullrom"
						},
						"1.25": {
							"post": [1.275, 0, 0],
							"lerp_mode": "catmullrom"
						},
						"1.2917": {
							"post": [1.25, 0, 0],
							"lerp_mode": "catmullrom"
						},
						"1.375": {
							"post": [1.1, 0, 0.6],
							"lerp_mode": "catmullrom"
						},
						"1.4583": {
							"post": [0.325, 0, -0.45],
							"lerp_mode": "catmullrom"
						},
						"1.5417": {
							"post": [0.35, 0, 0.35],
							"lerp_mode": "catmullrom"
						},
						"1.625": {
							"post": [-0.075, 0, -0.15],
							"lerp_mode": "catmullrom"
						},
						"1.7083": {
							"post": [0.075, 0, 0.075],
							"lerp_mode": "catmullrom"
						},
						"1.7917": {
							"post": [0, 0, -0.05],
							"lerp_mode": "catmullrom"
						},
						"1.875": {
							"post": [0, 0, 0],
							"lerp_mode": "catmullrom"
						},
						"2.0833": {
							"post": [0, 0, 0],
							"lerp_mode": "catmullrom"
						},
						"2.4167": {
							"post": [0, 0, 0.175],
							"lerp_mode": "catmullrom"
						},
						"2.5": {
							"post": [1.175, 0, -0.525],
							"lerp_mode": "catmullrom"
						},
						"2.5833": {
							"post": [0.95, 0, 0.475],
							"lerp_mode": "catmullrom"
						},
						"2.7083": {
							"post": [-0.425, 0, -0.15],
							"lerp_mode": "catmullrom"
						},
						"2.8333": {
							"post": [-0.4, 0, -0.35],
							"lerp_mode": "catmullrom"
						},
						"2.9167": {
							"post": [0.4, 0, 0.625],
							"lerp_mode": "catmullrom"
						},
						"3.0": {
							"post": [-0.15, 0, -0.35],
							"lerp_mode": "catmullrom"
						},
						"3.0833": {
							"post": [0.05, 0, 0.2],
							"lerp_mode": "catmullrom"
						},
						"3.1667": {
							"post": [0, 0, -0.075],
							"lerp_mode": "catmullrom"
						},
						"3.25": {
							"post": [0, 0, 0.025],
							"lerp_mode": "catmullrom"
						},
						"3.375": {
							"post": [0, 0, 0],
							"lerp_mode": "catmullrom"
						},
						"3.75": {
							"post": [0.175, 0, 0.01],
							"lerp_mode": "catmullrom"
						},
						"3.8333": {
							"post": [0.825, 0, 0],
							"lerp_mode": "catmullrom"
						},
						"3.9167": {
							"post": [0.925, 0, -0.125],
							"lerp_mode": "catmullrom"
						},
						"4.0": {
							"post": [0.125, 0, 0.075],
							"lerp_mode": "catmullrom"
						},
						"4.0833": {
							"post": [-0.05, 0, -0.225],
							"lerp_mode": "catmullrom"
						},
						"4.125": {
							"post": [0.325, 0, 0.275],
							"lerp_mode": "catmullrom"
						},
						"4.2083": {
							"post": [-0.225, 0, -0.15],
							"lerp_mode": "catmullrom"
						},
						"4.25": {
							"post": [0.05, 0, 0.075],
							"lerp_mode": "catmullrom"
						},
						"4.3333": {
							"post": [-0.025, 0, -0.125],
							"lerp_mode": "catmullrom"
						},
						"4.4167": {
							"post": [0, 0, 0.05],
							"lerp_mode": "catmullrom"
						},
						"4.5": {
							"post": [0, 0, 0],
							"lerp_mode": "catmullrom"
						}
					}
				}
			},
			"sound_effects": {
				"0.0": {
					"effect": "spr208_reload_empty_rotate"
				},
				"1.0833": {
					"effect": "spr208_reload_empty_rotate"
				},
				"2.5417": {
					"effect": "spr208_reload_empty_fast_up"
				},
				"2.5833": {
					"effect": "spr208_reload_empty_fast_xmags_grab"
				},
				"3.5": {
					"effect": "spr208_raise_quick"
				}
			}
		},
		"bolt": {
			"loop": "hold_on_last_frame",
			"animation_length": 1.375,
			"bones": {
				"lefthand": {
					"rotation": [114.16777, 7.28886, -231.37148],
					"position": [8.4187, -13.37, -7.095],
					"scale": [1, 1.5, 1]
				},
				"righthand": {
					"rotation": {
						"0.0": [96.75962, 6.88058, -179.56092],
						"0.125": [112.22104, -6.03682, -138.00287],
						"0.2083": [107.59368, -15.03376, -113.1559],
						"0.2917": [107.59368, -15.03376, -113.1559],
						"0.375": [112.7, -3.74, -143.57],
						"0.5": [112.7, -3.74, -143.57],
						"0.5417": [112.7, -3.74, -143.57],
						"0.6667": [111.16954, -33.99934, -136.149],
						"0.7083": [108.55259, -19.64168, -139.50066],
						"0.7917": [108.55259, -19.64168, -139.50066],
						"0.9167": [108.55259, -19.64168, -139.50066],
						"1.0833": [96.75962, 6.88058, -179.56092]
					},
					"position": {
						"0.0": [-6.775, -14.9625, 7.0875],
						"0.125": [-9.10369, -14.47222, 5.60383],
						"0.2083": [-8.7828, -12.26445, 5.83771],
						"0.2917": [-8.7828, -12.26445, 5.83771],
						"0.375": [-9.64, -11.38, 10.57],
						"0.5": [-9.64, -11.38, 10.57],
						"0.5417": [-9.64, -11.38, 10.57],
						"0.6667": [-9.43, -12.31, 6.34],
						"0.7083": [-9.43, -11.785, 6.34],
						"0.7917": [-9.43, -14.485, 6.34],
						"0.9167": [-9.43, -14.485, 6.34],
						"1.0833": [-6.775, -14.9625, 7.0875]
					},
					"scale": [1, 1.5, 1]
				},
				"root": {
					"rotation": {
						"0.0": [0, 0, 0],
						"0.125": {
							"pre": [0, 0, 14.125],
							"post": [0, 0, 14.125],
							"lerp_mode": "catmullrom"
						},
						"0.2083": {
							"post": [0, -0.1, 9.125],
							"lerp_mode": "catmullrom"
						},
						"0.2917": {
							"post": [0, 0, 4.125],
							"lerp_mode": "catmullrom"
						},
						"0.3333": {
							"post": [-0.96165, 0.232, 17.40023],
							"lerp_mode": "catmullrom"
						},
						"0.4583": {
							"post": [0, 0, 7.125],
							"lerp_mode": "catmullrom"
						},
						"0.5833": {
							"post": [0, -1, 7.125],
							"lerp_mode": "catmullrom"
						},
						"0.625": {
							"post": [0.91546, -1.10034, 10.9978],
							"lerp_mode": "catmullrom"
						},
						"0.75": {
							"post": [0.83333, 0, 5.38333],
							"lerp_mode": "catmullrom"
						},
						"0.8333": {
							"post": [0.67122, 0.10273, -0.20525],
							"lerp_mode": "catmullrom"
						},
						"0.9583": {
							"post": [0.67291, 0.091, 0.79469],
							"lerp_mode": "catmullrom"
						},
						"1.0833": {
							"post": [0, 0, 1],
							"lerp_mode": "catmullrom"
						},
						"1.2083": {
							"post": [0, 0, 0],
							"lerp_mode": "catmullrom"
						},
						"1.3333": [0, 0, 0]
					},
					"position": {
						"0.0": [0, 0, 0],
						"0.0833": {
							"pre": [0, -0.3, 0],
							"post": [0, -0.3, 0],
							"lerp_mode": "catmullrom"
						},
						"0.1667": {
							"post": [0.05, 0.175, 0],
							"lerp_mode": "catmullrom"
						},
						"0.25": {
							"post": [0.05, -0.025, 0],
							"lerp_mode": "catmullrom"
						},
						"0.3333": {
							"post": [0.05, 0, 0.625],
							"lerp_mode": "catmullrom"
						},
						"0.4167": {
							"post": [0.05, 0, -0.075],
							"lerp_mode": "catmullrom"
						},
						"0.5417": {
							"post": [0.05, 0, 0],
							"lerp_mode": "catmullrom"
						},
						"0.625": {
							"post": [0.05158, -0.00193, -0.67497],
							"lerp_mode": "catmullrom"
						},
						"0.7083": {
							"post": [0.04, 0, -0.065],
							"lerp_mode": "catmullrom"
						},
						"0.7917": {
							"post": [0.04, 0, -0.19],
							"lerp_mode": "catmullrom"
						},
						"0.9167": {
							"post": [0.04, 0, -0.065],
							"lerp_mode": "catmullrom"
						},
						"1.0417": {
							"post": [0, -0.025, -0.075],
							"lerp_mode": "catmullrom"
						},
						"1.1667": {
							"post": [0, 0, -0.125],
							"lerp_mode": "catmullrom"
						},
						"1.2917": [0, 0, 0]
					}
				},
				"Bolt": {
					"rotation": {
						"0.125": [0, 0, 0],
						"0.2083": [0, 0, 57.5],
						"0.2917": [0, 0, 57.5],
						"0.5417": [0, 0, 57.5],
						"0.6667": [0, 0, 57.5],
						"0.7083": [0, 0, 57.5],
						"0.7917": [0, 0, 0]
					},
					"position": {
						"0.2917": [0, 0, 0],
						"0.375": [0, 0, 4.675],
						"0.5417": [0, 0, 4.68],
						"0.6667": [0, 0, 0],
						"0.7083": [0, 0, 0]
					}
				},
				"shell_ejection": {
					"rotation": {
						"0.375": [0, 0, 0],
						"0.4583": [0, 63.5, 0],
						"0.5417": [0, 161, 0],
						"0.625": [0, 241.46, 0],
						"0.7083": [0, 360.46, 0],
						"0.7917": [0, -319.63, 0]
					},
					"position": {
						"0.25": [0, 0, -2],
						"0.2917": [0, 0, -2.37],
						"0.3333": [0, 0, -0.06],
						"0.375": [0, 0, -0.06],
						"0.4167": [-2.5, 1.19, -0.34],
						"0.4583": [-6, 2, -1],
						"0.5": [-9.63, 1.06, -2.06],
						"0.5417": [-14, -1, -4],
						"0.5833": [-20, -4.06, -7.94],
						"0.625": [-26, -10.325, -12],
						"0.6667": [-31.25, -15.905, -14.06],
						"0.7083": [-34, -20.55, -16],
						"0.75": [-37.06741, -22.53, -7.47097],
						"0.7917": [-26, -23, -23]
					},
					"scale": {
						"0.75": [1, 1, 1],
						"0.7917": [0, 0, 0]
					}
				},
				"camera": {
					"rotation": {
						"0.0": [0, 0, 0],
						"0.125": {
							"pre": [-0.175, 0, -0.45],
							"post": [-0.175, 0, -0.45],
							"lerp_mode": "catmullrom"
						},
						"0.2083": {
							"post": [0.05, 0, 0.2],
							"lerp_mode": "catmullrom"
						},
						"0.2917": {
							"post": [0.05, 0, 0.075],
							"lerp_mode": "catmullrom"
						},
						"0.3333": {
							"post": [0.25, 0, -0.75],
							"lerp_mode": "catmullrom"
						},
						"0.375": {
							"post": [-0.275, 0, 0.375],
							"lerp_mode": "catmullrom"
						},
						"0.4167": {
							"post": [0.05, 0, -0.1],
							"lerp_mode": "catmullrom"
						},
						"0.5": {
							"post": [-0.05, 0, -0.075],
							"lerp_mode": "catmullrom"
						},
						"0.5833": {
							"post": [0, 0, -0.2],
							"lerp_mode": "catmullrom"
						},
						"0.625": {
							"post": [-0.25, 0, 0.25],
							"lerp_mode": "catmullrom"
						},
						"0.6667": {
							"post": [0.225, 0, -0.3],
							"lerp_mode": "catmullrom"
						},
						"0.75": {
							"post": [0.025, 0, 0.1],
							"lerp_mode": "catmullrom"
						},
						"0.8333": {
							"post": [0, 0, -0.2],
							"lerp_mode": "catmullrom"
						},
						"0.9167": {
							"post": [0.1, 0, 0.05],
							"lerp_mode": "catmullrom"
						},
						"1.0": {
							"post": [-0.05, 0, -0.05],
							"lerp_mode": "catmullrom"
						},
						"1.0833": {
							"post": [0, 0, 0],
							"lerp_mode": "catmullrom"
						},
						"1.2083": [0, 0, 0]
					}
				}
			},
			"sound_effects": {
				"0.0": {
					"effect": "spr208_inspect_boltopen"
				},
				"0.0417": {
					"effect": "spr208_rechamber_boltl_grab"
				}
			}
		},
		"reload_empty": {
			"loop": "hold_on_last_frame",
			"animation_length": 3.5417,
			"bones": {
				"lefthand": {
					"rotation": {
						"0.0": [114.17, 7.29, -231.37],
						"0.0833": [114.16777, 7.28886, -231.37148],
						"0.25": [116.39982, -17.04548, -226.45934],
						"2.8333": [116.39982, -17.04548, -226.45934],
						"2.9583": [114.16777, 7.28886, -231.37148]
					},
					"position": {
						"0.0": [8.42, -13.37, -7.09],
						"0.0833": [8.4187, -13.37, -7.095],
						"0.25": [8.42, -13.37, -2.19],
						"2.8333": [8.42, -13.37, -2.19],
						"2.9583": [8.4187, -13.37, -7.095]
					},
					"scale": [1, 1.5, 1]
				},
				"righthand": {
					"rotation": {
						"0.0": [96.75962, 6.88058, -179.56092],
						"0.25": [112.22104, -6.03682, -138.00287],
						"0.3333": [107.59368, -15.03376, -113.1559],
						"0.4167": [107.59368, -15.03376, -113.1559],
						"0.4583": [112.7, -3.74, -143.57],
						"0.625": [112.7, -3.74, -143.57],
						"0.7917": [106.16606, -19.99995, -121.29836],
						"0.875": [106.16606, -19.99995, -121.29836],
						"0.9583": [80.60634, -20.30992, -86.61622],
						"1.0417": [82.7727, -19.61023, -92.95655],
						"1.125": [93.65809, -12.07077, -111.86789],
						"1.375": [142.65809, -12.07077, -111.86789],
						"1.7083": [111.65809, -12.07077, -111.86789],
						"1.7917": [125.24298, -7.37343, -146.58799],
						"1.9167": [120.87922, -1.54785, -154.74419],
						"2.0": [120.87922, -1.54785, -154.74419],
						"2.0417": [110.92589, 0.59453, -160.34919],
						"2.2083": [110.92589, 0.59453, -160.34919],
						"2.375": [109.31762, -25.79106, -123.46776],
						"2.4167": [109.31762, -25.79106, -123.46776],
						"2.5": [111.16954, -33.99934, -136.149],
						"2.5833": [122.11816, -46.53922, -141.23166],
						"2.625": [108.55259, -19.64168, -139.50066],
						"2.7083": [108.55259, -19.64168, -139.50066],
						"2.8333": [106.66148, -6.58739, -148.43625],
						"2.9167": [96.75962, 6.88058, -179.56092]
					},
					"position": {
						"0.0": [-6.775, -14.9625, 7.0875],
						"0.25": [-9.10369, -14.47222, 5.60383],
						"0.3333": [-8.7828, -12.26445, 5.83771],
						"0.4167": [-8.7828, -12.26445, 5.83771],
						"0.4583": [-9.64, -11.38, 10.57],
						"0.625": [-9.64, -11.38, 10.57],
						"0.7917": [-7.915, -15.38, 2.445],
						"0.875": [-7.915, -15.38, 2.445],
						"0.9583": [-10.79, -21.255, -4.23],
						"1.0417": [-11.62405, -20.80236, -4.05887],
						"1.125": [-9.015, -19.875, -1.325],
						"1.375": [-9.01, -19.87, 10.005],
						"1.7083": [-12.485, -22.645, 8.38],
						"1.7917": [-8.84962, -22.49564, 0.28305],
						"1.9167": [-7.63, -19.59, -0.01],
						"2.0": [-7.63, -19.39, -0.01],
						"2.0417": [-7.63, -16.915, 2.04],
						"2.2083": [-7.63, -16.915, 2.04],
						"2.375": [-10.11273, -11.27724, 11.93825],
						"2.4167": [-10.11273, -11.27724, 11.93825],
						"2.5": [-9.43, -12.31, 6.34],
						"2.5833": [-10.65573, -10.73595, 6.88079],
						"2.625": [-9.43, -14.485, 6.34],
						"2.7083": [-9.43, -14.485, 6.34],
						"2.8333": [-9.17, -15.905, 6.64],
						"2.9167": [-6.775, -14.9625, 7.0875]
					},
					"scale": [1, 1.5, 1]
				},
				"root": {
					"rotation": {
						"0.0": [0, 0, 0],
						"0.1667": {
							"pre": [-0.75219, 4.75756, 1.50469],
							"post": [-0.75219, 4.75756, 1.50469],
							"lerp_mode": "catmullrom"
						},
						"0.2917": {
							"post": [0.62547, 8.86828, 43.15628],
							"lerp_mode": "catmullrom"
						},
						"0.4167": {
							"post": [2.07721, 8.96796, 41.60729],
							"lerp_mode": "catmullrom"
						},
						"0.4583": {
							"post": [0.48464, 9.91589, 40.51184],
							"lerp_mode": "catmullrom"
						},
						"0.5417": {
							"post": [-0.52, 9.92, 40.51],
							"lerp_mode": "catmullrom"
						},
						"0.625": {
							"post": [1.30116, 8.94456, 39.47203],
							"lerp_mode": "catmullrom"
						},
						"0.75": {
							"post": [1.45829, 8.92048, 40.48402],
							"lerp_mode": "catmullrom"
						},
						"0.875": {
							"post": [-0.83168, 7.97161, 45.50531],
							"lerp_mode": "catmullrom"
						},
						"0.9167": {
							"post": [-3.67038, 8.56561, 53.56721],
							"lerp_mode": "catmullrom"
						},
						"1.0417": {
							"post": [-4.14615, 7.08229, 35.45902],
							"lerp_mode": "catmullrom"
						},
						"1.1667": {
							"post": [-3.24914, 7.5343, 42.50172],
							"lerp_mode": "catmullrom"
						},
						"1.3333": {
							"post": [-2.63363, 7.37626, 39.5357],
							"lerp_mode": "catmullrom"
						},
						"1.5417": {
							"post": [-3.10033, 8.55769, 43.51089],
							"lerp_mode": "catmullrom"
						},
						"1.7083": {
							"post": [-2.49555, 10.53358, 53.32244],
							"lerp_mode": "catmullrom"
						},
						"1.8333": {
							"post": [-2.07446, 10.86962, 50.51302],
							"lerp_mode": "catmullrom"
						},
						"1.9167": {
							"post": [-2.6894, 10.93531, 52.54869],
							"lerp_mode": "catmullrom"
						},
						"2.0": {
							"post": [-2.88194, 10.88671, 51.53148],
							"lerp_mode": "catmullrom"
						},
						"2.0417": {
							"post": [-2.12182, 10.36104, 39.33729],
							"lerp_mode": "catmullrom"
						},
						"2.1667": {
							"post": [-1.6432, 10.55439, 47.47027],
							"lerp_mode": "catmullrom"
						},
						"2.2917": {
							"post": [-1.38407, 10.44869, 43.40368],
							"lerp_mode": "catmullrom"
						},
						"2.4167": {
							"post": [-1.27198, 10.53548, 49.50516],
							"lerp_mode": "catmullrom"
						},
						"2.5": {
							"post": [-1.72554, 8.25717, 41.47307],
							"lerp_mode": "catmullrom"
						},
						"2.5833": {
							"post": [-2.58714, 9.30243, 42.4369],
							"lerp_mode": "catmullrom"
						},
						"2.625": {
							"post": [-3.47645, 8.5604, 30.31222],
							"lerp_mode": "catmullrom"
						},
						"2.75": {
							"post": [-2.58714, 9.30243, 42.4369],
							"lerp_mode": "catmullrom"
						},
						"2.875": {
							"post": [-3.48958, 7.9516, 23.26559],
							"lerp_mode": "catmullrom"
						},
						"3.0417": {
							"post": [0, -1, 5],
							"lerp_mode": "catmullrom"
						},
						"3.1667": {
							"post": [-1, 0, -1],
							"lerp_mode": "catmullrom"
						},
						"3.2917": {
							"post": [0, 0, 0.5],
							"lerp_mode": "catmullrom"
						},
						"3.4167": {
							"post": [0, 0, -0.0023],
							"lerp_mode": "catmullrom"
						},
						"3.5417": [0, 0, 0]
					},
					"position": {
						"0.0": [0, 0, 0],
						"0.125": {
							"pre": [1.21693, -1.44862, -0.03318],
							"post": [1.21693, -1.44862, -0.03318],
							"lerp_mode": "catmullrom"
						},
						"0.25": {
							"post": [2.105, 0.185, -0.375],
							"lerp_mode": "catmullrom"
						},
						"0.375": {
							"post": [2.06, 0.055, -0.52],
							"lerp_mode": "catmullrom"
						},
						"0.4583": {
							"post": [2.075, 0.1, 0.3],
							"lerp_mode": "catmullrom"
						},
						"0.5": {
							"post": [2.08, 0.1, 0.375],
							"lerp_mode": "catmullrom"
						},
						"0.5833": {
							"post": [2.08, 0.1, -0.145],
							"lerp_mode": "catmullrom"
						},
						"0.7083": {
							"post": [2.08, 0.1, -0.09],
							"lerp_mode": "catmullrom"
						},
						"0.8333": {
							"post": [2.355, 0.325, -0.09],
							"lerp_mode": "catmullrom"
						},
						"0.9167": {
							"post": [2.94576, 0.11599, 0.20867],
							"lerp_mode": "catmullrom"
						},
						"1.0": {
							"post": [2.80733, 0.2141, -0.2279],
							"lerp_mode": "catmullrom"
						},
						"1.125": {
							"post": [2.88977, 0.29593, -0.12234],
							"lerp_mode": "catmullrom"
						},
						"1.2917": {
							"post": [2.85307, -0.00111, -0.15306],
							"lerp_mode": "catmullrom"
						},
						"1.5": {
							"post": [2.90751, 0.09082, -0.29472],
							"lerp_mode": "catmullrom"
						},
						"1.6667": {
							"post": [3.21606, 0.13586, -0.75381],
							"lerp_mode": "catmullrom"
						},
						"1.7917": {
							"post": [3.1356, 0.07653, -0.75638],
							"lerp_mode": "catmullrom"
						},
						"1.875": {
							"post": [3.21984, 0.14004, -0.75539],
							"lerp_mode": "catmullrom"
						},
						"1.9583": {
							"post": [3.16012, 0.09497, -0.76346],
							"lerp_mode": "catmullrom"
						},
						"2.0417": {
							"post": [2.80269, -0.25964, -0.76871],
							"lerp_mode": "catmullrom"
						},
						"2.125": {
							"post": [2.85551, -0.20961, -0.76789],
							"lerp_mode": "catmullrom"
						},
						"2.25": {
							"post": [2.60921, -0.45384, -0.7821],
							"lerp_mode": "catmullrom"
						},
						"2.375": {
							"post": [2.63801, -0.1364, -0.73395],
							"lerp_mode": "catmullrom"
						},
						"2.4583": {
							"post": [2.5789, -0.04794, -1.31974],
							"lerp_mode": "catmullrom"
						},
						"2.5417": {
							"post": [2.59971, -0.07647, -1.09743],
							"lerp_mode": "catmullrom"
						},
						"2.625": {
							"post": [2.59971, -0.07647, -1.09743],
							"lerp_mode": "catmullrom"
						},
						"2.7083": {
							"post": [2.59971, -0.07647, -1.09743],
							"lerp_mode": "catmullrom"
						},
						"2.8333": {
							"post": [2.30855, -0.7424, -1.1437],
							"lerp_mode": "catmullrom"
						},
						"3.0": {
							"post": [0.01739, 0.07292, -1.39773],
							"lerp_mode": "catmullrom"
						},
						"3.125": {
							"post": [0.00131, -0.07498, 0.27369],
							"lerp_mode": "catmullrom"
						},
						"3.25": {
							"post": [0, 0, -0.075],
							"lerp_mode": "catmullrom"
						},
						"3.375": {
							"post": [0, 0, 0.003],
							"lerp_mode": "catmullrom"
						},
						"3.5": [0, 0, 0]
					}
				},
				"Bolt": {
					"rotation": {
						"0.25": [0, 0, 0],
						"0.3333": [0, 0, 57.5],
						"0.4167": [0, 0, 57.5],
						"2.4167": [0, 0, 57.5],
						"2.5": [0, 0, 57.5],
						"2.5833": [0, 0, 57.5],
						"2.625": [0, 0, 0]
					},
					"position": {
						"0.4167": [0, 0, 0],
						"0.4583": [0, 0, 4.675],
						"2.4167": [0, 0, 4.68],
						"2.5": [0, 0, 0],
						"2.5833": [0, 0, 0]
					}
				},
				"mag_and_bullet": {
					"rotation": {
						"0.875": [0, 0, 0],
						"0.9167": [-19.98878, 0.68392, 1.87947],
						"1.0": [-50.76331, 13.21645, 11.92089],
						"1.125": [-86.59886, 50.1765, 22.27268],
						"1.2083": [-109.49643, 55.66313, 31.63214],
						"1.5417": [-157.3216, 63.3278, 80.70392],
						"1.625": [-157.3216, 28.9278, 91.70392],
						"1.7083": [-37.40749, 11.59745, 34.3224],
						"1.8333": [-28.59657, 4.07774, 11.29549],
						"1.9167": [-19.98878, 0.68392, 1.87947],
						"2.0": [-19.98878, 0.68392, 1.87947],
						"2.0417": [0, 0, 0]
					},
					"position": {
						"0.875": [0, 0, 0],
						"0.9167": [0, -2.8, -1.025],
						"1.0": [-2.675, -5.175, -10.37],
						"1.125": [-4.02, -17.4, -16.945],
						"1.2083": [-4.22, -31.395, -17.495],
						"1.5417": [-5.865, -30.645, -10.325],
						"1.625": [-2.165, -30.645, -10.325],
						"1.7083": [-3.575, -7.475, 8.2],
						"1.8333": [-1.0064, -5.81124, -0.4259],
						"1.9167": [0, -2.95, -1.025],
						"2.0": [0, -2.8, -1.025],
						"2.0417": [0, 0, 0]
					}
				},
				"shell_ejection": {
					"rotation": {
						"0.4583": [0, 0, 0],
						"0.5417": [0, 35, 0],
						"0.625": [0, 171.78, 0],
						"0.7083": [0, 221.57, 0],
						"0.7917": [0, 244.24, 0],
						"0.875": [0, 314.02, 0],
						"0.9583": [0, 418.7, 0],
						"1.0": [0, 488.48, 0],
						"2.375": [0, 0, 0],
						"2.4167": [-5, 0, 0],
						"2.4583": [-5, 0, 0],
						"2.5": [0, 0, 0]
					},
					"position": {
						"0.3333": [0, 0, -2],
						"0.375": [0, 0, -2.37],
						"0.4167": [0.33651, 0.05062, -2.08156],
						"0.4583": [0, 0, -0.06],
						"0.5": [-2.5, 1.19, -0.34],
						"0.5417": [-6, 2, -1],
						"0.5833": [-9.63, 1.06, -2.06],
						"0.625": [-14, -1.875, -4],
						"0.6667": [-20, -4.76, -7.94],
						"0.7083": [-26, -11.4, -12],
						"0.75": [-31.25, -15.73, -14.06],
						"2.375": [-26, -25.6, -23],
						"2.4167": [0.3488, -0.92022, -0.87645],
						"2.4583": [0.3488, -0.15286, -2.18957],
						"2.5": [0.3488, -0.05324, -3.58085]
					},
					"scale": {
						"0.75": [1, 1, 1],
						"0.7917": {"pre": [1, 1, 1], "post": [0, 0, 0]},
						"2.375": [0, 0, 0],
						"2.4167": {"pre": [0, 0, 0], "post": [1, 1, 1]},
						"2.5": [1, 1, 1],
						"2.5417": {"pre": [1, 1, 1], "post": [0, 0, 0]}
					}
				},
				"camera": {
					"rotation": {
						"0.0": [0, 0, 0],
						"0.1667": {
							"pre": [-0.575, 0, 0.375],
							"post": [-0.575, 0, 0.375],
							"lerp_mode": "catmullrom"
						},
						"0.3333": {
							"post": [0.8, 0, -0.87],
							"lerp_mode": "catmullrom"
						},
						"0.4167": {
							"post": [0.875, 0, -0.75],
							"lerp_mode": "catmullrom"
						},
						"0.4583": {
							"post": [1.325, 0, 0.375],
							"lerp_mode": "catmullrom"
						},
						"0.5": {
							"post": [0.65, 0, -1.025],
							"lerp_mode": "catmullrom"
						},
						"0.5417": {
							"post": [0.85, 0, 0],
							"lerp_mode": "catmullrom"
						},
						"0.625": {
							"post": [0.7, 0, -0.6],
							"lerp_mode": "catmullrom"
						},
						"0.7083": {
							"post": [0.8, 0, -0.325],
							"lerp_mode": "catmullrom"
						},
						"0.7917": {
							"post": [0.8, 0, -0.45],
							"lerp_mode": "catmullrom"
						},
						"0.875": {
							"post": [1.175, 0, -0.925],
							"lerp_mode": "catmullrom"
						},
						"0.9167": {
							"post": [1.325, 0, -0.65],
							"lerp_mode": "catmullrom"
						},
						"0.9583": {
							"post": [1.575, 0, 0.65],
							"lerp_mode": "catmullrom"
						},
						"1.0": {
							"post": [1.225, 0, -1.1],
							"lerp_mode": "catmullrom"
						},
						"1.0417": {
							"post": [1.35, 0, 0.025],
							"lerp_mode": "catmullrom"
						},
						"1.125": {
							"post": [0.8, 0, -0.775],
							"lerp_mode": "catmullrom"
						},
						"1.2083": {
							"post": [0.8, 0, -0.425],
							"lerp_mode": "catmullrom"
						},
						"1.375": {
							"post": [0.8, 0, -0.625],
							"lerp_mode": "catmullrom"
						},
						"1.5833": {
							"post": [0.8, 0, -0.7],
							"lerp_mode": "catmullrom"
						},
						"1.7917": {
							"post": [1.25, 0, -0.575],
							"lerp_mode": "catmullrom"
						},
						"1.875": {
							"post": [1.35, 0, -0.775],
							"lerp_mode": "catmullrom"
						},
						"2.0": {
							"post": [1.25, 0, -0.675],
							"lerp_mode": "catmullrom"
						},
						"2.0417": {
							"post": [2.05, 0, 0.7],
							"lerp_mode": "catmullrom"
						},
						"2.0833": {
							"post": [1.05, 0, -1.025],
							"lerp_mode": "catmullrom"
						},
						"2.125": {
							"post": [1.25, 0, 0],
							"lerp_mode": "catmullrom"
						},
						"2.2083": {
							"post": [1.25, 0, -0.7],
							"lerp_mode": "catmullrom"
						},
						"2.2917": {
							"post": [1.375, 0, -0.475],
							"lerp_mode": "catmullrom"
						},
						"2.375": {
							"post": [1.375, 0, -0.625],
							"lerp_mode": "catmullrom"
						},
						"2.4167": {
							"post": [1.375, 0, -0.325],
							"lerp_mode": "catmullrom"
						},
						"2.5": {
							"post": [1.375, 0, 0.3],
							"lerp_mode": "catmullrom"
						},
						"2.5833": {
							"post": [1.375, 0, -0.275],
							"lerp_mode": "catmullrom"
						},
						"2.625": {
							"post": [1.825, 0, 0.825],
							"lerp_mode": "catmullrom"
						},
						"2.6667": {
							"post": [1.15, 0, -0.9],
							"lerp_mode": "catmullrom"
						},
						"2.7083": {
							"post": [0.975, 0, 0.25],
							"lerp_mode": "catmullrom"
						},
						"2.7917": {
							"post": [0.975, 0, -0.425],
							"lerp_mode": "catmullrom"
						},
						"2.9167": {
							"post": [0, 0, 0.2],
							"lerp_mode": "catmullrom"
						},
						"3.0": {
							"post": [0, 0, 0.45],
							"lerp_mode": "catmullrom"
						},
						"3.125": {
							"post": [0, 0, 0.575],
							"lerp_mode": "catmullrom"
						},
						"3.1667": {
							"post": [0.325, 0, -0.575],
							"lerp_mode": "catmullrom"
						},
						"3.2083": {
							"post": [-0.125, 0, 0.325],
							"lerp_mode": "catmullrom"
						},
						"3.2917": {
							"post": [0.05, 0, -0.25],
							"lerp_mode": "catmullrom"
						},
						"3.375": {
							"post": [-0.05, 0, 0.075],
							"lerp_mode": "catmullrom"
						},
						"3.4583": {
							"post": [0, 0, -0.075],
							"lerp_mode": "catmullrom"
						},
						"3.5417": {
							"post": [0, 0, 0],
							"lerp_mode": "catmullrom"
						}
					}
				},
				"bullet_in_mag_empty": {
					"scale": {
						"0.0": [1, 1, 1],
						"0.0417": [0, 0, 0],
						"1.6667": [0, 0, 0],
						"1.7083": [1, 1, 1]
					}
				},
				"shell_inspect": {
					"rotation": {
						"0.4583": [0, 0, 0],
						"0.5417": [0, 35, 0],
						"0.625": [0, 171.78, 0],
						"0.7083": [0, 221.57, 0],
						"0.7917": [0, 244.24, 0],
						"0.875": [0, 314.02, 0],
						"0.9583": [0, 418.7, 0],
						"1.0": [0, 488.48, 0],
						"2.375": [0, 0, 0],
						"2.4167": [-5, 0, 0],
						"2.4583": [-5, 0, 0],
						"2.5": [0, 0, 0]
					},
					"position": {
						"0.3333": [0, 0, -2],
						"0.375": [0, 0, -2.37],
						"0.4167": [0.33651, 0.05062, -2.08156],
						"0.4583": [0, 0, -0.06],
						"0.5": [-2.5, 1.19, -0.34],
						"0.5417": [-6, 2, -1],
						"0.5833": [-9.63, 1.06, -2.06],
						"0.625": [-14, -1.875, -4],
						"0.6667": [-20, -4.76, -7.94],
						"0.7083": [-26, -11.4, -12],
						"0.75": [-31.25, -15.73, -14.06],
						"2.375": [-26, -25.6, -23],
						"2.4167": [0.3488, -0.92022, -0.87645],
						"2.4583": [0.3488, -0.15286, -2.18957],
						"2.5": [0.3488, -0.05324, -3.58085]
					},
					"scale": {
						"0.75": [1, 1, 1],
						"0.7917": {"pre": [1, 1, 1], "post": [0, 0, 0]},
						"2.375": [0, 0, 0],
						"2.4167": {"pre": [0, 0, 0], "post": [1, 1, 1]},
						"2.5": [1, 1, 1],
						"2.5417": {"pre": [1, 1, 1], "post": [0, 0, 0]}
					}
				}
			},
			"sound_effects": {
				"0.0": {
					"effect": "spr208_reload_up"
				},
				"0.2083": {
					"effect": "spr208_inspect_boltclose"
				},
				"0.5": {
					"effect": "casing_eject_762x54r_04"
				},
				"0.75": {
					"effect": "spr208_drop_quick"
				},
				"0.8333": {
					"effect": "spr208_reload_magout"
				},
				"1.8333": {
					"effect": "spr208_reload_empty_fast_maghit"
				},
				"1.9167": {
					"effect": "spr208_reload_empty_fast_magin"
				},
				"2.0417": {
					"effect": "spr208_reload_empty_xmags_boltclose"
				},
				"2.4167": {
					"effect": "spr208_reload_empty_fast_boltclose"
				},
				"3.0": {
					"effect": "wfoly_plr_sn_mike14_reload_empty_fast_xmag_end"
				}
			}
		},
		"reload_tactical": {
			"loop": "hold_on_last_frame",
			"animation_length": 2.25,
			"bones": {
				"lefthand": {
					"rotation": {
						"0.0": [114.17, 7.29, -231.37],
						"0.0833": [114.16777, 7.28886, -231.37148],
						"0.25": [114.66709, 5.22085, -226.79166],
						"0.3333": [113.34645, 9.70794, -236.92365],
						"0.875": [113.34645, 9.70794, -236.92365],
						"1.0": [110.31316, -9.97283, -194.02396],
						"1.5833": [110.31316, -9.97283, -194.02396],
						"1.8333": [114.16777, 7.28886, -231.37148]
					},
					"position": {
						"0.0": [8.42, -13.37, -7.09],
						"0.0833": [8.4187, -13.37, -7.095],
						"0.25": [8.72976, -15.88752, -0.17703],
						"0.3333": [8.42, -15.62, 0.01],
						"0.875": [8.42, -15.62, 0.01],
						"1.0": [6.17665, -16.88687, 0.13805],
						"1.5833": [6.17665, -16.88687, 0.13805],
						"1.8333": [8.4187, -13.37, -7.095]
					},
					"scale": [1, 1.5, 1]
				},
				"righthand": {
					"rotation": [96.75962, 6.88058, -179.56092],
					"position": [-6.775, -14.9625, 7.0875],
					"scale": [1, 1.5, 1]
				},
				"root": {
					"rotation": {
						"0.0": [0, 0, 0],
						"0.125": {
							"pre": [0, -1, 8],
							"post": [0, -1, 8],
							"lerp_mode": "catmullrom"
						},
						"0.25": {
							"post": [-10.0852, -1.35774, -20.76576],
							"lerp_mode": "catmullrom"
						},
						"0.375": {
							"post": [-8.99909, -0.10452, -19.99452],
							"lerp_mode": "catmullrom"
						},
						"0.5": {
							"post": [-8.97033, -0.72945, -23.94553],
							"lerp_mode": "catmullrom"
						},
						"0.5417": {
							"post": [-14.29406, -4.53109, -36.4267],
							"lerp_mode": "catmullrom"
						},
						"0.6667": {
							"post": [-10.93485, -1.10278, -23.86649],
							"lerp_mode": "catmullrom"
						},
						"0.7917": {
							"post": [-12.95171, -0.87879, -22.89175],
							"lerp_mode": "catmullrom"
						},
						"0.9167": {
							"post": [-12.88971, -1.54974, -25.81643],
							"lerp_mode": "catmullrom"
						},
						"1.0417": {
							"post": [-9.62096, -2.76296, -33.12981],
							"lerp_mode": "catmullrom"
						},
						"1.1667": {
							"post": [-9.85404, -1.74725, -27.21174],
							"lerp_mode": "catmullrom"
						},
						"1.2917": {
							"post": [-9.62096, -2.76296, -33.12981],
							"lerp_mode": "catmullrom"
						},
						"1.375": {
							"post": [-9.52003, -3.09552, -35.10455],
							"lerp_mode": "catmullrom"
						},
						"1.4167": {
							"post": [-7.93815, -0.37397, -21.36268],
							"lerp_mode": "catmullrom"
						},
						"1.5417": {
							"post": [-8.66253, -2.56135, -32.1496],
							"lerp_mode": "catmullrom"
						},
						"1.6667": {
							"post": [-8.74574, -2.25865, -30.17089],
							"lerp_mode": "catmullrom"
						},
						"1.7917": {
							"post": [-3.0427, 1.59128, 0.82096],
							"lerp_mode": "catmullrom"
						},
						"1.9167": {
							"post": [0, 0, 1],
							"lerp_mode": "catmullrom"
						},
						"2.0": {
							"post": [0, 0, -2],
							"lerp_mode": "catmullrom"
						},
						"2.125": {
							"post": [0, 0, 1],
							"lerp_mode": "catmullrom"
						},
						"2.25": [0, 0, 0]
					},
					"position": {
						"0.0": [0, 0, 0],
						"0.0833": {
							"pre": [0.15, -0.25, 0],
							"post": [0.15, -0.25, 0],
							"lerp_mode": "catmullrom"
						},
						"0.2083": {
							"post": [-0.075, 0.825, 0],
							"lerp_mode": "catmullrom"
						},
						"0.3333": {
							"post": [0, 0.225, 0],
							"lerp_mode": "catmullrom"
						},
						"0.4583": {
							"post": [0, 0.35, 0],
							"lerp_mode": "catmullrom"
						},
						"0.5417": {
							"post": [-0.45139, 1.38944, 0.20367],
							"lerp_mode": "catmullrom"
						},
						"0.625": {
							"post": [-0.37864, 1.18354, 0.14931],
							"lerp_mode": "catmullrom"
						},
						"0.75": {
							"post": [-0.33384, 1.07005, 0.12192],
							"lerp_mode": "catmullrom"
						},
						"0.875": {
							"post": [-0.30081, 1.00365, 0.10925],
							"lerp_mode": "catmullrom"
						},
						"1.0": {
							"post": [-0.42311, 1.09165, 0.1199],
							"lerp_mode": "catmullrom"
						},
						"1.125": {
							"post": [-0.29132, 0.85457, 0.07436],
							"lerp_mode": "catmullrom"
						},
						"1.25": {
							"post": [-0.25586, 0.78446, 0.05717],
							"lerp_mode": "catmullrom"
						},
						"1.3333": {
							"post": [-0.23128, 0.73991, 0.05174],
							"lerp_mode": "catmullrom"
						},
						"1.4167": {
							"post": [0.21313, -0.10103, -0.0781],
							"lerp_mode": "catmullrom"
						},
						"1.5": {
							"post": [-0.01177, 0.40947, -0.00839],
							"lerp_mode": "catmullrom"
						},
						"1.625": {
							"post": [0.1091, 0.2532, -0.03937],
							"lerp_mode": "catmullrom"
						},
						"1.75": {
							"post": [0.36896, -0.81326, -0.2422],
							"lerp_mode": "catmullrom"
						},
						"1.875": {
							"post": [-0.00252, -0.0891, -0.37484],
							"lerp_mode": "catmullrom"
						},
						"1.9583": {
							"post": [0, -0.1, 0.1],
							"lerp_mode": "catmullrom"
						},
						"2.0833": {
							"post": [0, 0, -0.025],
							"lerp_mode": "catmullrom"
						},
						"2.2083": [0, 0, 0]
					}
				},
				"mag_and_lefthand": {
					"rotation": {
						"0.5": [0, 0, 0],
						"0.5417": [-11, 0, 0],
						"0.6667": {
							"pre": [-22.29418, -5.80417, -13.85537],
							"post": [-22.29418, -5.80417, -13.85537],
							"lerp_mode": "catmullrom"
						},
						"0.7917": {
							"post": [-26.22598, 16.50545, -24.93609],
							"lerp_mode": "catmullrom"
						},
						"1.0417": {
							"post": [-32.16587, 37.18323, -38.1263],
							"lerp_mode": "catmullrom"
						},
						"1.1667": {
							"post": [-22.74581, -3.50432, -8.29492],
							"lerp_mode": "catmullrom"
						},
						"1.2917": {
							"post": [-28, 0, 0],
							"lerp_mode": "catmullrom"
						},
						"1.375": [-27, 0, 0],
						"1.4167": [0, 0, 0]
					},
					"position": {
						"0.5": [0, 0, 0],
						"0.5417": [0, -2.2173, -0.71852],
						"0.625": {
							"pre": [2.37248, -3.73396, 1.38098],
							"post": [2.37248, -3.73396, 1.38098],
							"lerp_mode": "catmullrom"
						},
						"0.75": {
							"post": [1.93, -8.045, 7.6],
							"lerp_mode": "catmullrom"
						},
						"1.0": {
							"post": [1.93, -8.045, 7.6],
							"lerp_mode": "catmullrom"
						},
						"1.125": {
							"post": [1.925, -3.77, 1.35],
							"lerp_mode": "catmullrom"
						},
						"1.2917": {
							"post": [0, -2.86995, -0.61978],
							"lerp_mode": "catmullrom"
						},
						"1.375": [0, -2.75958, -0.56109],
						"1.4167": [0, 0, 0]
					}
				},
				"mag_release": {
					"position": {
						"0.5": [0, 0, 0],
						"0.5417": [0.1, 0, 0],
						"0.5833": [0, 0, 0],
						"1.375": [0, 0, 0],
						"1.4167": [0.1, 0, 0],
						"1.4583": [0, 0, 0]
					}
				},
				"camera": {
					"rotation": {
						"0.0": [0, 0, 0],
						"0.125": {
							"pre": [-0.475, 0, 0.325],
							"post": [-0.475, 0, 0.325],
							"lerp_mode": "catmullrom"
						},
						"0.3333": {
							"post": [0.875, 0, -0.37],
							"lerp_mode": "catmullrom"
						},
						"0.5": {
							"post": [0.875, 0, -0.4],
							"lerp_mode": "catmullrom"
						},
						"0.5417": {
							"post": [1.4, 0, 0.425],
							"lerp_mode": "catmullrom"
						},
						"0.5833": {
							"post": [0.525, 0, -0.65],
							"lerp_mode": "catmullrom"
						},
						"0.625": {
							"post": [1, 0, -0.35],
							"lerp_mode": "catmullrom"
						},
						"0.7083": {
							"post": [0.8, 0, -0.475],
							"lerp_mode": "catmullrom"
						},
						"0.7917": {
							"post": [0.875, 0, -0.25],
							"lerp_mode": "catmullrom"
						},
						"0.875": {
							"post": [0.875, 0, -0.3],
							"lerp_mode": "catmullrom"
						},
						"0.9583": {
							"post": [1.15, 0, -0.275],
							"lerp_mode": "catmullrom"
						},
						"1.0417": {
							"post": [2, 0, -0.6],
							"lerp_mode": "catmullrom"
						},
						"1.125": {
							"post": [1.7, 0, -0.45],
							"lerp_mode": "catmullrom"
						},
						"1.25": {
							"post": [1.775, 0, -0.8],
							"lerp_mode": "catmullrom"
						},
						"1.375": {
							"post": [1.775, 0, -0.75],
							"lerp_mode": "catmullrom"
						},
						"1.4167": {
							"post": [2.325, 0, 0.125],
							"lerp_mode": "catmullrom"
						},
						"1.4583": {
							"post": [1.525, 0, -0.925],
							"lerp_mode": "catmullrom"
						},
						"1.5": {
							"post": [1.875, 0, -0.4],
							"lerp_mode": "catmullrom"
						},
						"1.5833": {
							"post": [1.775, 0, -0.5],
							"lerp_mode": "catmullrom"
						},
						"1.7083": {
							"post": [1.45, 0, -0.4],
							"lerp_mode": "catmullrom"
						},
						"1.8333": {
							"post": [0, 0, -0.025],
							"lerp_mode": "catmullrom"
						},
						"1.9167": {
							"post": [0, 0, 0.525],
							"lerp_mode": "catmullrom"
						},
						"1.9583": {
							"post": [0.5, 0, -0.45],
							"lerp_mode": "catmullrom"
						},
						"2.0": {
							"post": [-0.2, 0, 0.35],
							"lerp_mode": "catmullrom"
						},
						"2.0833": {
							"post": [0.075, 0, -0.125],
							"lerp_mode": "catmullrom"
						},
						"2.1667": {
							"post": [0, 0, 0.025],
							"lerp_mode": "catmullrom"
						},
						"2.25": [0, 0, 0]
					}
				}
			},
			"sound_effects": {
				"0.0": {
					"effect": "fnscar17_ads_up"
				},
				"0.25": {
					"effect": "spr208_reload_empty_fast_xmags_grab"
				},
				"0.4583": {
					"effect": "spr208_reload_fast_magout"
				},
				"0.7083": {
					"effect": "spr208_reload_empty_maghit"
				},
				"0.7917": {
					"effect": "fnscar17_reload_rotate"
				},
				"1.375": {
					"effect": "spr208_reload_fast_magin"
				},
				"1.625": {
					"effect": "spr208_reload_xmags_up"
				}
			}
		},
		"draw": {
			"animation_length": 0.9667,
			"bones": {
				"lefthand": {
					"rotation": [114.16777, 7.28886, -231.37148],
					"position": [8.4187, -13.37, -7.095],
					"scale": [1, 1.5, 1]
				},
				"righthand": {
					"rotation": [96.75962, 6.88058, -179.56092],
					"position": [-6.775, -14.9625, 7.0875],
					"scale": [1, 1.5, 1]
				},
				"root": {
					"rotation": {
						"0.0": {
							"post": [0.81, -32.64, 33.95],
							"lerp_mode": "catmullrom"
						},
						"0.1333": {
							"post": [-3.8938, -12.74248, 22.79227],
							"lerp_mode": "catmullrom"
						},
						"0.2667": {
							"post": [-0.78319, -1.14075, 6.01315],
							"lerp_mode": "catmullrom"
						},
						"0.3667": {
							"post": [-0.31859, -0.13504, -1.3],
							"lerp_mode": "catmullrom"
						},
						"0.4333": {
							"post": [0.03999, 0.0007, 0.3],
							"lerp_mode": "catmullrom"
						},
						"0.5333": {
							"post": [0, 0, 0],
							"lerp_mode": "catmullrom"
						},
						"0.6": {
							"post": [0, 0, 0],
							"lerp_mode": "catmullrom"
						}
					},
					"position": {
						"0.0": {
							"post": [-3.18, -5.58, 24],
							"lerp_mode": "catmullrom"
						},
						"0.1": {
							"post": [-0.95, -3.545, 7.2],
							"lerp_mode": "catmullrom"
						},
						"0.2333": {
							"post": [0, 0.25, -0.3125],
							"lerp_mode": "catmullrom"
						},
						"0.3667": {
							"post": [0, -0.25, 0.13],
							"lerp_mode": "catmullrom"
						},
						"0.4667": {
							"post": [0, 0.02, -0.2],
							"lerp_mode": "catmullrom"
						},
						"0.5667": {
							"post": [0, 0, 0],
							"lerp_mode": "catmullrom"
						},
						"0.6333": {
							"post": [0, 0, 0],
							"lerp_mode": "catmullrom"
						}
					}
				},
				"camera": {
					"rotation": {
						"0.0": {
							"post": [0, 0, 0],
							"lerp_mode": "catmullrom"
						},
						"0.1667": {
							"post": [0.45, 0, 0.2],
							"lerp_mode": "catmullrom"
						},
						"0.3": {
							"post": [0.75, 0, 0.55],
							"lerp_mode": "catmullrom"
						},
						"0.3667": {
							"post": [-0.1, 0, -0.35],
							"lerp_mode": "catmullrom"
						},
						"0.4667": {
							"post": [0, 0, 0.275],
							"lerp_mode": "catmullrom"
						},
						"0.5333": {
							"post": [0, 0, -0.17],
							"lerp_mode": "catmullrom"
						},
						"0.6667": {
							"post": [0, 0, 0.075],
							"lerp_mode": "catmullrom"
						},
						"0.8": {
							"post": [0, 0, 0],
							"lerp_mode": "catmullrom"
						}
					}
				}
			},
			"sound_effects": {
				"0.1": {
					"effect": "spr208_raise_quick"
				}
			}
		},
		"put_away": {
			"loop": "hold_on_last_frame",
			"animation_length": 0.9333,
			"bones": {
				"lefthand": {
					"rotation": {
						"0.0": [114.16777, 7.28886, -231.37148],
						"0.1667": [114.16777, 7.28886, -231.37148],
						"0.4667": [129.51874, -11.88044, -239.99441],
						"0.7": [147.87294, -13.35809, -262.28954]
					},
					"position": {
						"0.0": [8.4187, -13.37, -7.095],
						"0.1333": [8.4187, -13.37, -2.12],
						"0.4333": [8.4187, -13.37, -2.12],
						"0.6667": [19.995, -18.545, 8.905]
					},
					"scale": [1, 1.5, 1]
				},
				"righthand": {
					"rotation": {
						"0.0": [96.75962, 6.88058, -179.56092],
						"0.2667": {
							"pre": [96.75962, 6.88058, -179.56092],
							"post": [96.75962, 6.88058, -179.56092],
							"lerp_mode": "catmullrom"
						},
						"0.4333": {
							"post": [99.69446, 22.18334, -108.99948],
							"lerp_mode": "catmullrom"
						}
					},
					"position": {
						"0.0": [-6.775, -14.9625, 7.0875],
						"0.2333": {
							"pre": [-6.775, -14.9625, 7.0875],
							"post": [-6.775, -14.9625, 7.0875],
							"lerp_mode": "catmullrom"
						},
						"0.4": {
							"post": [-1.795, -10.96, 2.515],
							"lerp_mode": "catmullrom"
						}
					},
					"scale": [1, 1.5, 1]
				},
				"root": {
					"rotation": {
						"0.0": {
							"post": [0, 0, 0],
							"lerp_mode": "catmullrom"
						},
						"0.1333": {
							"post": [-5.375, 0.275, -0.45],
							"lerp_mode": "catmullrom"
						},
						"0.2667": {
							"post": [-47.96309, -1.7202, -2.45819],
							"lerp_mode": "catmullrom"
						},
						"0.3": [-49.34358, -1.79116, -2.50804],
						"0.3333": [-60.85818, -2.05361, -2.6924],
						"0.3667": [-67.0624, -2.53876, -3.03321],
						"0.4": [-69.26002, -3.0239, -3.37401],
						"0.4333": [-70.17195, -3.28636, -3.55838],
						"0.4667": [-70.41214, -3.35731, -3.60822],
						"0.5": [-70.61347, -3.35731, -3.60822],
						"0.5333": [-71.26655, -3.35731, -3.60822],
						"0.5667": [-72.45949, -3.35731, -3.60822],
						"0.6": [-74.29518, -3.35731, -3.60822],
						"0.6333": [-76.86973, -3.35731, -3.60822],
						"0.6667": [-80.20042, -3.35731, -3.60822],
						"0.7": [-84.03948, -3.35731, -3.60822],
						"0.7333": [-87.65966, -3.35731, -3.60822],
						"0.7667": [-90.10677, -3.35731, -3.60822],
						"0.8": [-90.91214, -3.35731, -3.60822]
					},
					"position": {
						"0.0": {
							"post": [0, 0, 0],
							"lerp_mode": "catmullrom"
						},
						"0.1": {
							"post": [-0.42, 0.18, -0.05],
							"lerp_mode": "catmullrom"
						},
						"0.2333": {
							"post": [-2.45, 0.7, 0],
							"lerp_mode": "catmullrom"
						},
						"0.2667": [-2.54771, 0.64149, 0.09535],
						"0.3": [-2.90494, 0.42507, 0.44804],
						"0.3333": [-3.51287, 0.025, 1.1],
						"0.3667": [-3.9615, -0.37507, 1.75196],
						"0.4": [-4.03271, -0.59149, 2.10465],
						"0.4333": [-3.85, -0.65, 2.2],
						"0.4667": [-3.79132, -0.86505, 2.38138],
						"0.5": [-4.22098, -1.40696, 2.83846],
						"0.5333": [-5.05682, -2.16112, 3.47455],
						"0.5667": [-5.95836, -3.0438, 4.21904],
						"0.6": [-6.66746, -3.9874, 5.01492],
						"0.6333": [-7.1333, -4.93101, 5.8108],
						"0.6667": [-7.38791, -5.81371, 6.55531],
						"0.7": [-7.47314, -6.56791, 7.19143],
						"0.7333": [-7.42345, -7.10987, 7.64855],
						"0.7667": [-7.265, -7.325, 7.83]
					}
				},
				"camera": {
					"rotation": {
						"0.0": [0, 0, 0],
						"0.1333": {
							"pre": [0.3, 0, -0.525],
							"post": [0.3, 0, -0.525],
							"lerp_mode": "catmullrom"
						},
						"0.3333": {
							"post": [-0.5, 0, 0.2],
							"lerp_mode": "catmullrom"
						},
						"0.5667": {
							"post": [-0.3, 0, 0],
							"lerp_mode": "catmullrom"
						},
						"0.6": {
							"post": [0, 0, 0.4],
							"lerp_mode": "catmullrom"
						},
						"0.6333": {
							"post": [-0.35, 0, -0.275],
							"lerp_mode": "catmullrom"
						},
						"0.7": {
							"post": [-0.225, 0, 0.175],
							"lerp_mode": "catmullrom"
						},
						"0.7667": {
							"post": [0, 0, -0.125],
							"lerp_mode": "catmullrom"
						},
						"0.8333": {
							"post": [0, 0, 0.075],
							"lerp_mode": "catmullrom"
						},
						"0.9": [0, 0, 0]
					}
				}
			},
			"sound_effects": {
				"0.0667": {
					"effect": "spr208_inspect_rotate"
				}
			}
		},
		"shoot": {
			"animation_length": 0.85,
			"bones": {
				"constraint": {
					"rotation": {
						"0.25": [0.2, 0.2, 0.2],
						"0.3667": [0.1, 0.1, 0.1],
						"0.55": [0, 0, 0]
					},
					"position": {
						"0.25": [0.15, 0.05, 0.5],
						"0.3667": [0.1, 0, 0.1],
						"0.55": [0, 0, 0]
					}
				},
				"root": {
					"rotation": {
						"0.0": [0, 0, 0],
						"0.0167": [-0.6, 0.16, 4.24],
						"0.0333": [-5.95, 0.32, -2.91],
						"0.05": [-7.17, 0.44, -0.42],
						"0.0667": [-7.74, 0.57, 2.44],
						"0.0833": [-7.94, 0.67, 1.5],
						"0.1": [-7.95, 0.78, -0.49],
						"0.1167": [-7.79, 0.82, -1.73],
						"0.1333": [-7.57, 0.79, -1.56],
						"0.15": [-7.24, 0.75, -0.94],
						"0.1667": [-6.87, 0.68, -0.14],
						"0.1833": [-6.52, 0.59, 0.58],
						"0.2": [-6.25, 0.49, 0.95],
						"0.2167": [-6.07, 0.37, 0.87],
						"0.2333": [-5.93, 0.21, 0.51],
						"0.25": [-5.83, 0.05, 0.03],
						"0.2667": [-5.76, -0.1, -0.41],
						"0.2833": [-5.71, -0.22, -0.66],
						"0.3": [-5.71, -0.3, -0.66],
						"0.3167": [-5.79, -0.37, -0.52],
						"0.3333": [-5.86, -0.41, -0.31],
						"0.35": [-5.89, -0.44, -0.12],
						"0.3667": [-5.8, -0.46, -0.03],
						"0.3833": [-5.56, -0.45, -0.05],
						"0.4": [-5.2, -0.42, -0.15],
						"0.4167": [-4.79, -0.38, -0.27],
						"0.4333": [-4.39, -0.34, -0.38],
						"0.45": [-4.06, -0.31, -0.43],
						"0.4667": [-3.74, -0.29, -0.38],
						"0.4833": [-3.5, -0.28, -0.26],
						"0.5": [-3.03, -0.24, -0.15],
						"0.5167": [-2.5, -0.2, -0.11],
						"0.5333": [-1.82, -0.15, -0.07],
						"0.55": [-1.09, -0.09, -0.04],
						"0.5667": [-0.44, -0.04, -0.02],
						"0.5833": [0, 0, 0],
						"0.6": [0.15, 0.01, 0.01],
						"0.6167": [0.21, 0.02, 0.01],
						"0.6333": [0.22, 0.02, 0.01],
						"0.65": [0.19, 0.02, 0.01],
						"0.6667": [0.13, 0.01, 0.01],
						"0.6833": [0.07, 0.01, 0],
						"0.7": [0.02, 0, 0],
						"0.7167": [0, 0, 0],
						"0.7333": [0, 0, 0],
						"0.75": [0, 0, 0],
						"0.7667": [0, 0, 0],
						"0.7833": [0, 0, 0],
						"0.8": [0, 0, 0],
						"0.8167": [0, 0, 0],
						"0.8333": [0, 0, 0],
						"0.85": [0, 0, 0]
					},
					"position": {
						"0.0": [0, 0, 0],
						"0.0167": [-0.14, 0.45, 3.78],
						"0.0333": [-0.14, 1.1, 3.84],
						"0.05": [-0.13, 1.14, 3.67],
						"0.0667": [-0.11, 1.16, 3.42],
						"0.0833": [-0.08, 1.18, 3.11],
						"0.1": [-0.06, 1.18, 2.8],
						"0.1167": [-0.03, 1.17, 2.49],
						"0.1333": [-0.01, 1.16, 2.22],
						"0.15": [0, 1.15, 2.02],
						"0.1667": [0.01, 1.14, 1.92],
						"0.1833": [0.01, 1.12, 1.86],
						"0.2": [0.01, 1.1, 1.83],
						"0.2167": [0.01, 1.08, 1.81],
						"0.2333": [0.01, 1.05, 1.81],
						"0.25": [0.01, 1.02, 1.8],
						"0.2667": [0, 0.98, 1.78],
						"0.2833": [0, 0.94, 1.75],
						"0.3": [0, 0.89, 1.68],
						"0.3167": [0, 0.84, 1.59],
						"0.3333": [0, 0.77, 1.47],
						"0.35": [0, 0.7, 1.34],
						"0.3667": [0, 0.62, 1.2],
						"0.3833": [0, 0.54, 1.05],
						"0.4": [0, 0.46, 0.91],
						"0.4167": [0, 0.38, 0.77],
						"0.4333": [0, 0.31, 0.64],
						"0.45": [0, 0.24, 0.52],
						"0.4667": [0, 0.17, 0.4],
						"0.4833": [0, 0.1, 0.28],
						"0.5": [0, 0.03, 0.16],
						"0.5167": [0, -0.04, 0.05],
						"0.5333": [0, -0.1, -0.05],
						"0.55": [0, -0.15, -0.14],
						"0.5667": [0, -0.19, -0.2],
						"0.5833": [0, -0.21, -0.25],
						"0.6": [0, -0.22, -0.27],
						"0.6167": [0, -0.2, -0.26],
						"0.6333": [0, -0.17, -0.23],
						"0.65": [0, -0.13, -0.19],
						"0.6667": [0, -0.09, -0.15],
						"0.6833": [0, -0.05, -0.1],
						"0.7": [0, -0.02, -0.06],
						"0.7167": [0, 0, -0.04],
						"0.7333": [0, 0.01, -0.02],
						"0.75": [0, 0.01, -0.01],
						"0.7667": [0, 0.02, -0.01],
						"0.7833": [0, 0.01, -0.01],
						"0.8": [0, 0.01, 0],
						"0.8167": [0, 0, 0],
						"0.8333": [0, 0, 0],
						"0.85": [0, 0, 0]
					}
				},
				"camera": {
					"rotation": {
						"0.0": [0, 0, 0.01],
						"0.0167": [0, 0, 1.43],
						"0.0333": [0, 0, -1],
						"0.05": [0, 0, -0.05],
						"0.0667": [0, 0, 1],
						"0.0833": [0, 0, 0.63],
						"0.1": [0, 0, -0.14],
						"0.1167": [0, 0, -0.6],
						"0.1333": [0, 0, -0.46],
						"0.15": [0, 0, -0.07],
						"0.1667": [0, 0, 0.34],
						"0.1833": [0, 0, 0.55],
						"0.2": [0, 0, 0.49],
						"0.2167": [0, 0, 0.31],
						"0.2333": [0, 0, 0.07],
						"0.25": [0, 0, -0.14],
						"0.2667": [0, 0, -0.25],
						"0.2833": [0, 0, -0.24],
						"0.3": [0, 0, -0.17],
						"0.3167": [0, 0, -0.06],
						"0.3333": [0, 0, 0.05],
						"0.35": [0, 0, 0.15],
						"0.3667": [0, 0, 0.2],
						"0.3833": [0, 0, 0.2],
						"0.4": [0, 0, 0.19],
						"0.4167": [0, 0, 0.16],
						"0.4333": [0, 0, 0.13],
						"0.45": [0, 0, 0.09],
						"0.4667": [0, 0, 0.05],
						"0.4833": [0, 0, 0.02],
						"0.5": [0, 0, 0.01]
					}
				}
			}
		}
	}
}