{
	"format_version": "1.8.0",
	"animations": {
		"static_idle": {
			"animation_length": 0.0667,
			"bones": {
				"lefthand": {
					"rotation": [117.83578, 7.25983, -240.85498],
					"position": [8.7687, -12.745, -14.245],
					"scale": [1, 1.5, 1]
				},
				"righthand": {
					"rotation": [103.48763, 29.50742, -175.55015],
					"position": [-6.075, -13.0625, -4.2125],
					"scale": [1, 1.5, 1]
				},
				"constraint": {
					"rotation": [0.2, 0.2, 0.4],
					"position": [0.1, 0.1, 0.1]
				}
			}
		},
		"reload_tactical": {
			"loop": "hold_on_last_frame",
			"animation_length": 2.4167,
			"bones": {
				"lefthand": {
					"rotation": {
						"0.0": [117.83578, 7.25983, -240.85498],
						"0.25": [165.83578, 7.25983, -240.85498],
						"0.4167": [165.83578, 7.25983, -240.85498],
						"0.4583": [117.59582, -0.71112, -245.04423],
						"1.3333": [117.59582, -0.71112, -245.04423],
						"1.4583": [117.59582, -0.71112, -245.04423],
						"1.6667": [144.59582, -0.71112, -245.04423],
						"1.75": [144.59582, -0.71112, -245.04423],
						"1.9167": [117.83578, 7.25983, -240.85498]
					},
					"position": {
						"0.0": [8.7687, -12.745, -14.245],
						"0.25": [10.37, -15.065, 9.385],
						"0.4167": [10.37, -15.065, 9.385],
						"0.4583": [6.3687, -15.17, 1.68],
						"1.3333": [6.3687, -15.17, 1.68],
						"1.4583": [6.3687, -15.17, 1.68],
						"1.6667": [13.79065, -18.79071, 10.27541],
						"1.75": [13.195, -15.17, 9.11],
						"1.9167": [8.7687, -12.745, -14.245]
					},
					"scale": [1, 1.5, 1]
				},
				"righthand": {
					"rotation": {
						"0.0": [103.48763, 29.50742, -175.55015],
						"0.0833": [103.49, 29.51, -175.55],
						"0.1667": [102.0718, 13.9003, -179.34801],
						"1.625": [102.0718, 13.9003, -179.34801],
						"1.7083": [103.48763, 29.50742, -175.55015]
					},
					"position": {
						"0.0": [-6.075, -13.0625, -4.2125],
						"0.0833": [-6.07, -13.06, -4.21],
						"0.1667": [-8.92347, -14.11526, -6.3281],
						"1.625": [-8.92347, -14.11526, -6.3281],
						"1.7083": [-6.075, -13.0625, -4.2125]
					},
					"scale": [1, 1.5, 1]
				},
				"root": {
					"rotation": {
						"0.0": [0, 0, 0],
						"0.125": {
							"pre": [2.91104, -0.72545, 13.98157],
							"post": [2.91104, -0.72545, 13.98157],
							"lerp_mode": "catmullrom"
						},
						"0.2917": {
							"post": [-31.275, -6.075, -8.395],
							"lerp_mode": "catmullrom"
						},
						"0.4167": {
							"post": [-45.05241, -2.04886, -6.2765],
							"lerp_mode": "catmullrom"
						},
						"0.5": {
							"post": [-50.0658, -4.22554, -9.53417],
							"lerp_mode": "catmullrom"
						},
						"0.625": {
							"post": [-42.70661, -11.3125, -16.20952],
							"lerp_mode": "catmullrom"
						},
						"0.7917": {
							"post": [-42.56747, -10.43413, -15.39049],
							"lerp_mode": "catmullrom"
						},
						"0.8333": {
							"post": [-48.12102, -1.66095, -11.9858],
							"lerp_mode": "catmullrom"
						},
						"0.9167": {
							"post": [-46.08501, -8.77616, -11.70565],
							"lerp_mode": "catmullrom"
						},
						"1.0417": {
							"post": [-47.30918, -5.53464, -9.64115],
							"lerp_mode": "catmullrom"
						},
						"1.1667": {
							"post": [-41.81081, -11.25374, -14.35115],
							"lerp_mode": "catmullrom"
						},
						"1.2917": {
							"post": [-40.92841, -12.61491, -16.03319],
							"lerp_mode": "catmullrom"
						},
						"1.3333": {
							"post": [-33.74297, -4.23355, -8.11905],
							"lerp_mode": "catmullrom"
						},
						"1.4167": {
							"post": [-38.83616, -8.20992, -11.95494],
							"lerp_mode": "catmullrom"
						},
						"1.5417": {
							"post": [-33.97718, -2.34571, -6.02158],
							"lerp_mode": "catmullrom"
						},
						"1.7083": {
							"post": [-16.69353, 5.75199, 16.59058],
							"lerp_mode": "catmullrom"
						},
						"1.8333": {
							"post": [1.23612, -1.01737, 10.10145],
							"lerp_mode": "catmullrom"
						},
						"2.0": {
							"post": [-2.6, 0, 4.8],
							"lerp_mode": "catmullrom"
						},
						"2.125": {
							"post": [-0.275, 0, -1],
							"lerp_mode": "catmullrom"
						},
						"2.25": {
							"post": [0, 0, 0.525],
							"lerp_mode": "catmullrom"
						},
						"2.3333": {
							"post": [0, 0, -0.325],
							"lerp_mode": "catmullrom"
						},
						"2.4167": [0, 0, 0]
					},
					"position": {
						"0.0": [0, 0, 0],
						"0.0833": {
							"pre": [0.45113, -0.82521, 1.38123],
							"post": [0.45113, -0.82521, 1.38123],
							"lerp_mode": "catmullrom"
						},
						"0.25": {
							"post": [-2.24742, 2.78783, -0.23107],
							"lerp_mode": "catmullrom"
						},
						"0.375": {
							"post": [-4.43235, 6.22311, -0.74955],
							"lerp_mode": "catmullrom"
						},
						"0.4583": {
							"post": [-4.79, 5.18, 0.715],
							"lerp_mode": "catmullrom"
						},
						"0.5833": {
							"post": [-4.6035, 5.60016, 0.11175],
							"lerp_mode": "catmullrom"
						},
						"0.75": {
							"post": [-4.59618, 5.5268, 0.17931],
							"lerp_mode": "catmullrom"
						},
						"0.8333": {
							"post": [-4.49112, 4.36009, 0.08099],
							"lerp_mode": "catmullrom"
						},
						"0.875": {
							"post": [-4.59258, 5.16582, 0.02478],
							"lerp_mode": "catmullrom"
						},
						"1.0": {
							"post": [-4.63768, 5.21018, 0.2481],
							"lerp_mode": "catmullrom"
						},
						"1.125": {
							"post": [-4.76833, 5.50435, 0.15359],
							"lerp_mode": "catmullrom"
						},
						"1.25": {
							"post": [-4.72379, 5.36897, 0.17637],
							"lerp_mode": "catmullrom"
						},
						"1.3333": {
							"post": [-4.34541, 4.54832, 0.21114],
							"lerp_mode": "catmullrom"
						},
						"1.375": {
							"post": [-4.54631, 5.11519, 0.15339],
							"lerp_mode": "catmullrom"
						},
						"1.5": {
							"post": [-4.40511, 5.54084, 0.17074],
							"lerp_mode": "catmullrom"
						},
						"1.6667": {
							"post": [-4.40511, 2.46584, 0.17074],
							"lerp_mode": "catmullrom"
						},
						"1.7917": {
							"post": [-0.04647, -2.2124, 1.24696],
							"lerp_mode": "catmullrom"
						},
						"1.9583": {
							"post": [-0.00157, 0.47295, -0.92404],
							"lerp_mode": "catmullrom"
						},
						"2.0833": {
							"post": [-0.00433, -0.09991, 0.10032],
							"lerp_mode": "catmullrom"
						},
						"2.2083": {
							"post": [0, 0, -0.075],
							"lerp_mode": "catmullrom"
						},
						"2.2917": {
							"post": [0, 0, 0.05],
							"lerp_mode": "catmullrom"
						},
						"2.4167": [0, 0, 0]
					}
				},
				"mag_and_lefthand": {
					"rotation": {
						"0.4583": [0, 0, 0],
						"0.5": [8.41375, 45.94356, -3.59645],
						"0.625": [20.03497, -3.86349, -1.03685],
						"0.7083": [15.03497, -3.86349, -1.03685],
						"0.7917": [15.03497, -3.86349, -1.03685],
						"0.8333": [0.03497, -3.86349, -1.03685],
						"0.9167": {
							"pre": [1.72712, -3.45665, -27.08779],
							"post": [1.72712, -3.45665, -27.08779],
							"lerp_mode": "catmullrom"
						},
						"1.0": {
							"post": [-14.09531, -6.37845, -10.75511],
							"lerp_mode": "catmullrom"
						},
						"1.1667": {
							"post": [-29.96503, -3.86349, -1.03685],
							"lerp_mode": "catmullrom"
						},
						"1.2917": {
							"post": [-33.96503, -3.86349, -1.03685],
							"lerp_mode": "catmullrom"
						},
						"1.3333": {
							"post": [0, 0, 0],
							"lerp_mode": "catmullrom"
						},
						"1.4583": [0, 0, 0]
					},
					"position": {
						"0.4583": [0, 0, 0],
						"0.5": [12.85, -2.575, 6.5],
						"0.625": [1.85203, -0.81255, 0.05222],
						"0.7083": [1.775, 0, 0.975],
						"0.7917": [1.775, 0, 0.975],
						"0.8333": [1.78, -2.55, -0.02],
						"0.9167": {
							"pre": [4.78, -7.325, -1.32],
							"post": [4.78, -7.325, -1.32],
							"lerp_mode": "catmullrom"
						},
						"1.0": {
							"post": [1.01058, -6.3249, -0.99464],
							"lerp_mode": "catmullrom"
						},
						"1.1667": [0, -1.545, -1.065],
						"1.2917": [0, -1.545, -1.065],
						"1.3333": {
							"pre": [0, 0, 0],
							"post": [0, 0, 0],
							"lerp_mode": "catmullrom"
						},
						"1.4583": [0, 0, 0]
					},
					"scale": {
						"0.0": [1, 1, 1],
						"0.4167": {
							"pre": [1, 1, 1],
							"post": [0, 0, 0]
						},
						"0.5": {
							"pre": [0, 0, 0],
							"post": [1, 1, 1]
						}
					}
				},
				"additional_magazine": {
					"rotation": {
						"0.7917": [0, 0, 0],
						"0.8333": [-12, 0, 0],
						"0.9167": {
							"pre": [-10.81572, -5.22934, -25.50462],
							"post": [-10.81572, -5.22934, -25.50462],
							"lerp_mode": "catmullrom"
						},
						"1.0": {
							"post": [-26.64679, -4.52158, -8.92867],
							"lerp_mode": "catmullrom"
						},
						"1.1667": {
							"post": [-42, 0, 0],
							"lerp_mode": "catmullrom"
						},
						"1.2917": {
							"post": [-46, 0, 0],
							"lerp_mode": "catmullrom"
						},
						"1.3333": {
							"post": [-19.96503, 0, 0],
							"lerp_mode": "catmullrom"
						},
						"1.4583": [-19.96503, 0, 0]
					},
					"position": {
						"0.7917": [0, 0, 0],
						"0.8333": [0, -3.00546, -0.87302],
						"0.9167": {
							"pre": [3, -6.64836, -2.24059],
							"post": [3, -6.64836, -2.24059],
							"lerp_mode": "catmullrom"
						},
						"1.0": {
							"post": [-0.78, -6.67185, -1.80709],
							"lerp_mode": "catmullrom"
						},
						"1.1667": [-1.78, -1.895, -1.855],
						"1.2917": [-1.78, -1.895, -1.855],
						"1.3333": {
							"pre": [-1.78, -1, -0.125],
							"post": [-1.78, -1, -0.125],
							"lerp_mode": "catmullrom"
						},
						"1.4583": [-1.78, -1, -0.125],
						"1.7083": [-1.78, -0.75, 8.675]
					},
					"scale": {
						"1.7083": [1, 1, 1],
						"1.75": {
							"pre": [1, 1, 1],
							"post": [0, 0, 0]
						}
					}
				},
				"mag_and_bullet": {
					"scale": {
						"0.2917": [0, 0, 0],
						"0.5": {
							"pre": [0, 0, 0],
							"post": [1, 1, 1]
						}
					}
				},
				"camera": {
					"rotation": {
						"0.0": [0, 0, 0],
						"0.0833": {
							"pre": [0.075, 0, 0.125],
							"post": [0.075, 0, 0.125],
							"lerp_mode": "catmullrom"
						},
						"0.25": {
							"post": [-0.125, 0.4, -0.875],
							"lerp_mode": "catmullrom"
						},
						"0.3333": {
							"post": [0.33, 1.975, -0.36],
							"lerp_mode": "catmullrom"
						},
						"0.4167": {
							"post": [0.485, 2.4, 0.97],
							"lerp_mode": "catmullrom"
						},
						"0.4583": {
							"post": [1.65, 2.23, 1.05],
							"lerp_mode": "catmullrom"
						},
						"0.5": {
							"post": [1.025, 2.225, 0.95],
							"lerp_mode": "catmullrom"
						},
						"0.5417": {
							"post": [1.78, 2.23, 0.81],
							"lerp_mode": "catmullrom"
						},
						"0.5833": {
							"post": [1.73, 2.225, 0.675],
							"lerp_mode": "catmullrom"
						},
						"0.625": {
							"post": [1.985, 2.225, 0.75],
							"lerp_mode": "catmullrom"
						},
						"0.7083": {
							"post": [1.585, 2.175, 0.625],
							"lerp_mode": "catmullrom"
						},
						"0.7917": {
							"post": [1.61, 1.6, 0.6],
							"lerp_mode": "catmullrom"
						},
						"0.8333": {
							"post": [0.98, 0.5, -0.225],
							"lerp_mode": "catmullrom"
						},
						"0.875": {
							"post": [1.585, 0.975, 0.6],
							"lerp_mode": "catmullrom"
						},
						"0.9583": {
							"post": [1.19, 1.325, 0.425],
							"lerp_mode": "catmullrom"
						},
						"1.0417": {
							"post": [1.84, 1.275, 0.775],
							"lerp_mode": "catmullrom"
						},
						"1.0833": {
							"post": [1.715, 1.45, 0.65],
							"lerp_mode": "catmullrom"
						},
						"1.1667": {
							"post": [2.24, 2.225, 1.3],
							"lerp_mode": "catmullrom"
						},
						"1.2083": {
							"post": [2.07, 2.225, 1.3],
							"lerp_mode": "catmullrom"
						},
						"1.2917": {
							"post": [2.52, 2.45, 1.1],
							"lerp_mode": "catmullrom"
						},
						"1.3333": {
							"post": [3.37, 3.15, 0.125],
							"lerp_mode": "catmullrom"
						},
						"1.375": {
							"post": [2.425, 2.3, 1.4],
							"lerp_mode": "catmullrom"
						},
						"1.4167": {
							"post": [2.88, 2.21, 1.34],
							"lerp_mode": "catmullrom"
						},
						"1.4583": {
							"post": [2.345, 2.225, 1.15],
							"lerp_mode": "catmullrom"
						},
						"1.5": {
							"post": [2.795, 2.22, 1.25],
							"lerp_mode": "catmullrom"
						},
						"1.5417": {
							"post": [2.795, 2.225, 1.375],
							"lerp_mode": "catmullrom"
						},
						"1.625": {
							"post": [2.345, 2.25, 1.375],
							"lerp_mode": "catmullrom"
						},
						"1.75": {
							"post": [1.195, 0.75, 0.7],
							"lerp_mode": "catmullrom"
						},
						"1.8333": {
							"post": [0.47, 0.05, -0.5],
							"lerp_mode": "catmullrom"
						},
						"1.9167": {
							"post": [-0.025, 0, 0.325],
							"lerp_mode": "catmullrom"
						},
						"2.0": {
							"post": [0.5, 0, 0],
							"lerp_mode": "catmullrom"
						},
						"2.0833": {
							"post": [0.3, 0, 0.325],
							"lerp_mode": "catmullrom"
						},
						"2.125": {
							"post": [-0.2, 0, -0.3],
							"lerp_mode": "catmullrom"
						},
						"2.1667": {
							"post": [0.05, 0, 0.125],
							"lerp_mode": "catmullrom"
						},
						"2.25": {
							"post": [-0.05, 0, -0.05],
							"lerp_mode": "catmullrom"
						},
						"2.3333": {
							"post": [0, 0, 0],
							"lerp_mode": "catmullrom"
						}
					}
				},
				"constraint": {
					"rotation": [0.1, 0.1, 0.05],
					"position": [0.05, 0.1, 0.2]
				}
			},
			"sound_effects": {
				"0.0": {
					"effect": "asval_reload_xmag_up"
				},
				"0.25": {
					"effect": "wfoly_plr_ar_falpha_raise_quick_toprailcust_cloth"
				},
				"0.75": {
					"effect": "asval_reload_xmag_fast_magout"
				},
				"1.1667": {
					"effect": "asval_reload_fast_maghit"
				},
				"1.25": {
					"effect": "asval_reload_fast_magin"
				},
				"1.7917": {
					"effect": "asval_raise_quick"
				}
			}
		},
		"reload_empty": {
			"loop": "hold_on_last_frame",
			"animation_length": 3.375,
			"bones": {
				"lefthand": {
					"rotation": {
						"0.0": [117.83578, 7.25983, -240.85498],
						"0.25": [165.83578, 7.25983, -240.85498],
						"0.4167": [165.83578, 7.25983, -240.85498],
						"0.4583": [117.59582, -0.71112, -245.04423],
						"1.3333": [117.59582, -0.71112, -245.04423],
						"1.4583": [117.59582, -0.71112, -245.04423],
						"1.6667": [144.59582, -0.71112, -245.04423],
						"1.75": [144.59582, -0.71112, -245.04423],
						"1.8333": {
							"pre": [71.47175, 40.37187, -383.39145],
							"post": [71.47175, 40.37187, -383.39145],
							"lerp_mode": "catmullrom"
						},
						"1.9583": {
							"post": [90.03439, 35.81982, -436.49946],
							"lerp_mode": "catmullrom"
						},
						"2.0417": [90.03439, 35.81982, -436.49946],
						"2.0833": [82.04414, 50.81982, -436.48537],
						"2.2917": [82.04414, 50.81982, -436.48537],
						"2.3333": [86.60462, 55.81066, -437.03634],
						"2.4167": [86.60462, 55.81066, -437.03634],
						"2.5833": [144.59582, -0.71112, -245.04423],
						"2.625": [144.59582, -0.71112, -245.04423],
						"2.8333": [117.83578, 7.25983, -240.85498]
					},
					"position": {
						"0.0": [8.7687, -12.745, -14.245],
						"0.25": [10.37, -15.065, 9.385],
						"0.4167": [10.37, -15.065, 9.385],
						"0.4583": [6.3687, -15.17, 1.68],
						"1.3333": [6.3687, -15.17, 1.68],
						"1.4583": [6.3687, -15.17, 1.68],
						"1.6667": [13.79065, -18.79071, 10.27541],
						"1.75": [13.195, -15.17, 9.11],
						"1.8333": {
							"pre": [7.16218, -4.63013, 4.95059],
							"post": [7.16218, -4.63013, 4.95059],
							"lerp_mode": "catmullrom"
						},
						"1.9583": [5.41646, -10.06935, 1.74162],
						"2.0417": [5.4358, -10.08573, 2.24538],
						"2.0833": [5.07136, -10.4894, 5.30794],
						"2.2917": [5.07136, -10.4894, 5.30794],
						"2.3333": [5.5289, -10.98857, 7.2385],
						"2.4167": [5.5289, -10.98857, 7.2385],
						"2.5833": [13.79065, -18.79071, 10.27541],
						"2.625": [13.195, -15.17, 9.11],
						"2.8333": [8.7687, -12.745, -14.245]
					},
					"scale": [1, 1.5, 1]
				},
				"righthand": {
					"rotation": {
						"0.0": [103.48763, 29.50742, -175.55015],
						"0.0833": [103.49, 29.51, -175.55],
						"0.1667": [102.0718, 13.9003, -179.34801],
						"1.625": [102.0718, 13.9003, -179.34801],
						"1.75": [109.5667, 8.36073, -181.79359],
						"2.7083": [109.5667, 8.36073, -181.79359],
						"2.7917": [103.48763, 29.50742, -175.55015]
					},
					"position": {
						"0.0": [-6.075, -13.0625, -4.2125],
						"0.0833": [-6.07, -13.06, -4.21],
						"0.1667": [-8.92347, -14.11526, -6.3281],
						"1.625": [-8.92347, -14.11526, -6.3281],
						"1.75": [-7.345, -13.735, -4.31],
						"2.7083": [-7.345, -13.735, -4.31],
						"2.7917": [-6.075, -13.0625, -4.2125]
					},
					"scale": [1, 1.5, 1]
				},
				"root": {
					"rotation": {
						"0.0": [0, 0, 0],
						"0.125": {
							"pre": [2.91104, -0.72545, 13.98157],
							"post": [2.91104, -0.72545, 13.98157],
							"lerp_mode": "catmullrom"
						},
						"0.2917": {
							"post": [-31.275, -6.075, -8.395],
							"lerp_mode": "catmullrom"
						},
						"0.4167": {
							"post": [-45.05241, -2.04886, -6.2765],
							"lerp_mode": "catmullrom"
						},
						"0.5": {
							"post": [-50.0658, -4.22554, -9.53417],
							"lerp_mode": "catmullrom"
						},
						"0.625": {
							"post": [-42.70661, -11.3125, -16.20952],
							"lerp_mode": "catmullrom"
						},
						"0.7917": {
							"post": [-42.56747, -10.43413, -15.39049],
							"lerp_mode": "catmullrom"
						},
						"0.8333": {
							"post": [-48.12102, -1.66095, -11.9858],
							"lerp_mode": "catmullrom"
						},
						"0.9167": {
							"post": [-46.08501, -8.77616, -11.70565],
							"lerp_mode": "catmullrom"
						},
						"1.0417": {
							"post": [-47.30918, -5.53464, -9.64115],
							"lerp_mode": "catmullrom"
						},
						"1.1667": {
							"post": [-41.81081, -11.25374, -14.35115],
							"lerp_mode": "catmullrom"
						},
						"1.2917": {
							"post": [-40.92841, -12.61491, -16.03319],
							"lerp_mode": "catmullrom"
						},
						"1.3333": {
							"post": [-33.74297, -4.23355, -8.11905],
							"lerp_mode": "catmullrom"
						},
						"1.4167": {
							"post": [-38.83616, -8.20992, -11.95494],
							"lerp_mode": "catmullrom"
						},
						"1.5417": {
							"post": [-33.97718, -2.34571, -6.02158],
							"lerp_mode": "catmullrom"
						},
						"1.7083": {
							"post": [-16.69353, 5.75199, 16.59058],
							"lerp_mode": "catmullrom"
						},
						"1.8333": {
							"post": [5.62743, 2.79528, 67.20052],
							"lerp_mode": "catmullrom"
						},
						"1.9583": {
							"post": [5.60166, 9.24932, 62.80086],
							"lerp_mode": "catmullrom"
						},
						"2.0833": {
							"post": [5.69646, 9.17554, 63.55651],
							"lerp_mode": "catmullrom"
						},
						"2.125": {
							"post": [4.71044, 12.97217, 63.63969],
							"lerp_mode": "catmullrom"
						},
						"2.2083": {
							"post": [4.76, 8.96, 63.7],
							"lerp_mode": "catmullrom"
						},
						"2.2917": {
							"post": [5.22906, 11.16727, 63.74111],
							"lerp_mode": "catmullrom"
						},
						"2.3333": {
							"post": [4.80791, 6.28918, 62.2862],
							"lerp_mode": "catmullrom"
						},
						"2.4167": {
							"post": [4.64802, 8.61758, 59.64132],
							"lerp_mode": "catmullrom"
						},
						"2.5": {
							"post": [4.61192, 8.27217, 59.31662],
							"lerp_mode": "catmullrom"
						},
						"2.625": {
							"post": [2.69573, 7.7337, 42.72584],
							"lerp_mode": "catmullrom"
						},
						"2.7083": {
							"post": [4.86722, -8.06166, 31.32276],
							"lerp_mode": "catmullrom"
						},
						"2.8333": {
							"post": [1.23612, -1.01737, 10.10145],
							"lerp_mode": "catmullrom"
						},
						"2.9583": {
							"post": [-2.6, 0, 4.8],
							"lerp_mode": "catmullrom"
						},
						"3.0833": {
							"post": [-0.275, 0, -1],
							"lerp_mode": "catmullrom"
						},
						"3.2083": {
							"post": [0, 0, 0.425],
							"lerp_mode": "catmullrom"
						},
						"3.2917": {
							"post": [0, 0, -0.2],
							"lerp_mode": "catmullrom"
						},
						"3.375": [0, 0, 0]
					},
					"position": {
						"0.0": [0, 0, 0],
						"0.0833": {
							"pre": [0.45113, -0.82521, 1.38123],
							"post": [0.45113, -0.82521, 1.38123],
							"lerp_mode": "catmullrom"
						},
						"0.25": {
							"post": [-2.24742, 2.78783, -0.23107],
							"lerp_mode": "catmullrom"
						},
						"0.375": {
							"post": [-4.43235, 6.22311, -0.74955],
							"lerp_mode": "catmullrom"
						},
						"0.4583": {
							"post": [-4.79, 5.18, 0.715],
							"lerp_mode": "catmullrom"
						},
						"0.5833": {
							"post": [-4.6035, 5.60016, 0.11175],
							"lerp_mode": "catmullrom"
						},
						"0.75": {
							"post": [-4.59618, 5.5268, 0.17931],
							"lerp_mode": "catmullrom"
						},
						"0.8333": {
							"post": [-4.49112, 4.36009, 0.08099],
							"lerp_mode": "catmullrom"
						},
						"0.875": {
							"post": [-4.59258, 5.16582, 0.02478],
							"lerp_mode": "catmullrom"
						},
						"1.0": {
							"post": [-4.63768, 5.21018, 0.2481],
							"lerp_mode": "catmullrom"
						},
						"1.125": {
							"post": [-4.76833, 5.50435, 0.15359],
							"lerp_mode": "catmullrom"
						},
						"1.25": {
							"post": [-4.72379, 5.36897, 0.17637],
							"lerp_mode": "catmullrom"
						},
						"1.3333": {
							"post": [-4.34541, 4.54832, 0.21114],
							"lerp_mode": "catmullrom"
						},
						"1.375": {
							"post": [-4.54631, 5.11519, 0.15339],
							"lerp_mode": "catmullrom"
						},
						"1.5": {
							"post": [-4.40511, 5.54084, 0.17074],
							"lerp_mode": "catmullrom"
						},
						"1.6667": {
							"post": [-4.40511, 2.46584, 0.17074],
							"lerp_mode": "catmullrom"
						},
						"1.7917": {
							"post": [-0.04208, -0.73458, 0.45076],
							"lerp_mode": "catmullrom"
						},
						"1.9167": {
							"post": [-0.04, 0.27, -0.225],
							"lerp_mode": "catmullrom"
						},
						"2.0417": {
							"post": [-0.07631, 0.2862, -0.47182],
							"lerp_mode": "catmullrom"
						},
						"2.125": {
							"post": [0.14258, -0.29271, 0.72797],
							"lerp_mode": "catmullrom"
						},
						"2.2917": {
							"post": [0.08978, 0.18981, 0.65346],
							"lerp_mode": "catmullrom"
						},
						"2.3333": {
							"post": [-0.2205, -0.00087, -1.69874],
							"lerp_mode": "catmullrom"
						},
						"2.375": {
							"post": [0.02889, -0.04348, 0.18185],
							"lerp_mode": "catmullrom"
						},
						"2.4583": {
							"post": [0.00756, -0.0061, 0.05889],
							"lerp_mode": "catmullrom"
						},
						"2.5417": {
							"post": [0, -0.325, 0.12],
							"lerp_mode": "catmullrom"
						},
						"2.5833": {
							"post": [0.20756, -1.2061, -0.04111],
							"lerp_mode": "catmullrom"
						},
						"2.6667": {
							"post": [0.13899, -3.33387, -0.58802],
							"lerp_mode": "catmullrom"
						},
						"2.7917": {
							"post": [-0.04647, -1.3374, 1.24696],
							"lerp_mode": "catmullrom"
						},
						"2.9167": {
							"post": [-0.00157, 0.47295, -0.92404],
							"lerp_mode": "catmullrom"
						},
						"3.0417": {
							"post": [-0.00433, -0.09991, 0.10032],
							"lerp_mode": "catmullrom"
						},
						"3.1667": {
							"post": [0, 0, -0.07],
							"lerp_mode": "catmullrom"
						},
						"3.25": {
							"post": [0, 0, 0.001],
							"lerp_mode": "catmullrom"
						},
						"3.375": [0, 0, 0]
					}
				},
				"mag_and_lefthand": {
					"rotation": {
						"0.4583": [0, 0, 0],
						"0.5": [8.41375, 45.94356, -3.59645],
						"0.625": [20.03497, -3.86349, -1.03685],
						"0.7083": [15.03497, -3.86349, -1.03685],
						"0.7917": [15.03497, -3.86349, -1.03685],
						"0.8333": [-10.6737, -4.61464, -4.9765],
						"0.875": {
							"pre": [1.72712, -3.45665, -27.08779],
							"post": [1.72712, -3.45665, -27.08779],
							"lerp_mode": "catmullrom"
						},
						"1.0": {
							"post": [-14.09531, -6.37845, -10.75511],
							"lerp_mode": "catmullrom"
						},
						"1.1667": {
							"post": [-29.96503, -3.86349, -1.03685],
							"lerp_mode": "catmullrom"
						},
						"1.2917": {
							"post": [-33.96503, -3.86349, -1.03685],
							"lerp_mode": "catmullrom"
						},
						"1.3333": {
							"post": [0, 0, 0],
							"lerp_mode": "catmullrom"
						},
						"1.4583": [0, 0, 0]
					},
					"position": {
						"0.4583": [0, 0, 0],
						"0.5": [12.85, -2.575, 6.5],
						"0.625": [1.85203, -0.81255, 0.05222],
						"0.7083": [1.775, 0, 0.975],
						"0.7917": [1.775, 0, 0.975],
						"0.8333": [1.78, -6.2, -0.67],
						"0.875": {
							"pre": [4.78, -7.325, -1.32],
							"post": [4.78, -7.325, -1.32],
							"lerp_mode": "catmullrom"
						},
						"1.0": {
							"post": [1.01058, -6.3249, -0.99464],
							"lerp_mode": "catmullrom"
						},
						"1.1667": [0, -1.545, -1.065],
						"1.2917": [0, -1.545, -1.065],
						"1.3333": {
							"pre": [0, 0, 0],
							"post": [0, 0, 0],
							"lerp_mode": "catmullrom"
						},
						"1.4583": [0, 0, 0]
					},
					"scale": {
						"0.0": [1, 1, 1],
						"0.4167": {"pre": [1, 1, 1], "post": [0, 0, 0]},
						"0.5": {"pre": [0, 0, 0], "post": [1, 1, 1]}
					}
				},
				"additional_magazine": {
					"rotation": {
						"0.7917": {
							"pre": [0, 0, 0],
							"post": [0, 0, 0],
							"lerp_mode": "catmullrom"
						},
						"0.8333": {
							"post": [-31.6819, -4.75514, -7.65005],
							"lerp_mode": "catmullrom"
						},
						"0.9167": {
							"post": [-62.6819, -4.75514, -7.65005],
							"lerp_mode": "catmullrom"
						},
						"1.0": {
							"post": [-137.34587, 9.64946, -22.98578],
							"lerp_mode": "catmullrom"
						},
						"1.0833": {
							"post": [-188.15685, 9.86343, -18.19163],
							"lerp_mode": "catmullrom"
						},
						"1.2083": {
							"post": [-234.47227, 20.17209, -20.62857],
							"lerp_mode": "catmullrom"
						},
						"1.2917": {
							"post": [-328.8297, 17.86914, -22.94267],
							"lerp_mode": "catmullrom"
						},
						"1.5833": {
							"post": [-475.6819, -4.75514, -7.65005],
							"lerp_mode": "catmullrom"
						}
					},
					"position": {
						"0.7917": {
							"pre": [0, 0, 0],
							"post": [0, 0, 0],
							"lerp_mode": "catmullrom"
						},
						"0.8333": {
							"post": [0, -4.30546, -2.97302],
							"lerp_mode": "catmullrom"
						},
						"0.9167": {
							"post": [0.70772, -10.69466, -6.09161],
							"lerp_mode": "catmullrom"
						},
						"1.0": {
							"post": [1.43103, -21.53995, -10.70014],
							"lerp_mode": "catmullrom"
						},
						"1.0833": {
							"post": [2.53741, -33.42035, -12.02198],
							"lerp_mode": "catmullrom"
						},
						"1.2083": {
							"post": [2.18546, -48.6439, -12.00496],
							"lerp_mode": "catmullrom"
						},
						"1.2917": {
							"post": [0.67711, -67.69319, -10.55976],
							"lerp_mode": "catmullrom"
						},
						"1.5833": {
							"post": [-0.07382, -70.18442, 5.72271],
							"lerp_mode": "catmullrom"
						}
					},
					"scale": {
						"1.0417": [1, 1, 1],
						"1.5417": [0, 0, 0]
					}
				},
				"mag_and_bullet": {
					"scale": {
						"0.2917": [0, 0, 0],
						"0.5": {"pre": [0, 0, 0], "post": [1, 1, 1]}
					}
				},
				"ots14m_pull": {
					"position": {
						"2.0417": [0, 0, 0],
						"2.0833": [0, 0, 3.9],
						"2.2917": [0, 0, 3.9],
						"2.3333": [0, 0, 0]
					}
				},
				"762x3": {
					"position": {
						"2.2917": [0, 0, 0],
						"2.3333": [0, 0.875, 0]
					}
				},
				"camera": {
					"rotation": {
						"0.0": [0, 0, 0],
						"0.0833": {
							"pre": [0.15, 0, 0.125],
							"post": [0.15, 0, 0.125],
							"lerp_mode": "catmullrom"
						},
						"0.25": {
							"post": [-0.125, 0.4, -0.875],
							"lerp_mode": "catmullrom"
						},
						"0.3333": {
							"post": [0.33, 1.975, -0.36],
							"lerp_mode": "catmullrom"
						},
						"0.4167": {
							"post": [0.535, 2.475, 0.97],
							"lerp_mode": "catmullrom"
						},
						"0.4583": {
							"post": [1.625, 2.23, 1.05],
							"lerp_mode": "catmullrom"
						},
						"0.5": {
							"post": [1.075, 2.225, 0.95],
							"lerp_mode": "catmullrom"
						},
						"0.5417": {
							"post": [1.83, 2.23, 0.81],
							"lerp_mode": "catmullrom"
						},
						"0.5833": {
							"post": [1.78, 2.225, 0.675],
							"lerp_mode": "catmullrom"
						},
						"0.625": {
							"post": [2.035, 2.225, 0.75],
							"lerp_mode": "catmullrom"
						},
						"0.7083": {
							"post": [1.635, 2.175, 0.625],
							"lerp_mode": "catmullrom"
						},
						"0.7917": {
							"post": [1.66, 1.6, 0.6],
							"lerp_mode": "catmullrom"
						},
						"0.8333": {
							"post": [0.98, 0.5, -0.225],
							"lerp_mode": "catmullrom"
						},
						"0.875": {
							"post": [1.635, 0.975, 0.6],
							"lerp_mode": "catmullrom"
						},
						"0.9583": {
							"post": [1.24, 1.325, 0.425],
							"lerp_mode": "catmullrom"
						},
						"1.0417": {
							"post": [1.89, 1.275, 0.775],
							"lerp_mode": "catmullrom"
						},
						"1.0833": {
							"post": [1.765, 1.45, 0.65],
							"lerp_mode": "catmullrom"
						},
						"1.1667": {
							"post": [2.29, 2.225, 1.3],
							"lerp_mode": "catmullrom"
						},
						"1.2083": {
							"post": [2.12, 2.225, 1.3],
							"lerp_mode": "catmullrom"
						},
						"1.2917": {
							"post": [2.57, 2.45, 1.1],
							"lerp_mode": "catmullrom"
						},
						"1.3333": {
							"post": [3.27, 3.15, 0.125],
							"lerp_mode": "catmullrom"
						},
						"1.375": {
							"post": [2.475, 2.3, 1.4],
							"lerp_mode": "catmullrom"
						},
						"1.4167": {
							"post": [2.93, 2.21, 1.34],
							"lerp_mode": "catmullrom"
						},
						"1.4583": {
							"post": [2.395, 2.225, 1.15],
							"lerp_mode": "catmullrom"
						},
						"1.5": {
							"post": [2.845, 2.22, 1.25],
							"lerp_mode": "catmullrom"
						},
						"1.5417": {
							"post": [2.845, 2.225, 1.375],
							"lerp_mode": "catmullrom"
						},
						"1.625": {
							"post": [2.395, 2.25, 1.375],
							"lerp_mode": "catmullrom"
						},
						"1.75": {
							"post": [1.245, 1.475, 0.7],
							"lerp_mode": "catmullrom"
						},
						"1.8333": {
							"post": [0.895, 1.1, -0.975],
							"lerp_mode": "catmullrom"
						},
						"1.9167": {
							"post": [0.895, 1.1, -0.875],
							"lerp_mode": "catmullrom"
						},
						"2.0417": {
							"post": [0.895, 1.1, -0.87],
							"lerp_mode": "catmullrom"
						},
						"2.0833": {
							"post": [1.57, 1.9, 0.28],
							"lerp_mode": "catmullrom"
						},
						"2.125": {
							"post": [0.645, 1.1, -1.245],
							"lerp_mode": "catmullrom"
						},
						"2.2083": {
							"post": [0.995, 1.1, -0.795],
							"lerp_mode": "catmullrom"
						},
						"2.2917": {
							"post": [0.895, 1.1, -0.87],
							"lerp_mode": "catmullrom"
						},
						"2.3333": {
							"post": [0.045, 1.5, 0.13],
							"lerp_mode": "catmullrom"
						},
						"2.375": {
							"post": [1.07, 1.1, -1.395],
							"lerp_mode": "catmullrom"
						},
						"2.4583": {
							"post": [0.77, 1.1, -0.37],
							"lerp_mode": "catmullrom"
						},
						"2.5417": {
							"post": [0.82, 1.1, -0.87],
							"lerp_mode": "catmullrom"
						},
						"2.5833": {
							"post": [0.745, 0.95, -0.89],
							"lerp_mode": "catmullrom"
						},
						"2.7083": {
							"post": [0.97, 0.65, -0.945],
							"lerp_mode": "catmullrom"
						},
						"2.7917": {
							"post": [-0.005, 0.05, -0.415],
							"lerp_mode": "catmullrom"
						},
						"2.875": {
							"post": [-0.305, 0.05, 0.465],
							"lerp_mode": "catmullrom"
						},
						"2.9583": {
							"post": [-0.23, 0.05, 0.54],
							"lerp_mode": "catmullrom"
						},
						"3.0417": {
							"post": [-0.03, 0.05, -0.105],
							"lerp_mode": "catmullrom"
						},
						"3.0833": {
							"post": [0.22, 0.05, 0.22],
							"lerp_mode": "catmullrom"
						},
						"3.125": {
							"post": [-0.005, 0.05, -0.005],
							"lerp_mode": "catmullrom"
						},
						"3.2083": {
							"post": [0.045, 0.05, 0.1],
							"lerp_mode": "catmullrom"
						},
						"3.2917": {
							"post": [-0.025, 0, -0.05],
							"lerp_mode": "catmullrom"
						},
						"3.375": [0, 0, 0]
					}
				},
				"constraint": {
					"rotation": [0.1, 0.1, 0.05],
					"position": [0.05, 0.1, 0.2]
				}
			},
			"sound_effects": {
				"0.0": {
					"effect": "asval_reload_xmag_up"
				},
				"0.25": {
					"effect": "wfoly_plr_ar_falpha_raise_quick_toprailcust_cloth"
				},
				"0.625": {
					"effect": "asval_reload_xmag_fast_magout"
				},
				"1.1667": {
					"effect": "asval_reload_fast_maghit"
				},
				"1.25": {
					"effect": "asval_reload_fast_magin"
				},
				"1.4583": {
					"effect": "asval_reload_empty_up"
				},
				"2.0417": {
					"effect": "asval_reload_fast_empty_charge"
				},
				"2.7083": {
					"effect": "asval_raise_quick"
				}
			}
		},
		"draw": {
			"loop": "hold_on_last_frame",
			"animation_length": 0.8333,
			"bones": {
				"lefthand": {
					"rotation": [117.83578, 7.25983, -240.85498],
					"position": [8.7687, -12.745, -14.245],
					"scale": [1, 1.5, 1]
				},
				"righthand": {
					"rotation": [103.48763, 29.50742, -175.55015],
					"position": [-6.075, -13.0625, -4.2125],
					"scale": [1, 1.5, 1]
				},
				"root": {
					"rotation": {
						"0.0": {
							"post": [0.81, -32.64, 33.95],
							"lerp_mode": "catmullrom"
						},
						"0.1333": {
							"post": [-3.8938, -12.74248, 22.79227],
							"lerp_mode": "catmullrom"
						},
						"0.2667": {
							"post": [-0.78319, -1.14075, 6.01315],
							"lerp_mode": "catmullrom"
						},
						"0.3667": {
							"post": [-0.31859, -0.13504, -1.3],
							"lerp_mode": "catmullrom"
						},
						"0.4333": {
							"post": [0.03999, 0.0007, 0.3],
							"lerp_mode": "catmullrom"
						},
						"0.5333": {
							"post": [0, 0, 0],
							"lerp_mode": "catmullrom"
						},
						"0.6": {
							"post": [0, 0, 0],
							"lerp_mode": "catmullrom"
						}
					},
					"position": {
						"0.0": {
							"post": [-3.18, -5.58, 24],
							"lerp_mode": "catmullrom"
						},
						"0.1": {
							"post": [-0.95, -3.545, 7.2],
							"lerp_mode": "catmullrom"
						},
						"0.2333": {
							"post": [0, 0.25, -0.3125],
							"lerp_mode": "catmullrom"
						},
						"0.3667": {
							"post": [0, -0.25, 0.13],
							"lerp_mode": "catmullrom"
						},
						"0.4667": {
							"post": [0, 0.02, -0.2],
							"lerp_mode": "catmullrom"
						},
						"0.5667": {
							"post": [0, 0, 0],
							"lerp_mode": "catmullrom"
						},
						"0.6333": {
							"post": [0, 0, 0],
							"lerp_mode": "catmullrom"
						}
					}
				},
				"camera": {
					"rotation": {
						"0.0": {
							"post": [0, 0, 0],
							"lerp_mode": "catmullrom"
						},
						"0.1667": {
							"post": [0.45, 0, 0.2],
							"lerp_mode": "catmullrom"
						},
						"0.3": {
							"post": [0.75, 0, 0.55],
							"lerp_mode": "catmullrom"
						},
						"0.3667": {
							"post": [-0.1, 0, -0.35],
							"lerp_mode": "catmullrom"
						},
						"0.4667": {
							"post": [0, 0, 0.275],
							"lerp_mode": "catmullrom"
						},
						"0.5333": {
							"post": [0, 0, -0.17],
							"lerp_mode": "catmullrom"
						},
						"0.6667": {
							"post": [0, 0, 0.075],
							"lerp_mode": "catmullrom"
						},
						"0.8": {
							"post": [0, 0, 0],
							"lerp_mode": "catmullrom"
						}
					}
				}
			},
			"sound_effects": {
				"0.0": {
					"effect": "asval_raise_quick"
				}
			}
		},
		"put_away": {
			"loop": "hold_on_last_frame",
			"animation_length": 0.6667,
			"bones": {
				"lefthand": {
					"rotation": [117.83578, 7.25983, -240.85498],
					"position": [8.7687, -12.745, -14.245],
					"scale": [1, 1.5, 1]
				},
				"righthand": {
					"rotation": [103.48763, 29.50742, -175.55015],
					"position": [-6.075, -13.0625, -4.2125],
					"scale": [1, 1.5, 1]
				},
				"root": {
					"rotation": {
						"0.0": {
							"post": [0, 0, 0],
							"lerp_mode": "catmullrom"
						},
						"0.2": {
							"post": [-0.78508, -4.14047, 6.05425],
							"lerp_mode": "catmullrom"
						},
						"0.4": {
							"post": [-3.96594, -16.73309, 23.07568],
							"lerp_mode": "catmullrom"
						},
						"0.5333": {
							"post": [0.81, -32.64, 33.95],
							"lerp_mode": "catmullrom"
						}
					},
					"position": {
						"0.0": {
							"post": [0, 0, 0],
							"lerp_mode": "catmullrom"
						},
						"0.1667": {
							"post": [0, 0.25, -0.3125],
							"lerp_mode": "catmullrom"
						},
						"0.3667": {
							"post": [-0.95, -3.545, 7.2],
							"lerp_mode": "catmullrom"
						},
						"0.5": {
							"post": [-3.18, -5.58, 24],
							"lerp_mode": "catmullrom"
						}
					}
				},
				"camera": {
					"rotation": {
						"0.0": {
							"post": [0, 0, 0],
							"lerp_mode": "catmullrom"
						},
						"0.0667": {
							"post": [0, 0, 0.025],
							"lerp_mode": "catmullrom"
						},
						"0.1667": {
							"post": [-0.1, 0, -0.05],
							"lerp_mode": "catmullrom"
						},
						"0.3": {
							"post": [0.75, 0, 0.225],
							"lerp_mode": "catmullrom"
						},
						"0.3667": {
							"post": [0.45, 0, -0.625],
							"lerp_mode": "catmullrom"
						},
						"0.5333": {
							"post": [0, 0, 0],
							"lerp_mode": "catmullrom"
						}
					}
				}
			},
			"sound_effects": {
				"0.0": {
					"effect": "put_away"
				}
			}
		},
		"inspect": {
			"loop": "hold_on_last_frame",
			"animation_length": 5.3333,
			"bones": {
				"lefthand": {
					"rotation": {
						"0.0": [117.83578, 7.25983, -240.85498],
						"0.3333": [136.34645, 9.70794, -236.92365],
						"2.25": [136.34645, 9.70794, -236.92365],
						"2.5": [99.1677, -6.25459, -242.79327],
						"4.2917": [99.1677, -6.25459, -242.79327],
						"4.5": [117.83578, 7.25983, -240.85498]
					},
					"position": {
						"0.0": [8.7687, -12.745, -14.245],
						"0.3333": [15.26338, -16.51825, 11.56588],
						"2.25": [15.26338, -16.51825, 11.56588],
						"2.5": [9.16702, -12.34508, -11.85834],
						"4.2917": [9.16702, -12.34508, -11.85834],
						"4.5": [8.7687, -12.745, -14.245]
					},
					"scale": [1, 1.5, 1]
				},
				"righthand": {
					"rotation": {
						"0.0": [103.48763, 29.50742, -175.55015],
						"0.0417": [103.48763, 29.50742, -175.55015],
						"0.1667": [96.85772, 11.84489, -178.95958],
						"2.3333": [96.85772, 11.84489, -178.95958],
						"2.5417": [96.86, 11.84, -178.96],
						"4.25": [96.86, 11.84, -178.96],
						"4.4583": [103.48763, 29.50742, -175.55015]
					},
					"position": {
						"0.0": [-6.075, -13.0625, -4.2125],
						"0.0417": [-6.075, -13.0625, -4.2125],
						"0.1667": [-9.03798, -13.9133, -6.29639],
						"2.3333": [-9.03798, -13.9133, -6.29639],
						"2.5417": [-8.77, -14.16, 10.27],
						"4.25": [-8.77, -14.16, 10.27],
						"4.4583": [-6.075, -13.0625, -4.2125]
					},
					"scale": [1, 1.5, 1]
				},
				"root": {
					"rotation": {
						"0.0": [0, 0, 0],
						"0.1667": {
							"pre": [0, 0, 6],
							"post": [0, 0, 6],
							"lerp_mode": "catmullrom"
						},
						"0.375": {
							"post": [-35.41563, -19.437, -19.33562],
							"lerp_mode": "catmullrom"
						},
						"0.4583": {
							"post": [-46.16687, -20.15987, -20.07002],
							"lerp_mode": "catmullrom"
						},
						"0.5417": {
							"post": [-52.28926, -17.72631, -16.50687],
							"lerp_mode": "catmullrom"
						},
						"0.6667": {
							"post": [-49.16687, -20.15987, -20.07002],
							"lerp_mode": "catmullrom"
						},
						"0.8333": {
							"post": [-50.40148, -19.4019, -19.37681],
							"lerp_mode": "catmullrom"
						},
						"1.2083": {
							"post": [-50.40148, -19.4019, -19.37681],
							"lerp_mode": "catmullrom"
						},
						"1.375": {
							"post": [-44.36942, -53.44653, -38.00661],
							"lerp_mode": "catmullrom"
						},
						"1.5": {
							"post": [-48.33889, -49.11792, -31.91903],
							"lerp_mode": "catmullrom"
						},
						"1.625": {
							"post": [-47.75395, -49.67569, -32.68944],
							"lerp_mode": "catmullrom"
						},
						"1.8333": {
							"post": [-48.14592, -49.30441, -32.17389],
							"lerp_mode": "catmullrom"
						},
						"2.2917": {
							"post": [-45.61006, -48.64797, -31.28817],
							"lerp_mode": "catmullrom"
						},
						"2.5": {
							"post": [-3.83568, 5.01956, 13.77859],
							"lerp_mode": "catmullrom"
						},
						"2.75": {
							"post": [11.75461, 46.327, 63.40102],
							"lerp_mode": "catmullrom"
						},
						"2.9583": {
							"post": [10.05401, 43.05452, 64.91789],
							"lerp_mode": "catmullrom"
						},
						"3.1667": {
							"post": [10.96063, 42.77709, 66.29989],
							"lerp_mode": "catmullrom"
						},
						"3.375": {
							"post": [10.96063, 42.77709, 67.68989],
							"lerp_mode": "catmullrom"
						},
						"3.5833": {
							"post": [19.92083, 43.38887, 81.26528],
							"lerp_mode": "catmullrom"
						},
						"3.9167": {
							"post": [21.38, 45.485, 81.925],
							"lerp_mode": "catmullrom"
						},
						"4.1667": {
							"post": [13.879, 35.7515, 68.60203],
							"lerp_mode": "catmullrom"
						},
						"4.4167": {
							"post": [-9.30985, -5.03009, 4.83554],
							"lerp_mode": "catmullrom"
						},
						"4.5833": {
							"post": [1.94954, 0.05233, -2.02363],
							"lerp_mode": "catmullrom"
						},
						"4.75": {
							"post": [0, 0, 0.25],
							"lerp_mode": "catmullrom"
						},
						"4.9167": {
							"post": [0, 0, 0],
							"lerp_mode": "catmullrom"
						},
						"5.125": {
							"post": [0, 0, 0],
							"lerp_mode": "catmullrom"
						},
						"5.3333": [0, 0, 0]
					},
					"position": {
						"0.0": [0, 0, 0],
						"0.125": {
							"pre": [0, -0.725, 0],
							"post": [0, -0.725, 0],
							"lerp_mode": "catmullrom"
						},
						"0.3333": {
							"post": [-2.425, 5, 0],
							"lerp_mode": "catmullrom"
						},
						"0.4167": {
							"post": [-2.5, 5.025, 0],
							"lerp_mode": "catmullrom"
						},
						"0.5": {
							"post": [-2.425, 4.28, 0],
							"lerp_mode": "catmullrom"
						},
						"0.625": {
							"post": [-2.425, 4.61, 0],
							"lerp_mode": "catmullrom"
						},
						"0.7917": {
							"post": [-2.425, 4.51, 0],
							"lerp_mode": "catmullrom"
						},
						"1.1667": {
							"post": [-2.425, 4.51, 0],
							"lerp_mode": "catmullrom"
						},
						"1.3333": {
							"post": [-2.425, 5.36, 0],
							"lerp_mode": "catmullrom"
						},
						"1.4583": {
							"post": [-2.43006, 5.15155, 0.07413],
							"lerp_mode": "catmullrom"
						},
						"1.5833": {
							"post": [-2.42819, 5.12003, 0.04353],
							"lerp_mode": "catmullrom"
						},
						"1.7917": {
							"post": [-2.425, 5.01, 0],
							"lerp_mode": "catmullrom"
						},
						"2.0833": {
							"post": [-2.45, 5.085, 0],
							"lerp_mode": "catmullrom"
						},
						"2.25": {
							"post": [-2.125, 4.36, 0],
							"lerp_mode": "catmullrom"
						},
						"2.4583": {
							"post": [0, 0.35, 0],
							"lerp_mode": "catmullrom"
						},
						"2.7083": {
							"post": [-1.00371, 4.72735, -2.15686],
							"lerp_mode": "catmullrom"
						},
						"2.9167": {
							"post": [-0.99065, 4.96422, -2.12451],
							"lerp_mode": "catmullrom"
						},
						"3.125": {
							"post": [-0.96343, 5.003, -2.23426],
							"lerp_mode": "catmullrom"
						},
						"3.3333": {
							"post": [-0.95377, 5.00671, -2.23712],
							"lerp_mode": "catmullrom"
						},
						"3.5417": {
							"post": [-1.10299, 5.36582, -2.2026],
							"lerp_mode": "catmullrom"
						},
						"3.8333": {
							"post": [-1.15, 5.24, -2.23],
							"lerp_mode": "catmullrom"
						},
						"4.0417": {
							"post": [-0.96372, 3.89392, -2.30619],
							"lerp_mode": "catmullrom"
						},
						"4.3333": {
							"post": [-0.11888, -2.49153, -2.84937],
							"lerp_mode": "catmullrom"
						},
						"4.5417": {
							"post": [0, -0.03054, -0.87447],
							"lerp_mode": "catmullrom"
						},
						"4.7083": {
							"post": [0, 0, 0.175],
							"lerp_mode": "catmullrom"
						},
						"4.875": {
							"post": [0, 0, -0.1],
							"lerp_mode": "catmullrom"
						},
						"5.0833": {
							"post": [0, 0, 0],
							"lerp_mode": "catmullrom"
						},
						"5.3333": [0, 0, 0]
					}
				},
				"camera": {
					"rotation": {
						"0.0": [0, 0, 0],
						"0.3333": {
							"pre": [0, 0, -0.6],
							"post": [0, 0, -0.6],
							"lerp_mode": "catmullrom"
						},
						"0.4583": {
							"post": [0, 0, -0.375],
							"lerp_mode": "catmullrom"
						},
						"0.5417": {
							"post": [1.25, 0, 0.075],
							"lerp_mode": "catmullrom"
						},
						"0.5833": {
							"post": [1.25, 0, -0.875],
							"lerp_mode": "catmullrom"
						},
						"0.6667": {
							"post": [1.4, 0, -0.225],
							"lerp_mode": "catmullrom"
						},
						"0.7083": {
							"post": [1.4, 0, -0.675],
							"lerp_mode": "catmullrom"
						},
						"0.7917": {
							"post": [1.25, 0, -0.375],
							"lerp_mode": "catmullrom"
						},
						"0.875": {
							"post": [1.25, 0, -0.5],
							"lerp_mode": "catmullrom"
						},
						"1.25": {
							"post": [1.225, 0, -0.425],
							"lerp_mode": "catmullrom"
						},
						"1.2917": {
							"post": [0.475, 0, -0.225],
							"lerp_mode": "catmullrom"
						},
						"1.4167": {
							"post": [-1.375, 0, -0.25],
							"lerp_mode": "catmullrom"
						},
						"1.5": {
							"post": [-1.725, 0, -0.525],
							"lerp_mode": "catmullrom"
						},
						"1.5833": {
							"post": [-1.65, 0, -0.025],
							"lerp_mode": "catmullrom"
						},
						"1.6667": {
							"post": [-1.875, 0, -0.425],
							"lerp_mode": "catmullrom"
						},
						"1.75": {
							"post": [-1.725, 0, -0.375],
							"lerp_mode": "catmullrom"
						},
						"1.8333": {
							"post": [-1.35, 0, -0.55],
							"lerp_mode": "catmullrom"
						},
						"2.25": {
							"post": [-1.25, 0, -0.525],
							"lerp_mode": "catmullrom"
						},
						"2.375": {
							"post": [-1.05, 0, -0.05],
							"lerp_mode": "catmullrom"
						},
						"2.5": {
							"post": [-0.125, 0, -0.05],
							"lerp_mode": "catmullrom"
						},
						"2.5417": {
							"post": [0.105, 0, -0.05],
							"lerp_mode": "catmullrom"
						},
						"2.625": {
							"post": [0.575, 0, 0.975],
							"lerp_mode": "catmullrom"
						},
						"2.75": {
							"post": [2.005, 0, 0.975],
							"lerp_mode": "catmullrom"
						},
						"2.8333": {
							"post": [1.81, 0, 1.525],
							"lerp_mode": "catmullrom"
						},
						"2.9167": {
							"post": [2.01, 0, 0.7],
							"lerp_mode": "catmullrom"
						},
						"3.0": {
							"post": [1.91, 0, 1.2],
							"lerp_mode": "catmullrom"
						},
						"3.0833": {
							"post": [1.985, 0, 0.9],
							"lerp_mode": "catmullrom"
						},
						"3.375": {
							"post": [2.215, 0, 0.975],
							"lerp_mode": "catmullrom"
						},
						"3.5417": {
							"post": [3.915, 0, 1.85],
							"lerp_mode": "catmullrom"
						},
						"3.7083": {
							"post": [3.905, 0, 1.575],
							"lerp_mode": "catmullrom"
						},
						"3.9167": {
							"post": [3.92, 0, 1.725],
							"lerp_mode": "catmullrom"
						},
						"4.0417": {
							"post": [3.595, 0, 1.725],
							"lerp_mode": "catmullrom"
						},
						"4.2083": {
							"post": [0.87, 0, 1.725],
							"lerp_mode": "catmullrom"
						},
						"4.2917": {
							"post": [0.07, 0, -0.05],
							"lerp_mode": "catmullrom"
						},
						"4.5": {
							"post": [-0.58, 0, -0.05],
							"lerp_mode": "catmullrom"
						},
						"4.5833": {
							"post": [0, 0, 0],
							"lerp_mode": "catmullrom"
						},
						"4.625": {
							"post": [0.175, 0, 0.325],
							"lerp_mode": "catmullrom"
						},
						"4.6667": {
							"post": [-0.15, 0, -0.3],
							"lerp_mode": "catmullrom"
						},
						"4.7083": {
							"post": [0.05, 0, 0.125],
							"lerp_mode": "catmullrom"
						},
						"4.7917": {
							"post": [0, 0, -0.05],
							"lerp_mode": "catmullrom"
						},
						"4.875": {
							"post": [0, 0, 0],
							"lerp_mode": "catmullrom"
						}
					}
				}
			},
			"sound_effects": {
				"0.0": {
					"effect": "asval_drop_quick"
				},
				"1.2917": {
					"effect": "asval_inspect_smag_end"
				},
				"2.2083": {
					"effect": "asval_inspect_rotate"
				},
				"3.2917": {
					"effect": "asval_reload_xmag_empty_arm"
				},
				"4.0": {
					"effect": "asval_reload_xmag_fast_up"
				},
				"4.375": {
					"effect": "asval_raise_quick"
				}
			}
		},
		"inspect_empty": {
			"loop": "hold_on_last_frame",
			"animation_length": 5.625,
			"bones": {
				"lefthand": {
					"rotation": {
						"0.0": [117.83578, 7.25983, -240.85498],
						"0.1667": [117.84, 7.26, -240.85],
						"0.4167": [112.21856, -14.56765, -257.01414],
						"1.7917": [112.21856, -14.56765, -257.01414],
						"2.0": [116.23998, -21.94846, -260.26682],
						"4.75": [116.23998, -21.94846, -260.26682],
						"4.9167": [117.83578, 7.25983, -240.85498]
					},
					"position": {
						"0.0": [8.7687, -12.745, -14.245],
						"0.1667": [8.77, -12.74, -14.24],
						"0.4167": [8.77, -12.74, -14.24],
						"1.7917": [8.77, -12.74, -14.24],
						"2.0": [8.77, -12.74, -14.24],
						"4.75": [8.77, -12.74, -14.24],
						"4.9167": [8.7687, -12.745, -14.245]
					},
					"scale": [1, 1.5, 1]
				},
				"righthand": {
					"rotation": {
						"0.0": [103.48763, 29.50742, -175.55015],
						"0.1667": [103.49, 29.51, -175.55],
						"0.4167": [116.83085, 8.03012, -180.61305],
						"0.5833": [79.58818, 51.52521, -277.55534],
						"0.7083": [79.58818, 51.52521, -277.55534],
						"0.75": [73.20044, 67.10569, -284.91199],
						"0.8333": [73.20044, 67.10569, -284.91199],
						"0.875": [79.58818, 51.52521, -277.55534],
						"1.0": [79.58818, 51.52521, -277.55534],
						"1.0417": [73.20044, 67.10569, -284.91199],
						"1.125": [73.20044, 67.10569, -284.91199],
						"1.1667": [79.58818, 51.52521, -277.55534],
						"1.3333": [79.58818, 51.52521, -277.55534],
						"1.375": [73.20044, 67.10569, -284.91199],
						"1.4583": [73.20044, 67.10569, -284.91199],
						"1.5": [79.58818, 51.52521, -277.55534],
						"1.6667": [79.58818, 51.52521, -277.55534],
						"2.0": [123.44025, -6.97093, -168.91847],
						"2.1667": [123.44025, -6.97093, -168.91847],
						"2.2083": [115.94025, -6.97093, -168.91847],
						"2.2917": [118.94025, -6.97093, -168.91847],
						"2.4583": [117.58611, -11.41248, -160.55455],
						"2.5833": [93.44723, 20.08519, -241.93084],
						"2.7083": [72.98505, 45.98901, -300.10772],
						"2.7917": [80.25122, 47.61427, -290.15298],
						"3.2083": [80.25122, 47.61427, -290.15298],
						"3.4583": [133.84505, -31.54678, -202.95416],
						"3.5417": [133.84505, -31.54678, -202.95416],
						"3.7917": [133.84505, -31.54678, -202.95416],
						"3.9583": {
							"pre": [128.3475, -17.91806, -189.95299],
							"post": [128.3475, -17.91806, -189.95299],
							"lerp_mode": "catmullrom"
						},
						"4.125": {
							"post": [118.94025, -6.97093, -168.91847],
							"lerp_mode": "catmullrom"
						},
						"4.2917": {
							"post": [111.94025, -6.97093, -168.91847],
							"lerp_mode": "catmullrom"
						},
						"4.4167": [111.94025, -6.97093, -168.91847],
						"4.4583": [106.44025, -6.97093, -168.91847],
						"4.7083": [106.44025, -6.97093, -168.91847],
						"4.875": [103.48763, 29.50742, -175.55015]
					},
					"position": {
						"0.0": [-6.075, -13.0625, -4.2125],
						"0.1667": [-9.195, -17.21, -4.21],
						"0.4167": [-9.19, -17.21, 4.09],
						"0.5833": [-9.19, -10.46, 0.815],
						"0.7083": [-9.19, -10.46, 0.815],
						"0.75": [-9.19, -10.46, 4.37],
						"0.8333": [-9.19, -10.46, 4.37],
						"0.875": [-9.19, -10.46, 0.815],
						"1.0": [-9.19, -10.46, 0.815],
						"1.0417": [-9.19, -10.46, 4.37],
						"1.125": [-9.19, -10.46, 4.37],
						"1.1667": [-9.19, -10.46, 0.815],
						"1.3333": [-9.19, -10.46, 0.815],
						"1.375": [-9.19, -10.46, 4.37],
						"1.4583": [-9.19, -10.46, 4.37],
						"1.5": [-9.19, -10.46, 0.815],
						"1.6667": [-9.19, -10.46, 0.815],
						"1.8333": [-9.19, -13.985, 5.12],
						"2.0": [-8.58686, -15.19502, 3.33272],
						"2.1667": [-8.58686, -15.19502, 3.33272],
						"2.2083": [-8.59, -17.08, 1.57],
						"2.2917": [-8.84971, -22.20465, -1.50737],
						"2.4583": [-9.17383, -22.39454, -1.9518],
						"2.5833": [-8.83725, -22.13295, -2.42534],
						"2.7083": [-7.9165, -21.0608, -2.54962],
						"2.7917": [-7.9165, -21.0608, -2.54962],
						"3.2083": [-7.9165, -21.0608, -2.54962],
						"3.2917": [-7.67713, -21.17205, -2.47726],
						"3.4583": [-11.71947, -20.72282, -1.38324],
						"3.5417": [-11.86135, -20.90659, -1.71278],
						"3.7917": [-11.86135, -20.90659, -1.71278],
						"3.9583": {
							"pre": [-8.38158, -22.76561, 0.5127],
							"post": [-8.38158, -22.76561, 0.5127],
							"lerp_mode": "catmullrom"
						},
						"4.125": {
							"post": [-8.59729, -20.90806, -1.51963],
							"lerp_mode": "catmullrom"
						},
						"4.2917": {
							"post": [-8.62866, -16.69169, 0.64928],
							"lerp_mode": "catmullrom"
						},
						"4.4167": [-8.62866, -16.69169, 0.64928],
						"4.4583": [-8.41018, -15.39264, 1.35369],
						"4.7083": [-8.41018, -15.39264, 1.35369],
						"4.875": [-6.075, -13.0625, -4.2125]
					},
					"scale": [1, 1.5, 1]
				},
				"root": {
					"rotation": {
						"0.0": [0, 0, 0],
						"0.2083": {
							"pre": [-4, 0, -1],
							"post": [-4, 0, -1],
							"lerp_mode": "catmullrom"
						},
						"0.4167": {
							"post": [-0.94993, 4.01217, 34.6818],
							"lerp_mode": "catmullrom"
						},
						"0.5833": {
							"post": [-1.00244, 3.99939, 33.93008],
							"lerp_mode": "catmullrom"
						},
						"0.7083": {
							"post": [-2.57824, 4.08223, 39.94447],
							"lerp_mode": "catmullrom"
						},
						"0.75": {
							"post": [-2.58185, 5.08121, 39.89931],
							"lerp_mode": "catmullrom"
						},
						"0.8333": {
							"post": [-2.77753, 5.48716, 37.86951],
							"lerp_mode": "catmullrom"
						},
						"0.9167": {
							"post": [-2.57824, 4.08223, 39.94447],
							"lerp_mode": "catmullrom"
						},
						"1.0": {
							"post": [-2.57824, 4.08223, 39.94447],
							"lerp_mode": "catmullrom"
						},
						"1.0417": {
							"post": [-2.58185, 5.08121, 39.89931],
							"lerp_mode": "catmullrom"
						},
						"1.125": {
							"post": [-2.58395, 5.58071, 39.87668],
							"lerp_mode": "catmullrom"
						},
						"1.2083": {
							"post": [-2.57824, 4.08223, 39.94447],
							"lerp_mode": "catmullrom"
						},
						"1.3333": {
							"post": [-2.57824, 4.08223, 39.94447],
							"lerp_mode": "catmullrom"
						},
						"1.375": {
							"post": [-2.12831, 5.28681, 44.91562],
							"lerp_mode": "catmullrom"
						},
						"1.4583": {
							"post": [-2.58395, 5.58071, 39.87668],
							"lerp_mode": "catmullrom"
						},
						"1.5417": {
							"post": [-2.57542, 3.08324, 39.98952],
							"lerp_mode": "catmullrom"
						},
						"1.6667": {
							"post": [-2.57906, 4.33197, 39.93319],
							"lerp_mode": "catmullrom"
						},
						"1.8333": {
							"post": [-2.57906, 4.33197, 39.93319],
							"lerp_mode": "catmullrom"
						},
						"2.0": {
							"post": [-10.94974, 5.2705, 58.91122],
							"lerp_mode": "catmullrom"
						},
						"2.1667": {
							"post": [-10.12422, 4.88758, 56.94048],
							"lerp_mode": "catmullrom"
						},
						"2.2083": {
							"post": [-14.28643, 4.53319, 54.96545],
							"lerp_mode": "catmullrom"
						},
						"2.3333": {
							"post": [-10.20687, 4.71108, 55.95271],
							"lerp_mode": "catmullrom"
						},
						"2.4583": {
							"post": [-11.1865, 4.75534, 56.19961],
							"lerp_mode": "catmullrom"
						},
						"2.5833": {
							"post": [-11.1865, 4.75534, 56.19961],
							"lerp_mode": "catmullrom"
						},
						"2.75": {
							"post": [-10.71067, 7.77292, 61.32875],
							"lerp_mode": "catmullrom"
						},
						"3.2917": {
							"post": [-10.71067, 7.77292, 61.32875],
							"lerp_mode": "catmullrom"
						},
						"3.4583": {
							"post": [-10.28115, 11.26912, 63.76561],
							"lerp_mode": "catmullrom"
						},
						"3.8333": {
							"post": [-10.28115, 11.26912, 63.76561],
							"lerp_mode": "catmullrom"
						},
						"4.0417": {
							"post": [-11.1865, 4.75534, 56.19961],
							"lerp_mode": "catmullrom"
						},
						"4.25": {
							"post": [-14.1865, 4.75534, 56.19961],
							"lerp_mode": "catmullrom"
						},
						"4.4167": {
							"post": [-14.6865, 4.75534, 56.19961],
							"lerp_mode": "catmullrom"
						},
						"4.4583": {
							"post": [-13.14479, 3.01926, 49.40329],
							"lerp_mode": "catmullrom"
						},
						"4.5417": {
							"post": [-13.94958, 5.86242, 52.8243],
							"lerp_mode": "catmullrom"
						},
						"4.6667": {
							"post": [-14.14051, 5.377, 50.87472],
							"lerp_mode": "catmullrom"
						},
						"4.8333": {
							"post": [-6.08959, -3.17116, 15.70572],
							"lerp_mode": "catmullrom"
						},
						"5.0": {
							"post": [0.94954, 0.05233, -2.02363],
							"lerp_mode": "catmullrom"
						},
						"5.1667": {
							"post": [0, 0, 0.25],
							"lerp_mode": "catmullrom"
						},
						"5.3333": {
							"post": [0, 0, 0],
							"lerp_mode": "catmullrom"
						},
						"5.5": {
							"post": [0, 0, 0],
							"lerp_mode": "catmullrom"
						},
						"5.625": [0, 0, 0]
					},
					"position": {
						"0.0": [0, 0, 0],
						"0.1667": {
							"pre": [0, -1.2, 1.275],
							"post": [0, -1.2, 1.275],
							"lerp_mode": "catmullrom"
						},
						"0.375": {
							"post": [0.725, 0, -0.6],
							"lerp_mode": "catmullrom"
						},
						"0.5417": {
							"post": [0.725, 0, 0],
							"lerp_mode": "catmullrom"
						},
						"0.6667": {
							"post": [0.905, 0, 0],
							"lerp_mode": "catmullrom"
						},
						"0.75": {
							"post": [0.91, 0, 0.825],
							"lerp_mode": "catmullrom"
						},
						"0.8333": {
							"post": [0.91, 0, 0.955],
							"lerp_mode": "catmullrom"
						},
						"0.875": {
							"post": [0.905, 0, 0],
							"lerp_mode": "catmullrom"
						},
						"0.9583": {
							"post": [0.905, 0, 0],
							"lerp_mode": "catmullrom"
						},
						"1.0417": {
							"post": [0.91, 0, 0.825],
							"lerp_mode": "catmullrom"
						},
						"1.125": {
							"post": [0.91, 0, 0.955],
							"lerp_mode": "catmullrom"
						},
						"1.1667": {
							"post": [0.905, 0, 0],
							"lerp_mode": "catmullrom"
						},
						"1.2917": {
							"post": [0.905, 0, 0],
							"lerp_mode": "catmullrom"
						},
						"1.375": {
							"post": [0.91, 0, 0.825],
							"lerp_mode": "catmullrom"
						},
						"1.4583": {
							"post": [0.91, 0, 0.955],
							"lerp_mode": "catmullrom"
						},
						"1.5": {
							"post": [0.905, 0, 0],
							"lerp_mode": "catmullrom"
						},
						"1.625": {
							"post": [0.905, 0, 0],
							"lerp_mode": "catmullrom"
						},
						"1.7917": {
							"post": [0.905, 0, 0],
							"lerp_mode": "catmullrom"
						},
						"1.9583": {
							"post": [3.43758, 0.14125, -2.53613],
							"lerp_mode": "catmullrom"
						},
						"2.125": {
							"post": [3.235, 0, -2.575],
							"lerp_mode": "catmullrom"
						},
						"2.2083": {
							"post": [2.57337, -0.44953, -2.75432],
							"lerp_mode": "catmullrom"
						},
						"2.2917": {
							"post": [3.01807, -0.15392, -2.62953],
							"lerp_mode": "catmullrom"
						},
						"2.4167": {
							"post": [3.12024, -0.08632, -2.6047],
							"lerp_mode": "catmullrom"
						},
						"2.5417": {
							"post": [2.91522, -0.22084, -2.65335],
							"lerp_mode": "catmullrom"
						},
						"2.7083": {
							"post": [4.595, 0.31, -2.6],
							"lerp_mode": "catmullrom"
						},
						"3.25": {
							"post": [4.595, 0.31, -2.6],
							"lerp_mode": "catmullrom"
						},
						"3.4167": {
							"post": [4.475, 0.31, -2.6],
							"lerp_mode": "catmullrom"
						},
						"3.7917": {
							"post": [4.475, 0.31, -2.6],
							"lerp_mode": "catmullrom"
						},
						"4.0": {
							"post": [3.12024, -0.08632, -2.6047],
							"lerp_mode": "catmullrom"
						},
						"4.2083": {
							"post": [2.92316, -0.19813, -2.83624],
							"lerp_mode": "catmullrom"
						},
						"4.375": {
							"post": [3.02231, -0.12197, -2.93523],
							"lerp_mode": "catmullrom"
						},
						"4.4583": {
							"post": [2.68337, -0.49565, -1.56935],
							"lerp_mode": "catmullrom"
						},
						"4.5": {
							"post": [2.78313, -0.36069, -2.24895],
							"lerp_mode": "catmullrom"
						},
						"4.625": {
							"post": [2.74975, -0.41828, -2.00798],
							"lerp_mode": "catmullrom"
						},
						"4.7917": {
							"post": [0.75612, -4.56653, -2.84937],
							"lerp_mode": "catmullrom"
						},
						"4.9583": {
							"post": [0.01756, -0.55379, -2.05653],
							"lerp_mode": "catmullrom"
						},
						"5.125": {
							"post": [0, 0, 0.175],
							"lerp_mode": "catmullrom"
						},
						"5.2917": {
							"post": [0, 0, -0.1],
							"lerp_mode": "catmullrom"
						},
						"5.4583": {
							"post": [0, 0, 0],
							"lerp_mode": "catmullrom"
						},
						"5.625": [0, 0, 0]
					}
				},
				"ots14m_pull": {
					"position": {
						"0.7083": [0, 0, 0],
						"0.75": [0, 0, 3.9],
						"0.8333": [0, 0, 3.9],
						"0.875": [0, 0, 0],
						"1.0": [0, 0, 0],
						"1.0417": [0, 0, 3.9],
						"1.125": [0, 0, 3.9],
						"1.1667": [0, 0, 0],
						"1.3333": [0, 0, 0],
						"1.375": [0, 0, 3.9],
						"1.4583": [0, 0, 3.9],
						"1.5": [0, 0, 0]
					}
				},
				"mag_and_bullet": {
					"rotation": {
						"2.1667": [0, 0, 0],
						"2.2083": [-23, 0, 0],
						"2.2917": [-31, 0, 0],
						"2.4583": [-30.67758, 4.3127, 7.22301],
						"2.7083": [15.02547, -51.21027, -113.92126],
						"2.7917": [8.81777, -52.24528, -106.01927],
						"3.2083": [8.81777, -52.24528, -106.01927],
						"3.4583": [-37.04459, 33.65674, -23.64738],
						"3.5417": [-37.04459, 33.65674, -23.64738],
						"3.7917": [-37.04459, 33.65674, -23.64738],
						"3.9583": {
							"pre": [-31.19655, 14.5111, -9.57501],
							"post": [-31.19655, 14.5111, -9.57501],
							"lerp_mode": "catmullrom"
						},
						"4.125": {
							"post": [-31, 0, 0],
							"lerp_mode": "catmullrom"
						},
						"4.2917": {
							"post": [-23, 0, 0],
							"lerp_mode": "catmullrom"
						},
						"4.4167": [-23, 0, 0],
						"4.4583": [0, 0, 0]
					},
					"position": {
						"2.1667": [0, 0, 0],
						"2.2083": [0, -1.725, -1.1],
						"2.2917": [0, -7.26648, -3.52932],
						"2.4583": [0, -7.71649, -3.79972],
						"2.7083": [-4.34603, -6.77636, -3.16897],
						"2.7917": [-4.34603, -6.77636, -3.16897],
						"3.2083": [-4.34603, -6.77636, -3.16897],
						"3.2917": [-2.75287, -7.02832, -3.33777],
						"3.4583": [-4.3539, -6.30057, -2.89317],
						"3.5417": [-4.34603, -6.77636, -3.16897],
						"3.7917": [-4.34603, -6.77636, -3.16897],
						"3.9583": {
							"pre": [-1.1109, -8.20888, -0.6126],
							"post": [-1.1109, -8.20888, -0.6126],
							"lerp_mode": "catmullrom"
						},
						"4.125": {
							"post": [0, -5.595, -2.525],
							"lerp_mode": "catmullrom"
						},
						"4.2917": {
							"post": [0, -1.725, -1.1],
							"lerp_mode": "catmullrom"
						},
						"4.4167": [0, -1.725, -1.1],
						"4.4583": [0, 0, 0]
					}
				},
				"camera": {
					"rotation": {
						"0.0": [0, 0, 0],
						"0.25": {
							"pre": [-0.55, 0.275, 1.125],
							"post": [-0.55, 0.275, 1.125],
							"lerp_mode": "catmullrom"
						},
						"0.4167": {
							"post": [1.85, 0.525, 1.125],
							"lerp_mode": "catmullrom"
						},
						"0.5417": {
							"post": [1.825, 0.525, 1.05],
							"lerp_mode": "catmullrom"
						},
						"0.625": {
							"post": [1.905, 0.525, 1.275],
							"lerp_mode": "catmullrom"
						},
						"0.7083": {
							"post": [1.88, 0.525, 1.125],
							"lerp_mode": "catmullrom"
						},
						"0.75": {
							"post": [2.58, 0.525, 1.6],
							"lerp_mode": "catmullrom"
						},
						"0.8333": {
							"post": [1.735, 0.525, 0.95],
							"lerp_mode": "catmullrom"
						},
						"0.875": {
							"post": [2.19, 0.525, 1.275],
							"lerp_mode": "catmullrom"
						},
						"0.9583": {
							"post": [1.72, 0.525, 1.125],
							"lerp_mode": "catmullrom"
						},
						"1.0": {
							"post": [1.88, 0.525, 1.125],
							"lerp_mode": "catmullrom"
						},
						"1.0417": {
							"post": [2.58, 0.525, 1.55],
							"lerp_mode": "catmullrom"
						},
						"1.125": {
							"post": [1.61, 0.525, 0.9],
							"lerp_mode": "catmullrom"
						},
						"1.1667": {
							"post": [2.19, 0.525, 1.225],
							"lerp_mode": "catmullrom"
						},
						"1.25": {
							"post": [1.72, 0.525, 1.125],
							"lerp_mode": "catmullrom"
						},
						"1.3333": {
							"post": [1.88, 0.525, 1.125],
							"lerp_mode": "catmullrom"
						},
						"1.375": {
							"post": [3.005, 0.525, 1.75],
							"lerp_mode": "catmullrom"
						},
						"1.4583": {
							"post": [1.61, 0.525, 0.95],
							"lerp_mode": "catmullrom"
						},
						"1.5": {
							"post": [2.19, 0.525, 1.3],
							"lerp_mode": "catmullrom"
						},
						"1.5833": {
							"post": [1.72, 0.525, 1.125],
							"lerp_mode": "catmullrom"
						},
						"1.6667": {
							"post": [1.895, 0.525, 1.125],
							"lerp_mode": "catmullrom"
						},
						"1.7917": {
							"post": [2.075, 0.65, 1.125],
							"lerp_mode": "catmullrom"
						},
						"2.0417": {
							"post": [5.8, 1.525, 2.15],
							"lerp_mode": "catmullrom"
						},
						"2.1667": {
							"post": [5.9, 1.525, 2.15],
							"lerp_mode": "catmullrom"
						},
						"2.25": {
							"post": [6.925, 1.525, 2.925],
							"lerp_mode": "catmullrom"
						},
						"2.3333": {
							"post": [6.23, 1.525, 1.9],
							"lerp_mode": "catmullrom"
						},
						"2.4167": {
							"post": [6.655, 1.525, 2.4],
							"lerp_mode": "catmullrom"
						},
						"2.5": {
							"post": [6.235, 1.525, 2.15],
							"lerp_mode": "catmullrom"
						},
						"2.6667": {
							"post": [6.22, 2.93, 2.475],
							"lerp_mode": "catmullrom"
						},
						"2.75": {
							"post": [6.22, 2.93, 2.15],
							"lerp_mode": "catmullrom"
						},
						"3.25": {
							"post": [6.24, 2.93, 2.15],
							"lerp_mode": "catmullrom"
						},
						"3.375": {
							"post": [7.44, 2.105, 1.275],
							"lerp_mode": "catmullrom"
						},
						"3.7917": {
							"post": [7.46, 2.085, 1.275],
							"lerp_mode": "catmullrom"
						},
						"3.9167": {
							"post": [6.26, 1.61, 2.15],
							"lerp_mode": "catmullrom"
						},
						"4.3333": {
							"post": [6.24, 1.525, 2.15],
							"lerp_mode": "catmullrom"
						},
						"4.4167": {
							"post": [5.94, 1.525, 2.15],
							"lerp_mode": "catmullrom"
						},
						"4.4583": {
							"post": [7.59, 1.525, 2.15],
							"lerp_mode": "catmullrom"
						},
						"4.5417": {
							"post": [6.19, 1.525, 2.15],
							"lerp_mode": "catmullrom"
						},
						"4.625": {
							"post": [6.715, 1.35, 2.15],
							"lerp_mode": "catmullrom"
						},
						"4.75": {
							"post": [6.19, 0.275, 2.15],
							"lerp_mode": "catmullrom"
						},
						"4.8333": {
							"post": [4.44, 0, 0.475],
							"lerp_mode": "catmullrom"
						},
						"4.9167": {
							"post": [0.245, 0, 0.3],
							"lerp_mode": "catmullrom"
						},
						"5.0": {
							"post": [0, 0, 0.325],
							"lerp_mode": "catmullrom"
						},
						"5.0417": {
							"post": [0.175, 0, 0.8],
							"lerp_mode": "catmullrom"
						},
						"5.0833": {
							"post": [-0.15, 0, -0.55],
							"lerp_mode": "catmullrom"
						},
						"5.1667": {
							"post": [0.05, 0, 0.45],
							"lerp_mode": "catmullrom"
						},
						"5.25": {
							"post": [0, 0, -0.125],
							"lerp_mode": "catmullrom"
						},
						"5.3333": {
							"post": [0, 0, 0],
							"lerp_mode": "catmullrom"
						}
					}
				},
				"bullet": {
					"scale": 0.0001
				}
			},
			"sound_effects": {
				"0.0": {
					"effect": "asval_inspect_rotate"
				},
				"0.625": {
					"effect": "asval_reload_fast_empty_charge"
				},
				"0.9167": {
					"effect": "asval_reload_fast_empty_charge"
				},
				"1.25": {
					"effect": "asval_reload_fast_empty_charge"
				},
				"1.7083": {
					"effect": "asval_reload_xmag_empty_arm"
				},
				"2.1667": {
					"effect": "asval_reload_xmag_fast_magout"
				},
				"3.25": {
					"effect": "asval_reload_smag_maggrab"
				},
				"4.2083": {
					"effect": "asval_reload_fast_maghit"
				},
				"4.2917": {
					"effect": "asval_reload_fast_magin"
				},
				"4.7917": {
					"effect": "asval_raise_quick"
				}
			}
		},
		"select_auto": {
			"animation_length": 0.65,
			"bones": {
				"root": {
					"rotation": {
						"0.0": {
							"post": [0, 0, 0],
							"lerp_mode": "catmullrom"
						},
						"0.15": {
							"post": [0.28216, 0.05234, 2.07432],
							"lerp_mode": "catmullrom"
						},
						"0.2": {
							"post": [0.69414, -0.0304, 4.44177],
							"lerp_mode": "catmullrom"
						},
						"0.35": {
							"post": [0.28039, -0.03598, 4.00032],
							"lerp_mode": "catmullrom"
						},
						"0.5": {
							"post": [0.24991, 0.00654, -0.19374],
							"lerp_mode": "catmullrom"
						},
						"0.65": {
							"post": [0, 0, 0],
							"lerp_mode": "catmullrom"
						}
					},
					"position": {
						"0.0": {
							"post": [0, 0, 0],
							"lerp_mode": "catmullrom"
						},
						"0.15": {
							"post": [0, -0.20625, 0.275],
							"lerp_mode": "catmullrom"
						},
						"0.25": {
							"post": [0, -0.21125, 0.275],
							"lerp_mode": "catmullrom"
						},
						"0.35": {
							"post": [0, -0.1625, 0.825],
							"lerp_mode": "catmullrom"
						},
						"0.5": {
							"post": [0, -0.25625, -0.05625],
							"lerp_mode": "catmullrom"
						},
						"0.65": {
							"post": [0, 0, 0],
							"lerp_mode": "catmullrom"
						}
					}
				},
				"safety": {
					"rotation": {
						"0.15": [5, 0, 0],
						"0.25": [0, 0, 0]
					}
				},
				"righthand": {
					"rotation": {
						"0.0": [103.48763, 29.50742, -175.55015],
						"0.1": [95.45763, 2.17568, -164.35358],
						"0.15": [95.45763, 2.17568, -164.35358],
						"0.25": [116.16889, -0.03826, -153.06603],
						"0.35": [116.16889, -0.03826, -153.06603],
						"0.45": [116.16889, -0.03826, -153.06603],
						"0.55": [103.48763, 29.50742, -175.55015]
					},
					"position": {
						"0.0": [-6.075, -13.0625, -4.2125],
						"0.1": [-9.345, -13.1, 3.52],
						"0.15": [-9.345, -13.1, 3.52],
						"0.25": [-9.175, -12, 3.1],
						"0.35": [-9.175, -12, 3.1],
						"0.45": [-9.175, -12, 3.1],
						"0.55": [-6.075, -13.0625, -4.2125]
					},
					"scale": [1, 1.5, 1]
				},
				"lefthand": {
					"rotation": [117.83578, 7.25983, -240.85498],
					"position": [8.7687, -12.745, -14.245],
					"scale": [1, 1.5, 1]
				},
				"camera": {
					"rotation": {
						"0.15": [0, 0, 0],
						"0.25": [0, 0, 0.39375],
						"0.35": [0, 0, -0.26875],
						"0.45": [0, 0, 0.15],
						"0.55": [0, 0, 0]
					}
				}
			}
		},
		"select_semi": {
			"animation_length": 0.65,
			"bones": {
				"root": {
					"rotation": {
						"0.0": {
							"post": [0, 0, 0],
							"lerp_mode": "catmullrom"
						},
						"0.15": {
							"post": [-0.66784, 0.05234, 4.99932],
							"lerp_mode": "catmullrom"
						},
						"0.2": {
							"post": [-0.22777, 0.0063, 3.04672],
							"lerp_mode": "catmullrom"
						},
						"0.25": {
							"post": [0.69688, -0.07047, -0.58262],
							"lerp_mode": "catmullrom"
						},
						"0.35": {
							"post": [0.8328, -0.04949, 0.00048],
							"lerp_mode": "catmullrom"
						},
						"0.5": {
							"post": [0.25, 0, 1],
							"lerp_mode": "catmullrom"
						},
						"0.65": {
							"post": [0, 0, 0],
							"lerp_mode": "catmullrom"
						}
					},
					"position": {
						"0.0": {
							"post": [0, 0, 0],
							"lerp_mode": "catmullrom"
						},
						"0.15": {
							"post": [0, -0.3, -0.45],
							"lerp_mode": "catmullrom"
						},
						"0.25": {
							"post": [0, -0.38, -0.425],
							"lerp_mode": "catmullrom"
						},
						"0.3": {
							"post": [0, -0.455, -0.5],
							"lerp_mode": "catmullrom"
						},
						"0.35": {
							"post": [0, -0.43125, -0.55],
							"lerp_mode": "catmullrom"
						},
						"0.5": {
							"post": [0, -0.025, -0.3625],
							"lerp_mode": "catmullrom"
						},
						"0.65": {
							"post": [0, 0, 0],
							"lerp_mode": "catmullrom"
						}
					}
				},
				"safety": {
					"rotation": {
						"0.15": [0, 0, 0],
						"0.25": [5, 0, 0]
					}
				},
				"righthand": {
					"rotation": {
						"0.0": [103.48763, 29.50742, -175.55015],
						"0.1": [100.67541, 3.30266, -170.25363],
						"0.15": [100.67541, 3.30266, -170.25363],
						"0.25": [107.95763, 2.17568, -164.35358],
						"0.35": [111.70763, 2.17568, -164.35358],
						"0.5": [103.48763, 29.50742, -175.55015]
					},
					"position": {
						"0.0": [-6.075, -13.0625, -4.2125],
						"0.1": [-9.175, -12, 3.225],
						"0.15": [-9.175, -12, 3.225],
						"0.25": [-9.345, -13.1, 3.52],
						"0.35": [-9.345, -13.1, 3.52],
						"0.5": [-6.075, -13.0625, -4.2125]
					},
					"scale": [1, 1.5, 1]
				},
				"lefthand": {
					"rotation": [117.83578, 7.25983, -240.85498],
					"position": [8.7687, -12.745, -14.245],
					"scale": [1, 1.5, 1]
				},
				"camera": {
					"rotation": {
						"0.1": [0, 0, 0],
						"0.2": [0, 0, 0.39375],
						"0.3": [0, 0, -0.26875],
						"0.4": [0, 0, 0.15],
						"0.5": [0, 0, 0]
					}
				}
			}
		},
		"static_auto": {
			"loop": true
		},
		"static_semi": {
			"loop": true,
			"bones": {
				"octagon": {
					"rotation": [5, 0, 0]
				}
			}
		},
		"shoot": {
			"animation_length": 0.6333,
			"bones": {
				"root": {
					"rotation": {
						"0.0": [0, 0, 0],
						"0.0333": [1.225, 0, 0.725],
						"0.0667": [-0.595, 0, -1.175],
						"0.1": [-0.72, 0, -1.225],
						"0.1667": [0.18, 0, 0.525],
						"0.2667": [0.45, 0, -0.25],
						"0.3667": [0.225, -0.2, 0.25],
						"0.5": [0.055, -0.075, -0.075],
						"0.6333": [0, 0, 0]
					},
					"position": {
						"0.0": [0, 0, 0],
						"0.0333": [0, -0.025, 1.725],
						"0.0667": [0, -0.05, 1.38],
						"0.1333": [0, -0.05, -0.045],
						"0.2667": [0, -0.025, 0.1],
						"0.3667": [0, 0, 0]
					}
				},
				"bolt": {
					"position": {
						"0.0": [0, 0, 0],
						"0.0333": [0, 0, 5],
						"0.0667": [0, 0, 0]
					}
				},
				"constraint": {
					"position": {
						"0.0": [0, 0, 0],
						"0.0333": [0, 0, 0.5],
						"0.2667": [0, 0, 0]
					}
				},
				"camera": {
					"rotation": {
						"0.0": {
							"post": [0, 0, 0],
							"lerp_mode": "catmullrom"
						},
						"0.0333": {
							"post": [0, 0, 0.6],
							"lerp_mode": "catmullrom"
						},
						"0.0667": {
							"post": [0, 0, -0.4],
							"lerp_mode": "catmullrom"
						},
						"0.1": {
							"post": [0, 0, 0.375],
							"lerp_mode": "catmullrom"
						},
						"0.1667": {
							"post": [0, 0, -0.225],
							"lerp_mode": "catmullrom"
						},
						"0.2333": {
							"post": [0, 0, 0.075],
							"lerp_mode": "catmullrom"
						},
						"0.3": {
							"post": [0, 0, 0],
							"lerp_mode": "catmullrom"
						}
					}
				}
			}
		}
	}
}