{
	"format_version": "1.8.0",
	"animations": {
		"static_idle": {
			"loop": true,
			"bones": {
				"lefthand": {
					"rotation": [-246.10013, 369.09164, -245.79288],
					"position": [8.75, -13.6875, -3.375],
					"scale": [1, 1.5, 1]
				},
				"righthand": {
					"rotation": [107.9242, -2.42784, -85.91846],
					"position": [-7, -13.9375, 2.625],
					"scale": [1, 1.5, 1]
				},
				"constraint": {
					"rotation": [0.2, 0.3, 0.2],
					"position": [0.2, 0.2, 0.2]
				}
			}
		},
		"inspect": {
			"animation_length": 10.2667,
			"bones": {
				"lefthand": {
					"rotation": {
						"0.0": [-246.10013, 369.09164, -245.79288],
						"0.3667": [-239.34267, 321.68082, -269.9746],
						"0.4667": [-239.34, 321.68, -269.97],
						"0.7333": [-239.34, 321.68, -269.97],
						"0.8667": [-247.42857, 307.62621, -189.19128],
						"0.9667": [-247.42857, 307.62621, -189.19128],
						"1.0667": [-247.15858, 307.3255, -177.15464],
						"1.2333": [-247.15858, 307.3255, -177.15464],
						"1.3667": [-233.02128, 314.38619, -195.74097],
						"1.4667": [-251.38497, 310.56376, -168.31057],
						"1.6": [-251.38497, 310.56376, -168.31057],
						"4.9333": [-260.02317, 309.71089, -162.24613],
						"5.0333": {
							"pre": [-254.35788, 341.91933, -178.37557],
							"post": [-254.35788, 341.91933, -178.37557],
							"lerp_mode": "catmullrom"
						},
						"5.2": {
							"post": [-242.85647, 328.35154, -189.42722],
							"lerp_mode": "catmullrom"
						},
						"5.3333": {
							"post": [-223.10013, 369.09164, -245.79288],
							"lerp_mode": "catmullrom"
						},
						"5.3667": {
							"post": [-231.23, 368.9, -246.29],
							"lerp_mode": "catmullrom"
						},
						"5.5": {
							"post": [-235.60013, 395.09164, -245.79288],
							"lerp_mode": "catmullrom"
						},
						"5.8333": {
							"post": [-246.23418, 353.06361, -252.84233],
							"lerp_mode": "catmullrom"
						},
						"6.0333": {
							"post": [-233.68111, 312.48845, -278.25857],
							"lerp_mode": "catmullrom"
						},
						"6.2": {
							"post": [-235.49987, 314.93404, -275.74318],
							"lerp_mode": "catmullrom"
						},
						"9.1667": {
							"post": [-235.49987, 314.93404, -275.74318],
							"lerp_mode": "catmullrom"
						},
						"9.3667": [-246.10013, 369.09164, -245.79288]
					},
					"position": {
						"0.0": [8.75, -13.6875, -3.375],
						"0.3667": [7.05871, -29.6414, 5.61536],
						"0.4667": [4.10176, -32.32762, 9.97913],
						"0.7333": [4.10176, -32.32762, 9.97913],
						"0.8667": [6.68941, -15.30675, 6.18542],
						"0.9667": [6.68941, -15.30675, 6.18542],
						"1.0667": [6.31441, -16.49425, 7.12292],
						"1.2333": [6.31441, -16.49425, 7.12292],
						"1.3667": [6.31441, -16.49425, 8.31042],
						"1.4667": [6.28, -15.0125, 8.85],
						"1.6": [6.28, -15.0125, 8.85],
						"4.9333": [6.28, -15.0125, 8.7875],
						"5.0333": {
							"pre": [7.6625, -15.93, 7.76],
							"post": [7.6625, -15.93, 7.76],
							"lerp_mode": "catmullrom"
						},
						"5.2": {
							"post": [7, -15.81, 7.2525],
							"lerp_mode": "catmullrom"
						},
						"5.3333": {
							"post": [7.5, -16.185, 5.815],
							"lerp_mode": "catmullrom"
						},
						"5.3667": {
							"post": [8.16, -16.63, 3.35],
							"lerp_mode": "catmullrom"
						},
						"5.5": {
							"post": [8.75, -18.56, 2.565],
							"lerp_mode": "catmullrom"
						},
						"5.7667": {
							"post": [8.75, -14.0625, -1.3125],
							"lerp_mode": "catmullrom"
						},
						"9.1333": {
							"post": [8.75, -14.0625, -1.3125],
							"lerp_mode": "catmullrom"
						},
						"9.3667": [8.75, -13.6875, -3.375]
					},
					"scale": [1, 1.5, 1]
				},
				"righthand": {
					"rotation": {
						"0.0": [107.9242, -2.42784, -85.91846],
						"0.2667": [97.92, -2.43, -85.92],
						"5.8667": [97.92, -2.43, -85.92],
						"6.0333": {
							"pre": [83.39268, -6.81958, -46.26024],
							"post": [83.39268, -6.81958, -46.26024],
							"lerp_mode": "catmullrom"
						},
						"6.4333": {
							"post": [65.50255, 41.77601, -144.00428],
							"lerp_mode": "catmullrom"
						},
						"6.7333": {
							"post": [65.50255, 41.77601, -144.00428],
							"lerp_mode": "catmullrom"
						},
						"6.9333": [63.63295, -4.88835, -146.40635],
						"7.0667": {
							"pre": [63.63295, -4.88835, -146.40635],
							"post": [63.63295, -4.88835, -146.40635],
							"lerp_mode": "catmullrom"
						},
						"7.1333": [64.83, -7.57, -152.51],
						"7.2": [65.69, -9.5, -156.92],
						"7.2667": [65.69, -9.5, -156.92],
						"7.3667": {
							"pre": [69.11563, -17.16054, -174.36643],
							"post": [69.11563, -17.16054, -174.36643],
							"lerp_mode": "catmullrom"
						},
						"7.8": {
							"post": [69.11563, -17.16054, -174.36643],
							"lerp_mode": "catmullrom"
						},
						"7.9333": [67.79, -14.19, -167.6],
						"8.0333": [66.62, -11.57, -161.63],
						"8.1333": [65.31, -8.64, -154.95],
						"8.2667": [63.63295, -4.88835, -146.40635],
						"8.4": [63.63295, -4.88835, -146.40635],
						"8.4667": [46.13295, -4.88835, -146.40635],
						"9.3333": [107.9242, -2.42784, -85.91846]
					},
					"position": {
						"0.0": [-7, -13.9375, 2.625],
						"0.2667": [-8.9375, -13.94, 1.5675],
						"5.8667": [-8.9375, -13.94, 1.5675],
						"6.0": {
							"pre": [-9.62837, -19.14322, 5.55273],
							"post": [-9.62837, -19.14322, 5.55273],
							"lerp_mode": "catmullrom"
						},
						"6.3667": {
							"post": [2.45947, -23.02157, 19.08273],
							"lerp_mode": "catmullrom"
						},
						"6.6667": {
							"post": [2.45947, -23.02157, 19.08273],
							"lerp_mode": "catmullrom"
						},
						"6.9": [-8.68839, -13.98642, 10.59797],
						"7.0667": [-8.68839, -13.98642, 10.59797],
						"7.1333": [-7.7, -14.65, 10.5],
						"7.2": [-7.2, -14.98, 10.45],
						"7.2667": [-7.2, -14.98, 10.45],
						"7.3667": {
							"pre": [-6.30389, -15.57495, 10.35501],
							"post": [-6.30389, -15.57495, 10.35501],
							"lerp_mode": "catmullrom"
						},
						"7.7667": {
							"post": [-6.30389, -15.57495, 10.35501],
							"lerp_mode": "catmullrom"
						},
						"7.9333": [-7.08, -15.06, 10.43],
						"8.0333": [-7.61, -14.7, 10.49],
						"8.1333": [-8.18, -14.32, 10.55],
						"8.2333": [-8.68839, -13.98642, 10.59797],
						"8.4": [-8.68839, -13.98642, 10.59797],
						"8.4667": [-9.36343, -15.23236, 12.41678],
						"9.2": [-9.53029, -15.58395, 13.71806],
						"9.3333": [-7, -13.9375, 2.625]
					},
					"scale": [1, 1.5, 1]
				},
				"root": {
					"rotation": {
						"0.0": [0, 0, 0],
						"0.1667": {
							"pre": [5, 0, 5],
							"post": [5, 0, 5],
							"lerp_mode": "catmullrom"
						},
						"0.4333": {
							"post": [-27.51117, -38.66673, -43.19885],
							"lerp_mode": "catmullrom"
						},
						"0.6333": {
							"post": [-26.8305, -35.88568, -39.43009],
							"lerp_mode": "catmullrom"
						},
						"0.8": {
							"post": [-24.53024, -35.65129, -40.9693],
							"lerp_mode": "catmullrom"
						},
						"0.9333": {
							"post": [-25.43611, -35.92782, -42.17883],
							"lerp_mode": "catmullrom"
						},
						"1.0333": {
							"post": [-27.59494, -33.72436, -36.70858],
							"lerp_mode": "catmullrom"
						},
						"1.1": {
							"post": [-22.46328, -35.87419, -42.20508],
							"lerp_mode": "catmullrom"
						},
						"1.2333": {
							"post": [-25.43268, -34.68155, -38.83101],
							"lerp_mode": "catmullrom"
						},
						"1.4": {
							"post": [-22.82756, -36.31777, -43.3152],
							"lerp_mode": "catmullrom"
						},
						"1.5": {
							"post": [-20.66324, -36.14382, -43.40941],
							"lerp_mode": "catmullrom"
						},
						"1.5333": {
							"post": [-22.65917, -35.03608, -39.98068],
							"lerp_mode": "catmullrom"
						},
						"1.6": {
							"post": [-33.65628, -25.80695, -20.65502],
							"lerp_mode": "catmullrom"
						},
						"1.7333": {
							"post": [-20.6191, -35.74406, -42.27827],
							"lerp_mode": "catmullrom"
						},
						"1.9": {
							"post": [-26.65595, -33.8033, -36.6573],
							"lerp_mode": "catmullrom"
						},
						"2.1667": {
							"post": [-24.80116, -35.10604, -39.93492],
							"lerp_mode": "catmullrom"
						},
						"2.2667": {
							"post": [-24.84, -35.17, -39.97],
							"lerp_mode": "catmullrom"
						},
						"2.4": {
							"post": [-25.58866, -34.79829, -38.82917],
							"lerp_mode": "catmullrom"
						},
						"2.5667": {
							"post": [-23.79194, -36.1346, -42.1403],
							"lerp_mode": "catmullrom"
						},
						"3.1333": {
							"post": [-24.8843, -35.86463, -40.81069],
							"lerp_mode": "catmullrom"
						},
						"3.3667": {
							"post": [-27.5237, -34.22606, -36.48877],
							"lerp_mode": "catmullrom"
						},
						"4.0": {
							"post": [-27.5237, -34.22606, -36.48877],
							"lerp_mode": "catmullrom"
						},
						"4.2333": {
							"post": [-17.64689, -41.43652, -56.59712],
							"lerp_mode": "catmullrom"
						},
						"4.4667": {
							"post": [-20.11094, -41.09548, -54.29691],
							"lerp_mode": "catmullrom"
						},
						"4.5667": {
							"post": [-24.35006, -37.95699, -44.32112],
							"lerp_mode": "catmullrom"
						},
						"4.7": {
							"post": [-22.51564, -39.54399, -48.72911],
							"lerp_mode": "catmullrom"
						},
						"4.7333": {
							"post": [-19.7998, -37.50309, -41.85343],
							"lerp_mode": "catmullrom"
						},
						"4.8667": {
							"post": [-23.78905, -38.38719, -45.16645],
							"lerp_mode": "catmullrom"
						},
						"4.9667": {
							"post": [-26.29458, -35.93317, -41.42168],
							"lerp_mode": "catmullrom"
						},
						"5.1667": {
							"post": [-22.36895, -35.82078, -39.2007],
							"lerp_mode": "catmullrom"
						},
						"5.3333": {
							"post": [-26.04924, -37.68724, -42.43985],
							"lerp_mode": "catmullrom"
						},
						"5.3667": {
							"post": [-35.30861, -33.09831, -34.86417],
							"lerp_mode": "catmullrom"
						},
						"5.4667": {
							"post": [-33.75122, -30.37323, -33.97212],
							"lerp_mode": "catmullrom"
						},
						"5.6": {
							"post": [-35.32005, -26.6593, -33.90325],
							"lerp_mode": "catmullrom"
						},
						"5.8333": [-37.58363, -11.5952, 1.18995],
						"6.0333": {
							"pre": [-30.64853, 29.62047, 72.80258],
							"post": [-30.64853, 29.62047, 72.80258],
							"lerp_mode": "catmullrom"
						},
						"6.2667": {
							"post": [-27.64853, 29.62047, 72.80258],
							"lerp_mode": "catmullrom"
						},
						"6.4667": {
							"post": [-28.64853, 29.62047, 72.80258],
							"lerp_mode": "catmullrom"
						},
						"6.7": {
							"post": [-28.64853, 29.62047, 72.80258],
							"lerp_mode": "catmullrom"
						},
						"6.8333": {
							"post": [-25.64853, 29.62047, 72.80258],
							"lerp_mode": "catmullrom"
						},
						"6.9667": {
							"post": [-30.64853, 29.62047, 72.80258],
							"lerp_mode": "catmullrom"
						},
						"7.0667": {
							"post": [-25.5726, 31.5368, 76.88142],
							"lerp_mode": "catmullrom"
						},
						"7.3333": {
							"post": [-31.52696, 27.58415, 68.88057],
							"lerp_mode": "catmullrom"
						},
						"7.4667": {
							"post": [-30.61215, 28.61642, 70.82257],
							"lerp_mode": "catmullrom"
						},
						"7.7667": {
							"post": [-30.61215, 28.61642, 70.82257],
							"lerp_mode": "catmullrom"
						},
						"8.1667": {
							"post": [-28.63551, 30.59453, 74.82184],
							"lerp_mode": "catmullrom"
						},
						"8.3": {
							"post": [-30.13648, 29.12208, 71.80774],
							"lerp_mode": "catmullrom"
						},
						"8.5": {
							"post": [-30.13648, 29.12208, 71.80774],
							"lerp_mode": "catmullrom"
						},
						"9.1667": {
							"post": [-30.13648, 29.12208, 71.80774],
							"lerp_mode": "catmullrom"
						},
						"9.3667": {
							"post": [-14.33501, 4.46375, 16.93839],
							"lerp_mode": "catmullrom"
						},
						"9.5": {
							"post": [-1.75126, 3.34781, 12.70379],
							"lerp_mode": "catmullrom"
						},
						"9.6333": {
							"post": [-1.99513, -0.13948, -3.99757],
							"lerp_mode": "catmullrom"
						},
						"9.8": {
							"post": [0, 0, 1],
							"lerp_mode": "catmullrom"
						},
						"9.9667": {
							"post": [0, 0, 0],
							"lerp_mode": "catmullrom"
						}
					},
					"position": {
						"0.0": [0, 0, 0],
						"0.1": {
							"pre": [0, -0.1875, 0],
							"post": [0, -0.1875, 0],
							"lerp_mode": "catmullrom"
						},
						"0.4": {
							"post": [0, 4.375, -0.9375],
							"lerp_mode": "catmullrom"
						},
						"0.6": {
							"post": [0, 3.9375, -0.5625],
							"lerp_mode": "catmullrom"
						},
						"0.7667": {
							"post": [0, 3.75, -0.625],
							"lerp_mode": "catmullrom"
						},
						"0.9": {
							"post": [0, 3.9125, -0.61],
							"lerp_mode": "catmullrom"
						},
						"1.0": {
							"post": [0, 3.7325, -0.62],
							"lerp_mode": "catmullrom"
						},
						"1.1": {
							"post": [0, 3.365, -0.62],
							"lerp_mode": "catmullrom"
						},
						"1.2": {
							"post": [0, 3.5575, -0.62],
							"lerp_mode": "catmullrom"
						},
						"1.3667": {
							"post": [0, 3.5575, -0.62],
							"lerp_mode": "catmullrom"
						},
						"1.4667": {
							"post": [0, 3.5825, -0.61],
							"lerp_mode": "catmullrom"
						},
						"1.5333": {
							"post": [0, 3.5825, -0.61],
							"lerp_mode": "catmullrom"
						},
						"1.5667": {
							"post": [0, 3.2675, -0.61],
							"lerp_mode": "catmullrom"
						},
						"1.7": {
							"post": [0, 3.4625, -0.61],
							"lerp_mode": "catmullrom"
						},
						"1.8667": {
							"post": [0, 3.5575, -0.62],
							"lerp_mode": "catmullrom"
						},
						"2.0667": {
							"post": [0, 3.5575, -0.62],
							"lerp_mode": "catmullrom"
						},
						"2.2667": {
							"post": [0.02451, 3.71332, -0.76909],
							"lerp_mode": "catmullrom"
						},
						"2.4": {
							"post": [0.01814, 3.6912, -0.73629],
							"lerp_mode": "catmullrom"
						},
						"2.5667": {
							"post": [-0.0123, 3.60462, -0.60532],
							"lerp_mode": "catmullrom"
						},
						"3.0667": {
							"post": [-0.00205, 3.70163, -0.66593],
							"lerp_mode": "catmullrom"
						},
						"3.3": {
							"post": [-0.02789, 3.64824, -0.55417],
							"lerp_mode": "catmullrom"
						},
						"3.8667": {
							"post": [-0.02317, 3.73358, -0.59348],
							"lerp_mode": "catmullrom"
						},
						"4.2": {
							"post": [-0.02, 3.82, -0.64],
							"lerp_mode": "catmullrom"
						},
						"4.4": {
							"post": [-0.00469, 4.02128, -0.813],
							"lerp_mode": "catmullrom"
						},
						"4.5333": {
							"post": [-0.05752, 4.0488, -0.79409],
							"lerp_mode": "catmullrom"
						},
						"4.6667": {
							"post": [0.05432, 4.01399, -0.85008],
							"lerp_mode": "catmullrom"
						},
						"4.7333": {
							"post": [-0.10387, 4.1239, -0.79839],
							"lerp_mode": "catmullrom"
						},
						"4.8": {
							"post": [0.10638, 4.01312, -0.87904],
							"lerp_mode": "catmullrom"
						},
						"4.9333": {
							"post": [0.09196, 3.7549, -0.61778],
							"lerp_mode": "catmullrom"
						},
						"5.1333": {
							"post": [0.23102, 3.67253, -0.70219],
							"lerp_mode": "catmullrom"
						},
						"5.3": {
							"post": [0.20048, 4.01399, -0.97731],
							"lerp_mode": "catmullrom"
						},
						"5.5667": {
							"post": [-0.125, 4, -0.62],
							"lerp_mode": "catmullrom"
						},
						"5.7333": [0.52, 2.875, -0.7],
						"5.9667": {
							"pre": [2.5625, 4, -1.3075],
							"post": [2.5625, 4, -1.3075],
							"lerp_mode": "catmullrom"
						},
						"6.1667": {
							"post": [2.1875, 4, -0.995],
							"lerp_mode": "catmullrom"
						},
						"6.4": {
							"post": [2.3125, 4, -0.995],
							"lerp_mode": "catmullrom"
						},
						"6.6333": {
							"post": [2.3125, 4, -0.995],
							"lerp_mode": "catmullrom"
						},
						"6.8": {
							"post": [2.22195, 3.827, -0.74511],
							"lerp_mode": "catmullrom"
						},
						"6.9333": {
							"post": [2.40063, 4.10846, -1.12394],
							"lerp_mode": "catmullrom"
						},
						"7.0333": {
							"post": [2.37742, 4.07519, -1.07326],
							"lerp_mode": "catmullrom"
						},
						"7.3": {
							"post": [2.34191, 4.01863, -1.13115],
							"lerp_mode": "catmullrom"
						},
						"7.4333": {
							"post": [2.3592, 3.96674, -1.16147],
							"lerp_mode": "catmullrom"
						},
						"7.7333": {
							"post": [2.3592, 3.96674, -1.16147],
							"lerp_mode": "catmullrom"
						},
						"8.1333": {
							"post": [2.35073, 4.17392, -1.01273],
							"lerp_mode": "catmullrom"
						},
						"8.4333": {
							"post": [2.36194, 4.12193, -1.04589],
							"lerp_mode": "catmullrom"
						},
						"9.1": {
							"post": [2.37909, 4.07007, -1.07626],
							"lerp_mode": "catmullrom"
						},
						"9.3333": {
							"post": [-0.34177, -0.69864, -0.23505],
							"lerp_mode": "catmullrom"
						},
						"9.4333": {
							"post": [-0.01868, 0.24324, -1.22596],
							"lerp_mode": "catmullrom"
						},
						"9.6": {
							"post": [0, 0, 0.1875],
							"lerp_mode": "catmullrom"
						},
						"9.7333": {
							"post": [0, 0, -0.06],
							"lerp_mode": "catmullrom"
						},
						"9.9": {
							"post": [0, 0, 0],
							"lerp_mode": "catmullrom"
						}
					}
				},
				"mag_and_lefthand": {
					"rotation": {
						"1.5333": [0, 0, 0],
						"1.7333": [0, 0, 0],
						"1.8": [0, 0, 0],
						"2.2": {
							"pre": [17.6212, -32.65048, -4.80676],
							"post": [17.6212, -32.65048, -4.80676],
							"lerp_mode": "catmullrom"
						},
						"2.2667": {
							"post": [15.57182, -35.09355, -3.29377],
							"lerp_mode": "catmullrom"
						},
						"2.3667": {
							"post": [12.2342, -33.62567, -3.41177],
							"lerp_mode": "catmullrom"
						},
						"2.5": {
							"post": [11.52488, -32.50945, -1.17296],
							"lerp_mode": "catmullrom"
						},
						"2.5667": {
							"post": [5.66084, -29.60477, -4.06146],
							"lerp_mode": "catmullrom"
						},
						"2.7333": {
							"post": [6.15103, -29.94395, -3.85536],
							"lerp_mode": "catmullrom"
						},
						"3.2667": {
							"post": [6.19374, -32.2057, -2.17944],
							"lerp_mode": "catmullrom"
						},
						"3.5": {
							"post": [57.4881, -57.54421, 13.10876],
							"lerp_mode": "catmullrom"
						},
						"4.0": [57.4881, -57.54421, 13.10876],
						"4.2333": {
							"pre": [-17.13549, -23.13474, -14.79801],
							"post": [-17.13549, -23.13474, -14.79801],
							"lerp_mode": "catmullrom"
						},
						"4.5333": [0, 0, 0],
						"4.6667": [0, 0, 0],
						"4.7333": [0, 0, 0],
						"5.7": [0, 0, 0]
					},
					"position": {
						"1.5333": [0, 0, 0],
						"1.7333": [0, -6, 0],
						"1.8": [0, -9, 3],
						"2.2": {
							"pre": [-0.3497, -10.04985, -1.38122],
							"post": [-0.3497, -10.04985, -1.38122],
							"lerp_mode": "catmullrom"
						},
						"2.2667": {
							"post": [2.82827, -6.81935, -5.49954],
							"lerp_mode": "catmullrom"
						},
						"2.3667": {
							"post": [2.34148, -7.31451, -4.87412],
							"lerp_mode": "catmullrom"
						},
						"2.4667": {
							"post": [1.53525, -8.13619, -3.8143],
							"lerp_mode": "catmullrom"
						},
						"2.5333": {
							"post": [0.45144, -9.23913, -2.37477],
							"lerp_mode": "catmullrom"
						},
						"2.7": {
							"post": [1.7369, -7.94017, -4.05725],
							"lerp_mode": "catmullrom"
						},
						"2.9333": {
							"post": [1.95342, -7.71735, -4.34151],
							"lerp_mode": "catmullrom"
						},
						"3.2333": {
							"post": [1.96368, -7.71331, -4.35997],
							"lerp_mode": "catmullrom"
						},
						"3.7667": {
							"post": [2.17974, -7.48615, -4.65406],
							"lerp_mode": "catmullrom"
						},
						"3.9667": [1.96368, -7.71331, -4.35997],
						"4.3333": {
							"pre": [-2.4099, -12.1384, 1.523],
							"post": [-2.4099, -12.1384, 1.523],
							"lerp_mode": "catmullrom"
						},
						"4.5333": [0, -0.5625, 0],
						"4.6667": [0, -0.5625, 0],
						"4.7333": [0, 0, 0],
						"5.7": [0, 0, 0]
					}
				},
				"mag_and_bullet": {
					"rotation": {
						"1.7667": [0, 0, 0],
						"1.8": [40.243, -13.59742, -10.36779],
						"2.2": {
							"pre": [40.24, -13.6, -10.37],
							"post": [40.24, -13.6, -10.37],
							"lerp_mode": "catmullrom"
						},
						"2.3667": {
							"post": [76.58441, -18.13664, 3.52905],
							"lerp_mode": "catmullrom"
						},
						"2.4667": {
							"post": [87.46091, -23.57281, 8.46086],
							"lerp_mode": "catmullrom"
						},
						"2.5333": [85.15531, -25.13248, 17.38636],
						"3.2667": [85.16, -25.13, 17.39],
						"3.4667": [98.90121, -30.95337, 2.94048],
						"4.0": [98.90121, -30.95337, 2.94048],
						"4.2": [0, 0, 0],
						"7.1": [0, 0, 0],
						"7.1667": [0, 0, -21],
						"7.2333": [0, 0, -35],
						"7.3": [0, 0, -49],
						"7.4": [0, 0, -74],
						"7.5": [0, 0, -63],
						"7.7667": [0, 0, -63],
						"7.8333": [0, 0, -63],
						"7.9": [0, 0, -45.63],
						"8.0": [0, 0, -30.42],
						"8.1": [0, 0, -15.21],
						"8.2": [0, 0, 9],
						"8.2667": [0, 0, 0]
					},
					"position": {
						"1.7667": [0, 0, 0],
						"1.8": [0.09977, 0.3465, -0.66355],
						"2.2": {
							"pre": [0.1, 0.35, -0.66],
							"post": [0.1, 0.35, -0.66],
							"lerp_mode": "catmullrom"
						},
						"2.3333": {
							"post": [0.80209, 5.45211, -5.75639],
							"lerp_mode": "catmullrom"
						},
						"2.4333": {
							"post": [0.66572, 4.0784, -4.13373],
							"lerp_mode": "catmullrom"
						},
						"2.5333": [-0.03426, 0.64958, -0.45393],
						"3.2667": [-0.03, 0.65, -0.45],
						"3.4667": [-0.01, 0.77, -0.6575],
						"3.9667": [-0.01, 0.77, -0.6575],
						"4.1667": [0, 0, 0],
						"7.1": [0, 0, 0],
						"7.1667": [0, 0, 0],
						"7.2333": [0, 0, 0],
						"7.3": [0, 0, 0],
						"7.4": [0, 0, 0],
						"7.8333": [0, 0, 0],
						"7.9": [0, 0, 0],
						"8.0": [0, 0, 0],
						"8.1": [0, 0, 0],
						"8.2": [0, 0, 0],
						"8.2667": [0, 0, 0]
					}
				},
				"release": {
					"rotation": {
						"0.9667": [0, 0, 0],
						"1.0667": [107.5, 0, 0],
						"5.3": [107.5, 0, 0],
						"5.3667": [0, 0, 0]
					}
				},
				"camera": {
					"rotation": {
						"0.0": {
							"post": [0, 0, 0],
							"lerp_mode": "catmullrom"
						},
						"0.0667": {
							"post": [-0.32, 0, 0.39],
							"lerp_mode": "catmullrom"
						},
						"0.1667": {
							"post": [0.3, 0.25, 0.22],
							"lerp_mode": "catmullrom"
						},
						"0.3333": {
							"post": [2.235, 0.82, -0.24],
							"lerp_mode": "catmullrom"
						},
						"0.5": {
							"post": [2.085, 0.9, -0.34],
							"lerp_mode": "catmullrom"
						},
						"0.5667": {
							"post": [2.25, 0.91, -0.37],
							"lerp_mode": "catmullrom"
						},
						"0.6667": {
							"post": [2.1, 0.9025, -0.335],
							"lerp_mode": "catmullrom"
						},
						"0.9": {
							"post": [1.7325, 0.89, 0.095],
							"lerp_mode": "catmullrom"
						},
						"1.0667": {
							"post": [2.2975, 0.88, -0.5975],
							"lerp_mode": "catmullrom"
						},
						"1.1333": {
							"post": [2.0275, 0.87, 0.2175],
							"lerp_mode": "catmullrom"
						},
						"1.4667": {
							"post": [2.4, 0.81, -0.07],
							"lerp_mode": "catmullrom"
						},
						"1.5333": {
							"post": [2.06, 0.62, -0.02],
							"lerp_mode": "catmullrom"
						},
						"1.6": {
							"post": [1.99, 0.01, -1.15],
							"lerp_mode": "catmullrom"
						},
						"1.6333": {
							"post": [1.95, 0.27, 0.505],
							"lerp_mode": "catmullrom"
						},
						"1.7": {
							"post": [1.89, 0.49, -0.46],
							"lerp_mode": "catmullrom"
						},
						"1.7667": {
							"post": [2.1, 0.67, 0.21],
							"lerp_mode": "catmullrom"
						},
						"1.8333": {
							"post": [2.17, 0.5, 0.065],
							"lerp_mode": "catmullrom"
						},
						"2.0667": {
							"post": [2.25, 0.23, 0.27],
							"lerp_mode": "catmullrom"
						},
						"2.1667": {
							"post": [2.33, -0.07, 0.34],
							"lerp_mode": "catmullrom"
						},
						"2.2333": {
							"post": [2.4025, -0.3, 0.39],
							"lerp_mode": "catmullrom"
						},
						"2.3": {
							"post": [1.88, -0.43, 0.41],
							"lerp_mode": "catmullrom"
						},
						"2.3333": {
							"post": [0.38, -0.43, 0.41],
							"lerp_mode": "catmullrom"
						},
						"2.4": {
							"post": [1.0675, -0.43, 0.41],
							"lerp_mode": "catmullrom"
						},
						"2.4667": {
							"post": [1.875, -0.43, 0.41],
							"lerp_mode": "catmullrom"
						},
						"2.5333": {
							"post": [2.23, -0.43, 0.41],
							"lerp_mode": "catmullrom"
						},
						"2.6667": {
							"post": [2.9375, -0.43, 0.41],
							"lerp_mode": "catmullrom"
						},
						"2.9333": {
							"post": [2.23, -0.43, 0.4],
							"lerp_mode": "catmullrom"
						},
						"3.2333": {
							"post": [2.27, -0.42, 0.39],
							"lerp_mode": "catmullrom"
						},
						"3.4667": {
							"post": [1.27, -0.41, 0.38],
							"lerp_mode": "catmullrom"
						},
						"3.6333": {
							"post": [1.705, -0.41, 0.37],
							"lerp_mode": "catmullrom"
						},
						"4.1667": {
							"post": [2.695, -0.39, 0.34],
							"lerp_mode": "catmullrom"
						},
						"4.4333": {
							"post": [2.27, -0.37, 0.33],
							"lerp_mode": "catmullrom"
						},
						"4.5": {
							"post": [2.2, -0.27, 0.41],
							"lerp_mode": "catmullrom"
						},
						"4.5333": {
							"post": [2.36, -0.09, 1.38],
							"lerp_mode": "catmullrom"
						},
						"4.5667": {
							"post": [2.16, -0.27, -0.055],
							"lerp_mode": "catmullrom"
						},
						"4.6333": {
							"post": [2.35, -0.38, 0.12],
							"lerp_mode": "catmullrom"
						},
						"4.6667": {
							"post": [2.56, -0.51, 0.71],
							"lerp_mode": "catmullrom"
						},
						"4.7333": {
							"post": [2.57, -0.66, 0.125],
							"lerp_mode": "catmullrom"
						},
						"4.9333": {
							"post": [2.25, 0.23, 0.27],
							"lerp_mode": "catmullrom"
						},
						"5.1": {
							"post": [2.33, -0.07, 0.34],
							"lerp_mode": "catmullrom"
						},
						"5.3333": {
							"post": [2.53, -0.81, 0.62],
							"lerp_mode": "catmullrom"
						},
						"5.4": {
							"post": [2.51, -0.84, 0.71],
							"lerp_mode": "catmullrom"
						},
						"5.4333": {
							"post": [2.5, -0.57, 1.6],
							"lerp_mode": "catmullrom"
						},
						"5.4667": {
							"post": [2.69, -0.49, 1.185],
							"lerp_mode": "catmullrom"
						},
						"5.5333": {
							"post": [2.5, -0.57, 0.07],
							"lerp_mode": "catmullrom"
						},
						"5.6": {
							"post": [1.96, -0.51, 1.025],
							"lerp_mode": "catmullrom"
						},
						"5.8": {
							"post": [1.14, -0.39, 0.41],
							"lerp_mode": "catmullrom"
						},
						"5.9667": {
							"post": [2.06, 0.62, -0.02],
							"lerp_mode": "catmullrom"
						},
						"6.9667": {
							"post": [1.7325, 0.89, 0.095],
							"lerp_mode": "catmullrom"
						},
						"7.1333": {
							"post": [2.2975, 0.88, -0.66],
							"lerp_mode": "catmullrom"
						},
						"7.2": {
							"post": [2.0275, 0.87, -0.845],
							"lerp_mode": "catmullrom"
						},
						"7.9667": {
							"post": [2.045, 0.89, 0.095],
							"lerp_mode": "catmullrom"
						},
						"8.1": {
							"post": [1.2975, 0.88, 0.5275],
							"lerp_mode": "catmullrom"
						},
						"8.3333": {
							"post": [2.0275, 0.87, 0.405],
							"lerp_mode": "catmullrom"
						},
						"9.0667": {
							"post": [1.9575, -0.14, 0.12],
							"lerp_mode": "catmullrom"
						},
						"9.5333": {
							"post": [0.97, -0.21, 0.12],
							"lerp_mode": "catmullrom"
						},
						"9.6": {
							"post": [-0.23, -0.04, -0.19],
							"lerp_mode": "catmullrom"
						},
						"9.6333": {
							"post": [-0.62, 0.015, 0.62],
							"lerp_mode": "catmullrom"
						},
						"9.7333": {
							"post": [-0.15, -0.005, -0.385],
							"lerp_mode": "catmullrom"
						},
						"9.8333": {
							"post": [0.18, -0.06, 0.06],
							"lerp_mode": "catmullrom"
						},
						"9.9333": {
							"post": [0, 0, 0],
							"lerp_mode": "catmullrom"
						}
					}
				}
			},
			"sound_effects": {
				"0.0": {
					"effect": "wfoly_plr_sh_oscar12_raise_up"
				},
				"0.6667": {
					"effect": "wfoly_plr_sh_oscar12_raise_up"
				},
				"1.1333": {
					"effect": "wfoly_plr_sh_oscar12_reload_drum_tilt"
				},
				"1.3333": {
					"effect": "wfoly_plr_sh_oscar12_reload_drum_drumout_01"
				},
				"2.0667": {
					"effect": "vlkrogue_drop_quick"
				},
				"2.5333": {
					"effect": "vlkrogue_reload_empty_arm_up"
				},
				"3.1667": {
					"effect": "wfoly_plr_sh_oscar12_reload_empty_tilt"
				},
				"3.8": {
					"effect": "weap_sh_oscar12_ads_down"
				},
				"4.3333": {
					"effect": "wfoly_plr_sh_oscar12_reload_drum_start"
				},
				"4.4667": {
					"effect": "vlkrogue_reload_empty_maghit"
				},
				"4.6667": {
					"effect": "wfoly_sh_dpapa12_reload_end_fast_load_01"
				},
				"5.3333": {
					"effect": "wfoly_sh_dpapa12_rechamber_chamber_v3_01c"
				},
				"5.5": {
					"effect": "wfoly_plr_sh_oscar12_ads_down_start"
				},
				"5.7333": {
					"effect": "vlkrogue_reload_empty_fast_rotate"
				},
				"6.9": {
					"effect": "wfoly_plr_sh_oscar12_reload_drum_start"
				},
				"7.0667": {
					"effect": "wfoly_sh_jak12_drop_quick"
				},
				"7.7": {
					"effect": "wfoly_plr_sh_oscar12_reload_empty_tilt"
				},
				"7.8667": {
					"effect": "wfoly_sh_jak12_drop_quick"
				},
				"9.0333": {
					"effect": "wfoly_plr_sh_oscar12_reload_drum_end"
				},
				"9.6": {
					"effect": "vlkrogue_drop"
				},
				"9.6333": {
					"effect": "vlkrogue_raise_quick"
				}
			}
		},
		"inspect_empty": {
			"animation_length": 10.2667,
			"bones": {
				"lefthand": {
					"rotation": {
						"0.0": [-246.10013, 369.09164, -245.79288],
						"0.3667": [-239.34267, 321.68082, -269.9746],
						"0.4667": [-239.34, 321.68, -269.97],
						"0.7333": [-239.34, 321.68, -269.97],
						"0.8667": [-247.42857, 307.62621, -189.19128],
						"0.9667": [-247.42857, 307.62621, -189.19128],
						"1.0667": [-247.15858, 307.3255, -177.15464],
						"1.2333": [-247.15858, 307.3255, -177.15464],
						"1.3667": [-233.02128, 314.38619, -195.74097],
						"1.4667": [-251.38497, 310.56376, -168.31057],
						"1.6": [-251.38497, 310.56376, -168.31057],
						"4.9333": [-260.02317, 309.71089, -162.24613],
						"5.0333": {
							"pre": [-254.35788, 341.91933, -178.37557],
							"post": [-254.35788, 341.91933, -178.37557],
							"lerp_mode": "catmullrom"
						},
						"5.2": {
							"post": [-242.85647, 328.35154, -189.42722],
							"lerp_mode": "catmullrom"
						},
						"5.3333": {
							"post": [-223.10013, 369.09164, -245.79288],
							"lerp_mode": "catmullrom"
						},
						"5.3667": {
							"post": [-231.23, 368.9, -246.29],
							"lerp_mode": "catmullrom"
						},
						"5.5": {
							"post": [-235.60013, 395.09164, -245.79288],
							"lerp_mode": "catmullrom"
						},
						"5.8333": {
							"post": [-246.23418, 353.06361, -252.84233],
							"lerp_mode": "catmullrom"
						},
						"6.0333": {
							"post": [-233.68111, 312.48845, -278.25857],
							"lerp_mode": "catmullrom"
						},
						"6.2": {
							"post": [-235.49987, 314.93404, -275.74318],
							"lerp_mode": "catmullrom"
						},
						"9.1667": {
							"post": [-235.49987, 314.93404, -275.74318],
							"lerp_mode": "catmullrom"
						},
						"9.3667": [-246.10013, 369.09164, -245.79288]
					},
					"position": {
						"0.0": [8.75, -13.6875, -3.375],
						"0.3667": [7.05871, -29.6414, 5.61536],
						"0.4667": [4.10176, -32.32762, 9.97913],
						"0.7333": [4.10176, -32.32762, 9.97913],
						"0.8667": [6.68941, -15.30675, 6.18542],
						"0.9667": [6.68941, -15.30675, 6.18542],
						"1.0667": [6.31441, -16.49425, 7.12292],
						"1.2333": [6.31441, -16.49425, 7.12292],
						"1.3667": [6.31441, -16.49425, 8.31042],
						"1.4667": [6.28, -15.0125, 8.85],
						"1.6": [6.28, -15.0125, 8.85],
						"4.9333": [6.28, -15.0125, 8.7875],
						"5.0333": {
							"pre": [7.6625, -15.93, 7.76],
							"post": [7.6625, -15.93, 7.76],
							"lerp_mode": "catmullrom"
						},
						"5.2": {
							"post": [7, -15.81, 7.2525],
							"lerp_mode": "catmullrom"
						},
						"5.3333": {
							"post": [7.5, -16.185, 5.815],
							"lerp_mode": "catmullrom"
						},
						"5.3667": {
							"post": [8.16, -16.63, 3.35],
							"lerp_mode": "catmullrom"
						},
						"5.5": {
							"post": [8.75, -18.56, 2.565],
							"lerp_mode": "catmullrom"
						},
						"5.7667": {
							"post": [8.75, -14.0625, -1.3125],
							"lerp_mode": "catmullrom"
						},
						"9.1333": {
							"post": [8.75, -14.0625, -1.3125],
							"lerp_mode": "catmullrom"
						},
						"9.3667": [8.75, -13.6875, -3.375]
					},
					"scale": [1, 1.5, 1]
				},
				"righthand": {
					"rotation": {
						"0.0": [107.9242, -2.42784, -85.91846],
						"0.2667": [97.92, -2.43, -85.92],
						"5.8667": [97.92, -2.43, -85.92],
						"6.0333": {
							"pre": [83.39268, -6.81958, -46.26024],
							"post": [83.39268, -6.81958, -46.26024],
							"lerp_mode": "catmullrom"
						},
						"6.4333": {
							"post": [65.50255, 41.77601, -144.00428],
							"lerp_mode": "catmullrom"
						},
						"6.7333": {
							"post": [65.50255, 41.77601, -144.00428],
							"lerp_mode": "catmullrom"
						},
						"6.9333": [63.63295, -4.88835, -146.40635],
						"7.0667": {
							"pre": [63.63295, -4.88835, -146.40635],
							"post": [63.63295, -4.88835, -146.40635],
							"lerp_mode": "catmullrom"
						},
						"7.1333": [64.83, -7.57, -152.51],
						"7.2": [65.69, -9.5, -156.92],
						"7.2667": [65.69, -9.5, -156.92],
						"7.3667": {
							"pre": [69.11563, -17.16054, -174.36643],
							"post": [69.11563, -17.16054, -174.36643],
							"lerp_mode": "catmullrom"
						},
						"7.8": {
							"post": [69.11563, -17.16054, -174.36643],
							"lerp_mode": "catmullrom"
						},
						"7.9333": [67.79, -14.19, -167.6],
						"8.0333": [66.62, -11.57, -161.63],
						"8.1333": [65.31, -8.64, -154.95],
						"8.2667": [63.63295, -4.88835, -146.40635],
						"8.4": [63.63295, -4.88835, -146.40635],
						"8.4667": [46.13295, -4.88835, -146.40635],
						"9.3333": [107.9242, -2.42784, -85.91846]
					},
					"position": {
						"0.0": [-7, -13.9375, 2.625],
						"0.2667": [-8.9375, -13.94, 1.5675],
						"5.8667": [-8.9375, -13.94, 1.5675],
						"6.0": {
							"pre": [-9.62837, -19.14322, 5.55273],
							"post": [-9.62837, -19.14322, 5.55273],
							"lerp_mode": "catmullrom"
						},
						"6.3667": {
							"post": [2.45947, -23.02157, 19.08273],
							"lerp_mode": "catmullrom"
						},
						"6.6667": {
							"post": [2.45947, -23.02157, 19.08273],
							"lerp_mode": "catmullrom"
						},
						"6.9": [-8.68839, -13.98642, 10.59797],
						"7.0667": [-8.68839, -13.98642, 10.59797],
						"7.1333": [-7.7, -14.65, 10.5],
						"7.2": [-7.2, -14.98, 10.45],
						"7.2667": [-7.2, -14.98, 10.45],
						"7.3667": {
							"pre": [-6.30389, -15.57495, 10.35501],
							"post": [-6.30389, -15.57495, 10.35501],
							"lerp_mode": "catmullrom"
						},
						"7.7667": {
							"post": [-6.30389, -15.57495, 10.35501],
							"lerp_mode": "catmullrom"
						},
						"7.9333": [-7.08, -15.06, 10.43],
						"8.0333": [-7.61, -14.7, 10.49],
						"8.1333": [-8.18, -14.32, 10.55],
						"8.2333": [-8.68839, -13.98642, 10.59797],
						"8.4": [-8.68839, -13.98642, 10.59797],
						"8.4667": [-9.36343, -15.23236, 12.41678],
						"9.2": [-9.53029, -15.58395, 13.71806],
						"9.3333": [-7, -13.9375, 2.625]
					},
					"scale": [1, 1.5, 1]
				},
				"root": {
					"rotation": {
						"0.0": [0, 0, 0],
						"0.1667": {
							"pre": [5, 0, 5],
							"post": [5, 0, 5],
							"lerp_mode": "catmullrom"
						},
						"0.4333": {
							"post": [-27.51117, -38.66673, -43.19885],
							"lerp_mode": "catmullrom"
						},
						"0.6333": {
							"post": [-26.8305, -35.88568, -39.43009],
							"lerp_mode": "catmullrom"
						},
						"0.8": {
							"post": [-24.53024, -35.65129, -40.9693],
							"lerp_mode": "catmullrom"
						},
						"0.9333": {
							"post": [-25.43611, -35.92782, -42.17883],
							"lerp_mode": "catmullrom"
						},
						"1.0333": {
							"post": [-27.59494, -33.72436, -36.70858],
							"lerp_mode": "catmullrom"
						},
						"1.1": {
							"post": [-22.46328, -35.87419, -42.20508],
							"lerp_mode": "catmullrom"
						},
						"1.2333": {
							"post": [-25.43268, -34.68155, -38.83101],
							"lerp_mode": "catmullrom"
						},
						"1.4": {
							"post": [-22.82756, -36.31777, -43.3152],
							"lerp_mode": "catmullrom"
						},
						"1.5": {
							"post": [-20.66324, -36.14382, -43.40941],
							"lerp_mode": "catmullrom"
						},
						"1.5333": {
							"post": [-22.65917, -35.03608, -39.98068],
							"lerp_mode": "catmullrom"
						},
						"1.6": {
							"post": [-33.65628, -25.80695, -20.65502],
							"lerp_mode": "catmullrom"
						},
						"1.7333": {
							"post": [-20.6191, -35.74406, -42.27827],
							"lerp_mode": "catmullrom"
						},
						"1.9": {
							"post": [-26.65595, -33.8033, -36.6573],
							"lerp_mode": "catmullrom"
						},
						"2.1667": {
							"post": [-24.80116, -35.10604, -39.93492],
							"lerp_mode": "catmullrom"
						},
						"2.2667": {
							"post": [-24.84, -35.17, -39.97],
							"lerp_mode": "catmullrom"
						},
						"2.4": {
							"post": [-25.58866, -34.79829, -38.82917],
							"lerp_mode": "catmullrom"
						},
						"2.5667": {
							"post": [-23.79194, -36.1346, -42.1403],
							"lerp_mode": "catmullrom"
						},
						"3.1333": {
							"post": [-24.8843, -35.86463, -40.81069],
							"lerp_mode": "catmullrom"
						},
						"3.3667": {
							"post": [-27.5237, -34.22606, -36.48877],
							"lerp_mode": "catmullrom"
						},
						"4.0": {
							"post": [-27.5237, -34.22606, -36.48877],
							"lerp_mode": "catmullrom"
						},
						"4.2333": {
							"post": [-17.64689, -41.43652, -56.59712],
							"lerp_mode": "catmullrom"
						},
						"4.4667": {
							"post": [-20.11094, -41.09548, -54.29691],
							"lerp_mode": "catmullrom"
						},
						"4.5667": {
							"post": [-24.35006, -37.95699, -44.32112],
							"lerp_mode": "catmullrom"
						},
						"4.7": {
							"post": [-22.51564, -39.54399, -48.72911],
							"lerp_mode": "catmullrom"
						},
						"4.7333": {
							"post": [-19.7998, -37.50309, -41.85343],
							"lerp_mode": "catmullrom"
						},
						"4.8667": {
							"post": [-23.78905, -38.38719, -45.16645],
							"lerp_mode": "catmullrom"
						},
						"4.9667": {
							"post": [-26.29458, -35.93317, -41.42168],
							"lerp_mode": "catmullrom"
						},
						"5.1667": {
							"post": [-22.36895, -35.82078, -39.2007],
							"lerp_mode": "catmullrom"
						},
						"5.3333": {
							"post": [-26.04924, -37.68724, -42.43985],
							"lerp_mode": "catmullrom"
						},
						"5.3667": {
							"post": [-35.30861, -33.09831, -34.86417],
							"lerp_mode": "catmullrom"
						},
						"5.4667": {
							"post": [-33.75122, -30.37323, -33.97212],
							"lerp_mode": "catmullrom"
						},
						"5.6": {
							"post": [-35.32005, -26.6593, -33.90325],
							"lerp_mode": "catmullrom"
						},
						"5.8333": [-37.58363, -11.5952, 1.18995],
						"6.0333": {
							"pre": [-30.64853, 29.62047, 72.80258],
							"post": [-30.64853, 29.62047, 72.80258],
							"lerp_mode": "catmullrom"
						},
						"6.2667": {
							"post": [-27.64853, 29.62047, 72.80258],
							"lerp_mode": "catmullrom"
						},
						"6.4667": {
							"post": [-28.64853, 29.62047, 72.80258],
							"lerp_mode": "catmullrom"
						},
						"6.7": {
							"post": [-28.64853, 29.62047, 72.80258],
							"lerp_mode": "catmullrom"
						},
						"6.8333": {
							"post": [-25.64853, 29.62047, 72.80258],
							"lerp_mode": "catmullrom"
						},
						"6.9667": {
							"post": [-30.64853, 29.62047, 72.80258],
							"lerp_mode": "catmullrom"
						},
						"7.0667": {
							"post": [-25.5726, 31.5368, 76.88142],
							"lerp_mode": "catmullrom"
						},
						"7.3333": {
							"post": [-31.52696, 27.58415, 68.88057],
							"lerp_mode": "catmullrom"
						},
						"7.4667": {
							"post": [-30.61215, 28.61642, 70.82257],
							"lerp_mode": "catmullrom"
						},
						"7.7667": {
							"post": [-30.61215, 28.61642, 70.82257],
							"lerp_mode": "catmullrom"
						},
						"8.1667": {
							"post": [-28.63551, 30.59453, 74.82184],
							"lerp_mode": "catmullrom"
						},
						"8.3": {
							"post": [-30.13648, 29.12208, 71.80774],
							"lerp_mode": "catmullrom"
						},
						"8.5": {
							"post": [-30.13648, 29.12208, 71.80774],
							"lerp_mode": "catmullrom"
						},
						"9.1667": {
							"post": [-30.13648, 29.12208, 71.80774],
							"lerp_mode": "catmullrom"
						},
						"9.3667": {
							"post": [-14.33501, 4.46375, 16.93839],
							"lerp_mode": "catmullrom"
						},
						"9.5": {
							"post": [-1.75126, 3.34781, 12.70379],
							"lerp_mode": "catmullrom"
						},
						"9.6333": {
							"post": [-1.99513, -0.13948, -3.99757],
							"lerp_mode": "catmullrom"
						},
						"9.8": {
							"post": [0, 0, 1],
							"lerp_mode": "catmullrom"
						},
						"9.9667": {
							"post": [0, 0, 0],
							"lerp_mode": "catmullrom"
						}
					},
					"position": {
						"0.0": [0, 0, 0],
						"0.1": {
							"pre": [0, -0.1875, 0],
							"post": [0, -0.1875, 0],
							"lerp_mode": "catmullrom"
						},
						"0.4": {
							"post": [0, 4.375, -0.9375],
							"lerp_mode": "catmullrom"
						},
						"0.6": {
							"post": [0, 3.9375, -0.5625],
							"lerp_mode": "catmullrom"
						},
						"0.7667": {
							"post": [0, 3.75, -0.625],
							"lerp_mode": "catmullrom"
						},
						"0.9": {
							"post": [0, 3.9125, -0.61],
							"lerp_mode": "catmullrom"
						},
						"1.0": {
							"post": [0, 3.7325, -0.62],
							"lerp_mode": "catmullrom"
						},
						"1.1": {
							"post": [0, 3.365, -0.62],
							"lerp_mode": "catmullrom"
						},
						"1.2": {
							"post": [0, 3.5575, -0.62],
							"lerp_mode": "catmullrom"
						},
						"1.3667": {
							"post": [0, 3.5575, -0.62],
							"lerp_mode": "catmullrom"
						},
						"1.4667": {
							"post": [0, 3.5825, -0.61],
							"lerp_mode": "catmullrom"
						},
						"1.5333": {
							"post": [0, 3.5825, -0.61],
							"lerp_mode": "catmullrom"
						},
						"1.5667": {
							"post": [0, 3.2675, -0.61],
							"lerp_mode": "catmullrom"
						},
						"1.7": {
							"post": [0, 3.4625, -0.61],
							"lerp_mode": "catmullrom"
						},
						"1.8667": {
							"post": [0, 3.5575, -0.62],
							"lerp_mode": "catmullrom"
						},
						"2.0667": {
							"post": [0, 3.5575, -0.62],
							"lerp_mode": "catmullrom"
						},
						"2.2667": {
							"post": [0.02451, 3.71332, -0.76909],
							"lerp_mode": "catmullrom"
						},
						"2.4": {
							"post": [0.01814, 3.6912, -0.73629],
							"lerp_mode": "catmullrom"
						},
						"2.5667": {
							"post": [-0.0123, 3.60462, -0.60532],
							"lerp_mode": "catmullrom"
						},
						"3.0667": {
							"post": [-0.00205, 3.70163, -0.66593],
							"lerp_mode": "catmullrom"
						},
						"3.3": {
							"post": [-0.02789, 3.64824, -0.55417],
							"lerp_mode": "catmullrom"
						},
						"3.8667": {
							"post": [-0.02317, 3.73358, -0.59348],
							"lerp_mode": "catmullrom"
						},
						"4.2": {
							"post": [-0.02, 3.82, -0.64],
							"lerp_mode": "catmullrom"
						},
						"4.4": {
							"post": [-0.00469, 4.02128, -0.813],
							"lerp_mode": "catmullrom"
						},
						"4.5333": {
							"post": [-0.05752, 4.0488, -0.79409],
							"lerp_mode": "catmullrom"
						},
						"4.6667": {
							"post": [0.05432, 4.01399, -0.85008],
							"lerp_mode": "catmullrom"
						},
						"4.7333": {
							"post": [-0.10387, 4.1239, -0.79839],
							"lerp_mode": "catmullrom"
						},
						"4.8": {
							"post": [0.10638, 4.01312, -0.87904],
							"lerp_mode": "catmullrom"
						},
						"4.9333": {
							"post": [0.09196, 3.7549, -0.61778],
							"lerp_mode": "catmullrom"
						},
						"5.1333": {
							"post": [0.23102, 3.67253, -0.70219],
							"lerp_mode": "catmullrom"
						},
						"5.3": {
							"post": [0.20048, 4.01399, -0.97731],
							"lerp_mode": "catmullrom"
						},
						"5.5667": {
							"post": [-0.125, 4, -0.62],
							"lerp_mode": "catmullrom"
						},
						"5.7333": [0.52, 2.875, -0.7],
						"5.9667": {
							"pre": [2.5625, 4, -1.3075],
							"post": [2.5625, 4, -1.3075],
							"lerp_mode": "catmullrom"
						},
						"6.1667": {
							"post": [2.1875, 4, -0.995],
							"lerp_mode": "catmullrom"
						},
						"6.4": {
							"post": [2.3125, 4, -0.995],
							"lerp_mode": "catmullrom"
						},
						"6.6333": {
							"post": [2.3125, 4, -0.995],
							"lerp_mode": "catmullrom"
						},
						"6.8": {
							"post": [2.22195, 3.827, -0.74511],
							"lerp_mode": "catmullrom"
						},
						"6.9333": {
							"post": [2.40063, 4.10846, -1.12394],
							"lerp_mode": "catmullrom"
						},
						"7.0333": {
							"post": [2.37742, 4.07519, -1.07326],
							"lerp_mode": "catmullrom"
						},
						"7.3": {
							"post": [2.34191, 4.01863, -1.13115],
							"lerp_mode": "catmullrom"
						},
						"7.4333": {
							"post": [2.3592, 3.96674, -1.16147],
							"lerp_mode": "catmullrom"
						},
						"7.7333": {
							"post": [2.3592, 3.96674, -1.16147],
							"lerp_mode": "catmullrom"
						},
						"8.1333": {
							"post": [2.35073, 4.17392, -1.01273],
							"lerp_mode": "catmullrom"
						},
						"8.4333": {
							"post": [2.36194, 4.12193, -1.04589],
							"lerp_mode": "catmullrom"
						},
						"9.1": {
							"post": [2.37909, 4.07007, -1.07626],
							"lerp_mode": "catmullrom"
						},
						"9.3333": {
							"post": [-0.34177, -0.69864, -0.23505],
							"lerp_mode": "catmullrom"
						},
						"9.4333": {
							"post": [-0.01868, 0.24324, -1.22596],
							"lerp_mode": "catmullrom"
						},
						"9.6": {
							"post": [0, 0, 0.1875],
							"lerp_mode": "catmullrom"
						},
						"9.7333": {
							"post": [0, 0, -0.06],
							"lerp_mode": "catmullrom"
						},
						"9.9": {
							"post": [0, 0, 0],
							"lerp_mode": "catmullrom"
						}
					}
				},
				"mag_and_lefthand": {
					"rotation": {
						"1.5333": [0, 0, 0],
						"1.7333": [0, 0, 0],
						"1.8": [0, 0, 0],
						"2.2": {
							"pre": [17.6212, -32.65048, -4.80676],
							"post": [17.6212, -32.65048, -4.80676],
							"lerp_mode": "catmullrom"
						},
						"2.2667": {
							"post": [15.57182, -35.09355, -3.29377],
							"lerp_mode": "catmullrom"
						},
						"2.3667": {
							"post": [12.2342, -33.62567, -3.41177],
							"lerp_mode": "catmullrom"
						},
						"2.5": {
							"post": [11.52488, -32.50945, -1.17296],
							"lerp_mode": "catmullrom"
						},
						"2.5667": {
							"post": [5.66084, -29.60477, -4.06146],
							"lerp_mode": "catmullrom"
						},
						"2.7333": {
							"post": [6.15103, -29.94395, -3.85536],
							"lerp_mode": "catmullrom"
						},
						"3.2667": {
							"post": [6.19374, -32.2057, -2.17944],
							"lerp_mode": "catmullrom"
						},
						"3.5": {
							"post": [57.4881, -57.54421, 13.10876],
							"lerp_mode": "catmullrom"
						},
						"4.0": [57.4881, -57.54421, 13.10876],
						"4.2333": {
							"pre": [-17.13549, -23.13474, -14.79801],
							"post": [-17.13549, -23.13474, -14.79801],
							"lerp_mode": "catmullrom"
						},
						"4.5333": [0, 0, 0],
						"4.6667": [0, 0, 0],
						"4.7333": [0, 0, 0],
						"5.7": [0, 0, 0]
					},
					"position": {
						"1.5333": [0, 0, 0],
						"1.7333": [0, -6, 0],
						"1.8": [0, -9, 3],
						"2.2": {
							"pre": [-0.3497, -10.04985, -1.38122],
							"post": [-0.3497, -10.04985, -1.38122],
							"lerp_mode": "catmullrom"
						},
						"2.2667": {
							"post": [2.82827, -6.81935, -5.49954],
							"lerp_mode": "catmullrom"
						},
						"2.3667": {
							"post": [2.34148, -7.31451, -4.87412],
							"lerp_mode": "catmullrom"
						},
						"2.4667": {
							"post": [1.53525, -8.13619, -3.8143],
							"lerp_mode": "catmullrom"
						},
						"2.5333": {
							"post": [0.45144, -9.23913, -2.37477],
							"lerp_mode": "catmullrom"
						},
						"2.7": {
							"post": [1.7369, -7.94017, -4.05725],
							"lerp_mode": "catmullrom"
						},
						"2.9333": {
							"post": [1.95342, -7.71735, -4.34151],
							"lerp_mode": "catmullrom"
						},
						"3.2333": {
							"post": [1.96368, -7.71331, -4.35997],
							"lerp_mode": "catmullrom"
						},
						"3.7667": {
							"post": [2.17974, -7.48615, -4.65406],
							"lerp_mode": "catmullrom"
						},
						"3.9667": [1.96368, -7.71331, -4.35997],
						"4.3333": {
							"pre": [-2.4099, -12.1384, 1.523],
							"post": [-2.4099, -12.1384, 1.523],
							"lerp_mode": "catmullrom"
						},
						"4.5333": [0, -0.5625, 0],
						"4.6667": [0, -0.5625, 0],
						"4.7333": [0, 0, 0],
						"5.7": [0, 0, 0]
					}
				},
				"mag_and_bullet": {
					"rotation": {
						"1.7667": [0, 0, 0],
						"1.8": [40.243, -13.59742, -10.36779],
						"2.2": {
							"pre": [40.24, -13.6, -10.37],
							"post": [40.24, -13.6, -10.37],
							"lerp_mode": "catmullrom"
						},
						"2.3667": {
							"post": [76.58441, -18.13664, 3.52905],
							"lerp_mode": "catmullrom"
						},
						"2.4667": {
							"post": [87.46091, -23.57281, 8.46086],
							"lerp_mode": "catmullrom"
						},
						"2.5333": [85.15531, -25.13248, 17.38636],
						"3.2667": [85.16, -25.13, 17.39],
						"3.4667": [98.90121, -30.95337, 2.94048],
						"4.0": [98.90121, -30.95337, 2.94048],
						"4.2": [0, 0, 0],
						"7.1": [0, 0, 0],
						"7.1667": [0, 0, -21],
						"7.2333": [0, 0, -35],
						"7.3": [0, 0, -49],
						"7.4": [0, 0, -74],
						"7.5": [0, 0, -63],
						"7.7667": [0, 0, -63],
						"7.8333": [0, 0, -63],
						"7.9": [0, 0, -45.63],
						"8.0": [0, 0, -30.42],
						"8.1": [0, 0, -15.21],
						"8.2": [0, 0, 9],
						"8.2667": [0, 0, 0]
					},
					"position": {
						"1.7667": [0, 0, 0],
						"1.8": [0.09977, 0.3465, -0.66355],
						"2.2": {
							"pre": [0.1, 0.35, -0.66],
							"post": [0.1, 0.35, -0.66],
							"lerp_mode": "catmullrom"
						},
						"2.3333": {
							"post": [0.80209, 5.45211, -5.75639],
							"lerp_mode": "catmullrom"
						},
						"2.4333": {
							"post": [0.66572, 4.0784, -4.13373],
							"lerp_mode": "catmullrom"
						},
						"2.5333": [-0.03426, 0.64958, -0.45393],
						"3.2667": [-0.03, 0.65, -0.45],
						"3.4667": [-0.01, 0.77, -0.6575],
						"3.9667": [-0.01, 0.77, -0.6575],
						"4.1667": [0, 0, 0],
						"7.1": [0, 0, 0],
						"7.1667": [0, 0, 0],
						"7.2333": [0, 0, 0],
						"7.3": [0, 0, 0],
						"7.4": [0, 0, 0],
						"7.8333": [0, 0, 0],
						"7.9": [0, 0, 0],
						"8.0": [0, 0, 0],
						"8.1": [0, 0, 0],
						"8.2": [0, 0, 0],
						"8.2667": [0, 0, 0]
					}
				},
				"release": {
					"rotation": {
						"0.9667": [0, 0, 0],
						"1.0667": [107.5, 0, 0],
						"5.3": [107.5, 0, 0],
						"5.3667": [0, 0, 0]
					}
				},
				"camera": {
					"rotation": {
						"0.0": {
							"post": [0, 0, 0],
							"lerp_mode": "catmullrom"
						},
						"0.0667": {
							"post": [-0.32, 0, 0.39],
							"lerp_mode": "catmullrom"
						},
						"0.1667": {
							"post": [0.3, 0.25, 0.22],
							"lerp_mode": "catmullrom"
						},
						"0.3333": {
							"post": [2.235, 0.82, -0.24],
							"lerp_mode": "catmullrom"
						},
						"0.5": {
							"post": [2.085, 0.9, -0.34],
							"lerp_mode": "catmullrom"
						},
						"0.5667": {
							"post": [2.25, 0.91, -0.37],
							"lerp_mode": "catmullrom"
						},
						"0.6667": {
							"post": [2.1, 0.9025, -0.335],
							"lerp_mode": "catmullrom"
						},
						"0.9": {
							"post": [1.7325, 0.89, 0.095],
							"lerp_mode": "catmullrom"
						},
						"1.0667": {
							"post": [2.2975, 0.88, -0.5975],
							"lerp_mode": "catmullrom"
						},
						"1.1333": {
							"post": [2.0275, 0.87, 0.2175],
							"lerp_mode": "catmullrom"
						},
						"1.4667": {
							"post": [2.4, 0.81, -0.07],
							"lerp_mode": "catmullrom"
						},
						"1.5333": {
							"post": [2.06, 0.62, -0.02],
							"lerp_mode": "catmullrom"
						},
						"1.6": {
							"post": [1.99, 0.01, -1.15],
							"lerp_mode": "catmullrom"
						},
						"1.6333": {
							"post": [1.95, 0.27, 0.505],
							"lerp_mode": "catmullrom"
						},
						"1.7": {
							"post": [1.89, 0.49, -0.46],
							"lerp_mode": "catmullrom"
						},
						"1.7667": {
							"post": [2.1, 0.67, 0.21],
							"lerp_mode": "catmullrom"
						},
						"1.8333": {
							"post": [2.17, 0.5, 0.065],
							"lerp_mode": "catmullrom"
						},
						"2.0667": {
							"post": [2.25, 0.23, 0.27],
							"lerp_mode": "catmullrom"
						},
						"2.1667": {
							"post": [2.33, -0.07, 0.34],
							"lerp_mode": "catmullrom"
						},
						"2.2333": {
							"post": [2.4025, -0.3, 0.39],
							"lerp_mode": "catmullrom"
						},
						"2.3": {
							"post": [1.88, -0.43, 0.41],
							"lerp_mode": "catmullrom"
						},
						"2.3333": {
							"post": [0.38, -0.43, 0.41],
							"lerp_mode": "catmullrom"
						},
						"2.4": {
							"post": [1.0675, -0.43, 0.41],
							"lerp_mode": "catmullrom"
						},
						"2.4667": {
							"post": [1.875, -0.43, 0.41],
							"lerp_mode": "catmullrom"
						},
						"2.5333": {
							"post": [2.23, -0.43, 0.41],
							"lerp_mode": "catmullrom"
						},
						"2.6667": {
							"post": [2.9375, -0.43, 0.41],
							"lerp_mode": "catmullrom"
						},
						"2.9333": {
							"post": [2.23, -0.43, 0.4],
							"lerp_mode": "catmullrom"
						},
						"3.2333": {
							"post": [2.27, -0.42, 0.39],
							"lerp_mode": "catmullrom"
						},
						"3.4667": {
							"post": [1.27, -0.41, 0.38],
							"lerp_mode": "catmullrom"
						},
						"3.6333": {
							"post": [1.705, -0.41, 0.37],
							"lerp_mode": "catmullrom"
						},
						"4.1667": {
							"post": [2.695, -0.39, 0.34],
							"lerp_mode": "catmullrom"
						},
						"4.4333": {
							"post": [2.27, -0.37, 0.33],
							"lerp_mode": "catmullrom"
						},
						"4.5": {
							"post": [2.2, -0.27, 0.41],
							"lerp_mode": "catmullrom"
						},
						"4.5333": {
							"post": [2.36, -0.09, 1.38],
							"lerp_mode": "catmullrom"
						},
						"4.5667": {
							"post": [2.16, -0.27, -0.055],
							"lerp_mode": "catmullrom"
						},
						"4.6333": {
							"post": [2.35, -0.38, 0.12],
							"lerp_mode": "catmullrom"
						},
						"4.6667": {
							"post": [2.56, -0.51, 0.71],
							"lerp_mode": "catmullrom"
						},
						"4.7333": {
							"post": [2.57, -0.66, 0.125],
							"lerp_mode": "catmullrom"
						},
						"4.9333": {
							"post": [2.25, 0.23, 0.27],
							"lerp_mode": "catmullrom"
						},
						"5.1": {
							"post": [2.33, -0.07, 0.34],
							"lerp_mode": "catmullrom"
						},
						"5.3333": {
							"post": [2.53, -0.81, 0.62],
							"lerp_mode": "catmullrom"
						},
						"5.4": {
							"post": [2.51, -0.84, 0.71],
							"lerp_mode": "catmullrom"
						},
						"5.4333": {
							"post": [2.5, -0.57, 1.6],
							"lerp_mode": "catmullrom"
						},
						"5.4667": {
							"post": [2.69, -0.49, 1.185],
							"lerp_mode": "catmullrom"
						},
						"5.5333": {
							"post": [2.5, -0.57, 0.07],
							"lerp_mode": "catmullrom"
						},
						"5.6": {
							"post": [1.96, -0.51, 1.025],
							"lerp_mode": "catmullrom"
						},
						"5.8": {
							"post": [1.14, -0.39, 0.41],
							"lerp_mode": "catmullrom"
						},
						"5.9667": {
							"post": [2.06, 0.62, -0.02],
							"lerp_mode": "catmullrom"
						},
						"6.9667": {
							"post": [1.7325, 0.89, 0.095],
							"lerp_mode": "catmullrom"
						},
						"7.1333": {
							"post": [2.2975, 0.88, -0.66],
							"lerp_mode": "catmullrom"
						},
						"7.2": {
							"post": [2.0275, 0.87, -0.845],
							"lerp_mode": "catmullrom"
						},
						"7.9667": {
							"post": [2.045, 0.89, 0.095],
							"lerp_mode": "catmullrom"
						},
						"8.1": {
							"post": [1.2975, 0.88, 0.5275],
							"lerp_mode": "catmullrom"
						},
						"8.3333": {
							"post": [2.0275, 0.87, 0.405],
							"lerp_mode": "catmullrom"
						},
						"9.0667": {
							"post": [1.9575, -0.14, 0.12],
							"lerp_mode": "catmullrom"
						},
						"9.5333": {
							"post": [0.97, -0.21, 0.12],
							"lerp_mode": "catmullrom"
						},
						"9.6": {
							"post": [-0.23, -0.04, -0.19],
							"lerp_mode": "catmullrom"
						},
						"9.6333": {
							"post": [-0.62, 0.015, 0.62],
							"lerp_mode": "catmullrom"
						},
						"9.7333": {
							"post": [-0.15, -0.005, -0.385],
							"lerp_mode": "catmullrom"
						},
						"9.8333": {
							"post": [0.18, -0.06, 0.06],
							"lerp_mode": "catmullrom"
						},
						"9.9333": {
							"post": [0, 0, 0],
							"lerp_mode": "catmullrom"
						}
					}
				}
			},
			"sound_effects": {
				"0.0": {
					"effect": "wfoly_plr_sh_oscar12_raise_up"
				},
				"0.6667": {
					"effect": "wfoly_plr_sh_oscar12_raise_up"
				},
				"1.1333": {
					"effect": "wfoly_plr_sh_oscar12_reload_drum_tilt"
				},
				"1.3333": {
					"effect": "wfoly_plr_sh_oscar12_reload_drum_drumout_01"
				},
				"2.0667": {
					"effect": "vlkrogue_drop_quick"
				},
				"2.5333": {
					"effect": "vlkrogue_reload_empty_arm_up"
				},
				"3.1667": {
					"effect": "wfoly_plr_sh_oscar12_reload_empty_tilt"
				},
				"3.8": {
					"effect": "weap_sh_oscar12_ads_down"
				},
				"4.3333": {
					"effect": "wfoly_plr_sh_oscar12_reload_drum_start"
				},
				"4.4667": {
					"effect": "vlkrogue_reload_empty_maghit"
				},
				"4.6667": {
					"effect": "wfoly_sh_dpapa12_reload_end_fast_load_01"
				},
				"5.3333": {
					"effect": "wfoly_sh_dpapa12_rechamber_chamber_v3_01c"
				},
				"5.5": {
					"effect": "wfoly_plr_sh_oscar12_ads_down_start"
				},
				"5.7333": {
					"effect": "vlkrogue_reload_empty_fast_rotate"
				},
				"6.9": {
					"effect": "wfoly_plr_sh_oscar12_reload_drum_start"
				},
				"7.0667": {
					"effect": "wfoly_sh_jak12_drop_quick"
				},
				"7.7": {
					"effect": "wfoly_plr_sh_oscar12_reload_empty_tilt"
				},
				"7.8667": {
					"effect": "wfoly_sh_jak12_drop_quick"
				},
				"9.0333": {
					"effect": "wfoly_plr_sh_oscar12_reload_drum_end"
				},
				"9.6": {
					"effect": "vlkrogue_drop"
				},
				"9.6333": {
					"effect": "vlkrogue_raise_quick"
				}
			}
		},
		"reload_tactical": {
			"animation_length": 3.7,
			"bones": {
				"root": {
					"rotation": {
						"0.0": {
							"post": [0, 0, 0],
							"lerp_mode": "catmullrom"
						},
						"0.075": {
							"post": [1.99726, -0.10465, 2.99818],
							"lerp_mode": "catmullrom"
						},
						"0.225": {
							"post": [-20.96986, -14.39184, -23.51572],
							"lerp_mode": "catmullrom"
						},
						"0.325": {
							"post": [-38.462, -23.26068, -33.04157],
							"lerp_mode": "catmullrom"
						},
						"0.45": {
							"post": [-40.25699, -24.23134, -34.88716],
							"lerp_mode": "catmullrom"
						},
						"0.475": {
							"post": [-41.83, -20.62, -30.55],
							"lerp_mode": "catmullrom"
						},
						"0.5": {
							"post": [-41.7, -20.26, -30.24],
							"lerp_mode": "catmullrom"
						},
						"0.55": {
							"post": [-38.38, -19.23, -28.41],
							"lerp_mode": "catmullrom"
						},
						"0.6": {
							"post": [-39.1, -18.7, -28.97],
							"lerp_mode": "catmullrom"
						},
						"0.7": {
							"post": [-38.21676, -17.92485, -27.79612],
							"lerp_mode": "catmullrom"
						},
						"0.825": {
							"post": [-36.79125, -26.28737, -30.15699],
							"lerp_mode": "catmullrom"
						},
						"0.925": {
							"post": [-36.79125, -26.28737, -30.15699],
							"lerp_mode": "catmullrom"
						},
						"1.075": {
							"post": [-33.554, -27.99944, -38.667],
							"lerp_mode": "catmullrom"
						},
						"1.2": {
							"post": [-34.72039, -25.06385, -34.08279],
							"lerp_mode": "catmullrom"
						},
						"1.3": {
							"post": [-31.25898, -29.42673, -41.62963],
							"lerp_mode": "catmullrom"
						},
						"1.325": {
							"post": [-36.41129, -30.80318, -43.34899],
							"lerp_mode": "catmullrom"
						},
						"1.375": {
							"post": [-37.98469, -23.60156, -31.34835],
							"lerp_mode": "catmullrom"
						},
						"1.5": {
							"post": [-29.94977, -25.56934, -33.85634],
							"lerp_mode": "catmullrom"
						},
						"1.675": {
							"post": [-33.29881, -24.87307, -33.02941],
							"lerp_mode": "catmullrom"
						},
						"1.8": {
							"post": [-23.1072, -31.61716, -54.68177],
							"lerp_mode": "catmullrom"
						},
						"1.95": {
							"post": [-23.1072, -31.61716, -54.68177],
							"lerp_mode": "catmullrom"
						},
						"2.025": {
							"post": [-23.11279, -26.8173, -40.82795],
							"lerp_mode": "catmullrom"
						},
						"2.1": {
							"post": [-24.73395, -23.94065, -32.86656],
							"lerp_mode": "catmullrom"
						},
						"2.175": {
							"post": [-23.43582, -26.76513, -40.55723],
							"lerp_mode": "catmullrom"
						},
						"2.225": {
							"post": [-16.73226, -27.15944, -39.6599],
							"lerp_mode": "catmullrom"
						},
						"2.3": {
							"post": [-22.33483, -26.39522, -39.58555],
							"lerp_mode": "catmullrom"
						},
						"2.475": {
							"post": [-20.85487, -18.40076, -25.39431],
							"lerp_mode": "catmullrom"
						},
						"2.625": {
							"post": [-24.82372, -14.11063, -18.83981],
							"lerp_mode": "catmullrom"
						},
						"2.775": {
							"post": [-24.84574, -16.80023, -24.75454],
							"lerp_mode": "catmullrom"
						},
						"2.825": {
							"post": [-24.29733, -11.40445, -12.21688],
							"lerp_mode": "catmullrom"
						},
						"2.95": {
							"post": [-23.10555, -15.35328, -21.66324],
							"lerp_mode": "catmullrom"
						},
						"3.075": {
							"post": [-22.07595, -13.88082, -17.81955],
							"lerp_mode": "catmullrom"
						},
						"3.225": {
							"post": [0.39872, -1.90192, 1.32218],
							"lerp_mode": "catmullrom"
						},
						"3.35": {
							"post": [-0.99939, 0, -0.7997],
							"lerp_mode": "catmullrom"
						},
						"3.475": {
							"post": [-0.3, 0, 0.4],
							"lerp_mode": "catmullrom"
						},
						"3.575": {
							"post": [0.1, 0, 0],
							"lerp_mode": "catmullrom"
						},
						"3.65": {
							"post": [0, 0, 0],
							"lerp_mode": "catmullrom"
						}
					},
					"position": {
						"0.0": {
							"post": [0, 0, 0],
							"lerp_mode": "catmullrom"
						},
						"0.05": {
							"post": [0, -0.125, 0],
							"lerp_mode": "catmullrom"
						},
						"0.275": {
							"post": [-1, 4.125, -1],
							"lerp_mode": "catmullrom"
						},
						"0.4": {
							"post": [-1, 3.9325, -1.06],
							"lerp_mode": "catmullrom"
						},
						"0.525": {
							"post": [-1, 3.865, -1],
							"lerp_mode": "catmullrom"
						},
						"0.575": {
							"post": [-1, 3.795, -1],
							"lerp_mode": "catmullrom"
						},
						"0.65": {
							"post": [-1, 3.795, -1],
							"lerp_mode": "catmullrom"
						},
						"0.775": {
							"post": [-1, 3.835, -1],
							"lerp_mode": "catmullrom"
						},
						"0.925": {
							"post": [-1, 3.585, -1],
							"lerp_mode": "catmullrom"
						},
						"1.025": {
							"post": [-1, 3.8175, -1.01],
							"lerp_mode": "catmullrom"
						},
						"1.175": {
							"post": [-1, 3.84, -1.01],
							"lerp_mode": "catmullrom"
						},
						"1.3": {
							"post": [-1, 4.09, -1.01],
							"lerp_mode": "catmullrom"
						},
						"1.325": {
							"post": [-1, 3.5425, -1.01],
							"lerp_mode": "catmullrom"
						},
						"1.375": {
							"post": [-1, 3.6525, -1.01],
							"lerp_mode": "catmullrom"
						},
						"1.475": {
							"post": [-1, 3.6525, -1.01],
							"lerp_mode": "catmullrom"
						},
						"1.65": {
							"post": [-1, 3.6525, -1.01],
							"lerp_mode": "catmullrom"
						},
						"1.775": {
							"post": [-1, 4.005, -1.01],
							"lerp_mode": "catmullrom"
						},
						"1.925": {
							"post": [-1, 4.005, -1.01],
							"lerp_mode": "catmullrom"
						},
						"2.025": {
							"post": [-1, 4.305, -1.01],
							"lerp_mode": "catmullrom"
						},
						"2.1": {
							"post": [-1, 4.175, -1.01],
							"lerp_mode": "catmullrom"
						},
						"2.15": {
							"post": [-1, 4.2375, -1.01],
							"lerp_mode": "catmullrom"
						},
						"2.2": {
							"post": [-1, 3.7925, -1.01],
							"lerp_mode": "catmullrom"
						},
						"2.275": {
							"post": [-1, 3.945, -1.01],
							"lerp_mode": "catmullrom"
						},
						"2.45": {
							"post": [-1, 3.0325, -1.01],
							"lerp_mode": "catmullrom"
						},
						"2.6": {
							"post": [-1, 3.2025, -1.01],
							"lerp_mode": "catmullrom"
						},
						"2.775": {
							"post": [-1, 3.2925, -0.99],
							"lerp_mode": "catmullrom"
						},
						"2.825": {
							"post": [-1, 3.015, -1.465],
							"lerp_mode": "catmullrom"
						},
						"2.925": {
							"post": [-1, 3.015, -1.59],
							"lerp_mode": "catmullrom"
						},
						"3.05": {
							"post": [-1, 2.7075, -1.715],
							"lerp_mode": "catmullrom"
						},
						"3.2": {
							"post": [0, -0.0625, -1.5875],
							"lerp_mode": "catmullrom"
						},
						"3.325": {
							"post": [0, 0, 0.075],
							"lerp_mode": "catmullrom"
						},
						"3.425": {
							"post": [0, 0, -0.1],
							"lerp_mode": "catmullrom"
						},
						"3.55": {
							"post": [0, 0, 0.03],
							"lerp_mode": "catmullrom"
						},
						"3.625": {
							"post": [0, 0, 0],
							"lerp_mode": "catmullrom"
						}
					}
				},
				"mag_and_lefthand": {
					"rotation": {
						"1.125": [0, 0, 0],
						"1.3": [0, 0, 0],
						"1.325": [-2, 0, 0],
						"1.975": [-0.3, 0, 0],
						"2.075": [-0.3, 0, 0],
						"2.1": [0.83, 0, 0],
						"2.2": [0.83, 0, 0],
						"2.225": [0, 0, 0]
					},
					"position": {
						"1.125": [0, 0, 0],
						"1.3": [0, 0, 0],
						"1.325": [0, -0.25, -0.0625],
						"1.45": {
							"pre": [0, -4.1225, 4.8875],
							"post": [0, -4.1225, 4.8875],
							"lerp_mode": "catmullrom"
						},
						"1.85": {
							"post": [0, -4.1225, 4.8875],
							"lerp_mode": "catmullrom"
						},
						"1.925": {
							"post": [0, -1.3125, 0],
							"lerp_mode": "catmullrom"
						},
						"1.975": [0, -0.79, 0],
						"2.075": [0, -0.79, 0],
						"2.1": [0, -0.45, 0],
						"2.2": [0, -0.45, 0],
						"2.225": [0, 0, 0]
					}
				},
				"lefthand": {
					"relative_to": {
						"rotation": "entity"
					},
					"rotation": {
						"0.0": [-246.10013, 369.09164, -245.79288],
						"0.05": [-246.10013, 369.09164, -245.79288],
						"0.3": [-228.24, 369.09, -245.79],
						"0.4": [-221.10013, 369.09164, -245.79288],
						"0.45": [-221.10013, 369.09164, -245.79288],
						"0.525": {
							"pre": [-245.35544, 376.38661, -242.42356],
							"post": [-245.35544, 376.38661, -242.42356],
							"lerp_mode": "catmullrom"
						},
						"0.725": {
							"post": [-245.35544, 376.38661, -242.42356],
							"lerp_mode": "catmullrom"
						},
						"0.85": {
							"post": [-246.1, 359.83, -218.46],
							"lerp_mode": "catmullrom"
						},
						"1.0": {
							"post": [-244.55188, 349.74636, -231.3543],
							"lerp_mode": "catmullrom"
						},
						"2.45": {
							"post": [-244.55188, 349.74636, -231.3543],
							"lerp_mode": "catmullrom"
						},
						"2.525": {
							"post": [-246.36, 357.81, -221.33],
							"lerp_mode": "catmullrom"
						},
						"2.7": {
							"post": [-230.10013, 369.09164, -245.79288],
							"lerp_mode": "catmullrom"
						},
						"2.825": {
							"post": [-223.10013, 369.09164, -245.79288],
							"lerp_mode": "catmullrom"
						},
						"2.85": {
							"post": [-231.23, 368.9, -246.29],
							"lerp_mode": "catmullrom"
						},
						"2.975": {
							"post": [-235.60013, 395.09164, -245.79288],
							"lerp_mode": "catmullrom"
						},
						"3.075": [-235.60013, 369.09164, -245.79288],
						"3.2": [-246.10013, 369.09164, -245.79288]
					},
					"position": {
						"0.0": [8.75, -13.6875, -3.375],
						"0.05": [8.75, -13.6875, -3.375],
						"0.3": [8.75, -20.315, 12.6925],
						"0.4": [6.125, -15.6225, 6.2525],
						"0.45": [6.125, -15.6225, 6.2525],
						"0.525": {
							"pre": [6.125, -16.3725, 7.815],
							"post": [6.125, -16.3725, 7.815],
							"lerp_mode": "catmullrom"
						},
						"0.725": {
							"post": [6.125, -16.3725, 7.3775],
							"lerp_mode": "catmullrom"
						},
						"0.85": {
							"post": [7.7025, -17.0275, 7.84],
							"lerp_mode": "catmullrom"
						},
						"1.0": {
							"post": [6.9425, -15.12, 8.125],
							"lerp_mode": "catmullrom"
						},
						"2.45": {
							"post": [6.9425, -15.12, 8.125],
							"lerp_mode": "catmullrom"
						},
						"2.525": {
							"post": [7.6625, -15.93, 7.76],
							"lerp_mode": "catmullrom"
						},
						"2.7": {
							"post": [7, -15.81, 7.2525],
							"lerp_mode": "catmullrom"
						},
						"2.825": {
							"post": [7.5, -16.185, 5.815],
							"lerp_mode": "catmullrom"
						},
						"2.85": {
							"post": [8.16, -16.63, 3.35],
							"lerp_mode": "catmullrom"
						},
						"2.975": {
							"post": [8.75, -18.56, 2.565],
							"lerp_mode": "catmullrom"
						},
						"3.075": [8.75, -17.6225, 2.565],
						"3.175": [8.75, -13.6875, -3.375]
					},
					"scale": [1, 1.5, 1]
				},
				"righthand": {
					"rotation": {
						"0.0": [107.9242, -2.42784, -85.91846],
						"0.075": [107.9242, -2.42784, -85.91846],
						"0.1": [101.92, -2.43, -85.92],
						"3.1": [101.92, -2.43, -85.92],
						"3.175": [107.9242, -2.42784, -85.91846]
					},
					"position": {
						"0.0": [-7, -13.9375, 2.625],
						"0.075": [-7, -13.9375, 2.625],
						"0.1": [-8.875, -13.94, 2.3175],
						"3.1": [-8.87, -13.94, 2.32],
						"3.175": [-7, -13.9375, 2.625]
					},
					"scale": [1, 1.5, 1]
				},
				"mag_and_bullet": {
					"rotation": {
						"1.025": [0, 0, 0],
						"1.1": [0, 0, -6],
						"1.3": [0, 0, -6],
						"1.325": [0, 0, 0]
					}
				},
				"release": {
					"rotation": {
						"0.425": [0, 0, 0],
						"0.5": [104.5, 0, 0],
						"2.775": [104.5, 0, 0],
						"2.825": [0, 0, 0]
					}
				},
				"camera": {
					"rotation": {
						"0.0": {
							"post": [0, 0, 0],
							"lerp_mode": "catmullrom"
						},
						"0.075": {
							"post": [-0.32, 0, 0.39],
							"lerp_mode": "catmullrom"
						},
						"0.175": {
							"post": [1.25, 0.25, 0.22],
							"lerp_mode": "catmullrom"
						},
						"0.25": {
							"post": [2.3, 0.59, -0.06],
							"lerp_mode": "catmullrom"
						},
						"0.325": {
							"post": [3.185, 0.82, -0.24],
							"lerp_mode": "catmullrom"
						},
						"0.425": {
							"post": [3.35, 0.81, -0.07],
							"lerp_mode": "catmullrom"
						},
						"0.5": {
							"post": [3.01, 0.62, -0.02],
							"lerp_mode": "catmullrom"
						},
						"0.55": {
							"post": [2.94, 0.01, -1.15],
							"lerp_mode": "catmullrom"
						},
						"0.7": {
							"post": [2.84, 0.49, -0.46],
							"lerp_mode": "catmullrom"
						},
						"0.8": {
							"post": [3.05, 0.67, 0.21],
							"lerp_mode": "catmullrom"
						},
						"0.875": {
							"post": [3.12, 0.5, 0.065],
							"lerp_mode": "catmullrom"
						},
						"0.95": {
							"post": [3.2, 0.23, 0.27],
							"lerp_mode": "catmullrom"
						},
						"1.05": {
							"post": [3.28, -0.07, 0.34],
							"lerp_mode": "catmullrom"
						},
						"1.125": {
							"post": [3.34, -0.3, 0.39],
							"lerp_mode": "catmullrom"
						},
						"1.2": {
							"post": [3.33, -0.43, 0.41],
							"lerp_mode": "catmullrom"
						},
						"1.275": {
							"post": [3.22, -0.37, 0.33],
							"lerp_mode": "catmullrom"
						},
						"1.325": {
							"post": [3.15, -0.27, 0.41],
							"lerp_mode": "catmullrom"
						},
						"1.375": {
							"post": [3.31, -0.09, 1.38],
							"lerp_mode": "catmullrom"
						},
						"1.4": {
							"post": [3.11, -0.27, -0.055],
							"lerp_mode": "catmullrom"
						},
						"1.45": {
							"post": [3.3, -0.38, 0.12],
							"lerp_mode": "catmullrom"
						},
						"1.5": {
							"post": [3.51, -0.51, 0.71],
							"lerp_mode": "catmullrom"
						},
						"1.575": {
							"post": [3.52, -0.66, 0.125],
							"lerp_mode": "catmullrom"
						},
						"1.725": {
							"post": [3.2, 0.23, 0.27],
							"lerp_mode": "catmullrom"
						},
						"1.825": {
							"post": [3.28, -0.07, 0.34],
							"lerp_mode": "catmullrom"
						},
						"2.075": {
							"post": [3.48, -0.81, 0.62],
							"lerp_mode": "catmullrom"
						},
						"2.125": {
							"post": [3.46, -0.84, 0.71],
							"lerp_mode": "catmullrom"
						},
						"2.175": {
							"post": [3.45, -0.57, 1.6],
							"lerp_mode": "catmullrom"
						},
						"2.2": {
							"post": [3.64, -0.49, 1.185],
							"lerp_mode": "catmullrom"
						},
						"2.25": {
							"post": [3.45, -0.57, 0.07],
							"lerp_mode": "catmullrom"
						},
						"2.325": {
							"post": [2.91, -0.51, 1.025],
							"lerp_mode": "catmullrom"
						},
						"2.525": {
							"post": [2.09, -0.39, 0.41],
							"lerp_mode": "catmullrom"
						},
						"2.7": {
							"post": [3.01, 0.62, -0.02],
							"lerp_mode": "catmullrom"
						},
						"2.75": {
							"post": [2.94, 0.01, -1.15],
							"lerp_mode": "catmullrom"
						},
						"2.825": {
							"post": [2.9, 0.27, 0.505],
							"lerp_mode": "catmullrom"
						},
						"2.9": {
							"post": [2.84, 0.49, -0.46],
							"lerp_mode": "catmullrom"
						},
						"2.975": {
							"post": [2.09, -0.39, 0.41],
							"lerp_mode": "catmullrom"
						},
						"3.05": {
							"post": [0.97, -0.21, 0.12],
							"lerp_mode": "catmullrom"
						},
						"3.125": {
							"post": [-0.23, -0.04, -0.19],
							"lerp_mode": "catmullrom"
						},
						"3.175": {
							"post": [-0.62, 0.015, 0.62],
							"lerp_mode": "catmullrom"
						},
						"3.25": {
							"post": [-0.15, -0.005, -0.385],
							"lerp_mode": "catmullrom"
						},
						"3.35": {
							"post": [0.18, -0.06, 0.06],
							"lerp_mode": "catmullrom"
						},
						"3.475": {
							"post": [0, 0, 0],
							"lerp_mode": "catmullrom"
						}
					}
				}
			},
			"sound_effects": {
				"0.0": {
					"effect": "wfoly_plr_sh_oscar12_raise_up"
				},
				"0.125": {
					"effect": "wfoly_plr_sh_oscar12_raise_up"
				},
				"0.45": {
					"effect": "vlkrogue_disconnector_plr_ads_02"
				},
				"1.025": {
					"effect": "wfoly_plr_sh_oscar12_reload_drum_tilt"
				},
				"1.225": {
					"effect": "wfoly_plr_sh_oscar12_reload_drum_drumout_01"
				},
				"1.825": {
					"effect": "wfoly_plr_sh_oscar12_reload_drum_start"
				},
				"1.95": {
					"effect": "vlkrogue_reload_empty_maghit"
				},
				"2.175": {
					"effect": "wfoly_sh_dpapa12_reload_end_fast_load_01"
				},
				"2.7": {
					"effect": "wfoly_sh_dpapa12_rechamber_chamber_v3_01c"
				},
				"3.05": {
					"effect": "vlkrogue_drop"
				},
				"3.1": {
					"effect": "vlkrogue_raise_quick"
				}
			}
		},
		"reload_empty": {
			"animation_length": 3.7,
			"bones": {
				"root": {
					"rotation": {
						"0.0": {
							"post": [0, 0, 0],
							"lerp_mode": "catmullrom"
						},
						"0.075": {
							"post": [1.99726, -0.10465, 2.99818],
							"lerp_mode": "catmullrom"
						},
						"0.225": {
							"post": [-20.96986, -14.39184, -23.51572],
							"lerp_mode": "catmullrom"
						},
						"0.325": {
							"post": [-38.462, -23.26068, -33.04157],
							"lerp_mode": "catmullrom"
						},
						"0.45": {
							"post": [-40.25699, -24.23134, -34.88716],
							"lerp_mode": "catmullrom"
						},
						"0.475": {
							"post": [-41.83, -20.62, -30.55],
							"lerp_mode": "catmullrom"
						},
						"0.5": {
							"post": [-41.7, -20.26, -30.24],
							"lerp_mode": "catmullrom"
						},
						"0.55": {
							"post": [-38.38, -19.23, -28.41],
							"lerp_mode": "catmullrom"
						},
						"0.6": {
							"post": [-39.1, -18.7, -28.97],
							"lerp_mode": "catmullrom"
						},
						"0.7": {
							"post": [-38.21676, -17.92485, -27.79612],
							"lerp_mode": "catmullrom"
						},
						"0.825": {
							"post": [-36.79125, -26.28737, -30.15699],
							"lerp_mode": "catmullrom"
						},
						"0.925": {
							"post": [-36.79125, -26.28737, -30.15699],
							"lerp_mode": "catmullrom"
						},
						"1.075": {
							"post": [-33.554, -27.99944, -38.667],
							"lerp_mode": "catmullrom"
						},
						"1.2": {
							"post": [-34.72039, -25.06385, -34.08279],
							"lerp_mode": "catmullrom"
						},
						"1.3": {
							"post": [-31.25898, -29.42673, -41.62963],
							"lerp_mode": "catmullrom"
						},
						"1.325": {
							"post": [-36.41129, -30.80318, -43.34899],
							"lerp_mode": "catmullrom"
						},
						"1.375": {
							"post": [-37.98469, -23.60156, -31.34835],
							"lerp_mode": "catmullrom"
						},
						"1.5": {
							"post": [-29.94977, -25.56934, -33.85634],
							"lerp_mode": "catmullrom"
						},
						"1.675": {
							"post": [-33.29881, -24.87307, -33.02941],
							"lerp_mode": "catmullrom"
						},
						"1.8": {
							"post": [-23.1072, -31.61716, -54.68177],
							"lerp_mode": "catmullrom"
						},
						"1.95": {
							"post": [-23.1072, -31.61716, -54.68177],
							"lerp_mode": "catmullrom"
						},
						"2.025": {
							"post": [-23.11279, -26.8173, -40.82795],
							"lerp_mode": "catmullrom"
						},
						"2.1": {
							"post": [-24.73395, -23.94065, -32.86656],
							"lerp_mode": "catmullrom"
						},
						"2.175": {
							"post": [-23.43582, -26.76513, -40.55723],
							"lerp_mode": "catmullrom"
						},
						"2.225": {
							"post": [-16.73226, -27.15944, -39.6599],
							"lerp_mode": "catmullrom"
						},
						"2.3": {
							"post": [-22.33483, -26.39522, -39.58555],
							"lerp_mode": "catmullrom"
						},
						"2.475": {
							"post": [-20.85487, -18.40076, -25.39431],
							"lerp_mode": "catmullrom"
						},
						"2.625": {
							"post": [-24.82372, -14.11063, -18.83981],
							"lerp_mode": "catmullrom"
						},
						"2.775": {
							"post": [-24.84574, -16.80023, -24.75454],
							"lerp_mode": "catmullrom"
						},
						"2.825": {
							"post": [-24.29733, -11.40445, -12.21688],
							"lerp_mode": "catmullrom"
						},
						"2.95": {
							"post": [-23.10555, -15.35328, -21.66324],
							"lerp_mode": "catmullrom"
						},
						"3.075": {
							"post": [-22.07595, -13.88082, -17.81955],
							"lerp_mode": "catmullrom"
						},
						"3.225": {
							"post": [0.39872, -1.90192, 1.32218],
							"lerp_mode": "catmullrom"
						},
						"3.35": {
							"post": [-0.99939, 0, -0.7997],
							"lerp_mode": "catmullrom"
						},
						"3.475": {
							"post": [-0.3, 0, 0.4],
							"lerp_mode": "catmullrom"
						},
						"3.575": {
							"post": [0.1, 0, 0],
							"lerp_mode": "catmullrom"
						},
						"3.65": {
							"post": [0, 0, 0],
							"lerp_mode": "catmullrom"
						}
					},
					"position": {
						"0.0": {
							"post": [0, 0, 0],
							"lerp_mode": "catmullrom"
						},
						"0.05": {
							"post": [0, -0.125, 0],
							"lerp_mode": "catmullrom"
						},
						"0.275": {
							"post": [-1, 4.125, -1],
							"lerp_mode": "catmullrom"
						},
						"0.4": {
							"post": [-1, 3.9325, -1.06],
							"lerp_mode": "catmullrom"
						},
						"0.525": {
							"post": [-1, 3.865, -1],
							"lerp_mode": "catmullrom"
						},
						"0.575": {
							"post": [-1, 3.795, -1],
							"lerp_mode": "catmullrom"
						},
						"0.65": {
							"post": [-1, 3.795, -1],
							"lerp_mode": "catmullrom"
						},
						"0.775": {
							"post": [-1, 3.835, -1],
							"lerp_mode": "catmullrom"
						},
						"0.925": {
							"post": [-1, 3.585, -1],
							"lerp_mode": "catmullrom"
						},
						"1.025": {
							"post": [-1, 3.8175, -1.01],
							"lerp_mode": "catmullrom"
						},
						"1.175": {
							"post": [-1, 3.84, -1.01],
							"lerp_mode": "catmullrom"
						},
						"1.3": {
							"post": [-1, 4.09, -1.01],
							"lerp_mode": "catmullrom"
						},
						"1.325": {
							"post": [-1, 3.5425, -1.01],
							"lerp_mode": "catmullrom"
						},
						"1.375": {
							"post": [-1, 3.6525, -1.01],
							"lerp_mode": "catmullrom"
						},
						"1.475": {
							"post": [-1, 3.6525, -1.01],
							"lerp_mode": "catmullrom"
						},
						"1.65": {
							"post": [-1, 3.6525, -1.01],
							"lerp_mode": "catmullrom"
						},
						"1.775": {
							"post": [-1, 4.005, -1.01],
							"lerp_mode": "catmullrom"
						},
						"1.925": {
							"post": [-1, 4.005, -1.01],
							"lerp_mode": "catmullrom"
						},
						"2.025": {
							"post": [-1, 4.305, -1.01],
							"lerp_mode": "catmullrom"
						},
						"2.1": {
							"post": [-1, 4.175, -1.01],
							"lerp_mode": "catmullrom"
						},
						"2.15": {
							"post": [-1, 4.2375, -1.01],
							"lerp_mode": "catmullrom"
						},
						"2.2": {
							"post": [-1, 3.7925, -1.01],
							"lerp_mode": "catmullrom"
						},
						"2.275": {
							"post": [-1, 3.945, -1.01],
							"lerp_mode": "catmullrom"
						},
						"2.45": {
							"post": [-1, 3.0325, -1.01],
							"lerp_mode": "catmullrom"
						},
						"2.6": {
							"post": [-1, 3.2025, -1.01],
							"lerp_mode": "catmullrom"
						},
						"2.775": {
							"post": [-1, 3.2925, -0.99],
							"lerp_mode": "catmullrom"
						},
						"2.825": {
							"post": [-1, 3.015, -1.465],
							"lerp_mode": "catmullrom"
						},
						"2.925": {
							"post": [-1, 3.015, -1.59],
							"lerp_mode": "catmullrom"
						},
						"3.05": {
							"post": [-1, 2.7075, -1.715],
							"lerp_mode": "catmullrom"
						},
						"3.2": {
							"post": [0, -0.0625, -1.5875],
							"lerp_mode": "catmullrom"
						},
						"3.325": {
							"post": [0, 0, 0.075],
							"lerp_mode": "catmullrom"
						},
						"3.425": {
							"post": [0, 0, -0.1],
							"lerp_mode": "catmullrom"
						},
						"3.55": {
							"post": [0, 0, 0.03],
							"lerp_mode": "catmullrom"
						},
						"3.625": {
							"post": [0, 0, 0],
							"lerp_mode": "catmullrom"
						}
					}
				},
				"mag_and_lefthand": {
					"rotation": {
						"1.125": [0, 0, 0],
						"1.3": [0, 0, 0],
						"1.325": [-2, 0, 0],
						"1.975": [-0.3, 0, 0],
						"2.075": [-0.3, 0, 0],
						"2.1": [0.83, 0, 0],
						"2.2": [0.83, 0, 0],
						"2.225": [0, 0, 0]
					},
					"position": {
						"1.125": [0, 0, 0],
						"1.3": [0, 0, 0],
						"1.325": [0, -0.25, -0.0625],
						"1.45": {
							"pre": [0, -4.1225, 4.8875],
							"post": [0, -4.1225, 4.8875],
							"lerp_mode": "catmullrom"
						},
						"1.85": {
							"post": [0, -4.1225, 4.8875],
							"lerp_mode": "catmullrom"
						},
						"1.925": {
							"post": [0, -1.3125, 0],
							"lerp_mode": "catmullrom"
						},
						"1.975": [0, -0.79, 0],
						"2.075": [0, -0.79, 0],
						"2.1": [0, -0.45, 0],
						"2.2": [0, -0.45, 0],
						"2.225": [0, 0, 0]
					}
				},
				"lefthand": {
					"relative_to": {
						"rotation": "entity"
					},
					"rotation": {
						"0.0": [-246.10013, 369.09164, -245.79288],
						"0.05": [-246.10013, 369.09164, -245.79288],
						"0.3": [-228.24, 369.09, -245.79],
						"0.4": [-221.10013, 369.09164, -245.79288],
						"0.45": [-221.10013, 369.09164, -245.79288],
						"0.525": {
							"pre": [-245.35544, 376.38661, -242.42356],
							"post": [-245.35544, 376.38661, -242.42356],
							"lerp_mode": "catmullrom"
						},
						"0.725": {
							"post": [-245.35544, 376.38661, -242.42356],
							"lerp_mode": "catmullrom"
						},
						"0.85": {
							"post": [-246.1, 359.83, -218.46],
							"lerp_mode": "catmullrom"
						},
						"1.0": {
							"post": [-244.55188, 349.74636, -231.3543],
							"lerp_mode": "catmullrom"
						},
						"2.45": {
							"post": [-244.55188, 349.74636, -231.3543],
							"lerp_mode": "catmullrom"
						},
						"2.525": {
							"post": [-246.36, 357.81, -221.33],
							"lerp_mode": "catmullrom"
						},
						"2.7": {
							"post": [-230.10013, 369.09164, -245.79288],
							"lerp_mode": "catmullrom"
						},
						"2.825": {
							"post": [-223.10013, 369.09164, -245.79288],
							"lerp_mode": "catmullrom"
						},
						"2.85": {
							"post": [-231.23, 368.9, -246.29],
							"lerp_mode": "catmullrom"
						},
						"2.975": {
							"post": [-235.60013, 395.09164, -245.79288],
							"lerp_mode": "catmullrom"
						},
						"3.075": [-235.60013, 369.09164, -245.79288],
						"3.2": [-246.10013, 369.09164, -245.79288]
					},
					"position": {
						"0.0": [8.75, -13.6875, -3.375],
						"0.05": [8.75, -13.6875, -3.375],
						"0.3": [8.75, -20.315, 12.6925],
						"0.4": [6.125, -15.6225, 6.2525],
						"0.45": [6.125, -15.6225, 6.2525],
						"0.525": {
							"pre": [6.125, -16.3725, 7.815],
							"post": [6.125, -16.3725, 7.815],
							"lerp_mode": "catmullrom"
						},
						"0.725": {
							"post": [6.125, -16.3725, 7.3775],
							"lerp_mode": "catmullrom"
						},
						"0.85": {
							"post": [7.7025, -17.0275, 7.84],
							"lerp_mode": "catmullrom"
						},
						"1.0": {
							"post": [6.9425, -15.12, 8.125],
							"lerp_mode": "catmullrom"
						},
						"2.45": {
							"post": [6.9425, -15.12, 8.125],
							"lerp_mode": "catmullrom"
						},
						"2.525": {
							"post": [7.6625, -15.93, 7.76],
							"lerp_mode": "catmullrom"
						},
						"2.7": {
							"post": [7, -15.81, 7.2525],
							"lerp_mode": "catmullrom"
						},
						"2.825": {
							"post": [7.5, -16.185, 5.815],
							"lerp_mode": "catmullrom"
						},
						"2.85": {
							"post": [8.16, -16.63, 3.35],
							"lerp_mode": "catmullrom"
						},
						"2.975": {
							"post": [8.75, -18.56, 2.565],
							"lerp_mode": "catmullrom"
						},
						"3.075": [8.75, -17.6225, 2.565],
						"3.175": [8.75, -13.6875, -3.375]
					},
					"scale": [1, 1.5, 1]
				},
				"righthand": {
					"rotation": {
						"0.0": [107.9242, -2.42784, -85.91846],
						"0.075": [107.9242, -2.42784, -85.91846],
						"0.1": [101.92, -2.43, -85.92],
						"3.1": [101.92, -2.43, -85.92],
						"3.175": [107.9242, -2.42784, -85.91846]
					},
					"position": {
						"0.0": [-7, -13.9375, 2.625],
						"0.075": [-7, -13.9375, 2.625],
						"0.1": [-8.875, -13.94, 2.3175],
						"3.1": [-8.87, -13.94, 2.32],
						"3.175": [-7, -13.9375, 2.625]
					},
					"scale": [1, 1.5, 1]
				},
				"mag_and_bullet": {
					"rotation": {
						"1.025": [0, 0, 0],
						"1.1": [0, 0, -6],
						"1.3": [0, 0, -6],
						"1.325": [0, 0, 0]
					}
				},
				"release": {
					"rotation": {
						"0.425": [0, 0, 0],
						"0.5": [104.5, 0, 0],
						"2.775": [104.5, 0, 0],
						"2.825": [0, 0, 0]
					}
				},
				"camera": {
					"rotation": {
						"0.0": {
							"post": [0, 0, 0],
							"lerp_mode": "catmullrom"
						},
						"0.075": {
							"post": [-0.32, 0, 0.39],
							"lerp_mode": "catmullrom"
						},
						"0.175": {
							"post": [1.25, 0.25, 0.22],
							"lerp_mode": "catmullrom"
						},
						"0.25": {
							"post": [2.3, 0.59, -0.06],
							"lerp_mode": "catmullrom"
						},
						"0.325": {
							"post": [3.185, 0.82, -0.24],
							"lerp_mode": "catmullrom"
						},
						"0.425": {
							"post": [3.35, 0.81, -0.07],
							"lerp_mode": "catmullrom"
						},
						"0.5": {
							"post": [3.01, 0.62, -0.02],
							"lerp_mode": "catmullrom"
						},
						"0.55": {
							"post": [2.94, 0.01, -1.15],
							"lerp_mode": "catmullrom"
						},
						"0.7": {
							"post": [2.84, 0.49, -0.46],
							"lerp_mode": "catmullrom"
						},
						"0.8": {
							"post": [3.05, 0.67, 0.21],
							"lerp_mode": "catmullrom"
						},
						"0.875": {
							"post": [3.12, 0.5, 0.065],
							"lerp_mode": "catmullrom"
						},
						"0.95": {
							"post": [3.2, 0.23, 0.27],
							"lerp_mode": "catmullrom"
						},
						"1.05": {
							"post": [3.28, -0.07, 0.34],
							"lerp_mode": "catmullrom"
						},
						"1.125": {
							"post": [3.34, -0.3, 0.39],
							"lerp_mode": "catmullrom"
						},
						"1.2": {
							"post": [3.33, -0.43, 0.41],
							"lerp_mode": "catmullrom"
						},
						"1.275": {
							"post": [3.22, -0.37, 0.33],
							"lerp_mode": "catmullrom"
						},
						"1.325": {
							"post": [3.15, -0.27, 0.41],
							"lerp_mode": "catmullrom"
						},
						"1.375": {
							"post": [3.31, -0.09, 1.38],
							"lerp_mode": "catmullrom"
						},
						"1.4": {
							"post": [3.11, -0.27, -0.055],
							"lerp_mode": "catmullrom"
						},
						"1.45": {
							"post": [3.3, -0.38, 0.12],
							"lerp_mode": "catmullrom"
						},
						"1.5": {
							"post": [3.51, -0.51, 0.71],
							"lerp_mode": "catmullrom"
						},
						"1.575": {
							"post": [3.52, -0.66, 0.125],
							"lerp_mode": "catmullrom"
						},
						"1.725": {
							"post": [3.2, 0.23, 0.27],
							"lerp_mode": "catmullrom"
						},
						"1.825": {
							"post": [3.28, -0.07, 0.34],
							"lerp_mode": "catmullrom"
						},
						"2.075": {
							"post": [3.48, -0.81, 0.62],
							"lerp_mode": "catmullrom"
						},
						"2.125": {
							"post": [3.46, -0.84, 0.71],
							"lerp_mode": "catmullrom"
						},
						"2.175": {
							"post": [3.45, -0.57, 1.6],
							"lerp_mode": "catmullrom"
						},
						"2.2": {
							"post": [3.64, -0.49, 1.185],
							"lerp_mode": "catmullrom"
						},
						"2.25": {
							"post": [3.45, -0.57, 0.07],
							"lerp_mode": "catmullrom"
						},
						"2.325": {
							"post": [2.91, -0.51, 1.025],
							"lerp_mode": "catmullrom"
						},
						"2.525": {
							"post": [2.09, -0.39, 0.41],
							"lerp_mode": "catmullrom"
						},
						"2.7": {
							"post": [3.01, 0.62, -0.02],
							"lerp_mode": "catmullrom"
						},
						"2.75": {
							"post": [2.94, 0.01, -1.15],
							"lerp_mode": "catmullrom"
						},
						"2.825": {
							"post": [2.9, 0.27, 0.505],
							"lerp_mode": "catmullrom"
						},
						"2.9": {
							"post": [2.84, 0.49, -0.46],
							"lerp_mode": "catmullrom"
						},
						"2.975": {
							"post": [2.09, -0.39, 0.41],
							"lerp_mode": "catmullrom"
						},
						"3.05": {
							"post": [0.97, -0.21, 0.12],
							"lerp_mode": "catmullrom"
						},
						"3.125": {
							"post": [-0.23, -0.04, -0.19],
							"lerp_mode": "catmullrom"
						},
						"3.175": {
							"post": [-0.62, 0.015, 0.62],
							"lerp_mode": "catmullrom"
						},
						"3.25": {
							"post": [-0.15, -0.005, -0.385],
							"lerp_mode": "catmullrom"
						},
						"3.35": {
							"post": [0.18, -0.06, 0.06],
							"lerp_mode": "catmullrom"
						},
						"3.475": {
							"post": [0, 0, 0],
							"lerp_mode": "catmullrom"
						}
					}
				}
			},
			"sound_effects": {
				"0.0": {
					"effect": "wfoly_plr_sh_oscar12_raise_up"
				},
				"0.125": {
					"effect": "wfoly_plr_sh_oscar12_raise_up"
				},
				"0.45": {
					"effect": "vlkrogue_disconnector_plr_ads_02"
				},
				"1.025": {
					"effect": "wfoly_plr_sh_oscar12_reload_drum_tilt"
				},
				"1.225": {
					"effect": "wfoly_plr_sh_oscar12_reload_drum_drumout_01"
				},
				"1.825": {
					"effect": "wfoly_plr_sh_oscar12_reload_drum_start"
				},
				"1.95": {
					"effect": "vlkrogue_reload_empty_maghit"
				},
				"2.175": {
					"effect": "wfoly_sh_dpapa12_reload_end_fast_load_01"
				},
				"2.7": {
					"effect": "wfoly_sh_dpapa12_rechamber_chamber_v3_01c"
				},
				"3.05": {
					"effect": "vlkrogue_drop"
				},
				"3.1": {
					"effect": "vlkrogue_raise_quick"
				}
			}
		},
		"draw": {
			"loop": "hold_on_last_frame",
			"animation_length": 0.9667,
			"bones": {
				"root": {
					"rotation": {
						"0.0": {
							"post": [0.81, -32.64, 33.95],
							"lerp_mode": "catmullrom"
						},
						"0.1333": {
							"post": [-3.8938, -12.74248, 22.79227],
							"lerp_mode": "catmullrom"
						},
						"0.2667": {
							"post": [-0.78319, -1.14075, 6.01315],
							"lerp_mode": "catmullrom"
						},
						"0.3667": {
							"post": [-0.31859, -0.13504, -1.3],
							"lerp_mode": "catmullrom"
						},
						"0.4333": {
							"post": [0.03999, 0.0007, 0.3],
							"lerp_mode": "catmullrom"
						},
						"0.5333": {
							"post": [0, 0, 0],
							"lerp_mode": "catmullrom"
						},
						"0.6": {
							"post": [0, 0, 0],
							"lerp_mode": "catmullrom"
						}
					},
					"position": {
						"0.0": {
							"post": [-3.18, -5.58, 24],
							"lerp_mode": "catmullrom"
						},
						"0.1": {
							"post": [-0.95, -3.545, 7.2],
							"lerp_mode": "catmullrom"
						},
						"0.2333": {
							"post": [0, 0.25, -0.3125],
							"lerp_mode": "catmullrom"
						},
						"0.3667": {
							"post": [0, -0.25, 0.13],
							"lerp_mode": "catmullrom"
						},
						"0.4667": {
							"post": [0, 0.02, -0.2],
							"lerp_mode": "catmullrom"
						},
						"0.5667": {
							"post": [0, 0, 0],
							"lerp_mode": "catmullrom"
						},
						"0.6333": {
							"post": [0, 0, 0],
							"lerp_mode": "catmullrom"
						}
					}
				},
				"lefthand": {
					"rotation": [-246.10013, 369.09164, -245.79288],
					"position": [8.75, -13.6875, -3.375],
					"scale": [1, 1.5, 1]
				},
				"righthand": {
					"rotation": [107.9242, -2.42784, -85.91846],
					"position": [-7, -13.9375, 2.625],
					"scale": [1, 1.5, 1]
				},
				"camera": {
					"rotation": {
						"0.0": {
							"post": [0, 0, 0],
							"lerp_mode": "catmullrom"
						},
						"0.1667": {
							"post": [0.45, 0, 0.2],
							"lerp_mode": "catmullrom"
						},
						"0.3": {
							"post": [0.75, 0, 0.55],
							"lerp_mode": "catmullrom"
						},
						"0.3667": {
							"post": [-0.1, 0, -0.35],
							"lerp_mode": "catmullrom"
						},
						"0.4667": {
							"post": [0, 0, 0.275],
							"lerp_mode": "catmullrom"
						},
						"0.5333": {
							"post": [0, 0, -0.17],
							"lerp_mode": "catmullrom"
						},
						"0.6667": {
							"post": [0, 0, 0.075],
							"lerp_mode": "catmullrom"
						},
						"0.8": {
							"post": [0, 0, 0],
							"lerp_mode": "catmullrom"
						}
					}
				}
			},
			"sound_effects": {
				"0.1": {
					"effect": "wfoly_ar_mcharlie_raise_quick"
				}
			}
		},
		"put_away": {
			"animation_length": 0.6667,
			"bones": {
				"root": {
					"rotation": {
						"0.0": {
							"post": [0, 0, 0],
							"lerp_mode": "catmullrom"
						},
						"0.2": {
							"post": [-0.78508, -4.14047, 6.05425],
							"lerp_mode": "catmullrom"
						},
						"0.4": {
							"post": [-3.96594, -16.73309, 23.07568],
							"lerp_mode": "catmullrom"
						},
						"0.5333": {
							"post": [0.81, -32.64, 33.95],
							"lerp_mode": "catmullrom"
						}
					},
					"position": {
						"0.0": {
							"post": [0, 0, 0],
							"lerp_mode": "catmullrom"
						},
						"0.1667": {
							"post": [0, 0.25, -0.3125],
							"lerp_mode": "catmullrom"
						},
						"0.3667": {
							"post": [-0.95, -3.545, 7.2],
							"lerp_mode": "catmullrom"
						},
						"0.5": {
							"post": [-3.18, -5.58, 24],
							"lerp_mode": "catmullrom"
						}
					}
				},
				"lefthand": {
					"rotation": [-246.10013, 369.09164, -245.79288],
					"position": [8.75, -13.6875, -3.375],
					"scale": [1, 1.5, 1]
				},
				"righthand": {
					"rotation": [107.9242, -2.42784, -85.91846],
					"position": [-7, -13.9375, 2.625],
					"scale": [1, 1.5, 1]
				},
				"camera": {
					"rotation": {
						"0.0": {
							"post": [0, 0, 0],
							"lerp_mode": "catmullrom"
						},
						"0.0667": {
							"post": [0, 0, 0.025],
							"lerp_mode": "catmullrom"
						},
						"0.1667": {
							"post": [-0.1, 0, -0.05],
							"lerp_mode": "catmullrom"
						},
						"0.3": {
							"post": [0.75, 0, 0.225],
							"lerp_mode": "catmullrom"
						},
						"0.3667": {
							"post": [0.45, 0, -0.625],
							"lerp_mode": "catmullrom"
						},
						"0.5333": {
							"post": [0, 0, 0],
							"lerp_mode": "catmullrom"
						}
					}
				}
			},
			"sound_effects": {
				"0.1": {
					"effect": "weap_ar_mcharlie_ads_down"
				}
			}
		},
		"shoot": {
			"loop": true,
			"animation_length": 0.75,
			"bones": {
				"bolt": {
					"position": {
						"0.0": [0, 0, 0],
						"0.0333": [0, 0, -3.425],
						"0.1": [0, 0, 0]
					}
				},
				"charge_handle": {
					"position": {
						"0.0": [0, 0, 0],
						"0.0333": [0, 0, 0.5],
						"0.0833": [0, 0, 0]
					}
				},
				"charge_l": {
					"rotation": {
						"0.0167": [0, 0, 0],
						"0.0667": [0, -17, 0],
						"0.1167": [0, 0, 0],
						"0.1833": [0, 0, 0],
						"0.25": [0, -8, 0],
						"0.3167": [0, 0, 0]
					}
				},
				"charge_r": {
					"rotation": {
						"0.0": [0, 0, 0],
						"0.05": [0, 10.65, 0],
						"0.1": [0, 0, 0],
						"0.1667": [0, 0, 0],
						"0.2333": [0, 7.05, 0],
						"0.3": [0, 0, 0]
					}
				},
				"root": {
					"rotation": {
						"0.0": {
							"post": [0, 0, 0],
							"lerp_mode": "catmullrom"
						},
						"0.0167": {
							"post": [1.43203, 0, -1.63828],
							"lerp_mode": "catmullrom"
						},
						"0.0333": {
							"post": [-1.99297, 0, 1.55703],
							"lerp_mode": "catmullrom"
						},
						"0.1": {
							"post": [-2.28203, 0, -0.76719],
							"lerp_mode": "catmullrom"
						},
						"0.1667": {
							"post": [-2.17265, 0, 0.825],
							"lerp_mode": "catmullrom"
						},
						"0.3": {
							"post": [-0.09766, 0, 0.50938],
							"lerp_mode": "catmullrom"
						},
						"0.3667": {
							"post": [0.2275, 0.05859, 0.10891],
							"lerp_mode": "catmullrom"
						},
						"0.4333": {
							"post": [-0.11328, 0.11328, 0],
							"lerp_mode": "catmullrom"
						},
						"0.55": {
							"post": [-0.0625, -0.05859, 0],
							"lerp_mode": "catmullrom"
						},
						"0.6833": {
							"post": [0, 0, 0],
							"lerp_mode": "catmullrom"
						}
					},
					"position": {
						"0.0": {
							"post": [0, 0, 0],
							"lerp_mode": "catmullrom"
						},
						"0.0167": {
							"post": [0, -0.22656, 1.95156],
							"lerp_mode": "catmullrom"
						},
						"0.0833": {
							"post": [0, -0.28516, 1.58844],
							"lerp_mode": "catmullrom"
						},
						"0.15": {
							"post": [0, -0.28516, 0.08828],
							"lerp_mode": "catmullrom"
						},
						"0.2": {
							"post": [0, 0, -0.40391],
							"lerp_mode": "catmullrom"
						},
						"0.25": {
							"post": [0, 0, -0.36719],
							"lerp_mode": "catmullrom"
						},
						"0.3167": {
							"post": [0, 0, 0.05469],
							"lerp_mode": "catmullrom"
						},
						"0.3667": {
							"post": [0, 0, 0.19922],
							"lerp_mode": "catmullrom"
						},
						"0.4333": {
							"post": [0, -0.10547, 0],
							"lerp_mode": "catmullrom"
						},
						"0.5": {
							"post": [0, -0.10547, -0.08031],
							"lerp_mode": "catmullrom"
						},
						"0.6": {
							"post": [0, -0.03516, -0.07031],
							"lerp_mode": "catmullrom"
						},
						"0.7333": {
							"post": [0, 0, 0],
							"lerp_mode": "catmullrom"
						}
					}
				},
				"camera": {
					"rotation": {
						"0.0": [0, 0, 0],
						"0.0167": [0, 0, 1.55],
						"0.05": [0, 0, -1.275],
						"0.0833": [0, 0, 0.995],
						"0.1167": [0, 0, -0.58],
						"0.15": [0, 0, 0.47],
						"0.1833": [0, 0, 0]
					}
				}
			}
		}
	}
}