{
	"format_version": "1.8.0",
	"animations": {
		"static_idle": {
			"loop": true,
			"bones": {
				"lefthand": {
					"rotation": [131.11384, -399.66477, -203.82903],
					"position": [5.75, -11.1875, -7.875],
					"scale": [1, 1.5, 1]
				},
				"righthand": {
					"rotation": [106.81178, 9.85957, -179.20267],
					"position": [-6.5, -11.1875, 1.8125],
					"scale": [1, 1.5, 1]
				},
				"constraint": {
					"rotation": [0.1, 0.1, 0.1],
					"position": [0.1, 0.1, 0.4]
				}
			}
		},
		"inspect_empty": {
			"loop": "hold_on_last_frame",
			"animation_length": 9.5833,
			"bones": {
				"lefthand": {
					"rotation": {
						"0.0": [131.11384, -399.66477, -203.82903],
						"0.2083": [149.46131, -414.00567, -228.60874],
						"2.1667": [149.46131, -414.00567, -228.60874],
						"2.2917": [127.07853, -376.3705, -202.35712],
						"4.0417": [126.45, -373.17, -199.88],
						"4.25": [118.84904, -365.27282, -179.31363],
						"8.5417": {
							"pre": [118.85, -365.27, -179.31],
							"post": [118.85, -365.27, -179.31],
							"lerp_mode": "catmullrom"
						},
						"8.7917": {
							"post": [141.7152, -380.59743, -224.48923],
							"lerp_mode": "catmullrom"
						},
						"8.8333": [131.11384, -399.66477, -203.82903]
					},
					"position": {
						"0.0": [5.75, -11.1875, -7.875],
						"0.2083": [8.85, -17.19, -1.47],
						"0.375": [8.85, -17.19, 5.63],
						"2.1667": [8.85, -17.19, 5.63],
						"2.2917": [6.1, -16.7625, -5.325],
						"4.0417": [6.1, -16.76, -5.32],
						"4.25": [6.6, -14.96, -5.32],
						"8.5417": {
							"pre": [6.6, -14.96, -5.32],
							"post": [6.6, -14.96, -5.32],
							"lerp_mode": "catmullrom"
						},
						"8.6667": {
							"post": [7.97, -15.66, -6.77],
							"lerp_mode": "catmullrom"
						},
						"8.7917": {
							"post": [5.75, -11.1875, -7.875],
							"lerp_mode": "catmullrom"
						},
						"8.8333": [5.75, -11.1875, -7.875]
					},
					"scale": [1, 1.5, 1]
				},
				"righthand": {
					"rotation": {
						"0.0": [106.81178, 9.85957, -179.20267],
						"0.125": [106.81, 9.86, -179.2],
						"0.2083": [106.76229, 8.90261, -179.49271],
						"8.5833": [106.76229, 8.90261, -179.49271],
						"8.6667": [106.81, 9.86, -179.2]
					},
					"position": {
						"0.0": [-6.5, -11.1875, 1.8125],
						"0.125": [-6.5, -11.19, 1.81],
						"0.2083": [-8.4, -11.19, 2.41],
						"8.5833": [-8.4, -11.19, 2.41],
						"8.6667": [-6.5, -11.19, 1.81]
					},
					"scale": [1, 1.5, 1]
				},
				"root": {
					"rotation": {
						"0.0": [0, 0, 0],
						"0.125": {
							"pre": [4.97275, -0.52199, 5.97733],
							"post": [4.97275, -0.52199, 5.97733],
							"lerp_mode": "catmullrom"
						},
						"0.2917": {
							"post": [-14.38472, -19.35727, -9.77824],
							"lerp_mode": "catmullrom"
						},
						"0.4583": {
							"post": [-21.02432, -20.83717, -13.7356],
							"lerp_mode": "catmullrom"
						},
						"0.625": {
							"post": [-24.19521, -16.98283, -3.97809],
							"lerp_mode": "catmullrom"
						},
						"0.8333": {
							"post": [-24.01905, -18.58531, -7.82722],
							"lerp_mode": "catmullrom"
						},
						"0.9583": {
							"post": [-24.01905, -18.58531, -7.82722],
							"lerp_mode": "catmullrom"
						},
						"1.125": {
							"post": [-23.70947, -16.4084, -2.5683],
							"lerp_mode": "catmullrom"
						},
						"1.2917": {
							"post": [-24.01905, -18.58531, -7.82722],
							"lerp_mode": "catmullrom"
						},
						"1.4167": {
							"post": [-17.99, -22.69, -20.01],
							"lerp_mode": "catmullrom"
						},
						"1.5417": {
							"post": [-13.95552, -27.48338, -35.61226],
							"lerp_mode": "catmullrom"
						},
						"1.7083": {
							"post": [-15.86581, -25.88709, -29.13795],
							"lerp_mode": "catmullrom"
						},
						"1.9167": {
							"post": [-14.91886, -26.41802, -31.28615],
							"lerp_mode": "catmullrom"
						},
						"2.1667": {
							"post": [-14.91886, -26.41802, -31.28615],
							"lerp_mode": "catmullrom"
						},
						"2.2917": {
							"post": [-10.88436, -28.20811, -40.06412],
							"lerp_mode": "catmullrom"
						},
						"2.375": {
							"post": [-10.64001, -29.17507, -46.81558],
							"lerp_mode": "catmullrom"
						},
						"2.5833": {
							"post": [-10.35511, -28.3924, -41.18042],
							"lerp_mode": "catmullrom"
						},
						"2.6667": {
							"post": [-18.79177, -21.94402, -27.09499],
							"lerp_mode": "catmullrom"
						},
						"2.8333": {
							"post": [-10.34479, -31.31923, -34.83137],
							"lerp_mode": "catmullrom"
						},
						"3.0833": {
							"post": [-10.9593, -27.01878, -33.42828],
							"lerp_mode": "catmullrom"
						},
						"3.4583": {
							"post": [-12.12758, -31.21149, -38.13103],
							"lerp_mode": "catmullrom"
						},
						"3.75": {
							"post": [-13.47496, -28.46743, -35.79165],
							"lerp_mode": "catmullrom"
						},
						"4.0833": {
							"post": [-13.32673, -27.62441, -35.53129],
							"lerp_mode": "catmullrom"
						},
						"4.2083": {
							"post": [-12.59151, -28.22577, -37.41827],
							"lerp_mode": "catmullrom"
						},
						"4.4167": {
							"post": [-13.57126, -28.71777, -36.48338],
							"lerp_mode": "catmullrom"
						},
						"4.75": {
							"post": [-14.34198, -29.82567, -32.62055],
							"lerp_mode": "catmullrom"
						},
						"4.9583": {
							"post": [-23.94381, 2.35269, 19.5296],
							"lerp_mode": "catmullrom"
						},
						"5.2083": {
							"post": [-40.07862, 28.42812, 51.18572],
							"lerp_mode": "catmullrom"
						},
						"5.375": {
							"post": [-40.88007, 27.12966, 49.46631],
							"lerp_mode": "catmullrom"
						},
						"5.5": {
							"post": [-40.48604, 27.78155, 50.32088],
							"lerp_mode": "catmullrom"
						},
						"5.5833": {
							"post": [-41.08461, 28.44137, 51.17281],
							"lerp_mode": "catmullrom"
						},
						"5.6667": {
							"post": [-39.65755, 29.06915, 52.06115],
							"lerp_mode": "catmullrom"
						},
						"5.7083": {
							"post": [-41.3724, 25.23915, 42.80626],
							"lerp_mode": "catmullrom"
						},
						"5.7917": {
							"post": [-32.21693, 24.41195, 51.3897],
							"lerp_mode": "catmullrom"
						},
						"5.9167": {
							"post": [-37.05122, 25.70815, 47.06043],
							"lerp_mode": "catmullrom"
						},
						"6.0833": {
							"post": [-37.97273, 27.4081, 49.23087],
							"lerp_mode": "catmullrom"
						},
						"6.1667": {
							"post": [-37.38057, 26.80381, 48.33578],
							"lerp_mode": "catmullrom"
						},
						"6.2917": {
							"post": [-38.21061, 29.76532, 52.9118],
							"lerp_mode": "catmullrom"
						},
						"6.5": {
							"post": [-39.21061, 29.76532, 52.9118],
							"lerp_mode": "catmullrom"
						},
						"6.75": {
							"post": [-36.29849, 32.1877, 56.62512],
							"lerp_mode": "catmullrom"
						},
						"6.9167": {
							"post": [-36.67865, 32.99169, 55.91934],
							"lerp_mode": "catmullrom"
						},
						"6.9583": {
							"post": [-40.41083, 23.3148, 40.28127],
							"lerp_mode": "catmullrom"
						},
						"7.0417": {
							"post": [-30.35831, 22.92126, 48.54703],
							"lerp_mode": "catmullrom"
						},
						"7.1667": {
							"post": [-36.19339, 24.73137, 43.02304],
							"lerp_mode": "catmullrom"
						},
						"7.375": {
							"post": [-35.91146, 25.2637, 46.92421],
							"lerp_mode": "catmullrom"
						},
						"7.5417": {
							"post": [-36.12078, 8.212, 27.97761],
							"lerp_mode": "catmullrom"
						},
						"7.7083": {
							"post": [-11.77255, -28.27646, -38.84639],
							"lerp_mode": "catmullrom"
						},
						"7.9167": {
							"post": [-11.81449, -27.85057, -36.63185],
							"lerp_mode": "catmullrom"
						},
						"8.0": {
							"post": [-6.30604, -30.26373, -47.77901],
							"lerp_mode": "catmullrom"
						},
						"8.0833": {
							"post": [-10.36408, -28.87728, -37.55091],
							"lerp_mode": "catmullrom"
						},
						"8.125": {
							"post": [-8.7152, -29.37463, -40.93778],
							"lerp_mode": "catmullrom"
						},
						"8.1667": {
							"post": [-7.45594, -34.66628, -54.58862],
							"lerp_mode": "catmullrom"
						},
						"8.2917": {
							"post": [-11.98013, -32.49262, -39.19754],
							"lerp_mode": "catmullrom"
						},
						"8.4167": {
							"post": [-11.68007, -33.66964, -41.02448],
							"lerp_mode": "catmullrom"
						},
						"8.5417": {
							"post": [-15.53288, -31.96253, -24.79942],
							"lerp_mode": "catmullrom"
						},
						"8.625": {
							"post": [-28.47101, -18.03816, 12.29569],
							"lerp_mode": "catmullrom"
						},
						"8.7083": {
							"post": [-23.091, -12.56051, 22.1908],
							"lerp_mode": "catmullrom"
						},
						"8.9167": {
							"post": [-5.99029, 0.2788, 3.99029],
							"lerp_mode": "catmullrom"
						},
						"9.0417": {
							"post": [1.99878, 0.06978, -3.76351],
							"lerp_mode": "catmullrom"
						},
						"9.1667": {
							"post": [-0.6, 0, 0.7],
							"lerp_mode": "catmullrom"
						},
						"9.3333": {
							"post": [0.2, 0, -0.2],
							"lerp_mode": "catmullrom"
						},
						"9.5": {
							"post": [0, 0, 0],
							"lerp_mode": "catmullrom"
						},
						"9.5833": [0, 0, 0]
					},
					"position": {
						"0.0": [0, 0, 0],
						"0.0833": {
							"pre": [0, -0.5, 0.475],
							"post": [0, -0.5, 0.475],
							"lerp_mode": "catmullrom"
						},
						"0.25": {
							"post": [0, 1.45, -0.65],
							"lerp_mode": "catmullrom"
						},
						"0.4167": {
							"post": [0, 1.15, 0.775],
							"lerp_mode": "catmullrom"
						},
						"0.5417": {
							"post": [0, 1.275, 0.425],
							"lerp_mode": "catmullrom"
						},
						"0.75": {
							"post": [0, 1.27, 0.605],
							"lerp_mode": "catmullrom"
						},
						"0.875": {
							"post": [0, 1.27, 0.605],
							"lerp_mode": "catmullrom"
						},
						"1.0833": {
							"post": [0.04, 1.07, 0.61],
							"lerp_mode": "catmullrom"
						},
						"1.25": {
							"post": [0, 1.27, 0.605],
							"lerp_mode": "catmullrom"
						},
						"1.375": {
							"post": [-0.49, 1.27, -0.015],
							"lerp_mode": "catmullrom"
						},
						"1.5": {
							"post": [-0.563, 1.14778, 0.84815],
							"lerp_mode": "catmullrom"
						},
						"1.6667": {
							"post": [-0.45187, 1.31471, 0.5236],
							"lerp_mode": "catmullrom"
						},
						"1.875": {
							"post": [-0.475, 1.27, 0.61],
							"lerp_mode": "catmullrom"
						},
						"2.125": {
							"post": [-0.475, 1.27, 0.61],
							"lerp_mode": "catmullrom"
						},
						"2.25": {
							"post": [-0.47, 1.37, 0.61],
							"lerp_mode": "catmullrom"
						},
						"2.3333": {
							"post": [-0.47, 1.32, 0.61],
							"lerp_mode": "catmullrom"
						},
						"2.5417": {
							"post": [-0.47, 1.345, 0.61],
							"lerp_mode": "catmullrom"
						},
						"2.625": {
							"post": [-0.47, 0.375, 0.61],
							"lerp_mode": "catmullrom"
						},
						"2.7917": {
							"post": [-0.47, 1.105, 0.61],
							"lerp_mode": "catmullrom"
						},
						"3.0417": {
							"post": [-0.47, 1.16, 0.61],
							"lerp_mode": "catmullrom"
						},
						"3.4167": {
							"post": [-0.48, 1.455, 0.6],
							"lerp_mode": "catmullrom"
						},
						"3.6667": {
							"post": [-0.48, 1.37, 0.6],
							"lerp_mode": "catmullrom"
						},
						"4.0417": {
							"post": [-0.48, 1.455, 0.6],
							"lerp_mode": "catmullrom"
						},
						"4.7083": {
							"post": [-0.47, 1.535, 0.61],
							"lerp_mode": "catmullrom"
						},
						"4.9167": {
							"post": [0.41349, 0.04819, 1.31798],
							"lerp_mode": "catmullrom"
						},
						"5.1667": {
							"post": [0.89383, 0.42328, 1.26195],
							"lerp_mode": "catmullrom"
						},
						"5.3333": {
							"post": [0.86267, 0.35126, 1.32729],
							"lerp_mode": "catmullrom"
						},
						"5.4583": {
							"post": [0.89417, 0.43592, 1.24589],
							"lerp_mode": "catmullrom"
						},
						"5.5833": {
							"post": [0.87566, 0.40542, 1.28314],
							"lerp_mode": "catmullrom"
						},
						"5.6667": {
							"post": [0.89367, 0.44437, 1.24636],
							"lerp_mode": "catmullrom"
						},
						"5.7083": {
							"post": [0.99071, 0.73024, 0.95641],
							"lerp_mode": "catmullrom"
						},
						"5.7917": {
							"post": [0.93664, 0.52186, 1.19989],
							"lerp_mode": "catmullrom"
						},
						"5.9167": {
							"post": [0.93664, 0.52186, 1.09989],
							"lerp_mode": "catmullrom"
						},
						"6.0833": {
							"post": [0.94652, 0.55798, 1.16523],
							"lerp_mode": "catmullrom"
						},
						"6.1667": {
							"post": [0.95728, 0.59154, 1.12977],
							"lerp_mode": "catmullrom"
						},
						"6.2917": {
							"post": [0.90078, 0.4054, 1.32504],
							"lerp_mode": "catmullrom"
						},
						"6.5": {
							"post": [0.89319, 0.3928, 1.34682],
							"lerp_mode": "catmullrom"
						},
						"6.75": {
							"post": [0.90362, 0.4244, 1.31637],
							"lerp_mode": "catmullrom"
						},
						"6.9167": {
							"post": [0.90362, 0.4244, 1.31637],
							"lerp_mode": "catmullrom"
						},
						"6.9583": {
							"post": [0.99071, 0.73024, 0.95641],
							"lerp_mode": "catmullrom"
						},
						"7.0417": {
							"post": [0.93664, 0.52186, 1.19989],
							"lerp_mode": "catmullrom"
						},
						"7.1667": {
							"post": [0.97, 0.27, 1.27],
							"lerp_mode": "catmullrom"
						},
						"7.3333": {
							"post": [0.93484, -0.42122, 1.23693],
							"lerp_mode": "catmullrom"
						},
						"7.5": {
							"post": [0.42916, -2.7751, 0.72537],
							"lerp_mode": "catmullrom"
						},
						"7.6667": {
							"post": [-0.58, 1.53, 0.6],
							"lerp_mode": "catmullrom"
						},
						"7.875": {
							"post": [-0.455, 1.43, 0.6],
							"lerp_mode": "catmullrom"
						},
						"7.9583": {
							"post": [-0.73, 1.43, 0.6],
							"lerp_mode": "catmullrom"
						},
						"8.0417": {
							"post": [-0.555, 1.305, 0.6],
							"lerp_mode": "catmullrom"
						},
						"8.125": {
							"post": [-0.61, 1.385, 0.6],
							"lerp_mode": "catmullrom"
						},
						"8.1667": {
							"post": [-1.01, 1.115, 0.6],
							"lerp_mode": "catmullrom"
						},
						"8.25": {
							"post": [-0.66, 1.115, 0.6],
							"lerp_mode": "catmullrom"
						},
						"8.375": {
							"post": [-0.63, 1.02, 0.6],
							"lerp_mode": "catmullrom"
						},
						"8.5": {
							"post": [-0.46, -0.705, 0.6],
							"lerp_mode": "catmullrom"
						},
						"8.625": {
							"post": [0.04, -1.745, 0.6],
							"lerp_mode": "catmullrom"
						},
						"8.75": {
							"post": [0.57, -1.38, -0.14],
							"lerp_mode": "catmullrom"
						},
						"8.875": {
							"post": [0, 0.725, -0.45],
							"lerp_mode": "catmullrom"
						},
						"9.0": {
							"post": [0, -0.075, 0.4],
							"lerp_mode": "catmullrom"
						},
						"9.125": {
							"post": [0, 0, -0.2],
							"lerp_mode": "catmullrom"
						},
						"9.2917": {
							"post": [0, 0, 0.05],
							"lerp_mode": "catmullrom"
						},
						"9.4583": {
							"post": [0, 0, 0],
							"lerp_mode": "catmullrom"
						},
						"9.5833": [0, 0, 0]
					}
				},
				"mag_and_lefthand": {
					"rotation": {
						"2.5833": [0, 0, 0],
						"2.7083": {
							"pre": [-9, 0, -1],
							"post": [-9, 0, -1],
							"lerp_mode": "catmullrom"
						},
						"2.7917": {
							"post": [2.08714, -0.831, -12.97161],
							"lerp_mode": "catmullrom"
						},
						"3.0": {
							"post": [-10.34911, -1.52368, 8.02157],
							"lerp_mode": "catmullrom"
						},
						"3.2083": {
							"post": [-9.34911, -1.52368, 8.02157],
							"lerp_mode": "catmullrom"
						},
						"3.4167": {
							"post": [-12.3213, -1.73731, 7.04426],
							"lerp_mode": "catmullrom"
						},
						"4.0": {
							"post": [-12.3213, -1.73731, 7.04426],
							"lerp_mode": "catmullrom"
						},
						"4.25": {
							"post": [-2.03107, 8.59297, 58.17683],
							"lerp_mode": "catmullrom"
						},
						"4.5417": {
							"post": [-1.33175, 8.51684, 56.15579],
							"lerp_mode": "catmullrom"
						},
						"4.7917": {
							"post": [0.96846, 8.55808, 58.17777],
							"lerp_mode": "catmullrom"
						},
						"5.0": {
							"post": [-4.36979, 20.54948, -34.67604],
							"lerp_mode": "catmullrom"
						},
						"5.2083": [47.06636, 12.7992, 8.838],
						"5.4167": [47.07, 12.8, 8.84],
						"5.75": {
							"pre": [47.07, 12.8, 8.84],
							"post": [47.07, 12.8, 8.84],
							"lerp_mode": "catmullrom"
						},
						"5.9583": {
							"post": [47.07, 12.8, 8.84],
							"lerp_mode": "catmullrom"
						},
						"6.1667": {
							"post": [47.07, 12.8, 8.84],
							"lerp_mode": "catmullrom"
						},
						"7.0": {
							"post": [47.07, 12.8, 8.84],
							"lerp_mode": "catmullrom"
						},
						"7.1667": {
							"post": [45.96437, 17.15557, 4.56694],
							"lerp_mode": "catmullrom"
						},
						"7.3333": {
							"post": [8.64275, 47.79331, -57.91857],
							"lerp_mode": "catmullrom"
						},
						"7.5833": {
							"post": [26.81335, 32.04509, -32.93303],
							"lerp_mode": "catmullrom"
						},
						"7.7083": {
							"post": [2.08714, -0.831, -12.97161],
							"lerp_mode": "catmullrom"
						},
						"7.875": [-0.48981, -1.69998, 0.39168],
						"8.0417": [-0.24838, -1.75159, -7.61179],
						"8.125": [-0.12, -0.88, -3.81],
						"8.1667": [0, 0, 0]
					},
					"position": {
						"2.5833": [0, 0, 0],
						"2.7083": {
							"pre": [0.18423, -3.1785, -1.24276],
							"post": [0.18423, -3.1785, -1.24276],
							"lerp_mode": "catmullrom"
						},
						"2.7917": {
							"post": [0.78, -5.325, -0.42],
							"lerp_mode": "catmullrom"
						},
						"2.9583": {
							"post": [5.63, -3.07, 4.38],
							"lerp_mode": "catmullrom"
						},
						"3.1667": {
							"post": [5.63, -3.07, 4.23],
							"lerp_mode": "catmullrom"
						},
						"3.375": {
							"post": [5.63, -3.07, 4.53],
							"lerp_mode": "catmullrom"
						},
						"3.9167": {
							"post": [5.63, -3.07, 4.53],
							"lerp_mode": "catmullrom"
						},
						"4.2083": {
							"post": [7.47912, -5.7696, 2.56849],
							"lerp_mode": "catmullrom"
						},
						"4.4583": {
							"post": [7.49628, -5.59871, 2.55997],
							"lerp_mode": "catmullrom"
						},
						"4.75": {
							"post": [8.05579, -5.44916, 2.57518],
							"lerp_mode": "catmullrom"
						},
						"4.9167": {
							"post": [8.08818, 4.23443, 2.89116],
							"lerp_mode": "catmullrom"
						},
						"5.1667": [3.49, 10.32, -0.72],
						"5.4167": [3.49, 10.32, -0.72],
						"5.5": {
							"pre": [3.49, 10.32, 1.28],
							"post": [3.49, 10.32, 1.28],
							"lerp_mode": "catmullrom"
						},
						"5.6667": {
							"post": [3.49, 10.32, 1.28],
							"lerp_mode": "catmullrom"
						},
						"5.75": {
							"post": [3.69, 10.32, 0.805],
							"lerp_mode": "catmullrom"
						},
						"5.875": {
							"post": [3.69, 10.32, 0.585],
							"lerp_mode": "catmullrom"
						},
						"5.9583": {
							"post": [3.49, 10.32, -0.72],
							"lerp_mode": "catmullrom"
						},
						"6.1667": {
							"post": [3.49, 10.32, -0.72],
							"lerp_mode": "catmullrom"
						},
						"6.2917": {
							"post": [3.49, 10.32, 1.28],
							"lerp_mode": "catmullrom"
						},
						"6.9167": {
							"post": [3.49, 10.32, 1.28],
							"lerp_mode": "catmullrom"
						},
						"7.0": {
							"post": [3.69, 10.32, 0.805],
							"lerp_mode": "catmullrom"
						},
						"7.1667": {
							"post": [4.365, 10.32, 0.43],
							"lerp_mode": "catmullrom"
						},
						"7.3333": {
							"post": [6.31431, 10.53394, 3.61086],
							"lerp_mode": "catmullrom"
						},
						"7.5833": {
							"post": [8.18931, 2.53394, 7.61086],
							"lerp_mode": "catmullrom"
						},
						"7.7083": {
							"post": [0.78, -5.325, -0.42],
							"lerp_mode": "catmullrom"
						},
						"7.875": [-0.06, -2.19, -0.5],
						"8.0417": [0.19, -2.19, -0.5],
						"8.125": [0.09, -1.54, -0.25],
						"8.1667": [0, 0, 0]
					}
				},
				"bolt": {
					"rotation": {
						"5.4167": [0, 0, 0],
						"5.7083": [0, 0, 0],
						"6.1667": [0, 0, 0],
						"6.9583": [0, 0, 0]
					},
					"position": {
						"5.4167": [0, 0, 0],
						"5.5": [0, 0, 1.8],
						"5.6667": [0, 0, 1.8],
						"5.7083": [0, 0, 0],
						"6.1667": [0, 0, 0],
						"6.2917": [0, 0, 1.8],
						"6.9167": [0, 0, 1.8],
						"6.9583": [0, 0, 0]
					}
				},
				"bullet_in_chamber": {
					"scale": {
						"0.0": [1, 1, 1],
						"0.0417": {
							"pre": [1, 1, 1],
							"post": [0, 0, 0]
						}
					}
				},
				"side_ring": {
					"rotation": {
						"0.0": [0, 0, 0],
						"0.3333": [0, 0, 0],
						"0.4167": [0, 0, -63],
						"0.5": [0, 0, 0],
						"0.5833": [0, 0, -11],
						"0.6667": [0, 0, 0],
						"1.3333": [0, 0, 0],
						"1.4167": [0, 0, -32],
						"1.5": [0, 0, 0],
						"7.625": [0, 0, 0],
						"7.7083": [0, 0, -35.5],
						"7.75": [0, 0, 0],
						"8.125": [0, 0, 0],
						"8.1667": [0, 0, -61],
						"8.25": [0, 0, 0],
						"8.9167": [0, 0, 0],
						"9.0": [0, 0, -72.5],
						"9.0833": [0, 0, 0],
						"9.1667": [0, 0, -25],
						"9.25": [0, 0, 0]
					}
				},
				"release": {
					"rotation": {
						"2.5833": [0, 0, 0],
						"2.625": [11, 0, 0],
						"2.7083": [0, 0, 0],
						"8.0833": [0, 0, 0],
						"8.1667": [11, 0, 0],
						"8.2083": [0, 0, 0]
					}
				},
				"camera": {
					"rotation": {
						"0.0": [0, 0, 0],
						"0.125": {
							"pre": [0.6, 0, -0.175],
							"post": [0.6, 0, -0.175],
							"lerp_mode": "catmullrom"
						},
						"0.3333": {
							"post": [-0.75, 0, 0.1],
							"lerp_mode": "catmullrom"
						},
						"0.4167": {
							"post": [0.225, 0, -0.275],
							"lerp_mode": "catmullrom"
						},
						"0.5833": {
							"post": [-0.17, 0, 0.1],
							"lerp_mode": "catmullrom"
						},
						"0.7083": {
							"post": [0.15, 0, -0.04],
							"lerp_mode": "catmullrom"
						},
						"0.7917": {
							"post": [0.375, 0, 0],
							"lerp_mode": "catmullrom"
						},
						"1.2917": {
							"post": [0.38, 0, 0],
							"lerp_mode": "catmullrom"
						},
						"1.4167": {
							"post": [1.005, 0, -0.25],
							"lerp_mode": "catmullrom"
						},
						"1.5417": {
							"post": [0.725, 0, 0.15],
							"lerp_mode": "catmullrom"
						},
						"1.7083": {
							"post": [0.7, 0, -0.04],
							"lerp_mode": "catmullrom"
						},
						"1.8333": {
							"post": [0.7, 0, 0],
							"lerp_mode": "catmullrom"
						},
						"2.25": {
							"post": [0.68, 0, 0],
							"lerp_mode": "catmullrom"
						},
						"2.2917": {
							"post": [0.68, 0, 0.325],
							"lerp_mode": "catmullrom"
						},
						"2.375": {
							"post": [0.68, 0, -0.15],
							"lerp_mode": "catmullrom"
						},
						"2.5": {
							"post": [0.67, 0, 0.07],
							"lerp_mode": "catmullrom"
						},
						"2.5833": {
							"post": [0.73, 0, 0],
							"lerp_mode": "catmullrom"
						},
						"2.625": {
							"post": [1.28, 0, -0.525],
							"lerp_mode": "catmullrom"
						},
						"2.7083": {
							"post": [0.33, -0.325, 0.275],
							"lerp_mode": "catmullrom"
						},
						"2.7917": {
							"post": [0.47, -0.96, -0.235],
							"lerp_mode": "catmullrom"
						},
						"2.875": {
							"post": [0.73, -1.775, 0.075],
							"lerp_mode": "catmullrom"
						},
						"2.9583": {
							"post": [0.74, -2.3, 0.01],
							"lerp_mode": "catmullrom"
						},
						"3.2917": {
							"post": [0.74, -1.92, 0.215],
							"lerp_mode": "catmullrom"
						},
						"3.4583": {
							"post": [0.74, -1.9, 0.39],
							"lerp_mode": "catmullrom"
						},
						"3.5417": {
							"post": [0.74, -1.88, 0.235],
							"lerp_mode": "catmullrom"
						},
						"3.625": {
							"post": [0.74, -1.87, 0.245],
							"lerp_mode": "catmullrom"
						},
						"3.7083": {
							"post": [0.74, -1.86, 0.055],
							"lerp_mode": "catmullrom"
						},
						"3.9167": {
							"post": [0.73, -2.2, 0],
							"lerp_mode": "catmullrom"
						},
						"4.0": {
							"post": [0.69, -3.29, 0.18],
							"lerp_mode": "catmullrom"
						},
						"4.0833": {
							"post": [0.65, -4.995, 0.3],
							"lerp_mode": "catmullrom"
						},
						"4.2083": {
							"post": [0.64, -6.18, -0.19],
							"lerp_mode": "catmullrom"
						},
						"4.3333": {
							"post": [0.63, -5.97, -0.04],
							"lerp_mode": "catmullrom"
						},
						"4.8333": {
							"post": [0.73, -6.2, 0],
							"lerp_mode": "catmullrom"
						},
						"4.9167": {
							"post": [2.155, -5.95, 0.15],
							"lerp_mode": "catmullrom"
						},
						"5.0417": {
							"post": [1.38, -3.2, -0.4],
							"lerp_mode": "catmullrom"
						},
						"5.125": {
							"post": [1.655, -1.225, -0.15],
							"lerp_mode": "catmullrom"
						},
						"5.4167": {
							"post": [1.66, 0, 0],
							"lerp_mode": "catmullrom"
						},
						"5.5": {
							"post": [2.76, 0, 1.05],
							"lerp_mode": "catmullrom"
						},
						"5.625": {
							"post": [3.035, 0, 0.65],
							"lerp_mode": "catmullrom"
						},
						"5.7083": {
							"post": [1.115, 0, -1.05],
							"lerp_mode": "catmullrom"
						},
						"5.75": {
							"post": [1.695, 0, 0.4],
							"lerp_mode": "catmullrom"
						},
						"5.8333": {
							"post": [1.43, 0, -0.5],
							"lerp_mode": "catmullrom"
						},
						"5.9167": {
							"post": [1.625, 0, 0.15],
							"lerp_mode": "catmullrom"
						},
						"6.0": {
							"post": [1.64, 0, -0.1],
							"lerp_mode": "catmullrom"
						},
						"6.1667": {
							"post": [1.785, 0, 0],
							"lerp_mode": "catmullrom"
						},
						"6.25": {
							"post": [2.935, 0, 0.675],
							"lerp_mode": "catmullrom"
						},
						"6.9167": {
							"post": [3.035, 0, 0.825],
							"lerp_mode": "catmullrom"
						},
						"7.0": {
							"post": [1.115, 0, -0.625],
							"lerp_mode": "catmullrom"
						},
						"7.0417": {
							"post": [1.945, 0, 0.3],
							"lerp_mode": "catmullrom"
						},
						"7.125": {
							"post": [1.86, 0, -0.175],
							"lerp_mode": "catmullrom"
						},
						"7.2083": {
							"post": [1.575, 0, 0.05],
							"lerp_mode": "catmullrom"
						},
						"7.2917": {
							"post": [1.755, 0, 0],
							"lerp_mode": "catmullrom"
						},
						"7.4583": {
							"post": [1.635, 0, 0.45],
							"lerp_mode": "catmullrom"
						},
						"7.5417": {
							"post": [2.765, 0, -0.275],
							"lerp_mode": "catmullrom"
						},
						"7.7083": {
							"post": [1.895, 0, 0.2],
							"lerp_mode": "catmullrom"
						},
						"7.8333": {
							"post": [1.85, 0, 0.02],
							"lerp_mode": "catmullrom"
						},
						"7.875": {
							"post": [1.87, 0, 0.36],
							"lerp_mode": "catmullrom"
						},
						"7.9583": {
							"post": [1.91, 0, -0.145],
							"lerp_mode": "catmullrom"
						},
						"8.0417": {
							"post": [1.95, 0, 0.025],
							"lerp_mode": "catmullrom"
						},
						"8.125": {
							"post": [1.9, 0, 0],
							"lerp_mode": "catmullrom"
						},
						"8.1667": {
							"post": [1.2, 0, 0.9],
							"lerp_mode": "catmullrom"
						},
						"8.25": {
							"post": [1.825, 0, -0.325],
							"lerp_mode": "catmullrom"
						},
						"8.3333": {
							"post": [1.84, 0, 0.25],
							"lerp_mode": "catmullrom"
						},
						"8.375": {
							"post": [1.8, 0, -0.095],
							"lerp_mode": "catmullrom"
						},
						"8.4583": {
							"post": [1.76, 0, 0.11],
							"lerp_mode": "catmullrom"
						},
						"8.625": {
							"post": [1.83, 0, 0],
							"lerp_mode": "catmullrom"
						},
						"8.75": {
							"post": [3.13, 0, -0.625],
							"lerp_mode": "catmullrom"
						},
						"8.875": {
							"post": [0.605, 0, 0.55],
							"lerp_mode": "catmullrom"
						},
						"9.0": {
							"post": [-0.465, 0, -0.425],
							"lerp_mode": "catmullrom"
						},
						"9.0833": {
							"post": [0.34, 0, 0.275],
							"lerp_mode": "catmullrom"
						},
						"9.1667": {
							"post": [-0.135, 0, -0.1],
							"lerp_mode": "catmullrom"
						},
						"9.25": {
							"post": [0.02, 0, 0.1],
							"lerp_mode": "catmullrom"
						},
						"9.3333": {
							"post": [-0.08, 0, -0.05],
							"lerp_mode": "catmullrom"
						},
						"9.4583": {
							"post": [0.02, 0, 0],
							"lerp_mode": "catmullrom"
						}
					}
				},
				"bullet": {
					"scale": 0.0001
				}
			},
			"sound_effects": {
				"0.0": {
					"effect": "striker45_raise_quick"
				},
				"1.4167": {
					"effect": "wfoly_sm_cx9_reload_empty_end"
				},
				"2.2083": {
					"effect": "wfoly_sm_cx9_reload_empty_fast_up"
				},
				"2.5833": {
					"effect": "striker45_reload_smag_magout"
				},
				"3.9583": {
					"effect": "striker45_reload_empty_fast_smag_charge"
				},
				"4.7917": {
					"effect": "wfoly_plr_sm_uzulu_reload_empty_scope_charge_01"
				},
				"4.875": {
					"effect": "striker45_reload_fast_xmaglrg_arm"
				},
				"5.2917": {
					"effect": "wfoly_plr_sm_beta_reload_empty_charge_01"
				},
				"6.125": {
					"effect": "weap_sm_beta_ads_up"
				},
				"6.1667": {
					"effect": "charge1"
				},
				"6.9167": {
					"effect": "charge2"
				},
				"7.3333": {
					"effect": "wfoly_plr_sm_beta_raise_up"
				},
				"7.875": {
					"effect": "wfoly_plr_sm_beta_reload_empty_magin_01"
				},
				"8.0417": {
					"effect": "wfoly_sm_iso_inspect_fingers"
				},
				"8.4583": {
					"effect": "wfoly_plr_sm_uzulu_reload_empty_hit"
				},
				"8.625": {
					"effect": "wfoly_sm_iso_raise_quick"
				}
			}
		},
		"inspect": {
			"loop": "hold_on_last_frame",
			"animation_length": 9.2917,
			"bones": {
				"lefthand": {
					"rotation": {
						"0.0": [131.11384, -399.66477, -203.82903],
						"0.2083": {
							"pre": [131.11384, -399.66477, -203.82903],
							"post": [131.11384, -399.66477, -203.82903],
							"lerp_mode": "catmullrom"
						},
						"0.4167": {
							"post": [86.7994, -396.78302, -222.6051],
							"lerp_mode": "catmullrom"
						},
						"1.2917": {
							"post": [84.71, -396.65, -223.49],
							"lerp_mode": "catmullrom"
						},
						"2.0": [86.7994, -396.78302, -233.6051],
						"2.7083": [86.7994, -396.78302, -233.6051],
						"2.875": {
							"pre": [89.2961, -403.35229, -220.86473],
							"post": [89.2961, -403.35229, -220.86473],
							"lerp_mode": "catmullrom"
						},
						"3.0": {
							"post": [93.33275, -378.20861, -202.24298],
							"lerp_mode": "catmullrom"
						},
						"5.2083": {
							"post": [93.33275, -378.20861, -202.24298],
							"lerp_mode": "catmullrom"
						},
						"5.375": [131.11384, -399.66477, -203.82903],
						"6.2917": [131.11, -399.66, -203.83],
						"6.5": {
							"pre": [115.11, -399.66, -203.83],
							"post": [115.11, -399.66, -203.83],
							"lerp_mode": "catmullrom"
						},
						"6.75": {
							"post": [115.11, -399.66, -203.83],
							"lerp_mode": "catmullrom"
						},
						"7.1667": {
							"post": [109.11, -399.66, -203.83],
							"lerp_mode": "catmullrom"
						},
						"7.375": {
							"post": [109.11, -399.66, -203.83],
							"lerp_mode": "catmullrom"
						},
						"7.625": {
							"post": [99.11, -399.66, -203.83],
							"lerp_mode": "catmullrom"
						},
						"8.125": {
							"post": [99.11, -399.66, -203.83],
							"lerp_mode": "catmullrom"
						},
						"8.3333": [131.11384, -399.66477, -203.82903]
					},
					"position": {
						"0.0": [5.75, -11.1875, -7.875],
						"0.1667": {
							"pre": [7.1, -11.1875, -7.875],
							"post": [7.1, -11.1875, -7.875],
							"lerp_mode": "catmullrom"
						},
						"0.375": {
							"post": [9.555, -10.41, -9.2],
							"lerp_mode": "catmullrom"
						},
						"1.2917": {
							"post": [9.67, -10.37, -9.26],
							"lerp_mode": "catmullrom"
						},
						"2.0": [9.555, -10.41, -9.2],
						"2.7083": [9.555, -10.41, -9.2],
						"2.8333": {
							"pre": [16.23844, -12.3999, -3.87657],
							"post": [16.23844, -12.3999, -3.87657],
							"lerp_mode": "catmullrom"
						},
						"2.9583": {
							"post": [12.145, -19.97, 3.59],
							"lerp_mode": "catmullrom"
						},
						"5.125": {
							"post": [16.41687, -19.66766, -0.78896],
							"lerp_mode": "catmullrom"
						},
						"5.375": [5.75, -11.1875, -7.875],
						"6.2917": [5.75, -11.19, -7.87],
						"6.5": {
							"pre": [5.75, -11.19, -7.87],
							"post": [5.75, -11.19, -7.87],
							"lerp_mode": "catmullrom"
						},
						"6.75": {
							"post": [5.75, -11.19, -7.87],
							"lerp_mode": "catmullrom"
						},
						"7.1667": {
							"post": [5.75, -11.19, -7.87],
							"lerp_mode": "catmullrom"
						},
						"7.375": {
							"post": [5.75, -11.19, -7.87],
							"lerp_mode": "catmullrom"
						},
						"7.625": {
							"post": [5.75, -11.19, -7.87],
							"lerp_mode": "catmullrom"
						},
						"8.125": {
							"post": [5.75, -11.19, -7.87],
							"lerp_mode": "catmullrom"
						},
						"8.3333": [5.75, -11.1875, -7.875]
					},
					"scale": [1, 1.5, 1]
				},
				"righthand": {
					"rotation": {
						"0.0": [106.81178, 9.85957, -179.20267],
						"0.2917": [106.81, 9.86, -179.2],
						"0.5833": [106.59847, 4.11275, -180.93676],
						"3.0": [106.81, 9.86, -179.2],
						"3.0833": [106.81, 9.86, -179.2],
						"6.1667": [106.81, 9.86, -179.2],
						"6.25": [106.81, 9.86, -179.2]
					},
					"position": {
						"0.0": [-6.5, -11.1875, 1.8125],
						"0.2917": [-6.5, -11.19, 1.81],
						"0.5833": [-6.5, -11.19, 1.81],
						"3.0": [-6.5, -11.19, 1.81],
						"3.0833": [-8.47027, -11.16249, 1.46752],
						"6.1667": [-8.47027, -11.16249, 1.46752],
						"6.25": [-6.5, -11.19, 1.81]
					},
					"scale": [1, 1.5, 1]
				},
				"root": {
					"rotation": {
						"0.0": [0, 0, 0],
						"0.2083": {
							"pre": [-1.17425, -1.16862, 16.96097],
							"post": [-1.17425, -1.16862, 16.96097],
							"lerp_mode": "catmullrom"
						},
						"0.4583": {
							"post": [-40.07396, 19.06385, 60.48608],
							"lerp_mode": "catmullrom"
						},
						"0.9167": {
							"post": [-38.80418, 19.70584, 61.29888],
							"lerp_mode": "catmullrom"
						},
						"1.3333": {
							"post": [-40.81899, 19.75945, 61.2514],
							"lerp_mode": "catmullrom"
						},
						"1.75": {
							"post": [-36.93112, 23.41759, 66.36602],
							"lerp_mode": "catmullrom"
						},
						"2.25": {
							"post": [-34.95011, 23.4741, 66.32137],
							"lerp_mode": "catmullrom"
						},
						"2.75": {
							"post": [-36.29598, 22.88457, 65.44269],
							"lerp_mode": "catmullrom"
						},
						"3.0417": {
							"post": [-13.07056, 1.23429, -2.54743],
							"lerp_mode": "catmullrom"
						},
						"3.25": {
							"post": [-0.96169, -54.80847, -32.25852],
							"lerp_mode": "catmullrom"
						},
						"3.5": {
							"post": [-8.19608, -48.81539, -27.37864],
							"lerp_mode": "catmullrom"
						},
						"3.7083": {
							"post": [-8.2281, -50.79563, -26.94405],
							"lerp_mode": "catmullrom"
						},
						"4.125": {
							"post": [-6.50937, -48.93861, -28.88758],
							"lerp_mode": "catmullrom"
						},
						"4.3333": {
							"post": [0.24666, -51.81407, -27.23931],
							"lerp_mode": "catmullrom"
						},
						"4.5417": {
							"post": [-41.34501, -34.37579, 26.7888],
							"lerp_mode": "catmullrom"
						},
						"4.9583": {
							"post": [-37.93201, -38.39079, 24.526],
							"lerp_mode": "catmullrom"
						},
						"5.2083": {
							"post": [-38.73955, -36.53641, 27.49736],
							"lerp_mode": "catmullrom"
						},
						"5.4167": {
							"post": [-9.51639, -49.93403, -21.26377],
							"lerp_mode": "catmullrom"
						},
						"5.6667": {
							"post": [-20.02883, -49.31668, -3.83603],
							"lerp_mode": "catmullrom"
						},
						"6.0417": {
							"post": [-20.02883, -49.31668, -3.83603],
							"lerp_mode": "catmullrom"
						},
						"6.25": {
							"post": [-20.6343, -7.98186, -1.26049],
							"lerp_mode": "catmullrom"
						},
						"6.5": {
							"post": [-27.43531, 3.17862, 15.56547],
							"lerp_mode": "catmullrom"
						},
						"6.7917": {
							"post": [-27.43531, 3.17862, 15.56547],
							"lerp_mode": "catmullrom"
						},
						"7.3333": {
							"post": [-25.01015, 5.92533, 20.91727],
							"lerp_mode": "catmullrom"
						},
						"7.625": {
							"post": [-41.45566, 11.95261, 27.6866],
							"lerp_mode": "catmullrom"
						},
						"7.8333": {
							"post": [-41.45566, 11.95261, 27.6866],
							"lerp_mode": "catmullrom"
						},
						"8.125": {
							"post": [-37.45566, 11.95261, 27.6866],
							"lerp_mode": "catmullrom"
						},
						"8.3333": {
							"post": [-20.6343, -7.98186, -1.26049],
							"lerp_mode": "catmullrom"
						},
						"8.5417": {
							"post": [0.99985, 0.01745, -2.99985],
							"lerp_mode": "catmullrom"
						},
						"8.7083": {
							"post": [-0.99452, 0.10452, 3.99909],
							"lerp_mode": "catmullrom"
						},
						"8.9167": {
							"post": [0, 0, 0],
							"lerp_mode": "catmullrom"
						},
						"9.2083": {
							"post": [0, 0, 0],
							"lerp_mode": "catmullrom"
						}
					},
					"position": {
						"0.0": [0, 0, 0],
						"0.125": {
							"pre": [0, -1.55, 0.625],
							"post": [0, -1.55, 0.625],
							"lerp_mode": "catmullrom"
						},
						"0.375": {
							"post": [3, 0.6, -0.725],
							"lerp_mode": "catmullrom"
						},
						"0.75": {
							"post": [2.925, 0.475, -0.275],
							"lerp_mode": "catmullrom"
						},
						"1.25": {
							"post": [2.805, 0.875, -0.225],
							"lerp_mode": "catmullrom"
						},
						"1.6667": {
							"post": [3.315, 1.05, -0.325],
							"lerp_mode": "catmullrom"
						},
						"2.1667": {
							"post": [3.215, 0.5, -0.325],
							"lerp_mode": "catmullrom"
						},
						"2.5833": {
							"post": [3.635, 0.225, -0.5],
							"lerp_mode": "catmullrom"
						},
						"2.9583": {
							"post": [0.88, -1.5, 0.2],
							"lerp_mode": "catmullrom"
						},
						"3.1667": {
							"post": [-1.7, 2.1, 0],
							"lerp_mode": "catmullrom"
						},
						"3.4167": {
							"post": [-1.7, 1.675, 0],
							"lerp_mode": "catmullrom"
						},
						"3.625": {
							"post": [-1.7, 1.75, 0],
							"lerp_mode": "catmullrom"
						},
						"4.0": {
							"post": [-1.7, 1.725, 0],
							"lerp_mode": "catmullrom"
						},
						"4.25": {
							"post": [-1.45, 1.78, 0],
							"lerp_mode": "catmullrom"
						},
						"4.4583": {
							"post": [-1.45, 1.78, 1.125],
							"lerp_mode": "catmullrom"
						},
						"4.8333": {
							"post": [-1.475, 1.78, 1.05],
							"lerp_mode": "catmullrom"
						},
						"5.1667": {
							"post": [-1.445, 1.33, 1],
							"lerp_mode": "catmullrom"
						},
						"5.375": {
							"post": [-1.44, 1.98, 1],
							"lerp_mode": "catmullrom"
						},
						"5.5833": {
							"post": [-1.44, 1.88, 1],
							"lerp_mode": "catmullrom"
						},
						"5.9583": {
							"post": [-1.44, 1.88, 1],
							"lerp_mode": "catmullrom"
						},
						"6.2083": {
							"post": [-0.42076, -2.29728, 0.18498],
							"lerp_mode": "catmullrom"
						},
						"6.4167": {
							"post": [-0.33, -2.09, 0.09],
							"lerp_mode": "catmullrom"
						},
						"6.7083": {
							"post": [-0.33, -2.09, 0.09],
							"lerp_mode": "catmullrom"
						},
						"7.25": {
							"post": [-0.05959, -0.64025, -2.55116],
							"lerp_mode": "catmullrom"
						},
						"7.5417": {
							"post": [0.28842, -1.10636, 2.10494],
							"lerp_mode": "catmullrom"
						},
						"7.7917": {
							"post": [0.28842, -1.10636, 2.10494],
							"lerp_mode": "catmullrom"
						},
						"8.0833": {
							"post": [0.18975, -1.85396, 1.62604],
							"lerp_mode": "catmullrom"
						},
						"8.2917": {
							"post": [-0.42076, -2.29728, 0.18498],
							"lerp_mode": "catmullrom"
						},
						"8.5": {
							"post": [0.03085, 0.07609, -1.32266],
							"lerp_mode": "catmullrom"
						},
						"8.6667": {
							"post": [-0.00007, -0.00358, 0.14996],
							"lerp_mode": "catmullrom"
						},
						"8.8333": {
							"post": [0, 0, 0],
							"lerp_mode": "catmullrom"
						},
						"9.125": {
							"post": [0, 0, 0],
							"lerp_mode": "catmullrom"
						}
					}
				},
				"side_ring": {
					"rotation": {
						"2.5833": [0, 0, 0],
						"3.0": [0, 0, -70],
						"3.2083": [0, 0, -35],
						"3.2917": [0, 0, 0],
						"4.5": [0, 0, 0],
						"4.5833": [0, 0, -16.5],
						"4.8333": [0, 0, -12.5],
						"5.0833": [0, 0, -17.5],
						"5.3333": [0, 0, 0],
						"8.625": [0, 0, 0],
						"8.7083": [0, 0, -33.5],
						"8.7917": [0, 0, 0],
						"8.875": [0, 0, -10],
						"8.9583": [0, 0, 0]
					}
				},
				"camera": {
					"rotation": {
						"0.0": [0, 0, 0],
						"0.125": {
							"pre": [-0.6, 0, -0.625],
							"post": [-0.6, 0, -0.625],
							"lerp_mode": "catmullrom"
						},
						"0.3333": {
							"post": [1.125, 0, 0.505],
							"lerp_mode": "catmullrom"
						},
						"0.4167": {
							"post": [1, 0, -0.225],
							"lerp_mode": "catmullrom"
						},
						"0.5417": {
							"post": [1, 0, 0.105],
							"lerp_mode": "catmullrom"
						},
						"0.7083": {
							"post": [1, 0, -0.09],
							"lerp_mode": "catmullrom"
						},
						"0.875": {
							"post": [2.075, 0, 0],
							"lerp_mode": "catmullrom"
						},
						"1.125": {
							"post": [5.35, 0, 0],
							"lerp_mode": "catmullrom"
						},
						"1.7083": {
							"post": [5.35, 0, 0],
							"lerp_mode": "catmullrom"
						},
						"2.0417": {
							"post": [2.875, 0, 0],
							"lerp_mode": "catmullrom"
						},
						"2.5833": {
							"post": [1.93, 0, 0],
							"lerp_mode": "catmullrom"
						},
						"2.875": {
							"post": [4.305, 0, 0],
							"lerp_mode": "catmullrom"
						},
						"3.0417": {
							"post": [2.12, 0, 0.475],
							"lerp_mode": "catmullrom"
						},
						"3.2083": {
							"post": [-0.315, 0, -0.475],
							"lerp_mode": "catmullrom"
						},
						"3.4167": {
							"post": [0.115, 0, 0],
							"lerp_mode": "catmullrom"
						},
						"3.625": {
							"post": [0.045, 0, 0],
							"lerp_mode": "catmullrom"
						},
						"3.875": {
							"post": [0.3, 0, 0],
							"lerp_mode": "catmullrom"
						},
						"4.25": {
							"post": [2.15, 0, 0],
							"lerp_mode": "catmullrom"
						},
						"4.4583": {
							"post": [2.24, 0, 0],
							"lerp_mode": "catmullrom"
						},
						"4.75": {
							"post": [3.05, 0, 0],
							"lerp_mode": "catmullrom"
						},
						"5.1667": {
							"post": [3.195, 0, 0],
							"lerp_mode": "catmullrom"
						},
						"5.4583": {
							"post": [1.875, 0, 0],
							"lerp_mode": "catmullrom"
						},
						"6.0417": {
							"post": [1.88, 0, 0],
							"lerp_mode": "catmullrom"
						},
						"6.25": {
							"post": [-0.395, 0, -0.65],
							"lerp_mode": "catmullrom"
						},
						"6.4583": {
							"post": [0.985, 0, 0.275],
							"lerp_mode": "catmullrom"
						},
						"6.5833": {
							"post": [1.07, 0, 0],
							"lerp_mode": "catmullrom"
						},
						"7.125": {
							"post": [0.74, 0, 0],
							"lerp_mode": "catmullrom"
						},
						"7.4583": {
							"post": [0.74, 0, 0],
							"lerp_mode": "catmullrom"
						},
						"7.5833": {
							"post": [4.29, 0, 0.375],
							"lerp_mode": "catmullrom"
						},
						"7.75": {
							"post": [3.915, 0, -0.425],
							"lerp_mode": "catmullrom"
						},
						"7.9167": {
							"post": [4.22, 0, 0],
							"lerp_mode": "catmullrom"
						},
						"8.2917": {
							"post": [4.74, 0, 0],
							"lerp_mode": "catmullrom"
						},
						"8.5833": {
							"post": [1.22, 0, -0.375],
							"lerp_mode": "catmullrom"
						},
						"8.7083": {
							"post": [-0.255, 0, 0.075],
							"lerp_mode": "catmullrom"
						},
						"8.8333": {
							"post": [0.295, 0, -0.2],
							"lerp_mode": "catmullrom"
						},
						"8.9167": {
							"post": [-0.125, 0, 0],
							"lerp_mode": "catmullrom"
						},
						"9.0417": {
							"post": [0.1, 0, 0],
							"lerp_mode": "catmullrom"
						},
						"9.2083": {
							"post": [0, 0, 0],
							"lerp_mode": "catmullrom"
						}
					}
				}
			},
			"sound_effects": {
				"0.0": {
					"effect": "wfoly_sm_cx9_drop_quick"
				},
				"2.7917": {
					"effect": "wfoly_pi_mpapa5_reload_rotate"
				},
				"4.375": {
					"effect": "wfoly_sm_cx9_reload_fast_end"
				},
				"5.25": {
					"effect": "weap_sm_beta_ads_down"
				},
				"6.1667": {
					"effect": "weap_sm_beta_ads_up"
				},
				"7.4583": {
					"effect": "wfoly_plr_sm_beta_raise_up"
				},
				"8.0417": {
					"effect": "wfoly_pi_mpapa5_reload_empty_cloth"
				},
				"8.625": {
					"effect": "wfoly_sm_mpapa5_raise"
				}
			}
		},
		"reload_tactical": {
			"loop": "hold_on_last_frame",
			"animation_length": 2.4583,
			"bones": {
				"lefthand": {
					"rotation": {
						"0.0": [131.11384, -399.66477, -203.82903],
						"0.125": [140.77548, -364.78184, -226.83836],
						"0.2083": [133.81666, -345.65376, -233.94475],
						"0.7083": [133.81666, -345.65376, -233.94475],
						"1.0833": [107.20003, -369.58465, -211.10615],
						"1.6667": [107.20003, -369.58465, -211.10615],
						"1.8333": [124.97351, -373.91162, -195.36646],
						"1.9583": [131.11384, -399.66477, -203.82903]
					},
					"position": {
						"0.0": [5.75, -11.1875, -7.875],
						"0.125": [8.49958, -13.278, -6.11314],
						"0.2083": [7.76981, -13.97332, -4.98562],
						"0.7083": [7.76981, -13.97332, -4.98562],
						"1.0833": [6.64939, -17.51103, -4.27946],
						"1.6667": [6.64939, -17.51103, -4.27946],
						"1.8333": [6.5625, -14.625, -4.875],
						"1.9583": [5.75, -11.1875, -7.875]
					},
					"scale": [1, 1.5, 1]
				},
				"righthand": {
					"rotation": {
						"0.0": [106.81178, 9.85957, -179.20267],
						"0.125": [106.81, 9.86, -179.2],
						"0.2083": [106.81, 9.86, -179.2],
						"1.875": [106.81, 9.86, -179.2],
						"1.9583": [106.81, 9.86, -179.2]
					},
					"position": {
						"0.0": [-6.5, -11.1875, 1.8125],
						"0.125": [-6.5, -11.19, 1.81],
						"0.2083": [-8.22398, -11.16593, 1.51033],
						"1.875": [-8.22398, -11.16593, 1.51033],
						"1.9583": [-6.5, -11.19, 1.81]
					},
					"scale": [1, 1.5, 1]
				},
				"root": {
					"rotation": {
						"0.0": [0, 0, 0],
						"0.125": {
							"pre": [1.34173, 1.19628, 7.60039],
							"post": [1.34173, 1.19628, 7.60039],
							"lerp_mode": "catmullrom"
						},
						"0.25": {
							"post": [-4.61338, -5.64972, -18.60521],
							"lerp_mode": "catmullrom"
						},
						"0.3333": {
							"post": [-7.11572, -2.25995, -12.56502],
							"lerp_mode": "catmullrom"
						},
						"0.4167": {
							"post": [-8.11572, -2.25995, -12.56502],
							"lerp_mode": "catmullrom"
						},
						"0.4583": {
							"post": [-11.24187, 0.10178, -2.46904],
							"lerp_mode": "catmullrom"
						},
						"0.5833": {
							"post": [-10.12321, -4.79317, -11.75303],
							"lerp_mode": "catmullrom"
						},
						"0.7083": {
							"post": [-6.61695, -2.54242, -4.99947],
							"lerp_mode": "catmullrom"
						},
						"0.875": {
							"post": [-7.61695, -2.54242, -4.99947],
							"lerp_mode": "catmullrom"
						},
						"1.0417": {
							"post": [-6.88366, -18.21978, -32.35492],
							"lerp_mode": "catmullrom"
						},
						"1.1667": {
							"post": [-4.40213, -15.93509, -22.9177],
							"lerp_mode": "catmullrom"
						},
						"1.2917": {
							"post": [-4.24432, -15.17045, -27.1676],
							"lerp_mode": "catmullrom"
						},
						"1.375": {
							"post": [-7.89888, -20.94406, -36.32488],
							"lerp_mode": "catmullrom"
						},
						"1.4583": {
							"post": [-10.47008, -19.82512, -28.95246],
							"lerp_mode": "catmullrom"
						},
						"1.5417": [-9.02181, -20.50256, -33.15221],
						"1.5833": [-3.61578, -15.745, -41.89497],
						"1.6667": {
							"pre": [-9.66202, -18.5329, -16.31398],
							"post": [-9.66202, -18.5329, -16.31398],
							"lerp_mode": "catmullrom"
						},
						"1.75": {
							"post": [-9.97471, -18.65113, -18.43609],
							"lerp_mode": "catmullrom"
						},
						"1.8333": {
							"post": [-9.07147, -14.34079, -11.70917],
							"lerp_mode": "catmullrom"
						},
						"1.9583": {
							"post": [-7.74402, -7.17896, 18.16468],
							"lerp_mode": "catmullrom"
						},
						"2.0417": {
							"post": [-0.78319, -1.14075, 6.01315],
							"lerp_mode": "catmullrom"
						},
						"2.125": {
							"post": [-0.31859, -0.13504, -1.3],
							"lerp_mode": "catmullrom"
						},
						"2.2083": {
							"post": [0.03999, 0.0007, 0.3],
							"lerp_mode": "catmullrom"
						},
						"2.2917": {
							"post": [0, 0, 0],
							"lerp_mode": "catmullrom"
						},
						"2.375": [0, 0, 0]
					},
					"position": {
						"0.0": [0, 0, 0],
						"0.0833": {
							"pre": [0.125, -0.625, 0],
							"post": [0.125, -0.625, 0],
							"lerp_mode": "catmullrom"
						},
						"0.2083": {
							"post": [0, 0, 0],
							"lerp_mode": "catmullrom"
						},
						"0.2917": {
							"post": [0, 0.5, 0],
							"lerp_mode": "catmullrom"
						},
						"0.4167": {
							"post": [0, 0.5625, 0],
							"lerp_mode": "catmullrom"
						},
						"0.4583": {
							"post": [0.01, -0.2375, 0],
							"lerp_mode": "catmullrom"
						},
						"0.5417": {
							"post": [0.01, 0.145, 0],
							"lerp_mode": "catmullrom"
						},
						"0.6667": {
							"post": [0.01, 0.145, 0],
							"lerp_mode": "catmullrom"
						},
						"0.8333": {
							"post": [0.01, 0.145, 0],
							"lerp_mode": "catmullrom"
						},
						"1.0": {
							"post": [-0.55919, 1.09126, 0.03037],
							"lerp_mode": "catmullrom"
						},
						"1.125": {
							"post": [-0.4375, 0.5625, 0],
							"lerp_mode": "catmullrom"
						},
						"1.25": {
							"post": [-0.49392, 0.73619, 0.00884],
							"lerp_mode": "catmullrom"
						},
						"1.3333": {
							"post": [-0.53517, 0.85198, 0.02576],
							"lerp_mode": "catmullrom"
						},
						"1.4167": {
							"post": [-0.58606, 0.93564, 0.04125],
							"lerp_mode": "catmullrom"
						},
						"1.5417": [-0.58606, 0.93564, 0.04125],
						"1.5833": [-0.19098, -0.0974, -0.0757],
						"1.625": [-0.34728, -0.01246, -0.16026],
						"1.7083": {
							"pre": [-0.48046, 0.80692, 0.01781],
							"post": [-0.48046, 0.80692, 0.01781],
							"lerp_mode": "catmullrom"
						},
						"1.7917": {
							"post": [-0.40526, 0.57233, -0.02474],
							"lerp_mode": "catmullrom"
						},
						"1.9167": {
							"post": [-0.61783, -0.23088, -0.21201],
							"lerp_mode": "catmullrom"
						},
						"2.0": {
							"post": [0, 0.0625, -1.5125],
							"lerp_mode": "catmullrom"
						},
						"2.125": {
							"post": [0, -0.1875, 0.13],
							"lerp_mode": "catmullrom"
						},
						"2.25": {
							"post": [0, 0.02, -0.2],
							"lerp_mode": "catmullrom"
						},
						"2.3333": {
							"post": [0, 0, 0],
							"lerp_mode": "catmullrom"
						},
						"2.4167": [0, 0, 0]
					}
				},
				"mag_and_lefthand": {
					"rotation": {
						"0.2917": [0, 0, 0],
						"0.375": [0, 0, 0],
						"0.5": [0, 0, 0],
						"1.0833": {
							"pre": [0, 0, 0],
							"post": [0, 0, 0],
							"lerp_mode": "catmullrom"
						},
						"1.1667": {
							"post": [-46.36568, -9.77524, -53.08838],
							"lerp_mode": "catmullrom"
						},
						"1.25": {
							"post": [-24.59378, -10.26791, -41.61056],
							"lerp_mode": "catmullrom"
						},
						"1.3333": {
							"post": [0, 0, 4],
							"lerp_mode": "catmullrom"
						},
						"1.375": [0, 0, 0],
						"1.4583": [0, 0, 0],
						"1.5417": [0, 0, 0],
						"1.5833": [0, 0, 0]
					},
					"position": {
						"0.2917": [0, 0, 0],
						"0.375": [0, 0, 0],
						"0.5": [0, -13.375, 0],
						"1.0833": {
							"pre": [0, -11.1875, 27.1875],
							"post": [0, -11.1875, 27.1875],
							"lerp_mode": "catmullrom"
						},
						"1.1667": {
							"post": [9.73582, -12.37417, 5.43461],
							"lerp_mode": "catmullrom"
						},
						"1.25": {
							"post": [5.79, -7.98, 1.27],
							"lerp_mode": "catmullrom"
						},
						"1.3333": {
							"post": [0.54887, -3.34239, -0.1875],
							"lerp_mode": "catmullrom"
						},
						"1.375": [0, -2.5625, -0.3125],
						"1.4583": [0, -2.5625, -0.3125],
						"1.5417": [0, -2.5625, -0.3125],
						"1.5833": [0, 0, 0]
					}
				},
				"side_ring": {
					"rotation": {
						"0.0": [0, 0, 0],
						"0.0833": [0, 0, -5],
						"0.1667": [0, 0, 0],
						"0.25": [0, 0, 0],
						"0.3333": [0, 0, -17.5],
						"0.4167": [0, 0, 0],
						"0.4583": [0, 0, -95],
						"0.5417": [0, 0, 0],
						"0.625": [0, 0, -40],
						"0.7083": [0, 0, 0],
						"1.0": [0, 0, 0],
						"1.0417": [0, 0, -12.5],
						"1.125": [0, 0, 0],
						"1.5417": [0, 0, 0],
						"1.5833": [0, 0, -100],
						"1.6667": [0, 0, 0],
						"1.75": [0, 0, -27.5],
						"1.8333": [0, 0, 0],
						"1.9583": [0, 0, -13],
						"2.0": [0, 0, 0],
						"2.0833": [0, 0, 0],
						"2.125": [0, 0, -60],
						"2.2083": [0, 0, 0],
						"2.25": [0, 0, 0],
						"2.3333": [0, 0, -21],
						"2.4167": [0, 0, 0]
					}
				},
				"release": {
					"rotation": {
						"0.375": [0, 0, 0],
						"0.4167": [11, 0, 0],
						"0.4583": [0, 0, 0],
						"1.5417": [0, 0, 0],
						"1.5833": [11, 0, 0],
						"1.625": [0, 0, 0]
					}
				},
				"camera": {
					"rotation": {
						"0.0": [0, 0, 0],
						"0.125": {
							"pre": [-0.675, 0, -0.5],
							"post": [-0.675, 0, -0.5],
							"lerp_mode": "catmullrom"
						},
						"0.3333": {
							"post": [0.725, 0, 0.35],
							"lerp_mode": "catmullrom"
						},
						"0.4167": {
							"post": [0.325, 0, 0.305],
							"lerp_mode": "catmullrom"
						},
						"0.4583": {
							"post": [-0.55, 0, -0.65],
							"lerp_mode": "catmullrom"
						},
						"0.5417": {
							"post": [0.15, 0, 0.1],
							"lerp_mode": "catmullrom"
						},
						"0.625": {
							"post": [-0.3, 0, -0.2],
							"lerp_mode": "catmullrom"
						},
						"0.75": {
							"post": [-0.15, 0, 0.05],
							"lerp_mode": "catmullrom"
						},
						"0.8333": {
							"post": [-0.3, 0, 0],
							"lerp_mode": "catmullrom"
						},
						"0.875": {
							"post": [-0.225, 0, -0.1],
							"lerp_mode": "catmullrom"
						},
						"1.0417": {
							"post": [1.3, 0, 0.575],
							"lerp_mode": "catmullrom"
						},
						"1.125": {
							"post": [0.975, 0, -0.175],
							"lerp_mode": "catmullrom"
						},
						"1.2083": {
							"post": [1.05, 0, 0.055],
							"lerp_mode": "catmullrom"
						},
						"1.2917": {
							"post": [1.05, 0, -0.29],
							"lerp_mode": "catmullrom"
						},
						"1.375": {
							"post": [1.25, 0, 0.31],
							"lerp_mode": "catmullrom"
						},
						"1.4583": {
							"post": [0.925, 0, -0.09],
							"lerp_mode": "catmullrom"
						},
						"1.5417": {
							"post": [1.05, 0, 0.035],
							"lerp_mode": "catmullrom"
						},
						"1.5833": {
							"post": [1.725, 0, 0.715],
							"lerp_mode": "catmullrom"
						},
						"1.6667": {
							"post": [0.75, 0, -0.73],
							"lerp_mode": "catmullrom"
						},
						"1.75": {
							"post": [1.05, 0, 0.22],
							"lerp_mode": "catmullrom"
						},
						"1.8333": {
							"post": [0.125, 0, -0.18],
							"lerp_mode": "catmullrom"
						},
						"1.9167": {
							"post": [-0.25, 0, 0.145],
							"lerp_mode": "catmullrom"
						},
						"2.0417": {
							"post": [-0.7, 0, -0.375],
							"lerp_mode": "catmullrom"
						},
						"2.125": {
							"post": [0.575, 0, 0.405],
							"lerp_mode": "catmullrom"
						},
						"2.2083": {
							"post": [-0.125, 0, -0.165],
							"lerp_mode": "catmullrom"
						},
						"2.2917": {
							"post": [0.05, 0, 0.085],
							"lerp_mode": "catmullrom"
						},
						"2.375": [0, 0, 0]
					}
				}
			},
			"sound_effects": {
				"0.0": {
					"effect": "striker45_reload_xmaglrg_raise"
				},
				"0.375": {
					"effect": "striker45_reload_empty_fast_xmaglrg_magout"
				},
				"0.8333": {
					"effect": "weap_sm_uzulu_ads_up"
				},
				"1.2083": {
					"effect": "wfoly_sm_iso_reload_xmag_up"
				},
				"1.4583": {
					"effect": "wfoly_sm_iso_inspect_fingers"
				},
				"1.9583": {
					"effect": "wfoly_sm_iso_drop"
				}
			}
		},
		"reload_empty": {
			"loop": "hold_on_last_frame",
			"animation_length": 3.1333,
			"bones": {
				"lefthand": {
					"rotation": {
						"0.0": [131.11384, -399.66477, -203.82903],
						"0.0667": [131.11, -399.66, -203.83],
						"0.4333": [131.11, -399.66, -203.83],
						"0.4667": [112.36463, -368.65367, -204.24645],
						"1.3": [112.36463, -368.65367, -204.24645],
						"1.5": [112.36463, -368.65367, -204.24645],
						"1.7": [166.89896, -336.46726, -255.07559],
						"1.8333": [166.89896, -336.46726, -255.07559],
						"1.9": [166.9, -336.47, -255.08],
						"1.9667": [167.65472, -373.60243, -246.82567],
						"2.1333": [167.65472, -373.60243, -246.82567],
						"2.1667": [167.4481, -377.0202, -246.04355],
						"2.2333": [167.18751, -380.43486, -245.23231],
						"2.4333": {
							"pre": [150.33876, -374.10379, -232.45764],
							"post": [150.33876, -374.10379, -232.45764],
							"lerp_mode": "catmullrom"
						},
						"2.5667": {
							"post": [131.11384, -399.66477, -203.82903],
							"lerp_mode": "catmullrom"
						},
						"2.6667": [131.11384, -399.66477, -203.82903]
					},
					"position": {
						"0.0": [5.75, -11.1875, -7.875],
						"0.0667": [5.75, -17.19, 4.13],
						"0.4333": [11.75, -17.19, 17.6925],
						"0.4667": [6.5903, -17.1566, -4.40641],
						"1.3": [6.5903, -17.1566, -4.40641],
						"1.5": [6.5903, -17.1566, -4.40641],
						"1.5667": [8.78911, -11.41185, -5.79955],
						"1.6333": [9.05983, -7.28993, -6.47416],
						"1.7": [9.36095, -4.88916, -3.17257],
						"1.8333": [9.36095, -4.88916, -3.17257],
						"1.9": [9.36568, -4.88641, -3.17439],
						"1.9667": [9.36568, -4.88641, -0.98689],
						"2.1333": [9.36568, -4.88641, -0.98689],
						"2.1667": [10.55318, -3.88641, 0.14061],
						"2.2333": [11.04083, -3.97369, 2.56838],
						"2.4": {
							"pre": [10.02673, -8.00223, -5.493],
							"post": [10.02673, -8.00223, -5.493],
							"lerp_mode": "catmullrom"
						},
						"2.5333": {
							"post": [5.75, -11.1875, -7.875],
							"lerp_mode": "catmullrom"
						},
						"2.6667": [5.75, -11.1875, -7.875]
					},
					"scale": [1, 1.5, 1]
				},
				"righthand": {
					"rotation": {
						"0.0": [106.81178, 9.85957, -179.20267],
						"0.1667": [106.98489, 12.72935, -178.31471],
						"0.6": [106.81178, 9.85957, -179.20267],
						"0.7": [106.22762, 7.54741, -182.00349],
						"1.4667": [106.22762, 7.54741, -182.00349],
						"1.5667": [106.81178, 9.85957, -179.20267]
					},
					"position": {
						"0.0": [-6.5, -11.1875, 1.8125],
						"0.1667": [-6.37, -11.19, 1.81],
						"0.6": [-6.37, -11.19, 1.81],
						"0.7": [-8.6825, -11.19, 1.81],
						"1.4667": [-8.6825, -11.19, 1.81],
						"1.5667": [-6.5, -11.1875, 1.8125]
					},
					"scale": [1, 1.5, 1]
				},
				"root": {
					"rotation": {
						"0.0": [0, 0, 0],
						"0.0667": {
							"pre": [0, 2, 6],
							"post": [0, 2, 6],
							"lerp_mode": "catmullrom"
						},
						"0.1": [-3.17, -2.32, 4.1],
						"0.1333": [-15.13, -19.34, -10.6975],
						"0.1667": [-19.27, -25.19, -18.7225],
						"0.2": [-23.41454, -31.04219, -22.42506],
						"0.2333": [-25.86083, -31.45113, -18.92996],
						"0.2667": {
							"pre": [-23.30043, -26.94838, -6.7554],
							"post": [-23.30043, -26.94838, -6.7554],
							"lerp_mode": "catmullrom"
						},
						"0.3": {
							"post": [-29.02, 0.2725, 42.675],
							"lerp_mode": "catmullrom"
						},
						"0.3333": {
							"post": [-37.1153, 16.72455, 70.10564],
							"lerp_mode": "catmullrom"
						},
						"0.3667": {
							"post": [-34.08871, 18.24295, 80.21927],
							"lerp_mode": "catmullrom"
						},
						"0.4": {
							"post": [-34.87, 15.0625, 75.2275],
							"lerp_mode": "catmullrom"
						},
						"0.4333": {
							"post": [-35.66, 12.4475, 65.8075],
							"lerp_mode": "catmullrom"
						},
						"0.4667": {
							"post": [-36.7, 11.0175, 52.8575],
							"lerp_mode": "catmullrom"
						},
						"0.5667": {
							"post": [-34.9875, 10.29, 48.8425],
							"lerp_mode": "catmullrom"
						},
						"0.6333": {
							"post": [-28.69982, 6.73159, 37.18006],
							"lerp_mode": "catmullrom"
						},
						"0.7": {
							"post": [-14.5432, -12.34953, -6.34213],
							"lerp_mode": "catmullrom"
						},
						"0.8": {
							"post": [-11.65777, -23.42196, -15.53908],
							"lerp_mode": "catmullrom"
						},
						"0.8667": [-11.38535, -28.4529, -20.15591],
						"0.9333": [-15.61864, -30.99003, -21.83104],
						"0.9667": [-14.18075, -32.04292, -22.5795],
						"1.0": [-15.61864, -32.99003, -21.83104],
						"1.0667": [-17.02913, -32.57588, -21.10654],
						"1.1333": [-18.615, -31.71, -18.4125],
						"1.1667": [-12.77874, -31.27919, -19.59925],
						"1.2": [1.42844, -30.86573, -39.16186],
						"1.2333": [1.89313, -30.77929, -44.68207],
						"1.3": [-3.82567, -31.14196, -30.39241],
						"1.3667": [-6.90374, -31.27919, -24.91175],
						"1.4667": [-27.45644, -21.20588, 8.13427],
						"1.6": {
							"pre": [-50.88622, -17.46245, 37.79597],
							"post": [-50.88622, -17.46245, 37.79597],
							"lerp_mode": "catmullrom"
						},
						"1.6667": {
							"post": [-48.95456, -23.58865, 32.29835],
							"lerp_mode": "catmullrom"
						},
						"1.7333": {
							"post": [-48.35688, -25.09024, 30.84834],
							"lerp_mode": "catmullrom"
						},
						"1.8": {
							"post": [-43.76244, -30.02532, 25.24392],
							"lerp_mode": "catmullrom"
						},
						"1.9": {
							"post": [-44.95058, -27.9276, 27.69578],
							"lerp_mode": "catmullrom"
						},
						"2.0": {
							"post": [-53.87362, -21.85915, 40.52635],
							"lerp_mode": "catmullrom"
						},
						"2.1333": {
							"post": [-57.62118, -22.14101, 39.72862],
							"lerp_mode": "catmullrom"
						},
						"2.1667": {
							"post": [-48.3768, -25.84346, 30.11972],
							"lerp_mode": "catmullrom"
						},
						"2.2333": {
							"post": [-35.78216, -29.47101, 24.69543],
							"lerp_mode": "catmullrom"
						},
						"2.3333": {
							"post": [-43.48079, -21.01249, 35.62437],
							"lerp_mode": "catmullrom"
						},
						"2.4667": {
							"post": [-19.08605, -24.31362, 8.14608],
							"lerp_mode": "catmullrom"
						},
						"2.5667": {
							"post": [3.07, -2.84, 3.18],
							"lerp_mode": "catmullrom"
						},
						"2.6667": {
							"post": [-0.78319, -1.14075, 6.01315],
							"lerp_mode": "catmullrom"
						},
						"2.7667": {
							"post": [1.36891, -0.13504, -1.3],
							"lerp_mode": "catmullrom"
						},
						"2.8667": {
							"post": [0.03999, 0.0007, 0.8],
							"lerp_mode": "catmullrom"
						},
						"3.0": {
							"post": [0, 0, -0.2],
							"lerp_mode": "catmullrom"
						},
						"3.1": [0, 0, 0]
					},
					"position": {
						"0.0": [0, 0, 0],
						"0.0667": {
							"pre": [0.1875, -0.1875, -0.3125],
							"post": [0.1875, -0.1875, -0.3125],
							"lerp_mode": "catmullrom"
						},
						"0.2": [-1.0625, 1.6875, 0],
						"0.2333": [-1.06, 1.69, 0.6875],
						"0.2667": [-1.06, 1.69, 0.13],
						"0.3333": {
							"pre": [-1.06, 1.6275, 0.13],
							"post": [-1.06, 1.6275, 0.13],
							"lerp_mode": "catmullrom"
						},
						"0.3667": {
							"post": [-1.06, 1.6275, 0.13],
							"lerp_mode": "catmullrom"
						},
						"0.5667": {
							"post": [-1.06, 1.6275, 0.13],
							"lerp_mode": "catmullrom"
						},
						"0.6667": {
							"post": [-1.06, 1.065, 0.13],
							"lerp_mode": "catmullrom"
						},
						"0.7667": {
							"post": [-1.06, 1.5025, 0.13],
							"lerp_mode": "catmullrom"
						},
						"0.8667": {
							"post": [-1.06, 1.69, 0.13],
							"lerp_mode": "catmullrom"
						},
						"1.0667": [-1.06, 1.7525, 0.13],
						"1.1667": [-1.06, 1.69, 0.13],
						"1.2": [-0.61456, 1.16693, 0.10481],
						"1.2333": [-0.65, 0.865, 0.11],
						"1.3": [-0.68, 1.04, 0.12],
						"1.3667": [-0.72869, 1.38852, 0.12568],
						"1.4667": [-0.72869, 0.57602, 0.12568],
						"1.5667": {
							"pre": [0.1, -0.2, 0.13],
							"post": [0.1, -0.2, 0.13],
							"lerp_mode": "catmullrom"
						},
						"1.6333": {
							"post": [0.27, -0.36, 0.13],
							"lerp_mode": "catmullrom"
						},
						"1.7333": {
							"post": [0.27, -0.36, 0.13],
							"lerp_mode": "catmullrom"
						},
						"1.8": {
							"post": [0.04735, -0.32718, 0.04953],
							"lerp_mode": "catmullrom"
						},
						"1.8667": {
							"post": [0.04735, -0.32718, 0.04953],
							"lerp_mode": "catmullrom"
						},
						"1.9667": {
							"post": [-0.42241, -0.70937, 0.49179],
							"lerp_mode": "catmullrom"
						},
						"2.1333": {
							"post": [-0.65589, -0.88641, 0.72655],
							"lerp_mode": "catmullrom"
						},
						"2.1667": {
							"post": [-0.48187, -0.73457, 0.57958],
							"lerp_mode": "catmullrom"
						},
						"2.2333": {
							"post": [0.20159, -0.27599, -0.17948],
							"lerp_mode": "catmullrom"
						},
						"2.3333": {
							"post": [0.12674, -0.31343, -0.08577],
							"lerp_mode": "catmullrom"
						},
						"2.4333": {
							"post": [0.01193, -2.63989, 0.04123],
							"lerp_mode": "catmullrom"
						},
						"2.5333": {
							"post": [0.59544, -2.07789, -3.57289],
							"lerp_mode": "catmullrom"
						},
						"2.6333": {
							"post": [0, 0.25, -0.3125],
							"lerp_mode": "catmullrom"
						},
						"2.7333": {
							"post": [0, -0.1875, 0.1925],
							"lerp_mode": "catmullrom"
						},
						"2.9": {
							"post": [0, 0.02, -0.0125],
							"lerp_mode": "catmullrom"
						},
						"3.0333": {
							"post": [0, -0.02, 0],
							"lerp_mode": "catmullrom"
						},
						"3.1": [0, 0, 0]
					}
				},
				"mag_and_lefthand": {
					"rotation": {
						"0.4333": [0, 0, 0],
						"0.4667": [0, 0, 0],
						"0.7": {
							"pre": [-42.86, 0, 0],
							"post": [-42.86, 0, 0],
							"lerp_mode": "catmullrom"
						},
						"0.8": {
							"post": [-33.72321, 1.55102, -37.42617],
							"lerp_mode": "catmullrom"
						},
						"0.8667": {
							"post": [-19.02666, 17.22753, -26.12261],
							"lerp_mode": "catmullrom"
						},
						"0.9333": [4.49727, 0.15689, -4.99384],
						"1.0": [4.5, 0, -3],
						"1.1": [2, 0, -3],
						"1.1667": [2, 0, -3],
						"1.2": [0, 0, 0]
					},
					"position": {
						"0.4333": [0, 0, 0],
						"0.4667": [0, -20, 0],
						"0.7": {
							"pre": [-1.43933, -1.90961, 28.29192],
							"post": [-1.43933, -1.90961, 28.29192],
							"lerp_mode": "catmullrom"
						},
						"0.8": {
							"post": [4.08828, -10.28872, 2.19871],
							"lerp_mode": "catmullrom"
						},
						"0.8667": {
							"post": [3.95376, -6.40524, -1.7359],
							"lerp_mode": "catmullrom"
						},
						"0.9333": [0.09365, -2.77625, -0.48602],
						"1.0": [0.12084, -3.2741, -0.46152],
						"1.1": [0.09626, -3.76356, -0.27904],
						"1.1667": [0.05013, -3.32077, -0.12496],
						"1.2": [0, 0, 0]
					}
				},
				"bolt": {
					"position": {
						"0.0": [0, 0, 0],
						"1.9333": [0, 0, 0],
						"2.0": [0, 0, 2.6875],
						"2.1667": [0, 0, 2.6875],
						"2.2": [0, 0, 0]
					}
				},
				"magzine": {
					"rotation": {
						"0.3": [0, 0, 0],
						"0.4": [-8, 0, 50.5],
						"0.4667": [-8, 0, 50.5],
						"0.5": {
							"pre": [-8, 0, 50.5],
							"post": [0, 0, 0]
						}
					},
					"position": {
						"0.3": [0, 0, 0],
						"0.4": [-3.10866, -26.48141, 10.23364],
						"0.4667": [-20.44439, -12.65457, 22.59396],
						"0.5": {
							"pre": [-20.44439, -12.65457, 22.59396],
							"post": [0, 0, 0]
						}
					}
				},
				"side_ring": {
					"rotation": {
						"0.0": [0, 0, 0],
						"0.1": [0, 0, 0],
						"0.1333": [0, 0, -22],
						"0.2": [0, 0, -54.5],
						"0.2667": [0, 0, 0],
						"0.3667": [0, 0, -134.5],
						"0.6667": [0, 0, -37],
						"0.7667": [0, 0, 0],
						"0.8667": [0, 0, -12.5],
						"1.0": [0, 0, 0],
						"1.1667": [0, 0, 0],
						"1.2333": [0, 0, -53],
						"1.3": [0, 0, 0],
						"1.4": [0, 0, -17.5],
						"1.4667": [0, 0, 0],
						"2.5667": [0, 0, -37.5],
						"2.6": [0, 0, 0],
						"2.6667": [0, 0, -15],
						"2.7": [0, 0, 0],
						"2.7333": [0, 0, -27.5],
						"2.7667": [0, 0, -82],
						"2.8333": [0, 0, 0],
						"2.9": [0, 0, -35],
						"2.9667": [0, 0, 0],
						"3.0333": [0, 0, -12.5],
						"3.1": [0, 0, 0]
					}
				},
				"gun_and_righthand": {
					"rotation": {
						"2.1333": [0, 0, 0],
						"2.1667": [7.5, 0, 0],
						"2.2333": [0, 0, 0]
					},
					"position": {
						"2.1333": [0, 0, 0],
						"2.1667": [0, -0.19579, -1.48717],
						"2.2333": [0, 0, 0]
					}
				},
				"camera": {
					"rotation": {
						"0.0": [0, 0, 0],
						"0.1667": {
							"pre": [0.925, -0.5, -0.5],
							"post": [0.925, -0.5, -0.5],
							"lerp_mode": "catmullrom"
						},
						"0.2": {
							"post": [0.925, -0.75, -0.825],
							"lerp_mode": "catmullrom"
						},
						"0.3333": {
							"post": [-0.925, -1, -0.75],
							"lerp_mode": "catmullrom"
						},
						"0.4": {
							"post": [-0.77506, 1, 0.5],
							"lerp_mode": "catmullrom"
						},
						"0.4667": {
							"post": [0.1, -0.275, -0.475],
							"lerp_mode": "catmullrom"
						},
						"0.6": {
							"post": [0, 0.15, -0.3],
							"lerp_mode": "catmullrom"
						},
						"0.8": {
							"post": [1.05, -0.525, 0.775],
							"lerp_mode": "catmullrom"
						},
						"0.9": {
							"post": [1.3, -0.5, 0.18],
							"lerp_mode": "catmullrom"
						},
						"0.9333": {
							"post": [1.3, 0.325, 0.805],
							"lerp_mode": "catmullrom"
						},
						"1.0": {
							"post": [1.3, 0, 0.435],
							"lerp_mode": "catmullrom"
						},
						"1.1": {
							"post": [1.3, 0.05, 0.99],
							"lerp_mode": "catmullrom"
						},
						"1.1667": {
							"post": [1.3, 0, 0.765],
							"lerp_mode": "catmullrom"
						},
						"1.2": {
							"post": [1.3, 0, 1.445],
							"lerp_mode": "catmullrom"
						},
						"1.2667": {
							"post": [1.3, 0, -0.4],
							"lerp_mode": "catmullrom"
						},
						"1.3333": {
							"post": [1.3, 0, 0.63],
							"lerp_mode": "catmullrom"
						},
						"1.4": {
							"post": [1.3, 0, 0.105],
							"lerp_mode": "catmullrom"
						},
						"1.4667": {
							"post": [1.3, 0, 0.38],
							"lerp_mode": "catmullrom"
						},
						"1.5333": {
							"post": [1.475, 0, 0.205],
							"lerp_mode": "catmullrom"
						},
						"1.6333": {
							"post": [0.4, 0, -0.69],
							"lerp_mode": "catmullrom"
						},
						"1.7": {
							"post": [0.225, 0, -0.24],
							"lerp_mode": "catmullrom"
						},
						"1.8333": {
							"post": [0.225, 0, 0.135],
							"lerp_mode": "catmullrom"
						},
						"1.9": {
							"post": [0.225, 0, 0.635],
							"lerp_mode": "catmullrom"
						},
						"2.0": {
							"post": [0.225, 0, -0.66],
							"lerp_mode": "catmullrom"
						},
						"2.1333": {
							"post": [0.25, 0, -0.26],
							"lerp_mode": "catmullrom"
						},
						"2.1667": {
							"post": [0.25, 0, 0.845],
							"lerp_mode": "catmullrom"
						},
						"2.2333": {
							"post": [0.25, 0, -0.6],
							"lerp_mode": "catmullrom"
						},
						"2.2667": {
							"post": [0.25, 0, 0.355],
							"lerp_mode": "catmullrom"
						},
						"2.3333": {
							"post": [0.25, 0, 0.105],
							"lerp_mode": "catmullrom"
						},
						"2.4": {
							"post": [0.4, 0, 0.185],
							"lerp_mode": "catmullrom"
						},
						"2.4667": {
							"post": [0.9, 0, -0.285],
							"lerp_mode": "catmullrom"
						},
						"2.6667": {
							"post": [-0.5, 0, -0.135],
							"lerp_mode": "catmullrom"
						},
						"2.7333": {
							"post": [0.225, 0, 0.515],
							"lerp_mode": "catmullrom"
						},
						"2.8333": {
							"post": [-0.1, 0, -0.13],
							"lerp_mode": "catmullrom"
						},
						"2.9": {
							"post": [0.025, 0, 0.17],
							"lerp_mode": "catmullrom"
						},
						"2.9667": {
							"post": [-0.075, 0, -0.05],
							"lerp_mode": "catmullrom"
						},
						"3.0667": {
							"post": [0, 0, 0.025],
							"lerp_mode": "catmullrom"
						},
						"3.1333": [0, 0, 0]
					}
				},
				"release": {
					"rotation": {
						"0.3": [0, 0, 0],
						"0.3333": [11, 0, 0],
						"0.3667": [0, 0, 0],
						"1.1667": [0, 0, 0],
						"1.2": [11, 0, 0],
						"1.2333": [0, 0, 0]
					}
				}
			},
			"sound_effects": {
				"0.0": {
					"effect": "wfoly_sm_iso_raise"
				},
				"0.2333": {
					"effect": "wfoly_sm_iso_drop_quick"
				},
				"0.3333": {
					"effect": "wfoly_sm_iso_reload_empty_fast_xmag_magout"
				},
				"0.6": {
					"effect": "wfoly_sm_iso_reload_empty_shake"
				},
				"0.9667": {
					"effect": "wfoly_sm_papa90_reload_hitmag_01"
				},
				"1.0333": {
					"effect": "wfoly_sm_iso_reload_drum_magin_01"
				},
				"1.3667": {
					"effect": "wfoly_sm_papa90_ads_up"
				},
				"1.8667": {
					"effect": "wfoly_plr_sm_beta_reload_empty_charge_01"
				},
				"2.3333": {
					"effect": "wfoly_sm_iso_raise_quick"
				},
				"2.4": {
					"effect": "wfoly_sm_iso_raise_quick"
				}
			}
		},
		"static_auto": {
			"loop": true,
			"bones": {
				"lefthand": {
					"rotation": [131.11384, -399.66477, -203.82903],
					"position": [5.75, -11.1875, -7.875],
					"scale": [1, 1.5, 1]
				},
				"righthand": {
					"rotation": [106.81178, 9.85957, -179.20267],
					"position": [-6.5, -11.1875, 1.8125],
					"scale": [1, 1.5, 1]
				}
			}
		},
		"select_auto": {
			"animation_length": 0.4167,
			"bones": {
				"lefthand": {
					"rotation": [131.11384, -399.66477, -203.82903],
					"position": [5.75, -11.1875, -7.875],
					"scale": [1, 1.5, 1]
				},
				"righthand": {
					"rotation": {
						"0.0": {
							"post": [106.81178, 9.85957, -179.20267],
							"lerp_mode": "catmullrom"
						},
						"0.0833": {
							"post": [108.67869, 12.85358, -190.00076],
							"lerp_mode": "catmullrom"
						},
						"0.1667": {
							"post": [111.90272, 13.21286, -191.29653],
							"lerp_mode": "catmullrom"
						},
						"0.2083": {
							"post": [113.90272, 13.21286, -191.29653],
							"lerp_mode": "catmullrom"
						},
						"0.2917": {
							"post": [108.67869, 12.85358, -190.00076],
							"lerp_mode": "catmullrom"
						},
						"0.375": {
							"post": [106.81178, 9.85957, -179.20267],
							"lerp_mode": "catmullrom"
						}
					},
					"position": {
						"0.0": {
							"post": [-6.5, -11.1875, 1.8125],
							"lerp_mode": "catmullrom"
						},
						"0.0833": {
							"post": [-6.5, -11.065, 2.8725],
							"lerp_mode": "catmullrom"
						},
						"0.1667": {
							"post": [-6.5, -10.8625, 3.3125],
							"lerp_mode": "catmullrom"
						},
						"0.2083": {
							"post": [-6.5, -10.675, 3.5],
							"lerp_mode": "catmullrom"
						},
						"0.2917": {
							"post": [-6.5, -11.065, 2.8725],
							"lerp_mode": "catmullrom"
						},
						"0.375": {
							"post": [-6.5, -11.1875, 1.8125],
							"lerp_mode": "catmullrom"
						}
					},
					"scale": [1, 1.5, 1]
				},
				"root": {
					"rotation": {
						"0.0": {
							"post": [0, 0, 0],
							"lerp_mode": "catmullrom"
						},
						"0.125": {
							"post": [2, -1, -1],
							"lerp_mode": "catmullrom"
						},
						"0.2917": {
							"post": [0, -1, -1],
							"lerp_mode": "catmullrom"
						},
						"0.375": {
							"post": [0, 0, 0],
							"lerp_mode": "catmullrom"
						}
					},
					"position": {
						"0.0": {
							"post": [0, 0, 0],
							"lerp_mode": "catmullrom"
						},
						"0.125": {
							"post": [0, -0.125, 0],
							"lerp_mode": "catmullrom"
						},
						"0.2917": {
							"post": [0, -0.125, 0],
							"lerp_mode": "catmullrom"
						},
						"0.375": {
							"post": [0, 0, 0],
							"lerp_mode": "catmullrom"
						}
					}
				},
				"selector": {
					"rotation": {
						"0.1667": [-20, 0, 0],
						"0.2083": [0, 0, 0]
					}
				},
				"camera": {
					"rotation": {
						"0.0": {
							"post": [0, 0, 0],
							"lerp_mode": "catmullrom"
						},
						"0.0833": {
							"post": [0.125, 0, 0.04],
							"lerp_mode": "catmullrom"
						},
						"0.2083": {
							"post": [0.45, 0, -0.4],
							"lerp_mode": "catmullrom"
						},
						"0.375": {
							"post": [0, 0, 0],
							"lerp_mode": "catmullrom"
						}
					}
				}
			}
		},
		"select_semi": {
			"animation_length": 0.4167,
			"bones": {
				"lefthand": {
					"rotation": [131.11384, -399.66477, -203.82903],
					"position": [5.75, -11.1875, -7.875],
					"scale": [1, 1.5, 1]
				},
				"righthand": {
					"rotation": {
						"0.0": {
							"post": [106.81178, 9.85957, -179.20267],
							"lerp_mode": "catmullrom"
						},
						"0.125": {
							"post": [113.90272, 13.21286, -191.29653],
							"lerp_mode": "catmullrom"
						},
						"0.2083": {
							"post": [111.90272, 13.21286, -191.29653],
							"lerp_mode": "catmullrom"
						},
						"0.2917": {
							"post": [108.67869, 12.85358, -190.00076],
							"lerp_mode": "catmullrom"
						},
						"0.375": {
							"post": [106.81178, 9.85957, -179.20267],
							"lerp_mode": "catmullrom"
						}
					},
					"position": {
						"0.0": {
							"post": [-6.5, -11.1875, 1.8125],
							"lerp_mode": "catmullrom"
						},
						"0.125": {
							"post": [-6.5, -10.675, 3.5],
							"lerp_mode": "catmullrom"
						},
						"0.2083": {
							"post": [-6.5, -10.8625, 3.3125],
							"lerp_mode": "catmullrom"
						},
						"0.2917": {
							"post": [-6.5, -11.065, 2.8725],
							"lerp_mode": "catmullrom"
						},
						"0.375": {
							"post": [-6.5, -11.1875, 1.8125],
							"lerp_mode": "catmullrom"
						}
					},
					"scale": [1, 1.5, 1]
				},
				"root": {
					"rotation": {
						"0.0": {
							"post": [0, 0, 0],
							"lerp_mode": "catmullrom"
						},
						"0.125": {
							"post": [2, -1, -1],
							"lerp_mode": "catmullrom"
						},
						"0.2083": {
							"post": [-0.875, -1.125, -1.125],
							"lerp_mode": "catmullrom"
						},
						"0.2917": {
							"post": [0, -1, -1],
							"lerp_mode": "catmullrom"
						},
						"0.375": {
							"post": [0, 0, 0],
							"lerp_mode": "catmullrom"
						}
					},
					"position": {
						"0.0": {
							"post": [0, 0, 0],
							"lerp_mode": "catmullrom"
						},
						"0.125": {
							"post": [0, -0.125, 0],
							"lerp_mode": "catmullrom"
						},
						"0.2083": {
							"post": [0, -0.2025, 0],
							"lerp_mode": "catmullrom"
						},
						"0.2917": {
							"post": [0, -0.125, 0],
							"lerp_mode": "catmullrom"
						},
						"0.375": {
							"post": [0, 0, 0],
							"lerp_mode": "catmullrom"
						}
					}
				},
				"side_ring": {
					"rotation": {
						"0.1667": {
							"pre": [0, 0, 0],
							"post": [0, 0, 0],
							"lerp_mode": "catmullrom"
						},
						"0.2083": {
							"post": [0, 0, -12.5],
							"lerp_mode": "catmullrom"
						},
						"0.2917": {
							"post": [0, 0, 0],
							"lerp_mode": "catmullrom"
						},
						"0.3333": {
							"post": [0, 0, -3],
							"lerp_mode": "catmullrom"
						},
						"0.4167": {
							"post": [0, 0, 0],
							"lerp_mode": "catmullrom"
						}
					}
				},
				"selector": {
					"rotation": {
						"0.1667": [0, 0, 0],
						"0.2083": [-20, 0, 0]
					}
				},
				"camera": {
					"rotation": {
						"0.0": {
							"post": [0, 0, 0],
							"lerp_mode": "catmullrom"
						},
						"0.0833": {
							"post": [0.225, 0, -0.185],
							"lerp_mode": "catmullrom"
						},
						"0.2083": {
							"post": [0.45, 0, 0.375],
							"lerp_mode": "catmullrom"
						},
						"0.2917": {
							"post": [0, 0, -0.05],
							"lerp_mode": "catmullrom"
						},
						"0.375": {
							"post": [0, 0, 0],
							"lerp_mode": "catmullrom"
						}
					}
				}
			}
		},
		"static_semi": {
			"loop": true,
			"bones": {
				"lefthand": {
					"rotation": [131.11384, -399.66477, -203.82903],
					"position": [5.75, -11.1875, -7.875],
					"scale": [1, 1.5, 1]
				},
				"righthand": {
					"rotation": [106.81178, 9.85957, -179.20267],
					"position": [-6.5, -11.1875, 1.8125],
					"scale": [1, 1.5, 1]
				},
				"selector": {
					"rotation": [-20, 0, 0]
				}
			}
		},
		"draw": {
			"loop": "hold_on_last_frame",
			"animation_length": 0.9667,
			"bones": {
				"lefthand": {
					"rotation": [131.11384, -399.66477, -203.82903],
					"position": [5.75, -11.1875, -7.875],
					"scale": [1, 1.5, 1]
				},
				"righthand": {
					"rotation": [106.81178, 9.85957, -179.20267],
					"position": [-6.5, -11.1875, 1.8125],
					"scale": [1, 1.5, 1]
				},
				"root": {
					"rotation": {
						"0.0": {
							"post": [0.81, -32.64, 33.95],
							"lerp_mode": "catmullrom"
						},
						"0.1333": {
							"post": [-3.8938, -12.74248, 22.79227],
							"lerp_mode": "catmullrom"
						},
						"0.2667": {
							"post": [-0.78319, -1.14075, 6.01315],
							"lerp_mode": "catmullrom"
						},
						"0.3667": {
							"post": [-0.31859, -0.13504, -1.3],
							"lerp_mode": "catmullrom"
						},
						"0.4333": {
							"post": [0.03999, 0.0007, 0.3],
							"lerp_mode": "catmullrom"
						},
						"0.5333": {
							"post": [0, 0, 0],
							"lerp_mode": "catmullrom"
						},
						"0.6": {
							"post": [0, 0, 0],
							"lerp_mode": "catmullrom"
						}
					},
					"position": {
						"0.0": {
							"post": [-3.18, -5.58, 24],
							"lerp_mode": "catmullrom"
						},
						"0.1": {
							"post": [-0.95, -3.545, 7.2],
							"lerp_mode": "catmullrom"
						},
						"0.2333": {
							"post": [0, 0.25, -0.3125],
							"lerp_mode": "catmullrom"
						},
						"0.3667": {
							"post": [0, -0.25, 0.13],
							"lerp_mode": "catmullrom"
						},
						"0.4667": {
							"post": [0, 0.02, -0.2],
							"lerp_mode": "catmullrom"
						},
						"0.5667": {
							"post": [0, 0, 0],
							"lerp_mode": "catmullrom"
						},
						"0.6333": {
							"post": [0, 0, 0],
							"lerp_mode": "catmullrom"
						}
					}
				},
				"side_ring": {
					"rotation": {
						"0.0": [0, 0, -22.5],
						"0.2333": [0, 0, 0],
						"0.3": [0, 0, 0],
						"0.3667": [0, 0, -90],
						"0.4": [0, 0, -103],
						"0.4667": [0, 0, 0],
						"0.5333": [0, 0, -22.5],
						"0.6": [0, 0, 0],
						"0.6667": [0, 0, -7.5],
						"0.7333": [0, 0, 0]
					}
				},
				"camera": {
					"rotation": {
						"0.0": {
							"post": [0, 0, 0],
							"lerp_mode": "catmullrom"
						},
						"0.1667": {
							"post": [0.575, 0, 0.2],
							"lerp_mode": "catmullrom"
						},
						"0.3": {
							"post": [0.275, 0, 0.55],
							"lerp_mode": "catmullrom"
						},
						"0.3667": {
							"post": [-0.1, 0, -0.35],
							"lerp_mode": "catmullrom"
						},
						"0.4667": {
							"post": [0, 0, 0.275],
							"lerp_mode": "catmullrom"
						},
						"0.5333": {
							"post": [0, 0, -0.17],
							"lerp_mode": "catmullrom"
						},
						"0.6667": {
							"post": [0, 0, 0.075],
							"lerp_mode": "catmullrom"
						},
						"0.8": {
							"post": [0, 0, 0],
							"lerp_mode": "catmullrom"
						}
					}
				}
			},
			"sound_effects": {
				"0.0": {
					"effect": "wfoly_sm_iso_raise_quick"
				}
			}
		},
		"shoot": {
			"animation_length": 0.6333,
			"bones": {
				"root": {
					"rotation": {
						"0.0": [0, 0, 0],
						"0.0333": [-0.32, 0, 0.49],
						"0.0667": [-2.4, 0, -1.21],
						"0.1": [-2.11, 0, 0.33],
						"0.1333": [-1.05, -0.01, 0.08],
						"0.1667": [-0.02, 0, -0.29],
						"0.2": [0.15, 0.08, -0.17],
						"0.2333": [0.1, 0.19, 0.08],
						"0.2667": [0.04, 0.24, 0.23],
						"0.3": [0.03, 0.18, 0.18],
						"0.3333": [0, 0.07, 0.05],
						"0.3667": [-0.02, -0.04, -0.09],
						"0.4": [-0.04, -0.11, -0.17],
						"0.4333": [-0.04, -0.12, -0.17],
						"0.4667": [-0.03, -0.1, -0.14],
						"0.5": [-0.02, -0.06, -0.09],
						"0.5333": [-0.01, -0.02, -0.03],
						"0.5667": [0, 0, 0]
					},
					"position": {
						"0.0": [0, 0, 0],
						"0.0333": [0, -0.06, 1.48],
						"0.0667": [0, -0.06, 1.19],
						"0.1": [0, -0.03, 0.52],
						"0.1333": [0, 0, -0.09],
						"0.1667": [0, 0, -0.15],
						"0.2": [0, 0, -0.1],
						"0.2333": [0, 0, 0],
						"0.2667": [0, 0, 0.05],
						"0.3": [0, 0, 0.05],
						"0.3333": [0, 0, 0.04],
						"0.3667": [0, 0, 0.03],
						"0.4": [0, 0, 0.01],
						"0.4333": [0, 0, 0],
						"0.4667": [0, 0, 0],
						"0.5": [0, 0, 0],
						"0.5333": [0, 0, 0],
						"0.5667": [0, 0, 0],
						"0.6": [0, 0, 0],
						"0.6333": [0, 0, 0]
					}
				},
				"bolt": {
					"position": {
						"0.0": [0, 0, 0],
						"0.0333": [0, 0, 3],
						"0.0667": [0, 0, 0]
					}
				},
				"camera": {
					"rotation": {
						"0.0": [0, 0, 0],
						"0.0333": [0, 0, 0.7],
						"0.0667": [0, 0, -0.32],
						"0.1": [0, 0, -0.06],
						"0.1333": [0, 0, 0.28],
						"0.1667": [0, 0, 0.06],
						"0.2": [0, 0, -0.2],
						"0.2333": [0, 0, -0.1],
						"0.2667": [0, 0, 0.05],
						"0.3": [0, 0, 0.04],
						"0.3333": [0, 0, 0]
					}
				},
				"bullet_in_barrel": {
					"position": {
						"0.0333": [0, -0.6, 0],
						"0.0667": [0, 0, 0]
					}
				},
				"constraint": {
					"rotation": {
						"0.0": [0.2, 0.2, 0.2],
						"0.1": [0.1, 0.2, 0.4],
						"0.3": [0, 0, 0]
					},
					"position": {
						"0.1": [0.2, 0.02, 0.35],
						"0.3": [0, 0, 0]
					}
				}
			},
			"sound_effects": {
				"0.0": {
					"effect": "weap_mpapa5_fire_first_plr_01"
				}
			}
		},
		"put_away": {
			"loop": "hold_on_last_frame",
			"animation_length": 0.6667,
			"bones": {
				"lefthand": {
					"rotation": [131.11384, -399.66477, -203.82903],
					"position": [5.75, -11.1875, -7.875],
					"scale": [1, 1.5, 1]
				},
				"righthand": {
					"rotation": [106.81178, 9.85957, -179.20267],
					"position": [-6.5, -11.1875, 1.8125],
					"scale": [1, 1.5, 1]
				},
				"root": {
					"rotation": {
						"0.0": {
							"post": [0, 0, 0],
							"lerp_mode": "catmullrom"
						},
						"0.2": {
							"post": [-0.78508, -4.14047, 6.05425],
							"lerp_mode": "catmullrom"
						},
						"0.4": {
							"post": [-3.96594, -16.73309, 23.07568],
							"lerp_mode": "catmullrom"
						},
						"0.5333": {
							"post": [0.81, -32.64, 33.95],
							"lerp_mode": "catmullrom"
						}
					},
					"position": {
						"0.0": {
							"post": [0, 0, 0],
							"lerp_mode": "catmullrom"
						},
						"0.1667": {
							"post": [0, 0.25, -0.3125],
							"lerp_mode": "catmullrom"
						},
						"0.3667": {
							"post": [-0.95, -3.545, 7.2],
							"lerp_mode": "catmullrom"
						},
						"0.5": {
							"post": [-3.18, -5.58, 24],
							"lerp_mode": "catmullrom"
						}
					}
				},
				"side_ring": {
					"rotation": {
						"0.0": [0, 0, 0],
						"0.1333": [0, 0, 0],
						"0.2": [0, 0, -55],
						"0.4333": [0, 0, 0]
					}
				},
				"camera": {
					"rotation": {
						"0.0": {
							"post": [0, 0, 0],
							"lerp_mode": "catmullrom"
						},
						"0.0667": {
							"post": [0, 0, 0.025],
							"lerp_mode": "catmullrom"
						},
						"0.1667": {
							"post": [-0.1, 0, -0.05],
							"lerp_mode": "catmullrom"
						},
						"0.3": {
							"post": [0.75, 0, 0.225],
							"lerp_mode": "catmullrom"
						},
						"0.3667": {
							"post": [0.45, 0, -0.625],
							"lerp_mode": "catmullrom"
						},
						"0.5333": {
							"post": [0, 0, 0],
							"lerp_mode": "catmullrom"
						}
					}
				}
			},
			"sound_effects": {
				"0.0": {
					"effect": "wfoly_sm_iso_drop"
				}
			}
		}
	}
}