{
	"format_version": "1.8.0",
	"animations": {
		"static_idle": {
			"loop": true,
			"bones": {
				"lefthand": {
					"rotation": [116.32198, -381.98991, -208.40755],
					"position": [7, -12.5, -8.25],
					"scale": [1, 1.5, 1]
				},
				"righthand": {
					"rotation": [99.11875, 17.76218, -177.91989],
					"position": [-6.625, -13.1875, -0.6875],
					"scale": [1, 1.5, 1]
				}
			}
		},
		"inspect": {
			"animation_length": 10,
			"bones": {
				"lefthand": {
					"rotation": {
						"0.125": [116.32198, -381.98991, -208.40755],
						"0.2917": [163.98605, -392.42988, -254.61761],
						"0.7917": [163.98605, -392.42988, -254.61761],
						"1.0417": [116.63631, -401.23313, -218.3856],
						"1.375": [116.63631, -401.23313, -218.3856],
						"1.4167": [83.64687, -366.63929, -185.43302],
						"3.2083": [83.65, -366.64, -185.43],
						"3.375": [89.49075, -381.30404, -196.49232],
						"5.0": [89.49075, -381.30404, -196.49232],
						"5.5417": {
							"pre": [105.05716, -379.43032, -201.68175],
							"post": [105.05716, -379.43032, -201.68175],
							"lerp_mode": "catmullrom"
						},
						"6.0": {
							"post": [105.05716, -379.43032, -201.68175],
							"lerp_mode": "catmullrom"
						},
						"6.125": {
							"post": [105.05716, -379.43032, -201.68175],
							"lerp_mode": "catmullrom"
						},
						"6.2083": {
							"post": [108.65655, -385.06301, -219.45909],
							"lerp_mode": "catmullrom"
						},
						"6.375": [112.36465, -412.14753, -244.942],
						"9.0833": [112.36465, -412.14753, -244.942],
						"9.25": {
							"pre": [116.32198, -381.98991, -208.40755],
							"post": [116.32198, -381.98991, -208.40755],
							"lerp_mode": "catmullrom"
						}
					},
					"position": {
						"0.125": [7, -12.5, -8.25],
						"0.2917": [16, -20.5, 3.75],
						"0.7917": [16, -20.5, 3.75],
						"1.0417": [7, -19.4375, 1.0625],
						"1.375": [7, -19.4375, 1.0625],
						"1.4167": [6.125, -18.6275, 1.185],
						"3.2083": [6.13, -18.63, 1.19],
						"3.375": [7.3175, -14.38, 0.065],
						"5.0": [7.3175, -14.38, 0.065],
						"5.5417": {
							"pre": [6.3125, -22.625, 2.125],
							"post": [6.3125, -22.625, 2.125],
							"lerp_mode": "catmullrom"
						},
						"6.0": {
							"post": [6.3125, -22.625, 2.125],
							"lerp_mode": "catmullrom"
						},
						"6.125": {
							"post": [6.3125, -22.625, 2.125],
							"lerp_mode": "catmullrom"
						},
						"6.2083": {
							"post": [8.84162, -16.9092, -3.47645],
							"lerp_mode": "catmullrom"
						},
						"6.375": [6.67513, -12.55221, -6.81347],
						"9.0417": [6.67513, -12.55221, -6.81347],
						"9.25": {
							"pre": [7, -12.5, -8.25],
							"post": [7, -12.5, -8.25],
							"lerp_mode": "catmullrom"
						}
					},
					"scale": [1, 1.5, 1]
				},
				"righthand": {
					"rotation": {
						"0.0833": [99.11875, 17.76218, -177.91989],
						"0.2083": {
							"pre": [99.12, 17.76, -177.92],
							"post": [99.12, 17.76, -177.92],
							"lerp_mode": "catmullrom"
						},
						"6.1667": {
							"post": [99.12, 17.76, -177.92],
							"lerp_mode": "catmullrom"
						},
						"6.5417": {
							"post": [91.12276, -17.81362, -183.53579],
							"lerp_mode": "catmullrom"
						},
						"6.8333": {
							"post": [91.12276, -17.81362, -183.53579],
							"lerp_mode": "catmullrom"
						},
						"7.125": {
							"post": [114.1021, -11.42453, -134.37276],
							"lerp_mode": "catmullrom"
						},
						"7.375": [114.1021, -11.42453, -134.37276],
						"8.625": {
							"pre": [114.1021, -11.42453, -134.37276],
							"post": [114.1021, -11.42453, -134.37276],
							"lerp_mode": "catmullrom"
						},
						"8.6667": {
							"post": [114.1021, -36.42453, -134.37276],
							"lerp_mode": "catmullrom"
						},
						"8.8333": {
							"post": [95.35408, -37.79537, -123.21172],
							"lerp_mode": "catmullrom"
						},
						"9.0833": {
							"post": [99.11875, 17.76218, -177.91989],
							"lerp_mode": "catmullrom"
						}
					},
					"position": {
						"0.0833": [-6.625, -13.1875, -0.6875],
						"0.2083": {
							"pre": [-8.12, -13.19, -0.69],
							"post": [-8.12, -13.19, -0.69],
							"lerp_mode": "catmullrom"
						},
						"6.1667": {
							"post": [-8.12, -13.19, -0.69],
							"lerp_mode": "catmullrom"
						},
						"6.2917": {
							"post": [-9.33492, -18.05329, 2.78962],
							"lerp_mode": "catmullrom"
						},
						"6.5417": {
							"post": [3.34565, -25.64915, 14.33926],
							"lerp_mode": "catmullrom"
						},
						"6.8333": {
							"post": [3.34565, -25.64915, 14.33926],
							"lerp_mode": "catmullrom"
						},
						"6.9583": {
							"post": [-7.48192, -19.66426, 4.47008],
							"lerp_mode": "catmullrom"
						},
						"7.125": {
							"post": [-8.25254, -11.51831, -2.82883],
							"lerp_mode": "catmullrom"
						},
						"7.375": [-8.25254, -11.51831, -2.82883],
						"7.4167": [-8.25, -11.52, -1.0175],
						"7.5417": [-8.25, -11.52, -1.265],
						"7.8333": [-8.25, -11.52, -1.0175],
						"8.0": [-8.25, -11.52, -0.895],
						"8.1667": [-8.25, -11.52, -1.0175],
						"8.625": {
							"pre": [-8.25, -11.52, -1.02],
							"post": [-8.25, -11.52, -1.02],
							"lerp_mode": "catmullrom"
						},
						"8.6667": {
							"post": [-9.875, -12.4575, 1.7925],
							"lerp_mode": "catmullrom"
						},
						"8.8333": {
							"post": [-10.25, -12.4575, 2.355],
							"lerp_mode": "catmullrom"
						},
						"9.0833": {
							"post": [-6.625, -13.1875, -0.6875],
							"lerp_mode": "catmullrom"
						}
					},
					"scale": [1, 1.5, 1]
				},
				"root": {
					"rotation": {
						"0.0": {
							"post": [0, 0, 0],
							"lerp_mode": "catmullrom"
						},
						"0.1667": {
							"post": [5, -2, 7],
							"lerp_mode": "catmullrom"
						},
						"0.375": {
							"post": [-26.45106, -44.82763, -10.73215],
							"lerp_mode": "catmullrom"
						},
						"0.5833": {
							"post": [-27.53041, -46.75416, -10.80699],
							"lerp_mode": "catmullrom"
						},
						"0.75": {
							"post": [-23.43827, -47.90216, -13.90144],
							"lerp_mode": "catmullrom"
						},
						"1.0": {
							"post": [21.67157, -47.10185, -72.42468],
							"lerp_mode": "catmullrom"
						},
						"1.1667": {
							"post": [12.65912, -51.77383, -50.09241],
							"lerp_mode": "catmullrom"
						},
						"1.2917": {
							"post": [-17.04477, -50.58259, -21.36135],
							"lerp_mode": "catmullrom"
						},
						"1.3333": {
							"post": [-38.98358, -39.80019, 0.32084],
							"lerp_mode": "catmullrom"
						},
						"1.4583": {
							"post": [-33.08821, -45.89894, -6.0454],
							"lerp_mode": "catmullrom"
						},
						"1.5417": {
							"post": [-25.54661, -47.82453, -12.42318],
							"lerp_mode": "catmullrom"
						},
						"1.6667": {
							"post": [-6.50193, -53.06969, -32.35821],
							"lerp_mode": "catmullrom"
						},
						"1.8333": {
							"post": [-10.92725, -52.83642, -29.08824],
							"lerp_mode": "catmullrom"
						},
						"2.0417": {
							"post": [-10.92725, -52.83642, -29.08824],
							"lerp_mode": "catmullrom"
						},
						"2.2083": {
							"post": [-12.9741, -52.19064, -23.91119],
							"lerp_mode": "catmullrom"
						},
						"2.375": {
							"post": [-12.17187, -52.31253, -24.82575],
							"lerp_mode": "catmullrom"
						},
						"2.5417": {
							"post": [-12.17187, -52.31253, -24.82575],
							"lerp_mode": "catmullrom"
						},
						"2.7917": {
							"post": [9.1503, -52.76997, -51.47975],
							"lerp_mode": "catmullrom"
						},
						"3.0833": {
							"post": [2.6551, -52.90923, -43.3339],
							"lerp_mode": "catmullrom"
						},
						"3.2917": {
							"post": [2.6551, -52.90923, -43.3339],
							"lerp_mode": "catmullrom"
						},
						"3.4167": {
							"post": [2.57, -52.89, -46.22],
							"lerp_mode": "catmullrom"
						},
						"3.5417": {
							"post": [7.54318, -52.49765, -52.44576],
							"lerp_mode": "catmullrom"
						},
						"3.6667": {
							"post": [7.41709, -52.83521, -52.50851],
							"lerp_mode": "catmullrom"
						},
						"3.875": {
							"post": [11.31549, -52.09131, -57.26584],
							"lerp_mode": "catmullrom"
						},
						"4.0417": {
							"post": [11.31549, -52.09131, -57.26584],
							"lerp_mode": "catmullrom"
						},
						"4.125": {
							"post": [19.5869, -50.20956, -67.85631],
							"lerp_mode": "catmullrom"
						},
						"4.2083": {
							"post": [19.5869, -50.20956, -67.85631],
							"lerp_mode": "catmullrom"
						},
						"4.25": {
							"post": [29.39557, -46.02758, -80.97263],
							"lerp_mode": "catmullrom"
						},
						"4.4167": {
							"post": [9.56825, -51.72532, -54.82047],
							"lerp_mode": "catmullrom"
						},
						"4.4583": {
							"post": [16.62575, -50.3514, -63.86932],
							"lerp_mode": "catmullrom"
						},
						"4.5833": {
							"post": [15.63921, -50.6321, -62.60764],
							"lerp_mode": "catmullrom"
						},
						"4.7917": {
							"post": [10.16977, -51.54274, -55.52424],
							"lerp_mode": "catmullrom"
						},
						"5.0833": {
							"post": [10.16977, -51.54274, -55.52424],
							"lerp_mode": "catmullrom"
						},
						"5.3333": {
							"post": [0.36828, -35.93866, -60.77806],
							"lerp_mode": "catmullrom"
						},
						"5.4583": {
							"post": [-8.6288, -39.75895, -47.67499],
							"lerp_mode": "catmullrom"
						},
						"5.5833": {
							"post": [0.06356, -38.46078, -58.09655],
							"lerp_mode": "catmullrom"
						},
						"5.7083": {
							"post": [-6.59296, -38.66483, -58.34894],
							"lerp_mode": "catmullrom"
						},
						"5.7917": {
							"post": [-5.34972, -38.92272, -57.777],
							"lerp_mode": "catmullrom"
						},
						"5.8333": {
							"post": [-0.78584, -39.377, -67.63049],
							"lerp_mode": "catmullrom"
						},
						"5.9583": {
							"post": [8.74286, -38.8533, -74.34175],
							"lerp_mode": "catmullrom"
						},
						"6.0833": {
							"post": [-1.73, -38.99, -54.31],
							"lerp_mode": "catmullrom"
						},
						"6.2083": {
							"post": [-31.49463, -43.40845, 0.57122],
							"lerp_mode": "catmullrom"
						},
						"6.4167": {
							"post": [-40.85405, 19.20823, 69.81604],
							"lerp_mode": "catmullrom"
						},
						"6.7917": {
							"post": [-37.85582, 16.67103, 66.56528],
							"lerp_mode": "catmullrom"
						},
						"7.0833": {
							"post": [-36.11549, 18.49674, 69.05148],
							"lerp_mode": "catmullrom"
						},
						"7.2083": {
							"post": [-32.29218, 20.25847, 71.64365],
							"lerp_mode": "catmullrom"
						},
						"7.3333": {
							"post": [-33.3713, 29.72018, 71.58695],
							"lerp_mode": "catmullrom"
						},
						"7.4167": {
							"post": [-37.87033, 34.64806, 69.17986],
							"lerp_mode": "catmullrom"
						},
						"7.5833": {
							"post": [-36.8359, 32.13618, 71.16673],
							"lerp_mode": "catmullrom"
						},
						"7.7083": {
							"post": [-37.16966, 32.26036, 70.10721],
							"lerp_mode": "catmullrom"
						},
						"7.9583": {
							"post": [-39.3713, 32.40768, 66.39945],
							"lerp_mode": "catmullrom"
						},
						"8.5": {
							"post": [-41.16, 31.4675, 65.735],
							"lerp_mode": "catmullrom"
						},
						"8.625": {
							"post": [-35.91588, 27.7049, 70.44898],
							"lerp_mode": "catmullrom"
						},
						"8.6667": {
							"post": [-31.27344, 24.46122, 73.25114],
							"lerp_mode": "catmullrom"
						},
						"8.8333": {
							"post": [-36.30416, 23.61247, 68.88645],
							"lerp_mode": "catmullrom"
						},
						"9.0": {
							"post": [-37.85582, 16.67103, 66.56528],
							"lerp_mode": "catmullrom"
						},
						"9.1667": {
							"post": [-12.46418, -2.68345, 43.45495],
							"lerp_mode": "catmullrom"
						},
						"9.3333": {
							"post": [-3.3125, -3, 8.8125],
							"lerp_mode": "catmullrom"
						},
						"9.5": {
							"post": [-0.6617, 0.0458, -1.37552],
							"lerp_mode": "catmullrom"
						},
						"9.625": {
							"post": [0, 0, 0],
							"lerp_mode": "catmullrom"
						},
						"9.75": {
							"post": [0.03, 0, -0.1],
							"lerp_mode": "catmullrom"
						},
						"9.875": {
							"post": [0, 0, 0],
							"lerp_mode": "catmullrom"
						}
					},
					"position": {
						"0.0": {
							"post": [0, 0, 0],
							"lerp_mode": "catmullrom"
						},
						"0.125": {
							"post": [0, -0.3125, 0],
							"lerp_mode": "catmullrom"
						},
						"0.3333": {
							"post": [0, 3.125, 0],
							"lerp_mode": "catmullrom"
						},
						"0.5417": {
							"post": [0, 2.9375, 0],
							"lerp_mode": "catmullrom"
						},
						"0.7083": {
							"post": [0, 2.9325, 0],
							"lerp_mode": "catmullrom"
						},
						"0.9583": {
							"post": [-0.01, 3.875, 0],
							"lerp_mode": "catmullrom"
						},
						"1.125": {
							"post": [-0.01, 3.9375, 0],
							"lerp_mode": "catmullrom"
						},
						"1.2917": {
							"post": [-0.02, 2.9, 0],
							"lerp_mode": "catmullrom"
						},
						"1.3333": {
							"post": [-0.02, 1.2675, 0],
							"lerp_mode": "catmullrom"
						},
						"1.4167": {
							"post": [-0.02, 2.015, 0],
							"lerp_mode": "catmullrom"
						},
						"1.625": {
							"post": [-0.01, 3.375, 0],
							"lerp_mode": "catmullrom"
						},
						"1.7917": {
							"post": [-0.01, 3.5125, 0],
							"lerp_mode": "catmullrom"
						},
						"2.0": {
							"post": [-0.01, 3.45, 0],
							"lerp_mode": "catmullrom"
						},
						"2.1667": {
							"post": [0.12928, 3.38026, -0.03441],
							"lerp_mode": "catmullrom"
						},
						"2.5": {
							"post": [0.14, 3.145, -0.03],
							"lerp_mode": "catmullrom"
						},
						"2.75": {
							"post": [0.13, 3.415, -0.03],
							"lerp_mode": "catmullrom"
						},
						"3.25": {
							"post": [0.12, 3.29, -0.03],
							"lerp_mode": "catmullrom"
						},
						"3.4167": {
							"post": [0.12, 3.04, -0.03],
							"lerp_mode": "catmullrom"
						},
						"3.5417": {
							"post": [0.12, 2.6675, -0.03],
							"lerp_mode": "catmullrom"
						},
						"3.6667": {
							"post": [0.12, 2.8025, -0.03],
							"lerp_mode": "catmullrom"
						},
						"3.8333": {
							"post": [0.12, 3.0675, -0.03],
							"lerp_mode": "catmullrom"
						},
						"4.0": {
							"post": [0.12, 3.0675, -0.03],
							"lerp_mode": "catmullrom"
						},
						"4.0833": {
							"post": [0.12, 3.1325, -0.03],
							"lerp_mode": "catmullrom"
						},
						"4.2083": {
							"post": [0.12, 3.32, -0.03],
							"lerp_mode": "catmullrom"
						},
						"4.25": {
							"post": [-0.0675, 3.14, -0.03],
							"lerp_mode": "catmullrom"
						},
						"4.4167": {
							"post": [0.2425, 3.3475, -0.03],
							"lerp_mode": "catmullrom"
						},
						"4.4583": {
							"post": [-0.01, 3.16, -0.03],
							"lerp_mode": "catmullrom"
						},
						"4.5833": {
							"post": [0.2425, 3.41, -0.03],
							"lerp_mode": "catmullrom"
						},
						"4.75": {
							"post": [0.375, 3.4825, -0.03],
							"lerp_mode": "catmullrom"
						},
						"5.0417": {
							"post": [0.375, 3.4825, -0.03],
							"lerp_mode": "catmullrom"
						},
						"5.2917": {
							"post": [-0.9375, 3.0075, 0],
							"lerp_mode": "catmullrom"
						},
						"5.4167": {
							"post": [-0.94, 3.01, 0],
							"lerp_mode": "catmullrom"
						},
						"5.5417": {
							"post": [-0.9375, 3.0075, 0],
							"lerp_mode": "catmullrom"
						},
						"5.6667": {
							"post": [-1.41123, 3.32258, 0.02362],
							"lerp_mode": "catmullrom"
						},
						"5.7917": {
							"post": [-0.82595, 3.02387, -0.03764],
							"lerp_mode": "catmullrom"
						},
						"5.8333": {
							"post": [-0.17385, 2.69009, -0.08939],
							"lerp_mode": "catmullrom"
						},
						"5.9583": {
							"post": [-0.81681, 3.04206, -0.03913],
							"lerp_mode": "catmullrom"
						},
						"6.0417": {
							"post": [-0.63355, 1.76932, -0.02437],
							"lerp_mode": "catmullrom"
						},
						"6.1667": {
							"post": [0.3125, 1.875, 0],
							"lerp_mode": "catmullrom"
						},
						"6.375": {
							"post": [3, 3.8775, 0],
							"lerp_mode": "catmullrom"
						},
						"6.75": {
							"post": [3, 3.565, 0],
							"lerp_mode": "catmullrom"
						},
						"7.0": {
							"post": [2.8325, 3.73, 0],
							"lerp_mode": "catmullrom"
						},
						"7.3333": {
							"post": [2.8325, 3.73, 0],
							"lerp_mode": "catmullrom"
						},
						"7.4167": {
							"post": [2.47282, 3.40236, 0.60585],
							"lerp_mode": "catmullrom"
						},
						"7.5417": {
							"post": [2.86693, 3.76349, 0.03695],
							"lerp_mode": "catmullrom"
						},
						"7.6667": {
							"post": [2.8067, 3.71329, 0.09167],
							"lerp_mode": "catmullrom"
						},
						"7.875": {
							"post": [2.8325, 3.73, 0],
							"lerp_mode": "catmullrom"
						},
						"8.4583": {
							"post": [2.8325, 3.73, 0],
							"lerp_mode": "catmullrom"
						},
						"8.625": {
							"post": [2.8325, 3.73, 0],
							"lerp_mode": "catmullrom"
						},
						"8.6667": {
							"post": [3.19382, 4.1005, -0.74939],
							"lerp_mode": "catmullrom"
						},
						"8.7917": {
							"post": [3.10174, 4.0184, -0.10457],
							"lerp_mode": "catmullrom"
						},
						"8.9583": {
							"post": [3, 3.1275, 0],
							"lerp_mode": "catmullrom"
						},
						"9.125": {
							"post": [-0.1104, -1.46434, 0.13857],
							"lerp_mode": "catmullrom"
						},
						"9.2917": {
							"post": [0.0035, 0.25044, -1.16082],
							"lerp_mode": "catmullrom"
						},
						"9.4583": {
							"post": [0.01569, -0.09572, 0.25088],
							"lerp_mode": "catmullrom"
						},
						"9.5833": {
							"post": [-0.0109, -0.08, -0.18205],
							"lerp_mode": "catmullrom"
						},
						"9.7083": {
							"post": [0, 0, 0.08],
							"lerp_mode": "catmullrom"
						},
						"9.8333": {
							"post": [0, 0, 0],
							"lerp_mode": "catmullrom"
						}
					}
				},
				"mag_and_lefthand": {
					"rotation": {
						"1.25": [0, 0, 0],
						"1.3333": [0, 0, 0],
						"1.375": [0, 0, 0],
						"1.5417": {
							"pre": [-65.41179, 5.53682, -63.15928],
							"post": [-65.41179, 5.53682, -63.15928],
							"lerp_mode": "catmullrom"
						},
						"1.8333": {
							"post": [-19.7879, 23.99761, -22.75123],
							"lerp_mode": "catmullrom"
						},
						"2.0": {
							"post": [-19.8102, 9.22569, -23.97611],
							"lerp_mode": "catmullrom"
						},
						"2.2083": {
							"post": [-19.4275, 9.1025, -23.2375],
							"lerp_mode": "catmullrom"
						},
						"2.5": {
							"post": [-19.2879, 4.81011, -23.93873],
							"lerp_mode": "catmullrom"
						},
						"2.7083": {
							"post": [5.52029, 35.57786, 46.57484],
							"lerp_mode": "catmullrom"
						},
						"3.2083": {
							"post": [5.52029, 35.57786, 50.51234],
							"lerp_mode": "catmullrom"
						},
						"3.2917": {
							"post": [4.52, 31.81, 53.79],
							"lerp_mode": "catmullrom"
						},
						"3.4167": {
							"post": [2.51124, 25.96161, 57.00983],
							"lerp_mode": "catmullrom"
						},
						"3.5": {
							"post": [2.07, 27.17, 51.49],
							"lerp_mode": "catmullrom"
						},
						"3.5833": {
							"post": [-0.26962, 29.11999, 45.52705],
							"lerp_mode": "catmullrom"
						},
						"3.7083": {
							"post": [-17.39, 29.16, 45.23],
							"lerp_mode": "catmullrom"
						},
						"3.875": {
							"post": [-13.89319, 28.24162, 45.67165],
							"lerp_mode": "catmullrom"
						},
						"4.0833": {
							"post": [-7.81368, 30.32197, 58.06261],
							"lerp_mode": "catmullrom"
						},
						"4.1667": {
							"post": [-12.30088, 28.92163, 48.9992],
							"lerp_mode": "catmullrom"
						},
						"4.25": {
							"post": [-27.1093, 15.65414, 10.28578],
							"lerp_mode": "catmullrom"
						},
						"4.4167": {
							"post": [-12.30088, 28.92163, 48.9992],
							"lerp_mode": "catmullrom"
						},
						"4.4583": {
							"post": [-27.1093, 15.65414, 10.28578],
							"lerp_mode": "catmullrom"
						},
						"4.6667": {
							"post": [-7.87279, 30.87492, 63.83651],
							"lerp_mode": "catmullrom"
						},
						"4.7917": {
							"post": [-7.87279, 30.87492, 63.83651],
							"lerp_mode": "catmullrom"
						},
						"5.0417": {
							"post": [-7.87279, 30.87492, 63.83651],
							"lerp_mode": "catmullrom"
						},
						"5.25": {
							"post": [-15.29414, 51.35371, 24.24285],
							"lerp_mode": "catmullrom"
						},
						"5.4167": {
							"post": [4.8518, 0.42396, -2.03883],
							"lerp_mode": "catmullrom"
						},
						"5.5": {
							"post": [5, 0, 3],
							"lerp_mode": "catmullrom"
						},
						"5.625": {
							"post": [0, 0, -0.5],
							"lerp_mode": "catmullrom"
						},
						"5.7083": [0, 0, 0],
						"5.7917": [0, 0, 0],
						"5.9167": [0, 0, 0]
					},
					"position": {
						"1.25": [0, 0, 0],
						"1.3333": [0, -8.1875, 2.625],
						"1.375": [0, -8.1875, 2.625],
						"1.5417": {
							"pre": [2.34, -21.655, -1.97],
							"post": [2.34, -21.655, -1.97],
							"lerp_mode": "catmullrom"
						},
						"1.8333": {
							"post": [3.75, -3.815, -4.8075],
							"lerp_mode": "catmullrom"
						},
						"2.2083": {
							"post": [3.7825, -3.7525, -5.2375],
							"lerp_mode": "catmullrom"
						},
						"2.5": {
							"post": [3.75, -3.2525, -4.8075],
							"lerp_mode": "catmullrom"
						},
						"2.7083": {
							"post": [2.9375, -5.315, -6.5575],
							"lerp_mode": "catmullrom"
						},
						"3.2083": {
							"post": [3, -5.315, -6.5575],
							"lerp_mode": "catmullrom"
						},
						"3.2917": {
							"post": [-0.71633, -8.6503, -6.3843],
							"lerp_mode": "catmullrom"
						},
						"3.375": {
							"post": [0.5609, -6.76017, -6.48674],
							"lerp_mode": "catmullrom"
						},
						"3.4583": {
							"post": [1.28114, -4.9992, -6.5386],
							"lerp_mode": "catmullrom"
						},
						"3.5833": {
							"post": [1.22487, -5.95251, -6.62239],
							"lerp_mode": "catmullrom"
						},
						"3.6667": {
							"post": [1.29, -6.26, -6.71],
							"lerp_mode": "catmullrom"
						},
						"3.875": {
							"post": [1.22487, -6.26501, -6.62239],
							"lerp_mode": "catmullrom"
						},
						"4.0833": {
							"post": [-0.14502, -4.06741, -5.10781],
							"lerp_mode": "catmullrom"
						},
						"4.1667": {
							"post": [-0.32447, -3.86098, -4.95669],
							"lerp_mode": "catmullrom"
						},
						"4.25": {
							"post": [0.54061, -2.884, -1.38345],
							"lerp_mode": "catmullrom"
						},
						"4.4167": {
							"post": [-0.32447, -3.86098, -4.95669],
							"lerp_mode": "catmullrom"
						},
						"4.4583": {
							"post": [0.54061, -2.884, -1.38345],
							"lerp_mode": "catmullrom"
						},
						"4.6667": {
							"post": [-0.02675, -4.30814, -5.26818],
							"lerp_mode": "catmullrom"
						},
						"4.7917": {
							"post": [-0.02675, -4.30814, -5.26818],
							"lerp_mode": "catmullrom"
						},
						"5.0417": {
							"post": [-0.02675, -4.30814, -5.26818],
							"lerp_mode": "catmullrom"
						},
						"5.25": {
							"post": [-5.84863, -16.39474, 2.53055],
							"lerp_mode": "catmullrom"
						},
						"5.3333": [0, -15.94, 4.81],
						"5.4167": [0, -8.9375, 2.8125],
						"5.4583": {
							"pre": [0.1875, -7.76, 2.485],
							"post": [0.1875, -7.76, 2.485],
							"lerp_mode": "catmullrom"
						},
						"5.5833": {
							"post": [0.09, -8.005, 2.42],
							"lerp_mode": "catmullrom"
						},
						"5.7083": [0, -7.51, 2.36],
						"5.7917": [0, -7.51, 2.36],
						"5.9167": [0, 0, 0]
					}
				},
				"bullet_in_mag": {
					"position": {
						"7.375": [0, 0, 0],
						"7.4167": {"pre": [0, 0, 0], "post": [0, 0.25, -1.375]},
						"7.5417": [0, 0.25, -1.62],
						"7.8333": [0, 0.25, -1.37],
						"8.0": [0, 0.25, -1.1825],
						"8.25": [0, 0.25, -1.3675],
						"8.6667": [0, 0.25, -1.3675],
						"8.7083": [0, 0, 0]
					}
				},
				"bolt": {
					"position": {
						"0.0": [0, 0, 0],
						"7.375": [0, 0, 0],
						"7.4167": [0, 0, 1.8125],
						"7.5417": [0, 0, 1.6225],
						"7.8333": [0, 0, 1.8125],
						"8.0": [0, 0, 1.935],
						"8.25": [0, 0, 1.8125],
						"8.625": [0, 0, 1.8125],
						"8.6667": [0, 0, 0]
					}
				}
			}
		},
		"reload_tactical": {
			"animation_length": 2.5,
			"bones": {
				"lefthand": {
					"rotation": {
						"0.0": {
							"post": [116.32198, -381.98991, -208.40755],
							"lerp_mode": "catmullrom"
						},
						"0.25": {
							"post": [112.5689, -369.53201, -230.9956],
							"lerp_mode": "catmullrom"
						},
						"1.1667": {
							"post": [105.05716, -379.43032, -201.68175],
							"lerp_mode": "catmullrom"
						},
						"1.6667": {
							"post": [105.05716, -379.43032, -201.68175],
							"lerp_mode": "catmullrom"
						},
						"1.9167": {
							"post": [116.32198, -381.98991, -208.40755],
							"lerp_mode": "catmullrom"
						}
					},
					"position": {
						"0.0": {
							"post": [7, -12.5, -8.25],
							"lerp_mode": "catmullrom"
						},
						"0.125": {
							"post": [8.2, -16.73, -2.58],
							"lerp_mode": "catmullrom"
						},
						"0.25": {
							"post": [6.5, -19.5, 1.125],
							"lerp_mode": "catmullrom"
						},
						"1.1667": {
							"post": [6.3125, -22.625, 2.125],
							"lerp_mode": "catmullrom"
						},
						"1.6667": {
							"post": [6.3125, -22.625, 2.125],
							"lerp_mode": "catmullrom"
						},
						"1.7917": {
							"post": [8.637, -17.68542, -5.53729],
							"lerp_mode": "catmullrom"
						},
						"1.9167": {
							"post": [7, -12.5, -8.25],
							"lerp_mode": "catmullrom"
						}
					},
					"scale": [1, 1.5, 1]
				},
				"righthand": {
					"rotation": {
						"0.0833": {
							"pre": [99.11875, 17.76218, -177.91989],
							"post": [99.11875, 17.76218, -177.91989],
							"lerp_mode": "catmullrom"
						},
						"0.1667": {
							"post": [99.12, 17.76, -177.92],
							"lerp_mode": "catmullrom"
						},
						"1.75": {
							"post": [99.12, 17.76, -177.92],
							"lerp_mode": "catmullrom"
						},
						"1.8333": {
							"post": [99.11875, 17.76218, -177.91989],
							"lerp_mode": "catmullrom"
						}
					},
					"position": {
						"0.0833": {
							"pre": [-6.625, -13.1875, -0.6875],
							"post": [-6.625, -13.1875, -0.6875],
							"lerp_mode": "catmullrom"
						},
						"0.1667": {
							"post": [-8.12, -13.19, -0.69],
							"lerp_mode": "catmullrom"
						},
						"1.75": {
							"post": [-8.12, -13.19, -0.69],
							"lerp_mode": "catmullrom"
						},
						"1.8333": {
							"post": [-6.625, -13.1875, -0.6875],
							"lerp_mode": "catmullrom"
						}
					},
					"scale": [1, 1.5, 1]
				},
				"root": {
					"rotation": {
						"0.0": {
							"post": [0, 0, 0],
							"lerp_mode": "catmullrom"
						},
						"0.125": {
							"post": [-1.98906, 0.41806, -6.00181],
							"lerp_mode": "catmullrom"
						},
						"0.2917": {
							"post": [-18.88341, -29.64063, -29.95406],
							"lerp_mode": "catmullrom"
						},
						"0.375": {
							"post": [-16.80231, -38.01738, -34.70023],
							"lerp_mode": "catmullrom"
						},
						"0.4583": {
							"post": [-31.00915, -31.35104, -7.95513],
							"lerp_mode": "catmullrom"
						},
						"0.5417": {
							"post": [-14.31651, -35.93604, -29.26631],
							"lerp_mode": "catmullrom"
						},
						"0.7083": {
							"post": [-16.80886, -35.20309, -23.67587],
							"lerp_mode": "catmullrom"
						},
						"0.8333": {
							"post": [-11.84916, -36.26839, -36.94651],
							"lerp_mode": "catmullrom"
						},
						"0.9583": {
							"post": [0.36828, -35.93866, -60.77806],
							"lerp_mode": "catmullrom"
						},
						"1.0833": {
							"post": [-8.6288, -39.75895, -47.67499],
							"lerp_mode": "catmullrom"
						},
						"1.2083": {
							"post": [0.06356, -38.46078, -58.09655],
							"lerp_mode": "catmullrom"
						},
						"1.3333": {
							"post": [-6.59296, -38.66483, -58.34894],
							"lerp_mode": "catmullrom"
						},
						"1.4167": {
							"post": [-5.34972, -38.92272, -57.777],
							"lerp_mode": "catmullrom"
						},
						"1.4583": {
							"post": [-6.48363, -38.93213, -58.61789],
							"lerp_mode": "catmullrom"
						},
						"1.5833": {
							"post": [5.51535, -39.35011, -69.22648],
							"lerp_mode": "catmullrom"
						},
						"1.7083": {
							"post": [-9.19549, -37.62978, -39.09723],
							"lerp_mode": "catmullrom"
						},
						"1.8333": {
							"post": [-7, -13.625, 8],
							"lerp_mode": "catmullrom"
						},
						"1.9583": {
							"post": [-0.3125, -3, 8.8125],
							"lerp_mode": "catmullrom"
						},
						"2.0417": {
							"post": [-1.3117, 0.0458, -1.37552],
							"lerp_mode": "catmullrom"
						},
						"2.1667": {
							"post": [0, 0, 0],
							"lerp_mode": "catmullrom"
						},
						"2.2917": {
							"post": [0.03, 0, -0.1],
							"lerp_mode": "catmullrom"
						},
						"2.4167": {
							"post": [0, 0, 0],
							"lerp_mode": "catmullrom"
						}
					},
					"position": {
						"0.0": {
							"post": [0, 0, 0],
							"lerp_mode": "catmullrom"
						},
						"0.0833": {
							"post": [0, 0, 0],
							"lerp_mode": "catmullrom"
						},
						"0.25": {
							"post": [0, 3.3175, -0.375],
							"lerp_mode": "catmullrom"
						},
						"0.3333": {
							"post": [0.07, 3.1375, -0.05],
							"lerp_mode": "catmullrom"
						},
						"0.4167": {
							"post": [0.0275, 1.625, -0.04],
							"lerp_mode": "catmullrom"
						},
						"0.5417": {
							"post": [0.1, 2.1825, -0.03],
							"lerp_mode": "catmullrom"
						},
						"0.6667": {
							"post": [0.11, 2.345, -0.02],
							"lerp_mode": "catmullrom"
						},
						"0.7917": {
							"post": [-0.63, 2.2575, -0.01],
							"lerp_mode": "catmullrom"
						},
						"0.9167": {
							"post": [-0.9375, 3.0075, 0],
							"lerp_mode": "catmullrom"
						},
						"1.0417": {
							"post": [-0.94, 3.01, 0],
							"lerp_mode": "catmullrom"
						},
						"1.1667": {
							"post": [-0.9375, 3.0075, 0],
							"lerp_mode": "catmullrom"
						},
						"1.2917": {
							"post": [-1.41123, 2.99758, 0.02362],
							"lerp_mode": "catmullrom"
						},
						"1.4167": {
							"post": [-0.82595, 2.82387, -0.03764],
							"lerp_mode": "catmullrom"
						},
						"1.4583": {
							"post": [0.35973, 2.47591, -0.09549],
							"lerp_mode": "catmullrom"
						},
						"1.5833": {
							"post": [-0.19179, 2.80002, 0.04078],
							"lerp_mode": "catmullrom"
						},
						"1.6667": {
							"post": [0.09543, 1.40933, -0.30368],
							"lerp_mode": "catmullrom"
						},
						"1.7917": {
							"post": [-0.1104, -0.90184, 0.13857],
							"lerp_mode": "catmullrom"
						},
						"1.9167": {
							"post": [0.0035, 0.12544, -1.16082],
							"lerp_mode": "catmullrom"
						},
						"2.0": {
							"post": [0.01569, 0.02928, 0.10088],
							"lerp_mode": "catmullrom"
						},
						"2.0833": {
							"post": [-0.0109, -0.08, -0.10705],
							"lerp_mode": "catmullrom"
						},
						"2.1667": {
							"post": [0, 0, 0.08],
							"lerp_mode": "catmullrom"
						},
						"2.25": {
							"post": [0, 0, 0],
							"lerp_mode": "catmullrom"
						}
					}
				},
				"mag_and_lefthand": {
					"rotation": {
						"0.3333": [0, 0, 0],
						"1.0417": {
							"pre": [4.8518, 0.42396, -2.03883],
							"post": [4.8518, 0.42396, -2.03883],
							"lerp_mode": "catmullrom"
						},
						"1.125": {
							"post": [5, 0, 3],
							"lerp_mode": "catmullrom"
						},
						"1.25": {
							"post": [0, 0, -0.5],
							"lerp_mode": "catmullrom"
						},
						"1.3333": [0, 0, 0],
						"1.4167": [0, 0, 0],
						"1.5417": {
							"pre": [0, 0, 0],
							"post": [0, 0, 0],
							"lerp_mode": "catmullrom"
						}
					},
					"position": {
						"0.3333": [0, 0, 0],
						"0.4583": [0, -8.9375, 2.8125],
						"0.625": [0, -15.94, 4.81],
						"0.9583": [0, -15.94, 4.81],
						"1.0417": [0, -8.9375, 2.8125],
						"1.0833": {
							"pre": [0.1875, -7.76, 2.485],
							"post": [0.1875, -7.76, 2.485],
							"lerp_mode": "catmullrom"
						},
						"1.2083": {
							"post": [0.09, -8.005, 2.42],
							"lerp_mode": "catmullrom"
						},
						"1.3333": [0, -7.51, 2.36],
						"1.4167": [0, -7.51, 2.36],
						"1.5417": {
							"pre": [0, 0, 0],
							"post": [0, 0, 0],
							"lerp_mode": "catmullrom"
						}
					}
				}
			}
		},
		"reload_empty": {
			"animation_length": 3,
			"bones": {
				"lefthand": {
					"rotation": {
						"0.0": [116.32198, -381.98991, -208.40755],
						"0.1667": [116.32198, -381.98991, -208.40755],
						"0.2083": [98.15473, -361.6126, -252.03917],
						"1.3333": [98.15473, -361.6126, -252.03917],
						"1.5": {
							"pre": [107.81931, -332.91915, -323.27416],
							"post": [107.81931, -332.91915, -323.27416],
							"lerp_mode": "catmullrom"
						},
						"1.5833": {
							"post": [119.47194, -346.91137, -346.35281],
							"lerp_mode": "catmullrom"
						},
						"1.6667": {
							"post": [123.5991, -301.14704, -388.18148],
							"lerp_mode": "catmullrom"
						},
						"1.75": [123.5991, -301.14704, -388.18148],
						"2.0": {
							"pre": [123.5991, -301.14704, -388.18148],
							"post": [123.5991, -301.14704, -388.18148],
							"lerp_mode": "catmullrom"
						},
						"2.0417": {
							"post": [123.5991, -301.14704, -388.18148],
							"lerp_mode": "catmullrom"
						},
						"2.1667": {
							"post": [134.46394, -294.11865, -375.95073],
							"lerp_mode": "catmullrom"
						},
						"2.375": {
							"post": [149.88145, -339.23629, -331.55477],
							"lerp_mode": "catmullrom"
						},
						"2.5833": {
							"post": [116.32198, -381.98991, -208.40755],
							"lerp_mode": "catmullrom"
						}
					},
					"position": {
						"0.0": [7, -12.5, -8.25],
						"0.1667": [7, -12.5, -8.25],
						"0.2083": [6.24817, -18.89169, 0.89467],
						"1.3333": [6.24817, -18.89169, 0.89467],
						"1.4583": {
							"pre": [9.73921, -11.34156, -1.22828],
							"post": [9.73921, -11.34156, -1.22828],
							"lerp_mode": "catmullrom"
						},
						"1.5833": {
							"post": [8.42369, -5.18878, -2.01584],
							"lerp_mode": "catmullrom"
						},
						"1.625": {
							"post": [6.1234, -5.26273, -2.6055],
							"lerp_mode": "catmullrom"
						},
						"1.6667": {
							"post": [4.09131, -6.12959, -3.04369],
							"lerp_mode": "catmullrom"
						},
						"1.75": [4.09131, -6.12959, -3.04369],
						"1.8333": [4.09131, -6.12959, 0.95631],
						"2.0": {
							"pre": [4.09131, -6.12959, 0.95631],
							"post": [4.09131, -6.12959, 0.95631],
							"lerp_mode": "catmullrom"
						},
						"2.0417": {
							"post": [4.09131, -6.12959, 5.08131],
							"lerp_mode": "catmullrom"
						},
						"2.1667": {
							"post": [4.09131, -4.50459, 3.20631],
							"lerp_mode": "catmullrom"
						},
						"2.3333": {
							"post": [11.55, -7.3725, 0.725],
							"lerp_mode": "catmullrom"
						},
						"2.5833": {
							"post": [7, -12.5, -8.25],
							"lerp_mode": "catmullrom"
						}
					},
					"scale": [1, 1.5, 1]
				},
				"righthand": {
					"rotation": {
						"0.0417": [99.11875, 17.76218, -177.91989],
						"0.125": [99.12, 17.76, -177.92],
						"1.375": [99.12, 17.76, -177.92],
						"1.5": [108.74435, 6.8947, -179.66538],
						"2.4583": [108.74435, 6.8947, -179.66538],
						"2.5417": [99.11875, 17.76218, -177.91989]
					},
					"position": {
						"0.0417": [-6.625, -13.1875, -0.6875],
						"0.125": [-8.12, -13.19, -0.69],
						"1.375": [-8.12, -13.19, -0.69],
						"1.5": [-6.67079, -13.35849, -0.6253],
						"2.4583": [-6.67079, -13.35849, -0.6253],
						"2.5417": [-6.625, -13.1875, -0.6875]
					},
					"scale": [1, 1.5, 1]
				},
				"root": {
					"rotation": {
						"0.0": {
							"post": [0, 0, 0],
							"lerp_mode": "catmullrom"
						},
						"0.125": {
							"post": [-1.98906, 0.41806, -6.00181],
							"lerp_mode": "catmullrom"
						},
						"0.2917": {
							"post": [-18.88341, -29.64063, -29.95406],
							"lerp_mode": "catmullrom"
						},
						"0.375": {
							"post": [-16.80231, -38.01738, -34.70023],
							"lerp_mode": "catmullrom"
						},
						"0.5": {
							"post": [-22.25793, -37.43255, -31.50402],
							"lerp_mode": "catmullrom"
						},
						"0.5833": {
							"post": [-30.6894, -27.48211, -13.30629],
							"lerp_mode": "catmullrom"
						},
						"0.75": {
							"post": [-14.48005, -37.9943, -33.48222],
							"lerp_mode": "catmullrom"
						},
						"0.9167": {
							"post": [5.93873, -37.93472, -70.81169],
							"lerp_mode": "catmullrom"
						},
						"1.0417": {
							"post": [-2.92271, -40.52531, -58.43621],
							"lerp_mode": "catmullrom"
						},
						"1.125": {
							"post": [3.42683, -42.28434, -73.70105],
							"lerp_mode": "catmullrom"
						},
						"1.2083": {
							"post": [10.58404, -39.4419, -79.31882],
							"lerp_mode": "catmullrom"
						},
						"1.3333": {
							"post": [2.21604, -40.56238, -66.33439],
							"lerp_mode": "catmullrom"
						},
						"1.4583": {
							"post": [-18.71801, -16.32726, 7.09519],
							"lerp_mode": "catmullrom"
						},
						"1.6667": {
							"post": [-28.05348, 27.27486, 87.89945],
							"lerp_mode": "catmullrom"
						},
						"1.7917": {
							"post": [-28.94136, 26.32052, 85.9303],
							"lerp_mode": "catmullrom"
						},
						"1.9167": {
							"post": [-30.99074, 29.80359, 83.70084],
							"lerp_mode": "catmullrom"
						},
						"2.0": {
							"post": [-30.99074, 29.80359, 83.70084],
							"lerp_mode": "catmullrom"
						},
						"2.0417": {
							"post": [-15.7721, 27.37134, 87.80911],
							"lerp_mode": "catmullrom"
						},
						"2.1667": {
							"post": [-20.84635, 28.38093, 87.9298],
							"lerp_mode": "catmullrom"
						},
						"2.2917": {
							"post": [-15.95917, 31.4381, 82.03997],
							"lerp_mode": "catmullrom"
						},
						"2.4167": {
							"post": [-12.46418, -2.68345, 43.45495],
							"lerp_mode": "catmullrom"
						},
						"2.5417": {
							"post": [-3.3125, -3, 8.8125],
							"lerp_mode": "catmullrom"
						},
						"2.6667": {
							"post": [-0.8617, 0.0458, 0.07448],
							"lerp_mode": "catmullrom"
						},
						"2.75": {
							"post": [0, 0, 0],
							"lerp_mode": "catmullrom"
						},
						"2.8333": {
							"post": [0.03, 0, -0.1],
							"lerp_mode": "catmullrom"
						},
						"2.9167": {
							"post": [0, 0, 0],
							"lerp_mode": "catmullrom"
						}
					},
					"position": {
						"0.0": {
							"post": [0, 0, 0],
							"lerp_mode": "catmullrom"
						},
						"0.0833": {
							"post": [0, 0, 0],
							"lerp_mode": "catmullrom"
						},
						"0.25": {
							"post": [0, 3.3175, -0.375],
							"lerp_mode": "catmullrom"
						},
						"0.3333": {
							"post": [0.07, 3.1375, -0.05],
							"lerp_mode": "catmullrom"
						},
						"0.4583": {
							"post": [-0.16727, 3.42306, 0.04333],
							"lerp_mode": "catmullrom"
						},
						"0.5833": {
							"post": [0.51337, 2.27601, -0.20079],
							"lerp_mode": "catmullrom"
						},
						"0.7083": {
							"post": [0.26935, 3.01026, -0.09583],
							"lerp_mode": "catmullrom"
						},
						"0.875": {
							"post": [-0.41815, 3.04068, 0.00322],
							"lerp_mode": "catmullrom"
						},
						"1.0": {
							"post": [-0.81859, 3.17158, -0.00765],
							"lerp_mode": "catmullrom"
						},
						"1.125": {
							"post": [-0.62941, 2.95785, 0.0095],
							"lerp_mode": "catmullrom"
						},
						"1.2083": {
							"post": [-1.72477, 3.33856, -0.08744],
							"lerp_mode": "catmullrom"
						},
						"1.2917": {
							"post": [-1.19359, 3.17158, -0.00765],
							"lerp_mode": "catmullrom"
						},
						"1.4167": {
							"post": [-1.00135, 0.69075, 0.12973],
							"lerp_mode": "catmullrom"
						},
						"1.5833": {
							"post": [-0.065, 1.9475, 0],
							"lerp_mode": "catmullrom"
						},
						"1.75": {
							"post": [-0.19, 1.9475, 0],
							"lerp_mode": "catmullrom"
						},
						"1.875": {
							"post": [-0.55981, 1.60763, 0.63732],
							"lerp_mode": "catmullrom"
						},
						"2.0": {
							"post": [-0.55981, 1.60763, 0.63732],
							"lerp_mode": "catmullrom"
						},
						"2.0417": {
							"post": [-0.42, 1.94, -0.255],
							"lerp_mode": "catmullrom"
						},
						"2.125": {
							"post": [-0.39, 2, 0.0325],
							"lerp_mode": "catmullrom"
						},
						"2.25": {
							"post": [-0.02769, 0.83789, 0.12183],
							"lerp_mode": "catmullrom"
						},
						"2.375": {
							"post": [-0.1104, -1.46434, 0.13857],
							"lerp_mode": "catmullrom"
						},
						"2.5": {
							"post": [0.0035, 0.25044, -1.16082],
							"lerp_mode": "catmullrom"
						},
						"2.625": {
							"post": [0.01569, -0.09572, 0.25088],
							"lerp_mode": "catmullrom"
						},
						"2.7083": {
							"post": [-0.0109, -0.08, -0.18205],
							"lerp_mode": "catmullrom"
						},
						"2.7917": {
							"post": [0, 0, 0.08],
							"lerp_mode": "catmullrom"
						},
						"2.875": {
							"post": [0, 0, 0],
							"lerp_mode": "catmullrom"
						}
					}
				},
				"mag_and_lefthand": {
					"rotation": {
						"0.0": [0, 0, 0],
						"0.1667": {
							"pre": [0, 0, 0],
							"post": [0, 0, 0],
							"lerp_mode": "catmullrom"
						},
						"0.25": {
							"post": [-22.23055, 39.86787, -21.02238],
							"lerp_mode": "catmullrom"
						},
						"0.375": {
							"post": [-7.12707, 12.72758, 20.59356],
							"lerp_mode": "catmullrom"
						},
						"0.5": {
							"post": [-5.8654, 3.99538, 31.66292],
							"lerp_mode": "catmullrom"
						},
						"0.5417": {
							"post": [-6.69041, 3.3972, 26.80137],
							"lerp_mode": "catmullrom"
						},
						"0.5833": {
							"post": [-19.62129, 1.12935, 17.1149],
							"lerp_mode": "catmullrom"
						},
						"0.7917": {
							"post": [-10.80993, -1.54542, -1.78563],
							"lerp_mode": "catmullrom"
						},
						"0.9167": {
							"post": [-10.67825, -2.2914, -5.71768],
							"lerp_mode": "catmullrom"
						},
						"1.0417": [0, 0, 0],
						"1.125": [0, 0, 0],
						"1.2083": [0, 0, 0]
					},
					"position": {
						"0.0": [0, 0, 0],
						"0.1667": {
							"pre": [7.17299, -20.21502, -2.82879],
							"post": [7.17299, -20.21502, -2.82879],
							"lerp_mode": "catmullrom"
						},
						"0.25": {
							"post": [7.17299, -3.46502, 6.54621],
							"lerp_mode": "catmullrom"
						},
						"0.375": {
							"post": [3.5625, 1.07, 0.52],
							"lerp_mode": "catmullrom"
						},
						"0.5": {
							"post": [3.39, 2.45, 0.68],
							"lerp_mode": "catmullrom"
						},
						"0.5417": {
							"post": [3.5625, 1.07, 0.52],
							"lerp_mode": "catmullrom"
						},
						"0.5833": {
							"post": [3.56, -3.93, 0.52],
							"lerp_mode": "catmullrom"
						},
						"0.7917": {
							"post": [0.80985, -10.29269, 2.66716],
							"lerp_mode": "catmullrom"
						},
						"0.9167": {
							"post": [0.9175, -8.285, 1.4],
							"lerp_mode": "catmullrom"
						},
						"1.0417": [0, -7.51, 2.36],
						"1.125": [0, -7.51, 2.36],
						"1.2083": [0, 0, 0]
					}
				},
				"additional_magzine": {
					"rotation": {
						"0.5417": [0, 0, 0],
						"0.5833": [0, 0, 0],
						"0.6667": {
							"pre": [-27.5, 0, 0],
							"post": [-27.5, 0, 0],
							"lerp_mode": "catmullrom"
						}
					},
					"position": {
						"0.5417": [0, 0, 0],
						"0.5833": [-0.0625, -7.3125, 2.0625],
						"0.6667": {
							"pre": [-0.625, -12.56, 2.06],
							"post": [-0.625, -12.56, 2.06],
							"lerp_mode": "catmullrom"
						},
						"0.8333": {
							"post": [-1.25, -33.81, 8.81],
							"lerp_mode": "catmullrom"
						}
					},
					"scale": {
						"0.75": [1, 1, 1],
						"0.7917": {"pre": [1, 1, 1], "post": [0, 0, 0]}
					}
				},
				"magzine": {
					"scale": {
						"0.125": [0, 0, 0],
						"0.1667": {"pre": [0, 0, 0], "post": [1, 1, 1]}
					}
				},
				"bolt": {
					"position": {
						"1.75": [0, 0, 0],
						"1.8333": [0, 0, 4],
						"2.0": [0, 0, 4],
						"2.0417": [0, 0, 0]
					}
				},
				"camera": {
					"rotation": [0, 0, 0]
				}
			}
		},
		"shoot": {
			"animation_length": 0.3667,
			"bones": {
				"root": {
					"rotation": {
						"0.0": [0, 0, 0],
						"0.0333": [1.94, -0.59, 3.43],
						"0.0667": [-0.83, 0.24, -0.52],
						"0.1": [-0.54, 0.16, -1.35],
						"0.1333": [0.08, -0.01, -1.75],
						"0.1667": [0.1, -0.02, -2.22],
						"0.2": [0, 0, -2.25],
						"0.2333": [-0.01, 0, -1.62],
						"0.2667": [0, 0, -0.69],
						"0.3": [0, 0, 0]
					},
					"position": {
						"0.0": [0, 0, 0],
						"0.0333": [0, -0.12, 1.13],
						"0.0667": [0, -0.25, 0.9],
						"0.1": [0, -0.01, -0.04],
						"0.1333": [0, -0.04, -0.29],
						"0.1667": [0, -0.1, -0.37],
						"0.2": [0, -0.1, -0.27],
						"0.2333": [0, -0.08, -0.08],
						"0.2667": [0, -0.06, 0.05],
						"0.3": [0, -0.04, 0.07],
						"0.3333": [0, -0.02, 0.03],
						"0.3667": [0, 0, 0]
					}
				},
				"camera": {
					"rotation": {
						"0.0": [0, 0, 0],
						"0.0333": [0, 0, 0.625],
						"0.0667": [0, 0, -0.37],
						"0.1": [0, 0, 0.4],
						"0.1333": [0, 0, -0.12],
						"0.1667": [0, 0, 0.185],
						"0.2": [0, 0, 0]
					},
					"scale": 1
				},
				"bolt": {
					"position": {
						"0.0": {
							"post": [0, 0, 0],
							"lerp_mode": "catmullrom"
						},
						"0.0333": {
							"post": [0, 0, 3.375],
							"lerp_mode": "catmullrom"
						},
						"0.0667": {
							"post": [0, 0, 0],
							"lerp_mode": "catmullrom"
						}
					}
				}
			}
		},
		"put_away": {
			"loop": "hold_on_last_frame",
			"animation_length": 0.6667,
			"bones": {
				"lefthand": {
					"rotation": [116.32198, -381.98991, -208.40755],
					"position": [7, -12.5, -8.25],
					"scale": [1, 1.5, 1]
				},
				"righthand": {
					"rotation": [99.11875, 17.76218, -177.91989],
					"position": [-6.625, -13.1875, -0.6875],
					"scale": [1, 1.5, 1]
				},
				"root": {
					"rotation": {
						"0.0": {
							"post": [0, 0, 0],
							"lerp_mode": "catmullrom"
						},
						"0.2": {
							"post": [-0.78508, -4.14047, 6.05425],
							"lerp_mode": "catmullrom"
						},
						"0.4": {
							"post": [-3.96594, -16.73309, 23.07568],
							"lerp_mode": "catmullrom"
						},
						"0.5333": {
							"post": [0.81, -32.64, 33.95],
							"lerp_mode": "catmullrom"
						}
					},
					"position": {
						"0.0": {
							"post": [0, 0, 0],
							"lerp_mode": "catmullrom"
						},
						"0.1667": {
							"post": [0, 0.25, -0.3125],
							"lerp_mode": "catmullrom"
						},
						"0.3667": {
							"post": [-0.95, -3.545, 7.2],
							"lerp_mode": "catmullrom"
						},
						"0.5": {
							"post": [-3.18, -5.58, 24],
							"lerp_mode": "catmullrom"
						}
					}
				},
				"camera": {
					"rotation": {
						"0.0": {
							"post": [0, 0, 0],
							"lerp_mode": "catmullrom"
						},
						"0.0667": {
							"post": [0, 0, 0.025],
							"lerp_mode": "catmullrom"
						},
						"0.1667": {
							"post": [-0.1, 0, -0.05],
							"lerp_mode": "catmullrom"
						},
						"0.3": {
							"post": [0.75, 0, 0.225],
							"lerp_mode": "catmullrom"
						},
						"0.3667": {
							"post": [0.45, 0, -0.625],
							"lerp_mode": "catmullrom"
						},
						"0.5333": {
							"post": [0, 0, 0],
							"lerp_mode": "catmullrom"
						}
					}
				}
			}
		},
		"draw": {
			"loop": "hold_on_last_frame",
			"animation_length": 0.8333,
			"bones": {
				"lefthand": {
					"rotation": [116.32198, -381.98991, -208.40755],
					"position": [7, -12.5, -8.25],
					"scale": [1, 1.5, 1]
				},
				"righthand": {
					"rotation": [99.11875, 17.76218, -177.91989],
					"position": [-6.625, -13.1875, -0.6875],
					"scale": [1, 1.5, 1]
				},
				"root": {
					"rotation": {
						"0.0": {
							"post": [0.81, -32.64, 33.95],
							"lerp_mode": "catmullrom"
						},
						"0.1333": {
							"post": [-3.8938, -12.74248, 22.79227],
							"lerp_mode": "catmullrom"
						},
						"0.2667": {
							"post": [-0.78319, -1.14075, 6.01315],
							"lerp_mode": "catmullrom"
						},
						"0.3667": {
							"post": [-0.31859, -0.13504, -1.3],
							"lerp_mode": "catmullrom"
						},
						"0.4333": {
							"post": [0.03999, 0.0007, 0.3],
							"lerp_mode": "catmullrom"
						},
						"0.5333": {
							"post": [0, 0, 0],
							"lerp_mode": "catmullrom"
						},
						"0.6": {
							"post": [0, 0, 0],
							"lerp_mode": "catmullrom"
						}
					},
					"position": {
						"0.0": {
							"post": [-3.18, -5.58, 24],
							"lerp_mode": "catmullrom"
						},
						"0.1": {
							"post": [-0.95, -3.545, 7.2],
							"lerp_mode": "catmullrom"
						},
						"0.2333": {
							"post": [0, 0.25, -0.3125],
							"lerp_mode": "catmullrom"
						},
						"0.3667": {
							"post": [0, -0.25, 0.13],
							"lerp_mode": "catmullrom"
						},
						"0.4667": {
							"post": [0, 0.02, -0.2],
							"lerp_mode": "catmullrom"
						},
						"0.5667": {
							"post": [0, 0, 0],
							"lerp_mode": "catmullrom"
						},
						"0.6333": {
							"post": [0, 0, 0],
							"lerp_mode": "catmullrom"
						}
					}
				},
				"camera": {
					"rotation": {
						"0.0": {
							"post": [0, 0, 0],
							"lerp_mode": "catmullrom"
						},
						"0.1667": {
							"post": [0.575, 0, 0.2],
							"lerp_mode": "catmullrom"
						},
						"0.3": {
							"post": [0.275, 0, 0.55],
							"lerp_mode": "catmullrom"
						},
						"0.3667": {
							"post": [-0.1, 0, -0.35],
							"lerp_mode": "catmullrom"
						},
						"0.4667": {
							"post": [0, 0, 0.275],
							"lerp_mode": "catmullrom"
						},
						"0.5333": {
							"post": [0, 0, -0.17],
							"lerp_mode": "catmullrom"
						},
						"0.6667": {
							"post": [0, 0, 0.075],
							"lerp_mode": "catmullrom"
						},
						"0.8": {
							"post": [0, 0, 0],
							"lerp_mode": "catmullrom"
						}
					}
				}
			},
			"sound_effects": {
				"0.0": {
					"effect": "wfoly_sm_iso_raise_quick"
				}
			}
		}
	}
}