{
	"format_version": "1.8.0",
	"animations": {
		"static_idle": {
			"loop": true,
			"bones": {
				"lefthand": {
					"rotation": [125.36834, -375.10006, -213.60223],
					"position": [7.325, -13.05, -12.275],
					"scale": [1, 1.5, 1]
				},
				"righthand": {
					"rotation": [99.57389, 10.20747, -175.03063],
					"position": [-6.7, -13.7625, 1.1125],
					"scale": [1, 1.5, 1]
				},
				"constraint": {
					"rotation": [0.1, 0.1, 0.1],
					"position": [0.1, 0.1, 0.4]
				}
			}
		},
		"inspect": {
			"animation_length": 6.4583,
			"bones": {
				"lefthand": {
					"rotation": {
						"0.0": [125.36834, -375.10006, -213.60223],
						"0.2083": [126.072, -378.34799, -216.03819],
						"0.4583": [129.03524, -391.60051, -209.57453],
						"1.6667": [129.04, -391.6, -209.57],
						"2.0": [136.90846, -397.88224, -237.69064],
						"5.4167": [136.90846, -397.88224, -237.69064],
						"5.5417": [129.04, -391.6, -209.57],
						"5.7083": [125.36834, -375.10006, -213.60223]
					},
					"position": {
						"0.0": [7.325, -13.05, -12.275],
						"0.2083": [7.33, -13.05, -12.27],
						"0.4583": [7.33, -13.05, -12.27],
						"1.6667": [7.33, -13.05, -12.27],
						"1.7917": [7.33, -18.055, -9.53],
						"2.0": [7.33, -17.1, -7.695],
						"5.4167": [7.33, -17.1, -7.695],
						"5.5417": [7.33, -13.05, -12.27],
						"5.7083": [7.325, -13.05, -12.275]
					},
					"scale": [1, 1.5, 1]
				},
				"righthand": {
					"rotation": {
						"0.0": [99.57389, 10.20747, -175.03063],
						"0.2083": [99.57, 10.21, -175.03],
						"0.4583": [110.48857, -62.13061, -195.02116],
						"1.0": [110.48887, -62.13048, -195.02091],
						"1.5417": [110.4892, -62.13034, -195.02065],
						"2.0833": [110.48953, -62.1302, -195.02038],
						"2.625": [110.48985, -62.13006, -195.02012],
						"2.9167": [110.49, -62.13, -195.02],
						"2.9583": [107.15049, -63.51278, -191.35733],
						"3.0": [98.32629, -67.16659, -181.67926],
						"3.0417": [86.05487, -72.24778, -168.22038],
						"3.0833": [72.6066, -77.81626, -153.47077],
						"3.125": [60.33555, -82.8973, -140.0123],
						"3.1667": [51.51206, -86.55081, -130.335],
						"3.2083": [48.17359, -87.93317, -126.67347],
						"3.75": [48.17359, -87.93317, -126.67347],
						"4.2917": [48.17359, -87.93317, -126.67347],
						"4.8333": [48.17359, -87.93317, -126.67347],
						"5.0": [48.17359, -87.93317, -126.67347],
						"5.0417": [51.90628, -86.38758, -130.76736],
						"5.0833": [63.03205, -81.78077, -142.96973],
						"5.1667": [95.63153, -68.2824, -178.72374],
						"5.2083": [106.75731, -63.67558, -190.92611],
						"5.25": {
							"pre": [110.49, -62.13, -195.02],
							"post": [110.49, -62.13, -195.02],
							"lerp_mode": "catmullrom"
						},
						"5.375": [110.49, -62.13, -195.02],
						"5.5": [99.57389, 10.20747, -175.03063]
					},
					"position": {
						"0.0": [-6.7, -13.7625, 1.1125],
						"0.2083": [-6.7, -13.76, 1.11],
						"0.4583": [-5.125, -13.76, 2.985],
						"2.9167": [-5.12, -13.76, 2.99],
						"3.2083": [-5.12, -14.085, 7.64],
						"5.0": [-5.12, -14.085, 7.64],
						"5.25": {
							"pre": [-5.12, -13.76, 2.99],
							"post": [-5.12, -13.76, 2.99],
							"lerp_mode": "catmullrom"
						},
						"5.375": [-5.12, -13.76, 2.99],
						"5.5": [-6.7, -13.7625, 1.1125]
					},
					"scale": [1, 1.5, 1]
				},
				"root": {
					"rotation": {
						"0.0": [0, 0, 0],
						"0.2083": {
							"pre": [-1.81089, -3.63328, 7.41397],
							"post": [-1.81089, -3.63328, 7.41397],
							"lerp_mode": "catmullrom"
						},
						"0.4583": {
							"post": [-16.4551, -54.2309, 1.98565],
							"lerp_mode": "catmullrom"
						},
						"0.6667": {
							"post": [-18.40932, -61.28756, 7.67635],
							"lerp_mode": "catmullrom"
						},
						"0.8333": {
							"post": [-21.10582, -61.56468, 9.0564],
							"lerp_mode": "catmullrom"
						},
						"1.0417": {
							"post": [-21.10582, -61.56468, 9.0564],
							"lerp_mode": "catmullrom"
						},
						"1.25": {
							"post": [0.1803, -62.90808, -13.15881],
							"lerp_mode": "catmullrom"
						},
						"1.4583": {
							"post": [3.7141, -62.93226, -14.98711],
							"lerp_mode": "catmullrom"
						},
						"1.6667": {
							"post": [1.1141, -62.93226, -11.71211],
							"lerp_mode": "catmullrom"
						},
						"1.9167": {
							"post": [-13.9302, -60.36383, 6.90683],
							"lerp_mode": "catmullrom"
						},
						"2.0833": {
							"post": [-0.44608, -63.33149, -9.72394],
							"lerp_mode": "catmullrom"
						},
						"2.25": {
							"post": [-2.88285, -63.2392, -5.67593],
							"lerp_mode": "catmullrom"
						},
						"2.5417": {
							"post": [-1.22844, -62.70013, -5.75963],
							"lerp_mode": "catmullrom"
						},
						"2.8333": {
							"post": [-1.22844, -61.95013, -7.73463],
							"lerp_mode": "catmullrom"
						},
						"3.0": {
							"post": [-6.66532, -63.0774, -0.43568],
							"lerp_mode": "catmullrom"
						},
						"3.2083": {
							"post": [-11.7197, -65.17765, 10.03696],
							"lerp_mode": "catmullrom"
						},
						"3.375": {
							"post": [-13.21395, -69.03158, 14.0517],
							"lerp_mode": "catmullrom"
						},
						"3.7083": {
							"post": [-13.67908, -69.31739, 16.32828],
							"lerp_mode": "catmullrom"
						},
						"4.0417": {
							"post": [-66.01751, -77.97996, 69.74468],
							"lerp_mode": "catmullrom"
						},
						"4.375": {
							"post": [-122.95855, -84.75752, 126.50885],
							"lerp_mode": "catmullrom"
						},
						"4.625": {
							"post": [-121.95855, -84.75752, 126.50885],
							"lerp_mode": "catmullrom"
						},
						"4.9583": {
							"post": [-122.95855, -84.75752, 126.50885],
							"lerp_mode": "catmullrom"
						},
						"5.125": {
							"post": [-11.57286, -77.38767, 14.48578],
							"lerp_mode": "catmullrom"
						},
						"5.2917": {
							"post": [-43.10899, -61.13307, 48.71465],
							"lerp_mode": "catmullrom"
						},
						"5.5": {
							"post": [-7.243, -43.014, 20.15846],
							"lerp_mode": "catmullrom"
						},
						"5.7083": {
							"post": [-0.78319, -1.14075, 6.01315],
							"lerp_mode": "catmullrom"
						},
						"5.875": {
							"post": [-0.31859, -0.13504, -1.3],
							"lerp_mode": "catmullrom"
						},
						"6.0417": {
							"post": [0.03999, 0.0007, 0.3],
							"lerp_mode": "catmullrom"
						},
						"6.2083": {
							"post": [0, 0, 0],
							"lerp_mode": "catmullrom"
						},
						"6.4167": {
							"post": [0, 0, 0],
							"lerp_mode": "catmullrom"
						}
					},
					"position": {
						"0.0": [0, 0, 0],
						"0.1667": {
							"pre": [-0.0544, -0.54675, -0.01829],
							"post": [-0.0544, -0.54675, -0.01829],
							"lerp_mode": "catmullrom"
						},
						"0.4167": {
							"post": [-0.47806, 1.95494, 0.35802],
							"lerp_mode": "catmullrom"
						},
						"0.625": {
							"post": [-0.40099, 1.5164, 0.29289],
							"lerp_mode": "catmullrom"
						},
						"0.875": {
							"post": [-0.41384, 1.66449, 0.30375],
							"lerp_mode": "catmullrom"
						},
						"1.0833": {
							"post": [-0.41384, 1.66449, 0.30375],
							"lerp_mode": "catmullrom"
						},
						"1.2917": {
							"post": [-0.51, 1.6, 0.3],
							"lerp_mode": "catmullrom"
						},
						"1.5": {
							"post": [-0.51, 1.6, 0.3],
							"lerp_mode": "catmullrom"
						},
						"1.7083": {
							"post": [-0.51, 1.6, 0.3],
							"lerp_mode": "catmullrom"
						},
						"1.875": {
							"post": [-0.41, 1.12, 0.3],
							"lerp_mode": "catmullrom"
						},
						"2.0417": {
							"post": [-0.41, 2.015, 0.3],
							"lerp_mode": "catmullrom"
						},
						"2.2083": {
							"post": [-0.41, 1.99, 0.3],
							"lerp_mode": "catmullrom"
						},
						"2.5": {
							"post": [-0.41, 2.065, 0.3],
							"lerp_mode": "catmullrom"
						},
						"2.7917": {
							"post": [-0.41, 2.065, 0.3],
							"lerp_mode": "catmullrom"
						},
						"3.0": {
							"post": [-0.13, 1.25, 0.3],
							"lerp_mode": "catmullrom"
						},
						"3.1667": {
							"post": [0.09, 2.415, 0.3],
							"lerp_mode": "catmullrom"
						},
						"3.3333": {
							"post": [0.09, 2.015, 0.3],
							"lerp_mode": "catmullrom"
						},
						"3.7083": {
							"post": [0.215, 2.29, 0.3],
							"lerp_mode": "catmullrom"
						},
						"4.0417": {
							"post": [2.78, 2.28, 0.3],
							"lerp_mode": "catmullrom"
						},
						"4.375": {
							"post": [4.02, 2.27, 0.3],
							"lerp_mode": "catmullrom"
						},
						"4.625": {
							"post": [4.645, 2.27, 0.3],
							"lerp_mode": "catmullrom"
						},
						"4.9167": {
							"post": [4.645, 2.27, 0.3],
							"lerp_mode": "catmullrom"
						},
						"5.0833": {
							"post": [4.22, 1.27, 0.3],
							"lerp_mode": "catmullrom"
						},
						"5.25": {
							"post": [3, 0.995, 0.3],
							"lerp_mode": "catmullrom"
						},
						"5.4583": {
							"post": [2.35, -1, 0.3],
							"lerp_mode": "catmullrom"
						},
						"5.6667": {
							"post": [0, 0.45, -0.3125],
							"lerp_mode": "catmullrom"
						},
						"5.875": {
							"post": [0, -0.25, 0.13],
							"lerp_mode": "catmullrom"
						},
						"6.0417": {
							"post": [0, 0.02, -0.2],
							"lerp_mode": "catmullrom"
						},
						"6.25": {
							"post": [0, 0, 0],
							"lerp_mode": "catmullrom"
						},
						"6.4583": {
							"post": [0, 0, 0],
							"lerp_mode": "catmullrom"
						}
					}
				},
				"lahuan": {
					"rotation": {
						"0.5833": [0, 0, 0],
						"0.6667": [0, 0, -10],
						"0.75": [0, 0, 0],
						"0.8333": [0, 0, -4],
						"0.9167": [0, 0, 0],
						"1.875": [0, 0, 0],
						"1.9583": [0, 0, -13],
						"2.0417": [0, 0, 0],
						"2.9583": [0, 0, 0],
						"3.0417": [0, 0, -9],
						"3.125": [0, 0, 0],
						"3.2083": [0, 0, -9],
						"3.2917": [0, 0, 0],
						"3.375": [0, 0, -5],
						"3.4583": [0, 0, 0],
						"5.7083": [0, 0, 0],
						"5.7917": [0, 0, -26],
						"5.875": [0, 0, 0],
						"5.9583": [0, 0, -9],
						"6.0417": [0, 0, 0]
					}
				},
				"camera": {
					"rotation": {
						"0.0": [0, 0, 0],
						"0.1667": {
							"pre": [0, 0, -0.6],
							"post": [0, 0, -0.6],
							"lerp_mode": "catmullrom"
						},
						"0.3333": {
							"post": [0, 0, -0.5],
							"lerp_mode": "catmullrom"
						},
						"0.5": {
							"post": [0, 0, 0.5],
							"lerp_mode": "catmullrom"
						},
						"0.6667": {
							"post": [0, 0, -0.25],
							"lerp_mode": "catmullrom"
						},
						"0.8333": {
							"post": [0, 0, 0.3],
							"lerp_mode": "catmullrom"
						},
						"1.0": {
							"post": [0, 0, -0.125],
							"lerp_mode": "catmullrom"
						},
						"1.1667": {
							"post": [1.825, 0, 0],
							"lerp_mode": "catmullrom"
						},
						"1.375": {
							"post": [2.125, 0, 0.375],
							"lerp_mode": "catmullrom"
						},
						"1.5833": {
							"post": [2.125, 0, -0.25],
							"lerp_mode": "catmullrom"
						},
						"1.7083": {
							"post": [2.125, 0, 0.125],
							"lerp_mode": "catmullrom"
						},
						"1.7917": {
							"post": [4.175, 0, 0.5],
							"lerp_mode": "catmullrom"
						},
						"1.9167": {
							"post": [4.45, 0, 0.325],
							"lerp_mode": "catmullrom"
						},
						"2.0833": {
							"post": [4.45, 0, -0.425],
							"lerp_mode": "catmullrom"
						},
						"2.2083": {
							"post": [4.45, 0, 0.275],
							"lerp_mode": "catmullrom"
						},
						"2.2917": {
							"post": [4.45, 0, -0.15],
							"lerp_mode": "catmullrom"
						},
						"2.375": {
							"post": [4.45, 0, 0.1],
							"lerp_mode": "catmullrom"
						},
						"2.4583": {
							"post": [3.975, 0, 0],
							"lerp_mode": "catmullrom"
						},
						"2.6667": {
							"post": [2.425, 0, 0.05],
							"lerp_mode": "catmullrom"
						},
						"2.875": {
							"post": [2.425, 0, -0.075],
							"lerp_mode": "catmullrom"
						},
						"3.0": {
							"post": [2.425, 0, 0.7],
							"lerp_mode": "catmullrom"
						},
						"3.125": {
							"post": [2.425, 0, -0.35],
							"lerp_mode": "catmullrom"
						},
						"3.25": {
							"post": [2.425, 0, 0.275],
							"lerp_mode": "catmullrom"
						},
						"3.375": {
							"post": [2.425, 0, -0.075],
							"lerp_mode": "catmullrom"
						},
						"3.5417": {
							"post": [2.425, 3.725, 0.075],
							"lerp_mode": "catmullrom"
						},
						"3.75": {
							"post": [2.425, 3.725, -0.05],
							"lerp_mode": "catmullrom"
						},
						"3.9167": {
							"post": [2.425, 6.025, 0.2],
							"lerp_mode": "catmullrom"
						},
						"4.2083": {
							"post": [2.425, 6.675, 0.25],
							"lerp_mode": "catmullrom"
						},
						"4.4167": {
							"post": [2.425, 6.675, -0.075],
							"lerp_mode": "catmullrom"
						},
						"4.625": {
							"post": [2.425, 6.675, 0.075],
							"lerp_mode": "catmullrom"
						},
						"4.9167": {
							"post": [2.425, 6, 0.2],
							"lerp_mode": "catmullrom"
						},
						"5.125": {
							"post": [1.175, 3.975, 0.2],
							"lerp_mode": "catmullrom"
						},
						"5.25": {
							"post": [0.55, 2.7, 0.125],
							"lerp_mode": "catmullrom"
						},
						"5.5": {
							"post": [0.375, 1.8, 0.075],
							"lerp_mode": "catmullrom"
						},
						"5.7083": {
							"post": [-0.825, 0, -0.025],
							"lerp_mode": "catmullrom"
						},
						"5.875": {
							"post": [0.3, 0, 0.475],
							"lerp_mode": "catmullrom"
						},
						"5.9583": {
							"post": [0, 0, -0.25],
							"lerp_mode": "catmullrom"
						},
						"6.0417": {
							"post": [0, 0, 0.325],
							"lerp_mode": "catmullrom"
						},
						"6.125": {
							"post": [0, 0, -0.125],
							"lerp_mode": "catmullrom"
						},
						"6.2083": {
							"post": [0, 0, 0.075],
							"lerp_mode": "catmullrom"
						},
						"6.2917": {
							"post": [0, 0, -0.025],
							"lerp_mode": "catmullrom"
						},
						"6.375": {
							"post": [0, 0, 0],
							"lerp_mode": "catmullrom"
						}
					}
				}
			},
			"sound_effects": {
				"0.0": {
					"effect": "hare:striker/inspect"
				},
				"0.9583": {
					"effect": "wfoly_sm_papa90_ads_down"
				},
				"1.7083": {
					"effect": "wfoly_sm_papa90_ads_up"
				},
				"2.8333": {
					"effect": "wfoly_sm_papa90_reload_fast_end"
				},
				"3.75": {
					"effect": "wfoly_sm_papa90_reload_arm_up"
				},
				"5.125": {
					"effect": "wfoly_sm_papa90_drop"
				},
				"5.5417": {
					"effect": "wfoly_sm_papa90_raise"
				}
			}
		},
		"inspect_empty": {
			"animation_length": 6.4583,
			"bones": {
				"lefthand": {
					"rotation": {
						"0.0": [125.36834, -375.10006, -213.60223],
						"0.2083": [126.072, -378.34799, -216.03819],
						"0.4583": [129.03524, -391.60051, -209.57453],
						"1.6667": [129.04, -391.6, -209.57],
						"2.0": [136.90846, -397.88224, -237.69064],
						"5.4167": [136.90846, -397.88224, -237.69064],
						"5.5417": [129.04, -391.6, -209.57],
						"5.7083": [125.36834, -375.10006, -213.60223]
					},
					"position": {
						"0.0": [7.325, -13.05, -12.275],
						"0.2083": [7.33, -13.05, -12.27],
						"0.4583": [7.33, -13.05, -12.27],
						"1.6667": [7.33, -13.05, -12.27],
						"1.7917": [7.33, -18.055, -9.53],
						"2.0": [7.33, -17.1, -7.695],
						"5.4167": [7.33, -17.1, -7.695],
						"5.5417": [7.33, -13.05, -12.27],
						"5.7083": [7.325, -13.05, -12.275]
					},
					"scale": [1, 1.5, 1]
				},
				"righthand": {
					"rotation": {
						"0.0": [99.57389, 10.20747, -175.03063],
						"0.2083": [99.57, 10.21, -175.03],
						"0.4583": [110.48857, -62.13061, -195.02116],
						"1.0": [110.48887, -62.13048, -195.02091],
						"1.5417": [110.4892, -62.13034, -195.02065],
						"2.0833": [110.48953, -62.1302, -195.02038],
						"2.625": [110.48985, -62.13006, -195.02012],
						"2.9167": [110.49, -62.13, -195.02],
						"2.9583": [107.15049, -63.51278, -191.35733],
						"3.0": [98.32629, -67.16659, -181.67926],
						"3.0417": [86.05487, -72.24778, -168.22038],
						"3.0833": [72.6066, -77.81626, -153.47077],
						"3.125": [60.33555, -82.8973, -140.0123],
						"3.1667": [51.51206, -86.55081, -130.335],
						"3.2083": [48.17359, -87.93317, -126.67347],
						"3.75": [48.17359, -87.93317, -126.67347],
						"4.2917": [48.17359, -87.93317, -126.67347],
						"4.8333": [48.17359, -87.93317, -126.67347],
						"5.0": [48.17359, -87.93317, -126.67347],
						"5.0417": [51.90628, -86.38758, -130.76736],
						"5.0833": [63.03205, -81.78077, -142.96973],
						"5.1667": [95.63153, -68.2824, -178.72374],
						"5.2083": [106.75731, -63.67558, -190.92611],
						"5.25": {
							"pre": [110.49, -62.13, -195.02],
							"post": [110.49, -62.13, -195.02],
							"lerp_mode": "catmullrom"
						},
						"5.375": [110.49, -62.13, -195.02],
						"5.5": [99.57389, 10.20747, -175.03063]
					},
					"position": {
						"0.0": [-6.7, -13.7625, 1.1125],
						"0.2083": [-6.7, -13.76, 1.11],
						"0.4583": [-5.125, -13.76, 2.985],
						"2.9167": [-5.12, -13.76, 2.99],
						"3.2083": [-5.12, -14.085, 7.64],
						"5.0": [-5.12, -14.085, 7.64],
						"5.25": {
							"pre": [-5.12, -13.76, 2.99],
							"post": [-5.12, -13.76, 2.99],
							"lerp_mode": "catmullrom"
						},
						"5.375": [-5.12, -13.76, 2.99],
						"5.5": [-6.7, -13.7625, 1.1125]
					},
					"scale": [1, 1.5, 1]
				},
				"root": {
					"rotation": {
						"0.0": [0, 0, 0],
						"0.2083": {
							"pre": [-1.81089, -3.63328, 7.41397],
							"post": [-1.81089, -3.63328, 7.41397],
							"lerp_mode": "catmullrom"
						},
						"0.4583": {
							"post": [-16.4551, -54.2309, 1.98565],
							"lerp_mode": "catmullrom"
						},
						"0.6667": {
							"post": [-18.40932, -61.28756, 7.67635],
							"lerp_mode": "catmullrom"
						},
						"0.8333": {
							"post": [-21.10582, -61.56468, 9.0564],
							"lerp_mode": "catmullrom"
						},
						"1.0417": {
							"post": [-21.10582, -61.56468, 9.0564],
							"lerp_mode": "catmullrom"
						},
						"1.25": {
							"post": [0.1803, -62.90808, -13.15881],
							"lerp_mode": "catmullrom"
						},
						"1.4583": {
							"post": [3.7141, -62.93226, -14.98711],
							"lerp_mode": "catmullrom"
						},
						"1.6667": {
							"post": [1.1141, -62.93226, -11.71211],
							"lerp_mode": "catmullrom"
						},
						"1.9167": {
							"post": [-13.9302, -60.36383, 6.90683],
							"lerp_mode": "catmullrom"
						},
						"2.0833": {
							"post": [-0.44608, -63.33149, -9.72394],
							"lerp_mode": "catmullrom"
						},
						"2.25": {
							"post": [-2.88285, -63.2392, -5.67593],
							"lerp_mode": "catmullrom"
						},
						"2.5417": {
							"post": [-1.22844, -62.70013, -5.75963],
							"lerp_mode": "catmullrom"
						},
						"2.8333": {
							"post": [-1.22844, -61.95013, -7.73463],
							"lerp_mode": "catmullrom"
						},
						"3.0": {
							"post": [-6.66532, -63.0774, -0.43568],
							"lerp_mode": "catmullrom"
						},
						"3.2083": {
							"post": [-11.7197, -65.17765, 10.03696],
							"lerp_mode": "catmullrom"
						},
						"3.375": {
							"post": [-13.21395, -69.03158, 14.0517],
							"lerp_mode": "catmullrom"
						},
						"3.7083": {
							"post": [-13.67908, -69.31739, 16.32828],
							"lerp_mode": "catmullrom"
						},
						"4.0417": {
							"post": [-66.01751, -77.97996, 69.74468],
							"lerp_mode": "catmullrom"
						},
						"4.375": {
							"post": [-122.95855, -84.75752, 126.50885],
							"lerp_mode": "catmullrom"
						},
						"4.625": {
							"post": [-121.95855, -84.75752, 126.50885],
							"lerp_mode": "catmullrom"
						},
						"4.9583": {
							"post": [-122.95855, -84.75752, 126.50885],
							"lerp_mode": "catmullrom"
						},
						"5.125": {
							"post": [-11.57286, -77.38767, 14.48578],
							"lerp_mode": "catmullrom"
						},
						"5.2917": {
							"post": [-43.10899, -61.13307, 48.71465],
							"lerp_mode": "catmullrom"
						},
						"5.5": {
							"post": [-7.243, -43.014, 20.15846],
							"lerp_mode": "catmullrom"
						},
						"5.7083": {
							"post": [-0.78319, -1.14075, 6.01315],
							"lerp_mode": "catmullrom"
						},
						"5.875": {
							"post": [-0.31859, -0.13504, -1.3],
							"lerp_mode": "catmullrom"
						},
						"6.0417": {
							"post": [0.03999, 0.0007, 0.3],
							"lerp_mode": "catmullrom"
						},
						"6.2083": {
							"post": [0, 0, 0],
							"lerp_mode": "catmullrom"
						},
						"6.4167": {
							"post": [0, 0, 0],
							"lerp_mode": "catmullrom"
						}
					},
					"position": {
						"0.0": [0, 0, 0],
						"0.1667": {
							"pre": [-0.0544, -0.54675, -0.01829],
							"post": [-0.0544, -0.54675, -0.01829],
							"lerp_mode": "catmullrom"
						},
						"0.4167": {
							"post": [-0.47806, 1.95494, 0.35802],
							"lerp_mode": "catmullrom"
						},
						"0.625": {
							"post": [-0.40099, 1.5164, 0.29289],
							"lerp_mode": "catmullrom"
						},
						"0.875": {
							"post": [-0.41384, 1.66449, 0.30375],
							"lerp_mode": "catmullrom"
						},
						"1.0833": {
							"post": [-0.41384, 1.66449, 0.30375],
							"lerp_mode": "catmullrom"
						},
						"1.2917": {
							"post": [-0.51, 1.6, 0.3],
							"lerp_mode": "catmullrom"
						},
						"1.5": {
							"post": [-0.51, 1.6, 0.3],
							"lerp_mode": "catmullrom"
						},
						"1.7083": {
							"post": [-0.51, 1.6, 0.3],
							"lerp_mode": "catmullrom"
						},
						"1.875": {
							"post": [-0.41, 1.12, 0.3],
							"lerp_mode": "catmullrom"
						},
						"2.0417": {
							"post": [-0.41, 2.015, 0.3],
							"lerp_mode": "catmullrom"
						},
						"2.2083": {
							"post": [-0.41, 1.99, 0.3],
							"lerp_mode": "catmullrom"
						},
						"2.5": {
							"post": [-0.41, 2.065, 0.3],
							"lerp_mode": "catmullrom"
						},
						"2.7917": {
							"post": [-0.41, 2.065, 0.3],
							"lerp_mode": "catmullrom"
						},
						"3.0": {
							"post": [-0.13, 1.25, 0.3],
							"lerp_mode": "catmullrom"
						},
						"3.1667": {
							"post": [0.09, 2.415, 0.3],
							"lerp_mode": "catmullrom"
						},
						"3.3333": {
							"post": [0.09, 2.015, 0.3],
							"lerp_mode": "catmullrom"
						},
						"3.7083": {
							"post": [0.215, 2.29, 0.3],
							"lerp_mode": "catmullrom"
						},
						"4.0417": {
							"post": [2.78, 2.28, 0.3],
							"lerp_mode": "catmullrom"
						},
						"4.375": {
							"post": [4.02, 2.27, 0.3],
							"lerp_mode": "catmullrom"
						},
						"4.625": {
							"post": [4.645, 2.27, 0.3],
							"lerp_mode": "catmullrom"
						},
						"4.9167": {
							"post": [4.645, 2.27, 0.3],
							"lerp_mode": "catmullrom"
						},
						"5.0833": {
							"post": [4.22, 1.27, 0.3],
							"lerp_mode": "catmullrom"
						},
						"5.25": {
							"post": [3, 0.995, 0.3],
							"lerp_mode": "catmullrom"
						},
						"5.4583": {
							"post": [2.35, -1, 0.3],
							"lerp_mode": "catmullrom"
						},
						"5.6667": {
							"post": [0, 0.45, -0.3125],
							"lerp_mode": "catmullrom"
						},
						"5.875": {
							"post": [0, -0.25, 0.13],
							"lerp_mode": "catmullrom"
						},
						"6.0417": {
							"post": [0, 0.02, -0.2],
							"lerp_mode": "catmullrom"
						},
						"6.25": {
							"post": [0, 0, 0],
							"lerp_mode": "catmullrom"
						},
						"6.4583": {
							"post": [0, 0, 0],
							"lerp_mode": "catmullrom"
						}
					}
				},
				"lahuan": {
					"rotation": {
						"0.5833": [0, 0, 0],
						"0.6667": [0, 0, -10],
						"0.75": [0, 0, 0],
						"0.8333": [0, 0, -4],
						"0.9167": [0, 0, 0],
						"1.875": [0, 0, 0],
						"1.9583": [0, 0, -13],
						"2.0417": [0, 0, 0],
						"2.9583": [0, 0, 0],
						"3.0417": [0, 0, -9],
						"3.125": [0, 0, 0],
						"3.2083": [0, 0, -9],
						"3.2917": [0, 0, 0],
						"3.375": [0, 0, -5],
						"3.4583": [0, 0, 0],
						"5.7083": [0, 0, 0],
						"5.7917": [0, 0, -26],
						"5.875": [0, 0, 0],
						"5.9583": [0, 0, -9],
						"6.0417": [0, 0, 0]
					}
				},
				"camera": {
					"rotation": {
						"0.0": [0, 0, 0],
						"0.1667": {
							"pre": [0, 0, -0.6],
							"post": [0, 0, -0.6],
							"lerp_mode": "catmullrom"
						},
						"0.3333": {
							"post": [0, 0, -0.5],
							"lerp_mode": "catmullrom"
						},
						"0.5": {
							"post": [0, 0, 0.5],
							"lerp_mode": "catmullrom"
						},
						"0.6667": {
							"post": [0, 0, -0.25],
							"lerp_mode": "catmullrom"
						},
						"0.8333": {
							"post": [0, 0, 0.3],
							"lerp_mode": "catmullrom"
						},
						"1.0": {
							"post": [0, 0, -0.125],
							"lerp_mode": "catmullrom"
						},
						"1.1667": {
							"post": [1.825, 0, 0],
							"lerp_mode": "catmullrom"
						},
						"1.375": {
							"post": [2.125, 0, 0.375],
							"lerp_mode": "catmullrom"
						},
						"1.5833": {
							"post": [2.125, 0, -0.25],
							"lerp_mode": "catmullrom"
						},
						"1.7083": {
							"post": [2.125, 0, 0.125],
							"lerp_mode": "catmullrom"
						},
						"1.7917": {
							"post": [4.175, 0, 0.5],
							"lerp_mode": "catmullrom"
						},
						"1.9167": {
							"post": [4.45, 0, 0.325],
							"lerp_mode": "catmullrom"
						},
						"2.0833": {
							"post": [4.45, 0, -0.425],
							"lerp_mode": "catmullrom"
						},
						"2.2083": {
							"post": [4.45, 0, 0.275],
							"lerp_mode": "catmullrom"
						},
						"2.2917": {
							"post": [4.45, 0, -0.15],
							"lerp_mode": "catmullrom"
						},
						"2.375": {
							"post": [4.45, 0, 0.1],
							"lerp_mode": "catmullrom"
						},
						"2.4583": {
							"post": [3.975, 0, 0],
							"lerp_mode": "catmullrom"
						},
						"2.6667": {
							"post": [2.425, 0, 0.05],
							"lerp_mode": "catmullrom"
						},
						"2.875": {
							"post": [2.425, 0, -0.075],
							"lerp_mode": "catmullrom"
						},
						"3.0": {
							"post": [2.425, 0, 0.7],
							"lerp_mode": "catmullrom"
						},
						"3.125": {
							"post": [2.425, 0, -0.35],
							"lerp_mode": "catmullrom"
						},
						"3.25": {
							"post": [2.425, 0, 0.275],
							"lerp_mode": "catmullrom"
						},
						"3.375": {
							"post": [2.425, 0, -0.075],
							"lerp_mode": "catmullrom"
						},
						"3.5417": {
							"post": [2.425, 3.725, 0.075],
							"lerp_mode": "catmullrom"
						},
						"3.75": {
							"post": [2.425, 3.725, -0.05],
							"lerp_mode": "catmullrom"
						},
						"3.9167": {
							"post": [2.425, 6.025, 0.2],
							"lerp_mode": "catmullrom"
						},
						"4.2083": {
							"post": [2.425, 6.675, 0.25],
							"lerp_mode": "catmullrom"
						},
						"4.4167": {
							"post": [2.425, 6.675, -0.075],
							"lerp_mode": "catmullrom"
						},
						"4.625": {
							"post": [2.425, 6.675, 0.075],
							"lerp_mode": "catmullrom"
						},
						"4.9167": {
							"post": [2.425, 6, 0.2],
							"lerp_mode": "catmullrom"
						},
						"5.125": {
							"post": [1.175, 3.975, 0.2],
							"lerp_mode": "catmullrom"
						},
						"5.25": {
							"post": [0.55, 2.7, 0.125],
							"lerp_mode": "catmullrom"
						},
						"5.5": {
							"post": [0.375, 1.8, 0.075],
							"lerp_mode": "catmullrom"
						},
						"5.7083": {
							"post": [-0.825, 0, -0.025],
							"lerp_mode": "catmullrom"
						},
						"5.875": {
							"post": [0.3, 0, 0.475],
							"lerp_mode": "catmullrom"
						},
						"5.9583": {
							"post": [0, 0, -0.25],
							"lerp_mode": "catmullrom"
						},
						"6.0417": {
							"post": [0, 0, 0.325],
							"lerp_mode": "catmullrom"
						},
						"6.125": {
							"post": [0, 0, -0.125],
							"lerp_mode": "catmullrom"
						},
						"6.2083": {
							"post": [0, 0, 0.075],
							"lerp_mode": "catmullrom"
						},
						"6.2917": {
							"post": [0, 0, -0.025],
							"lerp_mode": "catmullrom"
						},
						"6.375": {
							"post": [0, 0, 0],
							"lerp_mode": "catmullrom"
						}
					}
				}
			},
			"sound_effects": {
				"0.0": {
					"effect": "hare:striker/inspect"
				}
			}
		},
		"shoot": {
			"animation_length": 0.75,
			"bones": {
				"bolt": {
					"position": {
						"0.0": [0, 0, 0],
						"0.0333": [0, 0, -3.425],
						"0.1": [0, 0, 0]
					}
				},
				"charge_handle": {
					"position": {
						"0.0": [0, 0, 0],
						"0.0333": [0, 0, 0.5],
						"0.0833": [0, 0, 0]
					}
				},
				"charge_l": {
					"rotation": {
						"0.0167": [0, 0, 0],
						"0.0667": [0, -17, 0],
						"0.1167": [0, 0, 0],
						"0.1833": [0, 0, 0],
						"0.25": [0, -8, 0],
						"0.3167": [0, 0, 0]
					}
				},
				"charge_r": {
					"rotation": {
						"0.0": [0, 0, 0],
						"0.05": [0, 10.65, 0],
						"0.1": [0, 0, 0],
						"0.1667": [0, 0, 0],
						"0.2333": [0, 7.05, 0],
						"0.3": [0, 0, 0]
					}
				},
				"bullet_in_mag": {
					"position": {
						"0.0": [0, 0, 0],
						"0.0333": [0, 1, -3.5]
					}
				},
				"root": {
					"rotation": {
						"0.0": {
							"post": [0, 0, 0],
							"lerp_mode": "catmullrom"
						},
						"0.0167": {
							"post": [1.43203, 0, -1.63828],
							"lerp_mode": "catmullrom"
						},
						"0.0333": {
							"post": [-1.99297, 0, 1.55703],
							"lerp_mode": "catmullrom"
						},
						"0.1": {
							"post": [-2.28203, 0, -0.76719],
							"lerp_mode": "catmullrom"
						},
						"0.1667": {
							"post": [-2.17265, 0, 0.825],
							"lerp_mode": "catmullrom"
						},
						"0.3": {
							"post": [-0.09766, 0, 0.50938],
							"lerp_mode": "catmullrom"
						},
						"0.3667": {
							"post": [0.2275, 0.05859, 0.10891],
							"lerp_mode": "catmullrom"
						},
						"0.4333": {
							"post": [-0.11328, 0.11328, 0],
							"lerp_mode": "catmullrom"
						},
						"0.55": {
							"post": [-0.0625, -0.05859, 0],
							"lerp_mode": "catmullrom"
						},
						"0.6833": {
							"post": [0, 0, 0],
							"lerp_mode": "catmullrom"
						}
					},
					"position": {
						"0.0": {
							"post": [0, 0, 0],
							"lerp_mode": "catmullrom"
						},
						"0.0167": {
							"post": [0, -0.22656, 1.95156],
							"lerp_mode": "catmullrom"
						},
						"0.0833": {
							"post": [0, -0.28516, 1.58844],
							"lerp_mode": "catmullrom"
						},
						"0.15": {
							"post": [0, -0.28516, 0.08828],
							"lerp_mode": "catmullrom"
						},
						"0.2": {
							"post": [0, 0, -0.40391],
							"lerp_mode": "catmullrom"
						},
						"0.25": {
							"post": [0, 0, -0.36719],
							"lerp_mode": "catmullrom"
						},
						"0.3167": {
							"post": [0, 0, 0.05469],
							"lerp_mode": "catmullrom"
						},
						"0.3667": {
							"post": [0, 0, 0.19922],
							"lerp_mode": "catmullrom"
						},
						"0.4333": {
							"post": [0, -0.10547, 0],
							"lerp_mode": "catmullrom"
						},
						"0.5": {
							"post": [0, -0.10547, -0.08031],
							"lerp_mode": "catmullrom"
						},
						"0.6": {
							"post": [0, -0.03516, -0.07031],
							"lerp_mode": "catmullrom"
						},
						"0.7333": {
							"post": [0, 0, 0],
							"lerp_mode": "catmullrom"
						}
					}
				},
				"lahuan": {
					"rotation": {
						"0.0": [0, 0, 0],
						"0.0333": [0, 0, -140],
						"0.0667": [0, 0, 0],
						"0.1": [0, 0, 0],
						"0.1333": [0, 0, -55],
						"0.1667": [0, 0, 0],
						"0.2167": [0, 0, 0],
						"0.25": [0, 0, -27.5],
						"0.2833": [0, 0, 0],
						"0.3167": [0, 0, 0],
						"0.35": [0, 0, -11.5],
						"0.3833": [0, 0, 0],
						"0.4167": [0, 0, 0],
						"0.45": [0, 0, -2.5],
						"0.4833": [0, 0, 0]
					}
				},
				"camera": {
					"rotation": {
						"0.0": [0, 0, 0],
						"0.0167": [0, 0, 1.55],
						"0.05": [0, 0, -1.275],
						"0.0833": [0, 0, 0.995],
						"0.1167": [0, 0, -0.58],
						"0.15": [0, 0, 0.47],
						"0.1833": [0, 0, 0]
					}
				}
			}
		},
		"draw": {
			"loop": "hold_on_last_frame",
			"animation_length": 0.7667,
			"bones": {
				"root": {
					"rotation": {
						"0.0": {
							"post": [0.81, -32.64, 33.95],
							"lerp_mode": "catmullrom"
						},
						"0.1333": {
							"post": [-3.8938, -12.74248, 22.79227],
							"lerp_mode": "catmullrom"
						},
						"0.3": {
							"post": [-0.78319, -1.14075, 6.01315],
							"lerp_mode": "catmullrom"
						},
						"0.4": {
							"post": [-0.31859, -0.13504, -1.3],
							"lerp_mode": "catmullrom"
						},
						"0.5": {
							"post": [0.03999, 0.0007, 0.3],
							"lerp_mode": "catmullrom"
						},
						"0.6": {
							"post": [0, 0, 0],
							"lerp_mode": "catmullrom"
						},
						"0.7": {
							"post": [0, 0, 0],
							"lerp_mode": "catmullrom"
						}
					},
					"position": {
						"0.0": {
							"post": [-3.18, -5.58, 24],
							"lerp_mode": "catmullrom"
						},
						"0.1": {
							"post": [-0.95, -3.545, 7.2],
							"lerp_mode": "catmullrom"
						},
						"0.2667": {
							"post": [0, 0.25, -0.3125],
							"lerp_mode": "catmullrom"
						},
						"0.4": {
							"post": [0, -0.25, 0.13],
							"lerp_mode": "catmullrom"
						},
						"0.5333": {
							"post": [0, 0.02, -0.2],
							"lerp_mode": "catmullrom"
						},
						"0.6333": {
							"post": [0, 0, 0],
							"lerp_mode": "catmullrom"
						},
						"0.7333": {
							"post": [0, 0, 0],
							"lerp_mode": "catmullrom"
						}
					}
				},
				"lefthand": {
					"rotation": [125.36834, -375.10006, -213.60223],
					"position": [7.325, -13.05, -12.275],
					"scale": [1, 1.5, 1]
				},
				"righthand": {
					"rotation": [99.57389, 10.20747, -175.03063],
					"position": [-6.7, -13.7625, 1.1125],
					"scale": [1, 1.5, 1]
				},
				"lahuan": {
					"rotation": {
						"0.3": [0, 0, 0],
						"0.3667": [0, 0, -60],
						"0.4333": [0, 0, 0],
						"0.5": [0, 0, -27.5],
						"0.5667": [0, 0, 0],
						"0.6333": [0, 0, -5],
						"0.7": [0, 0, 0]
					}
				},
				"camera": {
					"rotation": {
						"0.0": {
							"post": [0, 0, 0],
							"lerp_mode": "catmullrom"
						},
						"0.1667": {
							"post": [0.45, 0, 0.2],
							"lerp_mode": "catmullrom"
						},
						"0.3333": {
							"post": [0.2, 0, 0.2],
							"lerp_mode": "catmullrom"
						},
						"0.4": {
							"post": [-0.1, 0, -0.425],
							"lerp_mode": "catmullrom"
						},
						"0.4667": {
							"post": [0, 0, 0.475],
							"lerp_mode": "catmullrom"
						},
						"0.5333": {
							"post": [0, 0, -0.17],
							"lerp_mode": "catmullrom"
						},
						"0.6": {
							"post": [0, 0, 0.075],
							"lerp_mode": "catmullrom"
						},
						"0.7333": {
							"post": [0, 0, 0],
							"lerp_mode": "catmullrom"
						}
					}
				}
			},
			"sound_effects": {
				"0.0": {
					"effect": "wfoly_sh_romeo870_raise"
				},
				"0.0333": {
					"effect": "wfoly_plr_sh_oscar12_drop_down"
				}
			}
		},
		"put_away": {
			"animation_length": 0.5333,
			"bones": {
				"side_ring": {
					"rotation": {
						"0.0": [0, 0, 0],
						"0.1333": [0, 0, 0],
						"0.2": [0, 0, -55],
						"0.4333": [0, 0, 0]
					}
				},
				"root": {
					"rotation": {
						"0.0": {
							"post": [0, 0, 0],
							"lerp_mode": "catmullrom"
						},
						"0.2": {
							"post": [-0.78508, -4.14047, 6.05425],
							"lerp_mode": "catmullrom"
						},
						"0.4": {
							"post": [-3.96594, -16.73309, 23.07568],
							"lerp_mode": "catmullrom"
						},
						"0.5333": {
							"post": [0.81, -32.64, 33.95],
							"lerp_mode": "catmullrom"
						}
					},
					"position": {
						"0.0": {
							"post": [0, 0, 0],
							"lerp_mode": "catmullrom"
						},
						"0.1667": {
							"post": [0, 0.25, -0.3125],
							"lerp_mode": "catmullrom"
						},
						"0.3667": {
							"post": [-0.95, -3.545, 7.2],
							"lerp_mode": "catmullrom"
						},
						"0.5": {
							"post": [-3.18, -5.58, 24],
							"lerp_mode": "catmullrom"
						}
					}
				},
				"lefthand": {
					"rotation": [125.36834, -375.10006, -213.60223],
					"position": [7.325, -13.05, -12.275],
					"scale": [1, 1.5, 1]
				},
				"righthand": {
					"rotation": [99.57389, 10.20747, -175.03063],
					"position": [-6.7, -13.7625, 1.1125],
					"scale": [1, 1.5, 1]
				},
				"lahuan": {
					"rotation": {
						"0.1333": [0, 0, 0],
						"0.2": [0, 0, -37.5],
						"0.2667": [0, 0, -37.5],
						"0.3333": [0, 0, 0]
					}
				},
				"camera": {
					"rotation": {
						"0.0": {
							"post": [0, 0, 0],
							"lerp_mode": "catmullrom"
						},
						"0.0667": {
							"post": [0, 0, 0.025],
							"lerp_mode": "catmullrom"
						},
						"0.1667": {
							"post": [-0.1, 0, -0.05],
							"lerp_mode": "catmullrom"
						},
						"0.3": {
							"post": [0.75, 0, 0.225],
							"lerp_mode": "catmullrom"
						},
						"0.3667": {
							"post": [0.45, 0, -0.625],
							"lerp_mode": "catmullrom"
						},
						"0.5333": {
							"post": [0, 0, 0],
							"lerp_mode": "catmullrom"
						}
					}
				}
			},
			"sound_effects": {
				"0.0": {
					"effect": "wfoly_sm_papa90_reload_empty_fast_end"
				},
				"0.2": {
					"effect": "wfoly_plr_sh_oscar12_drop_down"
				}
			}
		},
		"reload_end": {
			"animation_length": 0.7083,
			"bones": {
				"lefthand": {
					"rotation": {
						"0.0": [121.21, -396.51, -234.3],
						"0.25": [125.36834, -375.10006, -213.60223]
					},
					"position": {
						"0.0": [7.33, -13.05, -12.27],
						"0.25": [7.325, -13.05, -12.275]
					},
					"scale": [1, 1.5, 1]
				},
				"righthand": {
					"rotation": {
						"0.0": [103.65123, 2.94352, -140.53451],
						"0.25": [99.57389, 10.20747, -175.03063]
					},
					"position": {
						"0.0": [-9.875, -19.36, 5.835],
						"0.25": [-6.7, -13.7625, 1.1125]
					}
				},
				"root": {
					"rotation": {
						"0.0": [-6.19404, 9.13458, 41.59147],
						"0.1667": {
							"pre": [-11.01282, 7.54839, 23.43947],
							"post": [-11.01282, 7.54839, 23.43947],
							"lerp_mode": "catmullrom"
						},
						"0.2917": {
							"post": [-0.78319, -1.14075, 6.01315],
							"lerp_mode": "catmullrom"
						},
						"0.375": {
							"post": [-0.31859, -0.13504, -1.3],
							"lerp_mode": "catmullrom"
						},
						"0.5": {
							"post": [0.03999, 0.0007, 0.3],
							"lerp_mode": "catmullrom"
						},
						"0.5833": {
							"post": [0, 0, 0.001],
							"lerp_mode": "catmullrom"
						},
						"0.6667": [0, 0, 0]
					},
					"position": {
						"0.0": [1.47, -0.38, -0.11],
						"0.125": {
							"pre": [1.51, -0.655, 0.175],
							"post": [1.51, -0.655, 0.175],
							"lerp_mode": "catmullrom"
						},
						"0.25": {
							"post": [0, 0.25, -0.4375],
							"lerp_mode": "catmullrom"
						},
						"0.375": {
							"post": [0, -0.25, 0.13],
							"lerp_mode": "catmullrom"
						},
						"0.5": {
							"post": [0, 0.02, -0.2],
							"lerp_mode": "catmullrom"
						},
						"0.625": {
							"post": [0, 0, 0.01],
							"lerp_mode": "catmullrom"
						},
						"0.7083": [0, 0, 0]
					}
				},
				"lahuan": {
					"rotation": {
						"0.125": [0, 0, 0],
						"0.2083": [0, 0, -15],
						"0.2917": [0, 0, 0],
						"0.375": [0, 0, -50],
						"0.4583": [0, 0, 0],
						"0.5417": [0, 0, -27],
						"0.625": [0, 0, 0]
					}
				},
				"bullet": {
					"scale": 0
				},
				"camera": {
					"rotation": {
						"0.0": [1.08, 0, -0.09],
						"0.0417": {
							"pre": [0, 0, 0.2],
							"post": [0, 0, 0.2],
							"lerp_mode": "catmullrom"
						},
						"0.125": {
							"post": [-0.125, 0, -0.1],
							"lerp_mode": "catmullrom"
						},
						"0.2083": {
							"post": [-0.125, 0, -0.125],
							"lerp_mode": "catmullrom"
						},
						"0.2917": {
							"post": [-0.325, 0, -0.325],
							"lerp_mode": "catmullrom"
						},
						"0.375": {
							"post": [0.2, 0, 0.175],
							"lerp_mode": "catmullrom"
						},
						"0.4583": {
							"post": [-0.1, 0, -0.15],
							"lerp_mode": "catmullrom"
						},
						"0.5417": {
							"post": [0.15, 0, 0.125],
							"lerp_mode": "catmullrom"
						},
						"0.625": {
							"post": [-0.025, 0, -0.075],
							"lerp_mode": "catmullrom"
						},
						"0.7083": {
							"post": [0, 0, 0],
							"lerp_mode": "catmullrom"
						}
					}
				},
				"bone": {
					"position": [-1.75, -1.40625, 0],
					"scale": -0.0001
				}
			},
			"sound_effects": {
				"0.0": {
					"effect": "hare:striker/reload_end"
				},
				"0.0833": {
					"effect": "wfoly_sm_papa90_reload_empty_gunrattle"
				},
				"0.1667": {
					"effect": "wfoly_sh_romeo870_raise_quick_lift"
				}
			}
		},
		"reload_loop": {
			"animation_length": 1.25,
			"bones": {
				"lefthand": {
					"rotation": {
						"0.0": [121.21, -396.51, -234.3],
						"1.25": [121.21, -396.51, -234.3]
					},
					"position": {
						"0.0": [7.33, -13.05, -12.27],
						"1.25": [7.33, -13.05, -12.27]
					},
					"scale": {
						"0.0": [1, 1.5, 1],
						"1.25": [1, 1.5, 1]
					}
				},
				"righthand": {
					"rotation": {
						"0.0": [103.65123, 2.94352, -140.53451],
						"0.1667": {
							"pre": [111.90202, -23.34497, -130.51171],
							"post": [111.90202, -23.34497, -130.51171],
							"lerp_mode": "catmullrom"
						},
						"0.2917": [111.56549, -9.42728, -152.03416],
						"0.375": [110.73134, -12.72284, -148.9635],
						"0.4167": [110.517, -13.07509, -148.00336],
						"0.5417": {
							"pre": [106.61502, -19.64418, -135.11522],
							"post": [106.61502, -19.64418, -135.11522],
							"lerp_mode": "catmullrom"
						},
						"0.7083": {
							"post": [112.62821, 5.45417, -144.24049],
							"lerp_mode": "catmullrom"
						},
						"0.8333": {
							"post": [149.29594, -2.75025, -166.02905],
							"lerp_mode": "catmullrom"
						},
						"0.9583": [149.23546, 1.85626, -158.29498],
						"1.0417": [149.23546, 1.85626, -158.29498],
						"1.1667": [119.44, 6.87, -168.34],
						"1.25": [103.65123, 2.94352, -140.53451]
					},
					"position": {
						"0.0": [-9.875, -19.36, 5.835],
						"0.125": {
							"pre": [-8.945, -12.36, 0.365],
							"post": [-8.945, -12.36, 0.365],
							"lerp_mode": "catmullrom"
						},
						"0.2917": [-9.065, -12.36, -0.355],
						"0.375": [-9.04, -12.635, -0.48],
						"0.4167": [-9.04, -12.635, -0.48],
						"0.5417": {
							"pre": [-9.44, -17.585, 0.12],
							"post": [-9.44, -17.585, 0.12],
							"lerp_mode": "catmullrom"
						},
						"0.7083": {
							"post": [-5.535, -17.86, -4.68],
							"lerp_mode": "catmullrom"
						},
						"0.8333": {
							"post": [-5.53, -13.985, -5.455],
							"lerp_mode": "catmullrom"
						},
						"0.9583": [-5.53, -13.985, -5.455],
						"1.0417": [-5.53, -13.985, -5.455],
						"1.1667": [-7.31, -19.675, -2.24],
						"1.25": [-9.875, -19.36, 5.835]
					}
				},
				"root": {
					"rotation": {
						"0.0": [-6.19404, 9.13458, 41.59147],
						"0.125": {
							"pre": [-7.55335, 9.58714, 44.87183],
							"post": [-7.55335, 9.58714, 44.87183],
							"lerp_mode": "catmullrom"
						},
						"0.2917": {
							"post": [-7.99, 8.57, 43.74],
							"lerp_mode": "catmullrom"
						},
						"0.375": {
							"post": [-5.53118, 8.9752, 44.74771],
							"lerp_mode": "catmullrom"
						},
						"0.4583": {
							"post": [-5.96785, 8.58225, 44.89763],
							"lerp_mode": "catmullrom"
						},
						"0.5417": {
							"post": [-7.99, 8.57, 43.74],
							"lerp_mode": "catmullrom"
						},
						"0.6667": {
							"post": [-10.5617, 9.9583, 46.56215],
							"lerp_mode": "catmullrom"
						},
						"0.7917": {
							"post": [-9.53118, 8.9752, 46.74771],
							"lerp_mode": "catmullrom"
						},
						"0.875": {
							"post": [-10.50395, 7.992, 46.93226],
							"lerp_mode": "catmullrom"
						},
						"1.0": {
							"post": [-12.91593, 8.08993, 47.9658],
							"lerp_mode": "catmullrom"
						},
						"1.125": {
							"post": [-9.18506, 7.63826, 45.99897],
							"lerp_mode": "catmullrom"
						},
						"1.2083": {
							"post": [-6.03785, 8.89226, 43.83055],
							"lerp_mode": "catmullrom"
						},
						"1.25": [-6.19404, 9.13458, 41.59147]
					},
					"position": {
						"0.0": [1.47, -0.38, -0.11],
						"0.0833": {
							"pre": [1.505, -0.355, 0],
							"post": [1.505, -0.355, 0],
							"lerp_mode": "catmullrom"
						},
						"0.25": {
							"post": [1.51, -0.28, 0],
							"lerp_mode": "catmullrom"
						},
						"0.3333": {
							"post": [1.51, -0.455, -0.345],
							"lerp_mode": "catmullrom"
						},
						"0.4167": {
							"post": [1.51, -0.405, 0.06],
							"lerp_mode": "catmullrom"
						},
						"0.5": {
							"post": [1.51, -0.28, 0],
							"lerp_mode": "catmullrom"
						},
						"0.625": {
							"post": [1.71, -0.205, 0],
							"lerp_mode": "catmullrom"
						},
						"0.75": {
							"post": [1.685, -0.28, 0],
							"lerp_mode": "catmullrom"
						},
						"0.8333": {
							"post": [1.715, -0.28, 0],
							"lerp_mode": "catmullrom"
						},
						"0.9583": {
							"post": [1.74359, -0.12417, 0.00536],
							"lerp_mode": "catmullrom"
						},
						"1.0833": {
							"post": [1.725, -0.24, 0],
							"lerp_mode": "catmullrom"
						},
						"1.2083": {
							"post": [1.44, -0.29, 0],
							"lerp_mode": "catmullrom"
						},
						"1.25": [1.47, -0.38, -0.11]
					}
				},
				"bullet": {
					"rotation": {
						"0.0": [0, 0, 0],
						"0.0417": [-2.67, -2.67, 0],
						"0.125": [-8, -8, 0],
						"0.1667": [0, -4, 0],
						"0.2083": [0, -4, 0],
						"0.2917": [0, 0, 0],
						"0.8333": [0, 0, 0],
						"0.9583": [0, 0, 0],
						"1.0": [0, 0, 0]
					},
					"position": {
						"0.0": [0, -0.4, 0.15],
						"0.0417": [-1.59, -5.61, 6],
						"0.0833": [-1.18311, -3.22424, 3.99624],
						"0.125": [-0.82529, -0.87825, 2.68087],
						"0.1667": [-1.045, -0.325, 2.915],
						"0.2083": [-1.045, -0.325, 2.915],
						"0.2917": [-1, -0.4, 0.15],
						"0.8333": [-1, -0.4, 0.15],
						"0.9583": [0, -0.4, 0.15],
						"1.0": [0, -0.4, 0.15]
					},
					"scale": {
						"0.0417": [0, 0, 0],
						"0.0833": [1, 1, 1]
					}
				},
				"camera": {
					"rotation": {
						"0.0": [1.08, 0, -0.09],
						"0.0417": {
							"pre": [1.15, 0, 0.1],
							"post": [1.15, 0, 0.1],
							"lerp_mode": "catmullrom"
						},
						"0.125": {
							"post": [1.25, 0, 0.325],
							"lerp_mode": "catmullrom"
						},
						"0.25": {
							"post": [1.25, 0, 0.4],
							"lerp_mode": "catmullrom"
						},
						"0.375": {
							"post": [1.075, 0, 0.2],
							"lerp_mode": "catmullrom"
						},
						"0.4583": {
							"post": [0.9, 0, -0.1],
							"lerp_mode": "catmullrom"
						},
						"0.5417": {
							"post": [0.9, 0, 0.65],
							"lerp_mode": "catmullrom"
						},
						"0.625": {
							"post": [0.9, 0, -0.175],
							"lerp_mode": "catmullrom"
						},
						"0.7083": {
							"post": [0.9, 0, 0.175],
							"lerp_mode": "catmullrom"
						},
						"0.7917": {
							"post": [0.9, 0, 0.025],
							"lerp_mode": "catmullrom"
						},
						"0.875": {
							"post": [0.9, 0, 0.455],
							"lerp_mode": "catmullrom"
						},
						"0.9583": {
							"post": [0.9, 0, 0.5],
							"lerp_mode": "catmullrom"
						},
						"1.0": {
							"post": [0.9, 0, -0.325],
							"lerp_mode": "catmullrom"
						},
						"1.0833": {
							"post": [0.9, 0, 0.325],
							"lerp_mode": "catmullrom"
						},
						"1.1667": {
							"post": [0.9, 0, -0.1],
							"lerp_mode": "catmullrom"
						},
						"1.25": [1.08, 0, -0.09]
					}
				},
				"bone": {
					"rotation": {
						"0.0": [0, 0, -47.5],
						"0.5417": [0, 0, -47.5],
						"0.8333": [0, 0, -47.5],
						"1.0": [0, 0, -7.5],
						"1.1667": [0, 0, -2.5]
					},
					"scale": {
						"0.0": [1, 1, 1],
						"0.8333": [1, 1, 1],
						"1.1667": [1, 1, 1]
					}
				}
			},
			"sound_effects": {
				"0.0417": {
					"effect": "hare:striker/reload_loop"
				}
			}
		},
		"reload_intro": {
			"animation_length": 0.625,
			"bones": {
				"lefthand": {
					"rotation": {
						"0.0": [125.36834, -375.10006, -213.60223],
						"0.125": {
							"pre": [123.27237, -379.15524, -216.66148],
							"post": [123.27237, -379.15524, -216.66148],
							"lerp_mode": "catmullrom"
						},
						"0.25": {
							"post": [120.83179, -395.6562, -233.66213],
							"lerp_mode": "catmullrom"
						},
						"0.4167": {
							"post": [121.20738, -396.51321, -234.29979],
							"lerp_mode": "catmullrom"
						},
						"0.5417": [121.21, -396.51, -234.3],
						"0.625": [121.21, -396.51, -234.3]
					},
					"position": {
						"0.0": [7.325, -13.05, -12.275],
						"0.125": {
							"pre": [7.33, -13.05, -12.27],
							"post": [7.33, -13.05, -12.27],
							"lerp_mode": "catmullrom"
						},
						"0.25": {
							"post": [7.33, -13.05, -12.27],
							"lerp_mode": "catmullrom"
						},
						"0.4167": {
							"post": [7.33, -13.05, -12.27],
							"lerp_mode": "catmullrom"
						},
						"0.5417": [7.33, -13.05, -12.27],
						"0.625": [7.33, -13.05, -12.27]
					},
					"scale": {
						"0.0": [1, 1.5, 1],
						"0.625": [1, 1.5, 1]
					}
				},
				"righthand": {
					"rotation": {
						"0.0": [99.57389, 10.20747, -175.03063],
						"0.1667": [99.57389, 10.20747, -175.03063],
						"0.3333": [99.57, 10.21, -175.03],
						"0.5833": [99.57, 10.21, -175.03],
						"0.625": [103.65123, 2.94352, -140.53451]
					},
					"position": {
						"0.0": [-6.7, -13.7625, 1.1125],
						"0.1667": [-6.7, -13.7625, 1.1125],
						"0.3333": [-8.5, -20.01, 5.91],
						"0.5833": [-8.5, -20.01, 5.91],
						"0.625": [-9.875, -19.36, 5.835]
					},
					"scale": [1, 1.5, 1]
				},
				"root": {
					"rotation": {
						"0.0": [0, 0, 0],
						"0.125": {
							"pre": [-3.94847, -0.21757, 8.59663],
							"post": [-3.94847, -0.21757, 8.59663],
							"lerp_mode": "catmullrom"
						},
						"0.2917": {
							"post": [-7.57402, 8.01522, 46.87506],
							"lerp_mode": "catmullrom"
						},
						"0.4167": {
							"post": [-5.98419, 8.53, 43.74314],
							"lerp_mode": "catmullrom"
						},
						"0.5417": {
							"post": [-6.71974, 9.26712, 43.66833],
							"lerp_mode": "catmullrom"
						},
						"0.625": [-6.19404, 9.13458, 41.59147]
					},
					"position": {
						"0.0": [0, 0, 0],
						"0.0833": {
							"pre": [0.3, -1.05, -0.275],
							"post": [0.3, -1.05, -0.275],
							"lerp_mode": "catmullrom"
						},
						"0.25": {
							"post": [1.73, -0.28, -0.2],
							"lerp_mode": "catmullrom"
						},
						"0.375": {
							"post": [1.47, -0.445, 0.065],
							"lerp_mode": "catmullrom"
						},
						"0.5": {
							"post": [1.47, -0.38, -0.16],
							"lerp_mode": "catmullrom"
						},
						"0.625": [1.47, -0.38, -0.11]
					}
				},
				"lahuan": {
					"rotation": {
						"0.0": [0, 0, 0],
						"0.125": [0, 0, 0],
						"0.2083": [0, 0, -22.5]
					}
				},
				"camera": {
					"rotation": {
						"0.0": [0, 0, 0],
						"0.125": {
							"pre": [0.475, 0, -0.225],
							"post": [0.475, 0, -0.225],
							"lerp_mode": "catmullrom"
						},
						"0.2083": {
							"post": [0.175, 0, 0.1],
							"lerp_mode": "catmullrom"
						},
						"0.2917": {
							"post": [-0.15, 0, 0.125],
							"lerp_mode": "catmullrom"
						},
						"0.3333": {
							"post": [0.675, 0, 0.4],
							"lerp_mode": "catmullrom"
						},
						"0.4167": {
							"post": [0.975, 0, -0.275],
							"lerp_mode": "catmullrom"
						},
						"0.5": {
							"post": [1.05, 0, 0.225],
							"lerp_mode": "catmullrom"
						},
						"0.5833": {
							"post": [1.05, 0, -0.2],
							"lerp_mode": "catmullrom"
						},
						"0.625": [1.08, 0, -0.09]
					}
				},
				"bullet": {
					"scale": 0
				},
				"bone": {
					"scale": {
						"0.0": [-0.0001, -0.0001, -0.0001],
						"0.5833": [-0.0001, -0.0001, -0.0001]
					}
				}
			},
			"sound_effects": {
				"0.0": {
					"effect": "hare:striker/reload_intro"
				}
			}
		},
		"reload_intro_empty": {
			"animation_length": 2.125,
			"bones": {
				"lefthand": {
					"rotation": {
						"0.0": [125.36834, -375.10006, -213.60223],
						"0.0833": [125.36834, -375.10006, -213.60223],
						"0.2083": [126.70263, -380.76344, -217.92882],
						"0.3333": [128.88149, -387.09036, -223.2897],
						"0.4583": [130.65656, -390.93497, -226.94659],
						"0.5833": [130.65656, -390.93497, -226.94659],
						"0.75": [121.21, -396.51, -234.3],
						"0.875": [121.21, -396.51, -234.3],
						"0.9167": [121.21, -396.51, -234.3],
						"2.125": [121.21, -396.51, -234.3]
					},
					"position": {
						"0.0": [7.325, -13.05, -12.275],
						"0.0833": [7.325, -13.05, -12.275],
						"0.2083": [7.325, -13.05, -12.275],
						"0.3333": [7.325, -13.05, -12.275],
						"0.4583": [7.325, -13.05, -12.275],
						"0.5833": [7.325, -13.05, -12.275],
						"0.75": [7.33, -13.05, -12.27],
						"0.875": [7.33, -13.05, -12.27],
						"0.9167": [7.33, -13.05, -12.27],
						"2.125": [7.33, -13.05, -12.27]
					},
					"scale": {
						"0.0": [1, 1.5, 1],
						"2.125": [1, 1.5, 1]
					}
				},
				"righthand": {
					"rotation": {
						"0.0": [99.57389, 10.20747, -175.03063],
						"0.0833": [103.48521, 3.64327, -143.45681],
						"0.1667": [112.27141, -17.98075, -118.51466],
						"0.2917": [112.27141, -17.98075, -118.51466],
						"0.3333": [112.27141, -17.98075, -118.51466],
						"0.375": [112.27141, -17.98075, -118.51466],
						"0.5": [112.27141, -17.98075, -118.51466],
						"0.6667": [112.49012, -13.14839, -150.59009],
						"0.7917": [99.57, 10.21, -175.03],
						"0.8333": [99.57, 10.21, -175.03],
						"0.875": [101.61, 6.58, -157.78],
						"0.9167": [103.65123, 2.94352, -140.53451],
						"1.0417": {
							"pre": [111.90202, -23.34497, -130.51171],
							"post": [111.90202, -23.34497, -130.51171],
							"lerp_mode": "catmullrom"
						},
						"1.2083": [111.56549, -9.42728, -152.03416],
						"1.2917": [110.73134, -12.72284, -148.9635],
						"1.3333": [110.517, -13.07509, -148.00336],
						"1.4583": {
							"pre": [106.61502, -19.64418, -135.11522],
							"post": [106.61502, -19.64418, -135.11522],
							"lerp_mode": "catmullrom"
						},
						"1.625": {
							"post": [112.62821, 5.45417, -144.24049],
							"lerp_mode": "catmullrom"
						},
						"1.75": {
							"post": [149.29594, -2.75025, -166.02905],
							"lerp_mode": "catmullrom"
						},
						"1.8333": [149.23546, 1.85626, -158.29498],
						"1.9167": [149.23546, 1.85626, -158.29498],
						"2.0417": [119.44, 6.87, -168.34],
						"2.125": [103.65123, 2.94352, -140.53451]
					},
					"position": {
						"0.0": [-6.7, -13.7625, 1.1125],
						"0.0833": [-11.475, -15.9875, -2.5875],
						"0.1667": [-9.375, -11.0875, -15.9375],
						"0.2917": [-9.375, -11.0875, -15.9375],
						"0.3333": [-9.375, -11.0875, -15.1625],
						"0.375": [-9.375, -11.0875, -10.3375],
						"0.5": [-9.375, -11.0875, -10.3375],
						"0.6667": [-12.84, -12.42, -4.61],
						"0.7083": [-12.515, -14.95, -1.1],
						"0.7917": [-8.5, -20.01, 5.91],
						"0.8333": [-8.5, -20.01, 5.91],
						"0.875": [-9.19, -19.69, 5.87],
						"0.9167": [-9.875, -19.36, 5.835],
						"1.0": {
							"pre": [-8.945, -12.36, 0.365],
							"post": [-8.945, -12.36, 0.365],
							"lerp_mode": "catmullrom"
						},
						"1.2083": [-9.065, -12.36, -0.355],
						"1.2917": [-9.04, -12.635, -0.48],
						"1.3333": [-9.04, -12.635, -0.48],
						"1.4583": {
							"pre": [-9.44, -17.585, 0.12],
							"post": [-9.44, -17.585, 0.12],
							"lerp_mode": "catmullrom"
						},
						"1.625": {
							"post": [-5.535, -17.86, -4.68],
							"lerp_mode": "catmullrom"
						},
						"1.75": {
							"post": [-5.53, -13.985, -5.455],
							"lerp_mode": "catmullrom"
						},
						"1.8333": [-5.53, -13.985, -5.455],
						"1.9167": [-5.53, -13.985, -5.455],
						"2.0417": [-7.31, -19.675, -2.24],
						"2.125": [-9.875, -19.36, 5.835]
					},
					"scale": [1, 1.5, 1]
				},
				"root": {
					"rotation": {
						"0.0": [0, 0, 0],
						"0.125": {
							"pre": [-2, 0, -2],
							"post": [-2, 0, -2],
							"lerp_mode": "catmullrom"
						},
						"0.2083": {
							"post": [-5, 0, 9],
							"lerp_mode": "catmullrom"
						},
						"0.2917": {
							"post": [-5.98107, 0.43523, 13.98107],
							"lerp_mode": "catmullrom"
						},
						"0.375": {
							"post": [-6.15256, 2.52061, 16.91518],
							"lerp_mode": "catmullrom"
						},
						"0.4583": {
							"post": [-4.91066, 3.04632, 21.04336],
							"lerp_mode": "catmullrom"
						},
						"0.5417": {
							"post": [-3.92793, 2.46227, 17.72133],
							"lerp_mode": "catmullrom"
						},
						"0.5833": [-4.96911, 2.76897, 17.4954],
						"0.625": [-5.91066, 3.04632, 23.59336],
						"0.6667": [-5.97627, 3.46363, 28.13405],
						"0.7083": [-6.31518, 5.6191, 34.03568],
						"0.75": [-6.65411, 7.77473, 39.14624],
						"0.7917": [-6.71974, 8.19212, 41.09333],
						"0.8333": [-6.31028, 8.70563, 42.06167],
						"0.875": [-5.94, 9.17, 41.96],
						"0.9167": [-6.19404, 9.13458, 41.59147],
						"1.0": {
							"pre": [-7.55335, 9.58714, 44.87183],
							"post": [-7.55335, 9.58714, 44.87183],
							"lerp_mode": "catmullrom"
						},
						"1.2083": {
							"post": [-7.99, 8.57, 43.74],
							"lerp_mode": "catmullrom"
						},
						"1.2917": {
							"post": [-5.53118, 8.9752, 44.74771],
							"lerp_mode": "catmullrom"
						},
						"1.375": {
							"post": [-5.96785, 8.58225, 44.89763],
							"lerp_mode": "catmullrom"
						},
						"1.4583": {
							"post": [-7.99, 8.57, 43.74],
							"lerp_mode": "catmullrom"
						},
						"1.5833": {
							"post": [-10.5617, 9.9583, 46.56215],
							"lerp_mode": "catmullrom"
						},
						"1.7083": {
							"post": [-9.53118, 8.9752, 46.74771],
							"lerp_mode": "catmullrom"
						},
						"1.7917": {
							"post": [-10.50395, 7.992, 46.93226],
							"lerp_mode": "catmullrom"
						},
						"1.875": {
							"post": [-12.91593, 8.08993, 47.9658],
							"lerp_mode": "catmullrom"
						},
						"2.0": {
							"post": [-9.18506, 7.63826, 45.99897],
							"lerp_mode": "catmullrom"
						},
						"2.0833": {
							"post": [-6.03785, 8.89226, 43.83055],
							"lerp_mode": "catmullrom"
						},
						"2.125": [-6.19404, 9.13458, 41.59147]
					},
					"position": {
						"0.0": [0, 0, 0],
						"0.0833": {
							"pre": [0, -0.225, 0],
							"post": [0, -0.225, 0],
							"lerp_mode": "catmullrom"
						},
						"0.1667": {
							"post": [0.575, -0.225, 0],
							"lerp_mode": "catmullrom"
						},
						"0.25": {
							"post": [0.9, -0.55, 1.05],
							"lerp_mode": "catmullrom"
						},
						"0.3333": {
							"post": [0.9, -0.55, 1.525],
							"lerp_mode": "catmullrom"
						},
						"0.4167": {
							"post": [0.9, -0.625, 1.95],
							"lerp_mode": "catmullrom"
						},
						"0.5": {
							"post": [0.85, -0.57, 1.59],
							"lerp_mode": "catmullrom"
						},
						"0.5833": {
							"post": [0.9, -0.55, 1.65],
							"lerp_mode": "catmullrom"
						},
						"0.6667": {
							"post": [1.16, -0.46, 1.22],
							"lerp_mode": "catmullrom"
						},
						"0.75": {
							"post": [1.47, -0.38, -0.16],
							"lerp_mode": "catmullrom"
						},
						"0.875": [1.47, -0.38, -0.13],
						"0.9167": [1.47, -0.38, -0.11],
						"1.0": {
							"pre": [1.505, -0.355, 0],
							"post": [1.505, -0.355, 0],
							"lerp_mode": "catmullrom"
						},
						"1.1667": {
							"post": [1.51, -0.28, 0],
							"lerp_mode": "catmullrom"
						},
						"1.25": {
							"post": [1.51, -0.455, -0.17],
							"lerp_mode": "catmullrom"
						},
						"1.3333": {
							"post": [1.51, -0.405, 0.06],
							"lerp_mode": "catmullrom"
						},
						"1.4167": {
							"post": [1.51, -0.28, 0],
							"lerp_mode": "catmullrom"
						},
						"1.5417": {
							"post": [1.71, -0.205, 0],
							"lerp_mode": "catmullrom"
						},
						"1.6667": {
							"post": [1.685, -0.28, 0],
							"lerp_mode": "catmullrom"
						},
						"1.75": {
							"post": [1.715, -0.28, 0],
							"lerp_mode": "catmullrom"
						},
						"1.8333": {
							"post": [1.74359, -0.12417, 0.00536],
							"lerp_mode": "catmullrom"
						},
						"1.9583": {
							"post": [1.725, -0.24, 0],
							"lerp_mode": "catmullrom"
						},
						"2.0833": {
							"post": [1.44, -0.29, 0],
							"lerp_mode": "catmullrom"
						},
						"2.125": [1.47, -0.38, -0.11]
					}
				},
				"bullet": {
					"rotation": {
						"0.0": [0, 0, 0],
						"0.2917": [0, 0, 0],
						"0.3333": [0, 0, 0],
						"0.375": [-4.00061, -0.99756, 0.06976],
						"0.4167": [-4.00061, -0.99756, 0.06976],
						"0.5": [-26.74827, -28.99334, -12.27422],
						"0.625": [-50.05671, -48.00859, 13.05469],
						"0.7083": [-114.91148, 15.45223, -67.57241],
						"0.7917": [-114.91148, 15.45223, -67.57241],
						"0.875": {"pre": [-114.91148, 15.45223, -67.57241], "post": [0, 0, 0]},
						"0.9167": [0, 0, 0],
						"0.9583": [-2.67, -2.67, 0],
						"1.0": [-8, -8, 0],
						"1.0417": [0, -4, 0],
						"1.0833": [0, -4, 0],
						"1.1667": [0, 0, 0],
						"1.75": [0, 0, 0],
						"1.8333": [0, 0, 0]
					},
					"position": {
						"0.0": [-1, -0.4, 0.15],
						"0.2917": [-1, -0.4, 0.15],
						"0.3333": [-1, -0.4, 0.15],
						"0.375": [-0.925, -0.475, 1.25],
						"0.4167": [-0.925, -0.475, 2.7],
						"0.5": [-1.4, -1.875, 4.725],
						"0.625": [-2.55, -4.775, 7.85],
						"0.7083": [-3.465, -16.88, 6.85],
						"0.7917": [11.535, -5.88, 6.85],
						"0.875": {"pre": [11.535, -5.88, 6.85], "post": [-2, -8, 8]},
						"0.9167": [-2, -8, 8],
						"0.9583": [-2.45811, -3.22424, 6.89624],
						"1.0": [-0.82529, -0.87825, 2.68087],
						"1.0417": [-1.045, -0.325, 2.915],
						"1.0833": [-1.045, -0.325, 2.915],
						"1.1667": [-1, -0.4, 0.15],
						"1.75": [-1, -0.4, 0.15],
						"1.8333": [0, -0.4, 0.15]
					},
					"scale": {
						"1.8333": [1, 1, 1],
						"1.875": [0, 0, 0]
					}
				},
				"slide2": {
					"position": {
						"0.2917": [0, 0, 0],
						"0.3333": [0, 0, 2],
						"0.375": [0, 0, 6],
						"0.5": [0, 0, 6],
						"0.5417": [0, 0, 0]
					}
				},
				"lahuan": {
					"rotation": {
						"0.0": [0, 0, 0],
						"0.1667": [0, 0, 0],
						"0.25": [0, 0, -12.5],
						"0.375": [0, 0, 0]
					}
				},
				"camera": {
					"rotation": {
						"0.0": [0, 0, 0],
						"0.0833": {
							"pre": [0, 0, 0],
							"post": [0, 0, 0],
							"lerp_mode": "catmullrom"
						},
						"0.25": {
							"post": [-0.775, 0, -0.6],
							"lerp_mode": "catmullrom"
						},
						"0.375": {
							"post": [0.175, 0, 0],
							"lerp_mode": "catmullrom"
						},
						"0.4583": {
							"post": [-0.275, 0, 0.75],
							"lerp_mode": "catmullrom"
						},
						"0.5417": {
							"post": [-0.125, 0, -0.25],
							"lerp_mode": "catmullrom"
						},
						"0.625": {
							"post": [-0.175, 0, 0.225],
							"lerp_mode": "catmullrom"
						},
						"0.7083": {
							"post": [0.125, 0, 0],
							"lerp_mode": "catmullrom"
						},
						"0.7917": [1.08, 0, -0.09],
						"0.8333": {
							"pre": [1.15, 0, 0.1],
							"post": [1.15, 0, 0.1],
							"lerp_mode": "catmullrom"
						},
						"0.9167": {
							"post": [1.25, 0, 0.325],
							"lerp_mode": "catmullrom"
						},
						"1.0417": {
							"post": [1.25, 0, 0.3],
							"lerp_mode": "catmullrom"
						},
						"1.1667": {
							"post": [1.075, 0, 0.2],
							"lerp_mode": "catmullrom"
						},
						"1.25": {
							"post": [0.9, 0, -0.1],
							"lerp_mode": "catmullrom"
						},
						"1.3333": {
							"post": [0.9, 0, 0.475],
							"lerp_mode": "catmullrom"
						},
						"1.4167": {
							"post": [0.9, 0, -0.175],
							"lerp_mode": "catmullrom"
						},
						"1.5": {
							"post": [0.9, 0, 0.175],
							"lerp_mode": "catmullrom"
						},
						"1.5833": {
							"post": [0.9, 0, 0.025],
							"lerp_mode": "catmullrom"
						},
						"1.6667": {
							"post": [0.9, 0, 0.455],
							"lerp_mode": "catmullrom"
						},
						"1.75": {
							"post": [0.9, 0, 0.5],
							"lerp_mode": "catmullrom"
						},
						"1.7917": {
							"post": [0.9, 0, -0.325],
							"lerp_mode": "catmullrom"
						},
						"1.875": {
							"post": [0.9, 0, 0.325],
							"lerp_mode": "catmullrom"
						},
						"1.9583": {
							"post": [0.9, 0, -0.1],
							"lerp_mode": "catmullrom"
						},
						"2.0417": [-0.06, 0, 0.31],
						"2.125": [1.08, 0, -0.09]
					}
				},
				"bone": {
					"rotation": {
						"1.75": [0, 0, -47.5],
						"1.9167": [0, 0, -7.5],
						"2.0833": [0, 0, -2.5]
					},
					"scale": {
						"1.75": [1, 1, 1],
						"2.0833": [1, 1, 1]
					}
				}
			},
			"sound_effects": {
				"0.0": {
					"effect": "hare:striker/reload_intro_empty"
				},
				"0.25": {
					"effect": "vlkrogue_reload_empty_bolt_forward"
				},
				"0.2917": {
					"effect": "ak47_drum_reload_magin_v2_01"
				},
				"0.4583": {
					"effect": "m870_inspect_shelleject"
				},
				"0.8333": {
					"effect": "wfoly_sm_papa90_reload_arm_up"
				},
				"0.875": {
					"effect": "12_gauge_shotgun_shell_drop"
				},
				"0.9167": {
					"effect": "wfoly_plr_sh_charlie725_reload_empty_fast_shellsin_01"
				},
				"1.4583": {
					"effect": "wfoly_sh_romeo870_raise_quick_lift"
				},
				"1.6667": {
					"effect": "wfoly_sh_romeo870_raise_quick_lift"
				}
			}
		},
		"0_reload_full": {
			"animation_length": 2.6667,
			"bones": {
				"lefthand": {
					"rotation": {
						"0.0": [125.36834, -375.10006, -213.60223],
						"0.125": {
							"pre": [123.27237, -379.15524, -216.66148],
							"post": [123.27237, -379.15524, -216.66148],
							"lerp_mode": "catmullrom"
						},
						"0.25": {
							"post": [120.83179, -395.6562, -233.66213],
							"lerp_mode": "catmullrom"
						},
						"0.4167": {
							"post": [121.20738, -396.51321, -234.29979],
							"lerp_mode": "catmullrom"
						},
						"0.5417": [121.21, -396.51, -234.3],
						"0.625": [121.21, -396.51, -234.3],
						"0.6667": [121.21, -396.51, -234.3],
						"1.9167": [121.21, -396.51, -234.3],
						"1.9583": [120.12947, -393.92937, -232.42698],
						"2.2083": [125.36834, -375.10006, -213.60223]
					},
					"position": {
						"0.0": [7.325, -13.05, -12.275],
						"0.125": {
							"pre": [7.33, -13.05, -12.27],
							"post": [7.33, -13.05, -12.27],
							"lerp_mode": "catmullrom"
						},
						"0.25": {
							"post": [7.33, -13.05, -12.27],
							"lerp_mode": "catmullrom"
						},
						"0.4167": {
							"post": [7.33, -13.05, -12.27],
							"lerp_mode": "catmullrom"
						},
						"0.5417": [7.33, -13.05, -12.27],
						"0.625": [7.33, -13.05, -12.27],
						"0.6667": [7.33, -13.05, -12.27],
						"1.9167": [7.33, -13.05, -12.27],
						"1.9583": [7.33, -13.05, -12.27],
						"2.2083": [7.325, -13.05, -12.275]
					},
					"scale": [1, 1.5, 1]
				},
				"righthand": {
					"rotation": {
						"0.0": [99.57389, 10.20747, -175.03063],
						"0.1667": [99.57389, 10.20747, -175.03063],
						"0.3333": [99.57, 10.21, -175.03],
						"0.5833": [99.57, 10.21, -175.03],
						"0.625": [101.61, 6.58, -157.78],
						"0.6667": [103.65123, 2.94352, -140.53451],
						"0.8333": {
							"pre": [111.90202, -23.34497, -130.51171],
							"post": [111.90202, -23.34497, -130.51171],
							"lerp_mode": "catmullrom"
						},
						"0.9583": [111.56549, -9.42728, -152.03416],
						"1.0417": [110.73134, -12.72284, -148.9635],
						"1.0833": [110.517, -13.07509, -148.00336],
						"1.2083": {
							"pre": [106.61502, -19.64418, -135.11522],
							"post": [106.61502, -19.64418, -135.11522],
							"lerp_mode": "catmullrom"
						},
						"1.375": {
							"post": [112.62821, 5.45417, -144.24049],
							"lerp_mode": "catmullrom"
						},
						"1.5": {
							"post": [149.29594, -2.75025, -166.02905],
							"lerp_mode": "catmullrom"
						},
						"1.625": [149.23546, 1.85626, -158.29498],
						"1.7083": [149.23546, 1.85626, -158.29498],
						"1.8333": [119.44, 6.87, -168.34],
						"1.9167": [99.57, 10.21, -175.03],
						"1.9583": [99.57, 10.21, -175.03],
						"2.2083": [99.57389, 10.20747, -175.03063]
					},
					"position": {
						"0.0": [-6.7, -13.7625, 1.1125],
						"0.1667": [-6.7, -13.7625, 1.1125],
						"0.3333": [-8.5, -20.01, 5.91],
						"0.5833": [-8.5, -20.01, 5.91],
						"0.625": [-9.19, -19.69, 5.87],
						"0.6667": [-9.875, -19.36, 5.835],
						"0.7917": {
							"pre": [-8.945, -12.36, 0.365],
							"post": [-8.945, -12.36, 0.365],
							"lerp_mode": "catmullrom"
						},
						"0.9583": [-9.065, -12.36, -0.355],
						"1.0417": [-9.04, -12.635, -0.48],
						"1.0833": [-9.04, -12.635, -0.48],
						"1.2083": {
							"pre": [-9.44, -17.585, 0.12],
							"post": [-9.44, -17.585, 0.12],
							"lerp_mode": "catmullrom"
						},
						"1.375": {
							"post": [-5.535, -17.86, -4.68],
							"lerp_mode": "catmullrom"
						},
						"1.5": {
							"post": [-5.53, -13.985, -5.455],
							"lerp_mode": "catmullrom"
						},
						"1.625": [-5.53, -13.985, -5.455],
						"1.7083": [-5.53, -13.985, -5.455],
						"1.8333": [-7.31, -19.675, -2.24],
						"1.9167": [-8.5, -20.01, 5.91],
						"1.9583": [-8.5, -20.01, 5.91],
						"2.2083": [-6.7, -13.7625, 1.1125]
					},
					"scale": [1, 1.5, 1]
				},
				"root": {
					"rotation": {
						"0.0": [0, 0, 0],
						"0.125": {
							"pre": [-3.94847, -0.21757, 8.59663],
							"post": [-3.94847, -0.21757, 8.59663],
							"lerp_mode": "catmullrom"
						},
						"0.2917": {
							"post": [-7.57402, 8.01522, 46.87506],
							"lerp_mode": "catmullrom"
						},
						"0.4167": {
							"post": [-5.98419, 8.53, 43.74314],
							"lerp_mode": "catmullrom"
						},
						"0.5417": {
							"post": [-6.71974, 9.26712, 43.66833],
							"lerp_mode": "catmullrom"
						},
						"0.625": [-5.94, 9.17, 41.96],
						"0.6667": [-6.19404, 9.13458, 41.59147],
						"0.7917": {
							"pre": [-7.55335, 9.58714, 44.87183],
							"post": [-7.55335, 9.58714, 44.87183],
							"lerp_mode": "catmullrom"
						},
						"0.9583": {
							"post": [-7.99, 8.57, 43.74],
							"lerp_mode": "catmullrom"
						},
						"1.0417": {
							"post": [-5.53118, 8.9752, 44.74771],
							"lerp_mode": "catmullrom"
						},
						"1.125": {
							"post": [-5.96785, 8.58225, 44.89763],
							"lerp_mode": "catmullrom"
						},
						"1.2083": {
							"post": [-7.99, 8.57, 43.74],
							"lerp_mode": "catmullrom"
						},
						"1.3333": {
							"post": [-10.5617, 9.9583, 46.56215],
							"lerp_mode": "catmullrom"
						},
						"1.4583": {
							"post": [-9.53118, 8.9752, 46.74771],
							"lerp_mode": "catmullrom"
						},
						"1.5417": {
							"post": [-10.50395, 7.992, 46.93226],
							"lerp_mode": "catmullrom"
						},
						"1.6667": {
							"post": [-12.91593, 8.08993, 47.9658],
							"lerp_mode": "catmullrom"
						},
						"1.7917": {
							"post": [-9.18506, 7.63826, 45.99897],
							"lerp_mode": "catmullrom"
						},
						"1.875": {
							"post": [-6.03785, 8.89226, 43.83055],
							"lerp_mode": "catmullrom"
						},
						"1.9167": [-5.62, 9.19, 43.71],
						"1.9583": [-6.19404, 9.13458, 41.59147],
						"2.125": {
							"pre": [-11.01282, 7.54839, 23.43947],
							"post": [-11.01282, 7.54839, 23.43947],
							"lerp_mode": "catmullrom"
						},
						"2.25": {
							"post": [-0.78319, -1.14075, 6.01315],
							"lerp_mode": "catmullrom"
						},
						"2.3333": {
							"post": [-0.31859, -0.13504, -1.3],
							"lerp_mode": "catmullrom"
						},
						"2.4583": {
							"post": [0.03999, 0.0007, 0.3],
							"lerp_mode": "catmullrom"
						},
						"2.5417": {
							"post": [0, 0, 0.001],
							"lerp_mode": "catmullrom"
						},
						"2.625": [0, 0, 0]
					},
					"position": {
						"0.0": [0, 0, 0],
						"0.0833": {
							"pre": [0.3, -1.05, -0.275],
							"post": [0.3, -1.05, -0.275],
							"lerp_mode": "catmullrom"
						},
						"0.25": {
							"post": [1.73, -0.28, -0.2],
							"lerp_mode": "catmullrom"
						},
						"0.375": {
							"post": [1.47, -0.445, 0.065],
							"lerp_mode": "catmullrom"
						},
						"0.5": {
							"post": [1.47, -0.38, -0.16],
							"lerp_mode": "catmullrom"
						},
						"0.625": [1.47, -0.38, -0.13],
						"0.6667": [1.47, -0.38, -0.11],
						"0.75": {
							"pre": [1.505, -0.355, 0],
							"post": [1.505, -0.355, 0],
							"lerp_mode": "catmullrom"
						},
						"0.9167": {
							"post": [1.51, -0.28, 0],
							"lerp_mode": "catmullrom"
						},
						"1.0": {
							"post": [1.51, -0.455, -0.17],
							"lerp_mode": "catmullrom"
						},
						"1.0833": {
							"post": [1.51, -0.405, 0.06],
							"lerp_mode": "catmullrom"
						},
						"1.1667": {
							"post": [1.51, -0.28, 0],
							"lerp_mode": "catmullrom"
						},
						"1.2917": {
							"post": [1.71, -0.205, 0],
							"lerp_mode": "catmullrom"
						},
						"1.4167": {
							"post": [1.685, -0.28, 0],
							"lerp_mode": "catmullrom"
						},
						"1.5": {
							"post": [1.715, -0.28, 0],
							"lerp_mode": "catmullrom"
						},
						"1.625": {
							"post": [1.74359, -0.12417, 0.00536],
							"lerp_mode": "catmullrom"
						},
						"1.75": {
							"post": [1.725, -0.24, 0],
							"lerp_mode": "catmullrom"
						},
						"1.875": {
							"post": [1.44, -0.29, 0],
							"lerp_mode": "catmullrom"
						},
						"1.9167": [1.43, -0.32, -0.07],
						"1.9583": [1.47, -0.38, -0.11],
						"2.0833": {
							"pre": [1.51, -0.655, 0.175],
							"post": [1.51, -0.655, 0.175],
							"lerp_mode": "catmullrom"
						},
						"2.2083": {
							"post": [0, 0.25, -0.4375],
							"lerp_mode": "catmullrom"
						},
						"2.3333": {
							"post": [0, -0.25, 0.13],
							"lerp_mode": "catmullrom"
						},
						"2.4583": {
							"post": [0, 0.02, -0.2],
							"lerp_mode": "catmullrom"
						},
						"2.5833": {
							"post": [0, 0, 0.01],
							"lerp_mode": "catmullrom"
						},
						"2.6667": [0, 0, 0]
					}
				},
				"bullet": {
					"rotation": {
						"0.625": [0, 0, 0],
						"0.6667": {
							"pre": [0, 0, 0],
							"post": [0, 0, 0]
						},
						"0.7083": [-2.67, -2.67, 0],
						"0.7917": [-8, -8, 0],
						"0.8333": [0, -4, 0],
						"0.875": [0, -4, 0],
						"0.9583": [0, 0, 0],
						"1.5": [0, 0, 0],
						"1.625": [0, 0, 0]
					},
					"position": {
						"0.625": [-2, -8, 8],
						"0.6667": {
							"pre": [-2, -8, 8],
							"post": [-2, -8, 8]
						},
						"0.7083": [-1.59, -5.61, 6],
						"0.75": [-1.18311, -3.22424, 3.99624],
						"0.7917": [-0.82529, -0.87825, 2.68087],
						"0.8333": [-1.045, -0.325, 2.915],
						"0.875": [-1.045, -0.325, 2.915],
						"0.9583": [-1, -0.4, 0.15],
						"1.5": [-1, -0.4, 0.15],
						"1.625": [0, -0.4, 0.15]
					}
				},
				"lahuan": {
					"rotation": {
						"0.0": [0, 0, 0],
						"0.125": [0, 0, 0],
						"0.2083": [0, 0, -22.5],
						"2.125": [0, 0, 0],
						"2.2083": [0, 0, -15],
						"2.2917": [0, 0, 0],
						"2.375": [0, 0, -35],
						"2.4583": [0, 0, 0],
						"2.5417": [0, 0, -10],
						"2.625": [0, 0, 0]
					}
				},
				"camera": {
					"rotation": {
						"0.0": [0, 0, 0],
						"0.125": {
							"pre": [0.475, 0, -0.225],
							"post": [0.475, 0, -0.225],
							"lerp_mode": "catmullrom"
						},
						"0.2083": {
							"post": [0.175, 0, 0.1],
							"lerp_mode": "catmullrom"
						},
						"0.2917": {
							"post": [-0.15, 0, 0.125],
							"lerp_mode": "catmullrom"
						},
						"0.3333": {
							"post": [0.675, 0, 0.55],
							"lerp_mode": "catmullrom"
						},
						"0.4167": {
							"post": [0.85, 0, -0.45],
							"lerp_mode": "catmullrom"
						},
						"0.5": {
							"post": [0.95, 0, 0.425],
							"lerp_mode": "catmullrom"
						},
						"0.5833": {
							"post": [1.05, 0, -0.1],
							"lerp_mode": "catmullrom"
						},
						"0.625": [1.08, 0, -0.09],
						"0.7083": {
							"pre": [1.15, 0, 0.1],
							"post": [1.15, 0, 0.1],
							"lerp_mode": "catmullrom"
						},
						"0.7917": {
							"post": [1.25, 0, 0.325],
							"lerp_mode": "catmullrom"
						},
						"0.9167": {
							"post": [1.25, 0, 0.4],
							"lerp_mode": "catmullrom"
						},
						"1.0417": {
							"post": [1.075, 0, 0.2],
							"lerp_mode": "catmullrom"
						},
						"1.125": {
							"post": [0.9, 0, -0.1],
							"lerp_mode": "catmullrom"
						},
						"1.2083": {
							"post": [0.9, 0, 0.65],
							"lerp_mode": "catmullrom"
						},
						"1.2917": {
							"post": [0.9, 0, -0.175],
							"lerp_mode": "catmullrom"
						},
						"1.375": {
							"post": [0.9, 0, 0.175],
							"lerp_mode": "catmullrom"
						},
						"1.4583": {
							"post": [0.9, 0, 0.025],
							"lerp_mode": "catmullrom"
						},
						"1.5417": {
							"post": [0.9, 0, 0.455],
							"lerp_mode": "catmullrom"
						},
						"1.625": {
							"post": [0.9, 0, 0.5],
							"lerp_mode": "catmullrom"
						},
						"1.6667": {
							"post": [0.9, 0, -0.325],
							"lerp_mode": "catmullrom"
						},
						"1.75": {
							"post": [0.9, 0, 0.325],
							"lerp_mode": "catmullrom"
						},
						"1.8333": {
							"post": [0.9, 0, -0.1],
							"lerp_mode": "catmullrom"
						},
						"1.9167": {
							"post": [0, 0, 0.325],
							"lerp_mode": "catmullrom"
						},
						"1.9583": [-0.06, 0, 0.31],
						"2.0": {
							"pre": [0, 0, 0.2],
							"post": [0, 0, 0.2],
							"lerp_mode": "catmullrom"
						},
						"2.0833": {
							"post": [0, 0, -0.1],
							"lerp_mode": "catmullrom"
						},
						"2.1667": {
							"post": [0, 0, -0.125],
							"lerp_mode": "catmullrom"
						},
						"2.25": {
							"post": [0, 0, -0.875],
							"lerp_mode": "catmullrom"
						},
						"2.3333": {
							"post": [0, 0, 0.4],
							"lerp_mode": "catmullrom"
						},
						"2.4167": {
							"post": [0, 0, -0.275],
							"lerp_mode": "catmullrom"
						},
						"2.5": {
							"post": [0, 0, 0.15],
							"lerp_mode": "catmullrom"
						},
						"2.5833": {
							"post": [0, 0, -0.1],
							"lerp_mode": "catmullrom"
						},
						"2.6667": {
							"post": [0, 0, 0],
							"lerp_mode": "catmullrom"
						}
					}
				}
			}
		}
	}
}