{
	"format_version": "1.12.0",
	"minecraft:geometry": [
		{
			"description": {
				"identifier": "geometry.unknown",
				"texture_width": 32,
				"texture_height": 32,
				"visible_bounds_width": 2,
				"visible_bounds_height": 2.5,
				"visible_bounds_offset": [0, 0.75, 0]
			},
			"bones": [
				{
					"name": "socom_lam",
					"pivot": [0, 0, 0],
					"rotation": [0, 0, -180],
					"cubes": [
						{
							"origin": [-0.375, -0.99273, 1.13444],
							"size": [0.75, 1.08961, 0.52493],
							"inflate": 0.001,
							"pivot": [-0.6, 0.08125, 1.65938],
							"rotation": [22.5, 0, 0],
							"uv": {
								"east": {"uv": [14, 13], "uv_size": [0.5, 1]},
								"south": {"uv": [12, 6], "uv_size": [0.75, 1]},
								"west": {"uv": [14, 14], "uv_size": [0.5, 1]}
							}
						},
						{
							"origin": [-0.6875, -0.36773, 1.57194],
							"size": [1.375, 0.46461, 0.08743],
							"pivot": [-0.6, 0.08125, 1.65938],
							"rotation": [22.5, 0, 0],
							"uv": {
								"east": {"uv": [21, 5], "uv_size": [0.25, 0.5]},
								"south": {"uv": [12, 11], "uv_size": [1.5, 0.5]},
								"west": {"uv": [6, 21], "uv_size": [0.25, 0.5]},
								"up": {"uv": [15, 14], "uv_size": [1.5, 0.25]},
								"down": {"uv": [15, 15.25], "uv_size": [1.5, -0.25]}
							}
						},
						{
							"origin": [-0.375, -2.05, 1.07194],
							"size": [0.75, 0.72063, 0.42961],
							"inflate": 0.001,
							"pivot": [-0.6, -2.78438, 1.65938],
							"rotation": [-22.5, 0, 0],
							"uv": {
								"east": {"uv": [15, 13], "uv_size": [0.5, 0.75]},
								"south": {"uv": [14, 5], "uv_size": [0.75, 0.75]},
								"west": {"uv": [14, 15], "uv_size": [0.5, 0.75]}
							}
						},
						{
							"origin": [-0.375, -2.36695, -0.18438],
							"size": [0.75, 2.46264, 1.90027],
							"inflate": 0.001,
							"uv": {
								"east": {"uv": [0, 4], "uv_size": [2, 2.5]},
								"west": {"uv": [4, 0], "uv_size": [2, 2.5]},
								"up": {"uv": [9, 2], "uv_size": [0.75, 2]},
								"down": {"uv": [3, 11], "uv_size": [0.75, -2]}
							}
						},
						{
							"origin": [-0.53125, -3.21071, 1.15937],
							"size": [1.0625, 1.19665, 0.85514],
							"uv": {
								"east": {"uv": [6, 11], "uv_size": [0.75, 1.25]},
								"west": {"uv": [7, 11], "uv_size": [0.75, 1.25]},
								"up": {"uv": [12, 7], "uv_size": [1, 0.75]},
								"down": {"uv": [12, 8.75], "uv_size": [1, -0.75]}
							}
						},
						{
							"origin": [-0.53125, -2.09923, 1.46461],
							"size": [1.0625, 0.16222, 0.35598],
							"pivot": [0.53125, -1.81798, 1.66774],
							"rotation": [45, 0, 0],
							"uv": {
								"east": {"uv": [23, 20], "uv_size": [0.25, 0.25]},
								"west": {"uv": [21, 23], "uv_size": [0.25, 0.25]},
								"up": {"uv": [10, 20], "uv_size": [1, 0.25]}
							}
						},
						{
							"origin": [-0.53125, -2.39936, 1.83284],
							"size": [1.0625, 0.28125, 0.84375],
							"pivot": [0, -2.02436, 2.66096],
							"rotation": [-22.5, 0, 0],
							"uv": {
								"east": {"uv": [13, 20], "uv_size": [0.75, 0.25]},
								"west": {"uv": [20, 13], "uv_size": [0.75, 0.25]},
								"up": {"uv": [9, 13], "uv_size": [1, 0.75]}
							}
						},
						{
							"origin": [-0.6875, -2.92946, 0.77369],
							"size": [1.375, 0.42353, 0.13145],
							"pivot": [0, -2.60133, 1.50882],
							"rotation": [-45, 0, 0],
							"uv": {
								"north": {"uv": [7, 13], "uv_size": [1.5, 0.5]},
								"east": {"uv": [21, 18], "uv_size": [0.25, 0.5]},
								"west": {"uv": [19, 21], "uv_size": [0.25, 0.5]}
							}
						},
						{
							"origin": [-0.6875, -0.99501, -1.74688],
							"size": [1.375, 1.0907, 0.75],
							"uv": {
								"north": {"uv": [9, 4], "uv_size": [1.5, 1]},
								"east": {"uv": [12, 10], "uv_size": [0.75, 1]},
								"south": {"uv": [9, 5], "uv_size": [1.5, 1]},
								"west": {"uv": [11, 12], "uv_size": [0.75, 1]},
								"up": {"uv": [5, 10], "uv_size": [1.5, 0.75]},
								"down": {"uv": [10, 6.75], "uv_size": [1.5, -0.75]}
							}
						},
						{
							"origin": [-0.38193, -0.76386, -1.74698],
							"size": [0.17105, 0.4127, 0.0002],
							"inflate": 0.001,
							"pivot": [-0.29641, -0.55751, -1.74688],
							"rotation": [0, 0, 45],
							"uv": {
								"north": {"uv": [21, 6], "uv_size": [0.25, 0.5]}
							}
						},
						{
							"origin": [-0.38193, -0.76386, -1.74698],
							"size": [0.17105, 0.4127, 0.0002],
							"inflate": 0.001,
							"pivot": [-0.29641, -0.55751, -1.74688],
							"rotation": [0, 0, -90],
							"uv": {
								"north": {"uv": [8, 21], "uv_size": [0.25, 0.5]}
							}
						},
						{
							"origin": [-0.38193, -0.76386, -1.74698],
							"size": [0.17105, 0.4127, 0.0002],
							"inflate": 0.001,
							"pivot": [-0.29641, -0.55751, -1.74688],
							"rotation": [0, 0, -45],
							"uv": {
								"north": {"uv": [21, 7], "uv_size": [0.25, 0.5]}
							}
						},
						{
							"origin": [-0.38193, -0.76386, -1.74698],
							"size": [0.17105, 0.4127, 0.0002],
							"inflate": 0.001,
							"uv": {
								"north": {"uv": [7, 21], "uv_size": [0.25, 0.5]}
							}
						},
						{
							"origin": [0.21088, -0.76386, -1.74698],
							"size": [0.17105, 0.4127, 0.0002],
							"inflate": 0.001,
							"pivot": [0.29641, -0.55751, -1.74688],
							"rotation": [0, 0, 45],
							"uv": {
								"north": {"uv": [10, 21], "uv_size": [0.25, 0.5]}
							}
						},
						{
							"origin": [0.21088, -0.76386, -1.74698],
							"size": [0.17105, 0.4127, 0.0002],
							"inflate": 0.001,
							"pivot": [0.29641, -0.55751, -1.74688],
							"rotation": [0, 0, -45],
							"uv": {
								"north": {"uv": [21, 9], "uv_size": [0.25, 0.5]}
							}
						},
						{
							"origin": [0.21088, -0.76386, -1.74698],
							"size": [0.17105, 0.4127, 0.0002],
							"inflate": 0.001,
							"pivot": [0.29641, -0.55751, -1.74688],
							"rotation": [0, 0, 90],
							"uv": {
								"north": {"uv": [9, 21], "uv_size": [0.25, 0.5]}
							}
						},
						{
							"origin": [0.21088, -0.76386, -1.74698],
							"size": [0.17105, 0.4127, 0.0002],
							"inflate": 0.001,
							"uv": {
								"north": {"uv": [21, 8], "uv_size": [0.25, 0.5]}
							}
						},
						{
							"origin": [-0.44105, -1.46247, -1.74687],
							"size": [0.97227, 0.97227, 0.75],
							"inflate": -0.001,
							"pivot": [0, -0.93125, -0.00469],
							"rotation": [0, 0, 45],
							"uv": {
								"north": {"uv": [11, 3], "uv_size": [1, 1]},
								"south": {"uv": [11, 4], "uv_size": [1, 1]},
								"west": {"uv": [13, 1], "uv_size": [0.75, 1]},
								"down": {"uv": [13, 2.75], "uv_size": [1, -0.75]}
							}
						},
						{
							"origin": [-0.44105, -2.87482, -1.74687],
							"size": [0.97227, 0.97227, 0.75],
							"inflate": -0.001,
							"pivot": [0, -2.43377, -0.00469],
							"rotation": [0, 0, -45],
							"uv": {
								"north": {"uv": [5, 11], "uv_size": [1, 1]},
								"south": {"uv": [11, 5], "uv_size": [1, 1]},
								"west": {"uv": [13, 3], "uv_size": [0.75, 1]},
								"up": {"uv": [4, 13], "uv_size": [1, 0.75]}
							}
						},
						{
							"origin": [-0.6875, -0.99501, -1.74688],
							"size": [1.375, 0.29688, 0.8125],
							"pivot": [-0.6875, -0.99501, -1.74688],
							"rotation": [-22.5, 0, 0],
							"uv": {
								"north": {"uv": [6, 16], "uv_size": [1.5, 0.25]},
								"east": {"uv": [20, 10], "uv_size": [0.75, 0.25]},
								"south": {"uv": [16, 6], "uv_size": [1.5, 0.25]},
								"west": {"uv": [11, 20], "uv_size": [0.75, 0.25]},
								"up": {"uv": [11, 0], "uv_size": [1.5, 0.75]},
								"down": {"uv": [11, 1.75], "uv_size": [1.5, -0.75]}
							}
						},
						{
							"origin": [-0.6875, -2.66688, -1.74687],
							"size": [1.375, 0.29688, 0.8125],
							"pivot": [-0.6875, -2.37001, -1.74687],
							"rotation": [22.5, 0, 0],
							"uv": {
								"north": {"uv": [16, 7], "uv_size": [1.5, 0.25]},
								"east": {"uv": [12, 20], "uv_size": [0.75, 0.25]},
								"south": {"uv": [8, 16], "uv_size": [1.5, 0.25]},
								"west": {"uv": [20, 12], "uv_size": [0.75, 0.25]},
								"up": {"uv": [11, 2], "uv_size": [1.5, 0.75]},
								"down": {"uv": [3, 11.75], "uv_size": [1.5, -0.75]}
							}
						},
						{
							"origin": [-0.6875, -3.46071, -1.74688],
							"size": [1.375, 1.0907, 0.75],
							"uv": {
								"north": {"uv": [9, 8], "uv_size": [1.5, 1]},
								"east": {"uv": [12, 12], "uv_size": [0.75, 1]},
								"south": {"uv": [9, 9], "uv_size": [1.5, 1]},
								"west": {"uv": [13, 0], "uv_size": [0.75, 1]},
								"up": {"uv": [7, 10], "uv_size": [1.5, 0.75]},
								"down": {"uv": [10, 7.75], "uv_size": [1.5, -0.75]}
							}
						},
						{
							"origin": [-0.6875, -3.46071, -0.99688],
							"size": [1.375, 3.55639, 0.84375],
							"uv": {
								"north": {"uv": [0, 0], "uv_size": [1.5, 3.5]},
								"east": {"uv": [2, 6], "uv_size": [0.75, 3.5]},
								"south": {"uv": [2, 0], "uv_size": [1.5, 3.5]},
								"west": {"uv": [6, 2], "uv_size": [0.75, 3.5]},
								"up": {"uv": [9, 10], "uv_size": [1.5, 0.75]},
								"down": {"uv": [0, 11.75], "uv_size": [1.5, -0.75]}
							}
						},
						{
							"origin": [-0.6875, -3.46071, -0.15313],
							"size": [1.375, 1.16577, 1.2096],
							"uv": {
								"north": {"uv": [7, 2], "uv_size": [1.5, 1.25]},
								"east": {"uv": [5, 8], "uv_size": [1.25, 1.25]},
								"south": {"uv": [3, 7], "uv_size": [1.5, 1.25]},
								"west": {"uv": [8, 6], "uv_size": [1.25, 1.25]},
								"up": {"uv": [7, 4], "uv_size": [1.5, 1.25]},
								"down": {"uv": [8, 1.25], "uv_size": [1.5, -1.25]}
							}
						},
						{
							"origin": [-0.6875, -3.21071, 1.05647],
							"size": [1.375, 1.19665, 0.1029],
							"uv": {
								"north": {"uv": [7, 8], "uv_size": [1.25, 1.25]},
								"east": {"uv": [17, 17], "uv_size": [0.25, 1.25]},
								"south": {"uv": [0, 9], "uv_size": [1.25, 1.25]},
								"west": {"uv": [0, 18], "uv_size": [0.25, 1.25]},
								"up": {"uv": [18, 0], "uv_size": [1.25, 0.25]},
								"down": {"uv": [1, 18.25], "uv_size": [1.25, -0.25]}
							}
						},
						{
							"origin": [-0.85248, -3.2107, 1.54205],
							"size": [0.25, 1.19665, 0.11853],
							"pivot": [-0.16498, -2.58113, 1.60913],
							"rotation": [0, -45, 0],
							"uv": {
								"east": {"uv": [3, 18], "uv_size": [0.25, 1.25]},
								"south": {"uv": [4, 18], "uv_size": [0.25, 1.25]},
								"west": {"uv": [5, 18], "uv_size": [0.25, 1.25]},
								"up": {"uv": [23, 0], "uv_size": [0.25, 0.25]},
								"down": {"uv": [1, 23.25], "uv_size": [0.25, -0.25]}
							}
						},
						{
							"origin": [0.60248, -3.2107, 1.54205],
							"size": [0.25, 1.19665, 0.11853],
							"pivot": [0.16498, -2.58113, 1.60913],
							"rotation": [0, 45, 0],
							"uv": {
								"east": {"uv": [6, 18], "uv_size": [0.25, 1.25]},
								"south": {"uv": [18, 6], "uv_size": [0.25, 1.25]},
								"west": {"uv": [7, 18], "uv_size": [0.25, 1.25]},
								"up": {"uv": [23, 1], "uv_size": [0.25, 0.25]},
								"down": {"uv": [2, 23.25], "uv_size": [0.25, -0.25]}
							}
						},
						{
							"origin": [-0.6875, -1.76961, -0.26193],
							"size": [1.375, 0.2836, 0.10938],
							"pivot": [-0.88, -1.63562, 0.505],
							"rotation": [22.5, 0, 0],
							"uv": {
								"north": {"uv": [16, 13], "uv_size": [1.5, 0.25]},
								"east": {"uv": [22, 22], "uv_size": [0.25, 0.25]},
								"south": {"uv": [14, 16], "uv_size": [1.5, 0.25]},
								"west": {"uv": [0, 23], "uv_size": [0.25, 0.25]},
								"up": {"uv": [16, 16], "uv_size": [1.5, 0.25]},
								"down": {"uv": [0, 17.25], "uv_size": [1.5, -0.25]}
							}
						},
						{
							"origin": [-0.6875, -1.80086, -0.48068],
							"size": [1.375, 0.3461, 0.32813],
							"pivot": [-0.88, -1.63562, 0.505],
							"rotation": [45, 0, 0],
							"uv": {
								"north": {"uv": [10, 16], "uv_size": [1.5, 0.25]},
								"east": {"uv": [21, 22], "uv_size": [0.25, 0.25]},
								"south": {"uv": [16, 10], "uv_size": [1.5, 0.25]},
								"west": {"uv": [22, 21], "uv_size": [0.25, 0.25]},
								"up": {"uv": [12, 16], "uv_size": [1.5, 0.25]},
								"down": {"uv": [16, 12.25], "uv_size": [1.5, -0.25]}
							}
						},
						{
							"origin": [-0.6875, -2.44943, 0.33976],
							"size": [1.375, 0.15625, 0.31485],
							"pivot": [-0.88, -1.63562, 0.505],
							"rotation": [-22.5, 0, 0],
							"uv": {
								"east": {"uv": [20, 22], "uv_size": [0.25, 0.25]},
								"west": {"uv": [22, 20], "uv_size": [0.25, 0.25]},
								"up": {"uv": [16, 8], "uv_size": [1.5, 0.25]},
								"down": {"uv": [16, 9.25], "uv_size": [1.5, -0.25]}
							}
						},
						{
							"origin": [-0.6875, -2.48068, 0.35539],
							"size": [1.375, 0.1875, 0.4711],
							"pivot": [-0.88, -1.63562, 0.505],
							"rotation": [22.5, 0, 0],
							"uv": {
								"east": {"uv": [21, 19], "uv_size": [0.5, 0.25]},
								"west": {"uv": [20, 21], "uv_size": [0.5, 0.25]},
								"up": {"uv": [13, 7], "uv_size": [1.5, 0.5]},
								"down": {"uv": [13, 8.5], "uv_size": [1.5, -0.5]}
							}
						},
						{
							"origin": [-0.6875, -1.46071, -0.7],
							"size": [1.375, 1.44702, 0.46875],
							"pivot": [0, -1.62001, -0.59063],
							"rotation": [-22.5, 0, 0],
							"uv": {
								"north": {"uv": [6, 6], "uv_size": [1.5, 1.5]},
								"east": {"uv": [5, 13], "uv_size": [0.5, 1.5]},
								"south": {"uv": [0, 7], "uv_size": [1.5, 1.5]},
								"west": {"uv": [6, 13], "uv_size": [0.5, 1.5]},
								"up": {"uv": [13, 4], "uv_size": [1.5, 0.5]},
								"down": {"uv": [13, 6.5], "uv_size": [1.5, -0.5]}
							}
						},
						{
							"origin": [-0.6875, -2.46071, -1.96915],
							"size": [0.97227, 1.55639, 0.97227],
							"pivot": [-0.6875, -0.84181, -0.99687],
							"rotation": [0, -45, 0],
							"uv": {
								"north": {"uv": [4, 9], "uv_size": [1, 1.5]},
								"east": {"uv": [10, 0], "uv_size": [1, 1.5]},
								"up": {"uv": [3, 6], "uv_size": [1, 1]},
								"down": {"uv": [5, 8], "uv_size": [1, -1]}
							}
						},
						{
							"origin": [-0.6875, -0.33355, -0.15313],
							"size": [1.375, 0.42924, 1.80652],
							"uv": {
								"east": {"uv": [4, 12], "uv_size": [1.75, 0.5]},
								"west": {"uv": [12, 5], "uv_size": [1.75, 0.5]},
								"up": {"uv": [2, 4], "uv_size": [1.5, 1.75]},
								"down": {"uv": [4, 4.75], "uv_size": [1.5, -1.75]}
							}
						},
						{
							"origin": [-0.6875, -0.33355, 1.6534],
							"size": [1.375, 0.19486, 0.09375],
							"uv": {
								"east": {"uv": [19, 22], "uv_size": [0.25, 0.25]},
								"west": {"uv": [22, 19], "uv_size": [0.25, 0.25]},
								"up": {"uv": [16, 0], "uv_size": [1.5, 0.25]},
								"down": {"uv": [16, 1.25], "uv_size": [1.5, -0.25]}
							}
						},
						{
							"origin": [-0.6875, -0.52105, 0.12812],
							"size": [1.375, 0.1875, 1.70307],
							"uv": {
								"east": {"uv": [11, 15], "uv_size": [1.75, 0.25]},
								"south": {"uv": [0, 16], "uv_size": [1.5, 0.25]},
								"west": {"uv": [15, 11], "uv_size": [1.75, 0.25]},
								"up": {"uv": [4, 5], "uv_size": [1.5, 1.75]},
								"down": {"uv": [6, 1.75], "uv_size": [1.5, -1.75]}
							}
						},
						{
							"origin": [-0.53125, -3.46071, 2.00312],
							"size": [1.0625, 1.34375, 0.63639],
							"uv": {
								"north": {"uv": [2, 10], "uv_size": [1, 1.25]},
								"east": {"uv": [8, 11], "uv_size": [0.75, 1.25]},
								"south": {"uv": [10, 2], "uv_size": [1, 1.25]},
								"west": {"uv": [11, 8], "uv_size": [0.75, 1.25]},
								"down": {"uv": [12, 9.75], "uv_size": [1, -0.75]}
							}
						},
						{
							"origin": [-0.375, -1.37973, 1.6534],
							"size": [0.75, 0.46875, 0.41697],
							"inflate": 0.001,
							"uv": {
								"east": {"uv": [18, 19], "uv_size": [0.5, 0.5]},
								"south": {"uv": [15, 12], "uv_size": [0.75, 0.5]},
								"west": {"uv": [19, 19], "uv_size": [0.5, 0.5]}
							}
						}
					]
				},
				{
					"name": "bone2",
					"parent": "socom_lam",
					"pivot": [-0.00005, -1.68251, -1.71563],
					"cubes": [
						{
							"origin": [-0.24607, -2.27651, -1.88763],
							"size": [0.49205, 1.188, 0.81],
							"uv": {
								"north": {"uv": [13, 9], "uv_size": [0.5, 1.25]},
								"east": {"uv": [9, 11], "uv_size": [0.75, 1.25]},
								"south": {"uv": [10, 13], "uv_size": [0.5, 1.25]},
								"west": {"uv": [10, 11], "uv_size": [0.75, 1.25]},
								"up": {"uv": [2, 16], "uv_size": [0.5, 0.75]},
								"down": {"uv": [16, 2.75], "uv_size": [0.5, -0.75]}
							}
						},
						{
							"origin": [-0.24607, -1.25867, -2.02871],
							"size": [0.49205, 0.17016, 0.14108],
							"pivot": [-0.00005, -1.68251, -1.59063],
							"rotation": [0, 0, 135],
							"uv": {
								"north": {"uv": [5, 22], "uv_size": [0.5, 0.25]},
								"east": {"uv": [23, 5], "uv_size": [0.25, 0.25]},
								"south": {"uv": [22, 5], "uv_size": [0.5, 0.25]},
								"west": {"uv": [6, 23], "uv_size": [0.25, 0.25]},
								"up": {"uv": [6, 22], "uv_size": [0.5, 0.25]},
								"down": {"uv": [22, 6.25], "uv_size": [0.5, -0.25]}
							}
						},
						{
							"origin": [-0.21901, -1.25867, -2.02871],
							"size": [0.43792, 0.10482, 0.17375],
							"pivot": [-0.00005, -1.68251, -1.59063],
							"rotation": [0, 0, 90],
							"uv": {
								"north": {"uv": [3, 22], "uv_size": [0.5, 0.25]},
								"east": {"uv": [23, 4], "uv_size": [0.25, 0.25]},
								"south": {"uv": [22, 3], "uv_size": [0.5, 0.25]},
								"west": {"uv": [5, 23], "uv_size": [0.25, 0.25]},
								"up": {"uv": [4, 22], "uv_size": [0.5, 0.25]},
								"down": {"uv": [22, 4.25], "uv_size": [0.5, -0.25]}
							}
						},
						{
							"origin": [-0.21901, -1.25867, -2.02871],
							"size": [0.43792, 0.10482, 0.17375],
							"pivot": [-0.00005, -1.68251, -1.59063],
							"rotation": [0, 0, 45],
							"uv": {
								"north": {"uv": [1, 22], "uv_size": [0.5, 0.25]},
								"east": {"uv": [23, 3], "uv_size": [0.25, 0.25]},
								"south": {"uv": [22, 1], "uv_size": [0.5, 0.25]},
								"west": {"uv": [4, 23], "uv_size": [0.25, 0.25]},
								"up": {"uv": [2, 22], "uv_size": [0.5, 0.25]},
								"down": {"uv": [22, 2.25], "uv_size": [0.5, -0.25]}
							}
						},
						{
							"origin": [-0.24607, -1.25867, -2.02871],
							"size": [0.49205, 0.17016, 0.14108],
							"uv": {
								"north": {"uv": [21, 20], "uv_size": [0.5, 0.25]},
								"east": {"uv": [23, 2], "uv_size": [0.25, 0.25]},
								"south": {"uv": [21, 21], "uv_size": [0.5, 0.25]},
								"west": {"uv": [3, 23], "uv_size": [0.25, 0.25]},
								"up": {"uv": [0, 22], "uv_size": [0.5, 0.25]},
								"down": {"uv": [22, 0.25], "uv_size": [0.5, -0.25]}
							}
						},
						{
							"origin": [-0.21901, -1.25867, -2.02871],
							"size": [0.43792, 0.10482, 0.17375],
							"pivot": [-0.00005, -1.68251, -1.59063],
							"rotation": [0, 0, -45],
							"uv": {
								"north": {"uv": [13, 22], "uv_size": [0.5, 0.25]},
								"east": {"uv": [23, 9], "uv_size": [0.25, 0.25]},
								"south": {"uv": [22, 13], "uv_size": [0.5, 0.25]},
								"west": {"uv": [10, 23], "uv_size": [0.25, 0.25]},
								"up": {"uv": [14, 22], "uv_size": [0.5, 0.25]},
								"down": {"uv": [22, 14.25], "uv_size": [0.5, -0.25]}
							}
						},
						{
							"origin": [-0.29714, -2.13367, -1.90371],
							"size": [0.59417, 0.875, 0.04875],
							"inflate": 0.001,
							"pivot": [-0.00005, -1.68251, -1.59063],
							"rotation": [0, 0, -45],
							"uv": {
								"north": {"uv": [10, 15], "uv_size": [0.5, 1]}
							}
						},
						{
							"origin": [-0.29714, -2.13367, -1.90371],
							"size": [0.59417, 0.875, 0.04875],
							"pivot": [-0.00005, -1.68251, -1.59063],
							"rotation": [0, 0, 45],
							"uv": {
								"north": {"uv": [15, 10], "uv_size": [0.5, 1]}
							}
						},
						{
							"origin": [-0.21901, -1.25867, -2.02871],
							"size": [0.43792, 0.10482, 0.17375],
							"pivot": [-0.00005, -1.68251, -1.59063],
							"rotation": [0, 0, -90],
							"uv": {
								"north": {"uv": [11, 22], "uv_size": [0.5, 0.25]},
								"east": {"uv": [23, 8], "uv_size": [0.25, 0.25]},
								"south": {"uv": [22, 11], "uv_size": [0.5, 0.25]},
								"west": {"uv": [9, 23], "uv_size": [0.25, 0.25]},
								"up": {"uv": [12, 22], "uv_size": [0.5, 0.25]},
								"down": {"uv": [22, 12.25], "uv_size": [0.5, -0.25]}
							}
						},
						{
							"origin": [-0.24607, -1.25867, -2.02871],
							"size": [0.49205, 0.17016, 0.14108],
							"pivot": [-0.00005, -1.68251, -1.59063],
							"rotation": [0, 0, -135],
							"uv": {
								"north": {"uv": [9, 22], "uv_size": [0.5, 0.25]},
								"east": {"uv": [23, 7], "uv_size": [0.25, 0.25]},
								"south": {"uv": [22, 9], "uv_size": [0.5, 0.25]},
								"west": {"uv": [8, 23], "uv_size": [0.25, 0.25]},
								"up": {"uv": [10, 22], "uv_size": [0.5, 0.25]},
								"down": {"uv": [22, 10.25], "uv_size": [0.5, -0.25]}
							}
						},
						{
							"origin": [-0.21901, -1.25867, -2.02871],
							"size": [0.43792, 0.10482, 0.17375],
							"pivot": [-0.00005, -1.68251, -1.59063],
							"rotation": [0, 0, 180],
							"uv": {
								"north": {"uv": [7, 22], "uv_size": [0.5, 0.25]},
								"east": {"uv": [23, 6], "uv_size": [0.25, 0.25]},
								"south": {"uv": [22, 7], "uv_size": [0.5, 0.25]},
								"west": {"uv": [7, 23], "uv_size": [0.25, 0.25]},
								"up": {"uv": [8, 22], "uv_size": [0.5, 0.25]},
								"down": {"uv": [22, 8.25], "uv_size": [0.5, -0.25]}
							}
						},
						{
							"origin": [-0.24607, -2.27651, -1.88763],
							"size": [0.49205, 1.188, 0.81],
							"pivot": [-0.00005, -1.68251, -1.59063],
							"rotation": [0, 0, 45],
							"uv": {
								"north": {"uv": [11, 13], "uv_size": [0.5, 1.25]},
								"east": {"uv": [11, 10], "uv_size": [0.75, 1.25]},
								"south": {"uv": [12, 13], "uv_size": [0.5, 1.25]},
								"west": {"uv": [0, 12], "uv_size": [0.75, 1.25]},
								"up": {"uv": [3, 16], "uv_size": [0.5, 0.75]},
								"down": {"uv": [16, 3.75], "uv_size": [0.5, -0.75]}
							}
						},
						{
							"origin": [-0.24607, -2.27651, -1.88763],
							"size": [0.49205, 1.188, 0.81],
							"pivot": [-0.00005, -1.68251, -1.59063],
							"rotation": [0, 0, 90],
							"uv": {
								"north": {"uv": [14, 0], "uv_size": [0.5, 1.25]},
								"east": {"uv": [3, 12], "uv_size": [0.75, 1.25]},
								"south": {"uv": [1, 14], "uv_size": [0.5, 1.25]},
								"west": {"uv": [12, 3], "uv_size": [0.75, 1.25]},
								"up": {"uv": [5, 16], "uv_size": [0.5, 0.75]},
								"down": {"uv": [16, 5.75], "uv_size": [0.5, -0.75]}
							}
						},
						{
							"origin": [-0.24607, -2.27651, -1.88763],
							"size": [0.49205, 1.188, 0.81],
							"pivot": [-0.00005, -1.68251, -1.59063],
							"rotation": [0, 0, 135],
							"uv": {
								"north": {"uv": [13, 12], "uv_size": [0.5, 1.25]},
								"east": {"uv": [1, 12], "uv_size": [0.75, 1.25]},
								"south": {"uv": [0, 14], "uv_size": [0.5, 1.25]},
								"west": {"uv": [2, 12], "uv_size": [0.75, 1.25]},
								"up": {"uv": [4, 16], "uv_size": [0.5, 0.75]},
								"down": {"uv": [16, 4.75], "uv_size": [0.5, -0.75]}
							}
						}
					]
				},
				{
					"name": "group2",
					"parent": "socom_lam",
					"pivot": [0, 0.00625, 0.00312],
					"cubes": [
						{
							"origin": [-0.19198, -3.45181, 1.06095],
							"size": [0.38396, 0.24784, 0.927],
							"pivot": [0, -3.32789, 1.52445],
							"rotation": [0, -45, 0],
							"uv": {
								"north": {"uv": [20, 14], "uv_size": [0.5, 0.25]},
								"south": {"uv": [20, 15], "uv_size": [0.5, 0.25]},
								"up": {"uv": [15, 0], "uv_size": [0.5, 1]},
								"down": {"uv": [15, 2], "uv_size": [0.5, -1]}
							}
						},
						{
							"origin": [-0.19198, -3.45181, 1.06095],
							"size": [0.38396, 0.24784, 0.927],
							"uv": {
								"north": {"uv": [20, 16], "uv_size": [0.5, 0.25]},
								"south": {"uv": [20, 17], "uv_size": [0.5, 0.25]},
								"up": {"uv": [15, 2], "uv_size": [0.5, 1]},
								"down": {"uv": [15, 4], "uv_size": [0.5, -1]}
							}
						},
						{
							"origin": [-0.19198, -3.45181, 1.06095],
							"size": [0.38396, 0.24784, 0.927],
							"pivot": [0, -3.32789, 1.52445],
							"rotation": [-180, -45, 180],
							"uv": {
								"north": {"uv": [19, 20], "uv_size": [0.5, 0.25]},
								"south": {"uv": [20, 19], "uv_size": [0.5, 0.25]},
								"up": {"uv": [15, 5], "uv_size": [0.5, 1]},
								"down": {"uv": [6, 16], "uv_size": [0.5, -1]}
							}
						},
						{
							"origin": [-0.19198, -3.45181, 1.06095],
							"size": [0.38396, 0.24784, 0.927],
							"pivot": [0, -3.32789, 1.52445],
							"rotation": [0, -90, 0],
							"uv": {
								"north": {"uv": [18, 20], "uv_size": [0.5, 0.25]},
								"south": {"uv": [20, 18], "uv_size": [0.5, 0.25]},
								"up": {"uv": [15, 4], "uv_size": [0.5, 1]},
								"down": {"uv": [5, 16], "uv_size": [0.5, -1]}
							}
						},
						{
							"origin": [-0.1165, -3.39821, 2.60827],
							"size": [0.233, 1, 0.1875],
							"uv": {
								"north": {"uv": [0, 20], "uv_size": [0.25, 1]},
								"east": {"uv": [20, 0], "uv_size": [0.25, 1]},
								"south": {"uv": [20, 1], "uv_size": [0.25, 1]},
								"west": {"uv": [20, 2], "uv_size": [0.25, 1]},
								"up": {"uv": [15, 22], "uv_size": [0.25, 0.25]},
								"down": {"uv": [22, 15.25], "uv_size": [0.25, -0.25]}
							}
						},
						{
							"origin": [-0.1165, -2.96071, 2.60827],
							"size": [0.233, 0.5625, 0.1875],
							"pivot": [0, -2.67946, 2.73327],
							"rotation": [0, 0, 45],
							"uv": {
								"north": {"uv": [20, 20], "uv_size": [0.25, 0.5]},
								"east": {"uv": [0, 21], "uv_size": [0.25, 0.5]},
								"south": {"uv": [21, 0], "uv_size": [0.25, 0.5]},
								"west": {"uv": [1, 21], "uv_size": [0.25, 0.5]},
								"up": {"uv": [16, 22], "uv_size": [0.25, 0.25]},
								"down": {"uv": [22, 16.25], "uv_size": [0.25, -0.25]}
							}
						},
						{
							"origin": [-0.1165, -2.96071, 2.60827],
							"size": [0.233, 0.5625, 0.1875],
							"pivot": [0, -2.67946, 2.73327],
							"rotation": [0, 0, 90],
							"uv": {
								"north": {"uv": [21, 3], "uv_size": [0.25, 0.5]},
								"east": {"uv": [4, 21], "uv_size": [0.25, 0.5]},
								"south": {"uv": [21, 4], "uv_size": [0.25, 0.5]},
								"west": {"uv": [5, 21], "uv_size": [0.25, 0.5]},
								"up": {"uv": [18, 22], "uv_size": [0.25, 0.25]},
								"down": {"uv": [22, 18.25], "uv_size": [0.25, -0.25]}
							}
						},
						{
							"origin": [-0.1165, -2.96071, 2.60827],
							"size": [0.233, 0.5625, 0.1875],
							"pivot": [0, -2.67946, 2.73327],
							"rotation": [0, 0, 135],
							"uv": {
								"north": {"uv": [21, 1], "uv_size": [0.25, 0.5]},
								"east": {"uv": [2, 21], "uv_size": [0.25, 0.5]},
								"south": {"uv": [21, 2], "uv_size": [0.25, 0.5]},
								"west": {"uv": [3, 21], "uv_size": [0.25, 0.5]},
								"up": {"uv": [17, 22], "uv_size": [0.25, 0.25]},
								"down": {"uv": [22, 17.25], "uv_size": [0.25, -0.25]}
							}
						}
					]
				},
				{
					"name": "laser_beam",
					"parent": "socom_lam",
					"pivot": [0.2964, -0.55755, -1.74688]
				},
				{
					"name": "hexadecagon",
					"parent": "socom_lam",
					"pivot": [-0.08659, -1.63563, 0.505],
					"cubes": [
						{
							"origin": [0.3125, -1.75399, -0.09006],
							"size": [0.375, 0.23673, 1.19011],
							"pivot": [-0.88, -1.63562, 0.505],
							"rotation": [45, 0, 0],
							"uv": {
								"north": {"uv": [21, 10], "uv_size": [0.5, 0.25]},
								"east": {"uv": [2, 17], "uv_size": [1.25, 0.25]},
								"south": {"uv": [11, 21], "uv_size": [0.5, 0.25]},
								"west": {"uv": [17, 2], "uv_size": [1.25, 0.25]},
								"up": {"uv": [2, 14], "uv_size": [0.5, 1.25]},
								"down": {"uv": [14, 3.25], "uv_size": [0.5, -1.25]}
							}
						},
						{
							"origin": [-0.5625, -1.82312, 0.3175],
							"size": [0.875, 0.375, 0.375],
							"pivot": [-0.1875, -1.63562, 0.505],
							"rotation": [45, 0, 0],
							"uv": {
								"north": {"uv": [15, 6], "uv_size": [1, 0.5]},
								"east": {"uv": [20, 8], "uv_size": [0.5, 0.5]},
								"south": {"uv": [15, 7], "uv_size": [1, 0.5]},
								"west": {"uv": [20, 9], "uv_size": [0.5, 0.5]},
								"up": {"uv": [15, 8], "uv_size": [1, 0.5]},
								"down": {"uv": [15, 9.5], "uv_size": [1, -0.5]}
							}
						},
						{
							"origin": [0.3125, -1.75399, -0.09006],
							"size": [0.375, 0.23673, 1.19011],
							"pivot": [-0.88, -1.63562, 0.505],
							"rotation": [22.5, 0, 0],
							"uv": {
								"north": {"uv": [21, 11], "uv_size": [0.5, 0.25]},
								"east": {"uv": [17, 3], "uv_size": [1.25, 0.25]},
								"south": {"uv": [12, 21], "uv_size": [0.5, 0.25]},
								"west": {"uv": [4, 17], "uv_size": [1.25, 0.25]},
								"up": {"uv": [3, 14], "uv_size": [0.5, 1.25]},
								"down": {"uv": [4, 15.25], "uv_size": [0.5, -1.25]}
							}
						},
						{
							"origin": [0.3125, -1.75399, -0.09006],
							"size": [0.375, 0.23673, 1.19011],
							"uv": {
								"north": {"uv": [21, 12], "uv_size": [0.5, 0.25]},
								"east": {"uv": [17, 4], "uv_size": [1.25, 0.25]},
								"south": {"uv": [13, 21], "uv_size": [0.5, 0.25]},
								"west": {"uv": [17, 5], "uv_size": [1.25, 0.25]},
								"up": {"uv": [7, 14], "uv_size": [0.5, 1.25]},
								"down": {"uv": [8, 15.25], "uv_size": [0.5, -1.25]}
							}
						},
						{
							"origin": [0.3125, -1.75399, -0.09006],
							"size": [0.375, 0.23673, 1.19011],
							"pivot": [-0.88, -1.63562, 0.505],
							"rotation": [-22.5, 0, 0],
							"uv": {
								"north": {"uv": [21, 13], "uv_size": [0.5, 0.25]},
								"east": {"uv": [6, 17], "uv_size": [1.25, 0.25]},
								"south": {"uv": [14, 21], "uv_size": [0.5, 0.25]},
								"west": {"uv": [8, 17], "uv_size": [1.25, 0.25]},
								"up": {"uv": [9, 14], "uv_size": [0.5, 1.25]},
								"down": {"uv": [14, 10.25], "uv_size": [0.5, -1.25]}
							}
						},
						{
							"origin": [0.3125, -1.75399, -0.09006],
							"size": [0.375, 0.23673, 1.19011],
							"pivot": [-0.88, -1.63562, 0.505],
							"rotation": [-45, 0, 0],
							"uv": {
								"north": {"uv": [21, 14], "uv_size": [0.5, 0.25]},
								"east": {"uv": [10, 17], "uv_size": [1.25, 0.25]},
								"south": {"uv": [15, 21], "uv_size": [0.5, 0.25]},
								"west": {"uv": [17, 11], "uv_size": [1.25, 0.25]},
								"up": {"uv": [14, 11], "uv_size": [0.5, 1.25]},
								"down": {"uv": [13, 15.25], "uv_size": [0.5, -1.25]}
							}
						},
						{
							"origin": [0.3125, -2.23068, 0.38664],
							"size": [0.375, 1.19011, 0.23673],
							"pivot": [-0.88, -1.63562, 0.505],
							"rotation": [22.5, 0, 0],
							"uv": {
								"east": {"uv": [12, 17], "uv_size": [0.25, 1.25]},
								"west": {"uv": [13, 17], "uv_size": [0.25, 1.25]},
								"up": {"uv": [21, 15], "uv_size": [0.5, 0.25]},
								"down": {"uv": [16, 21.25], "uv_size": [0.5, -0.25]}
							}
						},
						{
							"origin": [0.3125, -2.23068, 0.38664],
							"size": [0.375, 1.19011, 0.23673],
							"uv": {
								"east": {"uv": [14, 17], "uv_size": [0.25, 1.25]},
								"west": {"uv": [17, 14], "uv_size": [0.25, 1.25]},
								"up": {"uv": [21, 16], "uv_size": [0.5, 0.25]},
								"down": {"uv": [17, 21.25], "uv_size": [0.5, -0.25]}
							}
						},
						{
							"origin": [0.3125, -2.23068, 0.38664],
							"size": [0.375, 1.19011, 0.23673],
							"pivot": [-0.88, -1.63562, 0.505],
							"rotation": [-22.5, 0, 0],
							"uv": {
								"east": {"uv": [15, 17], "uv_size": [0.25, 1.25]},
								"west": {"uv": [16, 17], "uv_size": [0.25, 1.25]},
								"up": {"uv": [21, 17], "uv_size": [0.5, 0.25]},
								"down": {"uv": [18, 21.25], "uv_size": [0.5, -0.25]}
							}
						}
					]
				},
				{
					"name": "hexadecagon2",
					"parent": "hexadecagon",
					"pivot": [-0.2056, -4.63563, 0.505],
					"cubes": [
						{
							"origin": [0.6875, -1.73623, -0.0008],
							"size": [0, 0.20122, 1.0116],
							"inflate": 0.001,
							"pivot": [0, -1.63562, 0.505],
							"rotation": [45, 0, 0],
							"uv": {
								"west": {"uv": [3, 20], "uv_size": [1, 0.25]}
							}
						},
						{
							"origin": [0.6875, -1.73623, -0.0008],
							"size": [0, 0.20122, 1.0116],
							"inflate": 0.001,
							"pivot": [0, -1.63562, 0.505],
							"rotation": [22.5, 0, 0],
							"uv": {
								"west": {"uv": [20, 3], "uv_size": [1, 0.25]}
							}
						},
						{
							"origin": [0.6875, -1.73623, -0.0008],
							"size": [0, 0.20122, 1.0116],
							"inflate": 0.001,
							"uv": {
								"west": {"uv": [4, 20], "uv_size": [1, 0.25]}
							}
						},
						{
							"origin": [0.6875, -1.73623, -0.0008],
							"size": [0, 0.20122, 1.0116],
							"inflate": 0.001,
							"pivot": [0, -1.63562, 0.505],
							"rotation": [-22.5, 0, 0],
							"uv": {
								"west": {"uv": [20, 4], "uv_size": [1, 0.25]}
							}
						},
						{
							"origin": [0.6875, -1.73623, -0.0008],
							"size": [0, 0.20122, 1.0116],
							"inflate": 0.001,
							"pivot": [0, -1.63562, 0.505],
							"rotation": [-45, 0, 0],
							"uv": {
								"west": {"uv": [5, 20], "uv_size": [1, 0.25]}
							}
						},
						{
							"origin": [0.6875, -2.14142, 0.40439],
							"size": [0, 1.0116, 0.20122],
							"inflate": 0.001,
							"pivot": [0, -1.63562, 0.505],
							"rotation": [22.5, 0, 0],
							"uv": {
								"west": {"uv": [20, 5], "uv_size": [0.25, 1]},
								"up": {"uv": [0, 0], "uv_size": [0, 0.25]},
								"down": {"uv": [0, 0.25], "uv_size": [0, -0.25]}
							}
						},
						{
							"origin": [0.6875, -2.14142, 0.40439],
							"size": [0, 1.0116, 0.20122],
							"inflate": 0.001,
							"uv": {
								"west": {"uv": [6, 20], "uv_size": [0.25, 1]}
							}
						},
						{
							"origin": [0.6875, -2.14142, 0.40439],
							"size": [0, 1.0116, 0.20122],
							"inflate": 0.001,
							"pivot": [0, -1.63562, 0.505],
							"rotation": [-22.5, 0, 0],
							"uv": {
								"west": {"uv": [7, 20], "uv_size": [0.25, 1]}
							}
						}
					]
				},
				{
					"name": "hexadecagon3",
					"parent": "socom_lam",
					"pivot": [0, -0.80825, 0.8175],
					"cubes": [
						{
							"origin": [-0.74456, -1.59194, 0.17305],
							"size": [0.17812, 0.25638, 1.28889],
							"pivot": [0, -1.46375, 0.8175],
							"rotation": [45, 0, 90],
							"uv": {
								"north": {"uv": [23, 10], "uv_size": [0.25, 0.25]},
								"east": {"uv": [18, 1], "uv_size": [1.25, 0.25]},
								"south": {"uv": [11, 23], "uv_size": [0.25, 0.25]},
								"west": {"uv": [8, 18], "uv_size": [1.25, 0.25]},
								"up": {"uv": [18, 8], "uv_size": [0.25, 1.25]},
								"down": {"uv": [10, 19.25], "uv_size": [0.25, -1.25]}
							}
						},
						{
							"origin": [-0.74456, -1.59194, 0.17305],
							"size": [0.17812, 0.25638, 1.28889],
							"pivot": [0, -1.46375, 0.8175],
							"rotation": [-45, 0, 90],
							"uv": {
								"north": {"uv": [23, 11], "uv_size": [0.25, 0.25]},
								"east": {"uv": [18, 10], "uv_size": [1.25, 0.25]},
								"south": {"uv": [12, 23], "uv_size": [0.25, 0.25]},
								"west": {"uv": [18, 12], "uv_size": [1.25, 0.25]},
								"up": {"uv": [11, 18], "uv_size": [0.25, 1.25]},
								"down": {"uv": [18, 14.25], "uv_size": [0.25, -1.25]}
							}
						},
						{
							"origin": [-0.74456, -2.1082, 0.68931],
							"size": [0.17812, 1.28889, 0.25638],
							"pivot": [0, -1.46375, 0.8175],
							"rotation": [22.5, 0, 90],
							"uv": {
								"east": {"uv": [18, 15], "uv_size": [0.25, 1.25]},
								"west": {"uv": [18, 17], "uv_size": [0.25, 1.25]},
								"up": {"uv": [23, 12], "uv_size": [0.25, 0.25]},
								"down": {"uv": [13, 23.25], "uv_size": [0.25, -0.25]}
							}
						},
						{
							"origin": [-0.74456, -2.1082, 0.68931],
							"size": [0.17812, 1.28889, 0.25638],
							"pivot": [0, -1.46375, 0.8175],
							"rotation": [0, 0, 90],
							"uv": {
								"east": {"uv": [1, 19], "uv_size": [0.25, 1.25]},
								"west": {"uv": [2, 19], "uv_size": [0.25, 1.25]},
								"up": {"uv": [23, 13], "uv_size": [0.25, 0.25]},
								"down": {"uv": [14, 23.25], "uv_size": [0.25, -0.25]}
							}
						},
						{
							"origin": [-0.74456, -2.1082, 0.68931],
							"size": [0.17812, 1.28889, 0.25638],
							"pivot": [0, -1.46375, 0.8175],
							"rotation": [-22.5, 0, 90],
							"uv": {
								"east": {"uv": [19, 2], "uv_size": [0.25, 1.25]},
								"west": {"uv": [19, 4], "uv_size": [0.25, 1.25]},
								"up": {"uv": [23, 14], "uv_size": [0.25, 0.25]},
								"down": {"uv": [15, 23.25], "uv_size": [0.25, -0.25]}
							}
						}
					]
				},
				{
					"name": "hexadecagon4",
					"parent": "socom_lam",
					"pivot": [0, -1.26138, 1.63],
					"rotation": [90, 0, 0],
					"cubes": [
						{
							"origin": [-0.74456, -2.04506, 0.98555],
							"size": [0.17812, 0.25638, 1.28889],
							"pivot": [0, -1.91688, 1.63],
							"rotation": [45, 0, 90],
							"uv": {
								"north": {"uv": [23, 15], "uv_size": [0.25, 0.25]},
								"east": {"uv": [19, 6], "uv_size": [1.25, 0.25]},
								"south": {"uv": [16, 23], "uv_size": [0.25, 0.25]},
								"west": {"uv": [19, 7], "uv_size": [1.25, 0.25]},
								"up": {"uv": [8, 19], "uv_size": [0.25, 1.25]},
								"down": {"uv": [19, 9.25], "uv_size": [0.25, -1.25]}
							}
						},
						{
							"origin": [-0.74456, -2.04506, 0.98555],
							"size": [0.17812, 0.25638, 1.28889],
							"pivot": [0, -1.91688, 1.63],
							"rotation": [-45, 0, 90],
							"uv": {
								"north": {"uv": [23, 16], "uv_size": [0.25, 0.25]},
								"east": {"uv": [19, 11], "uv_size": [1.25, 0.25]},
								"south": {"uv": [17, 23], "uv_size": [0.25, 0.25]},
								"west": {"uv": [12, 19], "uv_size": [1.25, 0.25]},
								"up": {"uv": [9, 19], "uv_size": [0.25, 1.25]},
								"down": {"uv": [19, 14.25], "uv_size": [0.25, -1.25]}
							}
						},
						{
							"origin": [-0.74456, -2.56132, 1.50181],
							"size": [0.17812, 1.28889, 0.25638],
							"pivot": [0, -1.91688, 1.63],
							"rotation": [22.5, 0, 90],
							"uv": {
								"east": {"uv": [14, 19], "uv_size": [0.25, 1.25]},
								"west": {"uv": [15, 19], "uv_size": [0.25, 1.25]},
								"up": {"uv": [23, 17], "uv_size": [0.25, 0.25]},
								"down": {"uv": [18, 23.25], "uv_size": [0.25, -0.25]}
							}
						},
						{
							"origin": [-0.74456, -2.56132, 1.50181],
							"size": [0.17812, 1.28889, 0.25638],
							"pivot": [0, -1.91688, 1.63],
							"rotation": [0, 0, 90],
							"uv": {
								"east": {"uv": [19, 15], "uv_size": [0.25, 1.25]},
								"west": {"uv": [16, 19], "uv_size": [0.25, 1.25]},
								"up": {"uv": [23, 18], "uv_size": [0.25, 0.25]},
								"down": {"uv": [19, 23.25], "uv_size": [0.25, -0.25]}
							}
						},
						{
							"origin": [-0.74456, -2.56132, 1.50181],
							"size": [0.17812, 1.28889, 0.25638],
							"pivot": [0, -1.91688, 1.63],
							"rotation": [-22.5, 0, 90],
							"uv": {
								"east": {"uv": [17, 19], "uv_size": [0.25, 1.25]},
								"west": {"uv": [19, 17], "uv_size": [0.25, 1.25]},
								"up": {"uv": [23, 19], "uv_size": [0.25, 0.25]},
								"down": {"uv": [20, 23.25], "uv_size": [0.25, -0.25]}
							}
						}
					]
				}
			]
		}
	]
}