{
	"format_version": "1.12.0",
	"minecraft:geometry": [
		{
			"description": {
				"identifier": "geometry.unknown",
				"texture_width": 32,
				"texture_height": 32,
				"visible_bounds_width": 6,
				"visible_bounds_height": 1.5,
				"visible_bounds_offset": [0, 0.25, 0]
			},
			"bones": [
				{
					"name": "qys181",
					"pivot": [0, 0, 0],
					"cubes": [
						{
							"origin": [-0.33556, 0.26773, -6.48],
							"size": [0.671, 0.5575, 6.48],
							"uv": {
								"north": {"uv": [18, 8], "uv_size": [0.75, 0.5]},
								"east": {"uv": [10, 2], "uv_size": [6.5, 0.5]},
								"south": {"uv": [18, 9], "uv_size": [0.75, 0.5]},
								"west": {"uv": [10, 3], "uv_size": [6.5, 0.5]},
								"up": {"uv": [0, 0], "uv_size": [0.75, 6.5]},
								"down": {"uv": [1, 6.5], "uv_size": [0.75, -6.5]}
							}
						},
						{
							"origin": [-0.33556, 0.26773, -6.48],
							"size": [0.671, 0.5575, 6.48],
							"pivot": [0, 0.01523, 0],
							"rotation": [0, 0, -45],
							"uv": {
								"north": {"uv": [10, 18], "uv_size": [0.75, 0.5]},
								"east": {"uv": [10, 4], "uv_size": [6.5, 0.5]},
								"south": {"uv": [11, 18], "uv_size": [0.75, 0.5]},
								"west": {"uv": [10, 5], "uv_size": [6.5, 0.5]},
								"up": {"uv": [2, 0], "uv_size": [0.75, 6.5]},
								"down": {"uv": [3, 6.5], "uv_size": [0.75, -6.5]}
							}
						},
						{
							"origin": [-0.35233, 0.71785, -6.50713],
							"size": [0.70455, 0.14787, 0.2415],
							"pivot": [0, 0.01523, 0.29688],
							"rotation": [0, 0, 180],
							"uv": {
								"north": {"uv": [19, 10], "uv_size": [0.75, 0.25]},
								"east": {"uv": [6, 21], "uv_size": [0.25, 0.25]},
								"south": {"uv": [11, 19], "uv_size": [0.75, 0.25]},
								"west": {"uv": [21, 6], "uv_size": [0.25, 0.25]},
								"up": {"uv": [19, 11], "uv_size": [0.75, 0.25]},
								"down": {"uv": [12, 19.25], "uv_size": [0.75, -0.25]}
							}
						},
						{
							"origin": [-0.35233, 0.71785, -6.50713],
							"size": [0.70455, 0.14787, 0.2415],
							"pivot": [0, 0.01523, 0.29688],
							"rotation": [0, 0, 135],
							"uv": {
								"north": {"uv": [19, 12], "uv_size": [0.75, 0.25]},
								"east": {"uv": [7, 21], "uv_size": [0.25, 0.25]},
								"south": {"uv": [13, 19], "uv_size": [0.75, 0.25]},
								"west": {"uv": [21, 7], "uv_size": [0.25, 0.25]},
								"up": {"uv": [19, 13], "uv_size": [0.75, 0.25]},
								"down": {"uv": [14, 19.25], "uv_size": [0.75, -0.25]}
							}
						},
						{
							"origin": [-0.35233, 0.71785, -6.50713],
							"size": [0.70455, 0.14787, 0.2415],
							"pivot": [0, 0.01523, 0.29688],
							"rotation": [0, 0, 90],
							"uv": {
								"north": {"uv": [19, 14], "uv_size": [0.75, 0.25]},
								"east": {"uv": [8, 21], "uv_size": [0.25, 0.25]},
								"south": {"uv": [15, 19], "uv_size": [0.75, 0.25]},
								"west": {"uv": [21, 8], "uv_size": [0.25, 0.25]},
								"up": {"uv": [19, 15], "uv_size": [0.75, 0.25]},
								"down": {"uv": [16, 19.25], "uv_size": [0.75, -0.25]}
							}
						},
						{
							"origin": [-0.35233, 0.71785, -6.50713],
							"size": [0.70455, 0.14787, 0.2415],
							"pivot": [0, 0.01523, 0.29688],
							"rotation": [0, 0, 45],
							"uv": {
								"north": {"uv": [19, 16], "uv_size": [0.75, 0.25]},
								"east": {"uv": [9, 21], "uv_size": [0.25, 0.25]},
								"south": {"uv": [17, 19], "uv_size": [0.75, 0.25]},
								"west": {"uv": [21, 9], "uv_size": [0.25, 0.25]},
								"up": {"uv": [19, 17], "uv_size": [0.75, 0.25]},
								"down": {"uv": [18, 19.25], "uv_size": [0.75, -0.25]}
							}
						},
						{
							"origin": [-0.35233, 0.71785, -6.50713],
							"size": [0.70455, 0.14787, 0.2415],
							"uv": {
								"north": {"uv": [19, 19], "uv_size": [0.75, 0.25]},
								"east": {"uv": [10, 21], "uv_size": [0.25, 0.25]},
								"south": {"uv": [0, 20], "uv_size": [0.75, 0.25]},
								"west": {"uv": [21, 10], "uv_size": [0.25, 0.25]},
								"up": {"uv": [1, 20], "uv_size": [0.75, 0.25]},
								"down": {"uv": [2, 20.25], "uv_size": [0.75, -0.25]}
							}
						},
						{
							"origin": [-0.35233, 0.71785, -6.50713],
							"size": [0.70455, 0.14787, 0.2415],
							"pivot": [0, 0.01523, 0.29688],
							"rotation": [0, 0, -135],
							"uv": {
								"north": {"uv": [3, 20], "uv_size": [0.75, 0.25]},
								"east": {"uv": [11, 21], "uv_size": [0.25, 0.25]},
								"south": {"uv": [4, 20], "uv_size": [0.75, 0.25]},
								"west": {"uv": [21, 11], "uv_size": [0.25, 0.25]},
								"up": {"uv": [5, 20], "uv_size": [0.75, 0.25]},
								"down": {"uv": [6, 20.25], "uv_size": [0.75, -0.25]}
							}
						},
						{
							"origin": [-0.35233, 0.71785, -6.50713],
							"size": [0.70455, 0.14787, 0.2415],
							"pivot": [0, 0.01523, 0.29688],
							"rotation": [0, 0, -90],
							"uv": {
								"north": {"uv": [7, 20], "uv_size": [0.75, 0.25]},
								"east": {"uv": [12, 21], "uv_size": [0.25, 0.25]},
								"south": {"uv": [20, 7], "uv_size": [0.75, 0.25]},
								"west": {"uv": [21, 12], "uv_size": [0.25, 0.25]},
								"up": {"uv": [8, 20], "uv_size": [0.75, 0.25]},
								"down": {"uv": [20, 8.25], "uv_size": [0.75, -0.25]}
							}
						},
						{
							"origin": [-0.35233, 0.71785, -6.50713],
							"size": [0.70455, 0.14787, 0.2415],
							"pivot": [0, 0.01523, 0.29688],
							"rotation": [0, 0, -45],
							"uv": {
								"north": {"uv": [9, 20], "uv_size": [0.75, 0.25]},
								"east": {"uv": [13, 21], "uv_size": [0.25, 0.25]},
								"south": {"uv": [20, 9], "uv_size": [0.75, 0.25]},
								"west": {"uv": [21, 13], "uv_size": [0.25, 0.25]},
								"up": {"uv": [10, 20], "uv_size": [0.75, 0.25]},
								"down": {"uv": [20, 10.25], "uv_size": [0.75, -0.25]}
							}
						},
						{
							"origin": [-0.33556, 0.26773, -6.48],
							"size": [0.671, 0.5575, 6.48],
							"pivot": [0, 0.01523, 0],
							"rotation": [0, 0, -135],
							"uv": {
								"north": {"uv": [12, 18], "uv_size": [0.75, 0.5]},
								"east": {"uv": [10, 6], "uv_size": [6.5, 0.5]},
								"south": {"uv": [18, 12], "uv_size": [0.75, 0.5]},
								"west": {"uv": [10, 7], "uv_size": [6.5, 0.5]},
								"up": {"uv": [4, 0], "uv_size": [0.75, 6.5]},
								"down": {"uv": [5, 6.5], "uv_size": [0.75, -6.5]}
							}
						},
						{
							"origin": [-0.33556, 0.26773, -6.48],
							"size": [0.671, 0.5575, 6.48],
							"pivot": [0, 0.01523, 0],
							"rotation": [0, 0, -90],
							"uv": {
								"north": {"uv": [13, 18], "uv_size": [0.75, 0.5]},
								"east": {"uv": [10, 8], "uv_size": [6.5, 0.5]},
								"south": {"uv": [18, 13], "uv_size": [0.75, 0.5]},
								"west": {"uv": [10, 9], "uv_size": [6.5, 0.5]},
								"up": {"uv": [6, 0], "uv_size": [0.75, 6.5]},
								"down": {"uv": [0, 13.5], "uv_size": [0.75, -6.5]}
							}
						},
						{
							"origin": [-0.33556, 0.26773, -6.48],
							"size": [0.671, 0.5575, 6.48],
							"pivot": [0, 0.01523, 0],
							"rotation": [0, 0, 180],
							"uv": {
								"north": {"uv": [14, 18], "uv_size": [0.75, 0.5]},
								"east": {"uv": [10, 10], "uv_size": [6.5, 0.5]},
								"south": {"uv": [18, 14], "uv_size": [0.75, 0.5]},
								"west": {"uv": [10, 11], "uv_size": [6.5, 0.5]},
								"up": {"uv": [7, 0], "uv_size": [0.75, 6.5]},
								"down": {"uv": [1, 13.5], "uv_size": [0.75, -6.5]}
							}
						},
						{
							"origin": [-0.67931, 0.58023, -1.855],
							"size": [1.3585, 0.37, 1.855],
							"pivot": [0, 0.07773, 0],
							"rotation": [0, 0, 180],
							"uv": {
								"north": {"uv": [18, 18], "uv_size": [1.25, 0.25]},
								"east": {"uv": [4, 18], "uv_size": [1.75, 0.25]},
								"south": {"uv": [0, 19], "uv_size": [1.25, 0.25]},
								"west": {"uv": [6, 18], "uv_size": [1.75, 0.25]},
								"up": {"uv": [4, 16], "uv_size": [1.25, 1.75]},
								"down": {"uv": [6, 17.75], "uv_size": [1.25, -1.75]}
							}
						},
						{
							"origin": [-0.67909, 0.93323, -0.71834],
							"size": [1.3585, 0.67051, 0.81134],
							"pivot": [0.00011, 0.07636, -0.01638],
							"rotation": [0, 0, 180],
							"uv": {
								"east": {"uv": [14, 17], "uv_size": [0.75, 0.75]},
								"south": {"uv": [17, 2], "uv_size": [1.25, 0.75]},
								"west": {"uv": [17, 14], "uv_size": [0.75, 0.75]},
								"up": {"uv": [17, 3], "uv_size": [1.25, 0.75]},
								"down": {"uv": [17, 4.75], "uv_size": [1.25, -0.75]}
							}
						},
						{
							"origin": [-0.67919, -1.11577, -0.31267],
							"size": [1.3585, 0.1875, 0.1875],
							"inflate": 0.001,
							"pivot": [0.00006, -0.99077, -0.25017],
							"rotation": [45, 0, 0],
							"uv": {
								"north": {"uv": [2, 19], "uv_size": [1.25, 0.25]},
								"east": {"uv": [14, 21], "uv_size": [0.25, 0.25]},
								"south": {"uv": [19, 2], "uv_size": [1.25, 0.25]},
								"west": {"uv": [21, 14], "uv_size": [0.25, 0.25]},
								"up": {"uv": [19, 3], "uv_size": [1.25, 0.25]},
								"down": {"uv": [4, 19.25], "uv_size": [1.25, -0.25]}
							}
						},
						{
							"origin": [-0.67919, -1.11577, -0.87517],
							"size": [1.3585, 0.1875, 0.1875],
							"inflate": 0.001,
							"pivot": [0.00006, -0.99077, -0.81267],
							"rotation": [45, 0, 0],
							"uv": {
								"north": {"uv": [19, 4], "uv_size": [1.25, 0.25]},
								"east": {"uv": [15, 21], "uv_size": [0.25, 0.25]},
								"south": {"uv": [19, 5], "uv_size": [1.25, 0.25]},
								"west": {"uv": [21, 15], "uv_size": [0.25, 0.25]},
								"up": {"uv": [6, 19], "uv_size": [1.25, 0.25]},
								"down": {"uv": [19, 6.25], "uv_size": [1.25, -0.25]}
							}
						},
						{
							"origin": [-0.6792, -0.16525, -2.31411],
							"size": [1.3585, 0.32312, 0.71438],
							"pivot": [0.00005, -0.12087, -2.46474],
							"rotation": [30, 0, 180],
							"uv": {
								"east": {"uv": [11, 20], "uv_size": [0.75, 0.25]},
								"west": {"uv": [20, 11], "uv_size": [0.75, 0.25]},
								"up": {"uv": [17, 5], "uv_size": [1.25, 0.75]}
							}
						},
						{
							"origin": [0.1333, -0.47775, -1.61648],
							"size": [0.546, 0.57312, 1.3125],
							"inflate": -0.001,
							"pivot": [0.00005, -0.18337, -2.35648],
							"rotation": [30, 0, 180],
							"uv": {
								"east": {"uv": [17, 6], "uv_size": [1.25, 0.5]},
								"west": {"uv": [17, 7], "uv_size": [1.25, 0.5]},
								"up": {"uv": [17, 8], "uv_size": [0.5, 1.25]}
							}
						},
						{
							"origin": [-0.16358, -0.47775, -1.61648],
							"size": [0.32813, 0.57312, 0.4375],
							"pivot": [0.00005, -0.18337, -2.35648],
							"rotation": [30, 0, 180],
							"uv": {
								"east": {"uv": [19, 7], "uv_size": [0.5, 0.5]},
								"south": {"uv": [12, 20], "uv_size": [0.25, 0.5]},
								"west": {"uv": [19, 8], "uv_size": [0.5, 0.5]},
								"up": {"uv": [20, 12], "uv_size": [0.25, 0.5]}
							}
						},
						{
							"origin": [-0.16358, -0.47775, -1.17898],
							"size": [0.32813, 0.44812, 0.5],
							"pivot": [0.00005, -0.18337, -2.35648],
							"rotation": [30, 0, 180],
							"uv": {
								"east": {"uv": [13, 20], "uv_size": [0.25, 0.5]},
								"south": {"uv": [20, 13], "uv_size": [0.25, 0.5]},
								"west": {"uv": [14, 20], "uv_size": [0.25, 0.5]},
								"up": {"uv": [16, 21], "uv_size": [0.25, 0.25]}
							}
						},
						{
							"origin": [-0.14795, -0.47775, -0.75711],
							"size": [0.29688, 0.57312, 0.45313],
							"pivot": [0.00005, -0.18337, -2.35648],
							"rotation": [30, 0, 180],
							"uv": {
								"north": {"uv": [20, 14], "uv_size": [0.25, 0.5]},
								"east": {"uv": [19, 9], "uv_size": [0.5, 0.5]},
								"west": {"uv": [10, 19], "uv_size": [0.5, 0.5]},
								"up": {"uv": [15, 20], "uv_size": [0.25, 0.5]}
							}
						},
						{
							"origin": [-0.33556, 0.26773, -6.48],
							"size": [0.671, 0.5575, 6.48],
							"pivot": [0, 0.01523, 0],
							"rotation": [0, 0, 45],
							"uv": {
								"north": {"uv": [15, 18], "uv_size": [0.75, 0.5]},
								"east": {"uv": [10, 12], "uv_size": [6.5, 0.5]},
								"south": {"uv": [18, 15], "uv_size": [0.75, 0.5]},
								"west": {"uv": [10, 13], "uv_size": [6.5, 0.5]},
								"up": {"uv": [2, 7], "uv_size": [0.75, 6.5]},
								"down": {"uv": [3, 13.5], "uv_size": [0.75, -6.5]}
							}
						},
						{
							"origin": [0.2417, 0.64273, -0.5425],
							"size": [0.1875, 0.3075, 0.5425],
							"uv": {
								"north": {"uv": [21, 16], "uv_size": [0.25, 0.25]},
								"east": {"uv": [20, 15], "uv_size": [0.5, 0.25]},
								"south": {"uv": [17, 21], "uv_size": [0.25, 0.25]},
								"west": {"uv": [16, 20], "uv_size": [0.5, 0.25]},
								"up": {"uv": [20, 16], "uv_size": [0.25, 0.5]},
								"down": {"uv": [17, 20.5], "uv_size": [0.25, -0.5]}
							}
						},
						{
							"origin": [0.2417, 0.95022, -0.4175],
							"size": [0.1875, 0.125, 0.4175],
							"uv": {
								"north": {"uv": [21, 17], "uv_size": [0.25, 0.25]},
								"east": {"uv": [20, 17], "uv_size": [0.5, 0.25]},
								"south": {"uv": [18, 21], "uv_size": [0.25, 0.25]},
								"west": {"uv": [18, 20], "uv_size": [0.5, 0.25]},
								"up": {"uv": [20, 18], "uv_size": [0.25, 0.5]},
								"down": {"uv": [19, 20.5], "uv_size": [0.25, -0.5]}
							}
						},
						{
							"origin": [-0.4292, 0.75463, -0.40971],
							"size": [0.1875, 0.17678, 0.09721],
							"pivot": [-0.33545, 1.01272, -0.24],
							"rotation": [-45, 0, 0],
							"uv": {
								"north": {"uv": [21, 18], "uv_size": [0.25, 0.25]},
								"east": {"uv": [19, 21], "uv_size": [0.25, 0.25]},
								"south": {"uv": [21, 19], "uv_size": [0.25, 0.25]},
								"west": {"uv": [20, 21], "uv_size": [0.25, 0.25]},
								"up": {"uv": [21, 20], "uv_size": [0.25, 0.25]},
								"down": {"uv": [21, 21.25], "uv_size": [0.25, -0.25]}
							}
						},
						{
							"origin": [-0.4292, 0.64273, -0.5425],
							"size": [0.1875, 0.3075, 0.5425],
							"uv": {
								"north": {"uv": [0, 22], "uv_size": [0.25, 0.25]},
								"east": {"uv": [20, 19], "uv_size": [0.5, 0.25]},
								"south": {"uv": [1, 22], "uv_size": [0.25, 0.25]},
								"west": {"uv": [20, 20], "uv_size": [0.5, 0.25]},
								"up": {"uv": [0, 21], "uv_size": [0.25, 0.5]},
								"down": {"uv": [1, 21.5], "uv_size": [0.25, -0.5]}
							}
						},
						{
							"origin": [-0.4292, 0.95022, -0.4175],
							"size": [0.1875, 0.125, 0.4175],
							"uv": {
								"north": {"uv": [2, 22], "uv_size": [0.25, 0.25]},
								"east": {"uv": [2, 21], "uv_size": [0.5, 0.25]},
								"south": {"uv": [22, 2], "uv_size": [0.25, 0.25]},
								"west": {"uv": [21, 2], "uv_size": [0.5, 0.25]},
								"up": {"uv": [3, 21], "uv_size": [0.25, 0.5]},
								"down": {"uv": [21, 3.5], "uv_size": [0.25, -0.5]}
							}
						},
						{
							"origin": [-0.0625, 0.88077, -6.15078],
							"size": [0.125, 0.09706, 0.36222],
							"pivot": [0, 0.8161, -6],
							"rotation": [15, 0, 0],
							"uv": {
								"north": {"uv": [3, 22], "uv_size": [0.25, 0.25]},
								"east": {"uv": [22, 3], "uv_size": [0.25, 0.25]},
								"south": {"uv": [4, 22], "uv_size": [0.25, 0.25]},
								"west": {"uv": [22, 4], "uv_size": [0.25, 0.25]},
								"up": {"uv": [5, 22], "uv_size": [0.25, 0.25]},
								"down": {"uv": [22, 5.25], "uv_size": [0.25, -0.25]}
							}
						},
						{
							"origin": [-0.0625, 0.69892, -6.1875],
							"size": [0.125, 0.23437, 0.375],
							"uv": {
								"north": {"uv": [6, 22], "uv_size": [0.25, 0.25]},
								"east": {"uv": [4, 21], "uv_size": [0.5, 0.25]},
								"south": {"uv": [22, 6], "uv_size": [0.25, 0.25]},
								"west": {"uv": [21, 4], "uv_size": [0.5, 0.25]},
								"up": {"uv": [5, 21], "uv_size": [0.25, 0.5]},
								"down": {"uv": [21, 5.5], "uv_size": [0.25, -0.5]}
							}
						},
						{
							"origin": [0.2417, 0.75463, -0.40971],
							"size": [0.1875, 0.17678, 0.09721],
							"pivot": [0.33545, 1.01272, -0.24],
							"rotation": [-45, 0, 0],
							"uv": {
								"north": {"uv": [7, 22], "uv_size": [0.25, 0.25]},
								"east": {"uv": [22, 7], "uv_size": [0.25, 0.25]},
								"south": {"uv": [8, 22], "uv_size": [0.25, 0.25]},
								"west": {"uv": [22, 8], "uv_size": [0.25, 0.25]},
								"up": {"uv": [9, 22], "uv_size": [0.25, 0.25]},
								"down": {"uv": [22, 9.25], "uv_size": [0.25, -0.25]}
							}
						},
						{
							"origin": [-0.33556, 0.26773, -6.48],
							"size": [0.671, 0.5575, 6.48],
							"pivot": [0, 0.01523, 0],
							"rotation": [0, 0, 90],
							"uv": {
								"north": {"uv": [16, 18], "uv_size": [0.75, 0.5]},
								"east": {"uv": [0, 14], "uv_size": [6.5, 0.5]},
								"south": {"uv": [18, 16], "uv_size": [0.75, 0.5]},
								"west": {"uv": [10, 14], "uv_size": [6.5, 0.5]},
								"up": {"uv": [4, 7], "uv_size": [0.75, 6.5]},
								"down": {"uv": [5, 13.5], "uv_size": [0.75, -6.5]}
							}
						},
						{
							"origin": [-0.33556, 0.26773, -6.48],
							"size": [0.671, 0.5575, 6.48],
							"pivot": [0, 0.01523, 0],
							"rotation": [0, 0, 135],
							"uv": {
								"north": {"uv": [17, 18], "uv_size": [0.75, 0.5]},
								"east": {"uv": [0, 15], "uv_size": [6.5, 0.5]},
								"south": {"uv": [18, 17], "uv_size": [0.75, 0.5]},
								"west": {"uv": [10, 15], "uv_size": [6.5, 0.5]},
								"up": {"uv": [6, 7], "uv_size": [0.75, 6.5]},
								"down": {"uv": [7, 13.5], "uv_size": [0.75, -6.5]}
							}
						},
						{
							"origin": [-0.56249, -1.45103, 0.09299],
							"size": [1.125, 0.60942, 2.29763],
							"uv": {
								"east": {"uv": [10, 16], "uv_size": [2.25, 0.5]},
								"south": {"uv": [17, 10], "uv_size": [1.25, 0.5]},
								"west": {"uv": [13, 16], "uv_size": [2.25, 0.5]},
								"up": {"uv": [0, 16], "uv_size": [1.25, 2.25]},
								"down": {"uv": [2, 18.25], "uv_size": [1.25, -2.25]}
							}
						},
						{
							"origin": [-1.0476, -1.45103, -0.35386],
							"size": [0.9606, 0.60938, 0.9606],
							"pivot": [-0.24325, -1.15415, 0.79458],
							"rotation": [0, -45, 0],
							"uv": {
								"south": {"uv": [16, 17], "uv_size": [1, 0.5]},
								"west": {"uv": [17, 17], "uv_size": [1, 0.5]},
								"up": {"uv": [7, 14], "uv_size": [1, 1]},
								"down": {"uv": [7, 16], "uv_size": [1, -1]}
							}
						},
						{
							"origin": [-0.6793, -0.47775, -1.61648],
							"size": [0.546, 0.57312, 1.3125],
							"inflate": -0.001,
							"pivot": [-0.00005, -0.18337, -2.35648],
							"rotation": [30, 0, -180],
							"uv": {
								"east": {"uv": [17, 11], "uv_size": [1.25, 0.5]},
								"west": {"uv": [12, 17], "uv_size": [1.25, 0.5]},
								"up": {"uv": [17, 12], "uv_size": [0.5, 1.25]}
							}
						}
					]
				},
				{
					"name": "laser_beam",
					"pivot": [0, -1.1098, -0.625]
				}
			]
		}
	]
}