{
	"format_version": "1.12.0",
	"minecraft:geometry": [
		{
			"description": {
				"identifier": "geometry.unknown",
				"texture_width": 16,
				"texture_height": 16,
				"visible_bounds_width": 2,
				"visible_bounds_height": 2.5,
				"visible_bounds_offset": [0, 0.75, 0]
			},
			"bones": [
				{
					"name": "p30l_brake",
					"pivot": [0.15345, 0.12553, -1.75189],
					"cubes": [
						{
							"origin": [-0.375, -0.72348, -3.50189],
							"size": [0.75, 0.50309, 3.49999],
							"uv": {
								"north": {"uv": [0, 8], "uv_size": [0.75, 0.5]},
								"south": {"uv": [2, 8], "uv_size": [0.75, 0.5]},
								"up": {"uv": [1, 0], "uv_size": [0.75, 3.5]}
							}
						},
						{
							"origin": [-0.01309, -0.22522, -3.50189],
							"size": [0.32149, 0.33269, 3.49999],
							"pivot": [0.1839, -0.18472, -3.0625],
							"rotation": [0, 0, 135],
							"uv": {
								"north": {"uv": [12, 5], "uv_size": [0.25, 0.25]},
								"east": {"uv": [5, 4], "uv_size": [3.5, 0.25]},
								"south": {"uv": [6, 12], "uv_size": [0.25, 0.25]},
								"down": {"uv": [6, 3.5], "uv_size": [0.25, -3.5]}
							}
						},
						{
							"origin": [0.09209, -0.04132, -3.50189],
							"size": [0.76562, 0.26604, 3.49999],
							"pivot": [0.26007, -0.00082, -3.0625],
							"rotation": [0, 0, 90],
							"uv": {
								"north": {"uv": [8, 7], "uv_size": [0.75, 0.25]},
								"east": {"uv": [1, 6], "uv_size": [3.5, 0.25]},
								"south": {"uv": [8, 8], "uv_size": [0.75, 0.25]},
								"up": {"uv": [2, 0], "uv_size": [0.75, 3.5]},
								"down": {"uv": [3, 3.5], "uv_size": [0.75, -3.5]}
							}
						},
						{
							"origin": [-0.40849, 0.14258, -3.50189],
							"size": [0.37384, 0.24259, 0.49999],
							"pivot": [-0.1839, 0.18308, -3.0625],
							"rotation": [0, 0, -45],
							"uv": {
								"north": {"uv": [12, 6], "uv_size": [0.25, 0.25]},
								"south": {"uv": [7, 12], "uv_size": [0.25, 0.25]},
								"up": {"uv": [10, 6], "uv_size": [0.25, 0.5]},
								"down": {"uv": [7, 10.5], "uv_size": [0.25, -0.5]}
							}
						},
						{
							"origin": [-0.85771, -0.04132, -3.50189],
							"size": [0.76562, 0.26604, 3.49999],
							"pivot": [-0.26007, -0.00082, -3.0625],
							"rotation": [0, 0, -90],
							"uv": {
								"north": {"uv": [0, 9], "uv_size": [0.75, 0.25]},
								"south": {"uv": [2, 9], "uv_size": [0.75, 0.25]},
								"west": {"uv": [5, 6], "uv_size": [3.5, 0.25]},
								"up": {"uv": [0, 4], "uv_size": [0.75, 3.5]},
								"down": {"uv": [4, 3.5], "uv_size": [0.75, -3.5]}
							}
						},
						{
							"origin": [-0.3084, -0.22522, -3.50189],
							"size": [0.32149, 0.33269, 3.49999],
							"pivot": [-0.1839, -0.18472, -3.0625],
							"rotation": [0, 0, -135],
							"uv": {
								"north": {"uv": [12, 7], "uv_size": [0.25, 0.25]},
								"south": {"uv": [8, 12], "uv_size": [0.25, 0.25]},
								"west": {"uv": [7, 0], "uv_size": [3.5, 0.25]},
								"down": {"uv": [1, 10.5], "uv_size": [0.25, -3.5]}
							}
						},
						{
							"origin": [0.4673, -0.55427, -3.50189],
							"size": [0.0625, 0.30224, 3.5],
							"uv": {
								"north": {"uv": [12, 8], "uv_size": [0.25, 0.25]},
								"south": {"uv": [9, 12], "uv_size": [0.25, 0.25]},
								"west": {"uv": [7, 1], "uv_size": [3.5, 0.25]}
							}
						},
						{
							"origin": [-0.5298, -0.55427, -3.50189],
							"size": [0.0625, 0.30224, 3.5],
							"uv": {
								"north": {"uv": [12, 9], "uv_size": [0.25, 0.25]},
								"east": {"uv": [2, 7], "uv_size": [3.5, 0.25]},
								"south": {"uv": [10, 12], "uv_size": [0.25, 0.25]}
							}
						},
						{
							"origin": [-0.375, -1.41098, -3.15625],
							"size": [0.75, 0.79421, 3.09186],
							"uv": {
								"east": {"uv": [1, 5], "uv_size": [3, 0.75]},
								"west": {"uv": [4, 5], "uv_size": [3, 0.75]}
							}
						},
						{
							"origin": [-0.37345, -1.51005, -2.40625],
							"size": [0.75, 0.125, 0.25],
							"pivot": [0.00155, -1.47907, -1.50375],
							"rotation": [0, 0, -180],
							"uv": {
								"north": {"uv": [3, 9], "uv_size": [0.75, 0.25]},
								"south": {"uv": [4, 9], "uv_size": [0.75, 0.25]},
								"up": {"uv": [9, 4], "uv_size": [0.75, 0.25]}
							}
						},
						{
							"origin": [-0.33009, -1.85475, -2.40625],
							"size": [0.177, 0.177, 0.25],
							"pivot": [0.00155, -1.47907, -1.50375],
							"rotation": [0, 0, -135],
							"uv": {
								"north": {"uv": [12, 10], "uv_size": [0.25, 0.25]},
								"east": {"uv": [11, 12], "uv_size": [0.25, 0.25]},
								"south": {"uv": [12, 11], "uv_size": [0.25, 0.25]}
							}
						},
						{
							"origin": [0.20023, -1.32443, -2.40625],
							"size": [0.177, 0.177, 0.25],
							"pivot": [0.00155, -1.47907, -1.50375],
							"rotation": [0, 0, -135],
							"uv": {
								"north": {"uv": [12, 12], "uv_size": [0.25, 0.25]},
								"south": {"uv": [0, 13], "uv_size": [0.25, 0.25]},
								"up": {"uv": [13, 0], "uv_size": [0.25, 0.25]}
							}
						},
						{
							"origin": [0.20023, -1.32443, -3.15625],
							"size": [0.177, 0.177, 0.5],
							"pivot": [0.00155, -1.47907, -1.50375],
							"rotation": [0, 0, -135],
							"uv": {
								"north": {"uv": [1, 13], "uv_size": [0.25, 0.25]},
								"south": {"uv": [13, 1], "uv_size": [0.25, 0.25]},
								"up": {"uv": [10, 7], "uv_size": [0.25, 0.5]}
							}
						},
						{
							"origin": [-0.37165, -1.51005, -3.15625],
							"size": [0.75, 0.125, 0.5],
							"pivot": [0.00155, -1.47907, -1.50375],
							"rotation": [0, 0, -180],
							"uv": {
								"north": {"uv": [5, 9], "uv_size": [0.75, 0.25]},
								"south": {"uv": [9, 5], "uv_size": [0.75, 0.25]},
								"up": {"uv": [3, 8], "uv_size": [0.75, 0.5]}
							}
						},
						{
							"origin": [-0.33009, -1.85475, -3.15625],
							"size": [0.177, 0.177, 0.5],
							"pivot": [0.00155, -1.47907, -1.50375],
							"rotation": [0, 0, -135],
							"uv": {
								"north": {"uv": [2, 13], "uv_size": [0.25, 0.25]},
								"east": {"uv": [8, 10], "uv_size": [0.5, 0.25]},
								"south": {"uv": [13, 2], "uv_size": [0.25, 0.25]}
							}
						},
						{
							"origin": [0.20023, -1.32443, -0.90625],
							"size": [0.177, 0.177, 0.25],
							"pivot": [0.00155, -1.47907, -1.50375],
							"rotation": [0, 0, -135],
							"uv": {
								"north": {"uv": [3, 13], "uv_size": [0.25, 0.25]},
								"south": {"uv": [13, 3], "uv_size": [0.25, 0.25]},
								"up": {"uv": [4, 13], "uv_size": [0.25, 0.25]}
							}
						},
						{
							"origin": [-0.33009, -1.85475, -0.90625],
							"size": [0.177, 0.177, 0.25],
							"pivot": [0.00155, -1.47907, -1.50375],
							"rotation": [0, 0, -135],
							"uv": {
								"north": {"uv": [13, 4], "uv_size": [0.25, 0.25]},
								"east": {"uv": [5, 13], "uv_size": [0.25, 0.25]},
								"south": {"uv": [13, 5], "uv_size": [0.25, 0.25]}
							}
						},
						{
							"origin": [-0.37345, -1.51005, -0.90625],
							"size": [0.75, 0.125, 0.25],
							"pivot": [0.00155, -1.47907, -1.50375],
							"rotation": [0, 0, -180],
							"uv": {
								"north": {"uv": [6, 9], "uv_size": [0.75, 0.25]},
								"south": {"uv": [9, 6], "uv_size": [0.75, 0.25]},
								"up": {"uv": [7, 9], "uv_size": [0.75, 0.25]}
							}
						},
						{
							"origin": [0.20023, -1.32443, -1.90625],
							"size": [0.177, 0.177, 0.75],
							"pivot": [0.00155, -1.47907, -1.50375],
							"rotation": [0, 0, -135],
							"uv": {
								"north": {"uv": [6, 13], "uv_size": [0.25, 0.25]},
								"south": {"uv": [13, 6], "uv_size": [0.25, 0.25]},
								"up": {"uv": [9, 7], "uv_size": [0.25, 0.75]}
							}
						},
						{
							"origin": [-0.33009, -1.85475, -1.90625],
							"size": [0.177, 0.177, 0.75],
							"pivot": [0.00155, -1.47907, -1.50375],
							"rotation": [0, 0, -135],
							"uv": {
								"north": {"uv": [7, 13], "uv_size": [0.25, 0.25]},
								"east": {"uv": [8, 9], "uv_size": [0.75, 0.25]},
								"south": {"uv": [13, 7], "uv_size": [0.25, 0.25]}
							}
						},
						{
							"origin": [-0.37345, -1.51005, -1.90625],
							"size": [0.75, 0.125, 0.75],
							"pivot": [0.00155, -1.47907, -1.50375],
							"rotation": [0, 0, -180],
							"uv": {
								"north": {"uv": [9, 8], "uv_size": [0.75, 0.25]},
								"south": {"uv": [9, 9], "uv_size": [0.75, 0.25]},
								"up": {"uv": [6, 7], "uv_size": [0.75, 0.75]}
							}
						},
						{
							"origin": [0.20023, -1.32443, -0.40625],
							"size": [0.177, 0.177, 0.61001],
							"pivot": [0.00155, -1.47907, -1.50375],
							"rotation": [0, 0, -135],
							"uv": {
								"north": {"uv": [8, 13], "uv_size": [0.25, 0.25]},
								"south": {"uv": [13, 8], "uv_size": [0.25, 0.25]},
								"up": {"uv": [10, 8], "uv_size": [0.25, 0.5]}
							}
						},
						{
							"origin": [-0.33009, -1.85475, -0.40625],
							"size": [0.177, 0.177, 0.61001],
							"pivot": [0.00155, -1.47907, -1.50375],
							"rotation": [0, 0, -135],
							"uv": {
								"north": {"uv": [9, 13], "uv_size": [0.25, 0.25]},
								"east": {"uv": [9, 10], "uv_size": [0.5, 0.25]},
								"south": {"uv": [13, 9], "uv_size": [0.25, 0.25]}
							}
						},
						{
							"origin": [-0.37345, -1.51005, -0.40625],
							"size": [0.75, 0.125, 0.61001],
							"pivot": [0.00155, -1.47907, -1.50375],
							"rotation": [0, 0, -180],
							"uv": {
								"north": {"uv": [0, 10], "uv_size": [0.75, 0.25]},
								"south": {"uv": [2, 10], "uv_size": [0.75, 0.25]},
								"up": {"uv": [4, 8], "uv_size": [0.75, 0.5]}
							}
						},
						{
							"origin": [-0.49845, -1.51006, -3.15625],
							"size": [1, 0.001, 3.25001],
							"pivot": [0.00155, -1.47907, -1.50375],
							"rotation": [0, 0, -180],
							"uv": {
								"east": {"uv": [0, 0], "uv_size": [3.25, 0]},
								"south": {"uv": [0, 0], "uv_size": [1, 0]},
								"west": {"uv": [0, 0], "uv_size": [3.25, 0]},
								"up": {"uv": [0, 0], "uv_size": [1, 3.25]}
							}
						},
						{
							"origin": [0.08527, -0.29691, -0.37689],
							"size": [0.2426, 0.37384, 0.375],
							"pivot": [-0.15345, 0.12553, -1.75189],
							"rotation": [0, 0, -45],
							"uv": {
								"north": {"uv": [10, 13], "uv_size": [0.25, 0.25]},
								"east": {"uv": [10, 9], "uv_size": [0.5, 0.25]},
								"south": {"uv": [13, 10], "uv_size": [0.25, 0.25]},
								"west": {"uv": [10, 10], "uv_size": [0.5, 0.25]}
							}
						},
						{
							"origin": [-0.66766, -0.45068, -3.50189],
							"size": [0.1548, 0.22411, 3.5],
							"pivot": [-0.20316, -0.224, -1.75189],
							"rotation": [0, 0, -45],
							"uv": {
								"north": {"uv": [11, 13], "uv_size": [0.25, 0.25]},
								"east": {"uv": [7, 2], "uv_size": [3.5, 0.25]},
								"south": {"uv": [13, 11], "uv_size": [0.25, 0.25]}
							}
						},
						{
							"origin": [0.51286, -0.45068, -3.50189],
							"size": [0.1548, 0.22411, 3.5],
							"pivot": [0.20316, -0.224, -1.75189],
							"rotation": [0, 0, 45],
							"uv": {
								"north": {"uv": [12, 13], "uv_size": [0.25, 0.25]},
								"south": {"uv": [13, 12], "uv_size": [0.25, 0.25]},
								"west": {"uv": [7, 3], "uv_size": [3.5, 0.25]}
							}
						},
						{
							"origin": [-0.375, -1.47348, -0.06439],
							"size": [0.75, 0.31402, 0.26815],
							"uv": {
								"north": {"uv": [3, 10], "uv_size": [0.75, 0.25]},
								"east": {"uv": [13, 13], "uv_size": [0.25, 0.25]},
								"south": {"uv": [4, 10], "uv_size": [0.75, 0.25]},
								"west": {"uv": [0, 14], "uv_size": [0.25, 0.25]},
								"up": {"uv": [10, 4], "uv_size": [0.75, 0.25]},
								"down": {"uv": [5, 10.25], "uv_size": [0.75, -0.25]}
							}
						},
						{
							"origin": [-0.33009, -1.85475, -3.15625],
							"size": [0.70838, 0.70733, 3.36001],
							"pivot": [0.00155, -1.47907, -1.50375],
							"rotation": [0, 0, -135],
							"uv": {
								"west": {"uv": [1, 4], "uv_size": [3.25, 0.75]},
								"down": {"uv": [5, 3.25], "uv_size": [0.75, -3.25]}
							}
						},
						{
							"origin": [-0.22126, 0.21871, -0.37689],
							"size": [0.44252, 0.2128, 0.375],
							"uv": {
								"north": {"uv": [0, 11], "uv_size": [0.5, 0.25]},
								"south": {"uv": [11, 0], "uv_size": [0.5, 0.25]},
								"up": {"uv": [1, 11], "uv_size": [0.5, 0.25]},
								"down": {"uv": [11, 1.25], "uv_size": [0.5, -0.25]}
							}
						},
						{
							"origin": [-0.34401, -0.33587, -0.37689],
							"size": [0.2426, 0.37384, 0.375],
							"pivot": [0.19241, 0.08657, -1.75189],
							"rotation": [0, 0, 45],
							"uv": {
								"north": {"uv": [14, 0], "uv_size": [0.25, 0.25]},
								"east": {"uv": [2, 11], "uv_size": [0.5, 0.25]},
								"south": {"uv": [1, 14], "uv_size": [0.25, 0.25]},
								"west": {"uv": [11, 2], "uv_size": [0.5, 0.25]}
							}
						},
						{
							"origin": [0.14037, -0.29691, -1.12689],
							"size": [0.1875, 0.37384, 0.375],
							"pivot": [-0.15345, 0.12553, -1.75189],
							"rotation": [0, 0, -45],
							"uv": {
								"north": {"uv": [14, 1], "uv_size": [0.25, 0.25]},
								"east": {"uv": [3, 11], "uv_size": [0.5, 0.25]},
								"south": {"uv": [2, 14], "uv_size": [0.25, 0.25]},
								"west": {"uv": [11, 3], "uv_size": [0.5, 0.25]}
							}
						},
						{
							"origin": [0.14037, -0.29691, -1.87689],
							"size": [0.1875, 0.37384, 0.375],
							"pivot": [-0.15345, 0.12553, -1.75189],
							"rotation": [0, 0, -45],
							"uv": {
								"north": {"uv": [14, 2], "uv_size": [0.25, 0.25]},
								"east": {"uv": [4, 11], "uv_size": [0.5, 0.25]},
								"south": {"uv": [3, 14], "uv_size": [0.25, 0.25]},
								"west": {"uv": [11, 4], "uv_size": [0.5, 0.25]}
							}
						},
						{
							"origin": [0.14037, -0.29691, -2.62689],
							"size": [0.1875, 0.37384, 0.375],
							"pivot": [-0.15345, 0.12553, -1.75189],
							"rotation": [0, 0, -45],
							"uv": {
								"north": {"uv": [14, 3], "uv_size": [0.25, 0.25]},
								"east": {"uv": [5, 11], "uv_size": [0.5, 0.25]},
								"south": {"uv": [4, 14], "uv_size": [0.25, 0.25]},
								"west": {"uv": [11, 5], "uv_size": [0.5, 0.25]}
							}
						},
						{
							"origin": [-0.22126, 0.24401, -1.12689],
							"size": [0.44252, 0.1875, 0.375],
							"uv": {
								"north": {"uv": [6, 11], "uv_size": [0.5, 0.25]},
								"south": {"uv": [11, 6], "uv_size": [0.5, 0.25]},
								"up": {"uv": [7, 11], "uv_size": [0.5, 0.25]},
								"down": {"uv": [11, 7.25], "uv_size": [0.5, -0.25]}
							}
						},
						{
							"origin": [-0.22126, 0.24401, -2.62689],
							"size": [0.44252, 0.1875, 0.375],
							"uv": {
								"north": {"uv": [8, 11], "uv_size": [0.5, 0.25]},
								"south": {"uv": [11, 8], "uv_size": [0.5, 0.25]},
								"up": {"uv": [9, 11], "uv_size": [0.5, 0.25]},
								"down": {"uv": [11, 9.25], "uv_size": [0.5, -0.25]}
							}
						},
						{
							"origin": [-0.22126, 0.24401, -1.87689],
							"size": [0.44252, 0.1875, 0.375],
							"uv": {
								"north": {"uv": [10, 11], "uv_size": [0.5, 0.25]},
								"south": {"uv": [11, 10], "uv_size": [0.5, 0.25]},
								"up": {"uv": [11, 11], "uv_size": [0.5, 0.25]},
								"down": {"uv": [0, 12.25], "uv_size": [0.5, -0.25]}
							}
						},
						{
							"origin": [0.03465, 0.14258, -3.50189],
							"size": [0.37384, 0.24259, 0.49999],
							"pivot": [0.1839, 0.18308, -3.0625],
							"rotation": [0, 0, 45],
							"uv": {
								"north": {"uv": [14, 4], "uv_size": [0.25, 0.25]},
								"south": {"uv": [5, 14], "uv_size": [0.25, 0.25]},
								"up": {"uv": [12, 0], "uv_size": [0.25, 0.5]},
								"down": {"uv": [1, 12.5], "uv_size": [0.25, -0.5]}
							}
						},
						{
							"origin": [-0.22126, 0.21875, -3.50189],
							"size": [0.44252, 0.21276, 0.49999],
							"uv": {
								"north": {"uv": [12, 1], "uv_size": [0.5, 0.25]},
								"south": {"uv": [2, 12], "uv_size": [0.5, 0.25]},
								"up": {"uv": [5, 8], "uv_size": [0.5, 0.5]},
								"down": {"uv": [8, 5.5], "uv_size": [0.5, -0.5]}
							}
						},
						{
							"origin": [-0.375, -1.69847, -3.78304],
							"size": [0.75, 0.32588, 0.90141],
							"pivot": [-0.73257, -1.42136, -2.91288],
							"rotation": [-67.5, 0, 0],
							"uv": {
								"east": {"uv": [6, 8], "uv_size": [1, 0.25]},
								"west": {"uv": [7, 8], "uv_size": [1, 0.25]},
								"down": {"uv": [7, 6], "uv_size": [0.75, -1]}
							}
						},
						{
							"origin": [-0.375, -1.84987, -0.59091],
							"size": [0.75, 0.36791, 0.66017],
							"pivot": [-0.73257, -1.42136, 0.37784],
							"rotation": [-67.5, 0, 0],
							"uv": {
								"east": {"uv": [10, 5], "uv_size": [0.75, 0.25]},
								"west": {"uv": [6, 10], "uv_size": [0.75, 0.25]},
								"up": {"uv": [7, 7], "uv_size": [0.75, 0.75]}
							}
						},
						{
							"origin": [-0.32787, -0.29691, -1.12689],
							"size": [0.1875, 0.37384, 0.375],
							"pivot": [0.15345, 0.12553, -1.75189],
							"rotation": [0, 0, 45],
							"uv": {
								"north": {"uv": [14, 5], "uv_size": [0.25, 0.25]},
								"east": {"uv": [12, 2], "uv_size": [0.5, 0.25]},
								"south": {"uv": [6, 14], "uv_size": [0.25, 0.25]},
								"west": {"uv": [3, 12], "uv_size": [0.5, 0.25]}
							}
						},
						{
							"origin": [-0.32787, -0.29691, -1.87689],
							"size": [0.1875, 0.37384, 0.375],
							"pivot": [0.15345, 0.12553, -1.75189],
							"rotation": [0, 0, 45],
							"uv": {
								"north": {"uv": [14, 6], "uv_size": [0.25, 0.25]},
								"east": {"uv": [12, 3], "uv_size": [0.5, 0.25]},
								"south": {"uv": [7, 14], "uv_size": [0.25, 0.25]},
								"west": {"uv": [4, 12], "uv_size": [0.5, 0.25]}
							}
						},
						{
							"origin": [-0.32787, -0.29691, -2.62689],
							"size": [0.1875, 0.37384, 0.375],
							"pivot": [0.15345, 0.12553, -1.75189],
							"rotation": [0, 0, 45],
							"uv": {
								"north": {"uv": [14, 7], "uv_size": [0.25, 0.25]},
								"east": {"uv": [12, 4], "uv_size": [0.5, 0.25]},
								"south": {"uv": [8, 14], "uv_size": [0.25, 0.25]},
								"west": {"uv": [5, 12], "uv_size": [0.5, 0.25]}
							}
						}
					]
				}
			]
		}
	]
}