{
	"format_version": "1.12.0",
	"minecraft:geometry": [
		{
			"description": {
				"identifier": "geometry.unknown",
				"texture_width": 32,
				"texture_height": 32,
				"visible_bounds_width": 2,
				"visible_bounds_height": 1.5,
				"visible_bounds_offset": [0, 0.25, 0]
			},
			"bones": [
				{
					"name": "group",
					"pivot": [0, 0, 0],
					"cubes": [
						{
							"origin": [-0.35332, -1.04182, -0.25],
							"size": [0.70665, 1.70625, 0.25],
							"pivot": [0, -0.1887, 0],
							"rotation": [0, 0, -135],
							"uv": {
								"north": {"uv": [14, 18], "uv_size": [0.75, 1.75]},
								"south": {"uv": [18, 14], "uv_size": [0.75, 1.75]},
								"up": {"uv": [19, 10], "uv_size": [0.75, 0.25]},
								"down": {"uv": [19, 11.25], "uv_size": [0.75, -0.25]}
							}
						},
						{
							"origin": [-0.35333, -1.04182, -0.25],
							"size": [0.70666, 1.70625, 0.25],
							"pivot": [0, -0.1887, 0],
							"rotation": [0, 0, -90],
							"uv": {
								"north": {"uv": [18, 12], "uv_size": [0.75, 1.75]},
								"south": {"uv": [13, 18], "uv_size": [0.75, 1.75]},
								"up": {"uv": [19, 8], "uv_size": [0.75, 0.25]},
								"down": {"uv": [19, 9.25], "uv_size": [0.75, -0.25]}
							}
						},
						{
							"origin": [-0.35333, -1.04182, -0.25],
							"size": [0.70665, 1.70625, 0.25],
							"pivot": [0, -0.1887, 0],
							"rotation": [0, 0, -45],
							"uv": {
								"north": {"uv": [11, 18], "uv_size": [0.75, 1.75]},
								"south": {"uv": [12, 18], "uv_size": [0.75, 1.75]},
								"up": {"uv": [19, 7], "uv_size": [0.75, 0.25]},
								"down": {"uv": [8, 19.25], "uv_size": [0.75, -0.25]}
							}
						},
						{
							"origin": [-0.35333, -1.04182, -0.25],
							"size": [0.70666, 1.70625, 0.25],
							"uv": {
								"north": {"uv": [9, 18], "uv_size": [0.75, 1.75]},
								"south": {"uv": [18, 10], "uv_size": [0.75, 1.75]},
								"up": {"uv": [19, 6], "uv_size": [0.75, 0.25]},
								"down": {"uv": [7, 19.25], "uv_size": [0.75, -0.25]}
							}
						},
						{
							"origin": [-0.33986, -1.00868, -4.06344],
							"size": [0.67973, 1.64125, 3.93844],
							"pivot": [0, -0.18806, -4.78172],
							"rotation": [0, 0, -135],
							"uv": {
								"north": {"uv": [17, 10], "uv_size": [0.75, 1.75]},
								"south": {"uv": [17, 12], "uv_size": [0.75, 1.75]},
								"up": {"uv": [8, 15], "uv_size": [0.75, 4]},
								"down": {"uv": [15, 12], "uv_size": [0.75, -4]}
							}
						},
						{
							"origin": [-0.33987, -1.00868, -4.06344],
							"size": [0.67973, 1.64125, 3.93844],
							"pivot": [0, -0.18806, -4.78172],
							"rotation": [0, 0, -90],
							"uv": {
								"north": {"uv": [17, 6], "uv_size": [0.75, 1.75]},
								"south": {"uv": [17, 8], "uv_size": [0.75, 1.75]},
								"up": {"uv": [15, 4], "uv_size": [0.75, 4]},
								"down": {"uv": [7, 19], "uv_size": [0.75, -4]}
							}
						},
						{
							"origin": [-0.33987, -1.00868, -4.06344],
							"size": [0.67973, 1.64125, 3.93844],
							"pivot": [0, -0.18806, -4.78172],
							"rotation": [0, 0, -45],
							"uv": {
								"north": {"uv": [16, 15], "uv_size": [0.75, 1.75]},
								"south": {"uv": [17, 4], "uv_size": [0.75, 1.75]},
								"up": {"uv": [9, 14], "uv_size": [0.75, 4]},
								"down": {"uv": [14, 16], "uv_size": [0.75, -4]}
							}
						},
						{
							"origin": [-0.33987, -1.00868, -4.06344],
							"size": [0.67973, 1.64125, 3.93844],
							"uv": {
								"north": {"uv": [16, 13], "uv_size": [0.75, 1.75]},
								"south": {"uv": [14, 16], "uv_size": [0.75, 1.75]},
								"up": {"uv": [14, 4], "uv_size": [0.75, 4]},
								"down": {"uv": [14, 12], "uv_size": [0.75, -4]}
							}
						},
						{
							"origin": [-0.34326, -1.01689, -2.99375],
							"size": [0.68652, 1.65767, 2.35282],
							"pivot": [0, -0.18806, -5.46922],
							"rotation": [0, 0, -45],
							"uv": {
								"north": {"uv": [18, 6], "uv_size": [0.75, 1.75]},
								"south": {"uv": [18, 8], "uv_size": [0.75, 1.75]},
								"up": {"uv": [16, 7], "uv_size": [0.75, 2.25]},
								"down": {"uv": [16, 12.25], "uv_size": [0.75, -2.25]}
							}
						},
						{
							"origin": [-0.34326, -1.01689, -2.99375],
							"size": [0.68652, 1.65767, 2.35282],
							"pivot": [0, -0.18806, -5.46922],
							"rotation": [0, 0, -90],
							"uv": {
								"north": {"uv": [18, 2], "uv_size": [0.75, 1.75]},
								"south": {"uv": [18, 4], "uv_size": [0.75, 1.75]},
								"up": {"uv": [5, 16], "uv_size": [0.75, 2.25]},
								"down": {"uv": [6, 18.25], "uv_size": [0.75, -2.25]}
							}
						},
						{
							"origin": [-0.34326, -1.01689, -2.99375],
							"size": [0.68652, 1.65767, 2.35282],
							"pivot": [0, -0.18806, -5.46922],
							"rotation": [0, 0, -135],
							"uv": {
								"north": {"uv": [17, 16], "uv_size": [0.75, 1.75]},
								"south": {"uv": [18, 0], "uv_size": [0.75, 1.75]},
								"up": {"uv": [4, 16], "uv_size": [0.75, 2.25]},
								"down": {"uv": [16, 6.25], "uv_size": [0.75, -2.25]}
							}
						},
						{
							"origin": [-0.34326, -1.01689, -2.99375],
							"size": [0.68652, 1.65767, 2.35282],
							"uv": {
								"north": {"uv": [17, 14], "uv_size": [0.75, 1.75]},
								"south": {"uv": [16, 17], "uv_size": [0.75, 1.75]},
								"up": {"uv": [2, 16], "uv_size": [0.75, 2.25]},
								"down": {"uv": [3, 18.25], "uv_size": [0.75, -2.25]}
							}
						},
						{
							"origin": [-0.3365, 0.5621, -10.09375],
							"size": [0.673, 0.0625, 7.125],
							"uv": {
								"north": {"uv": [19, 0], "uv_size": [0.75, 0.25]},
								"up": {"uv": [0, 0], "uv_size": [0.75, 7.25]},
								"down": {"uv": [1, 7.25], "uv_size": [0.75, -7.25]}
							}
						},
						{
							"origin": [-1.68267, 0.56217, -10.09375],
							"size": [0.673, 0.0625, 7.125],
							"pivot": [-0.673, 1.4371, 4.29688],
							"rotation": [0, 0, -45],
							"uv": {
								"north": {"uv": [19, 1], "uv_size": [0.75, 0.25]},
								"up": {"uv": [2, 0], "uv_size": [0.75, 7.25]},
								"down": {"uv": [3, 7.25], "uv_size": [0.75, -7.25]}
							}
						},
						{
							"origin": [-2.6345, 1.51411, -10.09375],
							"size": [0.673, 0.0625, 7.125],
							"pivot": [-0.673, 1.4371, 4.29688],
							"rotation": [0, 0, -90],
							"uv": {
								"north": {"uv": [2, 19], "uv_size": [0.75, 0.25]},
								"up": {"uv": [4, 0], "uv_size": [0.75, 7.25]},
								"down": {"uv": [5, 7.25], "uv_size": [0.75, -7.25]}
							}
						},
						{
							"origin": [-2.63443, 2.86027, -10.09375],
							"size": [0.673, 0.0625, 7.125],
							"pivot": [-0.673, 1.4371, 4.29688],
							"rotation": [0, 0, -135],
							"uv": {
								"north": {"uv": [19, 2], "uv_size": [0.75, 0.25]},
								"up": {"uv": [6, 0], "uv_size": [0.75, 7.25]},
								"down": {"uv": [7, 7.25], "uv_size": [0.75, -7.25]}
							}
						},
						{
							"origin": [-0.33633, 3.81204, -10.09375],
							"size": [0.673, 0.0625, 7.125],
							"pivot": [-0.673, 1.4371, 4.29688],
							"rotation": [0, 0, 135],
							"uv": {
								"north": {"uv": [3, 19], "uv_size": [0.75, 0.25]},
								"up": {"uv": [0, 8], "uv_size": [0.75, 7.25]},
								"down": {"uv": [8, 7.25], "uv_size": [0.75, -7.25]}
							}
						},
						{
							"origin": [-1.6825, 3.81211, -10.09375],
							"size": [0.673, 0.0625, 7.125],
							"pivot": [-0.673, 1.4371, 4.29688],
							"rotation": [0, 0, 180],
							"uv": {
								"north": {"uv": [19, 3], "uv_size": [0.75, 0.25]},
								"up": {"uv": [1, 8], "uv_size": [0.75, 7.25]},
								"down": {"uv": [2, 15.25], "uv_size": [0.75, -7.25]}
							}
						},
						{
							"origin": [0.6155, 2.8601, -10.09375],
							"size": [0.673, 0.0625, 7.125],
							"pivot": [-0.673, 1.4371, 4.29688],
							"rotation": [0, 0, 90],
							"uv": {
								"north": {"uv": [4, 19], "uv_size": [0.75, 0.25]},
								"up": {"uv": [3, 8], "uv_size": [0.75, 7.25]},
								"down": {"uv": [4, 15.25], "uv_size": [0.75, -7.25]}
							}
						},
						{
							"origin": [0.61543, 1.51394, -10.09375],
							"size": [0.673, 0.0625, 7.125],
							"pivot": [-0.673, 1.4371, 4.29688],
							"rotation": [0, 0, 45],
							"uv": {
								"north": {"uv": [19, 4], "uv_size": [0.75, 0.25]},
								"up": {"uv": [5, 8], "uv_size": [0.75, 7.25]},
								"down": {"uv": [6, 15.25], "uv_size": [0.75, -7.25]}
							}
						},
						{
							"origin": [-0.33658, -0.9379, -10.02625],
							"size": [0.67308, 0.68754, 7.0575],
							"uv": {
								"north": {"uv": [17, 0], "uv_size": [0.75, 0.75]},
								"up": {"uv": [7, 8], "uv_size": [0.75, 7]},
								"down": {"uv": [8, 15], "uv_size": [0.75, -7]}
							}
						},
						{
							"origin": [0.61535, 0.01394, -10.02625],
							"size": [0.67308, 0.63234, 7.0575],
							"pivot": [-0.673, 1.4371, 4.29688],
							"rotation": [0, 0, 45],
							"uv": {
								"north": {"uv": [18, 16], "uv_size": [0.75, 0.75]},
								"up": {"uv": [9, 0], "uv_size": [0.75, 7]},
								"down": {"uv": [9, 14], "uv_size": [0.75, -7]}
							}
						},
						{
							"origin": [-0.75, -0.52439, -10.02625],
							"size": [0.50037, 0.67308, 7.0575],
							"uv": {
								"north": {"uv": [18, 17], "uv_size": [0.5, 0.75]},
								"west": {"uv": [10, 0], "uv_size": [7, 0.75]},
								"up": {"uv": [12, 4], "uv_size": [0.5, 7]},
								"down": {"uv": [12, 18], "uv_size": [0.5, -7]}
							}
						},
						{
							"origin": [-1.68267, -0.93783, -10.02625],
							"size": [0.67309, 0.63234, 7.0575],
							"pivot": [-0.673, 1.4371, 4.29688],
							"rotation": [0, 0, -45],
							"uv": {
								"north": {"uv": [17, 18], "uv_size": [0.75, 0.75]},
								"up": {"uv": [10, 1], "uv_size": [0.75, 7]},
								"down": {"uv": [10, 15], "uv_size": [0.75, -7]}
							}
						},
						{
							"origin": [-0.96435, -0.52433, -10.02625],
							"size": [0.36818, 0.67309, 7.0575],
							"pivot": [-0.673, 1.4371, 4.29688],
							"rotation": [0, 0, -45],
							"uv": {
								"north": {"uv": [5, 19], "uv_size": [0.25, 0.75]},
								"east": {"uv": [11, 1], "uv_size": [7, 0.75]},
								"up": {"uv": [10, 15], "uv_size": [0.25, 7]},
								"down": {"uv": [15, 19], "uv_size": [0.25, -7]}
							}
						},
						{
							"origin": [0.24963, -0.52439, -10.02625],
							"size": [0.50037, 0.67308, 7.0575],
							"uv": {
								"north": {"uv": [18, 18], "uv_size": [0.5, 0.75]},
								"east": {"uv": [11, 2], "uv_size": [7, 0.75]},
								"up": {"uv": [13, 4], "uv_size": [0.5, 7]},
								"down": {"uv": [13, 18], "uv_size": [0.5, -7]}
							}
						},
						{
							"origin": [0.20193, 0.42744, -10.02625],
							"size": [0.36819, 0.67308, 7.0575],
							"pivot": [-0.673, 1.4371, 4.29688],
							"rotation": [0, 0, 45],
							"uv": {
								"north": {"uv": [19, 5], "uv_size": [0.25, 0.75]},
								"west": {"uv": [11, 3], "uv_size": [7, 0.75]},
								"up": {"uv": [0, 16], "uv_size": [0.25, 7]},
								"down": {"uv": [1, 23], "uv_size": [0.25, -7]}
							}
						},
						{
							"origin": [-0.3365, 0.24926, -10.02625],
							"size": [0.673, 0.31285, 7.0575],
							"uv": {
								"north": {"uv": [6, 19], "uv_size": [0.75, 0.25]},
								"up": {"uv": [11, 4], "uv_size": [0.75, 7]},
								"down": {"uv": [11, 18], "uv_size": [0.75, -7]}
							}
						}
					]
				}
			]
		}
	]
}