{
	"format_version": "1.12.0",
	"minecraft:geometry": [
		{
			"description": {
				"identifier": "geometry.unknown",
				"texture_width": 32,
				"texture_height": 32,
				"visible_bounds_width": 2,
				"visible_bounds_height": 1.5,
				"visible_bounds_offset": [0, 0.25, 0]
			},
			"bones": [
				{
					"name": "root",
					"pivot": [0, 0, 0],
					"cubes": [
						{
							"origin": [-0.32451, -0.78344, -0.93537],
							"size": [0.64902, 1.56688, 0.52197],
							"uv": {
								"north": {"uv": [13, 3], "uv_size": [0.75, 1.5]},
								"south": {"uv": [13, 5], "uv_size": [0.75, 1.5]},
								"up": {"uv": [13, 15], "uv_size": [0.75, 0.5]},
								"down": {"uv": [15, 13.5], "uv_size": [0.75, -0.5]}
							}
						},
						{
							"origin": [0.33361, -0.51084, -5.68537],
							"size": [0.64902, 1.56688, 2.75],
							"pivot": [0.19276, 0.46536, -0.00287],
							"rotation": [0, 0, 90],
							"uv": {
								"north": {"uv": [13, 7], "uv_size": [0.75, 1.5]},
								"south": {"uv": [13, 9], "uv_size": [0.75, 1.5]},
								"up": {"uv": [11, 8], "uv_size": [0.75, 2.75]},
								"down": {"uv": [11, 13.75], "uv_size": [0.75, -2.75]}
							}
						},
						{
							"origin": [0.33361, -0.12532, -5.68537],
							"size": [0.64902, 1.56688, 2.75],
							"pivot": [0.19276, 0.46536, -0.00287],
							"rotation": [0, 0, 135],
							"uv": {
								"north": {"uv": [13, 11], "uv_size": [0.75, 1.5]},
								"south": {"uv": [13, 13], "uv_size": [0.75, 1.5]},
								"up": {"uv": [12, 0], "uv_size": [0.75, 2.75]},
								"down": {"uv": [12, 5.75], "uv_size": [0.75, -2.75]}
							}
						},
						{
							"origin": [0.06101, -0.78344, -5.68537],
							"size": [0.64902, 1.56688, 2.75],
							"pivot": [0.19276, 0.46536, -0.00287],
							"rotation": [0, 0, 45],
							"uv": {
								"north": {"uv": [14, 0], "uv_size": [0.75, 1.5]},
								"south": {"uv": [14, 2], "uv_size": [0.75, 1.5]},
								"up": {"uv": [12, 6], "uv_size": [0.75, 2.75]},
								"down": {"uv": [12, 11.75], "uv_size": [0.75, -2.75]}
							}
						},
						{
							"origin": [-0.32451, -0.78344, -5.68537],
							"size": [0.64902, 1.56688, 2.75],
							"uv": {
								"north": {"uv": [14, 4], "uv_size": [0.75, 1.5]},
								"south": {"uv": [5, 14], "uv_size": [0.75, 1.5]},
								"up": {"uv": [12, 12], "uv_size": [0.75, 2.75]},
								"down": {"uv": [13, 2.75], "uv_size": [0.75, -2.75]}
							}
						},
						{
							"origin": [0.33361, -0.51084, -9.83537],
							"size": [0.64902, 1.56688, 3.95],
							"pivot": [0.19276, 0.46536, -0.00287],
							"rotation": [0, 0, 90],
							"uv": {
								"north": {"uv": [6, 14], "uv_size": [0.75, 1.5]},
								"south": {"uv": [14, 6], "uv_size": [0.75, 1.5]},
								"up": {"uv": [5, 10], "uv_size": [0.75, 4]},
								"down": {"uv": [6, 14], "uv_size": [0.75, -4]}
							}
						},
						{
							"origin": [0.33361, -0.12532, -9.83537],
							"size": [0.64902, 1.56688, 3.95],
							"pivot": [0.19276, 0.46536, -0.00287],
							"rotation": [0, 0, 135],
							"uv": {
								"north": {"uv": [7, 14], "uv_size": [0.75, 1.5]},
								"south": {"uv": [8, 14], "uv_size": [0.75, 1.5]},
								"up": {"uv": [7, 10], "uv_size": [0.75, 4]},
								"down": {"uv": [8, 14], "uv_size": [0.75, -4]}
							}
						},
						{
							"origin": [0.06101, -0.78344, -9.83537],
							"size": [0.64902, 1.56688, 3.95],
							"pivot": [0.19276, 0.46536, -0.00287],
							"rotation": [0, 0, 45],
							"uv": {
								"north": {"uv": [14, 8], "uv_size": [0.75, 1.5]},
								"south": {"uv": [9, 14], "uv_size": [0.75, 1.5]},
								"up": {"uv": [9, 10], "uv_size": [0.75, 4]},
								"down": {"uv": [10, 14], "uv_size": [0.75, -4]}
							}
						},
						{
							"origin": [-0.32451, -0.78344, -9.83537],
							"size": [0.64902, 1.56688, 3.95],
							"uv": {
								"north": {"uv": [10, 14], "uv_size": [0.75, 1.5]},
								"south": {"uv": [14, 10], "uv_size": [0.75, 1.5]},
								"up": {"uv": [11, 0], "uv_size": [0.75, 4]},
								"down": {"uv": [11, 8], "uv_size": [0.75, -4]}
							}
						},
						{
							"origin": [0.36606, -0.43249, -9.98787],
							"size": [0.58412, 0.41019, 9.155],
							"pivot": [0.19276, 0.46536, -0.00287],
							"rotation": [0, 0, 90],
							"uv": {
								"north": {"uv": [16, 8], "uv_size": [0.5, 0.5]},
								"south": {"uv": [9, 16], "uv_size": [0.5, 0.5]},
								"up": {"uv": [0, 0], "uv_size": [0.5, 9.25]},
								"down": {"uv": [1, 9.25], "uv_size": [0.5, -9.25]}
							}
						},
						{
							"origin": [0.36606, -0.04697, -9.98787],
							"size": [0.58412, 0.41019, 9.155],
							"pivot": [0.19276, 0.46536, -0.00287],
							"rotation": [0, 0, 135],
							"uv": {
								"north": {"uv": [16, 9], "uv_size": [0.5, 0.5]},
								"south": {"uv": [10, 16], "uv_size": [0.5, 0.5]},
								"up": {"uv": [2, 0], "uv_size": [0.5, 9.25]},
								"down": {"uv": [3, 9.25], "uv_size": [0.5, -9.25]}
							}
						},
						{
							"origin": [-0.56466, -0.04697, -9.98787],
							"size": [0.58412, 0.41019, 9.155],
							"pivot": [0.19276, 0.46536, -0.00287],
							"rotation": [0, 0, -90],
							"uv": {
								"north": {"uv": [16, 10], "uv_size": [0.5, 0.5]},
								"south": {"uv": [11, 16], "uv_size": [0.5, 0.5]},
								"up": {"uv": [4, 0], "uv_size": [0.5, 9.25]},
								"down": {"uv": [5, 9.25], "uv_size": [0.5, -9.25]}
							}
						},
						{
							"origin": [-0.29206, 0.22563, -9.98787],
							"size": [0.58412, 0.41019, 9.155],
							"pivot": [0.19276, 0.46536, -0.00287],
							"rotation": [0, 0, -135],
							"uv": {
								"north": {"uv": [16, 11], "uv_size": [0.5, 0.5]},
								"south": {"uv": [12, 16], "uv_size": [0.5, 0.5]},
								"up": {"uv": [6, 0], "uv_size": [0.5, 9.25]},
								"down": {"uv": [7, 9.25], "uv_size": [0.5, -9.25]}
							}
						},
						{
							"origin": [0.09346, 0.22563, -9.98787],
							"size": [0.58412, 0.41019, 9.155],
							"pivot": [0.19276, 0.46536, -0.00287],
							"rotation": [0, 0, 180],
							"uv": {
								"north": {"uv": [16, 12], "uv_size": [0.5, 0.5]},
								"south": {"uv": [13, 16], "uv_size": [0.5, 0.5]},
								"up": {"uv": [8, 0], "uv_size": [0.5, 9.25]},
								"down": {"uv": [9, 9.25], "uv_size": [0.5, -9.25]}
							}
						},
						{
							"origin": [-0.56466, -0.43249, -9.98787],
							"size": [0.58412, 0.41019, 9.155],
							"pivot": [0.19276, 0.46536, -0.00287],
							"rotation": [0, 0, -45],
							"uv": {
								"north": {"uv": [16, 13], "uv_size": [0.5, 0.5]},
								"south": {"uv": [14, 16], "uv_size": [0.5, 0.5]},
								"up": {"uv": [0, 10], "uv_size": [0.5, 9.25]},
								"down": {"uv": [10, 9.25], "uv_size": [0.5, -9.25]}
							}
						},
						{
							"origin": [0.09346, -0.70509, -9.98787],
							"size": [0.58412, 0.41019, 9.155],
							"pivot": [0.19276, 0.46536, -0.00287],
							"rotation": [0, 0, 45],
							"uv": {
								"north": {"uv": [16, 14], "uv_size": [0.5, 0.5]},
								"south": {"uv": [15, 16], "uv_size": [0.5, 0.5]},
								"up": {"uv": [1, 10], "uv_size": [0.5, 9.25]},
								"down": {"uv": [2, 19.25], "uv_size": [0.5, -9.25]}
							}
						},
						{
							"origin": [-0.29206, -0.70509, -9.98787],
							"size": [0.58412, 0.41019, 9.155],
							"uv": {
								"north": {"uv": [16, 15], "uv_size": [0.5, 0.5]},
								"south": {"uv": [16, 16], "uv_size": [0.5, 0.5]},
								"up": {"uv": [3, 10], "uv_size": [0.5, 9.25]},
								"down": {"uv": [4, 19.25], "uv_size": [0.5, -9.25]}
							}
						},
						{
							"origin": [0.46536, -0.19276, -0.66287],
							"size": [0.38552, 0.93072, 0.66],
							"pivot": [0.19276, 0.46536, -0.00287],
							"rotation": [0, 0, 90],
							"uv": {
								"north": {"uv": [15, 6], "uv_size": [0.5, 1]},
								"south": {"uv": [15, 7], "uv_size": [0.5, 1]},
								"up": {"uv": [15, 14], "uv_size": [0.5, 0.75]},
								"down": {"uv": [15, 15.75], "uv_size": [0.5, -0.75]}
							}
						},
						{
							"origin": [0.46536, 0.19276, -0.66287],
							"size": [0.38552, 0.93072, 0.66],
							"pivot": [0.19276, 0.46536, -0.00287],
							"rotation": [0, 0, 135],
							"uv": {
								"north": {"uv": [15, 8], "uv_size": [0.5, 1]},
								"south": {"uv": [15, 9], "uv_size": [0.5, 1]},
								"up": {"uv": [16, 0], "uv_size": [0.5, 0.75]},
								"down": {"uv": [16, 1.75], "uv_size": [0.5, -0.75]}
							}
						},
						{
							"origin": [0.19276, -0.46536, -0.66287],
							"size": [0.38552, 0.93072, 0.66],
							"pivot": [0.19276, 0.46536, -0.00287],
							"rotation": [0, 0, 45],
							"uv": {
								"north": {"uv": [15, 10], "uv_size": [0.5, 1]},
								"south": {"uv": [15, 11], "uv_size": [0.5, 1]},
								"up": {"uv": [16, 2], "uv_size": [0.5, 0.75]},
								"down": {"uv": [16, 3.75], "uv_size": [0.5, -0.75]}
							}
						},
						{
							"origin": [-0.19276, -0.46536, -0.66287],
							"size": [0.38552, 0.93072, 0.66],
							"uv": {
								"north": {"uv": [12, 15], "uv_size": [0.5, 1]},
								"south": {"uv": [15, 12], "uv_size": [0.5, 1]},
								"up": {"uv": [16, 4], "uv_size": [0.5, 0.75]},
								"down": {"uv": [5, 16.75], "uv_size": [0.5, -0.75]}
							}
						},
						{
							"origin": [0.44652, -0.78344, -0.93537],
							"size": [0.64902, 1.56688, 0.52197],
							"pivot": [0.38552, 0.93072, 0.32713],
							"rotation": [0, 0, 45],
							"uv": {
								"north": {"uv": [11, 14], "uv_size": [0.75, 1.5]},
								"south": {"uv": [14, 12], "uv_size": [0.75, 1.5]},
								"up": {"uv": [16, 5], "uv_size": [0.75, 0.5]},
								"down": {"uv": [6, 16.5], "uv_size": [0.75, -0.5]}
							}
						},
						{
							"origin": [0.99173, -0.23824, -0.93537],
							"size": [0.64902, 1.56688, 0.52197],
							"pivot": [0.38552, 0.93072, 0.32713],
							"rotation": [0, 0, 90],
							"uv": {
								"north": {"uv": [14, 14], "uv_size": [0.75, 1.5]},
								"south": {"uv": [15, 0], "uv_size": [0.75, 1.5]},
								"up": {"uv": [16, 6], "uv_size": [0.75, 0.5]},
								"down": {"uv": [7, 16.5], "uv_size": [0.75, -0.5]}
							}
						},
						{
							"origin": [0.99173, 0.53279, -0.93537],
							"size": [0.64902, 1.56688, 0.52197],
							"pivot": [0.38552, 0.93072, 0.32713],
							"rotation": [0, 0, 135],
							"uv": {
								"north": {"uv": [15, 2], "uv_size": [0.75, 1.5]},
								"south": {"uv": [15, 4], "uv_size": [0.75, 1.5]},
								"up": {"uv": [16, 7], "uv_size": [0.75, 0.5]},
								"down": {"uv": [8, 16.5], "uv_size": [0.75, -0.5]}
							}
						}
					]
				},
				{
					"name": "group",
					"parent": "root",
					"pivot": [0, 0, -9.64938],
					"cubes": [
						{
							"origin": [-4.85312, 1.32864, -6.22775],
							"size": [0.25, 0, 0.25],
							"inflate": 0.001,
							"pivot": [0.38552, 0.93072, 0.32713],
							"rotation": [0, -45, 90],
							"uv": {
								"up": {"uv": [17, 0], "uv_size": [0.25, 0.25]}
							}
						},
						{
							"origin": [-5.56023, 1.32864, -6.93485],
							"size": [0.25, 0, 0.25],
							"inflate": 0.001,
							"pivot": [0.38552, 0.93072, 0.32713],
							"rotation": [0, -45, 90],
							"uv": {
								"up": {"uv": [17, 1], "uv_size": [0.25, 0.25]}
							}
						},
						{
							"origin": [-1.63578, 1.32864, -3.01041],
							"size": [0.25, 0, 0.25],
							"inflate": 0.001,
							"pivot": [0.38552, 0.93072, 0.32713],
							"rotation": [0, -45, 90],
							"uv": {
								"up": {"uv": [17, 2], "uv_size": [0.25, 0.25]}
							}
						},
						{
							"origin": [-3.05, 1.32864, -4.42463],
							"size": [0.25, 0, 0.25],
							"inflate": 0.001,
							"pivot": [0.38552, 0.93072, 0.32713],
							"rotation": [0, -45, 90],
							"uv": {
								"up": {"uv": [17, 3], "uv_size": [0.25, 0.25]}
							}
						},
						{
							"origin": [-4.14601, 1.32864, -5.52064],
							"size": [0.25, 0, 0.25],
							"inflate": 0.001,
							"pivot": [0.38552, 0.93072, 0.32713],
							"rotation": [0, -45, 90],
							"uv": {
								"up": {"uv": [17, 4], "uv_size": [0.25, 0.25]}
							}
						},
						{
							"origin": [6.90592, 0.78344, -6.1102],
							"size": [0.25, 0, 0.25],
							"inflate": 0.001,
							"pivot": [0.38552, 0.93072, 0.32713],
							"rotation": [0, 45, 45],
							"uv": {
								"up": {"uv": [5, 17], "uv_size": [0.25, 0.25]}
							}
						},
						{
							"origin": [-3.7652, 1.32864, -2.29522],
							"size": [0.25, 0, 0.25],
							"inflate": 0.001,
							"pivot": [0.38552, 0.93072, 0.32713],
							"rotation": [0, -45, -45],
							"uv": {
								"up": {"uv": [17, 5], "uv_size": [0.25, 0.25]}
							}
						},
						{
							"origin": [-2.84596, 1.32864, -1.80024],
							"size": [0.25, 0, 0.25],
							"inflate": 0.001,
							"pivot": [0.38552, 0.93072, 0.32713],
							"rotation": [0, -45, -45],
							"uv": {
								"up": {"uv": [6, 17], "uv_size": [0.25, 0.25]}
							}
						},
						{
							"origin": [2.15682, 2.09968, -3.01041],
							"size": [0.25, 0, 0.25],
							"inflate": 0.001,
							"pivot": [0.38552, 0.93072, 0.32713],
							"rotation": [0, 45, -90],
							"uv": {
								"up": {"uv": [17, 6], "uv_size": [0.25, 0.25]}
							}
						},
						{
							"origin": [2.43628, 2.64488, -2.73096],
							"size": [0.25, 0, 0.25],
							"inflate": 0.001,
							"pivot": [0.38552, 0.93072, 0.32713],
							"rotation": [0, 45, -135],
							"uv": {
								"up": {"uv": [7, 17], "uv_size": [0.25, 0.25]}
							}
						},
						{
							"origin": [-3.16755, 2.64488, -2.89287],
							"size": [0.25, 0, 0.25],
							"inflate": 0.001,
							"pivot": [0.38552, 0.93072, 0.32713],
							"rotation": [0, -45, -135],
							"uv": {
								"up": {"uv": [17, 7], "uv_size": [0.25, 0.25]}
							}
						},
						{
							"origin": [3.8505, 2.64488, -4.14518],
							"size": [0.25, 0, 0.25],
							"inflate": 0.001,
							"pivot": [0.38552, 0.93072, 0.32713],
							"rotation": [0, 45, -135],
							"uv": {
								"up": {"uv": [8, 17], "uv_size": [0.25, 0.25]}
							}
						},
						{
							"origin": [3.57104, 2.09968, -4.42463],
							"size": [0.25, 0, 0.25],
							"inflate": 0.001,
							"pivot": [0.38552, 0.93072, 0.32713],
							"rotation": [0, 45, -90],
							"uv": {
								"up": {"uv": [17, 8], "uv_size": [0.25, 0.25]}
							}
						},
						{
							"origin": [-4.26018, 1.32864, -3.21446],
							"size": [0.25, 0, 0.25],
							"inflate": 0.001,
							"pivot": [0.38552, 0.93072, 0.32713],
							"rotation": [0, -45, -45],
							"uv": {
								"up": {"uv": [9, 17], "uv_size": [0.25, 0.25]}
							}
						},
						{
							"origin": [-6.06329, 1.32864, -5.01757],
							"size": [0.25, 0, 0.25],
							"inflate": 0.001,
							"pivot": [0.38552, 0.93072, 0.32713],
							"rotation": [0, -45, -45],
							"uv": {
								"up": {"uv": [17, 9], "uv_size": [0.25, 0.25]}
							}
						},
						{
							"origin": [4.94651, 2.64488, -5.24119],
							"size": [0.25, 0, 0.25],
							"inflate": 0.001,
							"pivot": [0.38552, 0.93072, 0.32713],
							"rotation": [0, 45, -135],
							"uv": {
								"up": {"uv": [10, 17], "uv_size": [0.25, 0.25]}
							}
						},
						{
							"origin": [4.66705, 2.09968, -5.52064],
							"size": [0.25, 0, 0.25],
							"inflate": 0.001,
							"pivot": [0.38552, 0.93072, 0.32713],
							"rotation": [0, 45, -90],
							"uv": {
								"up": {"uv": [17, 10], "uv_size": [0.25, 0.25]}
							}
						},
						{
							"origin": [5.37416, 2.09968, -6.22775],
							"size": [0.25, 0, 0.25],
							"inflate": 0.001,
							"pivot": [0.38552, 0.93072, 0.32713],
							"rotation": [0, 45, -90],
							"uv": {
								"up": {"uv": [11, 17], "uv_size": [0.25, 0.25]}
							}
						},
						{
							"origin": [-5.35619, 1.32864, -4.31047],
							"size": [0.25, 0, 0.25],
							"inflate": 0.001,
							"pivot": [0.38552, 0.93072, 0.32713],
							"rotation": [0, -45, -45],
							"uv": {
								"up": {"uv": [17, 11], "uv_size": [0.25, 0.25]}
							}
						},
						{
							"origin": [5.65361, 2.64488, -5.94829],
							"size": [0.25, 0, 0.25],
							"inflate": 0.001,
							"pivot": [0.38552, 0.93072, 0.32713],
							"rotation": [0, 45, -135],
							"uv": {
								"up": {"uv": [12, 17], "uv_size": [0.25, 0.25]}
							}
						},
						{
							"origin": [6.36072, 2.64488, -6.6554],
							"size": [0.25, 0, 0.25],
							"inflate": 0.001,
							"pivot": [0.38552, 0.93072, 0.32713],
							"rotation": [0, 45, -135],
							"uv": {
								"up": {"uv": [17, 12], "uv_size": [0.25, 0.25]}
							}
						},
						{
							"origin": [6.08127, 2.09968, -6.93485],
							"size": [0.25, 0, 0.25],
							"inflate": 0.001,
							"pivot": [0.38552, 0.93072, 0.32713],
							"rotation": [0, 45, -90],
							"uv": {
								"up": {"uv": [13, 17], "uv_size": [0.25, 0.25]}
							}
						},
						{
							"origin": [-6.7704, 1.32864, -5.72468],
							"size": [0.25, 0, 0.25],
							"inflate": 0.001,
							"pivot": [0.38552, 0.93072, 0.32713],
							"rotation": [0, -45, -45],
							"uv": {
								"up": {"uv": [17, 13], "uv_size": [0.25, 0.25]}
							}
						},
						{
							"origin": [2.98148, 0.78344, -2.18576],
							"size": [0.25, 0, 0.25],
							"inflate": 0.001,
							"pivot": [0.38552, 0.93072, 0.32713],
							"rotation": [0, 45, 45],
							"uv": {
								"up": {"uv": [14, 17], "uv_size": [0.25, 0.25]}
							}
						},
						{
							"origin": [4.3957, 0.78344, -3.59998],
							"size": [0.25, 0, 0.25],
							"inflate": 0.001,
							"pivot": [0.38552, 0.93072, 0.32713],
							"rotation": [0, 45, 45],
							"uv": {
								"up": {"uv": [17, 14], "uv_size": [0.25, 0.25]}
							}
						},
						{
							"origin": [3.90072, 0.78344, -2.68074],
							"size": [0.25, 0, 0.25],
							"inflate": 0.001,
							"pivot": [0.38552, 0.93072, 0.32713],
							"rotation": [0, 45, 45],
							"uv": {
								"up": {"uv": [15, 17], "uv_size": [0.25, 0.25]}
							}
						},
						{
							"origin": [6.19881, 0.78344, -5.40309],
							"size": [0.25, 0, 0.25],
							"inflate": 0.001,
							"pivot": [0.38552, 0.93072, 0.32713],
							"rotation": [0, 45, 45],
							"uv": {
								"up": {"uv": [17, 15], "uv_size": [0.25, 0.25]}
							}
						},
						{
							"origin": [5.49171, 0.78344, -4.69599],
							"size": [0.25, 0, 0.25],
							"inflate": 0.001,
							"pivot": [0.38552, 0.93072, 0.32713],
							"rotation": [0, 45, 45],
							"uv": {
								"up": {"uv": [16, 17], "uv_size": [0.25, 0.25]}
							}
						},
						{
							"origin": [-5.45416, 2.09967, -7.04092],
							"size": [0.25, 0, 0.25],
							"inflate": 0.001,
							"pivot": [0.38552, 0.93072, 0.32713],
							"rotation": [0, -45, 135],
							"uv": {
								"up": {"uv": [17, 16], "uv_size": [0.25, 0.25]}
							}
						},
						{
							"origin": [-4.74705, 2.09967, -6.33381],
							"size": [0.25, 0, 0.25],
							"inflate": 0.001,
							"pivot": [0.38552, 0.93072, 0.32713],
							"rotation": [0, -45, 135],
							"uv": {
								"up": {"uv": [17, 17], "uv_size": [0.25, 0.25]}
							}
						},
						{
							"origin": [-4.03995, 2.09967, -5.62671],
							"size": [0.25, 0, 0.25],
							"inflate": 0.001,
							"pivot": [0.38552, 0.93072, 0.32713],
							"rotation": [0, -45, 135],
							"uv": {
								"up": {"uv": [18, 0], "uv_size": [0.25, 0.25]}
							}
						},
						{
							"origin": [-2.94394, 2.09967, -4.5307],
							"size": [0.25, 0, 0.25],
							"inflate": 0.001,
							"pivot": [0.38552, 0.93072, 0.32713],
							"rotation": [0, -45, 135],
							"uv": {
								"up": {"uv": [18, 1], "uv_size": [0.25, 0.25]}
							}
						},
						{
							"origin": [4.07411, 2.09967, -2.50735],
							"size": [0.25, 0, 0.25],
							"inflate": 0.001,
							"pivot": [0.38552, 0.93072, 0.32713],
							"rotation": [0, 45, 135],
							"uv": {
								"up": {"uv": [18, 2], "uv_size": [0.25, 0.25]}
							}
						},
						{
							"origin": [-1.52972, 2.09967, -3.11648],
							"size": [0.25, 0, 0.25],
							"inflate": 0.001,
							"pivot": [0.38552, 0.93072, 0.32713],
							"rotation": [0, -45, 135],
							"uv": {
								"up": {"uv": [18, 3], "uv_size": [0.25, 0.25]}
							}
						}
					]
				}
			]
		}
	]
}