{
	"format_version": "1.12.0",
	"minecraft:geometry": [
		{
			"description": {
				"identifier": "geometry.unknown",
				"texture_width": 32,
				"texture_height": 32,
				"visible_bounds_width": 2,
				"visible_bounds_height": 1.5,
				"visible_bounds_offset": [0, 0.25, 0]
			},
			"bones": [
				{
					"name": "root",
					"pivot": [0, 0, 0],
					"cubes": [
						{
							"origin": [-0.35645, 0.28195, -8.26457],
							"size": [0.7129, 0.57375, 8.98873],
							"uv": {
								"north": {"uv": [12, 8], "uv_size": [0.5, 0.5]},
								"south": {"uv": [12, 9], "uv_size": [0.5, 0.5]},
								"up": {"uv": [0, 0], "uv_size": [0.5, 9]},
								"down": {"uv": [1, 9], "uv_size": [0.5, -9]}
							}
						},
						{
							"origin": [-0.37249, 0.29486, 0.46854],
							"size": [0.74498, 0.59957, 0.26125],
							"pivot": [0, -0.00493, 0.59916],
							"rotation": [0, 0, 45],
							"uv": {
								"north": {"uv": [10, 12], "uv_size": [0.5, 0.5]},
								"south": {"uv": [12, 10], "uv_size": [0.5, 0.5]},
								"up": {"uv": [11, 12], "uv_size": [0.5, 0.5]},
								"down": {"uv": [12, 11.5], "uv_size": [0.5, -0.5]}
							}
						},
						{
							"origin": [-0.37249, 0.29486, 0.46854],
							"size": [0.74498, 0.59957, 0.26125],
							"pivot": [0, -0.00493, 0.59916],
							"rotation": [0, 0, 90],
							"uv": {
								"north": {"uv": [12, 12], "uv_size": [0.5, 0.5]},
								"south": {"uv": [13, 0], "uv_size": [0.5, 0.5]},
								"up": {"uv": [13, 1], "uv_size": [0.5, 0.5]},
								"down": {"uv": [13, 2.5], "uv_size": [0.5, -0.5]}
							}
						},
						{
							"origin": [-0.37249, 0.29486, 0.46854],
							"size": [0.74498, 0.59957, 0.26125],
							"pivot": [0, -0.00493, 0.59916],
							"rotation": [0, 0, 135],
							"uv": {
								"north": {"uv": [13, 3], "uv_size": [0.5, 0.5]},
								"south": {"uv": [13, 4], "uv_size": [0.5, 0.5]},
								"up": {"uv": [13, 5], "uv_size": [0.5, 0.5]},
								"down": {"uv": [6, 13.5], "uv_size": [0.5, -0.5]}
							}
						},
						{
							"origin": [-0.37249, 0.29486, 0.46854],
							"size": [0.74498, 0.59957, 0.26125],
							"pivot": [0, -0.00493, 0.59916],
							"rotation": [0, 0, 180],
							"uv": {
								"north": {"uv": [13, 6], "uv_size": [0.5, 0.5]},
								"south": {"uv": [7, 13], "uv_size": [0.5, 0.5]},
								"up": {"uv": [13, 7], "uv_size": [0.5, 0.5]},
								"down": {"uv": [8, 13.5], "uv_size": [0.5, -0.5]}
							}
						},
						{
							"origin": [-0.37249, 0.29486, 0.46854],
							"size": [0.74498, 0.59957, 0.26125],
							"pivot": [0, -0.00493, 0.59916],
							"rotation": [0, 0, -90],
							"uv": {
								"north": {"uv": [13, 8], "uv_size": [0.5, 0.5]},
								"south": {"uv": [9, 13], "uv_size": [0.5, 0.5]},
								"up": {"uv": [13, 9], "uv_size": [0.5, 0.5]},
								"down": {"uv": [10, 13.5], "uv_size": [0.5, -0.5]}
							}
						},
						{
							"origin": [-0.37249, 0.29486, 0.46854],
							"size": [0.74498, 0.59957, 0.26125],
							"pivot": [0, -0.00493, 0.59916],
							"rotation": [0, 0, -135],
							"uv": {
								"north": {"uv": [13, 10], "uv_size": [0.5, 0.5]},
								"south": {"uv": [11, 13], "uv_size": [0.5, 0.5]},
								"up": {"uv": [13, 11], "uv_size": [0.5, 0.5]},
								"down": {"uv": [12, 13.5], "uv_size": [0.5, -0.5]}
							}
						},
						{
							"origin": [-0.37249, 0.29486, 0.46854],
							"size": [0.74498, 0.59957, 0.26125],
							"pivot": [0, -0.00493, 0.59916],
							"rotation": [0, 0, -45],
							"uv": {
								"north": {"uv": [13, 12], "uv_size": [0.5, 0.5]},
								"south": {"uv": [13, 13], "uv_size": [0.5, 0.5]},
								"up": {"uv": [14, 0], "uv_size": [0.5, 0.5]},
								"down": {"uv": [14, 1.5], "uv_size": [0.5, -0.5]}
							}
						},
						{
							"origin": [-0.37249, 0.29486, 0.46854],
							"size": [0.74498, 0.59957, 0.26125],
							"uv": {
								"north": {"uv": [14, 2], "uv_size": [0.5, 0.5]},
								"south": {"uv": [14, 3], "uv_size": [0.5, 0.5]},
								"up": {"uv": [14, 4], "uv_size": [0.5, 0.5]},
								"down": {"uv": [14, 5.5], "uv_size": [0.5, -0.5]}
							}
						},
						{
							"origin": [-0.37249, 0.71048, -8.26584],
							"size": [0.74498, 0.18395, 0.26125],
							"pivot": [0, -0.00493, -8.13521],
							"rotation": [0, 0, 45],
							"uv": {
								"north": {"uv": [6, 14], "uv_size": [0.5, 0.5]},
								"south": {"uv": [14, 6], "uv_size": [0.5, 0.5]},
								"up": {"uv": [7, 14], "uv_size": [0.5, 0.5]},
								"down": {"uv": [14, 7.5], "uv_size": [0.5, -0.5]}
							}
						},
						{
							"origin": [-0.37249, 0.71048, -8.26584],
							"size": [0.74498, 0.18395, 0.26125],
							"pivot": [0, -0.00493, -8.13521],
							"rotation": [0, 0, 90],
							"uv": {
								"north": {"uv": [8, 14], "uv_size": [0.5, 0.5]},
								"south": {"uv": [14, 8], "uv_size": [0.5, 0.5]},
								"up": {"uv": [9, 14], "uv_size": [0.5, 0.5]},
								"down": {"uv": [14, 9.5], "uv_size": [0.5, -0.5]}
							}
						},
						{
							"origin": [-0.37249, 0.71048, -8.26584],
							"size": [0.74498, 0.18395, 0.26125],
							"pivot": [0, -0.00493, -8.13521],
							"rotation": [0, 0, 135],
							"uv": {
								"north": {"uv": [10, 14], "uv_size": [0.5, 0.5]},
								"south": {"uv": [14, 10], "uv_size": [0.5, 0.5]},
								"up": {"uv": [11, 14], "uv_size": [0.5, 0.5]},
								"down": {"uv": [14, 11.5], "uv_size": [0.5, -0.5]}
							}
						},
						{
							"origin": [-0.37249, 0.71048, -8.26584],
							"size": [0.74498, 0.18395, 0.26125],
							"pivot": [0, -0.00493, -8.13521],
							"rotation": [0, 0, 180],
							"uv": {
								"north": {"uv": [12, 14], "uv_size": [0.5, 0.5]},
								"south": {"uv": [14, 12], "uv_size": [0.5, 0.5]},
								"up": {"uv": [13, 14], "uv_size": [0.5, 0.5]},
								"down": {"uv": [14, 13.5], "uv_size": [0.5, -0.5]}
							}
						},
						{
							"origin": [-0.37249, 0.71048, -8.26584],
							"size": [0.74498, 0.18395, 0.26125],
							"pivot": [0, -0.00493, -8.13521],
							"rotation": [0, 0, -90],
							"uv": {
								"north": {"uv": [14, 14], "uv_size": [0.5, 0.5]},
								"south": {"uv": [15, 0], "uv_size": [0.5, 0.5]},
								"up": {"uv": [15, 1], "uv_size": [0.5, 0.5]},
								"down": {"uv": [15, 2.5], "uv_size": [0.5, -0.5]}
							}
						},
						{
							"origin": [-0.37249, 0.71048, -8.26584],
							"size": [0.74498, 0.18395, 0.26125],
							"pivot": [0, -0.00493, -8.13521],
							"rotation": [0, 0, -135],
							"uv": {
								"north": {"uv": [15, 3], "uv_size": [0.5, 0.5]},
								"south": {"uv": [15, 4], "uv_size": [0.5, 0.5]},
								"up": {"uv": [15, 5], "uv_size": [0.5, 0.5]},
								"down": {"uv": [6, 15.5], "uv_size": [0.5, -0.5]}
							}
						},
						{
							"origin": [-0.37249, 0.71048, -8.26584],
							"size": [0.74498, 0.18395, 0.26125],
							"pivot": [0, -0.00493, -8.13521],
							"rotation": [0, 0, -45],
							"uv": {
								"north": {"uv": [15, 6], "uv_size": [0.5, 0.5]},
								"south": {"uv": [7, 15], "uv_size": [0.5, 0.5]},
								"up": {"uv": [15, 7], "uv_size": [0.5, 0.5]},
								"down": {"uv": [8, 15.5], "uv_size": [0.5, -0.5]}
							}
						},
						{
							"origin": [-0.37249, 0.71048, -8.26584],
							"size": [0.74498, 0.18395, 0.26125],
							"uv": {
								"north": {"uv": [15, 8], "uv_size": [0.5, 0.5]},
								"south": {"uv": [9, 15], "uv_size": [0.5, 0.5]},
								"up": {"uv": [15, 9], "uv_size": [0.5, 0.5]},
								"down": {"uv": [10, 15.5], "uv_size": [0.5, -0.5]}
							}
						},
						{
							"origin": [-0.37249, 0.71048, -2.54709],
							"size": [0.74498, 0.18395, 1.98313],
							"pivot": [0, -0.00493, -0.63521],
							"rotation": [0, 0, 45],
							"uv": {
								"north": {"uv": [15, 10], "uv_size": [0.5, 0.5]},
								"south": {"uv": [11, 15], "uv_size": [0.5, 0.5]},
								"up": {"uv": [6, 9], "uv_size": [0.5, 2]},
								"down": {"uv": [7, 11], "uv_size": [0.5, -2]}
							}
						},
						{
							"origin": [-0.37249, 0.71048, -2.54709],
							"size": [0.74498, 0.18395, 1.98313],
							"pivot": [0, -0.00493, -0.63521],
							"rotation": [0, 0, 90],
							"uv": {
								"north": {"uv": [15, 11], "uv_size": [0.5, 0.5]},
								"south": {"uv": [12, 15], "uv_size": [0.5, 0.5]},
								"up": {"uv": [8, 9], "uv_size": [0.5, 2]},
								"down": {"uv": [9, 11], "uv_size": [0.5, -2]}
							}
						},
						{
							"origin": [-0.37249, 0.71048, -2.54709],
							"size": [0.74498, 0.18395, 1.98313],
							"pivot": [0, -0.00493, -0.63521],
							"rotation": [0, 0, 135],
							"uv": {
								"north": {"uv": [15, 12], "uv_size": [0.5, 0.5]},
								"south": {"uv": [13, 15], "uv_size": [0.5, 0.5]},
								"up": {"uv": [10, 0], "uv_size": [0.5, 2]},
								"down": {"uv": [10, 4], "uv_size": [0.5, -2]}
							}
						},
						{
							"origin": [-0.37249, 0.71048, -2.54709],
							"size": [0.74498, 0.18395, 1.98313],
							"pivot": [0, -0.00493, -0.63521],
							"rotation": [0, 0, 180],
							"uv": {
								"north": {"uv": [15, 13], "uv_size": [0.5, 0.5]},
								"south": {"uv": [14, 15], "uv_size": [0.5, 0.5]},
								"up": {"uv": [10, 4], "uv_size": [0.5, 2]},
								"down": {"uv": [10, 8], "uv_size": [0.5, -2]}
							}
						},
						{
							"origin": [-0.37249, 0.71048, -2.54709],
							"size": [0.74498, 0.18395, 1.98313],
							"pivot": [0, -0.00493, -0.63521],
							"rotation": [0, 0, -90],
							"uv": {
								"north": {"uv": [15, 14], "uv_size": [0.5, 0.5]},
								"south": {"uv": [15, 15], "uv_size": [0.5, 0.5]},
								"up": {"uv": [10, 8], "uv_size": [0.5, 2]},
								"down": {"uv": [10, 12], "uv_size": [0.5, -2]}
							}
						},
						{
							"origin": [-0.37249, 0.71048, -2.54709],
							"size": [0.74498, 0.18395, 1.98313],
							"pivot": [0, -0.00493, -0.63521],
							"rotation": [0, 0, -135],
							"uv": {
								"north": {"uv": [16, 0], "uv_size": [0.5, 0.5]},
								"south": {"uv": [16, 1], "uv_size": [0.5, 0.5]},
								"up": {"uv": [11, 0], "uv_size": [0.5, 2]},
								"down": {"uv": [11, 4], "uv_size": [0.5, -2]}
							}
						},
						{
							"origin": [-0.37249, 0.71048, -2.54709],
							"size": [0.74498, 0.18395, 1.98313],
							"pivot": [0, -0.00493, -0.63521],
							"rotation": [0, 0, -45],
							"uv": {
								"north": {"uv": [16, 2], "uv_size": [0.5, 0.5]},
								"south": {"uv": [16, 3], "uv_size": [0.5, 0.5]},
								"up": {"uv": [11, 4], "uv_size": [0.5, 2]},
								"down": {"uv": [6, 13], "uv_size": [0.5, -2]}
							}
						},
						{
							"origin": [-0.37249, 0.71048, -2.54709],
							"size": [0.74498, 0.18395, 1.98313],
							"uv": {
								"north": {"uv": [16, 4], "uv_size": [0.5, 0.5]},
								"south": {"uv": [16, 5], "uv_size": [0.5, 0.5]},
								"up": {"uv": [11, 6], "uv_size": [0.5, 2]},
								"down": {"uv": [7, 13], "uv_size": [0.5, -2]}
							}
						},
						{
							"origin": [-0.35645, 0.28195, -8.26457],
							"size": [0.7129, 0.57375, 8.98873],
							"pivot": [0, -0.00493, -3.77021],
							"rotation": [0, 0, -45],
							"uv": {
								"north": {"uv": [6, 16], "uv_size": [0.5, 0.5]},
								"south": {"uv": [16, 6], "uv_size": [0.5, 0.5]},
								"up": {"uv": [2, 0], "uv_size": [0.5, 9]},
								"down": {"uv": [3, 9], "uv_size": [0.5, -9]}
							}
						},
						{
							"origin": [-0.35645, 0.28195, -8.26457],
							"size": [0.7129, 0.57375, 8.98873],
							"pivot": [0, -0.00493, -3.77021],
							"rotation": [0, 0, -135],
							"uv": {
								"north": {"uv": [7, 16], "uv_size": [0.5, 0.5]},
								"south": {"uv": [16, 7], "uv_size": [0.5, 0.5]},
								"up": {"uv": [4, 0], "uv_size": [0.5, 9]},
								"down": {"uv": [5, 9], "uv_size": [0.5, -9]}
							}
						},
						{
							"origin": [-0.35645, 0.28195, -8.26457],
							"size": [0.7129, 0.57375, 8.98873],
							"pivot": [0, -0.00493, -3.77021],
							"rotation": [0, 0, -90],
							"uv": {
								"north": {"uv": [8, 16], "uv_size": [0.5, 0.5]},
								"south": {"uv": [16, 8], "uv_size": [0.5, 0.5]},
								"up": {"uv": [6, 0], "uv_size": [0.5, 9]},
								"down": {"uv": [7, 9], "uv_size": [0.5, -9]}
							}
						},
						{
							"origin": [-0.35645, 0.28195, -8.26457],
							"size": [0.7129, 0.57375, 8.98873],
							"pivot": [0, -0.00493, -3.77021],
							"rotation": [0, 0, 180],
							"uv": {
								"north": {"uv": [9, 16], "uv_size": [0.5, 0.5]},
								"south": {"uv": [16, 9], "uv_size": [0.5, 0.5]},
								"up": {"uv": [8, 0], "uv_size": [0.5, 9]},
								"down": {"uv": [0, 18], "uv_size": [0.5, -9]}
							}
						},
						{
							"origin": [-0.35645, 0.28195, -8.26457],
							"size": [0.7129, 0.57375, 8.98873],
							"pivot": [0, -0.00493, -3.77021],
							"rotation": [0, 0, 135],
							"uv": {
								"north": {"uv": [10, 16], "uv_size": [0.5, 0.5]},
								"south": {"uv": [16, 10], "uv_size": [0.5, 0.5]},
								"up": {"uv": [9, 0], "uv_size": [0.5, 9]},
								"down": {"uv": [1, 18], "uv_size": [0.5, -9]}
							}
						},
						{
							"origin": [-0.35645, 0.28195, -8.26457],
							"size": [0.7129, 0.57375, 8.98873],
							"pivot": [0, -0.00493, -3.77021],
							"rotation": [0, 0, 90],
							"uv": {
								"north": {"uv": [11, 16], "uv_size": [0.5, 0.5]},
								"south": {"uv": [16, 11], "uv_size": [0.5, 0.5]},
								"up": {"uv": [2, 9], "uv_size": [0.5, 9]},
								"down": {"uv": [3, 18], "uv_size": [0.5, -9]}
							}
						},
						{
							"origin": [-0.35645, 0.28195, -8.26457],
							"size": [0.7129, 0.57375, 8.98873],
							"pivot": [0, -0.00493, -3.77021],
							"rotation": [0, 0, 45],
							"uv": {
								"north": {"uv": [12, 16], "uv_size": [0.5, 0.5]},
								"south": {"uv": [16, 12], "uv_size": [0.5, 0.5]},
								"up": {"uv": [4, 9], "uv_size": [0.5, 9]},
								"down": {"uv": [5, 18], "uv_size": [0.5, -9]}
							}
						},
						{
							"origin": [-0.25886, -0.62992, 0.63604],
							"size": [0.51772, 1.25, 0.5],
							"uv": {
								"north": {"uv": [8, 11], "uv_size": [0.5, 1.5]},
								"south": {"uv": [11, 8], "uv_size": [0.5, 1.5]},
								"up": {"uv": [13, 16], "uv_size": [0.5, 0.5]},
								"down": {"uv": [16, 13.5], "uv_size": [0.5, -0.5]}
							}
						},
						{
							"origin": [-0.25886, -0.62992, 0.63604],
							"size": [0.51772, 1.25, 0.5],
							"pivot": [0, -0.00492, 0.88604],
							"rotation": [0, 0, 90],
							"uv": {
								"north": {"uv": [9, 11], "uv_size": [0.5, 1.5]},
								"south": {"uv": [11, 10], "uv_size": [0.5, 1.5]},
								"up": {"uv": [14, 16], "uv_size": [0.5, 0.5]},
								"down": {"uv": [16, 14.5], "uv_size": [0.5, -0.5]}
							}
						},
						{
							"origin": [-0.25886, -0.62992, 0.63604],
							"size": [0.51772, 1.25, 0.5],
							"pivot": [0, -0.00492, 0.88604],
							"rotation": [0, 0, 45],
							"uv": {
								"north": {"uv": [12, 0], "uv_size": [0.5, 1.5]},
								"south": {"uv": [12, 2], "uv_size": [0.5, 1.5]},
								"up": {"uv": [15, 16], "uv_size": [0.5, 0.5]},
								"down": {"uv": [16, 15.5], "uv_size": [0.5, -0.5]}
							}
						},
						{
							"origin": [-0.25886, -0.62992, 0.63604],
							"size": [0.51772, 1.25, 0.5],
							"pivot": [0, -0.00492, 0.88604],
							"rotation": [0, 0, 135],
							"uv": {
								"north": {"uv": [12, 4], "uv_size": [0.5, 1.5]},
								"south": {"uv": [12, 6], "uv_size": [0.5, 1.5]},
								"up": {"uv": [16, 16], "uv_size": [0.5, 0.5]},
								"down": {"uv": [17, 0.5], "uv_size": [0.5, -0.5]}
							}
						}
					]
				}
			]
		}
	]
}