{
	"format_version": "1.12.0",
	"minecraft:geometry": [
		{
			"description": {
				"identifier": "geometry.m24_body - Converted",
				"texture_width": 128,
				"texture_height": 128,
				"visible_bounds_width": 5,
				"visible_bounds_height": 3,
				"visible_bounds_offset": [0, 0.5, 0]
			},
			"bones": [
				{
					"name": "root",
					"pivot": [0, 6, 7]
				},
				{
					"name": "gun_and_righthand",
					"parent": "root",
					"pivot": [0, 0, 0]
				},
				{
					"name": "crossbow_gun",
					"parent": "gun_and_righthand",
					"pivot": [0, 8, 0]
				},
				{
					"name": "body",
					"parent": "crossbow_gun",
					"pivot": [0, 8, 0]
				},
				{
					"name": "stock_default",
					"parent": "body",
					"pivot": [0, -4, 5.375],
					"rotation": [0, -90, 0]
				},
				{
					"name": "stock",
					"parent": "stock_default",
					"pivot": [8, -12, -3.375]
				},
				{
					"name": "group43",
					"parent": "stock",
					"pivot": [12.52656, -2.32897, -3.375],
					"cubes": [
						{
							"origin": [-6.44164, 4.33055, 22.65497],
							"size": [0.25, 0.25, 1],
							"pivot": [-5.76772, 5.05459, 22.96747],
							"rotation": [-90, -42.5, 90],
							"uv": {
								"north": {"uv": [102, 139], "uv_size": [0.5, 0.5]},
								"east": {"uv": [47, 42], "uv_size": [10, 0.5]},
								"south": {"uv": [104, 139], "uv_size": [0.5, 0.5]},
								"west": {"uv": [44, 47], "uv_size": [10, 0.5]},
								"down": {"uv": [20, 55], "uv_size": [0.5, -10]}
							}
						},
						{
							"origin": [-5.21043, 5.04688, 16.47606],
							"size": [0.25, 0.5, 5.0625],
							"uv": {
								"north": {"uv": [139, 98], "uv_size": [0.5, 0.5]},
								"east": {"uv": [44, 8], "uv_size": [10, 0.5]},
								"west": {"uv": [45, 36], "uv_size": [10, 0.5]},
								"up": {"uv": [5, 44], "uv_size": [0.5, 10]}
							}
						},
						{
							"origin": [-6.96043, 5.04688, 16.47606],
							"size": [0.25, 0.5, 5.0625],
							"uv": {
								"north": {"uv": [139, 100], "uv_size": [0.5, 0.5]},
								"east": {"uv": [45, 38], "uv_size": [10, 0.5]},
								"west": {"uv": [46, 19], "uv_size": [10, 0.5]},
								"up": {"uv": [34, 44], "uv_size": [0.5, 10]}
							}
						},
						{
							"origin": [-5.45174, 6.99875, 16.47606],
							"size": [0.25, 0.25, 5.0625],
							"pivot": [-7.73898, 5.85652, 26.73098],
							"rotation": [0, 0, 45],
							"uv": {
								"north": {"uv": [102, 139], "uv_size": [0.5, 0.5]},
								"east": {"uv": [47, 42], "uv_size": [10, 0.5]},
								"south": {"uv": [104, 139], "uv_size": [0.5, 0.5]},
								"west": {"uv": [44, 47], "uv_size": [10, 0.5]},
								"down": {"uv": [20, 55], "uv_size": [0.5, -10]}
							}
						},
						{
							"origin": [-6.71912, 6.99875, 16.47606],
							"size": [0.25, 0.25, 5.0625],
							"pivot": [-4.18188, 5.85652, 26.73098],
							"rotation": [0, 0, -45],
							"uv": {
								"north": {"uv": [108, 139], "uv_size": [0.5, 0.5]},
								"east": {"uv": [47, 44], "uv_size": [10, 0.5]},
								"south": {"uv": [139, 108], "uv_size": [0.5, 0.5]},
								"west": {"uv": [48, 24], "uv_size": [10, 0.5]},
								"down": {"uv": [13, 57], "uv_size": [0.5, -10]}
							}
						},
						{
							"origin": [-6.96043, 5.04688, 16.47606],
							"size": [2, 0.5, 0.3125],
							"uv": {
								"north": {"uv": [0, 0], "uv_size": [2, 0.5]},
								"east": {"uv": [0, 0], "uv_size": [0.3125, 0.5]},
								"south": {"uv": [0, 0], "uv_size": [2, 0.5]},
								"west": {"uv": [0, 0], "uv_size": [0.3125, 0.5]},
								"up": {"uv": [2, 0.3125], "uv_size": [-2, -0.3125]},
								"down": {"uv": [2, 0.3125], "uv_size": [-2, -0.3125]}
							}
						},
						{
							"origin": [-6.59064, 5.04688, 22.01908],
							"size": [1.26042, 0.5, 1.5625],
							"uv": {
								"north": {"uv": [0, 0], "uv_size": [1.26042, 0.5]},
								"east": {"uv": [0, 0], "uv_size": [1.5625, 0.5]},
								"south": {"uv": [0, 0], "uv_size": [1.26042, 0.5]},
								"west": {"uv": [0, 0], "uv_size": [1.5625, 0.5]},
								"up": {"uv": [1.26042, 1.5625], "uv_size": [-1.26042, -1.5625]},
								"down": {"uv": [1.26042, 1.5625], "uv_size": [-1.26042, -1.5625]}
							}
						}
					]
				},
				{
					"name": "bone3",
					"parent": "group43",
					"pivot": [-5.96043, -5.45312, 12.35106],
					"rotation": [0, -25, 0],
					"cubes": [
						{
							"origin": [-1.42132, 5.04688, 20.25514],
							"size": [0.25, 0.5, 0.875],
							"uv": {
								"north": {"uv": [139, 98], "uv_size": [0.5, 0.5]},
								"east": {"uv": [44, 8], "uv_size": [10, 0.5]},
								"west": {"uv": [45, 36], "uv_size": [10, 0.5]},
								"up": {"uv": [5, 44], "uv_size": [0.5, 10]}
							}
						},
						{
							"origin": [-1.36864, 6.28902, 20.25514],
							"size": [0.25, 0.25, 0.875],
							"pivot": [-2.94615, 5.85652, 27.28755],
							"rotation": [0, 0, 45],
							"uv": {
								"north": {"uv": [102, 139], "uv_size": [0.5, 0.5]},
								"east": {"uv": [47, 42], "uv_size": [10, 0.5]},
								"south": {"uv": [104, 139], "uv_size": [0.5, 0.5]},
								"west": {"uv": [44, 47], "uv_size": [10, 0.5]},
								"down": {"uv": [20, 55], "uv_size": [0.5, -10]}
							}
						}
					]
				},
				{
					"name": "bone",
					"parent": "group43",
					"pivot": [-6.80954, 5.17188, 23.19481],
					"rotation": [0, 25, 0],
					"cubes": [
						{
							"origin": [-6.24633, 5.04688, 21.62997],
							"size": [0.25, 0.5, 0.875],
							"uv": {
								"north": {"uv": [139, 100], "uv_size": [0.5, 0.5]},
								"east": {"uv": [45, 38], "uv_size": [10, 0.5]},
								"west": {"uv": [46, 19], "uv_size": [10, 0.5]},
								"up": {"uv": [34, 44], "uv_size": [0.5, 10]}
							}
						},
						{
							"origin": [-6.29901, 6.28902, 21.62997],
							"size": [0.25, 0.25, 0.875],
							"pivot": [-4.4715, 5.85652, 29.03737],
							"rotation": [0, 0, -45],
							"uv": {
								"north": {"uv": [108, 139], "uv_size": [0.5, 0.5]},
								"east": {"uv": [47, 44], "uv_size": [10, 0.5]},
								"south": {"uv": [139, 108], "uv_size": [0.5, 0.5]},
								"west": {"uv": [48, 24], "uv_size": [10, 0.5]},
								"down": {"uv": [13, 57], "uv_size": [0.5, -10]}
							}
						}
					]
				},
				{
					"name": "group44",
					"parent": "stock",
					"pivot": [12.52656, -2.32897, -5.625],
					"cubes": [
						{
							"origin": [-7.08543, 4.60938, 23.53856],
							"size": [2.25, 1.0625, 1.4375],
							"uv": {
								"north": {"uv": [20, 85], "uv_size": [2.5, 1]},
								"east": {"uv": [96, 73], "uv_size": [1.5, 1]},
								"south": {"uv": [85, 21], "uv_size": [2.5, 1]},
								"west": {"uv": [75, 96], "uv_size": [1.5, 1]}
							}
						},
						{
							"origin": [-6.55418, 4.07587, 23.53856],
							"size": [1.1875, 0.5625, 1.4375],
							"uv": {
								"north": {"uv": [120, 32], "uv_size": [1, 0.5]},
								"east": {"uv": [108, 110], "uv_size": [1.5, 0.5]},
								"south": {"uv": [120, 34], "uv_size": [1, 0.5]},
								"west": {"uv": [111, 0], "uv_size": [1.5, 0.5]},
								"down": {"uv": [96, 76.5], "uv_size": [1, -1.5]}
							}
						},
						{
							"origin": [-5.98697, 4.48438, 24.95803],
							"size": [0.25, 1.1875, 0.5625],
							"pivot": [-5.28745, 5.07813, 25.8138],
							"rotation": [0, -45, 0],
							"uv": {
								"north": {"uv": [120, 39], "uv_size": [0.5, 1]},
								"east": {"uv": [42, 120], "uv_size": [0.5, 1]},
								"west": {"uv": [120, 44], "uv_size": [0.5, 1]},
								"up": {"uv": [110, 139], "uv_size": [0.5, 0.5]},
								"down": {"uv": [112, 139.5], "uv_size": [0.5, -0.5]}
							}
						},
						{
							"origin": [-6.52293, 4.95242, 26.12252],
							"size": [1.125, 0.442, 0.3125],
							"pivot": [-6.0855, 4.14054, 24.48098],
							"rotation": [45, 0, 0],
							"uv": {
								"east": {"uv": [118, 139], "uv_size": [0.5, 0.5]},
								"south": {"uv": [46, 120], "uv_size": [1, 0.5]},
								"west": {"uv": [139, 122], "uv_size": [0.5, 0.5]},
								"down": {"uv": [120, 46.5], "uv_size": [1, -0.5]}
							}
						},
						{
							"origin": [-6.52293, 5.67188, 24.97606],
							"size": [1.125, 0.424, 0.3125],
							"uv": {
								"east": {"uv": [132, 139], "uv_size": [0.5, 0.5]},
								"south": {"uv": [48, 120], "uv_size": [1, 0.5]},
								"west": {"uv": [140, 0], "uv_size": [0.5, 0.5]},
								"up": {"uv": [120, 48], "uv_size": [1, 0.5]}
							}
						},
						{
							"origin": [-6.52293, 3.54688, 24.28856],
							"size": [1.125, 2.125, 1],
							"uv": {
								"east": {"uv": [90, 44], "uv_size": [1, 2]},
								"south": {"uv": [55, 90], "uv_size": [1, 2]},
								"west": {"uv": [57, 90], "uv_size": [1, 2]}
							}
						},
						{
							"origin": [-6.52293, 1.00476, 25.15474],
							"size": [1.125, 0.8125, 0.75],
							"uv": {
								"north": {"uv": [7, 103], "uv_size": [1, 1]},
								"east": {"uv": [9, 103], "uv_size": [1, 1]},
								"west": {"uv": [13, 103], "uv_size": [1, 1]}
							}
						},
						{
							"origin": [-6.52293, 3.42188, 25.16356],
							"size": [1.125, 0.125, 0.125],
							"uv": {
								"east": {"uv": [140, 2], "uv_size": [0.5, 0.5]},
								"south": {"uv": [120, 50], "uv_size": [1, 0.5]},
								"west": {"uv": [140, 4], "uv_size": [0.5, 0.5]},
								"down": {"uv": [120, 52.5], "uv_size": [1, -0.5]}
							}
						},
						{
							"origin": [-6.52293, 1.17821, 23.01727],
							"size": [1.125, 0.35355, 0.1875],
							"pivot": [-6.0855, 3.84842, 24.72216],
							"rotation": [45, 0, 0],
							"uv": {
								"north": {"uv": [54, 120], "uv_size": [1, 0.5]},
								"east": {"uv": [140, 8], "uv_size": [0.5, 0.5]},
								"west": {"uv": [140, 10], "uv_size": [0.5, 0.5]}
							}
						},
						{
							"origin": [-6.89263, 4.48438, 24.00344],
							"size": [0.25, 1.1875, 0.5625],
							"pivot": [-5.83549, 4.07804, 24.48098],
							"rotation": [0, 45, 0],
							"uv": {
								"north": {"uv": [120, 54], "uv_size": [0.5, 1]},
								"east": {"uv": [120, 56], "uv_size": [0.5, 1]},
								"west": {"uv": [120, 58], "uv_size": [0.5, 1]},
								"up": {"uv": [12, 140], "uv_size": [0.5, 0.5]},
								"down": {"uv": [14, 140.5], "uv_size": [0.5, -0.5]}
							}
						},
						{
							"origin": [-6.52293, 0.75476, 25.40474],
							"size": [1.125, 0.375, 0.375],
							"uv": {
								"east": {"uv": [140, 14], "uv_size": [0.5, 0.5]},
								"west": {"uv": [140, 16], "uv_size": [0.5, 0.5]},
								"down": {"uv": [66, 120.5], "uv_size": [1, -0.5]}
							}
						},
						{
							"origin": [-6.71043, 5.67188, 24.22606],
							"size": [1.5, 0.737, 0.75],
							"uv": {
								"north": {"uv": [2, 111], "uv_size": [1.5, 0.5]},
								"east": {"uv": [120, 66], "uv_size": [1, 0.5]},
								"south": {"uv": [111, 2], "uv_size": [1.5, 0.5]},
								"west": {"uv": [68, 120], "uv_size": [1, 0.5]},
								"up": {"uv": [96, 78], "uv_size": [1.5, 1]}
							}
						},
						{
							"origin": [-6.71043, 5.5817, 24.36853],
							"size": [1.5, 0.75, 0.75],
							"pivot": [-6.0855, 4.14054, 24.48098],
							"rotation": [22.5, 0, 0],
							"uv": {
								"east": {"uv": [15, 103], "uv_size": [1, 1]},
								"west": {"uv": [17, 103], "uv_size": [1, 1]},
								"up": {"uv": [96, 80], "uv_size": [1.5, 1]}
							}
						},
						{
							"origin": [-6.52293, 1.2282, 24.07602],
							"size": [1.125, 3.25, 0.875],
							"pivot": [-6.0855, 4.14054, 24.48098],
							"rotation": [22.5, 0, 0],
							"uv": {
								"north": {"uv": [0, 72], "uv_size": [1, 3.5]},
								"east": {"uv": [10, 72], "uv_size": [1, 3.5]},
								"south": {"uv": [14, 72], "uv_size": [1, 3.5]},
								"west": {"uv": [48, 72], "uv_size": [1, 3.5]}
							}
						},
						{
							"origin": [-7.80215, 4.33953, 23.53856],
							"size": [0.2752, 0.567, 1.4375],
							"pivot": [-5.8355, 4.14055, 24.48098],
							"rotation": [0, 0, 45],
							"uv": {
								"north": {"uv": [140, 18], "uv_size": [0.5, 0.5]},
								"east": {"uv": [111, 4], "uv_size": [1.5, 0.5]},
								"south": {"uv": [140, 22], "uv_size": [0.5, 0.5]}
							}
						},
						{
							"origin": [-6.71043, 5.67188, 23.53856],
							"size": [1.5, 0.45, 0.6875],
							"uv": {
								"north": {"uv": [5, 111], "uv_size": [1.5, 0.5]},
								"east": {"uv": [140, 24], "uv_size": [0.5, 0.5]},
								"west": {"uv": [140, 28], "uv_size": [0.5, 0.5]},
								"up": {"uv": [8, 111], "uv_size": [1.5, 0.5]}
							}
						},
						{
							"origin": [-5.93329, 4.60149, 23.53856],
							"size": [0.4002, 0.7545, 1.4375],
							"pivot": [-6.0855, 4.14053, 24.48098],
							"rotation": [0, 0, 45],
							"uv": {
								"north": {"uv": [120, 68], "uv_size": [0.5, 1]},
								"south": {"uv": [120, 70], "uv_size": [0.5, 1]},
								"west": {"uv": [81, 96], "uv_size": [1.5, 1]}
							}
						},
						{
							"origin": [-6.38781, 4.6014, 23.53856],
							"size": [0.4002, 0.7545, 1.4375],
							"pivot": [-5.83549, 4.14054, 24.48098],
							"rotation": [0, 0, -45],
							"uv": {
								"north": {"uv": [120, 72], "uv_size": [0.5, 1]},
								"east": {"uv": [96, 82], "uv_size": [1.5, 1]},
								"south": {"uv": [74, 120], "uv_size": [0.5, 1]}
							}
						},
						{
							"origin": [-6.52293, 2.4087, 27.47003],
							"size": [1.125, 0.35, 0.1875],
							"pivot": [-6.0855, 3.84842, 24.72216],
							"rotation": [-45, 0, 0],
							"uv": {
								"east": {"uv": [140, 30], "uv_size": [0.5, 0.5]},
								"south": {"uv": [82, 120], "uv_size": [1, 0.5]},
								"west": {"uv": [140, 32], "uv_size": [0.5, 0.5]},
								"up": {"uv": [84, 120], "uv_size": [1, 0.5]}
							}
						},
						{
							"origin": [-4.39395, 4.33943, 23.53856],
							"size": [0.2752, 0.567, 1.4375],
							"pivot": [-6.0855, 4.14054, 24.48098],
							"rotation": [0, 0, -45],
							"uv": {
								"north": {"uv": [140, 34], "uv_size": [0.5, 0.5]},
								"south": {"uv": [140, 38], "uv_size": [0.5, 0.5]},
								"west": {"uv": [111, 8], "uv_size": [1.5, 0.5]}
							}
						},
						{
							"origin": [-6.52293, 1.00476, 25.90474],
							"size": [1.125, 0.625, 0.125],
							"uv": {
								"east": {"uv": [42, 140], "uv_size": [0.5, 0.5]},
								"south": {"uv": [86, 120], "uv_size": [1, 0.5]},
								"west": {"uv": [140, 42], "uv_size": [0.5, 0.5]},
								"down": {"uv": [90, 120.5], "uv_size": [1, -0.5]}
							}
						}
					]
				},
				{
					"name": "body2",
					"parent": "body",
					"pivot": [-0.35106, 7.48438, -0.21043],
					"cubes": [
						{
							"origin": [-11.10106, 4.67188, -1.21043],
							"size": [13.4375, 0.375, 1.25],
							"uv": {
								"north": {"uv": [0, 0], "uv_size": [13.4375, 0.375]},
								"east": {"uv": [0, 0], "uv_size": [1.25, 0.375]},
								"south": {"uv": [0, 0], "uv_size": [13.4375, 0.375]},
								"west": {"uv": [0, 0], "uv_size": [1.25, 0.375]},
								"up": {"uv": [13.4375, 1.25], "uv_size": [-13.4375, -1.25]},
								"down": {"uv": [13.4375, 1.25], "uv_size": [-13.4375, -1.25]}
							}
						},
						{
							"origin": [-11.10106, 5.54688, -1.21043],
							"size": [13.4375, 0.375, 1.25],
							"uv": {
								"north": {"uv": [0, 0], "uv_size": [13.4375, 0.375]},
								"east": {"uv": [0, 0], "uv_size": [1.25, 0.375]},
								"south": {"uv": [0, 0], "uv_size": [13.4375, 0.375]},
								"west": {"uv": [0, 0], "uv_size": [1.25, 0.375]},
								"up": {"uv": [13.4375, 1.25], "uv_size": [-13.4375, -1.25]},
								"down": {"uv": [13.4375, 1.25], "uv_size": [-13.4375, -1.25]}
							}
						},
						{
							"origin": [-10.88231, 6.28126, -1.21043],
							"size": [19.15625, 0.32813, 1.25],
							"uv": {
								"north": {"uv": [0, 0], "uv_size": [14.4375, 0.6875]},
								"east": {"uv": [0, 0], "uv_size": [1.25, 0.6875]},
								"south": {"uv": [0, 0], "uv_size": [14.4375, 0.6875]},
								"west": {"uv": [0, 0], "uv_size": [1.25, 0.6875]},
								"up": {"uv": [14.4375, 1.25], "uv_size": [-14.4375, -1.25]},
								"down": {"uv": [14.4375, 1.25], "uv_size": [-14.4375, -1.25]}
							}
						},
						{
							"origin": [-10.88231, 5.92188, -1.21043],
							"size": [1.03125, 0.35938, 1.25],
							"uv": {
								"north": {"uv": [0, 0], "uv_size": [14.4375, 0.6875]},
								"east": {"uv": [0, 0], "uv_size": [1.25, 0.6875]},
								"south": {"uv": [0, 0], "uv_size": [14.4375, 0.6875]},
								"west": {"uv": [0, 0], "uv_size": [1.25, 0.6875]},
								"up": {"uv": [14.4375, 1.25], "uv_size": [-14.4375, -1.25]},
								"down": {"uv": [14.4375, 1.25], "uv_size": [-14.4375, -1.25]}
							}
						},
						{
							"origin": [-7.19481, 4.60938, -1.21043],
							"size": [0.46875, 0.32813, 1.25],
							"pivot": [-7.24168, 4.78907, -0.58543],
							"rotation": [0, 0, -45],
							"uv": {
								"north": {"uv": [0, 0], "uv_size": [14.4375, 0.6875]},
								"east": {"uv": [0, 0], "uv_size": [1.25, 0.6875]},
								"south": {"uv": [0, 0], "uv_size": [14.4375, 0.6875]},
								"west": {"uv": [0, 0], "uv_size": [1.25, 0.6875]},
								"up": {"uv": [14.4375, 1.25], "uv_size": [-14.4375, -1.25]},
								"down": {"uv": [14.4375, 1.25], "uv_size": [-14.4375, -1.25]}
							}
						},
						{
							"origin": [-7.16356, 5.29688, -1.21043],
							"size": [0.125, 0.35938, 1.25],
							"pivot": [-7.24168, 5.47657, -0.58543],
							"rotation": [0, 0, -45],
							"uv": {
								"north": {"uv": [0, 0], "uv_size": [14.4375, 0.6875]},
								"east": {"uv": [0, 0], "uv_size": [1.25, 0.6875]},
								"south": {"uv": [0, 0], "uv_size": [14.4375, 0.6875]},
								"west": {"uv": [0, 0], "uv_size": [1.25, 0.6875]},
								"up": {"uv": [14.4375, 1.25], "uv_size": [-14.4375, -1.25]},
								"down": {"uv": [14.4375, 1.25], "uv_size": [-14.4375, -1.25]}
							}
						},
						{
							"origin": [-9.89793, 6.42188, -1.21043],
							"size": [0.23438, 0.35938, 1.25],
							"pivot": [-10.17918, 6.60157, -0.58543],
							"rotation": [0, 0, 45],
							"uv": {
								"north": {"uv": [0, 0], "uv_size": [14.4375, 0.6875]},
								"east": {"uv": [0, 0], "uv_size": [1.25, 0.6875]},
								"south": {"uv": [0, 0], "uv_size": [14.4375, 0.6875]},
								"west": {"uv": [0, 0], "uv_size": [1.25, 0.6875]},
								"up": {"uv": [14.4375, 1.25], "uv_size": [-14.4375, -1.25]},
								"down": {"uv": [14.4375, 1.25], "uv_size": [-14.4375, -1.25]}
							}
						},
						{
							"origin": [-9.89793, 5.90626, -1.21043],
							"size": [0.23438, 0.35938, 1.25],
							"pivot": [-10.17918, 6.08594, -0.58543],
							"rotation": [0, 0, 45],
							"uv": {
								"north": {"uv": [0, 0], "uv_size": [14.4375, 0.6875]},
								"east": {"uv": [0, 0], "uv_size": [1.25, 0.6875]},
								"south": {"uv": [0, 0], "uv_size": [14.4375, 0.6875]},
								"west": {"uv": [0, 0], "uv_size": [1.25, 0.6875]},
								"up": {"uv": [14.4375, 1.25], "uv_size": [-14.4375, -1.25]},
								"down": {"uv": [14.4375, 1.25], "uv_size": [-14.4375, -1.25]}
							}
						},
						{
							"origin": [-7.10106, 4.67188, -1.21043],
							"size": [15.32813, 1.25, 1.25],
							"uv": {
								"north": {"uv": [0, 0], "uv_size": [9.4375, 1.25]},
								"east": {"uv": [0, 0], "uv_size": [1.25, 1.25]},
								"south": {"uv": [0, 0], "uv_size": [9.4375, 1.25]},
								"west": {"uv": [0, 0], "uv_size": [1.25, 1.25]},
								"up": {"uv": [9.4375, 1.25], "uv_size": [-9.4375, -1.25]},
								"down": {"uv": [9.4375, 1.25], "uv_size": [-9.4375, -1.25]}
							}
						}
					]
				},
				{
					"name": "bone4",
					"parent": "body2",
					"pivot": [1.125, -0.35937, 0],
					"cubes": [
						{
							"origin": [-9.77293, 5.92188, -1.21043],
							"size": [1.42188, 0.35938, 1.25],
							"uv": {
								"north": {"uv": [0, 0], "uv_size": [14.4375, 0.6875]},
								"east": {"uv": [0, 0], "uv_size": [1.25, 0.6875]},
								"south": {"uv": [0, 0], "uv_size": [14.4375, 0.6875]},
								"west": {"uv": [0, 0], "uv_size": [1.25, 0.6875]},
								"up": {"uv": [14.4375, 1.25], "uv_size": [-14.4375, -1.25]},
								"down": {"uv": [14.4375, 1.25], "uv_size": [-14.4375, -1.25]}
							}
						},
						{
							"origin": [-9.85887, 6.00782, -1.21043],
							"size": [1.50781, 0.19531, 1.25],
							"uv": {
								"north": {"uv": [0, 0], "uv_size": [14.4375, 0.6875]},
								"east": {"uv": [0, 0], "uv_size": [1.25, 0.6875]},
								"south": {"uv": [0, 0], "uv_size": [14.4375, 0.6875]},
								"west": {"uv": [0, 0], "uv_size": [1.25, 0.6875]},
								"up": {"uv": [14.4375, 1.25], "uv_size": [-14.4375, -1.25]},
								"down": {"uv": [14.4375, 1.25], "uv_size": [-14.4375, -1.25]}
							}
						},
						{
							"origin": [-9.79621, 6.07071, -1.21043],
							"size": [0.11049, 0.1875, 1.25],
							"pivot": [-9.75715, 6.16446, -0.58543],
							"rotation": [0, 0, -45],
							"uv": {
								"north": {"uv": [0, 0], "uv_size": [14.4375, 0.6875]},
								"east": {"uv": [0, 0], "uv_size": [1.25, 0.6875]},
								"south": {"uv": [0, 0], "uv_size": [14.4375, 0.6875]},
								"west": {"uv": [0, 0], "uv_size": [1.25, 0.6875]},
								"up": {"uv": [14.4375, 1.25], "uv_size": [-14.4375, -1.25]},
								"down": {"uv": [14.4375, 1.25], "uv_size": [-14.4375, -1.25]}
							}
						},
						{
							"origin": [-9.80726, 5.94918, -1.21043],
							"size": [0.12153, 0.12153, 1.25],
							"pivot": [-9.75715, 5.97696, -0.58543],
							"rotation": [0, 0, -45],
							"uv": {
								"north": {"uv": [0, 0], "uv_size": [14.4375, 0.6875]},
								"east": {"uv": [0, 0], "uv_size": [1.25, 0.6875]},
								"south": {"uv": [0, 0], "uv_size": [14.4375, 0.6875]},
								"west": {"uv": [0, 0], "uv_size": [1.25, 0.6875]},
								"up": {"uv": [14.4375, 1.25], "uv_size": [-14.4375, -1.25]},
								"down": {"uv": [14.4375, 1.25], "uv_size": [-14.4375, -1.25]}
							}
						}
					]
				},
				{
					"name": "bone2",
					"parent": "body2",
					"pivot": [0, 0, 0],
					"cubes": [
						{
							"origin": [-13.85106, 5.92188, -1.21043],
							"size": [2.625, 1.625, 1.25],
							"uv": {
								"north": {"uv": [0, 0], "uv_size": [2.625, 1.625]},
								"east": {"uv": [0, 0], "uv_size": [1.25, 1.625]},
								"south": {"uv": [0, 0], "uv_size": [2.625, 1.625]},
								"west": {"uv": [0, 0], "uv_size": [1.25, 1.625]},
								"up": {"uv": [2.625, 1.25], "uv_size": [-2.625, -1.25]},
								"down": {"uv": [2.625, 1.25], "uv_size": [-2.625, -1.25]}
							}
						},
						{
							"origin": [-13.03856, 5.92188, -1.21043],
							"size": [2.17188, 0.6875, 1.25],
							"uv": {
								"north": {"uv": [0, 0], "uv_size": [14.4375, 0.6875]},
								"east": {"uv": [0, 0], "uv_size": [1.25, 0.6875]},
								"south": {"uv": [0, 0], "uv_size": [14.4375, 0.6875]},
								"west": {"uv": [0, 0], "uv_size": [1.25, 0.6875]},
								"up": {"uv": [14.4375, 1.25], "uv_size": [-14.4375, -1.25]},
								"down": {"uv": [14.4375, 1.25], "uv_size": [-14.4375, -1.25]}
							}
						}
					]
				},
				{
					"name": "bone5",
					"parent": "body2",
					"pivot": [0, 0, 0],
					"cubes": [
						{
							"origin": [-11.10106, 4.92188, -1.02293],
							"size": [13.4375, 0.8125, 0.875],
							"uv": {
								"north": {"uv": [0, 0], "uv_size": [13.4375, 0.8125]},
								"east": {"uv": [0, 0], "uv_size": [0.875, 0.8125]},
								"south": {"uv": [0, 0], "uv_size": [13.4375, 0.8125]},
								"west": {"uv": [0, 0], "uv_size": [0.875, 0.8125]},
								"up": {"uv": [13.4375, 0.875], "uv_size": [-13.4375, -0.875]},
								"down": {"uv": [13.4375, 0.875], "uv_size": [-13.4375, -0.875]}
							}
						}
					]
				},
				{
					"name": "grip",
					"parent": "body",
					"pivot": [-0.35106, 7.48438, -0.21043],
					"cubes": [
						{
							"origin": [-8.35106, 2.48438, -1.21043],
							"size": [3.5, 0.25, 1.25],
							"uv": {
								"north": {"uv": [0, 0], "uv_size": [3.5, 0.25]},
								"east": {"uv": [0, 0], "uv_size": [1.25, 0.25]},
								"south": {"uv": [0, 0], "uv_size": [3.5, 0.25]},
								"west": {"uv": [0, 0], "uv_size": [1.25, 0.25]},
								"up": {"uv": [3.5, 1.25], "uv_size": [-3.5, -1.25]},
								"down": {"uv": [3.5, 1.25], "uv_size": [-3.5, -1.25]}
							}
						},
						{
							"origin": [-5.03098, 2.66874, -1.21043],
							"size": [0.625, 0.25, 1.25],
							"pivot": [-4.71848, 2.79374, -0.58543],
							"rotation": [0, 0, -45],
							"uv": {
								"north": {"uv": [0, 0], "uv_size": [0.625, 0.25]},
								"east": {"uv": [0, 0], "uv_size": [1.25, 0.25]},
								"south": {"uv": [0, 0], "uv_size": [0.625, 0.25]},
								"west": {"uv": [0, 0], "uv_size": [1.25, 0.25]},
								"up": {"uv": [0.625, 1.25], "uv_size": [-0.625, -1.25]},
								"down": {"uv": [0.625, 1.25], "uv_size": [-0.625, -1.25]}
							}
						},
						{
							"origin": [-4.84662, 3.11382, -1.21043],
							"size": [0.625, 0.25, 1.25],
							"pivot": [-4.53412, 3.23882, -0.58543],
							"rotation": [0, 0, 90],
							"uv": {
								"north": {"uv": [0, 0], "uv_size": [0.625, 0.25]},
								"east": {"uv": [0, 0], "uv_size": [1.25, 0.25]},
								"south": {"uv": [0, 0], "uv_size": [0.625, 0.25]},
								"west": {"uv": [0, 0], "uv_size": [1.25, 0.25]},
								"up": {"uv": [0.625, 1.25], "uv_size": [-0.625, -1.25]},
								"down": {"uv": [0.625, 1.25], "uv_size": [-0.625, -1.25]}
							}
						},
						{
							"origin": [-5.03098, 3.5589, -1.21043],
							"size": [0.625, 0.25, 1.25],
							"pivot": [-4.71848, 3.6839, -0.58543],
							"rotation": [0, 0, 45],
							"uv": {
								"north": {"uv": [0, 0], "uv_size": [0.625, 0.25]},
								"east": {"uv": [0, 0], "uv_size": [1.25, 0.25]},
								"south": {"uv": [0, 0], "uv_size": [0.625, 0.25]},
								"west": {"uv": [0, 0], "uv_size": [1.25, 0.25]},
								"up": {"uv": [0.625, 1.25], "uv_size": [-0.625, -1.25]},
								"down": {"uv": [0.625, 1.25], "uv_size": [-0.625, -1.25]}
							}
						},
						{
							"origin": [-5.21534, 4.00399, -1.21043],
							"size": [0.625, 0.25, 1.25],
							"pivot": [-4.90284, 4.12899, -0.58543],
							"rotation": [0, 0, 90],
							"uv": {
								"north": {"uv": [0, 0], "uv_size": [0.625, 0.25]},
								"east": {"uv": [0, 0], "uv_size": [1.25, 0.25]},
								"south": {"uv": [0, 0], "uv_size": [0.625, 0.25]},
								"west": {"uv": [0, 0], "uv_size": [1.25, 0.25]},
								"up": {"uv": [0.625, 1.25], "uv_size": [-0.625, -1.25]},
								"down": {"uv": [0.625, 1.25], "uv_size": [-0.625, -1.25]}
							}
						},
						{
							"origin": [-5.02784, 4.19149, -1.21043],
							"size": [0.89063, 0.25, 1.25],
							"uv": {
								"north": {"uv": [0, 0], "uv_size": [0.89063, 0.25]},
								"east": {"uv": [0, 0], "uv_size": [1.25, 0.25]},
								"south": {"uv": [0, 0], "uv_size": [0.89063, 0.25]},
								"west": {"uv": [0, 0], "uv_size": [1.25, 0.25]},
								"up": {"uv": [0.89063, 1.25], "uv_size": [-0.89062, -1.25]},
								"down": {"uv": [0.89063, 1.25], "uv_size": [-0.89062, -1.25]}
							}
						},
						{
							"origin": [-5.02784, 4.44149, -1.27293],
							"size": [0.82813, 0.25, 1.375],
							"uv": {
								"north": {"uv": [0, 0], "uv_size": [0.82813, 0.25]},
								"east": {"uv": [0, 0], "uv_size": [1.375, 0.25]},
								"south": {"uv": [0, 0], "uv_size": [0.82813, 0.25]},
								"west": {"uv": [0, 0], "uv_size": [1.375, 0.25]},
								"up": {"uv": [0.82813, 1.375], "uv_size": [-0.82812, -1.375]},
								"down": {"uv": [0.82813, 1.375], "uv_size": [-0.82812, -1.375]}
							}
						}
					]
				},
				{
					"name": "trigger",
					"parent": "grip",
					"pivot": [-3.35106, 8.60938, -0.21043],
					"cubes": [
						{
							"origin": [-7.90912, 4.23882, -1.21043],
							"size": [0.625, 0.25, 1.25],
							"pivot": [-7.59662, 4.36382, -0.58543],
							"rotation": [0, 0, 90],
							"uv": {
								"north": {"uv": [0, 0], "uv_size": [0.625, 0.25]},
								"east": {"uv": [0, 0], "uv_size": [1.25, 0.25]},
								"south": {"uv": [0, 0], "uv_size": [0.625, 0.25]},
								"west": {"uv": [0, 0], "uv_size": [1.25, 0.25]},
								"up": {"uv": [0.625, 1.25], "uv_size": [-0.625, -1.25]},
								"down": {"uv": [0.625, 1.25], "uv_size": [-0.625, -1.25]}
							}
						}
					]
				},
				{
					"name": "trigger2",
					"parent": "grip",
					"pivot": [-6.78412, 3.36382, -0.58543],
					"rotation": [0, 0, -22.5],
					"cubes": [
						{
							"origin": [-7.13494, 2.92117, -1.21043],
							"size": [0.625, 0.1875, 1.25],
							"pivot": [-6.51151, 3.73432, -0.58543],
							"rotation": [0, 0, 90],
							"uv": {
								"north": {"uv": [0, 0], "uv_size": [0.625, 0.1875]},
								"east": {"uv": [0, 0], "uv_size": [1.25, 0.1875]},
								"south": {"uv": [0, 0], "uv_size": [0.625, 0.1875]},
								"west": {"uv": [0, 0], "uv_size": [1.25, 0.1875]},
								"up": {"uv": [0.625, 1.25], "uv_size": [-0.625, -1.25]},
								"down": {"uv": [0.625, 1.25], "uv_size": [-0.625, -1.25]}
							}
						},
						{
							"origin": [-7.22365, 2.4997, -1.21043],
							"size": [0.625, 0.14063, 1.25],
							"pivot": [-6.43066, 3.16808, -0.58543],
							"rotation": [0, 0, 75],
							"uv": {
								"north": {"uv": [0, 0], "uv_size": [0.625, 0.14063]},
								"east": {"uv": [0, 0], "uv_size": [1.25, 0.14063]},
								"south": {"uv": [0, 0], "uv_size": [0.625, 0.14063]},
								"west": {"uv": [0, 0], "uv_size": [1.25, 0.14063]},
								"up": {"uv": [0.625, 1.25], "uv_size": [-0.625, -1.25]},
								"down": {"uv": [0.625, 1.25], "uv_size": [-0.625, -1.25]}
							}
						}
					]
				},
				{
					"name": "grip2",
					"parent": "body",
					"pivot": [-9, -13.92044, -0.58543],
					"rotation": [0, -90, 0],
					"cubes": [
						{
							"origin": [-9.625, 2.48438, -1.23437],
							"size": [1.25, 2.1875, 1.6875],
							"uv": {
								"east": {"uv": [85, 82], "uv_size": [1.5, 1.5]},
								"south": {"uv": [85, 85], "uv_size": [1.5, 1.5]},
								"west": {"uv": [86, 16], "uv_size": [1.5, 1.5]},
								"up": {"uv": [86, 19], "uv_size": [1.5, 1.5]},
								"down": {"uv": [86, 29.5], "uv_size": [1.5, -1.5]}
							}
						},
						{
							"origin": [-9.625, 2.48438, -1.23437],
							"size": [1.25, 2.1875, 0.25],
							"uv": {
								"north": {"uv": [39, 86], "uv_size": [1.5, 1.5]},
								"east": {"uv": [7, 106], "uv_size": [0.5, 1.5]},
								"west": {"uv": [106, 8], "uv_size": [0.5, 1.5]},
								"down": {"uv": [106, 4.5], "uv_size": [1.5, -0.5]}
							}
						},
						{
							"origin": [-9.4375, 2.48089, 1.38525],
							"size": [0.875, 0.5, 0.5],
							"pivot": [-9.06274, 4.51022, -10.24762],
							"rotation": [-15, 0, 0],
							"uv": {
								"north": {"uv": [118, 28], "uv_size": [1, 0.5]},
								"east": {"uv": [34, 150], "uv_size": [0.5, 0.5]},
								"west": {"uv": [150, 34], "uv_size": [0.5, 0.5]},
								"up": {"uv": [118, 30], "uv_size": [1, 0.5]},
								"down": {"uv": [32, 118.5], "uv_size": [1, -0.5]}
							}
						},
						{
							"origin": [-9.4375, 3.98089, 0.01025],
							"size": [0.875, 0.5, 0.5],
							"pivot": [-9.06274, 4.51022, -10.12262],
							"rotation": [-15, 0, 0],
							"uv": {
								"north": {"uv": [71, 119], "uv_size": [1, 0.5]},
								"east": {"uv": [104, 151], "uv_size": [0.5, 0.5]},
								"west": {"uv": [151, 106], "uv_size": [0.5, 0.5]},
								"up": {"uv": [119, 72], "uv_size": [1, 0.5]},
								"down": {"uv": [73, 119.5], "uv_size": [1, -0.5]}
							}
						},
						{
							"origin": [-9.4375, -5.50396, -3.10334],
							"size": [0.875, 3.5625, 0.1875],
							"pivot": [-9.06274, 4.51023, -10.24762],
							"rotation": [30, 0, 0],
							"uv": {
								"north": {"uv": [36, 60], "uv_size": [1, 3.5]},
								"east": {"uv": [83, 89], "uv_size": [0.5, 3.5]},
								"west": {"uv": [44, 90], "uv_size": [0.5, 3.5]},
								"down": {"uv": [118, 32.5], "uv_size": [1, -0.5]}
							}
						},
						{
							"origin": [-9.625, -7.03829, -3.25807],
							"size": [1.25, 4, 0.5625],
							"inflate": 0.002,
							"pivot": [-9.06274, 4.51023, -10.24762],
							"rotation": [40, 0, 0],
							"uv": {
								"east": {"uv": [26, 88], "uv_size": [0.5, 4]},
								"south": {"uv": [40, 8], "uv_size": [1.5, 4]},
								"west": {"uv": [55, 88], "uv_size": [0.5, 4]}
							}
						},
						{
							"origin": [-9.625, -5.50396, -2.91584],
							"size": [1.25, 4.25, 1.50001],
							"inflate": -0.005,
							"pivot": [-9.06274, 4.51023, -10.24762],
							"rotation": [30, 0, 0],
							"uv": {
								"north": {"uv": [34, 14], "uv_size": [1.5, 4.5]},
								"east": {"uv": [20, 34], "uv_size": [1.5, 4.5]},
								"south": {"uv": [30, 34], "uv_size": [1.5, 4.5]},
								"west": {"uv": [35, 29], "uv_size": [1.5, 4.5]}
							}
						},
						{
							"origin": [-9.625, -3.25003, -0.56976],
							"size": [1.25, 0.5, 2.0526],
							"pivot": [-9.06274, 4.51023, -10.24762],
							"rotation": [15, 0, 0],
							"uv": {
								"north": {"uv": [107, 2], "uv_size": [1.5, 0.5]},
								"east": {"uv": [32, 101], "uv_size": [2, 0.5]},
								"south": {"uv": [3, 107], "uv_size": [1.5, 0.5]},
								"west": {"uv": [101, 34], "uv_size": [2, 0.5]},
								"up": {"uv": [75, 66], "uv_size": [1.5, 2]},
								"down": {"uv": [75, 71], "uv_size": [1.5, -2]}
							}
						},
						{
							"origin": [-4.27455, -5.50296, -4.93085],
							"size": [0.25553, 3.56637, 0.26516],
							"pivot": [-9.06274, 4.51023, -10.24762],
							"rotation": [39.23152, -37.76124, -26.56505],
							"uv": {
								"north": {"uv": [46, 90], "uv_size": [0.5, 3.5]},
								"east": {"uv": [48, 90], "uv_size": [0.5, 3.5]},
								"south": {"uv": [50, 90], "uv_size": [0.5, 3.5]},
								"west": {"uv": [52, 90], "uv_size": [0.5, 3.5]},
								"up": {"uv": [138, 150], "uv_size": [0.5, 0.5]},
								"down": {"uv": [150, 138.5], "uv_size": [0.5, -0.5]}
							}
						},
						{
							"origin": [-14.01773, -5.50396, -4.84213],
							"size": [0.25694, 3.56737, 0.26516],
							"pivot": [-9.06274, 4.51023, -10.24762],
							"rotation": [39.23152, 37.76124, 26.56505],
							"uv": {
								"north": {"uv": [57, 90], "uv_size": [0.5, 3.5]},
								"east": {"uv": [59, 90], "uv_size": [0.5, 3.5]},
								"south": {"uv": [71, 90], "uv_size": [0.5, 3.5]},
								"west": {"uv": [73, 90], "uv_size": [0.5, 3.5]},
								"up": {"uv": [140, 150], "uv_size": [0.5, 0.5]},
								"down": {"uv": [150, 140.5], "uv_size": [0.5, -0.5]}
							}
						}
					]
				},
				{
					"name": "positioning2",
					"parent": "crossbow_gun",
					"pivot": [0, 0, 0]
				},
				{
					"name": "scope_pos",
					"parent": "positioning2",
					"pivot": [0, 8.125, 7.25]
				},
				{
					"name": "muzzle_flash",
					"parent": "positioning2",
					"pivot": [0, 7.25, -25]
				},
				{
					"name": "muzzle_pos",
					"parent": "positioning2",
					"pivot": [0, 7.25, -24]
				},
				{
					"name": "shell",
					"parent": "positioning2",
					"pivot": [0, 7.4375, 5.975],
					"rotation": [0, 20, 0]
				},
				{
					"name": "constraint",
					"parent": "crossbow_gun",
					"pivot": [0, 8.375, 9]
				},
				{
					"name": "righthand",
					"parent": "gun_and_righthand",
					"pivot": [5, 20, 0]
				},
				{
					"name": "righthand_pos",
					"parent": "righthand",
					"pivot": [0, 9, 0],
					"cubes": [
						{
							"origin": [4, 9, -2],
							"size": [3, 12, 4],
							"uv": {
								"north": {"uv": [0, 0], "uv_size": [4, 12]},
								"east": {"uv": [4, 0], "uv_size": [4, 12]},
								"south": {"uv": [8, 0], "uv_size": [4, 12]},
								"west": {"uv": [0, 12], "uv_size": [4, 12]},
								"up": {"uv": [12, 0], "uv_size": [4, 4]},
								"down": {"uv": [4, 16], "uv_size": [4, -4]}
							}
						}
					]
				},
				{
					"name": "mag_and_lefthand",
					"parent": "root",
					"pivot": [0, 0, 0]
				},
				{
					"name": "mag_and_bullet",
					"parent": "mag_and_lefthand",
					"pivot": [0, 0, 0]
				},
				{
					"name": "bullet5",
					"parent": "mag_and_bullet",
					"pivot": [0, 5.73168, 5.6875],
					"rotation": [90, 0, 0]
				},
				{
					"name": "magazine",
					"parent": "mag_and_bullet",
					"pivot": [0, 0, 0]
				},
				{
					"name": "bullet_in_mag",
					"parent": "magazine",
					"pivot": [0, 5.73168, 5.6875],
					"rotation": [90, 0, 0]
				},
				{
					"name": "mag_standard",
					"parent": "magazine",
					"pivot": [0, 8, 0]
				},
				{
					"name": "mag_default",
					"parent": "mag_standard",
					"pivot": [-6.85355, 2.92678, 6.34375]
				},
				{
					"name": "bullet2",
					"parent": "mag_standard",
					"pivot": [0, 8, 0]
				},
				{
					"name": "mag_extended_1",
					"parent": "magazine",
					"pivot": [0, 8, 0]
				},
				{
					"name": "mag2",
					"parent": "mag_extended_1",
					"pivot": [-3.85355, 2.92678, 6.34375]
				},
				{
					"name": "a",
					"parent": "mag2",
					"pivot": [0.5, 2.88719, 7.75311],
					"rotation": [-5, 0, 0]
				},
				{
					"name": "bullet",
					"parent": "mag_extended_1",
					"pivot": [0, 8, 0]
				},
				{
					"name": "mag_extended_2",
					"parent": "magazine",
					"pivot": [0, 8, 0]
				},
				{
					"name": "mag3",
					"parent": "mag_extended_2",
					"pivot": [-3.85355, 2.92678, 6.34375]
				},
				{
					"name": "a2",
					"parent": "mag3",
					"pivot": [0.5, 2.88719, 7.75311],
					"rotation": [-5, 0, 0]
				},
				{
					"name": "bullet3",
					"parent": "mag_extended_2",
					"pivot": [0, 8, 0]
				},
				{
					"name": "mag_extended_3",
					"parent": "magazine",
					"pivot": [0, 8, 0]
				},
				{
					"name": "mag4",
					"parent": "mag_extended_3",
					"pivot": [-3.85355, 2.92678, 6.34375]
				},
				{
					"name": "a3",
					"parent": "mag4",
					"pivot": [0.5, 2.88719, 7.75311],
					"rotation": [-5, 0, 0]
				},
				{
					"name": "bullet4",
					"parent": "mag_extended_3",
					"pivot": [0, 8, 0]
				},
				{
					"name": "lefthand",
					"parent": "mag_and_lefthand",
					"pivot": [-6, 20, 0]
				},
				{
					"name": "lefthand_pos",
					"parent": "lefthand",
					"pivot": [0, 9, 0],
					"cubes": [
						{
							"origin": [-7, 9, -2],
							"size": [3, 12, 4],
							"uv": {
								"north": {"uv": [0, 0], "uv_size": [4, 12]},
								"east": {"uv": [4, 0], "uv_size": [4, 12]},
								"south": {"uv": [8, 0], "uv_size": [4, 12]},
								"west": {"uv": [0, 12], "uv_size": [4, 12]},
								"up": {"uv": [12, 0], "uv_size": [4, 4]},
								"down": {"uv": [4, 16], "uv_size": [4, -4]}
							}
						}
					]
				},
				{
					"name": "views",
					"pivot": [3.4, 4.175, 0]
				},
				{
					"name": "iron_view",
					"parent": "views",
					"pivot": [0, 8.40625, 16]
				},
				{
					"name": "idle_view",
					"parent": "views",
					"pivot": [3, 10.5, 16]
				},
				{
					"name": "refit_view",
					"parent": "views",
					"pivot": [30, 5, 0],
					"rotation": [0, 90, 0]
				},
				{
					"name": "refit_muzzle_view",
					"parent": "views",
					"pivot": [12.35, 7.85, -30.75],
					"rotation": [0, 120, 0]
				},
				{
					"name": "refit_scope_view",
					"parent": "views",
					"pivot": [11.4, 8.175, 11.95],
					"rotation": [0, 67.5, 0]
				},
				{
					"name": "refit_extended_mag_view",
					"parent": "views",
					"pivot": [12.88122, -4.37673, 6],
					"rotation": [0, 90, 30]
				},
				{
					"name": "positioning",
					"pivot": [0.5, -3.95, -11.225]
				},
				{
					"name": "ground",
					"parent": "positioning",
					"pivot": [0, 0, 0]
				},
				{
					"name": "fixed",
					"parent": "positioning",
					"pivot": [1, 6, 0],
					"rotation": [0, 90, 0]
				},
				{
					"name": "thirdperson_hand",
					"parent": "positioning",
					"pivot": [0.125, 4.05, 7.175]
				},
				{
					"name": "camera",
					"pivot": [3, 9.75, 16]
				}
			]
		}
	]
}