{
  "model": "re:gun/93r_geo",
  "texture": "re:gun/uv/93r",
  "hud": "re:gun/hud/93r",
  "slot": "re:gun/slot/93r",
  "animation": "re:93r",
  "use_default_animation": "pistol",
  "player_animator_3rd": "tacz:pistol_default.player_animation",
  "transform": {
    "scale": {
      "thirdperson": [0.6, 0.6, 0.6],
      "ground": [0.6, 0.6, 0.6],
      "fixed": [1.2, 1.2, 1.2]
    }
  },
  "shell": {
    "initial_velocity": [3.5, 4.0, -6],
    "random_velocity": [1, 2, 4],
    "acceleration": [0.0, -20, 0.0],
    "angular_velocity": [360, -1200, 360],
    "living_time": 1.0
  },
  "muzzle_flash": {
    "texture": "tacz:flash/common_muzzle_flash",
    "scale": 0.4
  },
  "sounds": {
    "draw": "re:b93r/b93r_draw",
    "put_away": "re:b93r/b93r_put_away",
    "shoot": "re:matilda/glock17_shoot",
    "shoot_3p": "re:matilda/glock17_shoot",
    "silence": "re:b93r/b93r_silence",
    "silence_3p": "re:b93r/b93r_silence_3p"
  },
  "offhand_show": {
    "pos": [4, 13, -1],
    "rotate": [-90, -35, 90],
    "scale": [0.5, 0.5, 0.5]
  },
  "hotbar_show": {
    "0": {
      "pos": [-5, 13, -1],
      "rotate": [-90, -35, 90],
      "scale": [0.5, 0.5, 0.5]
    }
  }
}