{
  "model": "re:gun/broken_butterfly_geo",
  "texture": "re:gun/uv/broken_butterfly",
  "lod": {
    "model": "re:gun/lod/broken_butterfly_geo",
    "texture": "re:gun/lod/broken_butterfly"
  },
  "hud": "re:gun/hud/broken_butterfly",
  "slot": "re:gun/slot/broken_butterfly",
  "animation": "re:broken_butterfly",
  "use_default_animation": "pistol",
  "player_animator_3rd": "tacz:pistol_default.player_animation",
  "transform": {
    "scale": {
      "thirdperson": [0.6, 0.6, 0.6],
      "ground": [0.6, 0.6, 0.6],
      "fixed": [1.2, 1.2, 1.2]
    }
  },
  "shell": {
    "initial_velocity": [8.0, 5.0, -0.5],
    "random_velocity": [2.5, 1.5, 0.25],
    "acceleration": [0.0, -20, 0.0],
    "angular_velocity": [360, -720, 90],
    "living_time": 1.0
  },
  "muzzle_flash": {
    "texture": "tacz:flash/common_muzzle_flash",
    "scale": 0.5
  },
  "sounds": {
    "reload_empty": "re:broken_butterfly/broken_butterfly_reload",
    "reload_tactical": "re:broken_butterfly/broken_butterfly_reload",
    "inspect": "re:broken_butterfly/broken_butterfly_inspect",
    "inspect_empty": "re:broken_butterfly/broken_butterfly_inspect",
    "draw": "re:broken_butterfly/broken_butterfly_draw",
    "shoot": "re:broken_butterfly/broken_butterfly_fire",
    "shoot_3p": "re:broken_butterfly/broken_butterfly_fire",
    "fire_select": "tacz:fire_select",
    "head_hit": "tacz:head_hit",
    "flesh_hit": "tacz:flesh_hit",
    "kill": "tacz:kill"
  },
  "offhand_show": {
    "pos": [4, 13, -1],
    "rotate": [-90, -35, 90],
    "scale": [0.5, 0.5, 0.5]
  },
  "hotbar_show": {
    "0": {
      "pos": [-5, 13, -1],
      "rotate": [-90, -35, 90],
      "scale": [0.5, 0.5, 0.5]
    }
  }
}