{
  "model": "re:gun/lightning_eagle_old_geo",
  "texture": "re:gun/uv/lightning_eagle_old",
  "lod": {
    "model": "re:gun/lod/lightning_eagle_old_geo",
    "texture": "re:gun/lod/lightning_eagle_old"
  },
  "hud": "re:gun/hud/lightning_eagle",
  "slot": "re:gun/slot/lightning_eagle_old",
  "animation": "re:deagle_old",
  "use_default_animation": "pistol",
  "player_animator_3rd": "tacz:pistol_default.player_animation",
  "transform": {
    "scale": {
      "thirdperson": [0.6, 0.6, 0.6],
      "ground": [0.6, 0.6, 0.6],
      "fixed": [1.2, 1.2, 1.2]
    }
  },
  "shell": {
    "initial_velocity": [8.0, 5.0, -0.5],
    "random_velocity": [2.5, 1.5, 0.25],
    "acceleration": [0.0, -20, 0.0],
    "angular_velocity": [720, -1280, 90],
    "living_time": 1.0
  },
  "muzzle_flash": {
    "texture": "tacz:flash/common_muzzle_flash",
    "scale": 0.7
  },
  "sounds": {
    "reload_empty": "re:deagle/deagle_reload_empty",
    "reload_tactical": "re:deagle/deagle_reload_tactical",
    "inspect": "re:deagle/deagle_inspect",
    "inspect_empty": "re:deagle/deagle_inspect_empty",
    "draw": "re:deagle/deagle_draw",
    "put_away": "re:deagle/deagle_put_away",
    "shoot": "re:deagle/deagle_shoot",
    "shoot_3p": "re:deagle/deagle_shoot_3p",
    "silence": "re:deagle/deagle_silence",
    "silence_3p": "re:deagle/deagle_silence_3p"
  },
  "offhand_show": {
    "pos": [4, 13, -2],
    "rotate": [-90, -35, 90],
    "scale": [0.5, 0.5, 0.5]
  },
  "hotbar_show": {
    "0": {
      "pos": [-5, 13, -2],
      "rotate": [-90, -35, 90],
      "scale": [0.5, 0.5, 0.5]
    }
  },
  "controllable": {
    "semi": {
      "low_frequency": 1,
      "high_frequency": 1,
      "time": 200
    }
  }
}