{
  "model": "re:gun/lightning_eagle_too_geo",
  "texture": "re:gun/uv/lightning_eagle",
  "hud": "re:gun/hud/lightning_eagle_too",
  "slot": "re:gun/slot/lightning_eagle_too",
  "animation": "re:lightning_eagle_too",
  // 指定使用缺省动画，可为空。如果上文指定的动画文件里缺少某个动画，如 draw 动画，则会从缺省动画拷贝。
  // 值可为 rifle、pistol
  "use_default_animation": "pistol",
  // 第三人称动画，硬编码，只能选择已有类型，默认只有 default
  "third_person_animation": "default",
  // 显示准星，默认情况下瞄准会隐藏准星，将其设置为 true 则不会
  "show_crosshair": true,
  // 调整各个视角下模型的变换参数，可为空
  "transform": {
    // 暂时只有缩放需要在这里指定，旋转和位移使用模型内定位组。
    // 可以为空，若为空，则不缩放模型。
    "scale": {
      // 第三人称手部
      "thirdperson": [0.6, 0.6, 0.6],
      // 地面实体
      "ground": [0.6, 0.6, 0.6],
      // 展示框
      "fixed": [1.2, 1.2, 1.2]
    }
  },
  "muzzle_flash": {
    "texture": "tacz:flash/common_muzzle_flash",
    "scale": 0
  },
  // 机瞄的放大倍数，默认 1.2
  "iron_zoom": 1.2,
  // 抛壳的渲染数据，可为空，若为空，则枪械不抛壳
  "shell": {
    // 抛壳的初速度
    "initial_velocity": [5, 2, 1],
    // 抛壳随机变化的运动速度
    "random_velocity": [1, 1, 0.25],
    // 抛壳的加速度
    "acceleration": [0.0, -10, 0.0],
    // 抛壳的三轴角速度
    "angular_velocity": [360, -1200, 90],
    // 抛壳渲染存活时间，单位为秒
    "living_time": 1.0
  },
  // 枪械音效，在包目录下 sounds 文件夹内寻找，不建议为空
  "sounds": {
    "reload_empty": "re:deagle/deagle_too_reload_empty",
    "reload_tactical": "re:deagle/deagle_too_reloadtac",
    "inspect": "re:deagle/deagle_too_inspect",
    "inspect_empty": "re:deagle/deagle_too_inspect2",
    "draw": "re:deagle/deagle_draw",
    "put_away": "re:deagle/deagle_put_away",
    "shoot": "re:deagle/deagle_shoot_too",
    "shoot_3p": "re:deagle/deagle_shoot_too",
    "silence": "re:deagle/deagle_silence",
    "silence_3p": "re:deagle/deagle_silence_3p"
  },
  // 副手枪械显示
  "offhand_show": {
    // 位置，和基岩版的数值显示一致
    // 默认是 [-2, 20, 3.5]
    "pos": [1, 20, 3.5],
    // 旋转，单位为角度，默认就是 [0, 0, -30]
    "rotate": [0, 0, 60],
    // 缩放，默认就是 [0.6, 0.6, 0.6]
    "scale": [0.5, 0.5, 0.5]
  },
  // 快捷栏枪械显示
  // 没有此字段，不显示快捷栏枪械
  "hotbar_show": {
    // 快捷栏索引，默认是 0-8，共九个，但是实际上除去主手，只能显示八个
    // 没有的，则不会显示
    "0": {
      "pos": [-1, 20, 3],
      "rotate": [-180, 0, 120],
      "scale": [0.5, 0.5, 0.5]
    }
  }
}