{
  "model": "re:gun/handcannon_geo",
  "texture": "re:gun/uv/handcannon",
  "hud": "re:gun/hud/handcannon",
  "slot": "re:gun/slot/handcannon",
  "animation": "re:handcannon",
  "use_default_animation": "pistol",
  "player_animator_3rd": "tacz:pistol_default.player_animation",
  "transform": {
    "scale": {
      "thirdperson": [0.6, 0.6, 0.6],
      "ground": [0.6, 0.6, 0.6],
      "fixed": [1.2, 1.2, 1.2]
    }
  },
    "muzzle_flash": {
    "texture": "tacz:flash/common_muzzle_flash",
    "scale": 1
  },
  "shell": {
    "initial_velocity": [8.0, 5.0, -0.5],
    "random_velocity": [2.5, 1.5, 0.25],
    "acceleration": [0.0, -20, 0.0],
    "angular_velocity": [360, -720, 90],
    "living_time": 1.0
  },
  "sounds": {
    "reload_empty": "re:handcannon/handcannon_reload",
    "reload_tactical": "re:handcannon/handcannon_reload",
    "inspect": "re:handcannon/handcannon_inspect",
    "inspect_empty": "re:handcannon/handcannon_inspect",
    "draw": "re:handcannon/handcannon_draw",
    "shoot": "re:handcannon/handcannon_fire",
    "shoot_3p": "re:handcannon/handcannon_fire"
  },
  "offhand_show": {
    "pos": [4, 13, -1],
    "rotate": [-90, -35, 90],
    "scale": [0.5, 0.5, 0.5]
  },
  "hotbar_show": {
    "0": {
      "pos": [-5, 13, -1],
      "rotate": [-90, -35, 90],
      "scale": [0.5, 0.5, 0.5]
    }
  }
}