{
  "model": "re:gun/hydra_geo",
  "texture": "re:gun/uv/hydra",
  "hud": "re:gun/hud/hydra",
  "slot": "re:gun/slot/hydra",
  "animation": "re:hydra",
  "use_default_animation": "rifle",
  "third_person_animation": "default",
  "transform": {
    "scale": {
      "thirdperson": [0.6, 0.6, 0.6],
      "ground": [0.6, 0.6, 0.6],
      "fixed": [1.2, 1.2, 1.2]
    }
  },
  "muzzle_flash": {
    "texture": "tacz:flash/common_muzzle_flash",
    "scale": 0.75
  },
  "sounds": {
    "reload_empty": "tacz:db_short/db_short_reload_empty",
    "reload_tactical": "tacz:db_short/db_short_reload_tactical",
    "inspect": "tacz:db_short/db_short_inspect",
    "inspect_empty": "tacz:db_short/db_short_inspect_empty",
    "draw": "tacz:db_short/db_short_draw",
    "put_away": "tacz:db_short/db_short_put_away",
    "shoot": "re:w870/w870",
    "shoot_3p": "re:m870/m870"
  },
  "offhand_show": {
    "pos": [1, 22, 4],
    "rotate": [0, 0, 60],
    "scale": [0.5, 0.5, 0.5]
  },
  "hotbar_show": {
    "0": {
      "pos": [-1, 22, 3],
      "rotate": [-180, 0, 120],
      "scale": [0.5, 0.5, 0.5]
    }
  }
}