{
  "model": "re:gun/riot_gun_geo",
  "texture": "re:gun/uv/riot_gun",
  "hud": "re:gun/hud/riot_gun",
  "slot": "re:gun/slot/riot_gun",
  "ammo_count_style": "normal",
  "damage_style": "total",
  "animation": "re:riot_gun",
  "state_machine": "re:m1014_state_machine",
  "state_machine_param": {
    "bolt_shell_ejecting_time": 0.17
  },
  "use_default_animation": "rifle",
  "third_person_animation": "default",
  "player_animator_3rd": "tacz:rifle_default.player_animation",
  "show_crosshair": false,
  "transform": {
    "scale": {
      "thirdperson": [0.6, 0.6, 0.6],
      "ground": [0.6, 0.6, 0.6],
      "fixed": [1.2, 1.2, 1.2]
    }
  },
  "shell": {
    "initial_velocity": [5, 2, 1],
    "random_velocity": [1, 1, 0.25],
    "acceleration": [0.0, -10, 0.0],
    "angular_velocity": [360, -1200, 90],
    "living_time": 1.0
  },
  "muzzle_flash": {
    "texture": "tacz:flash/common_muzzle_flash",
    "scale": 1.2
  },
  "iron_zoom": 1.2,
  "shell": {
    "initial_velocity": [5, 0.5, 1],
    "random_velocity": [1, 0.5, 0.25],
    "acceleration": [0.0, -10, 0.0],
    "angular_velocity": [360, -960, 90],
    "living_time": 1.0
  },
  "sounds": {
    "draw": "re:m1014/m1014_draw",
    "shoot": "re:riot_gun/riot_gun",
    "shoot_3p": "re:riot_gun/riot_gun",
    "silence": "re:m1014/m1014_silence",
    "silence_3p": "re:m1014/m1014_silence_3p",
    "put_away": "re:m1014/m1014_put_away",  
    "head_hit": "re:head_hit",
    "flesh_hit": "re:flesh_hit",
    "kill": "re:kill",
    "melee_push": "tacz:melee_stock/melee_stock_02",
    "melee_stock": "tacz:melee_stock/melee_stock_03"
  },
  // 副手枪械显示
  "offhand_show": {
    "pos": [1, 20, 3.5],
    "rotate": [0, 0, 60],
    "scale": [0.5, 0.5, 0.5]
  },
  "hotbar_show": {
    "0": {
      "pos": [-1, 20, 3],
      "rotate": [-180, 0, 120],
      "scale": [0.5, 0.5, 0.5]
    }
  },
  "controllable": {
    "semi": {
      "low_frequency": 0.25,
      "high_frequency": 0.5,
      "time": 100
    }
  }
}