{
  "model": "re:gun/samurai_edge_class_geo",
  "texture": "re:gun/uv/samurai_edge_class",
  "lod": {
    "model": "re:gun/lod/samurai_edge_class_geo",
    "texture": "re:gun/lod/samurai_edge_class"
  },
  "hud": "re:gun/hud/samurai_edge",
  "slot": "re:gun/slot/samurai_edge_class",
  "animation": "re:samurai_edge",
  "use_default_animation": "pistol",
  "player_animator_3rd": "tacz:pistol_default.player_animation",
  "transform": {
    "scale": {
      "thirdperson": [0.6, 0.6, 0.6],
      "ground": [0.6, 0.6, 0.6],
      "fixed": [1.2, 1.2, 1.2]
    }
  },
  "shell": {
    "initial_velocity": [6.0, 5.0, 0.5],
    "random_velocity": [2, 1.5, 0.25],
    "acceleration": [0.0, -20, 0.0],
    "angular_velocity": [360, -720, 90],
    "living_time": 1.0
  },
  "muzzle_flash": {
    "texture": "tacz:flash/common_muzzle_flash",
    "scale": 0.55
  },
  "sounds": {
    "shoot": "re:matilda/glock17_shoot",
    "shoot_3p": "re:matilda/glock17_shoot",
    "silence": "re:samurai_edge/se_fire_s",
    "silence_3p": "tacz:cz75/cz75_silence_3p",
    "dry_fire": "re:dry_fire",
    "fire_select": "re:fire_select",
    "head_hit": "re:head_hit",
    "flesh_hit": "re:flesh_hit",
    "kill": "re:kill"
  },
  "offhand_show": {
    "pos": [4, 13, -1],
    "rotate": [-90, -35, 90],
    "scale": [0.5, 0.5, 0.5]
  },
  "hotbar_show": {
    "0": {
      "pos": [-5, 13, -1],
      "rotate": [-90, -35, 90],
      "scale": [0.5, 0.5, 0.5]
    }
  }
}