{
  "model": "re:gun/sg09r_geo",
  "texture": "re:gun/uv/sg09r",
  "hud": "re:gun/hud/sg09r",
  "slot": "re:gun/slot/sg09r",
  "animation": "re:s9",
  "use_default_animation": "rifle",
  "player_animator_3rd": "tacz:pistol_default.player_animation",
  "transform": {
    "scale": {
      "thirdperson": [0.6, 0.6, 0.6],
      "ground": [0.6, 0.6, 0.6],
      "fixed": [1.2, 1.2, 1.2]
    }
  },
  "shell": {
    "initial_velocity": [6.0, 5.0, 0.5],
    "random_velocity": [2, 1.5, 0.25],
    "acceleration": [0.0, -20, 0.0],
    "angular_velocity": [360, -720, 90],
    "living_time": 1.0
  },
  "muzzle_flash": {
    "texture": "tacz:flash/common_muzzle_flash",
    "scale": 0.55
  },
  "sounds": {
        "shoot": "re:sg09r/sg09r_shoot",
        "shoot_3p": "re:sg09r/sg09r_shoot",
        "dry_fire": "re:dry_fire",
        "silence": "re:sg09r/usp_01",
        "silence_3p": "re:sg09r/usp_3p",
        "draw": "re:sg09r/cs_usp_draw",
        "inspect": "re:sg09r/cs_usp_inspect",
        "head_hit":"re:head_hit",
        "flesh_hit":"re:flesh_hit",
        "kill":"re:kill"
  },
  "offhand_show": {
    "pos": [4, 13, -1],
    "rotate": [-90, -35, 90],
    "scale": [0.5, 0.5, 0.5]
  },
  "hotbar_show": {
    "0": {
      "pos": [-5, 13, -1],
      "rotate": [-90, -35, 90],
      "scale": [0.5, 0.5, 0.5]
    }
  }
}