{
  "model": "re:gun/sl8_geo",
  "texture": "re:gun/uv/sl8",
  "hud": "re:gun/hud/sl8",
  "slot": "re:gun/slot/sl8",
  "animation": "re:sl8",
  "use_default_animation": "rifle",
  "transform": {
    "scale": {
      "thirdperson": [0.6, 0.6, 0.6],
      "ground": [0.6, 0.6, 0.6],
      "fixed": [1.2, 1.2, 1.2]
    }
  },
  "muzzle_flash": {
    "texture": "tacz:flash/common_muzzle_flash",
    "scale": 1
  },
  "shell": {
    "initial_velocity": [5, 1.0, -4],
    "random_velocity": [1, 1, 1],
    "acceleration": [0.0, -20, 0.0],
    "angular_velocity": [360, -1200, 360],
    "living_time": 1.0
  },
  "ammo":{
    "particle": {
    // 名称，具体可选粒子可参考 wiki：https://minecraft.fandom.com/zh/wiki/%E7%B2%92%E5%AD%90
    "name": "mycelium",
    // 生成的区域，默认为 0 0 0
    "delta": [
      0,
      0,
      0
    ],
    // 速度，默认为0，必须至少为 0
    "speed": 0.0,
    // 粒子存在时间，单位 tick，默认为 20 tick
    "life_time": 20,
    // 粒子数量，当子弹速度过快时，可以增大此数量，能够填满子弹路径的空隙
    "count": 100
    }
  },
  // 机瞄的放大倍数，默认 1.2
  "iron_zoom": 1.5,
  // 机瞄模型缩放fov，默认70
  "zoom_model_fov": 35,
  "sounds": {
    "draw": "tacz:m700/m700_draw",
    "shoot": "re:sl8/sl8_shoot",
    "shoot_3p": "re:sl8/sl8_shoot",
    "reload_empty": "tacz:m4a1/m4a1_reload_empty",
    "reload_tactical": "tacz:m4a1/m4a1_reload_tactical",
    "silence": "tacz:m700/m700_silence",
    "silence_3p": "tacz:m700/m700_silence_3p",
    "put_away": "tacz:m700/m700_put_away"
  },
  "offhand_show": {
    "pos": [-2, 20, 4],
    "rotate": [0, 0, 45],
    "scale": [0.5, 0.5, 0.5]
  },
  "hotbar_show": {
    "0": {
      "pos": [-4, 26, 3],
      "rotate": [-90, -5, -90],
      "scale": [0.5, 0.5, 0.5]
    }
  }
}