{
    "model": "wyyc1991:gun/12g.geo",
    "texture": "wyyc1991:gun/uv/12g",
    "lod": {
      "model": "wyyc1991:gun/lod/12g",
      "texture": "wyyc1991:gun/lod/12g"
    },
    "hud": "wyyc1991:gun/hud/12g",
    "slot": "wyyc1991:gun/slot/12g",
    "ammo_count_style": "normal",
    "damage_style": "total",
    "animation": "wyyc1991:12g",
    "state_machine": "tacz:m870_state_machine",
    "state_machine_param": {
      "bolt_shell_ejecting_time": 0.17
    },
    "use_default_animation": "rifle",
    "third_person_animation": "default",
    "player_animator_3rd": "tacz:rifle_default.player_animation",
    "show_crosshair": false,
    "transform": {
      "scale": {
        "thirdperson": [0.6, 0.6, 0.6],
        "ground": [0.6, 0.6, 0.6],
        "fixed": [1.2, 1.2, 1.2]
      }
    },
    "muzzle_flash": {
      "texture": "tacz:flash/common_muzzle_flash",
      "scale": 1.2
    },
    "iron_zoom": 1.2,

    "sounds": {
        "kill": "wyyc1991:kill",
        "draw": "wyyc1991:12g/12g_draw",
        "shoot": "wyyc1991:12g/12g_shoot",
        "shoot_3p": "wyyc1991:12g/12g_shoot_3p",
        "silence": "wyyc1991:97/97_silence",
        "silence_3p": "wyyc1991:97/97_silence_3p",
        "put_away": "tacz:m870/m870_put_away",
        "melee_push": "tacz:melee_stock/melee_stock_02",
        "melee_stock": "tacz:melee_stock/melee_stock_03"
    },
  
    "offhand_show": {
      "pos": [1, 20, 3.5],
      "rotate": [0, 0, 60],
      "scale": [0.5, 0.5, 0.5]
    },
    "hotbar_show": {
      "0": {
        "pos": [-1, 20, 3],
        "rotate": [-180, 0, 120],
        "scale": [0.5, 0.5, 0.5]
      }
    },
    "controllable": {
      "semi": {
        "low_frequency": 0.25,
        "high_frequency": 0.5,
        "time": 100
      }
    }
  }