{
    "model": "wyyc1991:gun/bf1_fdlf1916sl",
    "texture": "wyyc1991:gun/uv/bf1_1916uv1",
    "slot": "wyyc1991:gun/slot/bf1_fdlf1916sl",
	"hud": "wyyc1991:gun/hud/bf1_fdlf1916sl",
	"sounds": {
        "shoot": "wyyc1991:bf1fdlf1916/1916_shoot",
        "shoot_3p": "wyyc1991:bf1fdlf1916/hk_g3_shoot_3p",
        "kill": "wyyc1991:kill",
        
        "draw": "wyyc1991:annihilator/annihilator_draw",
        "put_away": "wyyc1991:56-1/ak47_put_away",
        "silence": "wyyc1991:bf1fdlf1916/sks_silence",
        "silence_3p": "wyyc1991:bf1fdlf1916/sks_silence_3p",
        "melee_bayonet": "tacz:melee_bayonet/melee_bayonet_01",
    "melee_push": "tacz:melee_stock/melee_stock_01",
    "melee_stock": "tacz:melee_stock/melee_stock_02"
    },
	"shell": {
    "initial_velocity": [5, 2, 1],
    "random_velocity": [1, 1, 0.25],
    "acceleration": [0.0, -10, 0.0],
    "angular_velocity": [360, -1200, 90],
    "living_time": 1.0
  },
  "iron_zoom": 2,
 "state_machine": "tacz:sks_tactical_state_machine",
  "animation": "wyyc1991:bf1_fdlf1916a",
  "use_default_animation": "rifle",
  
  "muzzle_flash": {
    "texture": "tacz:flash/common_muzzle_flash",
    "scale": 1.0
  },
	"transform": {
        "scale": {
            "thirdperson": [
                0.6,
                0.6,
                0.6
            ],
            "ground": [
                0.6,
                0.6,
                0.6
            ],
            "fixed": [
                1.0,
                1.0,
                1.0
            ]
        }
    },
    "third_person_animation": "default"
	
}