{
    "model": "wyyc1991:gun/53q.geo",
    "texture": "wyyc1991:gun/uv/53q",
    
    "hud": "wyyc1991:gun/hud/53q",
    "slot": "wyyc1991:gun/slot/53q",

    "animation": "wyyc1991:53q",
    "state_machine": "wyyc1991:53q_state_machine",
    
    "use_default_animation": "rifle",
    "third_person_animation": "default",
    "player_animator_3rd": "tacz:rifle_default.player_animation",
    "show_crosshair": false,
    "transform": {
      "scale": {
        "thirdperson": [0.6, 0.6, 0.6],
        "ground": [0.6, 0.6, 0.6],
        "fixed": [1.2, 1.2, 1.2]
      }
    },
    "muzzle_flash": {
      "texture": "tacz:flash/common_muzzle_flash",
      "scale": 1.5
    },
    "iron_zoom": 1.2,
    "shell": {
      "initial_velocity": [5, 0.5, 1],
      "random_velocity": [1, 0.5, 0.25],
      "acceleration": [0.0, -10, 0.0],
      "angular_velocity": [360, -960, 90],
      "living_time": 1.0
    },
    "sounds": {
      "shoot": "wyyc1991:53q/53q_shoot",
      "shoot_3p": "wyyc1991:53q/53q_shoot_3p",
      "silence": "wyyc1991:97/97_silence",
      "silence_3p": "wyyc1991:97/97_silence_3p",
      "melee_push": "tacz:melee_stock/melee_stock_02",
      "melee_stock": "tacz:melee_stock/melee_stock_03"
    },
  
    "offhand_show": {
      "pos": [1, 20, 3.5],
      "rotate": [0, 0, 60],
      "scale": [0.5, 0.5, 0.5]
    },
    "hotbar_show": {
      "0": {
        "pos": [-1, 20, 3],
        "rotate": [-180, 0, 120],
        "scale": [0.5, 0.5, 0.5]
      }
    }
  }