{
    // 使用我们放入的模型文件：models/gun/ak47_geo.json。注意，不需要包含文件后缀，也不要包含开头的 "models/"。
    "model": "wyyc1991:gun/wwc56-1.geo",
    // 使用我们放入的模型贴图：textures/gun/uv/ak47.png。注意，不需要包含文件后缀，也不要包含开头的 "textures/"。
    "texture": "wyyc1991:gun/uv/qbz56c",
    // 使用我们放入的背包 2D 贴图：textures/gun/slot/ak47.png。注意，不需要包含文件后缀，也不要包含开头的 "textures/"。
    "slot": "wyyc1991:gun/slot/56c",
    
	"hud": "wyyc1991:gun/hud/56c",
	"sounds": {
        "shoot": "wyyc1991:56-1/56_shoot",
        "shoot_3p": "wyyc1991:56-1/56_shoot_3p",
        "draw": "wyyc1991:56-1/ak47_draw",
        "put_away": "wyyc1991:56-1/ak47_put_away",
        "silence": "wyyc1991:56-1/56_silence",
        "silence_3p": "wyyc1991:56-1/ak47_silence_3p",
        "melee_bayonet": "tacz:melee_bayonet/melee_bayonet_01",
    "melee_push": "tacz:melee_stock/melee_stock_01",
    "melee_stock": "tacz:melee_stock/melee_stock_02"
    },
	"shell": {
    // 抛壳的初速度
    "initial_velocity": [5, 2, 1],
    // 抛壳随机变化的运动速度
    "random_velocity": [1, 1, 0.25],
    // 抛壳的加速度
    "acceleration": [0.0, -10, 0.0],
    // 抛壳的三轴角速度
    "angular_velocity": [360, -1200, 90],
    // 抛壳渲染存活时间，单位为秒
    "living_time": 1.0
  },
  
  // 调用的动画名，会在包目录下的 animations 文件夹中寻找，不建议为空
  "animation": "wyyc1991:562",
  "state_machine": "wyyc1991:56_state_machine",
  "use_default_animation": "rifle",
  // 第三人称动画，硬编码，只能选择已有类型，默认只有 default
  "third_person_animation": "default",
  // 第三人称动画，安装 player animator 模组后才会显示
  "player_animator_3rd": "tacz:rifle_default.player_animation",
  "muzzle_flash": {
    "texture": "tacz:flash/common_muzzle_flash",
    "scale": 0.75
  },
	"transform": {
        "scale": {
            "thirdperson": [
                0.6,
                0.6,
                0.6
            ],
            "ground": [
                0.6,
                0.6,
                0.6
            ],
            "fixed": [
                1.0,
                1.0,
                1.0
            ]
        }
    }
    
	
}