{
    
    "model": "wyyc1991:gun/63gai.geo",
    
    "texture": "wyyc1991:gun/uv/63gai",
    
    "slot": "wyyc1991:gun/slot/63gai",
    
	"hud": "wyyc1991:gun/hud/63gai",
	"sounds": {
    "shoot": "wyyc1991:56-1/56_shoot",
    "shoot_3p": "wyyc1991:56-1/56_shoot_3p",
    "silence": "wyyc1991:56-1/56_silence",
    "silence_3p": "wyyc1991:56-1/ak47_silence_3p",
    "melee_push": "tacz:melee_stock/melee_stock_01",
    "melee_stock": "tacz:melee_stock/melee_stock_03"
    },
    "state_machine": "tacz:sks_tactical_state_machine",
	"shell": {
   
    "initial_velocity": [5, 2, 1],
    
    "random_velocity": [1, 1, 0.25],
  
    "acceleration": [0.0, -10, 0.0],
   
    "angular_velocity": [360, -1200, 90],

    "living_time": 1.0
  },
  
  "animation": "wyyc1991:63gai",
  "use_default_animation": "rifle",
  
  "muzzle_flash": {
    "texture": "tacz:flash/common_muzzle_flash",
    "scale": 0.75
  },
	"transform": {
        "scale": {
            "thirdperson": [
                0.6,
                0.6,
                0.6
            ],
            "ground": [
                0.6,
                0.6,
                0.6
            ],
            "fixed": [
                1.0,
                1.0,
                1.0
            ]
        }
    },
    "third_person_animation": "default"
	
}