{
  
    "model": "wyyc1991:gun/w79c.geo",
    "texture": "wyyc1991:gun/uv/79c1",
    "slot": "wyyc1991:gun/slot/w79c",
    "third_person_animation": "default",
    "hud": "wyyc1991:gun/hud/w79c",
    "animation": "wyyc1991:w79c",
    "use_default_animation": "rifle",
    "iron_zoom": 1.2,
    "state_machine": "tacz:hk416d_state_machine",

  "shell": {
    "initial_velocity": [5, 2, 1],
    "random_velocity": [1, 1, 0.25],
    "acceleration": [0.0, -10, 0.0],
    "angular_velocity": [360, -1200, 90],
    "living_time": 1.0
  },

    "transform": {
    "scale": {
      "thirdperson": [0.6, 0.6, 0.6],
      "ground": [0.6, 0.6, 0.6],
      "fixed": [1.2, 1.2, 1.2]
    }
  },
  "muzzle_flash": {
    "texture": "tacz:flash/common_muzzle_flash",
    "scale": 0.7
  },
    "sounds": {
    "shoot": "wyyc1991:79c/79c_shoot",
    "shoot_3p": "wyyc1991:79c/hk_mp5a5_shoot_3p",
    
    "draw": "wyyc1991:79c/hk_mp5a5_draw",
    "put_away": "wyyc1991:79c/hk_mp5a5_put_away",
    "silence": "wyyc1991:79c/hk_mp5a5_silence",
    "silence_3p": "wyyc1991:79c/hk_mp5a5_silence_3p",
    "melee_bayonet": "tacz:melee_bayonet/melee_bayonet_01",
    "melee_push": "tacz:melee_stock/melee_stock_01",
    "melee_stock": "tacz:melee_stock/melee_stock_02"
  }







}
