{
    "model": "wyyc1991:gun/97-2.geo",
    "texture": "wyyc1991:gun/uv/9721",
    
    "hud": "wyyc1991:gun/hud/97-2",
    "slot": "wyyc1991:gun/slot/97-2",
    "ammo_count_style": "normal",
    "damage_style": "total",
    "animation": "wyyc1991:972",
   
    "use_default_animation": "rifle",
    "third_person_animation": "default",
    "player_animator_3rd": "tacz:rifle_default.player_animation",
    "show_crosshair": false,
    "transform": {
      "scale": {
        "thirdperson": [0.6, 0.6, 0.6],
        "ground": [0.6, 0.6, 0.6],
        "fixed": [1.2, 1.2, 1.2]
      }
    },
    "muzzle_flash": {
      "texture": "tacz:flash/common_muzzle_flash",
      "scale": 1.2
    },
    "iron_zoom": 1.2,
    
    "sounds": {
      "draw": "tacz:m870/m870_draw",
      "shoot": "tacz:m870/m870_shoot",
      "shoot_3p": "tacz:m870/m870_shoot_3p",
      "silence": "wyyc1991:97/97_silence",
      "silence_3p": "wyyc1991:97/97_silence_3p",
      "put_away": "tacz:m870/m870_put_away",
      "reload_tactical": "wyyc1991:972/972_reload_tactical",
      "reload_empty": "wyyc1991:972/972_reload_empty",
      "inspect": "wyyc1991:972/972_inspect",
      "inspect_empty": "wyyc1991:972/972_inspect_empty",
      "melee_push": "tacz:melee_stock/melee_stock_02",
      "melee_stock": "tacz:melee_stock/melee_stock_03"
    },
  
    "offhand_show": {
      "pos": [1, 20, 3.5],
      "rotate": [0, 0, 60],
      "scale": [0.5, 0.5, 0.5]
    },
    "hotbar_show": {
      "0": {
        "pos": [-1, 20, 3],
        "rotate": [-180, 0, 120],
        "scale": [0.5, 0.5, 0.5]
      }
    },
    "controllable": {
      "semi": {
        "low_frequency": 0.25,
        "high_frequency": 0.5,
        "time": 100
      }
    }
  }