{
    "model": "wyyc1991:gun/auto9.geo",
    "texture": "wyyc1991:gun/uv/auto9",
    
    "hud": "wyyc1991:gun/hud/auto9",
    "slot": "wyyc1991:gun/slot/auto9",
    "animation": "wyyc1991:auto9",
    "use_default_animation": "pistol",
    "player_animator_3rd": "tacz:pistol_default.player_animation",
    "transform": {
      "scale": {
        "thirdperson": [0.6, 0.6, 0.6],
        "ground": [0.6, 0.6, 0.6],
        "fixed": [1.2, 1.2, 1.2]
      }
    },
    "shell": {
      "initial_velocity": [5.0, 3.0, 1],
      "random_velocity": [2.5, 2, 0.25],
      "acceleration": [0.0, -20, 0.0],
      "angular_velocity": [360, -960, 90],
      "living_time": 1.0
    },
    "muzzle_flash": {
      "texture": "tacz:flash/common_muzzle_flash",
      "scale": 0.9
    },
    "sounds": {
      
      "inspect": "wyyc1991:auto9/auto9_inspect",
      "inspect_empty": "wyyc1991:auto9/auto9_inspect_empty",
      "draw": "wyyc1991:auto9/auto9_draw",
      "put_away": "wyyc1991:auto9/auto9_put_away",
      "shoot": "wyyc1991:auto9/auto9_shoot",
      "shoot_3p": "wyyc1991:flmr/glock17_shoot_3p",
      "silence": "wyyc1991:auto9/auto9_silence",
      "silence_3p": "wyyc1991:flmr/glock17_silence_3p"
    },
    "offhand_show": {
      "pos": [4, 13, -1],
      "rotate": [-90, -35, 90],
      "scale": [0.5, 0.5, 0.5]
    },
    "hotbar_show": {
      "0": {
        "pos": [-5, 13, -1],
        "rotate": [-90, -35, 90],
        "scale": [0.5, 0.5, 0.5]
      }
    }
  }