{
  "model": "wyyc1991:gun/cslr1751.geo",
  "texture": "wyyc1991:gun/uv/cslr1751",
  "hud": "wyyc1991:gun/hud/cslr1751",
  "slot": "wyyc1991:gun/slot/cslr1751",
  "state_machine": "wyyc1991:type89_state_machine",
  "animation": "wyyc1991:cslr1751",
  "use_default_animation": "rifle",
  "third_person_animation": "default",
  "player_animator_3rd": "tacz:rifle_default.player_animation",
  "show_crosshair": false,
  "transform": {
    "scale": {
      "thirdperson": [0.6, 0.6, 0.6],
      "ground": [0.6, 0.6, 0.6],
      "fixed": [1.2, 1.2, 1.2]
    }
  },
  "muzzle_flash": {
    "texture": "tacz:flash/common_muzzle_flash",
    "scale": 1
  },
  "iron_zoom": 1.33,
  "zoom_model_fov": 60,
  "shell": {
    "initial_velocity": [5, 2, 1],
    "random_velocity": [1, 1, 0.25],
    "acceleration": [0.0, -10, 0.0],
    "angular_velocity": [360, -1200, 90],
    "living_time": 1.0
  },
  "sounds": {
    "shoot": "wyyc1991:cslr17/cslr1751_shoot",
    "shoot_3p": "wyyc1991:cslr17/cslr1751_shoot_3p",
    "draw": "tacz:hk416d/hk416d_draw",
    "put_away": "tacz:hk416d/hk416d_put_away",
    "silence": "wyyc1991:type89/89t_silence",
    "silence_3p": "wyyc1991:type89/89t_silence_3p",
     
      "melee_bayonet": "tacz:melee_bayonet/melee_bayonet_01",
      "melee_push": "tacz:melee_stock/melee_stock_01",
      "melee_stock": "tacz:melee_stock/melee_stock_02"
  },
  "offhand_show": {
    "pos": [1, 20, 3.5],
    "rotate": [0, 0, 60],
    "scale": [0.5, 0.5, 0.5]
  },
 
  "hotbar_show": {
   
    "0": {
      "pos": [-1, 20, 3],
      "rotate": [-180, 0, 120],
      "scale": [0.5, 0.5, 0.5]
    }
  },
 
  
  "controllable": {
   
    "semi": {
      
      "low_frequency": 0.25,
      
      "high_frequency": 0.5,
      
      "time": 100
    },
    "auto": {
      "low_frequency": 0.15,
      "high_frequency": 0.25,
      "time": 80
    },
    "burst": {
      "low_frequency": 0.25,
      "high_frequency": 0.5,
      "time": 100
    }
  }
}