{
    "model": "wyyc1991:gun/flmr.geo",
    "texture": "wyyc1991:gun/uv/flmr",
  
    "hud": "wyyc1991:gun/hud/flmr",
    "slot": "wyyc1991:gun/slot/flmr",
    "animation": "wyyc1991:aflmr",
    "use_default_animation": "pistol",
    "player_animator_3rd": "tacz:pistol_default.player_animation",
    "transform": {
      "scale": {
        "thirdperson": [0.6, 0.6, 0.6],
        "ground": [0.6, 0.6, 0.6],
        "fixed": [1.2, 1.2, 1.2]
      }
    },
    "shell": {
      "initial_velocity": [8.0, 5.0, -0.5],
      "random_velocity": [2.5, 1.5, 0.25],
      "acceleration": [0.0, -20, 0.0],
      "angular_velocity": [360, -720, 90],
      "living_time": 1.0
    },
    "muzzle_flash": {
      "texture": "tacz:flash/common_muzzle_flash",
      "scale": 0.8
    },
    "sounds": {
      "kill": "wyyc1991:kill",
      "inspect": "wyyc1991:flmr/flmr_inspect",
      "inspect_empty": "wyyc1991:flmr/flmr_inspect_empty",
      "draw": "wyyc1991:flmr/glock17_draw",
      "shoot": "wyyc1991:flmr/flmr_shoot",
      "shoot_3p": "wyyc1991:flmr/glock17_shoot_3p",
      "silence": "wyyc1991:flmr/glock17_silence",
      "silence_3p": "wyyc1991:flmr/glock17_silence_3p"
    },
    "offhand_show": {
      "pos": [4, 13, -1],
      "rotate": [-90, -35, 90],
      "scale": [0.5, 0.5, 0.5]
    },
    "hotbar_show": {
      "0": {
        "pos": [-5, 13, -1],
        "rotate": [-90, -35, 90],
        "scale": [0.5, 0.5, 0.5]
      }
    }
  }