{
  "model": "wyyc1991:gun/kh9.geo",
  "texture": "wyyc1991:gun/uv/kh9",
  
  "hud": "wyyc1991:gun/hud/kh9",
  "slot": "wyyc1991:gun/slot/kh9",
  "animation": "wyyc1991:kh9",
  //"state_machine": "tacz:hk_mp5a5_state_machine",
  "use_default_animation": "rifle",
  "third_person_animation": "default",
  "transform": {
    "scale": {
      "thirdperson": [0.6, 0.6, 0.6],
      "ground": [0.6, 0.6, 0.6],
      "fixed": [1.2, 1.2, 1.2]
    }
  },
  "muzzle_flash": {
    "texture": "tacz:flash/common_muzzle_flash",
    "scale": 0.7
  },
  "shell": {
    "initial_velocity": [5, 2, 1],
    "random_velocity": [1, 1, 0.25],
    "acceleration": [0.0, -10, 0.0],
    "angular_velocity": [360, -1200, 90],
    "living_time": 1.0
  },
  "sounds": {
    "shoot": "tacz:hk_mp5a5/hk_mp5a5_shoot",
    "shoot_3p": "tacz:hk_mp5a5/hk_mp5a5_shoot_3p",
    "draw": "tacz:m320/m320_draw",
    "put_away":"tacz:m320/m320_put_away",
    "silence": "tacz:hk_mp5a5/hk_mp5a5_silence",
    "silence_3p": "tacz:hk_mp5a5/hk_mp5a5_silence_3p",
    "melee_push": "tacz:melee_stock/melee_stock_03",
    "melee_stock": "tacz:melee_stock/melee_stock_01"
  },
  "offhand_show": {
    "pos": [1, 20, 4],
    "rotate": [0, 0, 45],
    "scale": [0.5, 0.5, 0.5]
  },
  "hotbar_show": {
    "0": {
      "pos": [1, 16, -2],
    "rotate": [0, 0, 20],
    "scale": [0.5, 0.5, 0.5]
    }
  }
}