{
    "model": "wyyc1991:gun/m1917zhanhao.geo",
    "texture": "wyyc1991:gun/uv/m1917zh",
    "slot": "wyyc1991:gun/slot/m1917zhanhao",
	"hud": "wyyc1991:gun/hud/m1917zhanhao",
	"sounds": {
        "shoot": "wyyc1991:m1917zh/m1917zh_shoot",
        "shoot_3p": "wyyc1991:m1917zh/m1917zh_shoot_3p",
        "reload_empty": "wyyc1991:m1917zh/m1917zh_reload_empty",
        "reload_tactical": "wyyc1991:m1917zh/m1917zh_reload_tactical",
        "inspect": "wyyc1991:m1917zh/m1917zh_inspect",
        "inspect_empty": "wyyc1991:m1917zh/m1917zh_inspect_empty",
        "draw": "wyyc1991:m1917zh/m1917zh_draw",
        "put_away": "wyyc1991:m1917zh/m1917zh_put_away",
        "silence": "wyyc1991:m1918/hk_mp5a5_silence",
      "silence_3p": "wyyc1991:m1918/hk_mp5a5_silence_3p",
        "kill": "wyyc1991:kill",
        "melee_push": "tacz:melee_stock/melee_stock_01",
        "melee_stock": "tacz:melee_stock/melee_stock_02"
    },
	"shell": {
    "initial_velocity": [5, 2, 1],
    "random_velocity": [1, 1, 0.25],
    "acceleration": [0.0, -10, 0.0],
    "angular_velocity": [360, -1200, 90],
    "living_time": 1.0
  },
  "iron_zoom": 1.2,
  "animation": "wyyc1991:m1917zh",
  "use_default_animation": "rifle",
  "third_person_animation": "default",
  "player_animator_3rd": "tacz:rifle_default.player_animation",
  "muzzle_flash": {
    "texture": "tacz:flash/common_muzzle_flash",
    "scale": 0.65
  },
  
	"transform": {
        "scale": {
            "thirdperson": [
                0.6,
                0.6,
                0.6
            ],
            "ground": [
                0.6,
                0.6,
                0.6
            ],
            "fixed": [
                1.0,
                1.0,
                1.0
            ]
        }
    }
    
	
}