{
    "model": "wyyc1991:gun/m1918a1",
    "texture": "wyyc1991:gun/uv/1918a1",
    "hud": "wyyc1991:gun/hud/m1918",
    "slot": "wyyc1991:gun/slot/m1918",
    "animation": "wyyc1991:m1918",
    "use_default_animation": "rifle",
    "third_person_animation": "default",
    "iron_zoom": 1.2,
    "transform": {
      "scale": {
        "thirdperson": [0.6, 0.6, 0.6],
        "ground": [0.6, 0.6, 0.6],
        "fixed": [1.2, 1.2, 1.2]
      }
    },
    "muzzle_flash": {
      "texture": "tacz:flash/common_muzzle_flash",
      "scale": 0.6
    },
    "shell": {
      "initial_velocity": [5, 2, 1],
      "random_velocity": [1, 1, 0.25],
      "acceleration": [0.0, -10, 0.0],
      "angular_velocity": [360, -1200, 90],
      "living_time": 1.0
    },
    "sounds": {
      "shoot": "wyyc1991:m1918/m1918_shoot",
      "shoot_3p": "wyyc1991:m1918/hk_mp5a5_shoot_3p",
      "kill": "wyyc1991:kill",
      "inspect": "wyyc1991:m1918/1918m_inspect",
      "inspect_empty": "wyyc1991:m1918/1918m_inspect_empty",
      "draw": "wyyc1991:m1918/hk_mp5a5_draw",
      "put_away": "wyyc1991:m1918/hk_mp5a5_put_away",
      "silence": "wyyc1991:m1918/hk_mp5a5_silence",
      "silence_3p": "wyyc1991:m1918/hk_mp5a5_silence_3p",
      "melee_push": "tacz:melee_stock/melee_stock_03",
      "melee_stock": "tacz:melee_stock/melee_stock_01"
    },
    "offhand_show": {
      "pos": [1, 20, 4],
      "rotate": [0, 0, 45],
      "scale": [0.5, 0.5, 0.5]
    }
    
  }