{
    "model": "wyyc1991:gun/m82.geo",
    "texture": "wyyc1991:gun/uv/m82",
 
    "hud": "wyyc1991:gun/hud/m82",
    "slot": "wyyc1991:gun/slot/m82",
    "animation": "wyyc1991:m82",
    "use_default_animation": "rifle",
    "third_person_animation": "default",
    "transform": {
      "scale": {
        "thirdperson": [0.6, 0.6, 0.6],
        "ground": [0.6, 0.6, 0.6],
        "fixed": [1.2, 1.2, 1.2]
      }
    },
    "muzzle_flash": {
      "texture": "tacz:flash/common_muzzle_flash",
      "scale": 1
    },
    "iron_zoom": 1.2,
    "shell": {
      "initial_velocity": [5, 2, 1],
      "random_velocity": [1, 1, 0.25],
      "acceleration": [0.0, -10, 0.0],
      "angular_velocity": [360, -1200, 90],
      "living_time": 1.0
    },
    "sounds": {
      "shoot": "wyyc1991:m82/m82_shoot",
      "shoot_3p": "tacz:m107/m107_shoot_3p",
      "silence": "tacz:m107/m107_silence",
      "silence_3p": "tacz:m107/m107_silence_3p",
      
      
      "draw": "tacz:m107/m107_draw",
      "put_away": "tacz:m107/m107_put_away",
      "melee_push": "tacz:melee_stock/melee_stock_01",
      "melee_stock": "tacz:melee_stock/melee_stock_03"
    },
    "offhand_show": {
      "pos": [0, 19, 4],
      "rotate": [0, 0, 60],
      "scale": [0.5, 0.5, 0.5]
    },
    "hotbar_show": {
      "0": {
        "pos": [0, 19, 3],
        "rotate": [-180, 0, 120],
        "scale": [0.5, 0.5, 0.5]
      }
    }
  }