{
  "model": "wyyc1991:gun/m950a.geo",
  "texture": "wyyc1991:gun/uv/m950",
  
  "hud": "wyyc1991:gun/hud/m950a",
  "slot": "wyyc1991:gun/slot/m950a",
  "animation": "wyyc1991:m950",
  "use_default_animation": "rifle",
  "third_person_animation": "default",
  "state_machine": "wyyc1991:m950_state_machine",
  "transform": {
    "scale": {
      "thirdperson": [0.6, 0.6, 0.6],
      "ground": [0.6, 0.6, 0.6],
      "fixed": [1.2, 1.2, 1.2]
    }
  },
  "muzzle_flash": {
    "texture": "tacz:flash/common_muzzle_flash",
    "scale": 0.75
  },
  "shell": {
    "initial_velocity": [0, -5, 0],
    "random_velocity": [1, 1, 0.25],
    "acceleration": [0.0, -10, 0.0],
    "angular_velocity": [360, -1200, 90],
    "living_time": 1.0
  },
  "sounds": {
    "reload_empty": "tacz:p90/p90_reload_empty",
    "reload_tactical": "tacz:p90/p90_reload_tactical",
    "inspect": "tacz:p90/p90_inspect",
    "inspect_empty": "tacz:p90/p90_inspect_empty",
    "draw": "tacz:p90/p90_draw",
    "put_away": "tacz:p90/p90_put_away",
    "shoot": "wyyc1991:m950/m950_shoot",
    "shoot_3p": "wyyc1991:m950/m950_shoot_3p",
    "silence": "wyyc1991:m950/m950_silence",
    "silence_3p": "wyyc1991:m950/m950_silence_3p",
    "melee_push": "tacz:melee_stock/melee_stock_03",
    "melee_stock": "tacz:melee_stock/melee_stock_01"
  },
  "offhand_show": {
    "pos": [1, 19, 4],
    "rotate": [0, 0, 30],
    "scale": [0.5, 0.5, 0.5]
  },
  "hotbar_show": {
    "0": {
      "pos": [1, 16, -2],
    "rotate": [0, 0, 20],
    "scale": [0.5, 0.5, 0.5]
    }
  }
}