{
    "model": "wyyc1991:gun/mg1917.geo",
    "texture": "wyyc1991:gun/uv/mg1917",
    "hud": "wyyc1991:gun/hud/mg1917",
    "slot": "wyyc1991:gun/slot/mg1917",
    "animation": "wyyc1991:mg1917",
    "use_default_animation": "rifle",
    "third_person_animation": "default",
    "iron_zoom": 1.3,
    "state_machine": "wyyc1991:1917mg_state_machine",
    "lod": {
      "model": "wyyc1991:gun/lod/mg1917",
      "texture": "wyyc1991:gun/lod/mg1917"
    },
    "transform": {
      "scale": {
        "thirdperson": [0.6, 0.6, 0.6],
        "ground": [0.6, 0.6, 0.6],
        "fixed": [1.2, 1.2, 1.2]
      }
    },
    "muzzle_flash": {
      "texture": "tacz:flash/common_muzzle_flash",
      "scale": 0.75
    },
    "shell": {
      "initial_velocity": [3, -0.5, 0.25],
      "random_velocity": [3, 0.5, 0.25],
      "acceleration": [0.0, -10, 0.0],
      "angular_velocity": [360, -3000, 90],
      "living_time": 1.0
    },
    "sounds": {
      "shoot": "wyyc1991:mg1917/mg1917_shoot",
      "shoot_3p": "wyyc1991:mg1917/mg1917_shoot_3p",
     "kill": "wyyc1991:kill",
      "inspect": "wyyc1991:mg1917/mg1917_inspect",
      "inspect_empty": "wyyc1991:mg1917/mg1917_inspect_empty",
      "draw": "tacz:m249/m249_draw",
      "put_away": "tacz:m249/m249_put_away",
      "silence": "tacz:m249/m249_silence",
      "silence_3p": "tacz:m249/m249_silence_3p",
      "melee_push": "tacz:melee_stock/melee_stock_02",
      "melee_stock": "tacz:melee_stock/melee_stock_03"
    },
    "offhand_show": {
      "pos": [0, 18, 5],
      "rotate": [-20, 0, 30],
      "scale": [0.5, 0.5, 0.5]
    },
    "hotbar_show": {
      "0": {
        "pos": [-4, 24, 4],
        "rotate": [-90, -5, -90],
        "scale": [0.5, 0.5, 0.5]
      }
    }
  }