{
    "model": "wyyc1991:gun/211.geo",
    "texture": "wyyc1991:gun/uv/qba211",
    
    "hud": "wyyc1991:gun/hud/qba211",
    "slot": "wyyc1991:gun/slot/qba211",
    "ammo_count_style": "normal",
    "damage_style": "total",
    "animation": "wyyc1991:qba211",
    "state_machine": "tacz:hk416d_state_machine",
    "use_default_animation": "rifle",
    "third_person_animation": "default",
    "show_crosshair": false,
    "transform": {
      "scale": {
        "thirdperson": [0.6, 0.6, 0.6],
        "ground": [0.6, 0.6, 0.6],
        "fixed": [1.2, 1.2, 1.2]
      }
    },
    "shell": {
    "initial_velocity": [5, 2, 1],
    "random_velocity": [1, 1, 0.25],
    "acceleration": [0.0, -10, 0.0],
    "angular_velocity": [360, -1200, 90],
    "living_time": 1.0
  },
    "muzzle_flash": {
      "texture": "tacz:flash/common_muzzle_flash",
      "scale": 1.7
    },
    "iron_zoom": 1.2,

    "sounds": {
        "shoot": "wyyc1991:211/211_shoot",
        "shoot_3p": "wyyc1991:211/211_shoot_3p",
        "silence": "tacz:aa12/aa12_silence",
        "silence_3p": "tacz:aa12/aa12_silence_3p",
        "draw": "tacz:aa12/aa12_draw",
        "put_away": "tacz:aa12/aa12_put_away",
        "melee_push": "tacz:melee_stock/melee_stock_02",
        "melee_stock": "tacz:melee_stock/melee_stock_03"
    },
  
    "offhand_show": {
      "pos": [1, 20, 3.5],
      "rotate": [0, 0, 60],
      "scale": [0.5, 0.5, 0.5]
    },
    "hotbar_show": {
      "0": {
        "pos": [-1, 20, 3],
        "rotate": [-180, 0, 120],
        "scale": [0.5, 0.5, 0.5]
      }
    },
    "controllable": {
      "semi": {
        "low_frequency": 0.25,
        "high_frequency": 0.5,
        "time": 100
      }
    }
  }