{
    "model": "wyyc1991:gun/rm1918t32.geo",
    "texture": "wyyc1991:gun/uv/mt1918",
    "hud": "wyyc1991:gun/hud/rm1918",
    "slot": "wyyc1991:gun/slot/rm1918",
    "animation": "wyyc1991:rm1918t.geo",
    "use_default_animation": "rifle",
    "third_person_animation": "default",
    "player_animator_3rd": "tacz:rifle_default.player_animation",
    
    "show_crosshair": false,
    
    "transform": {
      
      "scale": {
        "thirdperson": [0.6, 0.6, 0.6],
        "ground": [0.6, 0.6, 0.6],
        "fixed": [1.0, 1.0, 1.0]
      }
    },
    "muzzle_flash": {
      "texture": "tacz:flash/common_muzzle_flash",
      "scale": 0.75
    },
    
    "iron_zoom": 1.5,
    
    "shell": {
      
      "initial_velocity": [5, 2, 1],
      
      "random_velocity": [1, 1, 0.25],
      
      "acceleration": [0.0, -10, 0.0],
      
      "angular_velocity": [360, -1200, 90],
      
      "living_time": 1.0
    },
    
    "ammo": {
      "tracer_color": "#FF8888"
      
    },
   
    "sounds": {
      "shoot": "wyyc1991:rm1918/rm1918_shoot",
      "shoot_3p": "wyyc1991:rm1918/rm1918_shoot_3p",
      "reload_empty": "wyyc1991:rm1918/rm1918_reload_empty",
      "reload_tactical": "wyyc1991:rm1918/rm1918_reload_tactical",
      "inspect": "wyyc1991:rm1918/rm1918_inspect",
      "inspect_empty": "wyyc1991:rm1918/rm1918_inspect_empty",
      "draw": "wyyc1991:56-1/ak47_draw",
      "put_away": "wyyc1991:56-1/ak47_put_away",
      "silence": "wyyc1991:rm1918/ak47_silence",
      "silence_3p": "wyyc1991:rm1918/ak47_silence_3p",
      
      "dry_fire": "tacz:dry_fire",
      "fire_select": "tacz:fire_select",
      "head_hit": "tacz:head_hit",
      "flesh_hit": "tacz:flesh_hit",
      "kill": "wyyc1991:kill",
     
      "melee_bayonet": "tacz:melee_bayonet/melee_bayonet_01",
      "melee_push": "tacz:melee_stock/melee_stock_01",
      "melee_stock": "tacz:melee_stock/melee_stock_02"
    },
    
    "offhand_show": {
      
      "pos": [1, 20, 3.5],
      
      "rotate": [0, 0, 60],
      
      "scale": [0.5, 0.5, 0.5]
    }
    
   
    
  
  }