{
    "model": "wyyc1991:gun/svu.geo",
    "texture": "wyyc1991:gun/uv/svu",
   "state_machine": "wyyc1991:svu_state_machine",
    "hud": "wyyc1991:gun/hud/svu",
    "slot": "wyyc1991:gun/slot/svu",
    "animation": "wyyc1991:svu",
    "use_default_animation": "rifle",
    "third_person_animation": "default",
    "transform": {
      "scale": {
        "thirdperson": [0.6, 0.6, 0.6],
        "ground": [0.6, 0.6, 0.6],
        "fixed": [1.2, 1.2, 1.2]
      }
    },
    "muzzle_flash": {
      "texture": "tacz:flash/common_muzzle_flash",
      "scale": 0.8
    },
    "iron_zoom": 1.5,
    "zoom_model_fov": 65,
    "shell": {
      "initial_velocity": [5, 2, 1],
      "random_velocity": [1, 1, 0.25],
      "acceleration": [0.0, -10, 0.0],
      "angular_velocity": [360, -1200, 90],
      "living_time": 1.0
    },
    "sounds": {
      "shoot": "wyyc1991:svu/svu_shoot",
      "shoot_3p": "wyyc1991:svu/svu_shoot_3p",
     
      "inspect": "wyyc1991:svu/86s_inspect",
      "inspect_empty": "wyyc1991:svu/86s_inspect_empty",
      "draw": "wyyc1991:svu/86s_draw",
      "put_away": "wyyc1991:svu/86s_put_away",
      "silence": "wyyc1991:svu/svu_silence",
      "silence_3p": "wyyc1991:svu/svu_silence_3p",
      "dry_fire": "tacz:dry_fire",
      "fire_select": "tacz:fire_select",
      "head_hit": "tacz:head_hit",
      "flesh_hit": "tacz:flesh_hit",
      "kill": "tacz:kill",
      "melee_push": "tacz:melee_stock/melee_stock_01",
      "melee_stock": "tacz:melee_stock/melee_stock_03"
    },
    "offhand_show": {
      "pos": [0, 19, 4],
      "rotate": [0, 0, 60],
      "scale": [0.5, 0.5, 0.5]
    },
    "hotbar_show": {
      "0": {
        "pos": [0, 19, 3],
        "rotate": [-180, 0, 120],
        "scale": [0.5, 0.5, 0.5]
      }
    }
  }