{ 
    "model": "wyyc1991:gun/toz.geo",
    "texture": "wyyc1991:gun/uv/toz1",
    "hud": "wyyc1991:gun/hud/toz",
    "slot": "wyyc1991:gun/slot/toz",
    "ammo_count_style": "normal",  
    "animation": "wyyc1991:toz.geo", 
    "use_default_animation": "rifle",  
    "third_person_animation": "default",
    "player_animator_3rd": "tacz:rifle_default.player_animation",
    "show_crosshair": false,
    "transform": {
      "scale": {
        "thirdperson": [0.6, 0.6, 0.6],
        "ground": [0.6, 0.6, 0.6],
        "fixed": [1.2, 1.2, 1.2]
      }
    },
    "muzzle_flash": {
      "texture": "tacz:flash/common_muzzle_flash",
      "scale": 0.75
    },
    "iron_zoom": 1.2,
    "sounds": {
        "reload_empty": "wyyc1991:toz/toz_reload_empty",
        "reload_tactical": "wyyc1991:toz/toz_reload_tactical",
        "inspect": "wyyc1991:toz/toz_inspect",
        "inspect_empty": "wyyc1991:toz/toz_inspect_empty",
        "draw": "tacz:ai_awp/awp_draw",
        "shoot": "wyyc1991:toz/toz_shoot",
        "shoot_3p": "wyyc1991:toz/toz_shoot_3p",
        "silence": "wyyc1991:toz/toz_silence",
        "silence_3p": "wyyc1991:toz/toz_silence_3p",
        "bolt": "wyyc1991:toz/toz_bolt",
        "put_away": "tacz:ai_awp/awp_put_away",
        "melee_push": "tacz:melee_stock/melee_stock_02",
        "melee_stock": "tacz:melee_stock/melee_stock_03"
      },
    
    "offhand_show": {
     
      "pos": [1, 20, 3.5],
      
      "rotate": [0, 0, 60],
      
      "scale": [0.5, 0.5, 0.5]
    },
    
    "hotbar_show": {
      
      "0": {
        "pos": [-1, 20, 3],
        "rotate": [-180, 0, 120],
        "scale": [0.5, 0.5, 0.5]
      }
    }
  }