{
  "model": "wyyc1991:gun/type54",
  "texture": "wyyc1991:gun/uv/type54",
 
  "hud": "wyyc1991:gun/hud/type54",
  "slot": "wyyc1991:gun/slot/type54",
  "animation": "wyyc1991:type54",
  "use_default_animation": "pistol",
  "player_animator_3rd": "tacz:pistol_default.player_animation",
  "transform": {
    "scale": {
      "thirdperson": [0.6, 0.6, 0.6],
      "ground": [0.6, 0.6, 0.6],
      "fixed": [1.2, 1.2, 1.2]
    }
  },
  "shell": {
    "initial_velocity": [8.0, 5.0, -0.5],
    "random_velocity": [2.5, 1.5, 0.25],
    "acceleration": [0.0, -20, 0.0],
    "angular_velocity": [360, -720, 90],
    "living_time": 1.0
  },
  "muzzle_flash": {
    "texture": "tacz:flash/common_muzzle_flash",
    "scale": 0.8
  },
  "sounds": {
    "reload_empty": "wyyc1991:type54/type54_reload_empty",
    "reload_tactical": "wyyc1991:type54/type54_reload_tactical",
    "inspect": "wyyc1991:type54/type54_inspect",
    "inspect_empty": "wyyc1991:type54/type54_inspect_empty",
    "draw": "tacz:glock_17/glock17_draw",
    "shoot": "wyyc1991:type54/type54_shoot",
    "shoot_3p": "wyyc1991:type54/type54_shoot_3p",
    "silence": "tacz:glock_17/glock17_silence",
    "silence_3p": "tacz:glock_17/glock17_silence_3p"
  },
  "offhand_show": {
    "pos": [4, 13, -1],
    "rotate": [-90, -35, 90],
    "scale": [0.5, 0.5, 0.5]
  },
  "hotbar_show": {
    "0": {
      "pos": [-5, 13, -1],
      "rotate": [-90, -35, 90],
      "scale": [0.5, 0.5, 0.5]
    }
  }
}