{
    "ammo": "wyyc1991:65x50",
    "ammo_amount": 25,
    "extended_mag_ammo_amount": [
      30,
      35,
      40
    ],
    "bolt": "closed_bolt",
    "rpm": 450,
    "bullet": {
      "life": 0.8,
      "bullet_amount": 1,
      "damage": 12,
      "tracer_count_interval": 0,
      "extra_damage": {
        "armor_ignore": 0.5,
        "head_shot_multiplier": 1.75,
        "damage_adjust": [
          {"distance": 0.5, "damage": 13.5},
          {"distance": 40, "damage": 12},
          {"distance": 50, "damage": 11},
          {"distance": "infinite", "damage": 9}
        ]
      },
      "speed": 275,
      "gravity": 0.025,
      "knockback": 0,
      "friction": 0.012,
      "ignite": false,
      "pierce": 1
    },
    "weight": 5,
   "movement_speed": {
    "base": 0.0,
    "aim": -0.2,
    "reload": -0.1
  },
    "reload": {
      "type": "magazine",
      "feed": {
        "empty": 2.47,
        "tactical": 1.7
      },
      "cooldown": {
        "empty": 3.13,
        "tactical": 2.47
      }
    },
    "draw_time": 0.48,
    "put_away_time": 0.47,
    "aim_time": 0.2,
    "sprint_time": 0.22,
    "fire_mode": [
      "auto",
      "semi"
    ],

   "script": "tacz:xmag_reload_logic",
  "script_param": {
    "reload_feed": 1.8,
    "reload_cooldown": 2.5,
    "empty_feed": 2.6,
    "empty_cooldown": 3.27,
    "reload_xmag_1_feed": 1.81,
    "reload_xmag_1_cooldown": 2.51,
    "empty_xmag_1_feed": 2.61,
    "empty_xmag_1_cooldown": 3.28,
    "reload_xmag_2_feed": 1.82,
    "reload_xmag_2_cooldown": 2.52,
    "empty_xmag_2_feed": 2.62,
    "empty_xmag_2_cooldown": 3.29,
    "reload_xmag_3_feed": 1.83,
    "reload_xmag_3_cooldown": 2.53,
    "empty_xmag_3_feed": 2.63,
    "empty_xmag_3_cooldown": 3.3
  },
    "burst_data": {
     
      "continuous_shoot": true,
    
      "count": 3,
      
      "bpm": 900,
      
      "min_interval": 0.3
    },
    "melee": {
    
      "distance": 1,
      
      "cooldown": 0.6,
      
      "default": {
        
        "animation_type": "melee_stock",
       
        "distance": 0,
        
        "range_angle": 30,
        
        "damage": 2,
        
        "knockback": 0.5,
        
        "prep": 0.1
      }
    },


    "recoil": {
      "pitch": [
        {"time": 0, "value": [0.55, 0.55]},
        {"time": 0.25, "value": [0.5, 0.5]},
        {"time": 0.5, "value": [-0.175, -0.175]},
        {"time": 0.6, "value": [0, 0]},
        {"time": 0.8, "value": [0, 0]}
      ],
      "yaw": [
        {"time": 0, "value": [-0.3, 0.125]},
        {"time": 0.5, "value": [-0.3, 0.125]},
        {"time": 0.7, "value": [0, 0]}
      ]
    },
    "inaccuracy": {
      "stand": 5,
      "move": 8,
      "sneak": 3,
      "lie": 2,
      "aim": 0.1
    },
    "allow_attachment_types": [
      "scope",
      "grip",
      "laser",
      "muzzle",
      "extended_mag"
    ],
    "exclusive_attachments": {
    }
  }