{
    "ammo": "tacz:762x54",
    "ammo_amount": 5,
    "bolt": "manual_action",
    "rpm": 300,
    "bullet": {
      "life": 0.9,
      "bullet_amount": 1,
      "damage": 42,
      "tracer_count_interval": 0,
      "extra_damage": {
        "armor_ignore": 0.60,
        "head_shot_multiplier": 2,
        "damage_adjust": [
          {"distance": 80, "damage": 42},
          {"distance": 160, "damage": 36},
          {"distance": "infinite", "damage": 26}
        ]
      },
      "speed": 700,
      "gravity": 0.1,
      "knockback": 0,
      "friction": 0.015,
      "ignite": false,
      "pierce": 1
    },
    "script": "wyyc1991:53q_gun_logic",
    "script_param": {
      "bolt_time": 1,
      "intro": 1.44,
      "intro_empty": 1.3,
      "intro_empty_clip": 1.27,
      "loop": 0.8,
      "ending": 1,
      "ending_empty": 1,
      "ending_empty_feed": 0.5,
      "clip_load": 1.17,
      "clip_load_feed": 1,
      "loop_feed": 0.3
    },
    "reload": {
      "type": "magazine",
      "feed": {
        "empty": 3.5,
        "tactical": 3.5
      },
      "cooldown": {
        "empty": 4,
        "tactical": 4.5
      }
    },
    "draw_time": 0.8,
    "put_away_time": 0.43,
    "aim_time": 0.25,
    "sprint_time": 0.2,
    "bolt_action_time": 1.3,
    "weight": 3.5,
  "movement_speed": {
    "base": 0.0,
    "aim": -0.15,
    "reload": -0.15
  },
    "fire_mode": [
      "semi"
    ],
    "recoil": {
        "pitch": [
          {"time": 0, "value": [3.2, 3.2]},
          {"time": 0.32, "value": [2.2, 2.2]},
          {"time": 0.57, "value": [-0.5, -0.5]},
          {"time": 0.80, "value": [0.22, 0.22]},
          {"time": 1.01, "value": [0, 0]}
        ],
        "yaw": [
          {"time": 0, "value": [-0.6, -0.5]},
          {"time": 0.32, "value": [-0.6, -0.5]},
          {"time": 0.57, "value": [0, 0]}
        ]
      },
    "inaccuracy": {
      "stand": 7,
      "move": 10,
      "sneak": 3.5,
      "lie": 2.5,
      "aim": 0.05
    },
    "allow_attachment_types": [
      "scope",
      "extended_mag",
      "laser",
      "muzzle"
    ],
    
    "melee": {
      "distance": 1,
      "cooldown": 0.7,
      "default": {
        "animation_type": "melee_stock", 
        "distance": 0, 
        "range_angle": 40,
        "damage": 1,
        "knockback": 1,
        "prep": 0.1
      }
    }
  }