{
    "ammo": "tacz:762x39",
    "ammo_amount": 20,
    "extended_mag_ammo_amount": [
      25,
      30,
      40
    ],
    
    "bolt": "closed_bolt",
   
    "rpm": 750,
    
    "bullet": {
      
      "life": 0.8,
      
      "bullet_amount": 1,
      
      "damage": 9,
      
      "tracer_count_interval": 0,
      
      "extra_damage": {
        
        "armor_ignore": 0.3,
       
        "head_shot_multiplier": 1.5,
        
        "damage_adjust": [
          
          {"distance": 0.5, "damage": 10},
          {"distance": 25, "damage": 10},
          {"distance": 50, "damage": 9},
          {"distance": 80, "damage": 8},
          {"distance": 120, "damage": 6.5},
         
          {"distance": "infinite", "damage": 5.5}
        ]
      },
      
      "speed": 240,
     
      "gravity": 0.0245,
      
      "knockback": 0,
      "friction": 0.01,
      
      "ignite": false,
      
      "ignite_entity_time": 2,
    
      "pierce": 1
      
    },
    "weight": 3,
   "movement_speed": {
    "base": 0.0,
    "aim": -0.2,
    "reload": -0.1
  },
    "melee": {
     
      "distance": 1,
     
      "cooldown": 0.7,
     
      "default": {
      
        "animation_type": "melee_push",
       
        "distance": 0,
        
        "range_angle": 40,
        
        "cooldown": 0,
        
        "damage": 1,
        
        "knockback": 0.5,
        
        "prep": 0.1
      }
    },
  "reload": {
    "type": "magazine",
    "feed": {
      "empty": 2.17,
      "tactical": 1.6
    },
    "cooldown": {
      "empty": 2.84,
      "tactical": 2.19
    }
  },
    "script": "tacz:xmag_reload_logic",
  "script_param": {
    "reload_feed": 1.6,
    "reload_cooldown": 2.19,
    "empty_feed": 2.17,
    "empty_cooldown": 2.84,
    "reload_xmag_1_feed": 1.8,
    "reload_xmag_1_cooldown": 2.4,
    "empty_xmag_1_feed": 2.47,
    "empty_xmag_1_cooldown": 2.97,
    "reload_xmag_2_feed": 1.93,
    "reload_xmag_2_cooldown": 2.6,
    "empty_xmag_2_feed": 2.53,
    "empty_xmag_2_cooldown": 3.13,
    "reload_xmag_3_feed": 2.43,
    "reload_xmag_3_cooldown": 3,
    "empty_xmag_3_feed": 2.7,
    "empty_xmag_3_cooldown": 3.30
  },
    "draw_time": 0.48,
    
    "put_away_time": 0.47,
    
    "aim_time": 0.2,
    "sprint_time": 0.2,
    
    "fire_mode": [
      "auto",
      "semi"
    ],
    
    "burst_data": {
      
      "continuous_shoot": true,
     
      "count": 3,
      
      "bpm": 900,
     
      "min_interval": 0.3
    },
    "builtin_attachments": {
      "stock": "tacz:oem_stock_light"
    },
    "recoil": {
      "pitch": [
        {"time": 0, "value": [0.5, 0.5]},
        {"time": 0.25, "value": [0.6, 0.6]},
        {"time": 0.45, "value": [-0.125, -0.125]},
        {"time": 0.6, "value": [0, 0]}
      ],
      "yaw": [
        {"time": 0, "value": [-0.35, -0.15]},
        {"time": 0.25, "value": [-0.35, -0.15]},
        {"time": 0.45, "value": [0, 0]}
      ]
    },
    
    "hurt_bob_tweak_multiplier": 0.05,

    "inaccuracy": {
      "stand": 5,
      "move": 5,
      "sneak": 3,
      "lie": 2,
      "aim": 0.075
    },
    
    "allow_attachment_types": [
    "scope",
    "stock",
    "grip",
    "muzzle",
    "laser",
    "extended_mag"

    ],
    
    "exclusive_attachments": {
      
      
    }
  }