{
    "ammo": "wyyc1991:762x25",
    "rpm": 1000,
    "bullet": {
      "life": 1,
      "bullet_amount": 1,
      "damage": 8,
      "tracer_count_interval": 0,
      "extra_damage": {
        "armor_ignore": 0.25,
        "head_shot_multiplier": 1.5,
        "damage_adjust": [
          {"distance": 1, "damage": 9},
          {"distance": 20, "damage": 8},
          {"distance": 45, "damage": 7},
          {"distance": "infinite", "damage": 5}
        ]
      },
      "speed": 200,
      "gravity": 0.0245,
      "knockback": 0,
      "friction": 0.012,
      "ignite": false,
      "pierce": 1
    },
    "ammo_amount": 20,
    "extended_mag_ammo_amount": [
      30,
      40,
      50
    ],
    "bolt": "closed_bolt",
    "reload": {
      "type": "magazine",
      "feed": {
        "empty": 2.7,
        "tactical": 1.77
      },
      "cooldown": {
        "empty": 3.27,
        "tactical": 2.53
      }
    },
    "script": "tacz:xmag_reload_logic",
  "script_param": {
    "reload_feed": 1.77,
    "reload_cooldown": 2.53,
    "empty_feed": 2.7,
    "empty_cooldown": 3.27,
    "reload_xmag_1_feed": 1.78,
    "reload_xmag_1_cooldown": 2.57,
    "empty_xmag_1_feed": 2.71,
    "empty_xmag_1_cooldown": 3.3,
    "reload_xmag_2_feed": 1.79,
    "reload_xmag_2_cooldown": 2.63,
    "empty_xmag_2_feed": 2.72,
    "empty_xmag_2_cooldown": 3.37,
    "reload_xmag_3_feed": 2.77,
    "reload_xmag_3_cooldown": 3.87,
    "empty_xmag_3_feed": 3.07,
    "empty_xmag_3_cooldown": 3.97
  },
    "draw_time": 0.32,
    "put_away_time": 0.35,
    "sprint_time": 0.2,
    "aim_time": 0.17,
    "fire_mode": [
      "auto",
      "semi"
    ],
    "weight": 2,
   "movement_speed": {
    "base": 0.0,
    "aim": -0.1,
    "reload": -0.1
  },
    "burst_data": {
      "continuous_shoot": false,
      "count": 3,
      "bpm": 900,
      "min_interval": 0.3
    },
    "allow_attachment_types": [
      "muzzle",
      "stock",
      "grip",
      "scope",
      "laser",
      "extended_mag"
    ],
    "melee": {
      
      "distance": 1,
      
      "cooldown": 0.5,
      
      "default": {
        
        "animation_type": "melee_stock",
        
        "distance": 0,
        
        "range_angle": 30,
        
        "damage": 4,
        
        "knockback": 0.6,
        
        "prep": 0.1
      }
    },
    "builtin_attachments": {
      "stock": "tacz:oem_stock_light"
    },

    
    "recoil": {
      "pitch": [
        {"time": 0, "value": [0.55, 0.55]},
        {"time": 0.3, "value": [0.55, 0.55]},
        {"time": 0.5, "value": [-0.125, -0.125]},
        {"time": 0.65, "value": [0, 0]}
      ],
      "yaw": [
        {"time": 0, "value": [0.15, 0.25]},
        {"time": 0.3, "value": [0.15, 0.25]},
        {"time": 0.5, "value": [0, 0]}
      ]
    },
    "inaccuracy": {
      "stand": 3.2,
      "move": 4.5,
      "sneak": 2.5,
      "lie": 1.8,
      "aim": 0.175
    }
  }