{
    "ammo": "tacz:58x42",
    "ammo_amount": 30,
    "extended_mag_ammo_amount": [
      33,
      36,
      75
    ],
    "bolt": "closed_bolt",
    "rpm": 630,
    "bullet": {
      "life": 0.75,
      "bullet_amount": 1,
      "damage": 7.5,
      "tracer_count_interval": 0,
      "extra_damage": {
        "armor_ignore": 0.4,
        "head_shot_multiplier": 1.5,
        "damage_adjust": [
          {"distance": 25, "damage": 7.5},
          {"distance": 45, "damage": 6},
          {"distance": "infinite", "damage": 4.5}
        ]
      },
      "speed": 265,
      "gravity": 0.15,
      "knockback": 0,
      "friction": 0.02,
      "ignite": false,
      "pierce": 1
    },
    "reload": {
      "type": "magazine",
      "feed": {
        "empty": 1.9,
        "tactical": 1.2
      },
      "cooldown": {
        "empty": 2.54,
        "tactical": 2.04
      }
    },
    "script": "tacz:xmag_reload_logic",
    "script_param": {
    "reload_feed": 1.2,
    "reload_cooldown": 2.04,
    "empty_feed": 1.9,
    "empty_cooldown": 2.54,
    "reload_xmag_1_feed": 1.3,
    "reload_xmag_1_cooldown": 2.17,
    "empty_xmag_1_feed": 2,
    "empty_xmag_1_cooldown": 2.6,
    "reload_xmag_2_feed": 2,
    "reload_xmag_2_cooldown": 2.5,
    "empty_xmag_2_feed": 2.93,
    "empty_xmag_2_cooldown": 3.1,
    "reload_xmag_3_feed": 2.5,
    "reload_xmag_3_cooldown": 3.32,
    "empty_xmag_3_feed": 3.43,
    "empty_xmag_3_cooldown": 4
  },
    "draw_time": 0.71,
    "put_away_time": 0.43,
    "aim_time": 0.15,
    "sprint_time": 0.18,
    "weight": 3.4,
    "movement_speed": {
      "base": 0.0,
      "aim": -0.2,
      "reload": -0.1
    },
    "crawl_recoil_multiplier": 0.5,
    "fire_mode": [
      "auto",
      "semi"
    ],
    "fire_mode_adjust": {
      // 半自动状态的数值调整，如无调整可不写
      "semi": {
        // 加算，半自动模式的开火数值调整，如无调整可不写
        "damage": 2,
        "rpm": -330,
        "speed": 20,
        "knockback": 0.0,
        "armor_ignore": 0.0,
        "head_shot_multiplier": 0.25,
        "aim_inaccuracy": -0.05,
        "other_inaccuracy": -0.5
      }
      // 多连发状态的数值调整，如无调整可不写
      // "burst": {
      // 加算，多连发模式的开火数值调整，如无调整可不写
      // "damage": 0,
      // "rpm": 0,
      // "speed": 0,
      // "knockback": 0,
      // "armor_ignore": 0,
      // "head_shot_multiplier": 0,
      // "aim_inaccuracy": 0,
      // "other_inaccuracy": 0
      // }
    },
    "burst_data": {
      "continuous_shoot": false,
      "count": 3,
      "bpm": 900,
      "min_interval": 0.3
    },
    "recoil": {
      "pitch": [
        {"time": 0, "value": [0.35, 0.35]},
        {"time": 0.25, "value": [0.15, 0.15]},
        {"time": 0.6, "value": [-0.125, -0.125]},
        {"time": 0.7, "value": [0, 0]}
      ],
      "yaw": [
        {"time": 0, "value": [-0.25, 0.25]},
        {"time": 0.25, "value": [-0.25, 0.25]},
        {"time": 0.33, "value": [0, 0]}
      ]
    },
    "inaccuracy": {
      "stand": 4.75,
      "move": 6,
      "sneak": 4,
      "lie": 2,
      "aim": 0.1
    },
    // 近战相关
    "melee": {
      // 枪械距离参数，用来延升近战攻击范围
      // 会与刺刀等配件的距离做加和
      "distance": 1,
      // 使用时的冷却时间
      "cooldown": 0.6,
      // 默认近战数据，会被配件的数据替换掉
      "default": {
        // 动画类型：没有枪托的为 melee_push，有枪托的为 melee_stock
        "animation_type": "melee_stock",
        // 刺刀距离参数，枪械里还有个刺刀攻击距离参数，两者做加和
        "distance": 1,
        // 刺刀范围角度
        "range_angle": 30,
        // 伤害值
        "damage": 2,
        // 击退效果
        "knockback": 0.5,
        // 前摇时长，单位：秒
        "prep": 0.1
      }
    },
    "allow_attachment_types": [
      "muzzle",
      "scope",
      "stock",
      "laser",
      "grip",
      "extended_mag"
    ],
    "exclusive_attachments": {
    }
  }