{
    "ammo": "tacz:12g",
    "ammo_amount": 5,
    "extended_mag_ammo_amount": [
      6,
      7,
      9
    ],
    "bolt": "manual_action",
    "rpm": 170,
    "bullet": {
      "life": 0.6,
      "bullet_amount": 9,
      "damage": 36,
      "tracer_count_interval": 0,
      "extra_damage": {
        "armor_ignore": 0.25,
        "head_shot_multiplier": 1.33,
        "damage_adjust": [
          {"distance": 18, "damage": 36},
          {"distance": 32, "damage": 27},
          {"distance": "infinite", "damage": 18}
        ]
      },
      "speed": 150,
      "gravity": 0.15,
      "knockback": 0.15,
      "friction": 0.05,
      "ignite": false,
      "pierce": 1
    },
    "reload": {
      "type": "magazine",

      "feed": {
        "empty": 3.1,
        "tactical": 2.3
      },
      "cooldown": {
        "empty": 3.4,
        "tactical": 3
      }
    },
    "draw_time": 0.8,
    "put_away_time": 0.47,
    
    "aim_time": 0.15,
    "sprint_time": 0.13,
    "weight": 3,
    "movement_speed": {
      "base": 0.0,
      "aim": -0.2,
      "reload": 0
    },
    "fire_mode": [
      "semi"
    ],
   "recoil": {
      "pitch": [
        {"time": 0, "value": [5.5, 5.5]},
        {"time": 0.1, "value": [4.5, 4.5]},
        {"time": 0.13, "value": [5, 5]},
        {"time": 0.4, "value": [-0.5, -0.5]},
        {"time": 0.53, "value": [0.25, 0.25]},
        {"time": 0.65, "value": [0, 0]},
        {"time": 0.7, "value": [0, 0]}
      ],
      "yaw": [
        {"time": 0, "value": [-1.75, -1.75]},
        {"time": 0.1, "value": [-1.5, -1.5]},
        {"time": 0.5, "value": [0.15, 0.15]},
        {"time": 0.65, "value": [0, 0]}
      ]
    },
    "inaccuracy": {
      "stand": 3.65,
      "move": 3.7,
      "sneak": 3.65,
      "lie": 3.65,
      "aim": 3.5
    },
    "melee": {
      "distance": 1.25,
      "cooldown": 0.7,
      "default": {
        "animation_type": "melee_stock",
        "distance": 1,
        "range_angle": 30,
        "damage": 2,
        "knockback": 0.6,
        "prep": 0.1
      }
    },
    
    "allow_attachment_types": [
      "extended_mag",
      "stock",
      "scope",
      "laser",
      "grip",
      "muzzle"
    ]
  }
  