{
"ammo": "tacz:45acp",
"rpm": 830,
"bullet": {
  "life": 0.55,
  "bullet_amount": 1,
  "damage": 9,
  "tracer_count_interval": 0,
  "extra_damage": {
    "armor_ignore": 0.2,
    "head_shot_multiplier": 1.5,
    "damage_adjust": [
      {"distance": 1, "damage": 10},
      {"distance": 30, "damage": 8},
      {"distance": 55, "damage": 6},
      {"distance": "infinite", "damage": 5.5}
    ]
  },
  "speed": 190,
  "gravity": 0.098,
  "knockback": 0.1,
  "friction": 0.02,
  "ignite": false,
  "pierce": 1
},
"ammo_amount": 20,
"extended_mag_ammo_amount": [
  30,
  40,
  50
],
"bolt": "open_bolt",
"reload": {
  "type": "magazine",
  "feed": {
    "empty": 2.87,
    "tactical": 1.8
  },
  "cooldown": {
    "empty": 3.7,
    "tactical": 2.73
  }
},
"draw_time": 0.55,
"put_away_time": 0.47,
"aim_time": 0.2,
"sprint_time": 0.15,
"fire_mode": [
  "auto",
  "semi"
],

"weight": 3,
   "movement_speed": {
    "base": 0.0,
    "aim": -0.2,
    "reload": -0.1
  },
"burst_data": {
  "continuous_shoot": true,
  "count": 3,
  "bpm": 850,
  "min_interval": 0.3
},
"allow_attachment_types": [
  "scope",
  "muzzle",
  "grip",
  "laser",
  "stock",
  "extended_mag"
],
"recoil": {
  "pitch": [
    {"time": 0, "value": [0.4, 0.4]},
    {"time": 0.3, "value": [0.6, 0.6]},
    {"time": 0.55, "value": [-0.15, -0.15]},
    {"time": 0.7, "value": [0, 0]}
  ],
  "yaw": [
    {"time": 0, "value": [-0.15, 0.15]},
    {"time": 0.3, "value": [-0.15, 0.1]},
    {"time": 0.55, "value": [0, 0]}
  ]
},
"inaccuracy": {
  "stand": 3.5,
  "move": 4,
  "sneak": 2.5,
  "lie": 2,
  "aim": 0.2
},

"melee": {
 
  "distance": 1,
  
  "cooldown": 0.5,
  
  "default": {
    
    "animation_type": "melee_push",
    
    "distance": 0,
    
    "range_angle": 30,
    
    "damage": 4,
    
    "knockback": 0.6,
    
    "prep": 0.1
  }
}
}