{
    "ammo": "tacz:9mm",
    "rpm": 450,
    "bullet": {
      "life": 1,
      "bullet_amount": 1,
      "damage": 11,
      "tracer_count_interval": 0,
      "extra_damage": {
        "armor_ignore": 0.25,
        "head_shot_multiplier": 1.80,
        "damage_adjust": [
          {"distance": 25, "damage": 12},
          {"distance": 40, "damage": 9},
          {"distance": 50, "damage": 8},
          {"distance": "infinite", "damage": 5}
        ]
      },
      "speed": 190,
      "gravity": 0.15,
      "knockback": 0,
      "friction": 0.02,
      "ignite": false,
      "pierce": 1
    },
    "ammo_amount": 20,
    "extended_mag_ammo_amount": [
      25,
      30,
      35
    ],
    "bolt": "closed_bolt",
    "reload": {
      "type": "magazine",
      "feed": {
        "empty": 1.6,
        "tactical": 1.15
      },
      "cooldown": {
        "empty": 2.45,
        "tactical": 1.75
      }
    },
    "draw_time": 0.63,
    "put_away_time": 0.32,
    "aim_time": 0.16,
    "sprint_time": 0.05,
    "weight": 1.4,
    "movement_speed": {
      "base": 0.0,
      "aim": 0,
      "reload": 0.1
    },
    "crawl_recoil_multiplier": 0.5,
    "fire_mode": [
      "burst",
      "semi"
    ],
    "burst_data": {
        "continuous_shoot": false,
        "count": 3,
        "bpm": 950,
        "min_interval": 0.3
      },
    "allow_attachment_types": [
      "muzzle",
      "extended_mag",
      "scope",
      
      "laser"
      
    ],
    "recoil": {
      "pitch": [
        {"time": 0, "value": [0.5, 0.5]},
        {"time": 0.25, "value": [1.25, 1.25]},
        {"time": 0.4, "value": [-0.15, -0.05]},
        {"time": 0.6, "value": [0.15, 0.2]},
        {"time": 1.0, "value": [0, 0]}
      ],
      "yaw": [
        {"time": 0, "value": [-0.25, 0.25]},
        {"time": 0.45, "value": [0, 0]}
      ]
    },
    "inaccuracy": {
      "stand": 3,
      "move": 3.5,
      "sneak": 1.25,
      "lie": 0.75,
      "aim": 0.15
    }
  }