{
    "ammo": "swb2:bnammo1",
    "ammo_amount": 50,
    "extended_mag_ammo_amount": [
      60,
      75,
      90
    ],
    "bolt": "open_bolt",
    "rpm": 900,
    "bullet": {
      "life": 0.8,
      "bullet_amount": 1,
      "damage": 14,
      
      "extra_damage": {
        "armor_ignore": 0.75,
        "head_shot_multiplier": 2,
        "damage_adjust": [
          {"distance": 15, "damage": 14},
          {"distance": 30, "damage": 7},
          {"distance": "infinite", "damage": 6}
        ]
      },
      "speed": 200,
      "gravity": 0.1,
      "knockback": 0,
      "friction": 0.015,
      "ignite": false,
      "pierce": 1
    },
    "reload": {
      "type": "fuel",
      "feed": {
        "empty": 3.8,
        "tactical": 1.23
      },
      "cooldown": {
        "empty": 4.5,
        "tactical": 1.87
      }
    },
"draw_time": 0.75,
  "put_away_time": 0.38,
  "sprint_time": 0.15,
  "aim_time": 0.12,
  "weight": 2.7,
  "movement_speed": {
    "base": 0.0,
    "aim": 0,
    "reload": 0.0
  },
    "burst_data": {
      "continuous_shoot": false,
      "count": 3,
      "bpm": 900,
      "min_interval": 0.3
    },
    "recoil": {
      "pitch": [
        {"time": 0, "value": [0.6, 0.6]},
        {"time": 0.3, "value": [0.55, 0.55]},
        {"time": 0.5, "value": [-0.125, -0.125]},
        {"time": 0.65, "value": [0, 0]}
      ],
      "yaw": [
        {"time": 0, "value": [0.15, 0.25]},
        {"time": 0.3, "value": [0.15, 0.25]},
        {"time": 0.5, "value": [0, 0]}
      ]
    },
    "inaccuracy": {
      "stand": 5,
      "move": 6,
      "sneak": 4,
      "lie": 3,
      "aim": 3
    },

    "melee": {
     
      "distance": 1,
      
      "cooldown": 0.6,
      
      "default": {
        
        "animation_type": "melee_push",
        
        "distance": 0,
       
        "range_angle": 30,
        
        "damage": 2,
        
        "knockback": 0.5,
        
        "prep": 0.1
      }
    },
    "allow_attachment_types": [
      
      "muzzle",
      "laser",
      "stock",
      "extended_mag"
    ],
    "builtin_attachments": {
      
      "scope": "swb2:cr2m1"
    
    },
    "exclusive_attachments": {
    }
    
  }