{
  "ammo": "tacz:308",
  "ammo_amount": 20,
  "extended_mag_ammo_amount": [
    30,
    33,
    40
  ],
  "bolt": "closed_bolt",
  "rpm": 400,
  "bullet": {
    "life": 0.8,
    "bullet_amount": 1,
    "damage": 12,
    "tracer_count_interval": 0,
    "extra_damage": {
      "armor_ignore": 0.5,
      "head_shot_multiplier": 1.5,
      "damage_adjust": [
        {"distance": 35, "damage": 12},
        {"distance": 80, "damage": 10},
        {"distance": "infinite", "damage": 8}
      ]
    },
    "speed": 280,
    "gravity": 0.15,
    "knockback": 0,
    "friction": 0.015,
    "ignite": false,
    "pierce": 2
  },
  "reload": {
    "type": "magazine",
    "feed": {
      "empty": 1.83,
      "tactical": 1.08
    },
    "cooldown": {
      "empty": 2.54,
      "tactical": 2.04
    }
  },
  "draw_time": 0.71,
  "put_away_time": 0.43,
  "aim_time": 0.15,
  "sprint_time": 0.18,
  "weight": 3.5,
  "movement_speed": {
    "base": 0.0,
    "aim": -0.2,
    "reload": -0.1
  },
  "script": "tacz:xmag_reload_logic",
    "script_param": {
    "reload_feed": 1.08,
    "reload_cooldown": 2.04,
    "empty_feed": 1.83,
    "empty_cooldown": 2.54,
    "reload_xmag_1_feed": 1.3,
    "reload_xmag_1_cooldown": 2.21,
    "empty_xmag_1_feed": 1.9,
    "empty_xmag_1_cooldown": 2.71,
    "reload_xmag_2_feed": 1.5,
    "reload_xmag_2_cooldown": 2.4,
    "empty_xmag_2_feed": 2.1,
    "empty_xmag_2_cooldown": 2.83,
    "reload_xmag_3_feed": 2.1,
    "reload_xmag_3_cooldown": 3.47,
    "empty_xmag_3_feed": 3.6,
    "empty_xmag_3_cooldown": 4.5
  },
  "crawl_recoil_multiplier": 0.5,
  "fire_mode": [
    "auto",
    "semi"
  ],
  "fire_mode_adjust": {
    // 半自动状态的数值调整，如无调整可不写
    "auto": {
      // 加算，全自动模式的开火数值调整，如无调整可不写
      "damage": 0,
      "rpm": 200,
      "speed": 0,
      "knockback": 0,
      "armor_ignore": 0,
      "head_shot_multiplier": 0,
      "aim_inaccuracy": 0.15,
      "other_inaccuracy": 0.5
    }
    // 多连发状态的数值调整，如无调整可不写
    // "burst": {
    // 加算，多连发模式的开火数值调整，如无调整可不写
    // "damage": 0,
    // "rpm": 0,
    // "speed": 0,
    // "knockback": 0,
    // "armor_ignore": 0,
    // "head_shot_multiplier": 0,
    // "aim_inaccuracy": 0,
    // "other_inaccuracy": 0
    // }
  },
  "burst_data": {
    "continuous_shoot": false,
    "count": 3,
    "bpm": 900,
    "min_interval": 0.3
  },
  "recoil": {
    "pitch": [
      {"time": 0, "value": [0.85, 0.85]},
      {"time": 0.15, "value": [0.85, 0.85]},
      {"time": 0.55, "value": [-0.225, -0.225]},
      {"time": 0.7, "value": [0, 0]},
      {"time": 0.8, "value": [0, 0]}
    ],
    "yaw": [
      {"time": 0, "value": [-0.3, 0.15]},
      {"time": 0.25, "value": [-0.3, 0.15]},
      {"time": 0.7, "value": [0, 0]}
    ]
  },
  "inaccuracy": {
    "stand": 5,
    "move": 5.5,
    "sneak": 2.5,
    "lie": 1.25,
    "aim": 0.125
  },
  // 近战相关
  "melee": {
    // 枪械距离参数，用来延升近战攻击范围
    // 会与刺刀等配件的距离做加和
    "distance": 1,
    // 使用时的冷却时间
    "cooldown": 0.6,
    // 默认近战数据，会被配件的数据替换掉
    "default": {
      // 动画类型：没有枪托的为 melee_push，有枪托的为 melee_stock
      "animation_type": "melee_stock",
      // 刺刀距离参数，枪械里还有个刺刀攻击距离参数，两者做加和
      "distance": 1,
      // 刺刀范围角度
      "range_angle": 30,
      // 伤害值
      "damage": 2,
      // 击退效果
      "knockback": 0.5,
      // 前摇时长，单位：秒
      "prep": 0.1
    }
  },
  "allow_attachment_types": [
     "muzzle",
      "scope",
      "stock",
      "laser",
      "grip",
      "extended_mag"
  ],
  "exclusive_attachments": {
  }
}