{
    // 指定枪械弹药
    "ammo": "tacz:762x39",
    // 弹容
    "ammo_amount": 30,
    // 扩容弹夹弹药总数
    "extended_mag_ammo_amount": [
      40,
      50,
      75
    ],
    // 枪栓类型：开膛待机（open_bolt）、闭膛待击（closed_bolt）、手动上膛（manual_action)
    "bolt": "closed_bolt",
    
    // 每分钟射出弹药量，最大不应超过 1200
    "rpm": 650,
    // 子弹实体属性
    "bullet": {
      // 寿命，单位秒
      "life": 0.8,
      // 用于霰弹，默认为 1，每发的伤害 / bullet_amount，每次射击扣除一发子弹
      "bullet_amount": 1,
      // 伤害
      "damage": 9,
      // 曳光弹间隔数量，没有此字段则不发射曳光弹
      // 设置为 0 则是每发都是曳光弹
      "tracer_count_interval": 0,
      // 额外伤害的内容，为空则表示没有任何额外伤害计算内容
      "extra_damage": {
        // 护甲穿透率，默认为 0，也就是没有穿甲伤害
        "armor_ignore": 0.25,
        // 爆头伤害 x1.5
        "head_shot_multiplier": 1.5,
        // 距离-伤害分段常函数
        "damage_adjust": [
          {"distance": 25, "damage": 9},
          {"distance": 55, "damage": 7.5},
          // 如果你忘记写这个无穷，那么超过上述距离，我就认为是 0
          {"distance": "infinite", "damage": 6}
        ]
      },
      // 速度 m/s
      "speed": 260,
      // 重力
      "gravity": 0.15,
      // 击退效果
      "knockback": 0,
      // 阻力
      "friction": 0.02,
      // 点燃目标
      // "ignite": false,
      "ignite": {
        // 点燃实体
        "entity": false,
        // 点燃方块
        "block": false
      },
      // 点燃时间，默认为 2 秒，仅用于实体
      "ignite_entity_time": 2,
      // 穿透数
      "pierce": 1
      // 储存爆炸的相关数据，如果没有的话会有一套默认的配置
      // "explosion": {
        // 是否爆炸，默认为 false，如果希望默认爆炸则设置为 true
        // "explode": false,
        // 延时爆炸，单位：秒
        // "delay": 30,
        // 爆炸半径，单位：米（格）
        // "radius": 5,
        // 爆炸伤害
        // "damage": 5,
        // 爆炸导致的击退，默认为 false，需要服务器也开启爆炸击退才能使用
        // "knockback": false
        // 爆炸是否破坏方块，默认为 false，需要服务器也开启爆炸破坏方块才能使用
        // "destroy_block": false
      // }
    },
    // 换弹相关
    "reload": {
    // magazine 是弹匣供弹，manual 是手动供弹，fuel 是类燃料罐供弹（消耗一个物品填满），inventory 是消耗背包内弹药供弹（背包直读）
    "type": "magazine",
    // 无限备弹，注意，目前此项与“inventory”不兼容
    "infinite": false,
    // 弹匣供弹换弹时长（秒），到达此时间点，服务端就更新枪内子弹数量
    "feed": {
      // 空仓换弹
      "empty": 1.7,
      // 战术换弹
      "tactical": 1.1
    },
    // 弹匣供弹总时长（秒），到达此时间点，枪械才可以进行开火、检视等行为。
    "cooldown": {
      // 空仓换弹
      "empty": 2.54,
      // 战术换弹
      "tactical": 2
    }
  },
    "script": "tacz:xmag_reload_logic",
    "script_param": {
    "reload_feed": 1.1,
    "reload_cooldown": 2,
    "empty_feed": 2.54,
    "empty_cooldown": 1.7,
    "reload_xmag_1_feed": 1.5,
    "reload_xmag_1_cooldown": 2.43,
    "empty_xmag_1_feed": 2.4,
    "empty_xmag_1_cooldown": 3.1,
    "reload_xmag_2_feed": 1.9,
    "reload_xmag_2_cooldown": 2.67,
    "empty_xmag_2_feed": 2.6,
    "empty_xmag_2_cooldown": 3.43,
    "reload_xmag_3_feed": 2.5,
    "reload_xmag_3_cooldown": 3.4,
    "empty_xmag_3_feed": 4.1,
    "empty_xmag_3_cooldown": 4.53
  },
    "draw_time": 0.35,
    "put_away_time": 0.4,
    "aim_time": 0.2,
    "sprint_time": 0.2,
    "weight": 2.8,
    "movement_speed": {
      "base": 0.0,
      "aim": -0.2,
      "reload": -0.15
    },
    "fire_mode": [
      "auto",
      "semi"
    ],
    
    "burst_data": {
      "continuous_shoot": true,
      "count": 3,
      "bpm": 900,
      "min_interval": 0.3
    },
    "crawl_recoil_multiplier": 0.5,
"recoil": {
    "pitch": [
      {"time": 0, "value": [0.45, 0.45]},
      {"time": 0.25, "value": [0.45, 0.45]},
      {"time": 0.6, "value": [-0.125, -0.125]},
      {"time": 0.7, "value": [0, 0]}
    ],
    "yaw": [
      {"time": 0, "value": [-0.25, 0.25]},
      {"time": 0.25, "value": [-0.25, 0.25]},
      {"time": 0.6, "value": [0, 0]}
    ]
  },
    "hurt_bob_tweak_multiplier": 0,
    "inaccuracy": {
      "stand": 4.5,
      "move": 5.1,
      "sneak": 2.5,
      "lie": 1.5,
      "aim": 0.15
    },
    "melee": {
      // 枪械距离参数，用来延升近战攻击范围
      // 会与刺刀等配件的距离做加和
      "distance": 1,
      // 使用时的冷却时间
      // 会与刺刀等配件的冷却时间做加和
      "cooldown": 0.7,
      // 默认近战数据，会被配件的数据替换掉
      "default": {
        // 动画类型：没有枪托的为 melee_push，有枪托的为 melee_stock
        "animation_type": "melee_push",
        // 刺刀距离参数，枪械里还有个刺刀攻击距离参数，两者做加和
        "distance": 1,
        // 刺刀范围角度
        "range_angle": 40,
        // 刺刀冷却时间，枪械里还有个刺刀冷却时间参数，两者做加和
        "cooldown": 0,
        // 伤害值
        "damage": 1,
        // 击退效果
        "knockback": 0.5,
        // 前摇时长，单位：秒
        "prep": 0.1
      }
    },
    
    "allow_attachment_types": [
      "scope",
      "stock",
      "muzzle",
      "laser",
      "grip",
      "extended_mag"
    ],
    
    
    "exclusive_attachments": {
     
    }
  }
  