{
  "ammo": "tacz:9mm",
  "rpm": 1000,
  "bullet": {
    "life": 0.75,
    "bullet_amount": 1,
    "damage": 6,
    "tracer_count_interval": 0,
    "extra_damage": {
      "armor_ignore": 0.15,
      "head_shot_multiplier": 1.25,
      "damage_adjust": [
        {"distance": 18, "damage": 6},
        {"distance": 40, "damage": 5},
        {"distance": 65, "damage": 4.5},
        {"distance": "infinite", "damage": 3.5}
      ]
    },
    "speed": 190,
    "gravity": 0.15,
    "knockback": 0,
    "friction": 0.02,
    "ignite": false,
    "pierce": 1
  },
  "fire_sound": {
    // 射击声音传播距离修正乘数
    "fire_multiplier": 0.25,
    // 消音器射击声音传播距离修正乘数
    "silence_multiplier": 0.1
  },
  "ammo_amount": 30,
  "extended_mag_ammo_amount": [
    40,
    50,
    60
  ],
  "script": "tacz:xmag_reload_logic",
  "script_param": {
    "reload_feed": 1.5,
    "reload_cooldown": 2.37,
    "empty_feed": 2.07,
    "empty_cooldown": 2.67,
    "reload_xmag_1_feed": 1.6,
    "reload_xmag_1_cooldown": 2.4,
    "empty_xmag_1_feed": 2,
    "empty_xmag_1_cooldown": 2.83,
    "reload_xmag_2_feed": 1.7,
    "reload_xmag_2_cooldown": 2.5,
    "empty_xmag_2_feed": 2.5,
    "empty_xmag_2_cooldown": 3.07,
    "reload_xmag_3_feed": 1.8,
    "reload_xmag_3_cooldown": 2.53,
    "empty_xmag_3_feed": 2.6,
    "empty_xmag_3_cooldown": 3.2
  },
  "bolt": "closed_bolt",
  "reload": {
    "type": "magazine",
    "feed": {
      "empty": 2.07,
      "tactical": 1.5
    },
    "cooldown": {
      "empty": 2.67,
      "tactical": 2.37
    }
  },
  "draw_time": 0.32,
  "put_away_time": 1.15,
  "sprint_time": 0.12,
  "aim_time": 0.17,
  "weight": 2.4,
  "movement_speed": {
    "base": 0.0,
    "aim": -0.1,
    "reload": 0
  },
  "crawl_recoil_multiplier": 0.75,
  "fire_mode": [
    "auto",
    "semi"
  ],
  "burst_data": {
    "continuous_shoot": false,
    "count": 3,
    "bpm": 900,
    "min_interval": 0.3
  },
  "allow_attachment_types": [
    "scope",
    
    "grip",
    
    "extended_mag",
    "laser"
  ],
  "recoil": {
    "pitch": [
      {"time": 0, "value": [0.45, 0.45]},
      {"time": 0.3, "value": [0.45, 0.45]},
      {"time": 0.5, "value": [-0.125, -0.125]},
      {"time": 0.65, "value": [0, 0]}
    ],
    "yaw": [
      {"time": 0, "value": [-0.275, 0.275]},
      {"time": 0.3, "value": [-0.275, 0.275]},
      {"time": 0.5, "value": [0, 0]}
    ]
  },
  "inaccuracy": {
    "stand": 3.25,
    "move": 4.5,
    "sneak": 2.15,
    "lie": 1.5,
    "aim": 0.175
  },
  // 近战相关
  "melee": {
    // 枪械距离参数，用来延升近战攻击范围
    // 会与刺刀等配件的距离做加和
    "distance": 1,
    // 使用时的冷却时间
    // 会与刺刀等配件的冷却时间做加和
    "cooldown": 0.6,
    // 默认近战数据，会被配件的数据替换掉
    "default": {
      // 动画类型：没有枪托的为 melee_push，有枪托的为 melee_stock
      "animation_type": "melee_push",
      // 刺刀距离参数，枪械里还有个刺刀攻击距离参数，两者做加和
      "distance": 1,
      // 刺刀范围角度
      "range_angle": 40,
      // 刺刀冷却时间，枪械里还有个刺刀冷却时间参数，两者做加和
      "cooldown": 0,
      // 伤害值
      "damage": 1,
      // 击退效果
      "knockback": 0.4,
      // 前摇时长，单位：秒
      "prep": 0.1
    }
  }
}