{
  "ammo": "tacz:9mm",
  "rpm": 800,
  "bullet": {
    "life": 0.75,
    "bullet_amount": 1,
    "damage": 6,
    "tracer_count_interval": 0,
    "extra_damage": {
      "armor_ignore": 0.15,
      "head_shot_multiplier": 1.25,
      "damage_adjust": [
        {"distance": 18, "damage": 6},
        {"distance": 40, "damage": 5},
        {"distance": 65, "damage": 4.5},
        {"distance": "infinite", "damage": 3.5}
      ]
    },
    "speed": 180,
    "gravity": 0.15,
    "knockback": 0,
    "friction": 0.02,
    "ignite": false,
    "pierce": 1
  },
  "ammo_amount": 25,
  "extended_mag_ammo_amount": [
    28,
    30,
    40
  ],
  
  "bolt": "closed_bolt",
  "reload": {
    "type": "magazine",
    "feed": {
      "empty": 2.4,
      "tactical": 1.63
    },
    "cooldown": {
      "empty": 3.13,
      "tactical": 2
    }
  },
  "draw_time": 0.35,
  "put_away_time": 1.15,
  "sprint_time": 0.12,
  "aim_time": 0.17,
  "weight": 1.8,
  "movement_speed": {
    "base": 0.0,
    "aim": -0.1,
    "reload": 0
  },
  "crawl_recoil_multiplier": 0.75,
  "fire_mode": [
    "semi",
    "auto"
    
  ],
  "burst_data": {
    "continuous_shoot": false,
    "count": 3,
    "bpm": 900,
    "min_interval": 0.3
  },
  "allow_attachment_types": [
    "scope",
    
    "grip",
    "muzzle",
    "extended_mag",
    "laser"
  ],
  "recoil": {
    "pitch": [
      {"time": 0, "value": [0.45, 0.45]},
      {"time": 0.3, "value": [0.45, 0.45]},
      {"time": 0.5, "value": [-0.125, -0.125]},
      {"time": 0.65, "value": [0, 0]}
    ],
    "yaw": [
      {"time": 0, "value": [-0.275, 0.275]},
      {"time": 0.3, "value": [-0.275, 0.275]},
      {"time": 0.5, "value": [0, 0]}
    ]
  },
  "inaccuracy": {
    "stand": 3.5,
    "move": 4.5,
    "sneak": 2.15,
    "lie": 1.25,
    "aim": 0.175
  },
 
  "melee": {
    
    "distance": 1,
    
    "cooldown": 0.6,
    
    "default": {
      
      "animation_type": "melee_push",
      
      "distance": 1,
      
      "range_angle": 40,
      
      "cooldown": 0,
      
      "damage": 1,
      
      "knockback": 0.4,
      
      "prep": 0.1
    }
  }
}