{
"ammo": "tacz:9mm",
"rpm": 900,
"bullet": {
  "life": 0.75,
  "bullet_amount": 1,
  "damage": 6,
  "tracer_count_interval": 0,
  "extra_damage": {
    "armor_ignore": 0.15,
    "head_shot_multiplier": 1.25,
    "damage_adjust": [
      {"distance": 1, "damage": 7.5},
      {"distance": 20, "damage": 6},
      {"distance": 40, "damage": 5},
      {"distance": 65, "damage": 4.5},
      {"distance": "infinite", "damage": 3.5}
    ]
  },
  "speed": 190,
  "gravity": 0.098,
  "knockback": 0.1,
  "friction": 0.02,
  "ignite": false,
  "pierce": 1
},
"ammo_amount": 25,
"extended_mag_ammo_amount": [
  30,
  40,
  50
],
"bolt": "closed_bolt",
"reload": {
  "type": "magazine",
  "feed": {
    "empty": 2.37,
    "tactical": 1.77
  },
  "cooldown": {
    "empty": 3.1,
    "tactical": 2.77
  }
},
"draw_time": 0.32,
"put_away_time": 0.35,
"aim_time": 0.2,
"sprint_time": 0.15,
"fire_mode": [
  "auto",
  "semi"
],
"weight": 3,
   "movement_speed": {
    "base": 0.0,
    "aim": -0.2,
    "reload": -0.1
  },
"burst_data": {
  "continuous_shoot": true,
  "count": 3,
  "bpm": 900,
  "min_interval": 0.3
},
"allow_attachment_types": [
  "scope",
  "muzzle",
  "grip",
  "stock",
  "laser",
  "extended_mag"
],
"recoil": {
  "pitch": [
    {"time": 0, "value": [0.4, 0.4]},
    {"time": 0.3, "value": [0.5, 0.5]},
    {"time": 0.55, "value": [-0.15, -0.15]},
    {"time": 0.7, "value": [0, 0]}
  ],
  "yaw": [
    {"time": 0, "value": [-0.15, 0.15]},
    {"time": 0.3, "value": [-0.15, 0.1]},
    {"time": 0.55, "value": [0, 0]}
  ]
},
"inaccuracy": {
  "stand": 3.2,
  "move": 4,
  "sneak": 2.5,
  "lie": 1.5,
  "aim": 0.175
},

"melee": {
 
  "distance": 1,
  
  "cooldown": 0.5,
  
  "default": {
    
    "animation_type": "melee_stock",
    
    "distance": 0,
    
    "range_angle": 30,
    
    "damage": 4,
    
    "knockback": 0.6,
    
    "prep": 0.1
  }
}
}