{
  "ammo": "tacz:9mm",
  "rpm": 600,
  "bullet": {
    "life": 0.8,
    "bullet_amount": 1,
    "damage": 7,
    "tracer_count_interval": 0,
    "extra_damage": {
      "armor_ignore": 0.25,
      "head_shot_multiplier": 1.25,
      "damage_adjust": [
        {"distance": 18, "damage": 7},
        {"distance": 25, "damage": 6.5},
        {"distance": 50, "damage": 5.5},
        {"distance": "infinite", "damage": 4}
      ]
    },
    "speed": 260,
    "gravity": 0.15,
    "knockback": 0,
    "friction": 0.02,
    "ignite": false,
    "pierce": 1
  },
  "ammo_amount": 50,
  "extended_mag_ammo_amount": [
    60,
    75,
    100
  ],
  "bolt": "closed_bolt",
  "reload": {
    "type": "magazine",
    "feed": {
      "empty": 2.45,
      "tactical": 2.01
    },
    "cooldown": {
      "empty": 3.04,
      "tactical": 2.71
    }
  },
  "draw_time": 0.75,
  "put_away_time": 0.38,
  "sprint_time": 0.15,
  "aim_time": 0.12,
  "weight": 3,
  "movement_speed": {
    "base": 0.0,
    "aim": -0.2,
    "reload": 0
  },
  "crawl_recoil_multiplier": 0.5,
  "fire_mode": [
    "auto",
    "semi"
  ],
  
  "allow_attachment_types": [
    "scope",
    "stock",
    "muzzle",
    "grip",
    "extended_mag",
    "laser"
  ],
  "recoil": {
    "pitch": [
      {"time": 0, "value": [0.65, 0.65]},
      {"time": 0.11, "value": [0.6, 0.6]},
      {"time": 0.21, "value": [0.5, 0.5]},
      {"time": 0.36, "value": [-0.1, -0.1]},
      {"time": 0.55, "value": [0, 0]}
    ],
    "yaw": [
      {"time": 0, "value": [-0.25, 0.25]},
      {"time": 0.12, "value": [-0.1, 0.1]},
      {"time": 0.25, "value": [0, 0]},
      {"time": 0.45, "value": [0, 0]}
    ]
  },
  "inaccuracy": {
    "stand": 3.5,
    "move": 4,
    "sneak": 1.75,
    "lie": 0.5,
    "aim": 0.14
  },
  // 近战相关
  "melee": {
    // 枪械距离参数，用来延升近战攻击范围
    // 会与刺刀等配件的距离做加和
    "distance": 1,
    // 使用时的冷却时间
    // 会与刺刀等配件的冷却时间做加和
    "cooldown": 0.6,
    // 默认近战数据，会被配件的数据替换掉
    "default": {
      // 动画类型：没有枪托的为 melee_push，有枪托的为 melee_stock
      "animation_type": "melee_push",
      // 刺刀距离参数，枪械里还有个刺刀攻击距离参数，两者做加和
      "distance": 1,
      // 刺刀范围角度
      "range_angle": 40,
      // 刺刀冷却时间，枪械里还有个刺刀冷却时间参数，两者做加和
      "cooldown": 0.2,
      // 伤害值
      "damage": 1,
      // 击退效果
      "knockback": 0.4,
      // 前摇时长，单位：秒
      "prep": 0.1
    }
  },
  "builtin_attachments": {
    "stock":"tacz:oem_stock_tactical"
  }
}