{
    "ammo": "tacz:308",
    "ammo_amount": 20,
    "extended_mag_ammo_amount": [
      25,
      35,
      40
    ],
    "bolt": "closed_bolt",
    "rpm": 350,
    "bullet": {
      "life": 0.8,
      "bullet_amount": 1,
      "damage": 12,
      "tracer_count_interval": 0,
      "extra_damage": {
        "armor_ignore": 0.5,
        "head_shot_multiplier": 1.5,
        "damage_adjust": [
          {"distance": 35, "damage": 12},
          {"distance": 80, "damage": 7},
          {"distance": "infinite", "damage": 5}
        ]
      },
      "speed": 260,
      "gravity": 0.15,
      "knockback": 0,
      "friction": 0.015,
      "ignite": false,
      "pierce": 2
    },
    "reload": {
      "type": "magazine",
      "feed": {
        "empty": 2.7,
        "tactical": 1.55
      },
      "cooldown": {
        "empty": 3.15,
        "tactical": 2.05
      }
    },
    "draw_time": 0.65,
    "put_away_time": 0.5,
    "aim_time": 0.24,
    "sprint_time": 0.2,
    "weight": 3,
    "movement_speed": {
      "base": 0.0,
      "aim": -0.2,
      "reload": -0.1
    },
    "crawl_recoil_multiplier": 0.5,
    "fire_mode": [
      "semi",
      "auto"
    ],
    "fire_mode_adjust": {
      "auto": {
        "damage": -1,
        "rpm": 350,
        "speed": -10,
        "knockback": 0,
        "aim_inaccuracy": 0.15,
        "other_inaccuracy": 0.5
      }
      
    },
    "recoil": {
      "pitch": [
        {"time": 0, "value": [1.25, 1.25]},
        {"time": 0.15, "value": [1.15, 1.15]},
        {"time": 0.55, "value": [-0.225, -0.225]},
        {"time": 0.7, "value": [0, 0]},
        {"time": 0.8, "value": [0, 0]}
      ],
      "yaw": [
        {"time": 0, "value": [-0.3, 0.15]},
        {"time": 0.25, "value": [-0.3, 0.15]},
        {"time": 0.7, "value": [0, 0]}
      ]
    },
    "inaccuracy": {
      "stand": 6,
      "move": 7,
      "sneak": 4,
      "lie": 3,
      "aim": 0.1
    },
   
    "melee": {
      "distance": 1,
      "cooldown": 0.7,
      "default": {
        "animation_type": "melee_stock",
        "distance": 1,
        "range_angle": 30,
        "damage": 2,
        "knockback": 0.6,  
        "prep": 0.1
      }
    },
    "allow_attachment_types": [
      "scope",
      "stock",
      "grip",
      "muzzle",
      "laser",
      "extended_mag"
    ],
    "exclusive_attachments": {
    }
  }