{
    "ammo": "wyyc1991:3006",
    "ammo_amount": 250,
    "extended_mag_ammo_amount": [
      260,
      270,
      280
    ],
    "bolt": "open_bolt",
    "rpm": 450,
    "bullet": {
      "life": 1.0,
      "bullet_amount": 1,
      "damage": 12,
      "tracer_count_interval": 0,
      "extra_damage": {
        "armor_ignore": 0.4,
        "head_shot_multiplier": 1.75,
        "damage_adjust": [
          {"distance": 40, "damage": 12},
          {"distance": 60, "damage": 8},
          {"distance": 80, "damage": 6},
          {"distance": "infinite", "damage": 5.5}
        ]
      },
      "speed": 250,
      "gravity": 0.15,
      "knockback": 0,
      "friction": 0.015,
      "ignite": false,
      "pierce": 1,
      "explosion": {
        "explode": false,
        "damage": 10,
        "radius": 0.6,
        "knockback": true,
        "delay": 30
      }
    },
    "heat":  {
    // 过热上限
    "max": 55,
    // 每发子弹过热值
    "per_shot": 1,
    // 冷却倍率，过热值的减少速度会随着时间增加
    // t时间(秒)内可以冷却的过热值可以参考: max = cooling_multiplier * t^2
    "cooling_multiplier": 5,
    // 冷却延迟，ms
    "cooling_delay": 400,
    // 完全过热后，开始过热的延迟时间，ms
    "over_heat_time": 1300,
    // 以下将在使用过热进度(0-1)在最小值和最大值之间线性插值，然后与原始数值相乘
    // 最小不准确度影响
    "min_inaccuracy": 1,
    // 最大不准确度影响
    "max_inaccuracy": 1,
    // 最小射速影响
    "min_rpm_mod": 1,
    // 最大射速影响
    "max_rpm_mod": 1
  },
    "reload": {
      "type": "magazine",
      "feed": {
        "empty": 5.8,
        "tactical": 5.2
      },
      "cooldown": {
        "empty": 6.9,
        "tactical": 6.47
      }
    },
    "draw_time": 1.45,
    "put_away_time": 0.6,
    "aim_time": 0.3,
    "weight": 15,
    "sprint_time": 0.5,
    "fire_mode": [
      "auto",
      "semi"
    ],
    "recoil": {
      "pitch": [
        {"time": 0, "value": [0.5, 0.5]},
        {"time": 0.3, "value": [0.45, 0.45]},
        {"time": 0.5, "value": [-0.15, -0.15]},
        {"time": 0.65, "value": [0, 0]}
      ],
      "yaw": [
        {"time": 0, "value": [-0.3, 0.2]},
        {"time": 0.3, "value": [-0.3, 0.2]},
        {"time": 0.5, "value": [0, 0]}
      ]
    },
    "inaccuracy": {
      "stand": 6,
      "move": 7.5,
      "sneak": 5,
      "lie": 2,
      "aim": 0.175
    },
   
    "melee": {
     
      "distance": 1,
      
      "cooldown": 0.8,
      
      "default": {
        
        "animation_type": "melee_push",
        
        "distance": 0,
        
        "range_angle": 30,
        
        "damage": 5,
        
        "knockback": 0.75,
      
        "prep": 0.1
      }
    },
    "allow_attachment_types": [
      "scope",
      "muzzle",
      "stock",
      "grip",
      "laser",
      "extended_mag"
    ],
    "exclusive_attachments": {
    }
  }