{
    "ammo": "tacz:50bmg",
    "ammo_amount": 8,
    "extended_mag_ammo_amount": [
      10,
      12,
      15
    ],
    "bolt": "closed_bolt",
    "rpm": 80,
    "bullet": {
      "life": 0.8,
      "bullet_amount": 1,
      "damage": 70,
      "tracer_count_interval": 0,
      "extra_damage": {
        "armor_ignore": 0.8,
        "head_shot_multiplier": 2.6,
        "damage_adjust": [
            {"distance": 40, "damage": 70},
            {"distance": 55, "damage": 68},
            {"distance": 80, "damage": 65},
            {"distance": "infinite", "damage": 50}
          ]
      },
      "speed": 400,
      "gravity": 0.15,
      "knockback": 2,
      "friction": 0.0125,
      "ignite": {
        "entity": true,
        "block": false
      },
      "ignite_entity_time": 2,
      "pierce": 3,
      "explosion": {
        "explode": true,
        "damage": 15,
        "radius": 3,
        "knockback": true,
        "destroy_block": false,
        "delay": 30
       }
    },
    "reload": {
      "type": "magazine",
      "feed": {
        "empty": 4.2,
        "tactical": 3.2
      },
      "cooldown": {
        "empty": 5.25,
        "tactical": 4.35
      }
    },
    "draw_time": 1.3,
    "put_away_time": 0.87,
    "aim_time": 0.25,
    "weight": 4.5,
    "sprint_time": 0.19,
    "fire_mode": [
      "semi"
    ],
    "recoil": {
      "pitch": [
        {"time": 0, "value": [0.6, 0.6]},
        {"time": 0.25, "value": [0.6, 0.6]},
        {"time": 0.65, "value": [-0.175, -0.175]},
        {"time": 0.7, "value": [0, 0]}
      ],
      "yaw": [
        {"time": 0, "value": [-0.375, 0.35]},
        {"time": 0.25, "value": [-0.375, 0.35]},
        {"time": 0.45, "value": [0, 0]}
      ]
    },
    "inaccuracy": {
      "stand": 5.5,
      "move": 6,
      "sneak": 4.25,
      "lie": 2.5,
      "aim": 0.075
    },
   
    "melee": {
      
      "distance": 1,
      
      "cooldown": 0.6,
      
      "default": {
        
        "animation_type": "melee_stock",
       
        "distance": 1,
      
        "range_angle": 30,
      
        "damage": 2,
        
        "knockback": 0.6,
       
        "prep": 0.1
      }
    },
    "allow_attachment_types": [
      "scope",
      "muzzle",
      "laser",
      "grip",
      "extended_mag"
    ],
    
      
    "exclusive_attachments": {
      
    }
  }