{
  "ammo": "tacz:9mm",
  "rpm": 400,
  "bullet": {
    "life": 0.8,
    "bullet_amount": 1,
    "damage": 6,
    "tracer_count_interval": 0,
    "extra_damage": {
      "armor_ignore": 0,
      "head_shot_multiplier": 1.5,
      "damage_adjust": [
        {"distance": 18, "damage": 7},
        {"distance": 45, "damage": 5},
        {"distance": "infinite", "damage": 4}
      ]
    },
    "speed": 160,
    "gravity": 0.125,
    "knockback": 0,
    "friction": 0.025,
    "ignite": false,
    "pierce": 1
  },
  "ammo_amount": 17,
  "extended_mag_ammo_amount": [
    20,
    25,
    30
  ],
  "bolt": "closed_bolt",
  "reload": {
    "type": "magazine",
    "feed": {
      "empty": 2.3,
      "tactical": 1.37
    },
    "cooldown": {
      "empty": 3.07,
      "tactical": 2.13
    }
  },
  "draw_time": 0.32,
  "put_away_time": 0.35,
  "aim_time": 0.13,
  "sprint_time": 0.05,
  "weight": 1.3,
  "movement_speed": {
    "base": 0.0,
    "aim": 0,
    "reload": 0.1
  },
  "crawl_recoil_multiplier": 0.75,
  "fire_mode": [
    "semi",
    "auto"
  ],
  "allow_attachment_types": [
    
    "muzzle",
    "extended_mag",
    "laser"
  ],
  "builtin_attachments": {
      "scope": "wyyc1991:p77m"
    },

 "recoil": {
    "pitch": [
      {"time": 0, "value": [0.4, 0.4]},
      {"time": 0.2, "value": [0.45, 0.45]},
      {"time": 0.55, "value": [-0.15, -0.15]},
      {"time": 0.7, "value": [0, 0]}
    ],
    "yaw": [
      {"time": 0, "value": [-0.2, 0.15]},
      {"time": 0.3, "value": [-0.2, 0.15]},
      {"time": 0.55, "value": [0, 0]}
    ]
  },
  "inaccuracy": {
    "stand": 2,
    "move": 2.5,
    "sneak": 1.5,
    "lie": 0.5,
    "aim": 0.2
  }
}