{
    "ammo": "wyyc1991:9x18",
    "rpm": 900,
    "bullet": {
      "life": 0.8,
      "bullet_amount": 1,
      "damage": 6.5,
      "tracer_count_interval": 0,
      "extra_damage": {
        "armor_ignore": 0.15,
        "head_shot_multiplier": 1.25,
        "damage_adjust": [
          {"distance": 23, "damage": 7},
          {"distance": 50, "damage": 5.5},
          {"distance": "infinite", "damage": 4}
        ]
      },
      "speed": 180,
      "gravity": 0.15,
      "knockback": 0,
      "friction": 0.025,
      "ignite": false,
      "pierce": 1
    },
    "ammo_amount": 10,
    "extended_mag_ammo_amount": [
      20,
      30,
      50
    ],
    "bolt": "closed_bolt",
    "reload": {
      "type": "magazine",
      "feed": {
        "empty": 2.37,
        "tactical": 1.77
      },
      "cooldown": {
        "empty": 3.23,
        "tactical": 2.3
      }
    },
    "script": "tacz:xmag_reload_logic",
  "script_param": {
    "reload_feed": 1.77,
    "reload_cooldown": 2.3,
    "empty_feed": 2.37,
    "empty_cooldown": 3.23,
    "reload_xmag_1_feed": 1.78,
    "reload_xmag_1_cooldown": 2.31,
    "empty_xmag_1_feed": 2.38,
    "empty_xmag_1_cooldown": 3.24,
    "reload_xmag_2_feed": 1.79,
    "reload_xmag_2_cooldown": 2.32,
    "empty_xmag_2_feed": 2.39,
    "empty_xmag_2_cooldown": 3.25,
    "reload_xmag_3_feed": 1.8,
    "reload_xmag_3_cooldown": 2.33,
    "empty_xmag_3_feed": 1.81,
    "empty_xmag_3_cooldown": 3.26
  },
    "draw_time": 0.6,
    "put_away_time": 0.43,
    "aim_time": 0.12,
    "sprint_time": 0.15,
    "weight": 2,
    "movement_speed": {
      "base": 0.0,
      "aim": -0.1,
      "reload": -0.05
    },
    "crawl_recoil_multiplier": 0.75,
    "fire_mode": [
      "auto",
      "semi"
    ],
    "allow_attachment_types": [
      "extended_mag",
      "scope",
      "stock",
      "grip",
      "laser",
      "muzzle"
    ],
    "builtin_attachments": {
        "stock": "tacz:oem_stock_light"
      },
    "recoil": {
      "pitch": [
        {"time": 0, "value": [0.4, 0.4]},
        {"time": 0.3, "value": [0.35, 0.35]},
        {"time": 0.55, "value": [-0.15, -0.15]},
        {"time": 0.7, "value": [0, 0]}
      ],
      "yaw": [
        {"time": 0, "value": [-0.15, 0.15]},
        {"time": 0.3, "value": [-0.15, 0.15]},
        {"time": 0.55, "value": [0, 0]}
      ]
    },
    "inaccuracy": {
      "stand": 3,
      "move": 4,
      "sneak": 2.5,
      "lie": 2,
      "aim": 0.15
    },
    
    "melee": {
      
      "distance": 1,
     
      "cooldown": 0.6,
      
      "default": {
        
        "animation_type": "melee_push",
        
        "distance": 1,
      
        "range_angle": 40,
       
        "cooldown": 0.2,
        
        "damage": 1,
       
        "knockback": 0.4,
        
        "prep": 0.1
      }
    }
  }