{
  "ammo": "wyyc1991:184",
  "rpm": 300,
  "bullet": {
    "life": 0.8,
    "bullet_amount": 11,
    "damage": 40,
    "tracer_count_interval": 0,
    "extra_damage": {
      "armor_ignore": 0.30,
      "head_shot_multiplier": 1.44,
      "damage_adjust": [
          {"distance": 20, "damage": 35},
          {"distance": 35, "damage": 25},
          {"distance": "infinite", "damage": 18}
        ]
    },
    "speed": 130,
    "gravity": 0.15,
    "knockback": 0.15,
    "friction": 0.05,
    "ignite": false,
    "pierce": 1
  },
  "ammo_amount": 10,
  "extended_mag_ammo_amount": [
    12,
    15,
    32
  ],
  "bolt": "closed_bolt",
  "reload": {
    "type": "magazine",
    "feed": {
      "empty": 2.5,
      "tactical": 2.3
    },
    "cooldown": {
      "empty": 3.6,
      "tactical": 2.95
    }
  },
  "script": "tacz:xmag_reload_logic",
  "script_param": {
    "reload_feed": 2.3,
    "reload_cooldown": 2.95,
    "empty_feed": 2.5,
    "empty_cooldown": 3.6,
    "reload_xmag_1_feed": 2.4,
    "reload_xmag_1_cooldown": 3,
    "empty_xmag_1_feed": 2.6,
    "empty_xmag_1_cooldown": 3.65,
    "reload_xmag_2_feed": 2.5,
    "reload_xmag_2_cooldown": 3.2,
    "empty_xmag_2_feed": 2.7,
    "empty_xmag_2_cooldown": 3.75,
    "reload_xmag_3_feed": 2.83,
    "reload_xmag_3_cooldown": 3.5,
    "empty_xmag_3_feed": 3.25,
    "empty_xmag_3_cooldown": 3.88
  },
  "draw_time": 0.55,
  "put_away_time": 0.6,
  "aim_time": 0.2,
  "sprint_time": 0.21,
  "weight": 4.5,
  "movement_speed": {
    // 默认修正
    "base": 0.0,
    // 瞄准时
    "aim": -0.1,
    // 换弹时
    "reload": -0.2
  },
  "crawl_recoil_multiplier": 0.5,
  "fire_mode": [
    "semi",
    "auto"
  ],
  "allow_attachment_types": [
    "extended_mag",
    "stock",
    "scope",
    "laser",
    "grip",
    "muzzle"
  ],
  "recoil": {
      "pitch": [
        {"time": 0, "value": [4.0, 4.0]},
        {"time": 0.1, "value": [3.6, 3.6]},
        {"time": 0.13, "value": [4.5, 4.5]},
        {"time": 0.4, "value": [-0.5, -0.5]},
        {"time": 0.53, "value": [0.15, 0.15]},
        {"time": 0.6, "value": [0, 0]}
      ],
      "yaw": [
        {"time": 0, "value": [-1.7, -1.7]},
        {"time": 0.1, "value": [-1.45, -1.45]},
        {"time": 0.5, "value": [0.15, 0.15]},
        {"time": 0.65, "value": [0, 0]}
      ]
    },
  "inaccuracy": {
    "stand": 4.5,
    "move": 4.75,
    "sneak": 4,
    "lie": 4,
    "aim": 4
  },
  // 近战相关
  "melee": {
    // 枪械距离参数，用来延升近战攻击范围
    // 会与刺刀等配件的距离做加和
    "distance": 1,
    // 使用时的冷却时间
    "cooldown": 0.7,
    // 默认近战数据，会被配件的数据替换掉
    "default": {
      // 动画类型：没有枪托的为 melee_push，有枪托的为 melee_stock
      "animation_type": "melee_stock",
      // 刺刀距离参数，枪械里还有个刺刀攻击距离参数，两者做加和
      "distance": 1,
      // 刺刀范围角度
      "range_angle": 30,
      // 伤害值
      "damage": 2,
      // 击退效果
      "knockback": 0.6,
      // 前摇时长，单位：秒
      "prep": 0.1
    }
  }
}