{
    "ammo": "wyyc1991:8x35",
    "ammo_amount": 25,
    "extended_mag_ammo_amount": [
      30,
      40,
      45
    ],
    "bolt": "open_bolt",
    "rpm": 550,
    "bullet": {
      "life": 0.8,
      "bullet_amount": 1,
      "damage": 9,
      "tracer_count_interval": 0,
      "extra_damage": {
        "armor_ignore": 0.3,
        "head_shot_multiplier": 1.5,
        "damage_adjust": [
            {"distance": 1, "damage": 10},
            {"distance": 25, "damage": 9},
            {"distance": 55, "damage": 7.5},
          {"distance": "infinite", "damage": 6.5}
        ]
      },
      "speed": 250,
      "gravity": 0.098,
      "knockback": 0,
      "friction": 0.02,
      "ignite": false,
      "pierce": 2
    },
    "reload": {
      "type": "magazine",
      "feed": {
        "empty": 2.5,
        "tactical": 1.5
      },
      "cooldown": {
        "empty": 3.07,
        "tactical": 2.53
      }
    },
    "draw_time": 0.8,
    "put_away_time": 0.43,
    "aim_time": 0.24,
    "sprint_time": 0.2,
    "fire_mode": [
      "auto",
      "semi"
      
    ],
    "weight": 3,
   "movement_speed": {
    "base": 0.0,
    "aim": -0.2,
    "reload": -0.1
  },
    "recoil": {
        "pitch": [
            {"time": 0, "value": [0.65, 0.65]},
            {"time": 0.25, "value": [0.6, 0.6]},
            {"time": 0.45, "value": [-0.175, -0.175]},
            {"time": 0.6, "value": [0, 0]}
          ],
          "yaw": [
            {"time": 0, "value": [-0.35, -0.15]},
            {"time": 0.25, "value": [-0.35, -0.15]},
            {"time": 0.45, "value": [0, 0]}
          ]
    },
    "hurt_bob_tweak_multiplier": 0.05,
    
    "inaccuracy": {
      "stand": 5,
      "move": 6,
      "sneak": 3.5,
      "lie": 1.5,
      "aim": 0.1
    },
    
    "melee": {
      
      "distance": 1,
      
      "cooldown": 0.7,
      
      "default": {
        
        "animation_type": "melee_stock",
        
        "distance": 0,
        
        "range_angle": 30,
        
        "damage": 2,
       
        "knockback": 0.6,
      
        "prep": 0.1
      }
    },
    "allow_attachment_types": [
      "scope",
      "stock",
      "grip",
      "laser",
      "muzzle",
      "extended_mag"
    ]
    
  }