{
    "ammo": "tacz:762x54",
    "ammo_amount": 10,
    "extended_mag_ammo_amount": [
      13,
      18,
      25
    ],
    "bolt": "closed_bolt",
    "rpm": 300,
    "bullet": {
      "life": 0.8,
      "bullet_amount": 1,
      "damage": 16,
      "tracer_count_interval": 0,
      "extra_damage": {
        "armor_ignore": 0.55,
        "head_shot_multiplier": 1.75,
        "damage_adjust": [
          {"distance": 60, "damage": 16},
          {"distance": 120, "damage": 14},
          {"distance": "infinite", "damage": 10.5}
        ]
      },
      "speed": 310,
      "gravity": 0.125,
      "knockback": 0,
      "friction": 0.01,
      "ignite": false,
      "pierce": 3,
      "explosion": {
        "explode": false,
        "damage": 28,
        "radius": 0.75,
        "knockback": true,
        "delay": 1
      }
    },
    "reload": {
      "type": "magazine",
      "feed": {
        "empty": 2.71,
        "tactical": 1.75
      },
      "cooldown": {
        "empty": 3.08,
        "tactical": 2.75
      }
    },
    "script": "tacz:xmag_reload_logic",
  "script_param": {
    "reload_feed": 1.75,
    "reload_cooldown": 2.75,
    "empty_feed": 2.71,
    "empty_cooldown": 3.08,
    "reload_xmag_1_feed": 1.8,
    "reload_xmag_1_cooldown": 2.83,
    "empty_xmag_1_feed": 2.8,
    "empty_xmag_1_cooldown": 3.13,
    "reload_xmag_2_feed": 1.9,
    "reload_xmag_2_cooldown": 2.9,
    "empty_xmag_2_feed": 2.9,
    "empty_xmag_2_cooldown": 3.17,
    "reload_xmag_3_feed": 2,
    "reload_xmag_3_cooldown": 2.93,
    "empty_xmag_3_feed": 3,
    "empty_xmag_3_cooldown": 3.21
  },
    "draw_time": 0.73,
    "put_away_time": 0.43,
    "aim_time": 0.21,
    "sprint_time": 0.22,
    "weight": 4,
    "movement_speed": {
      "base": 0.0,
      "aim": -0.15,
      "reload": -0.1
    },
    "crawl_recoil_multiplier": 0.2,
    "fire_mode": [
      "semi",
      "auto"
    ],
    "can_slide": false,
  
    "recoil": {
      "pitch": [
        {"time": 0, "value": [1.65, 1.65]},
        {"time": 0.05, "value": [1.25, 1.25]},
        {"time": 0.12, "value": [1.5, 1.5]},
        {"time": 0.25, "value": [-0.35, -0.25]},
        {"time": 0.5, "value": [0, 0]},
        {"time": 0.7, "value": [0.15, 0.25]},
        {"time": 0.9, "value": [0, 0]}
      ],
      "yaw": [
        {"time": 0, "value": [-0.5, 0.35]},
        {"time": 0.05, "value": [-0.5, 0.35]},
        {"time": 0.25, "value": [0, 0]}
      ]
    },
    "inaccuracy": {
      "stand": 5,
      "move": 6.5,
      "sneak": 3.5,
      "lie": 1,
      "aim": 0.05
    },
   
    "melee": {
      
      "distance": 1,
     
      "cooldown": 0.65,
      
      "default": {
        
        "animation_type": "melee_stock",
        
        "distance": 1.25,
        
        "range_angle": 30,
       
        "damage": 2,
        
        "knockback": 0.6,
        
        "prep": 0.1
      }
    },
    "builtin_attachments": {
        
      },
    "allow_attachment_types": [
      "scope",
      "stock",
      "grip",
      "muzzle",
      "laser",
      "extended_mag"
    ],
    "exclusive_attachments": {
    }
  }