{
    "ammo": "wyyc1991:20g",
    "ammo_amount": 2,
    "extended_mag_ammo_amount": [
      3,
      4,
      5
    ],
    "bolt": "manual_action",
    "rpm": 180,
    "bullet": {
      "life": 0.9,
      "bullet_amount": 10,
      "damage": 30,
      "tracer_count_interval": 0,
      "extra_damage": {
        "armor_ignore": 0.25,
        "head_shot_multiplier": 1.5,
        "damage_adjust": [
          {"distance": 15, "damage": 30},
          {"distance": 30, "damage": 25},
          {"distance": "infinite", "damage": 15}
        ]
      },
      "speed": 130,
      "gravity": 0.15,
      "knockback": 0.15,
      "friction": 0.05,
      "ignite": false,
      "pierce": 1
      
    },
    "reload": {
      "type": "magazine",
      "feed": {
        "empty": 4,
        "tactical": 2.6
      },
      "cooldown": {
        "empty": 4.46,
        "tactical": 3
      }
    },
    "draw_time": 0.77,
    "put_away_time": 0.4,
    "aim_time": 0.2,
    "sprint_time": 0.2,
    "bolt_action_time": 1.52,
    "weight": 1,
    "movement_speed": {
      "base": 0.0,
      "aim": -0.1,
      "reload": -0.15
    },
    "crawl_recoil_multiplier": 0.5,
    "fire_mode": [
      "semi"
    ],
    "recoil": {
        "pitch": [
          {"time": 0, "value": [3.25, 3.25]},
          {"time": 0.125, "value": [3.15, 3.15]},
          {"time": 0.4, "value": [-0.25, -0.25]},
          {"time": 0.55, "value": [0, 0]}
        ],
        "yaw": [
          {"time": 0, "value": [-1.5, 1.5]},
          {"time": 0.1, "value": [-1.25, 1.25]},
          {"time": 0.2, "value": [0.15, 0.15]},
          {"time": 0.4, "value": [0, 0]}
        ]
      },
    "inaccuracy": {
      "stand": 4,
      "move": 4.5,
      "sneak": 3.5,
      "lie": 3,
      "aim": 2.5
    },

    "melee": {
     
      "distance": 1,
      
      "cooldown": 1.0,
      
      "default": {
        
        "animation_type": "melee_stock",
       
        "distance": 1.25,
        
        "range_angle": 30,
     
        "damage": 5,
       
        "knockback": 1,
       
        "prep": 0.1
      }
    },
    "allow_attachment_types": [
      "extended_mag",
      "scope",
      "stock",
      "grip",
      "laser",
      "muzzle"
    ]
  }