{
  "ammo": "tacz:556x45",
  "ammo_amount": 20,
  "extended_mag_ammo_amount": [
    30,
    40,
    100
  ],
  "bolt": "closed_bolt",
  "rpm": 800,
  "script": "tacz:xmag_reload_logic",
  "script_param": {
    "reload_feed": 1.5,
    "reload_cooldown": 2.33,
    "empty_feed": 2,
    "empty_cooldown": 2.67,
    "reload_xmag_1_feed": 1.6,
    "reload_xmag_1_cooldown": 2.4,
    "empty_xmag_1_feed": 2.2,
    "empty_xmag_1_cooldown": 2.7,
    "reload_xmag_2_feed": 2.17,
    "reload_xmag_2_cooldown": 2.71,
    "empty_xmag_2_feed": 2.3,
    "empty_xmag_2_cooldown": 2.83,
    "reload_xmag_3_feed": 2.88,
    "reload_xmag_3_cooldown": 3.36,
    "empty_xmag_3_feed": 3.58,
    "empty_xmag_3_cooldown": 3.9
  },
  "bullet": {
    "life": 0.9,
    "bullet_amount": 1,
    "damage": 8,
    "tracer_count_interval": 0,
    "extra_damage": {
      "armor_ignore": 0.25,
      "head_shot_multiplier": 1.5,
      "damage_adjust": [
        {"distance": 35, "damage": 8},
        {"distance": 60, "damage": 6},
        {"distance": "infinite", "damage": 5}
      ]
    },
    "speed": 305,
    "gravity": 0.15,
    "knockback": 0,
    "friction": 0.015,
    "ignite": false,
    "pierce": 1
  },
  "reload": {
    "type": "magazine",
    "feed": {
      "empty": 2,
      "tactical": 1.5
    },
    "cooldown": {
      "empty": 2.67,
      "tactical": 2.33
    }
  },
  "can_slide": false,
  "can_crawl": true,
  "draw_time": 0.43,
  "put_away_time": 0.53,
  "aim_time": 0.15,
  "sprint_time": 0.16,
  "weight": 3.2,
  "movement_speed": {
    "base": 0.0,
    "aim": -0.15,
    "reload": -0.1
  },
  "crawl_recoil_multiplier": 0.5,
  "fire_mode": [
    "auto",
    "burst",
    "semi"
  ],
  "burst_data": {
    "continuous_shoot": false,
    "count": 3,
    "bpm": 900,
    "min_interval": 0.4
  },
  "recoil": {
    "pitch": [
      {"time": 0, "value": [0.35, 0.35]},
      {"time": 0.35, "value": [0.35, 0.35]},
      {"time": 0.55, "value": [-0.125, -0.125]},
      {"time": 0.7, "value": [0, 0]}
    ],
    "yaw": [
      {"time": 0, "value": [-0.3, 0.1]},
      {"time": 0.3, "value": [-0.3, 0.1]},
      {"time": 0.5, "value": [0, 0]}
    ]
  },
  "inaccuracy": {
    "stand": 4.75,
    "move": 5,
    "sneak": 2.25,
    "lie": 1,
    "aim": 0.1
  },
  "melee": {
    // 枪械距离参数，用来延升近战攻击范围
    // 会与刺刀等配件的距离做加和
    "distance": 1,
    // 使用时的冷却时间
    "cooldown": 0.6,
    // 默认近战数据，会被配件的数据替换掉
    "default": {
      // 动画类型：没有枪托的为 melee_push，有枪托的为 melee_stock
      "animation_type": "melee_stock",
      // 刺刀距离参数，枪械里还有个刺刀攻击距离参数，两者做加和
      "distance": 1,
      // 刺刀范围角度
      "range_angle": 30,
      // 伤害值
      "damage": 2,
      // 击退效果
      "knockback": 0.5,
      // 前摇时长，单位：秒
      "prep": 0.1
    }
  },
  "allow_attachment_types": [
    "scope",
    "stock",
    "grip",
    "muzzle",
    "extended_mag",
    "laser"
  ],
  "exclusive_attachments": {
  }
}