{
    "ammo": "the_continental:5821",
    "rpm": 750,
    "bullet": {
      "life": 0.85,
      "bullet_amount": 1,
      "damage": 7.5,
      "tracer_count_interval": 0,
      "extra_damage": {
        "armor_ignore": 0.25,
        "head_shot_multiplier": 1.25,
        "damage_adjust": [
          {"distance": 20, "damage": 7.5},
          {"distance": 40, "damage": 6},
          {"distance": "infinite", "damage": 5}
        ]
      },
      "speed": 225,
      "gravity": 0.175,
      "knockback": 0,
      "friction": 0.025,
      "ignite": false,
      "pierce": 1
    },
    "ammo_amount": 20,
    "extended_mag_ammo_amount": [
      30,
      40,
      50
    ],
    "bolt": "closed_bolt",
    "reload": {
      "type": "magazine",
      "feed": {
        "empty": 1.63,
        "tactical": 1.05
      },
      "cooldown": {
        "empty": 1.88,
        "tactical": 1.5
      }
    },
    "draw_time": 0.35,
    "put_away_time": 0.3,
    "aim_time": 0.15,
    "sprint_time": 0.05,
    "weight": 1.25,
    "movement_speed": {
      "base": 0.0,
      "aim": 0,
      "reload": 0.1
    },
    "crawl_recoil_multiplier": 0.75,
    "fire_mode": [
      "semi",
      "auto"
    ],
    "allow_attachment_types": [
      "laser",
      "extended_mag",
      "scope"
    ],
    "recoil": {
      "pitch": [
        {"time": 0, "value": [1.2, 1.2]},
        {"time": 0.02, "value": [1, 1]},
        {"time": 0.05, "value": [1.1, 1.1]},
        {"time": 0.22, "value": [0.1, 0.1]},
        {"time": 0.28, "value": [0.05, 0.05]},
        {"time": 0.35, "value": [0, 0]}
      ],
      "yaw": [
        {"time": 0, "value": [-0.5, 0.5]},
        {"time": 0.2, "value": [0, 0]}
      ]
    },
    "inaccuracy": {
      "stand": 1.75,
      "move": 2.5,
      "sneak": 1.5,
      "lie": 0.75,
      "aim": 0.1
    }
  }