{
    "ammo": "the_continental:9x18pm",
    "rpm": 600,
    "bullet": {
      "life": 0.85,
      "bullet_amount": 1,
      "damage": 6.5,
      "tracer_count_interval": 0,
      "extra_damage": {
        "armor_ignore": 0.15,
        "head_shot_multiplier": 1.5,
        "damage_adjust": [
          {"distance": 25, "damage": 6.5},
          {"distance": 40, "damage": 5.5},
          {"distance": "infinite", "damage": 5}
        ]
      },
      "speed": 200,
      "gravity": 0.175,
      "knockback": 0,
      "friction": 0.025,
      "ignite": false,
      "pierce": 1
    },
    "ammo_amount": 20,
    "extended_mag_ammo_amount": [
      30,
      40,
      50
    ],
    "bolt": "closed_bolt",
    "reload": {
      "type": "magazine",
      "feed": {
        "empty": 1.63,
        "tactical": 1.05
      },
      "cooldown": {
        "empty": 1.88,
        "tactical": 1.5
      }
    },
    "draw_time": 0.35,
    "put_away_time": 0.3,
    "aim_time": 0.15,
    "sprint_time": 0.05,
    "weight": 1.5,
    "movement_speed": {
      "base": 0.0,
      "aim": 0,
      "reload": 0.1
    },
    "crawl_recoil_multiplier": 0.75,
    "fire_mode": [
      "semi",
      "auto"
    ],
    "allow_attachment_types": [
      "muzzle",
      "extended_mag",
      "stock"
    ],
    "recoil": {
    "pitch": [
      {"time": 0, "value": [0.75, 0.75]},
      {"time": 0.11, "value": [0.65, 0.65]},
      {"time": 0.27, "value": [-0.1, -0.1]},
      {"time": 0.35, "value": [0.05, 0.05]},
      {"time": 0.42, "value": [0, 0]}
    ],
    "yaw": [
      {"time": 0, "value": [-0.25, -0.1]},
      {"time": 0.18, "value": [0, 0]}
    ]
  },
  "inaccuracy": {
    "stand": 2.25,
    "move": 2.5,
    "sneak": 1.5,
    "lie": 1,
    "aim": 0.15
  }
  }