{
    "ammo": "tacz:9mm",
    "rpm": 440,
    "bullet": {
      "life": 0.85,
      "bullet_amount": 1,
      "damage": 7,
      "tracer_count_interval": 0,
      "extra_damage": {
        "armor_ignore": 0,
        "head_shot_multiplier": 1.5,
        "damage_adjust": [
          {"distance": 25, "damage": 7},
          {"distance": 45, "damage": 5.5},
          {"distance": "infinite", "damage": 4}
        ]
      },
      "speed": 200,
      "gravity": 0.15,
      "knockback": 0,
      "friction": 0.025,
      "ignite": false,
      "pierce": 1
    },
    "ammo_amount": 19,
    "extended_mag_ammo_amount": [
      22,
      25,
      28
    ],
    "bolt": "closed_bolt",
    "reload": {
      "type": "magazine",
      "feed": {
        "empty": 1.63,
        "tactical": 1.05
      },
      "cooldown": {
        "empty": 1.88,
        "tactical": 1.5
      }
    },
    "draw_time": 0.63,
    "put_away_time": 0.28,
    "aim_time": 0.16,
    "sprint_time": 0.05,
    "weight": 1.2,
    "movement_speed": {
      "base": 0.0,
      "aim": 0,
      "reload": 0.15
    },
    "crawl_recoil_multiplier": 0.5,
    "fire_mode": [
      "semi"
    ],
    "allow_attachment_types": [
      "scope",
      "muzzle",
      "extended_mag",
      "laser"
    ],
    "recoil": {
      "pitch": [
        {"time": 0, "value": [0.375, 0.375]},
        {"time": 0.25, "value": [0.375, 0.375]},
        {"time": 0.5, "value": [-0.125, -0.125]},
        {"time": 0.7, "value": [0.05, 0.05]},
        {"time": 1.0, "value": [0, 0]}
      ],
      "yaw": [
        {"time": 0, "value": [-0.45, 0.15]},
        {"time": 0.25, "value": [-0.45, 0.15]},
        {"time": 1, "value": [0, 0]}
      ]
    },
    "inaccuracy": {
      "stand": 2,
      "move": 2.5,
      "sneak": 1.75,
      "lie": 0.7,
      "aim": 0.15
    }
  }