{
    "ammo": "tacz:57x28",
    "rpm": 450,
    "bullet": {
      "life": 0.8,
      "bullet_amount": 1,
      "damage": 5.5,
      "tracer_count_interval": 0,
      "extra_damage": {
        "armor_ignore": 0.7,
        "head_shot_multiplier": 1.25,
        "damage_adjust": [
          {"distance": 20, "damage": 5.5},
          {"distance": 30, "damage": 4.5},
          {"distance": "infinite", "damage": 3}
        ]
      },
      "speed": 300,
      "gravity": 0.15,
      "knockback": 0,
      "friction": 0.02,
      "ignite": false,
      "pierce": 1
    },
    "ammo_amount": 20,
    "extended_mag_ammo_amount": [
      30,
      40,
      50
    ],
    "bolt": "closed_bolt",
    "reload": {
      "type": "magazine",
      "feed": {
        "empty": 1.63,
        "tactical": 1.05
      },
      "cooldown": {
        "empty": 1.88,
        "tactical": 1.5
      }
    },
    "draw_time": 0.63,
    "put_away_time": 0.28,
    "aim_time": 0.16,
    "sprint_time": 0.05,
    "weight": 0.9,
    "movement_speed": {
      "base": 0.0,
      "aim": 0,
      "reload": 0.15
    },
    "crawl_recoil_multiplier": 0.5,
    "fire_mode": [
      "semi"
    ],
    "allow_attachment_types": [
      "muzzle",
      "extended_mag",
      "laser"
    ],
    "recoil": {
      "pitch": [
        {"time": 0, "value": [1.65, 1.65]},
        {"time": 0.02, "value": [1, 1]},
        {"time": 0.05, "value": [1.5, 1.5]},
        {"time": 0.22, "value": [0.1, 0.1]},
        {"time": 0.28, "value": [0.05, 0.05]},
        {"time": 0.35, "value": [0, 0]}
      ],
      "yaw": [
        {"time": 0, "value": [-0.5, 0.5]},
        {"time": 0.2, "value": [0, 0]}
      ]
    },
    "inaccuracy": {
      "stand": 2,
      "move": 2.5,
      "sneak": 1.75,
      "lie": 0.7,
      "aim": 0.15
    }
  }