{
  "ammo": "the_continental:9x18pm",
  "rpm": 400,
  "bullet": {
    "life": 1,
    "bullet_amount": 1,
    "damage": 6,
    "tracer_count_interval": 0,
    "extra_damage": {
      "armor_ignore": 0,
      "head_shot_multiplier": 1.5,
      "damage_adjust": [
        {"distance": 15, "damage": 6},
        {"distance": 30, "damage": 5},
        {"distance": "infinite", "damage": 4}
      ]
    },
    "speed": 170,
    "gravity": 0.15,
    "knockback": 0,
    "friction": 0.035,
    "ignite": false,
    "pierce": 1
  },
  "ammo_amount": 8,
  "extended_mag_ammo_amount": [
    12,
    16,
    20
  ],
  "bolt": "closed_bolt",
  "reload": {
    "type": "magazine",
    "feed": {
      "empty": 1.1,
      "tactical": 0.88
    },
    "cooldown": {
      "empty": 1.45,
      "tactical": 1.25
    }
  },
  "draw_time": 0.45,
  "put_away_time": 0.28,
  "aim_time": 0.05,
  "sprint_time": 0.05,
  "weight": 0.85,
  "movement_speed": {
    "base": 0,
    "aim": 0,
    "reload": 0.1
  },
  "crawl_recoil_multiplier": 0.5,
  "fire_mode": [
    "semi"
  ],
  "allow_attachment_types": [
    "muzzle",
    "extended_mag"
  ],
  "recoil": {
    "pitch": [
      {"time": 0, "value": [1.75, 1.75]},
      {"time": 0.04, "value": [1.25, 1.25]},
      {"time": 0.08, "value": [1.25, 1.25]},
      {"time": 0.27, "value": [0.1, 0.1]},
      {"time": 0.3, "value": [0.08, 0.08]},
      {"time": 0.55, "value": [0, 0]}
    ],
    "yaw": [
      {"time": 0, "value": [-0.5, -0.5]},
      {"time": 0.05, "value": [0.3, 0.3]},
      {"time": 0.11, "value": [0.1, 0.1]},
      {"time": 0.28, "value": [0, 0]}
    ]
  },
  "inaccuracy": {
    "stand": 1.65,
    "move": 1.95,
    "sneak": 0.95,
    "lie": 0.75,
    "aim": 0.16
  }
}