{
	"format_version": "1.12.0",
	"minecraft:geometry": [
		{
			"description": {
				"identifier": "geometry.unknown",
				"texture_width": 8,
				"texture_height": 8,
				"visible_bounds_width": 2,
				"visible_bounds_height": 1.5,
				"visible_bounds_offset": [0, 0.25, 0]
			},
			"bones": [
				{
					"name": "root",
					"pivot": [0, 0, 0]
				},
				{
					"name": "bullets",
					"parent": "root",
					"pivot": [0, 0, 0]
				},
				{
					"name": "9mm2",
					"parent": "bullets",
					"pivot": [-1, 0.46876, -6.5],
					"rotation": [-42.5, 0, -90]
				},
				{
					"name": "9mm",
					"parent": "bullets",
					"pivot": [3.25, 1.40626, -5],
					"rotation": [0, 45, 0]
				},
				{
					"name": "9mm3",
					"parent": "bullets",
					"pivot": [2.40625, 5.43751, 0],
					"rotation": [0, 45, 0],
					"cubes": [
						{
							"origin": [1.91406, 0.30471, -0.4922],
							"size": [0.98439, 1.60154, 0.98439],
							"uv": {
								"north": {"uv": [0, 0], "uv_size": [1, 1.5]},
								"east": {"uv": [1, 0], "uv_size": [1, 1.5]},
								"south": {"uv": [0, 2], "uv_size": [1, 1.5]},
								"west": {"uv": [2, 0], "uv_size": [1, 1.5]},
								"up": {"uv": [1, 2], "uv_size": [1, 1]},
								"down": {"uv": [2, 3], "uv_size": [1, -1]}
							}
						},
						{
							"origin": [1.97656, 0.03125, -0.4297],
							"size": [0.85939, 0.1172, 0.85939],
							"uv": {
								"north": {"uv": [3, 1], "uv_size": [1, 0.5]},
								"east": {"uv": [2, 3], "uv_size": [1, 0.5]},
								"south": {"uv": [3, 2], "uv_size": [1, 0.5]},
								"west": {"uv": [3, 3], "uv_size": [1, 0.5]},
								"up": {"uv": [3, 0], "uv_size": [1, 1]},
								"down": {"uv": [1, 4], "uv_size": [1, -1]}
							}
						},
						{
							"origin": [2.09376, 0.14845, -0.31251],
							"size": [0.625, 0.15626, 0.625],
							"uv": {
								"north": {"uv": [0, 4], "uv_size": [0.5, 0.5]},
								"east": {"uv": [4, 0], "uv_size": [0.5, 0.5]},
								"south": {"uv": [1, 4], "uv_size": [0.5, 0.5]},
								"west": {"uv": [4, 1], "uv_size": [0.5, 0.5]}
							}
						},
						{
							"origin": [2.08202, 1.73437, -0.32419],
							"size": [0.64842, 0.3125, 0.64842],
							"uv": {
								"north": {"uv": [2, 4], "uv_size": [0.5, 0.5]},
								"east": {"uv": [4, 2], "uv_size": [0.5, 0.5]},
								"south": {"uv": [3, 4], "uv_size": [0.5, 0.5]},
								"west": {"uv": [4, 3], "uv_size": [0.5, 0.5]},
								"up": {"uv": [4, 4], "uv_size": [0.5, 0.5]}
							}
						},
						{
							"origin": [2.03517, 1.99221, -0.37109],
							"size": [0.74218, 0.49216, 0.74217],
							"uv": {
								"north": {"uv": [0, 5], "uv_size": [0.5, 0.5]},
								"east": {"uv": [5, 0], "uv_size": [0.5, 0.5]},
								"south": {"uv": [1, 5], "uv_size": [0.5, 0.5]},
								"west": {"uv": [5, 1], "uv_size": [0.5, 0.5]},
								"up": {"uv": [2, 5], "uv_size": [0.5, 0.5]}
							}
						}
					]
				},
				{
					"name": "9mm4",
					"parent": "bullets",
					"pivot": [0.40625, 4.43751, 0],
					"rotation": [45, 0, 90],
					"cubes": [
						{
							"origin": [3.91406, 3.30471, -0.4922],
							"size": [0.98439, 1.60154, 0.98439],
							"uv": {
								"north": {"uv": [0, 0], "uv_size": [1, 1.5]},
								"east": {"uv": [1, 0], "uv_size": [1, 1.5]},
								"south": {"uv": [0, 2], "uv_size": [1, 1.5]},
								"west": {"uv": [2, 0], "uv_size": [1, 1.5]},
								"up": {"uv": [1, 2], "uv_size": [1, 1]},
								"down": {"uv": [2, 3], "uv_size": [1, -1]}
							}
						},
						{
							"origin": [3.97656, 3.03125, -0.4297],
							"size": [0.85939, 0.1172, 0.85939],
							"uv": {
								"north": {"uv": [3, 1], "uv_size": [1, 0.5]},
								"east": {"uv": [2, 3], "uv_size": [1, 0.5]},
								"south": {"uv": [3, 2], "uv_size": [1, 0.5]},
								"west": {"uv": [3, 3], "uv_size": [1, 0.5]},
								"up": {"uv": [3, 0], "uv_size": [1, 1]},
								"down": {"uv": [1, 4], "uv_size": [1, -1]}
							}
						},
						{
							"origin": [4.09376, 3.14845, -0.31251],
							"size": [0.625, 0.15626, 0.625],
							"uv": {
								"north": {"uv": [0, 4], "uv_size": [0.5, 0.5]},
								"east": {"uv": [4, 0], "uv_size": [0.5, 0.5]},
								"south": {"uv": [1, 4], "uv_size": [0.5, 0.5]},
								"west": {"uv": [4, 1], "uv_size": [0.5, 0.5]}
							}
						},
						{
							"origin": [4.08202, 4.73437, -0.32419],
							"size": [0.64842, 0.3125, 0.64842],
							"uv": {
								"north": {"uv": [2, 4], "uv_size": [0.5, 0.5]},
								"east": {"uv": [4, 2], "uv_size": [0.5, 0.5]},
								"south": {"uv": [3, 4], "uv_size": [0.5, 0.5]},
								"west": {"uv": [4, 3], "uv_size": [0.5, 0.5]},
								"up": {"uv": [4, 4], "uv_size": [0.5, 0.5]}
							}
						},
						{
							"origin": [4.03517, 4.99221, -0.37109],
							"size": [0.74218, 0.49216, 0.74217],
							"uv": {
								"north": {"uv": [0, 5], "uv_size": [0.5, 0.5]},
								"east": {"uv": [5, 0], "uv_size": [0.5, 0.5]},
								"south": {"uv": [1, 5], "uv_size": [0.5, 0.5]},
								"west": {"uv": [5, 1], "uv_size": [0.5, 0.5]},
								"up": {"uv": [2, 5], "uv_size": [0.5, 0.5]}
							}
						}
					]
				},
				{
					"name": "9mm5",
					"parent": "bullets",
					"pivot": [0.40625, 4.43751, -3],
					"rotation": [172.5, 0, 90],
					"cubes": [
						{
							"origin": [3.91406, 3.30471, -3.4922],
							"size": [0.98439, 1.60154, 0.98439],
							"uv": {
								"north": {"uv": [0, 0], "uv_size": [1, 1.5]},
								"east": {"uv": [1, 0], "uv_size": [1, 1.5]},
								"south": {"uv": [0, 2], "uv_size": [1, 1.5]},
								"west": {"uv": [2, 0], "uv_size": [1, 1.5]},
								"up": {"uv": [1, 2], "uv_size": [1, 1]},
								"down": {"uv": [2, 3], "uv_size": [1, -1]}
							}
						},
						{
							"origin": [3.97656, 3.03125, -3.4297],
							"size": [0.85939, 0.1172, 0.85939],
							"uv": {
								"north": {"uv": [3, 1], "uv_size": [1, 0.5]},
								"east": {"uv": [2, 3], "uv_size": [1, 0.5]},
								"south": {"uv": [3, 2], "uv_size": [1, 0.5]},
								"west": {"uv": [3, 3], "uv_size": [1, 0.5]},
								"up": {"uv": [3, 0], "uv_size": [1, 1]},
								"down": {"uv": [1, 4], "uv_size": [1, -1]}
							}
						},
						{
							"origin": [4.09376, 3.14845, -3.31251],
							"size": [0.625, 0.15626, 0.625],
							"uv": {
								"north": {"uv": [0, 4], "uv_size": [0.5, 0.5]},
								"east": {"uv": [4, 0], "uv_size": [0.5, 0.5]},
								"south": {"uv": [1, 4], "uv_size": [0.5, 0.5]},
								"west": {"uv": [4, 1], "uv_size": [0.5, 0.5]}
							}
						},
						{
							"origin": [4.08202, 4.73437, -3.32419],
							"size": [0.64842, 0.3125, 0.64842],
							"uv": {
								"north": {"uv": [2, 4], "uv_size": [0.5, 0.5]},
								"east": {"uv": [4, 2], "uv_size": [0.5, 0.5]},
								"south": {"uv": [3, 4], "uv_size": [0.5, 0.5]},
								"west": {"uv": [4, 3], "uv_size": [0.5, 0.5]},
								"up": {"uv": [4, 4], "uv_size": [0.5, 0.5]}
							}
						},
						{
							"origin": [4.03517, 4.99221, -3.37109],
							"size": [0.74218, 0.49216, 0.74217],
							"uv": {
								"north": {"uv": [0, 5], "uv_size": [0.5, 0.5]},
								"east": {"uv": [5, 0], "uv_size": [0.5, 0.5]},
								"south": {"uv": [1, 5], "uv_size": [0.5, 0.5]},
								"west": {"uv": [5, 1], "uv_size": [0.5, 0.5]},
								"up": {"uv": [2, 5], "uv_size": [0.5, 0.5]}
							}
						}
					]
				},
				{
					"name": "box",
					"parent": "root",
					"pivot": [5.84776, 1.5, 4.76537]
				},
				{
					"name": "rounds",
					"parent": "root",
					"pivot": [4, 2.25, 3]
				},
				{
					"name": "positioning",
					"pivot": [-3.025, -8.95, -11.225]
				},
				{
					"name": "ground",
					"parent": "positioning",
					"pivot": [0, 0, 0]
				},
				{
					"name": "fixed",
					"parent": "positioning",
					"pivot": [0, 6, 0]
				},
				{
					"name": "thirdperson_hand",
					"parent": "positioning",
					"pivot": [-0.025, 1.55, -0.225],
					"rotation": [0, -90, 0]
				}
			]
		}
	]
}