{
  "ammo": "tacz:308",
  "ammo_amount":5 ,
  "extended_mag_ammo_amount": [
    8,
    12,
    20
  ],
  "bolt": "closed_bolt",
  "rpm": 500,
  "bullet": {
    "life": 0.75,
    "bullet_amount": 1,
    "damage": 21,
    "tracer_count_interval": 0,
    "extra_damage": {
      "armor_ignore": 0.6,
      "head_shot_multiplier": 2,
      "damage_adjust": [
        {"distance": 70, "damage": 22},
        {"distance": 90, "damage": 21},
        {"distance": 100, "damage": 20},
        {"distance": "infinite", "damage": 18}
      ]
    },
    "speed": 390,
    "gravity": 0.0245,
    "knockback": 3,
    "friction": 0.015,
    "ignite": false,
    "pierce": 4
  },
  "reload": {
    "type": "magazine",
    "feed": {
      "empty": 2.17,
      "tactical": 1.33
    },
    "cooldown": {
      "empty": 2.65,
      "tactical": 1.85
    }
  },
  "draw_time": 0.43,
  "put_away_time": 0.53,
  "aim_time": 0.51,
  "sprint_time": 0.51,
  "fire_mode": [
    "semi"
  ],
  "burst_data": {
    "continuous_shoot": false,
    "count": 3,
    "bpm": 900,
    "min_interval": 0.4
  },
  "recoil": {
    "pitch": [
      {"time": 0, "value": [2.05, 2.05]},
      {"time": 0.35, "value": [0.75, 0.75]},
      {"time": 0.55, "value": [-0.125, -0.125]},
      {"time": 0.7, "value": [0, 0]}
    ],
    "yaw": [
      {"time": 0, "value": [-1.65, 1.65]},
      {"time": 0.3, "value": [-0.25, 0.25]},
      {"time": 0.5, "value": [0, 0]}
    ]
  },
  "inaccuracy": {
    "stand": 4.875,
    "move": 7.5,
    "sneak": 4.25,
    "lie": 1,
    "aim": 0.095
  },
  // 近战相关
  "melee": {
    // 枪械距离参数，用来延升近战攻击范围
    // 会与刺刀等配件的距离做加和
    "distance": 1,
    // 使用时的冷却时间
    "cooldown": 0.6,
    // 默认近战数据，会被配件的数据替换掉
    "default": {
      // 动画类型：没有枪托的为 melee_push，有枪托的为 melee_stock
      "animation_type": "melee_stock",
      // 刺刀距离参数，枪械里还有个刺刀攻击距离参数，两者做加和
      "distance": 0,
      // 刺刀范围角度
      "range_angle": 30,
      // 伤害值
      "damage": 1,
      // 击退效果
      "knockback": 0.5,
      // 前摇时长，单位：秒
      "prep": 0.1
    }
  },
  "allow_attachment_types": [
    "muzzle",
    "scope",
    "grip",
    "stock",
    "extended_mag"
  ],
  "exclusive_attachments": {
  }
}