{
  "model": "bf1:gun/mhgl_geo",
  "texture": "bf1:gun/uv/mhgl",
  "hud": "bf1:gun/hud/mhgl",
  "slot": "bf1:gun/slot/mhgl",
  "animation": "bf1:mhgl",
  "use_default_animation": "rifle",
  "lod": {
    "model": "bf1:gun/lod/mhgl_lod",
    "texture": "bf1:gun/lod/mhgl_lod"
  },
  "transform": {
    "scale": {
      "thirdperson": [ 0.6, 0.6, 0.6 ],
      "ground": [ 0.6, 0.6, 0.6 ],
      "fixed": [1.2, 1.2, 1.2]
    }
  },
  "sounds": {
    "reload_empty": "bf1:martini/boltopen",
    "reload_tactical": "tacz:fire_select",
    "inspect": "bf1:vo/spot_soldier",
    "inspect_empty": "bf1:vo/request_ammo",
    "draw": "tacz:sks/sks_raise",
    "put_away": "tacz:sks/sks_drop",
    "shoot": "bf1:martini/mhgl_shoot",
    "shoot_3p": "bf1:martini/mhgl_shoot",
    "melee_push": "tacz:melee_stock/melee_stock_02",
    "melee_stock": "tacz:melee_stock/melee_stock_03",
    "head_hit": "bf1:head_hit",
    "flesh_hit": "bf1:flesh_hit",
    "kill": "bf1:kill"
  },
  "offhand_show": {
    "pos": [0, 20, 5],
    "rotate": [-20, 0, 30],
    "scale": [0.5, 0.5, 0.5]
  },
  "hotbar_show": {
    "0": {
      "pos": [-4, 24, 4],
      "rotate": [-90, -5, -90],
      "scale": [0.5, 0.5, 0.5]
    }
  }
}