{
  "model": "bf1:gun/tg1918_geo",
  "texture": "bf1:gun/uv/tg1918",
  "lod": {
    "model": "bf1:gun/lod/tg1918_lod",
    "texture": "bf1:gun/lod/tg1918_lod"
  },
  "hud": "bf1:gun/hud/tg1918",
  "slot": "bf1:gun/slot/tg1918",
  "third_person_animation": "default",
  "animation": "bf1:tg1918",
  "use_default_animation": "rifle",
  "transform": {
    "scale": {
      "thirdperson": [ 0.6, 0.6, 0.6 ],
      "ground": [ 0.6, 0.6, 0.6 ],
      "fixed": [ 1.2, 1.2, 1.2 ]
    }
  },
  "muzzle_flash": {
    "texture": "tacz:flash/common_muzzle_flash",
    "scale": 12
  },
  "iron_zoom": 1.5,
  "zoom_model_fov": 40,
  "sounds": {
    "shoot": "bf1:tg1918/shoot",
    "shoot_3p": "bf1:tg1918/shoot_3p",
    "silence": "bf1:tg1918/silence",
    "silence_3p": "bf1:tg1918/shoot_3p",
    "draw": "bf1:draw",
    "put_away": "bf1:put_away",
    "reload_empty": "bf1:tg1918/boltopen",
    "reload_tactical": "tacz:fire_select",
    "inspect_empty": "bf1:vo/request_ammo",
    "melee_bayonet": "no",

    "head_hit": "bf1:tg1918/tank_ricochet_2",
    "flesh_hit": "bf1:tg1918/tank_ricochet",
    "kill": "bf1:kill"
  }
}