{
  "model": "hare:gun/deryamk12_geo",
  "texture": "hare:gun/uv/deryamk12_uv",
  "hud": "hare:gun/hud/deryamk12_hud",
  "slot": "hare:gun/slot/deryamk12_slot",
  "animation": "hare:deryamk12",
  "state_machine": "hare:mk12_state_machine",
  "use_default_animation": "rifle",
  "third_person_animation": "default",
  "transform": {
    "scale": {
      "thirdperson": [0.6, 0.6, 0.6],
      "ground": [0.6, 0.6, 0.6],
      "fixed": [1.2, 1.2, 1.2]
    }
  },
  "muzzle_flash": {
    "texture": "tacz:flash/common_muzzle_flash",
    "scale": 0.75
  },
  "shell": {
    "initial_velocity": [5, 2, 1],
    "random_velocity": [1, 1, 0.25],
    "acceleration": [0.0, -10, 0.0],
    "angular_velocity": [360, -1200, 90],
    "living_time": 1.0
  },
  "sounds": {
    "shoot": "hare:deryamk12/deryamk12_shoot",
    "shoot_3p": "tacz:aa12/aa12_shoot_3p",
    "silence": "tacz:aa12/aa12_silence",
    "silence_3p": "tacz:aa12/aa12_silence_3p",
    "draw": "hare:deryamk12/deryamk12_draw",
    "put_away": "hare:deryamk12/deryamk12_put_away",
	"fire_select": "tacz:fire_select",
    "melee_push": "tacz:melee_stock/melee_stock_01",
    "melee_stock": "tacz:melee_stock/melee_stock_02"
  },
  "offhand_show": {
    "pos": [1, 19, 4],
    "rotate": [0, 0, 50],
    "scale": [0.5, 0.5, 0.5]
  },
  "hotbar_show": {
    "0": {
      "pos": [-1, 19, 3],
      "rotate": [-180, 0, 130],
      "scale": [0.5, 0.5, 0.5]
    }
  }
}