{
  "model": "hare:gun/kard_geo",
  "texture": "hare:gun/uv/kard_uv",
  "hud": "hare:gun/hud/kard_hud",
  "slot": "hare:gun/slot/kard_slot",
  "animation": "hare:kard_animation",
  "use_default_animation": "pistol",
  "player_animator_3rd": "tacz:pistol_default.player_animation",
  "transform": {
    "scale": {
      "thirdperson": [0.6, 0.6, 0.6],
      "ground": [0.6, 0.6, 0.6],
      "fixed": [1.2, 1.2, 1.2]
    }
  },
  "shell": {
    "initial_velocity": [5.0, 3.0, 1],
    "random_velocity": [2.5, 2, 0.25],
    "acceleration": [0.0, -20, 0.0],
    "angular_velocity": [360, -960, 90],
    "living_time": 1.0
  },
  "muzzle_flash": {
    "texture": "tacz:flash/common_muzzle_flash",
    "scale": 0.65
  },
  "iron_zoom": 1.5,
  "sounds": {
    "draw": "tacz:p320/p320_draw",
    "put_away": "tacz:p320/p320_put_away",
    "shoot": "tacz:p320/p320_shoot",
    "shoot_3p": "tacz:p320/p320_shoot_3p",
    "silence": "tacz:p320/p320_silence",
    "silence_3p": "tacz:p320/p320_silence_3p",
	"reload_empty": "hare:kard/kard_reload_empty",
	"reload_tactical": "hare:kard/kard_reload_tactical",
	"inspect": "hare:kard/kard_inspect",
	"inspect_empty": "hare:kard/kard_inspect_empty"
  },
  "offhand_show": {
    "pos": [4, 13, -10],
    "rotate": [-90, -35, 90],
    "scale": [0.5, 0.5, 0.5]
  },
  "hotbar_show": {
    "0": {
      "pos": [-5, 13, -1],
      "rotate": [-90, -35, 90],
      "scale": [0.5, 0.5, 0.5]
    }
  }
}