{
  "model": "hare:gun/ks1_geo",
  "texture": "hare:gun/uv/ks1_uv",
  "hud": "hare:gun/hud/ks1_hud",
  "slot": "hare:gun/slot/ks1_slot",
  "animation": "hare:ks1",
  "state_machine": "hare:mk12_state_machine",
  "use_default_animation": "rifle",
  "third_person_animation": "default",
  "transform": {
    "scale": {
      "thirdperson": [0.6, 0.6, 0.6],
      "ground": [0.6, 0.6, 0.6],
      "fixed": [1.3, 1.3, 1.3]
    }
  },
  "muzzle_flash": {
    "texture": "tacz:flash/common_muzzle_flash",
    "scale": 0.75
  },
  "iron_zoom": 1.33,
  "zoom_model_fov": 55,
  "shell": {
    "initial_velocity": [5, 2, 1],
    "random_velocity": [1, 1, 0.25],
    "acceleration": [0.0, -10, 0.0],
    "angular_velocity": [360, -1200, 90],
    "living_time": 1.0
  },
  "sounds": {
    "shoot": "hare:ks1/ks1_shoot",
    "shoot_3p": "tacz:m4a1/m4a1_shoot_3p",
    "reload_empty": "hare:ks1/ks1_reload_empty",
    "reload_tactical": "hare:ks1/ks1_reload_tactical",
    "inspect": "hare:ks1/ks1_inspect",
    "inspect_empty": "hare:ks1/ks1_inspect_empty",
    "draw": "hare:ks1/ks1_draw",
    "put_away": "hare:ks1/ks1_put_away",
    "silence": "hare:ks1/ks1_silence",
    "silence_3p": "tacz:m4a1/m4a1_silence_3p",
    "melee_push": "tacz:melee_stock/melee_stock_01",
    "melee_stock": "tacz:melee_stock/melee_stock_02"
  },
  "offhand_show": {
    "pos": [1, 19, 4],
    "rotate": [0, 0, 50],
    "scale": [0.5, 0.5, 0.5]
  },
  "hotbar_show": {
    "0": {
      "pos": [-1, 19, 3],
      "rotate": [-180, 0, 130],
      "scale": [0.5, 0.5, 0.5]
    }
  }
}