{
  "model": "hare:gun/spectrem4_geo",
  "texture": "hare:gun/uv/spectrem4_uv",
  "hud": "hare:gun/hud/spectrem4_hud",
  "slot": "hare:gun/slot/spectrem4_slot",
  "animation": "hare:spectrem4",
  "use_default_animation": "rifle",
  "third_person_animation": "default",
  "transform": {
    "scale": {
      "thirdperson": [0.6, 0.6, 0.6],
      "ground": [0.6, 0.6, 0.6],
      "fixed": [1.2, 1.2, 1.2]
    }
  },
  "muzzle_flash": {
    "texture": "tacz:flash/common_muzzle_flash",
    "scale": 0.6
  },
  "shell": {
    "initial_velocity": [5, 2, 1],
    "random_velocity": [1, 1, 0.25],
    "acceleration": [0.0, -10, 0.0],
    "angular_velocity": [360, -1200, 90],
    "living_time": 1.0
  },
  "sounds": {
    "shoot": "tacz:ump45/ump45_shoot",
    "shoot_3p": "tacz:ump45/ump45_shoot_3p",
    "reload_empty": "hare:spectrem4/spectrem4_reload_empty",
    "reload_tactical": "hare:spectrem4/spectrem4_reload_tactical",
    "inspect": "hare:spectrem4/spectrem4_inspect",
    "inspect_empty": "hare:spectrem4/spectrem4_inspect_empty",
    "draw": "hare:spectrem4/spectrem4_draw",
    "put_away": "hare:spectrem4/spectrem4_put_away",
    "silence": "tacz:ump45/ump45_silence",
    "silence_3p": "tacz:ump45/ump45_silence_3p",
    "melee_push": "tacz:melee_stock/melee_stock_03",
    "melee_stock": "tacz:melee_stock/melee_stock_01"
  },
  "offhand_show": {
    "pos": [1, 20, 4],
    "rotate": [0, 0, 45],
    "scale": [0.5, 0.5, 0.5]
  },
  "hotbar_show": {
    "0": {
      "pos": [1, 16, -2],
    "rotate": [0, 0, 20],
    "scale": [0.5, 0.5, 0.5]
    }
  }
}