{
  "model": "hare:gun/switchgun_geo",
  "texture": "hare:gun/uv/switchgun_uv",
  "hud": "hare:gun/hud/switchgun_hud",
  "slot": "hare:gun/slot/switchgun_slot",
  "animation": "hare:switchgun_animation",
  "player_animator_3rd": "tacz:pistol_default.player_animation",
  "use_default_animation": "pistol",
  "transform": {
    "scale": {
      "thirdperson": [0.6, 0.6, 0.6],
      "ground": [0.6, 0.6, 0.6],
      "fixed": [1.2, 1.2, 1.2]
    }
  },
  "shell": {
    "initial_velocity": [8.0, 5.0, -0.5],
    "random_velocity": [2.5, 1.5, 0.25],
    "acceleration": [0.0, -20, 0.0],
    "angular_velocity": [-720, -720, 90],
    "living_time": 1.0
  },
  "muzzle_flash": {
    "texture": "tacz:flash/common_muzzle_flash",
    "scale": 0.3
  },
  "sounds": {
    "reload_empty": "hare:switchgun/switchgun_reload_tactical",
    "reload_tactical": "hare:switchgun/switchgun_reload_tactical",
    "inspect": "hare:switchgun/switchgun_inspect",
    "inspect_empty": "hare:switchgun/switchgun_inspect_empty",
    "draw": "hare:switchgun/switchgun_draw",
    "shoot": "hare:switchgun/switchgun_shoot_bolt",
    "shoot_3p": "tacz:p320/p320_shoot_3p",
	"bolt": "hare:switchgun/switchgun_bolt"
  },
  "offhand_show": {
    "pos": [4, 13, -2],
    "rotate": [-90, -35, 90],
    "scale": [0.5, 0.5, 0.5]
  },
  "hotbar_show": {
    "0": {
      "pos": [-5, 13, -2],
      "rotate": [-90, -35, 90],
      "scale": [0.5, 0.5, 0.5]
    }
  }
}