{
  "model": "hare:gun/xm8s_geo",
  "texture": "hare:gun/uv/xm8s_uv",
  "hud": "hare:gun/hud/xm8s_hud",
  "slot": "hare:gun/slot/xm8s_slot",
  "animation": "hare:xm8s",
  "state_machine": "hare:mk12_state_machine",
  "use_default_animation": "rifle",
  "third_person_animation": "default",
  "transform": {
    "scale": {
      "thirdperson": [0.6, 0.6, 0.6],
      "ground": [0.6, 0.6, 0.6],
      "fixed": [1.2, 1.2, 1.2]
    }
  },
  "muzzle_flash": {
    "texture": "tacz:flash/common_muzzle_flash",
    "scale": 0.75
  },
  "shell": {
    "initial_velocity": [5, 2, 1],
    "random_velocity": [1, 1, 0.25],
    "acceleration": [0.0, -10, 0.0],
    "angular_velocity": [360, -1200, 90],
    "living_time": 1.0
  },
  "sounds": {
    "shoot": "hare:xm8s/xm8s_shoot",
    "shoot_3p": "hare:xm8s/xm8s_shoot_3p",
    "draw": "hare:xm8s/xm8s_draw",
    "put_away": "hare:xm8s/xm8s_putaway",
    "silence": "hare:xm8s/xm8s_silencer",
    "flesh_hit": "tacz:hitsounds/hit_indication",
    "head_hit": "tacz:hitsounds/hit_marker",
    "kill": "tacz:hitsounds/killsound",
    "silence_3p": "hare:xm8s/xm8s_silencer_3p"
  },
  "offhand_show": {
    "pos": [1, 19, 4],
    "rotate": [0, 0, 50],
    "scale": [0.5, 0.5, 0.5]
  },
  "hotbar_show": {
    "0": {
      "pos": [-1, 19, 3],
      "rotate": [-180, 0, 130],
      "scale": [0.5, 0.5, 0.5]
    }
  }
}