{
  "materials": [
    {
      "item": {
        "tag": "forge:gems/diamond"
      },
      "count": 2
    },
    {
      "item": {
        "tag": "forge:ingots/gold"
      },
      "count": 6
    },
    {
      "item": {
        "tag": "forge:ingots/iron"
      },
      "count": 43
    },
    {
      "item": {
        "tag": "forge:rods/blaze"
      }
    }
  ],
  "result": {
    "type": "gun",
    "id": "re:lightning_eagle_old",
    "attachments": {
      "muzzle": "re:lightning_eagle_old"
    },
    "count": 1
  },
  "type": "tacz:gun_smith_table_crafting"
}