{
  "materials": [
    {
      "item": {
        "type": "forge:partial_nbt",
        "item": "tacz:modern_kinetic_gun",
        "nbt": {
          "GunId": "re:deagle"
        },
        "count": 1
      }
    },
    {
      "item": {
        "type": "forge:partial_nbt",
        "item": "tacz:modern_kinetic_gun",
        "nbt": {
          "GunId": "re:deagle_re3"
        },
        "count": 1
      }
    },
    {
      "item": {
        "tag": "forge:ingots/iron"
      },
      "count": 40
    },
    {
      "item": {
        "tag": "forge:gems/diamond"
      },
      "count": 4
    }
  ],
  "result": {
    "type": "gun",
    "id": "re:deagle_too",
    "attachments": {
      "muzzle": "re:deagle_too"
    }
  },
  "type": "tacz:gun_smith_table_crafting"
}