{
  "materials": [
    {
      "item": {
        "tag": "forge:ingots/iron"
      },
      "count": 50
    },
    {
      "item": {
        "tag": "forge:gems/lapis"
      },
      "count": 12
    },
    {
      "item": {
        "tag": "minecraft:logs"
      },
      "count": 6
    },
        {
      "item": {
        "tag": "forge:ingots/gold"
      },
      "count": 12
    }
  ],
  "result": {
    "type": "gun",
    "id": "re:dragoon"
  },
  "type": "tacz:gun_smith_table_crafting"
}