{
  "materials": [
    {
      "item": {
        "tag": "forge:ingots/iron"
      },
      "count": 16
    },
    {
      "item": {
        "tag": "minecraft:logs"
      },
      "count": 4
    },
    {
      "item": {
        "tag": "forge:gems/diamond"
      },
      "count": 12
    },
    {
      "item": {
        "tag": "forge:ingots/gold"
      },
      "count": 50
    },
    {
      "item": {
        "tag": "forge:netherrack"
      },
      "count": 12
    },
    {
      "item": {
        "tag": "forge:ingots/netherite"
      },
      "count": 1
    }
  ],
  "result": {
    "type": "gun",
    "id": "re:hydra"
  },
  "type": "tacz:gun_smith_table_crafting"
}