{
  "materials": [
    {
      "item": {
        "type": "forge:partial_nbt",
        "item": "tacz:modern_kinetic_gun",
        "nbt": {
          "GunId": "re:matilda2"
        },
        "count": 1
      }
    },
    {
      "item": {
        "tag": "forge:ingots/iron"
      },
      "count": 38
    },
    {
      "item": {
        "tag": "forge:gems/diamond"
      },
      "count": 2
    }
    
  ],
  "result": {
    "type": "gun",
    "id": "re:matilda"
  },
  "type": "tacz:gun_smith_table_crafting"
}