{
	"format_version": "1.12.0",
	"minecraft:geometry": [
		{
			"description": {
				"identifier": "geometry.laser_mirco",
				"texture_width": 64,
				"texture_height": 64,
				"visible_bounds_width": 2,
				"visible_bounds_height": 1.5,
				"visible_bounds_offset": [0, 0.25, 0]
			},
			"bones": [
				{
					"name": "laser_compact",
					"pivot": [0, -0.0625, 0],
					"rotation": [0, 0, -180]
				},
				{
					"name": "base",
					"parent": "laser_compact",
					"pivot": [0, -0.7168, 0.34417],
					"cubes": [
						{
							"origin": [-0.75, -0.37464, -0.75],
							"size": [1.125, 0.45313, 1.89063],
							"pivot": [-0.09375, -0.12464, -0.03125],
							"rotation": [0, 0, -180],
							"uv": {
								"north": {"uv": [12, 2], "uv_size": [1.25, 0.5]},
								"east": {"uv": [16, 12], "uv_size": [1, 0.5]},
								"south": {"uv": [4, 12], "uv_size": [1.25, 0.5]},
								"west": {"uv": [10, 17], "uv_size": [1, 0.5]},
								"up": {"uv": [2, 8], "uv_size": [1.25, 1]},
								"down": {"uv": [9, 4], "uv_size": [1.25, -1]}
							}
						},
						{
							"origin": [-0.5625, -0.37464, -0.75],
							"size": [0.75, 0.20313, 1.89063],
							"inflate": 0.001,
							"pivot": [-0.09375, -0.12464, -0.03125],
							"rotation": [0, 0, -180],
							"uv": {
								"north": {"uv": [8, 27], "uv_size": [0.75, 0.25]},
								"east": {"uv": [26, 6], "uv_size": [1, 0.25]},
								"south": {"uv": [10, 27], "uv_size": [0.75, 0.25]},
								"west": {"uv": [26, 8], "uv_size": [1, 0.25]},
								"up": {"uv": [0, 11], "uv_size": [0.75, 1]},
								"down": {"uv": [2, 13], "uv_size": [0.75, -1]}
							}
						},
						{
							"origin": [-0.625, -0.5293, -0.90583],
							"size": [1.25, 0.39063, 2.04688],
							"uv": {
								"north": {"uv": [4.25, 4.75], "uv_size": [0.5, 0.3125]},
								"east": {"uv": [4.25, 4.75], "uv_size": [0.5, 0.3125]},
								"south": {"uv": [4.25, 4.75], "uv_size": [0.5, 0.3125]},
								"west": {"uv": [4.25, 4.75], "uv_size": [0.5, 0.3125]},
								"up": {"uv": [4.75, 5.25], "uv_size": [-0.5, -0.5]},
								"down": {"uv": [4.75, 5.25], "uv_size": [-0.5, -0.5]}
							}
						},
						{
							"origin": [-0.625, -1.14831, -0.76704],
							"size": [1.25, 0.625, 1.96875],
							"uv": {
								"north": {"uv": [4.25, 4.75], "uv_size": [0.5, 0.3125]},
								"east": {"uv": [4.25, 4.75], "uv_size": [0.5, 0.3125]},
								"south": {"uv": [4.25, 4.75], "uv_size": [0.5, 0.3125]},
								"west": {"uv": [4.25, 4.75], "uv_size": [0.5, 0.3125]},
								"up": {"uv": [4.75, 5.25], "uv_size": [-0.5, -0.5]},
								"down": {"uv": [4.75, 5.25], "uv_size": [-0.5, -0.5]}
							}
						},
						{
							"origin": [-0.32812, -1.19518, 0.38921],
							"size": [0.71875, 0.07813, 1.14063],
							"uv": {
								"north": {"uv": [6.5, 7.5], "uv_size": [0.5, 0.3125]},
								"east": {"uv": [6.5, 7.5], "uv_size": [0.5, 0.3125]},
								"south": {"uv": [6.5, 7.5], "uv_size": [0.5, 0.3125]},
								"west": {"uv": [6.5, 7.5], "uv_size": [0.5, 0.3125]},
								"up": {"uv": [7, 8], "uv_size": [-0.5, -0.5]},
								"down": {"uv": [7, 8], "uv_size": [-0.5, -0.5]}
							}
						},
						{
							"origin": [-0.0625, -1.21081, 0.51421],
							"size": [0.125, 0.0625, 0.125],
							"pivot": [0.03125, -1.39831, 0.60796],
							"rotation": [0, -45, 0],
							"uv": {
								"north": {"uv": [0.5, 33.75], "uv_size": [0.5, 0.3125]},
								"east": {"uv": [0.5, 33.75], "uv_size": [0.5, 0.3125]},
								"south": {"uv": [0.5, 33.75], "uv_size": [0.5, 0.3125]},
								"west": {"uv": [0.5, 33.75], "uv_size": [0.5, 0.3125]},
								"up": {"uv": [1, 34.25], "uv_size": [-0.5, -0.5]},
								"down": {"uv": [1, 34.25], "uv_size": [-0.5, -0.5]}
							}
						},
						{
							"origin": [-0.0625, -1.21081, 0.82671],
							"size": [0.125, 0.0625, 0.125],
							"pivot": [0.03125, -1.39831, 0.92046],
							"rotation": [0, -45, 0],
							"uv": {
								"north": {"uv": [0.5, 33.75], "uv_size": [0.5, 0.3125]},
								"east": {"uv": [0.5, 33.75], "uv_size": [0.5, 0.3125]},
								"south": {"uv": [0.5, 33.75], "uv_size": [0.5, 0.3125]},
								"west": {"uv": [0.5, 33.75], "uv_size": [0.5, 0.3125]},
								"up": {"uv": [1, 34.25], "uv_size": [-0.5, -0.5]},
								"down": {"uv": [1, 34.25], "uv_size": [-0.5, -0.5]}
							}
						},
						{
							"origin": [-0.10937, -1.14136, 1.1297],
							"size": [0.29688, 0.07813, 0.3125],
							"pivot": [0.375, -1.69518, 1.02983],
							"rotation": [-17.5, 0, 0],
							"uv": {
								"north": {"uv": [18, 21.5], "uv_size": [0.24219, 0.3125]},
								"east": {"uv": [18, 21.5], "uv_size": [0.24219, 0.3125]},
								"south": {"uv": [18, 21.5], "uv_size": [0.24219, 0.3125]},
								"west": {"uv": [18, 21.5], "uv_size": [0.24219, 0.3125]},
								"up": {"uv": [18.24219, 22], "uv_size": [-0.24219, -0.5]},
								"down": {"uv": [18.24219, 22], "uv_size": [-0.24219, -0.5]}
							}
						},
						{
							"origin": [-0.69129, -1.08202, -0.76704],
							"size": [1.23438, 0.28125, 1.96875],
							"uv": {
								"north": {"uv": [4.25, 4.75], "uv_size": [0.5, 0.3125]},
								"east": {"uv": [4.25, 4.75], "uv_size": [0.5, 0.3125]},
								"south": {"uv": [4.25, 4.75], "uv_size": [0.5, 0.3125]},
								"west": {"uv": [4.25, 4.75], "uv_size": [0.5, 0.3125]},
								"up": {"uv": [4.75, 5.25], "uv_size": [-0.5, -0.5]},
								"down": {"uv": [4.75, 5.25], "uv_size": [-0.5, -0.5]}
							}
						},
						{
							"origin": [0.24274, -1.09306, -0.76704],
							"size": [0.4375, 0.28125, 1.96875],
							"uv": {
								"north": {"uv": [4.25, 4.75], "uv_size": [0.5, 0.3125]},
								"east": {"uv": [4.25, 4.75], "uv_size": [0.5, 0.3125]},
								"south": {"uv": [4.25, 4.75], "uv_size": [0.5, 0.3125]},
								"west": {"uv": [4.25, 4.75], "uv_size": [0.5, 0.3125]},
								"up": {"uv": [4.75, 5.25], "uv_size": [-0.5, -0.5]},
								"down": {"uv": [4.75, 5.25], "uv_size": [-0.5, -0.5]}
							}
						},
						{
							"origin": [-1.58617, -1.72727, -0.76704],
							"size": [0.09375, 0.07813, 1.96875],
							"pivot": [-0.35983, -2.48486, 0.23296],
							"rotation": [0, 0, 45],
							"uv": {
								"north": {"uv": [4.25, 4.75], "uv_size": [0.5, 0.3125]},
								"east": {"uv": [4.25, 4.75], "uv_size": [0.5, 0.3125]},
								"south": {"uv": [4.25, 4.75], "uv_size": [0.5, 0.3125]},
								"west": {"uv": [4.25, 4.75], "uv_size": [0.5, 0.3125]},
								"up": {"uv": [4.75, 5.25], "uv_size": [-0.5, -0.5]},
								"down": {"uv": [4.75, 5.25], "uv_size": [-0.5, -0.5]}
							}
						},
						{
							"origin": [-0.33617, -1.72727, -0.76704],
							"size": [0.09375, 0.07813, 1.96875],
							"pivot": [0.89017, -2.48486, 0.23296],
							"rotation": [0, 0, 45],
							"uv": {
								"north": {"uv": [4.25, 4.75], "uv_size": [0.5, 0.3125]},
								"east": {"uv": [4.25, 4.75], "uv_size": [0.5, 0.3125]},
								"south": {"uv": [4.25, 4.75], "uv_size": [0.5, 0.3125]},
								"west": {"uv": [4.25, 4.75], "uv_size": [0.5, 0.3125]},
								"up": {"uv": [4.75, 5.25], "uv_size": [-0.5, -0.5]},
								"down": {"uv": [4.75, 5.25], "uv_size": [-0.5, -0.5]}
							}
						},
						{
							"origin": [0.51563, -0.13848, -0.56724],
							"size": [0.125, 0.1875, 1.5],
							"uv": {
								"north": {"uv": [6.5, 7.5], "uv_size": [0.5, 0.3125]},
								"east": {"uv": [6.5, 7.5], "uv_size": [0.5, 0.3125]},
								"south": {"uv": [6.5, 7.5], "uv_size": [0.5, 0.3125]},
								"west": {"uv": [6.5, 7.5], "uv_size": [0.5, 0.3125]},
								"up": {"uv": [7, 8], "uv_size": [-0.5, -0.5]},
								"down": {"uv": [7, 8], "uv_size": [-0.5, -0.5]}
							}
						},
						{
							"origin": [0.51563, -0.41996, 0.53991],
							"size": [0.125, 0.4375, 0.95312],
							"pivot": [0.39063, -0.71684, 0.99304],
							"rotation": [65.25, 0, 0],
							"uv": {
								"north": {"uv": [6.5, 7.5], "uv_size": [0.5, 0.3125]},
								"east": {"uv": [6.5, 7.5], "uv_size": [0.5, 0.3125]},
								"south": {"uv": [6.5, 7.5], "uv_size": [0.5, 0.3125]},
								"west": {"uv": [6.5, 7.5], "uv_size": [0.5, 0.3125]},
								"up": {"uv": [7, 8], "uv_size": [-0.5, -0.5]},
								"down": {"uv": [7, 8], "uv_size": [-0.5, -0.5]}
							}
						},
						{
							"origin": [-0.64062, -0.41996, 0.52429],
							"size": [0.125, 0.4375, 0.96875],
							"pivot": [-0.76562, -0.71684, 0.99304],
							"rotation": [65.25, 0, 0],
							"uv": {
								"north": {"uv": [6.5, 7.5], "uv_size": [0.5, 0.3125]},
								"east": {"uv": [6.5, 7.5], "uv_size": [0.5, 0.3125]},
								"south": {"uv": [6.5, 7.5], "uv_size": [0.5, 0.3125]},
								"west": {"uv": [6.5, 7.5], "uv_size": [0.5, 0.3125]},
								"up": {"uv": [7, 8], "uv_size": [-0.5, -0.5]},
								"down": {"uv": [7, 8], "uv_size": [-0.5, -0.5]}
							}
						},
						{
							"origin": [-0.64062, -0.41996, 0.24304],
							"size": [0.125, 0.4375, 0.96875],
							"pivot": [-0.76562, -0.71684, 0.71179],
							"rotation": [65.25, 0, 0],
							"uv": {
								"north": {"uv": [6.5, 7.5], "uv_size": [0.5, 0.3125]},
								"east": {"uv": [6.5, 7.5], "uv_size": [0.5, 0.3125]},
								"south": {"uv": [6.5, 7.5], "uv_size": [0.5, 0.3125]},
								"west": {"uv": [6.5, 7.5], "uv_size": [0.5, 0.3125]},
								"up": {"uv": [7, 8], "uv_size": [-0.5, -0.5]},
								"down": {"uv": [7, 8], "uv_size": [-0.5, -0.5]}
							}
						},
						{
							"origin": [0.51563, -0.41996, 0.24304],
							"size": [0.125, 0.4375, 0.96875],
							"pivot": [0.39063, -0.71684, 0.71179],
							"rotation": [65.25, 0, 0],
							"uv": {
								"north": {"uv": [6.5, 7.5], "uv_size": [0.5, 0.3125]},
								"east": {"uv": [6.5, 7.5], "uv_size": [0.5, 0.3125]},
								"south": {"uv": [6.5, 7.5], "uv_size": [0.5, 0.3125]},
								"west": {"uv": [6.5, 7.5], "uv_size": [0.5, 0.3125]},
								"up": {"uv": [7, 8], "uv_size": [-0.5, -0.5]},
								"down": {"uv": [7, 8], "uv_size": [-0.5, -0.5]}
							}
						},
						{
							"origin": [-0.65625, -0.70121, 0.44616],
							"size": [1.3125, 0.02, 0.02],
							"uv": {
								"north": {"uv": [9.30469, 7.29297], "uv_size": [0.5, 0.3125]},
								"east": {"uv": [9.30469, 7.29297], "uv_size": [0.5, 0.3125]},
								"south": {"uv": [9.30469, 7.29297], "uv_size": [0.5, 0.3125]},
								"west": {"uv": [9.30469, 7.29297], "uv_size": [0.5, 0.3125]},
								"up": {"uv": [9.80469, 7.79297], "uv_size": [-0.5, -0.5]},
								"down": {"uv": [9.80469, 7.79297], "uv_size": [-0.5, -0.5]}
							}
						},
						{
							"origin": [-0.65625, -0.63871, 0.44616],
							"size": [1.3125, 0.02, 0.02],
							"uv": {
								"north": {"uv": [9.30469, 7.29297], "uv_size": [0.5, 0.3125]},
								"east": {"uv": [9.30469, 7.29297], "uv_size": [0.5, 0.3125]},
								"south": {"uv": [9.30469, 7.29297], "uv_size": [0.5, 0.3125]},
								"west": {"uv": [9.30469, 7.29297], "uv_size": [0.5, 0.3125]},
								"up": {"uv": [9.80469, 7.79297], "uv_size": [-0.5, -0.5]},
								"down": {"uv": [9.80469, 7.79297], "uv_size": [-0.5, -0.5]}
							}
						},
						{
							"origin": [-0.65625, -0.57621, 0.44616],
							"size": [1.3125, 0.02, 0.02],
							"uv": {
								"north": {"uv": [9.30469, 7.29297], "uv_size": [0.5, 0.3125]},
								"east": {"uv": [9.30469, 7.29297], "uv_size": [0.5, 0.3125]},
								"south": {"uv": [9.30469, 7.29297], "uv_size": [0.5, 0.3125]},
								"west": {"uv": [9.30469, 7.29297], "uv_size": [0.5, 0.3125]},
								"up": {"uv": [9.80469, 7.79297], "uv_size": [-0.5, -0.5]},
								"down": {"uv": [9.80469, 7.79297], "uv_size": [-0.5, -0.5]}
							}
						},
						{
							"origin": [-0.65625, -0.70121, 0.36804],
							"size": [1.3125, 0.02, 0.02],
							"uv": {
								"north": {"uv": [9.30469, 7.29297], "uv_size": [0.5, 0.3125]},
								"east": {"uv": [9.30469, 7.29297], "uv_size": [0.5, 0.3125]},
								"south": {"uv": [9.30469, 7.29297], "uv_size": [0.5, 0.3125]},
								"west": {"uv": [9.30469, 7.29297], "uv_size": [0.5, 0.3125]},
								"up": {"uv": [9.80469, 7.79297], "uv_size": [-0.5, -0.5]},
								"down": {"uv": [9.80469, 7.79297], "uv_size": [-0.5, -0.5]}
							}
						},
						{
							"origin": [-0.65625, -0.63871, 0.36804],
							"size": [1.3125, 0.02, 0.02],
							"uv": {
								"north": {"uv": [9.30469, 7.29297], "uv_size": [0.5, 0.3125]},
								"east": {"uv": [9.30469, 7.29297], "uv_size": [0.5, 0.3125]},
								"south": {"uv": [9.30469, 7.29297], "uv_size": [0.5, 0.3125]},
								"west": {"uv": [9.30469, 7.29297], "uv_size": [0.5, 0.3125]},
								"up": {"uv": [9.80469, 7.79297], "uv_size": [-0.5, -0.5]},
								"down": {"uv": [9.80469, 7.79297], "uv_size": [-0.5, -0.5]}
							}
						},
						{
							"origin": [-0.65625, -0.57621, 0.36804],
							"size": [1.3125, 0.02, 0.02],
							"uv": {
								"north": {"uv": [9.30469, 7.29297], "uv_size": [0.5, 0.3125]},
								"east": {"uv": [9.30469, 7.29297], "uv_size": [0.5, 0.3125]},
								"south": {"uv": [9.30469, 7.29297], "uv_size": [0.5, 0.3125]},
								"west": {"uv": [9.30469, 7.29297], "uv_size": [0.5, 0.3125]},
								"up": {"uv": [9.80469, 7.79297], "uv_size": [-0.5, -0.5]},
								"down": {"uv": [9.80469, 7.79297], "uv_size": [-0.5, -0.5]}
							}
						},
						{
							"origin": [-0.65625, -0.70121, 0.28991],
							"size": [1.3125, 0.02, 0.02],
							"uv": {
								"north": {"uv": [9.30469, 7.29297], "uv_size": [0.5, 0.3125]},
								"east": {"uv": [9.30469, 7.29297], "uv_size": [0.5, 0.3125]},
								"south": {"uv": [9.30469, 7.29297], "uv_size": [0.5, 0.3125]},
								"west": {"uv": [9.30469, 7.29297], "uv_size": [0.5, 0.3125]},
								"up": {"uv": [9.80469, 7.79297], "uv_size": [-0.5, -0.5]},
								"down": {"uv": [9.80469, 7.79297], "uv_size": [-0.5, -0.5]}
							}
						},
						{
							"origin": [-0.65625, -0.63871, 0.28991],
							"size": [1.3125, 0.02, 0.02],
							"uv": {
								"north": {"uv": [9.30469, 7.29297], "uv_size": [0.5, 0.3125]},
								"east": {"uv": [9.30469, 7.29297], "uv_size": [0.5, 0.3125]},
								"south": {"uv": [9.30469, 7.29297], "uv_size": [0.5, 0.3125]},
								"west": {"uv": [9.30469, 7.29297], "uv_size": [0.5, 0.3125]},
								"up": {"uv": [9.80469, 7.79297], "uv_size": [-0.5, -0.5]},
								"down": {"uv": [9.80469, 7.79297], "uv_size": [-0.5, -0.5]}
							}
						},
						{
							"origin": [-0.65625, -0.57621, 0.28991],
							"size": [1.3125, 0.02, 0.02],
							"uv": {
								"north": {"uv": [9.30469, 7.29297], "uv_size": [0.5, 0.3125]},
								"east": {"uv": [9.30469, 7.29297], "uv_size": [0.5, 0.3125]},
								"south": {"uv": [9.30469, 7.29297], "uv_size": [0.5, 0.3125]},
								"west": {"uv": [9.30469, 7.29297], "uv_size": [0.5, 0.3125]},
								"up": {"uv": [9.80469, 7.79297], "uv_size": [-0.5, -0.5]},
								"down": {"uv": [9.80469, 7.79297], "uv_size": [-0.5, -0.5]}
							}
						},
						{
							"origin": [-0.65625, -0.70121, 0.21179],
							"size": [1.3125, 0.02, 0.02],
							"uv": {
								"north": {"uv": [9.30469, 7.29297], "uv_size": [0.5, 0.3125]},
								"east": {"uv": [9.30469, 7.29297], "uv_size": [0.5, 0.3125]},
								"south": {"uv": [9.30469, 7.29297], "uv_size": [0.5, 0.3125]},
								"west": {"uv": [9.30469, 7.29297], "uv_size": [0.5, 0.3125]},
								"up": {"uv": [9.80469, 7.79297], "uv_size": [-0.5, -0.5]},
								"down": {"uv": [9.80469, 7.79297], "uv_size": [-0.5, -0.5]}
							}
						},
						{
							"origin": [-0.65625, -0.63871, 0.21179],
							"size": [1.3125, 0.02, 0.02],
							"uv": {
								"north": {"uv": [9.30469, 7.29297], "uv_size": [0.5, 0.3125]},
								"east": {"uv": [9.30469, 7.29297], "uv_size": [0.5, 0.3125]},
								"south": {"uv": [9.30469, 7.29297], "uv_size": [0.5, 0.3125]},
								"west": {"uv": [9.30469, 7.29297], "uv_size": [0.5, 0.3125]},
								"up": {"uv": [9.80469, 7.79297], "uv_size": [-0.5, -0.5]},
								"down": {"uv": [9.80469, 7.79297], "uv_size": [-0.5, -0.5]}
							}
						},
						{
							"origin": [-0.65625, -0.57621, 0.21179],
							"size": [1.3125, 0.02, 0.02],
							"uv": {
								"north": {"uv": [9.30469, 7.29297], "uv_size": [0.5, 0.3125]},
								"east": {"uv": [9.30469, 7.29297], "uv_size": [0.5, 0.3125]},
								"south": {"uv": [9.30469, 7.29297], "uv_size": [0.5, 0.3125]},
								"west": {"uv": [9.30469, 7.29297], "uv_size": [0.5, 0.3125]},
								"up": {"uv": [9.80469, 7.79297], "uv_size": [-0.5, -0.5]},
								"down": {"uv": [9.80469, 7.79297], "uv_size": [-0.5, -0.5]}
							}
						},
						{
							"origin": [-0.65625, -0.70121, 0.21179],
							"size": [1.3125, 0.02, 0.02],
							"uv": {
								"north": {"uv": [9.30469, 7.29297], "uv_size": [0.5, 0.3125]},
								"east": {"uv": [9.30469, 7.29297], "uv_size": [0.5, 0.3125]},
								"south": {"uv": [9.30469, 7.29297], "uv_size": [0.5, 0.3125]},
								"west": {"uv": [9.30469, 7.29297], "uv_size": [0.5, 0.3125]},
								"up": {"uv": [9.80469, 7.79297], "uv_size": [-0.5, -0.5]},
								"down": {"uv": [9.80469, 7.79297], "uv_size": [-0.5, -0.5]}
							}
						},
						{
							"origin": [-0.64062, -0.13848, -0.56724],
							"size": [0.09375, 0.1875, 1.5],
							"uv": {
								"north": {"uv": [6.5, 7.5], "uv_size": [0.5, 0.3125]},
								"east": {"uv": [6.5, 7.5], "uv_size": [0.5, 0.3125]},
								"south": {"uv": [6.5, 7.5], "uv_size": [0.5, 0.3125]},
								"west": {"uv": [6.5, 7.5], "uv_size": [0.5, 0.3125]},
								"up": {"uv": [7, 8], "uv_size": [-0.5, -0.5]},
								"down": {"uv": [7, 8], "uv_size": [-0.5, -0.5]}
							}
						},
						{
							"origin": [-0.625, -0.33884, -0.35053],
							"size": [1.25, 0.01563, 1.5],
							"uv": {
								"north": {"uv": [4.25, 4.75], "uv_size": [0.5, 0.3125]},
								"east": {"uv": [4.25, 4.75], "uv_size": [0.5, 0.3125]},
								"south": {"uv": [4.25, 4.75], "uv_size": [0.5, 0.3125]},
								"west": {"uv": [4.25, 4.75], "uv_size": [0.5, 0.3125]},
								"up": {"uv": [4.75, 5.25], "uv_size": [-0.5, -0.5]},
								"down": {"uv": [4.75, 5.25], "uv_size": [-0.5, -0.5]}
							}
						},
						{
							"origin": [-0.625, -1.15361, 1.18133],
							"size": [1.25, 0.03125, 0.35938],
							"uv": {
								"north": {"uv": [4.25, 4.75], "uv_size": [0.5, 0.3125]},
								"east": {"uv": [4.25, 4.75], "uv_size": [0.5, 0.3125]},
								"south": {"uv": [4.25, 4.75], "uv_size": [0.5, 0.3125]},
								"west": {"uv": [4.25, 4.75], "uv_size": [0.5, 0.3125]},
								"up": {"uv": [4.75, 5.25], "uv_size": [-0.5, -0.5]},
								"down": {"uv": [4.75, 5.25], "uv_size": [-0.5, -0.5]}
							}
						},
						{
							"origin": [-0.625, -1.12236, 1.1657],
							"size": [1.25, 0.03125, 0.35938],
							"uv": {
								"north": {"uv": [4.25, 4.75], "uv_size": [0.5, 0.3125]},
								"east": {"uv": [4.25, 4.75], "uv_size": [0.5, 0.3125]},
								"south": {"uv": [4.25, 4.75], "uv_size": [0.5, 0.3125]},
								"west": {"uv": [4.25, 4.75], "uv_size": [0.5, 0.3125]},
								"up": {"uv": [4.75, 5.25], "uv_size": [-0.5, -0.5]},
								"down": {"uv": [4.75, 5.25], "uv_size": [-0.5, -0.5]}
							}
						},
						{
							"origin": [-0.625, -1.09111, 1.15008],
							"size": [1.25, 0.04688, 0.35938],
							"uv": {
								"north": {"uv": [4.25, 4.75], "uv_size": [0.5, 0.3125]},
								"east": {"uv": [4.25, 4.75], "uv_size": [0.5, 0.3125]},
								"south": {"uv": [4.25, 4.75], "uv_size": [0.5, 0.3125]},
								"west": {"uv": [4.25, 4.75], "uv_size": [0.5, 0.3125]},
								"up": {"uv": [4.75, 5.25], "uv_size": [-0.5, -0.5]},
								"down": {"uv": [4.75, 5.25], "uv_size": [-0.5, -0.5]}
							}
						},
						{
							"origin": [-0.625, -1.22956, 1.3661],
							"size": [1.25, 0.90625, 0.28125],
							"pivot": [0.375, -1.49716, 1.07711],
							"rotation": [22, 0, 0],
							"uv": {
								"north": {"uv": [4.25, 4.75], "uv_size": [0.5, 0.3125]},
								"east": {"uv": [4.25, 4.75], "uv_size": [0.5, 0.3125]},
								"south": {"uv": [4.25, 4.75], "uv_size": [0.5, 0.3125]},
								"west": {"uv": [4.25, 4.75], "uv_size": [0.5, 0.3125]},
								"up": {"uv": [4.75, 5.25], "uv_size": [-0.5, -0.5]},
								"down": {"uv": [4.75, 5.25], "uv_size": [-0.5, -0.5]}
							}
						},
						{
							"origin": [-0.625, -1.18265, 1.35485],
							"size": [1.25, 1.04687, 0],
							"pivot": [0.375, -0.67445, 1.2927],
							"rotation": [22, 0, 0],
							"uv": {
								"north": {"uv": [4.25, 4.75], "uv_size": [0.5, 0.3125]},
								"east": {"uv": [4.25, 4.75], "uv_size": [0.5, 0.3125]},
								"south": {"uv": [4.25, 4.75], "uv_size": [0.5, 0.3125]},
								"west": {"uv": [4.25, 4.75], "uv_size": [0.5, 0.3125]},
								"up": {"uv": [4.75, 5.25], "uv_size": [-0.5, -0.5]},
								"down": {"uv": [4.75, 5.25], "uv_size": [-0.5, -0.5]}
							}
						},
						{
							"origin": [-0.625, -1.25863, 1.98014],
							"size": [1.25, 0.14063, 0.03125],
							"pivot": [0.375, -2.40122, 1.42553],
							"rotation": [22, 0, 0],
							"uv": {
								"north": {"uv": [4.25, 4.75], "uv_size": [0.5, 0.3125]},
								"east": {"uv": [4.25, 4.75], "uv_size": [0.5, 0.3125]},
								"south": {"uv": [4.25, 4.75], "uv_size": [0.5, 0.3125]},
								"west": {"uv": [4.25, 4.75], "uv_size": [0.5, 0.3125]},
								"up": {"uv": [4.75, 5.25], "uv_size": [-0.5, -0.5]},
								"down": {"uv": [4.75, 5.25], "uv_size": [-0.5, -0.5]}
							}
						}
					]
				},
				{
					"name": "hexadecagon",
					"parent": "base",
					"pivot": [7.98438, -8.85937, -4.03125],
					"cubes": [
						{
							"origin": [0.04237, -1.10179, -1.90625],
							"size": [0.14918, 0.75, 2.48438],
							"pivot": [-0.01562, -0.85937, 3.96875],
							"rotation": [0, 0, -45],
							"uv": {
								"north": {"uv": [6, 4.25], "uv_size": [1, 1]},
								"east": {"uv": [6, 4.25], "uv_size": [1, 1]},
								"south": {"uv": [6, 4.25], "uv_size": [1, 1]},
								"west": {"uv": [6, 4.25], "uv_size": [1, 1]},
								"up": {"uv": [7, 5.25], "uv_size": [-1, -1]},
								"down": {"uv": [7, 5.25], "uv_size": [-1, -1]}
							}
						},
						{
							"origin": [0.04237, -0.80492, -1.92187],
							"size": [0.14918, 0.1492, 2.5],
							"pivot": [-0.01562, -0.85937, 3.96875],
							"rotation": [0, 0, -45],
							"uv": {
								"north": {"uv": [31, 20], "uv_size": [0.25, 0.25]},
								"east": {"uv": [6, 4.25], "uv_size": [1, 1]},
								"south": {"uv": [6, 4.25], "uv_size": [1, 1]},
								"west": {"uv": [6, 4.25], "uv_size": [1, 1]},
								"up": {"uv": [7, 5.25], "uv_size": [-1, -1]},
								"down": {"uv": [7, 5.25], "uv_size": [-1, -1]}
							}
						},
						{
							"origin": [-0.01846, -1.06115, -1.90625],
							"size": [0.14918, 0.75, 2.48438],
							"pivot": [-0.01562, -0.85937, 3.96875],
							"rotation": [0, 0, -22.5],
							"uv": {
								"north": {"uv": [6, 4.25], "uv_size": [1, 1]},
								"east": {"uv": [6, 4.25], "uv_size": [1, 1]},
								"south": {"uv": [6, 4.25], "uv_size": [1, 1]},
								"west": {"uv": [6, 4.25], "uv_size": [1, 1]},
								"up": {"uv": [7, 5.25], "uv_size": [-1, -1]},
								"down": {"uv": [7, 5.25], "uv_size": [-1, -1]}
							}
						},
						{
							"origin": [-0.09022, -1.04687, -1.90625],
							"size": [0.14918, 0.75, 2.48438],
							"uv": {
								"north": {"uv": [6, 4.25], "uv_size": [1, 1]},
								"east": {"uv": [6, 4.25], "uv_size": [1, 1]},
								"south": {"uv": [6, 4.25], "uv_size": [1, 1]},
								"west": {"uv": [6, 4.25], "uv_size": [1, 1]},
								"up": {"uv": [7, 5.25], "uv_size": [-1, -1]},
								"down": {"uv": [7, 5.25], "uv_size": [-1, -1]}
							}
						},
						{
							"origin": [-0.16197, -1.06115, -1.90625],
							"size": [0.14918, 0.75, 2.48438],
							"pivot": [-0.01562, -0.85937, 3.96875],
							"rotation": [0, 0, 22.5],
							"uv": {
								"north": {"uv": [6, 4.25], "uv_size": [1, 1]},
								"east": {"uv": [6, 4.25], "uv_size": [1, 1]},
								"south": {"uv": [6, 4.25], "uv_size": [1, 1]},
								"west": {"uv": [6, 4.25], "uv_size": [1, 1]},
								"up": {"uv": [7, 5.25], "uv_size": [-1, -1]},
								"down": {"uv": [7, 5.25], "uv_size": [-1, -1]}
							}
						},
						{
							"origin": [-0.2228, -1.10179, -1.90625],
							"size": [0.14918, 0.75, 2.48438],
							"pivot": [-0.01562, -0.85937, 3.96875],
							"rotation": [0, 0, 45],
							"uv": {
								"north": {"uv": [6, 4.25], "uv_size": [1, 1]},
								"east": {"uv": [6, 4.25], "uv_size": [1, 1]},
								"south": {"uv": [6, 4.25], "uv_size": [1, 1]},
								"west": {"uv": [6, 4.25], "uv_size": [1, 1]},
								"up": {"uv": [7, 5.25], "uv_size": [-1, -1]},
								"down": {"uv": [7, 5.25], "uv_size": [-1, -1]}
							}
						},
						{
							"origin": [-0.31887, -0.76074, -1.90625],
							"size": [0.75, 0.14918, 2.48438],
							"pivot": [-0.01562, -0.85937, 3.96875],
							"rotation": [0, 0, -22.5],
							"uv": {
								"north": {"uv": [6, 4.25], "uv_size": [1, 1]},
								"east": {"uv": [6, 4.25], "uv_size": [1, 1]},
								"south": {"uv": [6, 4.25], "uv_size": [1, 1]},
								"west": {"uv": [6, 4.25], "uv_size": [1, 1]},
								"up": {"uv": [7, 5.25], "uv_size": [-1, -1]},
								"down": {"uv": [7, 5.25], "uv_size": [-1, -1]}
							}
						},
						{
							"origin": [-0.39062, -0.74647, -1.90625],
							"size": [0.75, 0.14918, 2.48438],
							"uv": {
								"north": {"uv": [6, 4.25], "uv_size": [1, 1]},
								"east": {"uv": [6, 4.25], "uv_size": [1, 1]},
								"south": {"uv": [6, 4.25], "uv_size": [1, 1]},
								"west": {"uv": [6, 4.25], "uv_size": [1, 1]},
								"up": {"uv": [7, 5.25], "uv_size": [-1, -1]},
								"down": {"uv": [7, 5.25], "uv_size": [-1, -1]}
							}
						},
						{
							"origin": [-0.46238, -0.76074, -1.90625],
							"size": [0.75, 0.14918, 2.48438],
							"pivot": [-0.01562, -0.85937, 3.96875],
							"rotation": [0, 0, 22.5],
							"uv": {
								"north": {"uv": [6, 4.25], "uv_size": [1, 1]},
								"east": {"uv": [6, 4.25], "uv_size": [1, 1]},
								"south": {"uv": [6, 4.25], "uv_size": [1, 1]},
								"west": {"uv": [6, 4.25], "uv_size": [1, 1]},
								"up": {"uv": [7, 5.25], "uv_size": [-1, -1]},
								"down": {"uv": [7, 5.25], "uv_size": [-1, -1]}
							}
						}
					]
				},
				{
					"name": "light_illuminated",
					"parent": "laser_compact",
					"pivot": [0, -0.92262, -0.875]
				},
				{
					"name": "laser_beam",
					"pivot": [0.01563, 0.54688, -1.9375]
				}
			]
		}
	]
}