{
	"format_version": "1.12.0",
	"minecraft:geometry": [
		{
			"description": {
				"identifier": "geometry.muzzle_brake_cyclone_d2",
				"texture_width": 16,
				"texture_height": 16,
				"visible_bounds_width": 2,
				"visible_bounds_height": 1.5,
				"visible_bounds_offset": [0, 0.25, 0]
			},
			"bones": [
				{
					"name": "cyclone_c2",
					"pivot": [0, 13.5, -9.9]
				},
				{
					"name": "group20",
					"parent": "cyclone_c2",
					"pivot": [0, -0.125, -1.025],
					"cubes": [
						{
							"origin": [-0.20711, -0.5, -0.85],
							"size": [0.41422, 1, 0.825],
							"pivot": [0, 0, -1.025],
							"rotation": [0, 0, 45],
							"uv": {
								"north": {"uv": [4, 3], "uv_size": [0.5, 1]},
								"south": {"uv": [5, 0], "uv_size": [0.5, 1]},
								"up": {"uv": [5, 3], "uv_size": [0.5, 1]},
								"down": {"uv": [4, 6], "uv_size": [0.5, -1]}
							}
						},
						{
							"origin": [-0.20711, -0.5, -0.85],
							"size": [0.41422, 1, 0.825],
							"uv": {
								"north": {"uv": [5, 4], "uv_size": [0.5, 1]},
								"south": {"uv": [5, 5], "uv_size": [0.5, 1]},
								"up": {"uv": [0, 4], "uv_size": [0.5, 0.4]},
								"down": {"uv": [6, 1], "uv_size": [0.5, -1]}
							}
						},
						{
							"origin": [-0.20712, 0.3, -1.775],
							"size": [0.41422, 0.2, 0.475],
							"pivot": [-0.00001, 0, -1.275],
							"rotation": [0, 0, -45],
							"uv": {
								"north": {"uv": [5, 4], "uv_size": [0.5, 1]},
								"south": {"uv": [5, 5], "uv_size": [0.5, 1]},
								"up": {"uv": [0, 4.5], "uv_size": [0.5, 0.5]},
								"down": {"uv": [6, 1], "uv_size": [0.5, -1]}
							}
						},
						{
							"origin": [-0.2071, 0.3, -1.775],
							"size": [0.41422, 0.2, 0.475],
							"pivot": [0.00001, 0, -1.275],
							"rotation": [0, 0, 45],
							"uv": {
								"north": {"uv": [5, 4], "uv_size": [0.5, 1]},
								"south": {"uv": [5, 5], "uv_size": [0.5, 1]},
								"up": {"uv": [0, 4.5], "uv_size": [0.5, 0.5]},
								"down": {"uv": [6, 1], "uv_size": [0.5, -1]}
							}
						},
						{
							"origin": [-0.20711, 0.4, -1.775],
							"size": [0.41422, 0.1, 0.475],
							"uv": {
								"north": {"uv": [5, 4], "uv_size": [0.5, 1]},
								"south": {"uv": [5, 5], "uv_size": [0.5, 1]},
								"up": {"uv": [0, 4.5], "uv_size": [0.5, 0.5]},
								"down": {"uv": [6, 1], "uv_size": [0.5, -1]}
							}
						},
						{
							"origin": [-0.20711, -0.5, -2.225],
							"size": [0.41422, 0.1, 2.2],
							"uv": {
								"north": {"uv": [5, 4], "uv_size": [0.5, 1]},
								"south": {"uv": [5, 5], "uv_size": [0.5, 1]},
								"up": {"uv": [0, 6], "uv_size": [0.5, 1]},
								"down": {"uv": [6, 1], "uv_size": [0.5, -1]}
							}
						},
						{
							"origin": [-0.5, -0.20711, -0.85],
							"size": [1, 0.41422, 0.825],
							"pivot": [0, 0, -1.025],
							"rotation": [0, 0, 45],
							"uv": {
								"north": {"uv": [6, 1], "uv_size": [1, 0.5]},
								"east": {"uv": [2, 6], "uv_size": [1, 0.5]},
								"south": {"uv": [6, 2], "uv_size": [1, 0.5]},
								"west": {"uv": [6, 3], "uv_size": [1, 0.5]}
							}
						},
						{
							"origin": [-0.5, -0.20711, -1.4],
							"size": [1, 0.41422, 1.375],
							"uv": {
								"north": {"uv": [4, 6], "uv_size": [1, 0.5]},
								"east": {"uv": [6, 4], "uv_size": [1, 0.5]},
								"south": {"uv": [5, 6], "uv_size": [1, 0.5]},
								"west": {"uv": [6, 5], "uv_size": [1, 0.5]}
							}
						},
						{
							"origin": [-0.20711, -0.5, -2.725],
							"size": [0.41422, 0.1875, 0.5],
							"pivot": [0, 0, -1.475],
							"rotation": [0, 0, 45],
							"uv": {
								"north": {"uv": [4, 8], "uv_size": [0.5, 0.5]},
								"south": {"uv": [8, 4], "uv_size": [0.5, 0.5]},
								"up": {"uv": [5, 8], "uv_size": [0.5, 0.5]},
								"down": {"uv": [8, 5.5], "uv_size": [0.5, -0.5]}
							}
						},
						{
							"origin": [-0.20711, -0.5, -2.725],
							"size": [0.41422, 0.1875, 0.5],
							"uv": {
								"north": {"uv": [6, 8], "uv_size": [0.5, 0.5]},
								"south": {"uv": [8, 6], "uv_size": [0.5, 0.5]},
								"up": {"uv": [7, 8], "uv_size": [0.5, 0.5]},
								"down": {"uv": [8, 7.5], "uv_size": [0.5, -0.5]}
							}
						},
						{
							"origin": [-0.2071, 0.3125, -2.725],
							"size": [0.41422, 0.1875, 0.5],
							"pivot": [0.00001, 0, -1.475],
							"rotation": [0, 0, 45],
							"uv": {
								"north": {"uv": [8, 8], "uv_size": [0.5, 0.5]},
								"south": {"uv": [0, 9], "uv_size": [0.5, 0.5]},
								"up": {"uv": [9, 0], "uv_size": [0.5, 0.5]},
								"down": {"uv": [1, 9.5], "uv_size": [0.5, -0.5]}
							}
						},
						{
							"origin": [-0.20711, 0.3125, -2.725],
							"size": [0.41422, 0.1875, 0.5],
							"uv": {
								"north": {"uv": [9, 1], "uv_size": [0.5, 0.5]},
								"south": {"uv": [2, 9], "uv_size": [0.5, 0.5]},
								"up": {"uv": [9, 2], "uv_size": [0.5, 0.5]},
								"down": {"uv": [3, 9.5], "uv_size": [0.5, -0.5]}
							}
						},
						{
							"origin": [0.3125, -0.20711, -2.725],
							"size": [0.1875, 0.41422, 0.5],
							"pivot": [0, 0, -1.475],
							"rotation": [0, 0, 45],
							"uv": {
								"north": {"uv": [9, 3], "uv_size": [0.5, 0.5]},
								"east": {"uv": [4, 9], "uv_size": [0.5, 0.5]},
								"south": {"uv": [9, 4], "uv_size": [0.5, 0.5]},
								"west": {"uv": [5, 9], "uv_size": [0.5, 0.5]}
							}
						},
						{
							"origin": [0.31251, -0.20712, -2.725],
							"size": [0.1875, 0.41422, 0.5],
							"uv": {
								"north": {"uv": [9, 5], "uv_size": [0.5, 0.5]},
								"east": {"uv": [6, 9], "uv_size": [0.5, 0.5]},
								"south": {"uv": [9, 6], "uv_size": [0.5, 0.5]},
								"west": {"uv": [7, 9], "uv_size": [0.5, 0.5]}
							}
						},
						{
							"origin": [-0.50001, -0.20711, -2.725],
							"size": [0.1875, 0.41422, 0.5],
							"pivot": [-0.00001, 0, -1.475],
							"rotation": [0, 0, 45],
							"uv": {
								"north": {"uv": [9, 7], "uv_size": [0.5, 0.5]},
								"east": {"uv": [8, 9], "uv_size": [0.5, 0.5]},
								"south": {"uv": [9, 8], "uv_size": [0.5, 0.5]},
								"west": {"uv": [9, 9], "uv_size": [0.5, 0.5]}
							}
						},
						{
							"origin": [-0.5, -0.2071, -2.725],
							"size": [0.1875, 0.41422, 0.5],
							"uv": {
								"north": {"uv": [0, 10], "uv_size": [0.5, 0.5]},
								"east": {"uv": [10, 0], "uv_size": [0.5, 0.5]},
								"south": {"uv": [1, 10], "uv_size": [0.5, 0.5]},
								"west": {"uv": [10, 1], "uv_size": [0.5, 0.5]}
							}
						},
						{
							"origin": [-0.5, -0.20711, -2.225],
							"size": [0.1875, 0.41422, 1.375],
							"pivot": [0, 0, -1.5375],
							"rotation": [0, 0, -45],
							"uv": {
								"east": {"uv": [0, 0], "uv_size": [1.5, 0.5]},
								"west": {"uv": [0, 1], "uv_size": [1.5, 0.5]},
								"up": {"uv": [0, 2], "uv_size": [0.5, 1.5]},
								"down": {"uv": [2, 1.5], "uv_size": [0.5, -1.5]}
							}
						},
						{
							"origin": [0.31251, -0.20711, -2.225],
							"size": [0.1875, 0.31421, 0.45],
							"pivot": [0.00001, 0, -1.5375],
							"rotation": [0, 0, -45],
							"uv": {
								"east": {"uv": [1.99545, 2], "uv_size": [0.50455, 0.5]},
								"west": {"uv": [3, 0], "uv_size": [0.50455, 0.5]},
								"up": {"uv": [1, 3.99545], "uv_size": [0.5, 0.50455]},
								"down": {"uv": [3, 2.5], "uv_size": [0.5, -0.50455]}
							}
						},
						{
							"origin": [0.3125, -0.20711, -1.775],
							"size": [0.1875, 0.41421, 0.475],
							"pivot": [0, 0, -1.5375],
							"rotation": [0, 0, -45],
							"uv": {
								"east": {"uv": [1.49091, 2], "uv_size": [0.50455, 0.5]},
								"west": {"uv": [3.50455, 0], "uv_size": [0.45455, 0.5]},
								"up": {"uv": [1, 3.49091], "uv_size": [0.5, 0.50455]},
								"down": {"uv": [3, 1.99545], "uv_size": [0.5, -0.50455]}
							}
						},
						{
							"origin": [0.3125, -0.20711, -1.3],
							"size": [0.1875, 0.31421, 0.45],
							"pivot": [0, 0, -1.5375],
							"rotation": [0, 0, -45],
							"uv": {
								"east": {"uv": [1, 2], "uv_size": [0.49091, 0.5]},
								"west": {"uv": [4.00909, 0], "uv_size": [0.49091, 0.5]},
								"up": {"uv": [1, 3], "uv_size": [0.5, 0.49091]},
								"down": {"uv": [3, 1.49091], "uv_size": [0.5, -0.49091]}
							}
						},
						{
							"origin": [-0.20712, 0.3125, -2.225],
							"size": [0.31421, 0.1875, 0.45],
							"pivot": [-0.00001, 0, -1.5375],
							"rotation": [0, 0, -45],
							"uv": {
								"east": {"uv": [2.99545, 3], "uv_size": [0.50455, 0.5]},
								"west": {"uv": [4, 1], "uv_size": [0.50455, 0.5]},
								"up": {"uv": [0, 4.99545], "uv_size": [0.5, 0.50455]},
								"down": {"uv": [2, 5.5], "uv_size": [0.5, -0.50455]}
							}
						},
						{
							"origin": [-0.20711, -0.5, -2.225],
							"size": [0.41422, 0.1875, 1.375],
							"pivot": [0, 0, -1.5375],
							"rotation": [0, 0, -45],
							"uv": {
								"east": {"uv": [4, 2], "uv_size": [1.5, 0.5]},
								"west": {"uv": [3, 4], "uv_size": [1.5, 0.5]},
								"up": {"uv": [1, 5], "uv_size": [0.5, 1.5]},
								"down": {"uv": [3, 6.5], "uv_size": [0.5, -1.5]}
							}
						},
						{
							"origin": [-0.20712, 0.3125, -1.3],
							"size": [0.31421, 0.1875, 0.45],
							"pivot": [-0.00001, 0, -1.5375],
							"rotation": [0, 0, -45],
							"uv": {
								"east": {"uv": [2, 3], "uv_size": [0.50455, 0.5]},
								"west": {"uv": [4.99545, 1], "uv_size": [0.50455, 0.5]},
								"up": {"uv": [0, 4], "uv_size": [0.5, 0.32955]},
								"down": {"uv": [2, 4.50455], "uv_size": [0.5, -0.50455]}
							}
						},
						{
							"origin": [-0.20711, 0.3125, -1.775],
							"size": [0.41421, 0.1875, 0.475],
							"pivot": [0, 0, -1.5375],
							"rotation": [0, 0, -45],
							"uv": {
								"east": {"uv": [2.50455, 3], "uv_size": [0.49091, 0.5]},
								"west": {"uv": [4.50455, 1], "uv_size": [0.49091, 0.5]},
								"up": {"uv": [0, 4.50455], "uv_size": [0.5, 0.49091]},
								"down": {"uv": [2, 4.99545], "uv_size": [0.5, -0.49091]}
							}
						}
					]
				}
			]
		}
	]
}