{
	"format_version": "1.8.0",
	"animations": {
		"static_idle": {
			"loop": true,
			"bones": {
				"bolt": {
					"position": [0, 0, 7]
				},
				"right_hand": {
					"rotation": [90, -22.5, 0],
					"position": [5.5, -7, 0],
					"scale": [1, 1.2, 1]
				},
				"left_hand": {
					"rotation": [90, 40, 0],
					"position": [-5.25, -6.875, -5.5],
					"scale": [1, 1.2, 1]
				},
				"constraint": {
					"rotation": [0.1, 0.1, 0.2],
					"position": [0.2, 0.15, 0.25]
				},
				"ammo": {
					"scale": 0.0001
				}
			}
		},
		"static_ammo_display": {
			"animation_length": 10,
			"bones": {
				"bullet0": {
					"scale": {
						"0.0": [1, 1, 1],
						"10.0": {
							"pre": [1, 1, 1],
							"post": [0, 0, 0]
						}
					}
				},
				"bullet2": {
					"scale": {
						"0.0": [1, 1, 1],
						"9.5": {
							"pre": [1, 1, 1],
							"post": [0, 0, 0]
						}
					}
				},
				"bullet3": {
					"scale": {
						"0.0": [1, 1, 1],
						"9.0": {
							"pre": [1, 1, 1],
							"post": [0, 0, 0]
						}
					}
				},
				"bullet4": {
					"scale": {
						"0.0": [1, 1, 1],
						"8.5": {
							"pre": [1, 1, 1],
							"post": [0, 0, 0]
						}
					}
				},
				"bullet5": {
					"scale": {
						"0.0": [1, 1, 1],
						"8.0": {
							"pre": [1, 1, 1],
							"post": [0, 0, 0]
						}
					}
				},
				"bullet6": {
					"scale": {
						"0.0": [1, 1, 1],
						"7.5": {
							"pre": [1, 1, 1],
							"post": [0, 0, 0]
						}
					}
				},
				"bullet7": {
					"scale": {
						"0.0": [1, 1, 1],
						"7.0": {
							"pre": [1, 1, 1],
							"post": [0, 0, 0]
						}
					}
				},
				"bullet8": {
					"scale": {
						"0.0": [1, 1, 1],
						"6.5": {
							"pre": [1, 1, 1],
							"post": [0, 0, 0]
						}
					}
				},
				"bullet9": {
					"scale": {
						"0.0": [1, 1, 1],
						"6.0": {
							"pre": [1, 1, 1],
							"post": [0, 0, 0]
						}
					}
				},
				"bullet10": {
					"scale": {
						"0.0": [1, 1, 1],
						"5.5": {
							"pre": [1, 1, 1],
							"post": [0, 0, 0]
						}
					}
				},
				"bullet11": {
					"scale": {
						"0.0": [1, 1, 1],
						"5.0": {
							"pre": [1, 1, 1],
							"post": [0, 0, 0]
						}
					}
				},
				"bullet12": {
					"scale": {
						"0.0": [1, 1, 1],
						"4.5": {
							"pre": [1, 1, 1],
							"post": [0, 0, 0]
						}
					}
				},
				"bullet13": {
					"scale": {
						"0.0": [1, 1, 1],
						"4.0": {
							"pre": [1, 1, 1],
							"post": [0, 0, 0]
						}
					}
				},
				"bullet14": {
					"scale": {
						"0.0": [1, 1, 1],
						"3.5": {
							"pre": [1, 1, 1],
							"post": [0, 0, 0]
						}
					}
				},
				"bullet15": {
					"scale": {
						"0.0": [1, 1, 1],
						"3.0": {
							"pre": [1, 1, 1],
							"post": [0, 0, 0]
						}
					}
				},
				"bullet16": {
					"scale": {
						"0.0": [1, 1, 1],
						"2.5": {
							"pre": [1, 1, 1],
							"post": [0, 0, 0]
						}
					}
				},
				"bullet17": {
					"scale": {
						"0.0": [1, 1, 1],
						"2.0": {
							"pre": [1, 1, 1],
							"post": [0, 0, 0]
						}
					}
				},
				"bullet18": {
					"scale": {
						"0.0": [1, 1, 1],
						"1.5": {
							"pre": [1, 1, 1],
							"post": [0, 0, 0]
						}
					}
				},
				"bullet19": {
					"scale": {
						"0.0": [1, 1, 1],
						"1.0": {
							"pre": [1, 1, 1],
							"post": [0, 0, 0]
						}
					}
				},
				"bullet20": {
					"scale": {
						"0.0": [1, 1, 1],
						"0.5": {
							"pre": [1, 1, 1],
							"post": [0, 0, 0]
						}
					}
				},
				"spring": {
					"rotation": {
						"0.0": [0, 0, 0],
						"0.5": {
							"pre": [0, 0, 0],
							"post": [7.5, 0, 0]
						},
						"1.0": {
							"pre": [7.5, 0, 0],
							"post": [15, 0, 0]
						},
						"1.5": {
							"pre": [15, 0, 0],
							"post": [22.5, 0, 0]
						},
						"2.0": {
							"pre": [22.5, 0, 0],
							"post": [30, 0, 0]
						},
						"2.5": {
							"pre": [30, 0, 0],
							"post": [37.5, 0, 0]
						},
						"3.0": {
							"pre": [37.5, 0, 0],
							"post": [45, 0, 0]
						},
						"3.5": {
							"pre": [45, 0, 0],
							"post": [52.5, 0, 0]
						},
						"4.0": {
							"pre": [52.5, 0, 0],
							"post": [60, 0, 0]
						},
						"4.5": {
							"pre": [60, 0, 0],
							"post": [67.5, 0, 0]
						},
						"5.0": {
							"pre": [67.5, 0, 0],
							"post": [75, 0, 0]
						},
						"5.5": {
							"pre": [75, 0, 0],
							"post": [82.5, 0, 0]
						},
						"6.0": {
							"pre": [82.5, 0, 0],
							"post": [90, 0, 0]
						},
						"6.5": {
							"pre": [90, 0, 0],
							"post": [97.5, 0, 0]
						},
						"7.0": {
							"pre": [97.5, 0, 0],
							"post": [105, 0, 0]
						},
						"7.5": {
							"pre": [105, 0, 0],
							"post": [112.5, 0, 0]
						},
						"8.0": {
							"pre": [112.5, 0, 0],
							"post": [120, 0, 0]
						},
						"8.5": {
							"pre": [120, 0, 0],
							"post": [127.5, 0, 0]
						},
						"9.0": {
							"pre": [127.5, 0, 0],
							"post": [135, 0, 0]
						},
						"9.5": {
							"pre": [135, 0, 0],
							"post": [142.5, 0, 0]
						},
						"10.0": {
							"pre": [142.5, 0, 0],
							"post": [150, 0, 0]
						}
					}
				}
			}
		},
		"static_bolt_caught": {
			"loop": true,
			"bones": {
				"bolt": {
					"position": [0, 0, 0]
				},
				"bullet": {
					"scale": 0
				},
				"spring": {
					"rotation": [150, 0, 0]
				}
			}
		},
		"shoot": {
			"animation_length": 0.6333,
			"bones": {
				"root": {
					"rotation": {
						"0.0": {
							"post": [0, 0, 0],
							"lerp_mode": "catmullrom"
						},
						"0.0333": {
							"post": [0.17, -0.25, 0.48585],
							"lerp_mode": "catmullrom"
						},
						"0.0667": {
							"post": [-0.4375, 0, 0.61863],
							"lerp_mode": "catmullrom"
						},
						"0.1": {
							"post": [-0.43203, 0, -0.23513],
							"lerp_mode": "catmullrom"
						},
						"0.1667": {
							"post": [0.025, 0, 0.09425],
							"lerp_mode": "catmullrom"
						},
						"0.2333": {
							"post": [-0.00102, 0.00036, -0.04536],
							"lerp_mode": "catmullrom"
						},
						"0.3333": {
							"post": [-0.0096, 0, 0.04551],
							"lerp_mode": "catmullrom"
						},
						"0.4333": {
							"post": [0.01585, 0.01311, -0.00869],
							"lerp_mode": "catmullrom"
						},
						"0.5333": {
							"post": [-0.00161, 0.00814, 0.01937],
							"lerp_mode": "catmullrom"
						},
						"0.6333": {
							"post": [-0.01, 0, -0.03],
							"lerp_mode": "catmullrom"
						}
					},
					"position": {
						"0.0": [0, 0, 0],
						"0.0333": {
							"pre": [0, -0.05, -0.15],
							"post": [0, -0.05, -0.15],
							"lerp_mode": "catmullrom"
						},
						"0.0667": {
							"post": [0, 0.125, 2.625],
							"lerp_mode": "catmullrom"
						},
						"0.1333": {
							"post": [0, 0.13, 2.375],
							"lerp_mode": "catmullrom"
						},
						"0.1667": {
							"post": [0, 0.09, 2.125],
							"lerp_mode": "catmullrom"
						},
						"0.2333": {
							"post": [0, -0.0625, 0.05],
							"lerp_mode": "catmullrom"
						},
						"0.3": {
							"post": [0, -0.0625, -0.1875],
							"lerp_mode": "catmullrom"
						},
						"0.3667": {
							"post": [0, -0.01, 0.16],
							"lerp_mode": "catmullrom"
						},
						"0.5": {
							"post": [0, 0, 0],
							"lerp_mode": "catmullrom"
						},
						"0.6333": {
							"post": [0, 0, 0],
							"lerp_mode": "catmullrom"
						}
					}
				},
				"bolt": {
					"position": {
						"0.0": [0, 0, 0],
						"0.0333": [0, 0, -7],
						"0.1": [0, 0, 0]
					}
				},
				"constraint": {
					"rotation": {
						"0.3667": [0.05, 0.25, 0.25],
						"0.6": [0.1, 0.1, 0.2]
					},
					"position": {
						"0.3667": [0.05, 0, 0.75],
						"0.6": [0.2, 0.15, 0.25]
					}
				},
				"magazine": {
					"rotation": {
						"0.0667": [0, 0, 0],
						"0.1333": [0, 0, 2.25],
						"0.2": [0, 0, -2],
						"0.2667": [0, 0, 1.125],
						"0.3333": [0, 0, -0.875],
						"0.4": [0, 0, 0.3125],
						"0.4667": [0, 0, -0.125],
						"0.5333": [0, 0, 0.0625],
						"0.6": [0, 0, 0]
					}
				},
				"ring2": {
					"rotation": {
						"0.1": [0, 0, 0],
						"0.1333": [30, 0, 0],
						"0.2": [0, 0, 0],
						"0.2667": [12, 0, 0],
						"0.3333": [0, 0, 0],
						"0.4": [3.5, 0, 0],
						"0.4667": [0, 0, 0]
					}
				},
				"bullet": {
					"rotation": {
						"0.0333": [0, 0, 0],
						"0.1": [5, 0, 0],
						"0.1667": [0, 0, 0],
						"0.2333": [2.5, 0, 0],
						"0.3": [0, 0, 0],
						"0.3667": [1.25, 0, 0],
						"0.4333": [0, 0, 0]
					}
				},
				"bolt2": {
					"position": {
						"0.0333": [0, 0, 0],
						"0.1": [0, 0, 6],
						"0.1333": [0, 0, 6],
						"0.1667": [0, 0, 0]
					}
				},
				"spring": {
					"rotation": {
						"0.0333": [0, 0, 0],
						"0.1": [5, 0, 0],
						"0.1667": [0, 0, 0],
						"0.2333": [2.5, 0, 0],
						"0.3": [0, 0, 0],
						"0.3667": [1.25, 0, 0],
						"0.4333": [0, 0, 0]
					}
				},
				"handguard_default": {
					"rotation": {
						"0.0333": [0, 0, 0],
						"0.0667": {
							"pre": [-3, 0, 0],
							"post": [-3, 0, 0],
							"lerp_mode": "catmullrom"
						},
						"0.1667": {
							"post": [-3, 0, 0],
							"lerp_mode": "catmullrom"
						},
						"0.2333": [0, 0, 0]
					}
				},
				"camera": {
					"rotation": {
						"0.0": [0, 0, 0],
						"0.0333": {
							"pre": [0, 0, 0],
							"post": [-1, 0, 2]
						},
						"0.0667": {
							"pre": [-0.0625, 0, 1.75],
							"post": [-0.0625, 0, 1.75],
							"lerp_mode": "catmullrom"
						},
						"0.1": {
							"post": [0, 0, 0],
							"lerp_mode": "catmullrom"
						},
						"0.2": {
							"post": [0, 0, 0.1],
							"lerp_mode": "catmullrom"
						},
						"0.3": {
							"post": [0, 0, -0.0325],
							"lerp_mode": "catmullrom"
						},
						"0.4333": {
							"post": [0, 0, 0.025],
							"lerp_mode": "catmullrom"
						},
						"0.6333": [0, 0, 0]
					}
				}
			}
		},
		"over_heat": {
			"loop": "hold_on_last_frame",
			"animation_length": 2.7667,
			"bones": {
				"root": {
					"rotation": {
						"0.0": [0, 0, 0],
						"0.2667": {
							"pre": [0, 0, 0],
							"post": [0, 0, 0],
							"lerp_mode": "catmullrom"
						},
						"0.4333": {
							"post": [0, 0, 2.25],
							"lerp_mode": "catmullrom"
						},
						"0.6333": {
							"post": [-3.5, 1.5, 2.75],
							"lerp_mode": "catmullrom"
						},
						"0.7667": {
							"post": [-5.5, 1.5, 2.93],
							"lerp_mode": "catmullrom"
						},
						"0.8667": {
							"post": [-6.17, 0.75, 2.59],
							"lerp_mode": "catmullrom"
						},
						"0.9333": {
							"post": [-6.21, 0.68, 3.73],
							"lerp_mode": "catmullrom"
						},
						"1.0333": {
							"post": [-6.22, 0.65, 3],
							"lerp_mode": "catmullrom"
						},
						"1.4": {
							"post": [-6.17, 0.5, 3.09],
							"lerp_mode": "catmullrom"
						},
						"1.5667": {
							"post": [-5.47, 0.75, 2.27],
							"lerp_mode": "catmullrom"
						},
						"1.7": {
							"post": [-5.62, 0.63, 1.95],
							"lerp_mode": "catmullrom"
						},
						"1.9667": {
							"post": [-6.03, 1, 1.67],
							"lerp_mode": "catmullrom"
						},
						"2.2": {
							"post": [-5, -0.5, 0],
							"lerp_mode": "catmullrom"
						},
						"2.4": {
							"post": [-0.6875, 0, 0],
							"lerp_mode": "catmullrom"
						},
						"2.4667": {
							"post": [0, 0.01, -0.3225],
							"lerp_mode": "catmullrom"
						},
						"2.5": {
							"post": [0, 0, 0.475],
							"lerp_mode": "catmullrom"
						},
						"2.6": {
							"post": [0, 0, 0.005],
							"lerp_mode": "catmullrom"
						},
						"2.7667": [0, 0, 0]
					},
					"position": {
						"0.0": [0, 0, 0],
						"0.2667": {
							"pre": [0, 0, 0],
							"post": [0, 0, 0],
							"lerp_mode": "catmullrom"
						},
						"0.5": {
							"post": [0, -1, 0],
							"lerp_mode": "catmullrom"
						},
						"0.7": {
							"post": [0, -0.5, 2],
							"lerp_mode": "catmullrom"
						},
						"0.9": {
							"post": [0, -1.85, 2.04],
							"lerp_mode": "catmullrom"
						},
						"1.1": {
							"post": [0, -1.75, 2],
							"lerp_mode": "catmullrom"
						},
						"1.1667": {
							"post": [0, -1.75, 3.02],
							"lerp_mode": "catmullrom"
						},
						"1.3333": {
							"post": [0, -1.75, 2.57],
							"lerp_mode": "catmullrom"
						},
						"1.5333": {
							"post": [0, -2, 2],
							"lerp_mode": "catmullrom"
						},
						"2.0333": {
							"post": [0, -1.73, 2.13],
							"lerp_mode": "catmullrom"
						},
						"2.2": {
							"post": [0, 0, 2],
							"lerp_mode": "catmullrom"
						},
						"2.3333": {
							"post": [0, 0.25, 0.25],
							"lerp_mode": "catmullrom"
						},
						"2.4667": {
							"post": [0, -0.05, 0],
							"lerp_mode": "catmullrom"
						},
						"2.5333": {
							"post": [0, 0, -0.02],
							"lerp_mode": "catmullrom"
						},
						"2.7667": [0, 0, 0]
					}
				},
				"bolt": {
					"position": {
						"1.1": [0, 0, -6.25],
						"1.1333": [0, 0, 0]
					}
				},
				"right_hand": {
					"rotation": {
						"0.0": [0, 0, 0],
						"0.9": [0, 0, 0],
						"0.9667": [0, 0, 3.25],
						"1.1": [0, 0, 3.25],
						"1.1333": [0, 0, 0],
						"1.3667": [0, 0, 0],
						"1.4667": [1.39, 1.75, -5.25],
						"1.5667": [3.25, 0, -1],
						"1.7": [3.25, 0, 0],
						"1.7667": [-22.95168, 20.4973, -71.93376],
						"2.1667": [0, 0, 0]
					},
					"position": {
						"0.0": [0, 0, 0],
						"0.8": [0, 0, 0],
						"0.9": [-3.25, 4, -6],
						"0.9667": [-2.87, 4.19, -6.77],
						"1.1": [-2.87, 4.19, -6.77],
						"1.1333": [-2.5, 4, 0],
						"1.2667": {
							"pre": [-2.5, 3.94, 0.5],
							"post": [-2.5, 3.94, 0.5],
							"lerp_mode": "catmullrom"
						},
						"1.4": {
							"post": [-5.25, 4, 0.25],
							"lerp_mode": "catmullrom"
						},
						"1.4667": {
							"post": [-3.17, 4.5, -13.09],
							"lerp_mode": "catmullrom"
						},
						"1.5333": [-2.75, 5, -14],
						"1.7": [-2.75, 5, -14],
						"1.7333": [-10.75, 5, -14],
						"1.7667": {
							"pre": [-12.1, 4.08, -12.24],
							"post": [-12.1, 4.08, -12.24],
							"lerp_mode": "catmullrom"
						},
						"1.8333": {
							"post": [-11.16, 3.72, -11.95],
							"lerp_mode": "catmullrom"
						},
						"1.9": {
							"post": [-6.71, 3.08, -9.23],
							"lerp_mode": "catmullrom"
						},
						"2.0667": [0, 0, 0]
					}
				},
				"bullet0": {
					"rotation": {
						"0.0": [-7.5, -65, 195],
						"0.0333": [0, -90, 195],
						"1.7": [0, -90, 195],
						"2.1333": [-360, -270, -165]
					},
					"position": {
						"0.0": [-1.5, 1.25, -4.37],
						"0.0333": [-1.5, 1.25, -4.875],
						"1.7": [-1.5, 1.25, -4.875],
						"1.8667": {
							"pre": [-32.95, 1.61, -5.12],
							"post": [-32.95, 1.61, -5.12],
							"lerp_mode": "catmullrom"
						},
						"2.1333": {
							"post": [-72.5, -26.75, -5.12],
							"lerp_mode": "catmullrom"
						},
						"2.2333": [-72.5, -26.75, -5.12]
					},
					"scale": 1.1
				},
				"camera": {
					"rotation": {
						"0.0": {
							"post": [0, 0, -2],
							"lerp_mode": "catmullrom"
						},
						"0.0667": {
							"post": [-0.05, 0.01, 0.5],
							"lerp_mode": "catmullrom"
						},
						"0.1333": {
							"post": [-0.11, 0.02, 0.06],
							"lerp_mode": "catmullrom"
						},
						"0.5": {
							"post": [-0.5, 0.0625, 0],
							"lerp_mode": "catmullrom"
						},
						"1.0333": {
							"post": [0, 0.9375, -0.35],
							"lerp_mode": "catmullrom"
						},
						"1.1667": {
							"post": [-1.5, 0.94, 0.14],
							"lerp_mode": "catmullrom"
						},
						"1.2333": {
							"post": [-0.42, 0.935, -0.89],
							"lerp_mode": "catmullrom"
						},
						"1.3333": {
							"post": [0.02, 0.8975, -0.45],
							"lerp_mode": "catmullrom"
						},
						"1.4667": {
							"post": [0.07, 0.73, -0.33],
							"lerp_mode": "catmullrom"
						},
						"1.6667": {
							"post": [0, 0.8125, -0.25],
							"lerp_mode": "catmullrom"
						},
						"1.7333": {
							"post": [0.25, 0.3125, -0.47],
							"lerp_mode": "catmullrom"
						},
						"1.8": {
							"post": [0, 0.0625, 0.205],
							"lerp_mode": "catmullrom"
						},
						"1.9333": {
							"post": [0, 0.5, -0.05],
							"lerp_mode": "catmullrom"
						},
						"2.2667": {
							"post": [0, 0.0625, 0],
							"lerp_mode": "catmullrom"
						},
						"2.4333": {
							"post": [-0.04, -0.02, 0.025],
							"lerp_mode": "catmullrom"
						},
						"2.5": {
							"post": [-0.05, -0.02, -0.1875],
							"lerp_mode": "catmullrom"
						},
						"2.5667": {
							"post": [-0.0875, -0.02, 0.1125],
							"lerp_mode": "catmullrom"
						},
						"2.6667": {
							"post": [0, -0.01, 0],
							"lerp_mode": "catmullrom"
						},
						"2.7667": {
							"post": [0, 0, 0],
							"lerp_mode": "catmullrom"
						}
					}
				}
			},
			"sound_effects": {
				"0.2": {
					"effect": "tacz:scar_h/p05_ar_schotel_reload_raise"
				},
				"0.8667": {
					"effect": "bf1:chauchat/bolt"
				},
				"1.6667": {
					"effect": "tacz:springfield1873/springfield1873_shell_casing"
				},
				"2.3": {
					"effect": "tacz:springfield1873/springfield1873_shell_eject"
				}
			}
		},
		"reload_tactical": {
			"animation_length": 3.5333,
			"bones": {
				"bolt": {
					"position": [0, 0, 7]
				},
				"right_hand": {
					"rotation": [90, -22.5, 0],
					"position": [5.5, -7, 0]
				},
				"left_hand": {
					"rotation": {
						"0.0": [90, 40, 0],
						"0.3667": {
							"pre": [17.07858, 2.54219, -32.44011],
							"post": [17.07858, 2.54219, -32.44011],
							"lerp_mode": "catmullrom"
						},
						"0.4667": {
							"post": [17.07858, 2.54219, -32.44011],
							"lerp_mode": "catmullrom"
						},
						"0.5333": {
							"post": [-0.53198, 2.52138, -34.94247],
							"lerp_mode": "catmullrom"
						},
						"0.9": {
							"post": [-0.53198, 2.52138, -34.94247],
							"lerp_mode": "catmullrom"
						},
						"1.3667": [102.94074, 16.75855, 76.07103],
						"2.0667": [102.94074, 16.75855, 76.07103],
						"2.1667": {
							"pre": [132.83263, -19.46409, 81.58021],
							"post": [132.83263, -19.46409, 81.58021],
							"lerp_mode": "catmullrom"
						},
						"2.3333": {
							"post": [119.33263, -19.46409, 81.58021],
							"lerp_mode": "catmullrom"
						},
						"2.5667": {
							"post": [116.36912, -0.5606, 98.27866],
							"lerp_mode": "catmullrom"
						},
						"2.8667": [90, 40, 0]
					},
					"position": {
						"0.0": [-5.25, -6.875, -5.5],
						"0.3667": {
							"pre": [-4.75, -6, -8.5],
							"post": [-4.75, -6, -8.5],
							"lerp_mode": "catmullrom"
						},
						"0.4667": {
							"post": [-4.75, -6, -8.5],
							"lerp_mode": "catmullrom"
						},
						"0.5333": {
							"post": [-5.25, -6, -10.5],
							"lerp_mode": "catmullrom"
						},
						"0.9": {
							"post": [-5.25, -6, -10.5],
							"lerp_mode": "catmullrom"
						},
						"1.3667": [-5.25, -9, -15.5],
						"2.0667": [-5.25, -9, -15.5],
						"2.1333": {
							"pre": [-6.25, -23, -12.5],
							"post": [-6.25, -23, -12.5],
							"lerp_mode": "catmullrom"
						},
						"2.3333": {
							"post": [-6.25, -28, -12.5],
							"lerp_mode": "catmullrom"
						},
						"2.3667": [-6.25, -10, -13.5],
						"2.5667": [-6.25, -10, -13.5],
						"2.6667": [-3.83, -12, -10.01],
						"2.8667": [-5.25, -6.875, -5.5]
					}
				},
				"root": {
					"rotation": {
						"0.0": [0, 0, 0],
						"0.1667": {
							"pre": [-11.3, -5.24, -2.21],
							"post": [-11.3, -5.24, -2.21],
							"lerp_mode": "catmullrom"
						},
						"0.3": {
							"post": [-42.00931, -11.00072, -5.01078],
							"lerp_mode": "catmullrom"
						},
						"0.4": {
							"post": [-50, -15.1, -9.69],
							"lerp_mode": "catmullrom"
						},
						"0.5667": {
							"post": [-46.50931, -14.50072, -7.76078],
							"lerp_mode": "catmullrom"
						},
						"0.6667": {
							"post": [-27.75931, -14.50072, -1.01078],
							"lerp_mode": "catmullrom"
						},
						"0.7667": {
							"post": [-35.07, -14.5, -10.26],
							"lerp_mode": "catmullrom"
						},
						"0.8667": {
							"post": [-42.48, -11.5, -12.29],
							"lerp_mode": "catmullrom"
						},
						"0.9667": {
							"post": [-46.79, -10.26, -10.01],
							"lerp_mode": "catmullrom"
						},
						"1.0667": {
							"post": [-46.6, -10.03, -8.54],
							"lerp_mode": "catmullrom"
						},
						"1.3": {
							"post": [-41.7, -14.58, -10.37],
							"lerp_mode": "catmullrom"
						},
						"1.6667": {
							"post": [-45.97, -12.71, -15.46],
							"lerp_mode": "catmullrom"
						},
						"1.8667": {
							"post": [-47.29, -12.77, -16.7],
							"lerp_mode": "catmullrom"
						},
						"1.9667": {
							"post": [-54.44, -12.8, -15.87],
							"lerp_mode": "catmullrom"
						},
						"2.3667": {
							"post": [-40.49, -12.89, -13.38],
							"lerp_mode": "catmullrom"
						},
						"2.4667": {
							"post": [-65.19, -9.39, -13.38],
							"lerp_mode": "catmullrom"
						},
						"2.7": {
							"post": [-40.50931, -9.00072, -13.01078],
							"lerp_mode": "catmullrom"
						},
						"2.8333": {
							"post": [-9.5, 0, 0],
							"lerp_mode": "catmullrom"
						},
						"3.1333": {
							"post": [0.6, 0.79, 0.94],
							"lerp_mode": "catmullrom"
						},
						"3.3": {
							"post": [-0.59, -0.2, -0.11],
							"lerp_mode": "catmullrom"
						},
						"3.4": {
							"post": [0.19, 0.1, 0],
							"lerp_mode": "catmullrom"
						},
						"3.5333": [0, 0, 0]
					},
					"position": {
						"0.0": [0, 0, 0],
						"0.1333": {
							"pre": [-2, -5.25, 1.5],
							"post": [-2, -5.25, 1.5],
							"lerp_mode": "catmullrom"
						},
						"0.4667": {
							"post": [-1.75, -5, 2.25],
							"lerp_mode": "catmullrom"
						},
						"0.5667": {
							"post": [-2, -6, 2.25],
							"lerp_mode": "catmullrom"
						},
						"0.6667": {
							"post": [-2.75, -6.25, 2.5],
							"lerp_mode": "catmullrom"
						},
						"0.8667": {
							"post": [-2, -5, 2.5],
							"lerp_mode": "catmullrom"
						},
						"1.1667": {
							"post": [-2.25, -5.5, 2.25],
							"lerp_mode": "catmullrom"
						},
						"1.4333": {
							"post": [-2.25, -5.56, 2.25],
							"lerp_mode": "catmullrom"
						},
						"1.7333": {
							"post": [-2.25, -5.73, 1.75],
							"lerp_mode": "catmullrom"
						},
						"1.9": {
							"post": [-2.25, -6.04, 1.75],
							"lerp_mode": "catmullrom"
						},
						"2.0": {
							"post": [-2.25, -5.93, 1.75],
							"lerp_mode": "catmullrom"
						},
						"2.2": {
							"post": [-2.25, -7.29, 2.25],
							"lerp_mode": "catmullrom"
						},
						"2.3667": {
							"post": [-2.1, -6.66, 2.45],
							"lerp_mode": "catmullrom"
						},
						"2.4333": {
							"post": [-2.14, -5.24, 2.28],
							"lerp_mode": "catmullrom"
						},
						"2.6667": {
							"post": [-2, -5.5, 2.25],
							"lerp_mode": "catmullrom"
						},
						"2.8333": {
							"post": [-1.5, -4, 1.25],
							"lerp_mode": "catmullrom"
						},
						"3.0": {
							"post": [0, -0.22, -0.33],
							"lerp_mode": "catmullrom"
						},
						"3.1333": {
							"post": [0, -0.22, 0.545],
							"lerp_mode": "catmullrom"
						},
						"3.2": {
							"post": [0, -0.07, 0.445],
							"lerp_mode": "catmullrom"
						},
						"3.3": {
							"post": [0, -0.07, -0.22],
							"lerp_mode": "catmullrom"
						},
						"3.4": {
							"post": [0, 0, -0.03],
							"lerp_mode": "catmullrom"
						},
						"3.5333": [0, 0, 0]
					}
				},
				"bipod_right": {
					"rotation": {
						"0.3": [0, 0, 0],
						"0.3667": [3, 0, 0],
						"0.4333": [0, 0, 0],
						"0.5333": [3, 0, 0],
						"0.6333": [0, 0, 0],
						"0.7": [0, 0, 0],
						"0.7667": [3, 0, 0],
						"0.8333": [0, 0, 0],
						"0.9333": [5, 0, 0],
						"1.0667": [0, 0, 0],
						"2.4333": [0, 0, 0],
						"2.5": [3, 0, 0],
						"2.5667": [0, 0, 0],
						"2.6667": [5, 0, 0],
						"2.8": [0, 0, 0]
					}
				},
				"bipod_left": {
					"rotation": {
						"0.3": [0, 0, 0],
						"0.3667": [3, 0, 0],
						"0.4333": [0, 0, 0],
						"0.5333": [3, 0, 0],
						"0.6333": [0, 0, 0],
						"0.7": [0, 0, 0],
						"0.7667": [3, 0, 0],
						"0.8333": [0, 0, 0],
						"0.9333": [5, 0, 0],
						"1.0667": [0, 0, 0],
						"2.4333": [0, 0, 0],
						"2.5": [3, 0, 0],
						"2.5667": [0, 0, 0],
						"2.6667": [5, 0, 0],
						"2.8": [0, 0, 0]
					}
				},
				"left_mag": {
					"rotation": {
						"0.6": [0, 0, 0],
						"0.7333": [4.62111, 1.91134, -34.92287],
						"1.4667": [2.31336, 4.43385, -74.91043],
						"1.5667": [-17.5, 0, 0],
						"1.6667": [-17.56274, -4.76804, 1.50701],
						"1.8667": [-27.26565, 2.38422, -0.7522],
						"1.9": [0, 0, 2.5],
						"1.9667": [0, 0, 0]
					},
					"position": {
						"0.6": [0, 0, 0],
						"0.7333": [9, -17, 10],
						"1.3333": {
							"pre": [11.5, -17, 10],
							"post": [11.5, -17, 10],
							"lerp_mode": "catmullrom"
						},
						"1.4667": {
							"post": [2.94, -6.86, 3.76],
							"lerp_mode": "catmullrom"
						},
						"1.5667": {
							"post": [0, -0.75, 0],
							"lerp_mode": "catmullrom"
						},
						"1.6": [0, 0, 0],
						"1.6333": [0, 0, 0]
					}
				},
				"magazine": {
					"rotation": {
						"0.3667": [0, 0, 0],
						"0.4333": [-7.5, 0, 0],
						"0.6667": [-7.5, 0, 0],
						"0.7333": [0, 0, 0]
					}
				},
				"constraint": {
					"rotation": {
						"3.3667": [0.1, 0.1, 0.1],
						"3.5333": [0.1, 0.1, 0.2]
					},
					"position": {
						"3.3667": [0.1, 0.1, 0.1],
						"3.5333": [0.1, 0.15, 0.2]
					}
				},
				"camera": {
					"rotation": {
						"0.0": {
							"post": [0, 0, 0],
							"lerp_mode": "catmullrom"
						},
						"0.1": {
							"post": [0.5, 0, 0],
							"lerp_mode": "catmullrom"
						},
						"0.3333": {
							"post": [-0.08, -0.41, -1.52],
							"lerp_mode": "catmullrom"
						},
						"0.5": {
							"post": [0.38, 0.33, -0.87],
							"lerp_mode": "catmullrom"
						},
						"0.5667": {
							"post": [0.66, 0.4, 0.59],
							"lerp_mode": "catmullrom"
						},
						"0.6333": {
							"post": [-1.38, 0.34, -1.89],
							"lerp_mode": "catmullrom"
						},
						"0.7": {
							"post": [-1.56, 0.12, -0.81],
							"lerp_mode": "catmullrom"
						},
						"0.8": {
							"post": [0.46, -0.24, -0.08],
							"lerp_mode": "catmullrom"
						},
						"1.0": {
							"post": [0.33, 0.04, -1.25],
							"lerp_mode": "catmullrom"
						},
						"1.2": {
							"post": [0.87, 0.32, -1.16],
							"lerp_mode": "catmullrom"
						},
						"1.4333": {
							"post": [0.69, -0.11, 0.58],
							"lerp_mode": "catmullrom"
						},
						"1.5333": {
							"post": [0.93, -0.52, 0.56],
							"lerp_mode": "catmullrom"
						},
						"1.6333": {
							"post": [0.67, -0.16, 0.86],
							"lerp_mode": "catmullrom"
						},
						"1.7333": {
							"post": [0.45, 0.13, 0.89],
							"lerp_mode": "catmullrom"
						},
						"1.8333": {
							"post": [0.35, 0.12, 0.65],
							"lerp_mode": "catmullrom"
						},
						"1.9": {
							"post": [0.54, 0.08, 1.73],
							"lerp_mode": "catmullrom"
						},
						"1.9667": {
							"post": [0.21, 0.02, -0.59],
							"lerp_mode": "catmullrom"
						},
						"2.0333": {
							"post": [0.19, -0.04, 0.49],
							"lerp_mode": "catmullrom"
						},
						"2.1667": {
							"post": [0.17, -0.19, 0.34],
							"lerp_mode": "catmullrom"
						},
						"2.2667": {
							"post": [0.15, -0.27, -0.06],
							"lerp_mode": "catmullrom"
						},
						"2.4": {
							"post": [0.07, -0.21, 0.05],
							"lerp_mode": "catmullrom"
						},
						"2.4667": {
							"post": [1.03, -0.17, 1.64],
							"lerp_mode": "catmullrom"
						},
						"2.5333": {
							"post": [1.04, -0.14, -1.05],
							"lerp_mode": "catmullrom"
						},
						"2.6333": {
							"post": [0.16, -0.1, 0.2],
							"lerp_mode": "catmullrom"
						},
						"2.8667": {
							"post": [0.05, 0.03, -0.03],
							"lerp_mode": "catmullrom"
						},
						"3.0333": {
							"post": [-0.095, -0.1, 0.16],
							"lerp_mode": "catmullrom"
						},
						"3.1": {
							"post": [-0.225, -0.075, -0.05],
							"lerp_mode": "catmullrom"
						},
						"3.1667": {
							"post": [-0.125, 0.105, 0.36],
							"lerp_mode": "catmullrom"
						},
						"3.2667": {
							"post": [0.045, 0.115, -0.22],
							"lerp_mode": "catmullrom"
						},
						"3.3667": {
							"post": [0.11, 0.085, 0.035],
							"lerp_mode": "catmullrom"
						},
						"3.5333": {
							"post": [0, 0, 0],
							"lerp_mode": "catmullrom"
						}
					}
				},
				"handguard_default": {
					"rotation": {
						"0.0": [0, 0, 0],
						"0.5667": {
							"pre": [0, 0, 0],
							"post": [0, 0, 0],
							"lerp_mode": "catmullrom"
						},
						"0.6667": {
							"post": [0, 0, -22.5],
							"lerp_mode": "catmullrom"
						},
						"0.8333": {
							"post": [0, 0, 12.5],
							"lerp_mode": "catmullrom"
						},
						"1.0": {
							"post": [0, 0, -7.5],
							"lerp_mode": "catmullrom"
						},
						"1.2": [0, 0, 0]
					}
				}
			},
			"sound_effects": {
				"0.1667": {
					"effect": "bf1:chauchat/magout"
				},
				"1.2667": {
					"effect": "bf1:chauchat/magin"
				},
				"2.1667": {
					"effect": "bf1:chauchat/slap"
				},
				"2.4333": {
					"effect": "tacz:scar_h/p05_ar_schotel_reload_end"
				}
			}
		},
		"reload_empty": {
			"animation_length": 4.2667,
			"bones": {
				"bolt": {
					"position": {
						"3.1667": [0, 0, 0],
						"3.2": [0, 0, 7]
					}
				},
				"right_hand": {
					"rotation": {
						"0.0": [90, -22.5, 0],
						"2.8333": [90, -22.5, 0],
						"3.0": [82.75, -16.5, 0],
						"3.1667": [82.75, -16.5, 0],
						"3.2": [90, -22.5, 0],
						"3.5333": [90, -22.5, 0]
					},
					"position": {
						"0.0": [5.5, -7, 0],
						"2.8333": [5.5, -7, 0],
						"2.9333": [1.25, -5, -4],
						"3.0": [3, -3, -8],
						"3.1667": [3, -3, -8],
						"3.2": [3.25, -3, -0.25],
						"3.4": [3.25, -3, -0.25],
						"3.5333": [5.5, -7, 0]
					}
				},
				"left_hand": {
					"rotation": {
						"0.0": [90, 40, 0],
						"0.3667": {
							"pre": [17.07858, 2.54219, -32.44011],
							"post": [17.07858, 2.54219, -32.44011],
							"lerp_mode": "catmullrom"
						},
						"0.4667": {
							"post": [17.07858, 2.54219, -32.44011],
							"lerp_mode": "catmullrom"
						},
						"0.5333": {
							"post": [-0.53198, 2.52138, -34.94247],
							"lerp_mode": "catmullrom"
						},
						"0.9": {
							"post": [-0.53198, 2.52138, -34.94247],
							"lerp_mode": "catmullrom"
						},
						"1.3667": [102.94074, 16.75855, 76.07103],
						"2.0667": [102.94074, 16.75855, 76.07103],
						"2.1667": {
							"pre": [132.83263, -19.46409, 81.58021],
							"post": [132.83263, -19.46409, 81.58021],
							"lerp_mode": "catmullrom"
						},
						"2.3333": {
							"post": [119.33263, -19.46409, 81.58021],
							"lerp_mode": "catmullrom"
						},
						"2.5667": {
							"post": [116.36912, -0.5606, 98.27866],
							"lerp_mode": "catmullrom"
						},
						"2.8667": [90, 40, 0]
					},
					"position": {
						"0.0": [-5.25, -6.875, -5.5],
						"0.3667": {
							"pre": [-4.75, -6, -8.5],
							"post": [-4.75, -6, -8.5],
							"lerp_mode": "catmullrom"
						},
						"0.4667": {
							"post": [-4.75, -6, -8.5],
							"lerp_mode": "catmullrom"
						},
						"0.5333": {
							"post": [-5.25, -6, -10.5],
							"lerp_mode": "catmullrom"
						},
						"0.9": {
							"post": [-5.25, -6, -10.5],
							"lerp_mode": "catmullrom"
						},
						"1.3667": [-5.25, -9, -15.5],
						"2.0667": [-5.25, -9, -15.5],
						"2.1333": {
							"pre": [-6.25, -23, -12.5],
							"post": [-6.25, -23, -12.5],
							"lerp_mode": "catmullrom"
						},
						"2.3333": {
							"post": [-6.25, -28, -12.5],
							"lerp_mode": "catmullrom"
						},
						"2.3667": [-6.25, -10, -13.5],
						"2.5667": [-6.25, -10, -13.5],
						"2.6667": [-3.83, -12, -10.01],
						"2.8667": [-5.25, -6.875, -5.5]
					}
				},
				"root": {
					"rotation": {
						"0.0": [0, 0, 0],
						"0.1667": {
							"pre": [-11.3, -5.24, -2.21],
							"post": [-11.3, -5.24, -2.21],
							"lerp_mode": "catmullrom"
						},
						"0.3": {
							"post": [-42.00931, -11.00072, -5.01078],
							"lerp_mode": "catmullrom"
						},
						"0.4": {
							"post": [-50, -15.1, -9.69],
							"lerp_mode": "catmullrom"
						},
						"0.5667": {
							"post": [-46.50931, -14.50072, -7.76078],
							"lerp_mode": "catmullrom"
						},
						"0.6667": {
							"post": [-27.75931, -14.50072, -1.01078],
							"lerp_mode": "catmullrom"
						},
						"0.7667": {
							"post": [-35.07, -14.5, -10.26],
							"lerp_mode": "catmullrom"
						},
						"0.8667": {
							"post": [-42.48, -11.5, -12.29],
							"lerp_mode": "catmullrom"
						},
						"0.9667": {
							"post": [-46.79, -10.26, -10.01],
							"lerp_mode": "catmullrom"
						},
						"1.0667": {
							"post": [-46.6, -10.03, -8.54],
							"lerp_mode": "catmullrom"
						},
						"1.3": {
							"post": [-41.7, -14.58, -10.37],
							"lerp_mode": "catmullrom"
						},
						"1.6667": {
							"post": [-45.97, -12.71, -15.46],
							"lerp_mode": "catmullrom"
						},
						"1.8667": {
							"post": [-47.29, -12.77, -16.7],
							"lerp_mode": "catmullrom"
						},
						"1.9667": {
							"post": [-54.44, -12.8, -15.87],
							"lerp_mode": "catmullrom"
						},
						"2.3667": {
							"post": [-40.49, -12.89, -13.38],
							"lerp_mode": "catmullrom"
						},
						"2.4667": {
							"post": [-65.19, -9.39, -13.38],
							"lerp_mode": "catmullrom"
						},
						"2.7": {
							"post": [-40.50931, -9.00072, -13.01078],
							"lerp_mode": "catmullrom"
						},
						"2.8333": {
							"post": [-9.5, 0, 0],
							"lerp_mode": "catmullrom"
						},
						"2.9667": {
							"post": [-3.18652, -11.43256, 17.89891],
							"lerp_mode": "catmullrom"
						},
						"3.1": {
							"post": [-5.32402, -13.43256, 21.52391],
							"lerp_mode": "catmullrom"
						},
						"3.4": {
							"post": [-5.32402, -11.43256, 21.52391],
							"lerp_mode": "catmullrom"
						},
						"3.5667": {
							"post": [-1.75, -4.25, 0],
							"lerp_mode": "catmullrom"
						},
						"3.8667": {
							"post": [0.6, 0.79, 0.94],
							"lerp_mode": "catmullrom"
						},
						"4.0333": {
							"post": [-0.59, -0.2, -0.11],
							"lerp_mode": "catmullrom"
						},
						"4.1333": {
							"post": [0.19, 0.1, 0],
							"lerp_mode": "catmullrom"
						},
						"4.2667": [0, 0, 0]
					},
					"position": {
						"0.0": [0, 0, 0],
						"0.1333": {
							"pre": [-2, -5.25, 1.5],
							"post": [-2, -5.25, 1.5],
							"lerp_mode": "catmullrom"
						},
						"0.4667": {
							"post": [-1.75, -5, 2.25],
							"lerp_mode": "catmullrom"
						},
						"0.5667": {
							"post": [-2, -6, 2.25],
							"lerp_mode": "catmullrom"
						},
						"0.6667": {
							"post": [-2.75, -6.25, 2.5],
							"lerp_mode": "catmullrom"
						},
						"0.8667": {
							"post": [-2, -5, 2.5],
							"lerp_mode": "catmullrom"
						},
						"1.1667": {
							"post": [-2.25, -5.5, 2.25],
							"lerp_mode": "catmullrom"
						},
						"1.4333": {
							"post": [-2.25, -5.56, 2.25],
							"lerp_mode": "catmullrom"
						},
						"1.7333": {
							"post": [-2.25, -5.73, 1.75],
							"lerp_mode": "catmullrom"
						},
						"1.9": {
							"post": [-2.25, -6.04, 1.75],
							"lerp_mode": "catmullrom"
						},
						"2.0": {
							"post": [-2.25, -5.93, 1.75],
							"lerp_mode": "catmullrom"
						},
						"2.2": {
							"post": [-2.25, -7.29, 2.25],
							"lerp_mode": "catmullrom"
						},
						"2.3667": {
							"post": [-2.1, -6.66, 2.45],
							"lerp_mode": "catmullrom"
						},
						"2.4333": {
							"post": [-2.14, -5.24, 2.28],
							"lerp_mode": "catmullrom"
						},
						"2.6667": {
							"post": [-2, -5.5, 2.25],
							"lerp_mode": "catmullrom"
						},
						"2.8333": {
							"post": [-0.5, -4, 1.25],
							"lerp_mode": "catmullrom"
						},
						"2.9667": {
							"post": [-0.42, -3.96, -0.54],
							"lerp_mode": "catmullrom"
						},
						"3.1667": {
							"post": [-0.42, -3.96, -0.56],
							"lerp_mode": "catmullrom"
						},
						"3.2333": {
							"post": [-0.42, -3.96, 1.46],
							"lerp_mode": "catmullrom"
						},
						"3.3333": {
							"post": [-0.41, -3.96, 1.1],
							"lerp_mode": "catmullrom"
						},
						"3.4": {
							"post": [-0.42, -3.96, -0.54],
							"lerp_mode": "catmullrom"
						},
						"3.5667": {
							"post": [-0.5, -4, -1],
							"lerp_mode": "catmullrom"
						},
						"3.7333": {
							"post": [0, -0.22, -0.33],
							"lerp_mode": "catmullrom"
						},
						"3.8667": {
							"post": [0, -0.22, 0.545],
							"lerp_mode": "catmullrom"
						},
						"3.9333": {
							"post": [0, -0.07, 0.445],
							"lerp_mode": "catmullrom"
						},
						"4.0333": {
							"post": [0, -0.07, -0.22],
							"lerp_mode": "catmullrom"
						},
						"4.1333": {
							"post": [0, 0, -0.03],
							"lerp_mode": "catmullrom"
						},
						"4.2667": [0, 0, 0]
					}
				},
				"bipod_right": {
					"rotation": {
						"0.3": [0, 0, 0],
						"0.3667": [3, 0, 0],
						"0.4333": [0, 0, 0],
						"0.5333": [3, 0, 0],
						"0.6333": [0, 0, 0],
						"0.7": [0, 0, 0],
						"0.7667": [3, 0, 0],
						"0.8333": [0, 0, 0],
						"0.9333": [5, 0, 0],
						"1.0667": [0, 0, 0],
						"2.4333": [0, 0, 0],
						"2.5": [3, 0, 0],
						"2.5667": [0, 0, 0],
						"2.6667": [5, 0, 0],
						"2.8": [0, 0, 0]
					}
				},
				"bipod_left": {
					"rotation": {
						"0.3": [0, 0, 0],
						"0.3667": [3, 0, 0],
						"0.4333": [0, 0, 0],
						"0.5333": [3, 0, 0],
						"0.6333": [0, 0, 0],
						"0.7": [0, 0, 0],
						"0.7667": [3, 0, 0],
						"0.8333": [0, 0, 0],
						"0.9333": [5, 0, 0],
						"1.0667": [0, 0, 0],
						"2.4333": [0, 0, 0],
						"2.5": [3, 0, 0],
						"2.5667": [0, 0, 0],
						"2.6667": [5, 0, 0],
						"2.8": [0, 0, 0]
					}
				},
				"left_mag": {
					"rotation": {
						"0.6": [0, 0, 0],
						"0.7333": [4.62111, 1.91134, -34.92287],
						"1.4667": [2.31336, 4.43385, -74.91043],
						"1.5667": [-17.5, 0, 0],
						"1.6667": [-17.56274, -4.76804, 1.50701],
						"1.8667": [-27.26565, 2.38422, -0.7522],
						"1.9": [0, 0, 2.5],
						"1.9667": [0, 0, 0]
					},
					"position": {
						"0.6": [0, 0, 0],
						"0.7333": [9, -17, 10],
						"1.3333": {
							"pre": [11.5, -17, 10],
							"post": [11.5, -17, 10],
							"lerp_mode": "catmullrom"
						},
						"1.4667": {
							"post": [2.94, -6.86, 3.76],
							"lerp_mode": "catmullrom"
						},
						"1.5667": {
							"post": [0, -0.75, 0],
							"lerp_mode": "catmullrom"
						},
						"1.6": [0, 0, 0],
						"1.6333": [0, 0, 0]
					}
				},
				"magazine": {
					"rotation": {
						"0.3667": [0, 0, 0],
						"0.4333": [-7.5, 0, 0],
						"0.6667": [-7.5, 0, 0],
						"0.7333": [0, 0, 0]
					}
				},
				"constraint": {
					"rotation": {
						"3.3333": [0.1, 0.1, 0.1],
						"3.5": [0.1, 0.1, 0.2]
					},
					"position": {
						"3.3333": [0.1, 0.1, 0.1],
						"3.5": [0.1, 0.15, 0.2]
					}
				},
				"camera": {
					"rotation": {
						"0.0": {
							"post": [0, 0, 0],
							"lerp_mode": "catmullrom"
						},
						"0.1": {
							"post": [0.5, 0, 0],
							"lerp_mode": "catmullrom"
						},
						"0.3333": {
							"post": [-0.08, -0.41, -1.52],
							"lerp_mode": "catmullrom"
						},
						"0.5": {
							"post": [0.38, 0.33, -0.87],
							"lerp_mode": "catmullrom"
						},
						"0.5667": {
							"post": [0.66, 0.4, 0.59],
							"lerp_mode": "catmullrom"
						},
						"0.6333": {
							"post": [-1.38, 0.34, -1.89],
							"lerp_mode": "catmullrom"
						},
						"0.7": {
							"post": [-1.56, 0.12, -0.81],
							"lerp_mode": "catmullrom"
						},
						"0.8": {
							"post": [0.46, -0.24, -0.08],
							"lerp_mode": "catmullrom"
						},
						"1.0": {
							"post": [0.33, 0.04, -1.25],
							"lerp_mode": "catmullrom"
						},
						"1.2": {
							"post": [0.87, 0.32, -1.16],
							"lerp_mode": "catmullrom"
						},
						"1.4333": {
							"post": [0.69, -0.11, 0.58],
							"lerp_mode": "catmullrom"
						},
						"1.5333": {
							"post": [0.93, -0.52, 0.56],
							"lerp_mode": "catmullrom"
						},
						"1.6333": {
							"post": [0.67, -0.16, 0.86],
							"lerp_mode": "catmullrom"
						},
						"1.7333": {
							"post": [0.45, 0.13, 0.89],
							"lerp_mode": "catmullrom"
						},
						"1.8333": {
							"post": [0.35, 0.12, 0.65],
							"lerp_mode": "catmullrom"
						},
						"1.9": {
							"post": [0.54, 0.08, 1.73],
							"lerp_mode": "catmullrom"
						},
						"1.9667": {
							"post": [0.21, 0.02, -0.59],
							"lerp_mode": "catmullrom"
						},
						"2.0333": {
							"post": [0.19, -0.04, 0.49],
							"lerp_mode": "catmullrom"
						},
						"2.1667": {
							"post": [0.17, -0.19, 0.34],
							"lerp_mode": "catmullrom"
						},
						"2.2667": {
							"post": [0.15, -0.27, -0.06],
							"lerp_mode": "catmullrom"
						},
						"2.4": {
							"post": [0.07, -0.21, 0.05],
							"lerp_mode": "catmullrom"
						},
						"2.4667": {
							"post": [1.03, -0.17, 1.64],
							"lerp_mode": "catmullrom"
						},
						"2.5333": {
							"post": [1.04, -0.14, -1.05],
							"lerp_mode": "catmullrom"
						},
						"2.6333": {
							"post": [0.16, -0.1, 0.2],
							"lerp_mode": "catmullrom"
						},
						"2.8667": {
							"post": [0.83, 0.29, -0.5],
							"lerp_mode": "catmullrom"
						},
						"3.0667": {
							"post": [1.12, 0.32, -0.41],
							"lerp_mode": "catmullrom"
						},
						"3.1667": {
							"post": [1.09, 0.115, -0.2],
							"lerp_mode": "catmullrom"
						},
						"3.2333": {
							"post": [-0.56, -0.11, 1.08],
							"lerp_mode": "catmullrom"
						},
						"3.3": {
							"post": [-0.25, -0.09, -0.89],
							"lerp_mode": "catmullrom"
						},
						"3.4333": {
							"post": [0.24, -0.04, 0.03],
							"lerp_mode": "catmullrom"
						},
						"3.6": {
							"post": [0.05, 0.03, -0.03],
							"lerp_mode": "catmullrom"
						},
						"3.7667": {
							"post": [-0.095, -0.1, 0.16],
							"lerp_mode": "catmullrom"
						},
						"3.8333": {
							"post": [-0.225, -0.075, -0.05],
							"lerp_mode": "catmullrom"
						},
						"3.9": {
							"post": [-0.125, 0.105, 0.36],
							"lerp_mode": "catmullrom"
						},
						"4.0": {
							"post": [0.045, 0.115, -0.22],
							"lerp_mode": "catmullrom"
						},
						"4.1": {
							"post": [0.11, 0.085, 0.035],
							"lerp_mode": "catmullrom"
						},
						"4.2667": {
							"post": [0, 0, 0],
							"lerp_mode": "catmullrom"
						}
					}
				},
				"handguard_default": {
					"rotation": {
						"0.0": [0, 0, 0],
						"0.5667": {
							"pre": [0, 0, 0],
							"post": [0, 0, 0],
							"lerp_mode": "catmullrom"
						},
						"0.6667": {
							"post": [0, 0, -22.5],
							"lerp_mode": "catmullrom"
						},
						"0.8333": {
							"post": [0, 0, 12.5],
							"lerp_mode": "catmullrom"
						},
						"1.0": {
							"post": [0, 0, -7.5],
							"lerp_mode": "catmullrom"
						},
						"1.2": [0, 0, 0]
					}
				}
			},
			"sound_effects": {
				"0.1667": {
					"effect": "bf1:chauchat/magout"
				},
				"1.2667": {
					"effect": "bf1:chauchat/magin"
				},
				"2.1667": {
					"effect": "bf1:chauchat/slap"
				},
				"2.9333": {
					"effect": "bf1:chauchat/bolt"
				},
				"3.6667": {
					"effect": "tacz:scar_h/p05_ar_schotel_reload_raise"
				}
			}
		},
		"run_start_old": {
			"animation_length": 1.1667,
			"bones": {
				"root": {
					"rotation": {
						"0.0": {
							"post": [0, 0, 0],
							"lerp_mode": "catmullrom"
						},
						"0.4583": {
							"post": [9.10268, -0.00619, 11.29624],
							"lerp_mode": "catmullrom"
						},
						"0.7917": {
							"post": [13.66518, 1.61881, 14.29624],
							"lerp_mode": "catmullrom"
						},
						"0.9167": {
							"post": [9.5075, -18.21, 10.46],
							"lerp_mode": "catmullrom"
						},
						"1.1667": {
							"post": [13, -52.1642, -5.47422],
							"lerp_mode": "catmullrom"
						}
					},
					"position": {
						"0.0": {
							"post": [0, 0, 0],
							"lerp_mode": "catmullrom"
						},
						"0.1667": {
							"post": [-0.18195, -1, 1.5],
							"lerp_mode": "catmullrom"
						},
						"0.3333": {
							"post": [-0.55478, -1.125, 2.5],
							"lerp_mode": "catmullrom"
						},
						"0.4583": {
							"post": [-1.32636, -2, 2.5],
							"lerp_mode": "catmullrom"
						},
						"0.625": {
							"post": [-1.815, -2.11, 2.55],
							"lerp_mode": "catmullrom"
						},
						"0.7917": {
							"post": [-1.90635, -2.125, 2.5],
							"lerp_mode": "catmullrom"
						},
						"0.9583": {
							"post": [-0.31, -0.14, 1.83],
							"lerp_mode": "catmullrom"
						},
						"1.1667": {
							"post": [1.53303, -3, -2],
							"lerp_mode": "catmullrom"
						}
					}
				}
			}
		},
		"run_start": {
			"loop": true,
			"animation_length": 1.0833,
			"bones": {
				"root": {
					"rotation": {
						"0.0": {
							"post": [0, 0, 0],
							"lerp_mode": "catmullrom"
						},
						"0.4583": {
							"post": [7.10268, 0, 11.29624],
							"lerp_mode": "catmullrom"
						},
						"0.75": {
							"post": [11.66518, 2.9, 14.29624],
							"lerp_mode": "catmullrom"
						},
						"0.875": {
							"post": [6.2575, -18.21, 10.46],
							"lerp_mode": "catmullrom"
						},
						"1.0833": {
							"post": [12.53, -48.31, -3.6],
							"lerp_mode": "catmullrom"
						}
					},
					"position": {
						"0.0": {
							"post": [0, 0, 0],
							"lerp_mode": "catmullrom"
						},
						"0.1667": {
							"post": [-0.18195, -1.25, 1.5],
							"lerp_mode": "catmullrom"
						},
						"0.3333": {
							"post": [-0.55478, -1.375, 2.5],
							"lerp_mode": "catmullrom"
						},
						"0.4583": {
							"post": [-1.32636, -2.125, 2.5],
							"lerp_mode": "catmullrom"
						},
						"0.625": {
							"post": [-1.915, -2.1725, 2.55],
							"lerp_mode": "catmullrom"
						},
						"0.7917": {
							"post": [-2.5, -2.25, 2.5],
							"lerp_mode": "catmullrom"
						},
						"0.9167": {
							"post": [-0.31, -0.39, 1.83],
							"lerp_mode": "catmullrom"
						},
						"1.0833": {
							"post": [1.28, -2.53, -1.43],
							"lerp_mode": "catmullrom"
						}
					}
				}
			}
		},
		"run": {
			"loop": true,
			"animation_length": 0.6667,
			"bones": {
				"root": {
					"rotation": {
						"0.0": {
							"post": [13, -52.1642, -5.47422],
							"lerp_mode": "catmullrom"
						},
						"0.125": {
							"post": [13, -54.70025, -4.52187],
							"lerp_mode": "catmullrom"
						},
						"0.25": {
							"post": [13.75, -54.70025, -1],
							"lerp_mode": "catmullrom"
						},
						"0.4167": {
							"post": [13, -51.13625, 0.5],
							"lerp_mode": "catmullrom"
						},
						"0.5417": {
							"post": [13.75, -49.79975, -1.83437],
							"lerp_mode": "catmullrom"
						},
						"0.6667": {
							"post": [13, -52.1642, -5.47422],
							"lerp_mode": "catmullrom"
						}
					},
					"position": {
						"0.0": {
							"post": [1.28303, -3, -2],
							"lerp_mode": "catmullrom"
						},
						"0.0833": {
							"post": [1.28303, -3, -2],
							"lerp_mode": "catmullrom"
						},
						"0.2083": {
							"post": [-0.87219, -4, -2],
							"lerp_mode": "catmullrom"
						},
						"0.3333": {
							"post": [-3.09793, -3, -2],
							"lerp_mode": "catmullrom"
						},
						"0.4167": {
							"post": [-3.09793, -3, -2],
							"lerp_mode": "catmullrom"
						},
						"0.5417": {
							"post": [-0.87219, -4, -2],
							"lerp_mode": "catmullrom"
						},
						"0.6667": {
							"post": [1.28303, -3, -2],
							"lerp_mode": "catmullrom"
						}
					}
				},
				"sight1": {
					"rotation": {
						"0.0": {
							"post": [0.75, 0, 0],
							"lerp_mode": "catmullrom"
						},
						"0.0833": {
							"post": [7, 0, 0],
							"lerp_mode": "catmullrom"
						},
						"0.1667": {
							"post": [7, 0, 0],
							"lerp_mode": "catmullrom"
						},
						"0.25": {
							"post": [0.75, 0, 0],
							"lerp_mode": "catmullrom"
						},
						"0.3333": {
							"post": [0.75, 0, 0],
							"lerp_mode": "catmullrom"
						},
						"0.4167": {
							"post": [4, 0, 0],
							"lerp_mode": "catmullrom"
						},
						"0.5": {
							"post": [4, 0, 0],
							"lerp_mode": "catmullrom"
						},
						"0.5833": {
							"post": [0.75, 0, 0],
							"lerp_mode": "catmullrom"
						},
						"0.6667": {
							"post": [0.75, 0, 0],
							"lerp_mode": "catmullrom"
						}
					}
				},
				"handguard_default": {
					"rotation": {
						"0.0": {
							"post": [-3.5, 0, 0],
							"lerp_mode": "catmullrom"
						},
						"0.1667": {
							"post": [-7, 0, 0],
							"lerp_mode": "catmullrom"
						},
						"0.5": {
							"post": [0, 0, 0],
							"lerp_mode": "catmullrom"
						},
						"0.6667": {
							"post": [-3.5, 0, 0],
							"lerp_mode": "catmullrom"
						}
					}
				}
			}
		},
		"run_hold": {
			"loop": true,
			"bones": {
				"root": {
					"rotation": [13, -52.1642, -5.47422],
					"position": [1.53303, -3, -2]
				}
			}
		},
		"slide": {
			"loop": "hold_on_last_frame",
			"animation_length": 0.6,
			"bones": {
				"root": {
					"relative_to": {
						"rotation": "entity"
					},
					"rotation": {
						"0.0": [0, 0, 0.01],
						"0.1": {
							"pre": [1.25, 0, 0.01],
							"post": [1.25, 0, 0.01],
							"lerp_mode": "catmullrom"
						},
						"0.1667": {
							"post": [1.25, 0, -1.25],
							"lerp_mode": "catmullrom"
						},
						"0.3": {
							"post": [-1.25, 0, -4.75],
							"lerp_mode": "catmullrom"
						},
						"0.4": {
							"post": [-0.59, 0, -4.24],
							"lerp_mode": "catmullrom"
						},
						"0.4667": {
							"post": [0, 0, -5.75],
							"lerp_mode": "catmullrom"
						},
						"0.5333": {
							"post": [0.04, 0, -4.81],
							"lerp_mode": "catmullrom"
						},
						"0.6": [0, 0, -4.5]
					},
					"position": {
						"0.0": [0, 0, 0],
						"0.1333": {
							"pre": [0.125, -1, 0],
							"post": [0.125, -1, 0],
							"lerp_mode": "catmullrom"
						},
						"0.2": {
							"post": [0.44, -0.82, -0.44],
							"lerp_mode": "catmullrom"
						},
						"0.3333": {
							"post": [1.815, -0.42, -1.44],
							"lerp_mode": "catmullrom"
						},
						"0.4333": {
							"post": [2, -1, -2],
							"lerp_mode": "catmullrom"
						},
						"0.6": [2, -1, -2]
					}
				},
				"camera": {
					"rotation": {
						"0.3333": {
							"pre": [0, 0, 0],
							"post": [0, 0, 0],
							"lerp_mode": "catmullrom"
						},
						"0.4": {
							"post": [0, 0, 0.3],
							"lerp_mode": "catmullrom"
						},
						"0.4333": {
							"post": [0, 0, -0.125],
							"lerp_mode": "catmullrom"
						},
						"0.5333": {
							"post": [0, 0, 0],
							"lerp_mode": "catmullrom"
						}
					}
				}
			},
			"sound_effects": {
				"0.2333": {
					"effect": "tacz:scar_h/p05_ar_schotel_reload_raise"
				}
			}
		},
		"slide_idle": {
			"loop": true,
			"bones": {
				"root": {
					"rotation": [0, 0, -4.5],
					"position": [2, -1, -2]
				}
			}
		},
		"slide_back": {
			"loop": "hold_on_last_frame",
			"animation_length": 0.3667,
			"bones": {
				"root": {
					"rotation": {
						"0.0": {
							"post": [0, 0, -4.5],
							"lerp_mode": "catmullrom"
						},
						"0.1667": {
							"post": [0, 0, -0.75],
							"lerp_mode": "catmullrom"
						},
						"0.3667": [0, 0, 0]
					},
					"position": {
						"0.0": {
							"post": [2, -1, -2],
							"lerp_mode": "catmullrom"
						},
						"0.1667": {
							"post": [0.25, -0.125, -0.25],
							"lerp_mode": "catmullrom"
						},
						"0.3667": [0, 0, 0]
					}
				}
			}
		},
		"inspect": {
			"animation_length": 6.35,
			"bones": {
				"root": {
					"rotation": {
						"0.0": {
							"post": [0, 0, 0],
							"lerp_mode": "catmullrom"
						},
						"0.15": {
							"post": [-6.54042, -7.48069, -5.76575],
							"lerp_mode": "catmullrom"
						},
						"0.45": {
							"post": [-43.56542, -30.99756, -26.12008],
							"lerp_mode": "catmullrom"
						},
						"0.6": {
							"post": [-48.50286, -33.78882, -26.81763],
							"lerp_mode": "catmullrom"
						},
						"0.65": {
							"post": [-45.34952, -38.99227, -31.01891],
							"lerp_mode": "catmullrom"
						},
						"0.75": {
							"post": [-46.55427, -37.71945, -29.2062],
							"lerp_mode": "catmullrom"
						},
						"0.9": {
							"post": [-45.88623, -39.0724, -30.65221],
							"lerp_mode": "catmullrom"
						},
						"1.2": {
							"post": [-46.94, -38.53, -29.73],
							"lerp_mode": "catmullrom"
						},
						"1.4": {
							"post": [-41.02563, -45.06851, -38.70839],
							"lerp_mode": "catmullrom"
						},
						"2.4": {
							"post": [-40.29, -47.37, -40.97],
							"lerp_mode": "catmullrom"
						},
						"2.55": {
							"post": [-39.86164, -46.04164, -40.33869],
							"lerp_mode": "catmullrom"
						},
						"2.75": {
							"post": [-55.45159, 2.00504, 7.36013],
							"lerp_mode": "catmullrom"
						},
						"2.95": {
							"post": [-46.29628, 37.84128, 43.42955],
							"lerp_mode": "catmullrom"
						},
						"3.2": {
							"post": [-44.36604, 38.73558, 46.35069],
							"lerp_mode": "catmullrom"
						},
						"3.5": {
							"post": [-45.03616, 42.45179, 45.21245],
							"lerp_mode": "catmullrom"
						},
						"3.9": {
							"post": [-45.03616, 42.45179, 45.21245],
							"lerp_mode": "catmullrom"
						},
						"4.1": {
							"post": [-39.93695, 47.62889, 52.88769],
							"lerp_mode": "catmullrom"
						},
						"4.35": {
							"post": [-39.11, 50.09, 53.54],
							"lerp_mode": "catmullrom"
						},
						"4.9": {
							"post": [-39.17, 51.63, 53.45],
							"lerp_mode": "catmullrom"
						},
						"5.05": {
							"post": [-39.93695, 44.87889, 46.38769],
							"lerp_mode": "catmullrom"
						},
						"5.2": {
							"post": [-46.25895, 13.96242, 18.11131],
							"lerp_mode": "catmullrom"
						},
						"5.3": {
							"post": [-45.91369, -4.55734, 1.13144],
							"lerp_mode": "catmullrom"
						},
						"5.5": {
							"post": [-45.14, -8.11, -3.07],
							"lerp_mode": "catmullrom"
						},
						"5.65": {
							"post": [-32.48927, -5.70496, -2.36773],
							"lerp_mode": "catmullrom"
						},
						"5.8": {
							"post": [-21.84361, -1.71781, 3.19559],
							"lerp_mode": "catmullrom"
						},
						"5.9": {
							"post": [-10.27127, -0.25331, 3.91355],
							"lerp_mode": "catmullrom"
						},
						"6.0": {
							"post": [0, 0, -2],
							"lerp_mode": "catmullrom"
						},
						"6.1": {
							"post": [0, 0, 0.5],
							"lerp_mode": "catmullrom"
						},
						"6.2": {
							"post": [0, 0, 0],
							"lerp_mode": "catmullrom"
						}
					},
					"position": {
						"0.0": {
							"post": [0, 0, 0],
							"lerp_mode": "catmullrom"
						},
						"0.15": {
							"post": [0.26, -1.26, -0.24],
							"lerp_mode": "catmullrom"
						},
						"0.45": {
							"post": [1.17, 0.31, -0.8],
							"lerp_mode": "catmullrom"
						},
						"0.65": {
							"post": [1.32615, -2.54886, -0.7],
							"lerp_mode": "catmullrom"
						},
						"0.8": {
							"post": [1.3, -1.85, -0.9],
							"lerp_mode": "catmullrom"
						},
						"1.15": {
							"post": [1.22781, -2.01795, -0.91],
							"lerp_mode": "catmullrom"
						},
						"1.6": {
							"post": [1.4378, -1.86003, -0.9],
							"lerp_mode": "catmullrom"
						},
						"2.05": {
							"post": [1.33182, -1.88125, -0.89],
							"lerp_mode": "catmullrom"
						},
						"2.4": {
							"post": [1.3, -1.85, -0.9],
							"lerp_mode": "catmullrom"
						},
						"2.6": {
							"post": [0.82077, -2.53285, -1.05],
							"lerp_mode": "catmullrom"
						},
						"2.8": {
							"post": [-1.29844, -1.56342, -1.32],
							"lerp_mode": "catmullrom"
						},
						"3.05": {
							"post": [-1.97385, -2.49886, -1.45],
							"lerp_mode": "catmullrom"
						},
						"3.35": {
							"post": [-2.04239, -2.32431, -1.5],
							"lerp_mode": "catmullrom"
						},
						"4.0": {
							"post": [-2.07383, -2.25178, -1.5],
							"lerp_mode": "catmullrom"
						},
						"4.4": {
							"post": [-2.10853, -2.4876, -1.58],
							"lerp_mode": "catmullrom"
						},
						"4.95": {
							"post": [-2.20465, -2.80922, -1.6],
							"lerp_mode": "catmullrom"
						},
						"5.1": {
							"post": [-1.84619, -2.70716, -1.06],
							"lerp_mode": "catmullrom"
						},
						"5.3": {
							"post": [0.95756, -1.37805, -0.3],
							"lerp_mode": "catmullrom"
						},
						"5.5": {
							"post": [1.23615, -2.40886, -0.47],
							"lerp_mode": "catmullrom"
						},
						"5.7": {
							"post": [0.67771, -1.66228, -1.47],
							"lerp_mode": "catmullrom"
						},
						"5.9": {
							"post": [0, -0.75, -2.4],
							"lerp_mode": "catmullrom"
						},
						"6.0": {
							"post": [0, 0, 0.7],
							"lerp_mode": "catmullrom"
						},
						"6.1": {
							"post": [0, 0, 0],
							"lerp_mode": "catmullrom"
						}
					}
				},
				"handguard_default": {
					"rotation": {
						"0.0": [0, 0, 0],
						"0.5": {
							"pre": [0, 0, 0],
							"post": [0, 0, 0],
							"lerp_mode": "catmullrom"
						},
						"0.6": {
							"post": [0, 0, -5],
							"lerp_mode": "catmullrom"
						},
						"0.8": {
							"post": [0, 0, 2.5],
							"lerp_mode": "catmullrom"
						},
						"0.95": {
							"post": [0, 0, -2.5],
							"lerp_mode": "catmullrom"
						},
						"1.15": {
							"post": [0, 0, 0],
							"lerp_mode": "catmullrom"
						},
						"2.35": {
							"post": [0, 0, -0.05],
							"lerp_mode": "catmullrom"
						},
						"2.9": {
							"post": [0, 0, 0],
							"lerp_mode": "catmullrom"
						},
						"3.0": {
							"post": [0, 0, 1.5925],
							"lerp_mode": "catmullrom"
						},
						"3.2": {
							"post": [0, 0, -2.0925],
							"lerp_mode": "catmullrom"
						},
						"3.35": {
							"post": [0, 0, 0.2525],
							"lerp_mode": "catmullrom"
						},
						"3.55": [0, 0, 0]
					}
				},
				"left_hand": {
					"rotation": {
						"0.0": [90, 40, 0],
						"0.45": [129.2295, -6.36876, 97.76006],
						"2.5": [129.2295, -6.36876, 97.76006],
						"2.75": [166.77611, -20.30661, 56.32582],
						"4.95": [166.77611, -20.30661, 56.32582],
						"5.15": [90, 40, 0]
					},
					"position": {
						"0.0": [-5.25, -6.875, -5.5],
						"0.3": [-2.45, -11.27, -9.1],
						"0.45": [-7.75, -10.87, -12.25],
						"2.6": [-7.75, -10.87, -12.25],
						"2.85": [-5.25, -9.62, -5.5],
						"4.95": [-5.25, -9.62, -5.5],
						"5.15": [-5.25, -6.875, -5.5]
					}
				},
				"camera": {
					"rotation": {
						"0.0": [0, 0, 0],
						"0.2": {
							"pre": [0.23, 0, 0.96],
							"post": [0.23, 0, 0.96],
							"lerp_mode": "catmullrom"
						},
						"0.3": {
							"post": [0.36, 0, 0.13],
							"lerp_mode": "catmullrom"
						},
						"0.45": {
							"post": [0.53, 0, 0.03],
							"lerp_mode": "catmullrom"
						},
						"0.6": {
							"post": [0.55, 0, 1],
							"lerp_mode": "catmullrom"
						},
						"0.7": {
							"post": [0, 0, -2],
							"lerp_mode": "catmullrom"
						},
						"0.8": {
							"post": [-0.73, 0, -0.03],
							"lerp_mode": "catmullrom"
						},
						"1.1": {
							"post": [-3.61, 0, -1.82],
							"lerp_mode": "catmullrom"
						},
						"1.35": {
							"post": [-16.5, 0, 0],
							"lerp_mode": "catmullrom"
						},
						"1.75": {
							"post": [-14.5, 0, -2],
							"lerp_mode": "catmullrom"
						},
						"2.15": {
							"post": [-16.49, -2, -2.01],
							"lerp_mode": "catmullrom"
						},
						"2.55": {
							"post": [-15.14, -3, -2.05],
							"lerp_mode": "catmullrom"
						},
						"2.9": {
							"post": [-2.5625, -1, -0.75],
							"lerp_mode": "catmullrom"
						},
						"3.0": {
							"post": [-0.36, 0, 2.45],
							"lerp_mode": "catmullrom"
						},
						"3.2": {
							"post": [-0.09, 0, -1.14],
							"lerp_mode": "catmullrom"
						},
						"3.5": {
							"post": [4.18, 0, 0.01],
							"lerp_mode": "catmullrom"
						},
						"3.8": {
							"post": [10.64, 0, -0.01],
							"lerp_mode": "catmullrom"
						},
						"4.25": {
							"post": [9.86, 7, 4],
							"lerp_mode": "catmullrom"
						},
						"4.55": {
							"post": [1.61, 7.88, 4.5],
							"lerp_mode": "catmullrom"
						},
						"4.85": {
							"post": [1.75, 7, 4],
							"lerp_mode": "catmullrom"
						},
						"5.25": {
							"post": [0.32, 0, 0],
							"lerp_mode": "catmullrom"
						},
						"5.65": {
							"post": [1.5, 0, 0],
							"lerp_mode": "catmullrom"
						},
						"5.9": {
							"post": [0.04, 0, -0.04],
							"lerp_mode": "catmullrom"
						},
						"6.0": {
							"post": [1.52, 0, 0.71],
							"lerp_mode": "catmullrom"
						},
						"6.15": {
							"post": [-1.5, 0, -0.75],
							"lerp_mode": "catmullrom"
						},
						"6.3": {
							"post": [0, 0, 0],
							"lerp_mode": "catmullrom"
						}
					}
				}
			},
			"sound_effects": {
				"0.0": {
					"effect": "tacz:m107/m107_inspect_01"
				},
				"1.1": {
					"effect": "tacz:m107/m107_inspect_02"
				},
				"2.4": {
					"effect": "tacz:m107/m107_inspect_03"
				},
				"2.55": {
					"effect": "tacz:m107/m107_inspect_05"
				},
				"3.8": {
					"effect": "tacz:m107/m107_inspect_04"
				},
				"5.0": {
					"effect": "tacz:m107/m107_inspect_grabrotate"
				},
				"5.45": {
					"effect": "tacz:m107/m107_inspect_end"
				}
			}
		},
		"inspect_empty": {
			"loop": "hold_on_last_frame",
			"animation_length": 1.4,
			"bones": {
				"left_hand": {
					"rotation": {
						"0.0": [90, 40, 0],
						"0.1667": {
							"pre": [127, 40, 0],
							"post": [127, 40, 0],
							"lerp_mode": "catmullrom"
						},
						"0.3667": {
							"post": [137.75, 40, 0],
							"lerp_mode": "catmullrom"
						},
						"0.4333": {
							"post": [47.6, 40, 0],
							"lerp_mode": "catmullrom"
						},
						"0.4667": {
							"post": [28.49, 39, 0],
							"lerp_mode": "catmullrom"
						},
						"0.8": {
							"post": [28.755, 40, 0],
							"lerp_mode": "catmullrom"
						},
						"0.9333": {
							"post": [29.785, 40, 0],
							"lerp_mode": "catmullrom"
						},
						"0.9667": {
							"post": [36, 40, 0],
							"lerp_mode": "catmullrom"
						},
						"1.0333": {
							"post": [105, 40, 0],
							"lerp_mode": "catmullrom"
						},
						"1.2333": {
							"post": [109, 40, 0],
							"lerp_mode": "catmullrom"
						},
						"1.3667": [90, 40, 0]
					},
					"position": {
						"0.0": [-5.25, -6.875, -5.5],
						"0.1667": {
							"pre": [3.5, -15.37, -5.5],
							"post": [3.5, -15.37, -5.5],
							"lerp_mode": "catmullrom"
						},
						"0.3667": {
							"post": [2.1375, -16.12, -5.5],
							"lerp_mode": "catmullrom"
						},
						"0.4": {
							"post": [2.1375, -5.62, -3.65],
							"lerp_mode": "catmullrom"
						},
						"0.4333": {
							"post": [3.2, -1.69, -3.43],
							"lerp_mode": "catmullrom"
						},
						"0.5333": {
							"post": [3.26, -1.14, -3.4],
							"lerp_mode": "catmullrom"
						},
						"0.6667": {
							"post": [3.17, -1.65, -3.41],
							"lerp_mode": "catmullrom"
						},
						"0.8": {
							"post": [3.17, -0.97, -3.41],
							"lerp_mode": "catmullrom"
						},
						"0.9667": {
							"post": [3.22, -1.46, -3.44],
							"lerp_mode": "catmullrom"
						},
						"1.0": {
							"post": [3.5, -6.62, -3.65],
							"lerp_mode": "catmullrom"
						},
						"1.0667": {
							"post": [3.5, -15.37, -5.5],
							"lerp_mode": "catmullrom"
						},
						"1.2667": {
							"post": [3.5, -15.37, -5.5],
							"lerp_mode": "catmullrom"
						},
						"1.3667": [-5.25, -6.875, -5.5]
					},
					"scale": [1, 1.2, 1]
				},
				"root": {
					"rotation": {
						"0.0": {
							"post": [0, 0, 0],
							"lerp_mode": "catmullrom"
						},
						"0.1333": {
							"post": [0.75, 0.8125, -0.4375],
							"lerp_mode": "catmullrom"
						},
						"0.3333": {
							"post": [1.25, 1.3125, -0.4375],
							"lerp_mode": "catmullrom"
						},
						"0.9": {
							"post": [1.25, 1.5625, -0.5],
							"lerp_mode": "catmullrom"
						},
						"1.0333": {
							"post": [1, 1.3125, -0.4375],
							"lerp_mode": "catmullrom"
						},
						"1.2": {
							"post": [0.25, 0.25, -0.0625],
							"lerp_mode": "catmullrom"
						},
						"1.4": {
							"post": [0, 0, 0],
							"lerp_mode": "catmullrom"
						}
					},
					"position": {
						"0.0": {
							"post": [0, 0, 0],
							"lerp_mode": "catmullrom"
						},
						"0.1333": {
							"post": [-0.0625, -0.25, 0],
							"lerp_mode": "catmullrom"
						},
						"0.3": {
							"post": [-0.25, -0.77, 0],
							"lerp_mode": "catmullrom"
						},
						"0.4667": {
							"post": [-0.28, -0.955, 0],
							"lerp_mode": "catmullrom"
						},
						"0.9": {
							"post": [-0.27, -0.935, 0],
							"lerp_mode": "catmullrom"
						},
						"1.0667": {
							"post": [-0.25, -0.75, 0],
							"lerp_mode": "catmullrom"
						},
						"1.1667": {
							"post": [-0.1, -0.375, 0],
							"lerp_mode": "catmullrom"
						},
						"1.2667": {
							"post": [0, -0.05, 0],
							"lerp_mode": "catmullrom"
						},
						"1.4": {
							"post": [0, 0, 0],
							"lerp_mode": "catmullrom"
						}
					}
				},
				"ammo": {
					"rotation": {
						"0.0": [0, 0, 0],
						"0.4": [-33.49196, 14.7243, 0.89177],
						"0.9667": [-33.49196, 14.7243, 0.89177],
						"1.2333": [0, 0, 0]
					},
					"position": {
						"0.0": [0, 0, 0],
						"0.3": {
							"pre": [1.92, 1.06, -1.44],
							"post": [1.92, 1.06, -1.44],
							"lerp_mode": "catmullrom"
						},
						"0.4": {
							"post": [2.75, 3, -2],
							"lerp_mode": "catmullrom"
						},
						"0.4667": {
							"post": [3.5, 4.125, -1.25],
							"lerp_mode": "catmullrom"
						},
						"0.5333": {
							"post": [3.5, 4, -1.25],
							"lerp_mode": "catmullrom"
						},
						"0.6": [3.5, 3, -2],
						"0.9667": [3.5, 3, -2],
						"1.2333": [0, 0, 0]
					},
					"scale": {
						"0.0": [0.0001, 0.0001, 0.0001],
						"0.3": {
							"pre": [0.0001, 0.0001, 0.0001],
							"post": [1, 1, 1]
						}
					}
				},
				"camera": {
					"rotation": {
						"0.0": {
							"post": [0, 0, 0],
							"lerp_mode": "catmullrom"
						},
						"0.4": {
							"post": [0, 0.6875, -0.1],
							"lerp_mode": "catmullrom"
						},
						"0.5": {
							"post": [0.5, 0.69, 0.14],
							"lerp_mode": "catmullrom"
						},
						"0.5667": {
							"post": [0.33, 0.685, -0.14],
							"lerp_mode": "catmullrom"
						},
						"0.6333": {
							"post": [0.02, 0.6475, -0.2],
							"lerp_mode": "catmullrom"
						},
						"0.8667": {
							"post": [0, 0.3125, 0],
							"lerp_mode": "catmullrom"
						},
						"0.9667": {
							"post": [0.25, 0.3125, 0.28],
							"lerp_mode": "catmullrom"
						},
						"1.0667": {
							"post": [0, 0.3125, -0.045],
							"lerp_mode": "catmullrom"
						},
						"1.2": {
							"post": [0, 0, 0],
							"lerp_mode": "catmullrom"
						},
						"1.4": {
							"post": [0, 0, 0],
							"lerp_mode": "catmullrom"
						}
					}
				}
			},
			"sound_effects": {
				"0.0": {
					"effect": "bf1:chauchat/ammo"
				}
			}
		}
	}
}