{
	"format_version": "1.8.0",
	"animations": {
		"static_idle": {
			"loop": true,
			"bones": {
				"constraint": {
					"rotation": [0.15, 0.15, 0.15],
					"position": [0.1, 0.1, 0.2]
				},
				"left_hand": {
					"rotation": [95.33028, 20.86487, 48.80027],
					"position": [-4.75, -6, -6],
					"scale": [1, 1.2, 1]
				},
				"right_hand": {
					"rotation": [91.60673, -15.47712, -39.18258],
					"position": [4.25, -7, 6.25],
					"scale": [1, 1.2, 1]
				}
			}
		},
		"static_bolt_caught": {
			"loop": true,
			"bones": {
				"left_hand": {
					"rotation": [95.33028, 20.86487, 48.80027],
					"position": [-4.75, -6, -6],
					"scale": [1, 1.2, 1]
				},
				"right_hand": {
					"rotation": [91.60673, -15.47712, -39.18258],
					"position": [4.25, -7, 6.25],
					"scale": [1, 1.2, 1]
				},
				"bolt": {
					"position": [0, 0, 5]
				},
				"bullet": {
					"scale": 0
				}
			}
		},
		"draw": {
			"loop": "hold_on_last_frame",
			"animation_length": 0.9667,
			"bones": {
				"root": {
					"rotation": {
						"0.0": {
							"post": [15, -21.5, 0],
							"lerp_mode": "catmullrom"
						},
						"0.1": {
							"post": [-59, -13, 13],
							"lerp_mode": "catmullrom"
						},
						"0.3333": {
							"post": [-65, -7.8425, 11.29],
							"lerp_mode": "catmullrom"
						},
						"0.4667": {
							"post": [-62.5625, -2.75, 5.875],
							"lerp_mode": "catmullrom"
						},
						"0.6333": {
							"post": [6.68, -1.92, 2.67],
							"lerp_mode": "catmullrom"
						},
						"0.8": {
							"post": [1.7425, 0.4, -0.4],
							"lerp_mode": "catmullrom"
						},
						"0.9667": [0, 0, 0]
					},
					"position": {
						"0.0": {
							"post": [1.88, -21, 0],
							"lerp_mode": "catmullrom"
						},
						"0.2333": {
							"post": [1.875, -2.125, -2],
							"lerp_mode": "catmullrom"
						},
						"0.5": {
							"post": [0, -1.4375, 0],
							"lerp_mode": "catmullrom"
						},
						"0.6": {
							"post": [-0.12, -3.035, 0.32],
							"lerp_mode": "catmullrom"
						},
						"0.7667": {
							"post": [-0.06, -0.25, -0.125],
							"lerp_mode": "catmullrom"
						},
						"0.9667": [0, 0, 0]
					}
				},
				"left_hand": {
					"rotation": {
						"0.2667": [95.33028, 20.86487, 48.80027],
						"0.4": {
							"pre": [110.96554, 1.95279, 51.8606],
							"post": [110.96554, 1.95279, 51.8606],
							"lerp_mode": "catmullrom"
						},
						"0.5333": {
							"post": [110.96554, 1.95279, 51.8606],
							"lerp_mode": "catmullrom"
						},
						"0.6": [95.33028, 20.86487, 48.80027]
					},
					"position": {
						"0.2667": [-4.75, -6, -6],
						"0.4": {
							"pre": [-3.5, -8, -1.25],
							"post": [-3.5, -8, -1.25],
							"lerp_mode": "catmullrom"
						},
						"0.5333": {
							"post": [-3.5, -9, -1.25],
							"lerp_mode": "catmullrom"
						},
						"0.6": [-4.75, -6, -6]
					},
					"scale": [1, 1.2, 1]
				},
				"camera": {
					"rotation": {
						"0.0": {
							"post": [0, 0, 0],
							"lerp_mode": "catmullrom"
						},
						"0.1333": {
							"post": [-0.45, -0.05, -1],
							"lerp_mode": "catmullrom"
						},
						"0.2333": {
							"post": [0.85, -0.3, 0.7],
							"lerp_mode": "catmullrom"
						},
						"0.5333": {
							"post": [0.45, -0.2, 1.3],
							"lerp_mode": "catmullrom"
						},
						"0.6333": {
							"post": [-0.1, 0, -0.35],
							"lerp_mode": "catmullrom"
						},
						"0.7": {
							"post": [0.1375, 0.1, 0.2],
							"lerp_mode": "catmullrom"
						},
						"0.8": {
							"post": [0, 0, -0.125],
							"lerp_mode": "catmullrom"
						},
						"0.9667": {
							"post": [0, 0, 0],
							"lerp_mode": "catmullrom"
						}
					}
				},
				"safe": {
					"rotation": {
						"0.5333": [0, 0, 0],
						"0.6": [20, 0, 0],
						"0.7": [0, 0, 0],
						"0.7667": [6, 0, 0],
						"0.8333": [0, 0, 0]
					}
				}
			},
			"sound_effects": {
				"0.0": {
					"effect": "draw2"
				}
			}
		},
		"shoot": {
			"loop": "hold_on_last_frame",
			"animation_length": 0.8,
			"bones": {
				"root": {
					"rotation": {
						"0.0": {
							"post": [0, 0, 0],
							"lerp_mode": "catmullrom"
						},
						"0.0333": {
							"post": [0.92, -0.5, 1.0175],
							"lerp_mode": "catmullrom"
						},
						"0.0667": {
							"post": [-2.5, 0, 1.3],
							"lerp_mode": "catmullrom"
						},
						"0.1333": {
							"post": [-0.74453, 0, -0.5165],
							"lerp_mode": "catmullrom"
						},
						"0.2": {
							"post": [-0.125, 0, 0.18431],
							"lerp_mode": "catmullrom"
						},
						"0.2667": {
							"post": [0.06148, 0.00036, -0.11273],
							"lerp_mode": "catmullrom"
						},
						"0.3333": {
							"post": [0.0529, 0, 0.0806],
							"lerp_mode": "catmullrom"
						},
						"0.4333": {
							"post": [0.07835, 0.01311, -0.03473],
							"lerp_mode": "catmullrom"
						},
						"0.5333": {
							"post": [-0.00161, 0.00814, 0.02499],
							"lerp_mode": "catmullrom"
						},
						"0.6667": {
							"post": [-0.01, 0, -0.03],
							"lerp_mode": "catmullrom"
						},
						"0.8": {
							"post": [0, 0, 0],
							"lerp_mode": "catmullrom"
						}
					},
					"position": {
						"0.0": {
							"post": [0, 0, 0],
							"lerp_mode": "catmullrom"
						},
						"0.0333": {
							"post": [0, -0.26875, 2.85],
							"lerp_mode": "catmullrom"
						},
						"0.0667": {
							"post": [0, 0.03, 2.7875],
							"lerp_mode": "catmullrom"
						},
						"0.1": {
							"post": [0, -0.05469, 0.78156],
							"lerp_mode": "catmullrom"
						},
						"0.1667": {
							"post": [0, -0.15156, -0.32109],
							"lerp_mode": "catmullrom"
						},
						"0.3667": {
							"post": [0, 0.0025, 0.02],
							"lerp_mode": "catmullrom"
						},
						"0.5": {
							"post": [0, 0, 0],
							"lerp_mode": "catmullrom"
						},
						"0.6333": {
							"post": [0, 0, 0],
							"lerp_mode": "catmullrom"
						},
						"0.7667": {
							"post": [0, 0, 0],
							"lerp_mode": "catmullrom"
						}
					}
				},
				"bolt": {
					"position": {
						"0.0": [0, 0, 0],
						"0.0333": [0, 0, 5.5],
						"0.1": [0, 0, 0]
					}
				},
				"constraint": {
					"rotation": {
						"0.1667": [0.2, 0.3, 0.3],
						"0.3": [0.15, 0.15, 0.15]
					},
					"position": {
						"0.2": [0.2, 0.2, 0.45],
						"0.3333": [0.1, 0.1, 0.2]
					}
				},
				"camera": {
					"rotation": {
						"0.0": {
							"post": [2, 0, -7],
							"lerp_mode": "catmullrom"
						},
						"0.0333": {
							"post": [0, 0, 2.5],
							"lerp_mode": "catmullrom"
						},
						"0.0667": {
							"post": [0, 0, -1.325],
							"lerp_mode": "catmullrom"
						},
						"0.1333": {
							"post": [0, 0, 0.325],
							"lerp_mode": "catmullrom"
						},
						"0.2333": {
							"post": [0, 0, -0.25],
							"lerp_mode": "catmullrom"
						},
						"0.3333": {
							"post": [0, 0, 0.15],
							"lerp_mode": "catmullrom"
						},
						"0.4667": {
							"post": [0, 0, -0.05],
							"lerp_mode": "catmullrom"
						},
						"0.6": {
							"post": [0, 0, 0],
							"lerp_mode": "catmullrom"
						},
						"0.8": {
							"post": [0, 0, 0],
							"lerp_mode": "catmullrom"
						}
					}
				},
				"safe": {
					"rotation": {
						"0.0": [0, 0, 0],
						"0.0667": [9, 0, 0],
						"0.1667": [12, 0, 0],
						"0.2333": [0, 0, 0],
						"0.3": [4, 0, 0],
						"0.3667": [0, 0, 0]
					}
				}
			}
		},
		"reload_tactical": {
			"loop": "hold_on_last_frame",
			"animation_length": 2.5333,
			"bones": {
				"left_hand": {
					"rotation": {
						"0.0": [95.33028, 20.86487, 48.80027],
						"0.2": [95.3303, 35.38852, -24.38723],
						"1.9667": [95.3303, 35.38852, -24.38723],
						"2.1667": [95.33028, 20.86487, 48.80027]
					},
					"position": {
						"0.0": [-4.75, -6, -6],
						"0.2": [-4.75, -3.5, -6],
						"1.9667": [-4.75, -3.5, -6],
						"2.1667": [-4.75, -6, -6]
					},
					"scale": [1, 1.2, 1]
				},
				"right_hand": {
					"rotation": {
						"0.0": [91.60673, -15.47712, -39.18258],
						"0.2": [77.08465, -20.24134, -56.8859],
						"0.4333": [77.08465, -20.24134, -56.8859],
						"0.4667": [69.15225, -53.89575, -44.31992],
						"0.6667": {
							"pre": [69.15225, -53.89575, -44.31992],
							"post": [69.15225, -53.89575, -44.31992],
							"lerp_mode": "catmullrom"
						},
						"0.7667": {
							"post": [105.31211, 6.62605, -62.84969],
							"lerp_mode": "catmullrom"
						},
						"1.0": {
							"post": [105.31211, 6.62605, -62.84969],
							"lerp_mode": "catmullrom"
						},
						"1.0333": {
							"post": [105.5767, -16.85709, -71.85035],
							"lerp_mode": "catmullrom"
						},
						"1.4667": {
							"post": [105.5767, -16.85709, -71.85035],
							"lerp_mode": "catmullrom"
						},
						"1.5333": {
							"post": [88.52152, -43.50098, -78.36887],
							"lerp_mode": "catmullrom"
						},
						"1.7333": {
							"post": [86.91949, -76.73577, -76.56344],
							"lerp_mode": "catmullrom"
						},
						"1.7667": [77.08465, -9.24134, -56.8859],
						"1.8333": [77.08465, -4.49134, -56.8859],
						"1.9667": [91.60673, -15.47712, -39.18258]
					},
					"position": {
						"0.0": [4.25, -7, 6.25],
						"0.2": [5.5, -7.75, -2.5],
						"0.4333": [5.5, -7.75, -2.5],
						"0.4667": [5.5, -9, -6],
						"0.6667": [5.5, -9, -6],
						"0.7667": [5.5, -13, 9],
						"1.0": [5.5, -13, 9],
						"1.0333": [5.5, -7.5, 0.5],
						"1.4667": [5.5, -7.5, 0.5],
						"1.5667": [5.5, -13, -9],
						"1.6333": [5.5, -9, -6.75],
						"1.7333": [5.5, -9, -6.75],
						"1.7667": [5.5, -7.75, -2.5],
						"1.8667": [5.5, -7.75, -2.5],
						"1.9667": [4.25, -7, 6.25]
					},
					"scale": [1, 1.2, 1]
				},
				"root": {
					"rotation": {
						"0.0": {
							"post": [0, 0, 0],
							"lerp_mode": "catmullrom"
						},
						"0.2333": {
							"post": [4.48063, 15.1184, 60.19126],
							"lerp_mode": "catmullrom"
						},
						"0.4667": {
							"post": [-2.01937, 15.1184, 62.69126],
							"lerp_mode": "catmullrom"
						},
						"0.5333": {
							"post": [1.855, 19, 77.09],
							"lerp_mode": "catmullrom"
						},
						"0.6": {
							"post": [0.2825, 17.215, 70.89],
							"lerp_mode": "catmullrom"
						},
						"0.7": {
							"post": [0.23, 17.125, 70.5275],
							"lerp_mode": "catmullrom"
						},
						"0.9": {
							"post": [-0.2075, 17.125, 72.965],
							"lerp_mode": "catmullrom"
						},
						"1.0667": {
							"post": [-8.3325, 17.0625, 68.59],
							"lerp_mode": "catmullrom"
						},
						"1.2667": {
							"post": [-8.02, 16.5625, 69.09],
							"lerp_mode": "catmullrom"
						},
						"1.3667": {
							"post": [-6.77, 18.5625, 72.34],
							"lerp_mode": "catmullrom"
						},
						"1.4333": {
							"post": [-0.47, 19.0525, 71.75],
							"lerp_mode": "catmullrom"
						},
						"1.7": {
							"post": [-4.74, 18.6925, 74.7],
							"lerp_mode": "catmullrom"
						},
						"1.7667": {
							"post": [3.48063, 13.4309, 65.19126],
							"lerp_mode": "catmullrom"
						},
						"1.9333": {
							"post": [-1.51937, 16.6184, 65.19126],
							"lerp_mode": "catmullrom"
						},
						"2.0333": {
							"post": [-4.76937, 16.6184, 57.19126],
							"lerp_mode": "catmullrom"
						},
						"2.2": {
							"post": [0, 0, 7.375],
							"lerp_mode": "catmullrom"
						},
						"2.3333": {
							"post": [0.41, 0.475, -0.32],
							"lerp_mode": "catmullrom"
						},
						"2.4667": {
							"post": [0, 0, 0],
							"lerp_mode": "catmullrom"
						}
					},
					"position": {
						"0.0": {
							"post": [0, 0, 0],
							"lerp_mode": "catmullrom"
						},
						"0.1333": {
							"post": [-0.75, -2.05, -0.29],
							"lerp_mode": "catmullrom"
						},
						"0.2": {
							"post": [-0.75, -4, 2],
							"lerp_mode": "catmullrom"
						},
						"0.4": {
							"post": [-0.625, -4, 1],
							"lerp_mode": "catmullrom"
						},
						"0.4667": {
							"post": [-0.365, -4.02, 1.6],
							"lerp_mode": "catmullrom"
						},
						"0.5333": {
							"post": [-0.625, -4.09, 1.11],
							"lerp_mode": "catmullrom"
						},
						"0.7667": {
							"post": [-0.8, -4.14, 1.66],
							"lerp_mode": "catmullrom"
						},
						"1.4333": {
							"post": [-0.8125, -4.27, 1.67],
							"lerp_mode": "catmullrom"
						},
						"1.7": {
							"post": [-0.75, -4, 1.75],
							"lerp_mode": "catmullrom"
						},
						"2.0667": {
							"post": [-1, -3.79, 1.78],
							"lerp_mode": "catmullrom"
						},
						"2.2": {
							"post": [0, -0.25, 0.75],
							"lerp_mode": "catmullrom"
						},
						"2.3": {
							"post": [0.25, 0.25, 0.25],
							"lerp_mode": "catmullrom"
						},
						"2.4": {
							"post": [0, -0.25, 0],
							"lerp_mode": "catmullrom"
						},
						"2.5333": {
							"post": [0, 0, 0],
							"lerp_mode": "catmullrom"
						}
					}
				},
				"lid": {
					"rotation": {
						"0.4333": [0, 0, 0],
						"0.4667": [-60, 0, 0],
						"0.6667": [-60, 0, 0],
						"0.8667": {
							"pre": [-77.25, 0, 0],
							"post": [-77.25, 0, 0],
							"lerp_mode": "catmullrom"
						},
						"1.1333": {
							"post": [-73.17, 0, 0],
							"lerp_mode": "catmullrom"
						},
						"1.4667": {
							"post": [-79, 0, 0],
							"lerp_mode": "catmullrom"
						},
						"1.7333": [-72, 0, 0],
						"1.7667": [0, 0, 0]
					}
				},
				"right_mag": {
					"rotation": {
						"1.0": [0, 0, 0],
						"1.0333": {
							"pre": [0, 0, 0],
							"post": [0, 0, 0],
							"lerp_mode": "catmullrom"
						},
						"1.1333": {
							"post": [-15, 0, 0],
							"lerp_mode": "catmullrom"
						},
						"1.2333": {
							"post": [-15, 0, 0],
							"lerp_mode": "catmullrom"
						},
						"1.2667": [0, 0, 0]
					},
					"position": {
						"1.0": [0, 0, 0],
						"1.0333": {
							"pre": [0, -5.75, 3],
							"post": [0, -5.75, 3],
							"lerp_mode": "catmullrom"
						},
						"1.1": {
							"post": [0, -0.5, -0.25],
							"lerp_mode": "catmullrom"
						},
						"1.2333": {
							"post": [0, -0.5, -0.25],
							"lerp_mode": "catmullrom"
						},
						"1.2667": [0, 0, 0]
					}
				},
				"mag": {
					"position": {
						"0.4333": [0, 0, 0],
						"0.5": [0, -12.75, 3],
						"0.5667": [0, -12.75, 10],
						"1.0": [0, -12.75, 3],
						"1.0333": [0, 0, 0]
					}
				},
				"camera": {
					"rotation": {
						"0.0": {
							"post": [0, 0, 0],
							"lerp_mode": "catmullrom"
						},
						"0.1333": {
							"post": [1.02, 0.28, -0.09],
							"lerp_mode": "catmullrom"
						},
						"0.4": {
							"post": [1.40072, 0.44906, 0.04887],
							"lerp_mode": "catmullrom"
						},
						"0.4667": {
							"post": [1.10701, 0.38443, 1.13978],
							"lerp_mode": "catmullrom"
						},
						"0.5333": {
							"post": [0.37609, 0.22329, -0.82614],
							"lerp_mode": "catmullrom"
						},
						"0.6667": {
							"post": [0.91, 0.39, 0.025],
							"lerp_mode": "catmullrom"
						},
						"0.8333": {
							"post": [1.02506, 0.19994, 0.00698],
							"lerp_mode": "catmullrom"
						},
						"0.9667": {
							"post": [1.3, 0.05, 0.21],
							"lerp_mode": "catmullrom"
						},
						"1.0667": {
							"post": [1.65, 0.02, 0.36],
							"lerp_mode": "catmullrom"
						},
						"1.2333": {
							"post": [1.63, 0.08, 0.31],
							"lerp_mode": "catmullrom"
						},
						"1.3": {
							"post": [0.94, 0.23, 1.05],
							"lerp_mode": "catmullrom"
						},
						"1.3667": {
							"post": [1.20505, 0.18687, -0.38045],
							"lerp_mode": "catmullrom"
						},
						"1.4667": {
							"post": [1.03005, 0.18687, 0.51955],
							"lerp_mode": "catmullrom"
						},
						"1.6667": {
							"post": [1.03005, 0.06187, 0.61955],
							"lerp_mode": "catmullrom"
						},
						"1.7667": {
							"post": [1.03294, 0.14531, 0.49369],
							"lerp_mode": "catmullrom"
						},
						"1.8333": {
							"post": [-0.06, 0.08, 1.51],
							"lerp_mode": "catmullrom"
						},
						"1.9333": {
							"post": [0.65, 0.03, 0.17],
							"lerp_mode": "catmullrom"
						},
						"2.0333": {
							"post": [0.2, 0, 0.35],
							"lerp_mode": "catmullrom"
						},
						"2.1667": [0.1, 0, -0.1],
						"2.3": [-0.075, 0, -0.01875],
						"2.5": [0, 0, 0]
					}
				},
				"constraint": {
					"rotation": {
						"2.2667": [0.5, 0.5, 0.75],
						"2.4": [0.15, 0.15, 0.15]
					},
					"position": {
						"2.2667": [0.6, 0.5, 0.5],
						"2.4": [0.1, 0.1, 0.2]
					}
				}
			},
			"sound_effects": {
				"0.0": {
					"effect": "bf1:rsc/magout"
				},
				"1.2": {
					"effect": "bf1:rsc/magin"
				}
			}
		},
		"reload_empty": {
			"loop": "hold_on_last_frame",
			"animation_length": 3.2333,
			"bones": {
				"left_hand": {
					"rotation": {
						"0.0": [95.33028, 20.86487, 48.80027],
						"0.2": [95.3303, 35.38852, -24.38723],
						"2.6667": [95.3303, 35.38852, -24.38723],
						"2.8667": [95.33028, 20.86487, 48.80027]
					},
					"position": {
						"0.0": [-4.75, -6, -6],
						"0.2": [-4.75, -3.5, -6],
						"2.6667": [-4.75, -3.5, -6],
						"2.8667": [-4.75, -6, -6]
					},
					"scale": [1, 1.2, 1]
				},
				"right_hand": {
					"rotation": {
						"0.0": [91.60673, -15.47712, -39.18258],
						"0.2": [77.08465, -20.24134, -56.8859],
						"0.4333": [77.08465, -20.24134, -56.8859],
						"0.4667": [69.15225, -53.89575, -44.31992],
						"0.6667": {
							"pre": [69.15225, -53.89575, -44.31992],
							"post": [69.15225, -53.89575, -44.31992],
							"lerp_mode": "catmullrom"
						},
						"0.7667": {
							"post": [105.31211, 6.62605, -62.84969],
							"lerp_mode": "catmullrom"
						},
						"1.0": {
							"post": [105.31211, 6.62605, -62.84969],
							"lerp_mode": "catmullrom"
						},
						"1.0333": {
							"post": [105.5767, -16.85709, -71.85035],
							"lerp_mode": "catmullrom"
						},
						"1.4667": {
							"post": [105.5767, -16.85709, -71.85035],
							"lerp_mode": "catmullrom"
						},
						"1.5333": {
							"post": [88.52152, -43.50098, -78.36887],
							"lerp_mode": "catmullrom"
						},
						"1.7333": {
							"post": [86.91949, -76.73577, -76.56344],
							"lerp_mode": "catmullrom"
						},
						"1.7667": [77.08465, -9.24134, -56.8859],
						"1.8667": [77.08465, -4.49134, -57.8859],
						"2.0667": [78.99419, 5.43637, 2.39147],
						"2.1333": [78.99419, 5.43637, 2.39147],
						"2.4": [78.99419, 5.43637, 2.39147],
						"2.8333": [91.60673, -15.47712, -39.18258]
					},
					"position": {
						"0.0": [4.25, -7, 6.25],
						"0.2": [5.5, -7.75, -2.5],
						"0.4333": [5.5, -7.75, -2.5],
						"0.4667": [5.5, -9, -6],
						"0.6667": [5.5, -9, -6],
						"0.7667": [5.5, -13, 9],
						"1.0": [5.5, -13, 9],
						"1.0333": [5.5, -7.5, 0.5],
						"1.4667": [5.5, -7.5, 0.5],
						"1.5667": [5.5, -13, -9],
						"1.6333": [5.5, -9, -6.75],
						"1.7333": [5.5, -9, -6.75],
						"1.7667": [5.5, -7.75, -2.5],
						"1.9": [5.5, -7.75, -2.5],
						"1.9667": [3.42, -6.55, -0.01],
						"2.0333": [2.79, -3.62, 5.21],
						"2.1333": [2.79, -3.62, 5.21],
						"2.2333": [2.73, -3.76, 7.09],
						"2.3667": {
							"pre": [2.6125, -4, 7.41],
							"post": [2.6125, -4, 7.41],
							"lerp_mode": "catmullrom"
						},
						"2.4333": {
							"post": [2.55, -5.75, 10.16],
							"lerp_mode": "catmullrom"
						},
						"2.6": {
							"post": [3.11, -6.29, 10.83],
							"lerp_mode": "catmullrom"
						},
						"2.8333": [4.25, -7, 6.25]
					},
					"scale": [1, 1.2, 1]
				},
				"root": {
					"rotation": {
						"0.0": {
							"post": [0, 0, 0],
							"lerp_mode": "catmullrom"
						},
						"0.2333": {
							"post": [4.48063, 15.1184, 60.19126],
							"lerp_mode": "catmullrom"
						},
						"0.4667": {
							"post": [-2.01937, 15.1184, 62.69126],
							"lerp_mode": "catmullrom"
						},
						"0.5333": {
							"post": [1.855, 19, 77.09],
							"lerp_mode": "catmullrom"
						},
						"0.6": {
							"post": [0.2825, 17.215, 70.89],
							"lerp_mode": "catmullrom"
						},
						"0.7": {
							"post": [0.23, 17.125, 70.5275],
							"lerp_mode": "catmullrom"
						},
						"0.9": {
							"post": [-0.2075, 17.125, 72.965],
							"lerp_mode": "catmullrom"
						},
						"1.0667": {
							"post": [-8.3325, 17.0625, 68.59],
							"lerp_mode": "catmullrom"
						},
						"1.2667": {
							"post": [-8.02, 16.5625, 69.09],
							"lerp_mode": "catmullrom"
						},
						"1.3667": {
							"post": [-6.77, 18.5625, 72.34],
							"lerp_mode": "catmullrom"
						},
						"1.4333": {
							"post": [-0.47, 19.0525, 71.75],
							"lerp_mode": "catmullrom"
						},
						"1.7": {
							"post": [-4.74, 21.88, 74.7],
							"lerp_mode": "catmullrom"
						},
						"1.7667": {
							"post": [3.48063, 16.6184, 65.19126],
							"lerp_mode": "catmullrom"
						},
						"2.1": {
							"post": [2, 16.26, 71.75],
							"lerp_mode": "catmullrom"
						},
						"2.4667": {
							"post": [3.05, 16.58, 72.8],
							"lerp_mode": "catmullrom"
						},
						"2.5333": {
							"post": [2.73063, 12.1184, 71.94126],
							"lerp_mode": "catmullrom"
						},
						"2.7": {
							"post": [-4.76937, 11.1184, 64.69126],
							"lerp_mode": "catmullrom"
						},
						"2.8667": {
							"post": [0, 0, 7.375],
							"lerp_mode": "catmullrom"
						},
						"3.0": {
							"post": [0.41, 0.475, -0.32],
							"lerp_mode": "catmullrom"
						},
						"3.1333": {
							"post": [0, 0, 0],
							"lerp_mode": "catmullrom"
						}
					},
					"position": {
						"0.0": {
							"post": [0, 0, 0],
							"lerp_mode": "catmullrom"
						},
						"0.1333": {
							"post": [-0.75, -2.05, -0.29],
							"lerp_mode": "catmullrom"
						},
						"0.2": {
							"post": [-0.75, -4, 2],
							"lerp_mode": "catmullrom"
						},
						"0.4": {
							"post": [-0.625, -4, 1],
							"lerp_mode": "catmullrom"
						},
						"0.4667": {
							"post": [-0.365, -4.02, 1.6],
							"lerp_mode": "catmullrom"
						},
						"0.5333": {
							"post": [-0.625, -4.09, 1.11],
							"lerp_mode": "catmullrom"
						},
						"0.7667": {
							"post": [-0.8, -4.14, 1.66],
							"lerp_mode": "catmullrom"
						},
						"1.4333": {
							"post": [-0.8125, -4.27, 1.67],
							"lerp_mode": "catmullrom"
						},
						"1.7": {
							"post": [-1, -4, 2],
							"lerp_mode": "catmullrom"
						},
						"2.1": {
							"post": [-1.05, -4.08, 1.13],
							"lerp_mode": "catmullrom"
						},
						"2.2": {
							"post": [-1.06, -4.34, 3.84],
							"lerp_mode": "catmullrom"
						},
						"2.4667": {
							"post": [-1.06, -4.34, 3.84],
							"lerp_mode": "catmullrom"
						},
						"2.5": {
							"post": [-1.05, -4.08, 0.88],
							"lerp_mode": "catmullrom"
						},
						"2.7333": {
							"post": [-1, -3.79, 0.78],
							"lerp_mode": "catmullrom"
						},
						"2.8667": {
							"post": [0, -0.25, 0.75],
							"lerp_mode": "catmullrom"
						},
						"2.9667": {
							"post": [0.25, 0.25, 0.25],
							"lerp_mode": "catmullrom"
						},
						"3.0667": {
							"post": [0, -0.25, 0],
							"lerp_mode": "catmullrom"
						},
						"3.2": {
							"post": [0, 0, 0],
							"lerp_mode": "catmullrom"
						}
					}
				},
				"lid": {
					"rotation": {
						"0.4333": [0, 0, 0],
						"0.4667": [-60, 0, 0],
						"0.6667": [-60, 0, 0],
						"0.8667": {
							"pre": [-77.25, 0, 0],
							"post": [-77.25, 0, 0],
							"lerp_mode": "catmullrom"
						},
						"1.1333": {
							"post": [-73.17, 0, 0],
							"lerp_mode": "catmullrom"
						},
						"1.4667": {
							"post": [-79, 0, 0],
							"lerp_mode": "catmullrom"
						},
						"1.7333": [-72, 0, 0],
						"1.7667": [0, 0, 0]
					}
				},
				"right_mag": {
					"rotation": {
						"1.0": [0, 0, 0],
						"1.0333": {
							"pre": [0, 0, 0],
							"post": [0, 0, 0],
							"lerp_mode": "catmullrom"
						},
						"1.1333": {
							"post": [-15, 0, 0],
							"lerp_mode": "catmullrom"
						},
						"1.2333": {
							"post": [-15, 0, 0],
							"lerp_mode": "catmullrom"
						},
						"1.2667": [0, 0, 0]
					},
					"position": {
						"1.0": [0, 0, 0],
						"1.0333": {
							"pre": [0, -5.75, 3],
							"post": [0, -5.75, 3],
							"lerp_mode": "catmullrom"
						},
						"1.1": {
							"post": [0, -0.5, -0.25],
							"lerp_mode": "catmullrom"
						},
						"1.2333": {
							"post": [0, -0.5, -0.25],
							"lerp_mode": "catmullrom"
						},
						"1.2667": [0, 0, 0]
					}
				},
				"mag": {
					"position": {
						"0.4333": [0, 0, 0],
						"0.5": [0, -12.75, 3],
						"0.5667": [0, -12.75, 10],
						"1.0": [0, -12.75, 3],
						"1.0333": [0, 0, 0]
					}
				},
				"bolt": {
					"position": {
						"0.0": [0, 0, 5],
						"2.1667": [0, 0, 5],
						"2.2": [0, 0, 5.5],
						"2.4": [0, 0, 5.5],
						"2.4333": [0, 0, 0]
					}
				},
				"bullet1": {
					"position": {
						"2.4": [0, 0, 0],
						"2.4333": [0, 0.5, -3.25]
					}
				},
				"bullet": {
					"scale": {
						"1.0": {
							"pre": [0, 0, 0],
							"post": [1, 1, 1]
						}
					}
				},
				"camera": {
					"rotation": {
						"0.0": {
							"post": [0, 0, 0],
							"lerp_mode": "catmullrom"
						},
						"0.1333": {
							"post": [1.02, 0.28, -0.09],
							"lerp_mode": "catmullrom"
						},
						"0.4": {
							"post": [1.40072, 0.44906, 0.04887],
							"lerp_mode": "catmullrom"
						},
						"0.4667": {
							"post": [1.10701, 0.38443, 1.13978],
							"lerp_mode": "catmullrom"
						},
						"0.5333": {
							"post": [0.37609, 0.22329, -0.82614],
							"lerp_mode": "catmullrom"
						},
						"0.6667": {
							"post": [0.91, 0.39, 0.025],
							"lerp_mode": "catmullrom"
						},
						"0.8333": {
							"post": [1.02506, 0.19994, 0.00698],
							"lerp_mode": "catmullrom"
						},
						"0.9667": {
							"post": [1.3, 0.05, 0.21],
							"lerp_mode": "catmullrom"
						},
						"1.0667": {
							"post": [1.65, 0.02, 0.36],
							"lerp_mode": "catmullrom"
						},
						"1.2333": {
							"post": [1.63, 0.08, 0.31],
							"lerp_mode": "catmullrom"
						},
						"1.3": {
							"post": [0.94, 0.23, 1.05],
							"lerp_mode": "catmullrom"
						},
						"1.3667": {
							"post": [1.20505, 0.18687, -0.38045],
							"lerp_mode": "catmullrom"
						},
						"1.4667": {
							"post": [1.03005, 0.18687, 0.51955],
							"lerp_mode": "catmullrom"
						},
						"1.6667": {
							"post": [1.03005, 0.06187, 0.61955],
							"lerp_mode": "catmullrom"
						},
						"1.7667": {
							"post": [1.03294, 0.14531, 0.49369],
							"lerp_mode": "catmullrom"
						},
						"1.8333": {
							"post": [-0.06, 0.08, 1.51],
							"lerp_mode": "catmullrom"
						},
						"1.9333": {
							"post": [0.65, 0.03, 0.17],
							"lerp_mode": "catmullrom"
						},
						"2.1": {
							"post": [0.7, 0, 0.35],
							"lerp_mode": "catmullrom"
						},
						"2.2": {
							"post": [2.4, 0.02, 0.48],
							"lerp_mode": "catmullrom"
						},
						"2.4": {
							"post": [2.78005, 0.06187, 0.61955],
							"lerp_mode": "catmullrom"
						},
						"2.4667": {
							"post": [-0.34206, 0.14531, -0.75631],
							"lerp_mode": "catmullrom"
						},
						"2.5333": {
							"post": [0.065, 0.08, 1.26],
							"lerp_mode": "catmullrom"
						},
						"2.6333": {
							"post": [-0.1, 0.03, 0.17],
							"lerp_mode": "catmullrom"
						},
						"2.7333": {
							"post": [0.2, 0, 0.35],
							"lerp_mode": "catmullrom"
						},
						"2.8667": [-0.15, 0, -0.1],
						"3.0": [-0.075, 0, -0.01875],
						"3.2": [0, 0, 0]
					}
				},
				"constraint": {
					"rotation": {
						"2.8": [0.5, 0.5, 0.75],
						"2.9333": [0.15, 0.15, 0.15]
					},
					"position": {
						"2.8": [0.6, 0.5, 0.5],
						"2.9333": [0.1, 0.1, 0.2]
					}
				}
			},
			"sound_effects": {
				"0.0": {
					"effect": "bf1:rsc/magout"
				},
				"1.2": {
					"effect": "bf1:rsc/magin"
				},
				"2.1": {
					"effect": "bf1:rsc/bolt"
				}
			}
		},
		"inspect": {
			"animation_length": 7.35,
			"bones": {
				"root": {
					"rotation": {
						"0.0": [0, 0, 0],
						"0.05": [-5.79, 0.13, 1.95],
						"0.15": [-17.59, -10.78, -12.86],
						"0.25": [-25.6, -24.52, -35.41],
						"0.3": [-27.59976, -27.22756, -41.19159],
						"0.35": [-29.18247, -28.58725, -44.21775],
						"0.4": [-31.13848, -27.68974, -42.19082],
						"0.5": [-30.66598, -28.14222, -43.20004],
						"0.6": [-31.42, -28.14, -43.2],
						"0.7": [-32.01, -27.44, -41.92],
						"0.9": [-31.74, -28, -42.94],
						"1.0": [-31.76, -28.22, -43.36],
						"1.5": [-31.20393, -28.6466, -44.18009],
						"1.55": [-29.85, -30.65, -48.19],
						"1.65": [-29.18045, -31.65513, -50.18764],
						"1.8": [-29.71221, -31.16351, -49.16731],
						"1.95": [-29.71, -31.16, -49.17],
						"2.2": [-29.1733, -31.63628, -50.20015],
						"2.3": [-28.77, -30.86, -48.82],
						"2.4": [-27.89, -26.22, -40.22],
						"2.45": [-26.12, -16.94, -23.01],
						"2.5": [-27.22851, -1.49811, 6.49643],
						"2.65": [-27.64133, 24.07175, 55.7761],
						"2.8": [-27.55942, 24.18741, 56.01913],
						"2.9": [-26.63512, 25.213, 58.2211],
						"3.1": [-27.05095, 24.76144, 57.23672],
						"3.3": [-27.18, 24.27, 56.94],
						"3.5": [-27.3, 24.11, 56.64],
						"3.75": [-27.43825, 24.30227, 56.26287],
						"3.85": [-27.13612, 27.9047, 59.22256],
						"4.05": [-27.60586, 27.4605, 58.21082],
						"4.35": [-27.25, 27.82, 58.99],
						"4.55": [-27.1, 27.74, 59.31],
						"4.7": [-26.95, 27.21, 59.62],
						"4.8": [-26.5, 25.14, 57.6],
						"4.9": [-25.69, 21.35, 53.37],
						"5.0": [-27.3, 13.08, 39.44],
						"5.1": [-30.53, 10.74, 32.31],
						"5.15": [-30.94706, 10.98543, 32.75438],
						"5.25": [-32.11241, 10.47449, 31.87786],
						"5.3": [-33.79104, 11.14807, 29.27743],
						"5.35": [-34.94, 11.26, 29.51],
						"5.4": [-36.3637, 11.18323, 28.25743],
						"5.45": [-37.46, 12.29, 28.65],
						"5.55": [-39.65041, 13.56235, 29.2856],
						"5.75": [-38.85, 13.56, 29.29],
						"5.9": [-38.69, 13.42, 29.11],
						"6.2": [-38.66, 13.54, 29.26],
						"6.3": [-38.57593, 8.44932, 24.30995],
						"6.4": [-39.97836, 13.71543, 27.77033],
						"6.5": [-41.26, 12.28, 24.97],
						"6.6": [-41.36, 12.15, 24.48],
						"6.7": [-33.33, 7.37, 22.29],
						"6.8": [-17.16969, -2.07286, 18.42359],
						"6.9": [9.41515, -1.03643, 9.2118],
						"7.0": [1.9612, -0.55625, 7.98076],
						"7.05": [0.66898, -0.48139, 1.31942],
						"7.15": [-1.00521, -0.46117, 2.73757],
						"7.3": [0, 0, 0]
					},
					"position": {
						"0.0": [0, 0, 0],
						"0.1": [-0.07, 0.13, 0],
						"0.15": [-0.13, 0.5, 0],
						"0.25": [-0.51, 0.57, 0],
						"0.35": {
							"pre": [-0.8, 0.4, 0],
							"post": [-0.8, 0.4, 0],
							"lerp_mode": "catmullrom"
						},
						"0.45": {
							"post": [-1, 0, 0],
							"lerp_mode": "catmullrom"
						},
						"0.55": {
							"post": [-1, -0.275, 0],
							"lerp_mode": "catmullrom"
						},
						"0.65": {
							"post": [-1, -0.205, 0],
							"lerp_mode": "catmullrom"
						},
						"0.75": {
							"post": [-1, -0.02, 0],
							"lerp_mode": "catmullrom"
						},
						"0.85": {
							"post": [-1, 0.18, 0],
							"lerp_mode": "catmullrom"
						},
						"1.0": [-1, 0.27, 0],
						"1.25": [-1, 0.215, 0],
						"1.5": [-1, 0, 0],
						"1.6": {
							"pre": [-1, 0, 0],
							"post": [-1, 0, 0],
							"lerp_mode": "catmullrom"
						},
						"1.95": {
							"post": [-1, 0.215, 0],
							"lerp_mode": "catmullrom"
						},
						"2.05": {
							"post": [-1, 0.4, 0],
							"lerp_mode": "catmullrom"
						},
						"2.25": [-1, 0.4, 0],
						"2.35": [-0.91, -0.07, 0],
						"2.45": [0.05, -1.15, 0],
						"2.6": [1.85, -1.4, 0],
						"2.75": {
							"pre": [2.5, -0.8, 0],
							"post": [2.5, -0.8, 0],
							"lerp_mode": "catmullrom"
						},
						"2.85": {
							"post": [2.5, -0.575, -0.1],
							"lerp_mode": "catmullrom"
						},
						"3.0": {
							"post": [2.5, -0.44, -0.1],
							"lerp_mode": "catmullrom"
						},
						"3.2": {
							"post": [2.5, -0.48, -0.1],
							"lerp_mode": "catmullrom"
						},
						"3.75": [2.5, -0.5, -0.1],
						"3.95": [2.5, -0.275, -0.1],
						"4.35": [2.5, -0.12, -0.1],
						"4.55": [2.5, -0.055, -0.1],
						"4.8": [2.5, -0.2, -0.1],
						"4.95": [2.5, -1.1, 1.1],
						"5.2": [2.5, -3.4, 1.5],
						"5.35": [2.5, -3.5, 1.5],
						"5.4": [2.5, -3.53, 1.6],
						"5.5": [2.5, -3.9, 2.1],
						"5.65": [2.5, -3.74, 2.1],
						"5.75": [2.5, -3.5, 2.1],
						"5.85": [2.5, -3.43, 2.1],
						"6.0": [2.5, -3.39, 2.1],
						"6.15": [2.5, -3.37, 2.1],
						"6.3": [2.5, -3.39, 2.1],
						"6.35": [2.5, -2.9, 1.4],
						"6.45": [2.5, -3.53125, 1.9],
						"6.55": [2.5, -3.62, 1.9],
						"6.65": [2.5, -3.295, 1.9],
						"6.75": {
							"pre": [2.5, -3.045, 1.9],
							"post": [2.5, -3.045, 1.9],
							"lerp_mode": "catmullrom"
						},
						"6.85": {
							"post": [2.08, -3.52, 1.58],
							"lerp_mode": "catmullrom"
						},
						"6.95": {
							"post": [1.25, -2.8, 0.95],
							"lerp_mode": "catmullrom"
						},
						"7.0": [0, -1, -0.8],
						"7.1": [0, -0.5, 0.62],
						"7.2": [0, -0.2, -0.17],
						"7.35": [0, 0, 0]
					}
				},
				"safe": {
					"rotation": {
						"0.0": [0, 0, 0],
						"0.4": [3, 0, 0],
						"0.55": [-3, 0, 0],
						"0.7": [1.5, 0, 0],
						"0.85": [-1, 0, 0],
						"1.0": [0, 0, 0]
					}
				},
				"bolt": {
					"position": {
						"5.25": [0, 0, 0],
						"5.35": [0, 0, 0.6],
						"5.5": [0, 0, 3.1],
						"5.65": [0, 0, 3.4],
						"6.2": [0, 0, 3.4],
						"6.25": [0, 0, 0]
					}
				},
				"left_hand": {
					"rotation": {
						"0.0": [95.33028, 20.86487, 48.80027],
						"2.25": [95.33028, 20.86487, 48.80027],
						"2.45": [101.0177, 23.07635, -17.22797],
						"4.8": [101.0177, 23.07635, -17.22797],
						"5.1": [117.83028, 20.86487, 48.80027],
						"6.6": [117.83028, 20.86487, 48.80027],
						"6.85": [95.33028, 20.86487, 48.80027]
					},
					"position": {
						"0.0": [-4.75, -6, -6],
						"0.25": [0.25, -25, 11],
						"2.45": [0.25, -25, 11],
						"2.6": [-3.75, -4.25, -2.75],
						"4.85": [-3.75, -4.25, -2.75],
						"5.05": [-4.75, -6, -6],
						"6.55": [-4.75, -6, -6],
						"6.85": [-4.75, -6, -6]
					},
					"scale": [1, 1.2, 1]
				},
				"right_hand": {
					"rotation": {
						"0.0": [91.60673, -15.47712, -39.18258],
						"4.95": [91.60673, -15.47712, -39.18258],
						"5.1": [66.67244, -13.18873, -0.49985],
						"5.25": [66.67244, -13.18873, -0.49985],
						"5.5": [54.17244, -13.18873, -0.49985],
						"5.65": [54.17244, -13.18873, -0.49985],
						"6.2": [54.17244, -13.18873, -0.49985],
						"6.25": [78.99419, 5.43637, 2.39147],
						"6.65": [91.60673, -15.47712, -39.18258]
					},
					"position": {
						"0.0": [4.25, -7, 6.25],
						"4.95": [4.25, -7, 6.25],
						"5.1": [3.25, -4, 1.75],
						"5.25": [3.25, -4, 1.75],
						"5.35": [3.25, -4, 2.45],
						"5.5": [3.25, -4, 4.5625],
						"5.65": [3.25, -4, 5],
						"6.2": [3.25, -4, 4.75],
						"6.3": {
							"pre": [2.55, -5.75, 10.16],
							"post": [2.55, -5.75, 10.16],
							"lerp_mode": "catmullrom"
						},
						"6.45": {
							"post": [3.2, -6.39, 9.93],
							"lerp_mode": "catmullrom"
						},
						"6.65": [4.25, -7, 6.25]
					},
					"scale": [1, 1.2, 1]
				},
				"bullet1": {
					"position": {
						"5.25": [0, 0.5, -2.75],
						"5.5": [0, 0.5, -0.5],
						"5.65": [0, 0.5, -0.25],
						"6.2": [0, 0.5, -0.25],
						"6.25": [0, 0.5, -2.75]
					}
				},
				"camera": {
					"rotation": {
						"0.0": {
							"post": [0, 0, 0],
							"lerp_mode": "catmullrom"
						},
						"0.1": {
							"post": [2.38, 1.14, 0],
							"lerp_mode": "catmullrom"
						},
						"0.2": {
							"post": [2.43, 2.29, 0],
							"lerp_mode": "catmullrom"
						},
						"0.3": {
							"post": [1.29, 2.86, 0],
							"lerp_mode": "catmullrom"
						},
						"0.4": {
							"post": [-1, 4, 0],
							"lerp_mode": "catmullrom"
						},
						"0.6": {
							"post": [-2.00275, 4.99939, -0.03503],
							"lerp_mode": "catmullrom"
						},
						"0.9": {
							"post": [-1.25, 5, -0.04],
							"lerp_mode": "catmullrom"
						},
						"1.2": {
							"post": [-1.53, 5.54, -0.05],
							"lerp_mode": "catmullrom"
						},
						"1.4": {
							"post": [-1.9, 5.77, -0.05],
							"lerp_mode": "catmullrom"
						},
						"1.7": {
							"post": [-2.6, 6, -0.05],
							"lerp_mode": "catmullrom"
						},
						"1.9": {
							"post": [-2.45, 6, -0.05],
							"lerp_mode": "catmullrom"
						},
						"2.1": {
							"post": [-2.62, 6, -0.05],
							"lerp_mode": "catmullrom"
						},
						"2.25": {
							"post": [-3, 6, -0.05],
							"lerp_mode": "catmullrom"
						},
						"2.4": {
							"post": [-0.74, 3.75, 0.02],
							"lerp_mode": "catmullrom"
						},
						"2.5": {
							"post": [0.26, 2.75, 0.06],
							"lerp_mode": "catmullrom"
						},
						"2.6": {
							"post": [0.76, 2.25, 0.08],
							"lerp_mode": "catmullrom"
						},
						"2.8": {
							"post": [1.76, 1.75, 0.08],
							"lerp_mode": "catmullrom"
						},
						"2.9": {
							"post": [1.47, 1.75, 0.08],
							"lerp_mode": "catmullrom"
						},
						"3.0": {
							"post": [1.4, 1.75, 0.08],
							"lerp_mode": "catmullrom"
						},
						"3.15": {
							"post": [1.32, 1.75, 0.08],
							"lerp_mode": "catmullrom"
						},
						"3.35": {
							"post": [1.06, 1.75, 0.08],
							"lerp_mode": "catmullrom"
						},
						"3.7": {
							"post": [0.36, 1.75, 0.08],
							"lerp_mode": "catmullrom"
						},
						"3.8": {
							"post": [0.04, 1.75, 0.08],
							"lerp_mode": "catmullrom"
						},
						"3.9": {
							"post": [-0.41, 1.75, 0.08],
							"lerp_mode": "catmullrom"
						},
						"4.05": {
							"post": [-0.82, 1.75, 0.08],
							"lerp_mode": "catmullrom"
						},
						"4.4": {
							"post": [-0.77, 1.75, 0.08],
							"lerp_mode": "catmullrom"
						},
						"4.6": {
							"post": [-0.75, 1.75, 0.08],
							"lerp_mode": "catmullrom"
						},
						"4.8": {
							"post": [-0.74, 1.75, 0.08],
							"lerp_mode": "catmullrom"
						},
						"4.95": {
							"post": [2.84, 1.75, 0.08],
							"lerp_mode": "catmullrom"
						},
						"5.05": {
							"post": [3.88, 1.75, 0.08],
							"lerp_mode": "catmullrom"
						},
						"5.25": {
							"post": [3.26, 1.75, 0.08],
							"lerp_mode": "catmullrom"
						},
						"5.4": {
							"post": [4.86, 1.75, 0.08],
							"lerp_mode": "catmullrom"
						},
						"5.5": {
							"post": [5.26, 1.75, 0.08],
							"lerp_mode": "catmullrom"
						},
						"5.75": {
							"post": [4.56, 1.75, 0.08],
							"lerp_mode": "catmullrom"
						},
						"5.95": {
							"post": [4.32, 1.75, 0.08],
							"lerp_mode": "catmullrom"
						},
						"6.1": {
							"post": [4.26, 1.75, 0.08],
							"lerp_mode": "catmullrom"
						},
						"6.25": {
							"post": [4.26, 1.75, 0.08],
							"lerp_mode": "catmullrom"
						},
						"6.3": {
							"post": [3.52463, 1.62011, 2.27707],
							"lerp_mode": "catmullrom"
						},
						"6.35": {
							"post": [2.65708, 1.73641, -0.02095],
							"lerp_mode": "catmullrom"
						},
						"6.45": {
							"post": [1.47363, 1.72336, 0.52936],
							"lerp_mode": "catmullrom"
						},
						"6.55": {
							"post": [0.29018, 1.7103, 1.07967],
							"lerp_mode": "catmullrom"
						},
						"6.7": {
							"post": [1.29018, 1.7103, 1.07967],
							"lerp_mode": "catmullrom"
						},
						"6.8": {
							"post": [2.13, 1.06, 0.67],
							"lerp_mode": "catmullrom"
						},
						"6.9": {
							"post": [1.91, 0.55, 0.35],
							"lerp_mode": "catmullrom"
						},
						"7.05": {
							"post": [-1, 0, 0],
							"lerp_mode": "catmullrom"
						},
						"7.15": {
							"post": [0.4, 0, 0],
							"lerp_mode": "catmullrom"
						},
						"7.3": {
							"post": [0, 0, 0],
							"lerp_mode": "catmullrom"
						}
					}
				}
			}
		},
		"run_start": {
			"loop": "hold_on_last_frame",
			"animation_length": 1,
			"bones": {
				"root": {
					"rotation": {
						"0.0": {
							"post": [0, 0, 0],
							"lerp_mode": "catmullrom"
						},
						"0.4583": {
							"post": [-5.14732, -1.875, 11.29624],
							"lerp_mode": "catmullrom"
						},
						"0.75": {
							"post": [-2.08482, -0.225, 14.29624],
							"lerp_mode": "catmullrom"
						},
						"0.875": {
							"post": [-13.75, -18.21, 8.96],
							"lerp_mode": "catmullrom"
						},
						"1.0": {
							"post": [-33.25, -33.36, 28.82],
							"lerp_mode": "catmullrom"
						}
					},
					"position": {
						"0.0": {
							"post": [0, 0, 0],
							"lerp_mode": "catmullrom"
						},
						"0.1667": {
							"post": [-0.18195, -2.5, 0.5],
							"lerp_mode": "catmullrom"
						},
						"0.3333": {
							"post": [-1.15759, -2.625, 1.5],
							"lerp_mode": "catmullrom"
						},
						"0.4583": {
							"post": [-1.90328, -3.625, 1.5],
							"lerp_mode": "catmullrom"
						},
						"0.625": {
							"post": [-2.47217, -3.6725, 1.55],
							"lerp_mode": "catmullrom"
						},
						"0.7917": {
							"post": [-3.03755, -4.75, 1.5],
							"lerp_mode": "catmullrom"
						},
						"0.9167": {
							"post": [-3.06, -4.14, 0.33],
							"lerp_mode": "catmullrom"
						},
						"1.0": {
							"post": [-3.16, -5, -0.47],
							"lerp_mode": "catmullrom"
						}
					}
				}
			}
		}
	}
}