{
	"format_version": "1.8.0",
	"animations": {
		"static_idle": {
			"loop": true,
			"bones": {
				"constraint": {
					"rotation": [0.2, 0.2, 0.2],
					"position": [0.2, 0.2, 0.2]
				},
				"right_hand": {
					"rotation": [84.48946, -9.37989, -27.16296],
					"position": [4.5, -6.5, 5],
					"scale": [1, 1.25, 1]
				},
				"left_hand": {
					"rotation": [101.06503, 23.36895, 52.98296],
					"position": [-4.5, -5.5, -11.5],
					"scale": [1, 1.25, 1]
				}
			}
		},
		"static_bolt_caught": {
			"loop": true,
			"bones": {
				"bolt": {
					"position": [0, 0, 4]
				}
			}
		},
		"shoot": {
			"loop": "hold_on_last_frame",
			"animation_length": 1.0667,
			"bones": {
				"root": {
					"rotation": {
						"0.0": {
							"post": [0, 0, 0.61991],
							"lerp_mode": "catmullrom"
						},
						"0.0333": {
							"post": [0.49577, 4.50675, 8.8737],
							"lerp_mode": "catmullrom"
						},
						"0.0667": {
							"post": [-2.30262, -1.275, -5.90517],
							"lerp_mode": "catmullrom"
						},
						"0.1": {
							"post": [-2.52211, -0.38781, 3.79444],
							"lerp_mode": "catmullrom"
						},
						"0.1667": {
							"post": [-2.55982, 0.37272, 3.83882],
							"lerp_mode": "catmullrom"
						},
						"0.2333": {
							"post": [-1.63087, -0.54461, -0.75935],
							"lerp_mode": "catmullrom"
						},
						"0.3333": {
							"post": [-0.00993, 0.10505, -0.82867],
							"lerp_mode": "catmullrom"
						},
						"0.4667": {
							"post": [-0.16082, -0.03253, 0.20888],
							"lerp_mode": "catmullrom"
						},
						"0.6333": {
							"post": [-0.0304, -0.0115, -0.28187],
							"lerp_mode": "catmullrom"
						},
						"0.8": {
							"post": [-0.07145, 0.01634, -0.04605],
							"lerp_mode": "catmullrom"
						},
						"1.0667": {
							"post": [0, 0, 0],
							"lerp_mode": "catmullrom"
						}
					},
					"position": {
						"0.0": {
							"post": [0, 0, 0],
							"lerp_mode": "catmullrom"
						},
						"0.0333": {
							"post": [0, -0.125, 1.9906],
							"lerp_mode": "catmullrom"
						},
						"0.1": {
							"post": [0, 0.10856, 2.2583],
							"lerp_mode": "catmullrom"
						},
						"0.1667": {
							"post": [-0.125, 0.17594, 1.47016],
							"lerp_mode": "catmullrom"
						},
						"0.2333": {
							"post": [-0.075, 0.16019, -0.00352],
							"lerp_mode": "catmullrom"
						},
						"0.3": {
							"post": [0, 0.05781, -0.25797],
							"lerp_mode": "catmullrom"
						},
						"0.3667": {
							"post": [0, -0.02817, -0.23873],
							"lerp_mode": "catmullrom"
						},
						"0.5": {
							"post": [0, -0.02187, 0.09344],
							"lerp_mode": "catmullrom"
						},
						"0.6667": {
							"post": [0, 0.01068, -0.06036],
							"lerp_mode": "catmullrom"
						},
						"0.8333": {
							"post": [0.00003, -0.02397, 0.00823],
							"lerp_mode": "catmullrom"
						},
						"1.0667": {
							"post": [0, 0, 0],
							"lerp_mode": "catmullrom"
						}
					}
				},
				"constraint": {
					"rotation": {
						"0.6667": [0.3, 0.3, 0.3],
						"1.0667": [0.15, 0.15, 0.15]
					},
					"position": {
						"0.6667": [0.25, 0.25, 0.625],
						"1.0667": [0.15, 0.15, 0.2]
					}
				},
				"camera": {
					"rotation": {
						"0.0": {
							"post": [1.5, 0, -7.5],
							"lerp_mode": "catmullrom"
						},
						"0.0333": {
							"post": [-3, 0, 3],
							"lerp_mode": "catmullrom"
						},
						"0.0667": {
							"post": [0, 0, -1.5],
							"lerp_mode": "catmullrom"
						},
						"0.1": {
							"post": [0, 0, 0.5],
							"lerp_mode": "catmullrom"
						},
						"0.1667": {
							"post": [0, 0, -0.3],
							"lerp_mode": "catmullrom"
						},
						"0.2333": {
							"post": [0, 0, 0.1875],
							"lerp_mode": "catmullrom"
						},
						"0.3333": {
							"post": [0, 0, -0.159],
							"lerp_mode": "catmullrom"
						},
						"0.4667": {
							"post": [0.0075, 0, 0.02098],
							"lerp_mode": "catmullrom"
						},
						"0.6667": {
							"post": [0, 0, 0],
							"lerp_mode": "catmullrom"
						},
						"1.0667": {
							"post": [0, 0, 0],
							"lerp_mode": "catmullrom"
						}
					}
				}
			}
		},
		"bolt": {
			"loop": "hold_on_last_frame",
			"animation_length": 0.3667,
			"bones": {
				"bolt": {
					"position": {
						"0.0": [0, 0, 4.5],
						"0.0333": [0, 0, 5],
						"0.1333": [0, 0, 5],
						"0.2333": [0, 0, 0],
						"0.3": [0, 0, 0.25],
						"0.3667": [0, 0, 0]
					}
				},
				"12_gauge": {
					"rotation": {
						"0.1333": [0, 0, 0],
						"0.1667": [-10, 0, 0],
						"0.2": [0, 0, 0],
						"0.2333": {"pre": [0, 0, 0], "post": [0, 0, 0]}
					},
					"position": {
						"0.0667": [0, 0, 1],
						"0.1": [0, 1, 2],
						"0.1333": [0, 1, 2],
						"0.1667": [0, 1.63, 0.5],
						"0.2": [0, 1.75, -1],
						"0.2333": {"pre": [0, 1.75, -1], "post": [0, 0, 0]}
					}
				}
			}
		},
		"run": {
			"loop": true,
			"animation_length": 0.6667,
			"bones": {
				"root": {
					"rotation": {
						"0.0": {
							"post": [11.94, -27.85366, 11.5],
							"lerp_mode": "catmullrom"
						},
						"0.125": {
							"post": [11.9375, -31.08929, 11.5],
							"lerp_mode": "catmullrom"
						},
						"0.25": {
							"post": [11.9375, -31.08929, 11.5],
							"lerp_mode": "catmullrom"
						},
						"0.4167": {
							"post": [11.9375, -25.3997, 11.5],
							"lerp_mode": "catmullrom"
						},
						"0.5417": {
							"post": [11.9375, -24.91071, 11.5],
							"lerp_mode": "catmullrom"
						},
						"0.6667": {
							"post": [11.94, -27.85366, 11.5],
							"lerp_mode": "catmullrom"
						}
					},
					"position": {
						"0.0": {
							"post": [1.22615, -2.25, 0],
							"lerp_mode": "catmullrom"
						},
						"0.0833": {
							"post": [1.22615, -2.25, 0],
							"lerp_mode": "catmullrom"
						},
						"0.2083": {
							"post": [0.04073, -3.25, 0],
							"lerp_mode": "catmullrom"
						},
						"0.3333": {
							"post": [-1.19976, -2.25, 0],
							"lerp_mode": "catmullrom"
						},
						"0.4167": {
							"post": [-1.19976, -2.25, 0],
							"lerp_mode": "catmullrom"
						},
						"0.5417": {
							"post": [0.04073, -3.25, 0],
							"lerp_mode": "catmullrom"
						},
						"0.6667": {
							"post": [1.22615, -2.25, 0],
							"lerp_mode": "catmullrom"
						}
					}
				}
			}
		},
		"run_start": {
			"animation_length": 1.0833,
			"bones": {
				"root": {
					"rotation": {
						"0.0": {
							"post": [0, 0, 0],
							"lerp_mode": "catmullrom"
						},
						"0.4583": {
							"post": [6.35268, 0, 11.29624],
							"lerp_mode": "catmullrom"
						},
						"0.75": {
							"post": [9.41518, 0.4, 17.29624],
							"lerp_mode": "catmullrom"
						},
						"0.9167": {
							"post": [4.5075, -18.21, 14.21],
							"lerp_mode": "catmullrom"
						},
						"1.0833": {
							"post": [11.17, -26.94, 11.33],
							"lerp_mode": "catmullrom"
						}
					},
					"position": {
						"0.0": {
							"post": [0, 0, 0],
							"lerp_mode": "catmullrom"
						},
						"0.1667": {
							"post": [-0.06605, -1.3125, 1.5],
							"lerp_mode": "catmullrom"
						},
						"0.3333": {
							"post": [-0.47616, -1.375, 2.5],
							"lerp_mode": "catmullrom"
						},
						"0.4583": {
							"post": [-1.3249, -2.1875, 2.5],
							"lerp_mode": "catmullrom"
						},
						"0.625": {
							"post": [-1.9099, -2.1725, 2.55],
							"lerp_mode": "catmullrom"
						},
						"0.7917": {
							"post": [-2.3034, -2.5, 2.5],
							"lerp_mode": "catmullrom"
						},
						"0.9583": {
							"post": [-0.31, -1.64, 1.83],
							"lerp_mode": "catmullrom"
						},
						"1.0833": {
							"post": [1.03, -2.11, 0.27],
							"lerp_mode": "catmullrom"
						}
					}
				}
			}
		},
		"run_hold": {
			"loop": true,
			"bones": {
				"root": {
					"rotation": [11.94, -27.85366, 11.5],
					"position": [1.22615, -2.25, 0]
				}
			}
		},
		"reload_intro_empty": {
			"loop": "hold_on_last_frame",
			"animation_length": 1.3667,
			"bones": {
				"right_hand": {
					"rotation": {
						"0.0": [84.48946, -9.37989, -27.16296],
						"1.3667": [84.49, -9.38, -27.16]
					},
					"position": {
						"0.0": [4.5, -6.5, 5],
						"1.3667": [4, -5, 4.75]
					},
					"scale": [1, 1.25, 1]
				},
				"left_hand": {
					"rotation": {
						"0.0": [101.06503, 23.36895, 52.98296],
						"0.1667": {
							"pre": [100.20695, 6.1646, 49.65518],
							"post": [100.20695, 6.1646, 49.65518],
							"lerp_mode": "catmullrom"
						},
						"0.3667": {
							"post": [146.56408, -0.67418, 132.16178],
							"lerp_mode": "catmullrom"
						},
						"0.4667": {
							"post": [167.31408, -23.67418, 179.16178],
							"lerp_mode": "catmullrom"
						},
						"0.6": [182.18538, -1.89712, 173.14215],
						"0.7": [182.18538, -1.89712, 177.64215],
						"0.8": [182.18538, -1.89712, 178.64215],
						"1.3667": [59.69532, 22.96012, 54.9084]
					},
					"position": {
						"0.0": [-4.5, -5.5, -11.5],
						"0.1333": {
							"pre": [1.5, -22.5, -11.5],
							"post": [1.5, -22.5, -11.5],
							"lerp_mode": "catmullrom"
						},
						"0.2": {
							"post": [1.5, -22.5, -11.5],
							"lerp_mode": "catmullrom"
						},
						"0.3": {
							"post": [-8.5, -4.5, -3.5],
							"lerp_mode": "catmullrom"
						},
						"0.5": {
							"post": [-7.25, -3.5, -3.5],
							"lerp_mode": "catmullrom"
						},
						"0.5667": {
							"post": [-8.1225, -3.14, -2.3175],
							"lerp_mode": "catmullrom"
						},
						"0.6333": [-7.5, -3, -0.5],
						"0.8": [-7.5, -3, -0.5],
						"0.8667": {
							"pre": [-7.5, -3, 2.5],
							"post": [-7.5, -3, 2.5],
							"lerp_mode": "catmullrom"
						},
						"0.9667": {
							"post": [-10.59, -8.21, 2.87],
							"lerp_mode": "catmullrom"
						},
						"1.0667": {
							"post": [-9, -13.5, 2.5],
							"lerp_mode": "catmullrom"
						},
						"1.2667": {
							"post": [-8.5, -13.52, 0.72],
							"lerp_mode": "catmullrom"
						},
						"1.3667": [-5.75, -10, 0.25]
					},
					"scale": [1, 1.25, 1]
				},
				"root": {
					"rotation": {
						"0.0": {
							"post": [0, 0, 0],
							"lerp_mode": "catmullrom"
						},
						"0.1333": {
							"post": [1.34, -3.69, -5.7275],
							"lerp_mode": "catmullrom"
						},
						"0.2667": {
							"post": [4.1475, -4.5, -6.4775],
							"lerp_mode": "catmullrom"
						},
						"0.3667": {
							"post": [5.6225, -4.5, -9.04],
							"lerp_mode": "catmullrom"
						},
						"0.5333": {
							"post": [5.7425, -3.92, -8.71],
							"lerp_mode": "catmullrom"
						},
						"0.6667": {
							"post": [5.18, -4.46, -19.0475],
							"lerp_mode": "catmullrom"
						},
						"0.8333": {
							"post": [3.28, -3.93, -18.4475],
							"lerp_mode": "catmullrom"
						},
						"0.9": {
							"post": [3.21, -2, -9.165],
							"lerp_mode": "catmullrom"
						},
						"0.9667": {
							"post": [3.21, -5.25, -24.9775],
							"lerp_mode": "catmullrom"
						},
						"1.0333": {
							"post": [3.2225, -7.29, -15.7325],
							"lerp_mode": "catmullrom"
						},
						"1.1333": {
							"post": [0.305, -9.92, -23.56],
							"lerp_mode": "catmullrom"
						},
						"1.2667": {
							"post": [-7.8, -23.775, -70.35],
							"lerp_mode": "catmullrom"
						},
						"1.3667": {
							"post": [-11.27135, -24.86327, -78.96281],
							"lerp_mode": "catmullrom"
						}
					},
					"position": {
						"0.0": {
							"post": [0, 0, 0],
							"lerp_mode": "catmullrom"
						},
						"0.1333": {
							"post": [-0.15, -0.39, 0.03],
							"lerp_mode": "catmullrom"
						},
						"0.2333": {
							"post": [-0.16, -0.545, 0.03],
							"lerp_mode": "catmullrom"
						},
						"0.4667": {
							"post": [-0.15, -0.515, 0.03],
							"lerp_mode": "catmullrom"
						},
						"0.5667": {
							"post": [-0.14, -0.3625, 0.01],
							"lerp_mode": "catmullrom"
						},
						"0.8": {
							"post": [-0.11, -0.29, 0.02],
							"lerp_mode": "catmullrom"
						},
						"0.8667": {
							"post": [-0.14, -0.36, 0.53],
							"lerp_mode": "catmullrom"
						},
						"0.9": {
							"post": [-0.15, -0.39, -0.47],
							"lerp_mode": "catmullrom"
						},
						"1.0333": {
							"post": [-0.15, -0.39, 0.03],
							"lerp_mode": "catmullrom"
						},
						"1.2333": {
							"post": [-0.55, -1.67, 0.1],
							"lerp_mode": "catmullrom"
						},
						"1.3667": {
							"post": [-0.75, -1.93, 0.13],
							"lerp_mode": "catmullrom"
						}
					}
				},
				"bolt": {
					"position": {
						"0.0": [0, 0, 4],
						"0.8333": [0, 0, 4],
						"0.8667": [0, 0, 4.25],
						"0.9333": [0, 0, 0]
					}
				},
				"12_gauge": {
					"rotation": {
						"0.4": [0, 0, 0],
						"0.4667": [-10, 0, 0],
						"0.8667": [-10, 0, 0],
						"0.9": [0, 0, 0]
					},
					"position": {
						"0.0": [0, 0, 0],
						"0.2": [0, 0, 0],
						"0.2333": {
							"pre": [0, 0, 0],
							"post": [3, -11.25, -2]
						},
						"0.3": [-1.5, 1.75, 2.25],
						"0.4": [-0.75, 1.75, 1.75],
						"0.4333": [0, 1.25, 1.75],
						"0.4667": [0, 0.75, 1.75],
						"0.8667": [0, 0.75, 1.75],
						"0.9": [0, 1.75, -1]
					}
				},
				"camera": {
					"rotation": {
						"0.0": {
							"post": [0, 0, 0],
							"lerp_mode": "catmullrom"
						},
						"0.1667": {
							"post": [0.375, 0.1875, 0.0625],
							"lerp_mode": "catmullrom"
						},
						"0.3": {
							"post": [0.25, 0.1375, 0],
							"lerp_mode": "catmullrom"
						},
						"0.3667": {
							"post": [0.125, 0.075, -0.0625],
							"lerp_mode": "catmullrom"
						},
						"0.4667": {
							"post": [0.0625, 0, 0],
							"lerp_mode": "catmullrom"
						},
						"0.5667": {
							"post": [0.11, 0.06, 0.13],
							"lerp_mode": "catmullrom"
						},
						"0.6667": {
							"post": [0.26303, 0.21614, 0.02935],
							"lerp_mode": "catmullrom"
						},
						"0.7667": {
							"post": [0.025, 0.19, 0.345],
							"lerp_mode": "catmullrom"
						},
						"0.8333": {
							"post": [1.2875, 0, 1.325],
							"lerp_mode": "catmullrom"
						},
						"0.9": {
							"post": [0.92, -0.0725, -0.56],
							"lerp_mode": "catmullrom"
						},
						"0.9667": {
							"post": [-0.175, -0.0725, 0.59],
							"lerp_mode": "catmullrom"
						},
						"1.0333": {
							"post": [0.25, -0.0625, 0],
							"lerp_mode": "catmullrom"
						},
						"1.1333": {
							"post": [0, 0, 0.125],
							"lerp_mode": "catmullrom"
						},
						"1.3667": [0.41, -0.02, 0.02]
					}
				},
				"additional_magazine": {
					"scale": 0
				}
			},
			"sound_effects": {
				"0.0": {
					"effect": "bf1:sjogren/insertfirstshell"
				}
			}
		},
		"reload_intro": {
			"loop": "hold_on_last_frame",
			"animation_length": 0.4333,
			"bones": {
				"root": {
					"rotation": {
						"0.0": {
							"post": [0, 0, 0],
							"lerp_mode": "catmullrom"
						},
						"0.0667": {
							"post": [0.1325, -0.5425, -2.9475],
							"lerp_mode": "catmullrom"
						},
						"0.1333": {
							"post": [-2.5325, -7.065, -19.875],
							"lerp_mode": "catmullrom"
						},
						"0.2": {
							"post": [-7.85483, -14.84633, -44.33771],
							"lerp_mode": "catmullrom"
						},
						"0.3": {
							"post": [-11.22, -25.135, -69.7275],
							"lerp_mode": "catmullrom"
						},
						"0.4333": {
							"post": [-11.27135, -24.86327, -78.96281],
							"lerp_mode": "catmullrom"
						}
					},
					"position": {
						"0.0": {
							"post": [0, 0, 0],
							"lerp_mode": "catmullrom"
						},
						"0.0667": {
							"post": [-0.5, -1.01, -0.75],
							"lerp_mode": "catmullrom"
						},
						"0.2333": {
							"post": [-0.75, -1, 0.5],
							"lerp_mode": "catmullrom"
						},
						"0.4333": {
							"post": [-0.75, -1.93, 0.13],
							"lerp_mode": "catmullrom"
						}
					}
				},
				"right_hand": {
					"rotation": {
						"0.0": [84.48946, -9.37989, -27.16296],
						"0.1": [84.48946, -9.37989, -27.16296],
						"0.4333": [84.49, -9.38, -27.16]
					},
					"position": {
						"0.0": [4.5, -6.5, 5],
						"0.1": [4, -6.25, 4.75],
						"0.4333": [4, -5, 4.75]
					}
				},
				"left_hand": {
					"rotation": {
						"0.0": [101.06503, 23.36895, 52.98296],
						"0.1": [83.47317, 2.12249, 42.7428],
						"0.3": [83.47317, 2.12249, 42.7428],
						"0.4333": [59.69532, 22.96012, 54.9084]
					},
					"position": {
						"0.0": [-4.5, -5.5, -11.5],
						"0.1333": {
							"pre": [0.5, -16, 6],
							"post": [0.5, -16, 6],
							"lerp_mode": "catmullrom"
						},
						"0.2333": {
							"post": [-10.75, -16, 6],
							"lerp_mode": "catmullrom"
						},
						"0.4333": [-5.75, -10, 0.25]
					},
					"scale": [1, 1.2, 1]
				},
				"camera": {
					"rotation": {
						"0.0": {
							"post": [0, 0, 0],
							"lerp_mode": "catmullrom"
						},
						"0.1": {
							"post": [0.1725, -0.0025, 0.005],
							"lerp_mode": "catmullrom"
						},
						"0.1667": {
							"post": [0.76303, 0.09114, 0.14552],
							"lerp_mode": "catmullrom"
						},
						"0.2667": {
							"post": [0.8375, 0.19, 0.28123],
							"lerp_mode": "catmullrom"
						},
						"0.3333": {
							"post": [0.475, 0, -0.04117],
							"lerp_mode": "catmullrom"
						},
						"0.4333": {
							"post": [0.41, -0.02, 0.02],
							"lerp_mode": "catmullrom"
						}
					}
				},
				"additional_magazine": {
					"rotation": [-77.5, 0, 0],
					"position": [4.5, 3.5, 5.88],
					"scale": 1
				}
			}
		},
		"reload_loop": {
			"loop": true,
			"animation_length": 0.4,
			"bones": {
				"root": {
					"rotation": {
						"0.0": {
							"post": [-11.27135, -24.86327, -78.96281],
							"lerp_mode": "catmullrom"
						},
						"0.0667": {
							"post": [-11.13, -23.425, -76.875],
							"lerp_mode": "catmullrom"
						},
						"0.1667": {
							"post": [-11.27, -22.735, -76.96],
							"lerp_mode": "catmullrom"
						},
						"0.2333": {
							"post": [-14.07, -23.1475, -78.96],
							"lerp_mode": "catmullrom"
						},
						"0.3333": {
							"post": [-11.27, -24.86, -80.885],
							"lerp_mode": "catmullrom"
						},
						"0.4": {
							"post": [-11.27135, -24.86327, -78.96281],
							"lerp_mode": "catmullrom"
						}
					},
					"position": {
						"0.0": {
							"post": [-0.75, -1.93, 0.13],
							"lerp_mode": "catmullrom"
						},
						"0.1333": {
							"post": [-0.75, -1.93, 0.13],
							"lerp_mode": "catmullrom"
						},
						"0.2": {
							"post": [-1.175, -1.93, -0.495],
							"lerp_mode": "catmullrom"
						},
						"0.3": {
							"post": [-0.72, -1.93, 0.1025],
							"lerp_mode": "catmullrom"
						},
						"0.4": {
							"post": [-0.75, -1.93, 0.13],
							"lerp_mode": "catmullrom"
						}
					}
				},
				"right_hand": {
					"rotation": [84.49, -9.38, -27.16],
					"position": [4, -5, 4.75]
				},
				"left_hand": {
					"rotation": {
						"0.0": [59.69532, 22.96012, 54.9084],
						"0.1667": {
							"pre": [62.6778, 21.77627, 45.43875],
							"post": [62.6778, 21.77627, 45.43875],
							"lerp_mode": "catmullrom"
						},
						"0.2667": {
							"post": [62.6778, 1.52627, 46.68875],
							"lerp_mode": "catmullrom"
						},
						"0.4": [59.69532, 22.96012, 54.9084]
					},
					"position": {
						"0.0": [-5.75, -10, 0.25],
						"0.1": {
							"pre": [-5.9775, -7.08, -1.71],
							"post": [-5.9775, -7.08, -1.71],
							"lerp_mode": "catmullrom"
						},
						"0.1667": {
							"post": [-6, -6.8125, -2.0625],
							"lerp_mode": "catmullrom"
						},
						"0.2": {
							"post": [-6.1875, -6.75, -5],
							"lerp_mode": "catmullrom"
						},
						"0.3333": {
							"post": [-6.0625, -6.8125, -4.5],
							"lerp_mode": "catmullrom"
						},
						"0.3667": {
							"post": [-5.955, -8.2375, -1.7175],
							"lerp_mode": "catmullrom"
						},
						"0.4": [-5.75, -10, 0.25]
					}
				},
				"additional_magazine": {
					"rotation": {
						"0.0": [-77.5, 0, 0],
						"0.0333": [-69.05233, 24.18768, 6.53825],
						"0.1333": [-74.22537, 19.50644, 4.50433]
					},
					"position": {
						"0.0": [4.5, 3.5, 5.88],
						"0.0333": [4.25, 5.5, 5.88],
						"0.1333": [4.25, 6, 5.88],
						"0.1667": [4, 6.25, 5.88],
						"0.2": [4, 6.25, 6.38]
					},
					"scale": {
						"0.0": [1, 1, 1],
						"0.2333": {
							"pre": [1, 1, 1],
							"post": [0, 0, 0]
						}
					}
				},
				"camera": {
					"rotation": {
						"0.0": {
							"post": [0.41, -0.02, 0.02],
							"lerp_mode": "catmullrom"
						},
						"0.1": {
							"post": [0.41, -0.0825, 0.02],
							"lerp_mode": "catmullrom"
						},
						"0.1667": {
							"post": [0.3575, -0.01, -0.2475],
							"lerp_mode": "catmullrom"
						},
						"0.2333": {
							"post": [-0.175, 0.0525, 0.465],
							"lerp_mode": "catmullrom"
						},
						"0.3": {
							"post": [0.25, 0.0625, -0.0625],
							"lerp_mode": "catmullrom"
						},
						"0.4": {
							"post": [0.41, -0.02, 0.02],
							"lerp_mode": "catmullrom"
						}
					}
				}
			},
			"sound_effects": {
				"0.0667": {
					"effect": "bf1:sjogren/insertshell"
				}
			}
		},
		"reload_end": {
			"loop": "hold_on_last_frame",
			"animation_length": 0.7667,
			"bones": {
				"root": {
					"rotation": {
						"0.0": {
							"post": [-11.27135, -24.86327, -78.96281],
							"lerp_mode": "catmullrom"
						},
						"0.1333": {
							"post": [-1.12, -3.25, -49.35],
							"lerp_mode": "catmullrom"
						},
						"0.2333": {
							"post": [4.345, 2.625, -27.48],
							"lerp_mode": "catmullrom"
						},
						"0.3667": {
							"post": [-3.535, 0.79, 0.44],
							"lerp_mode": "catmullrom"
						},
						"0.4667": {
							"post": [-6.215, -0.2, 4.14],
							"lerp_mode": "catmullrom"
						},
						"0.5667": {
							"post": [-0.9975, 0.09, 0.01],
							"lerp_mode": "catmullrom"
						},
						"0.6333": {
							"post": [1.3125, 0, 0],
							"lerp_mode": "catmullrom"
						},
						"0.7": {
							"post": [0.77, -0.01, 0],
							"lerp_mode": "catmullrom"
						},
						"0.7667": [0, 0, 0]
					},
					"position": {
						"0.0": {
							"post": [-0.75, -1.93, 0.13],
							"lerp_mode": "catmullrom"
						},
						"0.1333": {
							"post": [-0.16, -1.425, -0.03],
							"lerp_mode": "catmullrom"
						},
						"0.2667": {
							"post": [0, 0.055, -0.43],
							"lerp_mode": "catmullrom"
						},
						"0.4": {
							"post": [0, 0.3675, 0.03],
							"lerp_mode": "catmullrom"
						},
						"0.5": {
							"post": [0, -0.0625, -0.155],
							"lerp_mode": "catmullrom"
						},
						"0.5667": {
							"post": [0, -0.365, -0.07],
							"lerp_mode": "catmullrom"
						},
						"0.6667": {
							"post": [0, -0.05, 0],
							"lerp_mode": "catmullrom"
						},
						"0.7667": [0, 0, 0]
					}
				},
				"right_hand": {
					"rotation": {
						"0.0": [84.49, -9.38, -27.16],
						"0.2333": [84.48946, -9.37989, -27.16296]
					},
					"position": {
						"0.0": [4, -5, 4.75],
						"0.2333": [4.5, -6.5, 5]
					}
				},
				"left_hand": {
					"rotation": {
						"0.0": [59.69532, 22.96012, 54.9084],
						"0.2": [83.47317, 2.12249, 42.7428],
						"0.3333": [83.47317, 2.12249, 42.7428],
						"0.5333": [101.06503, 23.36895, 52.98296]
					},
					"position": {
						"0.0": [-5.75, -10, 0.25],
						"0.2": [-8, -16, 5.5],
						"0.3333": [4, -16, 5.5],
						"0.5333": [-4.5, -5.5, -11.5]
					},
					"scale": [1, 1.25, 1]
				},
				"camera": {
					"rotation": {
						"0.0": {
							"post": [0.41, -0.02, 0.02],
							"lerp_mode": "catmullrom"
						},
						"0.1333": {
							"post": [0.8294, -0.01, 0.0025],
							"lerp_mode": "catmullrom"
						},
						"0.3": {
							"post": [-0.072, -0.01, 0.09],
							"lerp_mode": "catmullrom"
						},
						"0.4333": {
							"post": [0.081, 0, 0.0125],
							"lerp_mode": "catmullrom"
						},
						"0.5": {
							"post": [0.7669, -0.01, -0.06],
							"lerp_mode": "catmullrom"
						},
						"0.5667": {
							"post": [0.678, -0.01, 0.59],
							"lerp_mode": "catmullrom"
						},
						"0.6333": {
							"post": [0.2115, 0, -0.05],
							"lerp_mode": "catmullrom"
						},
						"0.7333": {
							"post": [0.0125, 0, 0],
							"lerp_mode": "catmullrom"
						},
						"0.8": {
							"post": [0, 0, 0],
							"lerp_mode": "catmullrom"
						}
					}
				}
			},
			"sound_effects": {
				"0.0": {
					"effect": "bf1:model10/deploy"
				}
			}
		},
		"inspect": {
			"animation_length": 10.5,
			"bones": {
				"root": {
					"rotation": {
						"0.0": {
							"post": [0, 0, 0],
							"lerp_mode": "catmullrom"
						},
						"0.1333": {
							"post": [-3.12, -3.07, 4.11],
							"lerp_mode": "catmullrom"
						},
						"0.3333": {
							"post": [-40.33, -7.06, 6.27],
							"lerp_mode": "catmullrom"
						},
						"0.4667": {
							"post": [-62.85, -9.08, 7.25],
							"lerp_mode": "catmullrom"
						},
						"0.6333": {
							"post": [-65.77, -7.76, 7.2],
							"lerp_mode": "catmullrom"
						},
						"0.8333": {
							"post": [-65.69, -9.88, 7.12],
							"lerp_mode": "catmullrom"
						},
						"1.0667": {
							"post": [-65.1, -9.09, 7.06],
							"lerp_mode": "catmullrom"
						},
						"1.4667": {
							"post": [-65.3, -10.71, 7.37],
							"lerp_mode": "catmullrom"
						},
						"1.9": {
							"post": [-64.29, -11.11, 8.09],
							"lerp_mode": "catmullrom"
						},
						"2.0667": {
							"post": [-55.89, -20.28, 8.16],
							"lerp_mode": "catmullrom"
						},
						"2.2333": {
							"post": [-38.46, -34.67, 1.72],
							"lerp_mode": "catmullrom"
						},
						"2.5": {
							"post": [6.08, -70.58, -15.92],
							"lerp_mode": "catmullrom"
						},
						"2.6333": {
							"post": [8.52, -74.08, -15.91],
							"lerp_mode": "catmullrom"
						},
						"2.9333": {
							"post": [8.2, -72.99, -15.34],
							"lerp_mode": "catmullrom"
						},
						"3.2": {
							"post": [6.42, -72.87, -14.85],
							"lerp_mode": "catmullrom"
						},
						"3.3333": {
							"post": [7.25, -73.25, -15.88],
							"lerp_mode": "catmullrom"
						},
						"3.4667": {
							"post": [12.05, -74.35, -19.52],
							"lerp_mode": "catmullrom"
						},
						"3.7333": {
							"post": [39.27, -79.88, -38.87],
							"lerp_mode": "catmullrom"
						},
						"3.9333": {
							"post": [54.24, -83.24, -48.89],
							"lerp_mode": "catmullrom"
						},
						"4.2": {
							"post": [49.58, -83.97, -42.93],
							"lerp_mode": "catmullrom"
						},
						"4.4667": {
							"post": [50.35, -84.58, -43.19],
							"lerp_mode": "catmullrom"
						},
						"4.7": {
							"post": [73.73, -80.05, -60.07],
							"lerp_mode": "catmullrom"
						},
						"4.9": {
							"post": [101.03, -75.25, -84.5],
							"lerp_mode": "catmullrom"
						},
						"5.0333": {
							"post": [105.78, -74.41, -88.53],
							"lerp_mode": "catmullrom"
						},
						"5.1667": {
							"post": [104.69, -74.6, -87.54],
							"lerp_mode": "catmullrom"
						},
						"5.3": {
							"post": [85.04, -79.32, -80.97],
							"lerp_mode": "catmullrom"
						},
						"5.5": {
							"post": [19.53216, -77.91416, -57.30561],
							"lerp_mode": "catmullrom"
						},
						"5.6": {
							"post": [35.05231, -54.96348, -95.62124],
							"lerp_mode": "catmullrom"
						},
						"5.7": {
							"post": [45.28928, -25.71997, -129.02413],
							"lerp_mode": "catmullrom"
						},
						"5.8333": {
							"post": [43.51, -14.89, -138.81],
							"lerp_mode": "catmullrom"
						},
						"5.9667": {
							"post": [42.94656, -11.50284, -142.35989],
							"lerp_mode": "catmullrom"
						},
						"6.0667": {
							"post": [42.4518, -9.69696, -144.88844],
							"lerp_mode": "catmullrom"
						},
						"6.2667": {
							"post": [41.35917, -9.98032, -144.41764],
							"lerp_mode": "catmullrom"
						},
						"6.5333": {
							"post": [41.40595, -9.31096, -145.2549],
							"lerp_mode": "catmullrom"
						},
						"6.8": {
							"post": [41.76318, -8.25189, -146.92962],
							"lerp_mode": "catmullrom"
						},
						"7.0": {
							"post": [43.00243, -7.4576, -150.65107],
							"lerp_mode": "catmullrom"
						},
						"7.2": {
							"post": [40.07923, -9.61512, -144.66314],
							"lerp_mode": "catmullrom"
						},
						"7.3667": {
							"post": [43.35446, -4.52037, -153.80511],
							"lerp_mode": "catmullrom"
						},
						"7.5": {
							"post": [45.55235, -13.26885, -149.07676],
							"lerp_mode": "catmullrom"
						},
						"7.6333": {
							"post": [43.18309, -3.23407, -151.97676],
							"lerp_mode": "catmullrom"
						},
						"7.7333": {
							"post": [43.24, -2.4, -153.04],
							"lerp_mode": "catmullrom"
						},
						"7.8667": {
							"post": [43.61, -7.1, -151],
							"lerp_mode": "catmullrom"
						},
						"8.0": {
							"post": [43.14, -6.59, -151.6],
							"lerp_mode": "catmullrom"
						},
						"8.1667": {
							"post": [36.88, 2.71, -161.05],
							"lerp_mode": "catmullrom"
						},
						"8.4": {
							"post": [34.08504, 5.68561, -164.06703],
							"lerp_mode": "catmullrom"
						},
						"8.6": {
							"post": [35.29313, 5.065, -164.07],
							"lerp_mode": "catmullrom"
						},
						"8.9": {
							"post": [35.08504, 5.68561, -164.06703],
							"lerp_mode": "catmullrom"
						},
						"9.3667": {
							"post": [36.04, 3.57, -166.07],
							"lerp_mode": "catmullrom"
						},
						"9.6333": {
							"post": [19.30563, 3.97625, -147.82],
							"lerp_mode": "catmullrom"
						},
						"9.8": [10.7178, -3.20111, -82.87714],
						"9.9667": [1.5, 0, 0],
						"10.0667": [0.08981, -0.00589, 3.75],
						"10.1667": [0.05624, -0.00123, -0.15625],
						"10.2667": [0.02249, -0.00079, 0.6875],
						"10.4": [0, 0, 0]
					},
					"position": {
						"0.0": {
							"post": [0, 0, 0],
							"lerp_mode": "catmullrom"
						},
						"0.1333": {
							"post": [-0.28, -2.03, -1.79],
							"lerp_mode": "catmullrom"
						},
						"0.3333": {
							"post": [0.34, -4.69, -3.46],
							"lerp_mode": "catmullrom"
						},
						"0.4667": {
							"post": [0.66, -7.83, -3.34],
							"lerp_mode": "catmullrom"
						},
						"0.7333": {
							"post": [0.62, -7.77, -3.35],
							"lerp_mode": "catmullrom"
						},
						"0.9": {
							"post": [0.62, -7.8, -3.35],
							"lerp_mode": "catmullrom"
						},
						"1.1": {
							"post": [0.62, -7.79, -3.35],
							"lerp_mode": "catmullrom"
						},
						"1.2333": {
							"post": [0.65, -8.15, -3.4],
							"lerp_mode": "catmullrom"
						},
						"1.3667": {
							"post": [0.69, -7.5, -3.48],
							"lerp_mode": "catmullrom"
						},
						"1.6667": {
							"post": [0.72, -7.61, -3.54],
							"lerp_mode": "catmullrom"
						},
						"1.9333": {
							"post": [0.69, -7.61, -3.53],
							"lerp_mode": "catmullrom"
						},
						"2.0333": {
							"post": [0.71, -8.07, -3.115],
							"lerp_mode": "catmullrom"
						},
						"2.1333": {
							"post": [1.01, -10.21, -2.9225],
							"lerp_mode": "catmullrom"
						},
						"2.2": {
							"post": [1.1, -8.66, -3.0775],
							"lerp_mode": "catmullrom"
						},
						"2.3333": {
							"post": [0.67, -4.57, -5.1975],
							"lerp_mode": "catmullrom"
						},
						"2.4667": {
							"post": [0.33, -0.85, -5.2375],
							"lerp_mode": "catmullrom"
						},
						"2.6667": {
							"post": [0.26, 0.23, -5.2275],
							"lerp_mode": "catmullrom"
						},
						"2.9667": {
							"post": [0.34, 0.58, -5.1875],
							"lerp_mode": "catmullrom"
						},
						"3.2333": {
							"post": [0.41, 0.63, -5.1775],
							"lerp_mode": "catmullrom"
						},
						"3.4667": {
							"post": [0.53, 0.72, -5.5575],
							"lerp_mode": "catmullrom"
						},
						"3.7": {
							"post": [1.52, 0.99438, -5.80375],
							"lerp_mode": "catmullrom"
						},
						"3.9": {
							"post": [2.45, 1.29125, -6.46062],
							"lerp_mode": "catmullrom"
						},
						"4.1": {
							"post": [2.84, 1.40125, -6.75063],
							"lerp_mode": "catmullrom"
						},
						"4.4667": {
							"post": [3.28, 1.41125, -6.83062],
							"lerp_mode": "catmullrom"
						},
						"4.7": {
							"post": [4.9625, 1.41125, -6.83062],
							"lerp_mode": "catmullrom"
						},
						"4.8667": {
							"post": [6.21688, 1.41125, -6.83062],
							"lerp_mode": "catmullrom"
						},
						"5.0667": {
							"post": [6.27688, 1.44125, -6.83062],
							"lerp_mode": "catmullrom"
						},
						"5.1667": {
							"post": [5.64, 1.07688, -6.8775],
							"lerp_mode": "catmullrom"
						},
						"5.3": {
							"post": [4.36562, -0.85, -7.33062],
							"lerp_mode": "catmullrom"
						},
						"5.5": {
							"post": [2.48, -5, -7.1225],
							"lerp_mode": "catmullrom"
						},
						"5.7333": {
							"post": [1.33, -3.955, -2.92],
							"lerp_mode": "catmullrom"
						},
						"5.9": {
							"post": [1.555, -2.775, -1.53125],
							"lerp_mode": "catmullrom"
						},
						"6.0": {
							"post": [1.52, -2.48, -1.41],
							"lerp_mode": "catmullrom"
						},
						"6.1": {
							"post": [1.46, -2.405, -1.46],
							"lerp_mode": "catmullrom"
						},
						"6.2667": {
							"post": [1.46, -2.315, -1.5],
							"lerp_mode": "catmullrom"
						},
						"6.5333": {
							"post": [1.51, -2.295, -1.51],
							"lerp_mode": "catmullrom"
						},
						"6.8": {
							"post": [1.48, -2.13, -1.52],
							"lerp_mode": "catmullrom"
						},
						"7.0667": {
							"post": [1.68, -1.9, -1.53],
							"lerp_mode": "catmullrom"
						},
						"7.2": {
							"post": [1.63313, -2.975, -1.53],
							"lerp_mode": "catmullrom"
						},
						"7.4": {
							"post": [0.45812, -2.00937, -1.7175],
							"lerp_mode": "catmullrom"
						},
						"7.5": {
							"post": [-0.07, -2.24, -1.65],
							"lerp_mode": "catmullrom"
						},
						"7.6333": {
							"post": [0.07, -2.65, -1.53],
							"lerp_mode": "catmullrom"
						},
						"7.8": {
							"post": [0.27, -1.9, -1.53],
							"lerp_mode": "catmullrom"
						},
						"7.9333": {
							"post": [0.32, -1.775, -1.82687],
							"lerp_mode": "catmullrom"
						},
						"8.2": {
							"post": [0.47, -1.645, 0.07625],
							"lerp_mode": "catmullrom"
						},
						"8.3333": {
							"post": [0.36063, -1.63, 0.42313],
							"lerp_mode": "catmullrom"
						},
						"8.6": {
							"post": [0.47, -1.63, 0.3075],
							"lerp_mode": "catmullrom"
						},
						"8.9": {
							"post": [0.47, -1.63, 0.6825],
							"lerp_mode": "catmullrom"
						},
						"9.2667": {
							"post": [0.47, -1.64, 0.4525],
							"lerp_mode": "catmullrom"
						},
						"9.3667": {
							"post": [0.47, -1.64, 0.17125],
							"lerp_mode": "catmullrom"
						},
						"9.4667": {
							"post": [0.47, -1.64, 0.28188],
							"lerp_mode": "catmullrom"
						},
						"9.5667": {
							"post": [0.47, -2.065, 0.23563],
							"lerp_mode": "catmullrom"
						},
						"9.6667": {
							"post": [0.41, -2.855, -0.3275],
							"lerp_mode": "catmullrom"
						},
						"9.8": {
							"post": [-0.96, -2.915, -0.55],
							"lerp_mode": "catmullrom"
						},
						"9.9667": {
							"post": [0, -0.325, 0.56875],
							"lerp_mode": "catmullrom"
						},
						"10.1": {
							"post": [-0.04687, -0.08437, -0.22812],
							"lerp_mode": "catmullrom"
						},
						"10.2333": {
							"post": [0.03125, -0.04062, 0.095],
							"lerp_mode": "catmullrom"
						},
						"10.3667": {
							"post": [0, 0.01563, -0.01562],
							"lerp_mode": "catmullrom"
						},
						"10.5": {
							"post": [0, 0, 0],
							"lerp_mode": "catmullrom"
						}
					}
				},
				"gun": {
					"rotation": {
						"1.1333": {
							"pre": [0, 0, 0],
							"post": [0, 0, 0],
							"lerp_mode": "catmullrom"
						},
						"1.2667": {
							"post": [0, 0, -30.28],
							"lerp_mode": "catmullrom"
						},
						"1.3333": {
							"post": [0, 0, -35.87],
							"lerp_mode": "catmullrom"
						},
						"1.4667": {
							"post": [0, 0, -35.76],
							"lerp_mode": "catmullrom"
						},
						"1.7333": {
							"post": [0, 0, -35.66],
							"lerp_mode": "catmullrom"
						},
						"1.9": {
							"post": [0, 0, -36.39],
							"lerp_mode": "catmullrom"
						},
						"2.0": {
							"post": [0, 0, -37.5],
							"lerp_mode": "catmullrom"
						},
						"2.2": {
							"post": [0, 0, -50],
							"lerp_mode": "catmullrom"
						},
						"2.4667": [0, 0, 0],
						"7.2": [0, 0, 0],
						"7.5667": [0, 0, 236],
						"9.5667": [0, 0, 235],
						"9.9667": {
							"pre": [0, 0, 0],
							"post": [0, 0, 0],
							"lerp_mode": "catmullrom"
						}
					},
					"position": {
						"7.2": [0, 0, 0],
						"7.3333": [-1.32277, -1.25131, -0.93963],
						"7.4333": [-0.58291, -0.97499, -0.83531],
						"7.5667": [0, 0, 0]
					}
				},
				"panel": {
					"rotation": {
						"5.8": [0, 0, 0],
						"5.9333": [-12.46067, -0.55043, -0.00039],
						"7.1": [-12.46067, -0.55043, -0.00039],
						"7.1667": [0, 0, 0]
					}
				},
				"right_hand": {
					"rotation": {
						"0.0": [84.48946, -9.37989, -27.16296],
						"2.3": [84.48946, -9.37989, -27.16296],
						"2.5667": [14.48946, -9.37989, -27.16296],
						"5.3667": [14.48946, -9.37989, -27.16296],
						"5.5": [84.48946, -9.37989, -27.16296]
					},
					"position": {
						"0.0": [4.5, -6.5, 5],
						"2.3": [4.5, -6.5, 5],
						"2.4667": [4.5, -7.25, 5],
						"2.6333": [4.5, -6.5, 5]
					},
					"scale": [1, 1.25, 1]
				},
				"12_gauge": {
					"scale": {
						"1.0333": {
							"pre": [0, 0, 0],
							"post": [1, 1, 1]
						},
						"1.1667": {
							"pre": [1, 1, 1],
							"post": [0, 0, 0]
						},
						"5.6": {
							"pre": [0, 0, 0],
							"post": [1, 1, 1]
						},
						"7.2667": {
							"pre": [1, 1, 1],
							"post": [0, 0, 0]
						}
					}
				},
				"left_hand": {
					"rotation": {
						"0.0": [101.06503, 23.36895, 52.98296],
						"0.0667": [100.89721, 23.07346, 52.9763],
						"1.0667": [100.9, 23.07, 52.98],
						"1.2333": [112.62898, 42.51359, 12.10498],
						"1.8": [112.63, 42.51, 12.1],
						"2.0": [93.8175, 42.51, 12.1],
						"2.1333": [118.63, 30.08813, 12.1],
						"2.3": [170.51737, 60.05379, 140.65654],
						"5.3667": [170.52, 60.05, 140.66],
						"5.4333": {
							"pre": [170.51737, 60.05379, 140.65654],
							"post": [170.51737, 60.05379, 140.65654],
							"lerp_mode": "catmullrom"
						},
						"5.5667": {
							"post": [120.54407, 26.70499, 100.62789],
							"lerp_mode": "catmullrom"
						},
						"5.6667": {
							"post": [107.318, 21.93417, 167.29221],
							"lerp_mode": "catmullrom"
						},
						"5.7667": {
							"post": [111.19037, 26.04654, 156.23277],
							"lerp_mode": "catmullrom"
						},
						"5.9333": [116.03198, 32.67648, 141.95264],
						"7.0333": [117.03198, 32.67648, 141.95264],
						"7.1333": [112.95142, 38.15206, 151.07477],
						"7.3": [113.6964, 33.36947, 214.91633],
						"7.5": [135.7834, 47.56082, 221.82718],
						"7.9667": [126.7834, 47.56082, 221.82718],
						"9.5": [126.7875, 47.56, 221.83],
						"9.6333": [110.80537, 34.76049, 192.45782],
						"9.7667": [101.9182, 31.82497, 155.81488],
						"9.9667": [101.06503, 23.36895, 52.98296]
					},
					"position": {
						"0.0": [-4.5, -5.5, -11.5],
						"0.0667": [-4.4, -5.525, -11.5],
						"1.0667": [-4.4, -5.52, -11.5],
						"1.2333": [-3.925, -3.845, -11.195],
						"1.9": [-3.925, -3.845, -11.195],
						"2.1333": [-4.07032, -4.48991, -11.34898],
						"2.3": [-5.04532, -4.71491, -11.34898],
						"5.3667": [-5.05, -4.71, -11.35],
						"5.4333": {
							"pre": [-5.18599, -6.12945, -10.81579],
							"post": [-5.18599, -6.12945, -10.81579],
							"lerp_mode": "catmullrom"
						},
						"5.5": {
							"post": [-6.74585, -7.77859, -8.63854],
							"lerp_mode": "catmullrom"
						},
						"5.5333": {
							"post": [-7.58654, -7.43954, -7.2265],
							"lerp_mode": "catmullrom"
						},
						"5.6": {
							"post": [-8.64985, -5.9467, -4.8344],
							"lerp_mode": "catmullrom"
						},
						"5.6667": {
							"post": [-8.24547, -4.61774, -2.73002],
							"lerp_mode": "catmullrom"
						},
						"5.7667": {
							"post": [-8.12079, -5.27784, -1.98054],
							"lerp_mode": "catmullrom"
						},
						"5.8667": [-7.80625, -5.0975, -1.465],
						"7.0333": [-7.80625, -5.0975, -1.465],
						"7.1333": [-7.725, -5.645, -1.12],
						"7.3": [-11.77513, -2.18956, -7.80689],
						"7.5": [-8.555, -2.23, -8.465],
						"7.7333": [-8.555, -2.23, -8.465],
						"8.0333": [-7.55, -2.23, -8.44],
						"9.2": [-7.55, -2.23, -8.44],
						"9.5": [-7.55, -2.23, -8.5025],
						"9.6333": [-7.185, -3.99, -9.77],
						"9.7667": [-5.97, -5.755, -10.35],
						"9.9": [-4.5, -5.5, -11.5]
					},
					"scale": [1, 1.25, 1]
				},
				"camera": {
					"rotation": {
						"0.0": [0, 0, 0],
						"0.1333": {
							"pre": [0.39, -0.05, -0.01],
							"post": [0.39, -0.05, -0.01],
							"lerp_mode": "catmullrom"
						},
						"0.2333": {
							"post": [-0.22, -0.28, 0.02],
							"lerp_mode": "catmullrom"
						},
						"0.3": {
							"post": [-1.42, -0.58, 0.07],
							"lerp_mode": "catmullrom"
						},
						"0.4": {
							"post": [-3, -1.01, 0.17],
							"lerp_mode": "catmullrom"
						},
						"0.4667": {
							"post": [-3.84, -1.25, 0.23],
							"lerp_mode": "catmullrom"
						},
						"0.5": {
							"post": [-3.66, -1.28, 0.28],
							"lerp_mode": "catmullrom"
						},
						"0.5667": {
							"post": [-3.26, -1.29, 0.35],
							"lerp_mode": "catmullrom"
						},
						"0.6333": {
							"post": [-3.42, -1.33, 0.36],
							"lerp_mode": "catmullrom"
						},
						"0.7333": {
							"post": [-3.8, -1.35, 0.35],
							"lerp_mode": "catmullrom"
						},
						"0.8667": {
							"post": [-3.92, -1.27, 0.35],
							"lerp_mode": "catmullrom"
						},
						"0.9667": {
							"post": [-3.92, -1.19, 0.35],
							"lerp_mode": "catmullrom"
						},
						"1.1": {
							"post": [-3.51, -0.98, 0.35],
							"lerp_mode": "catmullrom"
						},
						"1.2667": {
							"post": [-1.96, -0.53, 0.35],
							"lerp_mode": "catmullrom"
						},
						"1.4667": {
							"post": [0.04, 0, 0.35],
							"lerp_mode": "catmullrom"
						},
						"1.6667": {
							"post": [0.65, 0.11, 0.35],
							"lerp_mode": "catmullrom"
						},
						"1.9333": {
							"post": [0.94, 0.09, 0.35],
							"lerp_mode": "catmullrom"
						},
						"2.1": {
							"post": [2.17, -0.5, 0.32],
							"lerp_mode": "catmullrom"
						},
						"2.2": {
							"post": [3.1, -1.09, 0.32],
							"lerp_mode": "catmullrom"
						},
						"2.3333": {
							"post": [3.8, -2.88, 0.49],
							"lerp_mode": "catmullrom"
						},
						"2.4667": {
							"post": [3.93, -5.52, 0.9],
							"lerp_mode": "catmullrom"
						},
						"2.6333": {
							"post": [4.81, -6.29, 1.62],
							"lerp_mode": "catmullrom"
						},
						"2.8333": {
							"post": [4.6, -5.01, 2.29],
							"lerp_mode": "catmullrom"
						},
						"3.0": {
							"post": [4.45, -3.58, 2.69],
							"lerp_mode": "catmullrom"
						},
						"3.1667": {
							"post": [4.75, -2.67, 2.65],
							"lerp_mode": "catmullrom"
						},
						"3.3667": {
							"post": [5.24, -1.57, 2.37],
							"lerp_mode": "catmullrom"
						},
						"3.5": {
							"post": [5.28, -0.86, 2.16],
							"lerp_mode": "catmullrom"
						},
						"3.6667": {
							"post": [4.75, -0.06, 1.89],
							"lerp_mode": "catmullrom"
						},
						"3.8667": {
							"post": [3.72, 0.87, 1.52],
							"lerp_mode": "catmullrom"
						},
						"4.0333": {
							"post": [3.11, 1.64, 1.26],
							"lerp_mode": "catmullrom"
						},
						"4.2": {
							"post": [3.02, 2.25, 1.13],
							"lerp_mode": "catmullrom"
						},
						"4.3667": {
							"post": [3.18, 2.83, 1.05],
							"lerp_mode": "catmullrom"
						},
						"4.5333": {
							"post": [3.17, 3.78, 0.81],
							"lerp_mode": "catmullrom"
						},
						"4.7": {
							"post": [2.54, 5.83, 0.07],
							"lerp_mode": "catmullrom"
						},
						"4.8667": {
							"post": [1.52, 8.64, -1],
							"lerp_mode": "catmullrom"
						},
						"5.0333": {
							"post": [0.84, 10.74, -1.79],
							"lerp_mode": "catmullrom"
						},
						"5.1333": {
							"post": [0.85, 11.44, -2.02],
							"lerp_mode": "catmullrom"
						},
						"5.2333": {
							"post": [1.2, 11.45, -1.97],
							"lerp_mode": "catmullrom"
						},
						"5.4": {
							"post": [2.62, 8.25, -1.71],
							"lerp_mode": "catmullrom"
						},
						"5.6333": {
							"post": [3.83, 1.42, -0.44],
							"lerp_mode": "catmullrom"
						},
						"5.8667": {
							"post": [4.87, -5, 0.79],
							"lerp_mode": "catmullrom"
						},
						"6.2": {
							"post": [7.04, -5, 1.04],
							"lerp_mode": "catmullrom"
						},
						"6.5": {
							"post": [9.18, -5, 1.04],
							"lerp_mode": "catmullrom"
						},
						"6.6667": {
							"post": [8.64813, -5, 1.04],
							"lerp_mode": "catmullrom"
						},
						"6.8333": {
							"post": [7.57313, -5, 0.79],
							"lerp_mode": "catmullrom"
						},
						"7.0": {
							"post": [6.95, -4.3, 0.77],
							"lerp_mode": "catmullrom"
						},
						"7.1667": {
							"post": [6.71, -3.75, 0.75],
							"lerp_mode": "catmullrom"
						},
						"7.4": {
							"post": [6.75, -5, 0.79],
							"lerp_mode": "catmullrom"
						},
						"7.5": {
							"post": [5.03125, -5, 1.29],
							"lerp_mode": "catmullrom"
						},
						"7.6": {
							"post": [5.85938, -5, 0.54],
							"lerp_mode": "catmullrom"
						},
						"7.8": {
							"post": [6.75, -5, 1.04],
							"lerp_mode": "catmullrom"
						},
						"7.9333": {
							"post": [5.5, -4.5, 1.04],
							"lerp_mode": "catmullrom"
						},
						"8.0667": {
							"post": [7.28125, -4.25, 1.54],
							"lerp_mode": "catmullrom"
						},
						"8.1667": {
							"post": [6.28, -4.25, 1.54],
							"lerp_mode": "catmullrom"
						},
						"8.3667": {
							"post": [6.78, -4.25, 0.04],
							"lerp_mode": "catmullrom"
						},
						"8.6333": {
							"post": [5.51, -4.66, 0.75],
							"lerp_mode": "catmullrom"
						},
						"8.8333": {
							"post": [5.185, -4.75, 1.54],
							"lerp_mode": "catmullrom"
						},
						"9.2333": {
							"post": [6.78, -4.25, 1.54],
							"lerp_mode": "catmullrom"
						},
						"9.4": {
							"post": [6.85812, -4.32812, 1.54],
							"lerp_mode": "catmullrom"
						},
						"9.6": {
							"post": [6.38937, -4, 1.54],
							"lerp_mode": "catmullrom"
						},
						"9.9667": {
							"post": [0, 0, -0.25],
							"lerp_mode": "catmullrom"
						},
						"10.1": {
							"post": [0, 0, 0.25],
							"lerp_mode": "catmullrom"
						},
						"10.2333": {
							"post": [0, 0, -0.25],
							"lerp_mode": "catmullrom"
						},
						"10.4": {
							"post": [0, 0, 0],
							"lerp_mode": "catmullrom"
						}
					}
				}
			},
			"sound_effects": {
				"0.0": {
					"effect": "tacz:m870/m870_inspect_raise"
				},
				"1.0667": {
					"effect": "tacz:m870/m870_inspect_rattle"
				},
				"1.8": {
					"effect": "tacz:m870/m870_inspect_grab"
				},
				"1.9333": {
					"effect": "tacz:m870/m870_inspect_rotate"
				},
				"3.4": {
					"effect": "tacz:m870/m870_inspect_rattle4"
				},
				"4.4333": {
					"effect": "tacz:m870/m870_inspect_twist"
				},
				"5.3667": {
					"effect": "tacz:m870/m870_inspect_rattle3"
				},
				"5.7667": {
					"effect": "tacz:m870/m870_inspect_empty_push"
				},
				"7.1667": {
					"effect": "tacz:m870/m870_inspect_empty_up"
				},
				"7.2333": {
					"effect": "tacz:m870/m870_inspect_empty_rotate"
				},
				"8.0333": {
					"effect": "tacz:m870/m870_inspect_rattle4"
				},
				"9.5667": {
					"effect": "tacz:m870/m870_inspect_end"
				}
			}
		}
	}
}