{
	"format_version": "1.8.0",
	"animations": {
		"static_idle": {
			"loop": true,
			"bones": {
				"lefthand": {
					"rotation": [118.40086, -396.43129, -197.80232],
					"position": [8.0625, -9.5625, -5.6875]
				},
				"righthand": {
					"rotation": [92.43315, 10.09916, -177.9528],
					"position": [-7, -7.4375, 0]
				},
				"constraint": {
					"rotation": [0.1, 0.2, 0.2],
					"position": [0.35, 0.2, 0.6]
				}
			}
		},
		"reload_tactical": {
			"animation_length": 3.9667,
			"bones": {
				"SMG08": {
					"rotation": {
						"0.0": {
							"post": [0, 0, 0],
							"lerp_mode": "catmullrom"
						},
						"0.1": {
							"post": [0, 0, 0],
							"lerp_mode": "catmullrom"
						},
						"0.2667": {
							"post": [-14, 0, -13],
							"lerp_mode": "catmullrom"
						},
						"0.4": {
							"post": [-15, 1, -13],
							"lerp_mode": "catmullrom"
						},
						"0.5333": {
							"post": [-15, -2, -11],
							"lerp_mode": "catmullrom"
						},
						"0.7333": {
							"post": [-16, 1, -10],
							"lerp_mode": "catmullrom"
						},
						"0.9333": {
							"post": [-13, -2, -11],
							"lerp_mode": "catmullrom"
						},
						"1.0667": {
							"post": [-12.5, -2, -11],
							"lerp_mode": "catmullrom"
						},
						"1.2": {
							"post": [-11.94, -7.33, 4.56],
							"lerp_mode": "catmullrom"
						},
						"1.3": {
							"post": [-4.5, -11, 22],
							"lerp_mode": "catmullrom"
						},
						"1.4333": {
							"post": [-0.5, -15, 26],
							"lerp_mode": "catmullrom"
						},
						"1.4667": {
							"post": [-0.5, -15, 26],
							"lerp_mode": "catmullrom"
						},
						"1.6667": {
							"post": [-7.5, 7, 15],
							"lerp_mode": "catmullrom"
						},
						"1.9": {
							"post": [-15.5, -2, -19],
							"lerp_mode": "catmullrom"
						},
						"2.0333": {
							"post": [-17, -1, -18.5],
							"lerp_mode": "catmullrom"
						},
						"2.2333": {
							"post": [-14.5, -2, -18],
							"lerp_mode": "catmullrom"
						},
						"2.3667": {
							"post": [-15.5, -2, -19],
							"lerp_mode": "catmullrom"
						},
						"2.5667": {
							"post": [-16.5, -2, -23],
							"lerp_mode": "catmullrom"
						},
						"2.7": {
							"post": [-16.5, -2, -26],
							"lerp_mode": "catmullrom"
						},
						"2.7333": {
							"post": [-15.5, 1, -26],
							"lerp_mode": "catmullrom"
						},
						"2.9333": {
							"post": [-16.5, -2, -26],
							"lerp_mode": "catmullrom"
						},
						"3.1333": {
							"post": [-16.5, -6, -26],
							"lerp_mode": "catmullrom"
						},
						"3.2333": {
							"post": [-19.5, 11, -26],
							"lerp_mode": "catmullrom"
						},
						"3.3": {
							"post": [-19.5, 12, -28],
							"lerp_mode": "catmullrom"
						},
						"3.3667": {
							"post": [-19.5, 11, -26],
							"lerp_mode": "catmullrom"
						},
						"3.4667": {
							"post": [-16.5, -6, -26],
							"lerp_mode": "catmullrom"
						},
						"3.6333": {
							"post": [5, 0, 7],
							"lerp_mode": "catmullrom"
						},
						"3.7333": {
							"post": [6, 0, 9],
							"lerp_mode": "catmullrom"
						},
						"3.9333": [0, 0, 0]
					},
					"position": {
						"0.0": {
							"post": [0, 0, 0],
							"lerp_mode": "catmullrom"
						},
						"0.1": {
							"post": [-0.625, -0.125, 1.125],
							"lerp_mode": "catmullrom"
						},
						"0.2667": {
							"post": [-0.62, -0.12, 1.13],
							"lerp_mode": "catmullrom"
						},
						"0.4": {
							"post": [-0.62, -0.12, 1.13],
							"lerp_mode": "catmullrom"
						},
						"0.5333": {
							"post": [-0.62, -0.12, 1.13],
							"lerp_mode": "catmullrom"
						},
						"0.9333": {
							"post": [-0.62, -0.12, 1.13],
							"lerp_mode": "catmullrom"
						},
						"1.0667": {
							"post": [-0.62, -0.12, 1.13],
							"lerp_mode": "catmullrom"
						},
						"1.1667": {
							"post": [-0.62, 0.6325, 1.13],
							"lerp_mode": "catmullrom"
						},
						"1.2667": {
							"post": [-0.62, 1, 1.13],
							"lerp_mode": "catmullrom"
						},
						"1.4333": {
							"post": [-0.62, 0.5, 1.13],
							"lerp_mode": "catmullrom"
						},
						"1.5333": {
							"post": [-1.11, -0.0675, 1.13],
							"lerp_mode": "catmullrom"
						},
						"1.6667": {
							"post": [-1.495, -0.1875, 1.13],
							"lerp_mode": "catmullrom"
						},
						"1.9": {
							"post": [-3.24, -0.44, 1.13],
							"lerp_mode": "catmullrom"
						},
						"2.0333": {
							"post": [-3.24, -0.315, 1.13],
							"lerp_mode": "catmullrom"
						},
						"2.1667": {
							"post": [-3.24, -0.44, 1.13],
							"lerp_mode": "catmullrom"
						},
						"2.3667": {
							"post": [-3.24, -0.515, 1.13],
							"lerp_mode": "catmullrom"
						},
						"2.5667": {
							"post": [-3.615, -0.6275, 1.13],
							"lerp_mode": "catmullrom"
						},
						"2.7": {
							"post": [-5.5475, -2.3175, 1.13],
							"lerp_mode": "catmullrom"
						},
						"2.7333": {
							"post": [-5.86, -2.3175, 1.13],
							"lerp_mode": "catmullrom"
						},
						"2.9333": {
							"post": [-5.0475, -2.63, 1.13],
							"lerp_mode": "catmullrom"
						},
						"3.1333": {
							"post": [-5.05, -2.63, 1.13],
							"lerp_mode": "catmullrom"
						},
						"3.2333": {
							"post": [-5.7375, -2.63, 1.13],
							"lerp_mode": "catmullrom"
						},
						"3.3": {
							"post": [-5.74, -2.63, 1.13],
							"lerp_mode": "catmullrom"
						},
						"3.3667": {
							"post": [-5.7375, -2.63, 1.13],
							"lerp_mode": "catmullrom"
						},
						"3.4667": {
							"post": [-5.05, -2.63, 1.13],
							"lerp_mode": "catmullrom"
						},
						"3.6333": {
							"post": [0.9375, -0.6875, 0],
							"lerp_mode": "catmullrom"
						},
						"3.7333": {
							"post": [1.75, -0.6875, 0],
							"lerp_mode": "catmullrom"
						},
						"3.9333": [0, 0, 0]
					}
				},
				"lefthand_and_mag": {
					"rotation": {
						"1.3333": {
							"pre": [0, 0, 0],
							"post": [0, 0, 0],
							"lerp_mode": "catmullrom"
						},
						"1.4667": {
							"post": [0, 0, 0],
							"lerp_mode": "catmullrom"
						},
						"1.6333": {
							"post": [0, 0, 0],
							"lerp_mode": "catmullrom"
						},
						"2.1667": {
							"post": [0, 0, 0],
							"lerp_mode": "catmullrom"
						},
						"2.3667": {
							"post": [-0.34743, -1.9696, 10.00597],
							"lerp_mode": "catmullrom"
						},
						"2.5667": {
							"post": [-0.03492, -1.9997, 1.00061],
							"lerp_mode": "catmullrom"
						},
						"2.6333": [-0.03, -2, 1]
					},
					"position": {
						"1.3333": {
							"pre": [0, 0, 0],
							"post": [0, 0, 0],
							"lerp_mode": "catmullrom"
						},
						"1.4667": {
							"post": [6.9375, 0, 0],
							"lerp_mode": "catmullrom"
						},
						"1.6333": {
							"post": [8.5625, 0, 5.25],
							"lerp_mode": "catmullrom"
						},
						"1.9667": {
							"post": [8.56, 0, 9.875],
							"lerp_mode": "catmullrom"
						},
						"2.1667": {
							"post": [9, 0, 1.3125],
							"lerp_mode": "catmullrom"
						},
						"2.3667": {
							"post": [5.5625, -1.3125, 0.3725],
							"lerp_mode": "catmullrom"
						},
						"2.5667": {
							"post": [6.125, 0, 0.3725],
							"lerp_mode": "catmullrom"
						},
						"2.6333": [-0.0575, 0, 0.37]
					}
				},
				"lefthand": {
					"rotation": {
						"0.0667": {
							"pre": [118.40086, -396.43129, -197.80232],
							"post": [118.40086, -396.43129, -197.80232],
							"lerp_mode": "catmullrom"
						},
						"0.2": {
							"post": [118.4, -396.43, -197.8],
							"lerp_mode": "catmullrom"
						},
						"0.3333": {
							"post": [112.95068, -371.0731, -184.64843],
							"lerp_mode": "catmullrom"
						},
						"0.5333": {
							"post": [107.70153, -378.44804, -164.29091],
							"lerp_mode": "catmullrom"
						},
						"0.9333": [86.95068, -414.0731, -167.64843],
						"1.0": [87.45, -410.57, -168.15],
						"1.1333": [87.95, -415.07, -168.65],
						"1.2667": {
							"pre": [86.68895, -425.55219, -166.16066],
							"post": [86.68895, -425.55219, -166.16066],
							"lerp_mode": "catmullrom"
						},
						"1.8": {
							"post": [86.68895, -425.55219, -166.16066],
							"lerp_mode": "catmullrom"
						},
						"1.9": {
							"post": [86.69, -410.55, -162.16],
							"lerp_mode": "catmullrom"
						},
						"2.7333": {
							"post": [86.69, -410.55, -162.16],
							"lerp_mode": "catmullrom"
						},
						"2.9667": {
							"post": [85.69, -380.55, -153.16],
							"lerp_mode": "catmullrom"
						},
						"3.0667": {
							"post": [85.69, -380.55, -153.16],
							"lerp_mode": "catmullrom"
						},
						"3.2": {
							"post": [107.29273, -373.85552, -195.08587],
							"lerp_mode": "catmullrom"
						},
						"3.5": {
							"post": [118.4, -396.43, -197.8],
							"lerp_mode": "catmullrom"
						},
						"3.7333": [118.40086, -396.43129, -197.80232]
					},
					"position": {
						"0.0667": {
							"pre": [8.0625, -9.5625, -5.6875],
							"post": [8.0625, -9.5625, -5.6875],
							"lerp_mode": "catmullrom"
						},
						"0.2": {
							"post": [16.185, -11.6225, -5.69],
							"lerp_mode": "catmullrom"
						},
						"0.3333": {
							"post": [15.065, -7.3075, -5.69],
							"lerp_mode": "catmullrom"
						},
						"0.5333": {
							"post": [16.8825, -9.2475, -5.69],
							"lerp_mode": "catmullrom"
						},
						"0.7": {
							"post": [17.8175, -13.0625, -5.69],
							"lerp_mode": "catmullrom"
						},
						"0.9333": [10.2575, -5.935, -1.815],
						"1.1333": [10.38, -5.93, -1.82],
						"1.2667": {
							"pre": [10.8175, -5.93, -2.2575],
							"post": [10.8175, -5.93, -2.2575],
							"lerp_mode": "catmullrom"
						},
						"1.8": {
							"post": [10.8175, -5.93, -2.2575],
							"lerp_mode": "catmullrom"
						},
						"1.9": {
							"post": [12.82, -7.4925, -3.135],
							"lerp_mode": "catmullrom"
						},
						"2.7333": {
							"post": [12.82, -7.4925, -3.135],
							"lerp_mode": "catmullrom"
						},
						"2.9667": {
							"post": [16.57, -9.555, -3.135],
							"lerp_mode": "catmullrom"
						},
						"3.0667": {
							"post": [16.57, -9.3, -3.13],
							"lerp_mode": "catmullrom"
						},
						"3.2": {
							"post": [14.945, -5.175, -3.13],
							"lerp_mode": "catmullrom"
						},
						"3.5": {
							"post": [16.185, -11.6225, -5.69],
							"lerp_mode": "catmullrom"
						},
						"3.7333": [8.0625, -9.5625, -5.6875]
					}
				},
				"mag_cap": {
					"rotation": {
						"0.3667": {
							"pre": [0, 0, 0],
							"post": [0, 0, 0],
							"lerp_mode": "catmullrom"
						},
						"0.5": {
							"post": [0, 0, 37],
							"lerp_mode": "catmullrom"
						},
						"0.7": {
							"post": [0, 0, 119],
							"lerp_mode": "catmullrom"
						},
						"1.8667": {
							"post": [0, 0, 119],
							"lerp_mode": "catmullrom"
						},
						"1.9667": {
							"post": [0, 0, 75],
							"lerp_mode": "catmullrom"
						},
						"2.0333": {
							"post": [0, 0, 62.6],
							"lerp_mode": "catmullrom"
						},
						"2.2": {
							"post": [0, 0, 119],
							"lerp_mode": "catmullrom"
						},
						"2.8": {
							"post": [0, 0, 119],
							"lerp_mode": "catmullrom"
						},
						"2.9333": {
							"post": [0, 0, 100],
							"lerp_mode": "catmullrom"
						},
						"3.0333": {
							"post": [0, 0, 80],
							"lerp_mode": "catmullrom"
						},
						"3.2": [0, 0, 0]
					}
				},
				"mag_release": {
					"position": {
						"0.9": [0, 0, 0],
						"0.9667": [0, 0, -0.25],
						"1.1667": [0, 0, 0]
					}
				},
				"righthand": {
					"rotation": [92.43315, 10.09916, -177.9528],
					"position": [-7, -7.4375, 1]
				},
				"camera": {
					"rotation": {
						"0.0": [0, 0, 0],
						"1.1667": {
							"pre": [0, 0, 0],
							"post": [0, 0, 0],
							"lerp_mode": "catmullrom"
						},
						"1.3333": {
							"post": [0, -2, 3],
							"lerp_mode": "catmullrom"
						},
						"1.4667": [0, 0, 0],
						"2.6": {
							"pre": [0, 0, 0],
							"post": [0, 0, 0],
							"lerp_mode": "catmullrom"
						},
						"2.7333": {
							"post": [1, 6, 0],
							"lerp_mode": "catmullrom"
						},
						"2.8333": [0, 0, 0],
						"3.1333": {
							"pre": [0, 0, 0],
							"post": [0, 0, 0],
							"lerp_mode": "catmullrom"
						},
						"3.2": {
							"post": [1, 2, 0],
							"lerp_mode": "catmullrom"
						},
						"3.2667": [0, 0, 0]
					}
				},
				"constraint": {
					"rotation": [0.2, 0.2, 0.2],
					"position": [0.2, 0.2, 0.2]
				}
			}
		},
		"reload_empty": {
			"animation_length": 4.6,
			"bones": {
				"SMG08": {
					"rotation": {
						"0.0333": {
							"pre": [0, 0, 0],
							"post": [0, 0, 0],
							"lerp_mode": "catmullrom"
						},
						"0.1667": {
							"post": [3, -12, 27],
							"lerp_mode": "catmullrom"
						},
						"0.4": {
							"post": [3, -12, 27],
							"lerp_mode": "catmullrom"
						},
						"0.4667": {
							"post": [-24.92, -6.62, 25.07],
							"lerp_mode": "catmullrom"
						},
						"0.5667": {
							"post": [-24.92, -6.62, 25.07],
							"lerp_mode": "catmullrom"
						},
						"0.8": {
							"post": [-3, -4, 27],
							"lerp_mode": "catmullrom"
						},
						"1.1667": {
							"post": [-14, 0, -13],
							"lerp_mode": "catmullrom"
						},
						"1.3": {
							"post": [-15, 1, -13],
							"lerp_mode": "catmullrom"
						},
						"1.4333": {
							"post": [-15, -2, -11],
							"lerp_mode": "catmullrom"
						},
						"1.5667": {
							"post": [-16, 1, -10],
							"lerp_mode": "catmullrom"
						},
						"1.6667": {
							"post": [-13, -2, -11],
							"lerp_mode": "catmullrom"
						},
						"1.8": {
							"post": [-12.5, -2, -11],
							"lerp_mode": "catmullrom"
						},
						"1.9667": {
							"post": [-15.5, -2, -19],
							"lerp_mode": "catmullrom"
						},
						"2.1": {
							"post": [-17, -1, -18.5],
							"lerp_mode": "catmullrom"
						},
						"2.3": {
							"post": [-14.5, -2, -18],
							"lerp_mode": "catmullrom"
						},
						"2.4333": {
							"post": [-15.5, -2, -19],
							"lerp_mode": "catmullrom"
						},
						"2.6333": {
							"post": [-16.5, -2, -23],
							"lerp_mode": "catmullrom"
						},
						"2.7667": {
							"post": [-16.5, -2, -26],
							"lerp_mode": "catmullrom"
						},
						"2.8": {
							"post": [-15.5, 1, -26],
							"lerp_mode": "catmullrom"
						},
						"3.0": {
							"post": [-16.5, -2, -26],
							"lerp_mode": "catmullrom"
						},
						"3.2": {
							"post": [-16.5, -6, -26],
							"lerp_mode": "catmullrom"
						},
						"3.3": {
							"post": [-19.5, 11, -26],
							"lerp_mode": "catmullrom"
						},
						"3.3667": {
							"post": [-19.5, 12, -28],
							"lerp_mode": "catmullrom"
						},
						"3.4333": {
							"post": [-19.5, 11, -26],
							"lerp_mode": "catmullrom"
						},
						"3.6": {
							"post": [-16.5, -6, -26],
							"lerp_mode": "catmullrom"
						},
						"3.8333": {
							"post": [11, -3, 25],
							"lerp_mode": "catmullrom"
						},
						"4.0667": {
							"post": [14, -3, 16],
							"lerp_mode": "catmullrom"
						},
						"4.3": {
							"post": [5, 0, 7],
							"lerp_mode": "catmullrom"
						},
						"4.4667": {
							"post": [-3, 0, 0],
							"lerp_mode": "catmullrom"
						},
						"4.5333": {
							"post": [-2, 0, -3],
							"lerp_mode": "catmullrom"
						},
						"4.6": [0, 0, 0]
					},
					"position": {
						"0.0333": {
							"pre": [0, 0, 0],
							"post": [0, 0, 0],
							"lerp_mode": "catmullrom"
						},
						"0.1667": {
							"post": [0.03, 0.01, 1.1375],
							"lerp_mode": "catmullrom"
						},
						"0.3333": {
							"post": [0.03, 0.01, 1.1375],
							"lerp_mode": "catmullrom"
						},
						"0.5": {
							"post": [0.08, 0.01, 1.14],
							"lerp_mode": "catmullrom"
						},
						"0.6667": {
							"post": [0.17, 0.02, 1.14],
							"lerp_mode": "catmullrom"
						},
						"0.7667": {
							"post": [0.17, 0.02, 1.14],
							"lerp_mode": "catmullrom"
						},
						"0.9667": {
							"post": [0.03, 0.135, 1.1375],
							"lerp_mode": "catmullrom"
						},
						"1.1667": {
							"post": [-2.62, -0.12, 1.13],
							"lerp_mode": "catmullrom"
						},
						"1.3": {
							"post": [-2.62, -0.12, 1.13],
							"lerp_mode": "catmullrom"
						},
						"1.4333": {
							"post": [-2.62, -0.12, 1.13],
							"lerp_mode": "catmullrom"
						},
						"1.6667": {
							"post": [-2.62, -0.12, 1.13],
							"lerp_mode": "catmullrom"
						},
						"1.8": {
							"post": [-2.62, -0.12, 1.13],
							"lerp_mode": "catmullrom"
						},
						"1.9667": {
							"post": [-3.24, -0.44, 1.13],
							"lerp_mode": "catmullrom"
						},
						"2.1": {
							"post": [-3.24, -0.315, 1.13],
							"lerp_mode": "catmullrom"
						},
						"2.2333": {
							"post": [-3.24, -0.44, 1.13],
							"lerp_mode": "catmullrom"
						},
						"2.4333": {
							"post": [-3.24, -0.515, 1.13],
							"lerp_mode": "catmullrom"
						},
						"2.6333": {
							"post": [-3.615, -0.6275, 1.13],
							"lerp_mode": "catmullrom"
						},
						"2.7667": {
							"post": [-5.5475, -2.3175, 1.13],
							"lerp_mode": "catmullrom"
						},
						"2.8": {
							"post": [-5.86, -2.3175, 1.13],
							"lerp_mode": "catmullrom"
						},
						"3.0": {
							"post": [-5.0475, -2.63, 1.13],
							"lerp_mode": "catmullrom"
						},
						"3.2": {
							"post": [-5.05, -2.63, 1.13],
							"lerp_mode": "catmullrom"
						},
						"3.3": {
							"post": [-5.7375, -2.63, 1.13],
							"lerp_mode": "catmullrom"
						},
						"3.3667": {
							"post": [-5.74, -2.63, 1.13],
							"lerp_mode": "catmullrom"
						},
						"3.4333": {
							"post": [-5.7375, -2.63, 1.13],
							"lerp_mode": "catmullrom"
						},
						"3.6": {
							"post": [-5.05, -2.63, 1.13],
							"lerp_mode": "catmullrom"
						},
						"3.8333": {
							"post": [0, -1.5625, 0],
							"lerp_mode": "catmullrom"
						},
						"4.0667": {
							"post": [0, -1.5625, 0],
							"lerp_mode": "catmullrom"
						},
						"4.3": {
							"post": [0.9375, -0.6875, 0],
							"lerp_mode": "catmullrom"
						},
						"4.4667": {
							"post": [0, 0.275, 0.125],
							"lerp_mode": "catmullrom"
						},
						"4.5333": {
							"post": [0, -0.05, 0.08],
							"lerp_mode": "catmullrom"
						},
						"4.6": [0, 0, 0]
					}
				},
				"lefthand_and_mag": {
					"rotation": {
						"1.6667": [-0.03, -2, 1],
						"1.9333": [0, 0, 0],
						"2.3": {
							"pre": [0, 0, 0],
							"post": [0, 0, 0],
							"lerp_mode": "catmullrom"
						},
						"2.5": {
							"post": [-0.34743, -1.9696, 10.00597],
							"lerp_mode": "catmullrom"
						},
						"2.7": {
							"post": [-0.03492, -1.9997, 1.00061],
							"lerp_mode": "catmullrom"
						},
						"2.7667": [-0.03, -2, 1]
					},
					"position": {
						"1.6667": [-0.0575, 0, 0.37],
						"1.9333": [0, -37.5625, 0],
						"2.1": {
							"pre": [8.56, 0, 9.875],
							"post": [8.56, 0, 9.875],
							"lerp_mode": "catmullrom"
						},
						"2.3": {
							"post": [9, 0, 1.3125],
							"lerp_mode": "catmullrom"
						},
						"2.5": {
							"post": [5.5625, -2.25, 0.3725],
							"lerp_mode": "catmullrom"
						},
						"2.7": {
							"post": [6.125, -1, 0.3725],
							"lerp_mode": "catmullrom"
						},
						"2.7667": [-0.0575, -1, 0.37]
					}
				},
				"lefthand": {
					"rotation": {
						"0.1": [118.40086, -396.43129, -197.80232],
						"1.0333": {
							"pre": [118.40086, -396.43129, -197.80232],
							"post": [118.40086, -396.43129, -197.80232],
							"lerp_mode": "catmullrom"
						},
						"1.2667": {
							"post": [118.4, -396.43, -197.8],
							"lerp_mode": "catmullrom"
						},
						"1.4": {
							"post": [112.95068, -371.0731, -184.64843],
							"lerp_mode": "catmullrom"
						},
						"2.0": {
							"post": [86.69, -410.55, -162.16],
							"lerp_mode": "catmullrom"
						},
						"2.9667": {
							"post": [86.69, -410.55, -162.16],
							"lerp_mode": "catmullrom"
						},
						"3.1333": {
							"post": [85.69, -380.55, -153.16],
							"lerp_mode": "catmullrom"
						},
						"3.2333": {
							"post": [85.69, -380.55, -153.16],
							"lerp_mode": "catmullrom"
						},
						"3.3667": {
							"post": [107.29273, -373.85552, -195.08587],
							"lerp_mode": "catmullrom"
						},
						"3.5667": {
							"post": [118.4, -396.43, -197.8],
							"lerp_mode": "catmullrom"
						},
						"3.7333": [118.40086, -396.43129, -197.80232]
					},
					"position": {
						"0.1": [8.0625, -9.5625, -5.6875],
						"1.0333": {
							"pre": [8.0625, -9.5625, -5.6875],
							"post": [8.0625, -9.5625, -5.6875],
							"lerp_mode": "catmullrom"
						},
						"1.2667": {
							"post": [16.185, -11.6225, -5.69],
							"lerp_mode": "catmullrom"
						},
						"1.4": {
							"post": [14.8775, -4.62, -2.7525],
							"lerp_mode": "catmullrom"
						},
						"1.5": {
							"post": [16.88, -12.5625, -2.19],
							"lerp_mode": "catmullrom"
						},
						"1.8": {
							"post": [18.44, -19.79, -5.49],
							"lerp_mode": "catmullrom"
						},
						"2.0": {
							"post": [12.82, -7.4925, -3.135],
							"lerp_mode": "catmullrom"
						},
						"2.9667": {
							"post": [12.82, -7.4925, -3.135],
							"lerp_mode": "catmullrom"
						},
						"3.1333": {
							"post": [16.57, -9.555, -3.135],
							"lerp_mode": "catmullrom"
						},
						"3.2333": {
							"post": [16.57, -9.3, -3.13],
							"lerp_mode": "catmullrom"
						},
						"3.3667": {
							"post": [14.945, -5.175, -3.13],
							"lerp_mode": "catmullrom"
						},
						"3.5667": {
							"post": [16.185, -11.6225, -5.69],
							"lerp_mode": "catmullrom"
						},
						"3.7333": [8.0625, -9.5625, -5.6875]
					}
				},
				"mag_and_bullet": {
					"rotation": {
						"0.3333": [0, 0, 0],
						"0.4333": [0, 0, 0],
						"0.5": [0, 0, 0],
						"1.6333": [0, 0, 0],
						"1.9": [0, 0, 0]
					},
					"position": {
						"0.3333": [0, 0, 0],
						"0.4333": [0, -37.5625, 0],
						"0.5": [0, -37.5625, 21],
						"1.6333": [0, -37.5625, 21],
						"1.7667": [11.5625, 4.9825, 19.06],
						"1.9": [-0.4375, 1.125, 0]
					}
				},
				"mag_cap": {
					"rotation": {
						"1.4": {
							"pre": [0, 0, 0],
							"post": [0, 0, 0],
							"lerp_mode": "catmullrom"
						},
						"1.4667": {
							"post": [0, 0, 37],
							"lerp_mode": "catmullrom"
						},
						"1.5667": {
							"post": [0, 0, 119],
							"lerp_mode": "catmullrom"
						},
						"1.7667": {
							"post": [0, 0, 88],
							"lerp_mode": "catmullrom"
						},
						"1.9667": {
							"post": [0, 0, 119],
							"lerp_mode": "catmullrom"
						},
						"2.1333": {
							"post": [0, 0, 95],
							"lerp_mode": "catmullrom"
						},
						"2.2": {
							"post": [0, 0, 95],
							"lerp_mode": "catmullrom"
						},
						"2.4": {
							"post": [0, 0, 119],
							"lerp_mode": "catmullrom"
						},
						"2.5667": {
							"post": [0, 0, 108.38],
							"lerp_mode": "catmullrom"
						},
						"2.6667": {
							"post": [0, 0, 119],
							"lerp_mode": "catmullrom"
						},
						"3.0333": {
							"post": [0, 0, 119],
							"lerp_mode": "catmullrom"
						},
						"3.1": {
							"post": [0, 0, 100],
							"lerp_mode": "catmullrom"
						},
						"3.2": {
							"post": [0, 0, 80],
							"lerp_mode": "catmullrom"
						},
						"3.3333": [0, 0, 0]
					}
				},
				"bolt": {
					"rotation": {
						"0.4": [0, 0, 0],
						"0.4667": [-85, 0, 0],
						"3.9": [-85, 0, 0],
						"4.0": [0, 0, 0]
					}
				},
				"righthand": {
					"rotation": {
						"0.0": {
							"post": [92.43315, 10.09916, -177.9528],
							"lerp_mode": "catmullrom"
						},
						"0.0667": {
							"post": [92.43, 10.1, -177.95],
							"lerp_mode": "catmullrom"
						},
						"0.3333": [97.43, 10.1, -177.95],
						"0.4333": {
							"pre": [92.43, 10.1, -177.95],
							"post": [92.43, 10.1, -177.95],
							"lerp_mode": "catmullrom"
						},
						"0.5667": {
							"post": [92.43, 10.1, -177.95],
							"lerp_mode": "catmullrom"
						},
						"0.8": {
							"post": [92.43315, 10.09916, -177.9528],
							"lerp_mode": "catmullrom"
						},
						"3.6333": {
							"post": [92.43315, 10.09916, -177.9528],
							"lerp_mode": "catmullrom"
						},
						"3.8": {
							"post": [105.43, 10.1, -177.95],
							"lerp_mode": "catmullrom"
						},
						"3.9333": {
							"post": [97.43, 10.1, -177.95],
							"lerp_mode": "catmullrom"
						},
						"4.0": {
							"post": [92.43, 10.1, -177.95],
							"lerp_mode": "catmullrom"
						},
						"4.3": [92.43315, 10.09916, -177.9528]
					},
					"position": {
						"0.0": {
							"post": [-7, -7.4375, 0],
							"lerp_mode": "catmullrom"
						},
						"0.0667": {
							"post": [-9.125, -6.3775, -2.0875],
							"lerp_mode": "catmullrom"
						},
						"0.3333": {
							"post": [-9.4975, -6.0325, -2.39],
							"lerp_mode": "catmullrom"
						},
						"0.4": {
							"post": [-9.4375, -2.095, -0.3875],
							"lerp_mode": "catmullrom"
						},
						"0.6": {
							"post": [-9.3125, -2.595, -0.3875],
							"lerp_mode": "catmullrom"
						},
						"0.8": {
							"post": [-8, -7.4375, 0],
							"lerp_mode": "catmullrom"
						},
						"3.6333": {
							"post": [-8, -7.4375, 0],
							"lerp_mode": "catmullrom"
						},
						"3.8": {
							"post": [-9.3725, -1.69, -0.69],
							"lerp_mode": "catmullrom"
						},
						"3.9333": {
							"post": [-9.3725, -1.695, -1.19],
							"lerp_mode": "catmullrom"
						},
						"4.0": {
							"post": [-9.375, -4.315, -1.1875],
							"lerp_mode": "catmullrom"
						},
						"4.3": [-8, -7.4375, 0]
					}
				},
				"camera": {
					"rotation": {
						"0.0": [0, 0, 0],
						"0.5667": {
							"pre": [0, 0, 0],
							"post": [0, 0, 0],
							"lerp_mode": "catmullrom"
						},
						"0.8333": {
							"post": [4, -5, 0],
							"lerp_mode": "catmullrom"
						},
						"0.9667": [0, 0, 0],
						"2.6333": {
							"pre": [0, 0, 0],
							"post": [0, 0, 0],
							"lerp_mode": "catmullrom"
						},
						"2.8": {
							"post": [1, 6, 0],
							"lerp_mode": "catmullrom"
						},
						"2.9": [0, 0, 0],
						"3.2333": {
							"pre": [0, 0, 0],
							"post": [0, 0, 0],
							"lerp_mode": "catmullrom"
						},
						"3.3333": {
							"post": [1, 2.5, 0],
							"lerp_mode": "catmullrom"
						},
						"3.4": [0, 0, 0],
						"3.9": {
							"pre": [0, 0, 0],
							"post": [0, 0, 0],
							"lerp_mode": "catmullrom"
						},
						"4.0333": {
							"post": [2, 0, 0],
							"lerp_mode": "catmullrom"
						},
						"4.2": [0, 0, 0]
					}
				},
				"constraint": {
					"rotation": [0.2, 0.2, 0.2],
					"position": [0.2, 0.2, 0.2]
				}
			},
			"sound_effects": {
				"0.0": {
					"effect": "smg0818_reload_empty"
				}
			}
		},
		"inspect": {
			"animation_length": 10.5,
			"bones": {
				"camera": {
					"rotation": {
						"0.7": {
							"pre": [0, 0, 0],
							"post": [0, 0, 0],
							"lerp_mode": "catmullrom"
						},
						"1.0333": {
							"post": [5, 9, 0],
							"lerp_mode": "catmullrom"
						},
						"1.6667": {
							"post": [4.94, 10.9, 0],
							"lerp_mode": "catmullrom"
						},
						"2.2333": {
							"post": [4.75, 10.53, 0],
							"lerp_mode": "catmullrom"
						},
						"2.7": {
							"post": [2.52, -11.98, 0],
							"lerp_mode": "catmullrom"
						},
						"3.1667": {
							"post": [2.52, -11.98, 0],
							"lerp_mode": "catmullrom"
						},
						"3.4333": {
							"post": [15.31, 8.67, 0],
							"lerp_mode": "catmullrom"
						},
						"3.8333": {
							"post": [15.31, 8.67, 0],
							"lerp_mode": "catmullrom"
						},
						"4.2333": {
							"post": [-7.33, -0.11, 0],
							"lerp_mode": "catmullrom"
						},
						"4.6": {
							"post": [-7.33, -0.11, 0],
							"lerp_mode": "catmullrom"
						},
						"4.8667": {
							"post": [-13.41, -0.11, 0],
							"lerp_mode": "catmullrom"
						},
						"5.2333": {
							"post": [-14.68, 1.89, 0],
							"lerp_mode": "catmullrom"
						},
						"5.4": {
							"post": [-17.99, 1.35, 0],
							"lerp_mode": "catmullrom"
						},
						"5.8667": {
							"post": [-18, -0.11, 0],
							"lerp_mode": "catmullrom"
						},
						"6.0333": {
							"post": [-7.33, -0.11, 0],
							"lerp_mode": "catmullrom"
						},
						"6.2333": {
							"post": [1, 0, 0],
							"lerp_mode": "catmullrom"
						},
						"6.9667": {
							"post": [0, 0, 0],
							"lerp_mode": "catmullrom"
						},
						"7.2": {
							"post": [7, -15, 0],
							"lerp_mode": "catmullrom"
						},
						"7.5333": {
							"post": [7, -15, 0],
							"lerp_mode": "catmullrom"
						},
						"7.9333": {
							"post": [0, 0, 0],
							"lerp_mode": "catmullrom"
						},
						"8.2": {
							"post": [0, 0, 0],
							"lerp_mode": "catmullrom"
						},
						"8.35": {
							"post": [-0.44, 5.94, 0],
							"lerp_mode": "catmullrom"
						},
						"8.7": {
							"post": [-0.43, 1.84, 0],
							"lerp_mode": "catmullrom"
						},
						"8.9": {
							"post": [-0.44, 2.94, 0],
							"lerp_mode": "catmullrom"
						},
						"9.1667": {
							"post": [-0.43, 0.5, 0],
							"lerp_mode": "catmullrom"
						},
						"9.4333": {
							"post": [3.7, 0.17, 0],
							"lerp_mode": "catmullrom"
						},
						"9.7": {
							"post": [-6.89, 0.1, 0],
							"lerp_mode": "catmullrom"
						},
						"9.95": {
							"post": [0, 0, 0],
							"lerp_mode": "catmullrom"
						},
						"10.3667": [0, 0, 0]
					}
				},
				"SMG08": {
					"rotation": {
						"0.2": {
							"pre": [0, 0, 0],
							"post": [0, 0, 0],
							"lerp_mode": "catmullrom"
						},
						"0.4333": {
							"post": [8, 0, 0],
							"lerp_mode": "catmullrom"
						},
						"0.6333": {
							"post": [9.76, -9, 7],
							"lerp_mode": "catmullrom"
						},
						"0.9": {
							"post": [-21.66, -19.86, -10.11],
							"lerp_mode": "catmullrom"
						},
						"1.5667": {
							"post": [-21.66, -19.86, -10.11],
							"lerp_mode": "catmullrom"
						},
						"2.2333": {
							"post": [-15.9, -13.28, -7.6],
							"lerp_mode": "catmullrom"
						},
						"2.5667": {
							"post": [-52.46693, 6.95385, 64.03545],
							"lerp_mode": "catmullrom"
						},
						"2.9333": {
							"post": [-62.86271, 18.26353, 63.74834],
							"lerp_mode": "catmullrom"
						},
						"3.8333": {
							"post": [-60.90116, 14.72441, 70.6463],
							"lerp_mode": "catmullrom"
						},
						"4.2333": {
							"post": [0, 0, 0],
							"lerp_mode": "catmullrom"
						},
						"4.3333": {
							"post": [0, 0, 0],
							"lerp_mode": "catmullrom"
						},
						"4.5": {
							"post": [-14, 0, -13],
							"lerp_mode": "catmullrom"
						},
						"4.6333": {
							"post": [-15, 1, -13],
							"lerp_mode": "catmullrom"
						},
						"4.7667": {
							"post": [-15, -2, -11],
							"lerp_mode": "catmullrom"
						},
						"4.9667": {
							"post": [-16, 1, -10],
							"lerp_mode": "catmullrom"
						},
						"5.1667": {
							"post": [-13, -2, -11],
							"lerp_mode": "catmullrom"
						},
						"5.3": {
							"post": [-12.5, -2, -11],
							"lerp_mode": "catmullrom"
						},
						"5.4333": {
							"post": [-11.94, -7.33, 4.56],
							"lerp_mode": "catmullrom"
						},
						"5.5333": {
							"post": [-4.5, -11, 22],
							"lerp_mode": "catmullrom"
						},
						"5.6667": {
							"post": [-0.5, -15, 26],
							"lerp_mode": "catmullrom"
						},
						"5.7": {
							"post": [-0.5, -15, 26],
							"lerp_mode": "catmullrom"
						},
						"5.9": {
							"post": [-7.5, 7, 15],
							"lerp_mode": "catmullrom"
						},
						"6.1333": {
							"post": [-15.5, -2, -19],
							"lerp_mode": "catmullrom"
						},
						"6.2667": {
							"post": [-17, -1, -18.5],
							"lerp_mode": "catmullrom"
						},
						"7.7667": {
							"post": [-14.5, -2, -18],
							"lerp_mode": "catmullrom"
						},
						"7.9": {
							"post": [-15.5, -2, -19],
							"lerp_mode": "catmullrom"
						},
						"8.1": {
							"post": [-16.5, -2, -23],
							"lerp_mode": "catmullrom"
						},
						"8.2333": {
							"post": [-16.5, -2, -26],
							"lerp_mode": "catmullrom"
						},
						"8.2667": {
							"post": [-15.5, 1, -26],
							"lerp_mode": "catmullrom"
						},
						"8.4667": {
							"post": [-16.5, -2, -26],
							"lerp_mode": "catmullrom"
						},
						"8.6667": {
							"post": [-16.5, -6, -26],
							"lerp_mode": "catmullrom"
						},
						"8.7667": {
							"post": [-19.5, 11, -26],
							"lerp_mode": "catmullrom"
						},
						"8.8333": {
							"post": [-19.5, 12, -28],
							"lerp_mode": "catmullrom"
						},
						"8.9": {
							"post": [-19.5, 11, -26],
							"lerp_mode": "catmullrom"
						},
						"9.0": {
							"post": [-16.5, -6, -26],
							"lerp_mode": "catmullrom"
						},
						"9.2333": {
							"post": [5, 0, 7],
							"lerp_mode": "catmullrom"
						},
						"9.4667": {
							"post": [6, 0, 9],
							"lerp_mode": "catmullrom"
						},
						"9.7": {
							"post": [-6, -1, -8],
							"lerp_mode": "catmullrom"
						},
						"9.9": {
							"post": [-4.37, -0.66, -5.9],
							"lerp_mode": "catmullrom"
						},
						"10.0667": [0, 0, 0]
					},
					"position": {
						"0.2": {
							"pre": [0, 0, 0],
							"post": [0, 0, 0],
							"lerp_mode": "catmullrom"
						},
						"0.4333": {
							"post": [0, -1.125, -0.01],
							"lerp_mode": "catmullrom"
						},
						"0.6333": {
							"post": [0, -1.09, -0.02],
							"lerp_mode": "catmullrom"
						},
						"0.9": {
							"post": [-1.4375, 1.72, -0.02],
							"lerp_mode": "catmullrom"
						},
						"1.5667": {
							"post": [-1.4375, 1.72, -0.02],
							"lerp_mode": "catmullrom"
						},
						"2.2333": {
							"post": [0.03, 1.29, -0.07],
							"lerp_mode": "catmullrom"
						},
						"2.5667": {
							"post": [0.04, 1.11, -0.08],
							"lerp_mode": "catmullrom"
						},
						"2.9333": {
							"post": [0.05, 1.91, -0.09],
							"lerp_mode": "catmullrom"
						},
						"3.8333": {
							"post": [0.05, 1.91, -0.09],
							"lerp_mode": "catmullrom"
						},
						"4.2333": {
							"post": [0, 0, 0],
							"lerp_mode": "catmullrom"
						},
						"4.3333": {
							"post": [-0.625, -0.125, 1.125],
							"lerp_mode": "catmullrom"
						},
						"4.5": {
							"post": [-0.62, -0.12, 1.13],
							"lerp_mode": "catmullrom"
						},
						"4.6333": {
							"post": [-0.62, -0.12, 1.13],
							"lerp_mode": "catmullrom"
						},
						"4.7667": {
							"post": [-0.62, -0.12, 1.13],
							"lerp_mode": "catmullrom"
						},
						"5.1667": {
							"post": [-0.62, -0.12, 1.13],
							"lerp_mode": "catmullrom"
						},
						"5.3": {
							"post": [-0.62, -0.12, 1.13],
							"lerp_mode": "catmullrom"
						},
						"5.4": {
							"post": [-0.62, 0.6325, 1.13],
							"lerp_mode": "catmullrom"
						},
						"5.5": {
							"post": [-0.62, 1, 1.13],
							"lerp_mode": "catmullrom"
						},
						"5.6667": {
							"post": [-0.62, 0.5, 1.13],
							"lerp_mode": "catmullrom"
						},
						"5.7667": {
							"post": [-1.11, -0.0675, 1.13],
							"lerp_mode": "catmullrom"
						},
						"5.9": {
							"post": [-1.495, -0.1875, 1.13],
							"lerp_mode": "catmullrom"
						},
						"6.1333": {
							"post": [-3.24, -0.44, 1.13],
							"lerp_mode": "catmullrom"
						},
						"6.2667": {
							"post": [-3.24, -0.315, 1.13],
							"lerp_mode": "catmullrom"
						},
						"7.7": {
							"post": [-3.24, -0.44, 1.13],
							"lerp_mode": "catmullrom"
						},
						"7.9": {
							"post": [-3.24, -0.515, 1.13],
							"lerp_mode": "catmullrom"
						},
						"8.1": {
							"post": [-3.615, -0.6275, 1.13],
							"lerp_mode": "catmullrom"
						},
						"8.2333": {
							"post": [-5.5475, -2.3175, 1.13],
							"lerp_mode": "catmullrom"
						},
						"8.2667": {
							"post": [-5.86, -2.3175, 1.13],
							"lerp_mode": "catmullrom"
						},
						"8.4667": {
							"post": [-5.0475, -2.63, 1.13],
							"lerp_mode": "catmullrom"
						},
						"8.6667": {
							"post": [-5.05, -2.63, 1.13],
							"lerp_mode": "catmullrom"
						},
						"8.7667": {
							"post": [-5.7375, -2.63, 1.13],
							"lerp_mode": "catmullrom"
						},
						"8.8333": {
							"post": [-5.74, -2.63, 1.13],
							"lerp_mode": "catmullrom"
						},
						"8.9": {
							"post": [-5.7375, -2.63, 1.13],
							"lerp_mode": "catmullrom"
						},
						"9.0": {
							"post": [-5.05, -2.63, 1.13],
							"lerp_mode": "catmullrom"
						},
						"9.2333": {
							"post": [0.9375, -1.75, 0],
							"lerp_mode": "catmullrom"
						},
						"9.4667": {
							"post": [1.75, -0.6875, 0],
							"lerp_mode": "catmullrom"
						},
						"9.7": {
							"post": [0, 0, 0],
							"lerp_mode": "catmullrom"
						},
						"9.9": {
							"post": [-0.12, 0.05, 0],
							"lerp_mode": "catmullrom"
						},
						"10.0667": [0, 0, 0]
					}
				},
				"lefthand_and_mag": {
					"rotation": {
						"5.5667": {
							"pre": [0, 0, 0],
							"post": [0, 0, 0],
							"lerp_mode": "catmullrom"
						},
						"5.7": {
							"post": [0, 0, 0],
							"lerp_mode": "catmullrom"
						},
						"6.0333": {
							"post": [0, 0, 0],
							"lerp_mode": "catmullrom"
						},
						"6.3667": {
							"post": [0, 0, 5],
							"lerp_mode": "catmullrom"
						},
						"6.5": {
							"post": [0, 0, -1],
							"lerp_mode": "catmullrom"
						},
						"6.7": {
							"post": [0, 0, 0],
							"lerp_mode": "catmullrom"
						},
						"6.9667": {
							"post": [0, 0, 0],
							"lerp_mode": "catmullrom"
						},
						"7.1": {
							"post": [-21.93481, -0.7251, -5.50748],
							"lerp_mode": "catmullrom"
						},
						"7.5667": {
							"post": [-21.93481, -0.7251, -5.50748],
							"lerp_mode": "catmullrom"
						},
						"7.7333": {
							"post": [0, 0, 0],
							"lerp_mode": "catmullrom"
						},
						"7.9333": {
							"post": [-0.34743, -1.9696, 10.00597],
							"lerp_mode": "catmullrom"
						},
						"8.1333": {
							"post": [-0.03492, -1.9997, 1.00061],
							"lerp_mode": "catmullrom"
						},
						"8.2": [-0.03, -2, 1]
					},
					"position": {
						"5.5667": {
							"pre": [0, 0, 0],
							"post": [0, 0, 0],
							"lerp_mode": "catmullrom"
						},
						"5.7": {
							"post": [6.9375, 0, 0],
							"lerp_mode": "catmullrom"
						},
						"6.0333": {
							"post": [9, 0, 1.3125],
							"lerp_mode": "catmullrom"
						},
						"6.3667": {
							"post": [9, -1.0625, 1.3125],
							"lerp_mode": "catmullrom"
						},
						"6.5": {
							"post": [9, -2.1875, 1.3125],
							"lerp_mode": "catmullrom"
						},
						"6.7": {
							"post": [9, 0, 1.3125],
							"lerp_mode": "catmullrom"
						},
						"6.9667": {
							"post": [9, 0, 1.3125],
							"lerp_mode": "catmullrom"
						},
						"7.1": {
							"post": [9, 0, 1.3125],
							"lerp_mode": "catmullrom"
						},
						"7.5667": {
							"post": [9, 0, 1.3125],
							"lerp_mode": "catmullrom"
						},
						"7.7333": {
							"post": [9, 0, 1.3125],
							"lerp_mode": "catmullrom"
						},
						"7.9333": {
							"post": [5.5625, -1.3125, 0.3725],
							"lerp_mode": "catmullrom"
						},
						"8.1333": {
							"post": [6.125, 0, 0.3725],
							"lerp_mode": "catmullrom"
						},
						"8.2": [-0.0575, 0, 0.37]
					}
				},
				"lefthand": {
					"rotation": {
						"0.3667": [118.40086, -396.43129, -197.80232],
						"4.3": {
							"pre": [118.40086, -396.43129, -197.80232],
							"post": [118.40086, -396.43129, -197.80232],
							"lerp_mode": "catmullrom"
						},
						"4.4333": {
							"post": [118.4, -396.43, -197.8],
							"lerp_mode": "catmullrom"
						},
						"4.5667": {
							"post": [112.95068, -371.0731, -184.64843],
							"lerp_mode": "catmullrom"
						},
						"4.7667": {
							"post": [107.70153, -378.44804, -164.29091],
							"lerp_mode": "catmullrom"
						},
						"5.1667": [86.95068, -414.0731, -167.64843],
						"5.2333": [87.45, -410.57, -168.15],
						"5.3667": [87.95, -415.07, -168.65],
						"5.5": {
							"pre": [86.68895, -425.55219, -166.16066],
							"post": [86.68895, -425.55219, -166.16066],
							"lerp_mode": "catmullrom"
						},
						"5.7667": {
							"post": [86.68895, -425.55219, -166.16066],
							"lerp_mode": "catmullrom"
						},
						"5.8667": {
							"post": [86.69, -410.55, -162.16],
							"lerp_mode": "catmullrom"
						},
						"8.3667": {
							"post": [86.69, -410.55, -162.16],
							"lerp_mode": "catmullrom"
						},
						"8.6": {
							"post": [85.69, -380.55, -153.16],
							"lerp_mode": "catmullrom"
						},
						"8.7": {
							"post": [85.69, -380.55, -153.16],
							"lerp_mode": "catmullrom"
						},
						"8.8333": {
							"post": [107.29273, -373.85552, -195.08587],
							"lerp_mode": "catmullrom"
						},
						"9.2": {
							"post": [118.4, -396.43, -197.8],
							"lerp_mode": "catmullrom"
						},
						"9.7667": [118.40086, -396.43129, -197.80232]
					},
					"position": {
						"0.3667": [8.0625, -9.5625, -5.6875],
						"4.3": {
							"pre": [8.0625, -9.5625, -5.6875],
							"post": [8.0625, -9.5625, -5.6875],
							"lerp_mode": "catmullrom"
						},
						"4.4333": {
							"post": [16.185, -11.6225, -5.69],
							"lerp_mode": "catmullrom"
						},
						"4.5667": {
							"post": [15.065, -7.3075, -5.69],
							"lerp_mode": "catmullrom"
						},
						"4.7667": {
							"post": [16.8825, -9.2475, -5.69],
							"lerp_mode": "catmullrom"
						},
						"4.9333": {
							"post": [17.8175, -13.0625, -5.69],
							"lerp_mode": "catmullrom"
						},
						"5.1667": [10.2575, -5.935, -1.815],
						"5.3667": [10.38, -5.93, -1.82],
						"5.5": {
							"pre": [10.8175, -5.93, -2.2575],
							"post": [10.8175, -5.93, -2.2575],
							"lerp_mode": "catmullrom"
						},
						"5.7667": {
							"post": [10.8175, -5.93, -2.2575],
							"lerp_mode": "catmullrom"
						},
						"5.8667": {
							"post": [12.82, -7.4925, -3.135],
							"lerp_mode": "catmullrom"
						},
						"8.3667": {
							"post": [12.82, -7.4925, -3.135],
							"lerp_mode": "catmullrom"
						},
						"8.6": {
							"post": [16.57, -9.555, -3.135],
							"lerp_mode": "catmullrom"
						},
						"8.7": {
							"post": [16.57, -9.3, -3.13],
							"lerp_mode": "catmullrom"
						},
						"8.8333": {
							"post": [14.945, -5.175, -3.13],
							"lerp_mode": "catmullrom"
						},
						"9.2": {
							"post": [16.185, -11.6225, -5.69],
							"lerp_mode": "catmullrom"
						},
						"9.7667": [8.0625, -9.5625, -5.6875]
					}
				},
				"mag_and_bullet": {
					"rotation": {
						"6.0333": {
							"pre": [0, 0, 0],
							"post": [0, 0, 0],
							"lerp_mode": "catmullrom"
						},
						"6.2333": {
							"post": [0, 0, 0],
							"lerp_mode": "catmullrom"
						},
						"6.4333": [0, 0, 0]
					},
					"position": {
						"6.0333": {
							"pre": [0, 0, 0],
							"post": [0, 0, 0],
							"lerp_mode": "catmullrom"
						},
						"6.2333": {
							"post": [0, 3.1875, 0],
							"lerp_mode": "catmullrom"
						},
						"6.4333": [0, 0, 0]
					}
				},
				"mag_cap": {
					"rotation": {
						"4.6": {
							"pre": [0, 0, 0],
							"post": [0, 0, 0],
							"lerp_mode": "catmullrom"
						},
						"4.7333": {
							"post": [0, 0, 37],
							"lerp_mode": "catmullrom"
						},
						"4.9333": {
							"post": [0, 0, 119],
							"lerp_mode": "catmullrom"
						},
						"6.1": {
							"post": [0, 0, 119],
							"lerp_mode": "catmullrom"
						},
						"6.2": {
							"post": [0, 0, 75],
							"lerp_mode": "catmullrom"
						},
						"6.2667": {
							"post": [0, 0, 62.6],
							"lerp_mode": "catmullrom"
						},
						"6.4333": {
							"post": [0, 0, 119],
							"lerp_mode": "catmullrom"
						},
						"8.4333": {
							"post": [0, 0, 119],
							"lerp_mode": "catmullrom"
						},
						"8.5667": {
							"post": [0, 0, 100],
							"lerp_mode": "catmullrom"
						},
						"8.6667": {
							"post": [0, 0, 80],
							"lerp_mode": "catmullrom"
						},
						"8.8333": [0, 0, 0]
					}
				},
				"mag_release": {
					"position": {
						"5.1667": [0, 0, 0],
						"5.3": [0, 0, -0.25],
						"5.6": [0, 0, 0]
					}
				},
				"righthand": {
					"rotation": [92.43315, 10.09916, -177.9528],
					"position": [-7, -7.4375, 1]
				}
			}
		},
		"inspect_empty": {
			"animation_length": 14.6333,
			"bones": {
				"lefthand": {
					"rotation": {
						"0.0": [118.40086, -396.43129, -197.80232],
						"0.1667": [118.40086, -396.43129, -197.80232],
						"4.1": {
							"pre": [118.40086, -396.43129, -197.80232],
							"post": [118.40086, -396.43129, -197.80232],
							"lerp_mode": "catmullrom"
						},
						"4.2333": {
							"post": [118.4, -396.43, -197.8],
							"lerp_mode": "catmullrom"
						},
						"4.3667": {
							"post": [112.95068, -371.0731, -184.64843],
							"lerp_mode": "catmullrom"
						},
						"4.5667": {
							"post": [107.70153, -378.44804, -164.29091],
							"lerp_mode": "catmullrom"
						},
						"4.9667": [86.95068, -414.0731, -167.64843],
						"5.0333": [87.45, -410.57, -168.15],
						"5.1667": [87.95, -415.07, -168.65],
						"5.3": {
							"pre": [86.68895, -425.55219, -166.16066],
							"post": [86.68895, -425.55219, -166.16066],
							"lerp_mode": "catmullrom"
						},
						"5.5667": {
							"post": [86.68895, -425.55219, -166.16066],
							"lerp_mode": "catmullrom"
						},
						"5.6667": {
							"post": [86.69, -410.55, -162.16],
							"lerp_mode": "catmullrom"
						},
						"5.8667": {
							"post": [111.66419, -406.59269, -195.05182],
							"lerp_mode": "catmullrom"
						},
						"6.0": {
							"post": [119.47671, -387.72067, -186.67206],
							"lerp_mode": "catmullrom"
						},
						"6.6": {
							"post": [138.09594, -386.71956, -199.87881],
							"lerp_mode": "catmullrom"
						},
						"7.2333": {
							"post": [138.09594, -386.71956, -199.87881],
							"lerp_mode": "catmullrom"
						},
						"7.3667": {
							"post": [138.09594, -386.71956, -199.87881],
							"lerp_mode": "catmullrom"
						},
						"8.2": {
							"post": [138.94, -386.33, -200.5],
							"lerp_mode": "catmullrom"
						},
						"8.3333": {
							"post": [144.04909, -360.49858, -221.2195],
							"lerp_mode": "catmullrom"
						},
						"12.8667": {
							"post": [85.69, -380.55, -153.16],
							"lerp_mode": "catmullrom"
						},
						"12.9667": {
							"post": [85.69, -380.55, -153.16],
							"lerp_mode": "catmullrom"
						},
						"13.1": {
							"post": [107.29273, -373.85552, -195.08587],
							"lerp_mode": "catmullrom"
						},
						"13.4667": {
							"post": [118.4, -396.43, -197.8],
							"lerp_mode": "catmullrom"
						},
						"14.0333": [118.40086, -396.43129, -197.80232]
					},
					"position": {
						"0.0": [8.0625, -9.5625, -5.6875],
						"0.1667": [8.0625, -9.5625, -5.6875],
						"4.1": {
							"pre": [8.0625, -9.5625, -5.6875],
							"post": [8.0625, -9.5625, -5.6875],
							"lerp_mode": "catmullrom"
						},
						"4.2333": {
							"post": [16.185, -11.6225, -5.69],
							"lerp_mode": "catmullrom"
						},
						"4.3667": {
							"post": [15.065, -7.3075, -5.69],
							"lerp_mode": "catmullrom"
						},
						"4.5667": {
							"post": [16.8825, -9.2475, -5.69],
							"lerp_mode": "catmullrom"
						},
						"4.7333": {
							"post": [17.8175, -13.0625, -5.69],
							"lerp_mode": "catmullrom"
						},
						"4.9667": [10.2575, -5.935, -1.815],
						"5.1667": [10.38, -5.93, -1.82],
						"5.3": {
							"pre": [10.8175, -5.93, -2.2575],
							"post": [10.8175, -5.93, -2.2575],
							"lerp_mode": "catmullrom"
						},
						"5.5667": {
							"post": [10.8175, -5.93, -2.2575],
							"lerp_mode": "catmullrom"
						},
						"5.6667": {
							"post": [15.7575, -7.4925, -3.135],
							"lerp_mode": "catmullrom"
						},
						"5.8667": {
							"post": [19.4675, -7.53, -3.16],
							"lerp_mode": "catmullrom"
						},
						"6.0": {
							"post": [19.33, -4.5925, -3.16],
							"lerp_mode": "catmullrom"
						},
						"6.1667": {
							"post": [19.15, -9.8475, -3.16],
							"lerp_mode": "catmullrom"
						},
						"6.4": {
							"post": [19.4675, -7.53, -3.16],
							"lerp_mode": "catmullrom"
						},
						"6.6": {
							"post": [17.8775, -7.965, -0.035],
							"lerp_mode": "catmullrom"
						},
						"7.2333": {
							"post": [17.8775, -7.965, -0.035],
							"lerp_mode": "catmullrom"
						},
						"7.3667": {
							"post": [15.815, -6.465, -0.035],
							"lerp_mode": "catmullrom"
						},
						"8.2": {
							"post": [15.73, -6.35, 0.02],
							"lerp_mode": "catmullrom"
						},
						"8.5": {
							"post": [17.3025, -16.0375, 0.03],
							"lerp_mode": "catmullrom"
						},
						"8.9667": {
							"post": [17.3025, -16.0375, 0.03],
							"lerp_mode": "catmullrom"
						},
						"9.6333": {
							"post": [8.0625, -9.5625, -5.6875],
							"lerp_mode": "catmullrom"
						},
						"11.5": {
							"post": [8.0625, -9.5625, -5.6875],
							"lerp_mode": "catmullrom"
						},
						"12.8667": {
							"post": [16.57, -9.555, -3.135],
							"lerp_mode": "catmullrom"
						},
						"12.9667": {
							"post": [16.57, -9.3, -3.13],
							"lerp_mode": "catmullrom"
						},
						"13.1": {
							"post": [14.945, -5.175, -3.13],
							"lerp_mode": "catmullrom"
						},
						"13.4667": {
							"post": [16.185, -11.6225, -5.69],
							"lerp_mode": "catmullrom"
						},
						"14.0333": [8.0625, -9.5625, -5.6875]
					}
				},
				"righthand": {
					"rotation": [92.43315, 10.09916, -177.9528],
					"position": [-7, -7.4375, 1]
				},
				"camera": {
					"rotation": {
						"0.5": {
							"pre": [0, 0, 0],
							"post": [0, 0, 0],
							"lerp_mode": "catmullrom"
						},
						"0.8333": {
							"post": [5, 9, 0],
							"lerp_mode": "catmullrom"
						},
						"1.4667": {
							"post": [4.94, 10.9, 0],
							"lerp_mode": "catmullrom"
						},
						"2.0333": {
							"post": [4.75, 10.53, 0],
							"lerp_mode": "catmullrom"
						},
						"2.5": {
							"post": [2.52, -11.98, 0],
							"lerp_mode": "catmullrom"
						},
						"2.9667": {
							"post": [2.52, -11.98, 0],
							"lerp_mode": "catmullrom"
						},
						"3.2333": {
							"post": [15.31, 8.67, 0],
							"lerp_mode": "catmullrom"
						},
						"3.6333": {
							"post": [15.31, 8.67, 0],
							"lerp_mode": "catmullrom"
						},
						"4.0333": {
							"post": [-7.33, -0.11, 0],
							"lerp_mode": "catmullrom"
						},
						"4.4": {
							"post": [-7.33, -0.11, 0],
							"lerp_mode": "catmullrom"
						},
						"4.6667": {
							"post": [-13.41, -0.11, 0],
							"lerp_mode": "catmullrom"
						},
						"5.0333": {
							"post": [-14.68, 1.89, 0],
							"lerp_mode": "catmullrom"
						},
						"5.2": {
							"post": [-17.99, 1.35, 0],
							"lerp_mode": "catmullrom"
						},
						"5.6667": {
							"post": [-18, -0.11, 0],
							"lerp_mode": "catmullrom"
						},
						"5.8333": {
							"post": [-7.33, -0.11, 0],
							"lerp_mode": "catmullrom"
						},
						"6.0333": {
							"post": [1, 0, 0],
							"lerp_mode": "catmullrom"
						},
						"6.2": {
							"post": [0, 0, 0],
							"lerp_mode": "catmullrom"
						},
						"6.7333": {
							"post": [4, -8, 0],
							"lerp_mode": "catmullrom"
						},
						"6.9667": {
							"post": [0, 0, 0],
							"lerp_mode": "catmullrom"
						},
						"7.2": {
							"post": [-3, 5, 0],
							"lerp_mode": "catmullrom"
						},
						"7.3667": {
							"post": [13, -15, 0],
							"lerp_mode": "catmullrom"
						},
						"8.3": {
							"post": [7, -15, 0],
							"lerp_mode": "catmullrom"
						},
						"8.5": {
							"post": [8.02, 14.95, 0],
							"lerp_mode": "catmullrom"
						},
						"8.7667": {
							"post": [8.02, 14.95, 0],
							"lerp_mode": "catmullrom"
						},
						"9.0333": {
							"post": [8.04, 26.85, 0],
							"lerp_mode": "catmullrom"
						},
						"9.5667": {
							"post": [8.04, 26.85, 0],
							"lerp_mode": "catmullrom"
						},
						"9.8333": {
							"post": [-1.41, 0.51, 0],
							"lerp_mode": "catmullrom"
						},
						"10.5333": {
							"post": [-1.41, 0.51, 0],
							"lerp_mode": "catmullrom"
						},
						"10.7667": {
							"post": [8.04, 26.85, 0],
							"lerp_mode": "catmullrom"
						},
						"11.1333": {
							"post": [8.04, 26.85, 0],
							"lerp_mode": "catmullrom"
						},
						"11.4": {
							"post": [-1.41, 0.51, 0],
							"lerp_mode": "catmullrom"
						},
						"11.5667": {
							"post": [-10.79, -0.69, 0],
							"lerp_mode": "catmullrom"
						},
						"11.7667": {
							"post": [4.03, -0.44, 0],
							"lerp_mode": "catmullrom"
						},
						"11.8667": {
							"post": [4.36, -10.27, 0],
							"lerp_mode": "catmullrom"
						},
						"12.0333": {
							"post": [3.97, 12.27, 0],
							"lerp_mode": "catmullrom"
						},
						"12.2": {
							"post": [4.36, -10.27, 0],
							"lerp_mode": "catmullrom"
						},
						"12.3667": {
							"post": [3.97, 12.27, 0],
							"lerp_mode": "catmullrom"
						},
						"12.9": {
							"post": [7.57, 1.84, 0],
							"lerp_mode": "catmullrom"
						},
						"13.1667": {
							"post": [-0.44, 2.94, 0],
							"lerp_mode": "catmullrom"
						},
						"13.4333": {
							"post": [-0.43, 0.5, 0],
							"lerp_mode": "catmullrom"
						},
						"13.7": {
							"post": [3.7, 0.17, 0],
							"lerp_mode": "catmullrom"
						},
						"13.9667": {
							"post": [-3.89, 0.1, 0],
							"lerp_mode": "catmullrom"
						},
						"14.1667": {
							"post": [0, 0, 0],
							"lerp_mode": "catmullrom"
						},
						"14.6333": [0, 0, 0]
					},
					"position": {
						"7.2": [0, 0, 0],
						"7.3667": [0.5, -0.8125, -1.6875],
						"8.3": [0.5, -0.8125, -1.6875],
						"8.5": [0, 0, 0]
					}
				},
				"SMG08": {
					"rotation": {
						"0.0": {
							"post": [0, 0, 0],
							"lerp_mode": "catmullrom"
						},
						"0.2333": {
							"post": [8, 0, 0],
							"lerp_mode": "catmullrom"
						},
						"0.4333": {
							"post": [9.76, -9, 7],
							"lerp_mode": "catmullrom"
						},
						"0.7": {
							"post": [-21.66, -19.86, -10.11],
							"lerp_mode": "catmullrom"
						},
						"1.3667": {
							"post": [-21.66, -19.86, -10.11],
							"lerp_mode": "catmullrom"
						},
						"2.0333": {
							"post": [-15.9, -13.28, -7.6],
							"lerp_mode": "catmullrom"
						},
						"2.3667": {
							"post": [-52.46693, 6.95385, 64.03545],
							"lerp_mode": "catmullrom"
						},
						"2.7333": {
							"post": [-62.86271, 18.26353, 63.74834],
							"lerp_mode": "catmullrom"
						},
						"3.6333": {
							"post": [-60.90116, 14.72441, 70.6463],
							"lerp_mode": "catmullrom"
						},
						"4.0333": {
							"post": [0, 0, 0],
							"lerp_mode": "catmullrom"
						},
						"4.1333": {
							"post": [0, 0, 0],
							"lerp_mode": "catmullrom"
						},
						"4.3": {
							"post": [-14, 0, -13],
							"lerp_mode": "catmullrom"
						},
						"4.4333": {
							"post": [-15, 1, -13],
							"lerp_mode": "catmullrom"
						},
						"4.5667": {
							"post": [-15, -2, -11],
							"lerp_mode": "catmullrom"
						},
						"4.7667": {
							"post": [-16, 1, -10],
							"lerp_mode": "catmullrom"
						},
						"4.9667": {
							"post": [-13, -2, -11],
							"lerp_mode": "catmullrom"
						},
						"5.1": {
							"post": [-12.5, -2, -11],
							"lerp_mode": "catmullrom"
						},
						"5.2333": {
							"post": [-11.94, -7.33, 4.56],
							"lerp_mode": "catmullrom"
						},
						"5.3333": {
							"post": [-4.5, -11, 22],
							"lerp_mode": "catmullrom"
						},
						"5.4667": {
							"post": [-0.5, -15, 26],
							"lerp_mode": "catmullrom"
						},
						"5.5": {
							"post": [-0.5, -15, 26],
							"lerp_mode": "catmullrom"
						},
						"5.7": {
							"post": [-7.5, 7, 15],
							"lerp_mode": "catmullrom"
						},
						"5.9333": {
							"post": [-15.5, -2, -19],
							"lerp_mode": "catmullrom"
						},
						"6.0667": {
							"post": [-17, -1, -18.5],
							"lerp_mode": "catmullrom"
						},
						"8.4667": {
							"post": [-15.61, -1.51, -18.12],
							"lerp_mode": "catmullrom"
						},
						"8.8": {
							"post": [0.29547, -56.82597, -38.54889],
							"lerp_mode": "catmullrom"
						},
						"9.5": {
							"post": [0.29547, -56.82597, -38.54889],
							"lerp_mode": "catmullrom"
						},
						"9.7333": {
							"post": [-5.14354, 4.46612, 8.69658],
							"lerp_mode": "catmullrom"
						},
						"9.9": {
							"post": [-8.11117, 25.94912, -11.34472],
							"lerp_mode": "catmullrom"
						},
						"10.0333": {
							"post": [-0.83574, -7.38545, 30.51071],
							"lerp_mode": "catmullrom"
						},
						"10.2333": {
							"post": [-8.11117, 25.94912, -11.34472],
							"lerp_mode": "catmullrom"
						},
						"10.3667": {
							"post": [-0.83574, -7.38545, 30.51071],
							"lerp_mode": "catmullrom"
						},
						"10.5333": {
							"post": [-5.14354, 4.46612, 8.69658],
							"lerp_mode": "catmullrom"
						},
						"10.8": {
							"post": [0.29547, -56.82597, -38.54889],
							"lerp_mode": "catmullrom"
						},
						"11.2333": {
							"post": [0.29547, -56.82597, -38.54889],
							"lerp_mode": "catmullrom"
						},
						"11.5333": {
							"post": [-15.61, -1.51, -18.12],
							"lerp_mode": "catmullrom"
						},
						"11.8": {
							"post": [15.05, 18.24, 3.65],
							"lerp_mode": "catmullrom"
						},
						"12.6667": {
							"post": [15.05, 18.24, 3.65],
							"lerp_mode": "catmullrom"
						},
						"12.9333": {
							"post": [-16.5, -6, -26],
							"lerp_mode": "catmullrom"
						},
						"13.0333": {
							"post": [-19.5, 11, -26],
							"lerp_mode": "catmullrom"
						},
						"13.1": {
							"post": [-19.5, 12, -28],
							"lerp_mode": "catmullrom"
						},
						"13.1667": {
							"post": [-19.5, 11, -26],
							"lerp_mode": "catmullrom"
						},
						"13.2667": {
							"post": [-16.5, -6, -26],
							"lerp_mode": "catmullrom"
						},
						"13.5": {
							"post": [5, 0, 7],
							"lerp_mode": "catmullrom"
						},
						"13.7333": {
							"post": [6, 0, 9],
							"lerp_mode": "catmullrom"
						},
						"13.9667": {
							"post": [-6, -1, -8],
							"lerp_mode": "catmullrom"
						},
						"14.1667": {
							"post": [-4.37, -0.66, -5.9],
							"lerp_mode": "catmullrom"
						},
						"14.3333": [0, 0, 0]
					},
					"position": {
						"0.0": {
							"post": [0, 0, 0],
							"lerp_mode": "catmullrom"
						},
						"0.2333": {
							"post": [0, -1.125, -0.01],
							"lerp_mode": "catmullrom"
						},
						"0.4333": {
							"post": [0, -1.09, -0.02],
							"lerp_mode": "catmullrom"
						},
						"0.7": {
							"post": [-1.4375, 1.72, -0.02],
							"lerp_mode": "catmullrom"
						},
						"1.3667": {
							"post": [-1.4375, 1.72, -0.02],
							"lerp_mode": "catmullrom"
						},
						"2.0333": {
							"post": [0.03, 1.29, -0.07],
							"lerp_mode": "catmullrom"
						},
						"2.3667": {
							"post": [0.04, 1.11, -0.08],
							"lerp_mode": "catmullrom"
						},
						"2.7333": {
							"post": [0.05, 1.91, -0.09],
							"lerp_mode": "catmullrom"
						},
						"3.6333": {
							"post": [0.05, 1.91, -0.09],
							"lerp_mode": "catmullrom"
						},
						"4.0333": {
							"post": [0, 0, 0],
							"lerp_mode": "catmullrom"
						},
						"4.1333": {
							"post": [-0.625, -0.125, 1.125],
							"lerp_mode": "catmullrom"
						},
						"4.3": {
							"post": [-0.62, -0.12, 1.13],
							"lerp_mode": "catmullrom"
						},
						"4.4333": {
							"post": [-0.62, -0.12, 1.13],
							"lerp_mode": "catmullrom"
						},
						"4.5667": {
							"post": [-0.62, -0.12, 1.13],
							"lerp_mode": "catmullrom"
						},
						"4.9667": {
							"post": [-0.62, -0.12, 1.13],
							"lerp_mode": "catmullrom"
						},
						"5.1": {
							"post": [-0.62, -0.12, 1.13],
							"lerp_mode": "catmullrom"
						},
						"5.2": {
							"post": [-0.62, 0.6325, 1.13],
							"lerp_mode": "catmullrom"
						},
						"5.3": {
							"post": [-0.62, 1, 1.13],
							"lerp_mode": "catmullrom"
						},
						"5.4667": {
							"post": [-0.62, 0.5, 1.13],
							"lerp_mode": "catmullrom"
						},
						"5.5667": {
							"post": [-1.11, -0.0675, 1.13],
							"lerp_mode": "catmullrom"
						},
						"5.7": {
							"post": [-1.495, -0.1875, 1.13],
							"lerp_mode": "catmullrom"
						},
						"5.9333": {
							"post": [-3.24, -0.44, 1.13],
							"lerp_mode": "catmullrom"
						},
						"6.0667": {
							"post": [-3.24, -0.315, 1.13],
							"lerp_mode": "catmullrom"
						},
						"8.4667": {
							"post": [-3.24, -0.37, 1.13],
							"lerp_mode": "catmullrom"
						},
						"8.8": {
							"post": [-3.99, -0.005, 0.505],
							"lerp_mode": "catmullrom"
						},
						"9.5": {
							"post": [-3.99, -0.005, 0.505],
							"lerp_mode": "catmullrom"
						},
						"9.7333": {
							"post": [-4.02, -0.09, 0.53],
							"lerp_mode": "catmullrom"
						},
						"9.9": {
							"post": [-4.755, -0.255, 0.6],
							"lerp_mode": "catmullrom"
						},
						"10.0333": {
							"post": [-5.415, -1.605, 0.62],
							"lerp_mode": "catmullrom"
						},
						"10.2333": {
							"post": [-4.755, -0.255, 0.6],
							"lerp_mode": "catmullrom"
						},
						"10.3667": {
							"post": [-5.415, -1.605, 0.62],
							"lerp_mode": "catmullrom"
						},
						"10.5333": {
							"post": [-4.02, -0.09, 0.53],
							"lerp_mode": "catmullrom"
						},
						"10.8": {
							"post": [-3.99, -0.005, 0.505],
							"lerp_mode": "catmullrom"
						},
						"11.2333": {
							"post": [-3.99, -0.005, 0.505],
							"lerp_mode": "catmullrom"
						},
						"11.5333": {
							"post": [-3.24, -0.37, 1.13],
							"lerp_mode": "catmullrom"
						},
						"11.8": {
							"post": [-3.78, -1.18, 1.18],
							"lerp_mode": "catmullrom"
						},
						"12.6667": {
							"post": [-3.78, -1.18, 1.18],
							"lerp_mode": "catmullrom"
						},
						"12.9333": {
							"post": [-5.05, -2.63, 1.13],
							"lerp_mode": "catmullrom"
						},
						"13.0333": {
							"post": [-5.7375, -2.63, 1.13],
							"lerp_mode": "catmullrom"
						},
						"13.1": {
							"post": [-5.74, -2.63, 1.13],
							"lerp_mode": "catmullrom"
						},
						"13.1667": {
							"post": [-5.7375, -2.63, 1.13],
							"lerp_mode": "catmullrom"
						},
						"13.2667": {
							"post": [-5.05, -2.63, 1.13],
							"lerp_mode": "catmullrom"
						},
						"13.5": {
							"post": [0.9375, -1.75, 0],
							"lerp_mode": "catmullrom"
						},
						"13.7333": {
							"post": [1.75, -0.6875, 0],
							"lerp_mode": "catmullrom"
						},
						"13.9667": {
							"post": [0, 0, 0],
							"lerp_mode": "catmullrom"
						},
						"14.1667": {
							"post": [-0.12, 0.05, 0],
							"lerp_mode": "catmullrom"
						},
						"14.3333": [0, 0, 0]
					}
				},
				"mag_and_bullet": {
					"position": {
						"5.2667": [0, 0, 0],
						"5.3667": [0, -24.4375, 36.75],
						"13.4333": [0, -24.4375, 36.75],
						"13.5333": [0, 0, 0]
					}
				},
				"mag_cap": {
					"rotation": {
						"4.4": {
							"pre": [0, 0, 0],
							"post": [0, 0, 0],
							"lerp_mode": "catmullrom"
						},
						"4.5333": {
							"post": [0, 0, 37],
							"lerp_mode": "catmullrom"
						},
						"4.7333": {
							"post": [0, 0, 119],
							"lerp_mode": "catmullrom"
						},
						"5.9": {
							"post": [0, 0, 119],
							"lerp_mode": "catmullrom"
						},
						"6.0": {
							"post": [0, 0, 75],
							"lerp_mode": "catmullrom"
						},
						"6.0667": {
							"post": [0, 0, 62.6],
							"lerp_mode": "catmullrom"
						},
						"6.2333": {
							"post": [0, 0, 119],
							"lerp_mode": "catmullrom"
						},
						"12.7": {
							"post": [0, 0, 119],
							"lerp_mode": "catmullrom"
						},
						"12.8333": {
							"post": [0, 0, 100],
							"lerp_mode": "catmullrom"
						},
						"12.9333": {
							"post": [0, 0, 80],
							"lerp_mode": "catmullrom"
						},
						"13.1": [0, 0, 0]
					}
				},
				"mag_release": {
					"position": {
						"4.9667": [0, 0, 0],
						"5.1": [0, 0, -0.25],
						"5.4": [0, 0, 0]
					}
				},
				"a_note": {
					"rotation": {
						"0.0": [0, 0, 0],
						"6.0333": {
							"pre": [-30.86748, -12.95254, 7.63074],
							"post": [-30.86748, -12.95254, 7.63074],
							"lerp_mode": "catmullrom"
						},
						"6.6": {
							"post": [-50.86748, -12.95254, 7.63074],
							"lerp_mode": "catmullrom"
						},
						"7.2333": {
							"post": [-50.86748, -12.95254, 7.63074],
							"lerp_mode": "catmullrom"
						},
						"7.3667": {
							"post": [-50.86748, -12.95254, 7.63074],
							"lerp_mode": "catmullrom"
						},
						"8.3667": {
							"post": [-50.86748, -12.95254, 7.63074],
							"lerp_mode": "catmullrom"
						},
						"9.2667": {
							"post": [-212.21762, 43.56997, 64.92452],
							"lerp_mode": "catmullrom"
						},
						"9.5": [0, 0, 0]
					},
					"position": {
						"5.3333": [0, 0, 0],
						"5.6667": {
							"pre": [6.8125, -0.1875, 0],
							"post": [6.8125, -0.1875, 0],
							"lerp_mode": "catmullrom"
						},
						"6.0333": {
							"post": [8.31, 4.9975, 1.3125],
							"lerp_mode": "catmullrom"
						},
						"6.2": {
							"post": [8.31, 0.1875, 1.31],
							"lerp_mode": "catmullrom"
						},
						"6.3667": {
							"post": [8.31, 1.69, 1.3725],
							"lerp_mode": "catmullrom"
						},
						"6.6": {
							"post": [8.06, 2.19, 4.1225],
							"lerp_mode": "catmullrom"
						},
						"7.2333": {
							"post": [8.06, 2.19, 4.1225],
							"lerp_mode": "catmullrom"
						},
						"7.3667": {
							"post": [5.56, 4.065, 4.06],
							"lerp_mode": "catmullrom"
						},
						"7.6": {
							"post": [5.57, 4.23, 4.445],
							"lerp_mode": "catmullrom"
						},
						"8.0333": {
							"post": [5.57, 4.4175, 4.445],
							"lerp_mode": "catmullrom"
						},
						"8.2667": {
							"post": [6.11, 4.625, 4.45],
							"lerp_mode": "catmullrom"
						},
						"8.4667": {
							"post": [5.57, 4.4175, 4.445],
							"lerp_mode": "catmullrom"
						},
						"8.7333": {
							"post": [4.54, -5.365, 1.4275],
							"lerp_mode": "catmullrom"
						},
						"9.2667": {
							"post": [-2.18, -14.465, 4.43],
							"lerp_mode": "catmullrom"
						},
						"9.5": [3.75, -25.875, 0]
					}
				}
			}
		},
		"shoot": {
			"animation_length": 0.5833,
			"bones": {
				"camera": {
					"rotation": {
						"0.0": {
							"post": [0, 0, -0.66266],
							"lerp_mode": "catmullrom"
						},
						"0.05": {
							"post": [0, 0, 0.66345],
							"lerp_mode": "catmullrom"
						},
						"0.0833": {
							"post": [0, 0, -0.38225],
							"lerp_mode": "catmullrom"
						},
						"0.1667": {
							"post": [0, 0, 0.32332],
							"lerp_mode": "catmullrom"
						},
						"0.25": {
							"post": [0, 0, -0.10589],
							"lerp_mode": "catmullrom"
						},
						"0.3333": {
							"post": [0, 0, 0.04291],
							"lerp_mode": "catmullrom"
						},
						"0.4167": {
							"post": [0, 0, 0.0004],
							"lerp_mode": "catmullrom"
						},
						"0.5833": {
							"post": [0, 0, 0],
							"lerp_mode": "catmullrom"
						}
					}
				},
				"SMG08": {
					"rotation": {
						"0.0": {
							"post": [0, 0, 0],
							"lerp_mode": "catmullrom"
						},
						"0.0833": {
							"post": [-1.55, 0.2875, -0.46087],
							"lerp_mode": "catmullrom"
						},
						"0.15": {
							"post": [-0.82, -0.1, -0.15088],
							"lerp_mode": "catmullrom"
						},
						"0.2": {
							"post": [0, 0, 0.19788],
							"lerp_mode": "catmullrom"
						},
						"0.2667": {
							"post": [0.08, 0.01, 0.44588],
							"lerp_mode": "catmullrom"
						},
						"0.4": {
							"post": [-0.0025, 0.01, 0.01963],
							"lerp_mode": "catmullrom"
						},
						"0.5833": {
							"post": [0, 0, 0],
							"lerp_mode": "catmullrom"
						}
					},
					"position": {
						"0.0": {
							"post": [0, 0, 0],
							"lerp_mode": "catmullrom"
						},
						"0.05": {
							"post": [-0.1, -0.05, 1.5],
							"lerp_mode": "catmullrom"
						},
						"0.1167": {
							"post": [0.2, 0, 0.33],
							"lerp_mode": "catmullrom"
						},
						"0.1833": {
							"post": [0, 0, -0.125],
							"lerp_mode": "catmullrom"
						},
						"0.3333": {
							"post": [0, 0, 0.03122],
							"lerp_mode": "catmullrom"
						},
						"0.5833": {
							"post": [0, 0, 0],
							"lerp_mode": "catmullrom"
						}
					}
				}
			}
		},
		"run_start": {
			"animation_length": 1.0833,
			"bones": {
				"root": {
					"rotation": {
						"0.0": {
							"post": [0, 0, 0],
							"lerp_mode": "catmullrom"
						},
						"0.4583": {
							"post": [5.85268, 0, 11.29624],
							"lerp_mode": "catmullrom"
						},
						"0.75": {
							"post": [10.41518, 1.15, 17.29624],
							"lerp_mode": "catmullrom"
						},
						"0.9167": {
							"post": [4.5075, -18.21, 14.21],
							"lerp_mode": "catmullrom"
						},
						"1.0833": {
							"post": [-6.56, -42.44, 26.74],
							"lerp_mode": "catmullrom"
						}
					},
					"position": {
						"0.0": {
							"post": [0, 0, 0],
							"lerp_mode": "catmullrom"
						},
						"0.1667": {
							"post": [-0.06605, -1.0625, 1.5],
							"lerp_mode": "catmullrom"
						},
						"0.3333": {
							"post": [-0.47616, -1.125, 2.5],
							"lerp_mode": "catmullrom"
						},
						"0.4583": {
							"post": [-1.3249, -1.9375, 2.5],
							"lerp_mode": "catmullrom"
						},
						"0.625": {
							"post": [-1.9099, -1.9225, 2.55],
							"lerp_mode": "catmullrom"
						},
						"0.7917": {
							"post": [-2.3034, -2.25, 2.5],
							"lerp_mode": "catmullrom"
						},
						"0.9583": {
							"post": [-0.31, -1.39, 1.83],
							"lerp_mode": "catmullrom"
						},
						"1.0833": {
							"post": [1.18, -1.49, 2.39],
							"lerp_mode": "catmullrom"
						}
					}
				}
			}
		},
		"run": {
			"loop": true,
			"animation_length": 0.6667,
			"bones": {
				"root": {
					"rotation": {
						"0.0": {
							"post": [-8, -45.5, 28.5],
							"lerp_mode": "catmullrom"
						},
						"0.25": {
							"post": [-8, -51, 28.5],
							"lerp_mode": "catmullrom"
						},
						"0.375": {
							"post": [-8, -51, 28.5],
							"lerp_mode": "catmullrom"
						},
						"0.5417": {
							"post": [-8, -47, 28.5],
							"lerp_mode": "catmullrom"
						},
						"0.6667": {
							"post": [-8, -45.5, 28.5],
							"lerp_mode": "catmullrom"
						}
					},
					"position": {
						"0.0": {
							"post": [1.4075, -1.51875, 2.5],
							"lerp_mode": "catmullrom"
						},
						"0.125": {
							"post": [2.13319, -0.73125, 2.5],
							"lerp_mode": "catmullrom"
						},
						"0.2083": {
							"post": [2.13319, -0.73125, 2.5],
							"lerp_mode": "catmullrom"
						},
						"0.3333": {
							"post": [1.39344, -1.51875, 2.5],
							"lerp_mode": "catmullrom"
						},
						"0.4583": {
							"post": [0.61931, -0.73125, 2.5],
							"lerp_mode": "catmullrom"
						},
						"0.5417": {
							"post": [0.61931, -0.73125, 2.5],
							"lerp_mode": "catmullrom"
						},
						"0.6667": {
							"post": [1.4075, -1.51875, 2.5],
							"lerp_mode": "catmullrom"
						}
					}
				}
			}
		},
		"run_hold": {
			"loop": true,
			"bones": {
				"root": {
					"rotation": [-8, -45.5, 28.5],
					"position": [1.4075, -1.26875, 3]
				}
			}
		}
	}
}