{
	"format_version": "1.8.0",
	"animations": {
		"static_idle": {
			"loop": true,
			"bones": {
				"right_hand": {
					"rotation": [83.24097, -21.06286, -26.22848],
					"position": [5, -13, -2],
					"scale": [1, 1.2, 1]
				},
				"left_hand": {
					"rotation": [98.92578, 20.64981, 41.84648],
					"position": [-3.6875, -10.75, -14.5],
					"scale": [1, 1.3, 1]
				},
				"pin": {
					"position": [0, 0, 0]
				},
				"constraint": {
					"rotation": [0.15, 0.15, 0.15],
					"position": [0.15, 0.15, 0.15]
				}
			}
		},
		"static_bolt_caught": {
			"loop": true,
			"bones": {
				"pin": {
					"position": [0, 0, -0.5]
				}
			}
		},
		"reload_empty": {
			"loop": "hold_on_last_frame",
			"animation_length": 4.0417,
			"bones": {
				"root": {
					"rotation": {
						"0.0": {
							"post": [0, 0, 0],
							"lerp_mode": "catmullrom"
						},
						"0.2917": {
							"post": [-1.43845, 0.41921, 4.10967],
							"lerp_mode": "catmullrom"
						},
						"0.625": {
							"post": [-2.56345, -0.26829, 6.67217],
							"lerp_mode": "catmullrom"
						},
						"1.0": {
							"post": [-8.12657, 3.73171, 17.10967],
							"lerp_mode": "catmullrom"
						},
						"1.25": {
							"post": [-9.88197, 3.99, 16.91],
							"lerp_mode": "catmullrom"
						},
						"2.6667": {
							"post": [-9.2047, 3.73171, 17.10967],
							"lerp_mode": "catmullrom"
						},
						"2.9583": {
							"post": [-8.38467, 0, 3],
							"lerp_mode": "catmullrom"
						},
						"3.2917": {
							"post": [2.25, 0, -0.5625],
							"lerp_mode": "catmullrom"
						},
						"3.6667": {
							"post": [0, 0, 0],
							"lerp_mode": "catmullrom"
						},
						"4.0417": {
							"post": [0, 0, 0],
							"lerp_mode": "catmullrom"
						}
					},
					"position": {
						"0.0": {
							"post": [0, 0, 0],
							"lerp_mode": "catmullrom"
						},
						"0.0833": {
							"post": [0, -0.155, -0.0325],
							"lerp_mode": "catmullrom"
						},
						"0.25": {
							"post": [0, -0.0625, 0],
							"lerp_mode": "catmullrom"
						},
						"0.3333": {
							"post": [0, -0.2325, 0.6925],
							"lerp_mode": "catmullrom"
						},
						"0.4583": {
							"post": [-0.04, -0.24, 0.2],
							"lerp_mode": "catmullrom"
						},
						"0.5833": {
							"post": [0, -0.5, 0.3125],
							"lerp_mode": "catmullrom"
						},
						"0.8333": {
							"post": [0.4375, -2, 1.815],
							"lerp_mode": "catmullrom"
						},
						"1.0": {
							"post": [0.5, -2.625, 2],
							"lerp_mode": "catmullrom"
						},
						"1.2917": {
							"post": [0.5, -2.75, 1],
							"lerp_mode": "catmullrom"
						},
						"1.4167": {
							"post": [0.5, -2.6875, 1],
							"lerp_mode": "catmullrom"
						},
						"1.5417": {
							"post": [0.5, -2.6875, -0.5],
							"lerp_mode": "catmullrom"
						},
						"1.7083": {
							"post": [0.5, -2.5625, 0.5625],
							"lerp_mode": "catmullrom"
						},
						"2.0833": {
							"post": [0.4375, -2.4125, 0.62],
							"lerp_mode": "catmullrom"
						},
						"2.1667": {
							"post": [0.6875, -1.29, -2.28],
							"lerp_mode": "catmullrom"
						},
						"2.5833": {
							"post": [0.1875, -2.125, 1],
							"lerp_mode": "catmullrom"
						},
						"2.9167": {
							"post": [0, 0.5, -1],
							"lerp_mode": "catmullrom"
						},
						"3.1667": {
							"post": [0, -1.0625, -0.5],
							"lerp_mode": "catmullrom"
						},
						"3.5": {
							"post": [0, -0.5625, 0],
							"lerp_mode": "catmullrom"
						},
						"3.75": {
							"post": [0, -0.0225, 0.03],
							"lerp_mode": "catmullrom"
						},
						"4.0417": {
							"post": [0, 0, 0],
							"lerp_mode": "catmullrom"
						}
					}
				},
				"bolt": {
					"position": {
						"0.2083": [0, 0, 0],
						"0.25": [0, 0, 6],
						"2.0417": [0, 0, 6],
						"2.125": [0, 0, 0]
					}
				},
				"bullet": {
					"rotation": {
						"0.25": [0, 0, 0],
						"0.5": [720, 720, 0],
						"0.7083": [0, 0, 0],
						"1.0417": [0, -20, 0],
						"1.2083": [11.17632, -21.89499, 9.65259],
						"1.2917": [8.67632, -21.89499, 9.65259],
						"1.4167": [8.67632, -21.89499, 9.65259],
						"1.5417": [0, 0, 0]
					},
					"position": {
						"0.0": [0, 0, 0],
						"0.1667": [0, 0, 0],
						"0.2083": [0, 0, 2.5],
						"0.25": {
							"pre": [0, 0, 7],
							"post": [-1, 0, 7]
						},
						"0.5": [-42.93, 9.21, 9.42],
						"0.7083": {
							"pre": [-18.61, -18.78, 19.22],
							"post": [-18.61, -18.78, 19.22],
							"lerp_mode": "catmullrom"
						},
						"0.8333": {
							"post": [-4.72, -2.76, 20.04],
							"lerp_mode": "catmullrom"
						},
						"1.0417": [-4.16, 2.12, 20.35],
						"1.125": [-0.665, 0.3775, 5.86],
						"1.25": [0, 0, 5],
						"1.375": [0, 0, 5],
						"1.5417": [-0.25, 0, 1.5],
						"2.0833": [-0.25, 0, 1.5],
						"2.125": [0, 0, 0]
					}
				},
				"rotate": {
					"rotation": {
						"0.0": [0, 0, 0],
						"0.0417": [0, 0, 0],
						"0.125": [0, 0, 90],
						"2.0833": [0, 0, 90],
						"2.1667": [0, 0, 78],
						"2.2917": [0, 0, 0]
					}
				},
				"pin": {
					"position": {
						"0.0": [0, 0, -0.5],
						"2.0417": [0, 0, -0.5],
						"2.125": [0, 0, 0]
					}
				},
				"right_hand": {
					"rotation": {
						"0.0": [83.24097, -21.06286, -26.22848],
						"0.0833": {
							"pre": [74.24, 0.49, 53.64],
							"post": [74.24, 0.49, 53.64],
							"lerp_mode": "catmullrom"
						},
						"0.2083": {
							"post": [76.18, 2.23, 81.37],
							"lerp_mode": "catmullrom"
						},
						"0.25": [36.19123, 2.03846, 86.08519],
						"0.4583": [37.19123, 2.03846, 86.08519],
						"0.75": {
							"pre": [157.18236, -15.42888, 14.95616],
							"post": [157.18236, -15.42888, 14.95616],
							"lerp_mode": "catmullrom"
						},
						"1.0": {
							"post": [123.88435, -16.07001, -8.13317],
							"lerp_mode": "catmullrom"
						},
						"1.2083": [87.00717, -19.83268, 24.84511],
						"1.5": [85.41967, -19.83268, 24.84511],
						"1.5417": [96.86386, -14.8432, 24.43647],
						"1.7083": [96.86386, -14.5807, 24.43647],
						"1.8333": {
							"pre": [72.16591, -7.37602, 25.91755],
							"post": [72.16591, -7.37602, 25.91755],
							"lerp_mode": "catmullrom"
						},
						"2.0417": {
							"post": [71.7368, 2.18534, 53.00075],
							"lerp_mode": "catmullrom"
						},
						"2.125": {
							"post": [80.93137, -0.68166, 75.62754],
							"lerp_mode": "catmullrom"
						},
						"2.25": {
							"post": [93.63698, -7.19222, -1.85153],
							"lerp_mode": "catmullrom"
						},
						"2.4583": [83.24097, -21.06286, -26.22848]
					},
					"position": {
						"0.0": [5, -13, -2],
						"0.0417": {
							"pre": [1.5, -8, -3.81],
							"post": [1.5, -8, -3.81],
							"lerp_mode": "catmullrom"
						},
						"0.125": {
							"post": [5.425, -4.63, -4.28],
							"lerp_mode": "catmullrom"
						},
						"0.2083": {
							"post": [6, -4.13, -3.905],
							"lerp_mode": "catmullrom"
						},
						"0.25": [6, -5.5, 1.5],
						"0.4583": [6, -5.5, 1.5],
						"0.5417": {
							"pre": [1.36, -7.36, 2.51],
							"post": [1.36, -7.36, 2.51],
							"lerp_mode": "catmullrom"
						},
						"0.75": {
							"post": [0, -16, 4],
							"lerp_mode": "catmullrom"
						},
						"1.0": {
							"post": [0, -5, 3],
							"lerp_mode": "catmullrom"
						},
						"1.125": {
							"post": [3.375, -7, -8.525],
							"lerp_mode": "catmullrom"
						},
						"1.2917": {
							"post": [3.75, -7, -9.75],
							"lerp_mode": "catmullrom"
						},
						"1.4583": {
							"post": [3.875, -7, -10.1875],
							"lerp_mode": "catmullrom"
						},
						"1.5": [4.5, -8, -14.75],
						"1.6667": [4.4925, -8.05, -14.6725],
						"1.7917": {
							"pre": [2.5, -5, 2.25],
							"post": [2.5, -5, 2.25],
							"lerp_mode": "catmullrom"
						},
						"2.0417": {
							"post": [5.48, -4.76, 2.71],
							"lerp_mode": "catmullrom"
						},
						"2.0833": {
							"post": [6, -4.75, -3.75],
							"lerp_mode": "catmullrom"
						},
						"2.25": {
							"post": [2.14, -6.61, -4.23],
							"lerp_mode": "catmullrom"
						},
						"2.3333": {
							"post": [1.94, -9.15, -3.43],
							"lerp_mode": "catmullrom"
						},
						"2.4583": [5, -13, -2]
					}
				},
				"camera": {
					"rotation": {
						"0.0": {
							"post": [0, 0, 0],
							"lerp_mode": "catmullrom"
						},
						"0.1667": {
							"post": [0.57, 0.14, 2.05],
							"lerp_mode": "catmullrom"
						},
						"0.25": {
							"post": [0.45067, 0.74949, 0.32655],
							"lerp_mode": "catmullrom"
						},
						"0.2917": {
							"post": [-1.27351, 0.61621, 7.51459],
							"lerp_mode": "catmullrom"
						},
						"0.3333": {
							"post": [0.91923, 1.27441, -3.24721],
							"lerp_mode": "catmullrom"
						},
						"0.4167": {
							"post": [0.78824, 0.87396, 1.96923],
							"lerp_mode": "catmullrom"
						},
						"0.5833": {
							"post": [1.53, 0.62, 1.325],
							"lerp_mode": "catmullrom"
						},
						"0.7083": {
							"post": [2.34758, 1.04893, 1.3736],
							"lerp_mode": "catmullrom"
						},
						"0.875": {
							"post": [2.77991, 2.54031, 1.43171],
							"lerp_mode": "catmullrom"
						},
						"1.2083": {
							"post": [2.34456, 3.03618, 1.031],
							"lerp_mode": "catmullrom"
						},
						"1.4167": {
							"post": [2.83399, 2.67346, 1.22422],
							"lerp_mode": "catmullrom"
						},
						"1.5": {
							"post": [3.72361, 2.27868, 4.71839],
							"lerp_mode": "catmullrom"
						},
						"1.5833": {
							"post": [1.84528, 2.40962, 0.69666],
							"lerp_mode": "catmullrom"
						},
						"1.6667": {
							"post": [2.72425, 2.0764, 1.6723],
							"lerp_mode": "catmullrom"
						},
						"1.75": {
							"post": [2.83399, 2.67346, 1.22422],
							"lerp_mode": "catmullrom"
						},
						"2.0417": {
							"post": [2.2499, 1.52243, 1.17418],
							"lerp_mode": "catmullrom"
						},
						"2.125": {
							"post": [3.44644, 2.69443, 7.54817],
							"lerp_mode": "catmullrom"
						},
						"2.1667": {
							"post": [1.88288, 2.77762, 0.37116],
							"lerp_mode": "catmullrom"
						},
						"2.2083": {
							"post": [2.57916, 2.40712, 2.88031],
							"lerp_mode": "catmullrom"
						},
						"2.2917": {
							"post": [2.40032, 0.45187, 1.34993],
							"lerp_mode": "catmullrom"
						},
						"2.5833": {
							"post": [3.67, 1.77, 2.11],
							"lerp_mode": "catmullrom"
						},
						"2.9167": {
							"post": [0.49398, 0.49577, 0.88693],
							"lerp_mode": "catmullrom"
						},
						"3.1667": {
							"post": [1.97964, -0.18966, 1.07517],
							"lerp_mode": "catmullrom"
						},
						"3.625": {
							"post": [0.125, 0, 0.125],
							"lerp_mode": "catmullrom"
						},
						"4.0417": {
							"post": [0, 0, 0],
							"lerp_mode": "catmullrom"
						}
					}
				}
			},
			"sound_effects": {
				"0.0": {
					"effect": "boltopen"
				},
				"0.5": {
					"effect": "bf1:tg1918/insert"
				},
				"1.9167": {
					"effect": "bf1:tg1918/boltclose"
				}
			}
		},
		"shoot": {
			"loop": "hold_on_last_frame",
			"animation_length": 2.1333,
			"bones": {
				"root": {
					"rotation": {
						"0.0": {
							"post": [0, 0, 0],
							"lerp_mode": "catmullrom"
						},
						"0.0333": {
							"post": [3.49069, 0.15232, -7.12335],
							"lerp_mode": "catmullrom"
						},
						"0.0667": {
							"post": [-9.32024, 1.33042, 4.18039],
							"lerp_mode": "catmullrom"
						},
						"0.1": {
							"post": [-13.88564, -0.61289, -0.92912],
							"lerp_mode": "catmullrom"
						},
						"0.2333": {
							"post": [-16.6388, -0.64862, 0.83091],
							"lerp_mode": "catmullrom"
						},
						"0.3667": {
							"post": [-16.97698, -0.95049, -0.2973],
							"lerp_mode": "catmullrom"
						},
						"0.6": {
							"post": [-13.92425, 0.27786, 0.52727],
							"lerp_mode": "catmullrom"
						},
						"0.8": {
							"post": [0.48068, -0.21405, -0.03523],
							"lerp_mode": "catmullrom"
						},
						"0.9667": {
							"post": [2.65012, 0.076, -0.03523],
							"lerp_mode": "catmullrom"
						},
						"1.2667": {
							"post": [-1.01, 0.07, 0],
							"lerp_mode": "catmullrom"
						},
						"1.6667": {
							"post": [0.04509, 0.01634, 0],
							"lerp_mode": "catmullrom"
						},
						"2.1333": {
							"post": [0, 0, 0],
							"lerp_mode": "catmullrom"
						}
					},
					"position": {
						"0.0": {
							"post": [0, 0, 0],
							"lerp_mode": "catmullrom"
						},
						"0.0333": {
							"post": [0, -0.75, 3.325],
							"lerp_mode": "catmullrom"
						},
						"0.1": {
							"post": [0, -0.0125, 3.58],
							"lerp_mode": "catmullrom"
						},
						"0.1667": {
							"post": [-0.125, -0.32, 3.65],
							"lerp_mode": "catmullrom"
						},
						"0.4": {
							"post": [-0.075, -0.4275, 3.37],
							"lerp_mode": "catmullrom"
						},
						"0.5667": {
							"post": [0, -0.47, 2.015],
							"lerp_mode": "catmullrom"
						},
						"0.7667": {
							"post": [0, -0.78, 0.405],
							"lerp_mode": "catmullrom"
						},
						"1.1667": {
							"post": [0, -0.29, -0.19],
							"lerp_mode": "catmullrom"
						},
						"1.4": {
							"post": [0, -0.025, 0.1],
							"lerp_mode": "catmullrom"
						},
						"1.6333": {
							"post": [0.03125, -0.045, -0.03],
							"lerp_mode": "catmullrom"
						},
						"2.1333": {
							"post": [0, 0, 0],
							"lerp_mode": "catmullrom"
						}
					}
				},
				"constraint": {
					"rotation": {
						"1.1": [0.25, 0.3, 0.5],
						"1.7": [0.15, 0.15, 0.15]
					},
					"position": {
						"1.1": [0.3, 0.2, 0.35],
						"1.7": [0.15, 0.15, 0.15]
					}
				},
				"camera": {
					"rotation": {
						"0.0": {
							"post": [7, 6, -20],
							"lerp_mode": "catmullrom"
						},
						"0.0333": {
							"post": [0, -1.5, 9.71475],
							"lerp_mode": "catmullrom"
						},
						"0.0667": {
							"post": [-4, 0, -8.01375],
							"lerp_mode": "catmullrom"
						},
						"0.1": {
							"post": [0, 0, 4.55164],
							"lerp_mode": "catmullrom"
						},
						"0.1333": {
							"post": [3, 0, -3.12927],
							"lerp_mode": "catmullrom"
						},
						"0.2333": {
							"post": [0, 0, 1.31715],
							"lerp_mode": "catmullrom"
						},
						"0.3667": {
							"post": [0, 0, -0.76684],
							"lerp_mode": "catmullrom"
						},
						"0.5333": {
							"post": [0, 0, 0.54103],
							"lerp_mode": "catmullrom"
						},
						"0.7": {
							"post": [0, 0, -0.4],
							"lerp_mode": "catmullrom"
						},
						"0.9": {
							"post": [0.34, 0, 0.3],
							"lerp_mode": "catmullrom"
						},
						"1.1333": {
							"post": [0.5, 0, -0.05],
							"lerp_mode": "catmullrom"
						},
						"1.4": {
							"post": [0.26, 0, 0.125],
							"lerp_mode": "catmullrom"
						},
						"1.7333": {
							"post": [0, 0, 0],
							"lerp_mode": "catmullrom"
						},
						"2.1333": {
							"post": [0, 0, 0],
							"lerp_mode": "catmullrom"
						}
					}
				}
			},
			"sound_effects": {
				"0.0": {
					"effect": "shoot"
				}
			}
		},
		"draw": {
			"loop": "hold_on_last_frame",
			"animation_length": 2.75,
			"bones": {
				"root": {
					"rotation": {
						"0.0": {
							"post": [-98, 0, -17.5],
							"lerp_mode": "catmullrom"
						},
						"0.5": {
							"post": [-80.03, 0, -8.7],
							"lerp_mode": "catmullrom"
						},
						"0.75": {
							"post": [-67, 0, -2.5],
							"lerp_mode": "catmullrom"
						},
						"1.4167": {
							"post": [-58.91, 0, 0],
							"lerp_mode": "catmullrom"
						},
						"1.75": {
							"post": [4.63, 0, 0],
							"lerp_mode": "catmullrom"
						},
						"2.375": {
							"post": [0.5, 0, 0],
							"lerp_mode": "catmullrom"
						},
						"2.75": {
							"post": [0, 0, 0],
							"lerp_mode": "catmullrom"
						}
					},
					"position": {
						"0.0": {
							"post": [0, -20, 2],
							"lerp_mode": "catmullrom"
						},
						"0.4583": {
							"post": [0, -2, 0],
							"lerp_mode": "catmullrom"
						},
						"0.6667": {
							"post": [0, -9.25, 0.75],
							"lerp_mode": "catmullrom"
						},
						"1.0": {
							"post": [0, -10.5, 1.25],
							"lerp_mode": "catmullrom"
						},
						"1.2917": {
							"post": [0, -1.38, 0.1],
							"lerp_mode": "catmullrom"
						},
						"1.5833": {
							"post": [0, -1.35, -0.01],
							"lerp_mode": "catmullrom"
						},
						"2.3333": {
							"post": [0, 0, 0],
							"lerp_mode": "catmullrom"
						},
						"2.75": {
							"post": [0, 0, 0],
							"lerp_mode": "catmullrom"
						}
					}
				},
				"camera": {
					"rotation": {
						"0.0": {
							"post": [0, 0, 0],
							"lerp_mode": "catmullrom"
						},
						"0.125": {
							"post": [0.45974, 2.30847, -4.9828],
							"lerp_mode": "catmullrom"
						},
						"0.25": {
							"post": [0.56121, -0.45368, -7.00698],
							"lerp_mode": "catmullrom"
						},
						"0.375": {
							"post": [-3.98107, -0.43523, -4.98107],
							"lerp_mode": "catmullrom"
						},
						"0.4583": {
							"post": [-4.019, 4.98093, -0.43688],
							"lerp_mode": "catmullrom"
						},
						"0.625": {
							"post": [-0.22, 0, 0],
							"lerp_mode": "catmullrom"
						},
						"0.7083": {
							"post": [2.47178, -0.65182, 4.95744],
							"lerp_mode": "catmullrom"
						},
						"0.75": {
							"post": [2.53153, -0.77613, 7.88475],
							"lerp_mode": "catmullrom"
						},
						"0.8333": {
							"post": [2.58976, -0.53728, 3.05244],
							"lerp_mode": "catmullrom"
						},
						"0.9167": {
							"post": [2.58461, -0.56319, 4.13958],
							"lerp_mode": "catmullrom"
						},
						"1.2083": {
							"post": [-1, 0, 0],
							"lerp_mode": "catmullrom"
						},
						"1.4167": {
							"post": [-0.2, -0.07, -3.3],
							"lerp_mode": "catmullrom"
						},
						"1.5417": {
							"post": [0.47178, -0.15182, -0.04256],
							"lerp_mode": "catmullrom"
						},
						"1.625": {
							"post": [0.53153, -0.27613, 1.13475],
							"lerp_mode": "catmullrom"
						},
						"1.7083": {
							"post": [0.58976, -0.03728, -0.69756],
							"lerp_mode": "catmullrom"
						},
						"1.8333": {
							"post": [0.58461, -0.06319, 0.26458],
							"lerp_mode": "catmullrom"
						},
						"2.2917": {
							"post": [0, 0, 0],
							"lerp_mode": "catmullrom"
						},
						"3.0": {
							"post": [0, 0, 0],
							"lerp_mode": "catmullrom"
						}
					}
				},
				"left_hand": {
					"rotation": {
						"0.0": [98.92578, 13.89981, 41.84648],
						"0.7083": [98.92578, 13.89981, 41.84648],
						"0.875": [98.92578, 20.64981, 41.84648]
					},
					"position": {
						"0.7083": [-3.6875, -10.75, -17.5],
						"0.875": [-3.6875, -10.75, -14.5]
					},
					"scale": [1, 1.3, 1]
				}
			},
			"sound_effects": {
				"0.5": {
					"effect": "bf1:impact1"
				},
				"1.5": {
					"effect": "bf1:impact2"
				}
			}
		},
		"put_away": {
			"animation_length": 1.2917,
			"bones": {
				"root": {
					"rotation": {
						"0.0": {
							"post": [0, 0, 0],
							"lerp_mode": "catmullrom"
						},
						"0.25": {
							"post": [-4.53, -1.25, 4.58],
							"lerp_mode": "catmullrom"
						},
						"0.4583": {
							"post": [-27.15, -7.52, -8.53],
							"lerp_mode": "catmullrom"
						},
						"0.5833": {
							"post": [-40.73045, -11.28181, -12.80042],
							"lerp_mode": "catmullrom"
						},
						"0.7083": {
							"post": [-56.50268, -7.98916, -16.98839],
							"lerp_mode": "catmullrom"
						},
						"0.875": {
							"post": [-76.65856, 20.10068, 0.608],
							"lerp_mode": "catmullrom"
						},
						"1.0": {
							"post": [-83.98409, 33.68, 8.77],
							"lerp_mode": "catmullrom"
						},
						"1.1667": {
							"post": [-90.56912, 35.33, 10.02],
							"lerp_mode": "catmullrom"
						},
						"1.2917": {
							"post": [-89.38, 35.33, 10.02],
							"lerp_mode": "catmullrom"
						}
					},
					"position": {
						"0.0": {
							"post": [0, 0, 0],
							"lerp_mode": "catmullrom"
						},
						"0.25": {
							"post": [-0.38, -1.39, 0.09],
							"lerp_mode": "catmullrom"
						},
						"0.4167": {
							"post": [-1.325, -3, 0.28],
							"lerp_mode": "catmullrom"
						},
						"0.5417": {
							"post": [-1.95, -3.9, 1.95],
							"lerp_mode": "catmullrom"
						},
						"0.7083": {
							"post": [-2.2, -5.555, 4.37],
							"lerp_mode": "catmullrom"
						},
						"0.9167": {
							"post": [-4.7, -9.48, 7.94],
							"lerp_mode": "catmullrom"
						},
						"1.1667": {
							"post": [-7.59, -13.82, 14.07],
							"lerp_mode": "catmullrom"
						},
						"1.2917": {
							"post": [-7.59, -13.82, 14.07],
							"lerp_mode": "catmullrom"
						}
					}
				},
				"right_hand": {
					"rotation": {
						"0.0417": [83.24097, -21.06286, -26.22848],
						"0.2083": {
							"pre": [56.24, -17.42, 5.54],
							"post": [56.24, -17.42, 5.54],
							"lerp_mode": "catmullrom"
						},
						"0.5": {
							"post": [80.11329, -2.62543, 156.54956],
							"lerp_mode": "catmullrom"
						},
						"0.75": [55.12373, -0.1625, 156.12044]
					},
					"position": {
						"0.0417": [4, -12, -2],
						"0.25": {
							"pre": [0.89, -6.37, -10.74],
							"post": [0.89, -6.37, -10.74],
							"lerp_mode": "catmullrom"
						},
						"0.5417": {
							"post": [8.25, -6.5, -16],
							"lerp_mode": "catmullrom"
						},
						"0.75": [7, -8.25, -17]
					},
					"scale": [1, 1.2, 1]
				},
				"camera": {
					"rotation": {
						"0.0": {
							"post": [0, 0, 0],
							"lerp_mode": "catmullrom"
						},
						"0.1667": {
							"post": [-0.225, 0, -0.125],
							"lerp_mode": "catmullrom"
						},
						"0.5": {
							"post": [0.725, 0, 0.175],
							"lerp_mode": "catmullrom"
						},
						"0.6667": {
							"post": [1.125, 0, 1.575],
							"lerp_mode": "catmullrom"
						},
						"1.0": {
							"post": [0.275, 0, 1.5],
							"lerp_mode": "catmullrom"
						},
						"1.1667": {
							"post": [0, 0, 0],
							"lerp_mode": "catmullrom"
						},
						"1.2917": {
							"post": [0, 0, 0],
							"lerp_mode": "catmullrom"
						}
					}
				}
			}
		},
		"inspect": {
			"animation_length": 10.3333,
			"bones": {
				"right_hand": {
					"rotation": {
						"0.0": [83.24097, -21.06286, -26.22848],
						"0.7083": [83.24097, -21.06286, -26.22848],
						"1.875": [-18.73714, 12.34446, -55.28906],
						"7.8333": [-18.73714, 12.34446, -55.28906],
						"9.0417": [83.24097, -21.06286, -26.22848],
						"9.7917": [83.24097, -21.06286, -26.22848]
					},
					"position": {
						"0.0": [5, -13, -2],
						"0.7083": [4, -12, -2],
						"1.875": [5.5625, -12.9375, -2],
						"7.8333": [5.5625, -12.9375, -2],
						"9.0417": [4, -12, -2],
						"9.7917": [5, -13, -2]
					},
					"scale": [1, 1.2, 1]
				},
				"left_hand": {
					"rotation": {
						"0.0": [98.92578, 20.64981, 41.84648],
						"0.75": [108.21, 19.3, 53.69],
						"1.875": [168.56837, 10.51614, 130.69291],
						"7.8333": [168.56837, 10.51614, 130.69291],
						"9.0": [108.21, 19.3, 53.69],
						"9.7917": [98.92578, 20.64981, 41.84648]
					},
					"position": {
						"0.0": [-3.6875, -10.75, -14.5],
						"0.75": [-3.85, -10.88, -11.43],
						"1.875": [-4.94, -11.75, -17.5],
						"7.8333": [-4.94, -11.75, -17.5],
						"9.0": [-3.85, -10.88, -11.43],
						"9.7917": [-3.6875, -10.75, -14.5]
					},
					"scale": [1, 1.3, 1]
				},
				"root": {
					"rotation": {
						"0.0": {
							"post": [0, 0, 0],
							"lerp_mode": "catmullrom"
						},
						"0.2083": {
							"post": [1.63, 0, 0],
							"lerp_mode": "catmullrom"
						},
						"0.7083": {
							"post": [18.09, 0, 0],
							"lerp_mode": "catmullrom"
						},
						"1.2917": {
							"post": [-51.15907, -45.84557, 23.78526],
							"lerp_mode": "catmullrom"
						},
						"1.875": {
							"post": [59.42806, -67.53892, -50.6864],
							"lerp_mode": "catmullrom"
						},
						"2.4583": {
							"post": [89.30245, -80.31189, -87.05543],
							"lerp_mode": "catmullrom"
						},
						"4.5417": {
							"post": [29.44474, -73.3821, -26.94345],
							"lerp_mode": "catmullrom"
						},
						"6.2917": {
							"post": [67.68553, -79.07714, -70.83896],
							"lerp_mode": "catmullrom"
						},
						"7.25": {
							"post": [89.30245, -80.31189, -87.05543],
							"lerp_mode": "catmullrom"
						},
						"7.875": {
							"post": [59.42806, -67.53892, -50.6864],
							"lerp_mode": "catmullrom"
						},
						"8.5417": {
							"post": [-81.15907, -45.84557, 23.78526],
							"lerp_mode": "catmullrom"
						},
						"9.125": {
							"post": [18.09, 0, 0],
							"lerp_mode": "catmullrom"
						},
						"9.9583": {
							"post": [1.63, 0, 0],
							"lerp_mode": "catmullrom"
						},
						"10.3333": {
							"post": [0, 0, 0],
							"lerp_mode": "catmullrom"
						}
					},
					"position": {
						"0.0": {
							"post": [0, 0, 0],
							"lerp_mode": "catmullrom"
						},
						"0.2083": {
							"post": [0, -0.63, 0.1],
							"lerp_mode": "catmullrom"
						},
						"0.8333": {
							"post": [0, -6, 1],
							"lerp_mode": "catmullrom"
						},
						"1.2917": {
							"post": [-1, 3, 0],
							"lerp_mode": "catmullrom"
						},
						"2.1667": {
							"post": [-4, -2, -6],
							"lerp_mode": "catmullrom"
						},
						"2.7083": {
							"post": [-5, -1, -7],
							"lerp_mode": "catmullrom"
						},
						"7.0": {
							"post": [-10, -1, -7],
							"lerp_mode": "catmullrom"
						},
						"7.5417": {
							"post": [-7, -4, -6],
							"lerp_mode": "catmullrom"
						},
						"8.5417": {
							"post": [1, 3, -2],
							"lerp_mode": "catmullrom"
						},
						"8.9167": {
							"post": [0, -6, 1],
							"lerp_mode": "catmullrom"
						},
						"9.9583": {
							"post": [0, -0.63, 0.1],
							"lerp_mode": "catmullrom"
						},
						"10.3333": {
							"post": [0, 0, 0],
							"lerp_mode": "catmullrom"
						}
					}
				},
				"camera": {
					"rotation": {
						"0.0": [0, 0, 0],
						"0.4167": {
							"pre": [5, 0, 0],
							"post": [5, 0, 0],
							"lerp_mode": "catmullrom"
						},
						"0.7083": {
							"post": [-5.07643, 0.66742, 7.47041],
							"lerp_mode": "catmullrom"
						},
						"1.2917": {
							"post": [-12.47, -0.26, 1.29],
							"lerp_mode": "catmullrom"
						},
						"1.75": {
							"post": [0.28917, -0.2335, 0.0157],
							"lerp_mode": "catmullrom"
						},
						"1.9167": {
							"post": [9.89021, 0.30145, -0.23261],
							"lerp_mode": "catmullrom"
						},
						"2.25": {
							"post": [9.65906, 0.80244, -0.69426],
							"lerp_mode": "catmullrom"
						},
						"3.0417": {
							"post": [19.7759, 5.80662, -1.63639],
							"lerp_mode": "catmullrom"
						},
						"4.5417": {
							"post": [20.98736, 25.59618, -1.0906],
							"lerp_mode": "catmullrom"
						},
						"6.2917": {
							"post": [10.56483, -28.74997, -2.92125],
							"lerp_mode": "catmullrom"
						},
						"7.7083": {
							"post": [-2.5508, -3.28525, -0.73266],
							"lerp_mode": "catmullrom"
						},
						"8.0417": {
							"post": [3.27762, -1.91659, 1],
							"lerp_mode": "catmullrom"
						},
						"8.5": {
							"post": [-8.65041, -1.64407, -4.46248],
							"lerp_mode": "catmullrom"
						},
						"9.125": {
							"post": [15.42037, -0.87039, -2.36249],
							"lerp_mode": "catmullrom"
						},
						"10.3333": {
							"post": [0, 0, 0],
							"lerp_mode": "catmullrom"
						}
					},
					"position": [0, 0, 0]
				}
			},
			"sound_effects": {
				"0.25": {
					"effect": "bf1:put_away"
				}
			}
		},
		"run_start": {
			"loop": true,
			"animation_length": 1.125,
			"bones": {
				"root": {
					"rotation": {
						"0.0": {
							"post": [0, 0, 0],
							"lerp_mode": "catmullrom"
						},
						"0.4583": {
							"post": [5.35268, 0, 11.29624],
							"lerp_mode": "catmullrom"
						},
						"0.75": {
							"post": [9.91518, 1.15, 14.29624],
							"lerp_mode": "catmullrom"
						},
						"0.9167": {
							"post": [6.2575, -18.21, 10.46],
							"lerp_mode": "catmullrom"
						},
						"1.125": {
							"post": [8.72, -34.82, 5.25],
							"lerp_mode": "catmullrom"
						}
					},
					"position": {
						"0.0": {
							"post": [0, 0, 0],
							"lerp_mode": "catmullrom"
						},
						"0.1667": {
							"post": [-0.18195, -1.25, 1.5],
							"lerp_mode": "catmullrom"
						},
						"0.3333": {
							"post": [-0.55478, -1.4225, 2.5],
							"lerp_mode": "catmullrom"
						},
						"0.4583": {
							"post": [-1.32636, -2.4575, 2.5],
							"lerp_mode": "catmullrom"
						},
						"0.625": {
							"post": [-1.915, -2.52305, 2.55],
							"lerp_mode": "catmullrom"
						},
						"0.7917": {
							"post": [-2.5, -2.63, 2.5],
							"lerp_mode": "catmullrom"
						},
						"0.9583": {
							"post": [-0.31, -2.1332, 1.83],
							"lerp_mode": "catmullrom"
						},
						"1.125": {
							"post": [-0.54, -3.83, 1.08],
							"lerp_mode": "catmullrom"
						}
					}
				}
			}
		},
		"run": {
			"loop": true,
			"animation_length": 0.6667,
			"bones": {
				"root": {
					"rotation": {
						"0.0": {
							"post": [9, -34.54, 5],
							"lerp_mode": "catmullrom"
						},
						"0.25": {
							"post": [9, -39, 5],
							"lerp_mode": "catmullrom"
						},
						"0.375": {
							"post": [9, -39, 5],
							"lerp_mode": "catmullrom"
						},
						"0.5417": {
							"post": [9, -35, 5],
							"lerp_mode": "catmullrom"
						},
						"0.6667": {
							"post": [9, -34.54, 5],
							"lerp_mode": "catmullrom"
						}
					},
					"position": {
						"0.0": {
							"post": [-0.5925, -4.25, 1],
							"lerp_mode": "catmullrom"
						},
						"0.125": {
							"post": [0.7525, -3, 1],
							"lerp_mode": "catmullrom"
						},
						"0.2083": {
							"post": [0.7525, -3, 1],
							"lerp_mode": "catmullrom"
						},
						"0.3333": {
							"post": [-0.5925, -4.25, 1],
							"lerp_mode": "catmullrom"
						},
						"0.4583": {
							"post": [-2, -3, 1],
							"lerp_mode": "catmullrom"
						},
						"0.5417": {
							"post": [-2, -3, 1],
							"lerp_mode": "catmullrom"
						},
						"0.6667": {
							"post": [-0.5925, -4.25, 1],
							"lerp_mode": "catmullrom"
						}
					}
				}
			}
		},
		"run_hold": {
			"loop": true,
			"bones": {
				"root": {
					"rotation": [9, -34.54, 5],
					"position": [-0.5925, -4.25, 1]
				}
			}
		},
		"melee_bayonet_1": {
			"animation_length": 5.3333,
			"bones": {
				"root": {
					"rotation": {
						"0.0": [0, 0, 0],
						"0.5": [33.24, 37.4, 83.13],
						"4.7917": [33.24, 37.4, 87.13],
						"5.3333": [0, 0, 0]
					},
					"position": {
						"0.0": [0, 0, 0],
						"0.5": [-5.49, 13.49, 3.37],
						"4.7917": [-5.49, 13.49, 3.37],
						"5.3333": [0, 0, 0]
					}
				}
			},
			"sound_effects": {
				"0.0": {
					"effect": "bf1:vo/bayonet1"
				}
			}
		},
		"melee_bayonet_2": {
			"animation_length": 5.3333,
			"bones": {
				"root": {
					"rotation": {
						"0.0": [0, 0, 0],
						"0.5": [33.24, 37.4, 83.13],
						"4.7917": [33.24, 37.4, 87.13],
						"5.3333": [0, 0, 0]
					},
					"position": {
						"0.0": [0, 0, 0],
						"0.5": [-5.49, 13.49, 3.37],
						"4.7917": [-5.49, 13.49, 3.37],
						"5.3333": [0, 0, 0]
					}
				}
			},
			"sound_effects": {
				"0.0": {
					"effect": "bf1:vo/bayonet2"
				}
			}
		},
		"melee_bayonet_3": {
			"animation_length": 5.3333,
			"bones": {
				"root": {
					"rotation": {
						"0.0": [0, 0, 0],
						"0.5": [33.24, 37.4, 83.13],
						"4.7917": [33.24, 37.4, 87.13],
						"5.3333": [0, 0, 0]
					},
					"position": {
						"0.0": [0, 0, 0],
						"0.5": [-5.49, 13.49, 3.37],
						"4.7917": [-5.49, 13.49, 3.37],
						"5.3333": [0, 0, 0]
					}
				}
			},
			"sound_effects": {
				"0.0": {
					"effect": "bf1:vo/bayonet3"
				}
			}
		}
	}
}