{
  "materials": [
    {
      "item": {
        "tag": "forge:ingots/iron"
      },
      "count": 18
    },
    {
      "item": {
        "tag": "forge:glass"
      },
      "count": 4
    },
	{
      "item": {
        "tag": "forge:ingots/gold"
      },
      "count": 2
    },	
    {
      "item": {
        "tag": "forge:dusts/redstone"
      },
      "count": 4
    }
  ],
  "result": {
    "type": "attachment",
    "id": "hare:scope_bering"
  },
  "type": "tacz:gun_smith_table_crafting"
}