{
  "materials": [
    {
      "item": {
        "tag": "forge:ingots/iron"
      },
      "count": 12
    },
    {
      "item": {
        "tag": "forge:glass"
      },
      "count": 4
    },
	{
      "item": {
        "tag": "forge:ingots/gold"
      },
      "count": 4
    },	
    {
      "item": {
        "tag": "forge:dusts/redstone"
      },
      "count": 10
    }
  ],
  "result": {
    "type": "attachment",
    "id": "hare:sight_bsa"
  },
  "type": "tacz:gun_smith_table_crafting"
}