{
  "materials": [
    {
      "item": {
        "tag": "forge:ingots/iron"
      },
      "count": 17
    },
    {
      "item": {
        "tag": "forge:glass"
      },
      "count": 4
    },
	{
      "item": {
        "tag": "forge:ingots/gold"
      },
      "count": 1
    },	
    {
      "item": {
        "tag": "forge:dusts/redstone"
      },
      "count": 9
    }
  ],
  "result": {
    "type": "attachment",
    "id": "hare:sight_panoramacollimator"
  },
  "type": "tacz:gun_smith_table_crafting"
}