{
	"format_version": "1.8.0",
	"animations": {
		"static_idle": {
			"animation_length": 0.1,
			"bones": {
				"leftHand": {
					"rotation": [107.06948, -26.54246, -157.78735],
					"position": [8.4, -13.02, -11.32],
					"scale": [1, 1.5, 1]
				},
				"rightHand": {
					"rotation": [89.32102, 14.82897, -180.27891],
					"position": [-6.725, -13.3, -0.775],
					"scale": [1, 1.5, 1]
				},
				"constraint": {
					"rotation": [0.2, 0.2, 0.2],
					"position": [0.2, 0.2, 0.2]
				}
			}
		},
		"draw_empty": {
			"animation_length": 0.5667,
			"bones": {
				"leftHand": {
					"rotation": [107.07, -26.54, -157.79],
					"position": [8.4, -13.02, -11.32],
					"scale": [1, 1.5, 1]
				},
				"rightHand": {
					"rotation": [89.32, 14.83, -180.28],
					"position": [-6.72, -13.3, -0.77],
					"scale": [1, 1.5, 1]
				},
				"root": {
					"rotation": {
						"0.0": [20.47, -26.69, 60.2],
						"0.0333": [19.08, -23.6, 53.31],
						"0.0667": [17.1, -19.1, 43.28],
						"0.1": [14.81, -14.06, 32.01],
						"0.1333": [12.46, -9.38, 21.41],
						"0.1667": [10.34, -5.93, 13.38],
						"0.2": [6.98, -3.07, 5.59],
						"0.2333": [3.73, -2.01, 1.41],
						"0.2667": [1.26, -1.39, -0.88],
						"0.3": [-0.82, -0.82, 1.83],
						"0.3333": [-0.8, -0.62, 1.57],
						"0.3667": [-0.54, -0.38, 0.89],
						"0.4": [-0.22, -0.15, 0.15],
						"0.4333": [0, 0, -0.33],
						"0.4667": [0.06, 0.06, -0.42],
						"0.5": [0.05, 0.05, -0.3],
						"0.5333": [0.02, 0.02, -0.12],
						"0.5667": [0, 0, 0]
					},
					"position": {
						"0.0": [0.8, -3.4, -0.3],
						"0.0333": [0.71, -3.06, -0.47],
						"0.0667": [0.57, -2.55, -0.73],
						"0.1": [0.42, -1.99, -1],
						"0.1333": [0.28, -1.46, -1.21],
						"0.1667": [0.18, -1.06, -1.27],
						"0.2": [0.09, -0.68, -0.96],
						"0.2333": [0.05, -0.49, -0.4],
						"0.2667": [0.02, -0.36, 0.07],
						"0.3": [0, -0.25, 0.53],
						"0.3333": [0, -0.19, 0.44],
						"0.3667": [0, -0.12, 0.25],
						"0.4": [0, -0.05, 0.05],
						"0.4333": [0, 0, -0.08],
						"0.4667": [0, 0.02, -0.11],
						"0.5": [0, 0.02, -0.08],
						"0.5333": [0, 0.01, -0.03],
						"0.5667": [0, 0, 0]
					}
				},
				"camera": {
					"rotation": {
						"0.0": [0, 0, 0],
						"0.0333": [0.19, -0.06, 0.07],
						"0.0667": [0.48, -0.15, 0.16],
						"0.1": [0.74, -0.24, 0.25],
						"0.1333": [0.85, -0.28, 0.28],
						"0.1667": [0.73, -0.24, 0.22],
						"0.2": [0.47, -0.15, 0.1],
						"0.2333": [0.18, -0.06, -0.02],
						"0.2667": [-0.01, 0, -0.09],
						"0.3": [-0.06, 0.02, -0.05],
						"0.3333": [-0.01, 0.01, 0.04],
						"0.3667": [0.03, 0, 0.1],
						"0.4": [0, 0, 0.05],
						"0.4333": [-0.03, 0, -0.02],
						"0.4667": [-0.03, 0, -0.02],
						"0.5": [-0.02, 0, -0.02],
						"0.5333": [-0.01, 0, -0.01],
						"0.5667": [0, 0, 0]
					}
				}
			},
			"sound_effects": {
				"0.0": {
					"effect": "p14_sh_charlie725_drop_rattle"
				}
			}
		},
		"put_away": {
			"animation_length": 0.23333,
			"bones": {
				"leftHand": {
					"rotation": [107.06948, -26.54246, -157.78735],
					"position": [8.4, -13.02, -11.32],
					"scale": [1, 1.5, 1]
				},
				"rightHand": {
					"rotation": [89.32102, 14.82897, -180.27891],
					"position": [-6.725, -13.3, -0.775],
					"scale": [1, 1.5, 1]
				},
				"root": {
					"rotation": {
						"0.0": [0, 0, 0],
						"0.0333": [-0.64, -1.66, -2.21],
						"0.0667": [0.03, -2.43, -0.72],
						"0.1": [1.76, -3.38, 2.24],
						"0.1333": [9.68, -6.52, 11.77],
						"0.1667": [12.78, -9.04, 10.02],
						"0.2": [15.94, -12.07, 6.29],
						"0.2333": [18.16, -14.25, 3.48]
					},
					"position": {
						"0.0": [0, 0, 0],
						"0.0333": [-0.45, -1.09, 0.28],
						"0.0667": [-0.67, -1.66, 0.31],
						"0.1": [-0.87, -2.39, 0.34],
						"0.1333": [-1.13, -4.82, 0.56],
						"0.1667": [-1.17, -6.42, 1.02],
						"0.2": [-1.17, -8.27, 1.62],
						"0.2333": [-1.17, -9.6, 2.05]
					}
				},
				"camera": {
					"rotation": {
						"0.0": [0, 0, 0],
						"0.0333": [0.13, 0, -0.09],
						"0.0667": [0.3, 0, -0.12],
						"0.1": [0.5, 0, 0.09],
						"0.1333": [0.64, 0, 0.3],
						"0.1667": [0.62, 0, 0.26],
						"0.2": [0.5, 0, 0.15],
						"0.2333": [0.24, 0, 0.07],
						"0.2667": [0, 0, 0]
					}
				}
			}
		},
		"inspect_empty": {
			"animation_length": 4.8333,
			"bones": {
				"leftHand": {
					"rotation": {
						"0.0": [107.06948, -26.54246, -157.78735],
						"1.75": [107.07, -26.54, -157.79],
						"1.7917": [87.26559, -16.55214, -158.32056],
						"1.8333": [80.06582, -9.16766, -159.66664],
						"2.625": [80.07, -9.17, -159.67],
						"2.6667": [87.26984, -16.55458, -158.32446],
						"2.7083": [107.07, -26.54, -157.79],
						"3.5417": [107.07, -26.54, -157.79],
						"4.5833": [107.06948, -26.54246, -157.78735],
						"4.8333": [107.06948, -26.54246, -157.78735]
					},
					"position": {
						"0.0": [8.4, -13.02, -11.32],
						"1.75": [8.4, -13.02, -11.32],
						"1.7917": [9, -14.02, -11.32],
						"1.8333": [8.8, -15.02, -11.32],
						"2.625": [8.8, -15.02, -11.32],
						"2.6667": [9, -14.02, -11.32],
						"2.7083": [8.4, -13.02, -11.32],
						"2.75": [8.4, -13.52, -10.82],
						"2.7917": [8.9, -16.52, -7.82],
						"2.8333": [8.9, -17.52, -6.82],
						"2.875": [8.9, -18.02, -6.32],
						"3.5417": [8.9, -18.02, -6.32],
						"3.5833": [8.9, -17.52, -6.82],
						"3.625": [8.9, -16.52, -7.82],
						"3.6667": [8.4, -14.52, -9.82],
						"3.7083": [8.4, -13.52, -10.82],
						"3.75": [7.9, -13.52, -11.32],
						"4.5833": [8.4, -13.02, -11.32],
						"4.8333": [8.4, -13.02, -11.32]
					},
					"scale": {
						"0.0": [1, 1.5, 1],
						"1.75": [1, 1.5, 1],
						"2.625": [1, 1.5, 1],
						"2.7083": [1, 1.5, 1],
						"3.5417": [1, 1.5, 1],
						"4.5833": [1, 1.5, 1],
						"4.8333": [1, 1.5, 1]
					}
				},
				"rightHand": {
					"rotation": {
						"0.0": [89.32102, 14.82897, -180.27891],
						"1.6667": [89.32, 14.83, -180.28],
						"1.7083": [86.69947, 14.48173, -190.61096],
						"1.75": [84.80362, 13.92525, -198.32653],
						"1.7917": [86.69947, 14.48173, -190.61096],
						"1.8333": [89.32, 14.83, -180.28],
						"2.625": [89.32, 14.83, -180.28],
						"2.7083": [89.32, 14.83, -180.28],
						"3.5417": [89.32, 14.83, -180.28],
						"4.5833": [89.32102, 14.82897, -180.27891],
						"4.8333": [89.32102, 14.82897, -180.27891]
					},
					"position": {
						"0.0": [-6.725, -13.3, -0.775],
						"1.6667": [-6.72, -13.3, -0.77],
						"1.7083": [-6.72, -12.3, -0.77],
						"1.75": [-6.72, -12.3, -0.77],
						"1.8333": [-6.72, -13.3, -0.77],
						"2.625": [-6.72, -13.3, -0.77],
						"2.7083": [-6.72, -13.3, -0.77],
						"3.5417": [-6.72, -13.3, -0.77],
						"4.5833": [-6.725, -13.3, -0.775],
						"4.8333": [-6.725, -13.3, -0.775]
					},
					"scale": {
						"0.0": [1, 1.5, 1],
						"1.6667": [1, 1.5, 1],
						"1.75": [1, 1.5, 1],
						"2.625": [1, 1.5, 1],
						"2.7083": [1, 1.5, 1],
						"3.5417": [1, 1.5, 1],
						"4.5833": [1, 1.5, 1],
						"4.8333": [1, 1.5, 1]
					}
				},
				"constraint": {
					"rotation": {
						"0.0": [0.2, 0.2, 0.2],
						"2.7083": [0.2, 0.2, 0.2],
						"3.5417": [0.2, 0.2, 0.2],
						"4.5833": [0.2, 0.2, 0.2],
						"4.8333": [0.2, 0.2, 0.2]
					},
					"position": {
						"0.0": [0.2, 0.2, 0.2],
						"2.7083": [0.2, 0.2, 0.2],
						"3.5417": [0.2, 0.2, 0.2],
						"4.5833": [0.2, 0.2, 0.2],
						"4.8333": [0.2, 0.2, 0.2]
					}
				},
				"root": {
					"rotation": {
						"0.0": [0, 0, 0],
						"0.0417": [-2.5, -2.5, 2.5],
						"0.0833": [-7.76425, -7.22723, 8.17435],
						"0.125": [-13.94563, -13.44034, 17.46165],
						"0.1667": [-34.31532, -19.92159, 50.57451],
						"0.2083": [-43.60561, -9.9419, 68.72354],
						"0.25": [-47.05472, -2.93769, 79.57265],
						"0.375": [-46.77383, -2.4857, 79.99165],
						"0.4583": [-47.54356, -1.92921, 80.51063],
						"0.6667": [-46.46802, -2.49313, 79.63445],
						"0.875": [-46.62329, -2.64408, 79.00202],
						"1.0": [-46.77364, -2.41142, 80.02946],
						"1.0417": [-46.41833, -2.35407, 80.07924],
						"1.0833": [-45.91994, -2.29923, 80.12684],
						"1.125": [-45.20858, -2.24855, 80.17083],
						"1.1667": [-44.12755, -2.20556, 80.20815],
						"1.2083": [-42.08401, -2.18217, 80.22845],
						"1.25": [-39.04342, -2.08294, 77.6803],
						"1.2917": [-36.29417, -1.87794, 72.41631],
						"1.3333": [-33.71657, -1.62408, 65.89757],
						"1.375": [-31.27585, -1.34415, 58.70935],
						"1.4167": [-28.96213, -1.05094, 51.18028],
						"1.4583": [-26.77893, -0.75363, 43.54581],
						"1.5": [-24.74166, -0.46043, 36.01674],
						"1.5417": [-22.88045, -0.1805, 28.82852],
						"1.5833": [-21.25234, 0.07336, 22.30978],
						"1.625": [-19.97498, 0.27836, 17.0458],
						"1.6667": [-19.36826, 0.37759, 14.49764],
						"1.7083": [-19.37264, 0.04711, 13.55542],
						"1.75": [-19.36101, 0.7116, 15.44346],
						"1.875": [-11.8559, 1.69211, 9.11803],
						"2.0": [-11.36752, 1.61429, 8.7086],
						"2.25": [-12.58689, 1.46795, 7.98997],
						"2.4167": [-13.01783, 1.54772, 8.29695],
						"2.625": [-11.88353, 1.5207, 8.13245],
						"2.6667": [-12.88353, 1.5207, 8.13245],
						"2.7083": [-21.91, 1.15, 7.2],
						"2.75": [-34.40979, -1.12659, 8.23309],
						"2.8333": [-48.68958, -9.44178, 9.48162],
						"2.875": [-52.89553, -16.77991, 8.66569],
						"2.9167": [-58.73487, -19.82664, 3.72985],
						"3.0417": [-63.73487, -19.82664, 3.72985],
						"3.5417": [-65.4353, -18.80307, 1.3129],
						"3.75": [-47.70336, 46.40106, 36.40808],
						"4.25": [-41.13372, 49.8251, 41.87034],
						"4.5833": [4.99527, 0.21782, -2.4905],
						"4.625": [5.49065, 0.31355, -3.48592],
						"4.6667": [3.99822, 0.12203, -1.49509],
						"4.7083": [1.50012, 0.09587, -0.49543],
						"4.75": [0.50012, 0.09587, -0.49543],
						"4.7917": [0.25012, 0.09587, -0.49543],
						"4.8333": [0, 0, 0]
					},
					"position": {
						"0.0": [0, 0, 0],
						"0.0417": [0, -0.1, 0],
						"0.0833": [0, -0.3, 0],
						"0.125": [0, -0.5, 0],
						"0.1667": [0, -0.8, 0],
						"1.6667": [0, -0.8, 0],
						"1.75": [0, -0.8, 0],
						"2.625": [0, -0.8, 0],
						"2.7083": [0, -0.8, 0],
						"2.875": [0, 0.2, -0.3],
						"2.9167": [0, 0.2, -1],
						"3.0417": [0, 0.2, -1.5],
						"3.5417": [0, 0.2, -1.5],
						"4.25": [0, 0.2, -1.5],
						"4.5833": [0, 0, 0],
						"4.8333": [0, 0, 0]
					}
				},
				"lever": {
					"rotation": {
						"0.0": [0, 0, 0],
						"1.6667": [0, -0.47, 0],
						"1.7083": [0, -10, 0],
						"1.75": [0, -17.5, 0],
						"2.625": [0, -17.5, 0],
						"2.7083": [0, -0.25, 0],
						"3.5417": [0, -0.25, 0],
						"4.5833": [0, 0, 0],
						"4.8333": [0, 0, 0]
					}
				},
				"front_part": {
					"rotation": {
						"0.0": [0, 0, 0],
						"1.75": [0, 0, 0],
						"1.7917": [17.5, 0, 0],
						"1.8333": [25, 0, 0],
						"2.625": [25, 0, 0],
						"2.6667": [20, 0, 0],
						"2.7083": [0, 0, 0],
						"3.5417": [0, 0, 0],
						"4.5833": [0, 0, 0],
						"4.8333": [0, 0, 0]
					}
				},
				"camera": {
					"rotation": {
						"0.0": [0, 0, 0],
						"0.25": [7.5, -12.5, 0],
						"0.3333": [8.10394, -13.19819, -0.87004],
						"0.5": [6.36035, -10.96626, 0.11416],
						"0.75": [5.88548, -10.28919, 0.22687],
						"1.125": [6.44703, -10.51699, 0.26546],
						"1.4583": [0, 0, 0],
						"1.8333": [7.49294, -0.32621, 2.47864],
						"2.1667": [8.47108, -1.46277, 3.32027],
						"2.4167": [7.98797, -2.37995, 2.691],
						"2.6667": [7.49294, -0.32621, 2.47864],
						"2.875": [0, 0, 0],
						"3.0": [-2.5, 0, 0],
						"3.3333": [-2.50238, 2.49762, -0.10912],
						"3.6667": [0, 0, 0],
						"3.75": [0, -2.5, 0],
						"4.25": [0, -0.5, 0],
						"4.375": [0, 0, 0],
						"4.4583": [0, -0.5, 0],
						"4.5417": [0, 0, 0]
					}
				}
			}
		},
		"inspect": {
			"animation_length": 4.8333,
			"bones": {
				"leftHand": {
					"rotation": {
						"0.0": [107.06948, -26.54246, -157.78735],
						"1.75": [107.07, -26.54, -157.79],
						"1.7917": [87.26559, -16.55214, -158.32056],
						"1.8333": [80.06582, -9.16766, -159.66664],
						"2.625": [80.07, -9.17, -159.67],
						"2.6667": [87.26984, -16.55458, -158.32446],
						"2.7083": [107.07, -26.54, -157.79],
						"3.5417": [107.07, -26.54, -157.79],
						"4.5833": [107.06948, -26.54246, -157.78735],
						"4.8333": [107.06948, -26.54246, -157.78735]
					},
					"position": {
						"0.0": [8.4, -13.02, -11.32],
						"1.75": [8.4, -13.02, -11.32],
						"1.7917": [9, -14.02, -11.32],
						"1.8333": [8.8, -15.02, -11.32],
						"2.625": [8.8, -15.02, -11.32],
						"2.6667": [9, -14.02, -11.32],
						"2.7083": [8.4, -13.02, -11.32],
						"2.75": [8.4, -13.52, -10.82],
						"2.7917": [8.9, -16.52, -7.82],
						"2.8333": [8.9, -17.52, -6.82],
						"2.875": [8.9, -18.02, -6.32],
						"3.5417": [8.9, -18.02, -6.32],
						"3.5833": [8.9, -17.52, -6.82],
						"3.625": [8.9, -16.52, -7.82],
						"3.6667": [8.4, -14.52, -9.82],
						"3.7083": [8.4, -13.52, -10.82],
						"3.75": [7.9, -13.52, -11.32],
						"4.5833": [8.4, -13.02, -11.32],
						"4.8333": [8.4, -13.02, -11.32]
					},
					"scale": {
						"0.0": [1, 1.5, 1],
						"1.75": [1, 1.5, 1],
						"2.625": [1, 1.5, 1],
						"2.7083": [1, 1.5, 1],
						"3.5417": [1, 1.5, 1],
						"4.5833": [1, 1.5, 1],
						"4.8333": [1, 1.5, 1]
					}
				},
				"rightHand": {
					"rotation": {
						"0.0": [89.32102, 14.82897, -180.27891],
						"1.6667": [89.32, 14.83, -180.28],
						"1.7083": [86.69947, 14.48173, -190.61096],
						"1.75": [84.80362, 13.92525, -198.32653],
						"1.7917": [86.69947, 14.48173, -190.61096],
						"1.8333": [89.32, 14.83, -180.28],
						"2.625": [89.32, 14.83, -180.28],
						"2.7083": [89.32, 14.83, -180.28],
						"3.5417": [89.32, 14.83, -180.28],
						"4.5833": [89.32102, 14.82897, -180.27891],
						"4.8333": [89.32102, 14.82897, -180.27891]
					},
					"position": {
						"0.0": [-6.725, -13.3, -0.775],
						"1.6667": [-6.72, -13.3, -0.77],
						"1.7083": [-6.72, -12.3, -0.77],
						"1.75": [-6.72, -12.3, -0.77],
						"1.8333": [-6.72, -13.3, -0.77],
						"2.625": [-6.72, -13.3, -0.77],
						"2.7083": [-6.72, -13.3, -0.77],
						"3.5417": [-6.72, -13.3, -0.77],
						"4.5833": [-6.725, -13.3, -0.775],
						"4.8333": [-6.725, -13.3, -0.775]
					},
					"scale": {
						"0.0": [1, 1.5, 1],
						"1.6667": [1, 1.5, 1],
						"1.75": [1, 1.5, 1],
						"2.625": [1, 1.5, 1],
						"2.7083": [1, 1.5, 1],
						"3.5417": [1, 1.5, 1],
						"4.5833": [1, 1.5, 1],
						"4.8333": [1, 1.5, 1]
					}
				},
				"constraint": {
					"rotation": {
						"0.0": [0.2, 0.2, 0.2],
						"2.7083": [0.2, 0.2, 0.2],
						"3.5417": [0.2, 0.2, 0.2],
						"4.5833": [0.2, 0.2, 0.2],
						"4.8333": [0.2, 0.2, 0.2]
					},
					"position": {
						"0.0": [0.2, 0.2, 0.2],
						"2.7083": [0.2, 0.2, 0.2],
						"3.5417": [0.2, 0.2, 0.2],
						"4.5833": [0.2, 0.2, 0.2],
						"4.8333": [0.2, 0.2, 0.2]
					}
				},
				"root": {
					"rotation": {
						"0.0": [0, 0, 0],
						"0.0417": [-2.5, -2.5, 2.5],
						"0.0833": [-7.76425, -7.22723, 8.17435],
						"0.125": [-13.94563, -13.44034, 17.46165],
						"0.1667": [-34.31532, -19.92159, 50.57451],
						"0.2083": [-43.60561, -9.9419, 68.72354],
						"0.25": [-47.05472, -2.93769, 79.57265],
						"0.375": [-46.77383, -2.4857, 79.99165],
						"0.4583": [-47.54356, -1.92921, 80.51063],
						"0.6667": [-46.46802, -2.49313, 79.63445],
						"0.875": [-46.62329, -2.64408, 79.00202],
						"1.0": [-46.77364, -2.41142, 80.02946],
						"1.0417": [-46.41833, -2.35407, 80.07924],
						"1.0833": [-45.91994, -2.29923, 80.12684],
						"1.125": [-45.20858, -2.24855, 80.17083],
						"1.1667": [-44.12755, -2.20556, 80.20815],
						"1.2083": [-42.08401, -2.18217, 80.22845],
						"1.25": [-39.04342, -2.08294, 77.6803],
						"1.2917": [-36.29417, -1.87794, 72.41631],
						"1.3333": [-33.71657, -1.62408, 65.89757],
						"1.375": [-31.27585, -1.34415, 58.70935],
						"1.4167": [-28.96213, -1.05094, 51.18028],
						"1.4583": [-26.77893, -0.75363, 43.54581],
						"1.5": [-24.74166, -0.46043, 36.01674],
						"1.5417": [-22.88045, -0.1805, 28.82852],
						"1.5833": [-21.25234, 0.07336, 22.30978],
						"1.625": [-19.97498, 0.27836, 17.0458],
						"1.6667": [-19.36826, 0.37759, 14.49764],
						"1.7083": [-19.37264, 0.04711, 13.55542],
						"1.75": [-19.36101, 0.7116, 15.44346],
						"1.875": [-11.8559, 1.69211, 9.11803],
						"2.0": [-11.36752, 1.61429, 8.7086],
						"2.25": [-12.58689, 1.46795, 7.98997],
						"2.4167": [-13.01783, 1.54772, 8.29695],
						"2.625": [-11.88353, 1.5207, 8.13245],
						"2.6667": [-12.88353, 1.5207, 8.13245],
						"2.7083": [-21.91, 1.15, 7.2],
						"2.75": [-34.40979, -1.12659, 8.23309],
						"2.8333": [-48.68958, -9.44178, 9.48162],
						"2.875": [-52.89553, -16.77991, 8.66569],
						"2.9167": [-58.73487, -19.82664, 3.72985],
						"3.0417": [-63.73487, -19.82664, 3.72985],
						"3.5417": [-65.4353, -18.80307, 1.3129],
						"3.75": [-47.70336, 46.40106, 36.40808],
						"4.25": [-41.13372, 49.8251, 41.87034],
						"4.5833": [4.99527, 0.21782, -2.4905],
						"4.625": [5.49065, 0.31355, -3.48592],
						"4.6667": [3.99822, 0.12203, -1.49509],
						"4.7083": [1.50012, 0.09587, -0.49543],
						"4.75": [0.50012, 0.09587, -0.49543],
						"4.7917": [0.25012, 0.09587, -0.49543],
						"4.8333": [0, 0, 0]
					},
					"position": {
						"0.0": [0, 0, 0],
						"0.0417": [0, -0.1, 0],
						"0.0833": [0, -0.3, 0],
						"0.125": [0, -0.5, 0],
						"0.1667": [0, -0.8, 0],
						"1.6667": [0, -0.8, 0],
						"1.75": [0, -0.8, 0],
						"2.625": [0, -0.8, 0],
						"2.7083": [0, -0.8, 0],
						"2.875": [0, 0.2, -0.3],
						"2.9167": [0, 0.2, -1],
						"3.0417": [0, 0.2, -1.5],
						"3.5417": [0, 0.2, -1.5],
						"4.25": [0, 0.2, -1.5],
						"4.5833": [0, 0, 0],
						"4.8333": [0, 0, 0]
					}
				},
				"lever": {
					"rotation": {
						"0.0": [0, 0, 0],
						"1.6667": [0, -0.47, 0],
						"1.7083": [0, -10, 0],
						"1.75": [0, -17.5, 0],
						"2.625": [0, -17.5, 0],
						"2.7083": [0, -0.25, 0],
						"3.5417": [0, -0.25, 0],
						"4.5833": [0, 0, 0],
						"4.8333": [0, 0, 0]
					}
				},
				"front_part": {
					"rotation": {
						"0.0": [0, 0, 0],
						"1.75": [0, 0, 0],
						"1.7917": [17.5, 0, 0],
						"1.8333": [25, 0, 0],
						"2.625": [25, 0, 0],
						"2.6667": [20, 0, 0],
						"2.7083": [0, 0, 0],
						"3.5417": [0, 0, 0],
						"4.5833": [0, 0, 0],
						"4.8333": [0, 0, 0]
					}
				},
				"camera": {
					"rotation": {
						"0.0": [0, 0, 0],
						"0.25": [7.5, -12.5, 0],
						"0.3333": [8.10394, -13.19819, -0.87004],
						"0.5": [6.36035, -10.96626, 0.11416],
						"0.75": [5.88548, -10.28919, 0.22687],
						"1.125": [6.44703, -10.51699, 0.26546],
						"1.4583": [0, 0, 0],
						"1.8333": [7.49294, -0.32621, 2.47864],
						"2.1667": [8.47108, -1.46277, 3.32027],
						"2.4167": [7.98797, -2.37995, 2.691],
						"2.6667": [7.49294, -0.32621, 2.47864],
						"2.875": [0, 0, 0],
						"2.9583": [-2.50238, 2.49762, -0.10912],
						"3.6667": [0, 0, 0],
						"3.7917": [0, -2.5, 0],
						"4.2917": [0, -1.5, 0],
						"4.375": [0, -0.5, 0],
						"4.4583": [0, 0.5, 0],
						"4.5417": [0, 0, 0]
					}
				}
			}
		},
		"shoot": {
			"loop": true,
			"animation_length": 1.2,
			"bones": {
				"root": {
					"rotation": {
						"0.0": [0, 0, 0],
						"0.0333": [3.73, 0, 5.45],
						"0.0667": [-18.94, 0, -10.25],
						"0.1": [-21.69, 0, -7.64],
						"0.1333": [-20.87, 0, -3.32],
						"0.1667": [-18.29, -0.03, -4.16],
						"0.2": [-15.07, 0, -5.47],
						"0.2333": [-13.72, 0.3, -4.07],
						"0.2667": [-12.04, 0.43, -2.42],
						"0.3": [-8.08, -0.29, -2.57],
						"0.3333": [-3.66, -0.9, -2.57],
						"0.3667": [-1.67, -0.69, -1.69],
						"0.4": [0.32, -0.23, -0.37],
						"0.4333": [1.96, 0.22, 0.9],
						"0.4667": [2.89, 0.43, 1.61],
						"0.5": [2.74, 0.22, 1.48],
						"0.5333": [1.79, -0.24, 0.83],
						"0.5667": [0.66, -0.71, 0.06],
						"0.6": [-0.04, -0.96, -0.42],
						"0.6333": [-0.13, -0.92, -0.5],
						"0.6667": [-0.05, -0.78, -0.48],
						"0.7": [0.14, -0.57, -0.38],
						"0.7333": [0.36, -0.34, -0.25],
						"0.7667": [0.56, -0.13, -0.12],
						"0.8": [0.68, 0, 0],
						"0.8333": [0.74, 0.09, 0.25],
						"0.8667": [0.72, 0.07, 0.53],
						"0.9": [0.61, 0.05, 0.7],
						"0.9333": [0.43, 0.04, 0.71],
						"0.9667": [0.18, 0.03, 0.65],
						"1.0": [-0.07, 0.01, 0.55],
						"1.0333": [-0.22, 0, 0.45],
						"1.0667": [-0.24, 0, 0.34],
						"1.1": [-0.16, 0, 0.21],
						"1.1333": [-0.07, 0, 0.09],
						"1.1667": [0, 0, 0]
					},
					"position": {
						"0.0": [0, 0, 0],
						"0.0333": [0, -0.16, 3.23],
						"0.0667": [0, -0.82, 3.7],
						"0.1": [0, -0.82, 3.54],
						"0.1333": [0, -0.77, 3.88],
						"0.1667": [0, -0.69, 3.36],
						"0.2": [0, -0.6, 2.85],
						"0.2333": [0, -0.53, 2.42],
						"0.2667": [0, -0.46, 1.82],
						"0.3": [0, -0.4, 1.3],
						"0.3333": [0, -0.32, 0.85],
						"0.3667": [0, -0.29, 0.69],
						"0.4": [0, -0.25, 0.54],
						"0.4333": [0, -0.21, 0.39],
						"0.4667": [0, -0.17, 0.26],
						"0.5": [0, -0.13, 0.14],
						"0.5333": [0, -0.09, 0.03],
						"0.5667": [0, -0.06, -0.05],
						"0.6": [0, -0.04, -0.12],
						"0.6333": [0, -0.01, -0.16],
						"0.6667": [0, 0, -0.13],
						"0.7": [0, 0, -0.07],
						"0.7333": [0, 0, -0.01],
						"0.7667": [0, 0, 0.03],
						"0.8": [0, 0, 0.03],
						"0.8333": [0, 0, 0.03],
						"0.8667": [0, 0, 0.02],
						"0.9": [0, 0, 0.01],
						"0.9333": [0, 0, 0],
						"0.9667": [0, 0, 0],
						"1.0": [0, 0, 0],
						"1.0333": [0, 0, 0],
						"1.0667": [0, 0, 0],
						"1.1": [0, 0, 0],
						"1.1333": [0, 0, 0],
						"1.1667": [0, 0, 0],
						"1.2": [0, 0, 0]
					}
				},
				"camera": {
					"rotation": {
						"0.0": [0, 0, 0],
						"0.0333": [0, 0, 2.98],
						"0.0667": [0, 0, 0.58],
						"0.1": [0, 0, -1.77],
						"0.1333": [0, 0, -1.11],
						"0.1667": [0, 0, 0.44],
						"0.2": [0, 0, 1.45],
						"0.2333": [0, 0, 1.33],
						"0.2667": [0, 0, 0.8],
						"0.3": [0, 0, 0.18],
						"0.3333": [0, 0, -0.2],
						"0.3667": [0, 0, -0.24],
						"0.4": [0, 0, -0.16],
						"0.4333": [0, 0, -0.02],
						"0.4667": [0, 0, 0.13],
						"0.5": [0, 0, 0.2],
						"0.5333": [0, 0, 0.2],
						"0.5667": [0, 0, 0.18],
						"0.6": [0, 0, 0.15],
						"0.6333": [0, 0, 0.1],
						"0.6667": [0, 0, 0.06],
						"0.7": [0, 0, 0.02],
						"0.7333": [0, 0, 0]
					}
				}
			},
			"sound_effects": {
				"0.0": {
					"effect": "weap_charlie725_fire_first_plr_02"
				},
				"0.0333": {
					"effect": "weap_charlie725_fire_first_plr_04"
				}
			}
		},
		"reload_empty": {
			"animation_length": 2.0667,
			"bones": {
				"ejector": {
					"position": {
						"0.3333": [0, 0, 0],
						"0.3667": [0, 0, 0.125],
						"1.4": [0, 0, 0.125]
					}
				},
				"root": {
					"rotation": {
						"0.0": [0, 0, 0],
						"0.0333": [-0.47, -0.01, 0.2],
						"0.0667": [0.02, 0.09, 0.78],
						"0.1": [4.08, 0.63, 2.19],
						"0.1333": [7.74, 1, 3.74],
						"0.1667": [7.31, 0.33, 4.95],
						"0.2": [4.44, -0.36, 5.59],
						"0.2333": [-7.35, 0.4, 4.12],
						"0.2667": [-6.95, 0.63, -0.12],
						"0.3": [-4.49, 0.86, -5.53],
						"0.3333": [-0.6, 1.16, -7.96],
						"0.3667": [10, 1.89, -1.04],
						"0.4": [19.02, 2.54, 6.88],
						"0.4333": [13.22, 2.64, 2.78],
						"0.4667": [8.45, 2.67, 1.95],
						"0.5": [2.74, 2.7, 1.39],
						"0.5333": [-1.11, 2.72, 1.13],
						"0.5667": [-0.73, 2.75, 1.52],
						"0.6": [1.37, 2.73, 2.09],
						"0.6333": [1.63, 2.71, 2.22],
						"0.6667": [1.56, 2.66, 2.21],
						"0.7": [0.87, 2.47, 1.9],
						"0.7333": [-0.89, 1.75, 0.43],
						"0.7667": [-5.2, 0.92, -1.04],
						"0.8": [-9.87, 0.62, -1.29],
						"0.8333": [-16.03, 0.34, -1.31],
						"0.8667": [-22, 0.1, -1.26],
						"0.9": [-26.08, -0.1, -1.25],
						"0.9333": [-27.53, -0.21, -1.34],
						"0.9667": [-27.34, -0.25, -1.45],
						"1.0": [-26.46, -0.3, -1.54],
						"1.0333": [-25.86, -0.43, -1.55],
						"1.0667": [-25.54, -0.84, -1.4],
						"1.1": [-25.14, -1.35, -1.15],
						"1.1333": [-24.86, -1.72, -0.98],
						"1.1667": [-24.82, -1.83, -1.01],
						"1.2": [-24.9, -1.8, -1.13],
						"1.2333": [-25.04, -1.74, -1.19],
						"1.2667": [-25.46, -1.59, -1.14],
						"1.3": [-25.75, -1.44, -0.97],
						"1.3333": [-25.59, -1.42, -0.79],
						"1.3667": [-25.26, -1.43, -0.56],
						"1.4": [-25.01, -1.44, -0.23],
						"1.4333": [-27.23, -0.89, 0.69],
						"1.4667": [-26.18, -0.5, -2.5],
						"1.5": [-25.37, -0.34, -3.07],
						"1.5333": [-24.58, -0.43, -3.45],
						"1.5667": [-24.28, -0.88, -3.96],
						"1.6": [-24.07, -1.52, -4.54],
						"1.6333": [-23.67, -2.06, -4.99],
						"1.6667": [-21.15, -2.75, -5.37],
						"1.7": [-16.68, -2.06, -5.28],
						"1.7333": [-10.84, -1, -5.02],
						"1.7667": [-6.38, -0.22, -4.24],
						"1.8": [-3.93, -0.15, 1.52],
						"1.8333": [0.66, -0.52, 0.22],
						"1.8667": [0.81, -0.31, 0.06],
						"1.9": [0.37, 0.03, 0.02],
						"1.9333": [0, 0.25, 0],
						"1.9667": [-0.05, 0.25, -0.02],
						"2.0": [-0.04, 0.17, -0.01],
						"2.0333": [-0.02, 0.07, -0.01],
						"2.0667": [0, 0, 0]
					},
					"position": {
						"0.0": [0, 0, 0],
						"0.0333": [0.11, -0.24, 0.13],
						"0.0667": [0.23, -0.49, 0.29],
						"0.1": [0.38, -0.55, 0.48],
						"0.1333": [0.39, -0.21, 0.57],
						"0.1667": [0.38, 0.1, 0.64],
						"0.2": [0.38, 0.11, 0.68],
						"0.2333": [0.38, -0.13, 0.68],
						"0.2667": [0.38, -1.51, 0.6],
						"0.3": [0.38, -2.61, 0.58],
						"0.3333": [0.38, -3.34, 0.56],
						"0.3667": [0.38, -2.7, 0.57],
						"0.4": [0.38, -1.85, 0.58],
						"0.4333": [0.38, -1.99, 0.56],
						"0.4667": [0.38, -2.08, 0.51],
						"0.5": [0.38, -2.19, 0.42],
						"0.5333": [0.38, -2.27, 0.32],
						"0.5667": [0.38, -2.32, 0.09],
						"0.6": [0.38, -2.37, -0.11],
						"0.6333": [0.38, -2.4, -0.16],
						"0.6667": [0.37, -2.44, -0.18],
						"0.7": [0.37, -2.49, -0.2],
						"0.7333": [0.38, -2.53, -0.23],
						"0.7667": [0.42, -2.6, -0.34],
						"0.8": [0.47, -2.75, -0.46],
						"0.8333": [0.5, -3.14, -0.55],
						"0.8667": [0.52, -3.5, -0.6],
						"0.9": [0.56, -3.52, -0.55],
						"0.9333": [0.57, -3.49, -0.47],
						"0.9667": [0.58, -3.45, -0.35],
						"1.0": [0.58, -3.41, -0.24],
						"1.0333": [0.58, -3.37, -0.15],
						"1.0667": [0.52, -3.32, -0.09],
						"1.1": [0.46, -3.3, -0.08],
						"1.1333": [0.44, -3.32, -0.08],
						"1.1667": [0.43, -3.35, -0.08],
						"1.2": [0.42, -3.39, -0.09],
						"1.2333": [0.41, -3.42, -0.1],
						"1.2667": [0.42, -3.45, -0.11],
						"1.3": [0.43, -3.46, -0.12],
						"1.3333": [0.43, -3.44, -0.12],
						"1.3667": [0.42, -3.41, -0.11],
						"1.4": [0.43, -3.42, -0.12],
						"1.4333": [0.54, -3.73, -0.27],
						"1.4667": [0.59, -3.7, -0.22],
						"1.5": [0.61, -3.57, -0.12],
						"1.5333": [0.58, -3.46, -0.03],
						"1.5667": [0.5, -3.49, 0.01],
						"1.6": [0.38, -3.57, 0.03],
						"1.6333": [0.26, -3.58, 0.06],
						"1.6667": [0.16, -3.37, 0.09],
						"1.7": [0.08, -2.54, 0.16],
						"1.7333": [0.03, -1.4, 0.24],
						"1.7667": [0, -0.52, 0.26],
						"1.8": [-0.01, -0.08, 0.08],
						"1.8333": [0, 0, -0.1],
						"1.8667": [0, 0.02, -0.09],
						"1.9": [0, 0, -0.04],
						"1.9333": [0, -0.04, 0.01],
						"1.9667": [0, -0.06, 0.05],
						"2.0": [0, -0.04, 0.05],
						"2.0333": [0, -0.02, 0.02],
						"2.0667": [0, 0, 0]
					}
				},
				"lever": {
					"rotation": {
						"0.1667": [0, 0, 0],
						"0.2333": [-2.43049, -17.26784, 1.9062],
						"1.7": [-2.43049, -17.26784, 1.9062],
						"1.7667": [0, 0, 0]
					}
				},
				"front_part": {
					"rotation": {
						"0.2333": [0, 0, 0],
						"0.4": [52.65233, -0.0095, 0],
						"0.5": [51.16, -0.1, 0],
						"0.7": [51.76, -0.06, 0],
						"1.6667": [51.16, -0.1, 0],
						"1.7667": [0, 0, 0]
					}
				},
				"bullet_1": {
					"rotation": {
						"0.4": [0, 0, 0],
						"0.4333": [35.26, -4.52, 7.99],
						"0.4667": [70.52, -9.03, 15.98],
						"0.5": [105.78, -13.55, 23.97],
						"0.5333": [141.04, -18.06, 31.96],
						"0.5667": [176.3, -22.58, 39.96],
						"0.6": [211.56, -27.1, 47.95],
						"0.6333": [246.82, -31.61, 55.94],
						"0.6667": [282.08, -36.13, 63.93],
						"0.7": [341.61, -26.16, 49.91],
						"0.7333": [401.14, -16.18, 35.89],
						"0.7667": [460.67, -6.21, 21.87],
						"0.8": [520.2, 3.77, 7.85],
						"0.8333": [260.11, 1.88, 3.93],
						"0.8667": [0, 0, 0],
						"0.9": [-34.1, 0.21, -0.53],
						"0.9333": [0, 0, 0],
						"0.9667": [3.29, -0.89, 0.08],
						"1.0": [8.28, -2.21, 0.21],
						"1.0333": [13.98, -3.73, 0.35],
						"1.0667": [19.38, -5.22, 0.49],
						"1.1": [23.51, -6.44, 0.61],
						"1.1333": [25.35, -7.17, 0.67],
						"1.1667": [18.4, -6.38, 0.57],
						"1.2": [11.44, -5.6, 0.47],
						"1.2333": [4.49, -4.82, 0.37],
						"1.2667": [1.86, -0.84, -0.01],
						"1.3": [-0.77, 3.14, -0.39],
						"1.3333": [-0.51, 2.09, -0.26],
						"1.3667": [-0.26, 1.05, -0.13],
						"1.4": [0, 0, 0]
					},
					"position": {
						"0.3333": [0, 0, 0],
						"0.3667": [-0.17, 0.08, 3.27],
						"0.4": [-0.37, 0.03, 6.48],
						"0.4333": [-0.42, -0.03, 6.99],
						"0.4667": [-0.45, -0.1, 7.04],
						"0.5": [-0.52, -0.36, 6.7],
						"0.5333": [-0.69, -1.05, 6.04],
						"0.5667": [-1.04, -2.34, 4.96],
						"0.6": [-1.52, -4.07, 3.47],
						"0.6333": [-2.01, -5.95, 1.77],
						"0.6667": [-2.39, -7.68, 0.07],
						"0.7": [-2.55, -9.39, -2.18],
						"0.7333": [-2.6, -11.19, -4.89],
						"0.7667": [-2.68, -12.68, -6.89],
						"0.8": [-2.97, -13.5, -7.04],
						"0.8333": [-4.46, -12.42, 0.75],
						"0.8667": [-5.87, -10.6, 9.43],
						"0.9": [-6.3, -11.09, 10.73],
						"0.9333": [-5.87, -10.6, 9.43],
						"0.9667": [-5.12, -8.47, 8.58],
						"1.0": [-4.03, -5.35, 7.34],
						"1.0333": [-2.88, -2.2, 6.06],
						"1.0667": [-1.95, 0.03, 5.03],
						"1.1": [-1.08, 1.13, 4.19],
						"1.1333": [-0.42, 1.15, 3.63],
						"1.1667": [0, 0.98, 3.2],
						"1.2": [-0.07, 0.57, 2.86],
						"1.2333": [-0.14, 0.16, 2.53],
						"1.2667": [-0.01, 0.1, 2.4],
						"1.3": [0.12, 0.03, 2.28],
						"1.3333": [0.08, 0.02, 1.52],
						"1.3667": [0.04, 0.01, 0.76],
						"1.4": [0, 0, 0]
					}
				},
				"bullet_2": {
					"rotation": {
						"0.3333": [0, 0, 0],
						"0.3667": [0, 0, 0],
						"0.4": [0, 0, 0],
						"0.4333": [27.97, 5.55, -7.72],
						"0.4667": [55.95, 11.1, -15.43],
						"0.5": [83.93, 16.66, -23.15],
						"0.5333": [111.9, 22.21, -30.86],
						"0.5667": [139.88, 27.76, -38.58],
						"0.6": [167.86, 33.31, -46.29],
						"0.6333": [185.27, 37.29, -33.72],
						"0.6667": [202.68, 41.27, -21.14],
						"0.7": [220.1, 45.24, -8.56],
						"0.7333": [237.51, 49.22, 4.02],
						"0.7667": [254.92, 53.2, 16.59],
						"0.8": [272.34, 57.17, 29.17],
						"0.8333": [136.19, 28.59, 14.59],
						"0.8667": [0, 0, 0],
						"0.9": [-17.32, -7.2, -0.83],
						"0.9333": [0, 0, 0],
						"0.9667": [0.57, 6.98, -1.91],
						"1.0": [1.35949, -10.31233, -5.34701],
						"1.0333": [2.15594, -15.96847, -9.66288],
						"1.0667": [12.57267, -11.63069, -13.84673],
						"1.1": [17.72703, -16.39851, -17.94605],
						"1.1333": [22.56033, -11.91065, -20.39214],
						"1.1667": [17.6184, -16.90555, -20.62529],
						"1.2": [7.06662, -9.91817, -0.17417],
						"1.2333": [3.40865, 2.0319, 0.26439],
						"1.2667": [2.56291, -0.20257, -2.35529],
						"1.3": [2.55164, -0.31413, 0.14225],
						"1.3333": [1.05948, 0.38667, 0.25149],
						"1.3667": [0.20241, 0.54061, 0.16279],
						"1.4": [0.20241, 0.54061, 0.16279]
					},
					"position": {
						"0.3333": [0, 0, 0],
						"0.3667": [-0.19, -0.16, 2.93],
						"0.4": [-0.43, -0.48, 5.77],
						"0.4333": [-0.48, -0.6, 6.2],
						"0.4667": [-0.51, -0.68, 6.22],
						"0.5": [-0.58, -0.97, 5.86],
						"0.5333": [-0.76, -1.7, 5.13],
						"0.5667": [-1.13, -3.11, 3.88],
						"0.6": [-1.62, -5.02, 2.15],
						"0.6333": [-2.12, -7.03, 0.26],
						"0.6667": [-2.5, -8.77, -1.45],
						"0.7": [-2.65, -10.3, -3.44],
						"0.7333": [-2.66, -11.76, -5.68],
						"0.7667": [-2.71, -12.91, -7.21],
						"0.8": [-2.97, -13.5, -7.04],
						"0.8333": [-4.45, -12.35, 0.84],
						"0.8667": [-5.87, -10.6, 9.43],
						"0.9": [-6.18, -11.19, 10.75],
						"0.9333": [-5.87, -10.6, 9.43],
						"0.9667": [-5.53, -8.13, 8.51],
						"1.0": [-3.92, -4.52, 7.18],
						"1.0333": [-2.86, -1.88, 5.79],
						"1.0667": [-2.14, 0.08, 4.7],
						"1.1": [-1.25, 0.92, 3.83],
						"1.1333": [-1.18, 0.39, 2.58],
						"1.1667": [-0.99, 0.09, 2.33],
						"1.2": [-0.19, 0.11, 2.34],
						"1.2333": [0, 0.03, 1.85],
						"1.2667": [-0.06, 0.01, 1.68],
						"1.3": [0.02, -0.045, 1.21],
						"1.3333": [0.015, -0.01, 0.96],
						"1.3667": [0.01, 0.01, 0.41],
						"1.4": [-0.01, -0.005, -0.05]
					}
				},
				"rightHand": {
					"rotation": {
						"0.0": [89.32, 14.83, -180.28],
						"0.0333": [89.32, 14.83, -180.28],
						"0.0667": [89.32, 14.83, -180.28],
						"0.1": [96.34, 16.53, -188.97],
						"0.1333": [103.36, 18.22, -197.66],
						"0.1667": [103.36, 18.22, -197.66],
						"0.2": [101.78, 23.26, -202.62],
						"0.2333": [100.19, 28.3, -207.58],
						"0.2667": [100.19, 28.3, -207.58],
						"0.3": [100.19, 28.3, -207.58],
						"0.3333": [96.57, 23.81, -198.48],
						"0.3667": [92.95, 19.32, -189.38],
						"0.4": [89.32, 14.83, -180.28],
						"0.4333": [89.32, 14.83, -180.28],
						"0.4667": [89.32, 14.83, -180.28],
						"0.5": [89.32, 14.83, -180.28],
						"0.5333": [89.32, 14.83, -180.28],
						"0.5667": [89.32, 14.83, -180.28],
						"0.6": [89.32, 14.83, -180.28],
						"0.6333": [89.32, 14.83, -180.28],
						"0.6667": [89.32, 14.83, -180.28],
						"0.7": [89.32, 14.83, -180.28],
						"0.7333": [89.32, 14.83, -180.28],
						"0.7667": [95.19, 15.46, -181.35],
						"0.8": [101.06, 16.09, -182.43],
						"0.8333": [106.92, 16.72, -183.5],
						"0.8667": [112.79, 17.36, -184.57],
						"0.9": [118.66, 17.99, -185.65],
						"0.9333": [117.74, 8.83, -171.07],
						"0.9667": [116.82, -0.32, -156.5],
						"1.0": [115.9, -9.48, -141.93],
						"1.0333": [114.98, -18.63, -127.35],
						"1.0667": [114.07, -27.79, -112.78],
						"1.1": [114.07, -27.79, -112.78],
						"1.1333": [114.07, -27.79, -112.78],
						"1.1667": [114.07, -27.79, -112.78],
						"1.2": [114.07, -27.79, -112.78],
						"1.2333": [114.07, -27.79, -112.78],
						"1.2667": [114.07, -27.79, -112.78],
						"1.3": [114.07, -27.79, -112.78],
						"1.3333": [114.07, -27.79, -112.78],
						"1.3667": [114.07, -27.79, -112.78],
						"1.4": [114.07, -27.79, -112.78],
						"1.4333": [123.94, 13.17, -177.7],
						"1.4667": [123.94, 13.17, -177.7],
						"1.5": [123.94, 13.17, -177.7],
						"1.5333": [123.94, 13.17, -177.7],
						"1.5667": [112.4, 13.72, -178.56],
						"1.6": [100.86, 14.28, -179.42],
						"1.6333": [89.32, 14.83, -180.28]
					},
					"position": {
						"0.0": [-6.72, -13.3, -0.77],
						"0.0333": [-6.72, -13.3, -0.77],
						"0.0667": [-6.72, -13.3, -0.77],
						"0.1": [-6.59, -12.92, -1.39],
						"0.1333": [-6.46, -12.54, -2],
						"0.1667": [-6.46, -12.54, -2],
						"0.2": [-6.5, -12.58, -1.79],
						"0.2333": [-6.54, -12.62, -1.59],
						"0.2667": [-6.54, -12.62, -1.59],
						"0.3": [-6.54, -12.62, -1.59],
						"0.3333": [-6.6, -12.84, -1.32],
						"0.3667": [-6.66, -13.07, -1.05],
						"0.4": [-6.72, -13.3, -0.77],
						"0.4333": [-6.72, -13.3, -0.77],
						"0.4667": [-6.72, -13.3, -0.77],
						"0.5": [-6.72, -13.3, -0.77],
						"0.5333": [-6.72, -13.3, -0.77],
						"0.5667": [-6.72, -13.3, -0.77],
						"0.6": [-6.72, -13.3, -0.77],
						"0.6333": [-6.72, -13.3, -0.77],
						"0.6667": [-6.72, -13.3, -0.77],
						"0.7": [-6.72, -13.3, -0.77],
						"0.7333": [-6.72, -13.3, -0.77],
						"0.7667": [-6.33, -12.91, 1.27],
						"0.8": [-5.71, -12.35, 4.27],
						"0.8333": [-5.35, -11.71, 7.25],
						"0.8667": [-5.75, -11.08, 9.24],
						"0.9": [-14.24, -8.5, 8.6],
						"0.9333": [-14.25, -7.76, 6.82],
						"0.9667": [-13.55, -6.88, 4.26],
						"1.0": [-12.48, -6.01, 1.42],
						"1.0333": [-11.37, -5.26, -1.18],
						"1.0667": [-10.56, -4.77, -3.07],
						"1.1": [-9.78, -4.6, -4.51],
						"1.1333": [-9.22, -4.91, -4.86],
						"1.1667": [-8.82, -5.31, -4.94],
						"1.2": [-8.67, -5.98, -4.68],
						"1.2333": [-8.52, -6.65, -4.41],
						"1.2667": [-8.39, -6.86, -4.39],
						"1.3": [-8.26, -7.06, -4.36],
						"1.3333": [-8.33, -7.48, -4.71],
						"1.3667": [-8.4, -7.89, -5.07],
						"1.4": [-8.46, -8.3, -5.42],
						"1.4333": [-9.63, -8.23, -5.42],
						"1.4667": [-9.63, -8.23, -5.42],
						"1.5": [-9.96, -8.03, -5.05],
						"1.5333": [-10.3, -7.84, -4.69],
						"1.5667": [-9.11, -9.66, -3.38],
						"1.6": [-7.92, -11.48, -2.08],
						"1.6333": [-6.72, -13.3, -0.77]
					},
					"scale": [1, 1.5, 1]
				},
				"righthand_pos": {
					"position": {
						"0.0": [0, 0, 0],
						"1.2667": [0, 0, 0.1],
						"1.3": [0, 0, 0.17],
						"1.3667": [0, 0, 0]
					}
				},
				"leftHand": {
					"rotation": {
						"0.0": [107.06948, -26.54246, -157.78735],
						"0.0667": [105.15353, -62.49522, -186.44062],
						"0.5667": [88.956, -12.97548, -139.37354],
						"0.7": [70.21321, -3.45816, -130.2089],
						"1.6667": [70.21321, -3.45816, -130.2089],
						"1.7667": [107.06948, -26.54246, -157.78735]
					},
					"position": {
						"0.0": [8.4, -13.02, -11.32],
						"0.0667": [11.02, -14.83, -7.465],
						"0.1333": [12.85, -21.695, -7.52],
						"0.6": [12.85, -21.695, -7.52],
						"0.7": [8.10171, -16.08641, -9.41935],
						"1.6667": [8.10171, -16.08641, -9.41935],
						"1.7667": [8.4, -13.02, -11.32]
					},
					"scale": [1, 1.5, 1]
				},
				"lefthand_pos": {
					"position": {
						"0.0": [0, 0, 0],
						"0.7": [0, -1, 0],
						"1.7667": [0, -0.7, 0],
						"1.8": [0, -0.4, 0],
						"1.8333": [0, 0, 0]
					}
				},
				"camera": {
					"rotation": {
						"0.0": [0, 0, 0],
						"0.0333": [0.11, 0, -0.07],
						"0.0667": [0.27, 0, -0.17],
						"0.1": [0.41, 0, -0.27],
						"0.1333": [0.43, 0, -0.36],
						"0.1667": [0.2, 0, -0.48],
						"0.2": [-0.2, 0, -0.62],
						"0.2333": [-0.51, 0, -0.68],
						"0.2667": [-0.5, 0, -0.57],
						"0.3": [0.96, 0, 0.56],
						"0.3333": [2.52, 0, 1.49],
						"0.3667": [2.68, 0, 0.6],
						"0.4": [2.33, 0, -0.42],
						"0.4333": [1.73, 0.03, -0.03],
						"0.4667": [1.23, 0.06, 0.54],
						"0.5": [1.29, 0.07, 0.45],
						"0.5333": [1.53, 0.07, 0.2],
						"0.5667": [1.7, 0.06, 0.03],
						"0.6": [1.7, 0.03, 0.02],
						"0.6333": [1.65, -0.03, 0.07],
						"0.6667": [1.58, -0.09, 0.13],
						"0.7": [1.53, -0.13, 0.18],
						"0.7333": [1.51, -0.13, 0.19],
						"0.7667": [1.55, -0.07, 0.13],
						"0.8": [1.65, 0.04, -0.01],
						"0.8333": [1.81, 0.22, -0.2],
						"0.8667": [2, 0.42, -0.43],
						"0.9": [2.2, 0.65, -0.68],
						"0.9333": [2.4, 0.86, -0.91],
						"0.9667": [2.57, 1.05, -1.11],
						"1.0": [2.71, 1.18, -1.25],
						"1.0333": [2.85, 1.28, -1.35],
						"1.0667": [2.92, 1.3, -1.34],
						"1.1": [2.98, 1.28, -1.29],
						"1.1333": [3.06, 1.26, -1.26],
						"1.1667": [3.19, 1.25, -1.25],
						"1.2": [3.35, 1.22, -1.24],
						"1.2333": [3.5, 1.2, -1.23],
						"1.2667": [3.59, 1.18, -1.23],
						"1.3": [3.61, 1.16, -1.19],
						"1.3333": [3.56, 1.15, -1.14],
						"1.3667": [3.52, 1.15, -1.13],
						"1.4": [3.57, 1.14, -1.22],
						"1.4333": [4.45, 0.99, -2.21],
						"1.4667": [3.83, 0.98, -1.3],
						"1.5": [3.2, 0.96, -0.45],
						"1.5333": [3.27, 0.97, -0.58],
						"1.5667": [3.5, 0.99, -0.99],
						"1.6": [3.32, 0.93, -1.2],
						"1.6333": [2.59, 0.78, -1.07],
						"1.6667": [1.5, 0.58, -0.8],
						"1.7": [0.42, 0.38, -0.47],
						"1.7333": [-0.28, 0.22, -0.17],
						"1.7667": [-0.24, 0.07, 0.48],
						"1.8": [0.21, 0, 0.86],
						"1.8333": [0.08, -0.01, 0.38],
						"1.8667": [-0.11, 0, -0.21],
						"1.9": [-0.1, 0, -0.23],
						"1.9333": [-0.04, 0, -0.1],
						"1.9667": [0, 0, 0],
						"2.0": [0.01, 0, 0.02],
						"2.0333": [0, 0, 0.01],
						"2.0667": [0, 0, 0]
					}
				}
			},
			"sound_effects": {
				"0.0": {
					"effect": "p14_sh_charlie725_reload_breechopen"
				},
				"0.7333": {
					"effect": "p14_sh_charlie725_reload_empty_rattle"
				},
				"0.8667": {
					"effect": "blt_case_bounce_shotgun_dirt_close_lrg_03"
				},
				"1.2333": {
					"effect": "p14_sh_charlie725_reload_empty_shellin1"
				},
				"1.5333": {
					"effect": "p14_sh_charlie725_reload_empty_fast_end"
				},
				"1.6": {
					"effect": "p14_sh_charlie725_reload_empty_breechclose"
				}
			}
		},
		"reload_tactical": {
			"animation_length": 1.75,
			"bones": {
				"leftHand": {
					"rotation": {
						"0.0": [107.06948, -26.54246, -157.78735],
						"0.0833": [107.07, -26.54, -157.79],
						"0.25": [107.07, -26.54, -157.79],
						"0.625": [107.07, -26.54, -157.79],
						"0.7083": [107.07, -26.54, -157.79],
						"0.75": [107.07, -26.54, -157.79],
						"0.9167": [107.07, -26.54, -157.79],
						"1.2083": [107.06948, -26.54246, -157.78735]
					},
					"position": {
						"0.0": [8.4, -13.02, -11.32],
						"0.0833": [8.4, -13.02, -11.32],
						"0.125": [8.4, -13.77, -11.32],
						"0.1667": [8.4, -15.77, -11.32],
						"0.2083": [8.4, -16.77, -11.32],
						"0.25": [8.4, -16.77, -11.32],
						"0.625": [8.4, -16.77, -11.32],
						"0.7083": [8.4, -16.77, -11.32],
						"0.75": [8.4, -16.77, -11.32],
						"0.9167": [8.4, -16.77, -11.32],
						"0.9583": [8.4, -15.52, -11.32],
						"1.0417": [8.4, -13.085, -11.32],
						"1.0833": [8.4, -13.145, -11.32],
						"1.125": [8.4, -13.145, -11.32],
						"1.2083": [8.4, -13.02, -11.32]
					},
					"scale": {
						"0.0": [1, 1.5, 1],
						"0.0833": [1, 1.5, 1],
						"0.25": [1, 1.5, 1],
						"0.625": [1, 1.5, 1],
						"0.7083": [1, 1.5, 1],
						"0.75": [1, 1.5, 1],
						"0.9167": [1, 1.5, 1],
						"1.2083": [1, 1.5, 1]
					}
				},
				"rightHand": {
					"rotation": {
						"0.0": [89.32102, 14.82897, -180.27891],
						"0.0417": [89.32, 14.83, -180.28],
						"0.0833": [83.00692, 13.12773, -205.99715],
						"0.125": [87.34742, 14.61157, -188.03164],
						"0.25": [87.35, 14.61, -188.03],
						"0.625": [87.35, 14.61, -188.03],
						"0.7083": [98.63097, 12.12207, -141.77207],
						"0.75": [98.63, 12.12, -141.77],
						"0.7917": [53.63, 12.12, -141.77],
						"0.9583": [79.84698, 6.09011, -149.85349],
						"1.0833": [95.85782, 7.53312, -162.35888],
						"1.125": [89.32102, 14.82897, -180.27891],
						"1.2083": [89.32102, 14.82897, -180.27891]
					},
					"position": {
						"0.0": [-6.725, -13.3, -0.775],
						"0.0417": [-6.72, -12.3, -0.77],
						"0.0833": [-6.72, -12.3, -0.77],
						"0.25": [-6.72, -12.3, -0.77],
						"0.2917": [-6.72, -11.3, 2.23],
						"0.3333": [-6.72, -11.3, 6.23],
						"0.5": [-6.72, -8.3, 7.605],
						"0.5417": [-7.72, -8.7375, 3.235],
						"0.625": [-7.845, -7.74, -0.76],
						"0.6667": [-8.22, -7.58, -1.23],
						"0.7083": [-8.59, -7.1775, -1.95],
						"0.75": [-8.59, -7.805, -2.2625],
						"0.7917": [-8.215, -8.8, -3.26],
						"0.9583": [-8.21, -8.8, -2.26],
						"1.0833": [-7.835, -10.55, 0.1775],
						"1.125": [-6.725, -13.3, -0.775],
						"1.2083": [-6.725, -13.3, -0.775]
					},
					"scale": {
						"0.0": [1, 1.5, 1],
						"0.0417": [1, 1.5, 1],
						"0.0833": [1, 1.5, 1],
						"0.25": [1, 1.5, 1],
						"0.625": [1, 1.5, 1],
						"0.75": [1, 1.5, 1],
						"1.125": [1, 1.5, 1],
						"1.2083": [1, 1.5, 1]
					}
				},
				"constraint": {
					"rotation": {
						"0.0": [0.2, 0.2, 0.2],
						"0.0833": [0.2, 0.2, 0.2],
						"0.625": [0.2, 0.2, 0.2],
						"0.7083": [0.2, 0.2, 0.2],
						"0.75": [0.2, 0.2, 0.2],
						"1.2083": [0.2, 0.2, 0.2]
					},
					"position": {
						"0.0": [0.2, 0.2, 0.2],
						"0.0833": [0.2, 0.2, 0.2],
						"0.625": [0.2, 0.2, 0.2],
						"0.7083": [0.2, 0.2, 0.2],
						"0.75": [0.2, 0.2, 0.2],
						"1.2083": [0.2, 0.2, 0.2]
					}
				},
				"root": {
					"rotation": {
						"0.0": [0, 0, 0],
						"0.0417": [0.99939, 0.0349, -1.9997],
						"0.0833": [0.99756, 0.06975, -3.99939],
						"0.125": [-9.00229, -0.08673, -4.98707],
						"0.1667": [-33.97967, -1.32806, -6.07228],
						"0.2083": [-38.97967, -1.32806, -6.07228],
						"0.25": [-37.90748, -2.86542, -8.04508],
						"0.2917": [-36.94244, -2.23, -7.27141],
						"0.3333": [-35.96926, -1.60774, -6.48743],
						"0.5": [-36.49798, 0.43491, -3.64515],
						"0.5417": [-37.24798, 0.43491, -3.64515],
						"0.5833": [-37.74391, 0.73753, -3.24711],
						"0.625": [-38.72556, 1.35199, -2.459],
						"0.6667": [-39.21419, 1.66473, -2.06868],
						"0.7083": [-38.74, 0.74, -3.25],
						"0.75": [-37.74, 0.74, -3.25],
						"0.9167": [-30.2384, 0.74, -3.25],
						"0.9583": [-25.24, 0.74, -3.25],
						"1.0417": [2.27856, 0.85378, -2.00505],
						"1.125": [2.29711, 0.96755, -0.7601],
						"1.2083": [0, 0, 0],
						"1.25": [-2.5, 0, 0],
						"1.2917": [-1.5, 0, 0],
						"1.3333": [-0.5, 0, 0],
						"1.375": [0, 0, 0]
					},
					"position": {
						"0.0": [0, 0, 0],
						"0.0417": [0, 0.125, 0],
						"0.0833": [0, 0.13, 0],
						"0.125": [0, -0.87, 0],
						"0.1667": [0, -2.87, -1],
						"0.2083": [0, -3.3075, -1.25],
						"0.25": [0, -3.12, -1],
						"0.625": [0, -3.12, -1],
						"0.7083": [0, -3.12, -1],
						"0.75": [0, -3.12, -1],
						"0.7917": [0, -3.12, -2],
						"0.9583": [0, -3.12, -1.625],
						"1.0417": [0, -0.12, -1.62],
						"1.125": [0, -0.25, -0.58],
						"1.2083": [0, 0, 0],
						"1.25": [0, 0, 0.25],
						"1.2917": [0, 0, 0]
					}
				},
				"lever": {
					"rotation": {
						"0.0": [0, 0, 0],
						"0.0833": [0, -17.5, 0],
						"0.625": [0, -17.5, 0],
						"0.7083": [0, -17.5, 0],
						"0.75": [0, -17.5, 0],
						"0.9583": [0, -20.17, 0],
						"1.0": [0, -17.44, 0],
						"1.0417": [0, 0.29, 0],
						"1.0833": [0, -0.25, 0],
						"1.2083": [0, 0, 0]
					}
				},
				"front_part": {
					"rotation": {
						"0.0": [0, 0, 0],
						"0.0833": [0, 0, 0],
						"0.125": [10, 0, 0],
						"0.1667": [35, 0, 0],
						"0.2083": [45, 0, 0],
						"0.25": [45, 0, 0],
						"0.625": [45, 0, 0],
						"0.7083": [45, 0, 0],
						"0.75": [45, 0, 0],
						"0.9167": [45, 0, 0],
						"0.9583": [32.5, 0, 0],
						"1.0417": [0, 0, 0],
						"1.0833": [0, 0, 0],
						"1.125": [0, 0, 0],
						"1.2083": [0, 0, 0]
					}
				},
				"bullet_1": {
					"rotation": {
						"0.0": [0, 0, 0],
						"0.25": [0, 0, 0],
						"0.625": [0, 0, 0],
						"0.75": [0, 0, 0],
						"1.2083": [0, 0, 0]
					},
					"position": {
						"0.0": [0, 0, 0],
						"0.1667": [0, 0, -0.025],
						"0.2083": [0, 0, 2],
						"0.25": [0, -1.1875, 7.1875],
						"0.2917": [0, -4.19, 10.19],
						"0.3333": [0, -7.19, 11.19],
						"0.5": [0, -6.19, 10.19],
						"0.5417": [0, -3.19, 7.19],
						"0.625": [0.0625, 0.1225, 5.19],
						"0.75": [0, 0, 2.975],
						"0.7917": [0, 0, -0.02],
						"1.2083": [0, 0, 0]
					}
				},
				"camera": {
					"rotation": {
						"0.0": [-0.22, 0, -0.1],
						"0.0417": [-0.28, 0, -0.12],
						"0.0833": [0.37, 0.04, 0.13],
						"0.125": [2.02, 0.15, 0.59],
						"0.1667": [2.3, 0.24, -0.2],
						"0.2083": [2.3, 0.33, -0.97],
						"0.25": [2.14, 0.36, -0.9],
						"0.2917": [1.69, 0.41, -0.36],
						"0.3333": [1.54, 0.43, -0.38],
						"0.625": [2.18525, 0.5732, -0.43562],
						"0.6667": [2.02644, 0.5974, -0.54172],
						"0.7917": [2.55, 0.67, -0.86],
						"0.8333": [2.76, 0.75, -0.89],
						"0.875": [2.91, 0.81, -0.92],
						"0.9167": [2.83, 0.92, -1.26],
						"0.9583": [2.97, 0.9, -1.05],
						"1.0": [2.34, 0.68, -0.58],
						"1.0417": [1.68, 0.5, -0.33],
						"1.0833": [0.95, 0.3, -0.08],
						"1.125": [0.3, 0.13, 0.13],
						"1.1667": [0.11, -0.07, -0.21],
						"1.2083": [0.09, -0.05, -0.16],
						"1.25": [0.04, -0.02, -0.02],
						"1.2917": [0, 0, 0.08],
						"1.3333": [0, 0, 0]
					}
				}
			}
		}
	}
}