{
	"format_version": "1.8.0",
	"animations": {
		"static_idle": {
			"loop": true,
			"animation_length": 0.4,
			"bones": {
				"righthand": {
					"rotation": [94.56913, 9.96886, -179.20739],
					"position": [-6.83125, -13.9, -3.4125],
					"scale": [1, 1.5, 1]
				},
				"lefthand": {
					"rotation": [104.78234, -30.45112, -178.34273],
					"position": [-7.54, -5.5, -3.95],
					"scale": [1, 1.9, 1]
				},
				"constraint": {
					"rotation": [0.1, 0.1, 0.1],
					"position": [0.1, 0.0375, 0.025]
				},
				"bolt": {
					"position": [0, 0, 0]
				}
			}
		},
		"static_bolt_caught": {
			"animation_length": 0.45,
			"bones": {
				"bullet": {
					"scale": 0
				},
				"lefthand": {
					"rotation": [104.78234, -30.45112, -178.34273],
					"position": [-7.54, -5.5, -3.95],
					"scale": [1, 1.9, 1]
				},
				"righthand": {
					"rotation": [94.56913, 9.96886, -179.20739],
					"position": [-6.83125, -13.9, -3.4125],
					"scale": [1, 1.5, 1]
				},
				"bolt": {
					"position": [0, 0, -3.75]
				}
			}
		},
		"draw": {
			"animation_length": 1.2,
			"bones": {
				"righthand": {
					"rotation": [94.56913, 9.96886, -179.20739],
					"position": [-6.83125, -13.9, -3.4125],
					"scale": [1, 1.5, 1]
				},
				"lefthand": {
					"rotation": [104.78234, -30.45112, -178.34273],
					"position": [-7.54, -5.5, -3.95],
					"scale": [1, 1.9, 1]
				},
				"root": {
					"rotation": {
						"0.0": {
							"post": [-44.92071, 0, -0.08401],
							"lerp_mode": "catmullrom"
						},
						"0.15": {
							"post": [-21.55057, 0, -5.38555],
							"lerp_mode": "catmullrom"
						},
						"0.25": {
							"post": [-9.54998, 0, 1.70645],
							"lerp_mode": "catmullrom"
						},
						"0.35": {
							"post": [-1.46, 0.47, -1.3],
							"lerp_mode": "catmullrom"
						},
						"0.45": {
							"post": [-0.55, -0.01, 0.82],
							"lerp_mode": "catmullrom"
						},
						"0.6": {
							"post": [0, 0, -0.3],
							"lerp_mode": "catmullrom"
						},
						"0.75": {
							"post": [0, 0, 0],
							"lerp_mode": "catmullrom"
						}
					},
					"position": {
						"0.0": {
							"post": [0, -17, 7.7],
							"lerp_mode": "catmullrom"
						},
						"0.1": {
							"post": [0, -9.07, 6.5525],
							"lerp_mode": "catmullrom"
						},
						"0.2": {
							"post": [0.07, -4.56, 0.675],
							"lerp_mode": "catmullrom"
						},
						"0.3": {
							"post": [0.41, -1.67, -1.9875],
							"lerp_mode": "catmullrom"
						},
						"0.4": {
							"post": [0.17, 0, 0.79938],
							"lerp_mode": "catmullrom"
						},
						"0.45": {
							"post": [0.1, 0, 1.225],
							"lerp_mode": "catmullrom"
						},
						"0.55": {
							"post": [0.03, 0.04, -0.06188],
							"lerp_mode": "catmullrom"
						},
						"0.65": {
							"post": [0, 0, 0],
							"lerp_mode": "catmullrom"
						},
						"0.75": {
							"post": [0, 0, 0],
							"lerp_mode": "catmullrom"
						}
					}
				},
				"camera": {
					"rotation": {
						"0.0": {
							"post": [0, 0, 0],
							"lerp_mode": "catmullrom"
						},
						"0.2": {
							"post": [0.89297, -0.12891, 0.44141],
							"lerp_mode": "catmullrom"
						},
						"0.35": {
							"post": [0.94297, -0.19141, 0.44531],
							"lerp_mode": "catmullrom"
						},
						"0.55": {
							"post": [-0.1, 0.01953, -0.25391],
							"lerp_mode": "catmullrom"
						},
						"0.65": {
							"post": [0.1, 0.01953, 0.27344],
							"lerp_mode": "catmullrom"
						},
						"0.8": {
							"post": [-0.0375, 0.01953, -0.01953],
							"lerp_mode": "catmullrom"
						},
						"0.95": {
							"post": [0, 0, 0],
							"lerp_mode": "catmullrom"
						}
					}
				}
			}
		},
		"put_away": {
			"animation_length": 0.6,
			"bones": {
				"righthand": {
					"rotation": [94.56913, 9.96886, -179.20739],
					"position": [-6.83125, -13.9, -3.4125],
					"scale": [1, 1.5, 1]
				},
				"lefthand": {
					"rotation": [94.78234, -30.45112, -178.34273],
					"position": [-8.0375, -5.5, -4.2],
					"scale": [1, 1.9, 1]
				},
				"root": {
					"rotation": {
						"0.0": {
							"post": [0, 0, 0],
							"lerp_mode": "catmullrom"
						},
						"0.05": {
							"post": [-0.51171, -3.6801, -4.19401],
							"lerp_mode": "catmullrom"
						},
						"0.2": {
							"post": [4.36882, -11.73179, -10.29382],
							"lerp_mode": "catmullrom"
						},
						"0.35": {
							"post": [11.60471, -21.56305, -3.66288],
							"lerp_mode": "catmullrom"
						},
						"0.45": {
							"post": [16.97, -33.62, 3.38],
							"lerp_mode": "catmullrom"
						},
						"0.6": {
							"post": [34.73, -44.04, -3.09],
							"lerp_mode": "catmullrom"
						}
					},
					"position": {
						"0.0": {
							"post": [0, 0, 0],
							"lerp_mode": "catmullrom"
						},
						"0.05": {
							"post": [0, -0.49, -0.02],
							"lerp_mode": "catmullrom"
						},
						"0.2": {
							"post": [-0.52, -1.47, -0.56],
							"lerp_mode": "catmullrom"
						},
						"0.35": {
							"post": [-0.36, -2.92, -0.84],
							"lerp_mode": "catmullrom"
						},
						"0.45": {
							"post": [0.13, -5.86, -0.16],
							"lerp_mode": "catmullrom"
						},
						"0.6": {
							"post": [1.72, -9.68, 0.16],
							"lerp_mode": "catmullrom"
						}
					}
				},
				"camera": {
					"rotation": {
						"0.0": {
							"post": [0, 0, 0],
							"lerp_mode": "catmullrom"
						},
						"0.2": {
							"post": [0.35, 0.025, -0.225],
							"lerp_mode": "catmullrom"
						},
						"0.4": {
							"post": [0.1, 0.025, 0.075],
							"lerp_mode": "catmullrom"
						},
						"0.6": {
							"post": [0, 0, 0],
							"lerp_mode": "catmullrom"
						}
					}
				}
			}
		},
		"inspect": {
			"animation_length": 5.55,
			"bones": {
				"righthand": {
					"rotation": [94.56913, 9.96886, -179.20739],
					"position": [-6.83125, -13.9, -3.4125],
					"scale": [1, 1.5, 1]
				},
				"lefthand": {
					"rotation": {
						"0.0": [104.78234, -30.45112, -178.34273],
						"0.35": [97.67501, -29.90812, -184.09317],
						"0.45": [103.98482, -33.39039, -164.19949],
						"0.5": {
							"pre": [101.85978, -35.9921, -161.17103],
							"post": [101.85978, -35.9921, -161.17103],
							"lerp_mode": "catmullrom"
						},
						"2.4": {
							"post": [101.86, -35.99, -161.17],
							"lerp_mode": "catmullrom"
						},
						"2.7": [104.78234, -30.45112, -178.34273]
					},
					"position": {
						"0.0": [-7.54, -5.5, -3.95],
						"0.35": {
							"pre": [-8.5375, -6.5, -4.2],
							"post": [-8.5375, -6.5, -4.2],
							"lerp_mode": "catmullrom"
						},
						"0.5": {
							"post": [-4.4125, -6.5, 3.8],
							"lerp_mode": "catmullrom"
						},
						"2.4": {
							"post": [-4.41, -6.5, 3.8],
							"lerp_mode": "catmullrom"
						},
						"2.7": [-7.54, -5.5, -3.95]
					},
					"scale": {
						"0.0": [1, 1.9, 1],
						"2.7": [1, 1.9, 1]
					}
				},
				"root": {
					"rotation": {
						"0.0": {
							"post": [0, 0, 0],
							"lerp_mode": "catmullrom"
						},
						"0.1": {
							"post": [-5.46934, -6.59483, -3.87442],
							"lerp_mode": "catmullrom"
						},
						"0.3": {
							"post": [-24.36045, -18.3372, -24.5736],
							"lerp_mode": "catmullrom"
						},
						"0.45": {
							"post": [-26.6372, -23.44434, -30.03394],
							"lerp_mode": "catmullrom"
						},
						"0.6": {
							"post": [-27.1372, -23.44434, -30.53394],
							"lerp_mode": "catmullrom"
						},
						"0.9": {
							"post": [-27.57, -24.03, -31.84547],
							"lerp_mode": "catmullrom"
						},
						"1.1": {
							"post": [-26.6372, -24.44434, -33.28003],
							"lerp_mode": "catmullrom"
						},
						"1.45": {
							"post": [-25.24484, -24.87172, -34.76282],
							"lerp_mode": "catmullrom"
						},
						"1.65": {
							"post": [-25.02484, -25.14172, -35.06281],
							"lerp_mode": "catmullrom"
						},
						"1.8": {
							"post": [-25.68531, -24.51055, -34.39042],
							"lerp_mode": "catmullrom"
						},
						"2.05": {
							"post": [-25.89, -25.17, -35.55],
							"lerp_mode": "catmullrom"
						},
						"2.1": {
							"post": [-26.36769, -24.44268, -34.05701],
							"lerp_mode": "catmullrom"
						},
						"2.2": {
							"post": [-24.26656, -25.85154, -37.78486],
							"lerp_mode": "catmullrom"
						},
						"2.3": {
							"post": [-25.85782, -24.16621, -33.81841],
							"lerp_mode": "catmullrom"
						},
						"2.45": {
							"post": [-23.12164, -22.41959, -23.06423],
							"lerp_mode": "catmullrom"
						},
						"2.75": {
							"post": [-33.43597, 2.67804, 38.4926],
							"lerp_mode": "catmullrom"
						},
						"2.9": {
							"post": [-34.83597, 5.27804, 55.3926],
							"lerp_mode": "catmullrom"
						},
						"3.25": {
							"post": [-34.91, 4.72656, 56.81],
							"lerp_mode": "catmullrom"
						},
						"3.4": {
							"post": [-34.14, 5.47656, 66.61],
							"lerp_mode": "catmullrom"
						},
						"3.55": {
							"post": [-28.1349, 15.84963, 74.7146],
							"lerp_mode": "catmullrom"
						},
						"3.8": {
							"post": [-27.50765, 25.10812, 76.87217],
							"lerp_mode": "catmullrom"
						},
						"4.2": {
							"post": [-28.75, 28.09656, 75.41],
							"lerp_mode": "catmullrom"
						},
						"4.5": {
							"post": [-35.44, 9.53656, 64.48],
							"lerp_mode": "catmullrom"
						},
						"4.95": {
							"post": [-2.49762, -11.47315, 23.75119],
							"lerp_mode": "catmullrom"
						},
						"5.1": {
							"post": [4.76155, -3.98624, 3.16823],
							"lerp_mode": "catmullrom"
						},
						"5.2": {
							"post": [-0.75, 0, -2.25],
							"lerp_mode": "catmullrom"
						},
						"5.35": {
							"post": [0.25, 0, 1.25],
							"lerp_mode": "catmullrom"
						},
						"5.55": {
							"post": [0, 0, 0],
							"lerp_mode": "catmullrom"
						}
					},
					"position": {
						"0.0": {
							"post": [0, 0, 0],
							"lerp_mode": "catmullrom"
						},
						"0.15": {
							"post": [0.30875, -0.91641, -0.54],
							"lerp_mode": "catmullrom"
						},
						"0.35": {
							"post": [1.36297, 1.47656, -0.64062],
							"lerp_mode": "catmullrom"
						},
						"0.45": {
							"post": [1.64593, 2.33502, -0.7375],
							"lerp_mode": "catmullrom"
						},
						"0.6": {
							"post": [1.6539, 2.52735, -0.6375],
							"lerp_mode": "catmullrom"
						},
						"0.7": {
							"post": [1.44969, 2.93984, -0.6275],
							"lerp_mode": "catmullrom"
						},
						"0.85": {
							"post": [1.31498, 2.58845, -0.6275],
							"lerp_mode": "catmullrom"
						},
						"1.1": {
							"post": [1.29844, 2.09375, -0.6375],
							"lerp_mode": "catmullrom"
						},
						"1.3": {
							"post": [1.30703, 2.09375, -0.6375],
							"lerp_mode": "catmullrom"
						},
						"1.65": {
							"post": [1.15691, 2.40446, -0.5975],
							"lerp_mode": "catmullrom"
						},
						"2.0": {
							"post": [1.75985, 2.72422, -0.5675],
							"lerp_mode": "catmullrom"
						},
						"2.05": {
							"post": [2.23828, 2.61828, -0.5575],
							"lerp_mode": "catmullrom"
						},
						"2.1": {
							"post": [2.68141, 2.02219, -0.5475],
							"lerp_mode": "catmullrom"
						},
						"2.2": {
							"post": [2.54688, 1.76375, -0.5475],
							"lerp_mode": "catmullrom"
						},
						"2.35": {
							"post": [2.34641, 1.8417, -0.6375],
							"lerp_mode": "catmullrom"
						},
						"2.6": {
							"post": [1.19487, 0.80056, -1.5875],
							"lerp_mode": "catmullrom"
						},
						"2.8": {
							"post": [-0.28906, -0.91797, -2.4375],
							"lerp_mode": "catmullrom"
						},
						"2.95": {
							"post": [-0.35291, 0.55958, -2.6075],
							"lerp_mode": "catmullrom"
						},
						"3.15": {
							"post": [-0.46358, 1.41911, -2.5875],
							"lerp_mode": "catmullrom"
						},
						"3.35": {
							"post": [-0.43906, 1.45, -2.5575],
							"lerp_mode": "catmullrom"
						},
						"3.55": {
							"post": [-0.37996, 1.39166, -2.5375],
							"lerp_mode": "catmullrom"
						},
						"3.8": {
							"post": [-0.18816, 1.72318, -2.18984],
							"lerp_mode": "catmullrom"
						},
						"4.05": {
							"post": [-0.15599, 2.61198, -1.90078],
							"lerp_mode": "catmullrom"
						},
						"4.35": {
							"post": [-0.15342, 2.80122, -1.90078],
							"lerp_mode": "catmullrom"
						},
						"4.5": {
							"post": [-0.14906, 2.89141, -1.90078],
							"lerp_mode": "catmullrom"
						},
						"4.65": {
							"post": [-0.27982, 2.42806, -1.90078],
							"lerp_mode": "catmullrom"
						},
						"4.8": {
							"post": [-0.15111, 2.27636, -1.90078],
							"lerp_mode": "catmullrom"
						},
						"4.95": {
							"post": [0.44921, -0.66467, -1.89078],
							"lerp_mode": "catmullrom"
						},
						"5.1": {
							"post": [0.28719, -0.43, -1.77344],
							"lerp_mode": "catmullrom"
						},
						"5.2": {
							"post": [0.47, -0.14, 0.39],
							"lerp_mode": "catmullrom"
						},
						"5.3": {
							"post": [0.19924, 0.01743, -0.13359],
							"lerp_mode": "catmullrom"
						},
						"5.4": {
							"post": [0, 0, 0],
							"lerp_mode": "catmullrom"
						}
					}
				},
				"mag_and_lefthand": {
					"rotation": [0, 0, 0],
					"position": {
						"0.5": [0, 0, 0],
						"0.75": [0, 0, 0]
					}
				},
				"bone5": {
					"rotation": {
						"0.6": [0, 0, 0],
						"0.7": [0, 0, -1.46094],
						"0.8": [0, 0, 1.15391],
						"0.95": [0, 0, -0.20375],
						"1.15": [0, 0, 0],
						"1.5": [0, 0, 0],
						"1.85": [0, 0, 0],
						"1.95": [0, 0, -0.22656],
						"2.1": [0, 0, 0]
					}
				},
				"lefthand_and_mag": {
					"rotation": {
						"0.5": [0, 0, 0],
						"0.65": {
							"pre": [0, 0, 0],
							"post": [0, 0, 0],
							"lerp_mode": "catmullrom"
						},
						"0.75": {
							"post": [-4, 0, 0],
							"lerp_mode": "catmullrom"
						},
						"0.95": {
							"post": [-4.87, -7.98, 17.04],
							"lerp_mode": "catmullrom"
						},
						"1.05": {
							"post": [-4.97, -10.29, 22.16],
							"lerp_mode": "catmullrom"
						},
						"1.25": {
							"post": [-4.7339, -10.80007, 22.74683],
							"lerp_mode": "catmullrom"
						},
						"1.6": {
							"post": [-4.97, -10.2, 22.40953],
							"lerp_mode": "catmullrom"
						},
						"1.7": {
							"post": [-4.75, -7.5, 16.25953],
							"lerp_mode": "catmullrom"
						},
						"1.85": [-4, 0, 0],
						"1.9": [-6, 0, 0],
						"2.0": [0, 0, 0]
					},
					"position": {
						"0.5": [0, 0, 0],
						"0.65": {
							"pre": [-0.15, -2.63, -0.02],
							"post": [-0.15, -2.63, -0.02],
							"lerp_mode": "catmullrom"
						},
						"0.8": {
							"post": [0, -9, 0],
							"lerp_mode": "catmullrom"
						},
						"0.9": {
							"post": [2.02, -8.78, 0.24],
							"lerp_mode": "catmullrom"
						},
						"1.05": {
							"post": [4.03906, -5.43422, 1.35569],
							"lerp_mode": "catmullrom"
						},
						"1.65": {
							"post": [4.08, -5.71, -0.05],
							"lerp_mode": "catmullrom"
						},
						"1.95": {
							"post": [1.04, -5.43, -0.64],
							"lerp_mode": "catmullrom"
						},
						"2.1": {
							"post": [0, 0, 0],
							"lerp_mode": "catmullrom"
						}
					}
				},
				"bolt": {
					"position": [0, 0, 0]
				},
				"camera": {
					"rotation": {
						"0.0": {
							"post": [0, 0, 0],
							"lerp_mode": "catmullrom"
						},
						"0.2": {
							"post": [0.5, 0, -0.56641],
							"lerp_mode": "catmullrom"
						},
						"0.45": {
							"post": [-0.00016, 0.33594, -1.07031],
							"lerp_mode": "catmullrom"
						},
						"0.7": {
							"post": [0.48781, -0.29687, -1.44922],
							"lerp_mode": "catmullrom"
						},
						"0.85": {
							"post": [2.11484, -2.32031, -0.44531],
							"lerp_mode": "catmullrom"
						},
						"1.05": {
							"post": [3.09594, -3.33594, -0.82031],
							"lerp_mode": "catmullrom"
						},
						"1.3": {
							"post": [3.46, -3.53, 0.07641],
							"lerp_mode": "catmullrom"
						},
						"1.5": {
							"post": [3.61922, -3.33594, 0.125],
							"lerp_mode": "catmullrom"
						},
						"1.75": {
							"post": [3.48625, -2.73437, -0.82031],
							"lerp_mode": "catmullrom"
						},
						"1.85": {
							"post": [2.89, -1.69, -0.75469],
							"lerp_mode": "catmullrom"
						},
						"2.0": {
							"post": [1.93672, 0, -1.64062],
							"lerp_mode": "catmullrom"
						},
						"2.1": {
							"post": [1.82, 0.28, -1.31469],
							"lerp_mode": "catmullrom"
						},
						"2.2": {
							"post": [1.77, 0.45, -2.16141],
							"lerp_mode": "catmullrom"
						},
						"2.3": {
							"post": [1.72, 0.63, -1.85],
							"lerp_mode": "catmullrom"
						},
						"2.4": {
							"post": [1.96438, 0.5625, -1.64062],
							"lerp_mode": "catmullrom"
						},
						"2.75": {
							"post": [4.33984, -1.23437, 0.62891],
							"lerp_mode": "catmullrom"
						},
						"2.85": {
							"post": [4.62, -1.45, 1.65391],
							"lerp_mode": "catmullrom"
						},
						"3.0": {
							"post": [5.68453, -1.57, 0.98609],
							"lerp_mode": "catmullrom"
						},
						"3.15": {
							"post": [5.98109, -1.62891, 1.19531],
							"lerp_mode": "catmullrom"
						},
						"3.6": {
							"post": [6.53234, -1.40234, 1.19531],
							"lerp_mode": "catmullrom"
						},
						"4.1": {
							"post": [3.99328, -0.89844, 0.81641],
							"lerp_mode": "catmullrom"
						},
						"4.5": {
							"post": [3.25109, -0.95312, 1.07031],
							"lerp_mode": "catmullrom"
						},
						"4.8": {
							"post": [3.77187, -0.50391, 0.62891],
							"lerp_mode": "catmullrom"
						},
						"5.05": {
							"post": [0, 0, -0.25],
							"lerp_mode": "catmullrom"
						},
						"5.15": {
							"post": [-0.55859, 0, 0.31641],
							"lerp_mode": "catmullrom"
						},
						"5.3": {
							"post": [0.29688, 0, -0.125],
							"lerp_mode": "catmullrom"
						},
						"5.5": {
							"post": [0, 0, 0],
							"lerp_mode": "catmullrom"
						}
					}
				}
			}
		},
		"shoot": {
			"loop": true,
			"animation_length": 0.75,
			"bones": {
				"root": {
					"rotation": {
						"0.0": {
							"post": [0, 0, 0],
							"lerp_mode": "catmullrom"
						},
						"0.0167": {
							"post": [1.43203, 0, -1.63828],
							"lerp_mode": "catmullrom"
						},
						"0.0333": {
							"post": [-1.55547, -0.1875, 1.55703],
							"lerp_mode": "catmullrom"
						},
						"0.1": {
							"post": [-1.96953, 0.125, -0.76719],
							"lerp_mode": "catmullrom"
						},
						"0.1667": {
							"post": [-1.17265, 0, 0.825],
							"lerp_mode": "catmullrom"
						},
						"0.3": {
							"post": [-0.09766, 0, 0.50938],
							"lerp_mode": "catmullrom"
						},
						"0.3667": {
							"post": [0.2275, 0.05859, 0.10891],
							"lerp_mode": "catmullrom"
						},
						"0.4333": {
							"post": [-0.11328, 0.11328, 0],
							"lerp_mode": "catmullrom"
						},
						"0.55": {
							"post": [-0.0625, -0.05859, 0],
							"lerp_mode": "catmullrom"
						},
						"0.6833": {
							"post": [0, 0, 0],
							"lerp_mode": "catmullrom"
						}
					},
					"position": {
						"0.0": {
							"post": [0, 0, 0],
							"lerp_mode": "catmullrom"
						},
						"0.0167": {
							"post": [0, -0.22656, 1.38906],
							"lerp_mode": "catmullrom"
						},
						"0.0833": {
							"post": [0, -0.28516, 1.02594],
							"lerp_mode": "catmullrom"
						},
						"0.15": {
							"post": [0, -0.28516, 0.08828],
							"lerp_mode": "catmullrom"
						},
						"0.2": {
							"post": [0, 0, -0.40391],
							"lerp_mode": "catmullrom"
						},
						"0.25": {
							"post": [0, 0, -0.36719],
							"lerp_mode": "catmullrom"
						},
						"0.3167": {
							"post": [0, 0, 0.05469],
							"lerp_mode": "catmullrom"
						},
						"0.3667": {
							"post": [0, 0, 0.19922],
							"lerp_mode": "catmullrom"
						},
						"0.4333": {
							"post": [0, -0.10547, 0],
							"lerp_mode": "catmullrom"
						},
						"0.5": {
							"post": [0, -0.10547, -0.08031],
							"lerp_mode": "catmullrom"
						},
						"0.6": {
							"post": [0, -0.03516, -0.07031],
							"lerp_mode": "catmullrom"
						},
						"0.7333": {
							"post": [0, 0, 0],
							"lerp_mode": "catmullrom"
						}
					}
				},
				"bolt": {
					"position": {
						"0.0": [0, 0, 0],
						"0.0333": [0, 0, -4.9875],
						"0.1": [0, 0, 0]
					}
				},
				"charge_handle": {
					"position": {
						"0.0": [0, 0, 0],
						"0.0333": [0, 0, 0.5],
						"0.0833": [0, 0, 0]
					}
				},
				"charge_l": {
					"rotation": {
						"0.0167": [0, 0, 0],
						"0.0667": [0, -17, 0],
						"0.1167": [0, 0, 0],
						"0.1833": [0, 0, 0],
						"0.25": [0, -8, 0],
						"0.3167": [0, 0, 0]
					}
				},
				"charge_r": {
					"rotation": {
						"0.0": [0, 0, 0],
						"0.05": [0, 10.65, 0],
						"0.1": [0, 0, 0],
						"0.1667": [0, 0, 0],
						"0.2333": [0, 7.05, 0],
						"0.3": [0, 0, 0]
					}
				},
				"constraint": {
					"rotation": {
						"0.0": [0.2, 0.2, 0.2],
						"0.1": [0, 0, 0]
					},
					"position": {
						"0.0": [0.2, 0.1, 0.2],
						"0.1": [0, 0, 0]
					}
				},
				"bone7": {
					"rotation": {
						"0.0": [0, 0, 0],
						"0.05": [0, -100, 0],
						"0.1167": [0, -182.5, 0],
						"0.2333": [0, -103, 0],
						"0.2833": [0, 0, 0]
					}
				},
				"camera": {
					"rotation": {
						"0.0": [0, 0, 0],
						"0.0167": [0, 0, 1.55],
						"0.05": [0, 0, -1.275],
						"0.0833": [0, 0, 0.995],
						"0.1167": [0, 0, -0.58],
						"0.15": [0, 0, 0.47],
						"0.1833": [0, 0, 0]
					}
				}
			}
		},
		"inspect_empty": {
			"animation_length": 5.55,
			"bones": {
				"righthand": {
					"rotation": [94.56913, 9.96886, -179.20739],
					"position": [-6.83125, -13.9, -3.4125],
					"scale": [1, 1.5, 1]
				},
				"lefthand": {
					"rotation": {
						"0.0": [104.78234, -30.45112, -178.34273],
						"0.3667": [97.67501, -29.90812, -184.09317],
						"0.4667": [103.98482, -33.39039, -164.19949],
						"0.5": {
							"pre": [101.85978, -35.9921, -161.17103],
							"post": [101.85978, -35.9921, -161.17103],
							"lerp_mode": "catmullrom"
						},
						"2.4": {
							"post": [101.86, -35.99, -161.17],
							"lerp_mode": "catmullrom"
						},
						"2.7": [104.78234, -30.45112, -178.34273]
					},
					"position": {
						"0.0": [-7.54, -5.5, -3.95],
						"0.3667": {
							"pre": [-8.5375, -6.5, -4.2],
							"post": [-8.5375, -6.5, -4.2],
							"lerp_mode": "catmullrom"
						},
						"0.5": {
							"post": [-4.4125, -6.5, 3.8],
							"lerp_mode": "catmullrom"
						},
						"2.4": {
							"post": [-4.41, -6.5, 3.8],
							"lerp_mode": "catmullrom"
						},
						"2.7": [-7.54, -5.5, -3.95]
					},
					"scale": {
						"0.0": [1, 1.9, 1],
						"2.7": [1, 1.9, 1]
					}
				},
				"root": {
					"rotation": {
						"0.0": {
							"post": [0, 0, 0],
							"lerp_mode": "catmullrom"
						},
						"0.1": {
							"post": [-5.46934, -6.59483, -3.87442],
							"lerp_mode": "catmullrom"
						},
						"0.3": {
							"post": [-24.36045, -18.3372, -24.5736],
							"lerp_mode": "catmullrom"
						},
						"0.4667": {
							"post": [-26.6372, -23.44434, -30.03394],
							"lerp_mode": "catmullrom"
						},
						"0.6": {
							"post": [-27.1372, -23.44434, -30.53394],
							"lerp_mode": "catmullrom"
						},
						"0.9": {
							"post": [-27.57, -24.03, -31.84547],
							"lerp_mode": "catmullrom"
						},
						"1.1": {
							"post": [-26.6372, -24.44434, -33.28003],
							"lerp_mode": "catmullrom"
						},
						"1.4667": {
							"post": [-25.24484, -24.87172, -34.76282],
							"lerp_mode": "catmullrom"
						},
						"1.6667": {
							"post": [-25.02484, -25.14172, -35.06281],
							"lerp_mode": "catmullrom"
						},
						"1.8": {
							"post": [-25.68531, -24.51055, -34.39042],
							"lerp_mode": "catmullrom"
						},
						"2.0333": {
							"post": [-25.89, -25.17, -35.55],
							"lerp_mode": "catmullrom"
						},
						"2.1": {
							"post": [-26.36769, -24.44268, -34.05701],
							"lerp_mode": "catmullrom"
						},
						"2.2": {
							"post": [-24.26656, -25.85154, -37.78486],
							"lerp_mode": "catmullrom"
						},
						"2.3": {
							"post": [-25.85782, -24.16621, -33.81841],
							"lerp_mode": "catmullrom"
						},
						"2.4667": {
							"post": [-23.12164, -22.41959, -23.06423],
							"lerp_mode": "catmullrom"
						},
						"2.7667": {
							"post": [-33.43597, 2.67804, 38.4926],
							"lerp_mode": "catmullrom"
						},
						"2.9": {
							"post": [-34.83597, 5.27804, 55.3926],
							"lerp_mode": "catmullrom"
						},
						"3.2667": {
							"post": [-34.91, 4.72656, 56.81],
							"lerp_mode": "catmullrom"
						},
						"3.4": {
							"post": [-34.14, 5.47656, 66.61],
							"lerp_mode": "catmullrom"
						},
						"3.5667": {
							"post": [-28.1349, 15.84963, 74.7146],
							"lerp_mode": "catmullrom"
						},
						"3.8": {
							"post": [-27.50765, 25.10812, 76.87217],
							"lerp_mode": "catmullrom"
						},
						"4.2": {
							"post": [-28.75, 28.09656, 75.41],
							"lerp_mode": "catmullrom"
						},
						"4.5": {
							"post": [-35.44, 9.53656, 64.48],
							"lerp_mode": "catmullrom"
						},
						"4.9667": {
							"post": [-2.49762, -11.47315, 23.75119],
							"lerp_mode": "catmullrom"
						},
						"5.1": {
							"post": [4.76155, -3.98624, 3.16823],
							"lerp_mode": "catmullrom"
						},
						"5.2": {
							"post": [-0.75, 0, -2.25],
							"lerp_mode": "catmullrom"
						},
						"5.3667": {
							"post": [0.25, 0, 1.25],
							"lerp_mode": "catmullrom"
						},
						"5.5667": {
							"post": [0, 0, 0],
							"lerp_mode": "catmullrom"
						}
					},
					"position": {
						"0.0": {
							"post": [0, 0, 0],
							"lerp_mode": "catmullrom"
						},
						"0.1667": {
							"post": [0.30875, -0.91641, -0.54],
							"lerp_mode": "catmullrom"
						},
						"0.3667": {
							"post": [1.36297, 1.47656, -0.51562],
							"lerp_mode": "catmullrom"
						},
						"0.4667": {
							"post": [1.64593, 2.33502, -0.6125],
							"lerp_mode": "catmullrom"
						},
						"0.6": {
							"post": [1.6539, 2.52735, -0.5125],
							"lerp_mode": "catmullrom"
						},
						"0.7": {
							"post": [1.44969, 2.93984, -0.5025],
							"lerp_mode": "catmullrom"
						},
						"0.8667": {
							"post": [1.31498, 2.58845, -0.5025],
							"lerp_mode": "catmullrom"
						},
						"1.1": {
							"post": [1.29844, 2.09375, -0.5125],
							"lerp_mode": "catmullrom"
						},
						"1.3": {
							"post": [1.30703, 2.09375, -0.5125],
							"lerp_mode": "catmullrom"
						},
						"1.6667": {
							"post": [1.15691, 2.40446, -0.4725],
							"lerp_mode": "catmullrom"
						},
						"2.0": {
							"post": [1.75985, 2.72422, -0.4425],
							"lerp_mode": "catmullrom"
						},
						"2.0333": {
							"post": [2.23828, 2.61828, -0.4325],
							"lerp_mode": "catmullrom"
						},
						"2.1": {
							"post": [2.68141, 2.02219, -0.4225],
							"lerp_mode": "catmullrom"
						},
						"2.2": {
							"post": [2.54688, 1.76375, -0.4225],
							"lerp_mode": "catmullrom"
						},
						"2.3667": {
							"post": [2.34641, 1.8417, -0.5125],
							"lerp_mode": "catmullrom"
						},
						"2.6": {
							"post": [1.19487, 0.80056, -1.4625],
							"lerp_mode": "catmullrom"
						},
						"2.8": {
							"post": [-0.28906, -0.91797, -2.3125],
							"lerp_mode": "catmullrom"
						},
						"2.9667": {
							"post": [-0.35291, 0.55958, -2.4825],
							"lerp_mode": "catmullrom"
						},
						"3.1667": {
							"post": [-0.46358, 1.41911, -2.4625],
							"lerp_mode": "catmullrom"
						},
						"3.3667": {
							"post": [-0.43906, 1.45, -2.4325],
							"lerp_mode": "catmullrom"
						},
						"3.5667": {
							"post": [-0.37996, 1.39166, -2.4125],
							"lerp_mode": "catmullrom"
						},
						"3.8": {
							"post": [-0.18816, 1.72318, -2.06484],
							"lerp_mode": "catmullrom"
						},
						"4.0667": {
							"post": [-0.15599, 2.61198, -1.77578],
							"lerp_mode": "catmullrom"
						},
						"4.3667": {
							"post": [-0.15342, 2.80122, -1.77578],
							"lerp_mode": "catmullrom"
						},
						"4.5": {
							"post": [-0.14906, 2.89141, -1.77578],
							"lerp_mode": "catmullrom"
						},
						"4.6667": {
							"post": [-0.27982, 2.42806, -1.77578],
							"lerp_mode": "catmullrom"
						},
						"4.8": {
							"post": [-0.15111, 2.27636, -1.77578],
							"lerp_mode": "catmullrom"
						},
						"4.9667": {
							"post": [0.44921, -0.66467, -1.76578],
							"lerp_mode": "catmullrom"
						},
						"5.1": {
							"post": [0.28719, -0.43, -1.64844],
							"lerp_mode": "catmullrom"
						},
						"5.2": {
							"post": [0.47, -0.14, 0.39],
							"lerp_mode": "catmullrom"
						},
						"5.3": {
							"post": [0.19924, 0.01743, -0.13359],
							"lerp_mode": "catmullrom"
						},
						"5.4": {
							"post": [0, 0, 0],
							"lerp_mode": "catmullrom"
						}
					}
				},
				"mag_and_lefthand": {
					"rotation": [0, 0, 0],
					"position": {
						"0.5": [0, 0, 0],
						"0.7667": [0, 0, 0]
					}
				},
				"bone5": {
					"rotation": {
						"0.6": [0, 0, 0],
						"0.7": [0, 0, -1.46094],
						"0.8": [0, 0, 1.15391],
						"0.9667": [0, 0, -0.20375],
						"1.1667": [0, 0, 0],
						"1.5": [0, 0, 0],
						"1.8667": [0, 0, 0],
						"1.9667": [0, 0, -0.22656],
						"2.1": [0, 0, 0]
					}
				},
				"lefthand_and_mag": {
					"rotation": {
						"0.5": [0, 0, 0],
						"0.6667": {
							"pre": [0, 0, 0],
							"post": [0, 0, 0],
							"lerp_mode": "catmullrom"
						},
						"0.7667": {
							"post": [-4, 0, 0],
							"lerp_mode": "catmullrom"
						},
						"0.9667": {
							"post": [-4.87, -7.98, 17.04],
							"lerp_mode": "catmullrom"
						},
						"1.0667": {
							"post": [-4.97, -10.29, 22.16],
							"lerp_mode": "catmullrom"
						},
						"1.2667": {
							"post": [-4.7339, -10.80007, 22.74683],
							"lerp_mode": "catmullrom"
						},
						"1.6": {
							"post": [-4.97, -10.2, 22.40953],
							"lerp_mode": "catmullrom"
						},
						"1.7": {
							"post": [-4.75, -7.5, 16.25953],
							"lerp_mode": "catmullrom"
						},
						"1.8667": [-4, 0, 0],
						"1.9": [-6, 0, 0],
						"2.0": [0, 0, 0]
					},
					"position": {
						"0.5": [0, 0, 0],
						"0.6667": {
							"pre": [-0.15, -2.63, -0.02],
							"post": [-0.15, -2.63, -0.02],
							"lerp_mode": "catmullrom"
						},
						"0.8": {
							"post": [0, -9, 0],
							"lerp_mode": "catmullrom"
						},
						"0.9": {
							"post": [2.02, -8.78, 0.24],
							"lerp_mode": "catmullrom"
						},
						"1.0667": {
							"post": [4.03906, -5.43422, 1.35569],
							"lerp_mode": "catmullrom"
						},
						"1.6667": {
							"post": [4.08, -5.71, -0.05],
							"lerp_mode": "catmullrom"
						},
						"1.9667": {
							"post": [1.04, -5.43, -0.64],
							"lerp_mode": "catmullrom"
						},
						"2.1": {
							"post": [0, 0, 0],
							"lerp_mode": "catmullrom"
						}
					}
				},
				"bolt": {
					"position": [0, 0, -3.75]
				},
				"bullet_in_mag": {
					"scale": 0
				},
				"camera": {
					"rotation": {
						"0.0": {
							"post": [0, 0, 0],
							"lerp_mode": "catmullrom"
						},
						"0.2": {
							"post": [0.5, 0, -0.56641],
							"lerp_mode": "catmullrom"
						},
						"0.4667": {
							"post": [-0.00016, 0.33594, -1.07031],
							"lerp_mode": "catmullrom"
						},
						"0.7": {
							"post": [0.48781, -0.29687, -1.44922],
							"lerp_mode": "catmullrom"
						},
						"0.8667": {
							"post": [2.11484, -2.32031, -0.44531],
							"lerp_mode": "catmullrom"
						},
						"1.0667": {
							"post": [3.09594, -3.33594, -0.82031],
							"lerp_mode": "catmullrom"
						},
						"1.3": {
							"post": [3.46, -3.53, 0.07641],
							"lerp_mode": "catmullrom"
						},
						"1.5": {
							"post": [3.61922, -3.33594, 0.125],
							"lerp_mode": "catmullrom"
						},
						"1.7667": {
							"post": [3.48625, -2.73437, -0.82031],
							"lerp_mode": "catmullrom"
						},
						"1.8667": {
							"post": [2.89, -1.69, -0.75469],
							"lerp_mode": "catmullrom"
						},
						"2.0": {
							"post": [1.93672, 0, -1.64062],
							"lerp_mode": "catmullrom"
						},
						"2.1": {
							"post": [1.82, 0.28, -1.31469],
							"lerp_mode": "catmullrom"
						},
						"2.2": {
							"post": [1.77, 0.45, -2.16141],
							"lerp_mode": "catmullrom"
						},
						"2.3": {
							"post": [1.72, 0.63, -1.85],
							"lerp_mode": "catmullrom"
						},
						"2.4": {
							"post": [1.96438, 0.5625, -1.64062],
							"lerp_mode": "catmullrom"
						},
						"2.7667": {
							"post": [4.33984, -1.23437, 0.62891],
							"lerp_mode": "catmullrom"
						},
						"2.8667": {
							"post": [4.62, -1.45, 1.65391],
							"lerp_mode": "catmullrom"
						},
						"3.0": {
							"post": [5.68453, -1.57, 0.98609],
							"lerp_mode": "catmullrom"
						},
						"3.1667": {
							"post": [5.98109, -1.62891, 1.19531],
							"lerp_mode": "catmullrom"
						},
						"3.6": {
							"post": [6.53234, -1.40234, 1.19531],
							"lerp_mode": "catmullrom"
						},
						"4.1": {
							"post": [3.99328, -0.89844, 0.81641],
							"lerp_mode": "catmullrom"
						},
						"4.5": {
							"post": [3.25109, -0.95312, 1.07031],
							"lerp_mode": "catmullrom"
						},
						"4.8": {
							"post": [3.77187, -0.50391, 0.62891],
							"lerp_mode": "catmullrom"
						},
						"5.0667": {
							"post": [0, 0, -0.25],
							"lerp_mode": "catmullrom"
						},
						"5.1667": {
							"post": [-0.55859, 0, 0.31641],
							"lerp_mode": "catmullrom"
						},
						"5.3": {
							"post": [0.29688, 0, -0.125],
							"lerp_mode": "catmullrom"
						},
						"5.5": {
							"post": [0, 0, 0],
							"lerp_mode": "catmullrom"
						}
					}
				}
			}
		},
		"reload_empty": {
			"animation_length": 3.7,
			"bones": {
				"bullet": {
					"scale": {
						"1.1667": [0, 0, 0],
						"1.2": [1, 1, 1]
					}
				},
				"root": {
					"rotation": {
						"0.0": {
							"post": [0, 0, 0],
							"lerp_mode": "catmullrom"
						},
						"0.1": {
							"post": [-9.9798, -1.25565, -3.78492],
							"lerp_mode": "catmullrom"
						},
						"0.2667": {
							"post": [-29.52652, -14.29628, -30.27162],
							"lerp_mode": "catmullrom"
						},
						"0.3667": {
							"post": [-30.66026, -21.88253, -57.3077],
							"lerp_mode": "catmullrom"
						},
						"0.4667": {
							"post": [-28.5175, -16.9025, -58.49],
							"lerp_mode": "catmullrom"
						},
						"0.5667": {
							"post": [-26.69379, -7.11596, -51.80563],
							"lerp_mode": "catmullrom"
						},
						"0.6667": {
							"post": [-27.71136, -7.08819, -48.87097],
							"lerp_mode": "catmullrom"
						},
						"0.7667": [-32.35299, -4.52104, -64.54498],
						"0.8": [-35.58826, -7.05681, -67.88904],
						"0.9": {
							"pre": [-32.02761, -12.26179, -62.039],
							"post": [-32.02761, -12.26179, -62.039],
							"lerp_mode": "catmullrom"
						},
						"1.0333": {
							"post": [-17.27514, -9.97659, -64.01102],
							"lerp_mode": "catmullrom"
						},
						"1.2": {
							"post": [-21.44436, -9.76542, -59.72365],
							"lerp_mode": "catmullrom"
						},
						"1.3333": {
							"post": [-29.7515, -17.9375, -53.83063],
							"lerp_mode": "catmullrom"
						},
						"1.4333": {
							"post": [-27.71, -18.065, -53.5725],
							"lerp_mode": "catmullrom"
						},
						"1.5667": {
							"post": [-22.74269, -17.05494, -57.70585],
							"lerp_mode": "catmullrom"
						},
						"1.7": {
							"post": [-21.31534, -13.14083, -60.50174],
							"lerp_mode": "catmullrom"
						},
						"1.8333": [-36.93487, -8.90229, -59.73102],
						"1.9": [-37.05929, -9.13047, -58.06387],
						"2.0333": {
							"pre": [-20.9925, -9.31, -47.64],
							"post": [-20.9925, -9.31, -47.64],
							"lerp_mode": "catmullrom"
						},
						"2.1667": {
							"post": [-16.31902, -1.7509, 2.30274],
							"lerp_mode": "catmullrom"
						},
						"2.3": {
							"post": [-15.09201, 6.6568, 11.18009],
							"lerp_mode": "catmullrom"
						},
						"2.4": [-18.83889, 3.25415, 5.66211],
						"2.4667": {
							"pre": [-18.73525, -1.09732, 3.89067],
							"post": [-18.73525, -1.09732, 3.89067],
							"lerp_mode": "catmullrom"
						},
						"2.5333": [-18.73525, -1.09732, 3.89067],
						"2.6333": {
							"pre": [-24.44409, 0.18483, 7.50134],
							"post": [-24.44409, 0.18483, 7.50134],
							"lerp_mode": "catmullrom"
						},
						"2.7667": {
							"post": [-21.44409, 0.18483, 7.50134],
							"lerp_mode": "catmullrom"
						},
						"2.8667": {
							"post": [-25.25107, -1.77385, 2.02902],
							"lerp_mode": "catmullrom"
						},
						"2.9333": {
							"post": [-23.06357, -1.77385, 2.02902],
							"lerp_mode": "catmullrom"
						},
						"3.0": {
							"post": [-13.08425, -5.50474, 1.36032],
							"lerp_mode": "catmullrom"
						},
						"3.0667": {
							"post": [-10.08, -6.405, 1],
							"lerp_mode": "catmullrom"
						},
						"3.2": {
							"post": [-5.63049, -4.19739, 3.46706],
							"lerp_mode": "catmullrom"
						},
						"3.3667": {
							"post": [0.23203, 0, -1.4],
							"lerp_mode": "catmullrom"
						},
						"3.4667": {
							"post": [-0.36328, 0.125, 0.725],
							"lerp_mode": "catmullrom"
						},
						"3.5667": {
							"post": [0, 0, 0],
							"lerp_mode": "catmullrom"
						},
						"3.7": {
							"post": [0, 0, 0],
							"lerp_mode": "catmullrom"
						}
					},
					"position": {
						"0.0": {
							"post": [0, 0, 0],
							"lerp_mode": "catmullrom"
						},
						"0.1": {
							"post": [-1.08, -0.1975, -0.28],
							"lerp_mode": "catmullrom"
						},
						"0.2667": {
							"post": [-3.0375, -0.95, 1.5875],
							"lerp_mode": "catmullrom"
						},
						"0.3667": {
							"post": [-3.3, -0.925, 2.3],
							"lerp_mode": "catmullrom"
						},
						"0.4667": {
							"post": [-3.33, -0.855, 2.25],
							"lerp_mode": "catmullrom"
						},
						"0.5667": [-3.05, -1.2875, 1.8],
						"0.6": [-2.86, -1.335, 1.885],
						"0.6667": [-2.83, -1.25, 2.0225],
						"0.7667": [-3.6525, -1.45, 1.975],
						"0.8": [-4.745, -1.39, 1.97],
						"0.9": {
							"pre": [-4.945, -1.1725, 1.955],
							"post": [-4.945, -1.1725, 1.955],
							"lerp_mode": "catmullrom"
						},
						"1.0": {
							"post": [-3, -1.275, 1.895],
							"lerp_mode": "catmullrom"
						},
						"1.2": {
							"post": [-3.155, -0.955, 1.935],
							"lerp_mode": "catmullrom"
						},
						"1.3333": {
							"post": [-3.08, -1.12, 1.915],
							"lerp_mode": "catmullrom"
						},
						"1.5": {
							"post": [-3.1325, -1.53, 1.925],
							"lerp_mode": "catmullrom"
						},
						"1.6667": {
							"post": [-3.045, -1.655, 1.925],
							"lerp_mode": "catmullrom"
						},
						"1.7667": [-3.045, -1.53, 1.925],
						"1.8333": [-4.74, -1.37, 2.03],
						"1.9": [-3.775, -1.175, 2.085],
						"2.0333": {
							"pre": [-2.84, -1.99, 2.07],
							"post": [-2.84, -1.99, 2.07],
							"lerp_mode": "catmullrom"
						},
						"2.1667": {
							"post": [-2.69, -2.4075, 0.8925],
							"lerp_mode": "catmullrom"
						},
						"2.3": {
							"post": [-2.65, -2.44, 2.32],
							"lerp_mode": "catmullrom"
						},
						"2.4": [-2.65, -2.44, 3.945],
						"2.4667": [-2.65, -2.44, 4.195],
						"2.5333": [-2.65, -2.44, 4.195],
						"2.6333": [-2.65, -2.92, 3.69],
						"2.7": [-2.68, -3.07, 3.63],
						"2.7667": {
							"pre": [-2.65, -1.7525, 1.2575],
							"post": [-2.65, -1.7525, 1.2575],
							"lerp_mode": "catmullrom"
						},
						"2.8333": {
							"post": [-2.13, 1.65, -1.6975],
							"lerp_mode": "catmullrom"
						},
						"2.9333": {
							"post": [-1.38, 2.15, -2.1975],
							"lerp_mode": "catmullrom"
						},
						"3.0": {
							"post": [-0.95, 0.965, -1.27],
							"lerp_mode": "catmullrom"
						},
						"3.1": {
							"post": [-0.51, -0.3525, -0.64],
							"lerp_mode": "catmullrom"
						},
						"3.2": {
							"post": [-0.45, -0.8, -0.075],
							"lerp_mode": "catmullrom"
						},
						"3.3667": {
							"post": [0.025, -0.075, 0.2],
							"lerp_mode": "catmullrom"
						},
						"3.4667": {
							"post": [0, -0.025, -0.075],
							"lerp_mode": "catmullrom"
						},
						"3.5667": {
							"post": [0, 0, 0],
							"lerp_mode": "catmullrom"
						},
						"3.7": {
							"post": [0, 0, 0],
							"lerp_mode": "catmullrom"
						}
					}
				},
				"righthand": {
					"rotation": {
						"0.0": [94.56913, 9.96886, -179.20739],
						"2.0": [94.57, 9.97, -179.21],
						"2.1333": {
							"pre": [95.48907, 34.87753, -176.85759],
							"post": [95.48907, 34.87753, -176.85759],
							"lerp_mode": "catmullrom"
						},
						"2.2667": [97.368, 52.27148, -174.16332],
						"2.3667": [97.37, 52.27, -174.16],
						"2.4": [97.37, 52.27, -174.16],
						"2.5": [98.33723, 57.22334, -172.97667],
						"2.5333": [97.58, 51.32, -174],
						"2.6333": [97.58, 51.32, -174],
						"2.7667": [97.58, 51.32, -174],
						"2.9": {
							"pre": [94.98, 25.48, -177.9],
							"post": [94.98, 25.48, -177.9],
							"lerp_mode": "catmullrom"
						},
						"3.0": {
							"post": [94.9, 22.62, -178.14],
							"lerp_mode": "catmullrom"
						},
						"3.0667": [94.56913, 9.96886, -179.20739],
						"3.1333": [94.56913, 9.96886, -179.20739]
					},
					"position": {
						"0.0": [-6.83125, -13.9, -3.4125],
						"2.0": [-6.83, -13.9, -3.41],
						"2.1333": {
							"pre": [-8.33, -13.4625, -4.16],
							"post": [-8.33, -13.4625, -4.16],
							"lerp_mode": "catmullrom"
						},
						"2.2667": {
							"post": [-9.58, -11.4, -7.66],
							"lerp_mode": "catmullrom"
						},
						"2.3667": [-7.58, -6.4, -7.66],
						"2.4": [-7.58, -6.4, -7.66],
						"2.5333": [-7.58, -6.4, -7.66],
						"2.6333": [-6.58, -6.4, -3.66],
						"2.6667": [-6.91, -6.73, -3.66],
						"2.7333": [-10.58, -7.4, -0.66],
						"2.8667": {
							"pre": [-8.91, -13.61, 3.45],
							"post": [-8.91, -13.61, 3.45],
							"lerp_mode": "catmullrom"
						},
						"2.9667": {
							"post": [-7.2575, -14.47, -0.92],
							"lerp_mode": "catmullrom"
						},
						"3.0667": [-6.83125, -13.9, -3.4125],
						"3.1333": [-6.83125, -13.9, -3.4125]
					},
					"scale": {
						"0.0": [1, 1.5, 1],
						"2.2667": [1, 1.5, 1],
						"3.0667": [1, 1.5, 1],
						"3.1333": [1, 1.5, 1]
					}
				},
				"constraint": {
					"rotation": {
						"0.0": [0.01, 0.02, 0.01],
						"1.9": [0.01, 0.02, 0.01],
						"2.2": [0.05, 0.05, 0.05]
					},
					"position": {
						"0.0": [0, 0.01, 0.1],
						"1.9": [0, 0.01, 0.1],
						"2.2": [0.15, 0.15, 0.5]
					}
				},
				"lefthand": {
					"rotation": {
						"0.0": [104.78234, -30.45112, -178.34273],
						"0.2667": [97.67501, -29.90812, -184.09317],
						"0.4333": {
							"pre": [103.98482, -33.39039, -164.19949],
							"post": [103.98482, -33.39039, -164.19949],
							"lerp_mode": "catmullrom"
						},
						"0.5": {
							"post": [101.85978, -35.9921, -161.17103],
							"lerp_mode": "catmullrom"
						},
						"0.6667": [101.86, -35.99, -161.17],
						"1.8667": [101.86, -35.99, -161.17],
						"2.0667": [97.67501, -29.90812, -184.09317],
						"2.2667": {
							"pre": [97.07625, -19.99031, -182.67907],
							"post": [97.07625, -19.99031, -182.67907],
							"lerp_mode": "catmullrom"
						},
						"2.5": {
							"post": [97.07625, -19.99031, -182.67907],
							"lerp_mode": "catmullrom"
						},
						"2.6667": {
							"post": [97.07625, -19.99031, -182.67907],
							"lerp_mode": "catmullrom"
						},
						"2.7667": [104.78234, -30.45112, -178.34273]
					},
					"position": {
						"0.0": [-7.54, -5.5, -3.95],
						"0.2667": [-8.5375, -6.5, -4.2],
						"0.4": {
							"pre": [-2.54, -6.87, 3.425],
							"post": [-2.54, -6.87, 3.425],
							"lerp_mode": "catmullrom"
						},
						"0.5": {
							"post": [-4.5375, -7.25, 3.8],
							"lerp_mode": "catmullrom"
						},
						"0.6667": [-4.54, -7.25, 3.8],
						"1.8667": [-4.54, -6.5, 3.8],
						"2.0667": [-8.5375, -6.5, -4.2],
						"2.7667": [-7.54, -5.5, -3.95]
					},
					"scale": {
						"0.0": [1, 1.9, 1],
						"2.0667": [1, 1.9, 1],
						"2.7667": [1, 1.9, 1]
					}
				},
				"mag_and_lefthand": {
					"rotation": {
						"0.7333": [0, 0, 0],
						"1.5333": [0, 0, 0]
					},
					"position": {
						"0.4667": [0, 0, 0],
						"1.6667": [0, 0, 0]
					}
				},
				"lefthand_and_mag": {
					"rotation": {
						"0.6667": [0, 0, 0],
						"0.7667": [18.4375, 0, 0],
						"0.8": [20, 0, -3.424],
						"0.9333": {
							"pre": [0, 0, -23],
							"post": [0, 0, -23],
							"lerp_mode": "catmullrom"
						},
						"1.2": [0, 0, -27.5],
						"1.2333": [0, 0, -27],
						"1.4333": {
							"pre": [0, 0, -22.3125],
							"post": [0, 0, -22.3125],
							"lerp_mode": "catmullrom"
						},
						"1.6": {
							"post": [0, 0, 14.4],
							"lerp_mode": "catmullrom"
						},
						"1.7333": {
							"post": [0, 0, -6.87],
							"lerp_mode": "catmullrom"
						},
						"1.8": [0, 0, 0],
						"2.0": [0, 0, 0]
					},
					"position": {
						"0.6667": [0, 0, 0],
						"0.8": {
							"pre": [0, -20, 4],
							"post": [0, -20, 4],
							"lerp_mode": "catmullrom"
						},
						"0.8667": {
							"post": [-0.81, -22.68, 8.51],
							"lerp_mode": "catmullrom"
						},
						"1.1333": [-6, -16, 6],
						"1.2333": [-6, -16, 6],
						"1.4333": {
							"pre": [0, -6, -1],
							"post": [0, -6, -1],
							"lerp_mode": "catmullrom"
						},
						"1.5333": [0.3, -3.0275, -0.33],
						"1.6": [0.22, -1.83, -0.12],
						"1.7333": {
							"pre": [0.1, -1.65, 0],
							"post": [0.1, -1.65, 0],
							"lerp_mode": "catmullrom"
						},
						"1.8": [0, 0, 0],
						"2.0": [0, 0, 0]
					}
				},
				"bolt": {
					"position": {
						"0.0": [0, 0, -3.75],
						"2.0": [0, 0, -3.75],
						"2.3333": [0, 0, -3.75],
						"2.5333": [0, 0, -3.75],
						"2.6333": [0, 0, 0]
					}
				},
				"bullet_in_mag": {
					"scale": {
						"0.0": [0, 0, 0],
						"1.1667": [0, 0, 0],
						"1.2": {
							"pre": [0, 0, 0],
							"post": [1, 1, 1]
						}
					}
				},
				"bone7": {
					"rotation": {
						"0.0": [0, 0, 0],
						"0.1667": [0, 0, 0],
						"0.3": [0, -135.5, 0],
						"0.4333": [0, -178.39, 0],
						"0.6": [0, -179.52, 0],
						"0.7333": [0, -156.93, 0],
						"0.9": [0, -179.38, 0],
						"1.6": [0, -178.84, 0],
						"1.8": [0, -176.54, 0],
						"1.8667": [0, -141.27, 0],
						"1.9333": [0, -175, 0],
						"2.0": [0, -167.67, 0],
						"2.1667": [0, -155, 0],
						"2.3333": [0, -180, 0],
						"2.5333": [0, -178, 0],
						"2.7": [0, -178, 0],
						"2.8333": [0, -138, 0],
						"2.9667": [0, -113, 0],
						"3.1": [0, -38, 0],
						"3.2333": [0, 0, 0]
					}
				},
				"camera": {
					"rotation": {
						"0.0": {
							"post": [0, 0, 0],
							"lerp_mode": "catmullrom"
						},
						"0.1": {
							"post": [0.29, 0.05, -0.22],
							"lerp_mode": "catmullrom"
						},
						"0.3": {
							"post": [2.675, 0.3, -1.3],
							"lerp_mode": "catmullrom"
						},
						"0.4333": [2.875, 0.35, -1.51],
						"0.5333": [3.195, 0.37, -1.43],
						"0.6": [3.535, 0.4425, 0.595],
						"0.6667": [4.2925, 0.2125, -0.8375],
						"0.7667": [4.11, -2.2975, -0.82],
						"0.8333": [2.97, -1.94, -0.8],
						"0.9": {
							"pre": [2.405, 0.2125, -0.795],
							"post": [2.405, 0.2125, -0.795],
							"lerp_mode": "catmullrom"
						},
						"0.9667": {
							"post": [3.5875, 0, -2.225],
							"lerp_mode": "catmullrom"
						},
						"1.1": {
							"post": [3.825, 0, -2.0375],
							"lerp_mode": "catmullrom"
						},
						"1.2333": {
							"post": [3.495, 0, -1.825],
							"lerp_mode": "catmullrom"
						},
						"1.3667": {
							"post": [3.2375, 0.475, -1.7],
							"lerp_mode": "catmullrom"
						},
						"1.5": {
							"post": [3.1125, 0.475, -1.6],
							"lerp_mode": "catmullrom"
						},
						"1.6333": {
							"post": [4.375, 0.49, -1.76],
							"lerp_mode": "catmullrom"
						},
						"1.7": [4.83362, 0.49, -1.61],
						"1.7667": [4.83362, 0.8675, -1.4775],
						"1.8333": [4.83362, 6.19486, -0.96653],
						"1.9": [4.1, 6.005, -1.49],
						"1.9667": [2.675, 2.9125, -2.11],
						"2.0333": {
							"pre": [2.725, 0.3, -1.575],
							"post": [2.725, 0.3, -1.575],
							"lerp_mode": "catmullrom"
						},
						"2.2": {
							"post": [2.4775, 0.06, -0.3375],
							"lerp_mode": "catmullrom"
						},
						"2.3": {
							"post": [2.375, 0, 0],
							"lerp_mode": "catmullrom"
						},
						"2.3667": {
							"post": [2.375, 0, 0],
							"lerp_mode": "catmullrom"
						},
						"2.4333": {
							"post": [2.375, 0, 0],
							"lerp_mode": "catmullrom"
						},
						"2.5333": [2.375, 0, 0],
						"2.6": {
							"pre": [2.1875, 1, -2.8125],
							"post": [2.1875, 1, -2.8125],
							"lerp_mode": "catmullrom"
						},
						"2.7": [2.0625, 1, -3.8125],
						"2.7667": [1.5625, 0, -3.75],
						"2.8333": [-1.52265, -0.03589, -7.69991],
						"2.9": {
							"pre": [-0.19, 0, -0.13],
							"post": [-0.19, 0, -0.13],
							"lerp_mode": "catmullrom"
						},
						"3.0": {
							"post": [-0.05, 0, -0.04],
							"lerp_mode": "catmullrom"
						},
						"3.1": {
							"post": [0, 0, 0],
							"lerp_mode": "catmullrom"
						}
					}
				}
			},
			"sound_effects": {
				"0.3": {
					"effect": "wyyc1991:annihilator/annihilator_meg1"
				},
				"1.6667": {
					"effect": "wyyc1991:annihilator/annihilator_meg2"
				},
				"2.5": {
					"effect": "wyyc1991:annihilator/annihilator_bolt"
				}
			}
		},
		"reload_tactical": {
			"animation_length": 2.7333,
			"bones": {
				"bullet": {
					"scale": {
						"1.1667": [0, 0, 0],
						"1.2": [1, 1, 1]
					}
				},
				"root": {
					"rotation": {
						"0.0": {
							"post": [0, 0, 0],
							"lerp_mode": "catmullrom"
						},
						"0.1": {
							"post": [-9.9798, -1.25565, -3.78492],
							"lerp_mode": "catmullrom"
						},
						"0.2667": {
							"post": [-29.52652, -14.29628, -30.27162],
							"lerp_mode": "catmullrom"
						},
						"0.3667": {
							"post": [-30.66026, -21.88253, -57.3077],
							"lerp_mode": "catmullrom"
						},
						"0.4667": {
							"post": [-28.5175, -16.9025, -58.49],
							"lerp_mode": "catmullrom"
						},
						"0.5667": {
							"post": [-26.69379, -7.11596, -51.80563],
							"lerp_mode": "catmullrom"
						},
						"0.6667": {
							"post": [-27.71136, -7.08819, -48.87097],
							"lerp_mode": "catmullrom"
						},
						"0.7667": [-32.35299, -4.52104, -64.54498],
						"0.8": [-35.58826, -7.05681, -67.88904],
						"0.9": {
							"pre": [-32.02761, -12.26179, -62.039],
							"post": [-32.02761, -12.26179, -62.039],
							"lerp_mode": "catmullrom"
						},
						"1.0333": {
							"post": [-17.27514, -9.97659, -64.01102],
							"lerp_mode": "catmullrom"
						},
						"1.2": {
							"post": [-21.44436, -9.76542, -59.72365],
							"lerp_mode": "catmullrom"
						},
						"1.3333": {
							"post": [-29.7515, -17.9375, -53.83063],
							"lerp_mode": "catmullrom"
						},
						"1.4333": {
							"post": [-27.71, -18.065, -53.5725],
							"lerp_mode": "catmullrom"
						},
						"1.5667": {
							"post": [-22.74269, -17.05494, -57.70585],
							"lerp_mode": "catmullrom"
						},
						"1.7": {
							"post": [-21.31534, -13.14083, -60.50174],
							"lerp_mode": "catmullrom"
						},
						"1.8333": [-36.93487, -8.90229, -59.73102],
						"1.9": [-37.05929, -9.13047, -58.06387],
						"1.9667": [-35.26425, -9.91022, -55.95951],
						"2.0333": {
							"pre": [-25.62376, -8.67061, -48.66987],
							"post": [-25.62376, -8.67061, -48.66987],
							"lerp_mode": "catmullrom"
						},
						"2.1333": {
							"post": [-9.63049, -5.13489, -30.28294],
							"lerp_mode": "catmullrom"
						},
						"2.2667": {
							"post": [-0.48906, -0.82, 1.005],
							"lerp_mode": "catmullrom"
						},
						"2.3667": {
							"post": [0.23203, 0, -1.4],
							"lerp_mode": "catmullrom"
						},
						"2.4667": {
							"post": [-0.36328, 0.125, 0.725],
							"lerp_mode": "catmullrom"
						},
						"2.5667": {
							"post": [0, 0, 0],
							"lerp_mode": "catmullrom"
						},
						"2.7": {
							"post": [0, 0, 0],
							"lerp_mode": "catmullrom"
						}
					},
					"position": {
						"0.0": {
							"post": [0, 0, 0],
							"lerp_mode": "catmullrom"
						},
						"0.1": {
							"post": [-1.08, -0.1975, -0.28],
							"lerp_mode": "catmullrom"
						},
						"0.2667": {
							"post": [-3.0375, -0.95, 1.5875],
							"lerp_mode": "catmullrom"
						},
						"0.3667": {
							"post": [-3.3, -0.925, 2.3],
							"lerp_mode": "catmullrom"
						},
						"0.4667": {
							"post": [-3.33, -0.855, 2.25],
							"lerp_mode": "catmullrom"
						},
						"0.5667": [-3.05, -1.2875, 1.8],
						"0.6": [-2.86, -1.335, 1.885],
						"0.6667": [-2.83, -1.25, 2.0225],
						"0.7667": [-3.6525, -1.45, 1.975],
						"0.8": [-4.745, -1.39, 1.97],
						"0.9": {
							"pre": [-4.945, -1.1725, 1.955],
							"post": [-4.945, -1.1725, 1.955],
							"lerp_mode": "catmullrom"
						},
						"1.0": {
							"post": [-3, -1.275, 1.895],
							"lerp_mode": "catmullrom"
						},
						"1.2": {
							"post": [-3.155, -0.955, 1.935],
							"lerp_mode": "catmullrom"
						},
						"1.3333": {
							"post": [-3.08, -1.12, 1.915],
							"lerp_mode": "catmullrom"
						},
						"1.5": {
							"post": [-3.1325, -1.53, 1.925],
							"lerp_mode": "catmullrom"
						},
						"1.6667": {
							"post": [-3.045, -1.655, 1.925],
							"lerp_mode": "catmullrom"
						},
						"1.7667": [-3.045, -1.53, 1.925],
						"1.8333": [-4.74, -1.37, 2.03],
						"1.9": [-3.775, -1.175, 2.085],
						"1.9667": {
							"pre": [-2.95, -1.5, 2.05],
							"post": [-2.95, -1.5, 2.05],
							"lerp_mode": "catmullrom"
						},
						"2.0333": {
							"post": [-2.26, -1.415, 1.735],
							"lerp_mode": "catmullrom"
						},
						"2.1333": {
							"post": [-1.325, -1.3, -1.325],
							"lerp_mode": "catmullrom"
						},
						"2.2667": {
							"post": [-0.275, -0.725, -1.25],
							"lerp_mode": "catmullrom"
						},
						"2.3667": {
							"post": [0.025, -0.075, 0.2],
							"lerp_mode": "catmullrom"
						},
						"2.4667": {
							"post": [0, -0.025, -0.075],
							"lerp_mode": "catmullrom"
						},
						"2.5667": {
							"post": [0, 0, 0],
							"lerp_mode": "catmullrom"
						},
						"2.7": {
							"post": [0, 0, 0],
							"lerp_mode": "catmullrom"
						}
					}
				},
				"righthand": {
					"rotation": [94.56913, 9.96886, -179.20739],
					"position": [-6.83125, -13.9, -3.4125],
					"scale": [1, 1.5, 1]
				},
				"constraint": {
					"rotation": {
						"0.0": [0.01, 0.02, 0.01],
						"1.9": [0.01, 0.02, 0.01],
						"2.2": [0.05, 0.05, 0.05]
					},
					"position": {
						"0.0": [0, 0.01, 0.1],
						"1.9": [0, 0.01, 0.1],
						"2.2": [0.15, 0.15, 0.5]
					}
				},
				"lefthand": {
					"rotation": {
						"0.0": [104.78234, -30.45112, -178.34273],
						"0.2667": [97.67501, -29.90812, -184.09317],
						"0.4333": {
							"pre": [103.98482, -33.39039, -164.19949],
							"post": [103.98482, -33.39039, -164.19949],
							"lerp_mode": "catmullrom"
						},
						"0.5": {
							"post": [101.85978, -35.9921, -161.17103],
							"lerp_mode": "catmullrom"
						},
						"0.6667": [101.86, -35.99, -161.17],
						"1.8667": [101.86, -35.99, -161.17],
						"2.0667": [104.78234, -30.45112, -178.34273]
					},
					"position": {
						"0.0": [-7.54, -5.5, -3.95],
						"0.2667": [-8.5375, -6.5, -4.2],
						"0.4": {
							"pre": [-2.54, -6.87, 3.425],
							"post": [-2.54, -6.87, 3.425],
							"lerp_mode": "catmullrom"
						},
						"0.5": {
							"post": [-4.5375, -7.25, 3.8],
							"lerp_mode": "catmullrom"
						},
						"0.6667": [-4.54, -7.25, 3.8],
						"1.8667": [-4.5375, -7.25, 3.8],
						"2.0667": [-7.54, -5.5, -3.95]
					},
					"scale": {
						"0.0": [1, 1.9, 1],
						"2.0667": [1, 1.9, 1]
					}
				},
				"mag_and_lefthand": {
					"rotation": {
						"0.7333": [0, 0, 0],
						"1.5333": [0, 0, 0]
					},
					"position": {
						"0.4667": [0, 0, 0],
						"1.6667": [0, 0, 0]
					}
				},
				"lefthand_and_mag": {
					"rotation": {
						"0.6667": [0, 0, 0],
						"0.7667": [18.4375, 0, 0],
						"0.8": [20, 0, -3.424],
						"0.9667": {
							"pre": [0, 0, -23],
							"post": [0, 0, -23],
							"lerp_mode": "catmullrom"
						},
						"1.2333": [0, 0, -27.5],
						"1.2667": [0, 0, -27],
						"1.4": {
							"pre": [0, 0, -22.3125],
							"post": [0, 0, -22.3125],
							"lerp_mode": "catmullrom"
						},
						"1.5667": {
							"post": [0, 0, 14.4],
							"lerp_mode": "catmullrom"
						},
						"1.7667": {
							"post": [0, 0, -6.87],
							"lerp_mode": "catmullrom"
						},
						"1.8333": [0, 0, 0]
					},
					"position": {
						"0.6667": [0, 0, 0],
						"0.7333": [3.5225, -9.25, 4.54],
						"0.7667": [4.06, -13.87, 6.81],
						"0.8": [0.375, -22, 9.1875],
						"0.9": [-0.81, -22.68, 8.51],
						"1.1667": [-6, -16, 6],
						"1.2667": [-6, -16, 6],
						"1.4": {
							"pre": [0, -6, -1],
							"post": [0, -6, -1],
							"lerp_mode": "catmullrom"
						},
						"1.5": [0.3, -3.0275, -0.33],
						"1.5667": [0.22, -1.83, -0.12],
						"1.7667": {
							"pre": [0.1, -1.4, 0],
							"post": [0.1, -1.4, 0],
							"lerp_mode": "catmullrom"
						},
						"1.8333": [0, 0, 0]
					}
				},
				"bolt": {
					"position": [0, 0, 0]
				},
				"bone7": {
					"rotation": {
						"0.0": [0, 0, 0],
						"0.1667": [0, 0, 0],
						"0.3": [0, -135.5, 0],
						"0.4333": [0, -178.39, 0],
						"0.6": [0, -179.52, 0],
						"0.7333": [0, -156.93, 0],
						"0.9": [0, -179.38, 0],
						"1.6": [0, -178.84, 0],
						"1.8": [0, -176.54, 0],
						"1.8667": [0, -141.27, 0],
						"1.9333": [0, -175, 0],
						"2.0": [0, -167.67, 0],
						"2.1333": [0, 20, 0],
						"2.2667": [0, -18, 0],
						"2.3667": [0, 0, 0]
					}
				},
				"camera": {
					"rotation": {
						"0.0": {
							"post": [0, 0, 0],
							"lerp_mode": "catmullrom"
						},
						"0.1": {
							"post": [0.29, 0.05, -0.22],
							"lerp_mode": "catmullrom"
						},
						"0.3": {
							"post": [2.675, 0.3, -1.3],
							"lerp_mode": "catmullrom"
						},
						"0.4333": [2.875, 0.35, -1.51],
						"0.5333": [3.195, 0.37, -1.43],
						"0.6": [3.535, 0.4425, 0.595],
						"0.6667": [4.2925, 0.2125, -0.8375],
						"0.7667": [4.11, -2.2975, -0.82],
						"0.8333": [2.97, -1.94, -0.8],
						"0.9": {
							"pre": [2.405, 0.2125, -0.795],
							"post": [2.405, 0.2125, -0.795],
							"lerp_mode": "catmullrom"
						},
						"0.9667": {
							"post": [3.5875, 0, -2.225],
							"lerp_mode": "catmullrom"
						},
						"1.1": {
							"post": [3.825, 0, -2.0375],
							"lerp_mode": "catmullrom"
						},
						"1.2333": {
							"post": [3.495, 0, -1.825],
							"lerp_mode": "catmullrom"
						},
						"1.3667": {
							"post": [3.2375, 0.475, -1.7],
							"lerp_mode": "catmullrom"
						},
						"1.5": {
							"post": [3.1125, 0.475, -1.6],
							"lerp_mode": "catmullrom"
						},
						"1.6333": {
							"post": [4.375, 0.49, -1.76],
							"lerp_mode": "catmullrom"
						},
						"1.7": [4.83362, 0.49, -1.61],
						"1.7667": [4.83362, 0.8675, -1.4775],
						"1.8333": [4.83362, 6.19486, -0.96653],
						"1.9": [4.1, 6.005, -1.49],
						"1.9667": [2.675, 2.9125, -2.11],
						"2.0333": {
							"pre": [2.725, 0.3, -1.575],
							"post": [2.725, 0.3, -1.575],
							"lerp_mode": "catmullrom"
						},
						"2.2333": {
							"post": [0.04, 0.06, -0.4],
							"lerp_mode": "catmullrom"
						},
						"2.3": {
							"post": [0.55, 0, 0.275],
							"lerp_mode": "catmullrom"
						},
						"2.4": {
							"post": [-0.275, 0, -0.2],
							"lerp_mode": "catmullrom"
						},
						"2.4667": {
							"post": [-0.19, 0, -0.13],
							"lerp_mode": "catmullrom"
						},
						"2.5333": {
							"post": [-0.05, 0, -0.04],
							"lerp_mode": "catmullrom"
						},
						"2.6333": {
							"post": [0, 0, 0],
							"lerp_mode": "catmullrom"
						}
					}
				}
			},
			"sound_effects": {
				"0.3": {
					"effect": "wyyc1991:annihilator/annihilator_meg1"
				},
				"1.6667": {
					"effect": "wyyc1991:annihilator/annihilator_meg2"
				}
			}
		},
		"run_start": {
			"animation_length": 1.0833,
			"bones": {
				"lid2": {
					"rotation": {
						"0.0": [0, 0, 0],
						"0.0833": [0, 0, 0],
						"0.1667": [0, 0, -3],
						"0.25": [0, 0, -3.5],
						"0.3333": [0, 0, 0],
						"0.4167": [0, 0, 0],
						"0.5": [0, 0, -2.5],
						"0.5833": [0, 0, -3],
						"0.6667": [0, 0, 0],
						"0.75": [0, 0, 0],
						"0.8333": [0, 0, -2],
						"0.9167": [0, 0, -2.5]
					}
				},
				"lid3": {
					"rotation": {
						"0.0": [0, 0, 0],
						"0.0833": [0, 0, 0],
						"0.1667": [0, 0, -3],
						"0.25": [0, 0, -3.5],
						"0.3333": [0, 0, 0],
						"0.4167": [0, 0, 0],
						"0.5": [0, 0, -2.5],
						"0.5833": [0, 0, -3],
						"0.6667": [0, 0, 0],
						"0.75": [0, 0, 0],
						"0.8333": [0, 0, -2],
						"0.9167": [0, 0, -2.5]
					}
				},
				"gaiz": {
					"rotation": {
						"0.0": [0, 0, 0],
						"0.0833": [0, 0, 2.5],
						"0.1667": [0, 0, 0],
						"0.25": [0, 0, 2],
						"0.3333": [0, 0, 0],
						"0.4167": [0, 0, 3],
						"0.5": [0, 0, 0]
					}
				},
				"gaiz2": {
					"rotation": {
						"0.0": [0, 0, 0],
						"0.0833": [0, 0, 2.5],
						"0.1667": [0, 0, 0],
						"0.25": [0, 0, 2],
						"0.3333": [0, 0, 0],
						"0.4167": [0, 0, 3],
						"0.5": [0, 0, 0]
					}
				},
				"gaiz3": {
					"rotation": {
						"0.0": [0, 0, 0],
						"0.0833": [0, 0, 2.5],
						"0.1667": [0, 0, 0],
						"0.25": [0, 0, 2],
						"0.3333": [0, 0, 0],
						"0.4167": [0, 0, 3],
						"0.5": [0, 0, 0]
					}
				},
				"gaiz4": {
					"rotation": {
						"0.0": [0, 0, 0],
						"0.0833": [0, 0, 2.5],
						"0.1667": [0, 0, 0],
						"0.25": [0, 0, 2],
						"0.3333": [0, 0, 0],
						"0.4167": [0, 0, 3],
						"0.5": [0, 0, 0]
					}
				},
				"biaoc": {
					"rotation": {
						"0.0": [0, 0, 0],
						"0.0833": [-7.5, 0, 0],
						"0.1667": [0, 0, 0],
						"0.25": [-6.5, 0, 0],
						"0.3333": [0, 0, 0],
						"0.4167": [-5, 0, 0],
						"0.5833": [0, 0, 0]
					}
				},
				"root": {
					"rotation": {
						"0.0": {
							"post": [0, 0, 0],
							"lerp_mode": "catmullrom"
						},
						"0.3333": {
							"post": [9.41518, -0.00619, 11.29624],
							"lerp_mode": "catmullrom"
						},
						"0.5833": {
							"post": [15.66518, -1.13119, 14.29624],
							"lerp_mode": "catmullrom"
						},
						"0.75": {
							"post": [12.07, -12.46, 10.46],
							"lerp_mode": "catmullrom"
						},
						"1.0": {
							"post": [-4.22272, -56.43423, 22.68285],
							"lerp_mode": "catmullrom"
						}
					},
					"position": {
						"0.0": {
							"post": [0, 0, 0],
							"lerp_mode": "catmullrom"
						},
						"0.1667": {
							"post": [0.1875, -2.0625, 1.75],
							"lerp_mode": "catmullrom"
						},
						"0.3333": {
							"post": [-1.284, -2.0625, 2.75],
							"lerp_mode": "catmullrom"
						},
						"0.5": {
							"post": [-2.068, -3.0625, 3],
							"lerp_mode": "catmullrom"
						},
						"0.6667": {
							"post": [-0.578, -2.5625, 2.75],
							"lerp_mode": "catmullrom"
						},
						"0.9167": {
							"post": [4.065, -2.8275, 3.5175],
							"lerp_mode": "catmullrom"
						},
						"1.0833": {
							"post": [5.3775, -3.14, 4.83],
							"lerp_mode": "catmullrom"
						}
					}
				}
			}
		},
		"run": {
			"loop": true,
			"animation_length": 0.6667,
			"override_previous_animation": true,
			"bones": {
				"lid2": {
					"rotation": {
						"0.0": [0, 0, -2],
						"0.0417": [0, 0, 0],
						"0.125": [0, 0, 0],
						"0.25": [0, 0, -4.75],
						"0.2917": [0, 0, -5.5],
						"0.375": [0, 0, 0],
						"0.4583": [0, 0, 0],
						"0.5833": [0, 0, -3.75],
						"0.625": [0, 0, -4],
						"0.6667": [0, 0, -2]
					}
				},
				"lid3": {
					"rotation": {
						"0.0": [0, 0, -2],
						"0.0417": [0, 0, 0],
						"0.125": [0, 0, 0],
						"0.25": [0, 0, -4.75],
						"0.2917": [0, 0, -5.5],
						"0.375": [0, 0, 0],
						"0.4583": [0, 0, 0],
						"0.5833": [0, 0, -3.75],
						"0.625": [0, 0, -4],
						"0.6667": [0, 0, -2]
					}
				},
				"bullet": {
					"position": {
						"0.0833": [0, 0, 0],
						"0.25": [0, 0.125, 0],
						"0.3333": [0, 0, 0],
						"0.4167": [0, 0, 0],
						"0.5833": [0, -0.1875, 0],
						"0.6667": [0, 0, 0]
					}
				},
				"gaiz": {
					"rotation": {
						"0.0": [0, 0, 0],
						"0.0833": [0, 0, 2.5],
						"0.1667": [0, 0, 0],
						"0.25": [0, 0, 2],
						"0.3333": [0, 0, 0],
						"0.4167": [0, 0, 3],
						"0.5": [0, 0, 0]
					}
				},
				"biaoc": {
					"rotation": {
						"0.0": [0, 0, 0],
						"0.0833": [-7.5, 0, 0],
						"0.1667": [0, 0, 0],
						"0.25": [-6.5, 0, 0],
						"0.3333": [0, 0, 0],
						"0.4167": [-5, 0, 0],
						"0.5417": [0, 0, 0]
					}
				},
				"cm2": {
					"scale": 0
				},
				"gaiz2": {
					"rotation": {
						"0.0": [0, 0, 0],
						"0.0833": [0, 0, 2.5],
						"0.1667": [0, 0, 0],
						"0.25": [0, 0, 2],
						"0.3333": [0, 0, 0],
						"0.4167": [0, 0, 3],
						"0.5": [0, 0, 0]
					}
				},
				"gaiz3": {
					"rotation": {
						"0.0": [0, 0, 0],
						"0.0833": [0, 0, 2.5],
						"0.1667": [0, 0, 0],
						"0.25": [0, 0, 2],
						"0.3333": [0, 0, 0],
						"0.4167": [0, 0, 3],
						"0.5": [0, 0, 0]
					}
				},
				"root": {
					"rotation": {
						"0.0": {
							"post": [-4.22272, -56.43423, 22.68285],
							"lerp_mode": "catmullrom"
						},
						"0.25": {
							"post": [-4.22272, -63.30923, 22.68285],
							"lerp_mode": "catmullrom"
						},
						"0.375": {
							"post": [-4.22272, -63.43423, 22.68285],
							"lerp_mode": "catmullrom"
						},
						"0.5417": {
							"post": [-4.22272, -56.43423, 22.68285],
							"lerp_mode": "catmullrom"
						},
						"0.6667": {
							"post": [-4.22272, -56.43423, 22.68285],
							"lerp_mode": "catmullrom"
						}
					},
					"position": {
						"0.0": {
							"post": [5.3775, -3.14, 4.83],
							"lerp_mode": "catmullrom"
						},
						"0.125": {
							"post": [6.05, -2.4575, 4.83],
							"lerp_mode": "catmullrom"
						},
						"0.2083": {
							"post": [5.69, -2.3125, 4.83],
							"lerp_mode": "catmullrom"
						},
						"0.3333": {
							"post": [4.5325, -3, 4.83],
							"lerp_mode": "catmullrom"
						},
						"0.4583": {
							"post": [3.3125, -2.125, 4.83],
							"lerp_mode": "catmullrom"
						},
						"0.5417": {
							"post": [3.75, -2.25, 4.83],
							"lerp_mode": "catmullrom"
						},
						"0.6667": {
							"post": [5.3775, -3.14, 4.83],
							"lerp_mode": "catmullrom"
						}
					}
				}
			}
		},
		"run_hold": {
			"loop": true,
			"bones": {
				"root": {
					"rotation": [-4.22272, -56.43423, 22.68285],
					"position": [5.3775, -3.14, 4.83]
				}
			}
		}
	}
}