{
	"format_version": "1.8.0",
	"animations": {
		"static_idle": {
			"loop": true,
			"bones": {
				"righthand": {
					"rotation": [89.66973, 17.81639, -177.10292],
					"position": [-6.75, -14.95, 8.875],
					"scale": [1, 1.5, 1]
				},
				"bone7": {
					"position": [0, 0, 0.25]
				},
				"lefthand": {
					"rotation": [84.32406, -25.2908, -129.88433],
					"position": [7.4, -15.02, -4.22],
					"scale": [1, 1.5, 1]
				},
				"constraint": {
					"rotation": [0.25, 0.35, 0.2],
					"position": [0.1, 0.1, 0.1]
				}
			}
		},
		"static_bolt_caught": {
			"loop": true,
			"bones": {
				"righthand": {
					"rotation": [89.66973, 17.81639, -177.10292],
					"position": [-6.75, -14.95, 8.875],
					"scale": [1, 1.5, 1]
				},
				"lefthand": {
					"rotation": [84.32406, -25.2908, -129.88433],
					"position": [7.4, -15.02, -4.22],
					"scale": [1, 1.5, 1]
				},
				"constraint": {
					"rotation": [0.25, 0.35, 0.2],
					"position": [0.1, 0.1, 0.1]
				}
			}
		},
		"draw": {
			"animation_length": 0.8,
			"bones": {
				"root": {
					"rotation": {
						"0.0": [0.81, -32.64, 33.95],
						"0.0333": [0.41, -32.66, 32.03],
						"0.0667": [-0.2, -32.9, 29.28],
						"0.1": [-0.85, -32.88, 26.12],
						"0.1333": [-1.39, -32.15, 22.92],
						"0.1667": [-1.65, -30.23, 20.1],
						"0.2": [-1.54, -26.5, 17.61],
						"0.2333": [-1.17, -21.25, 15.2],
						"0.2667": [-0.68, -15.46, 12.92],
						"0.3": [-0.21, -10.08, 10.79],
						"0.3333": [0.1, -6.07, 8.88],
						"0.3667": [0.23, -3.2, 6.78],
						"0.4": [0.22, -1.67, 4.97],
						"0.4333": [0.16, -0.89, 3.43],
						"0.4667": [0.11, -0.29, 2.12],
						"0.5": [0.05, -0.02, 0.15],
						"0.5333": [-0.01, -0.43, -0.76],
						"0.5667": [-0.02, -0.32, -0.02],
						"0.6": [-0.01, -0.17, 0.96],
						"0.6333": [-0.01, -0.1, 0.8],
						"0.6667": [0, -0.04, 0.35],
						"0.7": [0, 0, 0]
					},
					"position": {
						"0.0": [-3.18, -5.58, 13.53],
						"0.0333": [-2.73, -4.98, 11.4],
						"0.0667": [-2.08, -4.11, 8.31],
						"0.1": [-1.41, -3.19, 5.12],
						"0.1333": [-0.9, -2.45, 2.7],
						"0.1667": [-0.61, -1.94, 1.29],
						"0.2": [-0.45, -1.53, 0.43],
						"0.2333": [-0.34, -1.21, -0.1],
						"0.2667": [-0.25, -0.94, -0.49],
						"0.3": [-0.14, -0.69, -0.75],
						"0.3333": [-0.07, -0.55, -0.66],
						"0.3667": [-0.03, -0.45, -0.5],
						"0.4": [-0.01, -0.38, -0.3],
						"0.4333": [-0.02, -0.34, -0.02],
						"0.4667": [-0.03, -0.3, 0.16],
						"0.5": [-0.02, -0.21, 0.14],
						"0.5333": [-0.02, -0.12, 0.02],
						"0.5667": [-0.01, -0.05, -0.06],
						"0.6": [-0.01, -0.02, -0.06],
						"0.6333": [0, -0.01, -0.04],
						"0.6667": [0, 0, -0.02],
						"0.7": [0, 0, 0]
					}
				},
				"righthand": {
					"rotation": [89.66973, 17.81639, -177.10292],
					"position": [-6.75, -14.95, 8.875],
					"scale": [1, 1.5, 1]
				},
				"bone7": {
					"position": [0, 0, 0.25]
				},
				"lefthand": {
					"rotation": {
						"0.2": [92.39, -41.22, -135.49],
						"0.2667": {
							"pre": [88.805, -38.1175, -141.18],
							"post": [88.805, -38.1175, -141.18],
							"lerp_mode": "catmullrom"
						},
						"0.3333": [84.32406, -25.2908, -129.88433]
					},
					"position": {
						"0.2": [8.4625, -13.67, -5.82],
						"0.2667": {
							"pre": [7.78, -13.89, -4.4825],
							"post": [7.78, -13.89, -4.4825],
							"lerp_mode": "catmullrom"
						},
						"0.3333": [7.4, -15.02, -4.22]
					},
					"scale": {
						"0.0": [1, 1.5, 1],
						"0.3333": [1, 1.5, 1]
					}
				},
				"constraint": {
					"rotation": {
						"0.0": [1, 1, 1],
						"0.3667": [0.2, 0.2, 0.2],
						"0.8": [0.2, 0.2, 0.4]
					},
					"position": {
						"0.0": [1, 1, 1],
						"0.3667": [0.2, 0.2, 0.2],
						"0.8": [0.1, 0.1, 0.1]
					}
				},
				"camera": {
					"rotation": {
						"0.0": [0, 0, 0],
						"0.0333": [0.14, -0.01, 0.01],
						"0.0667": [0.35, -0.02, 0.03],
						"0.1": [0.55, -0.05, 0.1],
						"0.1333": [0.77, -0.13, 0.3],
						"0.1667": [0.99, -0.24, 0.56],
						"0.2": [1.1, -0.3, 0.7],
						"0.2333": [1.09, -0.3, 0.68],
						"0.2667": [1.03, -0.29, 0.59],
						"0.3": [0.93, -0.26, 0.47],
						"0.3333": [0.82, -0.23, 0.36],
						"0.3667": [0.7, -0.2, 0.3],
						"0.4": [0.42, -0.14, 0.33],
						"0.4333": [0.1, -0.06, 0.41],
						"0.4667": [-0.1, 0, 0.4],
						"0.5": [0.01, 0.07, 0.03],
						"0.5333": [0.2, 0.1, -0.3],
						"0.5667": [0.16, 0.08, -0.23],
						"0.6": [0.07, 0.03, -0.04],
						"0.6333": [0, 0, 0.1],
						"0.6667": [-0.01, -0.01, 0.11],
						"0.7": [-0.01, -0.01, 0.08],
						"0.7333": [0, 0, 0.03],
						"0.7667": [0, 0, 0]
					}
				}
			},
			"sound_effects": {
				"0.0": {
					"effect": "wyyc1991:53q/hk_g3_draw"
				}
			}
		},
		"put_away": {
			"animation_length": 0.4333,
			"bones": {
				"root": {
					"rotation": {
						"0.0": {
							"post": [0, 0, 0],
							"lerp_mode": "catmullrom"
						},
						"0.0667": {
							"post": [-0.51171, -3.6801, -4.19401],
							"lerp_mode": "catmullrom"
						},
						"0.1667": {
							"post": [4.36882, -11.73179, -10.29382],
							"lerp_mode": "catmullrom"
						},
						"0.2667": {
							"post": [16.99835, -17.70783, -19.61271],
							"lerp_mode": "catmullrom"
						},
						"0.3333": {
							"post": [22.5, -27.4, -9.02],
							"lerp_mode": "catmullrom"
						},
						"0.4333": {
							"post": [38.74, -37.82, -13.36],
							"lerp_mode": "catmullrom"
						}
					},
					"position": {
						"0.0": {
							"post": [0, 0, 0],
							"lerp_mode": "catmullrom"
						},
						"0.0667": {
							"post": [-0.45, -0.49, 0.28],
							"lerp_mode": "catmullrom"
						},
						"0.1667": {
							"post": [-0.67, -1.47, 0.34],
							"lerp_mode": "catmullrom"
						},
						"0.2667": {
							"post": [-0.435, -3.245, 0.06],
							"lerp_mode": "catmullrom"
						},
						"0.3333": {
							"post": [0.22, -5.38, -0.15],
							"lerp_mode": "catmullrom"
						},
						"0.4333": {
							"post": [1.49, -9.585, -0.36],
							"lerp_mode": "catmullrom"
						}
					}
				},
				"righthand": {
					"rotation": [89.66973, 17.81639, -177.10292],
					"position": [-6.75, -14.95, 8.875],
					"scale": [1, 1.5, 1]
				},
				"bone7": {
					"position": [0, 0, 0.25]
				},
				"lefthand": {
					"rotation": {
						"0.0": [84.32406, -25.2908, -129.88433],
						"0.0667": [127.67152, -14.70086, -183.17363],
						"0.1333": [148.34013, 7.13088, -207.53996]
					},
					"position": {
						"0.0": [7.4, -15.02, -4.22],
						"0.1333": [8.805, -12.2, -4.57]
					},
					"scale": [1, 1.5, 1]
				},
				"camera": {
					"rotation": {
						"0.0": {
							"post": [0, 0, 0],
							"lerp_mode": "catmullrom"
						},
						"0.1": {
							"post": [0.3, 0, -0.125],
							"lerp_mode": "catmullrom"
						},
						"0.2667": {
							"post": [0.64, 0, 0.3],
							"lerp_mode": "catmullrom"
						},
						"0.3333": {
							"post": [0.5, 0, 0.15],
							"lerp_mode": "catmullrom"
						},
						"0.4333": {
							"post": [0, 0, 0],
							"lerp_mode": "catmullrom"
						}
					}
				}
			},
			"sound_effects": {
				"0.0": {
					"effect": "wyyc1991:53q/aa12_put_away"
				}
			}
		},
		"bolt": {
			"animation_length": 1.3,
			"bones": {
				"bullet_and_bolt": {
					"rotation": {
						"0.1667": [0, 0, 0],
						"0.2": [0, 0, 0],
						"0.2667": [0, 0, 65],
						"0.3667": [0, 0, 65],
						"0.4667": [0, 0, 65],
						"0.5667": [0, 0, 65],
						"0.6667": [0, 0, 0]
					},
					"position": {
						"0.1667": [0, 0, 0],
						"0.2": [0, 0, 0],
						"0.2667": [0, -0.26, 0],
						"0.3667": [0, -0.22, 0],
						"0.4": [0, -0.16, 3.25],
						"0.5": [0, -0.16, 3.25],
						"0.5667": [0, -0.01, 0],
						"0.6667": [0, 0, 0]
					}
				},
				"bullet_shell": {
					"rotation": {
						"0.4": [0, 0, 0],
						"0.6": [0, 480, 0]
					},
					"position": {
						"0.3667": [0, 0, 0],
						"0.4": [0, 0, 3],
						"0.4667": [-5.09557, -0.6189, 3.02685],
						"0.5": [-10.4357, -3.13341, 3.18538],
						"0.5667": [-15.54144, -7.47007, 3.26563],
						"0.6": [-19.92919, -13.13909, 3.16998]
					},
					"scale": {
						"0.4": [1, 1, 1],
						"0.5667": [1, 1, 1],
						"0.6": [0, 0, 0]
					}
				},
				"striker": {
					"position": {
						"0.0": [0, 0, -0.17187],
						"0.4667": [0, 0, 0]
					}
				},
				"root": {
					"rotation": {
						"0.0": [0, 0, 0],
						"0.1333": {
							"pre": [2, 0, -2],
							"post": [2, 0, -2],
							"lerp_mode": "catmullrom"
						},
						"0.2": {
							"post": [2.6325, 0.18, -3.9],
							"lerp_mode": "catmullrom"
						},
						"0.3": {
							"post": [4.49652, -2.25174, -9.61143],
							"lerp_mode": "catmullrom"
						},
						"0.4": {
							"post": [-0.22198, -2.58182, -17.0296],
							"lerp_mode": "catmullrom"
						},
						"0.5": {
							"post": [-7.97841, -2.07437, -18.51925],
							"lerp_mode": "catmullrom"
						},
						"0.5667": [-9.9225, -3.9625, -13.1875],
						"0.6333": [-9.12197, -5.60006, -12.84677],
						"0.8333": [-4.54277, -4.11531, -13.77103],
						"0.9333": {
							"pre": [2.43, -2.5725, -12.71],
							"post": [2.43, -2.5725, -12.71],
							"lerp_mode": "catmullrom"
						},
						"1.1": [1.47407, -0.58479, -1.72121],
						"1.2": {
							"pre": [-0.25, 0, 0.0625],
							"post": [-0.25, 0, 0.0625],
							"lerp_mode": "catmullrom"
						},
						"1.3": {
							"post": [0, 0, 0],
							"lerp_mode": "catmullrom"
						}
					},
					"position": {
						"0.0": [0, 0, 0],
						"0.1667": {
							"pre": [0, 0, 0],
							"post": [0, 0, 0],
							"lerp_mode": "catmullrom"
						},
						"0.2667": {
							"post": [0.07, -0.31, 0],
							"lerp_mode": "catmullrom"
						},
						"0.3667": {
							"post": [0.21, -1.12, 0],
							"lerp_mode": "catmullrom"
						},
						"0.4": {
							"post": [0.41, -1.1125, -0.2],
							"lerp_mode": "catmullrom"
						},
						"0.5": {
							"post": [-0.16, -2.29, 0.45],
							"lerp_mode": "catmullrom"
						},
						"0.8667": [-0.16, -1.16, 0.4025],
						"0.9667": [0.21, -1.0925, -0.13],
						"1.0667": [0.11, -0.3475, -0.725],
						"1.1667": [0.08, 0.0775, -0.04],
						"1.2333": {
							"pre": [0.05, 0.065, -0.05],
							"post": [0.05, 0.065, -0.05],
							"lerp_mode": "catmullrom"
						},
						"1.3": {
							"post": [0, 0, 0],
							"lerp_mode": "catmullrom"
						}
					}
				},
				"righthand": {
					"rotation": {
						"0.0": [89.66973, 17.81639, -177.10292],
						"0.1667": [84.5248, 13.60449, -184.84347],
						"0.2667": [112.28918, 6.98167, -184.33754],
						"0.4": [147.39167, 72.66452, -160.85004],
						"0.4667": [147.39167, 72.66452, -160.85004],
						"0.5667": [147.39167, 72.66452, -160.85004],
						"0.7333": [173.76372, 6.6718, -136.96044],
						"0.8667": [173.76372, 6.6718, -136.96044],
						"0.9": [173.76372, 6.6718, -136.96044],
						"0.9667": [138.59861, 3.80559, -98.7182],
						"1.0333": [100.06722, -10.38332, -97.53263],
						"1.1333": [101.0814, 10.72902, -131.61939],
						"1.2333": [89.66973, 17.81639, -177.10292]
					},
					"position": {
						"0.0": [-6.75, -14.95, 8.875],
						"0.1667": [-9.22, -12.5, 7.23],
						"0.3": [-9.8825, -12.9, 3.48],
						"0.3333": [-9.53, -11.05, 3.48],
						"0.4": [-7.8925, -9.425, 2.73],
						"0.4667": [-7.8925, -9.675, 2.98],
						"0.5667": [-7.8925, -9.425, 6.98],
						"0.7333": [-7.71, -9.305, 7.5425],
						"0.8667": [-7.71, -9.305, 3.2925],
						"0.9": [-7.71, -9.305, 3.2925],
						"0.9667": [-9.53, -9.2275, 4.49],
						"1.0333": [-9.77, -12.18, 5.49],
						"1.1333": [-8.76, -13.34, 8.24],
						"1.2333": [-6.75, -14.95, 8.875]
					},
					"scale": {
						"0.0": [1, 1.5, 1],
						"1.2333": [1, 1.5, 1]
					}
				},
				"bolt": {
					"rotation": [0, 0, 0],
					"position": {
						"0.0": [0, 0, 0],
						"0.4": [0, 0, 0],
						"0.4667": [0, 0, 0],
						"0.5667": [0, 0, 4.4375],
						"0.7667": [0, 0, 4.44],
						"0.8667": [0, 0, 0]
					}
				},
				"bone4": {
					"rotation": {
						"0.0": [0, 0, 0],
						"0.3": [0, 0, 0],
						"0.4": [0, 0, 90],
						"0.9": [0, 0, 90],
						"1.0": [0, 0, 0]
					}
				},
				"bone7": {
					"position": {
						"0.0": [0, 0, 0],
						"0.5": [0, 0, 0],
						"0.5667": [0, 0, 0.25]
					}
				},
				"bullet": {
					"rotation": {
						"0.0667": [0, 0, 0],
						"0.3": [0, 0, 0],
						"0.5667": [0, 0, 0],
						"0.6": [-135.09319, 13.81309, -166.98354],
						"0.6667": [-149.17606, -58.88745, -215.04581],
						"0.7": [23.27353, -22.8107, -280.06628],
						"0.7667": [-18.0521, 31.30443, -377.59698],
						"0.8667": [-17.60803, 28.92445, -736.71211],
						"0.9667": [-156.91, 47.53, -890.53],
						"1.0": {
							"pre": [-156.91, 47.53, -890.53],
							"post": [0, 0, 0]
						}
					},
					"position": {
						"0.0667": [0, 0, 0],
						"0.3": [0, 0, -4],
						"0.4667": [0, 0, -4],
						"0.5667": [0, 0, 0],
						"0.6": [-5.2, 2.8, -0.9],
						"0.7": [-8.1, 3.94, -0.9],
						"0.7667": [-11, 3.8, -0.9],
						"0.8667": [-20, 2.4, 1.2],
						"0.9": [-23.6, -0.9, 1.6],
						"0.9667": [-23.6, -0.9, 1.6],
						"1.0": {
							"pre": [-23.6, -0.9, 1.6],
							"post": [0, 0, 0]
						}
					},
					"scale": {
						"0.0667": [1, 1, 1],
						"0.9667": {
							"pre": [1, 1, 1],
							"post": [0, 0, 0]
						},
						"1.0": {
							"pre": [0, 0, 0],
							"post": [1, 1, 1]
						}
					}
				},
				"bullet2": {
					"scale": {
						"0.0": [0, 0, 0],
						"0.7667": {
							"pre": [0, 0, 0],
							"post": [1, 1, 1]
						}
					}
				},
				"lefthand": {
					"rotation": [84.32406, -25.2908, -129.88433],
					"position": [7.4, -15.02, -4.22],
					"scale": [1, 1.5, 1]
				},
				"constraint": {
					"rotation": {
						"1.0667": {
							"pre": [1, 1, 1],
							"post": [1, 1, 1],
							"lerp_mode": "catmullrom"
						},
						"1.3": [0.2, 0.2, 0.2]
					},
					"position": {
						"1.0667": {
							"pre": [1, 1, 1],
							"post": [1, 1, 1],
							"lerp_mode": "catmullrom"
						},
						"1.3": [0.2, 0.2, 0.2]
					}
				},
				"clip": {
					"scale": 0
				},
				"camera": {
					"rotation": {
						"0.2": {
							"pre": [0, 0, 0],
							"post": [0, 0, 0],
							"lerp_mode": "catmullrom"
						},
						"0.3667": {
							"post": [0.5, -0.5, -2],
							"lerp_mode": "catmullrom"
						},
						"0.5": {
							"post": [2, -0.4375, -0.75],
							"lerp_mode": "catmullrom"
						},
						"0.6": {
							"post": [1.22, 0.14, -1.31],
							"lerp_mode": "catmullrom"
						},
						"0.7": {
							"post": [1.25, 0.1875, -1.25],
							"lerp_mode": "catmullrom"
						},
						"0.8667": {
							"post": [-0.25, -0.1875, 0.1875],
							"lerp_mode": "catmullrom"
						},
						"1.0667": {
							"post": [0.3125, 0, -0.25],
							"lerp_mode": "catmullrom"
						},
						"1.1667": {
							"post": [0.19, 0.01, 0.0375],
							"lerp_mode": "catmullrom"
						},
						"1.2667": {
							"post": [0, 0, 0],
							"lerp_mode": "catmullrom"
						}
					}
				}
			},
			"sound_effects": {
				"0.3333": {
					"effect": "wyyc1991:53q/53q_reload_bolt"
				},
				"0.7": {
					"effect": "wyyc1991:53q/53q_reload_bolt3"
				},
				"1.0333": {
					"effect": "wyyc1991:53q/53q_meg"
				}
			}
		},
		"shoot": {
			"animation_length": 0.7,
			"bones": {
				"striker": {
					"position": {
						"0.0": [0, 0, 0],
						"0.0333": [0, 0, -0.17187],
						"0.6667": [0, 0, -0.17187],
						"0.7": [0, 0, 0]
					}
				},
				"root": {
					"rotation": {
						"0.0": {
							"post": [0, 0, 0],
							"lerp_mode": "catmullrom"
						},
						"0.0333": {
							"post": [0.645, 0, 5],
							"lerp_mode": "catmullrom"
						},
						"0.0667": {
							"post": [-16, 0.96, 5.82],
							"lerp_mode": "catmullrom"
						},
						"0.2": {
							"post": [-9.2525, -0.89, -1.4875],
							"lerp_mode": "catmullrom"
						},
						"0.3333": [-1.5425, 0.85, 2.85],
						"0.4667": {
							"pre": [0.63844, -0.46, -0.02844],
							"post": [0.63844, -0.46, -0.02844],
							"lerp_mode": "catmullrom"
						},
						"0.6333": {
							"post": [0.125, 0, 0],
							"lerp_mode": "catmullrom"
						},
						"0.9667": {
							"post": [0, 0, 0],
							"lerp_mode": "catmullrom"
						}
					},
					"position": {
						"0.0": {
							"post": [0, 0, 0],
							"lerp_mode": "catmullrom"
						},
						"0.0333": {
							"post": [-0.14, 0.07, 1.9375],
							"lerp_mode": "catmullrom"
						},
						"0.0667": [-0.14, 0.095, 2.125],
						"0.1667": [-0.09, -0.01, 1.3925],
						"0.3": {
							"pre": [0, -0.1625, 0.02],
							"post": [0, -0.1625, 0.02],
							"lerp_mode": "catmullrom"
						},
						"0.5333": {
							"post": [0, 0, 0],
							"lerp_mode": "catmullrom"
						}
					}
				},
				"bone7": {
					"position": {
						"0.0": [0, 0, 0.25],
						"0.0667": [0, 0, 0]
					}
				},
				"constraint": {
					"rotation": {
						"0.4": {
							"pre": [1, 1, 1],
							"post": [1, 1, 1],
							"lerp_mode": "catmullrom"
						},
						"0.7": [0.2, 0.2, 0.2]
					},
					"position": {
						"0.4": {
							"pre": [1, 1, 1],
							"post": [1, 1, 1],
							"lerp_mode": "catmullrom"
						},
						"0.7": [0.2, 0.2, 0.2]
					}
				},
				"camera": {
					"rotation": {
						"0.0": {
							"post": [0, 0, 0],
							"lerp_mode": "catmullrom"
						},
						"0.0333": {
							"post": [0, 0, 2.5],
							"lerp_mode": "catmullrom"
						},
						"0.0667": {
							"post": [0, 0, -0.85],
							"lerp_mode": "catmullrom"
						},
						"0.1333": {
							"post": [0, 0, 0.55],
							"lerp_mode": "catmullrom"
						},
						"0.2": {
							"post": [0, 0, -0.375],
							"lerp_mode": "catmullrom"
						},
						"0.3333": {
							"post": [0, 0, 0.2],
							"lerp_mode": "catmullrom"
						},
						"0.4667": {
							"post": [0, 0, 0],
							"lerp_mode": "catmullrom"
						}
					}
				}
			}
		},
		"reload_start": {
			"loop": "hold_on_last_frame",
			"animation_length": 1.4375,
			"bones": {
				"righthand": {
					"rotation": {
						"0.0": [89.66973, 17.81639, -177.10292],
						"0.2083": [88.56, 15.37, -185.2],
						"0.5": [111.94, 18.36, -212.37],
						"0.6667": [120.62618, 32.1804, -210.39284],
						"0.8333": [115.59431, 39.61488, -199.49055],
						"0.9167": [100.10139, 67.28445, -213.8211],
						"0.9583": [100.72077, 62.19806, -205.24514],
						"1.0833": [100.72077, 62.19806, -205.24514],
						"1.1458": [96.33505, 46.78051, -173.21371],
						"1.25": {
							"pre": [96.33505, 46.78051, -173.21371],
							"post": [96.33505, 46.78051, -173.21371],
							"lerp_mode": "catmullrom"
						},
						"1.4375": [116.61718, 19.32954, -174.51171]
					},
					"position": {
						"0.0": [-6.75, -14.95, 8.875],
						"0.125": [-6.97, -15.29, 6.16],
						"0.2083": [-7.72, -14.92, 6.07],
						"0.2917": [-10.27, -13.65, 5.75],
						"0.3333": [-10.7, -13.44, 5.7],
						"0.5": [-9.91, -12.15, 5.38],
						"0.6667": [-10.47, -11.55, 4.73],
						"0.8333": [-8.47, -8.55, 5.23],
						"0.9167": [-8.47, -9.05, 3.98],
						"0.9583": [-8.36, -8.65, 8.51],
						"1.0833": [-7.985, -8.65, 8.8225],
						"1.1458": [-9.64, -14.56, 10.36],
						"1.25": {
							"pre": [-9.64, -14.56, 10.36],
							"post": [-9.64, -14.56, 10.36],
							"lerp_mode": "catmullrom"
						},
						"1.4375": [-10.125, -11.75, 15.925]
					},
					"scale": [1, 1.5, 1]
				},
				"bone7": {
					"position": [0, 0, 0.25]
				},
				"lefthand": {
					"rotation": {
						"0.0": [84.32406, -25.2908, -129.88433],
						"0.25": [84.32406, -25.2908, -129.88433],
						"0.375": [72.8292, -64.90309, -121.26419],
						"0.5417": [70.01644, -69.76499, -118.21886],
						"0.9792": [70.01644, -69.76499, -118.21886],
						"1.1042": [89.60558, -67.49802, -123.26718],
						"1.4375": [89.60558, -67.49802, -123.26718]
					},
					"position": {
						"0.0": [7.4, -15.02, -4.22],
						"0.25": [7.4, -15.02, -4.22],
						"0.375": [6.9, -13.27, 0.78],
						"0.5417": [6.15, -12.77, 1.28],
						"0.9792": [6.15, -12.77, 1.28],
						"1.1042": [6.9, -12.77, -0.72],
						"1.4375": [6.9, -12.77, -0.72]
					},
					"scale": {
						"0.0": [1, 1.5, 1],
						"0.25": [1, 1.5, 1],
						"1.4375": [1, 1.5, 1]
					}
				},
				"root": {
					"rotation": {
						"0.0": {
							"post": [0, 0, 0],
							"lerp_mode": "catmullrom"
						},
						"0.125": {
							"post": [5.39878, -1.09904, 1.94735],
							"lerp_mode": "catmullrom"
						},
						"0.2083": {
							"post": [6.74489, -0.80734, -3.52802],
							"lerp_mode": "catmullrom"
						},
						"0.2917": {
							"post": [2.03597, -1.03299, -0.0519],
							"lerp_mode": "catmullrom"
						},
						"0.4583": {
							"post": [-1.08797, -4.55851, 1.77022],
							"lerp_mode": "catmullrom"
						},
						"0.5833": {
							"post": [-2.66, -4.835, -0.38],
							"lerp_mode": "catmullrom"
						},
						"0.6667": {
							"post": [-1.19448, -5.16409, -0.65768],
							"lerp_mode": "catmullrom"
						},
						"0.75": {
							"post": [-1.95581, -3.95798, 1.88813],
							"lerp_mode": "catmullrom"
						},
						"0.875": {
							"post": [-3.31914, -3.25486, -0.04082],
							"lerp_mode": "catmullrom"
						},
						"0.9583": [-7.34576, -6.25089, 1.75281],
						"1.0417": {
							"pre": [-7.34576, -6.25089, 1.75281],
							"post": [-7.34576, -6.25089, 1.75281],
							"lerp_mode": "catmullrom"
						},
						"1.1667": {
							"post": [-18.945, -23.79, 6.61],
							"lerp_mode": "catmullrom"
						},
						"1.2708": {
							"post": [-23.66, -37.645, 6.6125],
							"lerp_mode": "catmullrom"
						},
						"1.3542": {
							"post": [-24.67, -45.62, 8.53],
							"lerp_mode": "catmullrom"
						},
						"1.4375": [-24.57, -49.58, 14.75]
					},
					"position": {
						"0.0": {
							"post": [0, 0, 0],
							"lerp_mode": "catmullrom"
						},
						"0.125": {
							"post": [0, -0.4, 0],
							"lerp_mode": "catmullrom"
						},
						"0.2083": {
							"post": [0.18, -0.41, 0.05],
							"lerp_mode": "catmullrom"
						},
						"0.2917": {
							"post": [0, -0.3, -0.1],
							"lerp_mode": "catmullrom"
						},
						"0.4583": {
							"post": [-1.3, -2.4, -1.7],
							"lerp_mode": "catmullrom"
						},
						"0.6667": {
							"post": [-1.3, -2.2, -1.7],
							"lerp_mode": "catmullrom"
						},
						"0.75": {
							"post": [-1.3, -2.1, -1.95],
							"lerp_mode": "catmullrom"
						},
						"0.875": {
							"post": [-1.3, -2.1, -2.7],
							"lerp_mode": "catmullrom"
						},
						"0.9583": [-2.05, -2.8, -1.55],
						"1.0417": {
							"pre": [-2.05, -2.8, -1.55],
							"post": [-2.05, -2.8, -1.55],
							"lerp_mode": "catmullrom"
						},
						"1.1875": {
							"post": [-0.61, -2.81, -1.9975],
							"lerp_mode": "catmullrom"
						},
						"1.2708": {
							"post": [1.2, -2.7225, -2.42],
							"lerp_mode": "catmullrom"
						},
						"1.375": {
							"post": [3.3875, -2.63, -2.71],
							"lerp_mode": "catmullrom"
						},
						"1.4375": [3.77, -2.46, -2.72]
					}
				},
				"clip": {
					"scale": 0
				},
				"ammo1": {
					"position": [0, 0, 0]
				},
				"bolt": {
					"rotation": {
						"0.9167": [0, 0, 0],
						"1.0": [0, 0, 0],
						"1.4375": [0, 0, 0]
					},
					"position": {
						"0.9167": [0, 0, 0],
						"0.9583": [0, 0, 4.1125],
						"1.0": [0, 0, 4.5],
						"1.4375": [0, 0, 4.5]
					}
				},
				"bone4": {
					"rotation": {
						"0.6667": [0, 0, 0],
						"0.7083": [0, 0, 6.8575],
						"0.7708": [0, 0, 72.25],
						"0.8125": [0, 0, 80],
						"0.9167": [0, 0, 85],
						"1.4375": [0, 0, 85]
					},
					"position": {
						"0.6667": [0, 0, 0],
						"0.8125": [0, 0, 0],
						"0.9167": [0, 0, 0],
						"1.4375": [0, 0, 0]
					}
				},
				"bullet": {
					"scale": 0
				},
				"bullet2": {
					"rotation": {
						"1.2708": {
							"pre": [-33.31852, -5.19684, -322.8327],
							"post": [-33.31852, -5.19684, -322.8327],
							"lerp_mode": "catmullrom"
						},
						"1.4375": [-34.41, -5.42, -321.26]
					},
					"position": {
						"1.2708": {
							"pre": [-3.38, -2.77, 5.15],
							"post": [-3.38, -2.77, 5.15],
							"lerp_mode": "catmullrom"
						},
						"1.4375": [-1.52, 1.03, 9.7]
					},
					"scale": {
						"0.0": [0, 0, 0],
						"1.4375": [0, 0, 0]
					}
				},
				"camera": {
					"rotation": {
						"0.0": {
							"post": [0, 0, 0],
							"lerp_mode": "catmullrom"
						},
						"0.2083": {
							"post": [0.2, 0, 0],
							"lerp_mode": "catmullrom"
						},
						"0.4583": {
							"post": [0.3, 0, 0],
							"lerp_mode": "catmullrom"
						},
						"0.7917": {
							"post": [0.2, 0, 0],
							"lerp_mode": "catmullrom"
						},
						"0.9167": {
							"post": [-0.1125, 0, 0.25],
							"lerp_mode": "catmullrom"
						},
						"0.9583": {
							"post": [-0.7575, 0, -0.25],
							"lerp_mode": "catmullrom"
						},
						"1.0417": {
							"post": [-0.3, 0, 0],
							"lerp_mode": "catmullrom"
						},
						"1.1667": {
							"post": [-0.3, 0, 0],
							"lerp_mode": "catmullrom"
						},
						"1.2292": {
							"post": [-0.25, 0, -0.0625],
							"lerp_mode": "catmullrom"
						},
						"1.3125": {
							"post": [-0.425, 0, -0.5],
							"lerp_mode": "catmullrom"
						},
						"1.3958": {
							"post": [0.125, 0, 0.125],
							"lerp_mode": "catmullrom"
						},
						"1.4375": [0.13, 0, 0.14]
					}
				},
				"constraint": {
					"rotation": {
						"0.0": [0.2, 0.2, 0.2],
						"1.4375": [0.2, 0.2, 0.2]
					},
					"position": {
						"0.0": [0.2, 0.2, 0.2],
						"1.4375": [0.2, 0.2, 0.2]
					}
				}
			},
			"sound_effects": {
				"0.7292": {
					"effect": "wyyc1991:53q/53q_reload_bolt"
				}
			}
		},
		"reload_loop": {
			"loop": true,
			"animation_length": 0.8772,
			"bones": {
				"root": {
					"rotation": {
						"0.0": [-24.57, -49.58, 14.75],
						"0.0417": [-24.57, -49.58, 14.75],
						"0.0833": {
							"pre": [-25.37, -50.70521, 15.0575],
							"post": [-25.37, -50.70521, 15.0575],
							"lerp_mode": "catmullrom"
						},
						"0.2083": {
							"post": [-26.66137, -50.70521, 19.69984],
							"lerp_mode": "catmullrom"
						},
						"0.2708": {
							"post": [-15, -47.35055, 11.5752],
							"lerp_mode": "catmullrom"
						},
						"0.375": {
							"post": [-13, -48.19761, 11.7941],
							"lerp_mode": "catmullrom"
						},
						"0.5208": {
							"post": [-26, -51, 16],
							"lerp_mode": "catmullrom"
						},
						"0.6458": {
							"post": [-29.245, -50.70521, 15.0575],
							"lerp_mode": "catmullrom"
						},
						"0.7083": {
							"post": [-28.05, -49.94, 14.8],
							"lerp_mode": "catmullrom"
						},
						"0.875": {
							"post": [-24.57, -49.58, 14.75],
							"lerp_mode": "catmullrom"
						}
					},
					"position": {
						"0.0": [3.77, -2.46, -2.72],
						"0.0417": [3.77, -2.46, -2.72],
						"0.2083": {
							"pre": [3.625, -2.125, -2.6875],
							"post": [3.625, -2.125, -2.6875],
							"lerp_mode": "catmullrom"
						},
						"0.2708": {
							"post": [3.0875, -2.3, -2.175],
							"lerp_mode": "catmullrom"
						},
						"0.375": {
							"post": [3.025, -2.3375, -2.175],
							"lerp_mode": "catmullrom"
						},
						"0.5208": {
							"post": [3.625, -2.125, -2.6875],
							"lerp_mode": "catmullrom"
						},
						"0.7292": {
							"post": [3.76, -2.38, -2.73],
							"lerp_mode": "catmullrom"
						},
						"0.875": {
							"post": [3.77, -2.46, -2.72],
							"lerp_mode": "catmullrom"
						}
					}
				},
				"righthand": {
					"rotation": {
						"0.0": [116.61718, 19.32954, -174.51171],
						"0.25": {
							"pre": [116.18, 23.82, -161.67],
							"post": [116.18, 23.82, -161.67],
							"lerp_mode": "catmullrom"
						},
						"0.375": {
							"post": [115.41135, 11.51584, -133.40809],
							"lerp_mode": "catmullrom"
						},
						"0.5": {
							"post": [115.41135, 11.51584, -133.40809],
							"lerp_mode": "catmullrom"
						},
						"0.5833": {
							"post": [110.92704, 24.52507, -177.1055],
							"lerp_mode": "catmullrom"
						},
						"0.7292": {
							"post": [116.61718, 19.32954, -174.51171],
							"lerp_mode": "catmullrom"
						},
						"0.875": [116.61718, 19.32954, -174.51171]
					},
					"position": {
						"0.0": [-10.125, -11.75, 15.925],
						"0.0833": {
							"pre": [-11.34, -11.74, 8.23],
							"post": [-11.34, -11.74, 8.23],
							"lerp_mode": "catmullrom"
						},
						"0.1667": {
							"post": [-9.81, -11.84, 4.49],
							"lerp_mode": "catmullrom"
						},
						"0.25": {
							"post": [-8.46, -12.04, 3.7],
							"lerp_mode": "catmullrom"
						},
						"0.375": {
							"post": [-8.64, -11.31, 4.11],
							"lerp_mode": "catmullrom"
						},
						"0.5": {
							"post": [-8.64, -10.81, 4.11],
							"lerp_mode": "catmullrom"
						},
						"0.5833": {
							"post": [-9.77, -10.67, 5.98],
							"lerp_mode": "catmullrom"
						},
						"0.7292": {
							"post": [-10.125, -11.75, 15.925],
							"lerp_mode": "catmullrom"
						},
						"0.875": [-10.125, -11.75, 15.925]
					}
				},
				"clip": {
					"scale": 0
				},
				"ammo1": {
					"rotation": [0, 0, 0],
					"position": {
						"0.0": [0, 0, 0],
						"0.25": [0, 0, 0],
						"0.3125": [0, -0.125, 0],
						"0.4167": [0, -0.375, 0],
						"0.4792": [0, -0.37, 0],
						"0.6458": {
							"pre": [0, -0.37, 0],
							"post": [0, 0, 0]
						}
					}
				},
				"bolt": {
					"rotation": [0, 0, 0],
					"position": [0, 0, 4.5]
				},
				"bone4": {
					"rotation": [0, 0, 85],
					"position": [0, 0, 0]
				},
				"bullet": {
					"scale": 0
				},
				"bullet2": {
					"rotation": {
						"0.0": [-34.41, -5.42, 39],
						"0.0625": [-15.72989, -0.52154, 36],
						"0.25": [-7.5, 0, 0],
						"0.3125": [0, 0, 0],
						"0.375": [0, 0, 0],
						"0.4167": [0, 0, 0],
						"0.5417": [0, 0, 0],
						"0.6458": [0, 0, 0]
					},
					"position": {
						"0.0": [-1.52, 1.03, 9.7025],
						"0.0625": [-2.63, 1.355, 5.9],
						"0.1875": [-1.21, 0.38, -0.6],
						"0.25": [0, 0.22, 0],
						"0.3125": [0, 0.1575, 0],
						"0.375": [0, -0.2175, 0],
						"0.4167": [0, -0.4675, -0.1875],
						"0.5417": [0, -0.31, -0.375],
						"0.6458": [0, -0.31, -0.37],
						"0.875": {
							"pre": [0, -0.31, -0.37],
							"post": [-1.52, 1.03, 9.7025]
						}
					},
					"scale": {
						"0.0": [1, 1, 1],
						"0.6458": {
							"pre": [1, 1, 1],
							"post": [0, 0, 0]
						}
					}
				},
				"lefthand": {
					"rotation": [89.60558, -67.49802, -123.26718],
					"position": [6.9, -12.77, -0.72],
					"scale": [1, 1.5, 1]
				},
				"camera": {
					"rotation": {
						"0.0": [0, 0, 0],
						"0.0833": {
							"pre": [0, 0, 0],
							"post": [0, 0, 0],
							"lerp_mode": "catmullrom"
						},
						"0.2292": {
							"post": [0, 0, 0],
							"lerp_mode": "catmullrom"
						},
						"0.2708": {
							"post": [0.2, 0, 0],
							"lerp_mode": "catmullrom"
						},
						"0.3333": {
							"post": [0.5, 0, -0.25],
							"lerp_mode": "catmullrom"
						},
						"0.3958": {
							"post": [0.485, 0, 0.06],
							"lerp_mode": "catmullrom"
						},
						"0.5208": {
							"post": [0.25, 0, 0],
							"lerp_mode": "catmullrom"
						},
						"0.6458": {
							"post": [0, 0, 0],
							"lerp_mode": "catmullrom"
						}
					}
				},
				"constraint": {
					"rotation": {
						"0.0": [0.2, 0.2, 0.2],
						"0.875": [0.2, 0.2, 0.2]
					},
					"position": {
						"0.0": [0.2, 0.2, 0.2],
						"0.875": [0.2, 0.2, 0.2]
					}
				}
			},
			"sound_effects": {
				"0.2292": {
					"effect": "wyyc1991:53q/53q_reload"
				}
			}
		},
		"reload_end": {
			"animation_length": 1,
			"bones": {
				"root": {
					"rotation": {
						"0.0": {
							"post": [-24.57, -49.58, 14.75],
							"lerp_mode": "catmullrom"
						},
						"0.0833": {
							"post": [-21.67, -45.62, 15.405],
							"lerp_mode": "catmullrom"
						},
						"0.1875": {
							"post": [-5.3475, -34.7075, 10.175],
							"lerp_mode": "catmullrom"
						},
						"0.3125": {
							"post": [2.68, -6.79, 0.61],
							"lerp_mode": "catmullrom"
						},
						"0.4167": {
							"post": [7.01569, 0.48698, -8.94367],
							"lerp_mode": "catmullrom"
						},
						"0.5": {
							"post": [7.37548, -1.93871, -12.54854],
							"lerp_mode": "catmullrom"
						},
						"0.6667": [-2.08843, -0.58479, 1.90379],
						"0.7708": {
							"pre": [-0.25, 0, -1.5],
							"post": [-0.25, 0, -1.5],
							"lerp_mode": "catmullrom"
						},
						"0.8333": {
							"post": [-0.27, 0.04, 1.16],
							"lerp_mode": "catmullrom"
						},
						"0.9167": {
							"post": [0, 0, 0],
							"lerp_mode": "catmullrom"
						},
						"1.0": {
							"post": [0, 0, 0],
							"lerp_mode": "catmullrom"
						}
					},
					"position": {
						"0.0": {
							"post": [3.77, -2.46, -2.72],
							"lerp_mode": "catmullrom"
						},
						"0.0625": {
							"post": [3.3875, -2.63, -2.71],
							"lerp_mode": "catmullrom"
						},
						"0.1667": {
							"post": [0.825, -2.7225, -2.42],
							"lerp_mode": "catmullrom"
						},
						"0.2917": {
							"post": [0.0775, -1.3725, -0.3725],
							"lerp_mode": "catmullrom"
						},
						"0.4167": {
							"post": [0, -1.0875, -0.81875],
							"lerp_mode": "catmullrom"
						},
						"0.5208": [0.21, -1.0925, -0.88],
						"0.625": [0.11, -0.3475, -0.725],
						"0.7083": [0.08, -0.11, -0.665],
						"0.7708": {
							"pre": [0.05, 0.065, -0.05],
							"post": [0.05, 0.065, -0.05],
							"lerp_mode": "catmullrom"
						},
						"0.8333": {
							"post": [0.03, 0.05, 0.385],
							"lerp_mode": "catmullrom"
						},
						"0.9167": {
							"post": [0, 0, 0],
							"lerp_mode": "catmullrom"
						},
						"1.0": {
							"post": [0, 0, 0],
							"lerp_mode": "catmullrom"
						}
					}
				},
				"righthand": {
					"rotation": {
						"0.0": [116.61718, 19.32954, -174.51171],
						"0.1667": [115.46, 19.26, -174.62],
						"0.2917": [173.76372, 6.6718, -136.96044],
						"0.3542": [173.76372, 6.6718, -136.96044],
						"0.4792": [173.76372, 6.6718, -136.96044],
						"0.5417": [173.76372, 6.6718, -136.96044],
						"0.625": [138.59861, 3.80559, -98.7182],
						"0.7083": [100.06722, -10.38332, -97.53263],
						"0.8333": [101.0814, 10.72902, -131.61939],
						"0.9583": [89.66973, 17.81639, -177.10292]
					},
					"position": {
						"0.0": [-10.125, -11.75, 15.925],
						"0.1667": [-9.98, -11.89, 15.62],
						"0.2917": [-7.96, -8.805, 9.5425],
						"0.3542": [-7.46, -8.805, 9.5425],
						"0.4792": [-7.46, -8.805, 5.0425],
						"0.5417": [-7.46, -8.805, 5.0425],
						"0.625": [-9.53, -9.2275, 4.49],
						"0.7083": [-9.77, -12.18, 5.49],
						"0.8333": [-8.76, -13.34, 8.24],
						"0.9583": [-6.75, -14.95, 8.875]
					},
					"scale": [1, 1.5, 1]
				},
				"bolt": {
					"rotation": [0, 0, 0],
					"position": {
						"0.0": [0, 0, 4.5],
						"0.3542": [0, 0, 4.44],
						"0.4792": [0, 0, 0]
					}
				},
				"bone4": {
					"rotation": {
						"0.0": [0, 0, 85],
						"0.5208": [0, 0, 85],
						"0.6458": [0, 0, 0]
					},
					"position": [0, 0, 0]
				},
				"lefthand": {
					"rotation": {
						"0.0": [89.60558, -67.49802, -123.26718],
						"0.1042": [84.32406, -25.2908, -129.88433]
					},
					"position": {
						"0.0": [6.9, -12.77, -0.72],
						"0.1042": [7.4, -15.02, -4.22]
					},
					"scale": [1, 1.5, 1]
				},
				"camera": {
					"rotation": {
						"0.0": [0, 0, 0],
						"0.0833": {
							"pre": [0.5, 0, 0],
							"post": [0.5, 0, 0],
							"lerp_mode": "catmullrom"
						},
						"0.2083": {
							"post": [0.3, 0, 0],
							"lerp_mode": "catmullrom"
						},
						"0.2917": {
							"post": [-0.1, 0, 0],
							"lerp_mode": "catmullrom"
						},
						"0.375": {
							"post": [-0.26, 0, 0],
							"lerp_mode": "catmullrom"
						},
						"0.4167": {
							"post": [0.4, 0, 0],
							"lerp_mode": "catmullrom"
						},
						"0.5": {
							"post": [-0.08, 0, -0.3125],
							"lerp_mode": "catmullrom"
						},
						"0.5833": {
							"post": [-0.2, 0, 0.25],
							"lerp_mode": "catmullrom"
						},
						"0.7083": {
							"post": [0.03, 0, 0],
							"lerp_mode": "catmullrom"
						},
						"0.875": {
							"post": [0, 0, 0],
							"lerp_mode": "catmullrom"
						}
					}
				},
				"bullet": {
					"scale": 0
				},
				"bullet2": {
					"position": {
						"0.0": [-1.52, 1.03, 9.7025],
						"0.3542": [0, 0, 0]
					},
					"scale": {
						"0.3542": [0, 0, 0],
						"0.3958": {
							"pre": [0, 0, 0],
							"post": [1, 1, 1]
						},
						"0.4583": {
							"pre": [1, 1, 1],
							"post": [0, 0, 0]
						}
					}
				},
				"constraint": {
					"rotation": [0.2, 0.2, 0.2],
					"position": [0.2, 0.2, 0.2]
				}
			},
			"sound_effects": {
				"0.375": {
					"effect": "wyyc1991:53q/53q_reload_boltend"
				}
			}
		},
		"reload_start_clip": {
			"loop": "hold_on_last_frame",
			"animation_length": 1.3,
			"bones": {
				"root": {
					"rotation": {
						"0.0": {
							"post": [0, 0, 0],
							"lerp_mode": "catmullrom"
						},
						"0.12": {
							"post": [5.39878, -1.09904, 1.94735],
							"lerp_mode": "catmullrom"
						},
						"0.2": {
							"post": [6.74489, -0.80734, -3.52802],
							"lerp_mode": "catmullrom"
						},
						"0.3": {
							"post": [2.03597, -1.03299, -9.0519],
							"lerp_mode": "catmullrom"
						},
						"0.46": {
							"post": [-13.83797, -0.37101, -14.97978],
							"lerp_mode": "catmullrom"
						},
						"0.58": {
							"post": [-15.41, -0.6475, -17.13],
							"lerp_mode": "catmullrom"
						},
						"0.66": {
							"post": [-13.94448, -0.97659, -14.97018],
							"lerp_mode": "catmullrom"
						},
						"0.76": {
							"post": [-14.70581, 0.22952, -3.54937],
							"lerp_mode": "catmullrom"
						},
						"0.88": {
							"post": [-16.88164, 1.74514, 2.27168],
							"lerp_mode": "catmullrom"
						},
						"0.96": {
							"post": [-20.90826, -1.25089, -2.25969],
							"lerp_mode": "catmullrom"
						},
						"1.04": {
							"post": [-25.04, -10.51, -0.08],
							"lerp_mode": "catmullrom"
						},
						"1.12": {
							"post": [-15.16, -31.52, -6.5125],
							"lerp_mode": "catmullrom"
						},
						"1.2": {
							"post": [-6.08, -48.47, -16.1675],
							"lerp_mode": "catmullrom"
						},
						"1.3": [-1.62901, -50.92003, -17.12464]
					},
					"position": {
						"0.0": {
							"post": [0, 0, 0],
							"lerp_mode": "catmullrom"
						},
						"0.12": {
							"post": [0, -0.4, 0],
							"lerp_mode": "catmullrom"
						},
						"0.2": {
							"post": [0.18, -0.41, 0.05],
							"lerp_mode": "catmullrom"
						},
						"0.3": {
							"post": [0, -0.3, -0.1],
							"lerp_mode": "catmullrom"
						},
						"0.46": {
							"post": [-1.3, -1.4, -1.7],
							"lerp_mode": "catmullrom"
						},
						"0.66": {
							"post": [-1.3, -1.2, -1.7],
							"lerp_mode": "catmullrom"
						},
						"0.76": {
							"post": [-1.3, -1.1, -1.7],
							"lerp_mode": "catmullrom"
						},
						"0.88": {
							"post": [-1.3, -1.1, -1.7],
							"lerp_mode": "catmullrom"
						},
						"0.96": {
							"post": [-1.3, -1.8, -1.3],
							"lerp_mode": "catmullrom"
						},
						"1.04": {
							"post": [-0.8, -1.8, -1.3],
							"lerp_mode": "catmullrom"
						},
						"1.2": {
							"post": [1.575, -2.41, -0.92],
							"lerp_mode": "catmullrom"
						},
						"1.3": [1.875, -2.4725, -0.9375]
					}
				},
				"righthand": {
					"rotation": {
						"0.0": [89.66973, 17.81639, -177.10292],
						"0.18": [88.56, 15.37, -185.2],
						"0.56": [111.94, 18.36, -212.37],
						"0.68": [117.13437, 19.0224, -218.40988],
						"0.84": [147.39167, 72.66452, -160.85004],
						"0.9": [149.37115, 76.41918, -160.85004],
						"0.96": [150.28046, 76.09594, -160.85004],
						"1.02": [147.39167, 72.66452, -160.85004],
						"1.1": [143.69425, 18.5079, -185.48186],
						"1.3": [145.83896, 0.05049, -172.38257]
					},
					"position": {
						"0.0": [-6.75, -14.95, 8.875],
						"0.12": [-6.97, -15.29, 6.16],
						"0.18": [-7.72, -14.92, 6.07],
						"0.28": [-10.27, -14.65, 5.75],
						"0.34": [-10.7, -14.44, 5.7],
						"0.48": [-10.7, -14.44, 5.7],
						"0.56": [-9.91, -12.15, 5.38],
						"0.68": [-10.47, -11.55, 5.23],
						"0.84": [-7.8925, -9.425, 4.23],
						"1.02": [-7.8925, -9.425, 7.98],
						"1.1": [-8.97, -8.55, 9.48],
						"1.2": [-10.26, -10.05, 14.19],
						"1.3": [-10.47, -10.3, 14.98]
					},
					"scale": {
						"0.0": [1, 1.5, 1],
						"1.3": [1, 1.5, 1]
					}
				},
				"bolt": {
					"rotation": {
						"0.9": [0, 0, 0],
						"0.98": [0, 0, 0]
					},
					"position": {
						"0.9": [0, 0, 0],
						"0.94": [0, 0, 4.1125],
						"0.98": [0, 0, 4.5]
					}
				},
				"bone4": {
					"rotation": {
						"0.64": [0, 0, 0],
						"0.68": [0, 0, 6.8575],
						"0.78": [0, 0, 72.25],
						"0.82": [0, 0, 80],
						"0.9": [0, 0, 85]
					},
					"position": {
						"0.64": [0, 0, 0],
						"0.82": [0, 0, 0],
						"0.9": [0, 0, 0]
					}
				},
				"bullet": {
					"rotation": {
						"0.92": [0, 0, 0],
						"0.96": [-20, 12.5, 0],
						"1.0": [-41.8502, 51.61083, -23.58983],
						"1.04": [-152.41456, 36.13029, -141.04633],
						"1.08": [-135.22696, -13.25424, -193.18442],
						"1.12": [-149.17606, -58.88745, -215.04581],
						"1.18": [23.27353, -22.8107, -280.06628],
						"1.28": [-18.0521, 31.30443, -377.59698]
					},
					"position": {
						"0.92": [0, 0, 0],
						"0.96": [-0.15, 0.95, 0.4],
						"1.0": [-2.5, 1.375, 0],
						"1.04": [-4.3, 1.75, -0.7],
						"1.08": [-7.1, 1.7, -0.9],
						"1.18": [-8.1, -3.06, -0.9],
						"1.28": [-10.03, -5, -0.9]
					},
					"scale": {
						"0.0": [1, 1, 1],
						"1.28": [1, 1, 1],
						"1.3": {
							"pre": [1, 1, 1],
							"post": [0, 0, 0]
						}
					}
				},
				"bullet2": {
					"scale": 0
				},
				"lefthand": {
					"rotation": {
						"0.0": [84.32406, -25.2908, -129.88433],
						"0.08": [89.93081, -25.35209, -125.45949],
						"0.16": [94.27794, -29.48611, -126.59919]
					},
					"position": {
						"0.0": [7.4, -15.02, -4.22],
						"0.08": [7.65, -14.02, -4.02],
						"0.16": [7.65, -13.72, -4.62]
					},
					"scale": [1, 1.5, 1]
				},
				"camera": {
					"rotation": {
						"0.0": {
							"post": [0, 0, 0],
							"lerp_mode": "catmullrom"
						},
						"0.2": {
							"post": [0.2, 0, 0],
							"lerp_mode": "catmullrom"
						},
						"0.46": {
							"post": [-0.2, 0, 0],
							"lerp_mode": "catmullrom"
						},
						"0.8": {
							"post": [-0.3, 0, 0],
							"lerp_mode": "catmullrom"
						},
						"0.92": {
							"post": [-0.3, 0, 0],
							"lerp_mode": "catmullrom"
						},
						"0.96": {
							"post": [-0.57, 0, 0],
							"lerp_mode": "catmullrom"
						},
						"1.04": {
							"post": [-0.3, 0, 0],
							"lerp_mode": "catmullrom"
						},
						"1.16": {
							"post": [-0.3, 0, 0],
							"lerp_mode": "catmullrom"
						},
						"1.3": {
							"post": [0.2, 0, 0],
							"lerp_mode": "catmullrom"
						}
					}
				},
				"ammo": {
					"scale": {
						"0.0": [0, 0, 0],
						"1.3": [0, 0, 0]
					}
				},
				"constraint": {
					"rotation": {
						"0.0": [0.2, 0.2, 0.2],
						"1.3": [0.2, 0.2, 0.2]
					},
					"position": {
						"0.0": [0.2, 0.2, 0.2],
						"1.3": [0.2, 0.2, 0.2]
					}
				}
			},
			"sound_effects": {
				"0.72": {
					"effect": "wyyc1991:53q/53q_reload_bolt"
				}
			}
		},
		"reload_load_clip": {
			"animation_length": 1.1667,
			"bones": {
				"allbullet": {
					"rotation": {
						"0.7083": [0, 0, 0],
						"1.1667": [0, 0, 0]
					},
					"position": {
						"0.7083": [0, 0, 0],
						"0.8125": [0, -1.9, 0],
						"0.8333": [0, -1.9, 0],
						"0.9167": [0, -3.4, 0],
						"1.1667": [0, -3.4, 0]
					}
				},
				"bullet_head": {
					"scale": 1
				},
				"otherbullet": {
					"rotation": [0, 0, 0],
					"position": {
						"0.1458": [0, 0, 0],
						"0.8125": [0, 0, 0],
						"1.1667": [0, 0, 0]
					},
					"scale": {
						"0.0208": [0, 0, 0],
						"0.0625": [1, 1, 1],
						"0.8125": [1, 1, 1],
						"0.9167": ["o", "o", "o"]
					}
				},
				"bolt_front": {
					"rotation": [0, 0, 80],
					"position": [0, 0, 0]
				},
				"root": {
					"rotation": {
						"0.0": [-1.62901, -50.92003, -17.12464],
						"0.1875": {
							"pre": [-3.115, -49.7075, -16.055],
							"post": [-3.115, -49.7075, -16.055],
							"lerp_mode": "catmullrom"
						},
						"0.3958": {
							"post": [-3.115, -52.2075, -13.945],
							"lerp_mode": "catmullrom"
						},
						"0.5625": {
							"post": [-3.115, -52.2075, -13.68],
							"lerp_mode": "catmullrom"
						},
						"0.6875": {
							"post": [-3.115, -52.62865, -16.13932],
							"lerp_mode": "catmullrom"
						},
						"0.7708": {
							"post": [-1.13461, -52.42978, -21.76835],
							"lerp_mode": "catmullrom"
						},
						"0.8542": {
							"post": [-5.26172, -53.1191, -24.03108],
							"lerp_mode": "catmullrom"
						},
						"0.9375": {
							"post": [-0.82908, -49.82633, -12.38326],
							"lerp_mode": "catmullrom"
						},
						"1.0625": {
							"post": [8.48381, -60.31312, -11.15824],
							"lerp_mode": "catmullrom"
						},
						"1.1667": [10.545, -65.5575, -10.675]
					},
					"position": {
						"0.0": [1.875, -2.4725, -0.9375],
						"0.1875": {
							"pre": [1.95, -3.0625, -0.85],
							"post": [1.95, -3.0625, -0.85],
							"lerp_mode": "catmullrom"
						},
						"0.3958": {
							"post": [1.89, -3.2625, -0.99],
							"lerp_mode": "catmullrom"
						},
						"0.5625": {
							"post": [1.9, -3.2825, -0.96],
							"lerp_mode": "catmullrom"
						},
						"0.6875": {
							"post": [1.91, -3.2825, -0.93],
							"lerp_mode": "catmullrom"
						},
						"0.7708": {
							"post": [1.91, -3.2825, -1.61],
							"lerp_mode": "catmullrom"
						},
						"0.8542": {
							"post": [2.12, -4.0825, -2.13],
							"lerp_mode": "catmullrom"
						},
						"1.1667": [2.98, -2.4725, -0.97]
					}
				},
				"righthand": {
					"rotation": {
						"0.0": [145.83896, 0.05049, -172.38257],
						"0.3333": [124.42707, 15.31836, -158.64706],
						"0.4167": [124.42707, 15.31836, -158.64706],
						"0.5417": [119.22237, 7.13896, -142.00746],
						"0.7083": [119.22237, 7.13896, -142.00746],
						"0.75": [101.1143, 23.01854, -142.86304],
						"0.7917": [101.1143, 23.01854, -142.86304],
						"0.8333": [104.21515, 29.95287, -136.5542],
						"0.875": [104.21515, 29.95287, -136.5542],
						"0.9167": [110.7589, 24.61945, -130.04225],
						"1.0": [110.7589, 24.61945, -130.04225],
						"1.0417": [114.35604, 17.39588, -141.10979],
						"1.1667": [114.36, 17.4, -141.11]
					},
					"position": {
						"0.0": [-10.47, -10.3, 14.98],
						"0.0625": [-10.33, -10.28, 13.89],
						"0.1875": [-9.56, -8.15, 9.7],
						"0.25": [-9.43, -8.3175, 7.07],
						"0.3333": [-8.98, -9.03, 4.58],
						"0.4167": [-9.23, -8.28, 4.33],
						"0.5417": [-8.23, -8.83, 4.33],
						"0.6458": [-8.23, -8.83, 4.17],
						"0.7083": [-8.23, -8.83, 4.08],
						"0.75": [-8.2, -9.42, 4.43],
						"0.7917": [-8.2, -9.42, 4.43],
						"0.8333": [-8.2, -10.02, 4.43],
						"0.875": [-8.2, -10.02, 4.43],
						"0.9167": [-8.21, -10.76, 4.41],
						"1.0": [-8.21, -10.76, 4.41],
						"1.0625": [-9.83, -8.19, 4.59],
						"1.1667": [-8.97, -8.55, 8.605]
					},
					"scale": {
						"0.0": [1, 1.5, 1],
						"1.1667": [1, 1.5, 1]
					}
				},
				"ammo": {
					"rotation": {
						"0.0": [-0.34, 0.14, 1.46],
						"0.1667": [-3.08192, 1.27575, 13.10833],
						"0.25": [-4.66593, 0.80102, -0.28984],
						"0.3333": [-6.3, 0, -17.675],
						"0.4375": [-6.3, 0, -17.675],
						"0.5": [0, 0, 0]
					},
					"position": {
						"0.0": [-1.96, 2.1, 11.73],
						"0.0625": [-1.86, 2.3975, 10.93],
						"0.1667": [-1.45, 3.995, 6.09],
						"0.2083": [-1, 4.53, 4.15],
						"0.2708": [-0.84, 4.52, 2.545],
						"0.3333": [-0.5, 3.15, 0.1125],
						"0.4375": [-0.5, 3.15, 0.1125],
						"0.5": [0, 2.875, 0],
						"0.5417": [0, 2.78, 0]
					},
					"scale": 1
				},
				"clip": {
					"rotation": {
						"0.875": [0, 0, 0],
						"0.9792": {
							"pre": [-45.17342, -17.87319, -9.30371],
							"post": [-45.17342, -17.87319, -9.30371],
							"lerp_mode": "catmullrom"
						},
						"1.0625": [-48.22064, -13.65987, -27.05472]
					},
					"position": {
						"0.875": [0, 0, 0],
						"0.9792": {
							"pre": [-1, 7, 3],
							"post": [-1, 7, 3],
							"lerp_mode": "catmullrom"
						},
						"1.0625": [-4.5, 15, 9]
					},
					"scale": {
						"0.0": [1, 1, 1],
						"1.0625": {
							"pre": [1, 1, 1],
							"post": [0, 0, 0]
						}
					}
				},
				"5f": {
					"position": {
						"0.0": [0, 0, 0],
						"0.6875": [0, 0, 0],
						"0.7917": [0, -1.9, 0],
						"0.8125": [0, -1.9, 0],
						"0.8958": [0, -3.4, 0]
					}
				},
				"ammo1": {
					"rotation": {
						"0.5": [0, 0, 0],
						"0.5417": [-7.5571, 7.45695, -0.65738],
						"0.7083": [-7.5571, 7.45695, -0.65738],
						"0.75": [0, 0, 0]
					},
					"position": {
						"0.0": [0, 0, 0],
						"0.5": [0, 0, 0],
						"0.75": [0, 0, 0]
					}
				},
				"bolt": {
					"rotation": [0, 0, 0],
					"position": [0, 0, 4.5]
				},
				"bone4": {
					"rotation": [0, 0, 85],
					"position": [0, 0, 0]
				},
				"bullet": {
					"scale": 0
				},
				"bullet2": {
					"scale": 0
				},
				"bone3": {
					"position": [0, 0, 0]
				},
				"lefthand": {
					"rotation": [94.27794, -29.48611, -126.59919],
					"position": [7.65, -13.72, -4.62],
					"scale": [1, 1.5, 1]
				},
				"camera": {
					"rotation": {
						"0.0208": {
							"pre": [0.2, 0, 0],
							"post": [0.2, 0, 0],
							"lerp_mode": "catmullrom"
						},
						"0.1875": {
							"post": [0.4, 0, 0],
							"lerp_mode": "catmullrom"
						},
						"0.3958": {
							"post": [-0.1, 0, 0],
							"lerp_mode": "catmullrom"
						},
						"0.6042": {
							"post": [-0.2, 0, 0],
							"lerp_mode": "catmullrom"
						},
						"0.7708": {
							"post": [-0.1, 0, 0],
							"lerp_mode": "catmullrom"
						},
						"0.8542": {
							"post": [0.3925, 0, 0],
							"lerp_mode": "catmullrom"
						},
						"0.9792": {
							"post": [0.5, 0, 0],
							"lerp_mode": "catmullrom"
						},
						"1.1042": {
							"post": [0.3, 0, 0],
							"lerp_mode": "catmullrom"
						}
					}
				},
				"constraint": {
					"rotation": {
						"0.0": [0.2, 0.2, 0.2],
						"1.1667": [0.2, 0.2, 0.2]
					},
					"position": {
						"0.0": [0.2, 0.2, 0.2],
						"1.1667": [0.2, 0.2, 0.2]
					}
				}
			},
			"sound_effects": {
				"0.2917": {
					"effect": "wyyc1991:53q/53q_reload_clip"
				}
			}
		},
		"reload_end_clip": {
			"animation_length": 1,
			"bones": {
				"root": {
					"rotation": {
						"0.0": {
							"post": [-24.57, -49.58, 14.75],
							"lerp_mode": "catmullrom"
						},
						"0.0833": {
							"post": [-21.67, -45.62, 15.405],
							"lerp_mode": "catmullrom"
						},
						"0.1875": {
							"post": [-5.3475, -34.7075, 10.175],
							"lerp_mode": "catmullrom"
						},
						"0.3125": {
							"post": [2.68, -6.79, 0.61],
							"lerp_mode": "catmullrom"
						},
						"0.4167": {
							"post": [7.01569, 0.48698, -8.94367],
							"lerp_mode": "catmullrom"
						},
						"0.5": {
							"post": [7.37548, -1.93871, -12.54854],
							"lerp_mode": "catmullrom"
						},
						"0.6667": [-2.08843, -0.58479, 1.90379],
						"0.7708": {
							"pre": [-0.25, 0, -1.5],
							"post": [-0.25, 0, -1.5],
							"lerp_mode": "catmullrom"
						},
						"0.8333": {
							"post": [-0.27, 0.04, 1.16],
							"lerp_mode": "catmullrom"
						},
						"0.9167": {
							"post": [0, 0, 0],
							"lerp_mode": "catmullrom"
						},
						"1.0": {
							"post": [0, 0, 0],
							"lerp_mode": "catmullrom"
						}
					},
					"position": {
						"0.0": {
							"post": [3.77, -2.46, -2.72],
							"lerp_mode": "catmullrom"
						},
						"0.0625": {
							"post": [3.3875, -2.63, -2.71],
							"lerp_mode": "catmullrom"
						},
						"0.1667": {
							"post": [0.825, -2.7225, -2.42],
							"lerp_mode": "catmullrom"
						},
						"0.2917": {
							"post": [0.0775, -1.3725, -0.3725],
							"lerp_mode": "catmullrom"
						},
						"0.4167": {
							"post": [0, -1.0875, -0.81875],
							"lerp_mode": "catmullrom"
						},
						"0.5208": [0.21, -1.0925, -0.88],
						"0.625": [0.11, -0.3475, -0.725],
						"0.7083": [0.08, -0.11, -0.665],
						"0.7708": {
							"pre": [0.05, 0.065, -0.05],
							"post": [0.05, 0.065, -0.05],
							"lerp_mode": "catmullrom"
						},
						"0.8333": {
							"post": [0.03, 0.05, 0.385],
							"lerp_mode": "catmullrom"
						},
						"0.9167": {
							"post": [0, 0, 0],
							"lerp_mode": "catmullrom"
						},
						"1.0": {
							"post": [0, 0, 0],
							"lerp_mode": "catmullrom"
						}
					}
				},
				"righthand": {
					"rotation": {
						"0.0": [116.61718, 19.32954, -174.51171],
						"0.1667": [115.46, 19.26, -174.62],
						"0.2917": [173.76372, 6.6718, -136.96044],
						"0.3542": [173.76372, 6.6718, -136.96044],
						"0.4792": [173.76372, 6.6718, -136.96044],
						"0.5417": [173.76372, 6.6718, -136.96044],
						"0.625": [138.59861, 3.80559, -98.7182],
						"0.7083": [100.06722, -10.38332, -97.53263],
						"0.8333": [101.0814, 10.72902, -131.61939],
						"0.9583": [89.66973, 17.81639, -177.10292]
					},
					"position": {
						"0.0": [-10.125, -11.75, 15.925],
						"0.1667": [-9.98, -11.89, 15.62],
						"0.2917": [-7.96, -8.805, 9.5425],
						"0.3542": [-7.46, -8.805, 9.5425],
						"0.4792": [-7.46, -8.805, 5.0425],
						"0.5417": [-7.46, -8.805, 5.0425],
						"0.625": [-9.53, -9.2275, 4.49],
						"0.7083": [-9.77, -12.18, 5.49],
						"0.8333": [-8.76, -13.34, 8.24],
						"0.9583": [-6.75, -14.95, 8.875]
					},
					"scale": [1, 1.5, 1]
				},
				"bolt": {
					"rotation": [0, 0, 0],
					"position": {
						"0.0": [0, 0, 4.5],
						"0.3542": [0, 0, 4.44],
						"0.4792": [0, 0, 0]
					}
				},
				"bone4": {
					"rotation": {
						"0.0": [0, 0, 85],
						"0.5208": [0, 0, 85],
						"0.6458": [0, 0, 0]
					},
					"position": [0, 0, 0]
				},
				"lefthand": {
					"rotation": {
						"0.0": [89.60558, -67.49802, -123.26718],
						"0.1042": [84.32406, -25.2908, -129.88433]
					},
					"position": {
						"0.0": [6.9, -12.77, -0.72],
						"0.1042": [7.4, -15.02, -4.22]
					},
					"scale": [1, 1.5, 1]
				},
				"camera": {
					"rotation": {
						"0.0": [0, 0, 0],
						"0.0833": {
							"pre": [0.5, 0, 0],
							"post": [0.5, 0, 0],
							"lerp_mode": "catmullrom"
						},
						"0.2083": {
							"post": [0.3, 0, 0],
							"lerp_mode": "catmullrom"
						},
						"0.2917": {
							"post": [-0.1, 0, 0],
							"lerp_mode": "catmullrom"
						},
						"0.375": {
							"post": [-0.26, 0, 0],
							"lerp_mode": "catmullrom"
						},
						"0.4167": {
							"post": [0.4, 0, 0],
							"lerp_mode": "catmullrom"
						},
						"0.5": {
							"post": [-0.08, 0, -0.3125],
							"lerp_mode": "catmullrom"
						},
						"0.5833": {
							"post": [-0.2, 0, 0.25],
							"lerp_mode": "catmullrom"
						},
						"0.7083": {
							"post": [0.03, 0, 0],
							"lerp_mode": "catmullrom"
						},
						"0.875": {
							"post": [0, 0, 0],
							"lerp_mode": "catmullrom"
						}
					}
				},
				"bullet": {
					"scale": 0
				},
				"bullet2": {
					"position": [0, 0, 0],
					"scale": {
						"0.0": [0, 0, 0],
						"0.3958": {
							"pre": [0, 0, 0],
							"post": [1, 1, 1]
						}
					}
				},
				"bone7": {
					"position": [0, 0, 0.25]
				},
				"clip": {
					"scale": 0
				},
				"constraint": {
					"rotation": [0.2, 0.2, 0.2],
					"position": [0.2, 0.2, 0.2]
				}
			},
			"sound_effects": {
				"0.375": {
					"effect": "wyyc1991:53q/53q_reload_boltend"
				}
			}
		},
		"inspect_empty": {
			"animation_length": 4.65,
			"bones": {
				"root": {
					"rotation": {
						"0.0": {
							"post": [0, 0, 0],
							"lerp_mode": "catmullrom"
						},
						"0.2": {
							"post": [-15.30902, -2.26482, -10.8535],
							"lerp_mode": "catmullrom"
						},
						"0.3": {
							"post": [-19.87196, -3.17785, -17.95906],
							"lerp_mode": "catmullrom"
						},
						"0.4": {
							"post": [-21.02, -3.65, -14.43],
							"lerp_mode": "catmullrom"
						},
						"0.5": {
							"post": [-22.61825, -4.52968, -16.70733],
							"lerp_mode": "catmullrom"
						},
						"0.65": {
							"post": [-22.75, -4.41, -17.665],
							"lerp_mode": "catmullrom"
						},
						"0.85": {
							"post": [-22.62, -4.53, -17.96],
							"lerp_mode": "catmullrom"
						},
						"1.05": {
							"post": [-21.83419, -7.56045, -25.65573],
							"lerp_mode": "catmullrom"
						},
						"1.25": {
							"post": [-21.78, -7.76, -26.34],
							"lerp_mode": "catmullrom"
						},
						"1.5": {
							"post": [-21.78, -7.74, -26.81],
							"lerp_mode": "catmullrom"
						},
						"1.7": {
							"post": [-21.8, -7.68, -27.385],
							"lerp_mode": "catmullrom"
						},
						"2.0": {
							"post": [-21.83419, -7.56045, -25.65573],
							"lerp_mode": "catmullrom"
						},
						"2.1": {
							"post": [-21.83419, -7.56045, -14.65573],
							"lerp_mode": "catmullrom"
						},
						"2.3": {
							"post": [-24.9445, 7.90002, 43.15984],
							"lerp_mode": "catmullrom"
						},
						"2.4": {
							"post": [-24.9445, 7.90002, 59.65984],
							"lerp_mode": "catmullrom"
						},
						"2.55": {
							"post": [-24.95, 7.88, 61.47],
							"lerp_mode": "catmullrom"
						},
						"2.65": {
							"post": [-24.96, 7.86, 60.99],
							"lerp_mode": "catmullrom"
						},
						"2.9": {
							"post": [-25, 7.75, 61.77],
							"lerp_mode": "catmullrom"
						},
						"3.15": {
							"post": [-24.9445, 7.90002, 61.65984],
							"lerp_mode": "catmullrom"
						},
						"3.35": {
							"post": [-24.22873, 9.9815, 70.7622],
							"lerp_mode": "catmullrom"
						},
						"3.6": {
							"post": [-24.16, 10.35, 71.62],
							"lerp_mode": "catmullrom"
						},
						"3.85": {
							"post": [-23.86, 10.06, 70.09],
							"lerp_mode": "catmullrom"
						},
						"4.0": {
							"post": [-21.22873, 8.4815, 60.2622],
							"lerp_mode": "catmullrom"
						},
						"4.15": {
							"post": [-2.67436, -2.84081, 26.11685],
							"lerp_mode": "catmullrom"
						},
						"4.3": {
							"post": [2.37, -2.9, 0.4],
							"lerp_mode": "catmullrom"
						},
						"4.4": {
							"post": [0, 0, 1.25],
							"lerp_mode": "catmullrom"
						},
						"4.5": {
							"post": [0, 0, 0.5],
							"lerp_mode": "catmullrom"
						},
						"4.6": {
							"post": [0, 0, 0],
							"lerp_mode": "catmullrom"
						}
					},
					"position": {
						"0.0": {
							"post": [0, 0, 0],
							"lerp_mode": "catmullrom"
						},
						"0.2": {
							"post": [0.34, 0.6, -1.65],
							"lerp_mode": "catmullrom"
						},
						"0.3": {
							"post": [0.67385, 0.3, -0.8],
							"lerp_mode": "catmullrom"
						},
						"0.45": {
							"post": [0.67385, 0.4, -1],
							"lerp_mode": "catmullrom"
						},
						"2.05": {
							"post": [0.67385, 0.39886, -0.7],
							"lerp_mode": "catmullrom"
						},
						"2.4": {
							"post": [-1.07086, -0.3546, -1.4],
							"lerp_mode": "catmullrom"
						},
						"3.95": {
							"post": [-1.07086, -0.3546, -1.4],
							"lerp_mode": "catmullrom"
						},
						"4.3": {
							"post": [0, -0.425, -0.7],
							"lerp_mode": "catmullrom"
						},
						"4.45": {
							"post": [0.1, 0, 0.3],
							"lerp_mode": "catmullrom"
						},
						"4.55": {
							"post": [0, 0, 0],
							"lerp_mode": "catmullrom"
						}
					}
				},
				"righthand": {
					"rotation": [89.66973, 17.81639, -177.10292],
					"position": [-6.75, -14.95, 8.875],
					"scale": [1, 1.5, 1]
				},
				"lefthand": {
					"rotation": {
						"0.0": [84.32406, -25.2908, -129.88433],
						"0.25": [64.31957, -31.45581, -81.70831],
						"0.85": [64.31957, -31.45581, -81.70831],
						"1.1": [66.88922, -29.60855, -76.30018],
						"2.0": {
							"pre": [66.88922, -29.60855, -78.00018],
							"post": [66.88922, -29.60855, -78.00018],
							"lerp_mode": "catmullrom"
						},
						"2.15": {
							"post": [66.08922, -29.60855, -88.70018],
							"lerp_mode": "catmullrom"
						},
						"2.35": {
							"post": [63.4647, -32.23256, -145.95422],
							"lerp_mode": "catmullrom"
						},
						"2.45": [63.0647, -32.23256, -154.75422],
						"3.9": {
							"pre": [63.0647, -32.23256, -154.65422],
							"post": [63.0647, -32.23256, -154.65422],
							"lerp_mode": "catmullrom"
						},
						"4.15": {
							"post": [74.84965, -28.81342, -134.4397],
							"lerp_mode": "catmullrom"
						},
						"4.5": [84.32406, -25.2908, -129.88433]
					},
					"position": {
						"0.0": [7.4, -15.02, -4.22],
						"0.15": [7.04, -16.1, -1.45],
						"0.3": [6.5, -16, 3.2],
						"2.0": [6.5, -16, 3.2],
						"2.2": [7.76918, -16.14188, 0.24982],
						"2.35": [7.78228, -14.61198, -2.01911],
						"3.85": [7.78228, -14.61198, -2.01911],
						"4.15": [6.875, -16, -4.2],
						"4.5": [7.4, -15.02, -4.22]
					},
					"scale": {
						"0.0": [1, 1.5, 1],
						"4.5": [1, 1.5, 1]
					}
				},
				"camera": {
					"rotation": {
						"0.0": {
							"post": [0, 0, 0],
							"lerp_mode": "catmullrom"
						},
						"0.1": {
							"post": [0.2525, 0, 0],
							"lerp_mode": "catmullrom"
						},
						"0.3": {
							"post": [-1.875, 0, 0],
							"lerp_mode": "catmullrom"
						},
						"0.7": {
							"post": [-2.3775, 0, 0],
							"lerp_mode": "catmullrom"
						},
						"1.05": {
							"post": [-3.8025, 0.9075, 0.02],
							"lerp_mode": "catmullrom"
						},
						"2.2": {
							"post": [-3.25, 0.8125, 0],
							"lerp_mode": "catmullrom"
						},
						"2.5": {
							"post": [0, 4.3125, -1],
							"lerp_mode": "catmullrom"
						},
						"3.0": {
							"post": [-0.0175, 5, -1.14],
							"lerp_mode": "catmullrom"
						},
						"3.25": {
							"post": [3.9875, 4.97, -1.13],
							"lerp_mode": "catmullrom"
						},
						"4.15": {
							"post": [4.125, 4.3175, -1],
							"lerp_mode": "catmullrom"
						},
						"4.4": {
							"post": [0.1825, -0.8675, 0.0625],
							"lerp_mode": "catmullrom"
						},
						"4.6": {
							"post": [0, 0, 0],
							"lerp_mode": "catmullrom"
						}
					}
				}
			},
			"sound_effects": {
				"0.0": {
					"effect": "tacz:m700/m700_inspect_up"
				},
				"2.0": {
					"effect": "tacz:m700/m700_inspect_rotate"
				},
				"3.05": {
					"effect": "tacz:m700/m700_reload_empty_rotate"
				},
				"3.8": {
					"effect": "tacz:m700/m700_inspect_end"
				}
			}
		},
		"inspect": {
			"animation_length": 6.6667,
			"bones": {
				"root": {
					"rotation": {
						"0.0": [0, 0, 0],
						"0.0333": [-2.47, -1.23, -1.92],
						"0.0667": [-6.1, -2.89, -4.56],
						"0.1": [-10.14, -4.93, -7.74],
						"0.1333": [-13.85, -7.26, -11.29],
						"0.1667": [-16.48, -9.82, -15.02],
						"0.2": [-18.36, -15.11, -22.29],
						"0.2333": [-18.63, -21.16, -30.4],
						"0.2667": [-18.41, -26.44, -37.69],
						"0.3": [-18.01, -29.52, -42.4],
						"0.3333": [-17.22, -32.17, -46.79],
						"0.3667": [-16.41, -34.38, -50.44],
						"0.4": [-15.97, -36.09, -52.93],
						"0.4333": [-16.13, -37.16, -53.69],
						"0.4667": [-16.66, -37.65, -53.11],
						"0.5": [-17.19, -37.88, -52.16],
						"0.5333": [-17.37, -38.19, -51.8],
						"0.5667": [-17.01, -38.67, -52.37],
						"0.6": [-16.33, -39.15, -53.33],
						"0.6333": [-15.61, -39.53, -54.33],
						"0.6667": [-15.12, -39.72, -55.04],
						"0.7": [-15.01, -39.7, -55.24],
						"0.7333": [-14.96, -39.59, -55.36],
						"0.7667": [-14.97, -39.42, -55.42],
						"0.8": [-15.01, -39.22, -55.42],
						"0.8333": [-15.07, -39.02, -55.4],
						"0.8667": [-15.12, -38.84, -55.35],
						"0.9": [-15.16, -38.72, -55.3],
						"0.9333": [-15.19, -38.64, -55.28],
						"0.9667": [-15.24, -38.58, -55.28],
						"1.0": [-15.29, -38.53, -55.27],
						"1.0333": [-15.35, -38.5, -55.21],
						"1.0667": [-15.39, -38.49, -55.07],
						"1.1": [-15.42, -38.52, -54.81],
						"1.1333": [-15.42, -38.58, -54.4],
						"1.1667": [-15.45, -38.72, -53.44],
						"1.2": [-15.48, -38.91, -52.2],
						"1.2333": [-15.36, -39.26, -50.54],
						"1.2667": [-14.95, -39.87, -48.33],
						"1.3": [-14.34, -40.66, -45.89],
						"1.3333": [-13.52, -41.68, -42.89],
						"1.3667": [-12.57, -42.8, -39.69],
						"1.4": [-11.55, -43.89, -36.65],
						"1.4333": [-10.52, -44.82, -34.16],
						"1.4667": [-9.6, -45.48, -32.53],
						"1.5": [-8.57, -46.1, -31.15],
						"1.5333": [-7.5, -46.67, -29.96],
						"1.5667": [-6.48, -47.17, -28.95],
						"1.6": [-5.56, -47.59, -28.07],
						"1.6333": [-4.83, -47.91, -27.3],
						"1.6667": [-4.09, -48.16, -26.43],
						"1.7": [-3.65, -48.17, -25.93],
						"1.7333": [-3.37, -48.08, -25.61],
						"1.7667": [-3.13, -48.01, -25.32],
						"1.8": [-3.01, -48, -25.17],
						"1.8333": [-2.93, -47.97, -25.06],
						"1.8667": [-2.88, -47.93, -24.98],
						"1.9": [-2.84, -47.88, -24.91],
						"1.9333": [-2.8, -47.84, -24.85],
						"1.9667": [-2.77, -47.8, -24.77],
						"2.0": [-2.73, -47.78, -24.67],
						"2.0333": [-2.67, -47.77, -24.54],
						"2.0667": [-2.61, -47.75, -24.42],
						"2.1": [-2.58, -47.71, -24.36],
						"2.1333": [-2.55, -47.66, -24.31],
						"2.1667": [-2.51, -47.62, -24.23],
						"2.2": [-2.45, -47.62, -24.08],
						"2.2333": [-2.36, -47.68, -23.82],
						"2.2667": [-2.21, -47.81, -23.41],
						"2.3": [-1.99, -48.04, -22.81],
						"2.3333": [-1.63, -48.45, -21.77],
						"2.3667": [-1.16, -49.01, -20.39],
						"2.4": [-0.63, -49.67, -18.79],
						"2.4333": [-0.06, -50.37, -17.13],
						"2.4667": [0.5, -51.08, -15.53],
						"2.5": [1.02, -51.73, -14.15],
						"2.5333": [1.45, -52.28, -13.1],
						"2.5667": [2.27, -53.32, -11.85],
						"2.6": [2.92, -54.16, -11.47],
						"2.6333": [3.34, -54.83, -11.29],
						"2.6667": [3.42, -54.99, -11.23],
						"2.7": [3.49, -55.14, -11.2],
						"2.7333": [3.56, -55.3, -11.18],
						"2.7667": [3.63, -55.45, -11.19],
						"2.8": [3.68, -55.59, -11.2],
						"2.8333": [3.71, -55.71, -11.22],
						"2.8667": [3.71, -55.81, -11.25],
						"2.9": [3.69, -55.89, -11.27],
						"2.9333": [3.63, -55.93, -11.29],
						"2.9667": [3.53, -55.94, -11.3],
						"3.0": [3.39, -55.91, -11.3],
						"3.0333": [3.21, -55.82, -11.27],
						"3.0667": [2.1, -55.55, -11.08],
						"3.1": [0.46, -54.77, -10.8],
						"3.1333": [-1.81, -52.26, -10.42],
						"3.1667": [-4, -48.67, -9.82],
						"3.2": [-6.56, -43.92, -9.01],
						"3.2333": [-9.43, -38.56, -8.46],
						"3.2667": [-12.55, -33.12, -8.68],
						"3.3": [-14.95, -29.23, -9.49],
						"3.3333": [-17.73, -24.84, -10.75],
						"3.3667": [-20.62, -20.35, -12.28],
						"3.5": {
							"pre": [-20.42956, -6.23658, -12.98403],
							"post": [-20.42956, -6.23658, -12.98403],
							"lerp_mode": "catmullrom"
						},
						"3.6": {
							"post": [-18.68946, 1.68937, -5.02632],
							"lerp_mode": "catmullrom"
						},
						"3.7667": {
							"post": [-22.25688, 8.10056, 16.60226],
							"lerp_mode": "catmullrom"
						},
						"3.9333": {
							"post": [-34.54101, -4.5703, 11.28044],
							"lerp_mode": "catmullrom"
						},
						"4.1": {
							"post": [-35.8875, -4.1975, 9.56],
							"lerp_mode": "catmullrom"
						},
						"4.3": {
							"post": [-40.97, -2.6375, 15.8725],
							"lerp_mode": "catmullrom"
						},
						"4.4": {
							"post": [-43.27, -3.7575, 11.8325],
							"lerp_mode": "catmullrom"
						},
						"4.5": [-43.18, -4.3175, 12.7125],
						"4.7": {
							"pre": [-43.06486, -4.67188, 12.14238],
							"post": [-43.06486, -4.67188, 12.14238],
							"lerp_mode": "catmullrom"
						},
						"4.8667": {
							"post": [-42.1825, -5.2625, 11.9875],
							"lerp_mode": "catmullrom"
						},
						"5.0": {
							"post": [-43.0825, -5.7125, 11.3275],
							"lerp_mode": "catmullrom"
						},
						"5.2333": [-37.1125, -12.4925, 9.3675],
						"5.5667": {
							"pre": [-33.4325, -6.975, 28.2075],
							"post": [-33.4325, -6.975, 28.2075],
							"lerp_mode": "catmullrom"
						},
						"5.7667": [-18.61, 7.27, 19.8575],
						"5.8": [-17.84, 7.25, 19.505],
						"6.0": {
							"pre": [-4.16, -0.76, -0.65],
							"post": [-4.16, -0.76, -0.65],
							"lerp_mode": "catmullrom"
						},
						"6.1333": {
							"post": [-2.73, 2.3, -3.76],
							"lerp_mode": "catmullrom"
						},
						"6.2667": {
							"post": [0.6, 0.64, 2.28],
							"lerp_mode": "catmullrom"
						},
						"6.3667": [0.26, 0.04, 0.17],
						"6.5333": {
							"pre": [0, 0, 0],
							"post": [0, 0, 0],
							"lerp_mode": "catmullrom"
						}
					},
					"position": {
						"0.0": [0, 0, 0],
						"0.1": {
							"pre": [-0.16, -0.2, -0.56],
							"post": [-0.16, -0.2, -0.56],
							"lerp_mode": "catmullrom"
						},
						"0.2333": {
							"post": [-0.29, 0.67, -1.21],
							"lerp_mode": "catmullrom"
						},
						"0.3667": {
							"post": [-0.5, -1.54, -1.28],
							"lerp_mode": "catmullrom"
						},
						"0.4667": [-0.5, -2.72, -1.45],
						"0.5667": [-0.5, -2.87, -1.49],
						"1.2": {
							"pre": [-0.36, -2.685, -1.49],
							"post": [-0.36, -2.685, -1.49],
							"lerp_mode": "catmullrom"
						},
						"1.4667": {
							"post": [1.23, -1.24, -3.38],
							"lerp_mode": "catmullrom"
						},
						"1.6333": {
							"post": [1.86, -0.29, -3.2475],
							"lerp_mode": "catmullrom"
						},
						"1.6667": [1.91, -0.16, -3.2475],
						"1.7": [1.93, -0.06, -3.2475],
						"1.7333": [1.94, 0.01, -3.2475],
						"1.7667": [1.95, 0.06, -3.2475],
						"1.8": [1.96, 0.09, -3.2575],
						"1.8333": [1.97, 0.1, -3.2575],
						"1.8667": [1.98, 0.11, -3.2575],
						"1.9": [1.98, 0.11, -3.2575],
						"1.9333": [1.99, 0.11, -3.2675],
						"1.9667": [2, 0.12, -3.2675],
						"2.0": [2.01, 0.13, -3.2675],
						"2.0333": [2.01, 0.13, -3.2775],
						"2.0667": [2.02, 0.14, -3.2775],
						"2.1": [2.03, 0.15, -3.2775],
						"2.1333": [2.05, 0.16, -3.2875],
						"2.1667": [2.08, 0.19, -3.2875],
						"2.2": [2.12, 0.23, -3.2875],
						"2.2333": [2.17, 0.27, -3.2875],
						"2.2667": [2.23, 0.33, -3.2975],
						"2.3": [2.32, 0.41, -3.3075],
						"2.3333": [2.45, 0.5, -3.3175],
						"2.3667": [2.61, 0.61, -3.3475],
						"2.4": [2.82, 0.74, -3.3775],
						"2.4333": [3.04, 0.88, -3.4175],
						"2.4667": [3.27, 1.02, -3.4575],
						"2.5": [3.48, 1.15, -3.4875],
						"2.5333": [3.64, 1.26, -3.4975],
						"2.5667": [3.81, 1.39, -3.4975],
						"2.6": [3.92, 1.51, -3.4775],
						"2.6333": [3.99, 1.59, -3.4475],
						"2.6667": [4.04, 1.66, -3.4275],
						"2.7": [4.06, 1.68, -3.4275],
						"2.7333": [4.07, 1.69, -3.4275],
						"2.7667": [4.09, 1.71, -3.4375],
						"2.8": [4.09, 1.72, -3.4375],
						"2.8333": [4.1, 1.72, -3.4375],
						"2.8667": [4.1, 1.73, -3.4475],
						"2.9": [4.09, 1.73, -3.4475],
						"2.9333": [4.09, 1.72, -3.4575],
						"3.1": [4.01, 1.62, -3.4475],
						"3.3667": {
							"pre": [0.44, -0.09, -3.2175],
							"post": [0.44, -0.09, -3.2175],
							"lerp_mode": "catmullrom"
						},
						"3.5": {
							"post": [-0.62, -1.9475, -2.71],
							"lerp_mode": "catmullrom"
						},
						"3.6667": {
							"post": [-0.66, -2.5375, -2.5375],
							"lerp_mode": "catmullrom"
						},
						"3.8": {
							"post": [-0.55, -2.2925, -2.7375],
							"lerp_mode": "catmullrom"
						},
						"3.9333": {
							"post": [-0.22, -2.545, -3.1675],
							"lerp_mode": "catmullrom"
						},
						"4.0333": {
							"post": [-0.13, -2.7225, -3.1375],
							"lerp_mode": "catmullrom"
						},
						"4.1667": {
							"post": [-0.1, -2.8625, -3.1775],
							"lerp_mode": "catmullrom"
						},
						"4.2333": {
							"post": [-0.09, -2.8925, -3.2575],
							"lerp_mode": "catmullrom"
						},
						"4.3333": {
							"post": [-0.06, -2.5125, -3.4475],
							"lerp_mode": "catmullrom"
						},
						"4.5333": {
							"post": [-0.06, -2.4825, -3.3875],
							"lerp_mode": "catmullrom"
						},
						"4.6": {
							"post": [-0.05, -2.8625, -3.4375],
							"lerp_mode": "catmullrom"
						},
						"4.6667": [-0.06, -2.9325, -3.3675],
						"4.7667": [-0.15, -2.88, -3.4975],
						"5.1667": [-0.18, -2.93, -3.5675],
						"5.3333": {
							"pre": [-0.33, -3.54, -3.8275],
							"post": [-0.33, -3.54, -3.8275],
							"lerp_mode": "catmullrom"
						},
						"5.4": {
							"post": [-0.33, -3.3825, -3.6075],
							"lerp_mode": "catmullrom"
						},
						"5.5": [-0.31, -3.27, -3.3575],
						"5.5667": [-0.31, -3.29, -3.4575],
						"5.7": {
							"pre": [-0.31, -2.225, -3.61],
							"post": [-0.31, -2.225, -3.61],
							"lerp_mode": "catmullrom"
						},
						"5.8333": {
							"post": [-0.15, -1.18, -3.4475],
							"lerp_mode": "catmullrom"
						},
						"6.0": {
							"post": [-0.05, -1.14, -2.4475],
							"lerp_mode": "catmullrom"
						},
						"6.1667": {
							"post": [0, -0.35, -0.155],
							"lerp_mode": "catmullrom"
						},
						"6.2667": {
							"post": [0, 0, 0.5],
							"lerp_mode": "catmullrom"
						},
						"6.3333": [0, 0.02, 0.15],
						"6.3667": [0, 0, -0.11],
						"6.4": [0, 0, -0.12],
						"6.4333": [0, 0, -0.08],
						"6.4667": [0, 0, -0.01],
						"6.5": [0, 0, 0.03],
						"6.5333": [0, 0, 0.03],
						"6.5667": [0, 0, 0.02],
						"6.6": [0, 0, 0.01],
						"6.6333": [0, 0, 0]
					}
				},
				"righthand": {
					"rotation": {
						"0.0": [89.66973, 17.81639, -177.10292],
						"0.5667": [89.66973, 17.81639, -177.10292],
						"3.5": [89.66973, 17.81639, -177.10292],
						"3.6": [89.67, 17.82, -177.1],
						"3.9": [89.66973, 17.81639, -177.10292],
						"4.0667": [84.5248, 13.60449, -184.84347],
						"4.2": [136.08004, 18.37579, -163.04352],
						"4.3": [136.08004, 18.37579, -163.04352],
						"4.4": [155.00518, -5.97739, -136.08925],
						"4.6": [154.76356, 4.77376, -113.48451],
						"4.7": [139.76356, 4.77376, -113.48451],
						"5.1667": [139.76356, 4.77376, -113.48451],
						"5.2667": [139.76356, 4.77376, -113.48451],
						"5.3667": [139.76356, 4.77376, -113.48451],
						"5.4333": [155.00518, -5.97739, -136.08925],
						"5.6333": [136.08004, 18.37579, -163.04352],
						"5.7667": [94.32042, 14.82957, -180.27955],
						"5.9667": [89.32102, 14.82897, -180.27891],
						"6.1333": [89.66973, 17.81639, -177.10292]
					},
					"position": {
						"0.0": [-6.75, -14.95, 8.875],
						"0.5667": [-6.75, -14.95, 8.875],
						"3.5": [-6.75, -14.95, 8.875],
						"3.6": [-6.75, -14.95, 8.88],
						"3.9": [-6.75, -14.95, 8.875],
						"4.0667": [-9.22, -12.5, 7.23],
						"4.2": [-9.77, -11.55, 4.85],
						"4.3": [-9.77, -11.55, 4.85],
						"4.4": [-7.94, -9.13, 3.85],
						"4.6": [-7.81, -9.56, 6.04],
						"4.7": [-7.81, -9.56, 6.54],
						"5.1667": [-7.81, -9.56, 6.54],
						"5.2667": [-7.81, -9.56, 5.665],
						"5.3667": [-8.31, -8.56, 3.79],
						"5.4333": [-9.94, -10.63, 3.85],
						"5.6333": [-9.77, -12.55, 3.85],
						"5.8333": [-7.51, -13.185, 8.165],
						"5.9667": [-6.725, -15.05, 8.35],
						"6.1333": [-6.75, -14.95, 8.875]
					},
					"scale": {
						"0.0": [1, 1.5, 1],
						"0.5667": [1, 1.5, 1],
						"3.5": [1, 1.5, 1],
						"3.9": [1, 1.5, 1],
						"5.9667": [1, 1.5, 1],
						"6.1333": [1, 1.5, 1]
					}
				},
				"clip": {
					"scale": 0
				},
				"bolt": {
					"position": {
						"0.0": [0, 0, 0],
						"3.5333": [0, 0, 0],
						"3.6": [0, 0, 0],
						"4.4": [0, 0, 0],
						"4.4667": [0, 0, 0],
						"4.6": [0, 0, 2.125],
						"4.7": [0, 0, 2.5],
						"5.1667": [0, 0, 2.5],
						"5.2667": [0, 0, 1.625],
						"5.3667": [0, 0, 0]
					}
				},
				"bone4": {
					"rotation": {
						"0.0": [0, 0, 0],
						"4.3": [0, 0, 0],
						"4.4": [0, 0, 80],
						"5.3667": [0, 0, 80],
						"5.4667": [0, 0, 0]
					}
				},
				"bone7": {
					"position": [0, 0, 0.25]
				},
				"bullet": {
					"scale": 0
				},
				"lefthand": {
					"rotation": {
						"0.0": [84.32406, -25.2908, -129.88433],
						"0.0333": [111.13, -33.71, -178.93],
						"0.0667": [125.31, -38.29, -211.01],
						"0.1": [128.83, -40.18, -213.59],
						"0.1333": [132.36, -42.07, -216.16],
						"0.1667": [135.89, -43.96, -218.73],
						"0.2": [139.42, -45.86, -221.31],
						"0.2333": [139.42, -45.86, -221.31],
						"0.2667": [139.42, -45.86, -221.31],
						"0.3": [139.42, -45.86, -221.31],
						"0.3333": [139.42, -45.86, -221.31],
						"0.3667": [139.42, -45.86, -221.31],
						"0.4": [139.42, -45.86, -221.31],
						"0.4333": [139.42, -45.86, -221.31],
						"0.4667": [139.42, -45.86, -221.31],
						"0.5": [139.42, -45.86, -221.31],
						"0.5333": [139.42, -45.86, -221.31],
						"0.5667": [139.42, -45.86, -221.31],
						"0.6": [139.42, -45.86, -221.31],
						"0.6333": [139.42, -45.86, -221.31],
						"0.6667": [139.42, -45.86, -221.31],
						"0.7": [139.42, -45.86, -221.31],
						"0.7333": [139.42, -45.86, -221.31],
						"0.7667": [139.42, -45.86, -221.31],
						"0.8": [139.42, -45.86, -221.31],
						"0.8333": [139.42, -45.86, -221.31],
						"0.8667": [139.42, -45.86, -221.31],
						"0.9": [139.42, -45.86, -221.31],
						"0.9333": [139.42, -45.86, -221.31],
						"0.9667": [139.42, -45.86, -221.31],
						"1.0": [139.42, -45.86, -221.31],
						"1.0333": [139.42, -45.86, -221.31],
						"1.0667": [139.42, -45.86, -221.31],
						"1.1": [139.42, -45.86, -221.31],
						"1.1333": [139.42, -45.86, -221.31],
						"1.1667": [139.42, -45.86, -221.31],
						"1.2": [134.08, -47.3, -211.34],
						"1.2333": [128.74, -48.74, -201.38],
						"1.2667": [123.41, -50.18, -191.42],
						"1.3": [118.07, -51.62, -181.46],
						"1.3333": [112.73, -53.06, -171.5],
						"1.3667": [107.39, -54.5, -161.54],
						"1.4": [102.05, -55.95, -151.57],
						"1.4333": [112.21, -63.17, -156.21],
						"1.4667": [122.38, -70.39, -160.84],
						"1.5": [114.20221, -65.93055, -154.72862],
						"3.3": [114.20221, -65.93055, -154.72862],
						"3.4667": [98.44, -50.16, -125.72],
						"3.7333": [98.44, -50.16, -125.72],
						"3.9333": [84.32406, -25.2908, -129.88433]
					},
					"position": {
						"0.0": [7.4, -15.02, -4.22],
						"0.0667": [9.13, -15.4075, -4.29],
						"0.1667": {
							"pre": [10.79, -17.76, -1.2],
							"post": [10.79, -17.76, -1.2],
							"lerp_mode": "catmullrom"
						},
						"0.3667": [5.01, -22.55, 2.17],
						"0.4": [5.01, -22.55, 2.17],
						"0.4333": [5.01, -22.55, 2.17],
						"0.4667": [5.01, -22.55, 2.17],
						"0.5": [5.01, -22.55, 2.17],
						"0.5333": [5.01, -22.55, 2.17],
						"0.5667": [5.01, -22.55, 2.17],
						"0.6": [5.01, -22.55, 2.17],
						"0.6333": [5.01, -22.55, 2.17],
						"0.6667": [5.01, -22.55, 2.17],
						"0.7": [5.01, -22.55, 2.17],
						"0.7333": [5.01, -22.55, 2.17],
						"0.7667": [5.01, -22.55, 2.17],
						"0.8": [5.01, -22.55, 2.17],
						"0.8333": [5.01, -22.55, 2.17],
						"0.8667": [5.01, -22.55, 2.17],
						"0.9": [5.01, -22.55, 2.17],
						"0.9333": [5.01, -22.55, 2.17],
						"0.9667": [5.01, -22.55, 2.17],
						"1.0": [5.01, -22.55, 2.17],
						"1.0333": [5.01, -22.55, 2.17],
						"1.0667": [5.01, -22.55, 2.17],
						"1.1": [5.01, -22.55, 2.17],
						"1.1333": [5.01, -22.55, 2.17],
						"1.1667": [5.01, -22.55, 2.17],
						"1.3": [6.25, -17.77, 1.08],
						"1.5": [6.89, -13.99, -1.52],
						"3.3": [6.89, -13.99, -1.52],
						"3.4667": [7.22, -14.44, -1.37],
						"3.7333": [7.22, -14.44, -1.37],
						"3.9333": [7.4, -15.02, -4.22]
					},
					"scale": {
						"0.0": [1, 1.5, 1],
						"3.9333": [1, 1.5, 1]
					}
				},
				"camera": {
					"rotation": {
						"0.0": [0, 0, 0],
						"0.0333": [0.05, 0.02, -0.03],
						"0.0667": [0.11, 0.05, -0.07],
						"0.1": [0.22, 0.08, -0.11],
						"0.1333": [0.42, 0.12, -0.16],
						"0.1667": [0.68, 0.15, -0.21],
						"0.2": [1.01, 0.18, -0.26],
						"0.2333": [1.38, 0.22, -0.31],
						"0.2667": [1.72, 0.25, -0.36],
						"0.3": [2, 0.28, -0.37],
						"0.3333": [2.26, 0.3, -0.34],
						"0.3667": [2.47, 0.31, -0.27],
						"0.4": [2.62, 0.32, -0.21],
						"0.4333": [2.7, 0.33, -0.2],
						"0.4667": [2.68, 0.34, -0.29],
						"0.5": [2.57, 0.35, -0.44],
						"0.5333": [2.44, 0.36, -0.6],
						"0.5667": [2.35, 0.37, -0.69],
						"0.6": [2.3, 0.38, -0.71],
						"0.6333": [2.25, 0.38, -0.69],
						"0.6667": [2.22, 0.39, -0.64],
						"0.7": [2.21, 0.4, -0.6],
						"0.7333": [2.23, 0.4, -0.57],
						"0.7667": [2.25, 0.4, -0.57],
						"0.8": [2.28, 0.4, -0.57],
						"0.8333": [2.31, 0.4, -0.57],
						"0.8667": [2.35, 0.4, -0.57],
						"0.9": [2.4, 0.4, -0.58],
						"0.9333": [2.45, 0.4, -0.58],
						"0.9667": [2.5, 0.4, -0.58],
						"1.0": [2.56, 0.4, -0.59],
						"1.0333": [2.62, 0.4, -0.59],
						"1.0667": [2.69, 0.4, -0.58],
						"1.1": [2.76, 0.4, -0.57],
						"1.1333": [2.84, 0.4, -0.56],
						"1.1667": [2.94, 0.4, -0.55],
						"1.2": [3.05, 0.39, -0.53],
						"1.2333": [3.16, 0.39, -0.51],
						"1.2667": [3.28, 0.39, -0.49],
						"1.3": [3.39, 0.39, -0.46],
						"1.3333": [3.51, 0.38, -0.44],
						"1.3667": [3.61, 0.38, -0.42],
						"1.4": [3.7, 0.38, -0.4],
						"1.4333": [3.78, 0.38, -0.37],
						"1.4667": [3.95, 0.37, -0.3],
						"1.5": [4.05, 0.37, -0.23],
						"1.5333": [4.09, 0.36, -0.19],
						"1.5667": [4.08, 0.35, -0.21],
						"1.6": [4.03, 0.32, -0.24],
						"1.6333": [3.97, 0.3, -0.28],
						"1.6667": [3.91, 0.28, -0.33],
						"1.7": [3.87, 0.27, -0.37],
						"1.7333": [3.85, 0.28, -0.39],
						"1.7667": [3.84, 0.28, -0.4],
						"1.8": [3.84, 0.27, -0.41],
						"1.8333": [3.84, 0.25, -0.42],
						"1.8667": [3.84, 0.23, -0.43],
						"1.9": [3.84, 0.2, -0.44],
						"1.9333": [3.84, 0.18, -0.45],
						"1.9667": [3.85, 0.16, -0.46],
						"2.0": [3.86, 0.15, -0.46],
						"2.0333": [3.87, 0.15, -0.47],
						"2.0667": [3.89, 0.16, -0.46],
						"2.1": [3.91, 0.2, -0.46],
						"2.1333": [3.94, 0.25, -0.45],
						"2.1667": [3.98, 0.33, -0.43],
						"2.2": [4.02, 0.44, -0.41],
						"2.2333": [4.07, 0.57, -0.37],
						"2.2667": [4.15, 0.81, -0.32],
						"2.3": [4.25, 1.11, -0.25],
						"2.3333": [4.37, 1.47, -0.17],
						"2.3667": [4.5, 1.87, -0.08],
						"2.4": [4.64, 2.29, 0.02],
						"2.4333": [4.78, 2.74, 0.13],
						"2.4667": [4.93, 3.18, 0.23],
						"2.5": [5.07, 3.61, 0.34],
						"2.5333": [5.2, 4.01, 0.44],
						"2.5667": [5.31, 4.37, 0.53],
						"2.6": [5.42, 4.68, 0.61],
						"2.6333": [5.5, 4.93, 0.68],
						"2.6667": [5.55, 5.09, 0.73],
						"2.7": [5.61, 5.23, 0.78],
						"2.7333": [5.66, 5.36, 0.82],
						"2.7667": [5.7, 5.46, 0.87],
						"2.8": [5.74, 5.54, 0.91],
						"2.8333": [5.78, 5.61, 0.95],
						"2.8667": [5.8, 5.65, 0.99],
						"2.9": [5.82, 5.68, 1.02],
						"2.9333": [5.83, 5.69, 1.04],
						"2.9667": [5.83, 5.68, 1.06],
						"3.0": [5.81, 5.65, 1.07],
						"3.0333": [5.78, 5.6, 1.07],
						"3.0667": [5.74, 5.53, 1.07],
						"3.1": [5.69, 5.45, 1.05],
						"3.3": {
							"pre": [4.85, 3.11, 0.39],
							"post": [4.85, 3.11, 0.39],
							"lerp_mode": "catmullrom"
						},
						"3.4667": {
							"post": [4.25, 2.1225, -0.16],
							"lerp_mode": "catmullrom"
						},
						"3.5667": {
							"post": [4.73, 2.005, -0.4475],
							"lerp_mode": "catmullrom"
						},
						"3.7": [4.34, 2.52, -0.57],
						"3.9667": {
							"pre": [3.3825, 2.82, 0.5],
							"post": [3.3825, 2.82, 0.5],
							"lerp_mode": "catmullrom"
						},
						"4.1667": [2.7375, 2.96, 0.66],
						"4.3333": {
							"pre": [2.9525, 2.97, 1.0025],
							"post": [2.9525, 2.97, 1.0025],
							"lerp_mode": "catmullrom"
						},
						"4.4667": {
							"post": [4.115, 2.96, 0.9975],
							"lerp_mode": "catmullrom"
						},
						"4.5667": {
							"post": [4.745, 2.97, 0.84],
							"lerp_mode": "catmullrom"
						},
						"4.8": [3.58, 2.91, 0.83],
						"4.9": [3.54, 2.85, 0.98],
						"5.0333": {
							"pre": [3.19, 2.64, 0.7575],
							"post": [3.19, 2.64, 0.7575],
							"lerp_mode": "catmullrom"
						},
						"5.1667": [2.45, 2.34, 0.9125],
						"5.3333": [2.01, 2, 0.9],
						"5.3667": [2.02, 1.96, 0.88],
						"5.4": [2.04, 1.92, 0.86],
						"5.4333": [2.07, 1.87, 0.84],
						"5.4667": [2.1, 1.82, 0.83],
						"5.5": [2.15, 1.77, 0.83],
						"5.5333": [2.21, 1.72, 0.83],
						"5.5667": [2.27, 1.67, 0.86],
						"5.6": [2.34, 1.63, 0.9],
						"5.6333": [2.41, 1.6, 0.96],
						"5.7667": {
							"pre": [2.06, 1.23, 1.2675],
							"post": [2.06, 1.23, 1.2675],
							"lerp_mode": "catmullrom"
						},
						"5.9": [1.29, 0.68, 1.35],
						"5.9333": [1.08, 0.54, 1.28],
						"5.9667": [0.79, 0.38, 0.99],
						"6.0": [0.5, 0.24, 0.64],
						"6.0333": [0.28, 0.13, 0.35],
						"6.0667": [0.16, 0.08, 0.21],
						"6.1": [0.06, 0.05, 0.07],
						"6.1333": [-0.02, 0.03, -0.06],
						"6.1667": [-0.09, 0.01, -0.17],
						"6.2": [-0.12, 0.01, -0.24],
						"6.2333": [-0.12, 0, -0.28],
						"6.2667": [0.03, 0, -0.15],
						"6.3": [0.3, 0.03, 0.1],
						"6.3333": [0.44, 0.04, 0.25],
						"6.3667": [0.38, 0.04, 0.21],
						"6.4": [0.22, 0.03, 0.1],
						"6.4333": [0.05, 0.03, -0.02],
						"6.4667": [-0.06, 0.02, -0.09],
						"6.5": [-0.09, 0.02, -0.1],
						"6.5333": [-0.08, 0.01, -0.09],
						"6.5667": [-0.06, 0.01, -0.07],
						"6.6": [-0.04, 0.01, -0.04],
						"6.6333": [-0.01, 0, -0.02],
						"6.6667": [0, 0, 0]
					}
				}
			},
			"sound_effects": {
				"4.3": {
					"effect": "wyyc1991:53q/53q_reload_bolt"
				},
				"5.2667": {
					"effect": "wyyc1991:53q/53q_reload_bolt3"
				}
			}
		},
		"111reload_loop111": {
			"loop": true,
			"animation_length": 1,
			"bones": {
				"root": {
					"rotation": {
						"0.0": [-24.57, -49.58, 14.75],
						"0.0417": [-24.57, -49.58, 14.75],
						"0.0833": {
							"pre": [-25.37, -50.70521, 15.0575],
							"post": [-25.37, -50.70521, 15.0575],
							"lerp_mode": "catmullrom"
						},
						"0.2292": {
							"post": [-26.66137, -50.70521, 19.69984],
							"lerp_mode": "catmullrom"
						},
						"0.3125": {
							"post": [-15, -47.35055, 11.5752],
							"lerp_mode": "catmullrom"
						},
						"0.4375": {
							"post": [-13, -48.19761, 11.7941],
							"lerp_mode": "catmullrom"
						},
						"0.6042": {
							"post": [-26, -51, 16],
							"lerp_mode": "catmullrom"
						},
						"0.7292": {
							"post": [-29.245, -50.70521, 15.0575],
							"lerp_mode": "catmullrom"
						},
						"0.8125": {
							"post": [-28.05, -49.94, 14.8],
							"lerp_mode": "catmullrom"
						},
						"1.0": {
							"post": [-24.57, -49.58, 14.75],
							"lerp_mode": "catmullrom"
						}
					},
					"position": {
						"0.0": [3.77, -2.46, -2.72],
						"0.0417": [3.77, -2.46, -2.72],
						"0.2292": {
							"pre": [3.625, -2.125, -2.6875],
							"post": [3.625, -2.125, -2.6875],
							"lerp_mode": "catmullrom"
						},
						"0.3125": {
							"post": [3.0875, -2.3, -2.175],
							"lerp_mode": "catmullrom"
						},
						"0.4375": {
							"post": [3.025, -2.3375, -2.175],
							"lerp_mode": "catmullrom"
						},
						"0.6042": {
							"post": [3.625, -2.125, -2.6875],
							"lerp_mode": "catmullrom"
						},
						"0.8333": {
							"post": [3.76, -2.38, -2.73],
							"lerp_mode": "catmullrom"
						},
						"1.0": {
							"post": [3.77, -2.46, -2.72],
							"lerp_mode": "catmullrom"
						}
					}
				},
				"righthand": {
					"rotation": {
						"0.0": [116.61718, 19.32954, -174.51171],
						"0.2917": {
							"pre": [116.18, 23.82, -161.67],
							"post": [116.18, 23.82, -161.67],
							"lerp_mode": "catmullrom"
						},
						"0.4167": {
							"post": [115.41135, 11.51584, -133.40809],
							"lerp_mode": "catmullrom"
						},
						"0.5625": {
							"post": [115.41135, 11.51584, -133.40809],
							"lerp_mode": "catmullrom"
						},
						"0.6667": {
							"post": [110.92704, 24.52507, -177.1055],
							"lerp_mode": "catmullrom"
						},
						"0.8333": {
							"post": [116.61718, 19.32954, -174.51171],
							"lerp_mode": "catmullrom"
						},
						"1.0": [116.61718, 19.32954, -174.51171]
					},
					"position": {
						"0.0": [-10.125, -11.75, 15.925],
						"0.0833": {
							"pre": [-11.34, -11.74, 8.23],
							"post": [-11.34, -11.74, 8.23],
							"lerp_mode": "catmullrom"
						},
						"0.1875": {
							"post": [-9.81, -11.84, 4.49],
							"lerp_mode": "catmullrom"
						},
						"0.2917": {
							"post": [-8.46, -12.04, 3.7],
							"lerp_mode": "catmullrom"
						},
						"0.4167": {
							"post": [-8.64, -11.31, 4.11],
							"lerp_mode": "catmullrom"
						},
						"0.5625": {
							"post": [-8.64, -10.81, 4.11],
							"lerp_mode": "catmullrom"
						},
						"0.6667": {
							"post": [-9.77, -10.67, 5.98],
							"lerp_mode": "catmullrom"
						},
						"0.8333": {
							"post": [-10.125, -11.75, 15.925],
							"lerp_mode": "catmullrom"
						},
						"1.0": [-10.125, -11.75, 15.925]
					}
				},
				"clip": {
					"scale": 0
				},
				"ammo1": {
					"rotation": [0, 0, 0],
					"position": {
						"0.0": [0, 0, 0],
						"0.2917": [0, 0, 0],
						"0.3542": [0, -0.125, 0],
						"0.4792": [0, -0.375, 0],
						"0.5417": [0, -0.37, 0],
						"0.7292": {
							"pre": [0, -0.37, 0],
							"post": [0, 0, 0]
						}
					}
				},
				"bolt": {
					"rotation": [0, 0, 0],
					"position": [0, 0, 4.5]
				},
				"bone4": {
					"rotation": [0, 0, 85],
					"position": [0, 0, 0]
				},
				"bullet": {
					"scale": 0
				},
				"bullet2": {
					"rotation": {
						"0.0": [-34.41, -5.42, 39],
						"0.0625": [-15.72989, -0.52154, 36],
						"0.2917": [-7.5, 0, 0],
						"0.3542": [0, 0, 0],
						"0.4375": [0, 0, 0],
						"0.4792": [0, 0, 0],
						"0.625": [0, 0, 0],
						"0.7292": [0, 0, 0]
					},
					"position": {
						"0.0": [-1.52, 1.03, 9.7025],
						"0.0625": [-2.63, 1.355, 5.9],
						"0.2083": [-1.21, 0.38, -0.6],
						"0.2917": [0, 0.22, 0],
						"0.3542": [0, 0.1575, 0],
						"0.4375": [0, -0.2175, 0],
						"0.4792": [0, -0.4675, -0.1875],
						"0.625": [0, -0.31, -0.375],
						"0.7292": [0, -0.31, -0.37],
						"1.0": {
							"pre": [0, -0.31, -0.37],
							"post": [-1.52, 1.03, 9.7025]
						}
					},
					"scale": {
						"0.0": [1, 1, 1],
						"0.7292": {
							"pre": [1, 1, 1],
							"post": [0, 0, 0]
						}
					}
				},
				"lefthand": {
					"rotation": [89.60558, -67.49802, -123.26718],
					"position": [6.9, -12.77, -0.72],
					"scale": [1, 1.5, 1]
				},
				"camera": {
					"rotation": {
						"0.0": [0, 0, 0],
						"0.1042": {
							"pre": [0, 0, 0],
							"post": [0, 0, 0],
							"lerp_mode": "catmullrom"
						},
						"0.25": {
							"post": [0, 0, 0],
							"lerp_mode": "catmullrom"
						},
						"0.3125": {
							"post": [0.2, 0, 0],
							"lerp_mode": "catmullrom"
						},
						"0.375": {
							"post": [0.5, 0, -0.25],
							"lerp_mode": "catmullrom"
						},
						"0.4583": {
							"post": [0.485, 0, 0.06],
							"lerp_mode": "catmullrom"
						},
						"0.6042": {
							"post": [0.25, 0, 0],
							"lerp_mode": "catmullrom"
						},
						"0.7292": {
							"post": [0, 0, 0],
							"lerp_mode": "catmullrom"
						}
					}
				},
				"constraint": {
					"rotation": {
						"0.0": [0.2, 0.2, 0.2],
						"1.0": [0.2, 0.2, 0.2]
					},
					"position": {
						"0.0": [0.2, 0.2, 0.2],
						"1.0": [0.2, 0.2, 0.2]
					}
				}
			},
			"sound_effects": {
				"0.2708": {
					"effect": "wyyc1991:53q/53q_reload"
				}
			}
		},
		"111reload_start1111": {
			"loop": "hold_on_last_frame",
			"animation_length": 1.5208,
			"bones": {
				"righthand": {
					"rotation": {
						"0.0": [89.66973, 17.81639, -177.10292],
						"0.2083": [88.56, 15.37, -185.2],
						"0.5": [111.94, 18.36, -212.37],
						"0.6667": [120.62618, 32.1804, -210.39284],
						"0.8333": [115.59431, 39.61488, -199.49055],
						"0.9167": [100.10139, 67.28445, -213.8211],
						"0.9583": [100.72077, 62.19806, -205.24514],
						"1.0833": [100.72077, 62.19806, -205.24514],
						"1.1458": [96.33505, 46.78051, -173.21371],
						"1.25": {
							"pre": [96.33505, 46.78051, -173.21371],
							"post": [96.33505, 46.78051, -173.21371],
							"lerp_mode": "catmullrom"
						},
						"1.5208": [116.61718, 19.32954, -174.51171]
					},
					"position": {
						"0.0": [-6.75, -14.95, 8.875],
						"0.125": [-6.97, -15.29, 6.16],
						"0.2083": [-7.72, -14.92, 6.07],
						"0.2917": [-10.27, -13.65, 5.75],
						"0.3333": [-10.7, -13.44, 5.7],
						"0.5": [-9.91, -12.15, 5.38],
						"0.6667": [-10.47, -11.55, 4.73],
						"0.8333": [-8.47, -8.55, 5.23],
						"0.9167": [-8.47, -9.05, 3.98],
						"0.9583": [-8.36, -8.65, 8.51],
						"1.0833": [-7.985, -8.65, 8.8225],
						"1.1458": [-9.64, -14.56, 10.36],
						"1.25": {
							"pre": [-9.64, -14.56, 10.36],
							"post": [-9.64, -14.56, 10.36],
							"lerp_mode": "catmullrom"
						},
						"1.5208": [-10.125, -11.75, 15.925]
					},
					"scale": [1, 1.5, 1]
				},
				"bone7": {
					"position": [0, 0, 0.25]
				},
				"lefthand": {
					"rotation": {
						"0.0": [84.32406, -25.2908, -129.88433],
						"0.25": [84.32406, -25.2908, -129.88433],
						"0.375": [72.8292, -64.90309, -121.26419],
						"0.5417": [70.01644, -69.76499, -118.21886],
						"0.9792": [70.01644, -69.76499, -118.21886],
						"1.1042": [89.60558, -67.49802, -123.26718],
						"1.5208": [89.60558, -67.49802, -123.26718]
					},
					"position": {
						"0.0": [7.4, -15.02, -4.22],
						"0.25": [7.4, -15.02, -4.22],
						"0.375": [6.9, -13.27, 0.78],
						"0.5417": [6.15, -12.77, 1.28],
						"0.9792": [6.15, -12.77, 1.28],
						"1.1042": [6.9, -12.77, -0.72],
						"1.5208": [6.9, -12.77, -0.72]
					},
					"scale": {
						"0.0": [1, 1.5, 1],
						"0.25": [1, 1.5, 1],
						"1.5208": [1, 1.5, 1]
					}
				},
				"root": {
					"rotation": {
						"0.0": {
							"post": [0, 0, 0],
							"lerp_mode": "catmullrom"
						},
						"0.125": {
							"post": [5.39878, -1.09904, 1.94735],
							"lerp_mode": "catmullrom"
						},
						"0.2083": {
							"post": [6.74489, -0.80734, -3.52802],
							"lerp_mode": "catmullrom"
						},
						"0.2917": {
							"post": [2.03597, -1.03299, -0.0519],
							"lerp_mode": "catmullrom"
						},
						"0.4583": {
							"post": [-1.08797, -4.55851, 1.77022],
							"lerp_mode": "catmullrom"
						},
						"0.5833": {
							"post": [-2.66, -4.835, -0.38],
							"lerp_mode": "catmullrom"
						},
						"0.6667": {
							"post": [-1.19448, -5.16409, -0.65768],
							"lerp_mode": "catmullrom"
						},
						"0.75": {
							"post": [-1.95581, -3.95798, 1.88813],
							"lerp_mode": "catmullrom"
						},
						"0.875": {
							"post": [-3.31914, -3.25486, -0.04082],
							"lerp_mode": "catmullrom"
						},
						"0.9583": [-7.34576, -6.25089, 1.75281],
						"1.0417": {
							"pre": [-7.34576, -6.25089, 1.75281],
							"post": [-7.34576, -6.25089, 1.75281],
							"lerp_mode": "catmullrom"
						},
						"1.1667": {
							"post": [-18.945, -23.79, 6.61],
							"lerp_mode": "catmullrom"
						},
						"1.2708": {
							"post": [-23.66, -37.645, 6.6125],
							"lerp_mode": "catmullrom"
						},
						"1.3542": {
							"post": [-24.67, -45.62, 8.53],
							"lerp_mode": "catmullrom"
						},
						"1.4375": [-24.57, -49.58, 14.75],
						"1.5208": [-24.57, -49.58, 14.75]
					},
					"position": {
						"0.0": {
							"post": [0, 0, 0],
							"lerp_mode": "catmullrom"
						},
						"0.125": {
							"post": [0, -0.4, 0],
							"lerp_mode": "catmullrom"
						},
						"0.2083": {
							"post": [0.18, -0.41, 0.05],
							"lerp_mode": "catmullrom"
						},
						"0.2917": {
							"post": [0, -0.3, -0.1],
							"lerp_mode": "catmullrom"
						},
						"0.4583": {
							"post": [-1.3, -2.4, -1.7],
							"lerp_mode": "catmullrom"
						},
						"0.6667": {
							"post": [-1.3, -2.2, -1.7],
							"lerp_mode": "catmullrom"
						},
						"0.75": {
							"post": [-1.3, -2.1, -1.95],
							"lerp_mode": "catmullrom"
						},
						"0.875": {
							"post": [-1.3, -2.1, -2.7],
							"lerp_mode": "catmullrom"
						},
						"0.9583": [-2.05, -2.8, -1.55],
						"1.0417": {
							"pre": [-2.05, -2.8, -1.55],
							"post": [-2.05, -2.8, -1.55],
							"lerp_mode": "catmullrom"
						},
						"1.1875": {
							"post": [-0.61, -2.81, -1.9975],
							"lerp_mode": "catmullrom"
						},
						"1.2708": {
							"post": [1.2, -2.7225, -2.42],
							"lerp_mode": "catmullrom"
						},
						"1.375": {
							"post": [3.3875, -2.63, -2.71],
							"lerp_mode": "catmullrom"
						},
						"1.4375": [3.77, -2.46, -2.72],
						"1.5208": [3.77, -2.46, -2.72]
					}
				},
				"clip": {
					"scale": 0
				},
				"ammo1": {
					"position": [0, 0, 0]
				},
				"bolt": {
					"rotation": {
						"0.9167": [0, 0, 0],
						"1.0": [0, 0, 0],
						"1.5208": [0, 0, 0]
					},
					"position": {
						"0.9167": [0, 0, 0],
						"0.9583": [0, 0, 4.1125],
						"1.0": [0, 0, 4.5],
						"1.5208": [0, 0, 4.5]
					}
				},
				"bone4": {
					"rotation": {
						"0.6667": [0, 0, 0],
						"0.7083": [0, 0, 6.8575],
						"0.7708": [0, 0, 72.25],
						"0.8125": [0, 0, 80],
						"0.9167": [0, 0, 85],
						"1.5": [0, 0, 85]
					},
					"position": {
						"0.6667": [0, 0, 0],
						"0.8125": [0, 0, 0],
						"0.9167": [0, 0, 0],
						"1.5": [0, 0, 0]
					}
				},
				"bullet": {
					"scale": 0
				},
				"bullet2": {
					"rotation": {
						"1.2708": {
							"pre": [-33.31852, -5.19684, -322.8327],
							"post": [-33.31852, -5.19684, -322.8327],
							"lerp_mode": "catmullrom"
						},
						"1.5208": [-34.41, -5.42, -321.26]
					},
					"position": {
						"1.2708": {
							"pre": [-3.38, -2.77, 5.15],
							"post": [-3.38, -2.77, 5.15],
							"lerp_mode": "catmullrom"
						},
						"1.5208": [-1.52, 1.03, 9.7]
					},
					"scale": {
						"0.0": [0, 0, 0],
						"1.5208": [0, 0, 0]
					}
				},
				"camera": {
					"rotation": {
						"0.0": {
							"post": [0, 0, 0],
							"lerp_mode": "catmullrom"
						},
						"0.2083": {
							"post": [0.2, 0, 0],
							"lerp_mode": "catmullrom"
						},
						"0.4583": {
							"post": [0.3, 0, 0],
							"lerp_mode": "catmullrom"
						},
						"0.7917": {
							"post": [0.2, 0, 0],
							"lerp_mode": "catmullrom"
						},
						"0.9167": {
							"post": [-0.1125, 0, 0.25],
							"lerp_mode": "catmullrom"
						},
						"0.9583": {
							"post": [-0.7575, 0, -0.25],
							"lerp_mode": "catmullrom"
						},
						"1.0417": {
							"post": [-0.3, 0, 0],
							"lerp_mode": "catmullrom"
						},
						"1.1667": {
							"post": [-0.3, 0, 0],
							"lerp_mode": "catmullrom"
						},
						"1.2292": {
							"post": [-0.25, 0, -0.0625],
							"lerp_mode": "catmullrom"
						},
						"1.3125": {
							"post": [-0.425, 0, -0.5],
							"lerp_mode": "catmullrom"
						},
						"1.3958": {
							"post": [0.125, 0, 0.125],
							"lerp_mode": "catmullrom"
						},
						"1.4375": [0.13, 0, 0.14],
						"1.5208": [0.13, 0, 0.14]
					}
				},
				"constraint": {
					"rotation": {
						"0.0": [0.2, 0.2, 0.2],
						"1.5208": [0.2, 0.2, 0.2]
					},
					"position": {
						"0.0": [0.2, 0.2, 0.2],
						"1.5208": [0.2, 0.2, 0.2]
					}
				}
			},
			"sound_effects": {
				"0.7292": {
					"effect": "wyyc1991:53q/53q_reload_bolt"
				}
			}
		}
	}
}