{
	"format_version": "1.8.0",
	"animations": {
		"static_idle": {
			"animation_length": 0.08,
			"bones": {
				"root": {
					"rotation": [0, 0, 0],
					"position": [0, 0, 0]
				},
				"constraint": {
					"rotation": [0.25, 0.5, 0.5],
					"position": [0.25, 0.35, 0.35]
				},
				"righthand": {
					"rotation": [93.94813, 362.17452, -175.99563],
					"position": [-6.5, -13.08, 6.52],
					"scale": [1, 1.5, 1]
				},
				"lefthand": {
					"rotation": [103.70198, -16.68321, 164.77774],
					"position": [7.75, -13.26, 2.63],
					"scale": 0
				}
			}
		},
		"static_bolt_caught": {
			"animation_length": 0.1,
			"bones": {
				"release": {
					"rotation": [5, 0, 0]
				},
				"group2": {
					"rotation": [-1.25, 0, 0],
					"position": [0, 0.025, 0.225]
				},
				"slide": {
					"position": [0, 0, 2.25]
				},
				"bullet": {
					"scale": 0
				},
				"bullet_in_mag": {
					"scale": 0
				},
				"zt": {
					"rotation": [2.5, 0, 0]
				}
			}
		},
		"shoot": {
			"loop": true,
			"animation_length": 0.6667,
			"bones": {
				"barrel": {
					"rotation": {
						"0.0": [0, 0, 0],
						"0.0417": [-3.005, 0, 0],
						"0.0833": [-3, 0, 0],
						"0.125": [0, 0, 0]
					},
					"position": {
						"0.0": [0, 0, 0],
						"0.0417": [0, -0.125, 0.375],
						"0.0833": [0, -0.125, 0.375],
						"0.125": [0, 0, 0]
					}
				},
				"root": {
					"rotation": {
						"0.0": {
							"post": [0, 0, 0],
							"lerp_mode": "catmullrom"
						},
						"0.0417": {
							"post": [-10, -1.30704, -2],
							"lerp_mode": "catmullrom"
						},
						"0.0833": {
							"post": [-5, 0, 0],
							"lerp_mode": "catmullrom"
						},
						"0.125": {
							"post": [1.71751, -0.98521, -1.02186],
							"lerp_mode": "catmullrom"
						},
						"0.2083": {
							"post": [-1.1, 0.2, 0],
							"lerp_mode": "catmullrom"
						},
						"0.2917": {
							"post": [0.86207, -0.09694, 0.24998],
							"lerp_mode": "catmullrom"
						},
						"0.4167": {
							"post": [0.05, 0.13, 0.1],
							"lerp_mode": "catmullrom"
						},
						"0.5833": {
							"post": [0, 0, 0],
							"lerp_mode": "catmullrom"
						}
					},
					"position": {
						"0.0": {
							"post": [0, 0, 0],
							"lerp_mode": "catmullrom"
						},
						"0.0417": {
							"post": [0, 0.375, 0.6625],
							"lerp_mode": "catmullrom"
						},
						"0.0833": {
							"post": [0, 0.41, 1.1875],
							"lerp_mode": "catmullrom"
						},
						"0.1667": {
							"post": [0, 0.2375, 0.45],
							"lerp_mode": "catmullrom"
						},
						"0.2083": {
							"post": [0, 0, 0.075],
							"lerp_mode": "catmullrom"
						},
						"0.2917": {
							"post": [0, -0.1, 0.075],
							"lerp_mode": "catmullrom"
						},
						"0.375": {
							"post": [0.0125, -0.025, 0.125],
							"lerp_mode": "catmullrom"
						},
						"0.5": {
							"post": [0, -0.005, -0.015],
							"lerp_mode": "catmullrom"
						},
						"0.6667": {
							"post": [0, 0, 0],
							"lerp_mode": "catmullrom"
						}
					}
				},
				"constraint": {
					"rotation": [0.25, 0.5, 0.5],
					"position": [0.25, 0.35, 0.35]
				},
				"slide": {
					"position": {
						"0.0": {
							"post": [0, 0, 0],
							"lerp_mode": "catmullrom"
						},
						"0.0417": [0, 0, 2.25],
						"0.0833": [0, 0, 2.25],
						"0.125": {
							"pre": [0, 0, 0],
							"post": [0, 0, 0],
							"lerp_mode": "catmullrom"
						}
					}
				},
				"hammer": {
					"rotation": {
						"0.0": [65, 0, 0],
						"0.0417": [-13.5, 0, 0],
						"0.0833": [-13.5, 0, 0],
						"0.125": [0, 0, 0]
					}
				},
				"camera": {
					"rotation": {
						"0.0": {
							"post": [0, 0, 0],
							"lerp_mode": "catmullrom"
						},
						"0.0417": {
							"post": [0, 0, -0.7],
							"lerp_mode": "catmullrom"
						},
						"0.0833": {
							"post": [0, 0, 0.6],
							"lerp_mode": "catmullrom"
						},
						"0.125": {
							"post": [0, 0, -0.3],
							"lerp_mode": "catmullrom"
						},
						"0.2083": {
							"post": [0, 0, 0.35],
							"lerp_mode": "catmullrom"
						},
						"0.2917": {
							"post": [0, 0, -0.15],
							"lerp_mode": "catmullrom"
						},
						"0.375": {
							"post": [0, 0, 0],
							"lerp_mode": "catmullrom"
						}
					}
				},
				"bullet": {
					"scale": 0
				}
			}
		},
		"draw": {
			"animation_length": 0.625,
			"bones": {
				"root": {
					"rotation": {
						"0.0": {
							"post": [47.5, -15, 41],
							"lerp_mode": "catmullrom"
						},
						"0.1667": {
							"post": [-6.71308, -22.18904, 36.36928],
							"lerp_mode": "catmullrom"
						},
						"0.25": {
							"post": [-0.06544, -8.37357, 14.75086],
							"lerp_mode": "catmullrom"
						},
						"0.3333": {
							"post": [1.075, -2.1875, 3.75],
							"lerp_mode": "catmullrom"
						},
						"0.4167": {
							"post": [-0.55, 0, 0],
							"lerp_mode": "catmullrom"
						},
						"0.5417": {
							"post": [0, 0, 0],
							"lerp_mode": "catmullrom"
						}
					},
					"position": {
						"0.0": {
							"post": [-4.5, -7.575, 4.05],
							"lerp_mode": "catmullrom"
						},
						"0.0833": {
							"post": [-3.33, -5.685, 3.2375],
							"lerp_mode": "catmullrom"
						},
						"0.25": {
							"post": [-0.45, -0.4125, 0.45],
							"lerp_mode": "catmullrom"
						},
						"0.4583": {
							"post": [0, -0.1625, 0],
							"lerp_mode": "catmullrom"
						},
						"0.625": [0, 0, 0]
					}
				},
				"righthand": {
					"rotation": [93.94813, 362.17452, -175.99563],
					"position": [-6.5, -13.08, 6.52],
					"scale": [1, 1.5, 1]
				},
				"lefthand": {
					"rotation": {
						"0.0": [103.70198, -16.68321, 164.77774],
						"0.3333": [103.70198, -16.68321, 164.77774]
					},
					"position": {
						"0.0": [7.75, -13.26, 2.63],
						"0.0833": {
							"pre": [15.5525, -16.335, 1.895],
							"post": [15.5525, -16.335, 1.895],
							"lerp_mode": "catmullrom"
						},
						"0.2083": {
							"post": [10.5875, -15.41, 1.65],
							"lerp_mode": "catmullrom"
						},
						"0.3333": [7.75, -14.26, 1.63],
						"0.4583": [7.75, -14.26, 1.63]
					},
					"scale": 0
				},
				"camera": {
					"rotation": {
						"0.0": {
							"post": [0, 0, 0],
							"lerp_mode": "catmullrom"
						},
						"0.0833": {
							"post": [0.175, 0.2, 0.35],
							"lerp_mode": "catmullrom"
						},
						"0.2083": {
							"post": [0.8, 0.3, 0.7],
							"lerp_mode": "catmullrom"
						},
						"0.2917": {
							"post": [0.245, 0.305, 0.44],
							"lerp_mode": "catmullrom"
						},
						"0.4167": {
							"post": [0.1, 0.2, 0],
							"lerp_mode": "catmullrom"
						},
						"0.5417": {
							"post": [0, 0, 0],
							"lerp_mode": "catmullrom"
						}
					}
				}
			}
		},
		"put_away": {
			"animation_length": 0.32,
			"bones": {
				"root": {
					"rotation": {
						"0.0": {
							"post": [0, 0, 0],
							"lerp_mode": "catmullrom"
						},
						"0.12": {
							"post": [4.19646, -9.26734, 21.26489],
							"lerp_mode": "catmullrom"
						},
						"0.24": {
							"post": [9.69345, -29.05378, 31.43118],
							"lerp_mode": "catmullrom"
						},
						"0.32": {
							"post": [4.04875, -38.20952, 51.4205],
							"lerp_mode": "catmullrom"
						}
					},
					"position": {
						"0.0": {
							"post": [0, 0, 0],
							"lerp_mode": "catmullrom"
						},
						"0.12": {
							"post": [-0.97, -1.02, 0.04],
							"lerp_mode": "catmullrom"
						},
						"0.24": {
							"post": [-3.27, -4.28, 0.85],
							"lerp_mode": "catmullrom"
						},
						"0.32": {
							"post": [-5.08, -6.34, 2.92],
							"lerp_mode": "catmullrom"
						}
					}
				},
				"righthand": {
					"rotation": [93.94813, 362.17452, -175.99563],
					"position": [-6.5, -13.08, 6.52],
					"scale": [1, 1.5, 1]
				},
				"lefthand": {
					"rotation": {
						"0.0": [103.70198, -16.68321, 164.77774],
						"0.12": {
							"pre": [134.48476, 6.94293, 84.85027],
							"post": [134.48476, 6.94293, 84.85027],
							"lerp_mode": "catmullrom"
						}
					},
					"position": {
						"0.0": [7.75, -13.26, 2.63],
						"0.08": {
							"pre": [11.6875, -14.26, 1.63],
							"post": [11.6875, -14.26, 1.63],
							"lerp_mode": "catmullrom"
						},
						"0.16": {
							"post": [12.75, -15.26, 1.63],
							"lerp_mode": "catmullrom"
						}
					},
					"scale": 0
				},
				"camera": {
					"rotation": {
						"0.0": [0, 0, 0],
						"0.12": {
							"pre": [0.5, 0, -0.53],
							"post": [0.5, 0, -0.53],
							"lerp_mode": "catmullrom"
						},
						"0.32": [0, 0, 0]
					}
				}
			}
		},
		"reload_tactical": {
			"animation_length": 1.875,
			"bones": {
				"group3": {
					"rotation": [9, 0, 0],
					"position": [0, 0.05, 0]
				},
				"barrel2": {
					"rotation": [-2.5, 0, 0],
					"position": [0, 0, 0.325]
				},
				"bullet_in_barrel": {
					"scale": 0
				},
				"root": {
					"rotation": {
						"0.0": [0, 0, 0],
						"0.075": [-8.63, -5.86, -8.92],
						"0.125": [-16.52, -10.27, -14.58],
						"0.2": [-18.16644, -17.39638, -26.2128],
						"0.25": [-27.92846, -10.78213, -12.37893],
						"0.3": [-27.76386, -13.23127, -19.14389],
						"0.35": [-29.61734, -23.38999, -29.44729],
						"0.375": [-33.78304, -20.28402, -24.23156],
						"0.425": [-34.30929, -23.26478, -28.87424],
						"0.5": [-32.1, -23.37, -28.96],
						"0.55": [-32.09, -22.74, -27.83],
						"0.625": [-34.29, -20.76, -24.35],
						"0.675": [-35.16, -19.71, -22.66],
						"0.725": [-36.30667, -18.32128, -20.53627],
						"0.8": [-32.51324, -25.56376, -31.98613],
						"0.875": [-29.47589, -30.0315, -40.50514],
						"1.0": [-30.15125, -31.09899, -42.03057],
						"1.05": [-26.19426, -28.14646, -45.49449],
						"1.1": [-25.27207, -31.61168, -48.3355],
						"1.15": [-24.54723, -35.01834, -51.27315],
						"1.225": [-27.54204, -31.8378, -43.59989],
						"1.25": [-25.68614, -32.83071, -45.85312],
						"1.275": [-24.56791, -32.1887, -44.21666],
						"1.325": [-20.85811, -34.46747, -50.13057],
						"1.35": [-25.41446, -33.14059, -45.50145],
						"1.4": [-25.39385, -33.91599, -47.42592],
						"1.475": [-22.07, -21.48, -33.27],
						"1.575": {
							"pre": [-0.19833, -0.0972, -2.09772],
							"post": [-0.19833, -0.0972, -2.09772],
							"lerp_mode": "catmullrom"
						},
						"1.65": {
							"post": [1.54392, 0.00232, 3.56855],
							"lerp_mode": "catmullrom"
						},
						"1.75": [-0.29816, -0.0281, -2.44081],
						"1.875": [0, 0, 0]
					},
					"position": {
						"0.0": [0, 0, 0],
						"0.1": [-0.94, -0.09, -0.23],
						"0.15": [-1.56, -0.24, -0.41],
						"0.225": [-2.45, -0.5, -0.73],
						"0.3": [-2.28, -1.13, -0.9],
						"0.35": [-3.17, -0.75, -0.75],
						"0.4": [-3.46, 0.44, -0.7],
						"0.5": [-3.58, 0.48, -0.7],
						"0.625": [-3.75, 0.17, -0.7],
						"0.75": [-3.7, 0.4, -0.7],
						"0.875": [-3.41, 0.59, -0.7],
						"0.975": [-3.34, 0.74, -0.7],
						"1.1": {
							"pre": [-3.5, 0.92, -0.7],
							"post": [-3.5, 0.92, -0.7],
							"lerp_mode": "catmullrom"
						},
						"1.175": {
							"post": [-3.4, 0.7, -0.7],
							"lerp_mode": "catmullrom"
						},
						"1.225": {
							"post": [-2.97, -0.38, -0.7],
							"lerp_mode": "catmullrom"
						},
						"1.3": {
							"post": [-3.33, 0.11, -0.7],
							"lerp_mode": "catmullrom"
						},
						"1.325": {
							"post": [-3.35, 0.09, -0.7],
							"lerp_mode": "catmullrom"
						},
						"1.375": {
							"post": [-3.3, 0.21, -0.72],
							"lerp_mode": "catmullrom"
						},
						"1.45": {
							"post": [-3.25, -0.04, -0.76],
							"lerp_mode": "catmullrom"
						},
						"1.55": {
							"post": [-2.45, -0.28, -0.36],
							"lerp_mode": "catmullrom"
						},
						"1.625": {
							"post": [-0.1, -0.48, 0.86],
							"lerp_mode": "catmullrom"
						},
						"1.725": {
							"post": [0, -0.29, -0.2],
							"lerp_mode": "catmullrom"
						},
						"1.85": [0, 0, 0]
					}
				},
				"righthand": {
					"rotation": {
						"0.0": [93.94813, 362.17452, -175.99563],
						"0.075": [95.04779, 358.00318, -180.17844],
						"0.775": [95.04779, 358.00318, -180.17844],
						"0.825": [95.04779, 358.00318, -180.17844],
						"1.4": [95.05, 358, -180.18],
						"1.45": [95.91, 360.15, -179.51],
						"1.5": [97.42, 363.92, -178.33],
						"1.55": [93.94813, 362.17452, -175.99563]
					},
					"position": {
						"0.0": [-6.5, -13.08, 6.52],
						"0.075": [-6.99, -13.08, 6.275],
						"0.125": [-6.99, -13.08, 6.275],
						"0.175": [-7.79, -13.08, 6.275],
						"1.4": [-7.79, -13.08, 6.275],
						"1.45": [-7.59, -13.08, 6.135],
						"1.5": [-7.24, -13.08, 5.885],
						"1.55": [-6.5, -13.08, 6.52]
					},
					"scale": {
						"0.0": [1, 1.5, 1],
						"1.55": [1, 1.5, 1]
					}
				},
				"mag_and_lefthand": {
					"rotation": {
						"0.275": [0, 0, 0],
						"0.3": [0, 0, 0],
						"0.425": [0, 0, 0],
						"0.85": [0, 0, 0],
						"0.925": [-15.33, 8.8, -3.25],
						"0.975": [-15.33, 8.8, -3.25],
						"1.025": [0, 0, 0],
						"1.075": [0, 0, 0],
						"1.1": [0, 0, 0],
						"1.15": [0, 0, 0],
						"1.2": [0, 0, 0]
					},
					"position": {
						"0.275": [0, 0, 0],
						"0.3": [0, -2.4, 0.7],
						"0.325": [0, -4.37, 1.25],
						"0.35": {
							"pre": [0, -10.3, 2.5],
							"post": [0, -10.3, 2.5],
							"lerp_mode": "catmullrom"
						},
						"0.375": {
							"post": [0, -21.2, 10.8],
							"lerp_mode": "catmullrom"
						},
						"0.425": [0, -18.6, 22.4],
						"0.85": [0, -18.6, 22.4],
						"0.9": [0, -9.6, 5.4],
						"0.975": [0, -7.6, 1.1],
						"1.025": [0, -5.6, 0.9],
						"1.075": [0, -5.4, 1.5],
						"1.1": [0, -5.4, 1.5],
						"1.15": [0, -3.53, 1.05],
						"1.2": [0, 0, 0]
					}
				},
				"lefthand": {
					"rotation": {
						"0.0": [111.33, -370.95, -185.06],
						"0.05": [-245.34335, -10.03117, 167.18845],
						"0.1": [-239.96, -13.69, 164.36],
						"0.15": [-236.39501, -6.6562, 163.35276],
						"1.075": [-236.4, -6.66, 163.35],
						"1.125": [-235.22689, -7.59741, 178.22441],
						"1.175": [-234.26013, -5.17327, 183.75498],
						"1.225": [-236.9392, -4.13717, 183.19078],
						"1.325": [-237.77205, -3.56881, 177.9886],
						"1.425": [-236.39115, -4.95093, 162.33099],
						"1.525": [-247.4656, -7.74173, 167.58867]
					},
					"position": {
						"0.0": [6.965, -13.385, 3.395],
						"0.05": [7.76, -16.17, 0.78],
						"0.1": [7.56, -16.33, 0.98],
						"0.15": [6.76, -16.2, 7.98],
						"1.1": [6.76, -15.2, 7.98],
						"1.175": [6.76, -16, 7.98],
						"1.275": [6.76, -15.5, 7.98],
						"1.325": [6.76, -15.96, 7.98],
						"1.4": [6.76, -15.96, 7.98],
						"1.525": [12.68024, -20.52827, 7.30603]
					},
					"scale": {
						"0.0": [0, 0, 0],
						"0.15": {
							"pre": [0, 0, 0],
							"post": [1, 1.5, 1]
						},
						"1.525": {
							"pre": [1, 1.5, 1],
							"post": [0, 0, 0]
						}
					}
				},
				"bullet": {
					"scale": 0
				},
				"camera": {
					"rotation": {
						"0.0": [0, 0, 0],
						"0.1": [0.16, 0.17, 0.02],
						"0.225": {
							"pre": [1.00015, 0.99985, 0.01745],
							"post": [1.00015, 0.99985, 0.01745],
							"lerp_mode": "catmullrom"
						},
						"0.3": {
							"post": [1.74, 1.03, -0.73],
							"lerp_mode": "catmullrom"
						},
						"0.375": {
							"post": [1.22522, 0.98785, 1.41987],
							"lerp_mode": "catmullrom"
						},
						"0.525": {
							"post": [-0.16, 1.03, 0.02],
							"lerp_mode": "catmullrom"
						},
						"0.625": {
							"post": [-0.38, 1.03, 0.02],
							"lerp_mode": "catmullrom"
						},
						"0.825": {
							"post": [-0.8, 1.83, 0],
							"lerp_mode": "catmullrom"
						},
						"0.975": {
							"post": [-0.8, 2.03, 0],
							"lerp_mode": "catmullrom"
						},
						"1.175": {
							"post": [0, 2.03459, 0.00061],
							"lerp_mode": "catmullrom"
						},
						"1.225": {
							"post": [0.53545, 2.02556, 1.0012],
							"lerp_mode": "catmullrom"
						},
						"1.3": {
							"post": [-0.90844, 2.06878, -1.42852],
							"lerp_mode": "catmullrom"
						},
						"1.4": {
							"post": [0.36, 1.38, -0.51],
							"lerp_mode": "catmullrom"
						},
						"1.5": {
							"post": [1.11, 0.92, -0.05],
							"lerp_mode": "catmullrom"
						},
						"1.625": {
							"post": [1.4, 0.62, -0.03],
							"lerp_mode": "catmullrom"
						},
						"1.775": [0, 0, 0]
					}
				}
			},
			"sound_effects": {
				"0.0": {
					"effect": "tacz:b93r/b93r_reload_magrelease"
				},
				"0.275": {
					"effect": "tacz:b93r/b93r_reload_magout"
				},
				"0.975": {
					"effect": "tacz:b93r/b93r_reload_maghit"
				},
				"1.125": {
					"effect": "tacz:b93r/b93r_reload_magin"
				},
				"1.275": {
					"effect": "tacz:b93r/b93r_reload_end"
				}
			}
		},
		"reload_empty": {
			"animation_length": 2.15,
			"bones": {
				"group3": {
					"rotation": [9, 0, 0],
					"position": [0, 0.05, 0]
				},
				"barrel2": {
					"rotation": [-2.5, 0, 0],
					"position": [0, 0, 0.325]
				},
				"upper": {
					"position": {
						"0.0": [0, 0, 2.1],
						"1.375": [0, 0, 2.1],
						"1.425": [0, 0, 2.3],
						"1.45": [0, 0, 2.4],
						"1.5": [0, 0, 0.6],
						"1.55": [0, 0, 0.1],
						"1.6": [0, 0, 0.1],
						"1.65": [0, 0, 0]
					}
				},
				"bullet_in_barrel": {
					"scale": 0
				},
				"mags": {
					"rotation": {
						"0.175": [0, 0, 0],
						"0.3": [0, 0, 0],
						"0.325": [0, 0, 0]
					},
					"position": {
						"0.175": [0, 0, 0],
						"0.25": [0, -4.5, 1.1],
						"0.3": [0, -13, 3.7],
						"0.325": [0, 0, 0]
					}
				},
				"slide_release": {
					"rotation": {
						"0.0": [7.5, 0, 0],
						"1.375": [7.5, 0, 0],
						"1.45": [0, 0, 0]
					}
				},
				"root": {
					"rotation": {
						"0.0": [0, 0, 0],
						"0.075": [3.46006, -6.76183, 11.76971],
						"0.15": [-1.84, -6.67, 1.27],
						"0.2": [-10.43105, -0.83402, -11.98041],
						"0.225": {
							"pre": [-14.16058, 5.14932, -5.44514],
							"post": [-14.16058, 5.14932, -5.44514],
							"lerp_mode": "catmullrom"
						},
						"0.275": [-12.27782, 3.55057, -14.786],
						"0.325": [-9.69, 4.29, -14.38],
						"0.375": [-8.41, 3.67, -15.57],
						"0.45": [-8.38, 0.76, -19],
						"0.525": [-8.48485, -3.38412, -32.16303],
						"0.6": [-4.74833, -19.59638, -36.56485],
						"0.675": [-5.14, -27.85, -34.7],
						"0.75": [-2.45654, -31.54548, -36.13774],
						"0.825": [-2.88337, -30.47906, -35.379],
						"0.9": [-5.42255, -30.96778, -35.11165],
						"0.95": [2.51649, -31.15577, -41.64596],
						"1.0": [-3.25956, -31.14775, -32.65033],
						"1.075": [-1.60734, -31.45458, -39.66842],
						"1.15": [-2.09, -31.38, -38.03],
						"1.2": [-3.99, -27.62, -29.83],
						"1.25": [-8.27, -19.47, -13.07],
						"1.3": [-13.35, -10.67, 5.14],
						"1.375": [-27.53007, -4.74743, 18.24402],
						"1.425": [-51.43781, -3.75763, 15.58618],
						"1.475": [-49.1, -6.28, 23.25],
						"1.5": {
							"pre": [-41.67045, -7.13942, 26.09071],
							"post": [-41.67045, -7.13942, 26.09071],
							"lerp_mode": "catmullrom"
						},
						"1.525": {
							"post": [-25.25308, -7.90365, 22.97412],
							"lerp_mode": "catmullrom"
						},
						"1.55": {
							"post": [-4.33, -8.74, 24.1],
							"lerp_mode": "catmullrom"
						},
						"1.6": {
							"post": [-12.7, -10.95, 23.8],
							"lerp_mode": "catmullrom"
						},
						"1.675": {
							"post": [-8.47257, -12.32559, 19.24909],
							"lerp_mode": "catmullrom"
						},
						"1.75": {
							"post": [-6.15, -11.96, 18.35],
							"lerp_mode": "catmullrom"
						},
						"1.85": {
							"post": [-0.68282, -5.76837, -4.62137],
							"lerp_mode": "catmullrom"
						},
						"1.925": {
							"post": [1.82445, -1.19979, 6.6511],
							"lerp_mode": "catmullrom"
						},
						"2.025": [0.3417, 0.40986, -0.8302],
						"2.15": [0, 0, 0]
					},
					"position": {
						"0.0": [0, 0, 0],
						"0.075": [-0.63, 0.51, -0.27],
						"0.125": [-1.24, 0.66, -0.84],
						"0.175": [-1.84, 0.5, -1.41],
						"0.25": [-2.2, 0, -1.8],
						"0.325": [-2.43, 0.45, -1.8],
						"0.375": [-2.52, 0.64, -1.8],
						"0.45": [-2.58, 0.75, -1.8],
						"0.525": [-2.59, 0.73, -1.8],
						"0.575": [-2.6, 0.56, -1.8],
						"0.625": [-2.61, 0.46, -1.8],
						"0.7": [-2.64, 0.44, -1.8],
						"0.8": [-2.69, 0.51, -1.8],
						"0.925": [-2.81, 0.52, -1.7],
						"0.975": [-2.47, -0.09, -1.77],
						"1.025": [-2.3, -0.4, -1.8],
						"1.05": [-2.3, -0.24, -1.8],
						"1.1": [-2.3, -0.07, -1.8],
						"1.175": {
							"pre": [-2.45, -0.15, -1.77],
							"post": [-2.45, -0.15, -1.77],
							"lerp_mode": "catmullrom"
						},
						"1.275": {
							"post": [-0.19, -1.67, -2.2],
							"lerp_mode": "catmullrom"
						},
						"1.375": {
							"post": [0.4, -1.9, -2.1],
							"lerp_mode": "catmullrom"
						},
						"1.425": {
							"post": [0.4, -2, -2.5],
							"lerp_mode": "catmullrom"
						},
						"1.475": {
							"post": [1.1, -2.1, -7],
							"lerp_mode": "catmullrom"
						},
						"1.525": {
							"post": [1.2, -2, -7.3],
							"lerp_mode": "catmullrom"
						},
						"1.6": {
							"post": [1.2, -2.5, -7.3],
							"lerp_mode": "catmullrom"
						},
						"1.675": {
							"post": [1.21, -2.56, -7.38],
							"lerp_mode": "catmullrom"
						},
						"1.75": {
							"post": [1.13, -2.4, -6.84],
							"lerp_mode": "catmullrom"
						},
						"1.825": {
							"post": [0.5, -1.27, -2.81],
							"lerp_mode": "catmullrom"
						},
						"1.925": {
							"post": [0.21, -0.73, -0.01],
							"lerp_mode": "catmullrom"
						},
						"2.0": {
							"post": [0.13, -0.47, -0.8],
							"lerp_mode": "catmullrom"
						},
						"2.125": [0, 0, 0]
					}
				},
				"slide": {
					"position": {
						"0.0": [0, 0, 2.25],
						"1.375": [0, 0, 2.25],
						"1.425": [0, 0, 2.3],
						"1.45": [0, 0, 2.4],
						"1.5": [0, 0, 0.6],
						"1.55": [0, 0, 0.1],
						"1.6": [0, 0, 0.1],
						"1.65": [0, 0, 0]
					}
				},
				"righthand": {
					"rotation": {
						"0.0": [93.94813, 362.17452, -175.99563],
						"0.075": [95.04197, 355, -180],
						"0.5": [95.04, 355, -180],
						"0.55": [95.04, 355, -180],
						"1.175": [95.04, 355, -180],
						"1.25": [95.04197, 355, -180],
						"1.75": [95.04, 355, -180],
						"1.85": [93.94813, 362.17452, -175.99563]
					},
					"position": {
						"0.0": [-6.5, -13.08, 6.52],
						"0.075": [-6.99, -13.08, 6.5],
						"0.5": [-6.99, -13.08, 6.5],
						"0.55": [-7.79, -12.78, 6.5],
						"1.175": [-7.79, -12.78, 6.5],
						"1.25": [-6.99, -13.08, 6.5],
						"1.75": [-6.99, -13.08, 6.5],
						"1.85": [-6.5, -13.08, 6.52]
					},
					"scale": {
						"0.0": [1, 1.5, 1],
						"1.85": [1, 1.5, 1]
					}
				},
				"mag_and_lefthand": {
					"rotation": {
						"0.3": [0, 0, 0],
						"0.325": [0, 0, 0],
						"0.55": [-40.12698, 3.50297, -41.43826],
						"0.625": [-17.34532, 19.88905, -23.36994],
						"0.7": [0, 0, -20],
						"0.75": [-8, 0, -10],
						"0.8": [-6, 0, -10],
						"0.85": [0, 0, 0],
						"0.9": [0, 0, 0],
						"0.925": [0, 0, 0],
						"0.95": [0, 0, 0]
					},
					"position": {
						"0.3": [0, 0, 0],
						"0.325": [0, -15, 6],
						"0.55": [0, -15, 6],
						"0.625": [2.48, -9.5, 1.38],
						"0.7": [1.1, -5.8, 0.9],
						"0.75": [1.1, -5.4, 0.9],
						"0.8": [1.1, -5.4, 0.9],
						"0.85": [0, -4.8, 1.4],
						"0.9": [0, -5, 1.6],
						"0.925": [0, -1.25, 0.4],
						"0.95": [0, 0, 0]
					}
				},
				"lefthand": {
					"rotation": {
						"0.0": [-247.4656, -7.74173, 167.58867],
						"0.2": {
							"pre": [-277.85116, -33.07042, 231.43215],
							"post": [-277.85116, -33.07042, 231.43215],
							"lerp_mode": "catmullrom"
						},
						"0.3": [-277.00399, -20.1778, 229.55422],
						"0.325": {
							"pre": [-278.71719, -21.22826, 236.41998],
							"post": [-278.71719, -21.22826, 236.41998],
							"lerp_mode": "catmullrom"
						},
						"0.55": {
							"post": [-291.78421, -42.24343, 247.12196],
							"lerp_mode": "catmullrom"
						},
						"0.925": {
							"post": [-291.78, -42.24, 247.12],
							"lerp_mode": "catmullrom"
						},
						"1.0": {
							"post": [-291.88543, -41.36653, 242.54899],
							"lerp_mode": "catmullrom"
						},
						"1.075": [-289.56476, -40.43755, 242.05926],
						"1.175": [-296.26, -46.53, 246.88],
						"1.25": [-211.88, -23.36, 153.18],
						"1.3": [-182.04, -11.3, 120.99],
						"1.375": [-178.54985, 0.15688, 119.33659],
						"1.425": [-178.55, 0.16, 119.34],
						"1.525": [-156.05, 0.16, 119.34],
						"1.675": [-156.05, 0.16, 119.34],
						"1.775": {
							"pre": [-239.8678, -15.31509, 150.21256],
							"post": [-247.45787, -25.42349, 171.70998],
							"lerp_mode": "catmullrom"
						},
						"1.875": [-247.4656, -7.74173, 167.58867]
					},
					"position": {
						"0.0": [6.68024, -13.52827, -2.69397],
						"0.1": {
							"pre": [12.36, -16.8, 0.78],
							"post": [12.36, -16.8, 0.78],
							"lerp_mode": "catmullrom"
						},
						"0.2": {
							"post": [13.66, -26.8, 5.98],
							"lerp_mode": "catmullrom"
						},
						"0.3": {
							"post": [13.66, -35.4, 13.28],
							"lerp_mode": "catmullrom"
						},
						"0.325": {
							"post": [6.956, -16.297, 2.18],
							"lerp_mode": "catmullrom"
						},
						"0.55": {
							"post": [6.96, -16.3, 6.98],
							"lerp_mode": "catmullrom"
						},
						"0.925": {
							"post": [6.96, -16.3, 6.98],
							"lerp_mode": "catmullrom"
						},
						"1.0": {
							"post": [6.96, -16.3, 6.98],
							"lerp_mode": "catmullrom"
						},
						"1.075": [6.96, -16.5, 6.98],
						"1.15": {
							"pre": [6.71, -17.24, 6.59],
							"post": [6.71, -17.24, 6.59],
							"lerp_mode": "catmullrom"
						},
						"1.225": {
							"post": [8.94, -12.15, 6.43],
							"lerp_mode": "catmullrom"
						},
						"1.275": {
							"post": [8.44281, -9.16937, 7.10351],
							"lerp_mode": "catmullrom"
						},
						"1.3": {
							"post": [7.085, -8.76261, 8.14254],
							"lerp_mode": "catmullrom"
						},
						"1.325": {
							"post": [6.20885, -9.93742, 8.3151],
							"lerp_mode": "catmullrom"
						},
						"1.375": {
							"post": [5.68248, -10.03206, 8.98068],
							"lerp_mode": "catmullrom"
						},
						"1.425": {
							"post": [5.6825, -10.08207, 9.3807],
							"lerp_mode": "catmullrom"
						},
						"1.475": {
							"post": [5.4375, -10.76793, 12.6293],
							"lerp_mode": "catmullrom"
						},
						"1.525": {
							"post": [9.6825, -10.33207, 16.8807],
							"lerp_mode": "catmullrom"
						},
						"1.675": {
							"post": [9.56, -10.55, 16.88],
							"lerp_mode": "catmullrom"
						},
						"1.775": {
							"post": [12.96, -18.65, 8.83],
							"lerp_mode": "catmullrom"
						},
						"1.875": [6.68024, -13.52827, -2.69397]
					},
					"scale": {
						"0.0": [0, 0, 0],
						"0.325": {"pre": [0, 0, 0], "post": [1, 1.5, 1]},
						"1.775": {"pre": [1, 1.5, 1], "post": [0, 0, 0]}
					}
				},
				"bullet": {
					"scale": 0
				},
				"bullet_in_mag": {
					"rotation": {
						"1.45": [0, 0, 0],
						"1.475": [0, 0, 0],
						"1.5": [0, 0, 0]
					},
					"position": {
						"0.0": [0, 0, 0],
						"0.3": [0, 0, 0],
						"0.325": [0, 0, 0],
						"1.45": [0, 0, 0],
						"1.525": [0, 0.4375, -2.3],
						"1.6": [0, 0, 0]
					},
					"scale": {
						"0.0": [0, 0, 0],
						"0.45": [0, 0, 0],
						"0.5": [1, 1, 1]
					}
				},
				"camera": {
					"rotation": {
						"0.0": [0, 0, 0],
						"0.075": {
							"pre": [-0.25, 0.25, 0],
							"post": [-0.25, 0.25, 0],
							"lerp_mode": "catmullrom"
						},
						"0.15": {
							"post": [-0.8, 0.73, -0.08],
							"lerp_mode": "catmullrom"
						},
						"0.2": {
							"post": [-1.00015, 0.99985, -1.01745],
							"lerp_mode": "catmullrom"
						},
						"0.275": {
							"post": [0.0173, 0.9997, 0.9827],
							"lerp_mode": "catmullrom"
						},
						"0.325": {
							"post": [0.02976, 0.99937, 1.69709],
							"lerp_mode": "catmullrom"
						},
						"0.45": {
							"post": [-0.00015, 0.99985, -0.01745],
							"lerp_mode": "catmullrom"
						},
						"0.6": {
							"post": [0.6, 0.7, -0.03],
							"lerp_mode": "catmullrom"
						},
						"0.7": {
							"post": [1.53, 0.23, -0.04],
							"lerp_mode": "catmullrom"
						},
						"0.8": {
							"post": [2.33, 0, -0.05],
							"lerp_mode": "catmullrom"
						},
						"0.9": {
							"post": [2.99954, 0.00046, -0.05235],
							"lerp_mode": "catmullrom"
						},
						"0.95": {
							"post": [1.99878, -0.06978, 1.94878],
							"lerp_mode": "catmullrom"
						},
						"1.0": {
							"post": [1.37488, 0.0087, -0.92496],
							"lerp_mode": "catmullrom"
						},
						"1.05": {
							"post": [1, 0, -0.05],
							"lerp_mode": "catmullrom"
						},
						"1.175": {
							"post": [2, 0, -0.05],
							"lerp_mode": "catmullrom"
						},
						"1.275": {
							"post": [2.46, 0, -0.05],
							"lerp_mode": "catmullrom"
						},
						"1.375": {
							"post": [3.35, 0, -0.05],
							"lerp_mode": "catmullrom"
						},
						"1.475": {
							"post": [2.73043, 0.03528, -1.15773],
							"lerp_mode": "catmullrom"
						},
						"1.55": {
							"post": [2.49757, -0.12205, 1.94597],
							"lerp_mode": "catmullrom"
						},
						"1.65": {
							"post": [3.5993, 0.08019, -1.04678],
							"lerp_mode": "catmullrom"
						},
						"1.75": {
							"post": [0.67, 0.02, -1.23],
							"lerp_mode": "catmullrom"
						},
						"1.875": {
							"post": [-0.99985, -0.01745, -0.99985],
							"lerp_mode": "catmullrom"
						},
						"2.025": {
							"post": [0, 0, 0],
							"lerp_mode": "catmullrom"
						}
					},
					"position": {
						"0.0": [0, 0, 0],
						"0.2": [0, 0, 0]
					}
				}
			},
			"sound_effects": {
				"0.0": {
					"effect": "tacz:b93r/b93r_reload_empty_raise"
				},
				"0.25": {
					"effect": "tacz:b93r/b93r_reload_empty_magout"
				},
				"0.675": {
					"effect": "tacz:b93r/b93r_reload_maghit"
				},
				"0.7": {
					"effect": "tacz:b93r/b93r_reload_empty_magin"
				},
				"1.375": {
					"effect": "tacz:b93r/b93r_reload_empty_charge"
				},
				"1.675": {
					"effect": "tacz:b93r/b93r_reload_empty_end"
				}
			}
		},
		"inspect_empty": {
			"animation_length": 5.25,
			"bones": {
				"barrel": {
					"rotation": [-2, 0, 0]
				},
				"root": {
					"rotation": {
						"0.0": {
							"post": [0, 0, 0],
							"lerp_mode": "catmullrom"
						},
						"0.1667": {
							"post": [-3.75, -3.875, -0.75],
							"lerp_mode": "catmullrom"
						},
						"0.375": {
							"post": [-29.85495, 13.71942, 34.40987],
							"lerp_mode": "catmullrom"
						},
						"0.625": [-34.47995, 16.40692, 40.09737],
						"0.8333": {
							"pre": [-29.3525, 12.2175, 30.6625],
							"post": [-29.3525, 12.2175, 30.6625],
							"lerp_mode": "catmullrom"
						},
						"1.0833": {
							"post": [4.38194, -19.45133, -40.95071],
							"lerp_mode": "catmullrom"
						},
						"1.2917": {
							"post": [2.13194, -23.20133, -53.95071],
							"lerp_mode": "catmullrom"
						},
						"1.375": [-10.348, -22.53218, -39.93521],
						"1.4583": {
							"pre": [-19.47943, -22.59887, -45.92248],
							"post": [-19.47943, -22.59887, -45.92248],
							"lerp_mode": "catmullrom"
						},
						"1.5417": [-13.63986, -20.24573, -36.34314],
						"1.7083": {
							"pre": [-7.59196, -20.43593, -41.3936],
							"post": [-7.59196, -20.43593, -41.3936],
							"lerp_mode": "catmullrom"
						},
						"1.9167": {
							"post": [-7.29503, -19.98986, -39.71304],
							"lerp_mode": "catmullrom"
						},
						"2.2917": {
							"post": [-7.20934, -20.50865, -41.04313],
							"lerp_mode": "catmullrom"
						},
						"2.5417": {
							"post": [-8.51084, -19.82577, -39.5552],
							"lerp_mode": "catmullrom"
						},
						"2.7917": {
							"post": [-6.00545, -19.8205, -38.55197],
							"lerp_mode": "catmullrom"
						},
						"3.0833": {
							"post": [-10.47228, -19.6428, -43.70545],
							"lerp_mode": "catmullrom"
						},
						"3.25": {
							"post": [7.47133, -18.06879, -61.5694],
							"lerp_mode": "catmullrom"
						},
						"3.375": {
							"post": [7.47123, -18.10989, -61.22023],
							"lerp_mode": "catmullrom"
						},
						"3.5": {
							"post": [9.43571, -18.46914, -62.55264],
							"lerp_mode": "catmullrom"
						},
						"3.5833": {
							"post": [11.45246, -20.23366, -59.19712],
							"lerp_mode": "catmullrom"
						},
						"3.7083": [9.90399, -18.49296, -58.9306],
						"3.7917": [-5.78639, -18.22348, -33.8989],
						"3.875": {
							"pre": [1.78, -16.68, -44.565],
							"post": [1.78, -16.68, -44.565],
							"lerp_mode": "catmullrom"
						},
						"3.9583": {
							"post": [-8.29, -11.41, -30.67],
							"lerp_mode": "catmullrom"
						},
						"4.2083": {
							"post": [-34.04, 14.78, 21.6],
							"lerp_mode": "catmullrom"
						},
						"4.3333": [-34.04245, 14.78192, 30.84737],
						"4.625": {
							"pre": [-35.04245, 14.78192, 25.59737],
							"post": [-35.04245, 14.78192, 25.59737],
							"lerp_mode": "catmullrom"
						},
						"4.875": {
							"post": [0.25, -2.625, 3.5],
							"lerp_mode": "catmullrom"
						},
						"5.0417": {
							"post": [0, -0.25, 0],
							"lerp_mode": "catmullrom"
						},
						"5.1667": {
							"post": [0, 0, 0],
							"lerp_mode": "catmullrom"
						}
					},
					"position": {
						"0.0": {
							"post": [0, 0, 0],
							"lerp_mode": "catmullrom"
						},
						"0.25": {
							"post": [0.0625, -1.0625, -0.25],
							"lerp_mode": "catmullrom"
						},
						"0.4167": {
							"post": [-0.5, 0.25, 1.25],
							"lerp_mode": "catmullrom"
						},
						"0.625": [-0.5, 0.66, 1.25],
						"0.9167": {
							"pre": [0.0625, -0.40625, -0.125],
							"post": [0.0625, -0.40625, -0.125],
							"lerp_mode": "catmullrom"
						},
						"1.1667": {
							"post": [0.8125, 1.53125, -0.375],
							"lerp_mode": "catmullrom"
						},
						"1.375": {
							"post": [0.8125, 1.03125, -0.375],
							"lerp_mode": "catmullrom"
						},
						"1.4583": {
							"post": [1.375, -0.03125, -0.375],
							"lerp_mode": "catmullrom"
						},
						"1.625": {
							"post": [1.3125, -0.03125, -0.375],
							"lerp_mode": "catmullrom"
						},
						"1.7917": {
							"post": [1.0625, 0.7175, -0.375],
							"lerp_mode": "catmullrom"
						},
						"2.2083": {
							"post": [1.3125, 0.655, -0.375],
							"lerp_mode": "catmullrom"
						},
						"2.3333": [1.3125, 0.655, -0.375],
						"2.4167": {
							"pre": [1.3125, 0.5925, -0.375],
							"post": [1.3125, 0.5925, -0.375],
							"lerp_mode": "catmullrom"
						},
						"2.625": {
							"post": [1.25, 0.28, -0.375],
							"lerp_mode": "catmullrom"
						},
						"2.9583": {
							"post": [0.8125, 0.405, -0.375],
							"lerp_mode": "catmullrom"
						},
						"3.2083": {
							"post": [0.5625, -1.2825, 0.375],
							"lerp_mode": "catmullrom"
						},
						"3.5": {
							"post": [0.5625, 1.0175, 0.125],
							"lerp_mode": "catmullrom"
						},
						"3.625": {
							"post": [0.68, 1.315, 0.54],
							"lerp_mode": "catmullrom"
						},
						"3.6667": [0.72, 1.33228, 0.535],
						"3.7083": [0.76, 1.15, 0.53],
						"3.75": [1.265, 0.5812, 0.565],
						"3.7917": [1.77, -0.04, 0.6],
						"3.8333": [1.78865, -0.03484, 0.60243],
						"3.875": [1.885, 0.0823, 0.615],
						"3.9167": [1.98135, 0.15729, 0.62757],
						"3.9583": {
							"pre": [2, 0.18, 0.63],
							"post": [2, 0.18, 0.63],
							"lerp_mode": "catmullrom"
						},
						"4.25": {
							"post": [0.0625, -1.65625, -0.125],
							"lerp_mode": "catmullrom"
						},
						"4.4583": [0, 0.16, 1.25],
						"4.6667": {
							"pre": [0, 0.125, 1.25],
							"post": [0, 0.125, 1.25],
							"lerp_mode": "catmullrom"
						},
						"4.8333": {
							"post": [0.0625, -1.5625, -0.25],
							"lerp_mode": "catmullrom"
						},
						"5.0417": {
							"post": [0.04, -0.1875, 0.03],
							"lerp_mode": "catmullrom"
						},
						"5.25": [0, 0, 0]
					}
				},
				"slide": {
					"position": [0, 0, 2.25]
				},
				"righthand": {
					"rotation": {
						"0.0": [93.94813, 362.17452, -175.99563],
						"0.1667": {
							"pre": [93.94569, 359.18163, -176.20212],
							"post": [93.94569, 359.18163, -176.20212],
							"lerp_mode": "catmullrom"
						},
						"0.375": [93.63121, 358.252, -162.22934],
						"1.25": [93.63121, 358.252, -162.22934],
						"1.3333": [93.16745, 357.50787, -149.74284],
						"1.4167": [101.13121, 358.252, -162.22934],
						"1.5833": [93.16745, 357.50787, -149.74284],
						"3.875": [93.16745, 357.50787, -149.74284],
						"4.125": [93.94813, 362.17452, -175.99563]
					},
					"position": {
						"0.0": [-6.5, -13.08, 6.52],
						"0.1667": [-7, -13.08, 6.52],
						"0.25": [-7.53562, -13.08, 6.52],
						"1.1667": [-7.51562, -13.08, 6.52],
						"1.3333": [-7.34627, -13.31314, 6.52],
						"1.4167": [-7.27, -13.08, 6.52],
						"1.5": [-7.52, -13.08, 6.52],
						"3.7917": [-7.52, -13.08, 6.52],
						"4.125": [-6.5, -13.08, 6.52]
					},
					"scale": {
						"0.0": [1, 1.5, 1],
						"4.125": [1, 1.5, 1]
					}
				},
				"mag_and_lefthand": {
					"rotation": {
						"1.4167": [0, 0, 0],
						"1.625": {
							"pre": [-41.5, 0, 40],
							"post": [-41.5, 0, 40],
							"lerp_mode": "catmullrom"
						},
						"1.9167": {
							"post": [-38.75, 0, 53.5],
							"lerp_mode": "catmullrom"
						},
						"2.0833": {
							"post": [-38.75, 0, 53.5],
							"lerp_mode": "catmullrom"
						},
						"2.2917": {
							"post": [-40.83941, 1.53844, 46.4344],
							"lerp_mode": "catmullrom"
						},
						"2.5": {
							"post": [-33.3929, -6.72894, 76.68363],
							"lerp_mode": "catmullrom"
						},
						"2.7083": {
							"post": [-33.3929, -6.72894, 76.68363],
							"lerp_mode": "catmullrom"
						},
						"2.9167": {
							"post": [-33.39, -6.73, 76.68],
							"lerp_mode": "catmullrom"
						},
						"3.1667": {
							"post": [-41.5, 0, 40],
							"lerp_mode": "catmullrom"
						},
						"3.375": [0, 0, 0]
					},
					"position": {
						"1.4167": [0, 0, 0],
						"1.5833": {
							"pre": [-0.65625, -2, 0],
							"post": [-0.65625, -2, 0],
							"lerp_mode": "catmullrom"
						},
						"1.75": {
							"post": [5.54813, -1.39279, -3.25],
							"lerp_mode": "catmullrom"
						},
						"1.9583": {
							"post": [5.58022, -1.42836, -3.5],
							"lerp_mode": "catmullrom"
						},
						"2.1667": {
							"post": [5.58, -1.43, -3.5],
							"lerp_mode": "catmullrom"
						},
						"2.375": {
							"post": [5.08, -2.18, -3.25],
							"lerp_mode": "catmullrom"
						},
						"2.5833": {
							"post": [6.67482, -2.23386, -3.75],
							"lerp_mode": "catmullrom"
						},
						"2.8333": {
							"post": [6.67482, -2.23386, -3.75],
							"lerp_mode": "catmullrom"
						},
						"3.0833": {
							"post": [6.67, -2.23, -3.75],
							"lerp_mode": "catmullrom"
						},
						"3.2917": {
							"post": [-0.65625, -2, 0],
							"lerp_mode": "catmullrom"
						},
						"3.4583": [0, 0.75, 0],
						"3.5": [0, 0.5, 0],
						"3.5417": [0, 0.75, 0],
						"3.625": [0, 0.75, 0],
						"3.7083": [0, 0, 0]
					}
				},
				"lefthand": {
					"rotation": {
						"0.0": [103.70198, -16.68321, 164.77774],
						"0.75": [34.63797, -0.95955, 179.00201],
						"1.0833": {
							"pre": [52.13797, -0.95955, 179.00201],
							"post": [52.13797, -0.95955, 179.00201],
							"lerp_mode": "catmullrom"
						},
						"1.375": [68.93021, -50.11669, 277.11059],
						"3.6667": [68.93021, -50.11669, 277.11059],
						"3.7917": [68.93021, -50.11669, 277.11059],
						"4.0": [68.93021, -50.11669, 277.11059],
						"4.125": [68.93021, -50.11669, 277.11059],
						"4.25": {
							"pre": [103.70198, -16.68321, 164.77774],
							"post": [103.70198, -16.68321, 164.77774],
							"lerp_mode": "catmullrom"
						},
						"4.4167": [103.7, -16.68, 164.78]
					},
					"position": {
						"0.0": [7.75, -13.26, 2.63],
						"0.75": [15.66, -43.76, 10.9825],
						"1.0833": {
							"pre": [8.66, -43.76, 1.92],
							"post": [8.66, -43.76, 1.92],
							"lerp_mode": "catmullrom"
						},
						"1.375": [5.72401, -20.72969, 10.19577],
						"3.7083": [5.72401, -20.72969, 10.19577],
						"3.75": [5.72, -16.73, 7.95],
						"3.9583": [5.72, -16.73, 7.2],
						"4.125": [8.72, -16.73, 8.2],
						"4.25": {
							"pre": [24.75, -17.26, 6.63],
							"post": [24.75, -17.26, 6.63],
							"lerp_mode": "catmullrom"
						},
						"4.4167": [25.75, -19.26, 5.63]
					},
					"scale": {
						"0.0": [0, 0, 0],
						"1.25": {
							"pre": [0, 0, 0],
							"post": [1, 1.5, 1]
						},
						"4.375": [1, 1.5, 1],
						"4.4167": {
							"pre": [1, 1.5, 1],
							"post": [0, 0, 0]
						}
					}
				},
				"bullet": {
					"scale": 0
				},
				"magazine": {
					"position": {
						"1.375": [0, 0, 0],
						"1.5": [0, -6.0625, 1.375],
						"3.6667": [0, -6.0625, 1.375],
						"3.7083": [0, -5.8125, 1.375],
						"3.75": [0, 0, 0]
					}
				},
				"bullet_in_mag": {
					"scale": 0
				},
				"camera": {
					"rotation": {
						"0.0": {
							"post": [0, 0, 0],
							"lerp_mode": "catmullrom"
						},
						"0.1667": {
							"post": [-1, 0, 0],
							"lerp_mode": "catmullrom"
						},
						"0.375": {
							"post": [2, 1.5, -0.75],
							"lerp_mode": "catmullrom"
						},
						"0.625": {
							"post": [2.75, 1.5, -0.75],
							"lerp_mode": "catmullrom"
						},
						"0.8333": {
							"post": [2, -1.25, 0],
							"lerp_mode": "catmullrom"
						},
						"1.0833": {
							"post": [0, -1.25, 0.75],
							"lerp_mode": "catmullrom"
						},
						"1.2917": {
							"post": [0, 0, 0.75],
							"lerp_mode": "catmullrom"
						},
						"1.4583": {
							"post": [2.25, 0, -1.75],
							"lerp_mode": "catmullrom"
						},
						"1.7083": {
							"post": [3, -2, -1],
							"lerp_mode": "catmullrom"
						},
						"2.2083": {
							"post": [3, -2.25, -1],
							"lerp_mode": "catmullrom"
						},
						"2.4167": {
							"post": [4.75, -3, -2],
							"lerp_mode": "catmullrom"
						},
						"2.6667": {
							"post": [3.25, -2.25, -0.5],
							"lerp_mode": "catmullrom"
						},
						"3.0": {
							"post": [3.1975, -1.5, -0.75],
							"lerp_mode": "catmullrom"
						},
						"3.25": {
							"post": [0.75, -0.25, 0.75],
							"lerp_mode": "catmullrom"
						},
						"3.5": {
							"post": [0.25, 0, -1.5],
							"lerp_mode": "catmullrom"
						},
						"3.75": {
							"post": [-0.25, 0, 0],
							"lerp_mode": "catmullrom"
						},
						"3.8333": {
							"post": [1.375, 0, -2.25],
							"lerp_mode": "catmullrom"
						},
						"4.0833": {
							"post": [0, 0, 0],
							"lerp_mode": "catmullrom"
						},
						"4.4167": {
							"post": [5.11, 0.75, -0.75],
							"lerp_mode": "catmullrom"
						},
						"4.7083": {
							"post": [3.25, -0.5, 0],
							"lerp_mode": "catmullrom"
						},
						"5.0": {
							"post": [-0.0625, 0, 0],
							"lerp_mode": "catmullrom"
						},
						"5.25": {
							"post": [0, 0, 0],
							"lerp_mode": "catmullrom"
						}
					}
				}
			}
		},
		"inspect": {
			"animation_length": 6.3333,
			"bones": {
				"bullet_in_barrel": {
					"position": {
						"4.625": [0, 0, 0],
						"4.7083": [0, 0, 1.1875]
					}
				},
				"root": {
					"rotation": {
						"0.0": {
							"post": [0, 0, 0],
							"lerp_mode": "catmullrom"
						},
						"0.1667": {
							"post": [-3.75, -3.875, -0.75],
							"lerp_mode": "catmullrom"
						},
						"0.375": {
							"post": [-24.25, -16.5, -29.5],
							"lerp_mode": "catmullrom"
						},
						"0.875": {
							"post": [-20.71245, -15.5346, -28.92709],
							"lerp_mode": "catmullrom"
						},
						"1.0833": {
							"post": [8.13194, -19.45133, -56.95071],
							"lerp_mode": "catmullrom"
						},
						"1.2083": {
							"post": [2.88194, -19.45133, -61.95071],
							"lerp_mode": "catmullrom"
						},
						"1.375": {
							"post": [-1.348, -30.28218, -47.93521],
							"lerp_mode": "catmullrom"
						},
						"1.4583": {
							"post": [-4.47943, -22.59887, -53.17248],
							"lerp_mode": "catmullrom"
						},
						"1.5417": {
							"post": [-4.63986, -20.24573, -44.34314],
							"lerp_mode": "catmullrom"
						},
						"1.7083": {
							"post": [3.15804, -20.43593, -49.3936],
							"lerp_mode": "catmullrom"
						},
						"1.9167": {
							"post": [1.34123, -19.9859, -46.64895],
							"lerp_mode": "catmullrom"
						},
						"2.2917": {
							"post": [2.72964, -20.50237, -54.94167],
							"lerp_mode": "catmullrom"
						},
						"2.5417": {
							"post": [7.55306, -19.01991, -61.49301],
							"lerp_mode": "catmullrom"
						},
						"2.7917": {
							"post": [0.49455, -19.8205, -57.55197],
							"lerp_mode": "catmullrom"
						},
						"3.0833": {
							"post": [1.21, -19.66, -59.67],
							"lerp_mode": "catmullrom"
						},
						"3.25": {
							"post": [9.22133, -18.06879, -69.5694],
							"lerp_mode": "catmullrom"
						},
						"3.375": {
							"post": [9.22123, -18.10989, -69.22023],
							"lerp_mode": "catmullrom"
						},
						"3.5417": {
							"post": [9.68571, -18.46914, -70.55264],
							"lerp_mode": "catmullrom"
						},
						"3.625": {
							"post": [6.20246, -20.23366, -67.19712],
							"lerp_mode": "catmullrom"
						},
						"3.75": [8.40399, -18.49296, -66.9306],
						"3.8333": [-2.37439, -18.6557, -47.14998],
						"4.0": {
							"pre": [-1.79, -11.41, -47.92],
							"post": [-1.79, -11.41, -47.92],
							"lerp_mode": "catmullrom"
						},
						"4.3333": {
							"post": [-33.61586, 25.49196, 50.29417],
							"lerp_mode": "catmullrom"
						},
						"4.5": {
							"post": [-41.71032, 26.75119, 62.38672],
							"lerp_mode": "catmullrom"
						},
						"4.6667": [-44.16034, 36.56478, 62.32418],
						"4.75": {
							"pre": [-52.29047, 22.36115, 61.94099],
							"post": [-52.29047, 22.36115, 61.94099],
							"lerp_mode": "catmullrom"
						},
						"4.875": [-52.36268, 23.58122, 61.08672],
						"5.0417": [-53.01586, 18.49196, 61.79417],
						"5.2083": [-52.23241, 25.32682, 50.64494],
						"5.25": {
							"pre": [-39.62206, 30.90754, 51.72356],
							"post": [-39.62206, 30.90754, 51.72356],
							"lerp_mode": "catmullrom"
						},
						"5.4167": {
							"post": [-42.9, 27.07, 50.16],
							"lerp_mode": "catmullrom"
						},
						"5.7083": {
							"post": [0.25, 0, 9.25],
							"lerp_mode": "catmullrom"
						},
						"5.9167": {
							"post": [0, 0, 0],
							"lerp_mode": "catmullrom"
						}
					},
					"position": {
						"0.0": {
							"post": [0, 0, 0],
							"lerp_mode": "catmullrom"
						},
						"0.25": {
							"post": [0.25, -1.0625, -0.25],
							"lerp_mode": "catmullrom"
						},
						"0.5": {
							"post": [-0.375, -0.875, 0.6875],
							"lerp_mode": "catmullrom"
						},
						"0.7083": [-0.375, -0.215, 0.6875],
						"0.8333": [-0.375, -0.09375, 0.6875],
						"1.0": {
							"pre": [-0.3125, -1.28125, 0.5625],
							"post": [-0.3125, -1.28125, 0.5625],
							"lerp_mode": "catmullrom"
						},
						"1.1667": {
							"post": [-0.5625, 1.15625, 0.5625],
							"lerp_mode": "catmullrom"
						},
						"1.375": {
							"post": [-0.5625, 1.15625, 0.3125],
							"lerp_mode": "catmullrom"
						},
						"1.4583": {
							"post": [0, -0.15625, 0.3125],
							"lerp_mode": "catmullrom"
						},
						"1.625": {
							"post": [-0.0625, -0.15625, 0.3125],
							"lerp_mode": "catmullrom"
						},
						"1.875": {
							"post": [-0.3125, 0.8425, 0.3125],
							"lerp_mode": "catmullrom"
						},
						"2.2083": {
							"post": [-0.0625, 1.03, 0.3125],
							"lerp_mode": "catmullrom"
						},
						"2.3333": [-0.0625, 0.655, 0.3125],
						"2.4167": {
							"pre": [-0.0625, 0.7175, 0.3125],
							"post": [-0.0625, 0.7175, 0.3125],
							"lerp_mode": "catmullrom"
						},
						"2.625": {
							"post": [0.1875, 0.405, 0.3125],
							"lerp_mode": "catmullrom"
						},
						"2.9583": {
							"post": [-0.3125, 0.28, 0.3125],
							"lerp_mode": "catmullrom"
						},
						"3.2083": {
							"post": [-0.8125, 0.0925, 0.3125],
							"lerp_mode": "catmullrom"
						},
						"3.5417": {
							"post": [-0.3125, -0.92, 0.3125],
							"lerp_mode": "catmullrom"
						},
						"3.6667": {
							"post": [-0.195, -1.1225, 0.4775],
							"lerp_mode": "catmullrom"
						},
						"3.75": [-0.115, -0.7875, 0.9675],
						"3.8333": [1.395, -0.415, 2.5375],
						"4.0": {
							"pre": [1.125, -0.445, 2.5675],
							"post": [1.125, -0.445, 2.5675],
							"lerp_mode": "catmullrom"
						},
						"4.25": {
							"post": [-1.0625, -0.9325, 0.1925],
							"lerp_mode": "catmullrom"
						},
						"4.2917": [-1.01623, -0.85416, 0.18576],
						"4.3333": [-0.87831, -0.62695, 0.16568],
						"4.375": [-0.67625, -0.28079, 0.13625],
						"4.4167": [-0.47419, 0.12476, 0.10682],
						"4.4583": [-0.33627, 0.50399, 0.08674],
						"4.5": [-0.29, 0.765, 0.08],
						"4.5417": [-0.28919, 0.89833, 0.08],
						"4.5833": [-0.285, 0.81129, 0.08],
						"4.625": [-0.28081, 0.54061, 0.08],
						"4.6667": [-0.28, 0.305, 0.08],
						"4.7083": [-0.24229, 0.12816, 0.16394],
						"4.75": [-0.0475, 0.13641, 0.5975],
						"4.7917": [0.14729, 0.28683, 1.03106],
						"4.8333": {
							"pre": [0.185, 0.325, 1.115],
							"post": [0.185, 0.325, 1.115],
							"lerp_mode": "catmullrom"
						},
						"5.1667": {
							"post": [0.355, 0.66, 0.76],
							"lerp_mode": "catmullrom"
						},
						"5.25": [-0.825, 0.53, 0.13],
						"5.4167": {
							"pre": [-0.62, -0.84, 0.07],
							"post": [-0.62, -0.84, 0.07],
							"lerp_mode": "catmullrom"
						},
						"5.625": {
							"post": [-1.63, -2.0325, -1.7775],
							"lerp_mode": "catmullrom"
						},
						"5.7917": {
							"post": [-0.325, -0.12, -0.15],
							"lerp_mode": "catmullrom"
						},
						"5.9583": {
							"post": [0.01, 0, -0.005],
							"lerp_mode": "catmullrom"
						},
						"6.0417": [0, 0, 0]
					}
				},
				"slide": {
					"position": {
						"4.625": [0, 0, 0],
						"4.7083": [0, 0, 1.6],
						"5.125": [0, 0, 1.6],
						"5.1667": [0, 0, 0]
					}
				},
				"righthand": {
					"rotation": {
						"0.0": [93.94813, 362.17452, -175.99563],
						"0.1667": {
							"pre": [93.94569, 359.18163, -176.20212],
							"post": [93.94569, 359.18163, -176.20212],
							"lerp_mode": "catmullrom"
						},
						"4.3333": [93.94813, 362.17452, -175.99563]
					},
					"position": {
						"0.0": [-6.5, -13.08, 6.52],
						"0.1667": [-7, -13.08, 6.395],
						"0.25": [-8.28562, -13.08, 6.075],
						"1.2083": [-8.2856, -13.08, 6.395],
						"1.375": [-8.2856, -13.31314, 6.34676],
						"1.4583": [-8.2856, -13.08, 6.395],
						"1.5417": [-8.2856, -13.08, 6.395],
						"4.2083": [-8.2856, -13.08, 6.395],
						"4.3333": [-6.5, -13.08, 6.52]
					},
					"scale": {
						"0.0": [1, 1.5, 1],
						"4.3333": [1, 1.5, 1]
					}
				},
				"mag_and_lefthand": {
					"rotation": {
						"1.5": [0, 0, 0],
						"1.7083": {
							"pre": [-41.5, 0, 40],
							"post": [-41.5, 0, 40],
							"lerp_mode": "catmullrom"
						},
						"2.0": {
							"post": [-38.75, 0, 53.5],
							"lerp_mode": "catmullrom"
						},
						"2.1667": {
							"post": [-38.75, 0, 53.5],
							"lerp_mode": "catmullrom"
						},
						"2.375": {
							"post": [-40.83941, 1.53844, 46.4344],
							"lerp_mode": "catmullrom"
						},
						"2.5833": {
							"post": [-33.3929, -6.72894, 76.68363],
							"lerp_mode": "catmullrom"
						},
						"2.7917": {
							"post": [-33.3929, -6.72894, 76.68363],
							"lerp_mode": "catmullrom"
						},
						"3.0": {
							"post": [-33.39, -6.73, 76.68],
							"lerp_mode": "catmullrom"
						},
						"3.25": {
							"post": [-41.5, 0, 40],
							"lerp_mode": "catmullrom"
						},
						"3.4583": [0, 0, 0]
					},
					"position": {
						"1.5": [0, 0, 0],
						"1.6667": {
							"pre": [-0.65625, -2, -0.25],
							"post": [-0.65625, -2, -0.25],
							"lerp_mode": "catmullrom"
						},
						"1.8333": {
							"post": [4.54813, -0.39279, -1.25],
							"lerp_mode": "catmullrom"
						},
						"2.0417": {
							"post": [4.58022, -0.42836, -1.5],
							"lerp_mode": "catmullrom"
						},
						"2.25": {
							"post": [4.58, -0.43, -1.5],
							"lerp_mode": "catmullrom"
						},
						"2.4583": {
							"post": [4.08, -1.18, -1.25],
							"lerp_mode": "catmullrom"
						},
						"2.6667": {
							"post": [5.67482, -1.23386, -1.75],
							"lerp_mode": "catmullrom"
						},
						"2.9167": {
							"post": [5.67482, -1.23386, -1.75],
							"lerp_mode": "catmullrom"
						},
						"3.1667": {
							"post": [5.67, -1.23, -1.75],
							"lerp_mode": "catmullrom"
						},
						"3.375": {
							"post": [-0.65625, -2, 0],
							"lerp_mode": "catmullrom"
						},
						"3.5417": [0, 0.75, 0],
						"3.5833": [0, 0.5, 0],
						"3.625": [0, 0.75, 0],
						"3.7083": [0, 0.75, 0],
						"3.7917": [0, 0, 0]
					}
				},
				"lefthand": {
					"rotation": {
						"0.0": [103.70198, -16.68321, 164.77774],
						"0.75": [93.63797, -0.95955, 267.00201],
						"1.0833": {
							"pre": [52.13797, -39.95955, 277.00201],
							"post": [52.13797, -39.95955, 277.00201],
							"lerp_mode": "catmullrom"
						},
						"1.4583": [68.93021, -50.11669, 277.11059],
						"3.7083": [68.93021, -50.11669, 277.11059],
						"4.0833": [68.93, -50.12, 277.11],
						"4.2917": [98.17232, -43.59625, 154.40208],
						"4.4167": [98.1723, -43.5963, 154.4021],
						"5.125": [98.1723, -43.5963, 154.4021],
						"5.2083": {
							"pre": [100.15495, -44.39961, 133.0592],
							"post": [100.15495, -44.39961, 133.0592],
							"lerp_mode": "catmullrom"
						},
						"5.3333": [69.02, -41.13, 177.66],
						"5.5833": [103.70198, -16.68321, 164.77774]
					},
					"position": {
						"0.0": [7.75, -13.26, 2.63],
						"0.75": [15.66, -43.76, 10.9825],
						"1.0833": {
							"pre": [8.66, -43.76, 1.92],
							"post": [8.66, -43.76, 1.92],
							"lerp_mode": "catmullrom"
						},
						"1.4583": [5.72401, -22.73, 9.2],
						"1.9167": [5.72, -22.73, 9.2],
						"3.75": [5.72401, -22.73, 9.2],
						"3.7917": [5.72, -16.73, 7.0125],
						"4.0": [5.72, -16.73, 7.0125],
						"4.1667": {
							"pre": [10.36866, -11.95824, 2.5115],
							"post": [10.36866, -11.95824, 2.5115],
							"lerp_mode": "catmullrom"
						},
						"4.2917": [8.05326, -9.43027, 5.59251],
						"4.625": [8.05326, -9.4303, 5.7175],
						"4.7083": [7.97, -9.54, 8.8875],
						"5.125": [7.97, -9.54, 8.8875],
						"5.2083": [9.22087, -8.31714, 11.76369],
						"5.2917": [9.22087, -8.31714, 11.76369],
						"5.4167": [8.55, -11.56, 11.1475],
						"5.5833": [7.75, -14.26, 1.63]
					},
					"scale": {
						"0.0": [0, 0, 0],
						"1.0833": [0, 0, 0],
						"1.125": [1, 1.5, 1],
						"5.375": [1, 1.5, 1],
						"5.4583": [0, 0, 0]
					}
				},
				"bullet": {
					"position": {
						"4.5417": [0, 0, 0],
						"4.7083": [0, 0, 1.5],
						"5.125": [0, 0, 1.5],
						"5.2083": [0, 0, 0]
					},
					"scale": {
						"0.0": [0, 0, 0],
						"4.5": [0, 0, 0],
						"4.5417": [1, 1, 1]
					}
				},
				"magazine": {
					"position": {
						"1.4583": [0, 0, 0],
						"1.5833": [0, -6.0625, 1.375],
						"3.75": [0, -5.8125, 1.375],
						"3.7917": [0, 0, 0]
					}
				},
				"camera": {
					"rotation": {
						"0.0": {
							"post": [0, 0, 0],
							"lerp_mode": "catmullrom"
						},
						"0.1667": {
							"post": [1, 0, 0.25],
							"lerp_mode": "catmullrom"
						},
						"0.375": {
							"post": [0.3125, 0, 0.25],
							"lerp_mode": "catmullrom"
						},
						"0.625": {
							"post": [0.5, 0, 0.5],
							"lerp_mode": "catmullrom"
						},
						"0.8333": {
							"post": [0.5, 0, 1],
							"lerp_mode": "catmullrom"
						},
						"1.0833": {
							"post": [2, -0.375, 0.25],
							"lerp_mode": "catmullrom"
						},
						"1.2917": {
							"post": [3.4375, 0, 0.25],
							"lerp_mode": "catmullrom"
						},
						"1.4583": {
							"post": [3.75, 0, -1.75],
							"lerp_mode": "catmullrom"
						},
						"1.7083": {
							"post": [2.75, -2.75, -0.5],
							"lerp_mode": "catmullrom"
						},
						"2.0417": {
							"post": [3.75, -3, 0.25],
							"lerp_mode": "catmullrom"
						},
						"2.4583": {
							"post": [3.25, -3, 0],
							"lerp_mode": "catmullrom"
						},
						"2.6667": {
							"post": [4.75, -2.8125, -1],
							"lerp_mode": "catmullrom"
						},
						"3.0": {
							"post": [4.76, -3, -1.25],
							"lerp_mode": "catmullrom"
						},
						"3.25": {
							"post": [1.25, 0, 0.75],
							"lerp_mode": "catmullrom"
						},
						"3.5": {
							"post": [0.25, 0, -1],
							"lerp_mode": "catmullrom"
						},
						"3.75": {
							"post": [0.5, 0, 0],
							"lerp_mode": "catmullrom"
						},
						"3.8333": {
							"post": [1.5, 0, -2.25],
							"lerp_mode": "catmullrom"
						},
						"4.0833": {
							"post": [1.1875, 0, 0],
							"lerp_mode": "catmullrom"
						},
						"4.3333": {
							"post": [4.125, 0, -1.5],
							"lerp_mode": "catmullrom"
						},
						"4.625": {
							"post": [4.995, 0, -1.5],
							"lerp_mode": "catmullrom"
						},
						"4.75": {
							"post": [6.045, 0, -0.75],
							"lerp_mode": "catmullrom"
						},
						"4.875": {
							"post": [4.205, 0, -2.75],
							"lerp_mode": "catmullrom"
						},
						"5.125": {
							"post": [4.185, 0, -1.5],
							"lerp_mode": "catmullrom"
						},
						"5.25": {
							"post": [5.375, 0, -2.5],
							"lerp_mode": "catmullrom"
						},
						"5.5": {
							"post": [1.36, 0, 0.25],
							"lerp_mode": "catmullrom"
						},
						"5.7917": {
							"post": [-0.5, 0, -0.75],
							"lerp_mode": "catmullrom"
						},
						"6.0833": {
							"post": [0.1875, 0, 0],
							"lerp_mode": "catmullrom"
						},
						"6.3333": {
							"post": [0, 0, 0],
							"lerp_mode": "catmullrom"
						}
					}
				}
			}
		},
		"run_start": {
			"animation_length": 0.4333,
			"bones": {
				"root": {
					"rotation": {
						"0.0": {
							"post": [0, 0, 0],
							"lerp_mode": "catmullrom"
						},
						"0.1667": {
							"post": [-19.5175, -0.64, -2.65],
							"lerp_mode": "catmullrom"
						},
						"0.3333": {
							"post": [-53.26, -0.59, -5.51],
							"lerp_mode": "catmullrom"
						},
						"0.4333": {
							"post": [-63.75, 5, -7.125],
							"lerp_mode": "catmullrom"
						}
					},
					"position": {
						"0.0": {
							"post": [0, 0, 0],
							"lerp_mode": "catmullrom"
						},
						"0.1": {
							"post": [-0.3, 0.1075, 0.4325],
							"lerp_mode": "catmullrom"
						},
						"0.2333": {
							"post": [-2.16, 0.3425, 0.3825],
							"lerp_mode": "catmullrom"
						},
						"0.3333": {
							"post": [-3.4675, 0.4375, 0.4375],
							"lerp_mode": "catmullrom"
						},
						"0.4333": {
							"post": [-4.0925, 0.5625, 0.8],
							"lerp_mode": "catmullrom"
						}
					}
				}
			}
		},
		"run": {
			"loop": true,
			"animation_length": 0.7,
			"bones": {
				"root": {
					"rotation": {
						"0.0": {
							"post": [-63.75, 5, -7.125],
							"lerp_mode": "catmullrom"
						},
						"0.2667": {
							"post": [-65.83104, 1.44773, -10.70644],
							"lerp_mode": "catmullrom"
						},
						"0.4667": {
							"post": [-62.15716, 1.12692, -10.68825],
							"lerp_mode": "catmullrom"
						},
						"0.7": {
							"post": [-63.75, 5, -7.125],
							"lerp_mode": "catmullrom"
						}
					},
					"position": {
						"0.0": {
							"post": [-4.0925, 0.5625, 0.8],
							"lerp_mode": "catmullrom"
						},
						"0.1667": {
							"post": [-5.11071, 1.9625, 0.8],
							"lerp_mode": "catmullrom"
						},
						"0.3333": {
							"post": [-4.05236, 0.125, 0.8],
							"lerp_mode": "catmullrom"
						},
						"0.5": {
							"post": [-3.27365, 1.6825, 0.8],
							"lerp_mode": "catmullrom"
						},
						"0.7": {
							"post": [-4.0925, 0.5625, 0.8],
							"lerp_mode": "catmullrom"
						}
					}
				}
			}
		},
		"run_end": {
			"animation_length": 0.2083,
			"bones": {
				"root": {
					"rotation": {
						"0.0": {
							"post": [-63.75, 5, -7.125],
							"lerp_mode": "catmullrom"
						},
						"0.125": {
							"post": [-19.5175, -0.64, -2.65],
							"lerp_mode": "catmullrom"
						},
						"0.2083": {
							"post": [0, 0, 0],
							"lerp_mode": "catmullrom"
						}
					},
					"position": {
						"0.0": {
							"post": [-4.0925, 0.5625, 0.8],
							"lerp_mode": "catmullrom"
						},
						"0.0833": {
							"post": [-2.16, 0.3425, 0.3825],
							"lerp_mode": "catmullrom"
						},
						"0.1667": {
							"post": [-0.3, 0.1075, 0.0575],
							"lerp_mode": "catmullrom"
						},
						"0.2083": {
							"post": [0, 0, 0],
							"lerp_mode": "catmullrom"
						}
					}
				}
			}
		},
		"run_hold": {
			"loop": true,
			"bones": {
				"root": {
					"rotation": [-63.75, 5, -7.125],
					"position": [-4.0925, 0.5625, 0.8]
				}
			}
		}
	}
}