{
	"format_version": "1.8.0",
	"animations": {
		"static_idle": {
			"loop": true,
			"bones": {
				"constraint": {
					"rotation": [0.2, 0.2, 0.4],
					"position": [0.1, 0.1, 0.1]
				},
				"lefthand": {
					"rotation": [90.4533, -389.73135, -129.57361],
					"position": [7.4, -12.7, -4.5],
					"scale": [1, 1.5, 1]
				},
				"righthand": {
					"rotation": [100.03742, 4.92385, -179.12962],
					"position": [-6.8, -14.2, 7.4],
					"scale": [1, 1.5, 1]
				}
			}
		},
		"shoot": {
			"loop": true,
			"animation_length": 0.7667,
			"bones": {
				"constraint": {
					"rotation": {
						"0.15": [0.3, 0.3, 0.3],
						"0.2333": [0.1, 0.1, 0.1],
						"0.3333": [0, 0, 0]
					},
					"position": {
						"0.15": [0.15, 0.05, 0.4],
						"0.2333": [0.1, 0, 0.1],
						"0.3333": [0, 0, 0]
					}
				},
				"additional_magazine": {
					"scale": 1
				},
				"root": {
					"rotation": {
						"0.0": {
							"post": [0, 0, 0],
							"lerp_mode": "catmullrom"
						},
						"0.0167": {
							"post": [-1.74688, 0, -1.125],
							"lerp_mode": "catmullrom"
						},
						"0.05": {
							"post": [-1.46953, 0, 1.3],
							"lerp_mode": "catmullrom"
						},
						"0.1333": {
							"post": [0.13047, 0, -0.815],
							"lerp_mode": "catmullrom"
						},
						"0.1833": {
							"post": [-0.125, 0, 0.48281],
							"lerp_mode": "catmullrom"
						},
						"0.25": {
							"post": [0.01641, 0.00036, -0.76172],
							"lerp_mode": "catmullrom"
						},
						"0.35": {
							"post": [0.3, 0, 0.175],
							"lerp_mode": "catmullrom"
						},
						"0.45": {
							"post": [0.37485, -0.36189, -0.1543],
							"lerp_mode": "catmullrom"
						},
						"0.5667": {
							"post": [0.24996, -0.05436, 0.27499],
							"lerp_mode": "catmullrom"
						},
						"0.7167": {
							"post": [-0.01, 0, -0.03],
							"lerp_mode": "catmullrom"
						},
						"0.8333": {
							"post": [0, 0, 0],
							"lerp_mode": "catmullrom"
						}
					},
					"position": {
						"0.0": {
							"post": [0, 0, 0],
							"lerp_mode": "catmullrom"
						},
						"0.0167": {
							"post": [0, -0.06875, 1.55234],
							"lerp_mode": "catmullrom"
						},
						"0.1167": {
							"post": [0, -0.05469, 1.39406],
							"lerp_mode": "catmullrom"
						},
						"0.1833": {
							"post": [0, -0.15156, -0.09609],
							"lerp_mode": "catmullrom"
						},
						"0.3": {
							"post": [0, -0.075, 0.05703],
							"lerp_mode": "catmullrom"
						},
						"0.4": {
							"post": [0, -0.06, 0.02],
							"lerp_mode": "catmullrom"
						},
						"0.5167": {
							"post": [0, 0, 0],
							"lerp_mode": "catmullrom"
						},
						"0.6333": {
							"post": [0, 0, 0],
							"lerp_mode": "catmullrom"
						},
						"0.7667": {
							"post": [0, 0, 0],
							"lerp_mode": "catmullrom"
						}
					}
				},
				"camera": {
					"rotation": {
						"0.0": {
							"post": [0, 0, 0],
							"lerp_mode": "catmullrom"
						},
						"0.0167": {
							"post": [0, 0, 0],
							"lerp_mode": "catmullrom"
						},
						"0.0333": {
							"post": [0, 0, 1.025],
							"lerp_mode": "catmullrom"
						},
						"0.05": {
							"post": [0, 0, -0.7],
							"lerp_mode": "catmullrom"
						},
						"0.0833": {
							"post": [0, 0, 0.6],
							"lerp_mode": "catmullrom"
						},
						"0.1333": {
							"post": [0, 0, -0.3],
							"lerp_mode": "catmullrom"
						},
						"0.2": {
							"post": [0, 0, 0.35],
							"lerp_mode": "catmullrom"
						},
						"0.2833": {
							"post": [0, 0, -0.15],
							"lerp_mode": "catmullrom"
						},
						"0.3833": {
							"post": [0, 0, 0],
							"lerp_mode": "catmullrom"
						}
					}
				}
			}
		},
		"draw": {
			"animation_length": 0.85,
			"bones": {
				"lefthand": {
					"rotation": {
						"0.0": {
							"post": [57.22217, -380.03796, -110.23468],
							"lerp_mode": "catmullrom"
						},
						"0.3": {
							"post": [87.47896, -394.73118, -129.62168],
							"lerp_mode": "catmullrom"
						},
						"0.4": {
							"post": [90.96448, -392.23059, -129.59584],
							"lerp_mode": "catmullrom"
						},
						"0.55": [90.4533, -389.73135, -129.57361]
					},
					"position": {
						"0.0": [7.4, -13.2, -8.5],
						"0.3": [7.4, -12.7, -4.5]
					},
					"scale": [1, 1.5, 1]
				},
				"root": {
					"rotation": {
						"0.0": [22.5, -22.5, 32.5],
						"0.1": {
							"pre": [16.81, -14.77, 27.74],
							"post": [16.81, -14.77, 27.74],
							"lerp_mode": "catmullrom"
						},
						"0.2": {
							"post": [10.38725, -13.74806, 10.06185],
							"lerp_mode": "catmullrom"
						},
						"0.3": {
							"post": [-0.89045, 2.45614, 7.08983],
							"lerp_mode": "catmullrom"
						},
						"0.45": [1.10685, 1.42586, -1.99731],
						"0.5": {
							"pre": [0.39065, 0.294, 2.28025],
							"post": [0.39065, 0.294, 2.28025],
							"lerp_mode": "catmullrom"
						},
						"0.55": {
							"post": [0.03946, 0.20234, -1.89002],
							"lerp_mode": "catmullrom"
						},
						"0.65": {
							"post": [0.03, 0.12, 0.67],
							"lerp_mode": "catmullrom"
						},
						"0.85": [0, 0, 0]
					},
					"position": {
						"0.0": {
							"post": [-5, -14, 0],
							"lerp_mode": "catmullrom"
						},
						"0.15": {
							"post": [-3.79, -7.23, -0.38],
							"lerp_mode": "catmullrom"
						},
						"0.3": {
							"post": [-0.3, -0.4, -0.6],
							"lerp_mode": "catmullrom"
						},
						"0.5": {
							"post": [0.01, -0.3, 0.5],
							"lerp_mode": "catmullrom"
						},
						"0.6": [-0.01, -0.07, -0.32],
						"0.75": {
							"pre": [0, 0, 0],
							"post": [0, 0, 0],
							"lerp_mode": "catmullrom"
						}
					}
				},
				"righthand": {
					"rotation": {
						"0.25": [100.72722, -2.77836, -170.38597],
						"0.4": [100.03742, 4.92385, -179.12962],
						"0.45": [100.03742, 4.92385, -179.12962]
					},
					"position": {
						"0.15": [-10.07, -17.7, 6.73],
						"0.25": [-8.5, -14.2, 6.4],
						"0.4": [-6.6, -14.2, 6.7],
						"0.45": [-6.8, -14.2, 7.4]
					},
					"scale": {
						"0.0": [1, 1.5, 1],
						"0.45": [1, 1.5, 1]
					}
				},
				"camera": {
					"rotation": {
						"0.0": {
							"post": [0, 0, 0],
							"lerp_mode": "catmullrom"
						},
						"0.1": {
							"post": [0.55, -0.05, 0.1],
							"lerp_mode": "catmullrom"
						},
						"0.2": {
							"post": [1.1, -0.3, 0.7],
							"lerp_mode": "catmullrom"
						},
						"0.4": {
							"post": [0.7, -0.2, 0.3],
							"lerp_mode": "catmullrom"
						},
						"0.5": {
							"post": [-0.1, 0, 0.4],
							"lerp_mode": "catmullrom"
						},
						"0.55": {
							"post": [0.2, 0.1, -0.3],
							"lerp_mode": "catmullrom"
						},
						"0.65": {
							"post": [0, 0, 0.1],
							"lerp_mode": "catmullrom"
						},
						"0.75": {
							"post": [0, 0, 0],
							"lerp_mode": "catmullrom"
						}
					}
				}
			}
		},
		"put_away": {
			"loop": "hold_on_last_frame",
			"animation_length": 0.5667,
			"bones": {
				"lefthand": {
					"rotation": {
						"0.0": [90.4533, -389.73135, -129.57361],
						"0.0333": {
							"pre": [125.75034, -383.89569, -174.5993],
							"post": [125.75034, -383.89569, -174.5993],
							"lerp_mode": "catmullrom"
						},
						"0.1333": {
							"post": [150.15385, -361.21748, -224.0276],
							"lerp_mode": "catmullrom"
						}
					},
					"position": {
						"0.0": [7.4, -12.7, -4.5],
						"0.0333": {
							"pre": [8.565, -10.835, -5.85],
							"post": [8.565, -10.835, -5.85],
							"lerp_mode": "catmullrom"
						},
						"0.1333": {
							"post": [8.825, -8.4, -3.1],
							"lerp_mode": "catmullrom"
						}
					},
					"scale": [1, 1.5, 1]
				},
				"root": {
					"rotation": {
						"0.0": {
							"post": [0, 0, 0],
							"lerp_mode": "catmullrom"
						},
						"0.0667": {
							"post": [-0.64, -3.66, -2.19],
							"lerp_mode": "catmullrom"
						},
						"0.1667": {
							"post": [1.8, -12.38, 1.96],
							"lerp_mode": "catmullrom"
						},
						"0.3": {
							"post": [6.24, -23.59, 10.25],
							"lerp_mode": "catmullrom"
						},
						"0.4333": {
							"post": [11.63972, -43.66226, 20.28897],
							"lerp_mode": "catmullrom"
						},
						"0.5667": {
							"post": [15.16328, -62.05346, 26.17398],
							"lerp_mode": "catmullrom"
						}
					},
					"position": {
						"0.0": {
							"post": [0, 0, 0],
							"lerp_mode": "catmullrom"
						},
						"0.0667": {
							"post": [-0.45, -0.49, 0.28],
							"lerp_mode": "catmullrom"
						},
						"0.1667": {
							"post": [-0.67, -1.47, 0.34],
							"lerp_mode": "catmullrom"
						},
						"0.3": {
							"post": [-0.435, -2.62, 0.06],
							"lerp_mode": "catmullrom"
						},
						"0.4333": {
							"post": [0.92, -4.65, -0.335],
							"lerp_mode": "catmullrom"
						},
						"0.6": {
							"post": [4.125, -6.925, -0.35],
							"lerp_mode": "catmullrom"
						}
					}
				},
				"righthand": {
					"rotation": [100.03742, 4.92385, -179.12962],
					"position": [-6.8, -14.2, 7.4],
					"scale": [1, 1.5, 1]
				},
				"camera": {
					"rotation": {
						"0.0": {
							"post": [0, 0, 0],
							"lerp_mode": "catmullrom"
						},
						"0.1333": {
							"post": [0.3, 0, -0.125],
							"lerp_mode": "catmullrom"
						},
						"0.2333": {
							"post": [0.64, 0, 0.3],
							"lerp_mode": "catmullrom"
						},
						"0.3667": {
							"post": [0.5, 0, 0.15],
							"lerp_mode": "catmullrom"
						},
						"0.5333": {
							"post": [0, 0, 0],
							"lerp_mode": "catmullrom"
						}
					}
				}
			}
		},
		"reload_tactical": {
			"animation_length": 1.8667,
			"bones": {
				"bb_illuminated": {
					"scale": 0
				},
				"lefthand": {
					"rotation": {
						"0.0": [90.4533, -389.73135, -129.57361],
						"0.1333": [100.34159, -394.50234, -151.83999],
						"0.2667": [122.84, -394.505, -151.84],
						"1.1333": [122.84, -394.505, -151.84],
						"1.2": [100.34159, -394.50234, -151.83999],
						"1.3": [90.4533, -389.73135, -129.57361]
					},
					"position": {
						"0.0": [7.4, -12.7, -4.5],
						"0.1333": [8.5437, -12.87, -4.77],
						"0.2667": [7.545, -12.87, -5.77],
						"1.1333": [7.545, -12.87, -5.77],
						"1.2": [7.545, -12.87, -5.77],
						"1.3": [7.4, -12.7, -4.5]
					},
					"scale": {
						"0.0": [1, 1.5, 1],
						"0.1333": [1, 1.5, 1],
						"1.3": [1, 1.5, 1]
					}
				},
				"root": {
					"rotation": {
						"0.0": [0, 0, 0],
						"0.0333": [0, 0, 0],
						"0.1333": {
							"pre": [-2.39935, 1.72092, -8.80522],
							"post": [-2.39935, 1.72092, -8.80522],
							"lerp_mode": "catmullrom"
						},
						"0.2333": {
							"post": [-23.59728, 8.87635, -26.44594],
							"lerp_mode": "catmullrom"
						},
						"0.3333": {
							"post": [-34.78, 9.05, -27.57],
							"lerp_mode": "catmullrom"
						},
						"0.5": {
							"post": [-33.0725, 8, -28.4375],
							"lerp_mode": "catmullrom"
						},
						"0.6": [-33.3025, 9, -27.9275],
						"0.6667": [-33.4825, 8.5, -27.9775],
						"0.7667": [-33.6925, 9, -28.4375],
						"0.9": {
							"pre": [-33.8225, 8, -27.4375],
							"post": [-33.8225, 8, -27.4375],
							"lerp_mode": "catmullrom"
						},
						"1.0667": {
							"post": [-33.89206, 8.23924, -28.4375],
							"lerp_mode": "catmullrom"
						},
						"1.2": {
							"post": [-33.3225, 6.37, -20.8925],
							"lerp_mode": "catmullrom"
						},
						"1.3": {
							"post": [-5.445, 2.05, -16.18],
							"lerp_mode": "catmullrom"
						},
						"1.4333": [0.71, -0.04, -2.11],
						"1.4667": [0.9, -0.45, -0.72],
						"1.5": [0.67, -0.45, 0.33],
						"1.5333": [0.12, -0.18, 0.27],
						"1.5667": [0.08, -0.49, 0.2675],
						"1.6": [0.05, -0.44, 0.985],
						"1.6333": [0.02, -0.32, 0.625],
						"1.7667": {
							"pre": [-0.01, -0.09, 0.855],
							"post": [-0.01, -0.09, 0.855],
							"lerp_mode": "catmullrom"
						},
						"1.8667": [0, 0, 0]
					},
					"position": {
						"0.0": [0, 0, 0],
						"0.0667": {
							"pre": [-0.125, 0.25, 0],
							"post": [-0.125, 0.25, 0],
							"lerp_mode": "catmullrom"
						},
						"0.1333": {
							"post": [-0.375, 0.625, 0],
							"lerp_mode": "catmullrom"
						},
						"0.2": {
							"post": [-1.25, 0.3325, 0.07],
							"lerp_mode": "catmullrom"
						},
						"0.2667": {
							"post": [-2.8375, -2.4875, 0.0625],
							"lerp_mode": "catmullrom"
						},
						"0.3333": {
							"post": [-3.3375, -2.2375, -0.3125],
							"lerp_mode": "catmullrom"
						},
						"0.9": {
							"post": [-3.175, -2.215, -0.41],
							"lerp_mode": "catmullrom"
						},
						"1.0667": {
							"post": [-3.025, -2.2375, -0.3125],
							"lerp_mode": "catmullrom"
						},
						"1.2": {
							"post": [-1.08, -2.37, 0.97],
							"lerp_mode": "catmullrom"
						},
						"1.2667": [-0.3575, -1.7875, 0.5725],
						"1.3333": [-0.22, -1.01, -0.35],
						"1.4": {
							"pre": [-0.1, -0.75, -0.62],
							"post": [-0.1, -0.75, -0.62],
							"lerp_mode": "catmullrom"
						},
						"1.4667": [-0.05, -0.65, -0.31],
						"1.5333": {
							"pre": [0, -0.12, 0.57],
							"post": [0, -0.12, 0.57],
							"lerp_mode": "catmullrom"
						},
						"1.6333": [0, -0.04, -0.07],
						"1.6667": [0, -0.02, -0.11],
						"1.7": [0, -0.01, -0.07],
						"1.7333": [0, 0, -0.03],
						"1.7667": [0, 0, -0.02],
						"1.8": [0, 0, -0.01],
						"1.8333": [0, 0, -0.01],
						"1.8667": [0, 0, 0]
					}
				},
				"righthand": {
					"rotation": [100.03742, 4.92385, -179.12962],
					"position": [-6.8, -14.2, 7.4],
					"scale": [1, 1.5, 1]
				},
				"camera": {
					"rotation": {
						"0.0": [0, 0, 0],
						"0.0333": [0.04, 0.01, -0.02],
						"0.0667": [0.1, 0.02, -0.04],
						"0.1": [0.17, 0.03, -0.06],
						"0.1333": [0.25, 0.05, -0.1],
						"0.1667": [0.35, 0.06, -0.16],
						"0.3667": {
							"pre": [1.54, 0.13, -1.12],
							"post": [1.54, 0.13, -1.12],
							"lerp_mode": "catmullrom"
						},
						"0.4667": {
							"post": [1.53, -0.2825, -0.8375],
							"lerp_mode": "catmullrom"
						},
						"0.6": {
							"post": [1.57, 0.09, -1.15],
							"lerp_mode": "catmullrom"
						},
						"0.7667": {
							"post": [1.64, -0.31, -0.9],
							"lerp_mode": "catmullrom"
						},
						"0.9": {
							"post": [1.58, 0.01, -1.2325],
							"lerp_mode": "catmullrom"
						},
						"0.9667": {
							"post": [1.6575, 0, -1.235],
							"lerp_mode": "catmullrom"
						},
						"1.1": {
							"post": [1.82, -0.28, -1.395],
							"lerp_mode": "catmullrom"
						},
						"1.2333": {
							"post": [1.8025, -0.07, -0.92],
							"lerp_mode": "catmullrom"
						},
						"1.3333": {
							"post": [1.595, -0.01, -0.63],
							"lerp_mode": "catmullrom"
						},
						"1.4": [0.42, -0.17, -0.18],
						"1.4333": [0.06, -0.09, 0.07],
						"1.4667": [-0.17, -0.04, 0.2],
						"1.5": [-0.1, 0, 0],
						"1.5333": [0.16, 0, -0.29],
						"1.5667": [0.1, 0, -0.22],
						"1.6": [-0.03, 0, -0.05],
						"1.6333": [-0.12, 0, 0.08],
						"1.6667": [-0.11, 0, 0.09],
						"1.7": [-0.08, 0, 0.06],
						"1.7333": [-0.03, 0, 0.02],
						"1.7667": [0, 0, 0]
					}
				}
			}
		},
		"reload_empty": {
			"animation_length": 4.6,
			"bones": {
				"mag_release": {
					"position": {
						"0.7667": [0, 0, 0],
						"0.8": [0.06, 0, 0],
						"0.8333": [0.13, 0, 0],
						"0.8667": [0.13, 0, 0],
						"0.9": [0.13, 0, 0],
						"0.9333": [0.13, 0, 0],
						"0.9667": [0.13, 0, 0],
						"1.0": [0.13, 0, 0],
						"1.0333": [0.13, 0, 0],
						"1.0667": [0.13, 0, 0],
						"1.1": [0.06, 0, 0],
						"1.1333": [0, 0, 0],
						"1.1667": [0, 0, 0],
						"1.2": [0, 0, 0],
						"1.2333": [0, 0, 0],
						"1.2667": [0, 0, 0],
						"1.3": [0, 0, 0],
						"1.3333": [0.06, 0, 0],
						"1.3667": [0.13, 0, 0],
						"1.4": [0.13, 0, 0],
						"1.4333": [0.13, 0, 0],
						"1.4667": [0.06, 0, 0],
						"1.5": [0, 0, 0]
					}
				},
				"1zzzz_illuminated": {
					"scale": {
						"0.0": [0, 0, 0],
						"2.7333": [0, 0, 0],
						"2.7667": {
							"pre": [0, 0, 0],
							"post": [1, 1, 1]
						}
					}
				},
				"2zzzz_illuminated": {
					"scale": {
						"0.0": [1, 1, 1],
						"2.7333": [1, 1, 1],
						"2.7667": {
							"pre": [1, 1, 1],
							"post": [0, 0, 0]
						}
					}
				},
				"bb_illuminated": {
					"scale": 0
				},
				"constraint": {
					"rotation": {
						"0.0": [0, 0, 0],
						"2.0333": [0, 0, 0],
						"2.2": [0.2, 0.2, 0.4]
					},
					"position": {
						"0.0": [0.02, 0.02, 0.02],
						"2.0333": [0.02, 0.02, 0.02],
						"2.2": [0.1, 0.1, 0.1]
					}
				},
				"lefthand": {
					"rotation": {
						"0.0": [90.4533, -389.73135, -129.57361],
						"0.1": [114.7696, -386.4157, -151.1206],
						"0.2667": [96.0383, -384.13438, -149.52003],
						"0.8333": [96.0383, -384.13438, -149.52003],
						"1.3667": [96.0383, -384.13438, -149.52003],
						"1.4333": {
							"pre": [96.9594, -371.08, -146.85684],
							"post": [96.9594, -371.08, -146.85684],
							"lerp_mode": "catmullrom"
						},
						"1.5": [87.88932, -373.05536, -131.09013],
						"1.5667": [97.45451, -366.05258, -150.05009],
						"1.6": [142.75618, -387.4974, -185.17361],
						"1.7667": [121.24446, -361.49393, -206.39364],
						"1.9333": [140.11693, -361.89393, -226.79716],
						"2.1": [80.61486, -364.58717, -150.15944],
						"2.3": [126.09251, -356.46883, -197.78575],
						"2.5667": [114.76, -361.82, -177.92],
						"3.4333": [113.34, -362.49, -175.44],
						"3.5667": [106.96, -365.5075, -164.26],
						"3.7": [97.46341, -381.50635, -149.10122],
						"4.0": [90.4533, -389.73135, -129.57361]
					},
					"position": {
						"0.0": [7.4, -12.7, -4.5],
						"0.1333": [8.045, -13.1825, -5.02],
						"0.8333": [8.045, -13.1825, -5.02],
						"1.3667": [8.045, -13.1825, -5.02],
						"1.4333": {
							"pre": [8.4187, -13.87, -4.895],
							"post": [8.4187, -13.87, -4.895],
							"lerp_mode": "catmullrom"
						},
						"1.5": {
							"post": [10.86, -11.62, -5.045],
							"lerp_mode": "catmullrom"
						},
						"1.6": {
							"post": [17.42, -12.995, -2.895],
							"lerp_mode": "catmullrom"
						},
						"1.7667": {
							"post": [15.42, -14.4325, -4.895],
							"lerp_mode": "catmullrom"
						},
						"1.9": {
							"post": [14.42, -22.9325, -5.895],
							"lerp_mode": "catmullrom"
						},
						"2.0333": {
							"post": [18.9825, -14.995, -4.3325],
							"lerp_mode": "catmullrom"
						},
						"2.1667": {
							"post": [16.7925, -21.3075, -6.335],
							"lerp_mode": "catmullrom"
						},
						"2.3": {
							"post": [14.98, -15.3075, -6.335],
							"lerp_mode": "catmullrom"
						},
						"2.4333": [14.04, -24.25, 3.5625],
						"2.5667": [11.24, -23.85, 0.15],
						"3.4333": [10.54, -23.75, 0.25],
						"3.5667": [8.665, -21.6875, -2.0625],
						"3.7": [8.4187, -13.87, -4.02],
						"4.0": [7.4, -12.7, -4.5]
					},
					"scale": {
						"0.0": [1, 1.5, 1],
						"1.4333": [1, 1.5, 1],
						"3.7": [1, 1.5, 1],
						"4.0": [1, 1.5, 1]
					}
				},
				"additional_magazine": {
					"rotation": {
						"0.9": [0, 0, 0],
						"0.9333": [0, 0, 0],
						"0.9667": [0, 0, 0],
						"1.0": [0, 0, 2.3],
						"1.0333": [0, 0, 4.6],
						"1.0667": [0, 0, 1.48],
						"1.1": [0, 0, -1.64],
						"1.1333": [0, 0, -4.76],
						"1.1667": [0, 0, -7.88],
						"1.2": [0, 0, -11],
						"1.2333": [0, 0, -11],
						"1.2667": [0, 0, -11],
						"1.3": [0, 0, -11],
						"1.3333": [0, 0, -11],
						"1.3667": [0, 0, -11],
						"1.4": [0, 0, -11],
						"1.4333": [0, 0, -11],
						"1.4667": [0, 0, -11],
						"1.5": [0, 0, -11],
						"1.5333": [5.52, -2.36, -16.7],
						"1.5667": [7.14, -6.86, -27.57],
						"1.6": [-1.55, -12.44, -41.07],
						"1.6333": [-14.51, -19.17, -57.34],
						"1.6667": [-24, -24, -69]
					},
					"position": {
						"0.9": [0, 0, 0],
						"0.9333": [0, -1.69, 0],
						"0.9667": [0, -3.37, 0],
						"1.0": [-0.36, -3.6, 0],
						"1.0333": [-0.72, -3.82, 0],
						"1.0667": [-1.07, -4.04, 0],
						"1.1": [-1.17, -3.91, 0],
						"1.1333": [-1.27, -3.78, 0],
						"1.1667": [-1.37, -3.65, 0],
						"1.2": [-1.47, -3.52, 0],
						"1.2333": [-1.57, -3.39, 0],
						"1.2667": [-1.66, -3.3, -0.05],
						"1.3": [-1.74, -3.21, -0.1],
						"1.3333": [-1.74, -2.02, -0.1],
						"1.3667": [-1.74, -0.82, -0.1],
						"1.4": [-1.74, -0.82, -0.1],
						"1.4333": [-1.74, -0.82, -0.1],
						"1.4667": [-1.74, -0.82, -0.1],
						"1.5": [-1.74, -0.82, -0.1],
						"1.5333": [-1.47, -3.29, 0.23],
						"1.5667": [-0.86, -5.03, 0.32],
						"1.6": [0.03, -7.33, 1.41],
						"1.6333": [2.13, -9.14, 5.07],
						"1.6667": [4.11, -10.65, 8.59]
					}
				},
				"root": {
					"rotation": {
						"0.0": [0, 0, 0],
						"0.0333": [-3.8525, 0, -0.14],
						"0.1333": {
							"pre": [-34.8925, -6.3825, -6.995],
							"post": [-34.8925, -6.3825, -6.995],
							"lerp_mode": "catmullrom"
						},
						"0.2667": [-38.3925, -9.4, -10.8125],
						"0.3333": [-39.125, -10.83, -12.3525],
						"0.3667": [-37.7625, -12.28, -12.3425],
						"0.4667": {
							"pre": [-37.7025, -11.28, -13.2425],
							"post": [-37.7025, -11.28, -13.2425],
							"lerp_mode": "catmullrom"
						},
						"0.6": {
							"post": [-39.2925, -11.93, -14.0925],
							"lerp_mode": "catmullrom"
						},
						"0.7": {
							"post": [-39.6425, -11.26, -13.4975],
							"lerp_mode": "catmullrom"
						},
						"0.8": {
							"post": [-39.3425, -10.7575, -13.5575],
							"lerp_mode": "catmullrom"
						},
						"1.1": {
							"post": [-39.2275, -11.115, -13.5875],
							"lerp_mode": "catmullrom"
						},
						"1.3667": {
							"post": [-37.785, -11.455, -14.54],
							"lerp_mode": "catmullrom"
						},
						"1.4333": {
							"post": [-29.91111, -0.353, 1.04316],
							"lerp_mode": "catmullrom"
						},
						"1.5": {
							"post": [-13.31952, 1.44794, 17.38782],
							"lerp_mode": "catmullrom"
						},
						"1.6": {
							"post": [-15.32, -15.5025, -1.26],
							"lerp_mode": "catmullrom"
						},
						"1.6667": {
							"post": [-11.3, -22.83, -13.68],
							"lerp_mode": "catmullrom"
						},
						"1.7333": {
							"post": [-8.38457, -21.45485, -16.72211],
							"lerp_mode": "catmullrom"
						},
						"1.8333": {
							"post": [-6.58395, -21.34733, -16.11844],
							"lerp_mode": "catmullrom"
						},
						"1.9667": {
							"post": [-6.91586, -20.31574, -16.49053],
							"lerp_mode": "catmullrom"
						},
						"2.0667": {
							"post": [-6.86894, -20.50437, -17.32836],
							"lerp_mode": "catmullrom"
						},
						"2.2667": {
							"post": [-7.63051, -18.79372, -17.66655],
							"lerp_mode": "catmullrom"
						},
						"2.5": {
							"post": [-7.63, -18.98, -18.4],
							"lerp_mode": "catmullrom"
						},
						"2.5667": {
							"post": [-7.6, -19.09, -18.59],
							"lerp_mode": "catmullrom"
						},
						"2.8667": {
							"post": [-7.5, -19.5, -18],
							"lerp_mode": "catmullrom"
						},
						"3.1333": {
							"post": [-7.6, -19, -18.5],
							"lerp_mode": "catmullrom"
						},
						"3.4333": {
							"post": [-7.7, -19.15, -18.63],
							"lerp_mode": "catmullrom"
						},
						"3.5667": {
							"post": [-7.79905, -19.34604, -18.63737],
							"lerp_mode": "catmullrom"
						},
						"3.6333": {
							"post": [-9.815, -18.1025, -15.8475],
							"lerp_mode": "catmullrom"
						},
						"3.7": {
							"post": [-17.4475, -15.74, -7.25],
							"lerp_mode": "catmullrom"
						},
						"3.7667": {
							"post": [-29.01931, -12.78528, -3.77276],
							"lerp_mode": "catmullrom"
						},
						"3.8333": {
							"post": [-26.20681, -8.03528, -3.77276],
							"lerp_mode": "catmullrom"
						},
						"3.9": {
							"post": [-8.76, -0.63, -12.205],
							"lerp_mode": "catmullrom"
						},
						"4.0": {
							"post": [1.93, 2.05, -5.6175],
							"lerp_mode": "catmullrom"
						},
						"4.1": {
							"post": [1.82, 0.62, -1.695],
							"lerp_mode": "catmullrom"
						},
						"4.1667": {
							"post": [0.9, -0.45, -0.72],
							"lerp_mode": "catmullrom"
						},
						"4.2333": {
							"post": [0.12, -0.18, 0.27],
							"lerp_mode": "catmullrom"
						},
						"4.3": {
							"post": [0.05, -0.44, 2.2975],
							"lerp_mode": "catmullrom"
						},
						"4.3333": {
							"post": [0.02, -0.32, 1.6875],
							"lerp_mode": "catmullrom"
						},
						"4.4667": {
							"post": [-0.01, -0.09, 0],
							"lerp_mode": "catmullrom"
						},
						"4.5667": [0, 0, 0]
					},
					"position": {
						"0.0": [0, 0, 0],
						"0.0333": [-0.08, 0.05, -0.21],
						"0.1333": {
							"pre": [-2.575, -3.9425, 0.285],
							"post": [-2.575, -3.9425, 0.285],
							"lerp_mode": "catmullrom"
						},
						"0.2": {
							"post": [-3.25, -4.99, 1.32],
							"lerp_mode": "catmullrom"
						},
						"0.3333": {
							"post": [-2.91, -4.4625, 2.0175],
							"lerp_mode": "catmullrom"
						},
						"0.4667": {
							"post": [-2.815, -4.235, 2.06],
							"lerp_mode": "catmullrom"
						},
						"0.6": {
							"post": [-2.815, -4.095, 2.13],
							"lerp_mode": "catmullrom"
						},
						"0.7667": {
							"post": [-2.815, -4.095, 2.25],
							"lerp_mode": "catmullrom"
						},
						"1.0667": {
							"post": [-2.87, -4.015, 2.18],
							"lerp_mode": "catmullrom"
						},
						"1.3333": {
							"post": [-3.08, -3.9675, 1.9075],
							"lerp_mode": "catmullrom"
						},
						"1.4333": {
							"post": [-2.46, -1.0875, 0.4],
							"lerp_mode": "catmullrom"
						},
						"1.5": {
							"post": [-2.61, -1.9125, 0.98],
							"lerp_mode": "catmullrom"
						},
						"1.6": {
							"post": [-2.95, -1.995, 0.895],
							"lerp_mode": "catmullrom"
						},
						"1.6667": {
							"post": [-3.18, -1.605, 0.515],
							"lerp_mode": "catmullrom"
						},
						"1.7333": {
							"post": [-3.51, -1.6275, 0.225],
							"lerp_mode": "catmullrom"
						},
						"2.0333": {
							"post": [-3.51, -1.81, 0.2875],
							"lerp_mode": "catmullrom"
						},
						"2.2667": [-3.51, -1.6275, 0.2875],
						"2.5667": {
							"pre": [-3.54, -1.48, 0.2],
							"post": [-3.54, -1.48, 0.2],
							"lerp_mode": "catmullrom"
						},
						"2.8667": {
							"post": [-3.54, -1.47, 0.21],
							"lerp_mode": "catmullrom"
						},
						"3.1333": {
							"post": [-3.54, -1.47, 0.21],
							"lerp_mode": "catmullrom"
						},
						"3.4333": {
							"post": [-3.54, -1.4675, 0.185],
							"lerp_mode": "catmullrom"
						},
						"3.5667": {
							"post": [-3.51, -1.3775, -0.0875],
							"lerp_mode": "catmullrom"
						},
						"3.6667": {
							"post": [-3.1, -0.1675, 0.165],
							"lerp_mode": "catmullrom"
						},
						"3.8333": {
							"post": [-1.95, -0.1075, 0.4525],
							"lerp_mode": "catmullrom"
						},
						"3.9": [-0.83, -0.87, 0.5325],
						"3.9667": {
							"pre": [-0.42, -1.35, -0.24],
							"post": [-0.42, -1.35, -0.24],
							"lerp_mode": "catmullrom"
						},
						"4.1": {
							"post": [-0.1, -0.5, -0.0575],
							"lerp_mode": "catmullrom"
						},
						"4.2333": {
							"post": [0, -0.12, 0.57],
							"lerp_mode": "catmullrom"
						},
						"4.2667": [0, -0.06, 0.45],
						"4.3": [0, -0.05, 0.15],
						"4.3333": [0, -0.04, -0.07],
						"4.3667": [0, -0.02, -0.11],
						"4.4": [0, -0.01, -0.07],
						"4.4333": [0, 0, -0.03],
						"4.4667": [0, 0, -0.02],
						"4.5": [0, 0, -0.01],
						"4.5333": [0, 0, -0.01],
						"4.5667": [0, 0, 0]
					}
				},
				"righthand": {
					"rotation": [100.03742, 4.92385, -179.12962],
					"position": [-6.8, -14.2, 7.4],
					"scale": [1, 1.5, 1]
				},
				"camera": {
					"rotation": {
						"0.0": [0, 0, 0],
						"0.0333": [0.04, 0.01, -0.02],
						"0.0667": [0.1, 0.02, -0.04],
						"0.1": [0.17, 0.03, -0.06],
						"0.1333": [0.25, 0.05, -0.1],
						"0.1667": [0.35, 0.06, -0.16],
						"0.2": [0.47, 0.08, -0.24],
						"0.2333": [0.67, 0.08, -0.39],
						"0.2667": [0.92, 0.09, -0.6],
						"0.3": [1.18, 0.1, -0.82],
						"0.3333": [1.4, 0.11, -1.01],
						"0.3667": {
							"pre": [1.54, 0.13, -1.12],
							"post": [1.54, 0.13, -1.12],
							"lerp_mode": "catmullrom"
						},
						"0.4667": {
							"post": [1.53, 0.2175, -1.15],
							"lerp_mode": "catmullrom"
						},
						"0.6": [1.57, 0.09, -1.15],
						"0.6333": [1.6, 0.04, -1.17],
						"0.6667": [1.63, 0, -1.19],
						"0.7": [1.65, -0.04, -1.19],
						"0.7333": [1.66, -0.06, -1.17],
						"0.7667": [1.64, -0.06, -1.15],
						"0.8": [1.59, -0.04, -1.11],
						"0.8333": [1.55, -0.01, -1.06],
						"0.8667": [1.54, 0.01, -1],
						"0.9": [1.58, 0.01, -0.92],
						"1.0333": [1.7475, -0.11, -0.82],
						"1.1333": {
							"pre": [1.7825, -0.125, -0.9225],
							"post": [1.7825, -0.125, -0.9225],
							"lerp_mode": "catmullrom"
						},
						"1.2667": [1.78, 0.0625, -0.9325],
						"1.3667": [1.8925, 0.01, -0.92],
						"1.4333": {
							"pre": [2.78, -0.25, -4.12],
							"post": [2.78, -0.25, -4.12],
							"lerp_mode": "catmullrom"
						},
						"1.5": {
							"post": [2.34, -1.53, 0.7825],
							"lerp_mode": "catmullrom"
						},
						"1.6": {
							"post": [1.445, -2.0925, 1.23],
							"lerp_mode": "catmullrom"
						},
						"1.6667": {
							"post": [1.435, -1.4275, -1.895],
							"lerp_mode": "catmullrom"
						},
						"1.7333": {
							"post": [1.485, -0.43, -2.9625],
							"lerp_mode": "catmullrom"
						},
						"1.8": {
							"post": [1.565, -0.12, -1.9475],
							"lerp_mode": "catmullrom"
						},
						"1.8667": {
							"post": [2.46, 0.01, 0.7075],
							"lerp_mode": "catmullrom"
						},
						"1.9333": {
							"post": [2.625, 0.05, 0.8125],
							"lerp_mode": "catmullrom"
						},
						"2.0": {
							"post": [1.81, -0.09, -1.6925],
							"lerp_mode": "catmullrom"
						},
						"2.0667": {
							"post": [1.565, -0.12, -2.135],
							"lerp_mode": "catmullrom"
						},
						"2.1333": {
							"post": [2.46, 0.01, 0.2075],
							"lerp_mode": "catmullrom"
						},
						"2.2": {
							"post": [2.625, 0.05, 0.3125],
							"lerp_mode": "catmullrom"
						},
						"2.2667": {
							"post": [1.81, -0.09, -1.1925],
							"lerp_mode": "catmullrom"
						},
						"2.3333": {
							"post": [1.6475, -0.11, -0.0175],
							"lerp_mode": "catmullrom"
						},
						"2.4": {
							"post": [1.415, -0.1, -0.735],
							"lerp_mode": "catmullrom"
						},
						"2.5": {
							"post": [1.38, -0.1, 0],
							"lerp_mode": "catmullrom"
						},
						"2.6": {
							"post": [1.34, -0.1, -0.35],
							"lerp_mode": "catmullrom"
						},
						"2.7667": {
							"post": [1.4, -0.1, -0.4],
							"lerp_mode": "catmullrom"
						},
						"3.1": {
							"post": [1.2, -0.1, -0.3],
							"lerp_mode": "catmullrom"
						},
						"3.4333": {
							"post": [1.34, -0.1, -0.35],
							"lerp_mode": "catmullrom"
						},
						"3.5667": {
							"post": [1.815, -0.1, -0.35],
							"lerp_mode": "catmullrom"
						},
						"3.6667": {
							"post": [2.3975, -0.1, -0.3025],
							"lerp_mode": "catmullrom"
						},
						"3.7667": {
							"post": [2.36366, -0.10464, -0.15498],
							"lerp_mode": "catmullrom"
						},
						"3.8333": {
							"post": [1.46, -0.11, -0.33],
							"lerp_mode": "catmullrom"
						},
						"3.9": [0.42, -0.17, -0.18],
						"3.9667": {
							"pre": [-0.17, -0.04, 0.2],
							"post": [-0.17, -0.04, 0.2],
							"lerp_mode": "catmullrom"
						},
						"4.0333": {
							"post": [0.16, 0, -0.29],
							"lerp_mode": "catmullrom"
						},
						"4.1333": {
							"post": [-0.12, 0, 0.08],
							"lerp_mode": "catmullrom"
						},
						"4.2": [-0.08, 0, 0.06],
						"4.2333": [-0.03, 0, 0.02],
						"4.2667": [0, 0, 0]
					}
				}
			}
		},
		"inspect": {
			"animation_length": 7.7083,
			"bones": {
				"lefthand": {
					"rotation": {
						"0.0": [90.4533, -389.73135, -129.57361],
						"0.2917": {
							"pre": [122.42285, -389.14523, -175.7724],
							"post": [122.42285, -389.14523, -175.7724],
							"lerp_mode": "catmullrom"
						},
						"0.4583": [122.42285, -389.14523, -175.7724],
						"1.0833": [122.42285, -389.14523, -175.7724],
						"2.4583": {
							"pre": [122.42285, -389.14523, -175.7724],
							"post": [122.42285, -389.14523, -175.7724],
							"lerp_mode": "catmullrom"
						},
						"2.5833": {
							"post": [130.20457, -391.74487, -185.95057],
							"lerp_mode": "catmullrom"
						},
						"2.75": {
							"post": [145.75221, -407.75408, -207.11051],
							"lerp_mode": "catmullrom"
						},
						"2.875": [146.3082, -409.75524, -206.88985],
						"3.625": [145.24, -409.035, -205.41],
						"4.0": [149.39189, -411.4177, -210.98406],
						"5.2917": [149.39189, -411.4177, -210.98406],
						"5.5417": [90.4533, -389.73135, -129.57361]
					},
					"position": {
						"0.0": [7.4, -12.7, -4.5],
						"0.3333": {
							"pre": [6.7, -12.9125, -5.875],
							"post": [6.7, -12.9125, -5.875],
							"lerp_mode": "catmullrom"
						},
						"1.0833": [6.7, -12.9125, -5.875],
						"2.4583": {
							"pre": [6.7, -12.9125, -5.875],
							"post": [6.7, -12.9125, -5.875],
							"lerp_mode": "catmullrom"
						},
						"2.75": [6.7, -12.7125, -6.775],
						"5.2917": [6.7, -12.7125, -6.775],
						"5.5417": [7.4, -12.7, -4.5]
					},
					"scale": {
						"0.0": [1, 1.5, 1],
						"5.5417": [1, 1.5, 1]
					}
				},
				"root": {
					"rotation": {
						"0.0": {
							"post": [0, 0, 0],
							"lerp_mode": "catmullrom"
						},
						"0.0833": {
							"post": [1.81542, -14.86634, -10.39453],
							"lerp_mode": "catmullrom"
						},
						"0.3333": {
							"post": [5.82015, -51.738, -53.5966],
							"lerp_mode": "catmullrom"
						},
						"0.5": {
							"post": [14.5, -58.27, -64.68],
							"lerp_mode": "catmullrom"
						},
						"0.7083": {
							"post": [15.90743, -59.62123, -63.90118],
							"lerp_mode": "catmullrom"
						},
						"1.0833": {
							"post": [17.85, -59.13, -64.69],
							"lerp_mode": "catmullrom"
						},
						"1.2917": {
							"post": [22.955, -56.8, -69.93],
							"lerp_mode": "catmullrom"
						},
						"1.5417": {
							"post": [24.37837, -56.38544, -70.5858],
							"lerp_mode": "catmullrom"
						},
						"1.75": {
							"post": [24.13538, -56.83258, -70.94291],
							"lerp_mode": "catmullrom"
						},
						"2.0833": {
							"post": [23.7023, -56.43942, -71.22899],
							"lerp_mode": "catmullrom"
						},
						"2.25": {
							"post": [20.48529, -57.29487, -67.27249],
							"lerp_mode": "catmullrom"
						},
						"2.3333": {
							"post": [17.395, -58.095, -61.845],
							"lerp_mode": "catmullrom"
						},
						"2.5": {
							"post": [-0.22664, -57.41767, -42.86406],
							"lerp_mode": "catmullrom"
						},
						"2.625": {
							"post": [19.92, -67.68, -42.64],
							"lerp_mode": "catmullrom"
						},
						"2.75": {
							"post": [32.37448, -74.31388, -42.89562],
							"lerp_mode": "catmullrom"
						},
						"2.8333": {
							"post": [39.31031, -74.52711, -45.54817],
							"lerp_mode": "catmullrom"
						},
						"3.0": {
							"post": [36.28795, -74.86716, -43.79753],
							"lerp_mode": "catmullrom"
						},
						"3.125": {
							"post": [35.95, -75.12, -43.73],
							"lerp_mode": "catmullrom"
						},
						"3.3333": {
							"post": [35.815, -75.53, -44.055],
							"lerp_mode": "catmullrom"
						},
						"3.625": {
							"post": [37.58, -76.31, -45.065],
							"lerp_mode": "catmullrom"
						},
						"3.875": {
							"post": [51.33547, -80.5604, -51.81558],
							"lerp_mode": "catmullrom"
						},
						"4.25": {
							"post": [52.06047, -82.5354, -51.81558],
							"lerp_mode": "catmullrom"
						},
						"5.2083": {
							"post": [48.6, -82.02, -51.155],
							"lerp_mode": "catmullrom"
						},
						"5.3333": {
							"post": [32.91, -68.525, -42.625],
							"lerp_mode": "catmullrom"
						},
						"5.4583": {
							"post": [10.17, -47.41, -22.3],
							"lerp_mode": "catmullrom"
						},
						"5.5417": {
							"post": [-12.02262, -26.83616, -1.32679],
							"lerp_mode": "catmullrom"
						},
						"5.7083": {
							"post": [-20.59077, -18.37194, 6.94088],
							"lerp_mode": "catmullrom"
						},
						"5.8333": {
							"post": [-22.80267, -16.94061, 6.94387],
							"lerp_mode": "catmullrom"
						},
						"6.0833": {
							"post": [-22.96296, -17.14551, 6.6573],
							"lerp_mode": "catmullrom"
						},
						"6.2083": {
							"post": [-23.05543, -17.07115, 6.70298],
							"lerp_mode": "catmullrom"
						},
						"6.3333": {
							"post": [-23.80417, -15.97748, 9.33492],
							"lerp_mode": "catmullrom"
						},
						"6.5": {
							"post": [-23.86361, -16.11956, 10.17728],
							"lerp_mode": "catmullrom"
						},
						"6.7917": {
							"post": [-24.13012, -16.14213, 9.84782],
							"lerp_mode": "catmullrom"
						},
						"6.9583": {
							"post": [-19.78, -16.97, 5.86],
							"lerp_mode": "catmullrom"
						},
						"7.0833": {
							"post": [2.3, -9.875, 2.95],
							"lerp_mode": "catmullrom"
						},
						"7.2083": {
							"post": [4.275, -4.925, 1.975],
							"lerp_mode": "catmullrom"
						},
						"7.2917": {
							"post": [2.675, 0, 0],
							"lerp_mode": "catmullrom"
						},
						"7.3333": {
							"post": [-0.21209, 0.36471, 1.10002],
							"lerp_mode": "catmullrom"
						},
						"7.4583": {
							"post": [0, 0, -0.5],
							"lerp_mode": "catmullrom"
						},
						"7.5417": {
							"post": [-0.04, -0.02297, 0.05],
							"lerp_mode": "catmullrom"
						},
						"7.7083": {
							"post": [0, 0, 0],
							"lerp_mode": "catmullrom"
						}
					},
					"position": {
						"0.0": {
							"post": [0, 0, 0],
							"lerp_mode": "catmullrom"
						},
						"0.0833": {
							"post": [-0.3475, 0.0225, -0.8],
							"lerp_mode": "catmullrom"
						},
						"0.2917": {
							"post": [-3.075, 1.6125, -4.5375],
							"lerp_mode": "catmullrom"
						},
						"0.375": {
							"post": [-2.63, 1.4775, -4.4875],
							"lerp_mode": "catmullrom"
						},
						"0.4583": {
							"post": [-2.525, 1.2125, -4.1875],
							"lerp_mode": "catmullrom"
						},
						"0.5417": {
							"post": [-2.445, 1.3625, -3.9625],
							"lerp_mode": "catmullrom"
						},
						"0.625": {
							"post": [-2.43, 1.3325, -3.8625],
							"lerp_mode": "catmullrom"
						},
						"0.7917": {
							"post": [-2.465, 1.2275, -3.8375],
							"lerp_mode": "catmullrom"
						},
						"1.2083": {
							"post": [-2.6, 1.2275, -3.8375],
							"lerp_mode": "catmullrom"
						},
						"1.3333": {
							"post": [-2.67, 1.1325, -3.8375],
							"lerp_mode": "catmullrom"
						},
						"1.625": {
							"post": [-2.7, 1.1575, -3.6875],
							"lerp_mode": "catmullrom"
						},
						"1.875": {
							"post": [-2.71, 1.1725, -3.6875],
							"lerp_mode": "catmullrom"
						},
						"2.2083": {
							"post": [-2.6, 1.2125, -3.6875],
							"lerp_mode": "catmullrom"
						},
						"2.2917": {
							"post": [-2.48, 1.2375, -3.6875],
							"lerp_mode": "catmullrom"
						},
						"2.375": {
							"post": [-2.32, 0.3925, -3.6875],
							"lerp_mode": "catmullrom"
						},
						"2.5417": {
							"post": [-1.875, -0.2125, -3.9125],
							"lerp_mode": "catmullrom"
						},
						"2.625": {
							"post": [-1.51, -0.0525, -4.3625],
							"lerp_mode": "catmullrom"
						},
						"2.8333": {
							"post": [-0.72, 1.4025, -5.4125],
							"lerp_mode": "catmullrom"
						},
						"3.0": {
							"post": [-0.51, 1.5175, -5.6875],
							"lerp_mode": "catmullrom"
						},
						"3.2083": {
							"post": [-0.47, 1.3725, -5.8125],
							"lerp_mode": "catmullrom"
						},
						"3.4583": {
							"post": [-0.545, 1.4275, -5.8375],
							"lerp_mode": "catmullrom"
						},
						"3.5833": {
							"post": [-0.195, 1.4875, -5.7875],
							"lerp_mode": "catmullrom"
						},
						"3.875": {
							"post": [1.225, 1.6375, -5.5375],
							"lerp_mode": "catmullrom"
						},
						"4.0833": {
							"post": [1.535, 1.7025, -5.4875],
							"lerp_mode": "catmullrom"
						},
						"4.3333": {
							"post": [1.595, 1.5675, -5.4875],
							"lerp_mode": "catmullrom"
						},
						"4.5417": {
							"post": [1.655, 1.5575, -5.4875],
							"lerp_mode": "catmullrom"
						},
						"4.8333": {
							"post": [1.845, 1.5875, -5.5375],
							"lerp_mode": "catmullrom"
						},
						"5.2083": {
							"post": [1.74, 1.2075, -5.3625],
							"lerp_mode": "catmullrom"
						},
						"5.2917": {
							"post": [1.14, 0.1875, -5.0475],
							"lerp_mode": "catmullrom"
						},
						"5.375": {
							"post": [0.03, -3.0775, -3.8575],
							"lerp_mode": "catmullrom"
						},
						"5.5": {
							"post": [-1.99, -2.4225, -2.5575],
							"lerp_mode": "catmullrom"
						},
						"5.5833": {
							"post": [-3.3, -2.0025, -2.1675],
							"lerp_mode": "catmullrom"
						},
						"5.7083": {
							"post": [-3.54, -2.3225, -2.1075],
							"lerp_mode": "catmullrom"
						},
						"5.875": {
							"post": [-3.66, -2.0525, -2.0375],
							"lerp_mode": "catmullrom"
						},
						"6.0417": {
							"post": [-3.65, -2.0375, -1.9975],
							"lerp_mode": "catmullrom"
						},
						"6.3333": {
							"post": [-3.655, -1.9625, -1.9125],
							"lerp_mode": "catmullrom"
						},
						"6.625": {
							"post": [-3.67, -1.8425, -1.8975],
							"lerp_mode": "catmullrom"
						},
						"6.875": {
							"post": [-3.69, -1.8925, -1.8275],
							"lerp_mode": "catmullrom"
						},
						"7.0": {
							"post": [-3.73, -1.9375, -1.8875],
							"lerp_mode": "catmullrom"
						},
						"7.0833": {
							"post": [-4.4, -3.3575, -2.9825],
							"lerp_mode": "catmullrom"
						},
						"7.2083": {
							"post": [0, -1.775, -2],
							"lerp_mode": "catmullrom"
						},
						"7.3333": {
							"post": [0, 0.075, 0.375],
							"lerp_mode": "catmullrom"
						},
						"7.4583": {
							"post": [0, 0, -0.05],
							"lerp_mode": "catmullrom"
						},
						"7.5417": {
							"post": [0, 0, 0.025],
							"lerp_mode": "catmullrom"
						},
						"7.7083": {
							"post": [0, 0, 0],
							"lerp_mode": "catmullrom"
						}
					}
				},
				"righthand": {
					"rotation": {
						"0.0": [100.03742, 4.92385, -179.12962],
						"0.2917": [98.54, 0.3775, -174.93],
						"0.5": [95.22068, 2.2164, -172.2621],
						"2.3333": [95.22068, 2.2164, -172.2621],
						"2.5417": [233.53378, -97.86192, -299.92312],
						"2.625": [301.81585, -92.30332, -369.23968],
						"3.625": [301.82, -92.3025, -369.24],
						"4.0": [299.53448, -90.54594, -364.85046],
						"5.2917": [299.53448, -90.54594, -364.85046],
						"5.375": [102.07064, -86.18506, -167.73251],
						"5.5": [97.35894, -23.18301, -166.9842],
						"5.5833": [95.06415, -5.75151, -172.9954],
						"5.625": [95.22068, 2.2164, -172.2621],
						"5.75": [100.03742, 4.92385, -179.12962]
					},
					"position": {
						"0.0": [-6.8, -14.2, 7.4],
						"0.2917": [-8.375, -14.275, 7.4875],
						"2.3333": [-8.375, -14.275, 7.4875],
						"2.4583": [-11.17, -15.67, 13.6425],
						"2.5833": [-5.8, -12.9, 12],
						"2.625": [-6.2, -12.7, 12.4],
						"5.25": [-6.2, -12.7, 12.4],
						"5.2917": [-5.8, -12.9, 12],
						"5.3333": [-6.99, -16.99, 12.77],
						"5.5": [-11.17, -15.67, 7.33],
						"5.5833": [-6.8, -14.2, 7.4],
						"5.625": [-6.8, -14.2, 7.4],
						"5.75": [-6.8, -14.2, 7.4]
					},
					"scale": {
						"0.0": [1, 1.5, 1],
						"5.75": [1, 1.5, 1]
					}
				},
				"camera": {
					"rotation": {
						"0.0": {
							"post": [0, 0, 0],
							"lerp_mode": "catmullrom"
						},
						"0.0833": {
							"post": [0.4, 0, 0],
							"lerp_mode": "catmullrom"
						},
						"0.2917": {
							"post": [1.30023, -0.01527, -1.74993],
							"lerp_mode": "catmullrom"
						},
						"0.3333": {
							"post": [2.01, 0.03, -1.95],
							"lerp_mode": "catmullrom"
						},
						"0.4583": {
							"post": [1.43, 0.17, -3.37],
							"lerp_mode": "catmullrom"
						},
						"0.5417": {
							"post": [1.81, 0.26, -3.125],
							"lerp_mode": "catmullrom"
						},
						"0.625": {
							"post": [1.88, 0.26, -3.42],
							"lerp_mode": "catmullrom"
						},
						"0.8333": {
							"post": [1.61, 0.16, -3.13],
							"lerp_mode": "catmullrom"
						},
						"1.0417": {
							"post": [1.24513, 0.25816, -2.73941],
							"lerp_mode": "catmullrom"
						},
						"1.4583": {
							"post": [3.03282, 1.90875, -2.00543],
							"lerp_mode": "catmullrom"
						},
						"1.7917": {
							"post": [3.25347, 2.72863, -1.39145],
							"lerp_mode": "catmullrom"
						},
						"2.4583": {
							"post": [2.19341, 2.77713, -2.64195],
							"lerp_mode": "catmullrom"
						},
						"2.5833": {
							"post": [1.79533, -1.00684, -0.70832],
							"lerp_mode": "catmullrom"
						},
						"2.8333": {
							"post": [0.70742, -4.55228, -4.03082],
							"lerp_mode": "catmullrom"
						},
						"3.0": {
							"post": [0.78, -5.51, -4.96],
							"lerp_mode": "catmullrom"
						},
						"3.2083": {
							"post": [0.425, -5.535, -4.77],
							"lerp_mode": "catmullrom"
						},
						"3.5": {
							"post": [1.16, -5.17, -3.77],
							"lerp_mode": "catmullrom"
						},
						"3.7083": {
							"post": [1.94, -2.58, -2.35],
							"lerp_mode": "catmullrom"
						},
						"4.2083": {
							"post": [4.41776, 7.9306, 2.43903],
							"lerp_mode": "catmullrom"
						},
						"4.625": {
							"post": [6.44663, 13.87798, 3.28446],
							"lerp_mode": "catmullrom"
						},
						"5.2083": {
							"post": [8.03, 13.75, 3.48],
							"lerp_mode": "catmullrom"
						},
						"5.375": {
							"post": [7.41, 9.84, 3.81],
							"lerp_mode": "catmullrom"
						},
						"5.5": {
							"post": [5.64545, 6.12649, 4.44961],
							"lerp_mode": "catmullrom"
						},
						"5.625": {
							"post": [5.02759, 2.57555, 4.76609],
							"lerp_mode": "catmullrom"
						},
						"5.7917": {
							"post": [5.64, 1.26, 3.82],
							"lerp_mode": "catmullrom"
						},
						"5.875": {
							"post": [5.30033, 0.85233, 3.77669],
							"lerp_mode": "catmullrom"
						},
						"6.0833": {
							"post": [5.835, 1.2, 3.97],
							"lerp_mode": "catmullrom"
						},
						"6.2917": {
							"post": [6.52948, 2.06599, 3.97567],
							"lerp_mode": "catmullrom"
						},
						"6.8333": {
							"post": [7.72023, 1.49264, 2.38344],
							"lerp_mode": "catmullrom"
						},
						"7.0417": {
							"post": [5.67939, 1.64162, 0.89029],
							"lerp_mode": "catmullrom"
						},
						"7.125": {
							"post": [1.995, 0.98, 0.42],
							"lerp_mode": "catmullrom"
						},
						"7.2917": {
							"post": [-0.225, 0, -0.225],
							"lerp_mode": "catmullrom"
						},
						"7.375": {
							"post": [0.23, -0.12, 0.305],
							"lerp_mode": "catmullrom"
						},
						"7.5": {
							"post": [-0.15, 0, -0.1],
							"lerp_mode": "catmullrom"
						},
						"7.625": {
							"post": [0, 0, 0],
							"lerp_mode": "catmullrom"
						}
					}
				}
			},
			"sound_effects": {
				"0.0": {
					"effect": "tacz:p90/p90_inspect_raise"
				},
				"0.875": {
					"effect": "tacz:p90/p90_inspect_rattle"
				},
				"2.2083": {
					"effect": "tacz:p90/p90_inspect_rattle"
				},
				"2.375": {
					"effect": "tacz:p90/p90_inspect_armup"
				},
				"2.625": {
					"effect": "tacz:p90/p90_inspect_grabgrip"
				},
				"3.7083": {
					"effect": "tacz:p90/p90_inspect_tilt"
				},
				"5.25": {
					"effect": "tacz:p90/p90_inspect_grabgrip"
				},
				"5.4583": {
					"effect": "tacz:p90/p90_inspect_armdown"
				},
				"6.9583": {
					"effect": "tacz:p90/p90_inspect_end"
				}
			}
		},
		"inspect_empty": {
			"animation_length": 7.7083,
			"bones": {
				"lefthand": {
					"rotation": {
						"0.0": [90.4533, -389.73135, -129.57361],
						"0.2917": {
							"pre": [122.42285, -389.14523, -175.7724],
							"post": [122.42285, -389.14523, -175.7724],
							"lerp_mode": "catmullrom"
						},
						"0.4583": [122.42285, -389.14523, -175.7724],
						"1.0833": [122.42285, -389.14523, -175.7724],
						"2.4583": {
							"pre": [122.42285, -389.14523, -175.7724],
							"post": [122.42285, -389.14523, -175.7724],
							"lerp_mode": "catmullrom"
						},
						"2.5833": {
							"post": [130.20457, -391.74487, -185.95057],
							"lerp_mode": "catmullrom"
						},
						"2.75": {
							"post": [145.75221, -407.75408, -207.11051],
							"lerp_mode": "catmullrom"
						},
						"2.875": [146.3082, -409.75524, -206.88985],
						"3.625": [145.24, -409.035, -205.41],
						"4.0": [149.39189, -411.4177, -210.98406],
						"5.2917": [149.39189, -411.4177, -210.98406],
						"5.5417": [90.4533, -389.73135, -129.57361]
					},
					"position": {
						"0.0": [7.4, -12.7, -4.5],
						"0.3333": {
							"pre": [6.7, -12.9125, -5.875],
							"post": [6.7, -12.9125, -5.875],
							"lerp_mode": "catmullrom"
						},
						"1.0833": [6.7, -12.9125, -5.875],
						"2.4583": {
							"pre": [6.7, -12.9125, -5.875],
							"post": [6.7, -12.9125, -5.875],
							"lerp_mode": "catmullrom"
						},
						"2.75": [6.7, -12.7125, -6.775],
						"5.2917": [6.7, -12.7125, -6.775],
						"5.5417": [7.4, -12.7, -4.5]
					},
					"scale": {
						"0.0": [1, 1.5, 1],
						"5.5417": [1, 1.5, 1]
					}
				},
				"root": {
					"rotation": {
						"0.0": {
							"post": [0, 0, 0],
							"lerp_mode": "catmullrom"
						},
						"0.0833": {
							"post": [1.81542, -14.86634, -10.39453],
							"lerp_mode": "catmullrom"
						},
						"0.3333": {
							"post": [5.82015, -51.738, -53.5966],
							"lerp_mode": "catmullrom"
						},
						"0.5": {
							"post": [14.5, -58.27, -64.68],
							"lerp_mode": "catmullrom"
						},
						"0.7083": {
							"post": [15.90743, -59.62123, -63.90118],
							"lerp_mode": "catmullrom"
						},
						"1.0833": {
							"post": [17.85, -59.13, -64.69],
							"lerp_mode": "catmullrom"
						},
						"1.2917": {
							"post": [22.955, -56.8, -69.93],
							"lerp_mode": "catmullrom"
						},
						"1.5417": {
							"post": [24.37837, -56.38544, -70.5858],
							"lerp_mode": "catmullrom"
						},
						"1.75": {
							"post": [24.13538, -56.83258, -70.94291],
							"lerp_mode": "catmullrom"
						},
						"2.0833": {
							"post": [23.7023, -56.43942, -71.22899],
							"lerp_mode": "catmullrom"
						},
						"2.25": {
							"post": [20.48529, -57.29487, -67.27249],
							"lerp_mode": "catmullrom"
						},
						"2.3333": {
							"post": [17.395, -58.095, -61.845],
							"lerp_mode": "catmullrom"
						},
						"2.5": {
							"post": [-0.22664, -57.41767, -42.86406],
							"lerp_mode": "catmullrom"
						},
						"2.625": {
							"post": [19.92, -67.68, -42.64],
							"lerp_mode": "catmullrom"
						},
						"2.75": {
							"post": [32.37448, -74.31388, -42.89562],
							"lerp_mode": "catmullrom"
						},
						"2.8333": {
							"post": [39.31031, -74.52711, -45.54817],
							"lerp_mode": "catmullrom"
						},
						"3.0": {
							"post": [36.28795, -74.86716, -43.79753],
							"lerp_mode": "catmullrom"
						},
						"3.125": {
							"post": [35.95, -75.12, -43.73],
							"lerp_mode": "catmullrom"
						},
						"3.3333": {
							"post": [35.815, -75.53, -44.055],
							"lerp_mode": "catmullrom"
						},
						"3.625": {
							"post": [37.58, -76.31, -45.065],
							"lerp_mode": "catmullrom"
						},
						"3.875": {
							"post": [51.33547, -80.5604, -51.81558],
							"lerp_mode": "catmullrom"
						},
						"4.25": {
							"post": [52.06047, -82.5354, -51.81558],
							"lerp_mode": "catmullrom"
						},
						"5.2083": {
							"post": [48.6, -82.02, -51.155],
							"lerp_mode": "catmullrom"
						},
						"5.3333": {
							"post": [32.91, -68.525, -42.625],
							"lerp_mode": "catmullrom"
						},
						"5.4583": {
							"post": [10.17, -47.41, -22.3],
							"lerp_mode": "catmullrom"
						},
						"5.5417": {
							"post": [-12.02262, -26.83616, -1.32679],
							"lerp_mode": "catmullrom"
						},
						"5.7083": {
							"post": [-20.59077, -18.37194, 6.94088],
							"lerp_mode": "catmullrom"
						},
						"5.8333": {
							"post": [-22.80267, -16.94061, 6.94387],
							"lerp_mode": "catmullrom"
						},
						"6.0833": {
							"post": [-22.96296, -17.14551, 6.6573],
							"lerp_mode": "catmullrom"
						},
						"6.2083": {
							"post": [-23.05543, -17.07115, 6.70298],
							"lerp_mode": "catmullrom"
						},
						"6.3333": {
							"post": [-23.80417, -15.97748, 9.33492],
							"lerp_mode": "catmullrom"
						},
						"6.5": {
							"post": [-23.86361, -16.11956, 10.17728],
							"lerp_mode": "catmullrom"
						},
						"6.7917": {
							"post": [-24.13012, -16.14213, 9.84782],
							"lerp_mode": "catmullrom"
						},
						"6.9583": {
							"post": [-19.78, -16.97, 5.86],
							"lerp_mode": "catmullrom"
						},
						"7.0833": {
							"post": [2.3, -9.875, 2.95],
							"lerp_mode": "catmullrom"
						},
						"7.2083": {
							"post": [4.275, -4.925, 1.975],
							"lerp_mode": "catmullrom"
						},
						"7.2917": {
							"post": [2.675, 0, 0],
							"lerp_mode": "catmullrom"
						},
						"7.3333": {
							"post": [-0.21209, 0.36471, 1.10002],
							"lerp_mode": "catmullrom"
						},
						"7.4583": {
							"post": [0, 0, -0.5],
							"lerp_mode": "catmullrom"
						},
						"7.5417": {
							"post": [-0.04, -0.02297, 0.05],
							"lerp_mode": "catmullrom"
						},
						"7.7083": {
							"post": [0, 0, 0],
							"lerp_mode": "catmullrom"
						}
					},
					"position": {
						"0.0": {
							"post": [0, 0, 0],
							"lerp_mode": "catmullrom"
						},
						"0.0833": {
							"post": [-0.3475, 0.0225, -0.8],
							"lerp_mode": "catmullrom"
						},
						"0.2917": {
							"post": [-3.075, 1.6125, -4.5375],
							"lerp_mode": "catmullrom"
						},
						"0.375": {
							"post": [-2.63, 1.4775, -4.4875],
							"lerp_mode": "catmullrom"
						},
						"0.4583": {
							"post": [-2.525, 1.2125, -4.1875],
							"lerp_mode": "catmullrom"
						},
						"0.5417": {
							"post": [-2.445, 1.3625, -3.9625],
							"lerp_mode": "catmullrom"
						},
						"0.625": {
							"post": [-2.43, 1.3325, -3.8625],
							"lerp_mode": "catmullrom"
						},
						"0.7917": {
							"post": [-2.465, 1.2275, -3.8375],
							"lerp_mode": "catmullrom"
						},
						"1.2083": {
							"post": [-2.6, 1.2275, -3.8375],
							"lerp_mode": "catmullrom"
						},
						"1.3333": {
							"post": [-2.67, 1.1325, -3.8375],
							"lerp_mode": "catmullrom"
						},
						"1.625": {
							"post": [-2.7, 1.1575, -3.6875],
							"lerp_mode": "catmullrom"
						},
						"1.875": {
							"post": [-2.71, 1.1725, -3.6875],
							"lerp_mode": "catmullrom"
						},
						"2.2083": {
							"post": [-2.6, 1.2125, -3.6875],
							"lerp_mode": "catmullrom"
						},
						"2.2917": {
							"post": [-2.48, 1.2375, -3.6875],
							"lerp_mode": "catmullrom"
						},
						"2.375": {
							"post": [-2.32, 0.3925, -3.6875],
							"lerp_mode": "catmullrom"
						},
						"2.5417": {
							"post": [-1.875, -0.2125, -3.9125],
							"lerp_mode": "catmullrom"
						},
						"2.625": {
							"post": [-1.51, -0.0525, -4.3625],
							"lerp_mode": "catmullrom"
						},
						"2.8333": {
							"post": [-0.72, 1.4025, -5.4125],
							"lerp_mode": "catmullrom"
						},
						"3.0": {
							"post": [-0.51, 1.5175, -5.6875],
							"lerp_mode": "catmullrom"
						},
						"3.2083": {
							"post": [-0.47, 1.3725, -5.8125],
							"lerp_mode": "catmullrom"
						},
						"3.4583": {
							"post": [-0.545, 1.4275, -5.8375],
							"lerp_mode": "catmullrom"
						},
						"3.5833": {
							"post": [-0.195, 1.4875, -5.7875],
							"lerp_mode": "catmullrom"
						},
						"3.875": {
							"post": [1.225, 1.6375, -5.5375],
							"lerp_mode": "catmullrom"
						},
						"4.0833": {
							"post": [1.535, 1.7025, -5.4875],
							"lerp_mode": "catmullrom"
						},
						"4.3333": {
							"post": [1.595, 1.5675, -5.4875],
							"lerp_mode": "catmullrom"
						},
						"4.5417": {
							"post": [1.655, 1.5575, -5.4875],
							"lerp_mode": "catmullrom"
						},
						"4.8333": {
							"post": [1.845, 1.5875, -5.5375],
							"lerp_mode": "catmullrom"
						},
						"5.2083": {
							"post": [1.74, 1.2075, -5.3625],
							"lerp_mode": "catmullrom"
						},
						"5.2917": {
							"post": [1.14, 0.1875, -5.0475],
							"lerp_mode": "catmullrom"
						},
						"5.375": {
							"post": [0.03, -3.0775, -3.8575],
							"lerp_mode": "catmullrom"
						},
						"5.5": {
							"post": [-1.99, -2.4225, -2.5575],
							"lerp_mode": "catmullrom"
						},
						"5.5833": {
							"post": [-3.3, -2.0025, -2.1675],
							"lerp_mode": "catmullrom"
						},
						"5.7083": {
							"post": [-3.54, -2.3225, -2.1075],
							"lerp_mode": "catmullrom"
						},
						"5.875": {
							"post": [-3.66, -2.0525, -2.0375],
							"lerp_mode": "catmullrom"
						},
						"6.0417": {
							"post": [-3.65, -2.0375, -1.9975],
							"lerp_mode": "catmullrom"
						},
						"6.3333": {
							"post": [-3.655, -1.9625, -1.9125],
							"lerp_mode": "catmullrom"
						},
						"6.625": {
							"post": [-3.67, -1.8425, -1.8975],
							"lerp_mode": "catmullrom"
						},
						"6.875": {
							"post": [-3.69, -1.8925, -1.8275],
							"lerp_mode": "catmullrom"
						},
						"7.0": {
							"post": [-3.73, -1.9375, -1.8875],
							"lerp_mode": "catmullrom"
						},
						"7.0833": {
							"post": [-4.4, -3.3575, -2.9825],
							"lerp_mode": "catmullrom"
						},
						"7.2083": {
							"post": [0, -1.775, -2],
							"lerp_mode": "catmullrom"
						},
						"7.3333": {
							"post": [0, 0.075, 0.375],
							"lerp_mode": "catmullrom"
						},
						"7.4583": {
							"post": [0, 0, -0.05],
							"lerp_mode": "catmullrom"
						},
						"7.5417": {
							"post": [0, 0, 0.025],
							"lerp_mode": "catmullrom"
						},
						"7.7083": {
							"post": [0, 0, 0],
							"lerp_mode": "catmullrom"
						}
					}
				},
				"righthand": {
					"rotation": {
						"0.0": [100.03742, 4.92385, -179.12962],
						"0.2917": [98.54, 0.3775, -174.93],
						"0.5": [95.22068, 2.2164, -172.2621],
						"2.3333": [95.22068, 2.2164, -172.2621],
						"2.5417": [233.53378, -97.86192, -299.92312],
						"2.625": [301.81585, -92.30332, -369.23968],
						"3.625": [301.82, -92.3025, -369.24],
						"4.0": [299.53448, -90.54594, -364.85046],
						"5.2917": [299.53448, -90.54594, -364.85046],
						"5.375": [102.07064, -86.18506, -167.73251],
						"5.5": [97.35894, -23.18301, -166.9842],
						"5.5833": [95.06415, -5.75151, -172.9954],
						"5.625": [95.22068, 2.2164, -172.2621],
						"5.75": [100.03742, 4.92385, -179.12962]
					},
					"position": {
						"0.0": [-6.8, -14.2, 7.4],
						"0.2917": [-8.375, -14.275, 7.4875],
						"2.3333": [-8.375, -14.275, 7.4875],
						"2.4583": [-11.17, -15.67, 13.6425],
						"2.5833": [-5.8, -12.9, 12],
						"2.625": [-6.2, -12.7, 12.4],
						"5.25": [-6.2, -12.7, 12.4],
						"5.2917": [-5.8, -12.9, 12],
						"5.3333": [-6.99, -16.99, 12.77],
						"5.5": [-11.17, -15.67, 7.33],
						"5.5833": [-6.8, -14.2, 7.4],
						"5.625": [-6.8, -14.2, 7.4],
						"5.75": [-6.8, -14.2, 7.4]
					},
					"scale": {
						"0.0": [1, 1.5, 1],
						"5.75": [1, 1.5, 1]
					}
				},
				"camera": {
					"rotation": {
						"0.0": {
							"post": [0, 0, 0],
							"lerp_mode": "catmullrom"
						},
						"0.0833": {
							"post": [0.4, 0, 0],
							"lerp_mode": "catmullrom"
						},
						"0.2917": {
							"post": [1.30023, -0.01527, -1.74993],
							"lerp_mode": "catmullrom"
						},
						"0.3333": {
							"post": [2.01, 0.03, -1.95],
							"lerp_mode": "catmullrom"
						},
						"0.4583": {
							"post": [1.43, 0.17, -3.37],
							"lerp_mode": "catmullrom"
						},
						"0.5417": {
							"post": [1.81, 0.26, -3.125],
							"lerp_mode": "catmullrom"
						},
						"0.625": {
							"post": [1.88, 0.26, -3.42],
							"lerp_mode": "catmullrom"
						},
						"0.8333": {
							"post": [1.61, 0.16, -3.13],
							"lerp_mode": "catmullrom"
						},
						"1.0417": {
							"post": [1.24513, 0.25816, -2.73941],
							"lerp_mode": "catmullrom"
						},
						"1.4583": {
							"post": [3.03282, 1.90875, -2.00543],
							"lerp_mode": "catmullrom"
						},
						"1.7917": {
							"post": [3.25347, 2.72863, -1.39145],
							"lerp_mode": "catmullrom"
						},
						"2.4583": {
							"post": [2.19341, 2.77713, -2.64195],
							"lerp_mode": "catmullrom"
						},
						"2.5833": {
							"post": [1.79533, -1.00684, -0.70832],
							"lerp_mode": "catmullrom"
						},
						"2.8333": {
							"post": [0.70742, -4.55228, -4.03082],
							"lerp_mode": "catmullrom"
						},
						"3.0": {
							"post": [0.78, -5.51, -4.96],
							"lerp_mode": "catmullrom"
						},
						"3.2083": {
							"post": [0.425, -5.535, -4.77],
							"lerp_mode": "catmullrom"
						},
						"3.5": {
							"post": [1.16, -5.17, -3.77],
							"lerp_mode": "catmullrom"
						},
						"3.7083": {
							"post": [1.94, -2.58, -2.35],
							"lerp_mode": "catmullrom"
						},
						"4.2083": {
							"post": [4.41776, 7.9306, 2.43903],
							"lerp_mode": "catmullrom"
						},
						"4.625": {
							"post": [6.44663, 13.87798, 3.28446],
							"lerp_mode": "catmullrom"
						},
						"5.2083": {
							"post": [8.03, 13.75, 3.48],
							"lerp_mode": "catmullrom"
						},
						"5.375": {
							"post": [7.41, 9.84, 3.81],
							"lerp_mode": "catmullrom"
						},
						"5.5": {
							"post": [5.64545, 6.12649, 4.44961],
							"lerp_mode": "catmullrom"
						},
						"5.625": {
							"post": [5.02759, 2.57555, 4.76609],
							"lerp_mode": "catmullrom"
						},
						"5.7917": {
							"post": [5.64, 1.26, 3.82],
							"lerp_mode": "catmullrom"
						},
						"5.875": {
							"post": [5.30033, 0.85233, 3.77669],
							"lerp_mode": "catmullrom"
						},
						"6.0833": {
							"post": [5.835, 1.2, 3.97],
							"lerp_mode": "catmullrom"
						},
						"6.2917": {
							"post": [6.52948, 2.06599, 3.97567],
							"lerp_mode": "catmullrom"
						},
						"6.8333": {
							"post": [7.72023, 1.49264, 2.38344],
							"lerp_mode": "catmullrom"
						},
						"7.0417": {
							"post": [5.67939, 1.64162, 0.89029],
							"lerp_mode": "catmullrom"
						},
						"7.125": {
							"post": [1.995, 0.98, 0.42],
							"lerp_mode": "catmullrom"
						},
						"7.2917": {
							"post": [-0.225, 0, -0.225],
							"lerp_mode": "catmullrom"
						},
						"7.375": {
							"post": [0.23, -0.12, 0.305],
							"lerp_mode": "catmullrom"
						},
						"7.5": {
							"post": [-0.15, 0, -0.1],
							"lerp_mode": "catmullrom"
						},
						"7.625": {
							"post": [0, 0, 0],
							"lerp_mode": "catmullrom"
						}
					}
				}
			},
			"sound_effects": {
				"0.0": {
					"effect": "tacz:p90/p90_inspect_raise"
				},
				"0.875": {
					"effect": "tacz:p90/p90_inspect_rattle"
				},
				"2.2083": {
					"effect": "tacz:p90/p90_inspect_rattle"
				},
				"2.375": {
					"effect": "tacz:p90/p90_inspect_armup"
				},
				"2.625": {
					"effect": "tacz:p90/p90_inspect_grabgrip"
				},
				"3.7083": {
					"effect": "tacz:p90/p90_inspect_tilt"
				},
				"5.25": {
					"effect": "tacz:p90/p90_inspect_grabgrip"
				},
				"5.4583": {
					"effect": "tacz:p90/p90_inspect_armdown"
				},
				"6.9583": {
					"effect": "tacz:p90/p90_inspect_end"
				}
			}
		},
		"run_start1": {
			"animation_length": 0.5,
			"bones": {
				"bb_illuminated": {
					"scale": 0
				},
				"root": {
					"rotation": {
						"0.0": {
							"post": [0, 0, 0],
							"lerp_mode": "catmullrom"
						},
						"0.1667": {
							"post": [0.9, -1.19, 3.38],
							"lerp_mode": "catmullrom"
						},
						"0.3333": {
							"post": [-1.66339, -28.1811, 19.25627],
							"lerp_mode": "catmullrom"
						},
						"0.5": {
							"post": [-1, -42, 30],
							"lerp_mode": "catmullrom"
						}
					},
					"position": {
						"0.0": {
							"post": [0, 0, 0],
							"lerp_mode": "catmullrom"
						},
						"0.1667": {
							"post": [0.1875, 0, 0.6875],
							"lerp_mode": "catmullrom"
						},
						"0.3333": {
							"post": [-0.159, -2.8125, 2.6875],
							"lerp_mode": "catmullrom"
						},
						"0.5": {
							"post": [-0.5, -2, 4.705],
							"lerp_mode": "catmullrom"
						}
					}
				}
			}
		},
		"run1": {
			"loop": true,
			"animation_length": 0.6667,
			"override_previous_animation": true,
			"bones": {
				"lid2": {
					"rotation": {
						"0.0": [0, 0, -2],
						"0.0417": [0, 0, 0],
						"0.125": [0, 0, 0],
						"0.25": [0, 0, -4.75],
						"0.2917": [0, 0, -5.5],
						"0.375": [0, 0, 0],
						"0.4583": [0, 0, 0],
						"0.5833": [0, 0, -3.75],
						"0.625": [0, 0, -4],
						"0.6667": [0, 0, -2]
					}
				},
				"lid3": {
					"rotation": {
						"0.0": [0, 0, -2],
						"0.0417": [0, 0, 0],
						"0.125": [0, 0, 0],
						"0.25": [0, 0, -4.75],
						"0.2917": [0, 0, -5.5],
						"0.375": [0, 0, 0],
						"0.4583": [0, 0, 0],
						"0.5833": [0, 0, -3.75],
						"0.625": [0, 0, -4],
						"0.6667": [0, 0, -2]
					}
				},
				"gaiz": {
					"rotation": {
						"0.0": [0, 0, 0],
						"0.0833": [0, 0, 2.5],
						"0.1667": [0, 0, 0],
						"0.25": [0, 0, 2],
						"0.3333": [0, 0, 0],
						"0.4167": [0, 0, 3],
						"0.5": [0, 0, 0]
					}
				},
				"biaoc": {
					"rotation": {
						"0.0": [0, 0, 0],
						"0.0833": [-7.5, 0, 0],
						"0.1667": [0, 0, 0],
						"0.25": [-6.5, 0, 0],
						"0.3333": [0, 0, 0],
						"0.4167": [-5, 0, 0],
						"0.5417": [0, 0, 0]
					}
				},
				"cm2": {
					"scale": 0
				},
				"gaiz2": {
					"rotation": {
						"0.0": [0, 0, 0],
						"0.0833": [0, 0, 2.5],
						"0.1667": [0, 0, 0],
						"0.25": [0, 0, 2],
						"0.3333": [0, 0, 0],
						"0.4167": [0, 0, 3],
						"0.5": [0, 0, 0]
					}
				},
				"gaiz3": {
					"rotation": {
						"0.0": [0, 0, 0],
						"0.0833": [0, 0, 2.5],
						"0.1667": [0, 0, 0],
						"0.25": [0, 0, 2],
						"0.3333": [0, 0, 0],
						"0.4167": [0, 0, 3],
						"0.5": [0, 0, 0]
					}
				},
				"bb_illuminated": {
					"scale": 0
				},
				"root": {
					"rotation": {
						"0.0": {
							"post": [-1, -42, 30],
							"lerp_mode": "catmullrom"
						},
						"0.25": {
							"post": [-5.375, -47.0625, 30.25],
							"lerp_mode": "catmullrom"
						},
						"0.375": {
							"post": [-2.875, -47.0625, 30.25],
							"lerp_mode": "catmullrom"
						},
						"0.5417": {
							"post": [-2.875, -43.0625, 30.25],
							"lerp_mode": "catmullrom"
						},
						"0.6667": {
							"post": [-1, -42, 30],
							"lerp_mode": "catmullrom"
						}
					},
					"position": {
						"0.0": {
							"post": [-0.5, -2, 4.705],
							"lerp_mode": "catmullrom"
						},
						"0.125": {
							"post": [0.05, -1.5825, 4.6975],
							"lerp_mode": "catmullrom"
						},
						"0.2083": {
							"post": [-0.06, -1.5625, 4.6875],
							"lerp_mode": "catmullrom"
						},
						"0.3333": {
							"post": [-0.9675, -2.25, 4.6875],
							"lerp_mode": "catmullrom"
						},
						"0.4583": {
							"post": [-1.25, -1.625, 4.6875],
							"lerp_mode": "catmullrom"
						},
						"0.5417": {
							"post": [-1.1875, -1.75, 4.6875],
							"lerp_mode": "catmullrom"
						},
						"0.6667": {
							"post": [-0.5, -2, 4.705],
							"lerp_mode": "catmullrom"
						}
					}
				}
			}
		},
		"run_hold1": {
			"loop": true,
			"bones": {
				"bb_illuminated": {
					"scale": 0
				},
				"root": {
					"rotation": [-1, -42, 30],
					"position": [-0.5, -2, 4.705]
				}
			}
		}
	}
}