{
	"format_version": "1.8.0",
	"animations": {
		"static_idle": {
			"animation_length": 0.0667,
			"bones": {
				"lefthand": {
					"rotation": [99.46055, -26.14789, -179.12514],
					"position": [6.9245, -13.319, -15.8675],
					"scale": [1, 1.5, 1]
				},
				"righthand": {
					"rotation": [-268.10665, 12.19069, -179.60004],
					"position": [-6.3705, -12.837, -2.424],
					"scale": [1, 1.5, 1]
				},
				"constraint": {
					"rotation": [0.3, 0.2, 0.3],
					"position": [0.1, 0.1, 0.5]
				}
			}
		},
		"draw": {
			"animation_length": 0.95,
			"bones": {
				"root": {
					"rotation": {
						"0.0": {
							"post": [27.57929, -37.55577, -0.08401],
							"lerp_mode": "catmullrom"
						},
						"0.2": {
							"post": [6.01193, -21.89831, 9.61445],
							"lerp_mode": "catmullrom"
						},
						"0.3": {
							"post": [-7.14965, -10.93568, 12.11748],
							"lerp_mode": "catmullrom"
						},
						"0.4": {
							"post": [-13.8093, -4.01767, 6.37018],
							"lerp_mode": "catmullrom"
						},
						"0.5": {
							"post": [-1.46, 0.47, -1.3],
							"lerp_mode": "catmullrom"
						},
						"0.6": {
							"post": [-0.55, -0.01, 0.82],
							"lerp_mode": "catmullrom"
						},
						"0.75": {
							"post": [0, 0, -0.3],
							"lerp_mode": "catmullrom"
						},
						"0.9": {
							"post": [0, 0, 0],
							"lerp_mode": "catmullrom"
						}
					},
					"position": {
						"0.0": {
							"post": [0.3, -17, 5.7],
							"lerp_mode": "catmullrom"
						},
						"0.2": {
							"post": [3.18, -6.07, -2.76],
							"lerp_mode": "catmullrom"
						},
						"0.3": {
							"post": [3.1875, -2.78, -3.97],
							"lerp_mode": "catmullrom"
						},
						"0.45": {
							"post": [0.41, -0.67, -0.3],
							"lerp_mode": "catmullrom"
						},
						"0.55": {
							"post": [0.17, 0, 0.29938],
							"lerp_mode": "catmullrom"
						},
						"0.6": {
							"post": [0.1, 0, 0.6],
							"lerp_mode": "catmullrom"
						},
						"0.7": {
							"post": [0.03, 0.04, -0.06188],
							"lerp_mode": "catmullrom"
						},
						"0.8": {
							"post": [0, 0, 0],
							"lerp_mode": "catmullrom"
						},
						"0.9": {
							"post": [0, 0, 0],
							"lerp_mode": "catmullrom"
						}
					}
				},
				"righthand": {
					"rotation": {
						"0.0": [-268.11, 12.19, -179.6],
						"0.35": [-268.10665, 12.19069, -179.60004]
					},
					"position": {
						"0.0": [-13.37, -15.84, 0.58],
						"0.35": [-6.3705, -12.837, -2.424]
					},
					"scale": [1, 1.5, 1]
				},
				"lefthand": {
					"rotation": [99.46055, -26.14789, -179.12514],
					"position": [6.9245, -13.319, -15.8675],
					"scale": [1, 1.5, 1]
				},
				"camera": {
					"rotation": {
						"0.0": {
							"post": [0, 0, 0],
							"lerp_mode": "catmullrom"
						},
						"0.2": {
							"post": [0.89297, -0.12891, 0.44141],
							"lerp_mode": "catmullrom"
						},
						"0.35": {
							"post": [0.94297, -0.19141, 0.44531],
							"lerp_mode": "catmullrom"
						},
						"0.55": {
							"post": [-0.1, 0.01953, -0.25391],
							"lerp_mode": "catmullrom"
						},
						"0.65": {
							"post": [0.1, 0.01953, 0.27344],
							"lerp_mode": "catmullrom"
						},
						"0.8": {
							"post": [-0.0375, 0.01953, -0.01953],
							"lerp_mode": "catmullrom"
						},
						"0.95": {
							"post": [0, 0, 0],
							"lerp_mode": "catmullrom"
						}
					}
				}
			}
		},
		"put_away": {
			"animation_length": 0.6,
			"bones": {
				"root": {
					"rotation": {
						"0.0": {
							"post": [0, 0, 0],
							"lerp_mode": "catmullrom"
						},
						"0.05": {
							"post": [-0.51171, -3.6801, -4.19401],
							"lerp_mode": "catmullrom"
						},
						"0.2": {
							"post": [4.36882, -11.73179, -10.29382],
							"lerp_mode": "catmullrom"
						},
						"0.35": {
							"post": [11.60471, -21.56305, -3.66288],
							"lerp_mode": "catmullrom"
						},
						"0.45": {
							"post": [16.97, -33.62, 3.38],
							"lerp_mode": "catmullrom"
						},
						"0.6": {
							"post": [34.73, -44.04, -3.09],
							"lerp_mode": "catmullrom"
						}
					},
					"position": {
						"0.0": {
							"post": [0, 0, 0],
							"lerp_mode": "catmullrom"
						},
						"0.05": {
							"post": [0, -0.49, -0.02],
							"lerp_mode": "catmullrom"
						},
						"0.2": {
							"post": [-0.52, -1.47, -0.56],
							"lerp_mode": "catmullrom"
						},
						"0.35": {
							"post": [-0.36, -2.92, -0.84],
							"lerp_mode": "catmullrom"
						},
						"0.45": {
							"post": [0.13, -5.86, -0.16],
							"lerp_mode": "catmullrom"
						},
						"0.6": {
							"post": [1.72, -9.68, 0.16],
							"lerp_mode": "catmullrom"
						}
					}
				},
				"righthand": {
					"rotation": [-268.10665, 12.19069, -179.60004],
					"position": [-6.3705, -12.837, -2.424],
					"scale": [1, 1.5, 1]
				},
				"righthand_pos": {
					"rotation": [0, 0, 0],
					"position": [0, 0, 0]
				},
				"lefthand": {
					"rotation": {
						"0.0": [99.46055, -26.14789, -179.12514],
						"0.25": [102.80048, -48.24432, -184.54494]
					},
					"position": [6.9245, -13.319, -15.8675],
					"scale": [1, 1.5, 1]
				},
				"camera": {
					"rotation": {
						"0.0": {
							"post": [0, 0, 0],
							"lerp_mode": "catmullrom"
						},
						"0.2": {
							"post": [0.35, 0.025, -0.225],
							"lerp_mode": "catmullrom"
						},
						"0.4": {
							"post": [0.1, 0.025, 0.075],
							"lerp_mode": "catmullrom"
						},
						"0.6": {
							"post": [0, 0, 0],
							"lerp_mode": "catmullrom"
						}
					}
				}
			}
		},
		"shoot": {
			"animation_length": 1.1333,
			"bones": {
				"root": {
					"rotation": {
						"0.0": [0, 0, 0],
						"0.0333": [-0.586, 0.022, -0.92],
						"0.0667": [-0.504, 0.013, -0.169],
						"0.1": [-0.273, 0.009, 0.812],
						"0.1333": [-0.014, 0.047, 1.048],
						"0.1667": [0.228, 0.118, 0.927],
						"0.2": [0.343, 0.179, 0.353],
						"0.2333": [0.458, 0.242, -0.221],
						"0.2667": [0.339, 0.226, -0.463],
						"0.3": [0.129, 0.177, -0.515],
						"0.3333": [-0.064, 0.105, -0.246],
						"0.3667": [-0.257, 0.034, 0.024],
						"0.4": [-0.21, -0.019, 0.183],
						"0.4333": [-0.162, -0.071, 0.343],
						"0.4667": [-0.098, -0.04, 0.194],
						"0.5": [-0.034, -0.008, 0.045],
						"0.5333": [0.03, 0.024, -0.104],
						"0.5667": [0.094, 0.056, -0.253],
						"0.6": [0.078, 0.045, -0.164],
						"0.6333": [0.062, 0.034, -0.075],
						"0.6667": [0.047, 0.023, 0.015],
						"0.7": [0.031, 0.011, 0.104],
						"0.7333": [0.022, 0.01, 0.058],
						"0.8": [0.013, 0.009, 0.011],
						"0.9": [0.003, 0.005, -0.103],
						"1.0": [0.002, 0.004, -0.077],
						"1.1333": [0, 0, 0]
					},
					"position": {
						"0.0": [0, 0, 0],
						"0.0333": [0.002, 0.029, 1.064],
						"0.0667": [0.007, 0.059, 0.539],
						"0.1": [0.012, 0.082, 0.258],
						"0.1333": [0, 0.036, 0.272],
						"0.1667": [-0.003, -0.014, 0.11],
						"0.2": [-0.014, -0.034, 0.084],
						"0.2333": [-0.024, -0.055, 0.058],
						"0.2667": [-0.009, -0.03, 0.051],
						"0.3": [0.001, -0.014, 0.042],
						"0.3333": [0.003, 0.004, 0.034],
						"0.3667": [0.016, -0.009, 0.043],
						"0.4": [0.032, 0.003, 0.056],
						"0.4333": [0.048, 0.015, 0.069],
						"0.4667": [0.039, 0.012, 0.057],
						"0.5": [0.03, 0.01, 0.045],
						"0.5333": [0.022, 0.007, 0.034],
						"0.5667": [0.013, 0.004, 0.022],
						"0.6": [-0.003, -0.006, 0.009],
						"0.6333": [-0.005, -0.007, 0.007],
						"0.6667": [-0.007, -0.007, 0.006],
						"0.7": [-0.01, -0.007, 0.005],
						"0.7333": [-0.008, -0.008, 0.005],
						"0.8": [-0.007, -0.008, 0.004],
						"0.9": [-0.003, -0.009, 0.003],
						"1.0": [-0.003, -0.008, 0.003],
						"1.1333": [0, 0, 0]
					}
				},
				"ump45_bolt": {
					"position": {
						"0.0": [0, 0, 0],
						"0.0333": [0, 0, 2.55],
						"0.0667": [0, 0, 0]
					}
				},
				"camera": {
					"rotation": {
						"0.0": [0, 0, 0],
						"0.0333": [0, 0, 0.65],
						"0.0667": [0, 0, -0.37],
						"0.1": [0, 0, 0.41],
						"0.1333": [0, 0, -0.185],
						"0.1667": [0, 0, 0.2],
						"0.2": [0, 0, 0]
					}
				},
				"bolt": {
					"position": {
						"0.0": [0, 0, 0],
						"0.0333": [0, 0, 1.8125],
						"0.0667": [0, 0, 0]
					}
				},
				"magazine": {
					"rotation": {
						"0.0": [0, 0, 0],
						"0.1": {
							"pre": [0, 0, 1.8],
							"post": [0, 0, 1.8],
							"lerp_mode": "catmullrom"
						},
						"0.2": {
							"post": [0, 0, -1.8],
							"lerp_mode": "catmullrom"
						},
						"0.3333": {
							"post": [0, 0, 1],
							"lerp_mode": "catmullrom"
						},
						"0.5": [0, 0, -1],
						"0.6333": [0, 0, 0]
					}
				},
				"constraint": {
					"rotation": {
						"0.0": [0.2, 0.2, 0.2],
						"0.1": [0, 0, 0]
					},
					"position": {
						"0.0": [0.2, 0.2, 0.2],
						"0.1": [0, 0, 0]
					}
				},
				"bone7": {
					"rotation": {
						"0.0": [0, 0, 0],
						"0.0333": [0, 52.5, 0],
						"0.0667": {
							"pre": [0, 68.5, 0],
							"post": [0, 68.5, 0],
							"lerp_mode": "catmullrom"
						},
						"0.1": [0, 40, 0],
						"0.1333": [0, 0, 0]
					}
				}
			}
		},
		"inspect": {
			"animation_length": 5.55,
			"bones": {
				"bone5": {
					"rotation": {
						"0.6": [0, 0, 0],
						"0.7": [0, 0, -1.46094],
						"0.8": [0, 0, 1.15391],
						"0.9667": [0, 0, -0.20375],
						"1.1667": [0, 0, 0],
						"1.5": [0, 0, 0],
						"1.8667": [0, 0, 0],
						"1.9667": [0, 0, -0.22656],
						"2.1": [0, 0, 0]
					}
				},
				"2zzzz_illuminated": {
					"scale": 0
				},
				"root": {
					"rotation": {
						"0.0": {
							"post": [0, 0, 0],
							"lerp_mode": "catmullrom"
						},
						"0.1": {
							"post": [-5.46934, -6.59483, -3.87442],
							"lerp_mode": "catmullrom"
						},
						"0.3": {
							"post": [-24.36045, -18.3372, -24.5736],
							"lerp_mode": "catmullrom"
						},
						"0.4667": {
							"post": [-26.6372, -23.44434, -30.03394],
							"lerp_mode": "catmullrom"
						},
						"0.6": {
							"post": [-27.1372, -23.44434, -30.53394],
							"lerp_mode": "catmullrom"
						},
						"0.9": {
							"post": [-27.57, -24.03, -31.84547],
							"lerp_mode": "catmullrom"
						},
						"1.1": {
							"post": [-26.6372, -24.44434, -33.28003],
							"lerp_mode": "catmullrom"
						},
						"1.4667": {
							"post": [-25.24484, -24.87172, -34.76282],
							"lerp_mode": "catmullrom"
						},
						"1.6667": {
							"post": [-25.02484, -25.14172, -35.06281],
							"lerp_mode": "catmullrom"
						},
						"1.8": {
							"post": [-25.68531, -24.51055, -34.39042],
							"lerp_mode": "catmullrom"
						},
						"2.0333": {
							"post": [-25.89, -25.17, -35.55],
							"lerp_mode": "catmullrom"
						},
						"2.1": {
							"post": [-26.36769, -24.44268, -34.05701],
							"lerp_mode": "catmullrom"
						},
						"2.2": {
							"post": [-24.26656, -25.85154, -37.78486],
							"lerp_mode": "catmullrom"
						},
						"2.3": {
							"post": [-25.85782, -24.16621, -33.81841],
							"lerp_mode": "catmullrom"
						},
						"2.4667": {
							"post": [-23.12164, -22.41959, -23.06423],
							"lerp_mode": "catmullrom"
						},
						"2.7667": {
							"post": [-33.43597, 2.67804, 38.4926],
							"lerp_mode": "catmullrom"
						},
						"2.9": {
							"post": [-34.83597, 5.27804, 55.3926],
							"lerp_mode": "catmullrom"
						},
						"3.2667": {
							"post": [-34.91, 4.72656, 56.81],
							"lerp_mode": "catmullrom"
						},
						"3.4": {
							"post": [-34.14, 5.47656, 66.61],
							"lerp_mode": "catmullrom"
						},
						"3.5667": {
							"post": [-28.1349, 15.84963, 74.7146],
							"lerp_mode": "catmullrom"
						},
						"3.8": {
							"post": [-27.50765, 25.10812, 76.87217],
							"lerp_mode": "catmullrom"
						},
						"4.2": {
							"post": [-28.75, 28.09656, 75.41],
							"lerp_mode": "catmullrom"
						},
						"4.5": {
							"post": [-35.44, 9.53656, 64.48],
							"lerp_mode": "catmullrom"
						},
						"4.9667": {
							"post": [-2.49762, -11.47315, 23.75119],
							"lerp_mode": "catmullrom"
						},
						"5.1": {
							"post": [4.76155, -3.98624, 3.16823],
							"lerp_mode": "catmullrom"
						},
						"5.2": {
							"post": [-0.75, 0, -2.25],
							"lerp_mode": "catmullrom"
						},
						"5.3667": {
							"post": [0.25, 0, 1.25],
							"lerp_mode": "catmullrom"
						},
						"5.5667": {
							"post": [0, 0, 0],
							"lerp_mode": "catmullrom"
						}
					},
					"position": {
						"0.0": {
							"post": [0, 0, 0],
							"lerp_mode": "catmullrom"
						},
						"0.1667": {
							"post": [0.30875, -0.91641, -0.54],
							"lerp_mode": "catmullrom"
						},
						"0.3667": {
							"post": [1.36297, -1.27344, -1.70312],
							"lerp_mode": "catmullrom"
						},
						"0.4667": {
							"post": [1.64593, -0.41498, -1.8],
							"lerp_mode": "catmullrom"
						},
						"0.6": {
							"post": [1.6539, -0.22265, -1.7],
							"lerp_mode": "catmullrom"
						},
						"0.7": {
							"post": [1.44969, 0.18984, -1.69],
							"lerp_mode": "catmullrom"
						},
						"0.8667": {
							"post": [1.31498, -0.16155, -1.69],
							"lerp_mode": "catmullrom"
						},
						"1.1": {
							"post": [1.29844, -0.65625, -1.7],
							"lerp_mode": "catmullrom"
						},
						"1.3": {
							"post": [1.30703, -0.65625, -1.7],
							"lerp_mode": "catmullrom"
						},
						"1.6667": {
							"post": [1.15691, -0.34554, -1.66],
							"lerp_mode": "catmullrom"
						},
						"2.0": {
							"post": [1.75985, -0.02578, -1.63],
							"lerp_mode": "catmullrom"
						},
						"2.0333": {
							"post": [2.23828, -0.13172, -1.62],
							"lerp_mode": "catmullrom"
						},
						"2.1": {
							"post": [2.68141, -0.72781, -1.61],
							"lerp_mode": "catmullrom"
						},
						"2.2": {
							"post": [2.54688, -0.98625, -1.61],
							"lerp_mode": "catmullrom"
						},
						"2.3667": {
							"post": [2.34641, -0.9083, -1.7],
							"lerp_mode": "catmullrom"
						},
						"2.6": {
							"post": [1.19487, -0.26194, -2.65],
							"lerp_mode": "catmullrom"
						},
						"2.8": {
							"post": [-0.28906, -0.48047, -3.5],
							"lerp_mode": "catmullrom"
						},
						"2.9667": {
							"post": [-0.35291, -2.37792, -3.67],
							"lerp_mode": "catmullrom"
						},
						"3.1667": {
							"post": [-0.46358, -1.51839, -3.65],
							"lerp_mode": "catmullrom"
						},
						"3.3667": {
							"post": [-0.43906, -1.4875, -3.62],
							"lerp_mode": "catmullrom"
						},
						"3.5667": {
							"post": [-0.37996, -1.54584, -3.6],
							"lerp_mode": "catmullrom"
						},
						"3.8": {
							"post": [-0.18816, -1.21432, -3.25234],
							"lerp_mode": "catmullrom"
						},
						"4.0667": {
							"post": [-0.15599, -0.32552, -2.96328],
							"lerp_mode": "catmullrom"
						},
						"4.3667": {
							"post": [-0.15342, -0.13628, -2.96328],
							"lerp_mode": "catmullrom"
						},
						"4.5": {
							"post": [-0.14906, -0.04609, -2.96328],
							"lerp_mode": "catmullrom"
						},
						"4.6667": {
							"post": [-0.27982, -0.50944, -2.96328],
							"lerp_mode": "catmullrom"
						},
						"4.8": {
							"post": [-0.15111, -0.66114, -2.96328],
							"lerp_mode": "catmullrom"
						},
						"4.9667": {
							"post": [0.44921, -0.66467, -2.95328],
							"lerp_mode": "catmullrom"
						},
						"5.1": {
							"post": [0.28719, -0.43, -2.83594],
							"lerp_mode": "catmullrom"
						},
						"5.2": {
							"post": [0.47, -0.14, 0.39],
							"lerp_mode": "catmullrom"
						},
						"5.3": {
							"post": [0.19924, 0.01743, -0.13359],
							"lerp_mode": "catmullrom"
						},
						"5.4": {
							"post": [0, 0, 0],
							"lerp_mode": "catmullrom"
						}
					}
				},
				"righthand": {
					"rotation": [-268.10665, 12.19069, -179.60004],
					"position": [-6.3705, -12.837, -2.424],
					"scale": [1, 1.5, 1]
				},
				"lefthand": {
					"rotation": {
						"0.0": [99.46055, -26.14789, -179.12514],
						"2.5": [96.96, -29.14, -146.86],
						"2.8": [89.42948, -58.15091, -207.78668],
						"4.1667": [89.42948, -58.15091, -207.78668],
						"4.3667": {
							"pre": [96.9594, -56.455, -192.41934],
							"post": [96.9594, -56.455, -192.41934],
							"lerp_mode": "catmullrom"
						},
						"4.6": [99.46055, -26.14789, -179.12514]
					},
					"position": {
						"0.0": [6.9245, -13.319, -15.8675],
						"0.2": [7.92, -12.87, -12.02],
						"2.2667": [7.92, -12.87, -12.02],
						"2.5": {
							"pre": [7.9187, -14.87, -18.02],
							"post": [7.9187, -14.87, -18.02],
							"lerp_mode": "catmullrom"
						},
						"2.8": [7.92, -12.87, -18.02],
						"3.4667": [7.92, -12.1825, -18.02],
						"4.1667": [7.92, -12.1825, -18.02],
						"4.4": {
							"pre": [7.9187, -13.87, -18.02],
							"post": [7.9187, -13.87, -18.02],
							"lerp_mode": "catmullrom"
						},
						"4.6": [6.9245, -13.319, -15.8675]
					},
					"scale": {
						"0.0": [1, 1.5, 1],
						"2.7": [1, 1.5, 1],
						"3.4667": [1, 1.5, 1],
						"4.5": [1, 1.5, 1],
						"4.6": [1, 1.5, 1]
					}
				},
				"mag_and_lefthand": {
					"rotation": [0, 0, 0],
					"position": {
						"0.5": [0, 0, 0],
						"0.7667": [0, 0, 0]
					}
				},
				"bullet_in_mag": {
					"scale": 0
				},
				"camera": {
					"rotation": {
						"0.0": {
							"post": [0, 0, 0],
							"lerp_mode": "catmullrom"
						},
						"0.2": {
							"post": [0.5, 0, -0.56641],
							"lerp_mode": "catmullrom"
						},
						"0.4667": {
							"post": [-0.00016, 0.33594, -1.07031],
							"lerp_mode": "catmullrom"
						},
						"0.7": {
							"post": [0.48781, -0.29687, -1.44922],
							"lerp_mode": "catmullrom"
						},
						"0.8667": {
							"post": [2.11484, -2.32031, -0.44531],
							"lerp_mode": "catmullrom"
						},
						"1.0667": {
							"post": [3.09594, -3.33594, -0.82031],
							"lerp_mode": "catmullrom"
						},
						"1.3": {
							"post": [3.46, -3.53, 0.07641],
							"lerp_mode": "catmullrom"
						},
						"1.5": {
							"post": [3.61922, -3.33594, 0.125],
							"lerp_mode": "catmullrom"
						},
						"1.7667": {
							"post": [3.48625, -2.73437, -0.82031],
							"lerp_mode": "catmullrom"
						},
						"1.8667": {
							"post": [2.89, -1.69, -0.75469],
							"lerp_mode": "catmullrom"
						},
						"2.0": {
							"post": [1.93672, 0, -1.64062],
							"lerp_mode": "catmullrom"
						},
						"2.1": {
							"post": [1.82, 0.28, -1.31469],
							"lerp_mode": "catmullrom"
						},
						"2.2": {
							"post": [1.77, 0.45, -2.16141],
							"lerp_mode": "catmullrom"
						},
						"2.3": {
							"post": [1.72, 0.63, -1.85],
							"lerp_mode": "catmullrom"
						},
						"2.4": {
							"post": [1.96438, 0.5625, -1.64062],
							"lerp_mode": "catmullrom"
						},
						"2.7667": {
							"post": [4.33984, -1.23437, 0.62891],
							"lerp_mode": "catmullrom"
						},
						"2.8667": {
							"post": [4.62, -1.45, 1.65391],
							"lerp_mode": "catmullrom"
						},
						"3.0": {
							"post": [5.68453, -1.57, 0.98609],
							"lerp_mode": "catmullrom"
						},
						"3.1667": {
							"post": [5.98109, -1.62891, 1.19531],
							"lerp_mode": "catmullrom"
						},
						"3.6": {
							"post": [6.53234, -1.40234, 1.19531],
							"lerp_mode": "catmullrom"
						},
						"4.1": {
							"post": [3.99328, -0.89844, 0.81641],
							"lerp_mode": "catmullrom"
						},
						"4.5": {
							"post": [3.25109, -0.95312, 1.07031],
							"lerp_mode": "catmullrom"
						},
						"4.8": {
							"post": [3.77187, -0.50391, 0.62891],
							"lerp_mode": "catmullrom"
						},
						"5.0667": {
							"post": [0, 0, -0.25],
							"lerp_mode": "catmullrom"
						},
						"5.1667": {
							"post": [-0.55859, 0, 0.31641],
							"lerp_mode": "catmullrom"
						},
						"5.3": {
							"post": [0.29688, 0, -0.125],
							"lerp_mode": "catmullrom"
						},
						"5.5": {
							"post": [0, 0, 0],
							"lerp_mode": "catmullrom"
						}
					}
				}
			}
		},
		"reload_tactical": {
			"animation_length": 2.7667,
			"bones": {
				"bullet": {
					"scale": {
						"1.1667": [0, 0, 0],
						"1.2": [1, 1, 1]
					}
				},
				"root": {
					"rotation": {
						"0.0": {
							"post": [0, 0, 0],
							"lerp_mode": "catmullrom"
						},
						"0.2": {
							"post": [0, 0, 1],
							"lerp_mode": "catmullrom"
						},
						"0.4": {
							"post": [-0.76114, 2.68233, 60.49738],
							"lerp_mode": "catmullrom"
						},
						"0.6": {
							"post": [-1.71805, 3.34506, 66.8784],
							"lerp_mode": "catmullrom"
						},
						"0.6667": [-3.96727, 4.81538, 78.78244],
						"0.8333": {
							"pre": [-3.09792, 4.43037, 64.75739],
							"post": [-3.09792, 4.43037, 64.75739],
							"lerp_mode": "catmullrom"
						},
						"1.0": {
							"post": [-2.80967, 2.61861, 72.54307],
							"lerp_mode": "catmullrom"
						},
						"1.1333": {
							"post": [-2.43667, 0.53306, 69.63615],
							"lerp_mode": "catmullrom"
						},
						"1.3333": {
							"post": [-0.02203, -6.51005, 63.04878],
							"lerp_mode": "catmullrom"
						},
						"1.4667": {
							"post": [-0.02203, -12.13505, 56.48628],
							"lerp_mode": "catmullrom"
						},
						"1.6": {
							"post": [-0.02203, -12.13505, 56.48628],
							"lerp_mode": "catmullrom"
						},
						"1.6667": {
							"post": [-0.71327, -12.28366, 57.20523],
							"lerp_mode": "catmullrom"
						},
						"2.0": {
							"post": [-2.44299, -5.13489, 60.71706],
							"lerp_mode": "catmullrom"
						},
						"2.3333": {
							"post": [-0.36328, 0.125, -0.275],
							"lerp_mode": "catmullrom"
						},
						"2.6333": {
							"post": [0, 0, 0],
							"lerp_mode": "catmullrom"
						},
						"2.7667": {
							"post": [0, 0, 0],
							"lerp_mode": "catmullrom"
						}
					},
					"position": {
						"0.0": {
							"post": [0, 0, 0],
							"lerp_mode": "catmullrom"
						},
						"0.1667": {
							"post": [-0.6925, -0.22, -0.09],
							"lerp_mode": "catmullrom"
						},
						"0.4": {
							"post": [2.525, -4.775, -0.73],
							"lerp_mode": "catmullrom"
						},
						"0.6": {
							"post": [2.66, -5.12, -0.465],
							"lerp_mode": "catmullrom"
						},
						"0.6667": [2.305, -6.6925, -0.465],
						"0.8": [2.285, -6.62, -0.465],
						"0.9667": {
							"pre": [2.68, -4.97, -0.98],
							"post": [2.68, -4.97, -0.98],
							"lerp_mode": "catmullrom"
						},
						"1.3333": {
							"post": [1.53, -5.0775, -0.6],
							"lerp_mode": "catmullrom"
						},
						"1.4667": {
							"post": [1.53, -5.64, -0.6],
							"lerp_mode": "catmullrom"
						},
						"1.6": {
							"post": [1.53, -5.64, -0.6],
							"lerp_mode": "catmullrom"
						},
						"1.6667": [0.91, -6.09, -0.5],
						"2.0": {
							"pre": [2.1, -4.725, -1.25],
							"post": [2.1, -4.725, -1.25],
							"lerp_mode": "catmullrom"
						},
						"2.2333": {
							"post": [0.0175, -0.61, -1.13],
							"lerp_mode": "catmullrom"
						},
						"2.4333": {
							"post": [0.025, -0.075, 0.5125],
							"lerp_mode": "catmullrom"
						},
						"2.5333": {
							"post": [0, -0.025, -0.075],
							"lerp_mode": "catmullrom"
						},
						"2.6333": {
							"post": [0, 0, 0],
							"lerp_mode": "catmullrom"
						},
						"2.7667": {
							"post": [0, 0, 0],
							"lerp_mode": "catmullrom"
						}
					}
				},
				"righthand": {
					"rotation": [-268.10665, 12.19069, -179.60004],
					"position": [-6.3705, -12.837, -2.424],
					"scale": [1, 1.5, 1]
				},
				"constraint": {
					"rotation": {
						"0.0": [0.01, 0.02, 0.01],
						"1.9": [0.01, 0.02, 0.01],
						"2.2": [0.05, 0.05, 0.05]
					},
					"position": {
						"0.0": [0, 0.01, 0.1],
						"1.9": [0, 0.01, 0.1],
						"2.2": [0.15, 0.15, 0.5]
					}
				},
				"lefthand": {
					"rotation": {
						"0.0": [99.46055, -26.14789, -179.12514],
						"0.2333": {
							"pre": [99.46055, -26.14789, -237.12514],
							"post": [99.46055, -26.14789, -237.12514],
							"lerp_mode": "catmullrom"
						},
						"0.4333": [126.78417, 14.69946, -335.92316],
						"0.8667": [126.78417, 14.69946, -335.92316],
						"0.9333": [99.46055, -26.14789, -179.12514],
						"1.8333": [99.46055, -26.14789, -179.12514],
						"2.1333": [99.46055, -26.14789, -179.12514]
					},
					"position": {
						"0.0": [6.9245, -13.319, -15.8675],
						"0.2333": {
							"pre": [14.92, -14.01, -13.18],
							"post": [14.92, -14.01, -13.18],
							"lerp_mode": "catmullrom"
						},
						"0.3667": {
							"post": [6.9825, -4.0075, -11.62],
							"lerp_mode": "catmullrom"
						},
						"0.5": [5.24, -4.31, -11.9],
						"0.6": [5.24, -4.31, -11.9],
						"1.8333": {
							"pre": [6.92, -5.32, -10.87],
							"post": [6.92, -5.32, -10.87],
							"lerp_mode": "catmullrom"
						},
						"1.9667": {
							"post": [10.03, -7.77, -12.31],
							"lerp_mode": "catmullrom"
						},
						"2.1333": [6.9245, -13.319, -15.8675]
					},
					"scale": {
						"0.0": [1, 1.5, 1],
						"2.1333": [1, 1.5, 1]
					}
				},
				"mag_and_lefthand": {
					"rotation": {
						"0.7333": [0, 0, 0],
						"1.5333": [0, 0, 0]
					},
					"position": {
						"0.4667": [0, 0, 0],
						"1.6667": [0, 0, 0]
					}
				},
				"bolt": {
					"position": [0, 0, 0]
				},
				"lefthand_and_mag": {
					"rotation": {
						"0.4667": [0, 0, 0],
						"0.6": [0, 0, 0],
						"0.7333": [0, 0, 50.27],
						"0.8667": {
							"pre": [0, 0, 62.875],
							"post": [0, 0, 62.875],
							"lerp_mode": "catmullrom"
						},
						"1.0333": {
							"post": [0, 0, 64.34],
							"lerp_mode": "catmullrom"
						},
						"1.1333": {
							"post": [0, 0, 60.95],
							"lerp_mode": "catmullrom"
						},
						"1.2667": {
							"post": [0, 0, 41.08],
							"lerp_mode": "catmullrom"
						},
						"1.3667": {
							"post": [0, 0, 7.265],
							"lerp_mode": "catmullrom"
						},
						"1.5": [0, 0, 2.64],
						"1.7": [0, 0, 0]
					},
					"position": {
						"0.4": [0, 0, 0],
						"0.4667": [0, 0, 0],
						"0.6": [-0.01, 0, 0],
						"0.6667": [0.07, 4.245, -1],
						"0.8667": {
							"pre": [1, 5, 0],
							"post": [1, 5, 0],
							"lerp_mode": "catmullrom"
						},
						"1.0333": {
							"post": [7, 3.33, 0],
							"lerp_mode": "catmullrom"
						},
						"1.1667": {
							"post": [3.88, 4.47, 0],
							"lerp_mode": "catmullrom"
						},
						"1.2667": {
							"post": [-0.0225, 4.7375, 0],
							"lerp_mode": "catmullrom"
						},
						"1.3667": [-0.4925, 1.345, 0],
						"1.5": [-0.195, 1.345, 0],
						"1.6": {
							"pre": [-0.03, 2.285, 0],
							"post": [-0.03, 2.285, 0],
							"lerp_mode": "catmullrom"
						},
						"1.6667": [0, 0, 0]
					}
				},
				"camera": {
					"rotation": {
						"0.0": {
							"post": [0, 0, 0],
							"lerp_mode": "catmullrom"
						},
						"0.1": {
							"post": [0.29, 0.05, -0.22],
							"lerp_mode": "catmullrom"
						},
						"0.3": {
							"post": [2.675, 0.3, -1.3],
							"lerp_mode": "catmullrom"
						},
						"0.4333": {
							"post": [2.875, 0.35, -1.51],
							"lerp_mode": "catmullrom"
						},
						"0.5": {
							"post": [3.195, 0.37, -1.43],
							"lerp_mode": "catmullrom"
						},
						"0.6": {
							"post": [1.9675, 0.4, -0.42],
							"lerp_mode": "catmullrom"
						},
						"0.7": {
							"post": [2.665, 0.4, -1.41],
							"lerp_mode": "catmullrom"
						},
						"0.8": {
							"post": [2.855, 0.4, -1.9],
							"lerp_mode": "catmullrom"
						},
						"0.8667": {
							"post": [2.9675, 0.4, -2.045],
							"lerp_mode": "catmullrom"
						},
						"0.9667": {
							"post": [3.025, 0.4, -1.975],
							"lerp_mode": "catmullrom"
						},
						"1.0667": {
							"post": [2.87, 0.44, -1.825],
							"lerp_mode": "catmullrom"
						},
						"1.2": {
							"post": [2.55, 0.475, -1.7],
							"lerp_mode": "catmullrom"
						},
						"1.3333": {
							"post": [2.425, 0.475, -1.6],
							"lerp_mode": "catmullrom"
						},
						"1.4333": {
							"post": [2.625, 0.49, -1.5725],
							"lerp_mode": "catmullrom"
						},
						"1.5": {
							"post": [3, 0.49, -1.61],
							"lerp_mode": "catmullrom"
						},
						"1.5667": {
							"post": [3.6, 0.43, -1.29],
							"lerp_mode": "catmullrom"
						},
						"1.6333": {
							"post": [3.68, 0.4, -1.075],
							"lerp_mode": "catmullrom"
						},
						"1.7333": {
							"post": [1.925, 0.35, -2.11],
							"lerp_mode": "catmullrom"
						},
						"1.8333": {
							"post": [2.725, 0.3, -1.575],
							"lerp_mode": "catmullrom"
						},
						"2.0667": {
							"post": [0.04, 0.06, -0.4],
							"lerp_mode": "catmullrom"
						},
						"2.1333": {
							"post": [0.05, 0, -0.0375],
							"lerp_mode": "catmullrom"
						},
						"2.2333": {
							"post": [-0.275, 0, -0.2],
							"lerp_mode": "catmullrom"
						},
						"2.3": {
							"post": [-0.19, 0, -0.13],
							"lerp_mode": "catmullrom"
						},
						"2.3667": {
							"post": [-0.05, 0, -0.04],
							"lerp_mode": "catmullrom"
						},
						"2.4667": {
							"post": [0, 0, 0],
							"lerp_mode": "catmullrom"
						}
					}
				},
				"bone": {
					"rotation": {
						"0.6": [0, 0, 0],
						"0.6333": [32.5, 0, 0],
						"0.6667": [32.5, 0, 0],
						"0.7": [0, 0, 0],
						"1.6": [0, 0, 0],
						"1.6333": [30, 0, 0],
						"1.6667": [0, 0, 0]
					}
				}
			},
			"sound_effects": {
				"0.1333": {
					"effect": "wyyc1991:m1918/1918_mge1"
				},
				"1.0667": {
					"effect": "wyyc1991:m1918/1918_mge2"
				}
			}
		},
		"reload_empty": {
			"animation_length": 3.1,
			"bones": {
				"bullet": {
					"scale": {
						"1.1667": [0, 0, 0],
						"1.2": [1, 1, 1]
					}
				},
				"root": {
					"rotation": {
						"0.0": {
							"post": [0, 0, 0],
							"lerp_mode": "catmullrom"
						},
						"0.2": {
							"post": [0, 0, 1],
							"lerp_mode": "catmullrom"
						},
						"0.4": {
							"post": [-0.76114, 2.68233, 60.49738],
							"lerp_mode": "catmullrom"
						},
						"0.6": {
							"post": [-1.71805, 3.34506, 66.8784],
							"lerp_mode": "catmullrom"
						},
						"0.6667": [-3.96727, 4.81538, 78.78244],
						"0.8333": {
							"pre": [-3.09792, 4.43037, 64.75739],
							"post": [-3.09792, 4.43037, 64.75739],
							"lerp_mode": "catmullrom"
						},
						"1.0": {
							"post": [-2.80967, 2.61861, 72.54307],
							"lerp_mode": "catmullrom"
						},
						"1.1333": {
							"post": [-2.43667, 0.53306, 69.63615],
							"lerp_mode": "catmullrom"
						},
						"1.3333": {
							"post": [-0.02203, -6.51005, 63.04878],
							"lerp_mode": "catmullrom"
						},
						"1.4667": {
							"post": [-0.02203, -12.13505, 56.48628],
							"lerp_mode": "catmullrom"
						},
						"1.6": {
							"post": [-0.02203, -12.13505, 56.48628],
							"lerp_mode": "catmullrom"
						},
						"1.6667": {
							"post": [-0.71327, -12.28366, 57.20523],
							"lerp_mode": "catmullrom"
						},
						"2.0": {
							"post": [-2.44299, -5.13489, 60.71706],
							"lerp_mode": "catmullrom"
						},
						"2.1": [-2.75, -9.3025, 64],
						"2.1667": {
							"pre": [-2.80035, -17.58582, 65.69828],
							"post": [-2.80035, -17.58582, 65.69828],
							"lerp_mode": "catmullrom"
						},
						"2.3333": {
							"post": [-2.76477, -15.08877, 65.57182],
							"lerp_mode": "catmullrom"
						},
						"2.4333": {
							"post": [-2.45494, -7.63261, 48.19954],
							"lerp_mode": "catmullrom"
						},
						"2.6667": {
							"post": [-0.36328, 0.125, -0.275],
							"lerp_mode": "catmullrom"
						},
						"2.9667": {
							"post": [0, 0, 0],
							"lerp_mode": "catmullrom"
						},
						"3.1": {
							"post": [0, 0, 0],
							"lerp_mode": "catmullrom"
						}
					},
					"position": {
						"0.0": {
							"post": [0, 0, 0],
							"lerp_mode": "catmullrom"
						},
						"0.1667": {
							"post": [-0.6925, -0.22, -0.09],
							"lerp_mode": "catmullrom"
						},
						"0.4": {
							"post": [2.525, -4.9625, -0.73],
							"lerp_mode": "catmullrom"
						},
						"0.6": {
							"post": [2.66, -5.3075, -0.465],
							"lerp_mode": "catmullrom"
						},
						"0.6667": [2.305, -6.88, -0.465],
						"0.8": [2.285, -6.8075, -0.465],
						"0.9667": {
							"pre": [2.68, -5.1575, -0.98],
							"post": [2.68, -5.1575, -0.98],
							"lerp_mode": "catmullrom"
						},
						"1.3333": {
							"post": [1.53, -5.265, -0.6],
							"lerp_mode": "catmullrom"
						},
						"1.4667": {
							"post": [1.53, -5.8275, -0.6],
							"lerp_mode": "catmullrom"
						},
						"1.6": {
							"post": [1.53, -5.8275, -0.6],
							"lerp_mode": "catmullrom"
						},
						"1.6667": [0.91, -6.2775, -0.5],
						"2.0": {
							"pre": [2.1, -4.9125, -1.25],
							"post": [2.1, -4.9125, -1.25],
							"lerp_mode": "catmullrom"
						},
						"2.1": [2.29, -4.3575, -1.035],
						"2.1667": {
							"pre": [2.31, -4.1875, -0.3],
							"post": [2.31, -4.1875, -0.3],
							"lerp_mode": "catmullrom"
						},
						"2.2333": {
							"post": [2.35, -4.43, -0.2],
							"lerp_mode": "catmullrom"
						},
						"2.3333": {
							"post": [2.31, -4.6875, -0.8],
							"lerp_mode": "catmullrom"
						},
						"2.4333": {
							"post": [1.6025, -3.275, -0.52],
							"lerp_mode": "catmullrom"
						},
						"2.5667": {
							"post": [0.0175, -0.61, -1.13],
							"lerp_mode": "catmullrom"
						},
						"2.7667": {
							"post": [0.025, -0.075, 0.5125],
							"lerp_mode": "catmullrom"
						},
						"2.8667": {
							"post": [0, -0.025, -0.075],
							"lerp_mode": "catmullrom"
						},
						"2.9667": {
							"post": [0, 0, 0],
							"lerp_mode": "catmullrom"
						},
						"3.1": {
							"post": [0, 0, 0],
							"lerp_mode": "catmullrom"
						}
					}
				},
				"righthand": {
					"rotation": [-268.10665, 12.19069, -179.60004],
					"position": [-6.3705, -12.837, -2.424],
					"scale": [1, 1.5, 1]
				},
				"constraint": {
					"rotation": {
						"0.0": [0.01, 0.02, 0.01],
						"1.9": [0.01, 0.02, 0.01],
						"2.2": [0.05, 0.05, 0.05]
					},
					"position": {
						"0.0": [0, 0.01, 0.1],
						"1.9": [0, 0.01, 0.1],
						"2.2": [0.15, 0.15, 0.5]
					}
				},
				"lefthand": {
					"rotation": {
						"0.0": [99.46055, -26.14789, -179.12514],
						"0.2333": {
							"pre": [99.46055, -26.14789, -237.12514],
							"post": [99.46055, -26.14789, -237.12514],
							"lerp_mode": "catmullrom"
						},
						"0.4333": [126.78417, 14.69946, -335.92316],
						"0.8667": [126.78417, 14.69946, -335.92316],
						"0.9333": [99.46055, -26.14789, -179.12514],
						"1.8333": [99.46055, -26.14789, -179.12514],
						"1.9667": {
							"pre": [105.85, -37.49, -244.765],
							"post": [105.85, -37.49, -244.765],
							"lerp_mode": "catmullrom"
						},
						"2.0333": [112.23293, -48.83191, -268.13585],
						"2.1": [112.23293, -48.83191, -268.13585],
						"2.1667": {
							"pre": [112.23293, -48.83191, -268.13585],
							"post": [112.23293, -48.83191, -268.13585],
							"lerp_mode": "catmullrom"
						},
						"2.3333": [112.23293, -48.83191, -264.13585],
						"2.4": {
							"pre": [95.469, -21.11839, -203.8997],
							"post": [95.469, -21.11839, -203.8997],
							"lerp_mode": "catmullrom"
						},
						"2.5333": [99.46055, -26.14789, -179.12514],
						"3.0667": [99.46055, -26.14789, -179.12514]
					},
					"position": {
						"0.0": [6.9245, -13.319, -15.8675],
						"0.2333": {
							"pre": [14.92, -14.01, -13.18],
							"post": [14.92, -14.01, -13.18],
							"lerp_mode": "catmullrom"
						},
						"0.3667": {
							"post": [6.9825, -4.0075, -11.62],
							"lerp_mode": "catmullrom"
						},
						"0.5": [5.24, -4.31, -11.9],
						"0.6": [5.24, -4.31, -11.9],
						"1.8333": {
							"pre": [6.92, -5.32, -10.87],
							"post": [6.92, -5.32, -10.87],
							"lerp_mode": "catmullrom"
						},
						"1.9667": [8.03, -5.77, -9.56],
						"2.0333": [5, -7.54, -8.23],
						"2.1": [5, -7.54, -8.23],
						"2.1667": [5, -7.54, -5.73],
						"2.3": [4.75, -7.54, -5.4175],
						"2.3333": [5.5, -7.49, -3.4275],
						"2.4": {
							"pre": [8.5625, -8.04, -7.8475],
							"post": [8.5625, -8.04, -7.8475],
							"lerp_mode": "catmullrom"
						},
						"2.5333": [6.9245, -13.319, -15.8675],
						"3.0667": [6.9245, -13.319, -15.8675]
					},
					"scale": {
						"0.0": [1, 1.5, 1],
						"3.0667": [1, 1.5, 1]
					}
				},
				"mag_and_lefthand": {
					"rotation": {
						"0.7333": [0, 0, 0],
						"1.5333": [0, 0, 0]
					},
					"position": {
						"0.4667": [0, 0, 0],
						"1.6667": [0, 0, 0]
					}
				},
				"bolt": {
					"position": {
						"0.0": [0, 0, 0],
						"2.1": [0, 0, 0],
						"2.1667": [0, 0, 2],
						"2.3": [0, 0, 2],
						"2.3333": [0, 0, 0]
					}
				},
				"lefthand_and_mag": {
					"rotation": {
						"0.4667": [0, 0, 0],
						"0.6": [0, 0, 0],
						"0.7333": [0, 0, 50.27],
						"0.8667": {
							"pre": [0, 0, 62.875],
							"post": [0, 0, 62.875],
							"lerp_mode": "catmullrom"
						},
						"1.0333": {
							"post": [0, 0, 64.34],
							"lerp_mode": "catmullrom"
						},
						"1.1333": {
							"post": [0, 0, 60.95],
							"lerp_mode": "catmullrom"
						},
						"1.2667": {
							"post": [0, 0, 41.08],
							"lerp_mode": "catmullrom"
						},
						"1.3667": {
							"post": [0, 0, 7.265],
							"lerp_mode": "catmullrom"
						},
						"1.5": [0, 0, 2.64],
						"1.7": [0, 0, 0]
					},
					"position": {
						"0.4": [0, 0, 0],
						"0.4667": [0, 0, 0],
						"0.6": [-0.01, 0, 0],
						"0.6667": [0.07, 4.245, -1],
						"0.8667": {
							"pre": [1, 5, 0],
							"post": [1, 5, 0],
							"lerp_mode": "catmullrom"
						},
						"1.0333": {
							"post": [7, 3.33, 0],
							"lerp_mode": "catmullrom"
						},
						"1.1667": {
							"post": [3.88, 4.47, 0],
							"lerp_mode": "catmullrom"
						},
						"1.2667": {
							"post": [-0.0225, 4.7375, 0],
							"lerp_mode": "catmullrom"
						},
						"1.3667": [-0.4925, 1.345, 0],
						"1.5": [-0.195, 1.345, 0],
						"1.6": {
							"pre": [-0.03, 2.285, 0],
							"post": [-0.03, 2.285, 0],
							"lerp_mode": "catmullrom"
						},
						"1.6667": [0, 0, 0]
					}
				},
				"camera": {
					"rotation": {
						"0.0": {
							"post": [0, 0, 0],
							"lerp_mode": "catmullrom"
						},
						"0.1": {
							"post": [0.29, 0.05, -0.22],
							"lerp_mode": "catmullrom"
						},
						"0.3": {
							"post": [2.675, 0.3, -1.3],
							"lerp_mode": "catmullrom"
						},
						"0.4333": {
							"post": [2.875, 0.35, -1.51],
							"lerp_mode": "catmullrom"
						},
						"0.5": {
							"post": [3.195, 0.37, -1.43],
							"lerp_mode": "catmullrom"
						},
						"0.6": {
							"post": [1.9675, 0.4, -0.42],
							"lerp_mode": "catmullrom"
						},
						"0.7": {
							"post": [2.665, 0.4, -1.41],
							"lerp_mode": "catmullrom"
						},
						"0.8": {
							"post": [2.855, 0.4, -1.9],
							"lerp_mode": "catmullrom"
						},
						"0.8667": {
							"post": [2.9675, 0.4, -2.045],
							"lerp_mode": "catmullrom"
						},
						"0.9667": {
							"post": [3.025, 0.4, -1.975],
							"lerp_mode": "catmullrom"
						},
						"1.0667": {
							"post": [2.87, 0.44, -1.825],
							"lerp_mode": "catmullrom"
						},
						"1.2": {
							"post": [2.55, 0.475, -1.7],
							"lerp_mode": "catmullrom"
						},
						"1.3333": {
							"post": [2.425, 0.475, -1.6],
							"lerp_mode": "catmullrom"
						},
						"1.4333": {
							"post": [2.625, 0.49, -1.76],
							"lerp_mode": "catmullrom"
						},
						"1.5": {
							"post": [3, 0.49, -1.61],
							"lerp_mode": "catmullrom"
						},
						"1.5667": {
							"post": [3.6625, 0.43, -1.2275],
							"lerp_mode": "catmullrom"
						},
						"1.6333": {
							"post": [3.68, 0.4, -1.075],
							"lerp_mode": "catmullrom"
						},
						"1.7333": {
							"post": [1.925, 0.35, -2.11],
							"lerp_mode": "catmullrom"
						},
						"1.8333": {
							"post": [2.725, 0.3, -1.575],
							"lerp_mode": "catmullrom"
						},
						"2.0667": {
							"post": [1.415, 0.06, -0.4],
							"lerp_mode": "catmullrom"
						},
						"2.1333": {
							"post": [1.425, 0, -0.1],
							"lerp_mode": "catmullrom"
						},
						"2.2333": {
							"post": [4.5375, 0, -1.075],
							"lerp_mode": "catmullrom"
						},
						"2.3": {
							"post": [-0.19, 0, 0.37],
							"lerp_mode": "catmullrom"
						},
						"2.4": {
							"post": [0.5125, 0, -0.04],
							"lerp_mode": "catmullrom"
						},
						"2.4667": {
							"post": [-0.02, 0, -0.06],
							"lerp_mode": "catmullrom"
						},
						"2.6333": {
							"post": [0, 0, 0],
							"lerp_mode": "catmullrom"
						}
					}
				},
				"bone": {
					"rotation": {
						"0.6": [0, 0, 0],
						"0.6333": [32.5, 0, 0],
						"0.6667": [32.5, 0, 0],
						"0.7": [0, 0, 0],
						"1.6": [0, 0, 0],
						"1.6333": [30, 0, 0],
						"1.6667": [0, 0, 0]
					}
				},
				"bullet_in_mag": {
					"scale": {
						"0.0": [0, 0, 0],
						"0.9333": [0, 0, 0],
						"0.9667": {
							"pre": [0, 0, 0],
							"post": [1, 1, 1]
						}
					}
				}
			},
			"sound_effects": {
				"0.1333": {
					"effect": "wyyc1991:m1918/1918_mge1"
				},
				"1.0667": {
					"effect": "wyyc1991:m1918/1918_mge2"
				},
				"2.0333": {
					"effect": "wyyc1991:m1918/1918_bolt"
				}
			}
		},
		"inspect_empty": {
			"animation_length": 5.55,
			"bones": {
				"bone5": {
					"rotation": {
						"0.6": [0, 0, 0],
						"0.7": [0, 0, -1.46094],
						"0.8": [0, 0, 1.15391],
						"0.9667": [0, 0, -0.20375],
						"1.1667": [0, 0, 0],
						"1.5": [0, 0, 0],
						"1.8667": [0, 0, 0],
						"1.9667": [0, 0, -0.22656],
						"2.1": [0, 0, 0]
					}
				},
				"2zzzz_illuminated": {
					"scale": 0
				},
				"root": {
					"rotation": {
						"0.0": {
							"post": [0, 0, 0],
							"lerp_mode": "catmullrom"
						},
						"0.1": {
							"post": [-5.46934, -6.59483, -3.87442],
							"lerp_mode": "catmullrom"
						},
						"0.3": {
							"post": [-24.36045, -18.3372, -24.5736],
							"lerp_mode": "catmullrom"
						},
						"0.4667": {
							"post": [-26.6372, -23.44434, -30.03394],
							"lerp_mode": "catmullrom"
						},
						"0.6": {
							"post": [-27.1372, -23.44434, -30.53394],
							"lerp_mode": "catmullrom"
						},
						"0.9": {
							"post": [-27.57, -24.03, -31.84547],
							"lerp_mode": "catmullrom"
						},
						"1.1": {
							"post": [-26.6372, -24.44434, -33.28003],
							"lerp_mode": "catmullrom"
						},
						"1.4667": {
							"post": [-25.24484, -24.87172, -34.76282],
							"lerp_mode": "catmullrom"
						},
						"1.6667": {
							"post": [-25.02484, -25.14172, -35.06281],
							"lerp_mode": "catmullrom"
						},
						"1.8": {
							"post": [-25.68531, -24.51055, -34.39042],
							"lerp_mode": "catmullrom"
						},
						"2.0333": {
							"post": [-25.89, -25.17, -35.55],
							"lerp_mode": "catmullrom"
						},
						"2.1": {
							"post": [-26.36769, -24.44268, -34.05701],
							"lerp_mode": "catmullrom"
						},
						"2.2": {
							"post": [-24.26656, -25.85154, -37.78486],
							"lerp_mode": "catmullrom"
						},
						"2.3": {
							"post": [-25.85782, -24.16621, -33.81841],
							"lerp_mode": "catmullrom"
						},
						"2.4667": {
							"post": [-23.12164, -22.41959, -23.06423],
							"lerp_mode": "catmullrom"
						},
						"2.7667": {
							"post": [-33.43597, 2.67804, 38.4926],
							"lerp_mode": "catmullrom"
						},
						"2.9": {
							"post": [-34.83597, 5.27804, 55.3926],
							"lerp_mode": "catmullrom"
						},
						"3.2667": {
							"post": [-34.91, 4.72656, 56.81],
							"lerp_mode": "catmullrom"
						},
						"3.4": {
							"post": [-34.14, 5.47656, 66.61],
							"lerp_mode": "catmullrom"
						},
						"3.5667": {
							"post": [-28.1349, 15.84963, 74.7146],
							"lerp_mode": "catmullrom"
						},
						"3.8": {
							"post": [-27.50765, 25.10812, 76.87217],
							"lerp_mode": "catmullrom"
						},
						"4.2": {
							"post": [-28.75, 28.09656, 75.41],
							"lerp_mode": "catmullrom"
						},
						"4.5": {
							"post": [-35.44, 9.53656, 64.48],
							"lerp_mode": "catmullrom"
						},
						"4.9667": {
							"post": [-2.49762, -11.47315, 23.75119],
							"lerp_mode": "catmullrom"
						},
						"5.1": {
							"post": [4.76155, -3.98624, 3.16823],
							"lerp_mode": "catmullrom"
						},
						"5.2": {
							"post": [-0.75, 0, -2.25],
							"lerp_mode": "catmullrom"
						},
						"5.3667": {
							"post": [0.25, 0, 1.25],
							"lerp_mode": "catmullrom"
						},
						"5.5667": {
							"post": [0, 0, 0],
							"lerp_mode": "catmullrom"
						}
					},
					"position": {
						"0.0": {
							"post": [0, 0, 0],
							"lerp_mode": "catmullrom"
						},
						"0.1667": {
							"post": [0.30875, -0.91641, -0.54],
							"lerp_mode": "catmullrom"
						},
						"0.3667": {
							"post": [1.36297, -1.27344, -1.70312],
							"lerp_mode": "catmullrom"
						},
						"0.4667": {
							"post": [1.64593, -0.41498, -1.8],
							"lerp_mode": "catmullrom"
						},
						"0.6": {
							"post": [1.6539, -0.22265, -1.7],
							"lerp_mode": "catmullrom"
						},
						"0.7": {
							"post": [1.44969, 0.18984, -1.69],
							"lerp_mode": "catmullrom"
						},
						"0.8667": {
							"post": [1.31498, -0.16155, -1.69],
							"lerp_mode": "catmullrom"
						},
						"1.1": {
							"post": [1.29844, -0.65625, -1.7],
							"lerp_mode": "catmullrom"
						},
						"1.3": {
							"post": [1.30703, -0.65625, -1.7],
							"lerp_mode": "catmullrom"
						},
						"1.6667": {
							"post": [1.15691, -0.34554, -1.66],
							"lerp_mode": "catmullrom"
						},
						"2.0": {
							"post": [1.75985, -0.02578, -1.63],
							"lerp_mode": "catmullrom"
						},
						"2.0333": {
							"post": [2.23828, -0.13172, -1.62],
							"lerp_mode": "catmullrom"
						},
						"2.1": {
							"post": [2.68141, -0.72781, -1.61],
							"lerp_mode": "catmullrom"
						},
						"2.2": {
							"post": [2.54688, -0.98625, -1.61],
							"lerp_mode": "catmullrom"
						},
						"2.3667": {
							"post": [2.34641, -0.9083, -1.7],
							"lerp_mode": "catmullrom"
						},
						"2.6": {
							"post": [1.19487, -0.26194, -2.65],
							"lerp_mode": "catmullrom"
						},
						"2.8": {
							"post": [-0.28906, -0.48047, -3.5],
							"lerp_mode": "catmullrom"
						},
						"2.9667": {
							"post": [-0.35291, -2.37792, -3.67],
							"lerp_mode": "catmullrom"
						},
						"3.1667": {
							"post": [-0.46358, -1.51839, -3.65],
							"lerp_mode": "catmullrom"
						},
						"3.3667": {
							"post": [-0.43906, -1.4875, -3.62],
							"lerp_mode": "catmullrom"
						},
						"3.5667": {
							"post": [-0.37996, -1.54584, -3.6],
							"lerp_mode": "catmullrom"
						},
						"3.8": {
							"post": [-0.18816, -1.21432, -3.25234],
							"lerp_mode": "catmullrom"
						},
						"4.0667": {
							"post": [-0.15599, -0.32552, -2.96328],
							"lerp_mode": "catmullrom"
						},
						"4.3667": {
							"post": [-0.15342, -0.13628, -2.96328],
							"lerp_mode": "catmullrom"
						},
						"4.5": {
							"post": [-0.14906, -0.04609, -2.96328],
							"lerp_mode": "catmullrom"
						},
						"4.6667": {
							"post": [-0.27982, -0.50944, -2.96328],
							"lerp_mode": "catmullrom"
						},
						"4.8": {
							"post": [-0.15111, -0.66114, -2.96328],
							"lerp_mode": "catmullrom"
						},
						"4.9667": {
							"post": [0.44921, -0.66467, -2.95328],
							"lerp_mode": "catmullrom"
						},
						"5.1": {
							"post": [0.28719, -0.43, -2.83594],
							"lerp_mode": "catmullrom"
						},
						"5.2": {
							"post": [0.47, -0.14, 0.39],
							"lerp_mode": "catmullrom"
						},
						"5.3": {
							"post": [0.19924, 0.01743, -0.13359],
							"lerp_mode": "catmullrom"
						},
						"5.4": {
							"post": [0, 0, 0],
							"lerp_mode": "catmullrom"
						}
					}
				},
				"righthand": {
					"rotation": [-268.10665, 12.19069, -179.60004],
					"position": [-6.3705, -12.837, -2.424],
					"scale": [1, 1.5, 1]
				},
				"lefthand": {
					"rotation": {
						"0.0": [99.46055, -26.14789, -179.12514],
						"2.5": [96.96, -29.14, -146.86],
						"2.8": [89.42948, -58.15091, -207.78668],
						"4.1667": [89.42948, -58.15091, -207.78668],
						"4.3667": {
							"pre": [96.9594, -56.455, -192.41934],
							"post": [96.9594, -56.455, -192.41934],
							"lerp_mode": "catmullrom"
						},
						"4.6": [99.46055, -26.14789, -179.12514]
					},
					"position": {
						"0.0": [6.9245, -13.319, -15.8675],
						"0.2": [7.92, -12.87, -12.02],
						"2.2667": [7.92, -12.87, -12.02],
						"2.5": {
							"pre": [7.9187, -14.87, -18.02],
							"post": [7.9187, -14.87, -18.02],
							"lerp_mode": "catmullrom"
						},
						"2.8": [7.92, -12.87, -18.02],
						"3.4667": [7.92, -12.1825, -18.02],
						"4.1667": [7.92, -12.1825, -18.02],
						"4.4": {
							"pre": [7.9187, -13.87, -18.02],
							"post": [7.9187, -13.87, -18.02],
							"lerp_mode": "catmullrom"
						},
						"4.6": [6.9245, -13.319, -15.8675]
					},
					"scale": {
						"0.0": [1, 1.5, 1],
						"4.6": [1, 1.5, 1]
					}
				},
				"mag_and_lefthand": {
					"rotation": [0, 0, 0],
					"position": {
						"0.5": [0, 0, 0],
						"0.7667": [0, 0, 0]
					}
				},
				"bullet_in_mag": {
					"scale": 0
				},
				"camera": {
					"rotation": {
						"0.0": {
							"post": [0, 0, 0],
							"lerp_mode": "catmullrom"
						},
						"0.2": {
							"post": [0.5, 0, -0.56641],
							"lerp_mode": "catmullrom"
						},
						"0.4667": {
							"post": [-0.00016, 0.33594, -1.07031],
							"lerp_mode": "catmullrom"
						},
						"0.7": {
							"post": [0.48781, -0.29687, -1.44922],
							"lerp_mode": "catmullrom"
						},
						"0.8667": {
							"post": [2.11484, -2.32031, -0.44531],
							"lerp_mode": "catmullrom"
						},
						"1.0667": {
							"post": [3.09594, -3.33594, -0.82031],
							"lerp_mode": "catmullrom"
						},
						"1.3": {
							"post": [3.46, -3.53, 0.07641],
							"lerp_mode": "catmullrom"
						},
						"1.5": {
							"post": [3.61922, -3.33594, 0.125],
							"lerp_mode": "catmullrom"
						},
						"1.7667": {
							"post": [3.48625, -2.73437, -0.82031],
							"lerp_mode": "catmullrom"
						},
						"1.8667": {
							"post": [2.89, -1.69, -0.75469],
							"lerp_mode": "catmullrom"
						},
						"2.0": {
							"post": [1.93672, 0, -1.64062],
							"lerp_mode": "catmullrom"
						},
						"2.1": {
							"post": [1.82, 0.28, -1.31469],
							"lerp_mode": "catmullrom"
						},
						"2.2": {
							"post": [1.77, 0.45, -2.16141],
							"lerp_mode": "catmullrom"
						},
						"2.3": {
							"post": [1.72, 0.63, -1.85],
							"lerp_mode": "catmullrom"
						},
						"2.4": {
							"post": [1.96438, 0.5625, -1.64062],
							"lerp_mode": "catmullrom"
						},
						"2.7667": {
							"post": [4.33984, -1.23437, 0.62891],
							"lerp_mode": "catmullrom"
						},
						"2.8667": {
							"post": [4.62, -1.45, 1.65391],
							"lerp_mode": "catmullrom"
						},
						"3.0": {
							"post": [5.68453, -1.57, 0.98609],
							"lerp_mode": "catmullrom"
						},
						"3.1667": {
							"post": [5.98109, -1.62891, 1.19531],
							"lerp_mode": "catmullrom"
						},
						"3.6": {
							"post": [6.53234, -1.40234, 1.19531],
							"lerp_mode": "catmullrom"
						},
						"4.1": {
							"post": [3.99328, -0.89844, 0.81641],
							"lerp_mode": "catmullrom"
						},
						"4.5": {
							"post": [3.25109, -0.95312, 1.07031],
							"lerp_mode": "catmullrom"
						},
						"4.8": {
							"post": [3.77187, -0.50391, 0.62891],
							"lerp_mode": "catmullrom"
						},
						"5.0667": {
							"post": [0, 0, -0.25],
							"lerp_mode": "catmullrom"
						},
						"5.1667": {
							"post": [-0.55859, 0, 0.31641],
							"lerp_mode": "catmullrom"
						},
						"5.3": {
							"post": [0.29688, 0, -0.125],
							"lerp_mode": "catmullrom"
						},
						"5.5": {
							"post": [0, 0, 0],
							"lerp_mode": "catmullrom"
						}
					}
				}
			}
		},
		"run_start": {
			"animation_length": 1.0833,
			"bones": {
				"lid2": {
					"rotation": {
						"0.0": [0, 0, 0],
						"0.0833": [0, 0, 0],
						"0.1667": [0, 0, -3],
						"0.25": [0, 0, -3.5],
						"0.3333": [0, 0, 0],
						"0.4167": [0, 0, 0],
						"0.5": [0, 0, -2.5],
						"0.5833": [0, 0, -3],
						"0.6667": [0, 0, 0],
						"0.75": [0, 0, 0],
						"0.8333": [0, 0, -2],
						"0.9167": [0, 0, -2.5]
					}
				},
				"lid3": {
					"rotation": {
						"0.0": [0, 0, 0],
						"0.0833": [0, 0, 0],
						"0.1667": [0, 0, -3],
						"0.25": [0, 0, -3.5],
						"0.3333": [0, 0, 0],
						"0.4167": [0, 0, 0],
						"0.5": [0, 0, -2.5],
						"0.5833": [0, 0, -3],
						"0.6667": [0, 0, 0],
						"0.75": [0, 0, 0],
						"0.8333": [0, 0, -2],
						"0.9167": [0, 0, -2.5]
					}
				},
				"gaiz": {
					"rotation": {
						"0.0": [0, 0, 0],
						"0.0833": [0, 0, 2.5],
						"0.1667": [0, 0, 0],
						"0.25": [0, 0, 2],
						"0.3333": [0, 0, 0],
						"0.4167": [0, 0, 3],
						"0.5": [0, 0, 0]
					}
				},
				"gaiz2": {
					"rotation": {
						"0.0": [0, 0, 0],
						"0.0833": [0, 0, 2.5],
						"0.1667": [0, 0, 0],
						"0.25": [0, 0, 2],
						"0.3333": [0, 0, 0],
						"0.4167": [0, 0, 3],
						"0.5": [0, 0, 0]
					}
				},
				"gaiz3": {
					"rotation": {
						"0.0": [0, 0, 0],
						"0.0833": [0, 0, 2.5],
						"0.1667": [0, 0, 0],
						"0.25": [0, 0, 2],
						"0.3333": [0, 0, 0],
						"0.4167": [0, 0, 3],
						"0.5": [0, 0, 0]
					}
				},
				"gaiz4": {
					"rotation": {
						"0.0": [0, 0, 0],
						"0.0833": [0, 0, 2.5],
						"0.1667": [0, 0, 0],
						"0.25": [0, 0, 2],
						"0.3333": [0, 0, 0],
						"0.4167": [0, 0, 3],
						"0.5": [0, 0, 0]
					}
				},
				"biaoc": {
					"rotation": {
						"0.0": [0, 0, 0],
						"0.0833": [-7.5, 0, 0],
						"0.1667": [0, 0, 0],
						"0.25": [-6.5, 0, 0],
						"0.3333": [0, 0, 0],
						"0.4167": [-5, 0, 0],
						"0.5833": [0, 0, 0]
					}
				},
				"root": {
					"rotation": {
						"0.0": {
							"post": [0, 0, 0],
							"lerp_mode": "catmullrom"
						},
						"0.3333": {
							"post": [9.41518, -0.00619, 11.29624],
							"lerp_mode": "catmullrom"
						},
						"0.6667": {
							"post": [15.66518, -1.13119, 14.29624],
							"lerp_mode": "catmullrom"
						},
						"0.8333": {
							"post": [12.07, -12.46, 22.2725],
							"lerp_mode": "catmullrom"
						},
						"1.0833": {
							"post": [6, -37.90406, 40],
							"lerp_mode": "catmullrom"
						}
					},
					"position": {
						"0.0": {
							"post": [0, 0, 0],
							"lerp_mode": "catmullrom"
						},
						"0.1667": {
							"post": [0.1875, -2.0625, 1.75],
							"lerp_mode": "catmullrom"
						},
						"0.3333": {
							"post": [-1.284, -2.0625, 2.75],
							"lerp_mode": "catmullrom"
						},
						"0.5": {
							"post": [-2.068, -3.0625, 3],
							"lerp_mode": "catmullrom"
						},
						"0.6667": {
							"post": [-0.578, -2.5625, 2.75],
							"lerp_mode": "catmullrom"
						},
						"0.9167": {
							"post": [2.0025, -3.7025, 2.08],
							"lerp_mode": "catmullrom"
						},
						"1.0833": {
							"post": [0.6275, -5.39, 2.08],
							"lerp_mode": "catmullrom"
						}
					}
				}
			}
		},
		"run": {
			"loop": true,
			"animation_length": 0.6667,
			"override_previous_animation": true,
			"bones": {
				"lid2": {
					"rotation": {
						"0.0": [0, 0, -2],
						"0.0417": [0, 0, 0],
						"0.125": [0, 0, 0],
						"0.25": [0, 0, -4.75],
						"0.2917": [0, 0, -5.5],
						"0.375": [0, 0, 0],
						"0.4583": [0, 0, 0],
						"0.5833": [0, 0, -3.75],
						"0.625": [0, 0, -4],
						"0.6667": [0, 0, -2]
					}
				},
				"lid3": {
					"rotation": {
						"0.0": [0, 0, -2],
						"0.0417": [0, 0, 0],
						"0.125": [0, 0, 0],
						"0.25": [0, 0, -4.75],
						"0.2917": [0, 0, -5.5],
						"0.375": [0, 0, 0],
						"0.4583": [0, 0, 0],
						"0.5833": [0, 0, -3.75],
						"0.625": [0, 0, -4],
						"0.6667": [0, 0, -2]
					}
				},
				"bullet": {
					"position": {
						"0.0833": [0, 0, 0],
						"0.25": [0, 0.125, 0],
						"0.3333": [0, 0, 0],
						"0.4167": [0, 0, 0],
						"0.5833": [0, -0.1875, 0],
						"0.6667": [0, 0, 0]
					}
				},
				"gaiz": {
					"rotation": {
						"0.0": [0, 0, 0],
						"0.0833": [0, 0, 2.5],
						"0.1667": [0, 0, 0],
						"0.25": [0, 0, 2],
						"0.3333": [0, 0, 0],
						"0.4167": [0, 0, 3],
						"0.5": [0, 0, 0]
					}
				},
				"biaoc": {
					"rotation": {
						"0.0": [0, 0, 0],
						"0.0833": [-7.5, 0, 0],
						"0.1667": [0, 0, 0],
						"0.25": [-6.5, 0, 0],
						"0.3333": [0, 0, 0],
						"0.4167": [-5, 0, 0],
						"0.5417": [0, 0, 0]
					}
				},
				"cm2": {
					"scale": 0
				},
				"gaiz2": {
					"rotation": {
						"0.0": [0, 0, 0],
						"0.0833": [0, 0, 2.5],
						"0.1667": [0, 0, 0],
						"0.25": [0, 0, 2],
						"0.3333": [0, 0, 0],
						"0.4167": [0, 0, 3],
						"0.5": [0, 0, 0]
					}
				},
				"gaiz3": {
					"rotation": {
						"0.0": [0, 0, 0],
						"0.0833": [0, 0, 2.5],
						"0.1667": [0, 0, 0],
						"0.25": [0, 0, 2],
						"0.3333": [0, 0, 0],
						"0.4167": [0, 0, 3],
						"0.5": [0, 0, 0]
					}
				},
				"root": {
					"rotation": {
						"0.0": {
							"post": [6, -37.90406, 40],
							"lerp_mode": "catmullrom"
						},
						"0.25": {
							"post": [2.59552, -37.33755, 45.63211],
							"lerp_mode": "catmullrom"
						},
						"0.375": {
							"post": [6, -37, 40],
							"lerp_mode": "catmullrom"
						},
						"0.5417": {
							"post": [9.18051, -32.33889, 34.11166],
							"lerp_mode": "catmullrom"
						},
						"0.6667": {
							"post": [6, -37.90406, 40],
							"lerp_mode": "catmullrom"
						}
					},
					"position": {
						"0.0": {
							"post": [0.6275, -5.39, 2.08],
							"lerp_mode": "catmullrom"
						},
						"0.125": {
							"post": [1.6125, -4.7075, 2.01],
							"lerp_mode": "catmullrom"
						},
						"0.2083": {
							"post": [1.69, -4.5625, 2],
							"lerp_mode": "catmullrom"
						},
						"0.3333": {
							"post": [0.345, -5.25, 2],
							"lerp_mode": "catmullrom"
						},
						"0.4583": {
							"post": [-1.25, -4.375, 2],
							"lerp_mode": "catmullrom"
						},
						"0.5417": {
							"post": [-1.1875, -4.5, 2],
							"lerp_mode": "catmullrom"
						},
						"0.6667": {
							"post": [0.6275, -5.39, 2.08],
							"lerp_mode": "catmullrom"
						}
					}
				}
			}
		},
		"run_hold": {
			"loop": true,
			"bones": {
				"root": {
					"rotation": [6, -37.90406, 40],
					"position": [0.6275, -5.39, 2.08]
				}
			}
		}
	}
}