{
	"format_version": "1.8.0",
	"animations": {
		"static_idle": {
			"loop": true,
			"bones": {
				"constraint": {
					"rotation": [0.2, 0.2, 0.2],
					"position": [0.2, 0.2, 0.2]
				},
				"righthand": {
					"rotation": [96.03823, -345.55669, -174.92734],
					"position": [-6.5, -14.4, -5.2],
					"scale": [1, 1.5, 1]
				},
				"lefthand": {
					"rotation": [105.23217, -25.62903, -173.58311],
					"position": [7.45, -13.7, -13.9],
					"scale": [1, 1.5, 1]
				}
			}
		},
		"draw": {
			"animation_length": 0.75,
			"bones": {
				"root": {
					"rotation": {
						"0.0417": {
							"pre": [10.744, -46.02734, 33.2477],
							"post": [10.744, -46.02734, 33.2477],
							"lerp_mode": "catmullrom"
						},
						"0.1667": {
							"post": [7.45831, -31.98945, 30.1915],
							"lerp_mode": "catmullrom"
						},
						"0.2917": {
							"post": [2.19121, -5.40379, 16.81796],
							"lerp_mode": "catmullrom"
						},
						"0.4167": {
							"post": [0.3034, -0.48088, 5.97004],
							"lerp_mode": "catmullrom"
						},
						"0.5": {
							"post": [0, 0, 0],
							"lerp_mode": "catmullrom"
						},
						"0.5417": {
							"post": [-0.0179, 0.0307, 1.62687],
							"lerp_mode": "catmullrom"
						},
						"0.6667": {
							"post": [0, 0, 0.25],
							"lerp_mode": "catmullrom"
						},
						"0.75": {
							"post": [0, 0, 0],
							"lerp_mode": "catmullrom"
						}
					},
					"position": {
						"0.0": {
							"post": [1.5, -12.9, 0.55],
							"lerp_mode": "catmullrom"
						},
						"0.1667": {
							"post": [0.56, -5.62, -0.365],
							"lerp_mode": "catmullrom"
						},
						"0.3333": {
							"post": [0, -1.325, -1.2],
							"lerp_mode": "catmullrom"
						},
						"0.5": {
							"post": [0, -0.225, 0.35],
							"lerp_mode": "catmullrom"
						},
						"0.625": {
							"post": [0, 0, 0],
							"lerp_mode": "catmullrom"
						},
						"0.75": {
							"post": [0, 0, 0],
							"lerp_mode": "catmullrom"
						}
					}
				},
				"righthand": {
					"rotation": [96.03823, -345.55669, -174.92734],
					"position": [-6.5, -14.4, -5.2],
					"scale": [1, 1.5, 1]
				},
				"lefthand": {
					"rotation": [105.23217, -25.62903, -173.58311],
					"position": [7.45, -13.7, -13.9],
					"scale": [1, 1.5, 1]
				},
				"camera": {
					"rotation": {
						"0.0": [0, 0, 0],
						"0.0417": [0.04, 0.02, 0.04],
						"0.0833": [0.11, 0.06, 0.13],
						"0.125": [0.18, 0.11, 0.26],
						"0.1667": [0.25, 0.17, 0.43],
						"0.2083": [0.31, 0.22, 0.53],
						"0.25": [0.35, 0.23, 0.52],
						"0.2917": [0.37, 0.22, 0.45],
						"0.3333": [0.38, 0.19, 0.35],
						"0.375": [0.35, 0.13, 0.16],
						"0.4167": [0.3, 0.06, -0.05],
						"0.4583": [0.25, 0, -0.17],
						"0.5": [0.16, -0.02, -0.01],
						"0.5417": [0.07, -0.01, 0.19],
						"0.5833": [0.04, -0.01, 0.14],
						"0.625": [0.01, 0, 0.03],
						"0.6667": [0, 0, -0.05],
						"0.7083": [0, 0, -0.04],
						"0.75": [0, 0, 0]
					}
				}
			},
			"sound_effects": {
				"0.0": {
					"effect": "p07_sm_papa90_retracted_out"
				},
				"0.2917": {
					"effect": "p07_sm_papa90_inspect_tilt"
				}
			}
		},
		"put_away": {
			"animation_length": 0.375,
			"bones": {
				"root": {
					"rotation": {
						"0.0": [0, 0, 0],
						"0.0417": [-0.569, -0.003, 5.018],
						"0.0833": [-2.447, -0.087, 22.848],
						"0.125": [-1.933, -1.636, 29.538],
						"0.1667": [0.762, -5.751, 31.746],
						"0.2083": [5.23, -12.003, 33.27],
						"0.2917": [16.085, -27.043, 33.965],
						"0.3333": [21.774, -34.333, 33.206],
						"0.375": [26.956, -40.562, 32.029]
					},
					"position": {
						"0.0": [0, 0, 0],
						"0.0417": [-0.376, -0.04, -0.284],
						"0.0833": [-1.779, -0.814, -1.917],
						"0.125": [-2.511, -1.566, -2.827],
						"0.1667": [-3.188, -2.654, -3.498],
						"0.2083": [-3.808, -3.961, -3.691],
						"0.2917": [-4.788, -6.679, -1.485],
						"0.3333": [-5.106, -8.035, 0.504],
						"0.375": [-5.274, -9.371, 2.545]
					}
				},
				"righthand": {
					"rotation": [96.03823, -345.55669, -174.92734],
					"position": [-6.5, -14.4, -5.2],
					"scale": [1, 1.5, 1]
				},
				"lefthand": {
					"rotation": {
						"0.0": [105.23217, -25.62903, -173.58311],
						"0.25": [142.65227, -11.23541, -276.6025]
					},
					"position": {
						"0.0": [7.45, -13.7, -13.9],
						"0.25": [20.52184, -8.17525, 1.96457]
					},
					"scale": [1, 1.5, 1]
				},
				"camera": {
					"rotation": {
						"0.0": {
							"post": [0, 0, 0],
							"lerp_mode": "catmullrom"
						},
						"0.2083": {
							"post": [0, 0, 0.525],
							"lerp_mode": "catmullrom"
						},
						"0.375": {
							"post": [0, 0, 0],
							"lerp_mode": "catmullrom"
						}
					}
				}
			}
		},
		"shoot": {
			"loop": true,
			"animation_length": 1.1333,
			"bones": {
				"ump45_bolt": {
					"position": {
						"0.0": [0, 0, 0],
						"0.0333": [0, 0, 2.55],
						"0.0667": [0, 0, 0]
					}
				},
				"root": {
					"rotation": {
						"0.0": [0, 0, 0],
						"0.0333": [-0.586, 0.022, -0.92],
						"0.0667": [-0.504, 0.013, -0.169],
						"0.1": [-0.273, 0.009, 0.812],
						"0.1333": [-0.014, 0.047, 1.048],
						"0.1667": [0.228, 0.118, 0.927],
						"0.2": [0.343, 0.179, 0.353],
						"0.2333": [0.458, 0.242, -0.221],
						"0.2667": [0.339, 0.226, -0.463],
						"0.3": [0.129, 0.177, -0.515],
						"0.3333": [-0.064, 0.105, -0.246],
						"0.3667": [-0.257, 0.034, -0.0385],
						"0.4333": {
							"pre": [-0.162, -0.071, 0.093],
							"post": [-0.162, -0.071, 0.093],
							"lerp_mode": "catmullrom"
						},
						"0.5": [-0.034, -0.008, 0.045],
						"0.5667": {
							"pre": [0.094, 0.056, -0.0655],
							"post": [0.094, 0.056, -0.0655],
							"lerp_mode": "catmullrom"
						},
						"0.6333": [0.062, 0.034, -0.075],
						"0.6667": [0.047, 0.023, 0.015],
						"0.7": [0.031, 0.011, 0.104],
						"0.7333": [0.022, 0.01, 0.058],
						"0.8": [0.013, 0.009, 0.011],
						"0.9": [0.003, 0.005, -0.103],
						"1.0": [0.002, 0.004, -0.077],
						"1.1333": [0, 0, 0]
					},
					"position": {
						"0.0": [0, 0, 0],
						"0.0333": {
							"pre": [0.002, 0.029, 1.2515],
							"post": [0.002, 0.029, 1.2515],
							"lerp_mode": "catmullrom"
						},
						"0.0667": {
							"post": [0.01, 0.05, 1.1175],
							"lerp_mode": "catmullrom"
						},
						"0.1": {
							"post": [0.007, 0.059, 0.539],
							"lerp_mode": "catmullrom"
						},
						"0.1667": {
							"post": [-0.003, -0.014, 0.11],
							"lerp_mode": "catmullrom"
						},
						"0.2": [-0.014, -0.034, 0.084],
						"0.2333": [-0.024, -0.055, 0.058],
						"0.2667": [-0.009, -0.03, 0.051],
						"0.3": [0.001, -0.014, 0.042],
						"0.3333": [0.003, 0.004, 0.034],
						"0.3667": [0.016, -0.009, 0.043],
						"0.4": [0.032, 0.003, 0.056],
						"0.4333": [0.048, 0.015, 0.069],
						"0.4667": [0.039, 0.012, 0.057],
						"0.5": [0.03, 0.01, 0.045],
						"0.5333": [0.022, 0.007, 0.034],
						"0.5667": [0.013, 0.004, 0.022],
						"0.6": [-0.003, -0.006, 0.009],
						"0.6333": [-0.005, -0.007, 0.007],
						"0.6667": [-0.007, -0.007, 0.006],
						"0.7": [-0.01, -0.007, 0.005],
						"0.7333": [-0.008, -0.008, 0.005],
						"0.8": [-0.007, -0.008, 0.004],
						"0.9": [-0.003, -0.009, 0.003],
						"1.0": [-0.003, -0.008, 0.003],
						"1.1333": [0, 0, 0]
					}
				},
				"guag": {
					"rotation": {
						"0.0": [0, 0, 0],
						"0.0667": [-35, 0, 0],
						"0.1333": [17.5, 0, 0],
						"0.2333": [-10, 0, 0],
						"0.3333": [2.5, 0, 0],
						"0.4333": [0, 0, 0]
					}
				},
				"gua": {
					"rotation": {
						"0.0": [0, 0, 0],
						"0.0667": [0, 0, -17.5],
						"0.1667": [0, 0, -2.5],
						"0.2333": [0, 0, -7.5],
						"0.3333": [0, 0, 0]
					}
				},
				"guag2": {
					"rotation": {
						"0.0": {
							"post": [0, 0, 0],
							"lerp_mode": "catmullrom"
						},
						"0.0667": {
							"post": [-35, 0, 0],
							"lerp_mode": "catmullrom"
						},
						"0.1333": {
							"post": [17.5, 0, 0],
							"lerp_mode": "catmullrom"
						},
						"0.2333": {
							"post": [-10, 0, 0],
							"lerp_mode": "catmullrom"
						},
						"0.3333": {
							"post": [2.5, 0, 0],
							"lerp_mode": "catmullrom"
						},
						"0.4333": {
							"post": [0, 0, 0],
							"lerp_mode": "catmullrom"
						}
					}
				},
				"gua2": {
					"rotation": {
						"0.0": [0, 0, 0],
						"0.0667": [0, 0, -17.5],
						"0.1667": [0, 0, -2.5],
						"0.2333": [0, 0, -7.5],
						"0.3333": [0, 0, 0]
					}
				},
				"camera": {
					"rotation": {
						"0.0": [0, 0, 0],
						"0.0333": [0, 0, 0.65],
						"0.0667": [0, 0, -0.37],
						"0.1": [0, 0, 0.41],
						"0.1333": [0, 0, -0.185],
						"0.1667": [0, 0, 0.2],
						"0.2": [0, 0, 0]
					}
				},
				"constraint": {
					"rotation": {
						"0.0": [0.25, 0.25, 0.55],
						"0.5667": [0, 0, 0]
					},
					"position": {
						"0.0": [0.25, 0.5, 0.75],
						"0.5667": [0, 0, 0]
					}
				}
			}
		},
		"reload_tactical": {
			"animation_length": 2.7083,
			"bones": {
				"p90_mag_standard": {
					"rotation": {
						"0.25": [0, 0, 0],
						"0.3333": [5, 0, 0],
						"0.4167": {
							"pre": [4.5, 0, 0],
							"post": [4.5, 0, 0],
							"lerp_mode": "catmullrom"
						},
						"0.4583": {
							"post": [8.76, 2.83, 4.57],
							"lerp_mode": "catmullrom"
						},
						"0.5417": [11.8414, 6.60612, 9.18242],
						"0.625": [18.21689, 14.15035, 9.52646],
						"0.75": {
							"pre": [61.9, -20.71, 9.76],
							"post": [61.9, -20.71, 9.76],
							"lerp_mode": "catmullrom"
						},
						"0.875": {
							"post": [75.18955, -12.54654, -3.73569],
							"lerp_mode": "catmullrom"
						},
						"1.0833": {
							"post": [75.18955, -12.54654, -3.73569],
							"lerp_mode": "catmullrom"
						},
						"1.1667": [20.18955, -12.54654, -3.73569],
						"1.375": [9.8414, 7.33112, 9.18242],
						"1.5": [9.74, 5.68, 8.41],
						"1.5417": [9.7, 5.78, 8.03],
						"1.625": [8.75, 0, 7],
						"1.75": [4.8414, -0.39388, 1.43242],
						"1.9583": [5, 0, 0],
						"2.0": [0, 0, 0]
					},
					"position": {
						"0.25": [0, 0, 0],
						"0.3333": [0, 0.75, 0],
						"0.4167": [0, 0.775, 0.3],
						"0.4583": {
							"pre": [0.53, 1.53, 5.26],
							"post": [0.53, 1.53, 5.26],
							"lerp_mode": "catmullrom"
						},
						"0.5417": {
							"post": [1.275, 1.98, 7.3],
							"lerp_mode": "catmullrom"
						},
						"0.625": {
							"post": [3.03447, 3.19502, 10.87185],
							"lerp_mode": "catmullrom"
						},
						"0.7083": {
							"post": [4.45, 2.05, 10.56],
							"lerp_mode": "catmullrom"
						},
						"0.75": {
							"post": [4.97, -1.12, 5.63],
							"lerp_mode": "catmullrom"
						},
						"0.7917": {
							"post": [5.28, -2.52, 4.2],
							"lerp_mode": "catmullrom"
						},
						"0.875": {
							"post": [5.58, -6.82, 2.1],
							"lerp_mode": "catmullrom"
						},
						"1.0833": [5.58, -4.72, 1.7],
						"1.2917": [2.94425, 2.17411, 8.54383],
						"1.375": [1.275, 1.88, 7.6],
						"1.4583": [1.24, 1.87, 7.28],
						"1.5417": [1.12, 1.84, 6.8],
						"1.625": [0, 1.58, 3.3],
						"1.7083": [0, 0.75, 0],
						"1.9583": [0, 0.75, 0],
						"2.0": [0, 0, 0]
					},
					"scale": {
						"0.8333": [1, 1, 1],
						"0.875": [0, 0, 0],
						"1.0833": [0, 0, 0],
						"1.125": [1, 1, 1]
					}
				},
				"root": {
					"rotation": {
						"0.0": {
							"post": [0, 0, 0],
							"lerp_mode": "catmullrom"
						},
						"0.0833": {
							"post": [-0.82, -6.79, 4.55],
							"lerp_mode": "catmullrom"
						},
						"0.2083": {
							"post": [-2.68133, -25.66771, 15.17558],
							"lerp_mode": "catmullrom"
						},
						"0.2917": {
							"post": [-1.885, -28.67, 13.84],
							"lerp_mode": "catmullrom"
						},
						"0.3333": {
							"post": [-1.95805, -28.97026, 13.33559],
							"lerp_mode": "catmullrom"
						},
						"0.4167": {
							"post": [-1.92, -29.97, 13.53],
							"lerp_mode": "catmullrom"
						},
						"0.4583": {
							"post": [0.24247, -29.91264, 8.92896],
							"lerp_mode": "catmullrom"
						},
						"0.5": {
							"post": [-1.8414, -29.10911, 12.87496],
							"lerp_mode": "catmullrom"
						},
						"0.5833": {
							"post": [0.04808, -27.87105, 11.72179],
							"lerp_mode": "catmullrom"
						},
						"0.6667": {
							"post": [-1.09915, -27.18378, 15.29683],
							"lerp_mode": "catmullrom"
						},
						"0.75": {
							"post": [-0.97566, -25.645, 13.85697],
							"lerp_mode": "catmullrom"
						},
						"0.7917": {
							"post": [-1.45867, -24.77723, 13.64904],
							"lerp_mode": "catmullrom"
						},
						"0.9167": {
							"post": [-2.7598, -24.34802, 15.10919],
							"lerp_mode": "catmullrom"
						},
						"1.0": {
							"post": [-3.24915, -24.05878, 15.29683],
							"lerp_mode": "catmullrom"
						},
						"1.125": {
							"post": [-3.57415, -23.00878, 15.29683],
							"lerp_mode": "catmullrom"
						},
						"1.2917": {
							"post": [-3.695, -21.24, 17.2],
							"lerp_mode": "catmullrom"
						},
						"1.375": {
							"post": [-4.19103, -20.6897, 18.01487],
							"lerp_mode": "catmullrom"
						},
						"1.4167": {
							"post": [-3.86313, -20.14835, 17.25594],
							"lerp_mode": "catmullrom"
						},
						"1.5417": {
							"post": [-3.75041, -19.63434, 17.9993],
							"lerp_mode": "catmullrom"
						},
						"1.625": {
							"post": [-2.91, -21.545, 17.58],
							"lerp_mode": "catmullrom"
						},
						"1.6667": {
							"post": [-2.35, -22.42, 17.63],
							"lerp_mode": "catmullrom"
						},
						"1.75": {
							"post": [-2.09035, -21.23901, 18.20812],
							"lerp_mode": "catmullrom"
						},
						"1.875": {
							"post": [-2.02567, -19.97331, 18.23549],
							"lerp_mode": "catmullrom"
						},
						"1.9583": {
							"post": [-2.44655, -19.88599, 18.14879],
							"lerp_mode": "catmullrom"
						},
						"2.0": {
							"post": [-8.0593, -19.07725, 24.09567],
							"lerp_mode": "catmullrom"
						},
						"2.0417": {
							"post": [-2.92109, -19.81376, 12.51511],
							"lerp_mode": "catmullrom"
						},
						"2.125": {
							"post": [-1.68732, -16.44389, 15.42964],
							"lerp_mode": "catmullrom"
						},
						"2.2083": {
							"post": [2.48, -11.765, 7.62],
							"lerp_mode": "catmullrom"
						},
						"2.2917": {
							"post": [6.50699, -2.59487, 3.50403],
							"lerp_mode": "catmullrom"
						},
						"2.3333": {
							"post": [6.265, -0.83, -1.49375],
							"lerp_mode": "catmullrom"
						},
						"2.4167": {
							"post": [-0.225, -0.1, 1.525],
							"lerp_mode": "catmullrom"
						},
						"2.5": {
							"post": [0, 0.775, -0.70625],
							"lerp_mode": "catmullrom"
						},
						"2.5833": {
							"post": [-0.04375, 0.1, 0.36269],
							"lerp_mode": "catmullrom"
						},
						"2.7083": {
							"post": [0, 0, 0],
							"lerp_mode": "catmullrom"
						}
					},
					"position": {
						"0.0": {
							"post": [0, 0, 0],
							"lerp_mode": "catmullrom"
						},
						"0.2083": {
							"post": [1.3, -0.9, -0.7],
							"lerp_mode": "catmullrom"
						},
						"0.3333": {
							"post": [1.3, -1.05, -0.95],
							"lerp_mode": "catmullrom"
						},
						"0.4583": {
							"post": [1.25, -0.815, -0.95],
							"lerp_mode": "catmullrom"
						},
						"0.5": {
							"post": [1.56, -0.895, -0.71],
							"lerp_mode": "catmullrom"
						},
						"0.5833": {
							"post": [1.74, -1.075, -0.8],
							"lerp_mode": "catmullrom"
						},
						"0.6667": {
							"post": [1.595, -1.46, -0.87],
							"lerp_mode": "catmullrom"
						},
						"0.75": {
							"post": [1.355, -1.61, -0.92],
							"lerp_mode": "catmullrom"
						},
						"0.875": {
							"post": [1.19, -1.555, -0.93],
							"lerp_mode": "catmullrom"
						},
						"1.0": {
							"post": [1.165, -1.38, -0.925],
							"lerp_mode": "catmullrom"
						},
						"1.0833": {
							"post": [1.185, -1.295, -0.925],
							"lerp_mode": "catmullrom"
						},
						"1.25": {
							"post": [1.18, -1.285, -1.125],
							"lerp_mode": "catmullrom"
						},
						"1.5": {
							"post": [1.15, -1.335, -1.8],
							"lerp_mode": "catmullrom"
						},
						"1.6667": {
							"post": [1.395, -1.655, -1.925],
							"lerp_mode": "catmullrom"
						},
						"1.9583": {
							"post": [1.505, -1.63, -1.9],
							"lerp_mode": "catmullrom"
						},
						"2.0": {
							"post": [1.515, -2.11, -1.9],
							"lerp_mode": "catmullrom"
						},
						"2.0833": {
							"post": [1.475, -1.975, -1.6],
							"lerp_mode": "catmullrom"
						},
						"2.2083": {
							"post": [1.03, -2.46, -1.81],
							"lerp_mode": "catmullrom"
						},
						"2.2917": {
							"post": [0.36, -2.16, -1.9875],
							"lerp_mode": "catmullrom"
						},
						"2.375": {
							"post": [0, -0.99, -1.5375],
							"lerp_mode": "catmullrom"
						},
						"2.4583": {
							"post": [0, -0.25125, 0.3375],
							"lerp_mode": "catmullrom"
						},
						"2.5": {
							"post": [0, -0.11, 0.35],
							"lerp_mode": "catmullrom"
						},
						"2.5833": {
							"post": [0, -0.065, -0.17625],
							"lerp_mode": "catmullrom"
						},
						"2.7083": {
							"post": [0, 0, 0],
							"lerp_mode": "catmullrom"
						}
					}
				},
				"magazine": {
					"rotation": {
						"0.25": [0, 0, 0],
						"0.3333": [2, 0, 0],
						"0.4167": {
							"pre": [3, 0, 0],
							"post": [3, 0, 0],
							"lerp_mode": "catmullrom"
						},
						"0.4583": {
							"post": [8.76, 2.83, 4.57],
							"lerp_mode": "catmullrom"
						},
						"0.5417": [11.8414, 6.60612, 9.18242],
						"0.625": [18.21689, 14.15035, 9.52646],
						"0.75": {
							"pre": [61.9, -20.71, 9.76],
							"post": [61.9, -20.71, 9.76],
							"lerp_mode": "catmullrom"
						},
						"0.875": {
							"post": [75.18955, -12.54654, -3.73569],
							"lerp_mode": "catmullrom"
						},
						"1.0833": {
							"post": [75.18955, -12.54654, -3.73569],
							"lerp_mode": "catmullrom"
						},
						"1.1667": [20.18955, -12.54654, -3.73569],
						"1.375": [7.9664, 7.33112, 9.18242],
						"1.5": [7.865, 5.68, 8.41],
						"1.5417": [7.825, 5.78, 8.03],
						"1.625": [6.875, 0, 7],
						"1.75": [2.9664, -0.39388, 1.43242],
						"1.9583": [3.125, 0, 0],
						"2.0": [0, 0, 0]
					},
					"position": {
						"0.25": [0, 0, 0],
						"0.3333": [0, 0.3, 0.3125],
						"0.4167": [0, 0.3, 1.3],
						"0.4583": {
							"pre": [0.53, 0.78, 5.26],
							"post": [0.53, 0.78, 5.26],
							"lerp_mode": "catmullrom"
						},
						"0.5417": {
							"post": [1.275, 1.98, 7.3],
							"lerp_mode": "catmullrom"
						},
						"0.625": {
							"post": [3.03447, 3.19502, 10.87185],
							"lerp_mode": "catmullrom"
						},
						"0.7083": {
							"post": [4.45, 2.05, 10.56],
							"lerp_mode": "catmullrom"
						},
						"0.75": {
							"post": [4.97, -1.12, 5.63],
							"lerp_mode": "catmullrom"
						},
						"0.7917": {
							"post": [5.28, -2.52, 4.2],
							"lerp_mode": "catmullrom"
						},
						"0.875": {
							"post": [5.58, -6.82, 2.1],
							"lerp_mode": "catmullrom"
						},
						"1.0833": [5.58, -4.72, 1.7],
						"1.2917": [2.94425, 1.61161, 8.54383],
						"1.375": [1.275, 1.3175, 7.6],
						"1.4583": [1.24, 1.3075, 7.28],
						"1.5417": [1.12, 1.2775, 6.8],
						"1.625": [0, 0.5175, 3.3],
						"1.7083": [0, 0.1875, 0],
						"1.9583": [0, 0.1875, 0],
						"2.0": [0, 0, 0]
					},
					"scale": {
						"0.6667": [1, 1, 1],
						"0.7083": {"pre": [1, 1, 1], "post": [0, 0, 0]},
						"1.0833": [0, 0, 0],
						"1.125": {"pre": [0, 0, 0], "post": [1, 1, 1]}
					}
				},
				"guag": {
					"rotation": {
						"0.0": [0, 0, 0],
						"0.2917": [-10, 0, 0],
						"0.5": [-5, 0, 0],
						"0.5833": [-10, 0, 0],
						"1.75": [-15, 0, 0],
						"1.9583": [-8.5, 0, 0],
						"2.0417": [8, 0, 0],
						"2.2083": [-8.5, 0, 0],
						"2.3333": [0, 0, 0]
					}
				},
				"gua": {
					"rotation": {
						"0.125": [0, 0, 0],
						"0.2917": [0, 0, -10],
						"0.4583": [0, 0, 2.5],
						"0.5833": [0, 0, -10],
						"1.75": [0, 0, -2.5],
						"1.9167": [0, 0, -2.5],
						"2.0": [0, 0, 7.5],
						"2.0833": [0, 0, -12.5],
						"2.1667": [0, 0, -12.5],
						"2.25": [0, 0, -22.5],
						"2.3333": [0, 0, -18.63],
						"2.4167": [0, 0, 0]
					}
				},
				"d1": {
					"rotation": {
						"0.25": [0, 0, 0],
						"0.3333": [0, -12.5, 0],
						"0.4167": [0, 0, 0]
					}
				},
				"d2": {
					"rotation": {
						"0.25": [0, 0, 0],
						"0.3333": [0, 12.5, 0],
						"0.4167": [0, 0, 0]
					}
				},
				"righthand": {
					"rotation": [96.03823, -345.55669, -174.92734],
					"position": [-6.5, -14.4, -5.2],
					"scale": [1, 1.5, 1]
				},
				"lefthand": {
					"rotation": {
						"0.0": [105.23217, -25.62903, -173.58311],
						"0.1667": [191.60906, -7.92203, -247.67958],
						"0.2083": [191.60906, -7.92203, -247.67958],
						"0.25": [191.60906, -7.92203, -247.67958],
						"0.3333": [192.09846, -10.24205, -251.27589],
						"0.4167": [185.12114, -7.42442, -262.96522],
						"0.4583": [208.87, -7.93, -256.15],
						"0.5417": [221.54497, -13.14111, -257.84004],
						"0.625": [207.5138, -20.3561, -253.75523],
						"0.7083": [190.24015, -43.72932, -257.66244],
						"0.75": [158.59, -55.27, -233.95],
						"0.875": [126.93777, -66.80339, -210.24654],
						"1.2917": [191.60906, -7.92203, -247.67958],
						"1.6667": [186.23557, -4.67728, -262.41593],
						"1.75": [186.23557, -4.67728, -262.41593],
						"1.9167": [190.10079, -1.75665, -237.3195],
						"1.9583": [190.10079, -1.75665, -237.3195],
						"2.0": [191.60906, -7.92203, -247.67958],
						"2.0417": [192.27467, -6.83496, -252.8588],
						"2.0833": [192.27467, -6.83496, -252.8588],
						"2.2083": [121.6, -10.38, -204.39],
						"2.2917": [110.01669, -19.8472, -176.92862],
						"2.3333": [105.23217, -25.62903, -173.58311]
					},
					"position": {
						"0.0": [7.45, -13.7, -13.9],
						"0.0417": [10.72, -13.56, -8.7225],
						"0.125": [9.56, -11.28, -4.9925],
						"0.1667": [7.05, -9, -2.8],
						"0.2083": [7.05, -9, -2.9],
						"0.25": [7.05, -9, -2.9],
						"0.3333": [6.925, -8.6875, -2.9],
						"0.4167": [6.375, -8.275, -1.125],
						"0.4583": {
							"pre": [6.87, -7.3, 5.52],
							"post": [6.87, -7.3, 5.52],
							"lerp_mode": "catmullrom"
						},
						"0.5417": {
							"post": [8.255, -6.97, 8.95],
							"lerp_mode": "catmullrom"
						},
						"0.625": {
							"post": [10.00947, -5.97998, 11.04685],
							"lerp_mode": "catmullrom"
						},
						"0.7083": {
							"post": [10.78015, -7.30575, 10.32601],
							"lerp_mode": "catmullrom"
						},
						"0.75": {
							"post": [11.35, -9.49, 5.71],
							"lerp_mode": "catmullrom"
						},
						"0.7917": {
							"post": [11.655, -10.17, 4.175],
							"lerp_mode": "catmullrom"
						},
						"0.875": {
							"post": [11.955, -13.77, 1.575],
							"lerp_mode": "catmullrom"
						},
						"1.125": [11.955, -13.77, 1.7],
						"1.2917": [9.31925, -6.87589, 5.54383],
						"1.375": [9.025, -7.17, 4.3],
						"1.5417": [8.495, -7.46, 4.05],
						"1.625": [7.625, -8.22, 0.8],
						"1.7083": [7.375, -8.55, -2.5],
						"1.8333": [7.6875, -8.3, -2.625],
						"1.9167": [8.5875, -6.3, -2.325],
						"1.9583": [8.6875, -6.1, -2.325],
						"2.0": [7.6875, -9.05, -2.625],
						"2.0833": [7.6875, -9.05, -2.625],
						"2.125": [8.6625, -9.6, -3.195],
						"2.1667": [9.9525, -10.54, -5.655],
						"2.2083": [10.2525, -12.89, -8.115],
						"2.2917": [7.7, -14.7, -12.85],
						"2.3333": [7.45, -13.7, -13.9]
					},
					"scale": {
						"0.0": [1, 1.5, 1],
						"2.3333": [1, 1.5, 1]
					}
				},
				"camera": {
					"rotation": {
						"0.0": {
							"post": [0, 0, 0],
							"lerp_mode": "catmullrom"
						},
						"0.25": {
							"post": [2.28, 0.16, 1.46],
							"lerp_mode": "catmullrom"
						},
						"0.4167": {
							"post": [2.64, 0.28, 1.89],
							"lerp_mode": "catmullrom"
						},
						"0.4583": {
							"post": [2.9, 1.025, 2.73],
							"lerp_mode": "catmullrom"
						},
						"0.5417": {
							"post": [2.30632, 1.33515, 1.39344],
							"lerp_mode": "catmullrom"
						},
						"0.6667": {
							"post": [2.27, 1.38, 2.22],
							"lerp_mode": "catmullrom"
						},
						"0.8333": {
							"post": [1.60608, 1.07931, 2.83465],
							"lerp_mode": "catmullrom"
						},
						"1.25": {
							"post": [1.83722, 0.85348, 1.9598],
							"lerp_mode": "catmullrom"
						},
						"1.3333": {
							"post": [1.53, 0.765, 1.6],
							"lerp_mode": "catmullrom"
						},
						"1.375": {
							"post": [1.525, 0.705, 1.83],
							"lerp_mode": "catmullrom"
						},
						"1.4167": {
							"post": [0.855, 0.45, 1.355],
							"lerp_mode": "catmullrom"
						},
						"1.5": {
							"post": [0.87, 0.34, 1.375],
							"lerp_mode": "catmullrom"
						},
						"1.625": {
							"post": [1.415, 0.21, 1.79],
							"lerp_mode": "catmullrom"
						},
						"1.6667": {
							"post": [1.39322, 0.15002, 2.31727],
							"lerp_mode": "catmullrom"
						},
						"1.9583": {
							"post": [0.35841, 0.16737, 2.96734],
							"lerp_mode": "catmullrom"
						},
						"2.0": {
							"post": [1.05, 0.16, 1.98],
							"lerp_mode": "catmullrom"
						},
						"2.0417": {
							"post": [0.43951, 0.11417, 2.47223],
							"lerp_mode": "catmullrom"
						},
						"2.2083": {
							"post": [0.615, 0.08, 1.84],
							"lerp_mode": "catmullrom"
						},
						"2.2917": {
							"post": [0, 0, 0],
							"lerp_mode": "catmullrom"
						},
						"2.375": {
							"post": [-0.22, 0, -0.07],
							"lerp_mode": "catmullrom"
						},
						"2.4167": {
							"post": [0.25, 0, 0.2],
							"lerp_mode": "catmullrom"
						},
						"2.5": {
							"post": [-0.125, 0, -0.125],
							"lerp_mode": "catmullrom"
						},
						"2.625": {
							"post": [0, 0, 0],
							"lerp_mode": "catmullrom"
						}
					}
				},
				"constraint": {
					"rotation": [0.2, 0.2, 0.2],
					"position": [0.2, 0.5, 0.1]
				}
			},
			"sound_effects": {
				"0.0": {
					"effect": "tacz:p90/p90_reload_raise"
				},
				"0.0833": {
					"effect": "tacz:p90/p90_reload_rattlearm2"
				},
				"0.25": {
					"effect": "tacz:p90/p90_reload_magrelease"
				},
				"0.375": {
					"effect": "tacz:p90/p90_reload_magout"
				},
				"0.75": {
					"effect": "tacz:p90/p90_reload_rattlearm1"
				},
				"1.3333": {
					"effect": "tacz:p90/p90_reload_maghitwell"
				},
				"1.5": {
					"effect": "tacz:p90/p90_reload_magin"
				},
				"1.9167": {
					"effect": "tacz:p90/p90_reload_fast_empty_magin"
				},
				"2.1667": {
					"effect": "tacz:p90/p90_reload_end"
				}
			}
		},
		"reload_empty": {
			"animation_length": 3.0417,
			"bones": {
				"p90_mag_standard": {
					"rotation": {
						"0.2083": [0, 0, 0],
						"0.2917": [3, 0, 0],
						"0.3333": [3, 0, 0],
						"0.375": [6.38, -6.96, 0.97],
						"0.4167": [1.85724, -11.50139, 17.45957],
						"0.4583": [-2.30604, -14.28963, 33.75892],
						"0.5": [-3.71151, -9.07949, 49.49318],
						"0.5417": [-5.18998, -9.85648, 65.62571],
						"0.625": [4.71875, 12.53588, 153.61081],
						"0.8333": [23.49777, -19.99512, 244.52867],
						"0.9583": [64.41324, 2.94528, -19.54101],
						"1.0833": [35.50568, 28.82953, 3.93468],
						"1.1667": [-4.97796, 24.27673, 2.10542],
						"1.2917": [5.04292, 7.4713, 0.6574],
						"1.375": [4.76864, 8.45869, 0.41063],
						"1.4167": [4.54, 6.72, 0.59],
						"1.4583": [4.54, 6.72, 0.59],
						"1.625": [4.5, 0, 0],
						"1.6667": [3, 0, 0],
						"1.9167": [3, 0, 0],
						"1.9583": [0, 0, 0]
					},
					"position": {
						"0.2083": [0, 0, 0],
						"0.2917": [0, 0.6, 0],
						"0.3333": [0, 0.6, 0],
						"0.375": [-1, 1.4, 5.55],
						"0.4583": [-2.9, 2.5, 11],
						"0.5417": [-4.7, 1.1, 16.5],
						"0.6667": [-7, -6.2, 22],
						"0.8333": [-8.04706, -12.99477, 25.47267],
						"1.0417": [15.1, -12, 8.8],
						"1.125": [10.1, -4.4, 8.4],
						"1.1667": [5.2, -0.6, 8.155],
						"1.2917": [1.1, 1.3, 7.925],
						"1.375": [1.05, 1.23, 7.8],
						"1.4167": [0.99, 1.17, 6.48],
						"1.4583": [0.99, 1.17, 6.48],
						"1.625": [0, 0.875, 0.175],
						"1.6667": [0, 0.6, 0],
						"1.9167": [0, 0.6, 0],
						"1.9583": [0, 0, 0]
					},
					"scale": {
						"0.75": [1, 1, 1],
						"0.7917": [0, 0, 0],
						"1.0": [0, 0, 0],
						"1.0417": [1, 1, 1]
					}
				},
				"pull": {
					"position": {
						"2.3333": [0, 0, 0],
						"2.375": [0, 0, 3.2],
						"2.4167": [0, 0, 3.8],
						"2.4583": [0, 0, 0],
						"2.5": [0, 0, 0.2],
						"2.5417": [0, 0, 0]
					}
				},
				"root": {
					"rotation": {
						"0.0": {
							"post": [0, 0, 0],
							"lerp_mode": "catmullrom"
						},
						"0.1667": {
							"post": [0.05801, -25.01646, 7.9537],
							"lerp_mode": "catmullrom"
						},
						"0.25": {
							"post": [-0.19, -29.11, 8.58],
							"lerp_mode": "catmullrom"
						},
						"0.2917": {
							"post": [0.3, -29.85, 8.44],
							"lerp_mode": "catmullrom"
						},
						"0.3333": {
							"post": [0.27, -30.385, 7.45],
							"lerp_mode": "catmullrom"
						},
						"0.375": {
							"post": [-0.49524, -31.16766, 9.23775],
							"lerp_mode": "catmullrom"
						},
						"0.4167": {
							"post": [3.44711, -33.07398, 4.02743],
							"lerp_mode": "catmullrom"
						},
						"0.5": {
							"post": [2.1093, -33.7683, 6.61185],
							"lerp_mode": "catmullrom"
						},
						"0.5833": {
							"post": [4.0953, -33.65277, 2.50028],
							"lerp_mode": "catmullrom"
						},
						"0.6667": {
							"post": [3.225, -33.34, 2.87],
							"lerp_mode": "catmullrom"
						},
						"0.8333": {
							"post": [3.95, -31.69, 1.705],
							"lerp_mode": "catmullrom"
						},
						"1.0": {
							"post": [4.32167, -28.60416, -0.82079],
							"lerp_mode": "catmullrom"
						},
						"1.1667": {
							"post": [6.17, -27.25, -0.76],
							"lerp_mode": "catmullrom"
						},
						"1.2917": {
							"post": [6.61474, -26.93294, -0.27113],
							"lerp_mode": "catmullrom"
						},
						"1.3333": {
							"post": [6.86, -26.89, 0.55],
							"lerp_mode": "catmullrom"
						},
						"1.375": {
							"post": [7.7012, -26.71925, -0.0588],
							"lerp_mode": "catmullrom"
						},
						"1.4167": {
							"post": [7.59106, -26.82399, 0.91014],
							"lerp_mode": "catmullrom"
						},
						"1.4583": {
							"post": [6.61513, -26.99207, 1.78387],
							"lerp_mode": "catmullrom"
						},
						"1.5": {
							"post": [5.32993, -27.26646, 4.16738],
							"lerp_mode": "catmullrom"
						},
						"1.5417": {
							"post": [5.72646, -27.33969, 3.38283],
							"lerp_mode": "catmullrom"
						},
						"1.6667": {
							"post": [7.9731, -27.86751, 1.29065],
							"lerp_mode": "catmullrom"
						},
						"1.7083": {
							"post": [7.66567, -27.22846, -1.07304],
							"lerp_mode": "catmullrom"
						},
						"1.7917": {
							"post": [5.59364, -26.4271, 0.40449],
							"lerp_mode": "catmullrom"
						},
						"1.9167": {
							"post": [5.62426, -25.48737, 6.10408],
							"lerp_mode": "catmullrom"
						},
						"1.9583": {
							"post": [11.09745, -24.21016, -7.07202],
							"lerp_mode": "catmullrom"
						},
						"2.0": {
							"post": [6.31941, -25.88411, 3.46929],
							"lerp_mode": "catmullrom"
						},
						"2.0417": {
							"post": [8.305, -23.83574, -2.92522],
							"lerp_mode": "catmullrom"
						},
						"2.125": {
							"post": [2.97317, -17.53058, 2.19478],
							"lerp_mode": "catmullrom"
						},
						"2.2083": {
							"post": [0.44, -9.18, -3.7],
							"lerp_mode": "catmullrom"
						},
						"2.2917": {
							"post": [-1.79715, -3.19578, -7.61582],
							"lerp_mode": "catmullrom"
						},
						"2.3333": {
							"post": [-2.45, -2.85, -9.08],
							"lerp_mode": "catmullrom"
						},
						"2.375": {
							"post": [-2.77794, -3.64096, -6.66727],
							"lerp_mode": "catmullrom"
						},
						"2.4167": {
							"post": [-2.32449, -4.76059, -1.15541],
							"lerp_mode": "catmullrom"
						},
						"2.4583": {
							"post": [-1.46803, -4.39836, -9.39693],
							"lerp_mode": "catmullrom"
						},
						"2.5": {
							"post": [-0.71736, -3.95324, -3.99611],
							"lerp_mode": "catmullrom"
						},
						"2.5417": {
							"post": [0.88758, -3.56145, -7.26635],
							"lerp_mode": "catmullrom"
						},
						"2.625": {
							"post": [2.81868, -2.84249, -2.18898],
							"lerp_mode": "catmullrom"
						},
						"2.7083": {
							"post": [1.848, -1.76511, -2.79219],
							"lerp_mode": "catmullrom"
						},
						"2.7917": {
							"post": [0.43999, -0.82841, -0.89092],
							"lerp_mode": "catmullrom"
						},
						"2.8333": {
							"post": [-0.11608, -0.27753, 2.22001],
							"lerp_mode": "catmullrom"
						},
						"2.9167": {
							"post": [0, 0, -0.25],
							"lerp_mode": "catmullrom"
						},
						"3.0417": {
							"post": [0, 0, 0],
							"lerp_mode": "catmullrom"
						}
					},
					"position": {
						"0.0": {
							"post": [0, 0, 0],
							"lerp_mode": "catmullrom"
						},
						"0.1667": {
							"post": [0.225, -2.075, 0],
							"lerp_mode": "catmullrom"
						},
						"0.3333": {
							"post": [0.195, -2.335, 0],
							"lerp_mode": "catmullrom"
						},
						"0.4167": {
							"post": [1.425, -2.175, 0],
							"lerp_mode": "catmullrom"
						},
						"0.5417": {
							"post": [1, -2.7, 0.2],
							"lerp_mode": "catmullrom"
						},
						"0.625": {
							"post": [0.86, -3.22, 0.23],
							"lerp_mode": "catmullrom"
						},
						"0.6667": {
							"post": [1.01, -3.67, 0.175],
							"lerp_mode": "catmullrom"
						},
						"0.8333": {
							"post": [1.13, -3.635, 0.02],
							"lerp_mode": "catmullrom"
						},
						"0.9167": {
							"post": [1.06, -3.43, -0.135],
							"lerp_mode": "catmullrom"
						},
						"1.0833": {
							"post": [1.195, -2.845, -0.75],
							"lerp_mode": "catmullrom"
						},
						"1.1667": {
							"post": [1.32, -2.525, -0.88],
							"lerp_mode": "catmullrom"
						},
						"1.2917": {
							"post": [1.3, -2.4, -1.12],
							"lerp_mode": "catmullrom"
						},
						"1.4167": {
							"post": [1.365, -2.22, -1.16],
							"lerp_mode": "catmullrom"
						},
						"1.4583": {
							"post": [1.55, -2.29, -1.18],
							"lerp_mode": "catmullrom"
						},
						"1.5417": {
							"post": [1.65, -2.55, -1.25],
							"lerp_mode": "catmullrom"
						},
						"1.625": {
							"post": [1.725, -2.77, -1.245],
							"lerp_mode": "catmullrom"
						},
						"1.7083": {
							"post": [1.76, -2.71, -1.205],
							"lerp_mode": "catmullrom"
						},
						"1.8333": {
							"post": [1.77, -2.645, -1.195],
							"lerp_mode": "catmullrom"
						},
						"1.9167": {
							"post": [1.775, -2.75, -1.195],
							"lerp_mode": "catmullrom"
						},
						"1.9583": {
							"post": [1.83, -2.67, -1.19],
							"lerp_mode": "catmullrom"
						},
						"2.0": {
							"post": [1.775, -3.675, -1.195],
							"lerp_mode": "catmullrom"
						},
						"2.0833": {
							"post": [1.24, -2.36, -1.19],
							"lerp_mode": "catmullrom"
						},
						"2.125": {
							"post": [0.925, -1.9, -1.195],
							"lerp_mode": "catmullrom"
						},
						"2.2083": {
							"post": [0.05, -1.975, -1.295],
							"lerp_mode": "catmullrom"
						},
						"2.375": {
							"post": [-0.1, -0.65, -0.845],
							"lerp_mode": "catmullrom"
						},
						"2.4167": {
							"post": [-0.1, -0.65, -2.095],
							"lerp_mode": "catmullrom"
						},
						"2.4583": {
							"post": [-0.1, -0.65, -2.12],
							"lerp_mode": "catmullrom"
						},
						"2.5833": {
							"post": [-0.1, -1.05, -1.76],
							"lerp_mode": "catmullrom"
						},
						"2.625": {
							"post": [-0.1, -1.275, -2.165],
							"lerp_mode": "catmullrom"
						},
						"2.6667": {
							"post": [-0.1, -1.28, -2.47],
							"lerp_mode": "catmullrom"
						},
						"2.75": {
							"post": [-0.09, -0.67, -0.035],
							"lerp_mode": "catmullrom"
						},
						"2.7917": {
							"post": [-0.07, -0.4, 0.33],
							"lerp_mode": "catmullrom"
						},
						"2.8333": {
							"post": [-0.05, -0.185, 0.1],
							"lerp_mode": "catmullrom"
						},
						"2.9167": {
							"post": [-0.025, -0.025, -0.04],
							"lerp_mode": "catmullrom"
						},
						"3.0417": {
							"post": [0, 0, 0],
							"lerp_mode": "catmullrom"
						}
					}
				},
				"magazine": {
					"rotation": {
						"0.2083": [0, 0, 0],
						"0.2917": [3, 0, 0],
						"0.3333": [2, 0, 0],
						"0.375": [6.38, -6.96, 0.97],
						"0.4167": [1.85724, -11.50139, 17.45957],
						"0.4583": [-2.30604, -14.28963, 33.75892],
						"0.5": [-3.71151, -9.07949, 49.49318],
						"0.5417": [-5.18998, -9.85648, 65.62571],
						"0.625": [4.71875, 12.53588, 153.61081],
						"0.8333": [23.49777, -19.99512, 244.52867],
						"0.9583": [64.41324, 2.94528, -19.54101],
						"1.0833": [35.50568, 28.82953, 3.93468],
						"1.1667": [-4.97796, 24.27673, 2.10542],
						"1.2917": [2.73042, 7.4713, 0.6574],
						"1.375": [2.45614, 8.45869, 0.41063],
						"1.4167": [2.2275, 6.72, 0.59],
						"1.4583": [2.2275, 6.72, 0.59],
						"1.625": [2.1875, 0, 0],
						"1.6667": [0.6875, 0, 0],
						"1.9167": [0.6875, 0, 0],
						"1.9583": [0, 0, 0]
					},
					"position": {
						"0.2083": [0, 0, 0],
						"0.2917": [0, 0.2, 0.25],
						"0.3333": [0, 0.22188, 0.75],
						"0.375": [-0.5625, 0.775, 4.675],
						"0.4583": [-2.9, 2.5, 11],
						"0.5417": [-4.7, 1.1, 16.5],
						"0.6667": [-7, -6.2, 22],
						"0.8333": [-8.04706, -12.99477, 25.47267],
						"1.0417": [15.1, -12, 8.8],
						"1.125": [10.1, -4.4, 8.4],
						"1.1667": [5.2, -0.6, 8.155],
						"1.2917": [1.1, 0.925, 7.925],
						"1.375": [1.05, 0.855, 7.8],
						"1.4167": [0.99, 0.795, 6.48],
						"1.4583": [0.99, 0.6075, 6.48],
						"1.5833": [0.25, 0.17, 1.75],
						"1.625": [0, 0.1125, 0.175],
						"1.6667": [0, 0.225, 0],
						"1.9167": [0, 0.225, 0],
						"1.9583": [0, 0, 0]
					},
					"scale": {
						"0.75": [1, 1, 1],
						"0.7917": [0, 0, 0],
						"1.0": [0, 0, 0],
						"1.0417": [1, 1, 1]
					}
				},
				"bolt": {
					"position": {
						"2.3333": [0, 0, 0],
						"2.375": [0, 0, 2.45],
						"2.4167": [0, 0, 2.8],
						"2.4583": [0, 0, 0],
						"2.5": [0, 0, 0.2],
						"2.5417": [0, 0, 0]
					}
				},
				"righthand": {
					"rotation": [96.03823, -345.55669, -174.92734],
					"position": [-6.5, -14.4, -5.2],
					"scale": [1, 1.5, 1]
				},
				"lefthand": {
					"rotation": {
						"0.0": [105.23217, -25.62903, -173.58311],
						"0.1667": [191.60906, -7.92203, -247.67958],
						"0.2083": [191.60906, -7.92203, -247.67958],
						"0.2917": [198.885, -7.92, -247.68],
						"0.3333": [202.42318, 0.89634, -245.87541],
						"0.375": {
							"pre": [213.775, -10.05, -253.93],
							"post": [213.775, -10.05, -253.93],
							"lerp_mode": "catmullrom"
						},
						"0.5": {
							"post": [210.34655, -0.33548, -264.15634],
							"lerp_mode": "catmullrom"
						},
						"0.5833": {
							"post": [207.68491, 7.62849, -269.97096],
							"lerp_mode": "catmullrom"
						},
						"0.625": {
							"post": [204.003, -3.37407, -253.74839],
							"lerp_mode": "catmullrom"
						},
						"0.7917": {
							"post": [128.67601, -61.08494, -237.65398],
							"lerp_mode": "catmullrom"
						},
						"1.0417": {
							"post": [4.44383, -69.7202, -145.41434],
							"lerp_mode": "catmullrom"
						},
						"1.1667": [200.84088, -0.77679, -266.08968],
						"1.2917": [203.20311, 3.9676, -241.77313],
						"1.4583": [186.14486, 2.88061, -249.41057],
						"1.625": [186.14486, 2.88061, -249.41057],
						"1.75": [184.90338, 7.57942, -249.18633],
						"1.8333": [185.91534, -4.8525, -235.36033],
						"1.9167": [184.77888, -5.97489, -223.35901],
						"1.9583": [187.96391, 9.41535, -246.69848],
						"2.0417": [187.96391, 9.41535, -246.69848],
						"2.125": [147.21518, 26.06189, -254.29383],
						"2.2083": [97.15946, 18.82784, -281.6788],
						"2.3333": [98.15946, 18.82784, -281.6788],
						"2.375": [91.15946, 18.82784, -281.6788],
						"2.4167": [98.25073, 17.63142, -275.27636],
						"2.5": [111.52453, 14.04215, -256.06903],
						"2.625": {
							"pre": [97.02082, -28.92804, -201.86985],
							"post": [97.02082, -28.92804, -201.86985],
							"lerp_mode": "catmullrom"
						},
						"2.75": [105.23217, -25.62903, -173.58311]
					},
					"position": {
						"0.0": [7.45, -13.7, -13.9],
						"0.0833": [10.27, -12.42, -6.75],
						"0.125": [10.56, -11.28, -3.68],
						"0.1667": [7.3, -9, -1.8],
						"0.2083": [7.3, -9, -1.65],
						"0.2917": [7.3, -9, -1.55],
						"0.3333": [7.05, -9, -0.8],
						"0.375": {
							"pre": [6.27, -8.03, 2.53],
							"post": [6.27, -8.03, 2.53],
							"lerp_mode": "catmullrom"
						},
						"0.4167": {
							"post": [3.78, -7.26, 7.76],
							"lerp_mode": "catmullrom"
						},
						"0.5417": {
							"post": [2.70519, -8.67973, 6.72085],
							"lerp_mode": "catmullrom"
						},
						"0.625": {
							"post": [9.27356, -8.96425, 0.1743],
							"lerp_mode": "catmullrom"
						},
						"0.7083": {
							"post": [15.94, -13.73, 3.47],
							"lerp_mode": "catmullrom"
						},
						"0.7917": {
							"post": [15.20038, -18.49657, 6.76882],
							"lerp_mode": "catmullrom"
						},
						"1.0417": [21.75, -20.7, 8.8],
						"1.125": [16.75, -13.1, 8.4],
						"1.1667": [11.85, -9.3, 8.155],
						"1.2917": [7.75, -7.4, 7.925],
						"1.375": [7.7, -7.47, 7.8],
						"1.4167": [7.64, -7.53, 6.48],
						"1.4583": [7.64, -7.53, 6.48],
						"1.625": [6.65, -7.825, 0.175],
						"1.6667": [6.575, -8.35, 0.25],
						"1.75": [6.525, -8.3, 0.1],
						"1.8333": [8.725, -6.1, 0.3],
						"1.9167": [9.325, -4.9, 0.3],
						"1.9583": [6.725, -8.3, 0.9],
						"2.0417": [6.725, -8.3, 0.9],
						"2.125": [9.15, -10.15, -1.7],
						"2.2083": [9.5, -12.1, -9.65],
						"2.3333": [9.5, -12.1, -8.9],
						"2.375": [9, -11.4, -5],
						"2.4167": [9, -11.4, -3.5],
						"2.4583": [9.4, -13.3, 0.3],
						"2.5": [8.77, -14.37, -0.355],
						"2.625": [7.5, -15.3, -9.7],
						"2.75": [7.45, -13.7, -13.9]
					},
					"scale": {
						"0.0": [1, 1.5, 1],
						"2.75": [1, 1.5, 1]
					}
				},
				"camera": {
					"rotation": {
						"0.0": {
							"post": [0, 0, 0],
							"lerp_mode": "catmullrom"
						},
						"0.2083": {
							"post": [1.79878, -0.06978, 1.69878],
							"lerp_mode": "catmullrom"
						},
						"0.3333": {
							"post": [2.01, 0.51, 2.04],
							"lerp_mode": "catmullrom"
						},
						"0.375": {
							"post": [2.75, 1.51, 2.42],
							"lerp_mode": "catmullrom"
						},
						"0.4583": {
							"post": [2.08053, 1.88035, 1.27633],
							"lerp_mode": "catmullrom"
						},
						"0.5417": {
							"post": [2.33, 1.765, 1.135],
							"lerp_mode": "catmullrom"
						},
						"0.625": {
							"post": [2.055, 1.13, 0.36],
							"lerp_mode": "catmullrom"
						},
						"0.75": {
							"post": [1.71077, 0.4826, -0.23876],
							"lerp_mode": "catmullrom"
						},
						"1.0": {
							"post": [1.36, 0.37, -0.75],
							"lerp_mode": "catmullrom"
						},
						"1.2083": {
							"post": [0.20428, 0.75919, -0.72387],
							"lerp_mode": "catmullrom"
						},
						"1.3333": {
							"post": [0.1, 0.62, -0.79],
							"lerp_mode": "catmullrom"
						},
						"1.4167": {
							"post": [0.185, 0.48, -0.58],
							"lerp_mode": "catmullrom"
						},
						"1.5": {
							"post": [0.20426, 0.25919, -0.72565],
							"lerp_mode": "catmullrom"
						},
						"1.625": {
							"post": [0.725, 0.24, -0.01],
							"lerp_mode": "catmullrom"
						},
						"1.7083": {
							"post": [0.575, 0.24, -0.02],
							"lerp_mode": "catmullrom"
						},
						"1.9167": {
							"post": [0.70975, 0.24376, 0.52426],
							"lerp_mode": "catmullrom"
						},
						"2.0": {
							"post": [0.13054, 0.23866, -0.20073],
							"lerp_mode": "catmullrom"
						},
						"2.125": {
							"post": [0.21, 0.29, -0.875],
							"lerp_mode": "catmullrom"
						},
						"2.25": {
							"post": [-1.07, 0.43, -1.6],
							"lerp_mode": "catmullrom"
						},
						"2.3333": {
							"post": [-1.4, 0.47, -1.69],
							"lerp_mode": "catmullrom"
						},
						"2.4167": {
							"post": [-1.04235, 0.39424, -0.88144],
							"lerp_mode": "catmullrom"
						},
						"2.4583": {
							"post": [-0.38, 0.36, -1.285],
							"lerp_mode": "catmullrom"
						},
						"2.5417": {
							"post": [-1.005, 0.28, -0.745],
							"lerp_mode": "catmullrom"
						},
						"2.625": {
							"post": [-0.63115, 0.18322, -0.75699],
							"lerp_mode": "catmullrom"
						},
						"2.7083": {
							"post": [-0.535, 0.09, -0.43],
							"lerp_mode": "catmullrom"
						},
						"2.7917": {
							"post": [0, 0, 0],
							"lerp_mode": "catmullrom"
						},
						"2.8333": {
							"post": [0.44, -0.01, -0.245],
							"lerp_mode": "catmullrom"
						},
						"2.9167": {
							"post": [-0.075, 0, 0.2],
							"lerp_mode": "catmullrom"
						},
						"3.0417": {
							"post": [0, 0, 0],
							"lerp_mode": "catmullrom"
						}
					}
				},
				"constraint": {
					"rotation": [0.2, 0.2, 0.2],
					"position": [0.2, 0.5, 0.1]
				},
				"kg": {
					"rotation": {
						"0.0": [0, 7.5, 0],
						"2.4167": {
							"pre": [0, 7.5, 0],
							"post": [0, 0, 0]
						}
					}
				}
			},
			"sound_effects": {
				"0.125": {
					"effect": "tacz:p90/p90_reload_maggrab"
				},
				"0.25": {
					"effect": "tacz:p90/p90_reload_magrelease"
				},
				"0.2917": {
					"effect": "tacz:p90/p90_reload_empty_magout"
				},
				"0.375": {
					"effect": "tacz:p90/p90_reload_rattlearm1"
				},
				"0.9167": {
					"effect": "tacz:p90/p90_reload_empty_armmvmnt"
				},
				"0.9583": {
					"effect": "tacz:p90/p90_mag_drop"
				},
				"1.3333": {
					"effect": "tacz:p90/p90_reload_maghitwell"
				},
				"1.4167": {
					"effect": "tacz:p90/p90_reload_empty_magin"
				},
				"1.7083": {
					"effect": "tacz:p90/p90_reload_empty_rattlearm2"
				},
				"1.875": {
					"effect": "tacz:p90/p90_reload_magbangdown"
				},
				"2.3333": {
					"effect": "tacz:p90/p90_reload_empty_boltcharge"
				},
				"2.5417": {
					"effect": "tacz:p90/p90_reload_empty_end"
				},
				"2.6667": {
					"effect": "tacz:p90/p90_reload_empty_handlegrab"
				}
			}
		},
		"inspect": {
			"animation_length": 7.7083,
			"bones": {
				"root": {
					"rotation": {
						"0.0": {
							"post": [0, 0, 0],
							"lerp_mode": "catmullrom"
						},
						"0.0833": {
							"post": [1.81542, -14.86634, -10.39453],
							"lerp_mode": "catmullrom"
						},
						"0.3333": {
							"post": [5.82015, -51.738, -53.5966],
							"lerp_mode": "catmullrom"
						},
						"0.5": {
							"post": [14.5, -58.27, -64.68],
							"lerp_mode": "catmullrom"
						},
						"0.7083": {
							"post": [15.90743, -59.62123, -63.90118],
							"lerp_mode": "catmullrom"
						},
						"1.0833": {
							"post": [17.85, -59.13, -64.69],
							"lerp_mode": "catmullrom"
						},
						"1.2917": {
							"post": [22.955, -56.8, -69.93],
							"lerp_mode": "catmullrom"
						},
						"1.5417": {
							"post": [24.37837, -56.38544, -70.5858],
							"lerp_mode": "catmullrom"
						},
						"1.75": {
							"post": [24.13538, -56.83258, -70.94291],
							"lerp_mode": "catmullrom"
						},
						"2.0833": {
							"post": [23.7023, -56.43942, -71.22899],
							"lerp_mode": "catmullrom"
						},
						"2.25": {
							"post": [20.48529, -57.29487, -67.27249],
							"lerp_mode": "catmullrom"
						},
						"2.3333": {
							"post": [17.395, -58.095, -61.845],
							"lerp_mode": "catmullrom"
						},
						"2.5": {
							"post": [-0.22664, -57.41767, -42.86406],
							"lerp_mode": "catmullrom"
						},
						"2.625": {
							"post": [19.92, -67.68, -42.64],
							"lerp_mode": "catmullrom"
						},
						"2.75": {
							"post": [32.37448, -74.31388, -42.89562],
							"lerp_mode": "catmullrom"
						},
						"2.8333": {
							"post": [39.31031, -74.52711, -45.54817],
							"lerp_mode": "catmullrom"
						},
						"3.0": {
							"post": [36.28795, -74.86716, -43.79753],
							"lerp_mode": "catmullrom"
						},
						"3.125": {
							"post": [35.95, -75.12, -43.73],
							"lerp_mode": "catmullrom"
						},
						"3.3333": {
							"post": [35.815, -75.53, -44.055],
							"lerp_mode": "catmullrom"
						},
						"3.625": {
							"post": [37.58, -76.31, -45.065],
							"lerp_mode": "catmullrom"
						},
						"3.875": {
							"post": [51.33547, -80.5604, -51.81558],
							"lerp_mode": "catmullrom"
						},
						"4.25": {
							"post": [52.06047, -82.5354, -51.81558],
							"lerp_mode": "catmullrom"
						},
						"5.2083": {
							"post": [48.6, -82.02, -51.155],
							"lerp_mode": "catmullrom"
						},
						"5.3333": {
							"post": [32.91, -68.525, -42.625],
							"lerp_mode": "catmullrom"
						},
						"5.4583": {
							"post": [10.17, -47.41, -22.3],
							"lerp_mode": "catmullrom"
						},
						"5.5417": {
							"post": [-12.02262, -26.83616, -1.32679],
							"lerp_mode": "catmullrom"
						},
						"5.7083": {
							"post": [-20.59077, -18.37194, 6.94088],
							"lerp_mode": "catmullrom"
						},
						"5.8333": {
							"post": [-22.80267, -16.94061, 6.94387],
							"lerp_mode": "catmullrom"
						},
						"6.0833": {
							"post": [-22.96296, -17.14551, 6.6573],
							"lerp_mode": "catmullrom"
						},
						"6.2083": {
							"post": [-23.05543, -17.07115, 6.70298],
							"lerp_mode": "catmullrom"
						},
						"6.3333": {
							"post": [-23.80417, -15.97748, 9.33492],
							"lerp_mode": "catmullrom"
						},
						"6.5": {
							"post": [-23.86361, -16.11956, 10.17728],
							"lerp_mode": "catmullrom"
						},
						"6.7917": {
							"post": [-24.13012, -16.14213, 9.84782],
							"lerp_mode": "catmullrom"
						},
						"6.9583": {
							"post": [-19.78, -16.97, 5.86],
							"lerp_mode": "catmullrom"
						},
						"7.0833": {
							"post": [2.3, -9.875, 2.95],
							"lerp_mode": "catmullrom"
						},
						"7.2083": {
							"post": [4.275, -4.925, 1.975],
							"lerp_mode": "catmullrom"
						},
						"7.2917": {
							"post": [2.675, 0, 0],
							"lerp_mode": "catmullrom"
						},
						"7.3333": {
							"post": [-0.21209, 0.36471, 1.10002],
							"lerp_mode": "catmullrom"
						},
						"7.4583": {
							"post": [0, 0, -0.5],
							"lerp_mode": "catmullrom"
						},
						"7.5417": {
							"post": [-0.04, -0.02297, 0.05],
							"lerp_mode": "catmullrom"
						},
						"7.7083": {
							"post": [0, 0, 0],
							"lerp_mode": "catmullrom"
						}
					},
					"position": {
						"0.0": {
							"post": [0, 0, 0],
							"lerp_mode": "catmullrom"
						},
						"0.0833": {
							"post": [0.965, -0.54, -0.3],
							"lerp_mode": "catmullrom"
						},
						"0.2917": {
							"post": [2.675, 3.675, -0.85],
							"lerp_mode": "catmullrom"
						},
						"0.375": {
							"post": [3.12, 3.54, -0.8],
							"lerp_mode": "catmullrom"
						},
						"0.4583": {
							"post": [3.225, 3.275, -0.5],
							"lerp_mode": "catmullrom"
						},
						"0.5417": {
							"post": [3.305, 3.425, -0.275],
							"lerp_mode": "catmullrom"
						},
						"0.625": {
							"post": [3.32, 3.395, -0.175],
							"lerp_mode": "catmullrom"
						},
						"0.7917": {
							"post": [3.285, 3.29, -0.15],
							"lerp_mode": "catmullrom"
						},
						"1.2083": {
							"post": [3.15, 3.29, -0.15],
							"lerp_mode": "catmullrom"
						},
						"1.3333": {
							"post": [3.08, 3.195, -0.15],
							"lerp_mode": "catmullrom"
						},
						"1.625": {
							"post": [3.05, 3.22, 0],
							"lerp_mode": "catmullrom"
						},
						"1.875": {
							"post": [3.04, 3.235, 0],
							"lerp_mode": "catmullrom"
						},
						"2.2083": {
							"post": [3.15, 3.275, 0],
							"lerp_mode": "catmullrom"
						},
						"2.2917": {
							"post": [3.27, 3.3, 0],
							"lerp_mode": "catmullrom"
						},
						"2.375": {
							"post": [3.43, 2.455, 0],
							"lerp_mode": "catmullrom"
						},
						"2.5417": {
							"post": [3.875, 1.85, -0.225],
							"lerp_mode": "catmullrom"
						},
						"2.625": {
							"post": [4.24, 2.01, -0.675],
							"lerp_mode": "catmullrom"
						},
						"2.8333": {
							"post": [5.03, 3.465, -1.725],
							"lerp_mode": "catmullrom"
						},
						"3.0": {
							"post": [5.24, 3.58, -2],
							"lerp_mode": "catmullrom"
						},
						"3.2083": {
							"post": [5.28, 3.435, -2.125],
							"lerp_mode": "catmullrom"
						},
						"3.4583": {
							"post": [5.205, 3.49, -2.15],
							"lerp_mode": "catmullrom"
						},
						"3.5833": {
							"post": [5.555, 3.55, -2.1],
							"lerp_mode": "catmullrom"
						},
						"3.875": {
							"post": [6.975, 3.7, -1.85],
							"lerp_mode": "catmullrom"
						},
						"4.0833": {
							"post": [7.285, 3.765, -1.8],
							"lerp_mode": "catmullrom"
						},
						"4.3333": {
							"post": [7.345, 3.63, -1.8],
							"lerp_mode": "catmullrom"
						},
						"4.5417": {
							"post": [7.405, 3.62, -1.8],
							"lerp_mode": "catmullrom"
						},
						"4.8333": {
							"post": [7.595, 3.65, -1.85],
							"lerp_mode": "catmullrom"
						},
						"5.2083": {
							"post": [7.49, 3.27, -1.675],
							"lerp_mode": "catmullrom"
						},
						"5.2917": {
							"post": [6.89, 2.25, -1.36],
							"lerp_mode": "catmullrom"
						},
						"5.375": {
							"post": [5.78, -1.015, -0.17],
							"lerp_mode": "catmullrom"
						},
						"5.5": {
							"post": [3.76, -0.36, 1.13],
							"lerp_mode": "catmullrom"
						},
						"5.5833": {
							"post": [2.45, 0.06, 1.52],
							"lerp_mode": "catmullrom"
						},
						"5.7083": {
							"post": [2.21, -0.26, 1.58],
							"lerp_mode": "catmullrom"
						},
						"5.875": {
							"post": [2.09, 0.01, 1.65],
							"lerp_mode": "catmullrom"
						},
						"6.0417": {
							"post": [2.1, 0.025, 1.69],
							"lerp_mode": "catmullrom"
						},
						"6.3333": {
							"post": [2.095, 0.1, 1.775],
							"lerp_mode": "catmullrom"
						},
						"6.625": {
							"post": [2.08, 0.22, 1.79],
							"lerp_mode": "catmullrom"
						},
						"6.875": {
							"post": [2.06, 0.17, 1.86],
							"lerp_mode": "catmullrom"
						},
						"7.0": {
							"post": [2.02, 0.125, 1.8],
							"lerp_mode": "catmullrom"
						},
						"7.0833": {
							"post": [1.35, -1.295, 0.705],
							"lerp_mode": "catmullrom"
						},
						"7.2083": {
							"post": [0, -1.775, -2],
							"lerp_mode": "catmullrom"
						},
						"7.3333": {
							"post": [0, 0.075, 0.375],
							"lerp_mode": "catmullrom"
						},
						"7.4583": {
							"post": [0, 0, -0.05],
							"lerp_mode": "catmullrom"
						},
						"7.5417": {
							"post": [0, 0, 0.025],
							"lerp_mode": "catmullrom"
						},
						"7.7083": {
							"post": [0, 0, 0],
							"lerp_mode": "catmullrom"
						}
					}
				},
				"righthand": {
					"rotation": {
						"0.0": [96.03823, -345.55669, -174.92734],
						"0.2917": [98.3312, -352.9791, -176.04903],
						"2.3333": [98.3312, -352.9791, -176.04903],
						"2.5417": [106.15878, -371.54942, -176.29812],
						"2.625": [99.84846, -407.44738, -154.57573],
						"3.625": [97.35087, -417.26357, -157.72419],
						"4.0": [99.84846, -407.44738, -154.57573],
						"5.25": [99.02853, -402.51486, -153.41688],
						"5.375": [104.97439, -355.9358, -165.51259],
						"5.5": [104.73876, -327.63324, -174.88577],
						"5.5833": [98.33309, -322.82556, -184.67931],
						"5.625": [95.05778, -332.41482, -187.55264],
						"5.75": [96.03823, -345.55669, -174.92734]
					},
					"position": {
						"0.0": [-6.5, -14.4, -5.2],
						"0.2917": [-7.5, -13.4, -3.95],
						"2.3333": [-7.5, -13.4, -3.95],
						"2.4583": [-7.1075, -13.92, -1.17],
						"2.5417": [-6.99, -13.615, -0.605],
						"2.625": [-6.2, -12.7, -0.6],
						"5.25": [-6.2, -12.7, -0.6],
						"5.5": [-6.92, -13.67, -1.545],
						"5.5833": [-6.675, -13.4, -2.6],
						"5.75": [-6.5, -14.4, -5.2]
					},
					"scale": {
						"0.0": [1, 1.5, 1],
						"5.75": [1, 1.5, 1]
					}
				},
				"lefthand": {
					"rotation": {
						"0.0": [105.23217, -25.62903, -173.58311],
						"0.2917": {
							"pre": [122.42285, -27.02023, -175.7724],
							"post": [122.42285, -27.02023, -175.7724],
							"lerp_mode": "catmullrom"
						},
						"0.4583": [122.42285, -27.02023, -175.7724],
						"1.0833": [122.42285, -27.02023, -175.7724],
						"2.4583": {
							"pre": [122.42285, -27.02023, -175.7724],
							"post": [122.42285, -27.02023, -175.7724],
							"lerp_mode": "catmullrom"
						},
						"2.5833": {
							"post": [130.20457, -29.61987, -185.95057],
							"lerp_mode": "catmullrom"
						},
						"2.75": {
							"post": [145.75221, -45.62908, -207.11051],
							"lerp_mode": "catmullrom"
						},
						"2.875": [146.3082, -47.63024, -206.88985],
						"3.625": [145.24, -46.91, -205.41],
						"4.0": [149.39189, -49.2927, -210.98406],
						"5.2917": [149.39189, -49.2927, -210.98406],
						"5.5417": [105.23217, -25.62903, -173.58311]
					},
					"position": {
						"0.0": [7.45, -13.7, -13.9],
						"0.3333": {
							"pre": [6.7, -14.6, -12.8125],
							"post": [6.7, -14.6, -12.8125],
							"lerp_mode": "catmullrom"
						},
						"1.0833": [6.7, -14.6, -12.8125],
						"2.4583": {
							"pre": [6.7, -14.6, -12.8125],
							"post": [6.7, -14.6, -12.8125],
							"lerp_mode": "catmullrom"
						},
						"2.75": [6.7, -14.4, -9.9],
						"5.2917": [6.7, -14.4, -9.9],
						"5.5417": [7.45, -13.7, -13.9]
					},
					"scale": {
						"0.0": [1, 1.5, 1],
						"5.5417": [1, 1.5, 1]
					}
				},
				"camera": {
					"rotation": {
						"0.0": {
							"post": [0, 0, 0],
							"lerp_mode": "catmullrom"
						},
						"0.0833": {
							"post": [0.4, 0, 0],
							"lerp_mode": "catmullrom"
						},
						"0.2917": {
							"post": [1.30023, -0.01527, -1.74993],
							"lerp_mode": "catmullrom"
						},
						"0.3333": {
							"post": [2.01, 0.03, -1.95],
							"lerp_mode": "catmullrom"
						},
						"0.4583": {
							"post": [1.43, 0.17, -3.37],
							"lerp_mode": "catmullrom"
						},
						"0.5417": {
							"post": [1.81, 0.26, -3.125],
							"lerp_mode": "catmullrom"
						},
						"0.625": {
							"post": [1.88, 0.26, -3.42],
							"lerp_mode": "catmullrom"
						},
						"0.8333": {
							"post": [1.61, 0.16, -3.13],
							"lerp_mode": "catmullrom"
						},
						"1.0417": {
							"post": [1.24513, 0.25816, -2.73941],
							"lerp_mode": "catmullrom"
						},
						"1.4583": {
							"post": [3.03282, 1.90875, -2.00543],
							"lerp_mode": "catmullrom"
						},
						"1.7917": {
							"post": [3.25347, 2.72863, -1.39145],
							"lerp_mode": "catmullrom"
						},
						"2.4583": {
							"post": [2.19341, 2.77713, -2.64195],
							"lerp_mode": "catmullrom"
						},
						"2.5833": {
							"post": [1.79533, -1.00684, -0.70832],
							"lerp_mode": "catmullrom"
						},
						"2.8333": {
							"post": [0.70742, -4.55228, -4.03082],
							"lerp_mode": "catmullrom"
						},
						"3.0": {
							"post": [0.78, -5.51, -4.96],
							"lerp_mode": "catmullrom"
						},
						"3.2083": {
							"post": [0.425, -5.535, -4.77],
							"lerp_mode": "catmullrom"
						},
						"3.5": {
							"post": [1.16, -5.17, -3.77],
							"lerp_mode": "catmullrom"
						},
						"3.7083": {
							"post": [1.94, -2.58, -2.35],
							"lerp_mode": "catmullrom"
						},
						"4.2083": {
							"post": [4.41776, 7.9306, 2.43903],
							"lerp_mode": "catmullrom"
						},
						"4.625": {
							"post": [6.44663, 13.87798, 3.28446],
							"lerp_mode": "catmullrom"
						},
						"5.2083": {
							"post": [8.03, 13.75, 3.48],
							"lerp_mode": "catmullrom"
						},
						"5.375": {
							"post": [7.41, 9.84, 3.81],
							"lerp_mode": "catmullrom"
						},
						"5.5": {
							"post": [5.64545, 6.12649, 4.44961],
							"lerp_mode": "catmullrom"
						},
						"5.625": {
							"post": [5.02759, 2.57555, 4.76609],
							"lerp_mode": "catmullrom"
						},
						"5.7917": {
							"post": [5.64, 1.26, 3.82],
							"lerp_mode": "catmullrom"
						},
						"5.875": {
							"post": [5.30033, 0.85233, 3.77669],
							"lerp_mode": "catmullrom"
						},
						"6.0833": {
							"post": [5.835, 1.2, 3.97],
							"lerp_mode": "catmullrom"
						},
						"6.2917": {
							"post": [6.52948, 2.06599, 3.97567],
							"lerp_mode": "catmullrom"
						},
						"6.8333": {
							"post": [7.72023, 1.49264, 2.38344],
							"lerp_mode": "catmullrom"
						},
						"7.0417": {
							"post": [5.67939, 1.64162, 0.89029],
							"lerp_mode": "catmullrom"
						},
						"7.125": {
							"post": [1.995, 0.98, 0.42],
							"lerp_mode": "catmullrom"
						},
						"7.2917": {
							"post": [-0.225, 0, -0.225],
							"lerp_mode": "catmullrom"
						},
						"7.375": {
							"post": [0.23, -0.12, 0.305],
							"lerp_mode": "catmullrom"
						},
						"7.5": {
							"post": [-0.15, 0, -0.1],
							"lerp_mode": "catmullrom"
						},
						"7.625": {
							"post": [0, 0, 0],
							"lerp_mode": "catmullrom"
						}
					}
				}
			},
			"sound_effects": {
				"0.0": {
					"effect": "tacz:p90/p90_inspect_raise"
				},
				"0.875": {
					"effect": "tacz:p90/p90_inspect_rattle"
				},
				"2.2083": {
					"effect": "tacz:p90/p90_inspect_rattle"
				},
				"2.375": {
					"effect": "tacz:p90/p90_inspect_armup"
				},
				"2.625": {
					"effect": "tacz:p90/p90_inspect_grabgrip"
				},
				"3.7083": {
					"effect": "tacz:p90/p90_inspect_tilt"
				},
				"5.25": {
					"effect": "tacz:p90/p90_inspect_grabgrip"
				},
				"5.4583": {
					"effect": "tacz:p90/p90_inspect_armdown"
				},
				"6.9583": {
					"effect": "tacz:p90/p90_inspect_end"
				}
			}
		},
		"inspect_empty": {
			"animation_length": 7.7083,
			"bones": {
				"root": {
					"rotation": {
						"0.0": {
							"post": [0, 0, 0],
							"lerp_mode": "catmullrom"
						},
						"0.0833": {
							"post": [1.81542, -14.86634, -10.39453],
							"lerp_mode": "catmullrom"
						},
						"0.3333": {
							"post": [5.82015, -51.738, -53.5966],
							"lerp_mode": "catmullrom"
						},
						"0.5": {
							"post": [14.5, -58.27, -64.68],
							"lerp_mode": "catmullrom"
						},
						"0.7083": {
							"post": [15.90743, -59.62123, -63.90118],
							"lerp_mode": "catmullrom"
						},
						"1.0833": {
							"post": [17.85, -59.13, -64.69],
							"lerp_mode": "catmullrom"
						},
						"1.2917": {
							"post": [22.955, -56.8, -69.93],
							"lerp_mode": "catmullrom"
						},
						"1.5417": {
							"post": [24.37837, -56.38544, -70.5858],
							"lerp_mode": "catmullrom"
						},
						"1.75": {
							"post": [24.13538, -56.83258, -70.94291],
							"lerp_mode": "catmullrom"
						},
						"2.0833": {
							"post": [23.7023, -56.43942, -71.22899],
							"lerp_mode": "catmullrom"
						},
						"2.25": {
							"post": [20.48529, -57.29487, -67.27249],
							"lerp_mode": "catmullrom"
						},
						"2.3333": {
							"post": [17.395, -58.095, -61.845],
							"lerp_mode": "catmullrom"
						},
						"2.5": {
							"post": [-0.22664, -57.41767, -42.86406],
							"lerp_mode": "catmullrom"
						},
						"2.625": {
							"post": [19.92, -67.68, -42.64],
							"lerp_mode": "catmullrom"
						},
						"2.75": {
							"post": [32.37448, -74.31388, -42.89562],
							"lerp_mode": "catmullrom"
						},
						"2.8333": {
							"post": [39.31031, -74.52711, -45.54817],
							"lerp_mode": "catmullrom"
						},
						"3.0": {
							"post": [36.28795, -74.86716, -43.79753],
							"lerp_mode": "catmullrom"
						},
						"3.125": {
							"post": [35.95, -75.12, -43.73],
							"lerp_mode": "catmullrom"
						},
						"3.3333": {
							"post": [35.815, -75.53, -44.055],
							"lerp_mode": "catmullrom"
						},
						"3.625": {
							"post": [37.58, -76.31, -45.065],
							"lerp_mode": "catmullrom"
						},
						"3.875": {
							"post": [51.33547, -80.5604, -51.81558],
							"lerp_mode": "catmullrom"
						},
						"4.25": {
							"post": [52.06047, -82.5354, -51.81558],
							"lerp_mode": "catmullrom"
						},
						"5.2083": {
							"post": [48.6, -82.02, -51.155],
							"lerp_mode": "catmullrom"
						},
						"5.3333": {
							"post": [32.91, -68.525, -42.625],
							"lerp_mode": "catmullrom"
						},
						"5.4583": {
							"post": [10.17, -47.41, -22.3],
							"lerp_mode": "catmullrom"
						},
						"5.5417": {
							"post": [-12.02262, -26.83616, -1.32679],
							"lerp_mode": "catmullrom"
						},
						"5.7083": {
							"post": [-20.59077, -18.37194, 6.94088],
							"lerp_mode": "catmullrom"
						},
						"5.8333": {
							"post": [-22.80267, -16.94061, 6.94387],
							"lerp_mode": "catmullrom"
						},
						"6.0833": {
							"post": [-22.96296, -17.14551, 6.6573],
							"lerp_mode": "catmullrom"
						},
						"6.2083": {
							"post": [-23.05543, -17.07115, 6.70298],
							"lerp_mode": "catmullrom"
						},
						"6.3333": {
							"post": [-23.80417, -15.97748, 9.33492],
							"lerp_mode": "catmullrom"
						},
						"6.5": {
							"post": [-23.86361, -16.11956, 10.17728],
							"lerp_mode": "catmullrom"
						},
						"6.7917": {
							"post": [-24.13012, -16.14213, 9.84782],
							"lerp_mode": "catmullrom"
						},
						"6.9583": {
							"post": [-19.78, -16.97, 5.86],
							"lerp_mode": "catmullrom"
						},
						"7.0833": {
							"post": [2.3, -9.875, 2.95],
							"lerp_mode": "catmullrom"
						},
						"7.2083": {
							"post": [4.275, -4.925, 1.975],
							"lerp_mode": "catmullrom"
						},
						"7.2917": {
							"post": [2.675, 0, 0],
							"lerp_mode": "catmullrom"
						},
						"7.3333": {
							"post": [-0.21209, 0.36471, 1.10002],
							"lerp_mode": "catmullrom"
						},
						"7.4583": {
							"post": [0, 0, -0.5],
							"lerp_mode": "catmullrom"
						},
						"7.5417": {
							"post": [-0.04, -0.02297, 0.05],
							"lerp_mode": "catmullrom"
						},
						"7.7083": {
							"post": [0, 0, 0],
							"lerp_mode": "catmullrom"
						}
					},
					"position": {
						"0.0": {
							"post": [0, 0, 0],
							"lerp_mode": "catmullrom"
						},
						"0.0833": {
							"post": [0.965, -0.54, -0.3],
							"lerp_mode": "catmullrom"
						},
						"0.2917": {
							"post": [2.675, 3.675, -0.85],
							"lerp_mode": "catmullrom"
						},
						"0.375": {
							"post": [3.12, 3.54, -0.8],
							"lerp_mode": "catmullrom"
						},
						"0.4583": {
							"post": [3.225, 3.275, -0.5],
							"lerp_mode": "catmullrom"
						},
						"0.5417": {
							"post": [3.305, 3.425, -0.275],
							"lerp_mode": "catmullrom"
						},
						"0.625": {
							"post": [3.32, 3.395, -0.175],
							"lerp_mode": "catmullrom"
						},
						"0.7917": {
							"post": [3.285, 3.29, -0.15],
							"lerp_mode": "catmullrom"
						},
						"1.2083": {
							"post": [3.15, 3.29, -0.15],
							"lerp_mode": "catmullrom"
						},
						"1.3333": {
							"post": [3.08, 3.195, -0.15],
							"lerp_mode": "catmullrom"
						},
						"1.625": {
							"post": [3.05, 3.22, 0],
							"lerp_mode": "catmullrom"
						},
						"1.875": {
							"post": [3.04, 3.235, 0],
							"lerp_mode": "catmullrom"
						},
						"2.2083": {
							"post": [3.15, 3.275, 0],
							"lerp_mode": "catmullrom"
						},
						"2.2917": {
							"post": [3.27, 3.3, 0],
							"lerp_mode": "catmullrom"
						},
						"2.375": {
							"post": [3.43, 2.455, 0],
							"lerp_mode": "catmullrom"
						},
						"2.5417": {
							"post": [3.875, 1.85, -0.225],
							"lerp_mode": "catmullrom"
						},
						"2.625": {
							"post": [4.24, 2.01, -0.675],
							"lerp_mode": "catmullrom"
						},
						"2.8333": {
							"post": [5.03, 3.465, -1.725],
							"lerp_mode": "catmullrom"
						},
						"3.0": {
							"post": [5.24, 3.58, -2],
							"lerp_mode": "catmullrom"
						},
						"3.2083": {
							"post": [5.28, 3.435, -2.125],
							"lerp_mode": "catmullrom"
						},
						"3.4583": {
							"post": [5.205, 3.49, -2.15],
							"lerp_mode": "catmullrom"
						},
						"3.5833": {
							"post": [5.555, 3.55, -2.1],
							"lerp_mode": "catmullrom"
						},
						"3.875": {
							"post": [6.975, 3.7, -1.85],
							"lerp_mode": "catmullrom"
						},
						"4.0833": {
							"post": [7.285, 3.765, -1.8],
							"lerp_mode": "catmullrom"
						},
						"4.3333": {
							"post": [7.345, 3.63, -1.8],
							"lerp_mode": "catmullrom"
						},
						"4.5417": {
							"post": [7.405, 3.62, -1.8],
							"lerp_mode": "catmullrom"
						},
						"4.8333": {
							"post": [7.595, 3.65, -1.85],
							"lerp_mode": "catmullrom"
						},
						"5.2083": {
							"post": [7.49, 3.27, -1.675],
							"lerp_mode": "catmullrom"
						},
						"5.2917": {
							"post": [6.89, 2.25, -1.36],
							"lerp_mode": "catmullrom"
						},
						"5.375": {
							"post": [5.78, -1.015, -0.17],
							"lerp_mode": "catmullrom"
						},
						"5.5": {
							"post": [3.76, -0.36, 1.13],
							"lerp_mode": "catmullrom"
						},
						"5.5833": {
							"post": [2.45, 0.06, 1.52],
							"lerp_mode": "catmullrom"
						},
						"5.7083": {
							"post": [2.21, -0.26, 1.58],
							"lerp_mode": "catmullrom"
						},
						"5.875": {
							"post": [2.09, 0.01, 1.65],
							"lerp_mode": "catmullrom"
						},
						"6.0417": {
							"post": [2.1, 0.025, 1.69],
							"lerp_mode": "catmullrom"
						},
						"6.3333": {
							"post": [2.095, 0.1, 1.775],
							"lerp_mode": "catmullrom"
						},
						"6.625": {
							"post": [2.08, 0.22, 1.79],
							"lerp_mode": "catmullrom"
						},
						"6.875": {
							"post": [2.06, 0.17, 1.86],
							"lerp_mode": "catmullrom"
						},
						"7.0": {
							"post": [2.02, 0.125, 1.8],
							"lerp_mode": "catmullrom"
						},
						"7.0833": {
							"post": [1.35, -1.295, 0.705],
							"lerp_mode": "catmullrom"
						},
						"7.2083": {
							"post": [0, -1.775, -2],
							"lerp_mode": "catmullrom"
						},
						"7.3333": {
							"post": [0, 0.075, 0.375],
							"lerp_mode": "catmullrom"
						},
						"7.4583": {
							"post": [0, 0, -0.05],
							"lerp_mode": "catmullrom"
						},
						"7.5417": {
							"post": [0, 0, 0.025],
							"lerp_mode": "catmullrom"
						},
						"7.7083": {
							"post": [0, 0, 0],
							"lerp_mode": "catmullrom"
						}
					}
				},
				"righthand": {
					"rotation": {
						"0.0": [96.03823, -345.55669, -174.92734],
						"0.2917": [98.3312, -352.9791, -176.04903],
						"2.3333": [98.3312, -352.9791, -176.04903],
						"2.5417": [106.15878, -371.54942, -176.29812],
						"2.625": [99.84846, -407.44738, -154.57573],
						"3.625": [97.35087, -417.26357, -157.72419],
						"4.0": [99.84846, -407.44738, -154.57573],
						"5.25": [99.02853, -402.51486, -153.41688],
						"5.375": [104.97439, -355.9358, -165.51259],
						"5.5": [104.73876, -327.63324, -174.88577],
						"5.5833": [98.33309, -322.82556, -184.67931],
						"5.625": [95.05778, -332.41482, -187.55264],
						"5.75": [96.03823, -345.55669, -174.92734]
					},
					"position": {
						"0.0": [-6.5, -14.4, -5.2],
						"0.2917": [-7.5, -13.4, -3.95],
						"2.3333": [-7.5, -13.4, -3.95],
						"2.4583": [-7.1075, -13.92, -1.17],
						"2.5417": [-6.99, -13.615, -0.605],
						"2.625": [-6.2, -12.7, -0.6],
						"5.25": [-6.2, -12.7, -0.6],
						"5.5": [-6.92, -13.67, -1.545],
						"5.5833": [-6.675, -13.4, -2.6],
						"5.75": [-6.5, -14.4, -5.2]
					},
					"scale": {
						"0.0": [1, 1.5, 1],
						"5.75": [1, 1.5, 1]
					}
				},
				"lefthand": {
					"rotation": {
						"0.0": [105.23217, -25.62903, -173.58311],
						"0.2917": {
							"pre": [122.42285, -27.02023, -175.7724],
							"post": [122.42285, -27.02023, -175.7724],
							"lerp_mode": "catmullrom"
						},
						"0.4583": [122.42285, -27.02023, -175.7724],
						"1.0833": [122.42285, -27.02023, -175.7724],
						"2.4583": {
							"pre": [122.42285, -27.02023, -175.7724],
							"post": [122.42285, -27.02023, -175.7724],
							"lerp_mode": "catmullrom"
						},
						"2.5833": {
							"post": [130.20457, -29.61987, -185.95057],
							"lerp_mode": "catmullrom"
						},
						"2.75": {
							"post": [145.75221, -45.62908, -207.11051],
							"lerp_mode": "catmullrom"
						},
						"2.875": [146.3082, -47.63024, -206.88985],
						"3.625": [145.24, -46.91, -205.41],
						"4.0": [149.39189, -49.2927, -210.98406],
						"5.2917": [149.39189, -49.2927, -210.98406],
						"5.5417": [105.23217, -25.62903, -173.58311]
					},
					"position": {
						"0.0": [7.45, -13.7, -13.9],
						"0.3333": {
							"pre": [6.7, -14.6, -12.8125],
							"post": [6.7, -14.6, -12.8125],
							"lerp_mode": "catmullrom"
						},
						"1.0833": [6.7, -14.6, -12.8125],
						"2.4583": {
							"pre": [6.7, -14.6, -12.8125],
							"post": [6.7, -14.6, -12.8125],
							"lerp_mode": "catmullrom"
						},
						"2.75": [6.7, -14.4, -9.9],
						"5.2917": [6.7, -14.4, -9.9],
						"5.5417": [7.45, -13.7, -13.9]
					},
					"scale": {
						"0.0": [1, 1.5, 1],
						"5.5417": [1, 1.5, 1]
					}
				},
				"camera": {
					"rotation": {
						"0.0": {
							"post": [0, 0, 0],
							"lerp_mode": "catmullrom"
						},
						"0.0833": {
							"post": [0.4, 0, 0],
							"lerp_mode": "catmullrom"
						},
						"0.2917": {
							"post": [1.30023, -0.01527, -1.74993],
							"lerp_mode": "catmullrom"
						},
						"0.3333": {
							"post": [2.01, 0.03, -1.95],
							"lerp_mode": "catmullrom"
						},
						"0.4583": {
							"post": [1.43, 0.17, -3.37],
							"lerp_mode": "catmullrom"
						},
						"0.5417": {
							"post": [1.81, 0.26, -3.125],
							"lerp_mode": "catmullrom"
						},
						"0.625": {
							"post": [1.88, 0.26, -3.42],
							"lerp_mode": "catmullrom"
						},
						"0.8333": {
							"post": [1.61, 0.16, -3.13],
							"lerp_mode": "catmullrom"
						},
						"1.0417": {
							"post": [1.24513, 0.25816, -2.73941],
							"lerp_mode": "catmullrom"
						},
						"1.4583": {
							"post": [3.03282, 1.90875, -2.00543],
							"lerp_mode": "catmullrom"
						},
						"1.7917": {
							"post": [3.25347, 2.72863, -1.39145],
							"lerp_mode": "catmullrom"
						},
						"2.4583": {
							"post": [2.19341, 2.77713, -2.64195],
							"lerp_mode": "catmullrom"
						},
						"2.5833": {
							"post": [1.79533, -1.00684, -0.70832],
							"lerp_mode": "catmullrom"
						},
						"2.8333": {
							"post": [0.70742, -4.55228, -4.03082],
							"lerp_mode": "catmullrom"
						},
						"3.0": {
							"post": [0.78, -5.51, -4.96],
							"lerp_mode": "catmullrom"
						},
						"3.2083": {
							"post": [0.425, -5.535, -4.77],
							"lerp_mode": "catmullrom"
						},
						"3.5": {
							"post": [1.16, -5.17, -3.77],
							"lerp_mode": "catmullrom"
						},
						"3.7083": {
							"post": [1.94, -2.58, -2.35],
							"lerp_mode": "catmullrom"
						},
						"4.2083": {
							"post": [4.41776, 7.9306, 2.43903],
							"lerp_mode": "catmullrom"
						},
						"4.625": {
							"post": [6.44663, 13.87798, 3.28446],
							"lerp_mode": "catmullrom"
						},
						"5.2083": {
							"post": [8.03, 13.75, 3.48],
							"lerp_mode": "catmullrom"
						},
						"5.375": {
							"post": [7.41, 9.84, 3.81],
							"lerp_mode": "catmullrom"
						},
						"5.5": {
							"post": [5.64545, 6.12649, 4.44961],
							"lerp_mode": "catmullrom"
						},
						"5.625": {
							"post": [5.02759, 2.57555, 4.76609],
							"lerp_mode": "catmullrom"
						},
						"5.7917": {
							"post": [5.64, 1.26, 3.82],
							"lerp_mode": "catmullrom"
						},
						"5.875": {
							"post": [5.30033, 0.85233, 3.77669],
							"lerp_mode": "catmullrom"
						},
						"6.0833": {
							"post": [5.835, 1.2, 3.97],
							"lerp_mode": "catmullrom"
						},
						"6.2917": {
							"post": [6.52948, 2.06599, 3.97567],
							"lerp_mode": "catmullrom"
						},
						"6.8333": {
							"post": [7.72023, 1.49264, 2.38344],
							"lerp_mode": "catmullrom"
						},
						"7.0417": {
							"post": [5.67939, 1.64162, 0.89029],
							"lerp_mode": "catmullrom"
						},
						"7.125": {
							"post": [1.995, 0.98, 0.42],
							"lerp_mode": "catmullrom"
						},
						"7.2917": {
							"post": [-0.225, 0, -0.225],
							"lerp_mode": "catmullrom"
						},
						"7.375": {
							"post": [0.23, -0.12, 0.305],
							"lerp_mode": "catmullrom"
						},
						"7.5": {
							"post": [-0.15, 0, -0.1],
							"lerp_mode": "catmullrom"
						},
						"7.625": {
							"post": [0, 0, 0],
							"lerp_mode": "catmullrom"
						}
					}
				}
			},
			"sound_effects": {
				"0.0": {
					"effect": "tacz:p90/p90_inspect_raise"
				},
				"0.875": {
					"effect": "tacz:p90/p90_inspect_rattle"
				},
				"2.2083": {
					"effect": "tacz:p90/p90_inspect_rattle"
				},
				"2.375": {
					"effect": "tacz:p90/p90_inspect_armup"
				},
				"2.625": {
					"effect": "tacz:p90/p90_inspect_grabgrip"
				},
				"3.7083": {
					"effect": "tacz:p90/p90_inspect_tilt"
				},
				"5.25": {
					"effect": "tacz:p90/p90_inspect_grabgrip"
				},
				"5.4583": {
					"effect": "tacz:p90/p90_inspect_armdown"
				},
				"6.9583": {
					"effect": "tacz:p90/p90_inspect_end"
				}
			}
		},
		"switch_semi": {
			"animation_length": 0.6667,
			"bones": {
				"selector": {
					"rotation": {
						"0.2333": [-90, 0, 0],
						"0.2667": [-58, 0, 0],
						"0.3": [0, 0, 0]
					}
				},
				"root": {
					"rotation": {
						"0.0": [0, 0, 0],
						"0.0333": [0.32, -0.02, 0.57],
						"0.0667": [0.77, -0.04, 1.29],
						"0.1": [1.15, -0.08, 1.33],
						"0.1333": [1.39, -0.14, 0.09],
						"0.1667": [1.56, -0.21, -1.83],
						"0.2": [1.67, -0.27, -3.37],
						"0.2333": [1.72, -0.3, -4.54],
						"0.2667": [1.64, -0.32, -4.73],
						"0.3": [1.36, -0.37, -3.2],
						"0.3333": [1.1, -0.42, -1.64],
						"0.3667": [1.23, -0.39, -2.2],
						"0.4": [1.34, -0.32, -2.82],
						"0.4333": [1.25, -0.25, -2.38],
						"0.4667": [1.09, -0.15, -1.6],
						"0.5": [0.91, -0.06, -0.77],
						"0.5333": [0.73, 0, -0.2],
						"0.5667": [0.53, 0.02, 0.03],
						"0.6": [0.32, 0.02, 0.06],
						"0.6333": [0.13, 0.01, 0.02],
						"0.6667": [0, 0, 0]
					},
					"position": {
						"0.0": [0, 0, 0],
						"0.0333": [0, -0.06, 0.01],
						"0.0667": [0, -0.14, 0.03],
						"0.1": [0, -0.2, 0.06],
						"0.1333": [0, -0.22, 0.13],
						"0.1667": [0, -0.22, 0.22],
						"0.2": [0, -0.22, 0.28],
						"0.2333": [0, -0.25, 0.26],
						"0.2667": [0, -0.28, 0.23],
						"0.3": [0, -0.29, 0.23],
						"0.3333": [0, -0.28, 0.22],
						"0.3667": [0, -0.28, 0.11],
						"0.4": [0, -0.26, 0],
						"0.4333": [0, -0.21, -0.01],
						"0.4667": [0, -0.15, 0.01],
						"0.5": [0, -0.09, 0.03],
						"0.5333": [0, -0.05, 0.04],
						"0.5667": [0, -0.03, 0.03],
						"0.6": [0, -0.01, 0.02],
						"0.6333": [0, -0.01, 0.01],
						"0.6667": [0, 0, 0]
					}
				},
				"kmj": {
					"rotation": {
						"0.0": [45, 0, 0],
						"0.2": [45, 0, 0],
						"0.3667": [0, 0, 0]
					}
				},
				"righthand": {
					"rotation": {
						"0.0": [96.03823, -345.55669, -174.92734],
						"0.0333": [96.07, -346.2125, -179.05],
						"0.0667": [95.9, -349.6625, -181.42],
						"0.1": [95.73, -353.1025, -183.78],
						"0.1333": [95.55, -356.5525, -186.15],
						"0.1667": [95.55, -355.8825, -186.08],
						"0.2": [95.55, -355.2225, -186.02],
						"0.2333": [95.55, -354.5625, -185.96],
						"0.2667": [94.54, -352.6525, -182.83],
						"0.3": [93.54, -350.7525, -179.7],
						"0.3333": [91.21, -346.7025, -177.46],
						"0.3667": [91.21, -348.7025, -177.5],
						"0.4": [91.2, -350.7025, -177.54],
						"0.4333": [93.64, -348.4525, -178.3],
						"0.4667": [96.03823, -345.55669, -174.92734]
					},
					"position": {
						"0.0": [-6.5, -14.4, -5.2],
						"0.0333": [-6.5, -14.8, -6.7],
						"0.1333": [-6.35, -14.4, -6.2],
						"0.2333": [-6.35, -14.4, -6.2],
						"0.3": [-6.48, -14.48, -6.305],
						"0.3333": [-6.6, -14.55, -6.45],
						"0.4": [-6.6, -14.45, -5.95],
						"0.4667": [-6.5, -14.4, -5.2]
					},
					"scale": {
						"0.0": [1, 1.5, 1],
						"0.4667": [1, 1.5, 1]
					}
				},
				"lefthand": {
					"rotation": [93.65639, -26.76784, -185.97101],
					"position": [6.7, -14.7, -12.9],
					"scale": [1, 1.5, 1]
				},
				"camera": {
					"rotation": {
						"0.1": [0, 0, 0],
						"0.1333": [0, 0, 0.13],
						"0.1667": [0, 0, 0.26],
						"0.2": [0, 0, 0.39],
						"0.2333": [0, 0, 0.17],
						"0.2667": [0, 0, -0.05],
						"0.3": [0, 0, -0.27],
						"0.3333": [0, 0, -0.13],
						"0.3667": [0, 0, 0.01],
						"0.4": [0, 0, 0.15],
						"0.4333": [0, 0, 0.1],
						"0.4667": [0, 0, 0.05],
						"0.5": [0, 0, 0]
					}
				}
			}
		},
		"switch_auto": {
			"animation_length": 0.6667,
			"bones": {
				"selector": {
					"rotation": {
						"0.1667": [0, 0, 0],
						"0.2": [-7, 0, 0],
						"0.2333": [-90, 0, 0]
					}
				},
				"root": {
					"rotation": {
						"0.0": [0, 0, 0],
						"0.0333": [0.57, 0.01, 0.02],
						"0.0667": [1.35, 0.04, 0.05],
						"0.1": [1.93, 0.05, 0.06],
						"0.1333": [2.16, 0.06, 0.13],
						"0.1667": [2.19, 0.06, 0.18],
						"0.2": [2.06, 0.05, -0.05],
						"0.2333": [1.37, 0, -1.48],
						"0.2667": [0.77, -0.04, -2.73],
						"0.3": [1.09, -0.04, -2.17],
						"0.3333": [1.6, -0.02, -1.39],
						"0.3667": [1.87, -0.02, -1.91],
						"0.4": [1.83, -0.03, -2.32],
						"0.4333": [1.53, -0.02, -1.96],
						"0.4667": [1.07, -0.01, -1.33],
						"0.5": [0.59, -0.01, -0.67],
						"0.5333": [0.25, 0, -0.2],
						"0.5667": [0.09, 0, -0.01],
						"0.6": [0.03, 0, 0.03],
						"0.6333": [0.01, 0, 0.01],
						"0.6667": [0, 0, 0]
					},
					"position": {
						"0.0": [0, 0, 0],
						"0.0333": [0, -0.01, 0.02],
						"0.0667": [0, -0.03, 0.04],
						"0.1": [0, -0.05, 0.06],
						"0.1333": [0, -0.07, 0.07],
						"0.1667": [0, -0.09, 0.07],
						"0.2": [0, -0.12, 0.08],
						"0.2333": [0, -0.19, 0.08],
						"0.2667": [0, -0.25, 0.08],
						"0.3": [0, -0.27, 0.02],
						"0.3333": [0, -0.26, -0.05],
						"0.3667": [0, -0.26, -0.12],
						"0.4": [0, -0.23, -0.15],
						"0.4333": [0, -0.19, -0.12],
						"0.4667": [0, -0.13, -0.06],
						"0.5": [0, -0.07, 0],
						"0.5333": [0, -0.02, 0.04],
						"0.5667": [0, -0.01, 0.04],
						"0.6": [0, 0, 0.03],
						"0.6333": [0, 0, 0.01],
						"0.6667": [0, 0, 0]
					}
				},
				"kmj": {
					"rotation": {
						"0.0": [0, 0, 0],
						"0.2": [0, 0, 0],
						"0.3333": [45, 0, 0]
					}
				},
				"righthand": {
					"rotation": {
						"0.0": [96.03823, -345.55669, -174.92734],
						"0.0333": [96.07, -338.05, -179.05],
						"0.0667": [96.07, -338.05, -179.05],
						"0.1": [94.65, -338.11, -175.34],
						"0.1333": [93.22, -338.17, -171.63],
						"0.1667": [91.79, -338.23, -167.92],
						"0.2": [94.85, -337.99, -173.99],
						"0.2333": [94.43, -337.82, -189.18],
						"0.2667": [94.43, -337.82, -189.18],
						"0.3": [94.71, -337.86, -187.49],
						"0.3333": [94.98, -337.89, -185.8],
						"0.3667": [95.25, -337.93, -184.11],
						"0.4": [95.53, -337.97, -182.43],
						"0.4333": [95.8, -338.01, -180.74],
						"0.4667": [96.03823, -345.55669, -174.92734]
					},
					"position": {
						"0.0": [-6.5, -14.4, -5.2],
						"0.0333": [-6.5, -14.8, -7.0125],
						"0.0667": [-6.5, -14.8, -7.0125],
						"0.1": [-6.5, -14.56, -6.8825],
						"0.1333": [-6.5, -14.32, -6.7425],
						"0.1667": [-6.5, -14.07, -6.6125],
						"0.2": [-6.5, -14.07, -6.6125],
						"0.2333": [-6.5, -14.07, -6.6125],
						"0.2667": [-6.5, -14.07, -6.6125],
						"0.3": [-6.5, -14.07, -6.6125],
						"0.3333": [-6.5, -14.07, -6.6125],
						"0.3667": [-6.5, -14.26, -6.7125],
						"0.4": [-6.5, -14.44, -6.8125],
						"0.4333": [-6.5, -14.62, -6.9125],
						"0.4667": [-6.5, -14.4, -5.2]
					},
					"scale": {
						"0.0": [1, 1.5, 1],
						"0.4667": [1, 1.5, 1]
					}
				},
				"lefthand": {
					"rotation": [93.65639, -26.76784, -185.97101],
					"position": [6.7, -14.7, -12.9],
					"scale": [1, 1.5, 1]
				},
				"camera": {
					"rotation": {
						"0.1": [0, 0, 0],
						"0.1333": [0, 0, 0.13],
						"0.1667": [0, 0, 0.26],
						"0.2": [0, 0, 0.39],
						"0.2333": [0, 0, 0.17],
						"0.2667": [0, 0, -0.05],
						"0.3": [0, 0, -0.27],
						"0.3333": [0, 0, -0.13],
						"0.3667": [0, 0, 0.01],
						"0.4": [0, 0, 0.15],
						"0.4333": [0, 0, 0.1],
						"0.4667": [0, 0, 0.05],
						"0.5": [0, 0, 0]
					}
				}
			}
		},
		"static_semi": {
			"loop": true,
			"bones": {
				"kmj": {
					"rotation": [0, 0, 0]
				}
			}
		},
		"static_auto": {
			"loop": true,
			"bones": {
				"kmj": {
					"rotation": [45, 0, 0]
				}
			}
		}
	}
}