{
	"format_version": "1.8.0",
	"animations": {
		"static_idle": {
			"animation_length": 0.1,
			"bones": {
				"lefthand": {
					"rotation": [109.31225, -21.8344, -155.94098],
					"position": [8.4, -11.42, -5.32],
					"scale": [1, 1.5, 1]
				},
				"righthand": {
					"rotation": [96, 0, -180],
					"position": [-6.5, -14, 7.6],
					"scale": [1, 1.5, 1]
				},
				"constraint": {
					"rotation": [0.2, 0.2, 0.2],
					"position": [0.2, 0.2, 0.25]
				}
			}
		},
		"shoot": {
			"animation_length": 0.8333,
			"bones": {
				"root": {
					"rotation": {
						"0.0": [0, 0, 0],
						"0.0333": {
							"pre": [-4.97, 0, 1.3],
							"post": [-4.97, 0, 1.3],
							"lerp_mode": "catmullrom"
						},
						"0.0833": {
							"post": [-1.79, 0, 0.18],
							"lerp_mode": "catmullrom"
						},
						"0.1333": {
							"post": [-0.87, 0, -0.81],
							"lerp_mode": "catmullrom"
						},
						"0.1833": {
							"post": [-0.12, 0, 0.48],
							"lerp_mode": "catmullrom"
						},
						"0.25": {
							"post": [0.02, 0, -0.76],
							"lerp_mode": "catmullrom"
						},
						"0.35": {
							"post": [0.3, 0, 0.18],
							"lerp_mode": "catmullrom"
						},
						"0.4": [0.36, -0.11, 0.04],
						"0.45": {
							"pre": [0.37, -0.19, -0.15],
							"post": [0.37, -0.19, -0.15],
							"lerp_mode": "catmullrom"
						},
						"0.5167": [0.32, -0.02, 0.1],
						"0.5667": {
							"pre": [0.28, 0.07, 0.25],
							"post": [0.28, 0.07, 0.25],
							"lerp_mode": "catmullrom"
						},
						"0.6333": [0.13, 0.07, 0.17],
						"0.7167": [-0.01, 0, -0.03],
						"0.7333": [-0.02, -0.01, -0.04],
						"0.75": [-0.03, -0.01, -0.04],
						"0.7667": [-0.02, -0.01, -0.04],
						"0.7833": [-0.02, -0.01, -0.03],
						"0.8": [-0.01, 0, -0.02],
						"0.8167": [0, 0, -0.01],
						"0.8333": [0, 0, 0]
					},
					"position": {
						"0.0": [0, 0, 0],
						"0.0167": [0, -0.07, 1.675],
						"0.0333": [0, -0.07, 1.915],
						"0.05": [0, -0.07, 1.755],
						"0.0667": [0, -0.06, 1.515],
						"0.0833": [0, -0.05, 1.225],
						"0.1": [0, -0.05, 0.915],
						"0.1167": [0, -0.05, 0.635],
						"0.1333": [0, -0.08, 0.265],
						"0.15": [0, -0.11, 0.0525],
						"0.1667": [0, -0.14, -0.11],
						"0.1833": [0, -0.15, -0.32],
						"0.2": [0, -0.15, -0.35],
						"0.2167": [0, -0.15, -0.36],
						"0.2333": [0, -0.14, -0.35],
						"0.25": [0, -0.14, -0.33],
						"0.2667": [0, -0.13, -0.29],
						"0.2833": [0, -0.12, -0.25],
						"0.3": [0, -0.11, -0.21],
						"0.3167": [0, -0.1, -0.16],
						"0.3333": [0, -0.09, -0.11],
						"0.35": [0, -0.08, -0.07],
						"0.3667": [0, -0.07, -0.03],
						"0.3833": [0, -0.07, 0],
						"0.4": [0, -0.06, 0.02],
						"0.4167": [0, -0.05, 0.04],
						"0.4333": [0, -0.04, 0.04],
						"0.45": [0, -0.03, 0.04],
						"0.4667": [0, -0.02, 0.03],
						"0.4833": [0, -0.01, 0.01],
						"0.5": [0, -0.01, 0],
						"0.5167": [0, 0, 0],
						"0.5333": [0, 0, 0],
						"0.55": [0, 0, 0],
						"0.5667": [0, 0, 0],
						"0.5833": [0, 0, 0],
						"0.6": [0, 0, 0],
						"0.6167": [0, 0, 0],
						"0.6333": [0, 0, 0],
						"0.65": [0, 0, 0],
						"0.6667": [0, 0, 0],
						"0.6833": [0, 0, 0],
						"0.7": [0, 0, 0],
						"0.7167": [0, 0, 0],
						"0.7333": [0, 0, 0],
						"0.75": [0, 0, 0],
						"0.7667": [0, 0, 0]
					}
				},
				"lefthand": {
					"position": [0, 0, 0]
				},
				"camera": {
					"rotation": {
						"0.0": [0, 0, 0],
						"0.0167": [0, 0, -1.58],
						"0.0333": [0, 0, 1.52],
						"0.05": [0, 0, -0.95],
						"0.0667": [0, 0, -0.15],
						"0.0833": [0, 0, 0.8],
						"0.1": [0, 0, 0.55],
						"0.1167": [0, 0, -0.03],
						"0.1333": [0, 0, -0.4],
						"0.15": [0, 0, -0.34],
						"0.1667": [0, 0, -0.13],
						"0.1833": [0, 0, 0.12],
						"0.2": [0, 0, 0.25],
						"0.2167": [0, 0, 0.23],
						"0.2333": [0, 0, 0.14],
						"0.25": [0, 0, 0.02],
						"0.2667": [0, 0, -0.09],
						"0.2833": [0, 0, -0.15],
						"0.3": [0, 0, -0.16],
						"0.3167": [0, 0, -0.14],
						"0.3333": [0, 0, -0.1],
						"0.35": [0, 0, -0.06],
						"0.3667": [0, 0, -0.02],
						"0.3833": [0, 0, 0]
					}
				}
			}
		},
		"reload_tactical": {
			"loop": "hold_on_last_frame",
			"animation_length": 2.25,
			"bones": {
				"root": {
					"rotation": {
						"0.0": [0, 0, 0],
						"0.05": [-1.33, -0.45, -2.33],
						"0.1": [-2.71, -1.02, -7.77],
						"0.15": [-4.63, -1.73, -12.97],
						"0.2": [-7.68, -2.59, -13.92],
						"0.25": [-10.33, -3.31, -13.31],
						"0.3": [-10.58, -3.48, -12.48],
						"0.35": [-10.43, -3.46, -11.51],
						"0.4": [-12.99, -3.46, -10.71],
						"0.45": [-13.22, -3.45, -14.9],
						"0.5": [-13.37, -3.5, -13.16],
						"0.55": [-13.14, -3.49, -11.04],
						"0.6": [-12.35, -3.37, -11.05],
						"0.65": [-11.26, -3.21, -11.62],
						"0.7": [-10.3, -3.07, -12.19],
						"0.75": [-9.88, -3.01, -12.28],
						"0.8": [-9.5, -2.95, -12.24],
						"0.85": [-9.18, -2.91, -12.27],
						"0.9": [-8.91, -2.89, -12.56],
						"0.95": [-8.7, -2.91, -13.31],
						"1.0": [-8.4, -3.05, -15.98],
						"1.05": [-8.27, -3.27, -19.56],
						"1.1": [-8.47, -3.46, -22.78],
						"1.15": [-9.32, -3.59, -25.23],
						"1.2": [-10.5, -3.69, -27.32],
						"1.25": [-11.33, -3.77, -28.87],
						"1.3": [-11.39, -3.84, -29.87],
						"1.35": [-10.97, -3.87, -30.23],
						"1.4": [-10.05, -3.88, -31.29],
						"1.45": [-10.91, -3.87, -31.31],
						"1.5": [-10.65, -3.73, -31.23],
						"1.55": [-10.18, -3.68, -26.85],
						"1.6": [-9.68, -3.63, -32.24],
						"1.65": [-9.27, -3.43, -27.35],
						"1.7": [-6.87, -3.04, -20.02],
						"1.75": [-3.61, -2.51, -10.55],
						"1.8": [-1.08, -2, -3.18],
						"1.85": [0.21, -1.32, 1.21],
						"1.9": [0.4, -0.78, 2.15],
						"1.95": [-0.3, -0.51, -1.29],
						"2.0": [-0.16, -0.24, -0.34],
						"2.05": [0.06, 0, 0.92],
						"2.1": [0.06, 0.05, 0.58],
						"2.15": [0.02, 0.03, -0.04],
						"2.2": [0, 0, 0]
					},
					"position": {
						"0.0": [0, 0, 0],
						"0.05": [-0.1, 0, 0.06],
						"0.1": [-0.25, -0.05, 0.15],
						"0.15": [-0.48, -0.26, 0.28],
						"0.2": [-0.67, -0.48, 0.37],
						"0.25": [-0.69, -0.55, 0.34],
						"0.3": [-0.66, -0.58, 0.28],
						"0.35": [-0.63, -0.64, 0.23],
						"0.4": [-0.61, -0.97, 0.19],
						"0.45": [-0.61, -0.88, 0.22],
						"0.5": [-0.6, -0.71, 0.27],
						"0.55": [-0.6, -0.58, 0.32],
						"0.6": [-0.6, -0.55, 0.37],
						"0.65": [-0.6, -0.55, 0.43],
						"0.7": [-0.6, -0.56, 0.49],
						"0.75": [-0.6, -0.58, 0.52],
						"0.8": [-0.6, -0.64, 0.5],
						"0.85": [-0.6, -0.72, 0.45],
						"0.9": [-0.6, -0.77, 0.42],
						"0.95": [-0.6, -0.78, 0.43],
						"1.0": [-0.61, -0.78, 0.45],
						"1.05": [-0.61, -0.76, 0.47],
						"1.1": [-0.62, -0.73, 0.47],
						"1.15": [-0.62, -0.7, 0.44],
						"1.2": [-0.63, -0.65, 0.4],
						"1.25": [-0.63, -0.6, 0.35],
						"1.3": [-0.63, -0.56, 0.3],
						"1.35": [-0.64, -0.52, 0.27],
						"1.4": [-0.69, -0.42, 0.25],
						"1.45": [-0.65, -0.38, 0.32],
						"1.5": [-0.6, -0.42, 0.4],
						"1.55": [-0.51, -1.12, 0.42],
						"1.6": [-0.31, -1.03, 0.36],
						"1.65": [-0.3, -0.95, 0.17],
						"1.7": [-0.3, -0.94, -0.11],
						"1.75": [-0.31, -1.26, -0.59],
						"1.8": [-0.29, -1.48, -0.99],
						"1.85": [-0.21, -1.15, -1.11],
						"1.9": [-0.11, -0.68, -0.93],
						"1.95": [-0.06, -0.35, -0.21],
						"2.0": [-0.03, -0.11, 0.46],
						"2.05": [0, 0, 0.13],
						"2.1": [0, 0.01, 0.02],
						"2.15": [0, 0, -0.04],
						"2.2": [0, 0, -0.03],
						"2.25": [0, 0, -0.03]
					}
				},
				"mag_and_bullet": {
					"rotation": {
						"0.0": [0, 0, 0],
						"0.05": [0.01, 0.06, 0.09],
						"0.1": [0.03, 0.16, 0.19],
						"0.15": [0.05, 0.25, 0.12],
						"0.2": [0.1, 0.42, -0.63],
						"0.25": [0.13, 0.49, -1.25],
						"0.3": [0, 0, 0],
						"0.35": [-9, 0, 0],
						"0.4": [0, 0, -17.5],
						"0.45": [-5.76, 0.85, -40.51],
						"0.5": [-11.52, 1.7, -63.52],
						"0.55": [-17.27, 2.55, -86.53],
						"0.6": [-14.49, -12.99, -86.26],
						"0.65": [-11.71, -28.53, -85.99],
						"0.7": [-8.93, -44.06, -85.72],
						"0.75": [-8.93, -44.06, -85.72],
						"0.8": [-8.93, -44.06, -85.72],
						"0.85": [-8.93, -44.06, -85.72],
						"0.9": [-8.93, -44.06, -85.72],
						"0.95": [-8.93, -44.06, -85.72],
						"1.0": [-6.34, -35.14, -68.28],
						"1.05": [-2.47, -22.09, -42.72],
						"1.1": [0.84, -9.1, -17.6],
						"1.15": [1.77, -0.38, -1.5],
						"1.2": [-7.07, 1.14, -3.99],
						"1.25": [-15.89, -2.61, -15.79],
						"1.3": [-4.94, -1.08, -6.16],
						"1.35": [-6.53, -0.54, -3.08],
						"1.4": [-8.12, 0, 0],
						"1.45": [-10.62, 0, 0],
						"1.5": [-13.12, 0, 0],
						"1.55": [0, 0, 0],
						"1.6": [0.92, -0.06, -1.49],
						"1.65": [0.24, -0.1, -2.66],
						"1.7": [0.36, -0.08, -2.08],
						"1.75": [0.48, -0.04, -0.92],
						"1.8": [0.55, 0.01, -0.09],
						"1.85": [0.38, 0.11, -0.5],
						"1.9": [0.18, 0.06, -0.51],
						"1.95": [0, 0, -0.35],
						"2.0": [-0.05, -0.01, 0.68],
						"2.05": [-0.03, 0, 0.33],
						"2.1": [0, 0, -0.12],
						"2.15": [0, 0, 0]
					},
					"position": {
						"0.3": [0, 0, 0],
						"0.35": [0, -1, -0.5],
						"0.4": [1.2, -3, -0.5],
						"0.45": [2.57, -4.78, 0.07],
						"0.5": [3.93, -6.57, 0.64],
						"0.55": [5.3, -8.35, 1.21],
						"0.6": [7.91, -12.12, 3.5],
						"0.65": [10.52, -15.89, 5.79],
						"0.7": [13.13, -19.66, 8.08],
						"0.75": [13.13, -19.66, 8.08],
						"0.8": [13.13, -19.66, 8.08],
						"0.85": [13.13, -19.66, 8.08],
						"0.9": [13.13, -19.66, 8.08],
						"0.95": [13.13, -19.66, 8.08],
						"1.0": [11.18, -17.72, 6.87],
						"1.05": [9.22, -15.79, 5.65],
						"1.1": [7.27, -13.85, 4.44],
						"1.15": [5.32, -10.59, 2.44],
						"1.2": [3.36, -7.34, 0.43],
						"1.25": [1.41, -4.08, -1.57],
						"1.3": [0.32, -2.24, -0.3],
						"1.35": [-0.06, -1.48, -0.37],
						"1.4": [-0.06, -1.48, -0.47],
						"1.45": [-0.06, -1.48, -0.57],
						"1.5": [-0.06, -1.48, -0.67],
						"1.55": [0, 0, 0]
					}
				},
				"bullet": {
					"scale": {
						"0.85": {
							"pre": [0, 0, 0],
							"post": [1, 1, 1]
						}
					}
				},
				"lefthand": {
					"rotation": {
						"0.0": [109.31225, -21.8344, -155.94098],
						"0.2": [129.58744, -2.50008, -205.98655],
						"0.35": [129.58744, -2.50008, -205.98655],
						"0.45": [130.7958, -7.199, -220.9518],
						"0.55": [128.89, -3.79, -253.31],
						"0.7": [162.17019, 3.75727, -209.81797],
						"0.9": [131.42722, -65.95274, -162.63072],
						"1.1": [106.28842, -10.52501, -161.31838],
						"1.2": [98.42168, -19.74203, -131.61025],
						"1.3": [90.36873, -19.41385, -122.32029],
						"1.55": [90.36873, -19.41385, -122.32029],
						"1.7": [90.36873, -19.41385, -122.32029],
						"1.8": {
							"pre": [113.84485, -41.971, -147.02723],
							"post": [113.84485, -41.971, -147.02723],
							"lerp_mode": "catmullrom"
						},
						"1.85": [109.31225, -21.8344, -155.94098]
					},
					"position": {
						"0.0": [8.4, -11.42, -5.32],
						"0.2": [7.34, -13.85, 0.86],
						"0.3": [7.34, -13.85, 0.86],
						"0.35": [7.15, -14.8, 0.3],
						"0.4": [8.35, -16.8, 0.3],
						"0.55": [12.75, -20.95, 2.01],
						"0.7": [20.28, -33.46, 8.88],
						"0.85": [20.28, -35.21, 8.88],
						"0.95": [20.28, -35.21, 8.88],
						"1.1": [17.05819, -27.70129, 5.18594],
						"1.25": [9.26, -21.105, -1.045],
						"1.3": [7.465, -19.265, 0.225],
						"1.35": [7.09, -18.505, 0.155],
						"1.5": [7.09, -18.505, 0.155],
						"1.55": [7.15, -17.025, 0.525],
						"1.7": [7.15, -17.025, 0.525],
						"1.8": [9.35, -12.41, -2.13],
						"1.85": [8.4, -11.42, -5.32]
					},
					"scale": {
						"0.0": [1, 1.5, 1],
						"1.85": [1, 1.5, 1]
					}
				},
				"Release": {
					"rotation": {
						"0.15": [0, 0, 0],
						"0.25": [-25, 0, 0],
						"0.4": [-25, 0, 0],
						"0.5": [0, 0, 0],
						"1.5": [0, 0, 0],
						"1.55": [-25, 0, 0],
						"1.65": [0, 0, 0]
					}
				},
				"righthand": {
					"rotation": [96, 0, -180],
					"position": [-6.5, -14, 7.6],
					"scale": [1, 1.5, 1]
				},
				"camera": {
					"rotation": {
						"0.0": [0, 0, 0],
						"0.05": [0.01, 0, 0.09],
						"0.1": [0.03, 0, 0.19],
						"0.15": [0.05, 0.02, 0.12],
						"0.2": [0.12, 0.15, -0.56],
						"0.25": [0.13, 0.27, -1.25],
						"0.3": [-0.11, 0.28, -1.39],
						"0.35": [-0.25, 0.27, -1.25],
						"0.4": [0.13, 0.33, -0.75],
						"0.45": [0.56, 0.39, -0.4],
						"0.5": [0.61, 0.44, -0.95],
						"0.55": [0.6, 0.43, -1.55],
						"0.6": [0.7, 0.35, -1.49],
						"0.65": [0.85, 0.24, -1.24],
						"0.7": [0.97, 0.14, -1.05],
						"0.75": [1.06, 0.06, -0.99],
						"0.8": [1.14, -0.02, -0.97],
						"0.85": [1.2, -0.09, -0.97],
						"0.9": [1.23, -0.12, -1.01],
						"0.95": [1.22, -0.12, -1.06],
						"1.0": [1.2, -0.11, -1.13],
						"1.05": [1.17, -0.09, -1.21],
						"1.1": [1.12, -0.05, -1.31],
						"1.15": [1.07, -0.02, -1.41],
						"1.2": [1, 0.02, -1.5],
						"1.25": [0.81, 0.1, -1.74],
						"1.3": [0.58, 0.19, -2],
						"1.35": [0.38, 0.26, -2.12],
						"1.4": [0.01, 0.28, -1.51],
						"1.45": [-0.14, 0.28, -1.96],
						"1.5": [-0.1, 0.27, -2.36],
						"1.55": [1.06, 0.25, -1.23],
						"1.6": [0.7, 0.35, -1.54],
						"1.65": [0.24, 0.45, -1.91],
						"1.7": [0.35, 0.39, -1.62],
						"1.75": [0.55, 0.28, -1.22],
						"1.8": [0.51, 0.19, -1.09],
						"1.85": [0.38, 0.11, -0.97],
						"1.9": [0.14, 0.04, -0.68],
						"1.95": [-0.07, 0, -0.35],
						"2.0": [-0.12, -0.01, 0.26],
						"2.05": [-0.09, 0, 0.1],
						"2.1": [-0.05, 0, -0.12],
						"2.15": [-0.02, 0, -0.09],
						"2.2": [0, 0, 0]
					}
				}
			},
			"sound_effects": {
				"0.0": {
					"effect": "tacz:hk_g3/hk_g3_reload_raise_up"
				},
				"0.1": {
					"effect": "tacz:hk_g3/hk_g3_reload_empty_xmag_quick_mvt"
				},
				"0.25": {
					"effect": "tacz:hk_g3/hk_g3_reload_smag_magout"
				},
				"1.0": {
					"effect": "tacz:hk_g3/hk_g3_reload_raise_up"
				},
				"1.35": {
					"effect": "tacz:hk_g3/hk_g3_reload_smag_magin"
				},
				"1.7": {
					"effect": "tacz:hk_g3/hk_g3_reload_shoulder"
				}
			}
		},
		"reload_empty": {
			"animation_length": 3.55,
			"bones": {
				"root": {
					"rotation": {
						"0.0": [0, 0, 0],
						"0.05": [0.22, -0.94, 2.42],
						"0.1": [0.52, -2.27, 5.75],
						"0.15": [0.75, -3.46, 8.29],
						"0.2": [0.82, -4.4, 9.35],
						"0.25": [0.82, -5.2, 9.62],
						"0.3": [0.86, -5.65, 9.39],
						"0.35": [1.28, -4.66, 5.99],
						"0.4": [1.21, -4.19, 6.25],
						"0.45": [1.49, -4.2, 3.24],
						"0.5": [1.31, -4.32, 1.73],
						"0.55": [0.45, -4.37, -1.6],
						"0.6": [-1.01, -4.27, -7.16],
						"0.65": [-2.94, -4.1, -14.13],
						"0.7": [-4.7, -3.89, -19.24],
						"0.75": [-6.82, -3.31, -20.88],
						"0.8": [-8.39, -2.94, -20.07],
						"0.85": [-8.81, -3.08, -19.57],
						"0.9": [-9.01, -3.39, -18.72],
						"0.95": [-9.09, -3.78, -18.03],
						"1.0": [-9.16, -4.18, -18.03],
						"1.05": [-9.15, -5.95, -24.14],
						"1.1": [-10.85, -6.45, -22.94],
						"1.15": [-12.62, -6.76, -21.24],
						"1.2": [-13.15, -7.09, -23.33],
						"1.25": [-13.44, -6.92, -23.3],
						"1.3": [-13.77, -6.85, -22.69],
						"1.35": [-13.91, -6.96, -22.37],
						"1.4": [-14.09, -7.14, -21.94],
						"1.45": [-14.29, -7.36, -21.44],
						"1.5": [-14.47, -7.58, -20.94],
						"1.55": [-14.6, -7.78, -20.51],
						"1.6": [-14.63, -7.91, -20.21],
						"1.65": [-14.54, -7.94, -20.1],
						"1.7": [-13.97, -7.7, -20.42],
						"1.75": [-13.07, -7.22, -21.16],
						"1.8": [-12.12, -6.72, -22.04],
						"1.85": [-11.44, -6.39, -22.79],
						"1.9": [-10.95, -6.5, -24.78],
						"1.95": [-12.16, -6.17, -23.22],
						"2.0": [-11.6, -6.42, -25.15],
						"2.05": [-11.44, -6.15, -25.07],
						"2.1": [-11.26, -5.73, -24.76],
						"2.15": [-11.07, -5.26, -24.16],
						"2.2": [-10.84, -4.83, -23.21],
						"2.25": [-9.59, -3.38, -15.84],
						"2.3": [-9.34, -4.53, -18.68],
						"2.35": [-9.03, -3.7, -12.5],
						"2.4": [-8.64, -2.65, -5.58],
						"2.45": [-7.79, -1.94, -2.49],
						"2.5": [-6.57, -1.65, -0.47],
						"2.55": [-5.33, -1.39, 1.38],
						"2.6": [-4.89, -1.14, 2.01],
						"2.65": [-4.33, -0.87, 3.18],
						"2.7": [-0.93, -0.11, 11.33],
						"2.75": [-0.61, 1.02, 6.8],
						"2.8": [-1.63, 0.84, 4.8],
						"2.85": [-2.5, 0.49, 3.42],
						"2.9": [-1.97, 0.41, 3.66],
						"2.95": [-1.08, 0.26, 3.79],
						"3.0": [-0.7, -0.09, 2.49],
						"3.05": [-0.37, -0.54, 0.69],
						"3.1": [-0.13, -0.78, -0.5],
						"3.15": [0.03, -0.46, -0.06],
						"3.2": [0.06, 0, 0.82],
						"3.25": [0.04, 0.05, 0.49],
						"3.3": [0, 0, 0]
					},
					"position": {
						"0.0": [0, 0, 0],
						"0.05": [0.09, -0.09, 0.02],
						"0.1": [0.25, -0.52, 0.12],
						"0.15": [0.4, -0.97, 0.28],
						"0.2": [0.42, -1.13, 0.42],
						"0.25": [0.41, -1.24, 0.59],
						"0.3": [0.4, -1.28, 0.71],
						"0.35": [0.4, -1.24, 0.73],
						"0.4": [0.4, -1.13, 0.71],
						"0.45": [0.42, -1.08, 0.71],
						"0.5": [0.43, -1.03, 0.71],
						"0.55": [0.4, -1.01, 0.71],
						"0.6": [0.3, -1.09, 0.67],
						"0.65": [0.14, -1.21, 0.63],
						"0.7": [-0.06, -1.22, 0.59],
						"0.75": [-0.27, -1.09, 0.55],
						"0.8": [-0.53, -0.87, 0.52],
						"0.85": [-0.77, -0.64, 0.49],
						"0.9": [-0.95, -0.5, 0.46],
						"0.95": [-1.05, -0.47, 0.44],
						"1.0": [-1.07, -0.54, 0.43],
						"1.05": [-1.08, -0.61, 0.42],
						"1.1": [-1.08, -0.73, 0.41],
						"1.15": [-1.06, -0.92, 0.4],
						"1.2": [-1.03, -1.02, 0.38],
						"1.25": [-1.05, -0.99, 0.37],
						"1.3": [-1.09, -0.93, 0.37],
						"1.35": [-1.12, -0.87, 0.36],
						"1.4": [-1.15, -0.85, 0.35],
						"1.45": [-1.17, -0.88, 0.32],
						"1.5": [-1.18, -0.94, 0.28],
						"1.55": [-1.19, -1.02, 0.25],
						"1.6": [-1.2, -1.07, 0.23],
						"1.65": [-1.21, -1.14, 0.25],
						"1.7": [-1.22, -1.2, 0.3],
						"1.75": [-1.22, -1.2, 0.33],
						"1.8": [-1.19, -1.1, 0.34],
						"1.85": [-1.15, -0.93, 0.33],
						"1.9": [-1.11, -0.81, 0.33],
						"1.95": [-1.05, -0.76, 0.33],
						"2.0": [-1.01, -0.68, 0.32],
						"2.05": [-1.03, -0.6, 0.31],
						"2.1": [-1.05, -0.55, 0.31],
						"2.15": [-1.05, -0.55, 0.29],
						"2.2": [-1.04, -0.63, 0.28],
						"2.25": [-0.97, -1.17, 0.27],
						"2.3": [-0.93, -1.19, 0.27],
						"2.35": [-0.87, -1.15, 0.33],
						"2.4": [-0.8, -1.27, 0.81],
						"2.45": [-0.77, -1.43, 0.97],
						"2.5": [-0.74, -1.61, 1.13],
						"2.55": [-0.71, -1.73, 1.25],
						"2.6": [-0.69, -1.65, 1.26],
						"2.65": [-0.67, -1.55, 1.23],
						"2.7": [-0.64, -1.96, 1.24],
						"2.75": [-0.62, -1.89, 1.19],
						"2.8": [-0.59, -1.72, 1.09],
						"2.85": [-0.55, -1.5, 0.88],
						"2.9": [-0.5, -1.05, 0.15],
						"2.95": [-0.41, -0.63, -0.56],
						"3.0": [-0.27, -0.54, -0.81],
						"3.05": [-0.12, -0.51, -0.75],
						"3.1": [-0.04, -0.35, -0.22],
						"3.15": [0, -0.17, 0.28],
						"3.2": [0.01, -0.07, 0.12],
						"3.25": [0, 0, -0.15],
						"3.3": [0, 0.01, -0.14],
						"3.35": [0, 0.01, -0.06],
						"3.4": [0, 0, 0]
					}
				},
				"mag_and_bullet": {
					"rotation": {
						"1.0": [0, 0, 0],
						"1.1": [-13.33988, -4.28732, -17.49841],
						"1.2": [-20.47737, -33.34285, -55.80754],
						"1.45": [27.08049, 28.48143, -223.00493],
						"1.5": [-96.25, 0, 0],
						"1.65": [-2.4652, -2.20557, -60.54585],
						"1.8": [-6.53019, -2.56015, -27.08512],
						"1.9": [-13.43047, -1.15254, -6.90493],
						"1.95": [-9.46524, -0.57627, -3.45247],
						"2.0": [-9.5, 0, 0],
						"2.05": [-9.5, 0, 0],
						"2.1": [-8, 0, 0],
						"2.2": [-9, 0, 0],
						"2.25": [0, 0, 0]
					},
					"position": {
						"1.0": [0, 0, 0],
						"1.1": [1, -1.5, -0.65],
						"1.15": [1.1, -4, -0.7],
						"1.25": [1.16503, -9.04221, 0.13412],
						"1.35": [0.87581, -19.83013, 2.63686],
						"1.45": [0.90249, -35.70383, 6.68743],
						"1.5": [5.87103, -28.63509, 22.12801],
						"1.55": [6.67144, -18.83374, 8.64914],
						"1.65": [9.27293, -12.22133, 8.21386],
						"1.8": [3.69528, -5.50833, -1.22293],
						"1.9": [0.365, -2.14, -0.5],
						"1.95": [0.16, -2.16, -0.65],
						"2.0": [-0.04, -1.49, -0.6],
						"2.05": [-0.04, -1.49, -0.4],
						"2.1": [0, -1.275, -0.325],
						"2.2": [0, -1.275, -0.4],
						"2.25": [0, 0, 0]
					}
				},
				"bullet": {
					"scale": {
						"1.65": {
							"pre": [0, 0, 0],
							"post": [1, 1, 1]
						}
					}
				},
				"lefthand": {
					"rotation": {
						"0.0": [109.31225, -21.8344, -155.94098],
						"0.05": [115.04, -24.04, -166.37],
						"0.1": [120.76, -26.25, -176.81],
						"0.15": [126.49, -28.45, -187.24],
						"0.2": [118.34, -23.62, -184.47],
						"0.25": [110.2, -18.78, -181.71],
						"0.3": [111.38, -26.26, -184.78],
						"0.35": [118.45, -15.51, -203.16],
						"0.4": [125.53, -4.77, -221.54],
						"0.45": [125.6, -2.9, -224.71],
						"0.5": [125.68, -1.03, -227.89],
						"0.55": [125.76, 0.84, -231.06],
						"0.6": [130.41, -1.78, -218.62],
						"0.65": [135.05, -4.4, -206.18],
						"0.7": [133.43, -6.07, -208.05],
						"0.75": [131.81, -7.74, -209.92],
						"0.8": [130.19, -9.41, -211.79],
						"0.85": [128.65, -8.83, -212.61],
						"0.9": [127.1, -8.25, -213.44],
						"0.95": [125.56, -7.67, -214.26],
						"1.0": [130.19, -9.41, -211.79],
						"1.05": [136.73, 6.39, -223.56],
						"1.1": [139.87, 5.2, -238.27],
						"1.15": [119.59, -10.59, -252.08],
						"1.2": [127.96, -17.12, -277.81],
						"1.25": [138.86, -21.69, -301.81],
						"1.3": [140.28, -22.04, -305.55],
						"1.35": [141.91, -21.85, -309.96],
						"1.4": [143.44, -21.35, -314.19],
						"1.45": [144.57, -20.74, -317.34],
						"1.5": [144.99, -20.26, -318.55],
						"1.55": [144.38, -20.11, -316.95],
						"1.6": [142.44, -20.51, -311.66],
						"1.65": [138.86, -21.69, -301.81],
						"1.7": [124.01, -27, -261.43],
						"1.75": [102.26, -34.76, -202.41],
						"1.8": [80.78, -42.53, -143.4],
						"1.85": [66.78, -47.84, -103.02],
						"1.9": [69.78, -47.84, -103.02],
						"1.95": [72.78, -47.84, -103.02],
						"2.0": [75.78, -47.84, -103.02],
						"2.05": [76.29, -45.66, -103.76],
						"2.1": [76.81, -43.47, -104.49],
						"2.15": [77.32, -41.28, -105.22],
						"2.2": [78.86, -40.07, -107.47],
						"2.25": [80.4, -38.86, -109.72],
						"2.3": [80.4, -38.86, -109.72],
						"2.35": [95.94, -40.74, -124.45],
						"2.4": [113.84, -41.97, -147.03],
						"2.45": [126.43, -40.84, -181.85],
						"2.5": [132.83, -36.7, -209.87],
						"2.55": [127.5, -29.73, -204.15],
						"2.6": [122.17, -22.75, -198.44],
						"2.65": [116.84, -15.77, -192.72],
						"2.7": [122.02, -8.23, -246.38],
						"2.75": [125.79, -9.57, -244.11],
						"2.8": [127.18, -13.12, -228.86],
						"2.85": [120.9, -18.63, -204.12],
						"2.9": [113.46, -23.34, -178.73],
						"2.95": [111.22, -23.65, -168.26],
						"3.0": [110.03, -22.66, -160.84],
						"3.05": [109.31225, -21.8344, -155.94098]
					},
					"position": {
						"0.0": [8.4, -11.42, -5.32],
						"0.05": [8.61, -10.54, -8.13],
						"0.1": [8.83, -9.67, -9.95],
						"0.15": [9.04, -8.79, -10.76],
						"0.2": [9.19, -8.97, -9.88],
						"0.25": [9.33, -9.16, -8],
						"0.3": [9.51, -9.29, -2.02],
						"0.35": [9.67, -7.91, -2.22],
						"0.4": [9.37, -6.83, -1.3175],
						"0.45": [9.34, -6.76, -1.1075],
						"0.5": [9.31, -6.68, -0.9075],
						"0.55": [9.28, -6.61, -3.76],
						"0.6": [9.61, -9.24, -3.22],
						"0.65": [9.95, -11.87, -2.68],
						"0.7": [9.08, -13.11, -1.5],
						"0.75": [8.21, -14.36, -0.32],
						"0.8": [7.34, -15.6, 0.86],
						"0.85": [7.32, -15.6, 0.86],
						"0.9": [7.3, -15.6, 0.86],
						"0.95": [7.27, -15.6, 0.85],
						"1.0": [7.25, -15.6, 0.85],
						"1.05": [8.14, -15.61, 0.2],
						"1.1": [9.37, -16.09, -0.03],
						"1.15": [12.03, -19.83, 3.33],
						"1.2": [12.39, -21.77, 5.01],
						"1.25": [12.78, -25.56, 7.07],
						"1.3": [12.89, -26.95, 7.48],
						"1.35": [13, -28.8, 7.95],
						"1.4": [13.12, -30.78, 8.43],
						"1.45": [13.29, -32.6, 8.87],
						"1.5": [13.55, -33.92, 9.25],
						"1.55": [13.92, -34.43, 9.5],
						"1.6": [15.97, -30.05, 9.36],
						"1.65": [18.02, -25.66, 9.23],
						"1.7": [15.85, -24.12, 6],
						"1.75": [13.68, -22.57, 2.77],
						"1.8": [11.51, -21.02, -0.46],
						"1.85": [9.54, -19.06, -0.11],
						"1.9": [7.62, -17.24, 0.25],
						"1.95": [7.41, -17.33, 0.23],
						"2.0": [7.21, -16.86, 0.45],
						"2.05": [7.22, -17.04, 0.65],
						"2.1": [7.23, -16.78, 0.88],
						"2.15": [7.24, -16.75, 0.89],
						"2.2": [7.25, -16.73, 0.9],
						"2.25": [7.21, -15.38, 0.81],
						"2.3": [7.23, -15.49, 0.83],
						"2.35": [7.25, -15.6, 0.85],
						"2.4": [8.3, -14.01, -0.64],
						"2.45": [9.35, -12.41, -2.13],
						"2.5": [9.24, -10.31, -2.97],
						"2.55": [9.13, -8.21, -1.81],
						"2.6": [9.13, -8.11, -1.81],
						"2.65": [9.13, -8.01, -1.81],
						"2.7": [11.57, -11.3, -4.35],
						"2.75": [12.26, -12.68, -5.14],
						"2.8": [12.4, -13.48, -5.83],
						"2.85": [11.58, -12.98, -5.83],
						"2.9": [10.5, -12.08, -5.64],
						"2.95": [9.31, -11, -5.56],
						"3.0": [8.78, -11.14, -5.93],
						"3.05": [8.4, -11.42, -5.32]
					},
					"scale": {
						"0.0": [1, 1.5, 1],
						"3.05": [1, 1.5, 1]
					}
				},
				"Release": {
					"rotation": {
						"0.85": [0, 0, 0],
						"0.95": [-25, 0, 0],
						"1.1": [-25, 0, 0],
						"1.2": [0, 0, 0],
						"2.2": [0, 0, 0],
						"2.25": [-25, 0, 0],
						"2.35": [0, 0, 0]
					}
				},
				"pull": {
					"rotation": {
						"0.25": [0, 0, 0],
						"0.3": [0, 0, 0],
						"0.4": [0, 0, -40],
						"2.65": [0, 0, -40],
						"2.7": [0, 0, 0]
					},
					"position": {
						"0.25": [0, 0, 0],
						"0.3": [0, 0, 6],
						"0.4": [0, 0, 5.96],
						"2.65": [0, 0, 5.96],
						"2.7": [0, 0, 0]
					}
				},
				"handle": {
					"rotation": {
						"0.2": [0, 0, 0],
						"0.25": [0, -90, 0],
						"0.3": [0, -90, 0],
						"0.4": [0, -65, 0],
						"2.65": [0, -65, 0],
						"2.7": [0, 0, 0],
						"2.75": [0, -8, 0],
						"2.8": [0, 0, 0]
					}
				},
				"G3_bolt": {
					"position": {
						"0.25": [0, 0, 0],
						"0.3": [0, 0, 4],
						"2.65": [0, 0, 4],
						"2.7": [0, 0, 0]
					}
				},
				"righthand": {
					"rotation": [96, 0, -180],
					"position": [-6.5, -14, 7.6],
					"scale": [1, 1.5, 1]
				},
				"camera": {
					"rotation": {
						"0.0": [0, 0, 0],
						"0.05": [-0.04, 0, 0],
						"0.1": [0.1, 0.04, 0.04],
						"0.15": [0.56, 0.12, 0.11],
						"0.2": [1.16, 0.23, 0.2],
						"0.25": [1.57, 0.32, 0.34],
						"0.3": [1.25, 0.49, 1.01],
						"0.35": [1.26, 0.52, 0.3],
						"0.4": [1.3, 0.53, -0.47],
						"0.45": [1.31, 0.52, -0.46],
						"0.5": [1.32, 0.5, -0.26],
						"0.55": [1.25, 0.49, -0.16],
						"0.6": [1.07, 0.51, -0.33],
						"0.65": [0.81, 0.55, -0.6],
						"0.7": [0.51, 0.59, -0.84],
						"0.75": [0.15, 0.64, -1.02],
						"0.8": [-0.24, 0.69, -1.17],
						"0.85": [-0.51, 0.72, -1.24],
						"0.9": [-0.64, 0.74, -1.24],
						"0.95": [-0.65, 0.74, -1.16],
						"1.0": [-0.51, 0.72, -0.97],
						"1.05": [0.76, 0.58, 0.29],
						"1.1": [0.56, 0.42, 0.02],
						"1.15": [0.26, 0.29, -0.32],
						"1.2": [0.48, 0.24, 0.04],
						"1.25": [0.78, 0.27, 0.35],
						"1.3": [0.85, 0.31, 0.23],
						"1.35": [0.89, 0.37, -0.02],
						"1.4": [0.91, 0.44, -0.31],
						"1.45": [0.92, 0.5, -0.55],
						"1.5": [0.95, 0.56, -0.76],
						"1.55": [0.97, 0.63, -0.97],
						"1.6": [0.97, 0.68, -1.14],
						"1.65": [0.91, 0.72, -1.22],
						"1.7": [0.85, 0.73, -1.21],
						"1.75": [0.76, 0.74, -1.16],
						"1.8": [0.65, 0.74, -1.1],
						"1.85": [0.54, 0.73, -1.01],
						"1.9": [0.42, 0.73, -0.92],
						"1.95": [0.32, 0.72, -0.84],
						"2.0": [0.23, 0.71, -0.77],
						"2.05": [0.17, 0.71, -0.72],
						"2.1": [0.06, 0.71, -0.73],
						"2.15": [0.04, 0.71, -0.8],
						"2.2": [0.17, 0.71, -0.72],
						"2.25": [1.57, 0.7, 0.65],
						"2.3": [0.91, 0.74, -0.59],
						"2.35": [1.16, 0.66, -0.65],
						"2.4": [1.59, 0.54, -0.58],
						"2.45": [1.83, 0.44, -0.65],
						"2.5": [1.7, 0.39, -0.96],
						"2.55": [1.4, 0.34, -1.42],
						"2.6": [1.11, 0.31, -1.82],
						"2.65": [1.03, 0.28, -1.98],
						"2.7": [2.48, 0.3, -0.4],
						"2.75": [2.23, 0.39, -0.4],
						"2.8": [1.66, 0.45, -0.5],
						"2.85": [1.05, 0.39, -0.05],
						"2.9": [0.48, 0.27, 0.36],
						"2.95": [0.25, 0.18, 0.34],
						"3.0": [0.09, 0.08, 0.18],
						"3.05": [0, 0, 0],
						"3.1": [0.12, -0.02, -0.53],
						"3.15": [0.07, -0.01, -0.01],
						"3.2": [0, 0, 0.5],
						"3.25": [-0.01, 0, 0.31],
						"3.3": [0, 0, 0]
					}
				}
			},
			"sound_effects": {
				"0.0": {
					"effect": "tacz:hk_g3/hk_g3_reload_carrierback"
				},
				"0.65": {
					"effect": "tacz:hk_g3/hk_g3_reload_empty_magout"
				},
				"1.4": {
					"effect": "tacz:hk_g3/hk_g3_reload_empty_magdrop"
				},
				"1.7": {
					"effect": "tacz:hk_g3/hk_g3_reload_empty_smag_grabch"
				},
				"1.9": {
					"effect": "tacz:hk_g3/hk_g3_reload_smag_quick_magwell"
				},
				"1.95": {
					"effect": "tacz:hk_g3/hk_g3_reload_empty_smag_magin"
				},
				"2.3": {
					"effect": "tacz:hk_g3/hk_g3_reload_carrierrelease"
				},
				"2.9": {
					"effect": "tacz:hk_g3/hk_g3_reload_shoulder"
				}
			}
		},
		"draw": {
			"animation_length": 0.5667,
			"bones": {
				"root": {
					"rotation": {
						"0.0": [0.81, -32.64, 33.95],
						"0.0333": [0.27, -29.86, 31.4],
						"0.0667": [-0.53, -25.86, 27.73],
						"0.1": [-1.28, -21.36, 23.7],
						"0.1333": [-1.65, -17.06, 20.1],
						"0.1667": [-1.32, -11.13, 16.11],
						"0.2": [-0.51, -5.15, 12.42],
						"0.2333": [0.1, -0.92, 8.88],
						"0.2667": [0.23, 0.25, 6.05],
						"0.3": [0.22, 0.18, 3.17],
						"0.3333": [0.16, -0.37, 0.67],
						"0.3667": [0.11, -0.62, -0.98],
						"0.4": [0.07, -0.33, -1.34],
						"0.4333": [0.03, 0.03, -0.45],
						"0.4667": [-0.01, 0.27, 0.27],
						"0.5": [-0.02, 0.25, 0.28],
						"0.5333": [-0.01, 0.11, 0.12],
						"0.5667": [0, 0, 0]
					},
					"position": {
						"0.0": [-3.18, -5.58, 24],
						"0.0333": [-2.73, -4.98, 20.08],
						"0.0667": [-2.08, -4.11, 14.36],
						"0.1": [-1.41, -3.19, 8.51],
						"0.1333": [-0.9, -2.45, 4.15],
						"0.1667": [-0.45, -1.53, 0.59],
						"0.2": [-0.25, -0.94, -0.49],
						"0.2333": [-0.14, -0.69, -0.86],
						"0.2667": [-0.07, -0.55, -0.72],
						"0.3": [-0.03, -0.45, -0.5],
						"0.3333": [-0.02, -0.36, -0.16],
						"0.3667": [-0.03, -0.3, 0.16],
						"0.4": [-0.02, -0.21, 0.14],
						"0.4333": [-0.02, -0.12, 0.02],
						"0.4667": [-0.01, -0.05, -0.06],
						"0.5": [0, -0.01, -0.04],
						"0.5333": [0, 0, 0]
					}
				},
				"lefthand": {
					"rotation": [109.31225, -21.8344, -155.94098],
					"position": [8.4, -11.42, -5.32],
					"scale": [1, 1.5, 1]
				},
				"righthand": {
					"rotation": {
						"0.0667": [125.83218, -9.9242, -160.40804],
						"0.1667": {
							"pre": [110.28125, 11.81504, -177.88617],
							"post": [110.28125, 11.81504, -177.88617],
							"lerp_mode": "catmullrom"
						},
						"0.2667": [96, 0, -180]
					},
					"position": {
						"0.0667": [-14, -15.4, 11.5],
						"0.1667": {
							"pre": [-10.4375, -13.75, 8.875],
							"post": [-10.4375, -13.75, 8.875],
							"lerp_mode": "catmullrom"
						},
						"0.2667": [-6.5, -14, 7.6]
					},
					"scale": {
						"0.0": [1, 1.5, 1],
						"0.2667": [1, 1.5, 1]
					}
				},
				"camera": {
					"rotation": {
						"0.0": [0, 0, 0],
						"0.0333": [0.01, 0.02, 0.04],
						"0.0667": [0.11, 0.06, 0.13],
						"0.1": [0.3, 0.11, 0.26],
						"0.1333": [0.55, 0.17, 0.43],
						"0.1667": [0.76, 0.22, 0.53],
						"0.2": [0.97, 0.22, 0.49],
						"0.2333": [1.02, 0.19, 0.35],
						"0.2667": [0.89, 0.13, 0.16],
						"0.3": [0.67, 0.06, -0.05],
						"0.3333": [0.48, 0, -0.17],
						"0.3667": [0.17, -0.01, 0.19],
						"0.4": [-0.17, -0.01, 0.09],
						"0.4333": [-0.15, -0.01, 0.04],
						"0.4667": [-0.06, 0, -0.02],
						"0.5": [0, 0, -0.05],
						"0.5333": [0.01, 0, -0.03],
						"0.5667": [0, 0, 0]
					}
				}
			},
			"sound_effects": {
				"0.0": {
					"effect": "p02_sm_mpapa5_raise"
				}
			}
		},
		"put_away": {
			"animation_length": 0.55,
			"bones": {
				"root": {
					"rotation": {
						"0.0": [0, 0, 0],
						"0.05": [-0.51, -3.68, -4.19],
						"0.1": [1.37, -7.36, -7.72],
						"0.15": [4.37, -11.73, -10.29],
						"0.2": [7.66, -16.06, -8.62],
						"0.25": [12.75, -20.93, -6.81],
						"0.3": [18.43, -24.82, -7.9],
						"0.35": [25.32, -29.07, -9.94],
						"0.4": [32.04, -33.29, -11.85],
						"0.45": [42.13, -40.17, -14.09],
						"0.5": [49.81, -45.5, -15.7]
					},
					"position": {
						"0.0": [0, 0, 0],
						"0.05": [-0.45, -0.49, 0.28],
						"0.1": [-0.6, -0.94, 0.35],
						"0.15": [-0.67, -1.47, 0.34],
						"0.2": [-0.65, -1.89, 0.23],
						"0.25": [-0.43, -2.62, 0.06],
						"0.3": [-0.13, -4.425, -0.08],
						"0.35": [0.29, -6.605, -0.23],
						"0.4": [0.92, -10.12, -0.33],
						"0.45": [1.97, -12.97, -0.37],
						"0.5": [3.23, -16.02, -0.36],
						"0.55": [4.13, -16.47, -0.35]
					}
				},
				"lefthand": {
					"rotation": {
						"0.0": [109.31225, -21.8344, -155.94098],
						"0.2": [140.83475, -19.80652, -213.55111]
					},
					"position": {
						"0.0": [8.4, -11.42, -5.32],
						"0.2": [8.4, -8.37, -2.795]
					},
					"scale": [1, 1.5, 1]
				},
				"righthand": {
					"rotation": [96, 0, -180],
					"position": [-6.5, -14, 7.6],
					"scale": [1, 1.5, 1]
				},
				"camera": {
					"rotation": {
						"0.0": [0, 0, 0],
						"0.05": [0.08, 0, -0.05],
						"0.1": [0.19, 0, -0.12],
						"0.15": [0.3, 0, -0.12],
						"0.2": [0.5, 0, 0.09],
						"0.25": [0.64, 0, 0.3],
						"0.3": [0.62, 0, 0.26],
						"0.35": [0.5, 0, 0.15],
						"0.4": [0.34, 0, 0.09],
						"0.45": [0.14, 0, 0.04],
						"0.5": [0, 0, 0]
					}
				}
			},
			"sound_effects": {
				"0.0": {
					"effect": "vm_p02_ar_golf3_ubgl_drop_mvt"
				}
			}
		},
		"inspect": {
			"animation_length": 6.75,
			"bones": {
				"root": {
					"rotation": {
						"0.0": [0, 0, 0],
						"0.05": [0.24, -1.02, -1.34],
						"0.1": [0.82, -5.68, -5.61],
						"0.15": [1.4, -11.87, -10.65],
						"0.2": [2.15, -20.27, -17.38],
						"0.25": [2.9, -28.67, -24.09],
						"0.3": [3.47, -34.88, -29.08],
						"0.35": [3.79, -38.09, -31.74],
						"0.4": [3.96, -39.56, -33.03],
						"0.45": [4.07, -40.13, -33.62],
						"0.5": [4.19, -40.66, -34.16],
						"0.55": [4.3, -41.06, -34.56],
						"0.6": [4.4, -41.25, -34.79],
						"0.65": [4.5, -41.3, -34.91],
						"0.7": [4.59, -41.27, -34.96],
						"0.75": [4.68, -41.24, -34.99],
						"0.8": [4.76, -41.27, -35.03],
						"0.85": [4.79, -41.32, -35.06],
						"0.9": [4.8, -41.36, -35.08],
						"0.95": [4.79, -41.39, -35.09],
						"1.0": [4.78, -41.42, -35.08],
						"1.05": [4.77, -41.44, -35.07],
						"1.1": [4.77, -41.48, -35.05],
						"1.15": [4.79, -41.53, -35.04],
						"1.2": [4.85, -41.59, -35.02],
						"1.25": [4.93, -41.68, -35.01],
						"1.3": [5.07, -41.79, -35.01],
						"1.35": [5.55, -42.19, -35.02],
						"1.4": [7.92, -43.85, -35.1],
						"1.45": [10.36, -45.52, -35.18],
						"1.5": [13.68, -47.74, -35.3],
						"1.55": [17.31, -50.2, -35.42],
						"1.6": [20.68, -52.56, -35.54],
						"1.65": [23.21, -54.47, -35.64],
						"1.7": [25.5, -56.86, -35.76],
						"1.75": [26.54, -58.65, -35.85],
						"1.8": [27.17, -59.67, -35.94],
						"1.85": [27.4, -59.81, -35.98],
						"1.9": [27.62, -59.84, -36.04],
						"1.95": [27.8, -59.76, -36.11],
						"2.0": [27.94, -59.6, -36.18],
						"2.05": [28.02, -59.37, -36.23],
						"2.1": [28.03, -59.08, -36.28],
						"2.15": [27.96, -58.75, -36.3],
						"2.2": [27.79, -58.37, -36.29],
						"2.25": [27.52, -57.98, -36.24],
						"2.3": [26.36, -56.92, -36.06],
						"2.35": [21.18, -52.47, -34.68],
						"2.4": [17.05, -48.73, -33.47],
						"2.45": [11.49, -43.67, -31.82],
						"2.5": [5.22, -37.96, -29.95],
						"2.55": [-1.04, -32.27, -28.1],
						"2.6": [-6.55, -27.29, -26.52],
						"2.65": [-10.61, -23.69, -25.42],
						"2.7": [-13.88, -20.97, -24.84],
						"2.75": [-15.13, -20.19, -25.03],
						"2.8": [-15.44, -20.27, -25.42],
						"2.85": [-15.89, -20.17, -25.42],
						"2.9": [-17.52, -19.21, -22.31],
						"2.95": [-17.45, -19.77, -23.37],
						"3.0": [-17.3, -20.48, -24.65],
						"3.05": [-17.78, -20.64, -24.13],
						"3.1": [-18.28, -20.66, -23.32],
						"3.15": [-18.3, -20.67, -23.3],
						"3.2": [-18.31, -20.67, -23.28],
						"3.25": [-18.32, -20.68, -23.28],
						"3.3": [-18.33, -20.69, -23.29],
						"3.35": [-18.32, -20.7, -23.31],
						"3.4": [-18.32, -20.71, -23.33],
						"3.45": [-18.31, -20.71, -23.35],
						"3.5": [-18.29, -20.72, -23.38],
						"3.55": [-18.28, -20.73, -23.41],
						"3.6": [-18.27, -20.73, -23.44],
						"3.65": [-18.25, -20.73, -23.47],
						"3.7": [-18.24, -20.74, -23.49],
						"3.75": [-18.23, -20.74, -23.51],
						"3.8": [-18.22, -20.74, -23.52],
						"3.85": [-18.22, -20.73, -23.52],
						"3.9": [-18.22, -20.73, -23.51],
						"3.95": [-18.23, -20.72, -23.49],
						"4.0": [-18.64, -20.35, -22.31],
						"4.05": [-18.42, -20.55, -22.94],
						"4.1": [-18.28, -20.66, -23.32],
						"4.15": [-19.41, -19.61, -20.04],
						"4.2": [-18.49, -20.84, -22.75],
						"4.25": [-17.61, -21.95, -24.87],
						"4.3": [-17.6, -22.53, -24.67],
						"4.35": [-17.94, -22.63, -23.05],
						"4.4": [-19.07, -19.94, -16.85],
						"4.45": [-20.86, -14.6, -6.71],
						"4.5": [-23.3, -7.09, 7.13],
						"4.55": [-25.75, 0.79, 21.28],
						"4.6": [-27.57, 7.21, 32.33],
						"4.65": [-28.56, 11.85, 39.32],
						"4.7": [-29.06, 15.64, 44.09],
						"4.75": [-29.26, 18.59, 47.41],
						"4.8": [-29.35, 20.73, 50.04],
						"4.85": [-29.24, 21.76, 51.8],
						"4.9": [-28.88, 21.77, 52.4],
						"4.95": [-28.48, 21.38, 52.49],
						"5.0": [-28.24, 21.21, 52.72],
						"5.05": [-28.62, 21.91, 54.12],
						"5.1": [-28.54, 21.37, 53.66],
						"5.15": [-28.44, 20.9, 53.16],
						"5.2": [-28.45, 21.06, 53.3],
						"5.25": [-28.48, 21.41, 53.61],
						"5.3": [-28.54, 21.81, 53.97],
						"5.35": [-28.62, 22.1, 54.25],
						"5.4": [-28.69, 22.26, 54.47],
						"5.45": [-28.77, 22.41, 54.72],
						"5.5": [-28.86, 22.52, 54.92],
						"5.55": [-28.98, 22.53, 54.98],
						"5.6": [-29.11, 22.39, 54.81],
						"5.65": [-30.09, 19.85, 51.15],
						"5.7": [-27.97, 21.77, 55.25],
						"5.75": [-27.03, 21.48, 55.01],
						"5.8": [-26.29, 21.92, 56.1],
						"5.85": [-24.71, 19.53, 52.25],
						"5.9": [-22.91, 12.6, 40.71],
						"5.95": [-20.53, 3.34, 25.05],
						"6.0": [-17.09, -3.39, 12.43],
						"6.05": [-11.49, -5.25, 5.8],
						"6.1": [-4.84, -4.57, 2.21],
						"6.15": [0, -3.47, 0],
						"6.2": [1.52, -2.39, -0.98],
						"6.25": [1.24, -0.88, -0.57],
						"6.3": [0.86, 0.2, 0],
						"6.35": [0.86, 0, 1.5],
						"6.4": [0.43, -0.13, 0.59],
						"6.45": [0, -0.2, -0.46],
						"6.5": [-0.06, -0.12, -0.47],
						"6.55": [-0.03, 0.01, -0.21],
						"6.6": [0, 0.1, 0],
						"6.65": [0, 0.09, 0.03],
						"6.7": [0, 0.04, 0.02],
						"6.75": [0, 0, 0]
					},
					"position": {
						"0.0": [0, 0, 0],
						"0.05": [-0.08, -0.32, 0.04],
						"0.1": [-0.18, -0.73, 0.09],
						"0.15": [-0.11, -0.82, 0.15],
						"0.2": [0.14, -0.46, 0.21],
						"0.25": [0.53, 0.16, 0.28],
						"0.3": [0.94, 0.81, 0.35],
						"0.35": [1.23, 1.27, 0.4],
						"0.4": [1.39, 1.52, 0.43],
						"0.45": [1.43, 1.58, 0.43],
						"0.5": [1.44, 1.59, 0.43],
						"0.55": [1.43, 1.61, 0.43],
						"0.6": [1.4, 1.59, 0.43],
						"0.65": [1.36, 1.57, 0.43],
						"0.7": [1.33, 1.58, 0.43],
						"0.75": [1.3, 1.59, 0.43],
						"0.8": [1.28, 1.62, 0.43],
						"0.85": [1.26, 1.66, 0.43],
						"0.9": [1.24, 1.69, 0.43],
						"0.95": [1.22, 1.72, 0.43],
						"1.0": [1.21, 1.74, 0.43],
						"1.05": [1.2, 1.75, 0.43],
						"1.1": [1.2, 1.75, 0.43],
						"1.15": [1.19, 1.75, 0.43],
						"1.2": [1.19, 1.75, 0.43],
						"1.25": [1.19, 1.75, 0.43],
						"1.3": [1.2, 1.75, 0.43],
						"1.35": [1.23, 1.75, 0.43],
						"1.4": [1.31, 1.72, 0.43],
						"1.45": [1.42, 1.69, 0.43],
						"1.5": [1.56, 1.77, 0.43],
						"1.55": [1.68, 1.98, 0.43],
						"1.6": [1.83, 2.27, 0.43],
						"1.65": [1.97, 2.57, 0.43],
						"1.7": [2.07, 2.8, 0.43],
						"1.75": [2.13, 2.92, 0.42],
						"1.8": [2.15, 2.99, 0.42],
						"1.85": [2.16, 3.02, 0.41],
						"1.9": [2.17, 3.04, 0.4],
						"1.95": [2.18, 3.05, 0.4],
						"2.0": [2.19, 3.05, 0.39],
						"2.05": [2.2, 3.04, 0.39],
						"2.1": [2.2, 3.01, 0.39],
						"2.15": [2.19, 2.97, 0.39],
						"2.2": [2.2, 2.9, 0.38],
						"2.25": [2.19, 2.79, 0.38],
						"2.3": [2.05, 2.5, 0.43],
						"2.35": [1.78, 2.05, 0.51],
						"2.4": [1.42, 1.45, 0.63],
						"2.45": [1.04, 0.86, 0.76],
						"2.5": [0.72, 0.45, 0.88],
						"2.55": [0.4, 0.29, 1.05],
						"2.6": [0.15, 0.36, 1.21],
						"2.65": [-0.03, 0.4, 1.33],
						"2.7": [-0.1, 0.35, 1.36],
						"2.75": [-0.12, 0.29, 1.36],
						"2.8": [-0.12, 0.22, 1.34],
						"2.85": [-0.1, 0.13, 1.33],
						"2.9": [0.05, -0.41, 1.33],
						"2.95": [0.14, -0.53, 1.33],
						"3.0": [0.11, -0.35, 1.33],
						"3.05": [0.04, -0.1, 1.33],
						"3.1": [-0.03, 0.02, 1.33],
						"3.15": [-0.11, 0.14, 1.33],
						"3.2": [-0.18, 0.22, 1.33],
						"3.25": [-0.22, 0.23, 1.33],
						"3.3": [-0.26, 0.23, 1.33],
						"3.35": [-0.29, 0.21, 1.33],
						"3.4": [-0.32, 0.2, 1.33],
						"3.45": [-0.35, 0.18, 1.33],
						"3.5": [-0.37, 0.17, 1.33],
						"3.55": [-0.38, 0.16, 1.33],
						"3.6": [-0.38, 0.16, 1.33],
						"3.65": [-0.38, 0.15, 1.33],
						"3.7": [-0.37, 0.15, 1.33],
						"3.75": [-0.37, 0.14, 1.33],
						"3.8": [-0.36, 0.14, 1.33],
						"3.85": [-0.36, 0.14, 1.33],
						"3.9": [-0.36, 0.15, 1.33],
						"3.95": [-0.37, 0.18, 1.33],
						"4.0": [-0.42, 0.3, 1.33],
						"4.05": [-0.4, 0.28, 1.33],
						"4.1": [-0.36, 0.2, 1.33],
						"4.15": [-0.21, -0.3, 1.33],
						"4.2": [-0.21, -0.34, 1.33],
						"4.25": [-0.26, -0.4, 1.33],
						"4.3": [-0.31, -0.57, 1.33],
						"4.35": [-0.37, -0.82, 1.32],
						"4.4": [-0.46, -1.2, 1.33],
						"4.45": [-0.67, -2.22, 1.37],
						"4.5": [-0.92, -3.19, 1.44],
						"4.55": [-1.11, -3.5, 1.5],
						"4.6": [-1.3, -3.62, 1.58],
						"4.65": [-1.45, -3.57, 1.65],
						"4.7": [-1.52, -3.23, 1.73],
						"4.75": [-1.55, -2.72, 1.8],
						"4.8": [-1.56, -2.33, 1.86],
						"4.85": [-1.57, -2.2, 1.87],
						"4.9": [-1.57, -2.15, 1.87],
						"4.95": [-1.56, -2.15, 1.86],
						"5.0": [-1.56, -2.17, 1.86],
						"5.05": [-1.56, -2.33, 1.86],
						"5.1": [-1.56, -2.5, 1.86],
						"5.15": [-1.56, -2.54, 1.86],
						"5.2": [-1.56, -2.54, 1.86],
						"5.25": [-1.56, -2.53, 1.86],
						"5.3": [-1.56, -2.49, 1.86],
						"5.35": [-1.56, -2.46, 1.86],
						"5.4": [-1.56, -2.41, 1.86],
						"5.45": [-1.56, -2.38, 1.86],
						"5.5": [-1.56, -2.38, 1.87],
						"5.55": [-1.56, -2.39, 1.87],
						"5.6": [-1.56, -2.35, 1.86],
						"5.65": [-1.56, -1.94, 1.69],
						"5.7": [-1.56, -2.05, 1.69],
						"5.75": [-1.56, -2.27, 1.69],
						"5.8": [-1.62, -2.48, 1.55],
						"5.85": [-1.56, -2.75, 1.36],
						"5.9": [-1.3, -3.08, 1.27],
						"5.95": [-0.92, -3.45, 1.16],
						"6.0": [-0.58, -3.51, 0.93],
						"6.05": [-0.28, -3.01, 0.4],
						"6.1": [-0.02, -2.22, -0.25],
						"6.15": [0.15, -1.54, -0.62],
						"6.2": [0.1, -0.96, -0.25],
						"6.25": [-0.05, -0.6, 0.34],
						"6.3": [-0.06, -0.32, 0.48],
						"6.35": [-0.06, -0.22, 0.15],
						"6.4": [-0.05, -0.15, -0.16],
						"6.45": [-0.03, -0.11, -0.14],
						"6.5": [-0.01, -0.08, -0.03],
						"6.55": [0, -0.05, 0.05],
						"6.6": [0, -0.03, 0.05],
						"6.65": [0, -0.02, 0.04],
						"6.7": [0, -0.01, 0.02],
						"6.75": [0, 0, 0]
					}
				},
				"mag_and_l": {
					"rotation": {
						"2.85": [0, 0, 0],
						"2.9": [-9, -0.08, -0.49],
						"2.95": [-14, -0.51, -1.4],
						"3.0": [-18.99, -0.65, -1.89],
						"3.05": [-23.85, 0.34, -1.01],
						"3.1": [-27.82, 1.58, 1.01],
						"3.15": [-29.3, 2.23, 3.34],
						"3.2": [-30.11, 2.78, 6.2],
						"3.25": [-30.7, 3.01, 8.62],
						"3.3": [-31.07, 2.78, 9.92],
						"3.35": [-31.29, 2.28, 10.97],
						"3.4": [-31.44, 1.75, 11.79],
						"3.45": [-31.6, 1.4, 12.39],
						"3.5": [-31.82, 1.32, 12.79],
						"3.55": [-32.06, 1.39, 12.98],
						"3.6": [-32.22, 1.49, 12.92],
						"3.65": [-32.22, 1.53, 12.6],
						"3.7": [-32.56, 1.66, 11.66],
						"3.75": [-30.7, 1.18, 8.62],
						"3.8": [-21.98, -1.44, -0.36],
						"3.85": [-13.63, -3.58, -7.92],
						"3.9": [-13.25, -2.13, -5.24],
						"3.95": [-15, -0.08, -0.49],
						"4.0": [-15, -0.08, -0.49],
						"4.05": [-15, -0.08, -0.49],
						"4.1": [-15, -0.08, -0.49],
						"4.15": [0, 0, 0]
					},
					"position": {
						"2.85": [0, 0, 0],
						"2.9": [0, -1.8, -0.5],
						"2.95": [0.08, -3.58, -0.96],
						"3.0": [0.5, -4.85, -1.2],
						"3.05": [0.95, -4.69, -1.06],
						"3.1": [1.56, -4.2, -0.79],
						"3.15": [2.23, -3.55, -0.47],
						"3.2": [2.84, -2.93, -0.16],
						"3.25": [3.28, -2.53, 0.05],
						"3.3": [3.55, -2.35, 0.18],
						"3.35": [3.64, -2.35, 0.24],
						"3.4": [3.64, -2.43, 0.25],
						"3.45": [3.65, -2.51, 0.26],
						"3.5": [3.69, -2.63, 0.27],
						"3.55": [3.69, -2.81, 0.25],
						"3.6": [3.67, -2.97, 0.22],
						"3.65": [3.69, -3.1, 0.15],
						"3.7": [3.5, -3.32, 0.05],
						"3.75": [2.8, -4.1, -0.06],
						"3.8": [1.89, -4.44, -0.22],
						"3.85": [1.21, -3.6, -0.41],
						"3.9": [0.5, -2.27, -0.64],
						"3.95": [0, -1.3, -0.8],
						"4.0": [0, -1.3, -0.8],
						"4.05": [0, -1.15, -0.71],
						"4.1": [0, -1.15, -0.71],
						"4.15": [0, 0, 0]
					}
				},
				"bullet": {
					"scale": {
						"6.55": {
							"pre": [0, 0, 0],
							"post": [1, 1, 1]
						}
					}
				},
				"lefthand": {
					"rotation": {
						"0.0": [109.31225, -21.8344, -155.94098],
						"0.15": [89.23084, -40.95936, -127.81612],
						"0.35": [115.67625, -57.75281, -143.46599],
						"1.1": [115.68, -57.75, -143.47],
						"2.4": [115.67625, -57.75281, -143.46599],
						"2.55": [118.07758, -8.24023, -202.4234],
						"2.65": [106.97926, -5.36797, -189.23014],
						"2.85": [106.97926, -5.36797, -189.23014],
						"3.05": [106.97926, -5.36797, -189.23014],
						"4.45": [106.98, -5.37, -189.23],
						"4.5": [108.49, 0.09, -202.02],
						"4.55": [110.18, 5.12, -216.95],
						"4.6": [111.63, 1.71, -234.1],
						"4.65": [113.13, 2.84, -248.86],
						"4.7": [115, 4.86, -266.77],
						"4.75": [116.34, 6.37, -279.62],
						"4.8": [116.34, 6.37, -279.62],
						"4.85": [113.02, 6.98, -278.34],
						"4.9": [109.69, 7.59, -277.05],
						"4.95": [109.69, 7.59, -277.05],
						"5.0": [109.69, 7.59, -277.05],
						"5.05": [111.17, 8.06, -274.35],
						"5.1": [112.65, 8.54, -271.65],
						"5.15": [112.74, 8.56, -271.39],
						"5.2": [112.73, 8.53, -271.18],
						"5.25": [112.65, 8.46, -271.01],
						"5.3": [112.54, 8.38, -270.89],
						"5.35": [112.42, 8.3, -270.83],
						"5.4": [112.31, 8.24, -270.84],
						"5.45": [112.25, 8.21, -270.91],
						"5.5": [112.27, 8.25, -271.07],
						"5.55": [112.39, 8.35, -271.31],
						"5.6": [112.65, 8.54, -271.65],
						"5.65": [119.28, 13.41, -279.33],
						"5.7": [119.84, 14.87, -282.8],
						"5.75": [119.17, 12.53, -279.83],
						"5.8": [117.96, 0.29, -262.91],
						"5.85": [115.93, -12.95, -235.92],
						"5.9": [113.73, -17.47, -208.97],
						"5.95": [111.15, -20.15, -178.01],
						"6.0": [109.31225, -21.8344, -155.94098]
					},
					"position": {
						"0.0": [8.4, -11.42, -6.32],
						"0.05": [8.17, -12.12, -5.19],
						"0.15": [7.7, -11.42, -2.92],
						"0.35": [7.19, -11.42, -3.57],
						"1.1": [7.19, -11.42, -3.57],
						"2.4": [7.19, -11.42, -3.57],
						"2.55": [8.54, -14.94, -2.06],
						"2.65": [7.8, -14.62, 0.78],
						"2.85": [7.8, -14.62, 0.78],
						"3.05": [7.3, -14.62, 0.38],
						"4.45": [7.3, -14.62, 0.38],
						"4.5": [9.73, -12.83, -2.01],
						"4.55": [10.7, -10.92, -4.17],
						"4.6": [10.16, -9.56, -6.08],
						"4.65": [9.63, -8.79, -7.9],
						"4.7": [8.97, -7.93, -10.12],
						"4.75": [8.5, -7.32, -11.72],
						"4.8": [8.5, -7.32, -11.72],
						"4.85": [8.9, -7.32, -10.97],
						"4.9": [9.3, -7.32, -10.22],
						"4.95": [9.3, -7.32, -10.22],
						"5.0": [9.3, -7.32, -10.22],
						"5.05": [9.32, -7.32, -9.2],
						"5.1": [9.35, -7.32, -8.17],
						"5.15": [9.35, -7.32, -8.23],
						"5.2": [9.35, -7.32, -8.29],
						"5.25": [9.35, -7.32, -8.35],
						"5.3": [9.34, -7.32, -8.35],
						"5.35": [9.3, -7.31, -8.35],
						"5.4": [9.27, -7.29, -8.35],
						"5.45": [9.24, -7.29, -8.34],
						"5.5": [9.23, -7.28, -8.34],
						"5.55": [9.27, -7.29, -8.34],
						"5.6": [9.35, -7.32, -8.35],
						"5.65": [10.94, -7.82, -8.48],
						"5.7": [11.59, -7.65, -8.42],
						"5.75": [11.64, -7.87, -8.13],
						"5.8": [11.2, -8.42, -7.83],
						"5.85": [10.48, -9.21, -7.42],
						"5.9": [9.65, -10.09, -6.98],
						"5.95": [8.9, -10.88, -6.59],
						"6.0": [8.4, -11.42, -5.32]
					},
					"scale": {
						"0.0": [1, 1.5, 1],
						"6.0": [1, 1.5, 1]
					}
				},
				"G3_default_body": {
					"rotation": {
						"2.9": [0, 0, 0],
						"2.95": [0, 0.52, 2.79],
						"3.0": [-0.05, 1.28, -0.47],
						"3.05": [-0.04, 1.74, 0.05],
						"3.1": [-0.03, 2.34, 1.19],
						"3.15": [-0.01, 2.9, 2.39],
						"3.2": [0, 3.25, 3.13],
						"3.25": [0, 3.32, 3.17],
						"3.3": [-0.01, 3.21, 2.84],
						"3.35": [-0.02, 3.01, 2.38],
						"3.4": [-0.02, 2.81, 2.05],
						"3.45": [0.01, 2.64, 1.96],
						"3.5": [0.06, 2.45, 1.96],
						"3.55": [0.1, 2.23, 1.91],
						"3.6": [0.12, 2, 1.69],
						"3.65": [0.11, 1.74, 1.14],
						"3.7": [0.09, 1.47, 0.38],
						"3.75": [0.05, 1.19, -0.34],
						"3.8": [0.03, 0.92, -0.78],
						"3.85": [0.01, 0.57, -0.73],
						"3.9": [0, 0.23, -0.32],
						"3.95": [0, 0, 0]
					},
					"position": {
						"2.9": [0, 0, 0],
						"2.95": [-0.03, -0.13, 0.03],
						"3.0": [-0.07, -0.11, 0.08],
						"3.05": [-0.12, -0.07, 0.13],
						"3.1": [-0.17, -0.05, 0.18],
						"3.15": [-0.21, -0.08, 0.22],
						"3.2": [-0.22, -0.12, 0.24],
						"3.25": [-0.23, -0.17, 0.25],
						"3.3": [-0.23, -0.24, 0.26],
						"3.35": [-0.24, -0.3, 0.27],
						"3.4": [-0.24, -0.33, 0.27],
						"3.45": [-0.24, -0.35, 0.27],
						"3.5": [-0.24, -0.35, 0.27],
						"3.55": [-0.23, -0.35, 0.26],
						"3.6": [-0.22, -0.33, 0.25],
						"3.65": [-0.2, -0.3, 0.23],
						"3.7": [-0.17, -0.23, 0.19],
						"3.75": [-0.13, -0.13, 0.15],
						"3.8": [-0.09, -0.03, 0.11],
						"3.85": [-0.06, 0.04, 0.07],
						"3.9": [-0.02, 0.04, 0.03],
						"3.95": [0, 0, 0]
					}
				},
				"Release": {
					"rotation": {
						"2.7": [0, 0, 0],
						"2.8": [-25, 0, 0],
						"2.95": [-25, 0, 0],
						"3.05": [0, 0, 0],
						"4.1": [0, 0, 0],
						"4.15": [-25, 0, 0],
						"4.2": [-25, 0, 0],
						"4.3": [0, 0, 0]
					}
				},
				"pull": {
					"position": {
						"5.0": [0, 0, 0],
						"5.1": [0, 0, 1.75],
						"5.25": [0, 0, 1.625],
						"5.6": [0, 0, 1.625],
						"5.65": [0, 0, 0]
					}
				},
				"handle": {
					"rotation": {
						"4.8": [0, 0, 0],
						"4.9": [0, -65, 0],
						"5.65": [0, -65, 0],
						"5.7": [0, 0, 0],
						"5.75": [0, -5, 0],
						"5.8": [0, 0, 0],
						"5.85": [0, -3, 0],
						"5.9": [0, 0, 0]
					}
				},
				"G3_bolt": {
					"position": {
						"5.0": [0, 0, 0],
						"5.1": [0, 0, 1.75],
						"5.25": [0, 0, 1.65],
						"5.6": [0, 0, 1.65],
						"5.65": [0, 0, 0]
					}
				},
				"bullet_in_barrel": {
					"position": {
						"5.0": {
							"pre": [0, 0, 0],
							"post": [0, 0.3, 0]
						},
						"5.65": {
							"pre": [0, 0.3, 0],
							"post": [0, 0, 0]
						}
					}
				},
				"righthand": {
					"rotation": [96, 0, -180],
					"position": {
						"0.0": [-6.5, -14, 7.6],
						"0.1": [-6.5, -14, 7.6],
						"0.25": [-8, -14, 7.6],
						"4.45": [-8, -14, 7.6],
						"4.6": [-6.5, -14, 7.6]
					},
					"scale": [1, 1.5, 1]
				},
				"camera": {
					"rotation": {
						"0.0": [0, 0, 0],
						"0.05": [-0.01, 0.11, -0.09],
						"0.1": [0.01, 0.23, -0.21],
						"0.15": [0.26, 0, -0.34],
						"0.2": [0.76, -0.64, -0.42],
						"0.25": [1.45, -1.57, -0.51],
						"0.3": [2.14, -2.49, -0.6],
						"0.35": [2.59, -3.07, -0.69],
						"0.4": [2.68, -3.19, -0.73],
						"0.45": [2.7, -3.23, -0.78],
						"0.5": [2.67, -3.21, -0.83],
						"0.55": [2.6, -3.13, -0.89],
						"0.6": [2.52, -3.02, -0.93],
						"0.65": [2.45, -2.87, -0.97],
						"0.7": [2.39, -2.71, -1],
						"0.75": [2.38, -2.55, -1.02],
						"0.8": [2.41, -2.29, -1.03],
						"0.85": [2.48, -1.96, -1.02],
						"0.9": [2.57, -1.59, -1],
						"0.95": [2.65, -1.2, -0.97],
						"1.0": [2.72, -0.82, -0.94],
						"1.05": [2.76, -0.47, -0.91],
						"1.1": [2.73, -0.2, -0.9],
						"1.15": [2.65, 0.01, -0.9],
						"1.2": [2.56, 0.22, -0.89],
						"1.25": [2.48, 0.45, -0.88],
						"1.3": [2.46, 0.77, -0.85],
						"1.35": [2.54, 1.21, -0.8],
						"1.4": [2.69, 1.73, -0.73],
						"1.45": [2.93, 2.38, -0.64],
						"1.5": [3.22, 3.1, -0.53],
						"1.55": [3.53, 3.85, -0.41],
						"1.6": [3.83, 4.57, -0.3],
						"1.65": [4.11, 5.22, -0.2],
						"1.7": [4.32, 5.74, -0.11],
						"1.75": [4.47, 6.14, -0.04],
						"1.8": [4.6, 6.47, 0.02],
						"1.85": [4.71, 6.74, 0.08],
						"1.9": [4.79, 6.96, 0.13],
						"1.95": [4.86, 7.13, 0.17],
						"2.0": [4.91, 7.28, 0.2],
						"2.05": [4.96, 7.41, 0.23],
						"2.1": [5.05, 7.59, 0.25],
						"2.15": [5.17, 7.8, 0.27],
						"2.2": [5.27, 7.95, 0.28],
						"2.25": [5.3, 8, 0.26],
						"2.3": [5.22, 7.87, 0.21],
						"2.35": [4.96, 7.5, 0.11],
						"2.4": [4.3, 6.56, -0.1],
						"2.45": [3.33, 5.17, -0.4],
						"2.5": [2.26, 3.63, -0.73],
						"2.55": [1.3, 2.21, -1.03],
						"2.6": [0.66, 1.2, -1.25],
						"2.65": [0.42, 0.75, -1.34],
						"2.7": [0.33, 0.53, -1.35],
						"2.75": [0.38, 0.47, -1.34],
						"2.8": [0.51, 0.48, -1.33],
						"2.85": [0.71, 0.49, -1.36],
						"2.9": [0.92, 0.43, -1.47],
						"2.95": [2.02, 0.06, -2.5],
						"3.0": [3.21, -0.28, -3.19],
						"3.05": [3.6, -0.48, -2.51],
						"3.1": [3.83, -0.66, -1.37],
						"3.15": [4.16, -0.82, -0.69],
						"3.2": [4.56, -0.94, -0.86],
						"3.25": [5.05, -1.05, -1.4],
						"3.3": [5.51, -1.13, -1.97],
						"3.35": [5.86, -1.14, -2.27],
						"3.4": [5.99, -1.12, -2.26],
						"3.45": [6.11, -1.09, -2.16],
						"3.5": [6.23, -1.05, -2.01],
						"3.55": [6.31, -0.99, -1.82],
						"3.6": [6.36, -0.92, -1.62],
						"3.65": [6.36, -0.83, -1.42],
						"3.7": [6.3, -0.73, -1.25],
						"3.75": [6.16, -0.6, -1.14],
						"3.8": [5.71, -0.32, -1.03],
						"3.85": [5.03, 0.05, -0.97],
						"3.9": [4.26, 0.44, -0.94],
						"3.95": [3.54, 0.8, -0.93],
						"4.0": [3.01, 1.07, -0.91],
						"4.05": [2.36, 1.33, -0.98],
						"4.1": [2.25, 1.39, -0.91],
						"4.15": [3.49, 1.39, 0.34],
						"4.2": [2.87, 1.36, -1],
						"4.25": [2.05, 1.33, -2.27],
						"4.3": [1.68, 1.29, -1.97],
						"4.35": [1.43, 1.26, -1.17],
						"4.4": [1.66, 1.3, -0.46],
						"4.45": [2.1, 1.37, -0.25],
						"4.5": [2.77, 1.46, -0.07],
						"4.55": [3.55, 1.58, 0.09],
						"4.6": [4.35, 1.7, 0.23],
						"4.65": [5.06, 1.8, 0.37],
						"4.7": [5.56, 1.89, 0.53],
						"4.75": [5.83, 1.95, 0.69],
						"4.8": [5.95, 2, 0.85],
						"4.85": [5.97, 2.04, 1],
						"4.9": [5.95, 2.07, 1.16],
						"4.95": [5.96, 2.08, 1.32],
						"5.0": [6.06, 2.09, 1.48],
						"5.05": [6.83, 2, 2.09],
						"5.1": [7.46, 1.86, 2.39],
						"5.15": [7.18, 1.73, 1.57],
						"5.2": [6.76, 1.63, 0.79],
						"5.25": [6.75, 1.61, 1],
						"5.3": [6.84, 1.63, 1.52],
						"5.35": [6.92, 1.65, 1.93],
						"5.4": [6.91, 1.66, 1.99],
						"5.45": [6.89, 1.68, 1.99],
						"5.5": [6.87, 1.71, 1.95],
						"5.55": [6.88, 1.72, 1.94],
						"5.6": [6.96, 1.73, 2.01],
						"5.65": [8.16, 1.63, 3.15],
						"5.7": [7.6, 1.48, 2.73],
						"5.75": [6.63, 1.27, 1.99],
						"5.8": [5.7, 1.02, 1.44],
						"5.85": [5.17, 0.78, 1.36],
						"5.9": [4.68, 0.5, 1.43],
						"5.95": [4.15, 0.23, 1.51],
						"6.0": [3.52, 0.03, 1.41],
						"6.05": [2.64, -0.09, 1.01],
						"6.1": [1.59, -0.14, 0.42],
						"6.15": [0.63, -0.17, -0.14],
						"6.2": [0, -0.19, -0.45],
						"6.25": [-0.07, -0.21, -0.3],
						"6.3": [0.31, -0.21, 0.15],
						"6.35": [0.54, -0.19, 0.45],
						"6.4": [0.33, -0.13, 0.38],
						"6.45": [-0.03, -0.06, 0.17],
						"6.5": [-0.28, 0, 0],
						"6.55": [-0.28, 0.01, -0.03],
						"6.6": [-0.19, 0.01, -0.03],
						"6.65": [-0.07, 0, -0.01],
						"6.7": [0, 0, 0]
					}
				}
			},
			"sound_effects": {
				"0.0": {
					"effect": "tacz:hk_g3/hk_g3_inspect_raise"
				},
				"1.3": {
					"effect": "tacz:hk_g3/hk_g3_inspect_tilt"
				},
				"2.4": {
					"effect": "tacz:hk_g3/hk_g3_inspect_magout"
				},
				"3.2": {
					"effect": "tacz:hk_g3/hk_g3_inspect_magwellin"
				},
				"3.85": {
					"effect": "tacz:hk_g3/hk_g3_inspect_magclick"
				},
				"4.0": {
					"effect": "tacz:hk_g3/hk_g3_inspect_xmag_mvt2"
				},
				"4.75": {
					"effect": "tacz:hk_g3/hk_g3_inspect_close"
				},
				"5.4": {
					"effect": "tacz:hk_g3/hk_g3_inspect_drum_carrierrelease"
				},
				"5.95": {
					"effect": "tacz:hk_g3/hk_g3_inspect_shoulder"
				}
			}
		},
		"inspect_empty": {
			"animation_length": 8.8,
			"bones": {
				"root": {
					"rotation": {
						"0.0": [0, 0, 0],
						"0.05": [0.24, -1.02, -1.34],
						"0.1": [0.82, -5.68, -5.61],
						"0.15": [1.4, -11.87, -10.65],
						"0.2": [2.15, -20.27, -17.38],
						"0.25": [2.9, -28.67, -24.09],
						"0.3": [3.47, -34.88, -29.08],
						"0.35": [3.79, -38.09, -31.74],
						"0.4": [3.96, -39.56, -33.03],
						"0.45": [4.07, -40.13, -33.62],
						"0.5": [4.19, -40.66, -34.16],
						"0.55": [4.3, -41.06, -34.56],
						"0.6": [4.4, -41.25, -34.79],
						"0.65": [4.5, -41.3, -34.91],
						"0.7": [4.59, -41.27, -34.96],
						"0.75": [4.68, -41.24, -34.99],
						"0.8": [4.76, -41.27, -35.03],
						"0.85": [4.79, -41.32, -35.06],
						"0.9": [4.8, -41.36, -35.08],
						"0.95": [4.79, -41.39, -35.09],
						"1.0": [4.78, -41.42, -35.08],
						"1.05": [4.77, -41.44, -35.07],
						"1.1": [4.77, -41.48, -35.05],
						"1.15": [4.79, -41.53, -35.04],
						"1.2": [4.85, -41.59, -35.02],
						"1.25": [4.93, -41.68, -35.01],
						"1.3": [5.07, -41.79, -35.01],
						"1.35": [5.55, -42.19, -35.02],
						"1.4": [7.92, -43.85, -35.1],
						"1.45": [10.36, -45.52, -35.18],
						"1.5": [13.68, -47.74, -35.3],
						"1.55": [17.31, -50.2, -35.42],
						"1.6": [20.68, -52.56, -35.54],
						"1.65": [23.21, -54.47, -35.64],
						"1.7": [25.5, -56.86, -35.76],
						"1.75": [26.54, -58.65, -35.85],
						"1.8": [27.17, -59.67, -35.94],
						"1.85": [27.4, -59.81, -35.98],
						"1.9": [27.62, -59.84, -36.04],
						"1.95": [27.8, -59.76, -36.11],
						"2.0": [27.94, -59.6, -36.18],
						"2.05": [28.02, -59.37, -36.23],
						"2.1": [28.03, -59.08, -36.28],
						"2.15": [27.96, -58.75, -36.3],
						"2.2": [27.79, -58.37, -36.29],
						"2.25": [27.52, -57.98, -36.24],
						"2.3": [26.36, -56.92, -36.06],
						"2.35": [21.18, -52.47, -34.68],
						"2.4": [16.03, -47.8, -33.17],
						"2.45": [9.02, -41.42, -31.09],
						"2.5": [1.42, -34.5, -28.83],
						"2.55": [-5.54, -28.2, -26.8],
						"2.6": [-10.61, -23.69, -25.42],
						"2.65": [-13.88, -20.97, -24.84],
						"2.7": [-15.13, -20.19, -25.03],
						"2.75": [-15.44, -20.27, -25.42],
						"2.8": [-15.89, -20.17, -25.42],
						"2.85": [-17.52, -19.21, -22.31],
						"2.9": [-17.45, -19.77, -23.37],
						"2.95": [-17.3, -20.48, -24.65],
						"3.0": [-17.78, -20.64, -24.13],
						"3.05": [-18.28, -20.66, -23.32],
						"3.1": [-18.32, -20.67, -23.28],
						"3.15": [-18.33, -20.68, -23.27],
						"3.2": [-18.33, -20.69, -23.28],
						"3.25": [-18.32, -20.7, -23.31],
						"3.3": [-18.3, -20.71, -23.36],
						"3.35": [-18.28, -20.71, -23.4],
						"3.4": [-18.25, -20.72, -23.45],
						"3.45": [-18.24, -20.72, -23.48],
						"3.5": [-18.23, -20.72, -23.49],
						"3.55": [-18.23, -20.71, -23.48],
						"3.6": [-18.24, -20.7, -23.46],
						"3.65": [-18.26, -20.68, -23.42],
						"3.7": [-18.27, -20.65, -23.38],
						"3.75": [-18.29, -20.62, -23.34],
						"3.8": [-18.3, -20.6, -23.3],
						"3.85": [-18.31, -20.59, -23.27],
						"3.9": [-18.32, -20.58, -23.25],
						"3.95": [-18.31, -20.59, -23.25],
						"4.0": [-18.3, -20.62, -23.27],
						"4.05": [-18.28, -20.66, -23.32],
						"4.1": [-18.24, -20.74, -23.43],
						"4.15": [-18.17, -20.86, -23.63],
						"4.2": [-18.09, -21, -23.88],
						"4.25": [-18, -21.17, -24.16],
						"4.3": [-17.91, -21.34, -24.45],
						"4.35": [-17.81, -21.51, -24.72],
						"4.4": [-17.73, -21.67, -24.94],
						"4.45": [-17.66, -21.8, -25.09],
						"4.5": [-17.62, -21.9, -25.15],
						"4.55": [-17.6, -21.95, -25.08],
						"4.6": [-17.61, -21.95, -24.87],
						"4.65": [-17.68, -22.46, -24.43],
						"4.7": [-17.98, -22.59, -22.92],
						"4.75": [-19.07, -19.94, -16.85],
						"4.8": [-21.63, -12.25, -2.34],
						"4.85": [-24.98, -1.76, 16.74],
						"4.9": [-27.57, 7.21, 32.33],
						"4.95": [-28.54, 11.84, 39.32],
						"5.0": [-29.02, 15.6, 44.11],
						"5.05": [-29.22, 18.54, 47.43],
						"5.1": [-29.35, 20.73, 50.04],
						"5.15": [-29.26, 22.12, 52.24],
						"5.2": [-28.89, 21.84, 52.46],
						"5.25": [-28.5, 22.15, 53.76],
						"5.3": [-28.38, 22.05, 54.37],
						"5.35": [-29.19, 21.05, 53.07],
						"5.4": [-30.09, 19.95, 51.28],
						"5.45": [-30.36, 19.42, 50.06],
						"5.5": [-30.33, 19.27, 49.37],
						"5.55": [-29.71, 20.1, 50.59],
						"5.6": [-28.24, 22.02, 54.6],
						"5.65": [-28.73, 21.69, 53.86],
						"5.7": [-29.36, 21.25, 52.86],
						"5.75": [-29.3, 21.79, 53.74],
						"5.8": [-29.11, 22.39, 54.81],
						"5.85": [-29.2, 22.27, 54.63],
						"5.9": [-29.24, 22.16, 54.51],
						"5.95": [-28.54, 23.34, 56.9],
						"6.0": [-29.06, 22.74, 55.53],
						"6.05": [-29.63, 21.95, 53.87],
						"6.1": [-29.61, 21.79, 53.81],
						"6.15": [-29.45, 21.73, 54.1],
						"6.2": [-29.4, 21.55, 54.07],
						"6.25": [-29.52, 21.3, 53.62],
						"6.3": [-29.71, 21.01, 52.95],
						"6.35": [-29.93, 20.59, 52.16],
						"6.4": [-30.11, 19.97, 51.34],
						"6.45": [-30.49, 15.61, 47.65],
						"6.5": [-28.61, 19.3, 51.8],
						"6.55": [-26.65, 22.49, 55.37],
						"6.6": [-26.45, 19.39, 53.03],
						"6.65": [-26.44, 14.13, 47.12],
						"6.7": [-25.6, 9.86, 39.17],
						"6.75": [-24.14, 3.66, 26.29],
						"6.8": [-22.95, -1.84, 15.26],
						"6.85": [-21.47, -8.71, 1.47],
						"6.9": [-20.03, -15.33, -11.85],
						"6.95": [-18.94, -20.08, -21.47],
						"7.0": [-18.18, -22.61, -26.78],
						"7.05": [-17.86, -22.77, -27.42],
						"7.1": [-17.67, -22.52, -27.21],
						"7.15": [-17.58, -22.25, -26.8],
						"7.2": [-17.62, -21.57, -25.54],
						"7.25": [-17.56, -21.28, -25.36],
						"7.3": [-17.4, -21.56, -26.43],
						"7.35": [-17.19, -22.09, -28.15],
						"7.4": [-16.95, -22.7, -30.14],
						"7.45": [-16.71, -23.25, -31.96],
						"7.5": [-16.52, -23.58, -33.22],
						"7.55": [-16.43, -23.6, -33.65],
						"7.6": [-16.42, -23.44, -33.67],
						"7.65": [-16.42, -23.2, -33.49],
						"7.7": [-16.37, -22.98, -33.31],
						"7.75": [-16.22, -22.88, -33.35],
						"7.8": [-15.91, -23, -33.81],
						"7.85": [-11.57, -26.8, -42.17],
						"7.9": [-14.71, -24.31, -32.4],
						"7.95": [-13.07, -23.35, -32.76],
						"8.0": [-11.1, -16.2, -21.23],
						"8.05": [-8.94, -12.75, -16.6],
						"8.1": [-6.01, -8.49, -11.1],
						"8.15": [-3.08, -4.41, -5.93],
						"8.2": [-0.94, -1.48, -2.24],
						"8.25": [0.54, 0.25, -0.37],
						"8.3": [0.77, 0.13, -0.77],
						"8.35": [0.86, 0.05, 0.14],
						"8.4": [0.43, -0.1, -0.21],
						"8.45": [0, -0.2, -0.6],
						"8.5": [-0.06, -0.06, -0.34],
						"8.55": [0, 0.1, 0],
						"8.6": [0, 0.1, 0.04],
						"8.65": [0, 0.07, 0.04],
						"8.7": [0, 0.03, 0.01],
						"8.75": [0, 0, 0]
					},
					"position": {
						"0.0": [0, 0, 0],
						"0.05": [-0.08, -0.32, 0.04],
						"0.1": [-0.18, -0.73, 0.09],
						"0.15": [-0.11, -0.82, 0.15],
						"0.2": [0.14, -0.46, 0.21],
						"0.25": [0.53, 0.16, 0.28],
						"0.3": [0.94, 0.81, 0.35],
						"0.35": [1.23, 1.27, 0.4],
						"0.4": [1.39, 1.52, 0.43],
						"0.45": [1.43, 1.58, 0.43],
						"0.5": [1.44, 1.59, 0.43],
						"0.55": [1.43, 1.61, 0.43],
						"0.6": [1.4, 1.59, 0.43],
						"0.65": [1.36, 1.57, 0.43],
						"0.7": [1.33, 1.58, 0.43],
						"0.75": [1.3, 1.59, 0.43],
						"0.8": [1.28, 1.62, 0.43],
						"0.85": [1.26, 1.66, 0.43],
						"0.9": [1.24, 1.69, 0.43],
						"0.95": [1.22, 1.72, 0.43],
						"1.0": [1.21, 1.74, 0.43],
						"1.05": [1.2, 1.75, 0.43],
						"1.1": [1.2, 1.75, 0.43],
						"1.15": [1.19, 1.75, 0.43],
						"1.2": [1.19, 1.75, 0.43],
						"1.25": [1.19, 1.75, 0.43],
						"1.3": [1.2, 1.75, 0.43],
						"1.35": [1.23, 1.75, 0.43],
						"1.4": [1.31, 1.72, 0.43],
						"1.45": [1.42, 1.69, 0.43],
						"1.5": [1.56, 1.77, 0.43],
						"1.55": [1.68, 1.98, 0.43],
						"1.6": [1.83, 2.27, 0.43],
						"1.65": [1.97, 2.57, 0.43],
						"1.7": [2.07, 2.8, 0.43],
						"1.75": [2.13, 2.92, 0.42],
						"1.8": [2.15, 2.99, 0.42],
						"1.85": [2.16, 3.02, 0.41],
						"1.9": [2.17, 3.04, 0.4],
						"1.95": [2.18, 3.05, 0.4],
						"2.0": [2.19, 3.05, 0.39],
						"2.05": [2.2, 3.04, 0.39],
						"2.1": [2.2, 3.01, 0.39],
						"2.15": [2.19, 2.97, 0.39],
						"2.2": [2.2, 2.9, 0.38],
						"2.25": [2.19, 2.79, 0.38],
						"2.3": [2.05, 2.5, 0.43],
						"2.35": [1.78, 2.05, 0.51],
						"2.4": [1.42, 1.45, 0.63],
						"2.45": [1.04, 0.86, 0.76],
						"2.5": [0.72, 0.45, 0.88],
						"2.55": [0.27, 0.31, 1.13],
						"2.6": [-0.03, 0.4, 1.33],
						"2.65": [-0.1, 0.35, 1.36],
						"2.7": [-0.12, 0.29, 1.36],
						"2.75": [-0.12, 0.22, 1.34],
						"2.8": [-0.1, 0.13, 1.33],
						"2.85": [0.05, -0.41, 1.33],
						"2.9": [0.14, -0.53, 1.33],
						"2.95": [0.11, -0.35, 1.33],
						"3.0": [0.04, -0.1, 1.33],
						"3.05": [-0.03, 0.02, 1.33],
						"3.1": [-0.11, 0.14, 1.33],
						"3.15": [-0.18, 0.22, 1.33],
						"3.2": [-0.22, 0.23, 1.33],
						"3.25": [-0.26, 0.23, 1.33],
						"3.3": [-0.29, 0.23, 1.33],
						"3.35": [-0.32, 0.21, 1.33],
						"3.4": [-0.35, 0.19, 1.33],
						"3.45": [-0.37, 0.17, 1.33],
						"3.5": [-0.38, 0.15, 1.33],
						"3.55": [-0.38, 0.12, 1.33],
						"3.6": [-0.38, 0.08, 1.33],
						"3.65": [-0.37, 0.05, 1.33],
						"3.7": [-0.37, 0.01, 1.33],
						"3.75": [-0.36, -0.02, 1.33],
						"3.8": [-0.36, -0.05, 1.33],
						"3.85": [-0.36, -0.07, 1.33],
						"3.9": [-0.36, -0.08, 1.33],
						"3.95": [-0.37, -0.09, 1.33],
						"4.0": [-0.37, -0.1, 1.33],
						"4.05": [-0.36, -0.13, 1.33],
						"4.1": [-0.35, -0.15, 1.33],
						"4.15": [-0.34, -0.17, 1.33],
						"4.2": [-0.33, -0.19, 1.33],
						"4.25": [-0.32, -0.21, 1.33],
						"4.3": [-0.3, -0.24, 1.33],
						"4.35": [-0.29, -0.26, 1.33],
						"4.4": [-0.28, -0.29, 1.33],
						"4.45": [-0.27, -0.32, 1.33],
						"4.5": [-0.26, -0.35, 1.33],
						"4.55": [-0.26, -0.37, 1.33],
						"4.6": [-0.26, -0.4, 1.33],
						"4.65": [-0.29, -0.49, 1.33],
						"4.7": [-0.36, -0.6, 1.32],
						"4.75": [-0.46, -0.8, 1.33],
						"4.8": [-0.67, -1.43, 1.37],
						"4.85": [-0.92, -2.09, 1.44],
						"4.9": [-1.21, -2.54, 1.54],
						"4.95": [-1.45, -2.67, 1.65],
						"5.0": [-1.52, -2.35, 1.73],
						"5.05": [-1.55, -1.83, 1.8],
						"5.1": [-1.56, -1.42, 1.86],
						"5.15": [-1.57, -1.3, 1.87],
						"5.2": [-1.57, -1.25, 1.87],
						"5.25": [-1.56, -1.25, 1.86],
						"5.3": [-1.56, -1.27, 1.86],
						"5.35": [-1.56, -1.6, 1.86],
						"5.4": [-1.56, -1.64, 1.86],
						"5.45": [-1.56, -1.64, 1.86],
						"5.5": [-1.56, -1.6, 1.86],
						"5.55": [-1.56, -1.59, 1.86],
						"5.6": [-1.56, -1.87, 1.86],
						"5.65": [-1.56, -2, 1.86],
						"5.7": [-1.56, -2.08, 1.86],
						"5.75": [-1.56, -2.06, 1.86],
						"5.8": [-1.56, -2, 1.86],
						"5.85": [-1.56, -1.94, 1.85],
						"5.9": [-1.56, -1.91, 1.84],
						"5.95": [-1.56, -2.08, 1.83],
						"6.0": [-1.56, -2.06, 1.82],
						"6.05": [-1.56, -2.01, 1.81],
						"6.1": [-1.56, -1.97, 1.79],
						"6.15": [-1.56, -1.95, 1.77],
						"6.2": [-1.56, -1.93, 1.76],
						"6.25": [-1.56, -1.91, 1.74],
						"6.3": [-1.56, -1.88, 1.72],
						"6.35": [-1.56, -1.85, 1.7],
						"6.4": [-1.56, -1.91, 1.69],
						"6.45": [-1.56, -2.73, 1.69],
						"6.5": [-1.57, -2.49, 1.69],
						"6.55": [-1.56, -2.14, 1.69],
						"6.6": [-1.55, -2.1, 1.68],
						"6.65": [-1.52, -2.1, 1.67],
						"6.7": [-1.45, -2.03, 1.65],
						"6.75": [-1.24, -1.69, 1.59],
						"6.8": [-0.96, -1.19, 1.51],
						"6.85": [-0.74, -0.71, 1.45],
						"6.9": [-0.51, -0.17, 1.38],
						"6.95": [-0.37, 0.18, 1.33],
						"7.0": [-0.36, 0.22, 1.32],
						"7.05": [-0.4, 0.15, 1.32],
						"7.1": [-0.47, 0.04, 1.32],
						"7.15": [-0.53, -0.07, 1.33],
						"7.2": [-0.57, -0.13, 1.33],
						"7.25": [-0.58, -0.11, 1.33],
						"7.3": [-0.57, -0.05, 1.33],
						"7.35": [-0.55, 0.02, 1.33],
						"7.4": [-0.53, 0.07, 1.33],
						"7.45": [-0.5, 0.1, 1.33],
						"7.5": [-0.47, 0.12, 1.33],
						"7.55": [-0.45, 0.17, 1.33],
						"7.6": [-0.43, 0.21, 1.33],
						"7.65": [-0.42, 0.2, 1.33],
						"7.7": [-0.4, 0.19, 1.33],
						"7.75": [-0.39, 0.18, 1.33],
						"7.8": [-0.36, 0.2, 1.33],
						"7.85": [-0.21, -0.42, 1.33],
						"7.9": [-0.23, -0.47, 1.27],
						"7.95": [-0.26, -0.47, 1.16],
						"8.0": [-0.26, -0.72, 0.81],
						"8.05": [-0.21, -0.62, 0.41],
						"8.1": [-0.15, -0.45, 0.02],
						"8.15": [-0.09, -0.28, -0.25],
						"8.2": [-0.05, -0.16, -0.32],
						"8.25": [-0.05, -0.23, 0.05],
						"8.3": [-0.06, -0.32, 0.48],
						"8.35": [-0.06, -0.25, 0.49],
						"8.4": [-0.06, -0.2, 0.2],
						"8.45": [-0.05, -0.15, -0.09],
						"8.5": [-0.03, -0.11, -0.1],
						"8.55": [-0.01, -0.08, -0.03],
						"8.6": [0, -0.05, 0.03],
						"8.65": [0, -0.03, 0.03],
						"8.7": [0, -0.01, 0.01],
						"8.75": [0, 0, 0]
					}
				},
				"mag_and_l": {
					"rotation": {
						"2.8": [0, 0, 0],
						"2.85": [-9, -0.08, -0.49],
						"2.9": [-14, -0.51, -1.4],
						"2.95": [-18.99, -0.65, -1.89],
						"3.0": [-23.85, 0.34, -1.01],
						"3.05": [-27.82, 1.58, 1.01],
						"3.1": [-29.3, 2.23, 3.34],
						"3.15": [-30.11, 2.78, 6.2],
						"3.2": [-30.7, 3.01, 8.62],
						"3.25": [-31.07, 2.78, 9.92],
						"3.3": [-31.29, 2.28, 10.97],
						"3.35": [-31.44, 1.75, 11.79],
						"3.4": [-31.6, 1.4, 12.39],
						"3.45": [-31.84, 1.37, 12.63],
						"3.5": [-32.1, 1.52, 12.55],
						"3.55": [-32.27, 1.64, 12.44],
						"3.6": [-32.22, 1.53, 12.6],
						"3.65": [-32.21, 0.72, 12.7],
						"3.7": [-31.88, -0.39, 13.11],
						"3.75": [-30, -0.93, 15.57],
						"3.8": [-23.39, -0.12, 24.27],
						"3.85": [-13.77, 1.72, 36.93],
						"3.9": [-0.35, 4.63, 54.59],
						"3.95": [12.53, 7.55, 71.58],
						"4.0": [20.07, 9.16, 81.69],
						"4.05": [24.44, 10.2, 87.59],
						"4.1": [25.47, 10.69, 89.02],
						"4.15": [25.66, 11.12, 89.37],
						"4.2": [25.45, 11.42, 89.08],
						"4.25": [25.31, 11.51, 88.64],
						"4.3": [25.41, 11.33, 88.42],
						"4.35": [25.55, 10.96, 88.18],
						"4.4": [25.57, 10.51, 87.65],
						"4.45": [25.35, 10.1, 86.54],
						"4.5": [24.71, 9.86, 84.58],
						"4.55": [22.73, 9.93, 80.69],
						"4.6": [16.41, 10.32, 63.8],
						"4.65": [8.61, 10.85, 41.27],
						"4.7": [-1.88, 11.65, 10.81],
						"4.75": [-12.05, 12.01, -20.19],
						"4.8": [-18.9, 11.26, -44.34],
						"4.85": [-17.95, 4.63, -63.36],
						"4.9": [-17, -2.01, -82.38],
						"4.95": [-14.04, -6.78, -91.67],
						"5.0": [-11.09, -11.55, -100.95],
						"5.05": [-14.46, -18.42, -99.53],
						"5.1": [-13.33, -16.13, -100.01],
						"5.15": [-12.21, -13.84, -100.48],
						"5.2": [-11.09, -11.55, -100.95],
						"5.25": [-11.89, -16.94, -100.09],
						"5.3": [-12.69, -22.34, -99.23],
						"5.35": [-13.02, -20.38, -99.69],
						"5.4": [-13.36, -18.43, -100.15],
						"5.45": [-16.27, -19.64, -100.39],
						"5.5": [-19.17, -20.85, -100.64],
						"5.55": [-22.24, -17.8, -102.43],
						"5.6": [-16.7, -22.53, -102.4],
						"5.65": [-15.71, -23.02, -103.05],
						"5.7": [-14.71, -23.51, -103.69],
						"5.75": [-12.59, -21.77, -104.45],
						"5.8": [-10.48, -20.03, -105.22],
						"5.85": [-8.36, -18.29, -105.98],
						"5.9": [-8.58, -22.38, -106.1],
						"5.95": [-8.79, -26.48, -106.23],
						"6.0": [-7.68, -25.23, -107.22],
						"6.05": [-6.58, -23.98, -108.21],
						"6.1": [-5.47, -22.74, -109.2],
						"6.15": [-5.54, -23.21, -109.26],
						"6.2": [-5.62, -23.69, -109.32],
						"6.25": [-5.69, -24.16, -109.38],
						"6.3": [-5.69, -24.16, -109.38],
						"6.35": [-5.69, -24.16, -109.38],
						"6.4": [-5.81, -24.46, -110.69],
						"6.45": [-7.04, -23.99, -112.37],
						"6.5": [-9.63, -22.05, -114.51],
						"6.55": [-13.06, -19.45, -116.64],
						"6.6": [-15.96, -17.92, -115.34],
						"6.65": [-17.78, -18.23, -108.69],
						"6.7": [-19.06, -19.61, -98.61],
						"6.75": [-20.15, -21.47, -87.42],
						"6.8": [-21.51, -25.04, -74.63],
						"6.85": [-22.66, -29.08, -60.73],
						"6.9": [-22.53, -29.35, -49.48],
						"6.95": [-18.16, -16.55, -39.46],
						"7.0": [-13.3, -3.21, -35.39],
						"7.05": [-12.26, -3.09, -37.69],
						"7.1": [-11.78, -6.82, -45.06],
						"7.15": [-7, -11.51, -71.55],
						"7.2": [-9.25, -10.05, -57.9],
						"7.25": [-10.08, -8.76, -50.2],
						"7.3": [-11.12, -6.99, -39.88],
						"7.35": [-12.27, -4.97, -28.35],
						"7.4": [-13.38, -2.98, -17],
						"7.45": [-14.33, -1.26, -7.25],
						"7.5": [-15, -0.08, -0.49],
						"7.55": [-15, -0.08, -0.49],
						"7.6": [-15, -0.08, -0.49],
						"7.65": [-15, -0.08, -0.49],
						"7.7": [-15, -0.08, -0.49],
						"7.75": [-15, -0.08, -0.49],
						"7.8": [-15, -0.08, -0.49],
						"7.85": [0, 0, 0]
					},
					"position": {
						"2.8": [0, 0, 0],
						"2.85": [0, -1.8, -0.5],
						"2.9": [0.08, -3.58, -0.96],
						"2.95": [0.5, -4.85, -1.2],
						"3.0": [0.95, -4.69, -1.06],
						"3.05": [1.56, -4.2, -0.79],
						"3.1": [2.23, -3.55, -0.47],
						"3.15": [2.84, -2.93, -0.16],
						"3.2": [3.28, -2.53, 0.05],
						"3.25": [3.55, -2.35, 0.18],
						"3.3": [3.64, -2.35, 0.24],
						"3.35": [3.64, -2.43, 0.25],
						"3.4": [3.65, -2.51, 0.26],
						"3.45": [3.68, -2.63, 0.26],
						"3.5": [3.68, -2.81, 0.23],
						"3.55": [3.67, -2.97, 0.22],
						"3.6": [3.68, -3.04, 0.22],
						"3.65": [3.7, -3.08, 0.22],
						"3.7": [3.71, -3.14, 0.24],
						"3.75": [3.68, -3.27, 0.3],
						"3.8": [3.5, -3.62, 0.48],
						"3.85": [3.28, -4.06, 0.72],
						"3.9": [3.25, -4.34, 0.82],
						"3.95": [3.63, -4.31, 0.67],
						"4.0": [4.2, -4.11, 0.38],
						"4.05": [4.62, -3.96, 0.16],
						"4.1": [4.67, -3.95, 0.13],
						"4.15": [4.69, -3.95, 0.12],
						"4.2": [4.7, -3.95, 0.11],
						"4.25": [4.68, -3.97, 0.11],
						"4.3": [4.66, -3.98, 0.11],
						"4.35": [4.64, -3.99, 0.12],
						"4.4": [4.61, -4, 0.13],
						"4.45": [4.59, -4.01, 0.14],
						"4.5": [4.58, -4, 0.15],
						"4.55": [4.59, -3.99, 0.16],
						"4.6": [4.62, -3.96, 0.16],
						"4.65": [4.8, -3.93, 0.24],
						"4.7": [5.07, -3.91, 0.37],
						"4.75": [5.34, -3.72, 0.4],
						"4.8": [5.51, -3.16, 0.16],
						"4.85": [5.77, -0.44, -1.07],
						"4.9": [5.43, 2.48, -3.23],
						"4.95": [3.49, 3.68, -6.91],
						"5.0": [1.55, 4.88, -9.725],
						"5.05": [1.25, 4.88, -10],
						"5.1": [1.48, 4.88, -10.1325],
						"5.15": [1.72, 4.88, -9.6925],
						"5.2": [1.95, 4.88, -9.2625],
						"5.25": [2, 4.88, -7.6],
						"5.3": [2.05, 4.88, -2.5],
						"5.35": [2.05, 4.88, -2.5],
						"5.4": [2.05, 4.88, -2.5],
						"5.45": [1.8, 4.88, -5.55],
						"5.5": [1.55, 4.88, -8.2875],
						"5.55": [1.55, 4.88, -8.2875],
						"5.6": [2.05, 4.88, -2.5],
						"5.65": [2.05, 4.88, -2.5],
						"5.7": [2.05, 4.88, -2.5],
						"5.75": [1.8, 4.88, -5.55],
						"5.8": [1.55, 4.88, -8.6],
						"5.85": [1.55, 4.88, -8.6],
						"5.9": [1.8, 4.88, -7.55],
						"5.95": [2.05, 4.88, -2.5],
						"6.0": [2.06, 4.89, -2.23],
						"6.05": [2.03, 4.92, -2.07],
						"6.1": [1.98, 4.95, -2],
						"6.15": [1.93, 4.99, -2.01],
						"6.2": [1.88, 5.01, -2.08],
						"6.25": [1.86, 5.02, -2.18],
						"6.3": [1.87, 5.01, -2.3],
						"6.35": [1.93, 4.97, -2.41],
						"6.4": [2.05, 4.88, -2.5],
						"6.45": [4.87, 2.92, -5.72],
						"6.5": [5.56, 3.03, -5.71],
						"6.55": [6.12, 3.43, -5.54],
						"6.6": [6.52, 3.69, -5.38],
						"6.65": [6.84, 3.91, -5.54],
						"6.7": [6.99, 3.97, -5.72],
						"6.75": [6.7, 3.15, -5.25],
						"6.8": [5.55, 0.48, -3.4],
						"6.85": [3.96, -3.07, -0.91],
						"6.9": [2.86, -5.43, 0.74],
						"6.95": [2.99, -4.83, 0.28],
						"7.0": [3.52, -3.18, -0.9],
						"7.05": [3.36, -3.02, -0.99],
						"7.1": [2.95, -3.4, -0.73],
						"7.15": [1.56, -5.38, 0.42],
						"7.2": [1.54, -5.37, 0.34],
						"7.25": [1.66, -4.83, 0.02],
						"7.3": [1.61, -3.73, -0.37],
						"7.35": [1.38, -2.54, -0.75],
						"7.4": [0.95, -2, -0.92],
						"7.45": [0.4, -1.58, -1.03],
						"7.5": [0, -1.3, -1.1],
						"7.55": [0, -1.3, -1],
						"7.6": [0, -1.42, -0.86],
						"7.65": [0, -1.29, -0.79],
						"7.7": [0, -1.15, -0.71],
						"7.75": [0, -1.15, -0.76],
						"7.8": [0, -1.15, -0.8],
						"7.85": [0, 0, 0]
					}
				},
				"mag_and_bullet": {
					"rotation": {
						"4.7": [0, 0, 0],
						"4.85": [0, 0, -43],
						"6.9": [0, 0, -43],
						"7.05": [0, 0, 0]
					},
					"position": {
						"3.75": [0, 0, 0],
						"3.85": [-0.9, 0, 0],
						"4.7": [-0.9, 0, 0],
						"4.85": [-0.9, -2.6, 0],
						"6.9": [-0.9, -2.6, 0],
						"7.05": [0, 0, 0]
					}
				},
				"bullet": {
					"scale": {
						"8.65": {
							"pre": [0, 0, 0],
							"post": [1, 1, 1]
						}
					}
				},
				"lefthand": {
					"rotation": {
						"0.0": [109.31225, -21.8344, -155.94098],
						"0.15": [89.23084, -40.95936, -127.81612],
						"0.35": [115.67625, -57.75281, -143.46599],
						"1.1": [115.68, -57.75, -143.47],
						"2.4": [115.67625, -57.75281, -143.46599],
						"2.55": [118.07758, -8.24023, -202.4234],
						"2.6": [106.97926, -5.36797, -189.23014],
						"2.8": [106.97926, -5.36797, -189.23014],
						"3.0": [106.97926, -5.36797, -189.23014],
						"3.75": [106.98, -5.37, -189.23],
						"6.9": [106.98, -5.37, -189.23],
						"6.95": [105.75, -2.87, -179.71],
						"7.0": [104.52, -0.37, -170.2],
						"7.05": [104.49, -18.83, -162.52],
						"7.1": [110.54, -6.53, -169.5],
						"7.15": [110.97, -13.07, -172.02],
						"7.2": [113.08, -5.8, -177.92],
						"7.25": [115.19, 1.47, -183.82],
						"7.3": [115.19, 1.47, -183.82],
						"7.35": [115.19, 1.47, -183.82],
						"7.4": [115.19, 1.47, -183.82],
						"7.45": [115.19, 1.47, -183.82],
						"7.5": [115.19, 1.47, -183.82],
						"7.55": [115.19, 1.47, -183.82],
						"7.6": [115.19, 1.47, -183.82],
						"7.65": [115.19, 1.47, -183.82],
						"7.7": [115.19, 1.47, -183.82],
						"7.75": [115.19, 1.47, -183.82],
						"7.8": [115.19, 1.47, -183.82],
						"7.85": [115.19, 1.47, -183.82],
						"7.9": [115.19, 1.47, -183.82],
						"7.95": [115.19, 1.47, -183.82],
						"8.0": [115.19, 1.47, -183.82],
						"8.05": [112.1, -3.75, -177.47],
						"8.1": [107.91, -10.99, -168.66],
						"8.15": [105.28, -16.78, -161.67],
						"8.2": [106.68, -20.45, -157.42],
						"8.25": [109.31225, -21.8344, -155.94098]
					},
					"position": {
						"0.0": [8.4, -11.42, -6.32],
						"0.05": [8.17, -12.12, -5.19],
						"0.15": [7.7, -11.42, -2.92],
						"0.35": [7.19, -11.42, -3.57],
						"1.1": [7.19, -11.42, -3.57],
						"2.4": [7.19, -11.42, -3.57],
						"2.55": [8.54, -14.94, -2.06],
						"2.6": [7.8, -14.62, 0.78],
						"2.8": [7.8, -14.62, 0.78],
						"3.0": [7.3, -14.62, 0.38],
						"3.75": [7.3, -14.62, 0.38],
						"6.9": [7.3, -14.62, 0.38],
						"6.95": [8.04, -14.91, -0.08],
						"7.0": [8.78, -15.2, -0.54],
						"7.05": [8.78, -15.2, -0.54],
						"7.1": [8.51, -14.79, 0.37],
						"7.15": [7.3, -14.62, 0.38],
						"7.2": [7.3, -14.62, 0.38],
						"7.25": [7.3, -14.62, 0.38],
						"7.3": [7.3, -14.62, 0.38],
						"7.35": [7.3, -14.62, 0.38],
						"7.4": [7.3, -14.62, 0.38],
						"7.45": [7.3, -14.62, 0.38],
						"7.5": [7.3, -14.62, 0.38],
						"7.55": [7.3, -14.62, 0.38],
						"7.6": [7.3, -14.62, 0.38],
						"7.65": [7.3, -14.62, 0.38],
						"7.7": [7.3, -14.62, 0.38],
						"7.75": [7.3, -14.62, 0.38],
						"7.8": [7.3, -14.62, 0.38],
						"7.85": [7.3, -14.62, 0.38],
						"7.9": [7.3, -14.62, 0.38],
						"7.95": [7.3, -14.62, 0.38],
						"8.0": [7.3, -14.62, 0.38],
						"8.05": [7.68, -14.2, -0.49],
						"8.1": [8.19, -13.61, -1.73],
						"8.15": [8.55, -13.01, -2.96],
						"8.2": [8.55, -12.12, -4.85],
						"8.25": [8.4, -11.42, -5.32]
					},
					"scale": {
						"0.0": [1, 1.5, 1],
						"8.25": [1, 1.5, 1]
					}
				},
				"G3_default_body": {
					"rotation": {
						"2.85": [0, 0, 0],
						"2.9": [0, 0.52, 2.79],
						"2.95": [-0.03, 0.81, 1.11],
						"3.0": [-0.05, 1.28, -0.47],
						"3.05": [-0.05, 1.52, -0.28],
						"3.1": [-0.04, 1.83, 0.19],
						"3.15": [-0.03, 2.17, 0.83],
						"3.2": [-0.02, 2.51, 1.55],
						"3.25": [-0.01, 2.83, 2.24],
						"3.3": [0, 3.08, 2.8],
						"3.35": [0, 3.25, 3.13],
						"3.4": [0, 3.31, 3.22],
						"3.45": [-0.01, 3.3, 3.18],
						"3.5": [-0.01, 3.22, 3.03],
						"3.55": [-0.02, 3.11, 2.81],
						"3.6": [-0.02, 2.99, 2.55],
						"3.65": [-0.02, 2.89, 2.29],
						"3.7": [-0.02, 2.81, 2.05],
						"3.75": [0, 2.76, 1.77],
						"3.8": [0.03, 2.71, 1.43],
						"3.85": [0.06, 2.67, 1.08],
						"3.9": [0.1, 2.64, 0.73],
						"3.95": [0.14, 2.6, 0.42],
						"4.0": [0.17, 2.57, 0.18],
						"4.05": [0.29, 2.53, -0.15],
						"4.1": [0.36, 2.47, -0.23],
						"4.15": [0.35, 2.43, -0.22],
						"4.2": [0.34, 2.4, -0.2],
						"4.25": [0.32, 2.36, -0.16],
						"4.3": [0.3, 2.31, -0.11],
						"4.35": [0.28, 2.26, -0.06],
						"4.4": [0.25, 2.21, -0.02],
						"4.45": [0.23, 2.14, 0.01],
						"4.5": [0.2, 2.07, 0.02],
						"4.55": [0.18, 1.99, 0],
						"4.6": [0.16, 1.87, -0.07],
						"4.65": [0.13, 1.72, -0.19],
						"4.7": [0.11, 1.57, -0.34],
						"4.75": [0.08, 1.4, -0.5],
						"4.8": [0.06, 1.23, -0.64],
						"4.85": [0.04, 1.07, -0.74],
						"4.9": [0.03, 0.92, -0.78],
						"4.95": [0.01, 0.71, -0.71],
						"5.0": [0.01, 0.5, -0.54],
						"5.05": [0, 0.3, -0.33],
						"5.1": [0, 0.12, -0.13],
						"5.15": [0, 0, 0]
					},
					"position": {
						"2.85": [0, 0, 0],
						"2.9": [-0.03, -0.13, 0.03],
						"2.95": [-0.06, -0.08, 0.06],
						"3.0": [-0.12, -0.07, 0.13],
						"3.05": [-0.18, -0.15, 0.2],
						"3.1": [-0.27, -0.28, 0.3],
						"3.15": [-0.35, -0.41, 0.39],
						"3.2": [-0.4, -0.52, 0.45],
						"3.25": [-0.43, -0.6, 0.48],
						"3.3": [-0.43, -0.66, 0.48],
						"3.35": [-0.42, -0.7, 0.48],
						"3.4": [-0.42, -0.73, 0.47],
						"3.45": [-0.42, -0.72, 0.47],
						"3.5": [-0.42, -0.71, 0.46],
						"3.55": [-0.42, -0.69, 0.45],
						"3.6": [-0.42, -0.66, 0.44],
						"3.65": [-0.42, -0.64, 0.44],
						"3.7": [-0.43, -0.61, 0.43],
						"3.75": [-0.44, -0.6, 0.43],
						"3.8": [-0.46, -0.59, 0.43],
						"3.85": [-0.52, -0.61, 0.45],
						"3.9": [-0.61, -0.65, 0.48],
						"3.95": [-0.7, -0.7, 0.51],
						"4.0": [-0.77, -0.73, 0.54],
						"4.05": [-0.84, -0.77, 0.57],
						"4.1": [-0.9, -0.8, 0.61],
						"4.15": [-0.92, -0.8, 0.62],
						"4.2": [-0.92, -0.79, 0.61],
						"4.25": [-0.92, -0.78, 0.61],
						"4.3": [-0.92, -0.77, 0.6],
						"4.35": [-0.92, -0.75, 0.6],
						"4.4": [-0.91, -0.74, 0.58],
						"4.45": [-0.89, -0.71, 0.57],
						"4.5": [-0.87, -0.68, 0.55],
						"4.55": [-0.83, -0.65, 0.53],
						"4.6": [-0.79, -0.61, 0.5],
						"4.65": [-0.71, -0.53, 0.45],
						"4.7": [-0.61, -0.43, 0.39],
						"4.75": [-0.48, -0.33, 0.32],
						"4.8": [-0.36, -0.21, 0.25],
						"4.85": [-0.24, -0.11, 0.18],
						"4.9": [-0.13, -0.02, 0.12],
						"4.95": [-0.06, 0.04, 0.07],
						"5.0": [0, 0.08, 0.03],
						"5.05": [0.02, 0.06, 0.01],
						"5.1": [0, 0.02, 0],
						"5.15": [0, 0, 0]
					}
				},
				"Release": {
					"rotation": {
						"2.65": [0, 0, 0],
						"2.75": [-25, 0, 0],
						"2.9": [-25, 0, 0],
						"3.0": [0, 0, 0],
						"7.8": [0, 0, 0],
						"7.85": [-25, 0, 0],
						"7.9": [-25, 0, 0],
						"8.0": [0, 0, 0]
					}
				},
				"pull": {
					"position": {
						"5.2": [0, 0, 0],
						"5.3": [0, 0, 6.0125],
						"5.4": [0, 0, 6.0125],
						"5.5": [0, 0, 0],
						"5.55": [0, 0, 0],
						"5.6": [0, 0, 6.0125],
						"5.7": [0, 0, 6.0125],
						"5.8": [0, 0, 0],
						"5.85": [0, 0, 0],
						"5.95": [0, 0, 6.0125],
						"6.4": [0, 0, 6.0125],
						"6.45": [0, 0, 0]
					}
				},
				"handle": {
					"rotation": {
						"5.05": [0, 0, 0],
						"5.2": [0, -65, 0],
						"6.45": [0, -65, 0],
						"6.5": [0, 0, 0],
						"6.55": [0, -5, 0],
						"6.6": [0, 0, 0],
						"6.65": [0, -3, 0],
						"6.7": [0, 0, 0]
					}
				},
				"G3_bolt": {
					"position": {
						"5.2": [0, 0, 0],
						"5.3": [0, 0, 4.1125],
						"5.4": [0, 0, 4.1125],
						"5.5": [0, 0, 0],
						"5.55": [0, 0, 0],
						"5.6": [0, 0, 4.1125],
						"5.7": [0, 0, 4.1125],
						"5.8": [0, 0, 0],
						"5.85": [0, 0, 0],
						"5.95": [0, 0, 4.1125],
						"6.4": [0, 0, 4.1125],
						"6.45": [0, 0, 0]
					}
				},
				"righthand": {
					"rotation": [96, 0, -180],
					"position": {
						"0.0": [-6.5, -14, 7.6],
						"0.1": [-6.5, -14, 7.6],
						"0.25": [-8, -14, 7.6],
						"4.8": [-8, -14, 7.6],
						"4.95": [-6.5, -14, 7.6]
					},
					"scale": [1, 1.5, 1]
				},
				"camera": {
					"rotation": {
						"0.0": [0, 0, 0],
						"0.05": [-0.01, 0.11, -0.09],
						"0.1": [0.01, 0.23, -0.24],
						"0.15": [0.26, 0, -0.45],
						"0.2": [0.76, -0.64, -0.68],
						"0.25": [1.45, -1.57, -0.96],
						"0.3": [2.14, -2.49, -1.25],
						"0.35": [2.59, -3.07, -1.5],
						"0.4": [2.68, -3.19, -1.6],
						"0.45": [2.7, -3.23, -1.7],
						"0.5": [2.67, -3.21, -1.79],
						"0.55": [2.6, -3.13, -1.87],
						"0.6": [2.52, -3.02, -1.95],
						"0.65": [2.45, -2.87, -2.03],
						"0.7": [2.39, -2.71, -2.1],
						"0.75": [2.38, -2.55, -2.17],
						"0.8": [2.41, -2.29, -2.27],
						"0.85": [2.48, -1.96, -2.36],
						"0.9": [2.57, -1.59, -2.44],
						"0.95": [2.65, -1.2, -2.52],
						"1.0": [2.72, -0.82, -2.58],
						"1.05": [2.76, -0.47, -2.62],
						"1.1": [2.73, -0.2, -2.66],
						"1.15": [2.65, 0.01, -2.7],
						"1.2": [2.56, 0.22, -2.72],
						"1.25": [2.48, 0.45, -2.72],
						"1.3": [2.46, 0.77, -2.7],
						"1.35": [2.54, 1.21, -2.62],
						"1.4": [2.69, 1.73, -2.52],
						"1.45": [2.93, 2.38, -2.36],
						"1.5": [3.22, 3.1, -2.17],
						"1.55": [3.53, 3.85, -1.98],
						"1.6": [3.83, 4.57, -1.79],
						"1.65": [4.11, 5.22, -1.62],
						"1.7": [4.32, 5.74, -1.5],
						"1.75": [4.47, 6.14, -1.42],
						"1.8": [4.6, 6.47, -1.36],
						"1.85": [4.71, 6.74, -1.33],
						"1.9": [4.79, 6.96, -1.31],
						"1.95": [4.86, 7.13, -1.3],
						"2.0": [4.91, 7.28, -1.29],
						"2.05": [4.96, 7.41, -1.27],
						"2.1": [5.05, 7.59, -1.26],
						"2.15": [5.17, 7.8, -1.25],
						"2.2": [5.27, 7.95, -1.25],
						"2.25": [5.3, 8, -1.26],
						"2.3": [5.22, 7.87, -1.27],
						"2.35": [4.96, 7.5, -1.27],
						"2.4": [4.08, 6.24, -1.27],
						"2.45": [2.79, 4.4, -1.26],
						"2.5": [1.52, 2.54, -1.29],
						"2.55": [0.66, 1.2, -1.39],
						"2.6": [0.42, 0.75, -1.54],
						"2.65": [0.33, 0.53, -1.75],
						"2.7": [0.38, 0.47, -2],
						"2.75": [0.51, 0.48, -2.23],
						"2.8": [0.71, 0.49, -2.4],
						"2.85": [0.92, 0.43, -2.47],
						"2.9": [2.02, 0.06, -1.94],
						"2.95": [3.21, -0.28, -1.52],
						"3.0": [3.6, -0.48, -2.1],
						"3.05": [3.83, -0.66, -3],
						"3.1": [4.16, -0.82, -3.52],
						"3.15": [4.56, -0.93, -3.37],
						"3.2": [5.04, -1.02, -2.93],
						"3.25": [5.51, -1.1, -2.44],
						"3.3": [5.86, -1.14, -2.12],
						"3.35": [5.96, -1.15, -2.09],
						"3.4": [6.04, -1.14, -2.08],
						"3.45": [6.09, -1.13, -2.11],
						"3.5": [6.13, -1.12, -2.16],
						"3.55": [6.16, -1.1, -2.23],
						"3.6": [6.18, -1.08, -2.29],
						"3.65": [6.19, -1.06, -2.35],
						"3.7": [6.21, -1.04, -2.39],
						"3.75": [6.23, -1.03, -2.4],
						"3.8": [6.25, -1.02, -2.39],
						"3.85": [6.27, -1.02, -2.38],
						"3.9": [6.29, -1.01, -2.35],
						"3.95": [6.3, -1.01, -2.32],
						"4.0": [6.31, -1.01, -2.29],
						"4.05": [6.32, -1, -2.25],
						"4.1": [6.33, -1, -2.21],
						"4.15": [6.34, -0.99, -2.17],
						"4.2": [6.34, -0.98, -2.14],
						"4.25": [6.34, -0.97, -2.11],
						"4.3": [6.34, -0.95, -2.08],
						"4.35": [6.35, -0.93, -2.07],
						"4.4": [6.37, -0.92, -2.08],
						"4.45": [6.39, -0.9, -2.11],
						"4.5": [6.41, -0.89, -2.14],
						"4.55": [6.42, -0.86, -2.16],
						"4.6": [6.41, -0.82, -2.16],
						"4.65": [6.36, -0.77, -2.13],
						"4.7": [6.29, -0.7, -2.05],
						"4.75": [6.16, -0.6, -1.91],
						"4.8": [5.77, -0.33, -1.48],
						"4.85": [5.22, 0.04, -0.87],
						"4.9": [4.61, 0.44, -0.19],
						"4.95": [4.04, 0.8, 0.46],
						"5.0": [3.61, 1.07, 0.95],
						"5.05": [3.12, 1.33, 1.6],
						"5.1": [2.95, 1.39, 1.9],
						"5.15": [2.9, 1.42, 1.95],
						"5.2": [2.93, 1.41, 1.99],
						"5.25": [2.98, 1.4, 2.86],
						"5.3": [3.01, 1.4, 1.98],
						"5.35": [3.05, 1.39, 1.11],
						"5.4": [3.09, 1.38, 1.29],
						"5.45": [3.14, 1.37, 1.77],
						"5.5": [3.18, 1.36, 2.12],
						"5.55": [3.23, 1.35, 2.06],
						"5.6": [3.26, 1.34, 1.98],
						"5.65": [3.25, 1.33, 2.84],
						"5.7": [3.13, 1.31, 2.45],
						"5.75": [2.98, 1.29, 1.8],
						"5.8": [2.86, 1.3, 1.38],
						"5.85": [2.83, 1.4, 1.48],
						"5.9": [2.85, 1.51, 1.9],
						"5.95": [2.86, 1.63, 3.01],
						"6.0": [2.9, 1.76, 2.12],
						"6.05": [2.96, 1.89, 1.23],
						"6.1": [3.01, 1.94, 1.39],
						"6.15": [3.06, 1.99, 1.86],
						"6.2": [3.13, 2.02, 2.22],
						"6.25": [3.18, 2.05, 2.26],
						"6.3": [3.22, 2.08, 2.19],
						"6.35": [3.3, 2.09, 2.14],
						"6.4": [3.46, 2.09, 2.2],
						"6.45": [4.86, 1.86, 3.49],
						"6.5": [4.58, 1.92, 2.37],
						"6.55": [4.16, 1.98, 1.11],
						"6.6": [4.2, 1.94, 1.06],
						"6.65": [4.34, 1.87, 1.3],
						"6.7": [4.32, 1.69, 1.31],
						"6.75": [3.92, 1.31, 0.84],
						"6.8": [3.36, 0.82, 0.15],
						"6.85": [2.97, 0.45, -0.45],
						"6.9": [2.92, 0.34, -0.72],
						"6.95": [2.95, 0.29, -0.97],
						"7.0": [3.04, 0.28, -1.18],
						"7.05": [3.14, 0.28, -1.34],
						"7.1": [3.2, 0.27, -1.44],
						"7.15": [3.28, 0.26, -1.26],
						"7.2": [3.34, 0.28, -1.1],
						"7.25": [3.35, 0.28, -1.44],
						"7.3": [3.36, 0.29, -1.96],
						"7.35": [3.36, 0.3, -2.27],
						"7.4": [3.37, 0.31, -2.25],
						"7.45": [3.38, 0.32, -2.08],
						"7.5": [3.38, 0.33, -1.86],
						"7.55": [3.39, 0.34, -1.7],
						"7.6": [3.4, 0.35, -1.45],
						"7.65": [3.4, 0.36, -1.7],
						"7.7": [3.41, 0.37, -1.97],
						"7.75": [3.41, 0.38, -1.97],
						"7.8": [3.46, 0.39, -1.84],
						"7.85": [3.79, 0.31, -1.23],
						"7.9": [3.02, 0.27, -1.69],
						"7.95": [2.19, 0.23, -2.09],
						"8.0": [2.13, 0.17, -1.86],
						"8.05": [2.24, 0.1, -1.42],
						"8.1": [2.13, 0.03, -0.95],
						"8.15": [1.54, -0.05, -0.45],
						"8.2": [0.72, -0.13, 0.08],
						"8.25": [0.13, -0.19, 0.38],
						"8.3": [-0.02, -0.21, 0.24],
						"8.35": [0.06, -0.21, -0.13],
						"8.4": [0.11, -0.19, -0.37],
						"8.45": [0.03, -0.13, -0.32],
						"8.5": [-0.07, -0.06, -0.14],
						"8.55": [-0.14, 0, 0],
						"8.6": [-0.13, 0.01, 0.03],
						"8.65": [-0.08, 0.01, 0.02],
						"8.7": [-0.03, 0, 0.01],
						"8.75": [0, 0, 0]
					}
				}
			},
			"sound_effects": {
				"0.05": {
					"effect": "tacz:hk_g3/hk_g3_inspect_raise"
				},
				"1.35": {
					"effect": "tacz:hk_g3/hk_g3_inspect_tilt"
				},
				"2.4": {
					"effect": "tacz:hk_g3/hk_g3_inspect_magout"
				},
				"3.45": {
					"effect": "tacz:hk_g3/hk_g3_inspect_mvt"
				},
				"4.65": {
					"effect": "tacz:hk_g3/hk_g3_inspect_flip"
				},
				"4.7": {
					"effect": "tacz:hk_g3/hk_g3_inspect_drum_carrierback"
				},
				"4.95": {
					"effect": "tacz:hk_g3/hk_g3_inspect_drum_carrierback"
				},
				"5.2": {
					"effect": "tacz:hk_g3/hk_g3_inspect_drum_carrierrelease"
				},
				"5.25": {
					"effect": "tacz:hk_g3/hk_g3_reload_empty_carrierback"
				},
				"5.55": {
					"effect": "tacz:hk_g3/hk_g3_inspect_drum_carrierrelease"
				},
				"5.65": {
					"effect": "tacz:hk_g3/hk_g3_reload_empty_drum_quick_charge"
				},
				"6.3": {
					"effect": "tacz:hk_g3/hk_g3_inspect_drum_carrierrelease"
				},
				"6.8": {
					"effect": "tacz:hk_g3/hk_g3_inspect_smag_maggrab"
				},
				"6.85": {
					"effect": "tacz:hk_g3/hk_g3_inspect_xmag_magrattle"
				},
				"7.15": {
					"effect": "tacz:hk_g3/hk_g3_inspect_magwellin"
				},
				"7.6": {
					"effect": "tacz:hk_g3/hk_g3_inspect_magclick"
				},
				"7.95": {
					"effect": "tacz:hk_g3/hk_g3_inspect_shoulder"
				}
			}
		}
	}
}