{
    "slot": "the_continental:attachment/slot/laser_socom_lam",
    "model": "the_continental:attachment/laser_socom_lam_geo",
    "texture": "the_continental:attachment/uv/laser_socom_lam",
    "sounds": {
      "install": "tacz:attachments/attachment_general_b",
      "uninstall": "tacz:attachments/attachment_general_uninstall"
  },
  "laser": {
    // 默认的镭射颜色 default laser color, 0x = #
    "default_color": "0x00ff00",
    // 是否允许在改装界面自定义该镭射的颜色 can be customized
    "can_edit": true,
    // 激光的长度（因为是渐变，末端可能实际完全看不见）laser length
    "length": 50
  }
}