{
  "materials": [
    {
      "item": {
        "tag": "forge:ingots/iron"
      },
      "count": 16
    },
    {
      "item": {
        "tag": "minecraft:logs"
      },
      "count": 4
    },
    {
      "item": {
        "tag": "forge:gems/lapis"
      },
      "count": 4
    },
    {
      "item": {
        "tag": "forge:gems/quartz"
      },
      "count": 8
    }
  ],
  "result": {
    "type": "gun",
    "id": "the_continental:apb"
  },
  "type": "tacz:gun_smith_table_crafting"
}