{
  "materials": [
    {
      "item": {
        "tag": "forge:ingots/gold"
      },
      "count": 8
    },
    {
      "item": {
        "tag": "forge:ingots/iron"
      },
      "count": 72
    },
    {
      "item": {
        "tag": "forge:gems/quartz"
      },
      "count": 16
    }
  ],
  "result": {
    "type": "gun",
    "id": "the_continental:qcw05",
    "attachment":{
        "muzzle":"the_continental:muzzle_silencer_05"
    }
  },
  "type": "tacz:gun_smith_table_crafting"
}