{
  "materials": [
    {
      "item": {
        "tag": "forge:ingots/gold"
      },
      "count": 4
    },
    {
      "item": {
        "tag": "forge:ingots/iron"
      },
      "count": 24
    },
    {
      "item": {
        "tag": "forge:gems/lapis"
      },
      "count": 4
    },
    {
      "item":{
        "tag":"forge:dyes/orange"
      },
      "count":2
    }
  ],
  "result": {
    "type": "gun",
    "id": "the_continental:shdx45"
  },
  "type": "tacz:gun_smith_table_crafting"
}