{
    "materials": [
      {
        "item": {
          "tag": "forge:ingots/gold"
        },
        "count": 2
      },
      {
        "item": {
          "tag": "forge:ingots/iron"
        },
        "count": 16
      },
      {
        "item": {
          "tag": "forge:gems/quartz"
        },
        "count": 2
      },
      {
      "item":{
        "tag":"forge:dyes/white"
      },
      "count":2
    },
     {
      "item":{
        "tag":"forge:dyes/black"
      },
      "count":2
    }
    ],
    "result": {
      "type": "gun",
      "id": "the_continental:yanse"
    },
    "type": "tacz:gun_smith_table_crafting"
  }