{
  "slot": "re:attachments/slot/laser_re4",
  "model": "re:attachment/laser_re4_geo",
  "texture": "re:attachments/uv/laser_re4",

  "adapter": "laser_adapter",
  "sounds": {
    "install": "tacz:attachments/attachment_general_b",
    "uninstall": "tacz:attachments/attachment_general_uninstall"
  },
  "laser": {
    // 默认的镭射颜色 default laser color, 0x = #
    "default_color": "0xFF0000",
    // 是否允许在改装界面自定义该镭射的颜色 can be customized
    "can_edit": false,
    // 激光的长度（因为是渐变，末端可能实际完全看不见）laser length
    "length": 20,
    // 激光的宽度 laser width
    "width": 0.008
  }
}z