{
  "model": "tgz:gun/hs12_geo",
  "texture": "tgz:gun/uv/hs12",
  "lod": {
    "model": "tgz:gun/lod/hs12",
    "texture": "tgz:gun/lod/hs12"
  },
  "hud": "tgz:gun/hud/hs12",
  "slot": "tgz:gun/slot/hs12",
  "animation": "tgz:hs12",
  "use_default_animation": "rifle",
  "third_person_animation": "default",
  "transform": {
    "scale": {
      "thirdperson": [0.6, 0.6, 0.6],
      "ground": [0.6, 0.6, 0.6],
      "fixed": [1.2, 1.2, 1.2]
    }
  },
  "muzzle_flash": {
    "texture": "tacz:flash/common_muzzle_flash",
    "scale": 0.75
  },
  "sounds": {
    "reload_empty": "tgz:hs12/hs12_reload_empty",
    "reload_tactical": "tgz:hs12/hs12_reload_tactical",
    "inspect": "tgz:hs12/hs12_inspect",
    "inspect_empty": "tgz:hs12/hs12_inspect_empty",
    "draw": "tacz:db_short/db_short_draw",
    "put_away": "tacz:db_short/db_short_put_away",
    "shoot": "tgz:hs12/hs12_shoot",
    "shoot_3p": "tgz:hs12/hs12_shoot_3p",
    "melee_push": "tacz:melee_stock/melee_stock_01",
    "melee_stock": "tacz:melee_stock/melee_stock_03"
  },
  "offhand_show": {
    "pos": [0, 20, 4],
    "rotate": [0, 0, 60],
    "scale": [0.5, 0.5, 0.5]
  },
  "hotbar_show": {
    "0": {
      "pos": [0, 20, 3],
      "rotate": [-180, 0, 120],
      "scale": [0.5, 0.5, 0.5]
    }
  }
}