{
  "materials": [
    {
      "item": {
        "tag": "forge:ingots/gold"
      },
      "count": 48
    },
    {
      "item": {
        "tag": "forge:ingots/iron"
      },
      "count": 100
    },
    {
      "item": {
        "tag": "forge:gems/diamond"
      },
      "count": 16
    },
    {
      "item": {
        "tag": "minecraft:logs"
      },
      "count": 32
    }
  ],
  "result": {
    "type": "gun",
    "id": "hare:6p62"
  },
  "type": "tacz:gun_smith_table_crafting"
}