{
  "materials": [
    {
      "item": {
        "tag": "forge:ingots/gold"
      },
      "count": 12
    },
    {
      "item": {
        "tag": "forge:ingots/iron"
      },
      "count": 80
    },
    {
      "item": {
        "tag": "forge:gems/diamond"
      },
      "count": 4
    },
    {
      "item": {
        "tag": "forge:rods/blaze"
      },
      "count": 6
    }
  ],
  "result": {
    "type": "gun",
    "id": "hare:deryamk12",
		"attachments": {
      "muzzle": "hare:stock_mk12"
    }
  },
  "type": "tacz:gun_smith_table_crafting"
}