{
  "materials": [
    {
      "item": {
        "tag": "forge:ingots/gold"
      },
      "count": 8
    },
    {
      "item": {
        "tag": "forge:ingots/iron"
      },
      "count": 78
    },
    {
      "item": {
        "tag": "forge:leather"
      },
      "count": 5
    },
    {
      "item": {
        "tag": "forge:gems/lapis"
      },
      "count": 4
    }
  ],
  "result": {
    "type": "gun",
    "id": "hare:m18rr"
  },
  "type": "tacz:gun_smith_table_crafting"
}