{
  "materials": [
    {
      "item": {
        "tag": "forge:ingots/gold"
      },
      "count": 8
    },
    {
      "item": {
        "tag": "forge:ingots/iron"
      },
      "count": 48
    },
    {
      "item": {
        "tag": "forge:leather"
      },
      "count": 4
    },
    {
      "item": {
        "tag": "forge:dusts/redstone"
      },
      "count": 4
    }
  ],
  "result": {
    "type": "gun",
    "id": "hare:ots-14msurge",
		"attachments": {
      "muzzle": "hare:grip_xwb"
    }
  },
  "type": "tacz:gun_smith_table_crafting"
}