{
  "materials": [
    {
      "item": {
        "tag": "forge:ingots/gold"
      },
      "count": 24
    },
    {
      "item": {
        "tag": "forge:ingots/iron"
      },
      "count": 60
    },
    {
      "item": {
        "tag": "forge:dyes/yellow"
      },
      "count": 1
    },
    {
      "item": {
        "tag": "forge:dusts/redstone"
      },
      "count": 4
    }
  ],
  "result": {
    "type": "gun",
    "id": "hare:ssw40"
  },
  "type": "tacz:gun_smith_table_crafting"
}