{
	"format_version": "1.12.0",
	"minecraft:geometry": [
		{
			"description": {
				"identifier": "geometry.sight_coyote - Converted",
				"texture_width": 128,
				"texture_height": 128,
				"visible_bounds_width": 15,
				"visible_bounds_height": 2.5,
				"visible_bounds_offset": [0, 0.75, 0]
			},
			"bones": [
				{
					"name": "scope_body",
					"pivot": [0, 21.7, -2]
				},
				{
					"name": "knobs",
					"parent": "scope_body",
					"pivot": [0, 21.7, -2]
				},
				{
					"name": "octagon3",
					"parent": "knobs",
					"pivot": [0, 21.7, -2]
				},
				{
					"name": "octagon9",
					"parent": "knobs",
					"pivot": [0, 21.7, -2]
				},
				{
					"name": "screws",
					"parent": "scope_body",
					"pivot": [0, 21.65581, -0.75]
				},
				{
					"name": "pattern",
					"parent": "scope_body",
					"pivot": [-8.45313, 8.8125, 6.25]
				},
				{
					"name": "552",
					"parent": "scope_body",
					"pivot": [-1, 3.40625, 6],
					"cubes": [
						{
							"origin": [1.25, 0.53125, -0.5625],
							"size": [0.01562, 0.5, 1.0625],
							"uv": {
								"north": {"uv": [12, 32], "uv_size": [0.5, 0.5]},
								"south": {"uv": [32, 12], "uv_size": [0.5, 0.5]},
								"west": {"uv": [20, 15], "uv_size": [1, 0.5]},
								"up": {"uv": [16, 20], "uv_size": [0.5, 1]},
								"down": {"uv": [20, 17], "uv_size": [0.5, -1]}
							}
						}
					]
				},
				{
					"name": "group",
					"parent": "552",
					"pivot": [-1, 3.40625, 6]
				},
				{
					"name": "group9",
					"parent": "group",
					"pivot": [-2.0508, 4.12301, 8.1875],
					"cubes": [
						{
							"origin": [1.125, 0.64237, 0.30351],
							"size": [0.125, 0.75, 0.3125],
							"inflate": 0.001,
							"pivot": [0, 1.01737, 0.49101],
							"rotation": [22.5, 0, 0],
							"uv": {
								"east": {"uv": [15, 16], "uv_size": [0.5, 1]},
								"south": {"uv": [16, 16], "uv_size": [0.5, 1]},
								"west": {"uv": [0, 17], "uv_size": [0.5, 1]}
							}
						},
						{
							"origin": [1.126, 0.53967, -2.19356],
							"size": [0.123, 0.55991, 1.29313],
							"inflate": -0.001,
							"pivot": [1.06691, 0.82092, -2.56856],
							"rotation": [60, 0, 0],
							"uv": {
								"east": {"uv": [15, 9], "uv_size": [1.5, 0.5]},
								"west": {"uv": [10, 15], "uv_size": [1.5, 0.5]},
								"up": {"uv": [15, 10], "uv_size": [0.5, 1.5]}
							}
						},
						{
							"origin": [1.126, 2.43591, -1.99373],
							"size": [0.04893, 0.0625, 0.17989],
							"inflate": 0.001,
							"pivot": [1.15046, 2.46716, -1.90379],
							"rotation": [60, 0, 0],
							"uv": {
								"east": {"uv": [17, 20], "uv_size": [0.5, 0.5]},
								"west": {"uv": [20, 17], "uv_size": [0.5, 0.5]},
								"up": {"uv": [18, 20], "uv_size": [0.5, 0.5]}
							}
						},
						{
							"origin": [-1.22784, 1.03707, -0.90044],
							"size": [0.01058, 0.0625, 0.05291],
							"inflate": 0.001,
							"pivot": [-1.06691, 0.82092, -2.56856],
							"rotation": [60, 0, 0],
							"uv": {
								"east": {"uv": [20, 18], "uv_size": [0.5, 0.5]},
								"west": {"uv": [19, 20], "uv_size": [0.5, 0.5]},
								"up": {"uv": [20, 19], "uv_size": [0.5, 0.5]}
							}
						},
						{
							"origin": [-1.23842, 1.03707, -0.90044],
							"size": [0.01058, 0.0625, 0.03175],
							"inflate": 0.001,
							"pivot": [-1.06691, 0.82092, -2.56856],
							"rotation": [60, 0, 0],
							"uv": {
								"east": {"uv": [20, 20], "uv_size": [0.5, 0.5]},
								"west": {"uv": [0, 21], "uv_size": [0.5, 0.5]},
								"up": {"uv": [21, 0], "uv_size": [0.5, 0.5]}
							}
						},
						{
							"origin": [-1.21725, 1.03707, -0.90044],
							"size": [0.01587, 0.0625, 0.07937],
							"inflate": 0.001,
							"pivot": [-1.06691, 0.82092, -2.56856],
							"rotation": [60, 0, 0],
							"uv": {
								"east": {"uv": [1, 21], "uv_size": [0.5, 0.5]},
								"west": {"uv": [21, 1], "uv_size": [0.5, 0.5]},
								"up": {"uv": [2, 21], "uv_size": [0.5, 0.5]}
							}
						},
						{
							"origin": [-1.20138, 1.03707, -0.90044],
							"size": [0.02646, 0.0625, 0.11111],
							"inflate": 0.001,
							"pivot": [-1.06691, 0.82092, -2.56856],
							"rotation": [60, 0, 0],
							"uv": {
								"east": {"uv": [21, 2], "uv_size": [0.5, 0.5]},
								"west": {"uv": [3, 21], "uv_size": [0.5, 0.5]},
								"up": {"uv": [21, 3], "uv_size": [0.5, 0.5]}
							}
						},
						{
							"origin": [-1.17493, 1.03707, -0.90044],
							"size": [0.04893, 0.0625, 0.17989],
							"inflate": 0.001,
							"pivot": [-1.06691, 0.82092, -2.56856],
							"rotation": [60, 0, 0],
							"uv": {
								"east": {"uv": [4, 21], "uv_size": [0.5, 0.5]},
								"west": {"uv": [21, 4], "uv_size": [0.5, 0.5]},
								"up": {"uv": [5, 21], "uv_size": [0.5, 0.5]}
							}
						},
						{
							"origin": [1.17493, 1.03707, -0.90044],
							"size": [0.02646, 0.0625, 0.11111],
							"inflate": 0.001,
							"pivot": [1.06691, 0.82092, -2.56856],
							"rotation": [60, 0, 0],
							"uv": {
								"east": {"uv": [21, 5], "uv_size": [0.5, 0.5]},
								"west": {"uv": [6, 21], "uv_size": [0.5, 0.5]},
								"up": {"uv": [21, 6], "uv_size": [0.5, 0.5]}
							}
						},
						{
							"origin": [1.20138, 1.03707, -0.90044],
							"size": [0.01587, 0.0625, 0.07937],
							"inflate": 0.001,
							"pivot": [1.06691, 0.82092, -2.56856],
							"rotation": [60, 0, 0],
							"uv": {
								"east": {"uv": [7, 21], "uv_size": [0.5, 0.5]},
								"west": {"uv": [21, 7], "uv_size": [0.5, 0.5]},
								"up": {"uv": [8, 21], "uv_size": [0.5, 0.5]}
							}
						},
						{
							"origin": [1.21725, 1.03707, -0.90044],
							"size": [0.01058, 0.0625, 0.05291],
							"inflate": 0.001,
							"pivot": [1.06691, 0.82092, -2.56856],
							"rotation": [60, 0, 0],
							"uv": {
								"east": {"uv": [21, 8], "uv_size": [0.5, 0.5]},
								"west": {"uv": [9, 21], "uv_size": [0.5, 0.5]},
								"up": {"uv": [21, 9], "uv_size": [0.5, 0.5]}
							}
						},
						{
							"origin": [1.22784, 1.03707, -0.90044],
							"size": [0.01058, 0.0625, 0.03175],
							"inflate": 0.001,
							"pivot": [1.06691, 0.82092, -2.56856],
							"rotation": [60, 0, 0],
							"uv": {
								"east": {"uv": [10, 21], "uv_size": [0.5, 0.5]},
								"west": {"uv": [21, 10], "uv_size": [0.5, 0.5]},
								"up": {"uv": [11, 21], "uv_size": [0.5, 0.5]}
							}
						},
						{
							"origin": [1.125, 1.34375, -1.97619],
							"size": [0.125, 1.0625, 2.10119],
							"uv": {
								"east": {"uv": [6, 9], "uv_size": [2, 1]},
								"south": {"uv": [17, 0], "uv_size": [0.5, 1]},
								"west": {"uv": [8, 9], "uv_size": [2, 1]}
							}
						},
						{
							"origin": [-1.251, 1.75, -1.6875],
							"size": [0.0635, 0.4, 1.6625],
							"uv": {
								"north": {"uv": [17, 23], "uv_size": [0, 0.5]},
								"east": {"uv": [0, 44], "uv_size": [64, 16]},
								"south": {"uv": [38, 42], "uv_size": [0, 0.5]},
								"west": {"uv": [26, 0], "uv_size": [1.5, 0.5]},
								"up": {"uv": [39, 42], "uv_size": [0, 1.5]},
								"down": {"uv": [42, 40.5], "uv_size": [0, -1.5]}
							}
						},
						{
							"origin": [1.1875, 1.75, -1.6875],
							"size": [0.0635, 0.4, 1.6625],
							"uv": {
								"north": {"uv": [5, 14], "uv_size": [0, 0.5]},
								"east": {"uv": [25, 21], "uv_size": [1.5, 0.5]},
								"south": {"uv": [2, 18], "uv_size": [0, 0.5]},
								"west": {"uv": [0, 44], "uv_size": [64, 16]},
								"up": {"uv": [6, 22], "uv_size": [0, 1.5]},
								"down": {"uv": [42, 37.5], "uv_size": [0, -1.5]}
							}
						},
						{
							"origin": [-1.25, 1.46875, -1.97619],
							"size": [0.125, 0.9375, 2.10119],
							"uv": {
								"east": {"uv": [6, 10], "uv_size": [2, 1]},
								"south": {"uv": [1, 17], "uv_size": [0.5, 1]},
								"west": {"uv": [10, 7], "uv_size": [2, 1]}
							}
						},
						{
							"origin": [1.125, 1.21344, -0.07807],
							"size": [0.125, 0.5, 0.3125],
							"inflate": -0.001,
							"pivot": [0, 1.58844, 0.10943],
							"rotation": [45, 0, 0],
							"uv": {
								"east": {"uv": [21, 11], "uv_size": [0.5, 0.5]},
								"south": {"uv": [12, 21], "uv_size": [0.5, 0.5]},
								"west": {"uv": [21, 12], "uv_size": [0.5, 0.5]}
							}
						},
						{
							"origin": [-1.25, 0.15625, 0.4375],
							"size": [0.125, 0.5625, 0.3125],
							"uv": {
								"east": {"uv": [13, 21], "uv_size": [0.5, 0.5]},
								"south": {"uv": [21, 13], "uv_size": [0.5, 0.5]},
								"west": {"uv": [14, 21], "uv_size": [0.5, 0.5]}
							}
						},
						{
							"origin": [-1.25, 0.64237, 0.30351],
							"size": [0.125, 0.75, 0.3125],
							"inflate": -0.001,
							"pivot": [0, 1.01737, 0.49101],
							"rotation": [22.5, 0, 0],
							"uv": {
								"east": {"uv": [17, 1], "uv_size": [0.5, 1]},
								"south": {"uv": [3, 17], "uv_size": [0.5, 1]},
								"west": {"uv": [6, 17], "uv_size": [0.5, 1]}
							}
						},
						{
							"origin": [0.9375, -0.28125, -2.55695],
							"size": [0.3125, 0.4375, 1.18195],
							"uv": {
								"north": {"uv": [21, 14], "uv_size": [0.5, 0.5]},
								"south": {"uv": [15, 21], "uv_size": [0.5, 0.5]},
								"west": {"uv": [7, 17], "uv_size": [1, 0.5]},
								"up": {"uv": [17, 7], "uv_size": [0.5, 1]},
								"down": {"uv": [17, 9], "uv_size": [0.5, -1]}
							}
						},
						{
							"origin": [1.125, 0.03081, -2.59768],
							"size": [0.125, 0.1875, 0.12375],
							"pivot": [1.09375, 0.15581, -2.53581],
							"rotation": [45, 0, 0],
							"uv": {
								"north": {"uv": [21, 15], "uv_size": [0.5, 0.5]},
								"south": {"uv": [16, 21], "uv_size": [0.5, 0.5]},
								"west": {"uv": [21, 16], "uv_size": [0.5, 0.5]},
								"up": {"uv": [17, 21], "uv_size": [0.5, 0.5]},
								"down": {"uv": [21, 17.5], "uv_size": [0.5, -0.5]}
							}
						},
						{
							"origin": [1.125, 0.03081, -1.49814],
							"size": [0.125, 0.1875, 0.24875],
							"inflate": -0.001,
							"pivot": [1.09375, 0.15581, -1.43627],
							"rotation": [45, 0, 0],
							"uv": {
								"north": {"uv": [18, 21], "uv_size": [0.5, 0.5]},
								"south": {"uv": [21, 18], "uv_size": [0.5, 0.5]},
								"west": {"uv": [19, 21], "uv_size": [0.5, 0.5]},
								"up": {"uv": [21, 19], "uv_size": [0.5, 0.5]},
								"down": {"uv": [20, 21.5], "uv_size": [0.5, -0.5]}
							}
						},
						{
							"origin": [-1.25, 1.21344, -0.07807],
							"size": [0.125, 0.5, 0.3125],
							"pivot": [0, 1.58844, 0.10943],
							"rotation": [45, 0, 0],
							"uv": {
								"east": {"uv": [21, 20], "uv_size": [0.5, 0.5]},
								"south": {"uv": [21, 21], "uv_size": [0.5, 0.5]},
								"west": {"uv": [0, 22], "uv_size": [0.5, 0.5]}
							}
						},
						{
							"origin": [0.67707, 2.66319, -1.77292],
							"size": [0.41834, 0.12882, 1.9703],
							"pivot": [0.88048, 2.66319, -0.8125],
							"rotation": [0, 0, 22.5],
							"uv": {
								"north": {"uv": [22, 0], "uv_size": [0.5, 0.5]},
								"south": {"uv": [1, 22], "uv_size": [0.5, 0.5]},
								"up": {"uv": [1, 13], "uv_size": [0.5, 2]},
								"down": {"uv": [6, 15], "uv_size": [0.5, -2]}
							}
						},
						{
							"origin": [-1.0954, 2.66319, -1.77292],
							"size": [0.41944, 0.12837, 1.9703],
							"pivot": [-0.88048, 2.66319, -0.8125],
							"rotation": [0, 0, -22.5],
							"uv": {
								"north": {"uv": [22, 1], "uv_size": [0.5, 0.5]},
								"south": {"uv": [2, 22], "uv_size": [0.5, 0.5]},
								"up": {"uv": [7, 13], "uv_size": [0.5, 2]},
								"down": {"uv": [13, 9], "uv_size": [0.5, -2]}
							}
						},
						{
							"origin": [1.05235, 2.66319, -1.81743],
							"size": [0.04305, 0.12882, 0.06743],
							"pivot": [0.88048, 2.66319, -0.8125],
							"rotation": [0, 0, 22.5],
							"uv": {
								"north": {"uv": [22, 2], "uv_size": [0.5, 0.5]},
								"south": {"uv": [3, 22], "uv_size": [0.5, 0.5]},
								"up": {"uv": [22, 3], "uv_size": [0.5, 0.5]},
								"down": {"uv": [4, 22.5], "uv_size": [0.5, -0.5]}
							}
						},
						{
							"origin": [0.70378, 2.65419, -1.8008],
							"size": [0.41146, 0.12873, 0.07195],
							"pivot": [0.91503, 2.7186, -1.76488],
							"rotation": [0, 7.5, 22.5],
							"uv": {
								"north": {"uv": [22, 4], "uv_size": [0.5, 0.5]},
								"south": {"uv": [5, 22], "uv_size": [0.5, 0.5]},
								"up": {"uv": [22, 5], "uv_size": [0.5, 0.5]},
								"down": {"uv": [6, 22.5], "uv_size": [0.5, -0.5]}
							}
						},
						{
							"origin": [1.11524, 2.65419, -1.8008],
							"size": [0.0091, 0.12882, 0.01048],
							"pivot": [0.91503, 2.7186, -1.76488],
							"rotation": [0, 7.5, 22.5],
							"uv": {
								"north": {"uv": [22, 6], "uv_size": [0.5, 0.5]},
								"south": {"uv": [7, 22], "uv_size": [0.5, 0.5]},
								"up": {"uv": [22, 7], "uv_size": [0.5, 0.5]},
								"down": {"uv": [8, 22.5], "uv_size": [0.5, -0.5]}
							}
						},
						{
							"origin": [1.0508, 2.34176, -1.75938],
							"size": [0.125, 0.31791, 1.88438],
							"pivot": [1.0508, 2.56051, -0.8125],
							"rotation": [0, 0, -22.5],
							"uv": {
								"north": {"uv": [22, 8], "uv_size": [0.5, 0.5]},
								"east": {"uv": [8, 13], "uv_size": [2, 0.5]},
								"south": {"uv": [9, 22], "uv_size": [0.5, 0.5]},
								"west": {"uv": [13, 9], "uv_size": [2, 0.5]}
							}
						},
						{
							"origin": [1.0508, 2.57132, 0.11562],
							"size": [0.125, 0.08835, 0.08175],
							"pivot": [1.0508, 2.56051, -0.8125],
							"rotation": [0, 0, -22.5],
							"uv": {
								"north": {"uv": [22, 9], "uv_size": [0.5, 0.5]},
								"east": {"uv": [10, 22], "uv_size": [0.5, 0.5]},
								"south": {"uv": [22, 10], "uv_size": [0.5, 0.5]},
								"west": {"uv": [11, 22], "uv_size": [0.5, 0.5]}
							}
						},
						{
							"origin": [1.06892, 2.36819, 0.07865],
							"size": [0.125, 0.2407, 0.0956],
							"pivot": [1.13143, 2.52919, 0.15625],
							"rotation": [-17.5, 0, -22.5],
							"uv": {
								"north": {"uv": [22, 11], "uv_size": [0.5, 0.5]},
								"east": {"uv": [12, 22], "uv_size": [0.5, 0.5]},
								"south": {"uv": [22, 12], "uv_size": [0.5, 0.5]},
								"west": {"uv": [13, 22], "uv_size": [0.5, 0.5]}
							}
						},
						{
							"origin": [-1.1758, 2.57132, 0.11562],
							"size": [0.125, 0.08835, 0.08175],
							"pivot": [-1.0508, 2.56051, -0.8125],
							"rotation": [0, 0, 22.5],
							"uv": {
								"north": {"uv": [22, 13], "uv_size": [0.5, 0.5]},
								"east": {"uv": [14, 22], "uv_size": [0.5, 0.5]},
								"south": {"uv": [22, 14], "uv_size": [0.5, 0.5]},
								"west": {"uv": [15, 22], "uv_size": [0.5, 0.5]}
							}
						},
						{
							"origin": [-1.19393, 2.36819, 0.07865],
							"size": [0.125, 0.2407, 0.0956],
							"pivot": [-1.13143, 2.52919, 0.15625],
							"rotation": [-17.5, 0, 22.5],
							"uv": {
								"north": {"uv": [22, 15], "uv_size": [0.5, 0.5]},
								"east": {"uv": [16, 22], "uv_size": [0.5, 0.5]},
								"south": {"uv": [22, 16], "uv_size": [0.5, 0.5]},
								"west": {"uv": [17, 22], "uv_size": [0.5, 0.5]}
							}
						},
						{
							"origin": [-1.1758, 2.34176, -1.75938],
							"size": [0.125, 0.31791, 1.88438],
							"pivot": [-1.0508, 2.56051, -0.8125],
							"rotation": [0, 0, 22.5],
							"uv": {
								"north": {"uv": [22, 17], "uv_size": [0.5, 0.5]},
								"east": {"uv": [13, 10], "uv_size": [2, 0.5]},
								"south": {"uv": [18, 22], "uv_size": [0.5, 0.5]},
								"west": {"uv": [13, 11], "uv_size": [2, 0.5]}
							}
						},
						{
							"origin": [1.0508, 2.34176, -1.84342],
							"size": [0.125, 0.19291, 0.08405],
							"pivot": [1.0508, 2.56051, -0.8125],
							"rotation": [0, 0, -22.5],
							"uv": {
								"north": {"uv": [22, 18], "uv_size": [0.5, 0.5]},
								"east": {"uv": [19, 22], "uv_size": [0.5, 0.5]},
								"south": {"uv": [22, 19], "uv_size": [0.5, 0.5]},
								"west": {"uv": [20, 22], "uv_size": [0.5, 0.5]}
							}
						},
						{
							"origin": [1.0508, 2.53467, -1.82801],
							"size": [0.125, 0.125, 0.06863],
							"pivot": [1.0508, 2.56051, -0.8125],
							"rotation": [0, 0, -22.5],
							"uv": {
								"north": {"uv": [22, 20], "uv_size": [0.5, 0.5]},
								"east": {"uv": [21, 22], "uv_size": [0.5, 0.5]},
								"south": {"uv": [22, 21], "uv_size": [0.5, 0.5]},
								"west": {"uv": [22, 22], "uv_size": [0.5, 0.5]}
							}
						},
						{
							"origin": [1.0508, 2.34176, -1.95248],
							"size": [0.125, 0.05085, 0.10906],
							"pivot": [1.0508, 2.56051, -0.8125],
							"rotation": [0, 0, -22.5],
							"uv": {
								"north": {"uv": [0, 23], "uv_size": [0.5, 0.5]},
								"east": {"uv": [23, 0], "uv_size": [0.5, 0.5]},
								"south": {"uv": [1, 23], "uv_size": [0.5, 0.5]},
								"west": {"uv": [23, 1], "uv_size": [0.5, 0.5]}
							}
						},
						{
							"origin": [1.0508, 2.34176, -1.96835],
							"size": [0.125, 0.00853, 0.12493],
							"pivot": [1.0508, 2.56051, -0.8125],
							"rotation": [0, 0, -22.5],
							"uv": {
								"north": {"uv": [2, 23], "uv_size": [0.5, 0.5]},
								"east": {"uv": [23, 2], "uv_size": [0.5, 0.5]},
								"south": {"uv": [3, 23], "uv_size": [0.5, 0.5]},
								"west": {"uv": [23, 3], "uv_size": [0.5, 0.5]}
							}
						},
						{
							"origin": [1.06742, 2.36812, -1.89113],
							"size": [0.125, 0.29451, 0.12033],
							"pivot": [1.12993, 2.53281, -1.80303],
							"rotation": [-25, 0, -22.5],
							"uv": {
								"north": {"uv": [4, 23], "uv_size": [0.5, 0.5]},
								"east": {"uv": [23, 4], "uv_size": [0.5, 0.5]},
								"south": {"uv": [5, 23], "uv_size": [0.5, 0.5]},
								"west": {"uv": [23, 5], "uv_size": [0.5, 0.5]}
							}
						},
						{
							"origin": [1.06742, 2.66264, -1.89113],
							"size": [0.08797, 0.03704, 0.12033],
							"pivot": [1.12993, 2.53281, -1.80303],
							"rotation": [-25, 0, -22.5],
							"uv": {
								"north": {"uv": [6, 23], "uv_size": [0.5, 0.5]},
								"east": {"uv": [23, 6], "uv_size": [0.5, 0.5]},
								"south": {"uv": [7, 23], "uv_size": [0.5, 0.5]},
								"west": {"uv": [23, 7], "uv_size": [0.5, 0.5]}
							}
						},
						{
							"origin": [-1.18185, 2.66264, -1.89113],
							"size": [0.02646, 0.01058, 0.12033],
							"pivot": [-1.12993, 2.53281, -1.80303],
							"rotation": [-25, 0, 22.5],
							"uv": {
								"north": {"uv": [8, 23], "uv_size": [0.5, 0.5]},
								"east": {"uv": [23, 8], "uv_size": [0.5, 0.5]},
								"south": {"uv": [9, 23], "uv_size": [0.5, 0.5]},
								"west": {"uv": [23, 9], "uv_size": [0.5, 0.5]}
							}
						},
						{
							"origin": [-1.15539, 2.66264, -1.89113],
							"size": [0.08797, 0.03704, 0.12033],
							"pivot": [-1.12993, 2.53281, -1.80303],
							"rotation": [-25, 0, 22.5],
							"uv": {
								"north": {"uv": [10, 23], "uv_size": [0.5, 0.5]},
								"east": {"uv": [23, 10], "uv_size": [0.5, 0.5]},
								"south": {"uv": [11, 23], "uv_size": [0.5, 0.5]},
								"west": {"uv": [23, 11], "uv_size": [0.5, 0.5]}
							}
						},
						{
							"origin": [1.15539, 2.66264, -1.89113],
							"size": [0.02646, 0.01058, 0.12033],
							"pivot": [1.12993, 2.53281, -1.80303],
							"rotation": [-25, 0, -22.5],
							"uv": {
								"north": {"uv": [12, 23], "uv_size": [0.5, 0.5]},
								"east": {"uv": [23, 12], "uv_size": [0.5, 0.5]},
								"south": {"uv": [13, 23], "uv_size": [0.5, 0.5]},
								"west": {"uv": [23, 13], "uv_size": [0.5, 0.5]}
							}
						},
						{
							"origin": [-1.18714, 2.53764, -1.89113],
							"size": [0.01058, 0.00529, 0.12033],
							"pivot": [-1.12993, 2.40781, -1.80303],
							"rotation": [-25, 0, 22.5],
							"uv": {
								"north": {"uv": [14, 23], "uv_size": [0.5, 0.5]},
								"east": {"uv": [23, 14], "uv_size": [0.5, 0.5]},
								"south": {"uv": [15, 23], "uv_size": [0.5, 0.5]},
								"west": {"uv": [23, 15], "uv_size": [0.5, 0.5]}
							}
						},
						{
							"origin": [-1.17655, 2.53764, -1.89113],
							"size": [0.03175, 0.01587, 0.12033],
							"pivot": [-1.12993, 2.40781, -1.80303],
							"rotation": [-25, 0, 22.5],
							"uv": {
								"north": {"uv": [16, 23], "uv_size": [0.5, 0.5]},
								"east": {"uv": [23, 16], "uv_size": [0.5, 0.5]},
								"south": {"uv": [17, 23], "uv_size": [0.5, 0.5]},
								"west": {"uv": [23, 17], "uv_size": [0.5, 0.5]}
							}
						},
						{
							"origin": [1.14481, 2.53764, -1.89113],
							"size": [0.03175, 0.01587, 0.12033],
							"pivot": [1.12993, 2.40781, -1.80303],
							"rotation": [-25, 0, -22.5],
							"uv": {
								"north": {"uv": [18, 23], "uv_size": [0.5, 0.5]},
								"east": {"uv": [23, 18], "uv_size": [0.5, 0.5]},
								"south": {"uv": [19, 23], "uv_size": [0.5, 0.5]},
								"west": {"uv": [23, 19], "uv_size": [0.5, 0.5]}
							}
						},
						{
							"origin": [1.17655, 2.53764, -1.89113],
							"size": [0.01058, 0.00529, 0.12033],
							"pivot": [1.12993, 2.40781, -1.80303],
							"rotation": [-25, 0, -22.5],
							"uv": {
								"north": {"uv": [20, 23], "uv_size": [0.5, 0.5]},
								"east": {"uv": [23, 20], "uv_size": [0.5, 0.5]},
								"south": {"uv": [21, 23], "uv_size": [0.5, 0.5]},
								"west": {"uv": [23, 21], "uv_size": [0.5, 0.5]}
							}
						},
						{
							"origin": [1.06742, 2.3205, -1.89113],
							"size": [0.125, 0.04762, 0.02149],
							"pivot": [1.12993, 2.53281, -1.80303],
							"rotation": [-25, 0, -22.5],
							"uv": {
								"north": {"uv": [22, 23], "uv_size": [0.5, 0.5]},
								"east": {"uv": [23, 22], "uv_size": [0.5, 0.5]},
								"south": {"uv": [23, 23], "uv_size": [0.5, 0.5]},
								"west": {"uv": [0, 24], "uv_size": [0.5, 0.5]}
							}
						},
						{
							"origin": [1.06742, 2.31532, -1.89113],
							"size": [0.125, 0.00518, 0.00711],
							"pivot": [1.12993, 2.53281, -1.80303],
							"rotation": [-25, 0, -22.5],
							"uv": {
								"north": {"uv": [24, 0], "uv_size": [0.5, 0.5]},
								"east": {"uv": [1, 24], "uv_size": [0.5, 0.5]},
								"south": {"uv": [24, 1], "uv_size": [0.5, 0.5]},
								"west": {"uv": [2, 24], "uv_size": [0.5, 0.5]}
							}
						},
						{
							"origin": [-0.74065, 2.73084, -1.77292],
							"size": [1.4825, 0.12921, 1.9703],
							"uv": {
								"north": {"uv": [15, 12], "uv_size": [1.5, 0.5]},
								"south": {"uv": [15, 14], "uv_size": [1.5, 0.5]},
								"up": {"uv": [4, 5], "uv_size": [1.5, 2]},
								"down": {"uv": [6, 2], "uv_size": [1.5, -2]}
							}
						},
						{
							"origin": [1.125, 0.15625, -2.62375],
							"size": [0.125, 1.12839, 0.62375],
							"uv": {
								"north": {"uv": [9, 17], "uv_size": [0.5, 1]},
								"east": {"uv": [17, 9], "uv_size": [0.5, 1]},
								"south": {"uv": [10, 17], "uv_size": [0.5, 1]},
								"west": {"uv": [17, 10], "uv_size": [0.5, 1]},
								"up": {"uv": [24, 2], "uv_size": [0.5, 0.5]},
								"down": {"uv": [3, 24.5], "uv_size": [0.5, -0.5]}
							}
						},
						{
							"origin": [1.125, 0.21875, -2],
							"size": [0.125, 1.12839, 2.4375],
							"uv": {
								"north": {"uv": [16, 13], "uv_size": [0.5, 1]},
								"east": {"uv": [4, 8], "uv_size": [2.5, 1]},
								"south": {"uv": [14, 16], "uv_size": [0.5, 1]},
								"west": {"uv": [8, 4], "uv_size": [2.5, 1]},
								"up": {"uv": [12, 10], "uv_size": [0.5, 2.5]},
								"down": {"uv": [11, 14.5], "uv_size": [0.5, -2.5]}
							}
						},
						{
							"origin": [-1.0625, 0.15625, -1.93509],
							"size": [2.125, 1.1875, 2.37259],
							"uv": {
								"north": {"uv": [8, 10], "uv_size": [2, 1]},
								"east": {"uv": [8, 5], "uv_size": [2.5, 1]},
								"south": {"uv": [10, 8], "uv_size": [2, 1]},
								"west": {"uv": [7, 8], "uv_size": [2.5, 1]},
								"up": {"uv": [0, 4], "uv_size": [2, 2.5]},
								"down": {"uv": [4, 2.5], "uv_size": [2, -2.5]}
							}
						},
						{
							"origin": [1.125, 0.15625, -2],
							"size": [0.125, 0.0625, 1.70866],
							"uv": {
								"north": {"uv": [24, 3], "uv_size": [0.5, 0.5]},
								"east": {"uv": [15, 15], "uv_size": [1.5, 0.5]},
								"south": {"uv": [4, 24], "uv_size": [0.5, 0.5]},
								"west": {"uv": [0, 16], "uv_size": [1.5, 0.5]},
								"up": {"uv": [16, 0], "uv_size": [0.5, 1.5]},
								"down": {"uv": [2, 17.5], "uv_size": [0.5, -1.5]}
							}
						},
						{
							"origin": [1.125, 0.21875, 0.4375],
							"size": [0.125, 0.5, 0.1875],
							"uv": {
								"north": {"uv": [24, 4], "uv_size": [0.5, 0.5]},
								"east": {"uv": [5, 24], "uv_size": [0.5, 0.5]},
								"south": {"uv": [24, 5], "uv_size": [0.5, 0.5]},
								"west": {"uv": [6, 24], "uv_size": [0.5, 0.5]},
								"up": {"uv": [24, 6], "uv_size": [0.5, 0.5]},
								"down": {"uv": [7, 24.5], "uv_size": [0.5, -0.5]}
							}
						},
						{
							"origin": [1.125, 0.1875, -0.30428],
							"size": [0.125, 0.09375, 0.13794],
							"inflate": -0.001,
							"pivot": [1.1875, 0.1875, -0.26009],
							"rotation": [45, 0, 0],
							"uv": {
								"north": {"uv": [24, 7], "uv_size": [0.5, 0.5]},
								"east": {"uv": [8, 24], "uv_size": [0.5, 0.5]},
								"south": {"uv": [24, 8], "uv_size": [0.5, 0.5]},
								"west": {"uv": [9, 24], "uv_size": [0.5, 0.5]},
								"up": {"uv": [24, 9], "uv_size": [0.5, 0.5]},
								"down": {"uv": [10, 24.5], "uv_size": [0.5, -0.5]}
							}
						},
						{
							"origin": [-0.375, 0.03125, -5.04946],
							"size": [0.75, 0.125, 5.86196],
							"uv": {
								"north": {"uv": [17, 11], "uv_size": [1, 0.5]},
								"east": {"uv": [6, 2], "uv_size": [6, 0.5]},
								"south": {"uv": [17, 12], "uv_size": [1, 0.5]},
								"west": {"uv": [6, 3], "uv_size": [6, 0.5]},
								"up": {"uv": [2, 0], "uv_size": [1, 6]},
								"down": {"uv": [3, 6], "uv_size": [1, -6]}
							}
						},
						{
							"origin": [0.375, -0.28125, -4.8125],
							"size": [0.5625, 0.4375, 5.625],
							"uv": {
								"north": {"uv": [24, 10], "uv_size": [0.5, 0.5]},
								"east": {"uv": [6, 6], "uv_size": [5.5, 0.5]},
								"south": {"uv": [11, 24], "uv_size": [0.5, 0.5]},
								"west": {"uv": [4, 7], "uv_size": [5.5, 0.5]},
								"up": {"uv": [0, 7], "uv_size": [0.5, 5.5]},
								"down": {"uv": [1, 12.5], "uv_size": [0.5, -5.5]}
							}
						},
						{
							"origin": [-0.9375, -0.28125, -4.80184],
							"size": [0.5625, 0.4375, 5.61434],
							"uv": {
								"north": {"uv": [24, 11], "uv_size": [0.5, 0.5]},
								"east": {"uv": [8, 0], "uv_size": [5.5, 0.5]},
								"south": {"uv": [12, 24], "uv_size": [0.5, 0.5]},
								"west": {"uv": [8, 1], "uv_size": [5.5, 0.5]},
								"up": {"uv": [2, 8], "uv_size": [0.5, 5.5]},
								"down": {"uv": [3, 13.5], "uv_size": [0.5, -5.5]}
							}
						},
						{
							"origin": [1.125, -0.03125, 0.625],
							"size": [0.125, 0.75339, 0.125],
							"uv": {
								"north": {"uv": [17, 13], "uv_size": [0.5, 1]},
								"east": {"uv": [14, 17], "uv_size": [0.5, 1]},
								"south": {"uv": [17, 14], "uv_size": [0.5, 1]},
								"west": {"uv": [15, 17], "uv_size": [0.5, 1]},
								"up": {"uv": [24, 12], "uv_size": [0.5, 0.5]},
								"down": {"uv": [13, 24.5], "uv_size": [0.5, -0.5]}
							}
						},
						{
							"origin": [-0.4375, 0.34375, 0.5],
							"size": [0.875, 0.125, 0.3125],
							"uv": {
								"north": {"uv": [17, 15], "uv_size": [1, 0.5]},
								"east": {"uv": [24, 13], "uv_size": [0.5, 0.5]},
								"south": {"uv": [16, 17], "uv_size": [1, 0.5]},
								"west": {"uv": [14, 24], "uv_size": [0.5, 0.5]},
								"up": {"uv": [17, 16], "uv_size": [1, 0.5]},
								"down": {"uv": [17, 17.5], "uv_size": [1, -0.5]}
							}
						},
						{
							"origin": [-0.4375, 0.15625, 0.5],
							"size": [0.875, 0.3125, 0.25],
							"uv": {
								"north": {"uv": [0, 18], "uv_size": [1, 0.5]},
								"east": {"uv": [24, 14], "uv_size": [0.5, 0.5]},
								"south": {"uv": [18, 0], "uv_size": [1, 0.5]},
								"west": {"uv": [15, 24], "uv_size": [0.5, 0.5]},
								"up": {"uv": [1, 18], "uv_size": [1, 0.5]},
								"down": {"uv": [18, 1.5], "uv_size": [1, -0.5]}
							}
						},
						{
							"origin": [-1.11524, 2.65419, -1.8008],
							"size": [0.41146, 0.12873, 0.07195],
							"pivot": [-0.91503, 2.7186, -1.76488],
							"rotation": [0, -7.5, -22.5],
							"uv": {
								"north": {"uv": [24, 15], "uv_size": [0.5, 0.5]},
								"south": {"uv": [16, 24], "uv_size": [0.5, 0.5]},
								"up": {"uv": [24, 16], "uv_size": [0.5, 0.5]},
								"down": {"uv": [17, 24.5], "uv_size": [0.5, -0.5]}
							}
						},
						{
							"origin": [-1.0954, 2.66319, -1.81743],
							"size": [0.04305, 0.12882, 0.06743],
							"pivot": [-0.88048, 2.66319, -0.8125],
							"rotation": [0, 0, -22.5],
							"uv": {
								"north": {"uv": [24, 17], "uv_size": [0.5, 0.5]},
								"south": {"uv": [18, 24], "uv_size": [0.5, 0.5]},
								"up": {"uv": [24, 18], "uv_size": [0.5, 0.5]},
								"down": {"uv": [19, 24.5], "uv_size": [0.5, -0.5]}
							}
						},
						{
							"origin": [-1.1758, 2.53467, -1.82801],
							"size": [0.125, 0.125, 0.06863],
							"pivot": [-1.0508, 2.56051, -0.8125],
							"rotation": [0, 0, 22.5],
							"uv": {
								"north": {"uv": [24, 19], "uv_size": [0.5, 0.5]},
								"east": {"uv": [20, 24], "uv_size": [0.5, 0.5]},
								"south": {"uv": [24, 20], "uv_size": [0.5, 0.5]},
								"west": {"uv": [21, 24], "uv_size": [0.5, 0.5]}
							}
						},
						{
							"origin": [-1.1758, 2.34176, -1.84342],
							"size": [0.125, 0.19291, 0.08405],
							"pivot": [-1.0508, 2.56051, -0.8125],
							"rotation": [0, 0, 22.5],
							"uv": {
								"north": {"uv": [24, 21], "uv_size": [0.5, 0.5]},
								"east": {"uv": [22, 24], "uv_size": [0.5, 0.5]},
								"south": {"uv": [24, 22], "uv_size": [0.5, 0.5]},
								"west": {"uv": [23, 24], "uv_size": [0.5, 0.5]}
							}
						},
						{
							"origin": [-1.19243, 2.36812, -1.89113],
							"size": [0.125, 0.29451, 0.12033],
							"pivot": [-1.12993, 2.53281, -1.80303],
							"rotation": [-25, 0, 22.5],
							"uv": {
								"north": {"uv": [24, 23], "uv_size": [0.5, 0.5]},
								"east": {"uv": [24, 24], "uv_size": [0.5, 0.5]},
								"south": {"uv": [0, 25], "uv_size": [0.5, 0.5]},
								"west": {"uv": [25, 0], "uv_size": [0.5, 0.5]}
							}
						},
						{
							"origin": [-1.1758, 2.34176, -1.96835],
							"size": [0.125, 0.00853, 0.12493],
							"pivot": [-1.0508, 2.56051, -0.8125],
							"rotation": [0, 0, 22.5],
							"uv": {
								"north": {"uv": [1, 25], "uv_size": [0.5, 0.5]},
								"east": {"uv": [25, 1], "uv_size": [0.5, 0.5]},
								"south": {"uv": [2, 25], "uv_size": [0.5, 0.5]},
								"west": {"uv": [25, 2], "uv_size": [0.5, 0.5]}
							}
						},
						{
							"origin": [-1.19243, 2.31532, -1.89113],
							"size": [0.125, 0.00518, 0.00711],
							"pivot": [-1.12993, 2.53281, -1.80303],
							"rotation": [-25, 0, 22.5],
							"uv": {
								"north": {"uv": [3, 25], "uv_size": [0.5, 0.5]},
								"east": {"uv": [25, 3], "uv_size": [0.5, 0.5]},
								"south": {"uv": [4, 25], "uv_size": [0.5, 0.5]},
								"west": {"uv": [25, 4], "uv_size": [0.5, 0.5]}
							}
						},
						{
							"origin": [-1.19243, 2.3205, -1.89113],
							"size": [0.125, 0.04762, 0.02149],
							"pivot": [-1.12993, 2.53281, -1.80303],
							"rotation": [-25, 0, 22.5],
							"uv": {
								"north": {"uv": [5, 25], "uv_size": [0.5, 0.5]},
								"east": {"uv": [25, 5], "uv_size": [0.5, 0.5]},
								"south": {"uv": [6, 25], "uv_size": [0.5, 0.5]},
								"west": {"uv": [25, 6], "uv_size": [0.5, 0.5]}
							}
						},
						{
							"origin": [-1.1758, 2.34176, -1.95248],
							"size": [0.125, 0.05085, 0.10906],
							"pivot": [-1.0508, 2.56051, -0.8125],
							"rotation": [0, 0, 22.5],
							"uv": {
								"north": {"uv": [7, 25], "uv_size": [0.5, 0.5]},
								"east": {"uv": [25, 7], "uv_size": [0.5, 0.5]},
								"south": {"uv": [8, 25], "uv_size": [0.5, 0.5]},
								"west": {"uv": [25, 8], "uv_size": [0.5, 0.5]}
							}
						},
						{
							"origin": [-1.249, 0.53967, -2.19356],
							"size": [0.123, 0.55991, 1.29313],
							"inflate": -0.001,
							"pivot": [-1.06691, 0.82092, -2.56856],
							"rotation": [60, 0, 0],
							"uv": {
								"east": {"uv": [16, 2], "uv_size": [1.5, 0.5]},
								"west": {"uv": [16, 3], "uv_size": [1.5, 0.5]},
								"up": {"uv": [4, 16], "uv_size": [0.5, 1.5]}
							}
						},
						{
							"origin": [-1.25, -0.28125, -2.62375],
							"size": [0.3125, 0.4375, 3.37375],
							"uv": {
								"north": {"uv": [9, 25], "uv_size": [0.5, 0.5]},
								"east": {"uv": [12, 3], "uv_size": [3.5, 0.5]},
								"south": {"uv": [25, 9], "uv_size": [0.5, 0.5]},
								"up": {"uv": [4, 12], "uv_size": [0.5, 3.5]},
								"down": {"uv": [5, 15.5], "uv_size": [0.5, -3.5]}
							}
						},
						{
							"origin": [-1.25, -0.03125, -1.37375],
							"size": [0, 0.4375, 1.81125],
							"uv": {
								"north": {"uv": [0, 0], "uv_size": [0, 0.5]},
								"east": {"uv": [12, 13], "uv_size": [2, 0.5]},
								"south": {"uv": [0, 0], "uv_size": [0, 0.5]},
								"up": {"uv": [0, 0], "uv_size": [0, 2]},
								"down": {"uv": [0, 2], "uv_size": [0, -2]}
							}
						},
						{
							"origin": [-1.25, 0.15625, -2.62375],
							"size": [0.125, 1.12839, 0.49875],
							"uv": {
								"north": {"uv": [2, 18], "uv_size": [0.5, 1]},
								"east": {"uv": [18, 2], "uv_size": [0.5, 1]},
								"south": {"uv": [3, 18], "uv_size": [0.5, 1]},
								"west": {"uv": [18, 3], "uv_size": [0.5, 1]},
								"up": {"uv": [10, 25], "uv_size": [0.5, 0.5]},
								"down": {"uv": [25, 10.5], "uv_size": [0.5, -0.5]}
							}
						}
					]
				},
				{
					"name": "group8",
					"parent": "group",
					"pivot": [-1.8125, 2.69286, 5.34911]
				},
				{
					"name": "group7",
					"parent": "552",
					"pivot": [-1, 1.65625, 7.6875],
					"cubes": [
						{
							"origin": [-1.0625, 0.15625, -4.80184],
							"size": [2.12262, 0.82828, 2.23934],
							"uv": {
								"north": {"uv": [10, 9], "uv_size": [2, 1]},
								"east": {"uv": [10, 10], "uv_size": [2, 1]},
								"west": {"uv": [4, 11], "uv_size": [2, 1]},
								"up": {"uv": [4, 3], "uv_size": [2, 2]}
							}
						},
						{
							"origin": [-1.0625, 0.92368, -4.80081],
							"size": [2.12262, 0.10861, 3.92256],
							"pivot": [-0.00119, 1.04703, -3.68217],
							"rotation": [2, 0, 0],
							"uv": {
								"north": {"uv": [13, 12], "uv_size": [2, 0.5]},
								"east": {"uv": [6, 12], "uv_size": [3.5, 0.5]},
								"west": {"uv": [12, 6], "uv_size": [3.5, 0.5]},
								"up": {"uv": [0, 0], "uv_size": [2, 3.5]}
							}
						},
						{
							"origin": [-0.8125, 0.15625, -5.04946],
							"size": [0.62501, 0.82828, 0.24523],
							"uv": {
								"north": {"uv": [4, 18], "uv_size": [0.5, 1]},
								"west": {"uv": [18, 4], "uv_size": [0.5, 1]}
							}
						},
						{
							"origin": [-0.8125, 1.03726, -4.80437],
							"size": [0.625, 0.25, 1.6875],
							"pivot": [0, 1.1515, -3.54142],
							"rotation": [2, 0, 0],
							"uv": {
								"south": {"uv": [11, 25], "uv_size": [0.5, 0.5]},
								"west": {"uv": [16, 4], "uv_size": [1.5, 0.5]},
								"up": {"uv": [5, 16], "uv_size": [0.5, 1.5]}
							}
						},
						{
							"origin": [-0.83208, 1.57202, -4.80437],
							"size": [0.35355, 0.25, 2.875],
							"pivot": [0, 1.1515, -3.54142],
							"rotation": [1.4145, 1.41407, -44.98254],
							"uv": {
								"north": {"uv": [25, 11], "uv_size": [0.5, 0.5]},
								"south": {"uv": [12, 25], "uv_size": [0.5, 0.5]},
								"up": {"uv": [12, 7], "uv_size": [0.5, 3]}
							}
						},
						{
							"origin": [0.47853, 1.57202, -4.80437],
							"size": [0.35355, 0.25, 2.875],
							"pivot": [0, 1.1515, -3.54142],
							"rotation": [1.4145, -1.41407, 44.98254],
							"uv": {
								"north": {"uv": [25, 12], "uv_size": [0.5, 0.5]},
								"south": {"uv": [13, 25], "uv_size": [0.5, 0.5]},
								"up": {"uv": [10, 12], "uv_size": [0.5, 3]}
							}
						},
						{
							"origin": [0.1875, 1.03726, -4.80437],
							"size": [0.625, 0.25, 1.6875],
							"pivot": [0, 1.1515, -3.54142],
							"rotation": [2, 0, 0],
							"uv": {
								"east": {"uv": [16, 5], "uv_size": [1.5, 0.5]},
								"south": {"uv": [25, 13], "uv_size": [0.5, 0.5]},
								"up": {"uv": [8, 16], "uv_size": [0.5, 1.5]}
							}
						},
						{
							"origin": [0.18749, 0.15625, -5.04946],
							"size": [0.62501, 0.82828, 0.24523],
							"uv": {
								"north": {"uv": [5, 18], "uv_size": [0.5, 1]},
								"east": {"uv": [18, 5], "uv_size": [0.5, 1]}
							}
						},
						{
							"origin": [0.63595, 0.15625, -4.8665],
							"size": [0.35019, 0.82828, 0.24663],
							"pivot": [0.94508, 0.625, -4.74487],
							"rotation": [0, -45, 0],
							"uv": {
								"north": {"uv": [6, 18], "uv_size": [0.5, 1]},
								"up": {"uv": [14, 25], "uv_size": [0.5, 0.5]}
							}
						},
						{
							"origin": [-0.98782, 0.15625, -4.86818],
							"size": [0.35524, 0.82828, 0.24832],
							"pivot": [-0.94508, 0.625, -4.74487],
							"rotation": [0, 45, 0],
							"uv": {
								"north": {"uv": [18, 6], "uv_size": [0.5, 1]},
								"up": {"uv": [25, 14], "uv_size": [0.5, 0.5]}
							}
						},
						{
							"origin": [0.1875, 0.00091, -4.53046],
							"size": [0.625, 0.35355, 0.25],
							"pivot": [0, 1.1515, -3.54142],
							"rotation": [-43, 0, 0],
							"uv": {
								"north": {"uv": [15, 25], "uv_size": [0.5, 0.5]},
								"east": {"uv": [25, 15], "uv_size": [0.5, 0.5]},
								"west": {"uv": [16, 25], "uv_size": [0.5, 0.5]}
							}
						},
						{
							"origin": [-0.8125, 0.00091, -4.53046],
							"size": [0.625, 0.35355, 0.25],
							"pivot": [0, 1.1515, -3.54142],
							"rotation": [-43, 0, 0],
							"uv": {
								"north": {"uv": [25, 16], "uv_size": [0.5, 0.5]},
								"east": {"uv": [17, 25], "uv_size": [0.5, 0.5]},
								"west": {"uv": [25, 17], "uv_size": [0.5, 0.5]}
							}
						},
						{
							"origin": [-0.8125, 1.03726, -3.11687],
							"size": [0.4375, 0.25, 1.1875],
							"pivot": [0, 1.1515, -3.54142],
							"rotation": [2, 0, 0],
							"uv": {
								"west": {"uv": [7, 18], "uv_size": [1, 0.5]},
								"up": {"uv": [18, 7], "uv_size": [0.5, 1]}
							}
						},
						{
							"origin": [-0.375, 1.03726, -2.36687],
							"size": [0.75, 0.25, 0.4375],
							"pivot": [0, 1.1515, -3.54142],
							"rotation": [2, 0, 0],
							"uv": {
								"west": {"uv": [18, 25], "uv_size": [0.5, 0.5]},
								"up": {"uv": [8, 18], "uv_size": [1, 0.5]}
							}
						},
						{
							"origin": [0.375, 1.03726, -3.11687],
							"size": [0.4375, 0.25, 1.1875],
							"pivot": [0, 1.1515, -3.54142],
							"rotation": [2, 0, 0],
							"uv": {
								"east": {"uv": [18, 8], "uv_size": [1, 0.5]},
								"up": {"uv": [9, 18], "uv_size": [0.5, 1]}
							}
						},
						{
							"origin": [-0.375, 0.20863, -3.1866],
							"size": [0.75, -0.01847, 0.62463],
							"pivot": [0, 1.01765, -3.94173],
							"rotation": [41.5, 0, 0],
							"uv": {
								"east": {"uv": [25, 18], "uv_size": [0.5, 0.5]},
								"south": {"uv": [18, 9], "uv_size": [1, 0.5]},
								"west": {"uv": [19, 25], "uv_size": [0.5, 0.5]},
								"up": {"uv": [10, 18], "uv_size": [1, 0.5]},
								"down": {"uv": [18, 10.5], "uv_size": [1, -0.5]}
							}
						},
						{
							"origin": [-1.0625, 0.15625, -2.5625],
							"size": [2.12262, 0.82828, 0.75],
							"uv": {
								"east": {"uv": [14, 0], "uv_size": [1, 1]},
								"west": {"uv": [14, 1], "uv_size": [1, 1]},
								"up": {"uv": [11, 4], "uv_size": [2, 1]}
							}
						}
					]
				},
				{
					"name": "group6",
					"parent": "group7",
					"pivot": [-0.5, 2.84375, 3.25],
					"cubes": [
						{
							"origin": [-0.15625, 0.69033, -3.14559],
							"size": [0.3125, 0.3125, 0.47855],
							"pivot": [0, 1.1515, -3.85392],
							"rotation": [22, 0, 0],
							"uv": {
								"east": {"uv": [25, 19], "uv_size": [0.5, 0.5]},
								"south": {"uv": [20, 25], "uv_size": [0.5, 0.5]},
								"west": {"uv": [25, 20], "uv_size": [0.5, 0.5]},
								"up": {"uv": [21, 25], "uv_size": [0.5, 0.5]},
								"down": {"uv": [25, 21.5], "uv_size": [0.5, -0.5]}
							}
						},
						{
							"origin": [-0.15625, 1.03726, -4.80437],
							"size": [0.3125, 0.25, 1.8125],
							"pivot": [0, 1.1515, -3.54142],
							"rotation": [2, 0, 0],
							"uv": {
								"east": {"uv": [2, 14], "uv_size": [2, 0.5]},
								"west": {"uv": [14, 2], "uv_size": [2, 0.5]},
								"up": {"uv": [14, 7], "uv_size": [0.5, 2]}
							}
						},
						{
							"origin": [-0.15626, -0.0031, -4.52638],
							"size": [0.31251, 0.35756, 0.24593],
							"pivot": [0, 1.1515, -3.54142],
							"rotation": [-43, 0, 0],
							"uv": {
								"north": {"uv": [22, 25], "uv_size": [0.5, 0.5]},
								"east": {"uv": [25, 22], "uv_size": [0.5, 0.5]},
								"west": {"uv": [23, 25], "uv_size": [0.5, 0.5]}
							}
						},
						{
							"origin": [-0.15626, 0.15054, -5.04921],
							"size": [0.31251, 0.82828, 0.24523],
							"uv": {
								"north": {"uv": [11, 18], "uv_size": [0.5, 1]},
								"east": {"uv": [18, 11], "uv_size": [0.5, 1]},
								"west": {"uv": [12, 18], "uv_size": [0.5, 1]}
							}
						}
					]
				},
				{
					"name": "body",
					"parent": "552",
					"pivot": [-2.16984, 4.10382, -1.5],
					"cubes": [
						{
							"origin": [0.875, 1.21875, -1.6875],
							"size": [0.1875, 1.125, 1.75],
							"uv": {
								"north": {"uv": [18, 12], "uv_size": [0.5, 1]},
								"east": {"uv": [11, 5], "uv_size": [2, 1]},
								"south": {"uv": [13, 18], "uv_size": [0.5, 1]},
								"west": {"uv": [6, 11], "uv_size": [2, 1]}
							}
						},
						{
							"origin": [-0.75, 2.46875, -1.6875],
							"size": [1.5, 0.1875, 1.75],
							"uv": {
								"north": {"uv": [16, 6], "uv_size": [1.5, 0.5]},
								"south": {"uv": [9, 16], "uv_size": [1.5, 0.5]},
								"up": {"uv": [2, 6], "uv_size": [1.5, 2]},
								"down": {"uv": [6, 6], "uv_size": [1.5, -2]}
							}
						},
						{
							"origin": [0.875, 1.05779, -0.25287],
							"size": [0.1875, 0.57322, 0.4375],
							"pivot": [0, 1.50601, -0.03412],
							"rotation": [45, 0, 0],
							"uv": {
								"east": {"uv": [25, 23], "uv_size": [0.5, 0.5]},
								"south": {"uv": [24, 25], "uv_size": [0.5, 0.5]},
								"west": {"uv": [25, 24], "uv_size": [0.5, 0.5]}
							}
						},
						{
							"origin": [-1.0625, 1.05779, -0.25287],
							"size": [0.1875, 0.57322, 0.4375],
							"pivot": [0, 1.50601, -0.03412],
							"rotation": [45, 0, 0],
							"uv": {
								"east": {"uv": [25, 25], "uv_size": [0.5, 0.5]},
								"south": {"uv": [0, 26], "uv_size": [0.5, 0.5]},
								"west": {"uv": [26, 0], "uv_size": [0.5, 0.5]}
							}
						},
						{
							"origin": [0.4375, 0.15625, 0.4375],
							"size": [0.5, 0.3125, 0.375],
							"uv": {
								"east": {"uv": [1, 26], "uv_size": [0.5, 0.5]},
								"south": {"uv": [26, 1], "uv_size": [0.5, 0.5]},
								"west": {"uv": [2, 26], "uv_size": [0.5, 0.5]}
							}
						},
						{
							"origin": [0.39616, 0.21875, 0.4375],
							"size": [0.07308, 0.19709, 0.375],
							"pivot": [0.40625, 0.3125, 0.625],
							"rotation": [0, 0, -45],
							"uv": {
								"east": {"uv": [1, 26], "uv_size": [0.5, 0.5]},
								"south": {"uv": [26, 1], "uv_size": [0.5, 0.5]},
								"west": {"uv": [2, 26], "uv_size": [0.5, 0.5]}
							}
						},
						{
							"origin": [-0.46925, 0.21875, 0.4375],
							"size": [0.07308, 0.19709, 0.375],
							"pivot": [-0.40625, 0.3125, 0.625],
							"rotation": [0, 0, 45],
							"uv": {
								"east": {"uv": [2.5, 26], "uv_size": [-0.5, 0.5]},
								"south": {"uv": [26.5, 1], "uv_size": [-0.5, 0.5]},
								"west": {"uv": [1.5, 26], "uv_size": [-0.5, 0.5]}
							}
						},
						{
							"origin": [-0.9375, 0.15625, 0.375],
							"size": [0.5, 0.3125, 0.4375],
							"uv": {
								"east": {"uv": [26, 2], "uv_size": [0.5, 0.5]},
								"south": {"uv": [3, 26], "uv_size": [0.5, 0.5]},
								"west": {"uv": [26, 3], "uv_size": [0.5, 0.5]}
							}
						},
						{
							"origin": [0.48234, 2.01007, -1.6875],
							"size": [0.44195, 0.1875, 1.75],
							"pivot": [1.16984, 2.10382, -0.4375],
							"rotation": [0, 0, 45],
							"uv": {
								"north": {"uv": [4, 26], "uv_size": [0.5, 0.5]},
								"south": {"uv": [26, 4], "uv_size": [0.5, 0.5]},
								"up": {"uv": [8, 14], "uv_size": [0.5, 2]},
								"down": {"uv": [9, 16], "uv_size": [0.5, -2]}
							}
						},
						{
							"origin": [-0.9375, 0.40389, 0.25596],
							"size": [1.875, 0.95037, 0.38375],
							"pivot": [0, 0.85628, 0.56846],
							"rotation": [23.25, 0, 0],
							"uv": {
								"east": {"uv": [18, 13], "uv_size": [0.5, 1]},
								"south": {"uv": [8, 11], "uv_size": [2, 1]},
								"west": {"uv": [14, 18], "uv_size": [0.5, 1]}
							}
						},
						{
							"origin": [-1.0625, 1.15625, -1.6875],
							"size": [0.1875, 1.1875, 1.75],
							"uv": {
								"north": {"uv": [18, 14], "uv_size": [0.5, 1]},
								"east": {"uv": [10, 11], "uv_size": [2, 1]},
								"south": {"uv": [15, 18], "uv_size": [0.5, 1]},
								"west": {"uv": [12, 2], "uv_size": [2, 1]}
							}
						},
						{
							"origin": [-0.92429, 2.01007, -1.6875],
							"size": [0.44195, 0.1875, 1.75],
							"pivot": [-1.16984, 2.10382, -0.4375],
							"rotation": [0, 0, -45],
							"uv": {
								"north": {"uv": [5, 26], "uv_size": [0.5, 0.5]},
								"south": {"uv": [26, 5], "uv_size": [0.5, 0.5]},
								"up": {"uv": [12, 14], "uv_size": [0.5, 2]},
								"down": {"uv": [13, 16], "uv_size": [0.5, -2]}
							}
						},
						{
							"origin": [0.875, 1.09375, -2],
							"size": [0.1875, 0.125, 0.5625],
							"uv": {
								"west": {"uv": [6, 26], "uv_size": [0.5, 0.5]}
							}
						},
						{
							"origin": [-1.0625, 1.09375, -2],
							"size": [0.1875, 0.125, 0.5625],
							"uv": {
								"east": {"uv": [26, 6], "uv_size": [0.5, 0.5]}
							}
						},
						{
							"origin": [-1.0625, 1.48234, -2.65109],
							"size": [0.1875, 0.3125, 1.125],
							"pivot": [0, 1.63859, -1.46359],
							"rotation": [45, 0, 0],
							"uv": {
								"east": {"uv": [18, 15], "uv_size": [1, 0.5]},
								"west": {"uv": [16, 18], "uv_size": [1, 0.5]},
								"up": {"uv": [18, 16], "uv_size": [0.5, 1]},
								"down": {"uv": [17, 19], "uv_size": [0.5, -1]}
							}
						},
						{
							"origin": [-0.97411, 1.22947, -1.83366],
							"size": [0.1875, 0.125, 2.14616],
							"pivot": [-0.78661, 1.29197, -1.65625],
							"rotation": [0, 0, 45],
							"uv": {
								"north": {"uv": [7, 26], "uv_size": [0.5, 0.5]},
								"east": {"uv": [14, 13], "uv_size": [2, 0.5]},
								"south": {"uv": [26, 7], "uv_size": [0.5, 0.5]},
								"up": {"uv": [14, 14], "uv_size": [0.5, 2]},
								"down": {"uv": [15, 2], "uv_size": [0.5, -2]}
							}
						},
						{
							"origin": [0.875, 1.54484, -2.65109],
							"size": [0.1875, 0.25, 1.125],
							"pivot": [0, 1.63859, -1.46359],
							"rotation": [45, 0, 0],
							"uv": {
								"east": {"uv": [18, 17], "uv_size": [1, 0.5]},
								"west": {"uv": [18, 18], "uv_size": [1, 0.5]},
								"up": {"uv": [0, 19], "uv_size": [0.5, 1]},
								"down": {"uv": [19, 1], "uv_size": [0.5, -1]}
							}
						},
						{
							"origin": [0.78661, 1.22947, -1.83366],
							"size": [0.1875, 0.125, 2.14616],
							"pivot": [0.78661, 1.29197, -1.65625],
							"rotation": [0, 0, -45],
							"uv": {
								"north": {"uv": [8, 26], "uv_size": [0.5, 0.5]},
								"south": {"uv": [26, 8], "uv_size": [0.5, 0.5]},
								"west": {"uv": [1, 15], "uv_size": [2, 0.5]},
								"up": {"uv": [3, 15], "uv_size": [0.5, 2]},
								"down": {"uv": [6, 17], "uv_size": [0.5, -2]}
							}
						}
					]
				},
				{
					"name": "group5",
					"parent": "body",
					"pivot": [-1.5, 2.44979, 3.15782]
				},
				{
					"name": "octagon5",
					"parent": "body",
					"pivot": [-1, 3.40625, 6]
				},
				{
					"name": "group4",
					"parent": "552",
					"pivot": [0.5, 3.09375, 7.5625],
					"cubes": [
						{
							"origin": [-0.8125, 0.53125, 0.5625],
							"size": [0.5625, 0.375, 0.21875],
							"pivot": [0, 0.71875, 0.67188],
							"rotation": [23.5, 0, 0],
							"uv": {
								"east": {"uv": [9, 26], "uv_size": [0.5, 0.5]},
								"south": {"uv": [26, 9], "uv_size": [0.5, 0.5]},
								"west": {"uv": [10, 26], "uv_size": [0.5, 0.5]},
								"up": {"uv": [26, 10], "uv_size": [0.5, 0.5]},
								"down": {"uv": [11, 26.5], "uv_size": [0.5, -0.5]}
							}
						},
						{
							"origin": [0.25, 0.53125, 0.5625],
							"size": [0.5625, 0.375, 0.21875],
							"pivot": [0, 0.71875, 0.67188],
							"rotation": [23.5, 0, 0],
							"uv": {
								"east": {"uv": [26, 11], "uv_size": [0.5, 0.5]},
								"south": {"uv": [12, 26], "uv_size": [0.5, 0.5]},
								"west": {"uv": [26, 12], "uv_size": [0.5, 0.5]},
								"up": {"uv": [13, 26], "uv_size": [0.5, 0.5]},
								"down": {"uv": [26, 13.5], "uv_size": [0.5, -0.5]}
							}
						},
						{
							"origin": [-0.1875, 0.83904, 0.375],
							"size": [0.375, 0.375, 0.23388],
							"pivot": [0, 1.02654, 0.50782],
							"rotation": [-17.09051, 16.37711, -137.47731],
							"uv": {
								"north": {"uv": [14, 26], "uv_size": [0.5, 0.5]},
								"east": {"uv": [26, 14], "uv_size": [0.5, 0.5]},
								"south": {"uv": [15, 26], "uv_size": [0.5, 0.5]},
								"west": {"uv": [26, 15], "uv_size": [0.5, 0.5]},
								"up": {"uv": [16, 26], "uv_size": [0.5, 0.5]},
								"down": {"uv": [26, 16.5], "uv_size": [0.5, -0.5]}
							}
						}
					]
				},
				{
					"name": "group3",
					"parent": "552",
					"pivot": [-0.9375, 2.15625, 4],
					"cubes": [
						{
							"origin": [-1.0625, -0.28125, -4.80184],
							"size": [0.5, 0.4375, 2.17684],
							"uv": {
								"east": {"uv": [15, 7], "uv_size": [2, 0.5]},
								"west": {"uv": [15, 8], "uv_size": [2, 0.5]},
								"down": {"uv": [7, 17], "uv_size": [0.5, -2]}
							}
						},
						{
							"origin": [-0.8113, -0.28125, -5.04946],
							"size": [0.4363, 0.4375, 0.24762],
							"uv": {
								"north": {"uv": [17, 26], "uv_size": [0.5, 0.5]},
								"west": {"uv": [26, 17], "uv_size": [0.5, 0.5]},
								"down": {"uv": [18, 26.5], "uv_size": [0.5, -0.5]}
							}
						},
						{
							"origin": [-0.99367, -0.28125, -4.8706],
							"size": [0.35524, 0.4375, 0.24246],
							"pivot": [-0.94508, 0.25, -4.75314],
							"rotation": [0, 45, 0],
							"uv": {
								"north": {"uv": [26, 18], "uv_size": [0.5, 0.5]},
								"down": {"uv": [19, 26.5], "uv_size": [0.5, -0.5]}
							}
						},
						{
							"origin": [0.375, -0.28125, -5.04946],
							"size": [0.4375, 0.4375, 0.23696],
							"uv": {
								"north": {"uv": [26, 19], "uv_size": [0.5, 0.5]},
								"east": {"uv": [20, 26], "uv_size": [0.5, 0.5]},
								"down": {"uv": [26, 20.5], "uv_size": [0.5, -0.5]}
							}
						},
						{
							"origin": [0.6418, -0.28125, -4.86892],
							"size": [0.35019, 0.4375, 0.24078],
							"pivot": [0.94508, 0.25, -4.75314],
							"rotation": [0, -45, 0],
							"uv": {
								"north": {"uv": [21, 26], "uv_size": [0.5, 0.5]},
								"down": {"uv": [26, 21.5], "uv_size": [0.5, -0.5]}
							}
						},
						{
							"origin": [0.5625, -0.28125, -4.80184],
							"size": [0.49762, 0.4375, 2.30184],
							"uv": {
								"east": {"uv": [13, 4], "uv_size": [2.5, 0.5]},
								"west": {"uv": [13, 5], "uv_size": [2.5, 0.5]},
								"down": {"uv": [0, 15.5], "uv_size": [0.5, -2.5]}
							}
						}
					]
				},
				{
					"name": "screw",
					"parent": "552",
					"pivot": [-1, 3.40625, 6],
					"cubes": [
						{
							"origin": [0.6875, 0.187, -2.28075],
							"size": [0.59375, 0.25, 0.25],
							"pivot": [0.8125, -0.063, -2.53075],
							"rotation": [-45, 0, 0],
							"uv": {
								"north": {"uv": [22, 26], "uv_size": [0.5, 0.5]},
								"east": {"uv": [26, 22], "uv_size": [0.5, 0.5]},
								"south": {"uv": [23, 26], "uv_size": [0.5, 0.5]},
								"west": {"uv": [26, 23], "uv_size": [0.5, 0.5]},
								"up": {"uv": [24, 26], "uv_size": [0.5, 0.5]},
								"down": {"uv": [26, 24.5], "uv_size": [0.5, -0.5]}
							}
						},
						{
							"origin": [-1.28125, 0.187, -2.21825],
							"size": [0.59375, 0.25, 0.25],
							"pivot": [-0.8125, -0.063, -2.46825],
							"rotation": [-45, 0, 0],
							"uv": {
								"north": {"uv": [25, 26], "uv_size": [0.5, 0.5]},
								"east": {"uv": [26, 25], "uv_size": [0.5, 0.5]},
								"south": {"uv": [26, 26], "uv_size": [0.5, 0.5]},
								"west": {"uv": [0, 27], "uv_size": [0.5, 0.5]},
								"up": {"uv": [27, 0], "uv_size": [0.5, 0.5]},
								"down": {"uv": [1, 27.5], "uv_size": [0.5, -0.5]}
							}
						},
						{
							"origin": [-1.28125, 0.187, -0.21825],
							"size": [0.59375, 0.25, 0.25],
							"pivot": [-0.8125, -0.063, -0.46825],
							"rotation": [-45, 0, 0],
							"uv": {
								"north": {"uv": [25, 26], "uv_size": [0.5, 0.5]},
								"east": {"uv": [26, 25], "uv_size": [0.5, 0.5]},
								"south": {"uv": [26, 26], "uv_size": [0.5, 0.5]},
								"west": {"uv": [0, 27], "uv_size": [0.5, 0.5]},
								"up": {"uv": [27, 0], "uv_size": [0.5, 0.5]},
								"down": {"uv": [1, 27.5], "uv_size": [0.5, -0.5]}
							}
						}
					]
				},
				{
					"name": "group2",
					"parent": "screw",
					"pivot": [-0.34375, 2.03125, 7.59283],
					"cubes": [
						{
							"origin": [0.625, 1, 0.38971],
							"size": [0.1875, 0.1875, 0.17137],
							"pivot": [0.71875, 1.09375, 0.49127],
							"rotation": [17.09051, 16.37711, -42.52269],
							"uv": {
								"north": {"uv": [27, 1], "uv_size": [0.5, 0.5]},
								"east": {"uv": [2, 27], "uv_size": [0.5, 0.5]},
								"south": {"uv": [27, 2], "uv_size": [0.5, 0.5]},
								"west": {"uv": [3, 27], "uv_size": [0.5, 0.5]},
								"up": {"uv": [27, 3], "uv_size": [0.5, 0.5]},
								"down": {"uv": [4, 27.5], "uv_size": [0.5, -0.5]}
							}
						},
						{
							"origin": [-0.8125, 1, 0.38971],
							"size": [0.1875, 0.1875, 0.17137],
							"pivot": [-0.71875, 1.09375, 0.49127],
							"rotation": [17.09051, 16.37711, -42.52269],
							"uv": {
								"north": {"uv": [27, 4], "uv_size": [0.5, 0.5]},
								"east": {"uv": [5, 27], "uv_size": [0.5, 0.5]},
								"south": {"uv": [27, 5], "uv_size": [0.5, 0.5]},
								"west": {"uv": [6, 27], "uv_size": [0.5, 0.5]},
								"up": {"uv": [27, 6], "uv_size": [0.5, 0.5]},
								"down": {"uv": [7, 27.5], "uv_size": [0.5, -0.5]}
							}
						},
						{
							"origin": [0.53126, 0.09376, -0.11029],
							"size": [0.25, 0.25, 0.96875],
							"pivot": [0.65626, 0.21875, 0.40534],
							"rotation": [0, 0, -45],
							"uv": {
								"east": {"uv": [1, 19], "uv_size": [1, 0.5]},
								"south": {"uv": [27, 7], "uv_size": [0.5, 0.5]},
								"west": {"uv": [19, 1], "uv_size": [1, 0.5]},
								"up": {"uv": [2, 19], "uv_size": [0.5, 1]},
								"down": {"uv": [19, 3], "uv_size": [0.5, -1]}
							}
						},
						{
							"origin": [-0.78124, 0.09376, -0.11029],
							"size": [0.25, 0.25, 0.96875],
							"pivot": [-0.65624, 0.21875, 0.40534],
							"rotation": [0, 0, -45],
							"uv": {
								"east": {"uv": [3, 19], "uv_size": [1, 0.5]},
								"south": {"uv": [8, 27], "uv_size": [0.5, 0.5]},
								"west": {"uv": [19, 3], "uv_size": [1, 0.5]},
								"up": {"uv": [4, 19], "uv_size": [0.5, 1]},
								"down": {"uv": [19, 5], "uv_size": [0.5, -1]}
							}
						}
					]
				},
				{
					"name": "octagon4",
					"parent": "screw",
					"pivot": [-1, 3.40625, 6]
				},
				{
					"name": "octagon2",
					"parent": "screw",
					"pivot": [-1, 3.40625, 6]
				},
				{
					"name": "base",
					"parent": "552",
					"pivot": [-0.9375, 0.84375, 6]
				},
				{
					"name": "octagon7",
					"parent": "scope_body",
					"pivot": [0.0625, -5, -12.125],
					"cubes": [
						{
							"origin": [0.90769, -0.28141, -4.80179],
							"size": [0.33462, 0.2507, 0.80784],
							"pivot": [1.075, -0.08861, -4.39787],
							"rotation": [0, -45, 0],
							"uv": {
								"north": {"uv": [27, 8], "uv_size": [0.5, 0.5]},
								"east": {"uv": [5, 19], "uv_size": [1, 0.5]},
								"south": {"uv": [9, 27], "uv_size": [0.5, 0.5]},
								"west": {"uv": [19, 5], "uv_size": [1, 0.5]},
								"up": {"uv": [6, 19], "uv_size": [0.5, 1]},
								"down": {"uv": [19, 7], "uv_size": [0.5, -1]}
							}
						},
						{
							"origin": [1.05194, 0.04601, -4.58854],
							"size": [0.17111, 0.15937, 0.7881],
							"uv": {
								"north": {"uv": [27, 9], "uv_size": [0.5, 0.5]},
								"east": {"uv": [7, 19], "uv_size": [1, 0.5]},
								"south": {"uv": [10, 27], "uv_size": [0.5, 0.5]},
								"west": {"uv": [19, 7], "uv_size": [1, 0.5]},
								"up": {"uv": [8, 19], "uv_size": [0.5, 1]},
								"down": {"uv": [19, 9], "uv_size": [0.5, -1]}
							}
						},
						{
							"origin": [1.05194, -0.07303, -3.90256],
							"size": [0.17111, 0.19127, 0.40165],
							"pivot": [1.1375, 0.03855, -3.74631],
							"rotation": [-45, 0, 0],
							"uv": {
								"north": {"uv": [27, 10], "uv_size": [0.5, 0.5]},
								"east": {"uv": [11, 27], "uv_size": [0.5, 0.5]},
								"south": {"uv": [27, 11], "uv_size": [0.5, 0.5]},
								"west": {"uv": [12, 27], "uv_size": [0.5, 0.5]},
								"up": {"uv": [27, 12], "uv_size": [0.5, 0.5]},
								"down": {"uv": [13, 27.5], "uv_size": [0.5, -0.5]}
							}
						},
						{
							"origin": [1.05194, -0.25328, -3.56717],
							"size": [0.17111, 0.22187, 0.75],
							"uv": {
								"north": {"uv": [27, 13], "uv_size": [0.5, 0.5]},
								"east": {"uv": [9, 19], "uv_size": [1, 0.5]},
								"south": {"uv": [14, 27], "uv_size": [0.5, 0.5]},
								"west": {"uv": [19, 9], "uv_size": [1, 0.5]},
								"up": {"uv": [10, 19], "uv_size": [0.5, 1]},
								"down": {"uv": [19, 11], "uv_size": [0.5, -1]}
							}
						},
						{
							"origin": [1.05194, -0.03403, -2.96763],
							"size": [0.17111, 0.12763, 0.15046],
							"uv": {
								"north": {"uv": [27, 14], "uv_size": [0.5, 0.5]},
								"east": {"uv": [15, 27], "uv_size": [0.5, 0.5]},
								"south": {"uv": [27, 15], "uv_size": [0.5, 0.5]},
								"west": {"uv": [16, 27], "uv_size": [0.5, 0.5]},
								"up": {"uv": [27, 16], "uv_size": [0.5, 0.5]},
								"down": {"uv": [17, 27.5], "uv_size": [0.5, -0.5]}
							}
						},
						{
							"origin": [1.05194, -0.09653, -2.99542],
							"size": [0.17111, 0.19723, 0.0893],
							"pivot": [1.1375, 0.02978, -2.99987],
							"rotation": [-22.5, 0, 0],
							"uv": {
								"north": {"uv": [27, 17], "uv_size": [0.5, 0.5]},
								"east": {"uv": [18, 27], "uv_size": [0.5, 0.5]},
								"south": {"uv": [27, 18], "uv_size": [0.5, 0.5]},
								"west": {"uv": [19, 27], "uv_size": [0.5, 0.5]},
								"up": {"uv": [27, 19], "uv_size": [0.5, 0.5]},
								"down": {"uv": [20, 27.5], "uv_size": [0.5, -0.5]}
							}
						},
						{
							"origin": [1.05194, -0.23261, -3.62967],
							"size": [0.17111, 0.1387, 0.09325],
							"pivot": [1.1375, -0.17359, -3.59842],
							"rotation": [-25, 0, 0],
							"uv": {
								"north": {"uv": [27, 20], "uv_size": [0.5, 0.5]},
								"east": {"uv": [21, 27], "uv_size": [0.5, 0.5]},
								"south": {"uv": [27, 21], "uv_size": [0.5, 0.5]},
								"west": {"uv": [22, 27], "uv_size": [0.5, 0.5]},
								"up": {"uv": [27, 22], "uv_size": [0.5, 0.5]},
								"down": {"uv": [23, 27.5], "uv_size": [0.5, -0.5]}
							}
						},
						{
							"origin": [0.93095, -0.07899, -4.46755],
							"size": [0.4131, 0.28437, 0.17111],
							"pivot": [1.1375, 0.0007, -4.38199],
							"rotation": [0, -45, 0],
							"uv": {
								"north": {"uv": [27, 23], "uv_size": [0.5, 0.5]},
								"east": {"uv": [24, 27], "uv_size": [0.5, 0.5]},
								"south": {"uv": [27, 24], "uv_size": [0.5, 0.5]},
								"west": {"uv": [25, 27], "uv_size": [0.5, 0.5]},
								"up": {"uv": [27, 25], "uv_size": [0.5, 0.5]},
								"down": {"uv": [26, 27.5], "uv_size": [0.5, -0.5]}
							}
						},
						{
							"origin": [0.93095, -0.07899, -4.46755],
							"size": [0.4131, 0.28437, 0.17111],
							"uv": {
								"north": {"uv": [27, 26], "uv_size": [0.5, 0.5]},
								"east": {"uv": [27, 27], "uv_size": [0.5, 0.5]},
								"south": {"uv": [0, 28], "uv_size": [0.5, 0.5]},
								"west": {"uv": [28, 0], "uv_size": [0.5, 0.5]},
								"up": {"uv": [1, 28], "uv_size": [0.5, 0.5]},
								"down": {"uv": [28, 1.5], "uv_size": [0.5, -0.5]}
							}
						},
						{
							"origin": [1.05194, -0.07899, -4.58854],
							"size": [0.17111, 0.28437, 0.4131],
							"pivot": [1.1375, 0.0007, -4.38199],
							"rotation": [0, -45, 0],
							"uv": {
								"north": {"uv": [2, 28], "uv_size": [0.5, 0.5]},
								"east": {"uv": [28, 2], "uv_size": [0.5, 0.5]},
								"south": {"uv": [3, 28], "uv_size": [0.5, 0.5]},
								"west": {"uv": [28, 3], "uv_size": [0.5, 0.5]},
								"up": {"uv": [4, 28], "uv_size": [0.5, 0.5]},
								"down": {"uv": [28, 4.5], "uv_size": [0.5, -0.5]}
							}
						},
						{
							"origin": [0.89997, -0.11673, -4.48038],
							"size": [0.47506, 0.14662, 0.19678],
							"pivot": [1.1375, -0.03019, -4.38199],
							"rotation": [0, -45, 0],
							"uv": {
								"north": {"uv": [5, 28], "uv_size": [0.5, 0.5]},
								"east": {"uv": [28, 5], "uv_size": [0.5, 0.5]},
								"south": {"uv": [6, 28], "uv_size": [0.5, 0.5]},
								"west": {"uv": [28, 6], "uv_size": [0.5, 0.5]},
								"up": {"uv": [7, 28], "uv_size": [0.5, 0.5]},
								"down": {"uv": [28, 7.5], "uv_size": [0.5, -0.5]}
							}
						},
						{
							"origin": [1.03911, -0.11673, -4.61953],
							"size": [0.19678, 0.14662, 0.47507],
							"uv": {
								"north": {"uv": [8, 28], "uv_size": [0.5, 0.5]},
								"east": {"uv": [28, 8], "uv_size": [0.5, 0.5]},
								"south": {"uv": [9, 28], "uv_size": [0.5, 0.5]},
								"west": {"uv": [28, 9], "uv_size": [0.5, 0.5]},
								"up": {"uv": [10, 28], "uv_size": [0.5, 0.5]},
								"down": {"uv": [28, 10.5], "uv_size": [0.5, -0.5]}
							}
						},
						{
							"origin": [0.89997, -0.11673, -4.48038],
							"size": [0.47506, 0.14662, 0.19678],
							"uv": {
								"north": {"uv": [11, 28], "uv_size": [0.5, 0.5]},
								"east": {"uv": [28, 11], "uv_size": [0.5, 0.5]},
								"south": {"uv": [12, 28], "uv_size": [0.5, 0.5]},
								"west": {"uv": [28, 12], "uv_size": [0.5, 0.5]},
								"up": {"uv": [13, 28], "uv_size": [0.5, 0.5]},
								"down": {"uv": [28, 13.5], "uv_size": [0.5, -0.5]}
							}
						},
						{
							"origin": [1.03911, -0.11673, -4.61953],
							"size": [0.19678, 0.14662, 0.47507],
							"pivot": [1.1375, -0.03019, -4.38199],
							"rotation": [0, -45, 0],
							"uv": {
								"north": {"uv": [14, 28], "uv_size": [0.5, 0.5]},
								"east": {"uv": [28, 14], "uv_size": [0.5, 0.5]},
								"south": {"uv": [15, 28], "uv_size": [0.5, 0.5]},
								"west": {"uv": [28, 15], "uv_size": [0.5, 0.5]},
								"up": {"uv": [16, 28], "uv_size": [0.5, 0.5]},
								"down": {"uv": [28, 16.5], "uv_size": [0.5, -0.5]}
							}
						},
						{
							"origin": [0.90769, -0.28141, -4.80179],
							"size": [0.33462, 0.2507, 0.80784],
							"uv": {
								"north": {"uv": [17, 28], "uv_size": [0.5, 0.5]},
								"east": {"uv": [11, 19], "uv_size": [1, 0.5]},
								"south": {"uv": [28, 17], "uv_size": [0.5, 0.5]},
								"west": {"uv": [19, 11], "uv_size": [1, 0.5]},
								"up": {"uv": [12, 19], "uv_size": [0.5, 1]},
								"down": {"uv": [19, 13], "uv_size": [0.5, -1]}
							}
						},
						{
							"origin": [0.67108, -0.28141, -4.56518],
							"size": [0.80784, 0.2507, 0.33462],
							"pivot": [1.075, -0.08861, -4.39787],
							"rotation": [0, -45, 0],
							"uv": {
								"north": {"uv": [13, 19], "uv_size": [1, 0.5]},
								"east": {"uv": [18, 28], "uv_size": [0.5, 0.5]},
								"south": {"uv": [19, 13], "uv_size": [1, 0.5]},
								"west": {"uv": [28, 18], "uv_size": [0.5, 0.5]},
								"up": {"uv": [14, 19], "uv_size": [1, 0.5]},
								"down": {"uv": [19, 14.5], "uv_size": [1, -0.5]}
							}
						},
						{
							"origin": [0.67108, -0.28141, -4.56518],
							"size": [0.80784, 0.2507, 0.33462],
							"uv": {
								"north": {"uv": [15, 19], "uv_size": [1, 0.5]},
								"east": {"uv": [19, 28], "uv_size": [0.5, 0.5]},
								"south": {"uv": [19, 15], "uv_size": [1, 0.5]},
								"west": {"uv": [28, 19], "uv_size": [0.5, 0.5]},
								"up": {"uv": [16, 19], "uv_size": [1, 0.5]},
								"down": {"uv": [19, 16.5], "uv_size": [1, -0.5]}
							}
						}
					]
				},
				{
					"name": "octagon6",
					"parent": "scope_body",
					"pivot": [0.0625, -5, 8.17163],
					"cubes": [
						{
							"origin": [0.90769, -0.28141, 0.00354],
							"size": [0.33462, 0.2507, 0.80784],
							"pivot": [1.075, -0.08861, 0.40746],
							"rotation": [0, 45, 0],
							"uv": {
								"north": {"uv": [20, 28], "uv_size": [0.5, 0.5]},
								"east": {"uv": [17, 19], "uv_size": [1, 0.5]},
								"south": {"uv": [28, 20], "uv_size": [0.5, 0.5]},
								"west": {"uv": [19, 17], "uv_size": [1, 0.5]},
								"up": {"uv": [18, 19], "uv_size": [0.5, 1]},
								"down": {"uv": [19, 19], "uv_size": [0.5, -1]}
							}
						},
						{
							"origin": [0.90769, -0.03141, 0.69104],
							"size": [0.27212, 0.1257, 0.12034],
							"pivot": [1.075, -0.08861, 0.40746],
							"rotation": [0, 45, 0],
							"uv": {
								"north": {"uv": [21, 28], "uv_size": [0.5, 0.5]},
								"east": {"uv": [28, 21], "uv_size": [0.5, 0.5]},
								"south": {"uv": [22, 28], "uv_size": [0.5, 0.5]},
								"west": {"uv": [28, 22], "uv_size": [0.5, 0.5]},
								"up": {"uv": [23, 28], "uv_size": [0.5, 0.5]},
								"down": {"uv": [28, 23.5], "uv_size": [0.5, -0.5]}
							}
						},
						{
							"origin": [0.90769, -0.03071, -4.80179],
							"size": [0.33462, 0.125, 0.12034],
							"uv": {
								"north": {"uv": [24, 28], "uv_size": [0.5, 0.5]},
								"east": {"uv": [28, 24], "uv_size": [0.5, 0.5]},
								"south": {"uv": [25, 28], "uv_size": [0.5, 0.5]},
								"west": {"uv": [28, 25], "uv_size": [0.5, 0.5]},
								"up": {"uv": [26, 28], "uv_size": [0.5, 0.5]},
								"down": {"uv": [28, 26.5], "uv_size": [0.5, -0.5]}
							}
						},
						{
							"origin": [0.90769, -0.03141, -4.80179],
							"size": [0.27212, 0.1257, 0.12034],
							"pivot": [1.075, -0.08861, -4.39787],
							"rotation": [0, -45, 0],
							"uv": {
								"north": {"uv": [27, 28], "uv_size": [0.5, 0.5]},
								"east": {"uv": [28, 27], "uv_size": [0.5, 0.5]},
								"south": {"uv": [28, 28], "uv_size": [0.5, 0.5]},
								"west": {"uv": [0, 29], "uv_size": [0.5, 0.5]},
								"up": {"uv": [29, 0], "uv_size": [0.5, 0.5]},
								"down": {"uv": [1, 29.5], "uv_size": [0.5, -0.5]}
							}
						},
						{
							"origin": [1.05194, 0.04601, -0.18997],
							"size": [0.17111, 0.15937, 0.7881],
							"uv": {
								"north": {"uv": [29, 1], "uv_size": [0.5, 0.5]},
								"east": {"uv": [19, 19], "uv_size": [1, 0.5]},
								"south": {"uv": [2, 29], "uv_size": [0.5, 0.5]},
								"west": {"uv": [0, 20], "uv_size": [1, 0.5]},
								"up": {"uv": [20, 0], "uv_size": [0.5, 1]},
								"down": {"uv": [1, 21], "uv_size": [0.5, -1]}
							}
						},
						{
							"origin": [1.05194, -0.07303, -0.4895],
							"size": [0.17111, 0.19127, 0.40165],
							"pivot": [1.1375, 0.03855, -0.2441],
							"rotation": [45, 0, 0],
							"uv": {
								"north": {"uv": [29, 2], "uv_size": [0.5, 0.5]},
								"east": {"uv": [3, 29], "uv_size": [0.5, 0.5]},
								"south": {"uv": [29, 3], "uv_size": [0.5, 0.5]},
								"west": {"uv": [4, 29], "uv_size": [0.5, 0.5]},
								"up": {"uv": [29, 4], "uv_size": [0.5, 0.5]},
								"down": {"uv": [5, 29.5], "uv_size": [0.5, -0.5]}
							}
						},
						{
							"origin": [1.05194, -0.25328, -1.17324],
							"size": [0.17111, 0.22187, 0.75],
							"uv": {
								"north": {"uv": [29, 5], "uv_size": [0.5, 0.5]},
								"east": {"uv": [20, 1], "uv_size": [1, 0.5]},
								"south": {"uv": [6, 29], "uv_size": [0.5, 0.5]},
								"west": {"uv": [2, 20], "uv_size": [1, 0.5]},
								"up": {"uv": [20, 2], "uv_size": [0.5, 1]},
								"down": {"uv": [3, 21], "uv_size": [0.5, -1]}
							}
						},
						{
							"origin": [1.05194, -0.03403, -1.17324],
							"size": [0.17111, 0.12763, 0.15046],
							"uv": {
								"north": {"uv": [29, 6], "uv_size": [0.5, 0.5]},
								"east": {"uv": [7, 29], "uv_size": [0.5, 0.5]},
								"south": {"uv": [29, 7], "uv_size": [0.5, 0.5]},
								"west": {"uv": [8, 29], "uv_size": [0.5, 0.5]},
								"up": {"uv": [29, 8], "uv_size": [0.5, 0.5]},
								"down": {"uv": [9, 29.5], "uv_size": [0.5, -0.5]}
							}
						},
						{
							"origin": [1.05194, -0.09653, -1.08429],
							"size": [0.17111, 0.19723, 0.0893],
							"pivot": [1.1375, 0.02978, -0.99054],
							"rotation": [22.5, 0, 0],
							"uv": {
								"north": {"uv": [29, 9], "uv_size": [0.5, 0.5]},
								"east": {"uv": [10, 29], "uv_size": [0.5, 0.5]},
								"south": {"uv": [29, 10], "uv_size": [0.5, 0.5]},
								"west": {"uv": [11, 29], "uv_size": [0.5, 0.5]},
								"up": {"uv": [29, 11], "uv_size": [0.5, 0.5]},
								"down": {"uv": [12, 29.5], "uv_size": [0.5, -0.5]}
							}
						},
						{
							"origin": [1.05194, -0.23261, -0.45399],
							"size": [0.17111, 0.1387, 0.09325],
							"pivot": [1.1375, -0.17359, -0.39199],
							"rotation": [25, 0, 0],
							"uv": {
								"north": {"uv": [29, 12], "uv_size": [0.5, 0.5]},
								"east": {"uv": [13, 29], "uv_size": [0.5, 0.5]},
								"south": {"uv": [29, 13], "uv_size": [0.5, 0.5]},
								"west": {"uv": [14, 29], "uv_size": [0.5, 0.5]},
								"up": {"uv": [29, 14], "uv_size": [0.5, 0.5]},
								"down": {"uv": [15, 29.5], "uv_size": [0.5, -0.5]}
							}
						},
						{
							"origin": [0.93095, -0.07899, 0.30603],
							"size": [0.4131, 0.28437, 0.17111],
							"pivot": [1.1375, 0.0007, 0.39158],
							"rotation": [0, 45, 0],
							"uv": {
								"north": {"uv": [29, 15], "uv_size": [0.5, 0.5]},
								"east": {"uv": [16, 29], "uv_size": [0.5, 0.5]},
								"south": {"uv": [29, 16], "uv_size": [0.5, 0.5]},
								"west": {"uv": [17, 29], "uv_size": [0.5, 0.5]},
								"up": {"uv": [29, 17], "uv_size": [0.5, 0.5]},
								"down": {"uv": [18, 29.5], "uv_size": [0.5, -0.5]}
							}
						},
						{
							"origin": [0.93095, -0.07899, 0.30603],
							"size": [0.4131, 0.28437, 0.17111],
							"uv": {
								"north": {"uv": [29, 18], "uv_size": [0.5, 0.5]},
								"east": {"uv": [19, 29], "uv_size": [0.5, 0.5]},
								"south": {"uv": [29, 19], "uv_size": [0.5, 0.5]},
								"west": {"uv": [20, 29], "uv_size": [0.5, 0.5]},
								"up": {"uv": [29, 20], "uv_size": [0.5, 0.5]},
								"down": {"uv": [21, 29.5], "uv_size": [0.5, -0.5]}
							}
						},
						{
							"origin": [1.05194, -0.07899, 0.18503],
							"size": [0.17111, 0.28437, 0.4131],
							"pivot": [1.1375, 0.0007, 0.39158],
							"rotation": [0, 45, 0],
							"uv": {
								"north": {"uv": [29, 21], "uv_size": [0.5, 0.5]},
								"east": {"uv": [22, 29], "uv_size": [0.5, 0.5]},
								"south": {"uv": [29, 22], "uv_size": [0.5, 0.5]},
								"west": {"uv": [23, 29], "uv_size": [0.5, 0.5]},
								"up": {"uv": [29, 23], "uv_size": [0.5, 0.5]},
								"down": {"uv": [24, 29.5], "uv_size": [0.5, -0.5]}
							}
						},
						{
							"origin": [0.89997, -0.11673, 0.2932],
							"size": [0.47506, 0.14662, 0.19678],
							"pivot": [1.1375, -0.03019, 0.39158],
							"rotation": [0, 45, 0],
							"uv": {
								"north": {"uv": [29, 24], "uv_size": [0.5, 0.5]},
								"east": {"uv": [25, 29], "uv_size": [0.5, 0.5]},
								"south": {"uv": [29, 25], "uv_size": [0.5, 0.5]},
								"west": {"uv": [26, 29], "uv_size": [0.5, 0.5]},
								"up": {"uv": [29, 26], "uv_size": [0.5, 0.5]},
								"down": {"uv": [27, 29.5], "uv_size": [0.5, -0.5]}
							}
						},
						{
							"origin": [1.03911, -0.11673, 0.15405],
							"size": [0.19678, 0.14662, 0.47507],
							"uv": {
								"north": {"uv": [29, 27], "uv_size": [0.5, 0.5]},
								"east": {"uv": [28, 29], "uv_size": [0.5, 0.5]},
								"south": {"uv": [29, 28], "uv_size": [0.5, 0.5]},
								"west": {"uv": [29, 29], "uv_size": [0.5, 0.5]},
								"up": {"uv": [0, 30], "uv_size": [0.5, 0.5]},
								"down": {"uv": [30, 0.5], "uv_size": [0.5, -0.5]}
							}
						},
						{
							"origin": [0.89997, -0.11673, 0.2932],
							"size": [0.47506, 0.14662, 0.19678],
							"uv": {
								"north": {"uv": [1, 30], "uv_size": [0.5, 0.5]},
								"east": {"uv": [30, 1], "uv_size": [0.5, 0.5]},
								"south": {"uv": [2, 30], "uv_size": [0.5, 0.5]},
								"west": {"uv": [30, 2], "uv_size": [0.5, 0.5]},
								"up": {"uv": [3, 30], "uv_size": [0.5, 0.5]},
								"down": {"uv": [30, 3.5], "uv_size": [0.5, -0.5]}
							}
						},
						{
							"origin": [1.03911, -0.11673, 0.15405],
							"size": [0.19678, 0.14662, 0.47507],
							"pivot": [1.1375, -0.03019, 0.39158],
							"rotation": [0, 45, 0],
							"uv": {
								"north": {"uv": [4, 30], "uv_size": [0.5, 0.5]},
								"east": {"uv": [30, 4], "uv_size": [0.5, 0.5]},
								"south": {"uv": [5, 30], "uv_size": [0.5, 0.5]},
								"west": {"uv": [30, 5], "uv_size": [0.5, 0.5]},
								"up": {"uv": [6, 30], "uv_size": [0.5, 0.5]},
								"down": {"uv": [30, 6.5], "uv_size": [0.5, -0.5]}
							}
						},
						{
							"origin": [0.90769, -0.28141, 0.00354],
							"size": [0.33462, 0.2507, 0.80784],
							"uv": {
								"north": {"uv": [7, 30], "uv_size": [0.5, 0.5]},
								"east": {"uv": [20, 3], "uv_size": [1, 0.5]},
								"south": {"uv": [30, 7], "uv_size": [0.5, 0.5]},
								"west": {"uv": [4, 20], "uv_size": [1, 0.5]},
								"up": {"uv": [20, 4], "uv_size": [0.5, 1]},
								"down": {"uv": [5, 21], "uv_size": [0.5, -1]}
							}
						},
						{
							"origin": [0.90769, -0.03071, 0.69104],
							"size": [0.33462, 0.125, 0.12034],
							"uv": {
								"north": {"uv": [8, 30], "uv_size": [0.5, 0.5]},
								"east": {"uv": [30, 8], "uv_size": [0.5, 0.5]},
								"south": {"uv": [9, 30], "uv_size": [0.5, 0.5]},
								"west": {"uv": [30, 9], "uv_size": [0.5, 0.5]},
								"up": {"uv": [10, 30], "uv_size": [0.5, 0.5]},
								"down": {"uv": [30, 10.5], "uv_size": [0.5, -0.5]}
							}
						},
						{
							"origin": [0.67108, -0.28141, 0.24015],
							"size": [0.80784, 0.2507, 0.33462],
							"pivot": [1.075, -0.08861, 0.40746],
							"rotation": [0, 45, 0],
							"uv": {
								"north": {"uv": [20, 5], "uv_size": [1, 0.5]},
								"east": {"uv": [11, 30], "uv_size": [0.5, 0.5]},
								"south": {"uv": [6, 20], "uv_size": [1, 0.5]},
								"west": {"uv": [30, 11], "uv_size": [0.5, 0.5]},
								"up": {"uv": [20, 6], "uv_size": [1, 0.5]},
								"down": {"uv": [7, 20.5], "uv_size": [1, -0.5]}
							}
						},
						{
							"origin": [0.67108, -0.28141, 0.24015],
							"size": [0.80784, 0.2507, 0.33462],
							"uv": {
								"north": {"uv": [20, 7], "uv_size": [1, 0.5]},
								"east": {"uv": [12, 30], "uv_size": [0.5, 0.5]},
								"south": {"uv": [8, 20], "uv_size": [1, 0.5]},
								"west": {"uv": [30, 12], "uv_size": [0.5, 0.5]},
								"up": {"uv": [20, 8], "uv_size": [1, 0.5]},
								"down": {"uv": [9, 20.5], "uv_size": [1, -0.5]}
							}
						}
					]
				},
				{
					"name": "octagon",
					"parent": "scope_body",
					"pivot": [-8, 1.0625, -0.5],
					"cubes": [
						{
							"origin": [-1.24996, 0.89681, -1.05146],
							"size": [0.12113, 0.33137, 0.18896],
							"pivot": [-1.15046, 1.0625, -0.5],
							"rotation": [-45, 0, 0],
							"uv": {
								"north": {"uv": [13, 30], "uv_size": [0.5, 0.5]},
								"east": {"uv": [30, 13], "uv_size": [0.5, 0.5]},
								"south": {"uv": [14, 30], "uv_size": [0.5, 0.5]},
								"west": {"uv": [30, 14], "uv_size": [0.5, 0.5]},
								"up": {"uv": [15, 30], "uv_size": [0.5, 0.5]},
								"down": {"uv": [30, 15.5], "uv_size": [0.5, -0.5]}
							}
						},
						{
							"origin": [-1.25, 0.15625, -1.35575],
							"size": [0.12116, 1.68089, 0.49298],
							"inflate": -0.001,
							"uv": {
								"north": {"uv": [16, 10], "uv_size": [0.5, 1.5]},
								"east": {"uv": [11, 16], "uv_size": [0.5, 1.5]},
								"south": {"uv": [12, 16], "uv_size": [0.5, 1.5]},
								"west": {"uv": [13, 16], "uv_size": [0.5, 1.5]},
								"up": {"uv": [16, 30], "uv_size": [0.5, 0.5]},
								"down": {"uv": [30, 16.5], "uv_size": [0.5, -0.5]}
							}
						},
						{
							"origin": [-1.24996, 0.89681, -0.1375],
							"size": [0.12113, 0.33137, 0.1625],
							"pivot": [-1.15046, 1.0625, -0.5],
							"rotation": [-45, 0, 0],
							"uv": {
								"north": {"uv": [17, 30], "uv_size": [0.5, 0.5]},
								"east": {"uv": [30, 17], "uv_size": [0.5, 0.5]},
								"south": {"uv": [18, 30], "uv_size": [0.5, 0.5]},
								"west": {"uv": [30, 18], "uv_size": [0.5, 0.5]},
								"up": {"uv": [19, 30], "uv_size": [0.5, 0.5]},
								"down": {"uv": [30, 19.5], "uv_size": [0.5, -0.5]}
							}
						},
						{
							"origin": [-1.25, 0.15625, -0.1375],
							"size": [0.12116, 1.07194, 0.575],
							"uv": {
								"north": {"uv": [20, 9], "uv_size": [0.5, 1]},
								"east": {"uv": [10, 20], "uv_size": [0.5, 1]},
								"south": {"uv": [20, 10], "uv_size": [0.5, 1]},
								"west": {"uv": [11, 20], "uv_size": [0.5, 1]},
								"up": {"uv": [20, 30], "uv_size": [0.5, 0.5]},
								"down": {"uv": [30, 20.5], "uv_size": [0.5, -0.5]}
							}
						},
						{
							"origin": [-1.24996, 0.5375, -0.66569],
							"size": [0.12113, 0.1625, 0.33137],
							"pivot": [-1.15046, 1.0625, -0.5],
							"rotation": [-45, 0, 0],
							"uv": {
								"north": {"uv": [21, 30], "uv_size": [0.5, 0.5]},
								"east": {"uv": [30, 21], "uv_size": [0.5, 0.5]},
								"south": {"uv": [22, 30], "uv_size": [0.5, 0.5]},
								"west": {"uv": [30, 22], "uv_size": [0.5, 0.5]},
								"up": {"uv": [23, 30], "uv_size": [0.5, 0.5]},
								"down": {"uv": [30, 23.5], "uv_size": [0.5, -0.5]}
							}
						},
						{
							"origin": [-1.25, 0.15625, -0.8625],
							"size": [0.12116, 0.54375, 0.725],
							"uv": {
								"north": {"uv": [24, 30], "uv_size": [0.5, 0.5]},
								"east": {"uv": [30, 24], "uv_size": [0.5, 0.5]},
								"south": {"uv": [25, 30], "uv_size": [0.5, 0.5]},
								"west": {"uv": [30, 25], "uv_size": [0.5, 0.5]},
								"up": {"uv": [26, 30], "uv_size": [0.5, 0.5]},
								"down": {"uv": [30, 26.5], "uv_size": [0.5, -0.5]}
							}
						},
						{
							"origin": [-1.24996, 1.425, -0.66569],
							"size": [0.12113, 0.2875, 0.58137],
							"pivot": [-1.15046, 1.0625, -0.5],
							"rotation": [-45, 0, 0],
							"uv": {
								"north": {"uv": [27, 30], "uv_size": [0.5, 0.5]},
								"east": {"uv": [30, 27], "uv_size": [0.5, 0.5]},
								"south": {"uv": [28, 30], "uv_size": [0.5, 0.5]},
								"west": {"uv": [30, 28], "uv_size": [0.5, 0.5]},
								"up": {"uv": [29, 30], "uv_size": [0.5, 0.5]},
								"down": {"uv": [30, 29.5], "uv_size": [0.5, -0.5]}
							}
						},
						{
							"origin": [-1.25, 1.425, -1.45272],
							"size": [0.12116, 0.04375, 1.14022],
							"uv": {
								"north": {"uv": [30, 30], "uv_size": [0.5, 0.5]},
								"east": {"uv": [20, 11], "uv_size": [1, 0.5]},
								"south": {"uv": [0, 31], "uv_size": [0.5, 0.5]},
								"west": {"uv": [12, 20], "uv_size": [1, 0.5]},
								"up": {"uv": [20, 12], "uv_size": [0.5, 1]},
								"down": {"uv": [13, 21], "uv_size": [0.5, -1]}
							}
						},
						{
							"origin": [-1.24779, 0.8425, -0.59113],
							"size": [0.21913, 0.44, 0.18225],
							"pivot": [-1.19279, 1.0625, -0.5],
							"rotation": [-45, 0, 0],
							"uv": {
								"north": {"uv": [31, 0], "uv_size": [0.5, 0.5]},
								"east": {"uv": [1, 31], "uv_size": [0.5, 0.5]},
								"south": {"uv": [31, 1], "uv_size": [0.5, 0.5]},
								"west": {"uv": [2, 31], "uv_size": [0.5, 0.5]},
								"up": {"uv": [31, 2], "uv_size": [0.5, 0.5]},
								"down": {"uv": [3, 31.5], "uv_size": [0.5, -0.5]}
							}
						},
						{
							"origin": [-1.24779, 0.97137, -0.72],
							"size": [0.21913, 0.18225, 0.44],
							"uv": {
								"north": {"uv": [31, 3], "uv_size": [0.5, 0.5]},
								"east": {"uv": [4, 31], "uv_size": [0.5, 0.5]},
								"south": {"uv": [31, 4], "uv_size": [0.5, 0.5]},
								"west": {"uv": [5, 31], "uv_size": [0.5, 0.5]},
								"up": {"uv": [31, 5], "uv_size": [0.5, 0.5]},
								"down": {"uv": [6, 31.5], "uv_size": [0.5, -0.5]}
							}
						},
						{
							"origin": [-1.24779, 0.97137, -0.72],
							"size": [0.21913, 0.18225, 0.44],
							"pivot": [-1.19279, 1.0625, -0.5],
							"rotation": [-45, 0, 0],
							"uv": {
								"north": {"uv": [31, 6], "uv_size": [0.5, 0.5]},
								"east": {"uv": [7, 31], "uv_size": [0.5, 0.5]},
								"south": {"uv": [31, 7], "uv_size": [0.5, 0.5]},
								"west": {"uv": [8, 31], "uv_size": [0.5, 0.5]},
								"up": {"uv": [31, 8], "uv_size": [0.5, 0.5]},
								"down": {"uv": [9, 31.5], "uv_size": [0.5, -0.5]}
							}
						},
						{
							"origin": [-1.24779, 0.8425, -0.59113],
							"size": [0.21913, 0.44, 0.18225],
							"uv": {
								"north": {"uv": [31, 9], "uv_size": [0.5, 0.5]},
								"east": {"uv": [10, 31], "uv_size": [0.5, 0.5]},
								"south": {"uv": [31, 10], "uv_size": [0.5, 0.5]},
								"west": {"uv": [11, 31], "uv_size": [0.5, 0.5]},
								"up": {"uv": [31, 11], "uv_size": [0.5, 0.5]},
								"down": {"uv": [12, 31.5], "uv_size": [0.5, -0.5]}
							}
						}
					]
				},
				{
					"name": "octagon8",
					"parent": "octagon",
					"pivot": [-8, 0.71825, -1.71825],
					"cubes": [
						{
							"origin": [-1.24996, 0.55257, -2.30575],
							"size": [0.12113, 0.39387, 0.225],
							"pivot": [-1.15046, 0.71825, -1.71825],
							"rotation": [-45, 0, 0],
							"uv": {
								"north": {"uv": [31, 12], "uv_size": [0.5, 0.5]},
								"east": {"uv": [13, 31], "uv_size": [0.5, 0.5]},
								"south": {"uv": [31, 13], "uv_size": [0.5, 0.5]},
								"west": {"uv": [14, 31], "uv_size": [0.5, 0.5]},
								"up": {"uv": [31, 14], "uv_size": [0.5, 0.5]},
								"down": {"uv": [15, 31.5], "uv_size": [0.5, -0.5]}
							}
						},
						{
							"origin": [-1.24996, 0.49007, -2.18075],
							"size": [0.12113, 0.39387, 0.1],
							"inflate": -0.001,
							"uv": {
								"north": {"uv": [31, 15], "uv_size": [0.5, 0.5]},
								"east": {"uv": [16, 31], "uv_size": [0.5, 0.5]},
								"south": {"uv": [31, 16], "uv_size": [0.5, 0.5]},
								"west": {"uv": [17, 31], "uv_size": [0.5, 0.5]},
								"up": {"uv": [31, 17], "uv_size": [0.5, 0.5]},
								"down": {"uv": [18, 31.5], "uv_size": [0.5, -0.5]}
							}
						},
						{
							"origin": [-1.24996, 0.55257, -1.35575],
							"size": [0.12113, 0.33137, 0.1625],
							"inflate": -0.001,
							"pivot": [-1.15046, 0.71825, -1.71825],
							"rotation": [-45, 0, 0],
							"uv": {
								"north": {"uv": [31, 18], "uv_size": [0.5, 0.5]},
								"east": {"uv": [19, 31], "uv_size": [0.5, 0.5]},
								"south": {"uv": [31, 19], "uv_size": [0.5, 0.5]},
								"west": {"uv": [20, 31], "uv_size": [0.5, 0.5]},
								"up": {"uv": [31, 20], "uv_size": [0.5, 0.5]},
								"down": {"uv": [21, 31.5], "uv_size": [0.5, -0.5]}
							}
						},
						{
							"origin": [-1.24996, 0.00575, -1.88394],
							"size": [0.12113, 0.35, 0.33137],
							"pivot": [-1.15046, 0.71825, -1.71825],
							"rotation": [-45, 0, 0],
							"uv": {
								"north": {"uv": [31, 21], "uv_size": [0.5, 0.5]},
								"east": {"uv": [22, 31], "uv_size": [0.5, 0.5]},
								"south": {"uv": [31, 22], "uv_size": [0.5, 0.5]},
								"west": {"uv": [23, 31], "uv_size": [0.5, 0.5]},
								"up": {"uv": [31, 23], "uv_size": [0.5, 0.5]},
								"down": {"uv": [24, 31.5], "uv_size": [0.5, -0.5]}
							}
						},
						{
							"origin": [-1.24996, 0.13075, -2.07144],
							"size": [0.12113, 0.225, 0.76887],
							"uv": {
								"north": {"uv": [31, 24], "uv_size": [0.5, 0.5]},
								"east": {"uv": [20, 13], "uv_size": [1, 0.5]},
								"south": {"uv": [25, 31], "uv_size": [0.5, 0.5]},
								"west": {"uv": [14, 20], "uv_size": [1, 0.5]},
								"up": {"uv": [20, 14], "uv_size": [0.5, 1]},
								"down": {"uv": [15, 21], "uv_size": [0.5, -1]}
							}
						},
						{
							"origin": [-1.24996, 1.08075, -1.88394],
							"size": [0.12113, 0.2875, 0.33137],
							"pivot": [-1.15046, 0.71825, -1.71825],
							"rotation": [-45, 0, 0],
							"uv": {
								"north": {"uv": [31, 25], "uv_size": [0.5, 0.5]},
								"east": {"uv": [26, 31], "uv_size": [0.5, 0.5]},
								"south": {"uv": [31, 26], "uv_size": [0.5, 0.5]},
								"west": {"uv": [27, 31], "uv_size": [0.5, 0.5]},
								"up": {"uv": [31, 27], "uv_size": [0.5, 0.5]},
								"down": {"uv": [28, 31.5], "uv_size": [0.5, -0.5]}
							}
						},
						{
							"origin": [-1.25, 1.08075, -1.97619],
							"size": [0.12116, 0.388, 0.62044],
							"uv": {
								"north": {"uv": [31, 28], "uv_size": [0.5, 0.5]},
								"east": {"uv": [29, 31], "uv_size": [0.5, 0.5]},
								"south": {"uv": [31, 29], "uv_size": [0.5, 0.5]},
								"west": {"uv": [30, 31], "uv_size": [0.5, 0.5]},
								"up": {"uv": [31, 30], "uv_size": [0.5, 0.5]},
								"down": {"uv": [31, 31.5], "uv_size": [0.5, -0.5]}
							}
						},
						{
							"origin": [-1.24779, 0.62713, -1.93825],
							"size": [0.21913, 0.18225, 0.44],
							"pivot": [-1.19279, 0.71825, -1.71825],
							"rotation": [-45, 0, 0],
							"uv": {
								"north": {"uv": [0, 32], "uv_size": [0.5, 0.5]},
								"east": {"uv": [32, 0], "uv_size": [0.5, 0.5]},
								"south": {"uv": [1, 32], "uv_size": [0.5, 0.5]},
								"west": {"uv": [32, 1], "uv_size": [0.5, 0.5]},
								"up": {"uv": [2, 32], "uv_size": [0.5, 0.5]},
								"down": {"uv": [32, 2.5], "uv_size": [0.5, -0.5]}
							}
						},
						{
							"origin": [-1.24779, 0.62713, -1.93825],
							"size": [0.21913, 0.18225, 0.44],
							"uv": {
								"north": {"uv": [3, 32], "uv_size": [0.5, 0.5]},
								"east": {"uv": [32, 3], "uv_size": [0.5, 0.5]},
								"south": {"uv": [4, 32], "uv_size": [0.5, 0.5]},
								"west": {"uv": [32, 4], "uv_size": [0.5, 0.5]},
								"up": {"uv": [5, 32], "uv_size": [0.5, 0.5]},
								"down": {"uv": [32, 5.5], "uv_size": [0.5, -0.5]}
							}
						},
						{
							"origin": [-1.24779, 0.49825, -1.80938],
							"size": [0.21913, 0.44, 0.18225],
							"pivot": [-1.19279, 0.71825, -1.71825],
							"rotation": [-45, 0, 0],
							"uv": {
								"north": {"uv": [6, 32], "uv_size": [0.5, 0.5]},
								"east": {"uv": [32, 6], "uv_size": [0.5, 0.5]},
								"south": {"uv": [7, 32], "uv_size": [0.5, 0.5]},
								"west": {"uv": [32, 7], "uv_size": [0.5, 0.5]},
								"up": {"uv": [8, 32], "uv_size": [0.5, 0.5]},
								"down": {"uv": [32, 8.5], "uv_size": [0.5, -0.5]}
							}
						},
						{
							"origin": [-1.24779, 0.49825, -1.80938],
							"size": [0.21913, 0.44, 0.18225],
							"uv": {
								"north": {"uv": [9, 32], "uv_size": [0.5, 0.5]},
								"east": {"uv": [32, 9], "uv_size": [0.5, 0.5]},
								"south": {"uv": [10, 32], "uv_size": [0.5, 0.5]},
								"west": {"uv": [32, 10], "uv_size": [0.5, 0.5]},
								"up": {"uv": [11, 32], "uv_size": [0.5, 0.5]},
								"down": {"uv": [32, 11.5], "uv_size": [0.5, -0.5]}
							}
						}
					]
				},
				{
					"name": "division",
					"pivot": [0, 0.3125, -27]
				},
				{
					"name": "division_illuminated",
					"parent": "division",
					"pivot": [-0.01562, 1.68875, -57],
					"cubes": [
						{
							"origin": [-1.52116, 0.533, -61],
							"size": [3, 3, 0.3],
							"uv": {
								"south": {"uv": [4, 58.5], "uv_size": [64, 64]}
							}
						}
					]
				},
				{
					"name": "ocular",
					"pivot": [-0.00157, 1.69298, -1.03168],
					"cubes": [
						{
							"origin": [-0.87638, 1.14927, -0.169],
							"size": [1.74963, 1.33741, 0.02463],
							"uv": {
								"south": {"uv": [4, 9], "uv_size": [1.5, 1.5]}
							}
						}
					]
				},
				{
					"name": "scope_view",
					"pivot": [0, 2.00192, 7.75]
				}
			]
		}
	]
}