{
	"format_version": "1.12.0",
	"minecraft:geometry": [
		{
			"description": {
				"identifier": "geometry.unknown",
				"texture_width": 32,
				"texture_height": 32,
				"visible_bounds_width": 2,
				"visible_bounds_height": 1.5,
				"visible_bounds_offset": [0, 0.25, 0]
			},
			"bones": [
				{
					"name": "6x5",
					"pivot": [0, 4.17442, -2.86536],
					"cubes": [
						{
							"origin": [-0.375, -1.92692, -2.97884],
							"size": [0.75, 0.8125, 4.13558],
							"uv": {
								"north": {"uv": [11, 10], "uv_size": [1, 1]},
								"east": {"uv": [0, 2], "uv_size": [4, 1]},
								"south": {"uv": [11, 11], "uv_size": [1, 1]},
								"west": {"uv": [0, 3], "uv_size": [4, 1]},
								"up": {"uv": [0, 4], "uv_size": [1, 4]},
								"down": {"uv": [1, 8], "uv_size": [1, -4]}
							}
						},
						{
							"origin": [-0.125, -1.76687, -8.41634],
							"size": [0.25, 1.03175, 4.69808],
							"uv": {
								"north": {"uv": [2, 13], "uv_size": [0.5, 1]},
								"east": {"uv": [0, 0], "uv_size": [4.5, 1]},
								"south": {"uv": [3, 13], "uv_size": [0.5, 1]},
								"west": {"uv": [0, 1], "uv_size": [4.5, 1]},
								"up": {"uv": [2, 4], "uv_size": [0.5, 4.5]},
								"down": {"uv": [4, 6.5], "uv_size": [0.5, -4.5]}
							}
						},
						{
							"origin": [-0.10619, -0.84646, -8.66634],
							"size": [0.17678, 0.17678, 4.94808],
							"pivot": [0.01881, -0.76809, -6.0673],
							"rotation": [0, 0, 45],
							"uv": {
								"north": {"uv": [16, 22], "uv_size": [0.5, 0.5]},
								"east": {"uv": [10, 22], "uv_size": [4.5, 0.5]},
								"south": {"uv": [22, 16], "uv_size": [0.5, 0.5]},
								"west": {"uv": [22, 10], "uv_size": [4.5, 0.5]},
								"up": {"uv": [22, 11], "uv_size": [0.5, 4.5]},
								"down": {"uv": [15, 26.5], "uv_size": [0.5, -4.5]}
							}
						},
						{
							"origin": [-0.08819, -1.22892, -10.07949],
							"size": [0.17657, 0.17556, 1.46771],
							"pivot": [0, -1.14174, -11.08582],
							"rotation": [6.74838, -6.70205, 44.6044],
							"uv": {
								"north": {"uv": [23, 2], "uv_size": [0.5, 0.5]},
								"east": {"uv": [3, 22], "uv_size": [1.5, 0.5]},
								"south": {"uv": [3, 23], "uv_size": [0.5, 0.5]},
								"west": {"uv": [22, 3], "uv_size": [1.5, 0.5]},
								"up": {"uv": [22, 4], "uv_size": [0.5, 1.5]},
								"down": {"uv": [5, 23.5], "uv_size": [0.5, -1.5]}
							}
						},
						{
							"origin": [-0.08936, -1.22051, -10.83758],
							"size": [0.17815, 0.17541, 0.76803],
							"pivot": [0.0005, -1.13289, -10.80342],
							"rotation": [8.90928, -8.80348, 44.31282],
							"uv": {
								"north": {"uv": [23, 1], "uv_size": [0.5, 0.5]},
								"east": {"uv": [8, 22], "uv_size": [1, 0.5]},
								"south": {"uv": [2, 23], "uv_size": [0.5, 0.5]},
								"west": {"uv": [22, 8], "uv_size": [1, 0.5]},
								"up": {"uv": [9, 22], "uv_size": [0.5, 1]},
								"down": {"uv": [22, 10], "uv_size": [0.5, -1]}
							}
						},
						{
							"origin": [-0.08919, -1.32831, -11.58366],
							"size": [0.17827, 0.17529, 0.76707],
							"pivot": [0, -1.24073, -11.2006],
							"rotation": [11.09481, -10.89245, 43.93891],
							"uv": {
								"north": {"uv": [23, 0], "uv_size": [0.5, 0.5]},
								"east": {"uv": [6, 22], "uv_size": [1, 0.5]},
								"south": {"uv": [1, 23], "uv_size": [0.5, 0.5]},
								"west": {"uv": [22, 6], "uv_size": [1, 0.5]},
								"up": {"uv": [7, 22], "uv_size": [0.5, 1]},
								"down": {"uv": [22, 8], "uv_size": [0.5, -1]}
							}
						},
						{
							"origin": [-0.08913, -1.56161, -11.79201],
							"size": [0.11394, 0.17711, 0.25692],
							"pivot": [0, -1.47396, -11.91863],
							"rotation": [14.80884, -14.33755, 43.12714],
							"uv": {
								"north": {"uv": [20, 22], "uv_size": [0.5, 0.5]},
								"east": {"uv": [22, 20], "uv_size": [0.5, 0.5]},
								"south": {"uv": [21, 22], "uv_size": [0.5, 0.5]},
								"west": {"uv": [22, 21], "uv_size": [0.5, 0.5]},
								"up": {"uv": [22, 22], "uv_size": [0.5, 0.5]},
								"down": {"uv": [0, 23.5], "uv_size": [0.5, -0.5]}
							}
						},
						{
							"origin": [-0.02481, -1.56161, -11.79201],
							"size": [0.11394, 0.17711, 0.25692],
							"pivot": [0, -1.47396, -11.91863],
							"rotation": [14.80884, 14.33755, -43.12714],
							"uv": {
								"north": {"uv": [17, 22], "uv_size": [0.5, 0.5]},
								"east": {"uv": [22, 17], "uv_size": [0.5, 0.5]},
								"south": {"uv": [18, 22], "uv_size": [0.5, 0.5]},
								"west": {"uv": [22, 18], "uv_size": [0.5, 0.5]},
								"up": {"uv": [19, 22], "uv_size": [0.5, 0.5]},
								"down": {"uv": [22, 19.5], "uv_size": [0.5, -0.5]}
							}
						},
						{
							"origin": [-0.0625, -2.10053, -8.80192],
							"size": [0.125, 0.40675, 4.69808],
							"uv": {
								"north": {"uv": [17, 3], "uv_size": [0.5, 0.5]},
								"east": {"uv": [5, 0], "uv_size": [4.5, 0.5]},
								"south": {"uv": [4, 17], "uv_size": [0.5, 0.5]},
								"west": {"uv": [5, 1], "uv_size": [4.5, 0.5]},
								"up": {"uv": [3, 4], "uv_size": [0.5, 4.5]},
								"down": {"uv": [5, 6.5], "uv_size": [0.5, -4.5]}
							}
						},
						{
							"origin": [-0.0625, -2.06642, -9.79518],
							"size": [0.125, 0.40675, 1.01058],
							"pivot": [0, -1.86304, -9.22739],
							"rotation": [-4.5, 0, 0],
							"uv": {
								"north": {"uv": [17, 4], "uv_size": [0.5, 0.5]},
								"east": {"uv": [4, 13], "uv_size": [1, 0.5]},
								"south": {"uv": [5, 17], "uv_size": [0.5, 0.5]},
								"west": {"uv": [13, 4], "uv_size": [1, 0.5]},
								"up": {"uv": [5, 13], "uv_size": [0.5, 1]},
								"down": {"uv": [13, 6], "uv_size": [0.5, -1]}
							}
						},
						{
							"origin": [-0.0625, -1.9167, -10.76398],
							"size": [0.125, 0.40675, 1.01058],
							"pivot": [0, -1.71332, -10.25868],
							"rotation": [-12.5, 0, 0],
							"uv": {
								"north": {"uv": [17, 5], "uv_size": [0.5, 0.5]},
								"east": {"uv": [6, 13], "uv_size": [1, 0.5]},
								"south": {"uv": [6, 17], "uv_size": [0.5, 0.5]},
								"west": {"uv": [13, 6], "uv_size": [1, 0.5]},
								"up": {"uv": [13, 7], "uv_size": [0.5, 1]},
								"down": {"uv": [13, 9], "uv_size": [0.5, -1]}
							}
						},
						{
							"origin": [-0.0625, -1.6582, -11.6991],
							"size": [0.125, 0.11442, 0.94808],
							"pivot": [0, -1.57983, -11.25631],
							"rotation": [-17, 0, 0],
							"uv": {
								"north": {"uv": [17, 6], "uv_size": [0.5, 0.5]},
								"east": {"uv": [13, 9], "uv_size": [1, 0.5]},
								"south": {"uv": [7, 17], "uv_size": [0.5, 0.5]},
								"west": {"uv": [10, 13], "uv_size": [1, 0.5]},
								"up": {"uv": [13, 10], "uv_size": [0.5, 1]},
								"down": {"uv": [11, 14], "uv_size": [0.5, -1]}
							}
						},
						{
							"origin": [-0.0625, -1.6582, -11.85287],
							"size": [0.125, 0.11089, 0.16434],
							"pivot": [0, -1.57983, -11.25631],
							"rotation": [-17, 0, 0],
							"uv": {
								"north": {"uv": [17, 7], "uv_size": [0.5, 0.5]},
								"east": {"uv": [8, 17], "uv_size": [0.5, 0.5]},
								"south": {"uv": [17, 8], "uv_size": [0.5, 0.5]},
								"west": {"uv": [9, 17], "uv_size": [0.5, 0.5]},
								"up": {"uv": [17, 9], "uv_size": [0.5, 0.5]},
								"down": {"uv": [10, 17.5], "uv_size": [0.5, -0.5]}
							}
						},
						{
							"origin": [-0.125, -2.10053, -4.10384],
							"size": [0.25, 0.34425, 0.38558],
							"uv": {
								"north": {"uv": [17, 10], "uv_size": [0.5, 0.5]},
								"east": {"uv": [11, 17], "uv_size": [0.5, 0.5]},
								"south": {"uv": [17, 11], "uv_size": [0.5, 0.5]},
								"west": {"uv": [12, 17], "uv_size": [0.5, 0.5]},
								"up": {"uv": [17, 12], "uv_size": [0.5, 0.5]},
								"down": {"uv": [13, 17.5], "uv_size": [0.5, -0.5]}
							}
						},
						{
							"origin": [-0.125, -2.016, -4.32705],
							"size": [0.25, 0.65675, 0.38558],
							"pivot": [0, -1.84388, -4.13425],
							"rotation": [55, 0, 0],
							"uv": {
								"north": {"uv": [17, 13], "uv_size": [0.5, 0.5]},
								"east": {"uv": [14, 17], "uv_size": [0.5, 0.5]},
								"south": {"uv": [17, 14], "uv_size": [0.5, 0.5]},
								"west": {"uv": [15, 17], "uv_size": [0.5, 0.5]},
								"up": {"uv": [17, 15], "uv_size": [0.5, 0.5]},
								"down": {"uv": [16, 17.5], "uv_size": [0.5, -0.5]}
							}
						},
						{
							"origin": [-0.125, -1.64513, -4.50167],
							"size": [0.25, 0.71925, 0.36971],
							"pivot": [0, -1.69176, -4.26225],
							"rotation": [75.5, 0, 0],
							"uv": {
								"north": {"uv": [17, 16], "uv_size": [0.5, 0.5]},
								"east": {"uv": [17, 17], "uv_size": [0.5, 0.5]},
								"south": {"uv": [0, 18], "uv_size": [0.5, 0.5]},
								"west": {"uv": [18, 0], "uv_size": [0.5, 0.5]},
								"up": {"uv": [1, 18], "uv_size": [0.5, 0.5]},
								"down": {"uv": [18, 1.5], "uv_size": [0.5, -0.5]}
							}
						},
						{
							"origin": [-0.125, -1.29762, -8.66634],
							"size": [0.25, 0.5625, 0.25],
							"uv": {
								"north": {"uv": [2, 18], "uv_size": [0.5, 0.5]},
								"east": {"uv": [18, 2], "uv_size": [0.5, 0.5]},
								"south": {"uv": [3, 18], "uv_size": [0.5, 0.5]},
								"west": {"uv": [18, 3], "uv_size": [0.5, 0.5]},
								"up": {"uv": [4, 18], "uv_size": [0.5, 0.5]},
								"down": {"uv": [18, 4.5], "uv_size": [0.5, -0.5]}
							}
						},
						{
							"origin": [-0.125, -1.29762, -9.47884],
							"size": [0.25, 0.125, 0.8125],
							"uv": {
								"north": {"uv": [5, 18], "uv_size": [0.5, 0.5]},
								"east": {"uv": [12, 13], "uv_size": [1, 0.5]},
								"south": {"uv": [18, 5], "uv_size": [0.5, 0.5]},
								"west": {"uv": [13, 13], "uv_size": [1, 0.5]},
								"up": {"uv": [14, 0], "uv_size": [0.5, 1]},
								"down": {"uv": [14, 2], "uv_size": [0.5, -1]}
							}
						},
						{
							"origin": [-0.125, -1.76687, -9.10384],
							"size": [0.25, 0.16733, 0.6875],
							"uv": {
								"north": {"uv": [6, 18], "uv_size": [0.5, 0.5]},
								"east": {"uv": [18, 6], "uv_size": [0.5, 0.5]},
								"south": {"uv": [7, 18], "uv_size": [0.5, 0.5]},
								"west": {"uv": [18, 7], "uv_size": [0.5, 0.5]},
								"up": {"uv": [8, 18], "uv_size": [0.5, 0.5]},
								"down": {"uv": [18, 8.5], "uv_size": [0.5, -0.5]}
							}
						},
						{
							"origin": [-0.125, -1.76687, -10.01059],
							"size": [0.25, 0.47454, 0.90675],
							"uv": {
								"north": {"uv": [9, 18], "uv_size": [0.5, 0.5]},
								"east": {"uv": [2, 14], "uv_size": [1, 0.5]},
								"south": {"uv": [18, 9], "uv_size": [0.5, 0.5]},
								"west": {"uv": [14, 2], "uv_size": [1, 0.5]},
								"up": {"uv": [3, 14], "uv_size": [0.5, 1]},
								"down": {"uv": [14, 4], "uv_size": [0.5, -1]}
							}
						},
						{
							"origin": [-0.125, -1.72826, -10.70743],
							"size": [0.25, 0.34954, 0.71925],
							"pivot": [0, -1.49099, -10.44155],
							"rotation": [-5, 0, 0],
							"uv": {
								"north": {"uv": [10, 18], "uv_size": [0.5, 0.5]},
								"east": {"uv": [18, 10], "uv_size": [0.5, 0.5]},
								"south": {"uv": [11, 18], "uv_size": [0.5, 0.5]},
								"west": {"uv": [18, 11], "uv_size": [0.5, 0.5]},
								"up": {"uv": [12, 18], "uv_size": [0.5, 0.5]},
								"down": {"uv": [18, 12.5], "uv_size": [0.5, -0.5]}
							}
						},
						{
							"origin": [-0.125, -1.61168, -11.74866],
							"size": [0.25, 0.04034, 1.08366],
							"pivot": [0, -1.37441, -11.11837],
							"rotation": [-12.5, 0, 0],
							"uv": {
								"north": {"uv": [13, 18], "uv_size": [0.5, 0.5]},
								"east": {"uv": [4, 14], "uv_size": [1, 0.5]},
								"south": {"uv": [18, 13], "uv_size": [0.5, 0.5]},
								"west": {"uv": [14, 4], "uv_size": [1, 0.5]},
								"up": {"uv": [5, 14], "uv_size": [0.5, 1]},
								"down": {"uv": [14, 6], "uv_size": [0.5, -1]}
							}
						},
						{
							"origin": [-0.125, -1.57464, -11.07174],
							"size": [0.25, 0.37831, 0.40675],
							"pivot": [0, -1.37441, -11.11837],
							"rotation": [-12.5, 0, 0],
							"uv": {
								"north": {"uv": [14, 18], "uv_size": [0.5, 0.5]},
								"east": {"uv": [18, 14], "uv_size": [0.5, 0.5]},
								"south": {"uv": [15, 18], "uv_size": [0.5, 0.5]},
								"west": {"uv": [18, 15], "uv_size": [0.5, 0.5]},
								"up": {"uv": [16, 18], "uv_size": [0.5, 0.5]},
								"down": {"uv": [18, 16.5], "uv_size": [0.5, -0.5]}
							}
						},
						{
							"origin": [-0.125, -1.57464, -11.44674],
							"size": [0.25, 0.19081, 0.40675],
							"pivot": [0, -1.37441, -11.11837],
							"rotation": [-12.5, 0, 0],
							"uv": {
								"north": {"uv": [17, 18], "uv_size": [0.5, 0.5]},
								"east": {"uv": [18, 17], "uv_size": [0.5, 0.5]},
								"south": {"uv": [18, 18], "uv_size": [0.5, 0.5]},
								"west": {"uv": [0, 19], "uv_size": [0.5, 0.5]},
								"up": {"uv": [19, 0], "uv_size": [0.5, 0.5]},
								"down": {"uv": [1, 19.5], "uv_size": [0.5, -0.5]}
							}
						},
						{
							"origin": [-0.125, -1.57464, -11.57703],
							"size": [0.25, 0.11144, 0.08796],
							"pivot": [0, -1.37441, -11.11837],
							"rotation": [-12.5, 0, 0],
							"uv": {
								"north": {"uv": [19, 1], "uv_size": [0.5, 0.5]},
								"east": {"uv": [2, 19], "uv_size": [0.5, 0.5]},
								"south": {"uv": [19, 2], "uv_size": [0.5, 0.5]},
								"west": {"uv": [3, 19], "uv_size": [0.5, 0.5]},
								"up": {"uv": [19, 3], "uv_size": [0.5, 0.5]},
								"down": {"uv": [4, 19.5], "uv_size": [0.5, -0.5]}
							}
						},
						{
							"origin": [-0.125, -1.5333, -11.64052],
							"size": [0.25, 0.04365, 0.0668],
							"pivot": [0, -1.37441, -11.11837],
							"rotation": [-12.5, 0, 0],
							"uv": {
								"north": {"uv": [19, 4], "uv_size": [0.5, 0.5]},
								"east": {"uv": [5, 19], "uv_size": [0.5, 0.5]},
								"south": {"uv": [19, 5], "uv_size": [0.5, 0.5]},
								"west": {"uv": [6, 19], "uv_size": [0.5, 0.5]},
								"up": {"uv": [19, 6], "uv_size": [0.5, 0.5]},
								"down": {"uv": [7, 19.5], "uv_size": [0.5, -0.5]}
							}
						},
						{
							"origin": [-0.125, -1.57464, -11.70203],
							"size": [0.25, 0.04365, 0.14418],
							"pivot": [0, -1.37441, -11.11837],
							"rotation": [-12.5, 0, 0],
							"uv": {
								"north": {"uv": [19, 7], "uv_size": [0.5, 0.5]},
								"east": {"uv": [8, 19], "uv_size": [0.5, 0.5]},
								"south": {"uv": [19, 8], "uv_size": [0.5, 0.5]},
								"west": {"uv": [9, 19], "uv_size": [0.5, 0.5]},
								"up": {"uv": [19, 9], "uv_size": [0.5, 0.5]},
								"down": {"uv": [10, 19.5], "uv_size": [0.5, -0.5]}
							}
						},
						{
							"origin": [-0.125, -1.53236, -10.1832],
							"size": [0.25, 0.4375, 1.44808],
							"inflate": -0.001,
							"pivot": [0, -0.50111, -10.86541],
							"rotation": [9.5, 0, 0],
							"uv": {
								"north": {"uv": [19, 10], "uv_size": [0.5, 0.5]},
								"east": {"uv": [12, 11], "uv_size": [1.5, 0.5]},
								"south": {"uv": [11, 19], "uv_size": [0.5, 0.5]},
								"west": {"uv": [12, 12], "uv_size": [1.5, 0.5]},
								"up": {"uv": [0, 13], "uv_size": [0.5, 1.5]},
								"down": {"uv": [1, 14.5], "uv_size": [0.5, -1.5]}
							}
						},
						{
							"origin": [-0.125, -1.62565, -10.79064],
							"size": [0.25, 0.5, 0.76058],
							"pivot": [0, -1.3444, -10.75409],
							"rotation": [12.5, 0, 0],
							"uv": {
								"north": {"uv": [19, 11], "uv_size": [0.5, 0.5]},
								"east": {"uv": [6, 14], "uv_size": [1, 0.5]},
								"south": {"uv": [12, 19], "uv_size": [0.5, 0.5]},
								"west": {"uv": [14, 6], "uv_size": [1, 0.5]},
								"up": {"uv": [7, 14], "uv_size": [0.5, 1]},
								"down": {"uv": [14, 8], "uv_size": [0.5, -1]}
							}
						},
						{
							"origin": [-0.125, -1.41878, -11.51706],
							"size": [0.25, 0.1875, 0.76058],
							"pivot": [0, -1.48128, -11.13677],
							"rotation": [15.5, 0, 0],
							"uv": {
								"north": {"uv": [19, 12], "uv_size": [0.5, 0.5]},
								"east": {"uv": [8, 14], "uv_size": [1, 0.5]},
								"south": {"uv": [13, 19], "uv_size": [0.5, 0.5]},
								"west": {"uv": [14, 8], "uv_size": [1, 0.5]},
								"up": {"uv": [9, 14], "uv_size": [0.5, 1]},
								"down": {"uv": [14, 10], "uv_size": [0.5, -1]}
							}
						},
						{
							"origin": [-0.125, -1.42606, -11.78635],
							"size": [0.25, 0.04424, 0.24612],
							"pivot": [0, -1.44432, -11.66523],
							"rotation": [20.5, 0, 0],
							"uv": {
								"north": {"uv": [19, 13], "uv_size": [0.5, 0.5]},
								"east": {"uv": [14, 19], "uv_size": [0.5, 0.5]},
								"south": {"uv": [19, 14], "uv_size": [0.5, 0.5]},
								"west": {"uv": [15, 19], "uv_size": [0.5, 0.5]},
								"up": {"uv": [19, 15], "uv_size": [0.5, 0.5]},
								"down": {"uv": [16, 19.5], "uv_size": [0.5, -0.5]}
							}
						},
						{
							"origin": [-0.375, -1.46914, 0.53602],
							"size": [0.75, 0.4375, 0.6875],
							"pivot": [0, -1.43789, 0.66102],
							"rotation": [38.5, 0, 0],
							"uv": {
								"north": {"uv": [10, 14], "uv_size": [1, 0.5]},
								"east": {"uv": [19, 16], "uv_size": [0.5, 0.5]},
								"south": {"uv": [14, 10], "uv_size": [1, 0.5]},
								"west": {"uv": [17, 19], "uv_size": [0.5, 0.5]},
								"up": {"uv": [11, 14], "uv_size": [1, 0.5]},
								"down": {"uv": [14, 11.5], "uv_size": [1, -0.5]}
							}
						},
						{
							"origin": [-0.375, -1.11442, 0.84834],
							"size": [0.75, 0.34463, 0.3084],
							"uv": {
								"north": {"uv": [12, 14], "uv_size": [1, 0.5]},
								"east": {"uv": [19, 17], "uv_size": [0.5, 0.5]},
								"south": {"uv": [14, 12], "uv_size": [1, 0.5]},
								"west": {"uv": [18, 19], "uv_size": [0.5, 0.5]},
								"up": {"uv": [13, 14], "uv_size": [1, 0.5]},
								"down": {"uv": [14, 13.5], "uv_size": [1, -0.5]}
							}
						},
						{
							"origin": [0.19952, -1.18894, -2.97884],
							"size": [0.25, 0.3125, 4.13558],
							"pivot": [0.19952, -1.68894, -1.66634],
							"rotation": [0, 0, -45],
							"uv": {
								"north": {"uv": [19, 18], "uv_size": [0.5, 0.5]},
								"east": {"uv": [6, 2], "uv_size": [4, 0.5]},
								"south": {"uv": [19, 19], "uv_size": [0.5, 0.5]},
								"west": {"uv": [6, 3], "uv_size": [4, 0.5]},
								"up": {"uv": [6, 4], "uv_size": [0.5, 4]},
								"down": {"uv": [4, 11], "uv_size": [0.5, -4]}
							}
						},
						{
							"origin": [-0.44952, -1.18894, -2.97884],
							"size": [0.25, 0.3125, 4.13558],
							"pivot": [-0.19952, -1.68894, -1.66634],
							"rotation": [0, 0, 45],
							"uv": {
								"north": {"uv": [0, 20], "uv_size": [0.5, 0.5]},
								"east": {"uv": [7, 4], "uv_size": [4, 0.5]},
								"south": {"uv": [20, 0], "uv_size": [0.5, 0.5]},
								"west": {"uv": [7, 5], "uv_size": [4, 0.5]},
								"up": {"uv": [5, 7], "uv_size": [0.5, 4]},
								"down": {"uv": [7, 10], "uv_size": [0.5, -4]}
							}
						},
						{
							"origin": [-0.19822, -1.25014, -2.97884],
							"size": [0.39645, 0.3125, 4.13558],
							"uv": {
								"north": {"uv": [1, 20], "uv_size": [0.5, 0.5]},
								"east": {"uv": [8, 6], "uv_size": [4, 0.5]},
								"south": {"uv": [20, 1], "uv_size": [0.5, 0.5]},
								"west": {"uv": [8, 7], "uv_size": [4, 0.5]},
								"up": {"uv": [0, 8], "uv_size": [0.5, 4]},
								"down": {"uv": [1, 12], "uv_size": [0.5, -4]}
							}
						},
						{
							"origin": [-0.3755, -1.37514, -0.22884],
							"size": [0.75099, 0.4375, 0.4375],
							"pivot": [0.04134, -1.09389, 0.05241],
							"rotation": [45, 0, 0],
							"uv": {
								"north": {"uv": [14, 14], "uv_size": [1, 0.5]},
								"east": {"uv": [2, 20], "uv_size": [0.5, 0.5]},
								"south": {"uv": [0, 15], "uv_size": [1, 0.5]},
								"west": {"uv": [20, 2], "uv_size": [0.5, 0.5]},
								"up": {"uv": [15, 0], "uv_size": [1, 0.5]},
								"down": {"uv": [1, 15.5], "uv_size": [1, -0.5]}
							}
						},
						{
							"origin": [-0.3755, -1.37514, -1.29134],
							"size": [0.75099, 0.4375, 0.4375],
							"pivot": [0.04134, -1.09389, -1.01009],
							"rotation": [45, 0, 0],
							"uv": {
								"north": {"uv": [15, 1], "uv_size": [1, 0.5]},
								"east": {"uv": [3, 20], "uv_size": [0.5, 0.5]},
								"south": {"uv": [2, 15], "uv_size": [1, 0.5]},
								"west": {"uv": [20, 3], "uv_size": [0.5, 0.5]},
								"up": {"uv": [15, 2], "uv_size": [1, 0.5]},
								"down": {"uv": [3, 15.5], "uv_size": [1, -0.5]}
							}
						},
						{
							"origin": [-0.3755, -1.37514, -2.35384],
							"size": [0.75099, 0.4375, 0.4375],
							"pivot": [0.04134, -1.09389, -2.07259],
							"rotation": [45, 0, 0],
							"uv": {
								"north": {"uv": [15, 3], "uv_size": [1, 0.5]},
								"east": {"uv": [4, 20], "uv_size": [0.5, 0.5]},
								"south": {"uv": [4, 15], "uv_size": [1, 0.5]},
								"west": {"uv": [20, 4], "uv_size": [0.5, 0.5]},
								"up": {"uv": [15, 4], "uv_size": [1, 0.5]},
								"down": {"uv": [5, 15.5], "uv_size": [1, -0.5]}
							}
						},
						{
							"origin": [-0.375, -1.22125, -3.43795],
							"size": [0.75, 0.4375, 0.625],
							"pivot": [0, -1.0025, -3.0317],
							"rotation": [133.5, 0, 0],
							"uv": {
								"north": {"uv": [15, 5], "uv_size": [1, 0.5]},
								"east": {"uv": [5, 20], "uv_size": [0.5, 0.5]},
								"south": {"uv": [6, 15], "uv_size": [1, 0.5]},
								"west": {"uv": [20, 5], "uv_size": [0.5, 0.5]},
								"up": {"uv": [15, 6], "uv_size": [1, 0.5]},
								"down": {"uv": [7, 15.5], "uv_size": [1, -0.5]}
							}
						},
						{
							"origin": [0.19952, -2.1649, -2.97884],
							"size": [0.25, 0.3125, 4.13558],
							"pivot": [0.19952, -1.3524, -1.66634],
							"rotation": [0, 0, 45],
							"uv": {
								"north": {"uv": [6, 20], "uv_size": [0.5, 0.5]},
								"east": {"uv": [8, 8], "uv_size": [4, 0.5]},
								"south": {"uv": [20, 6], "uv_size": [0.5, 0.5]},
								"west": {"uv": [8, 9], "uv_size": [4, 0.5]},
								"up": {"uv": [6, 8], "uv_size": [0.5, 4]},
								"down": {"uv": [2, 13], "uv_size": [0.5, -4]}
							}
						},
						{
							"origin": [-0.26072, -2.21052, -3.81295],
							"size": [0.52145, 0.3125, 0.83366],
							"uv": {
								"north": {"uv": [7, 20], "uv_size": [0.5, 0.5]},
								"east": {"uv": [15, 7], "uv_size": [1, 0.5]},
								"south": {"uv": [20, 7], "uv_size": [0.5, 0.5]},
								"west": {"uv": [8, 15], "uv_size": [1, 0.5]},
								"up": {"uv": [15, 8], "uv_size": [0.5, 1]},
								"down": {"uv": [9, 16], "uv_size": [0.5, -1]}
							}
						},
						{
							"origin": [-0.38702, -2.27172, -3.81295],
							"size": [0.25, 0.3125, 0.83366],
							"pivot": [-0.13702, -1.45922, -2.50045],
							"rotation": [0, 0, -45],
							"uv": {
								"north": {"uv": [8, 20], "uv_size": [0.5, 0.5]},
								"east": {"uv": [15, 9], "uv_size": [1, 0.5]},
								"south": {"uv": [20, 8], "uv_size": [0.5, 0.5]},
								"west": {"uv": [10, 15], "uv_size": [1, 0.5]},
								"up": {"uv": [15, 10], "uv_size": [0.5, 1]},
								"down": {"uv": [11, 16], "uv_size": [0.5, -1]}
							}
						},
						{
							"origin": [0.13702, -0.79577, -3.81295],
							"size": [0.25, 0.3125, 0.83366],
							"pivot": [0.13702, -1.29577, -2.50045],
							"rotation": [0, 0, -45],
							"uv": {
								"north": {"uv": [9, 20], "uv_size": [0.5, 0.5]},
								"east": {"uv": [15, 11], "uv_size": [1, 0.5]},
								"south": {"uv": [20, 9], "uv_size": [0.5, 0.5]},
								"west": {"uv": [12, 15], "uv_size": [1, 0.5]},
								"up": {"uv": [15, 12], "uv_size": [0.5, 1]},
								"down": {"uv": [13, 16], "uv_size": [0.5, -1]}
							}
						},
						{
							"origin": [-0.26072, -0.85697, -3.81295],
							"size": [0.52145, 0.3125, 0.83366],
							"uv": {
								"north": {"uv": [10, 20], "uv_size": [0.5, 0.5]},
								"east": {"uv": [15, 13], "uv_size": [1, 0.5]},
								"south": {"uv": [20, 10], "uv_size": [0.5, 0.5]},
								"west": {"uv": [14, 15], "uv_size": [1, 0.5]},
								"up": {"uv": [15, 14], "uv_size": [0.5, 1]},
								"down": {"uv": [15, 16], "uv_size": [0.5, -1]}
							}
						},
						{
							"origin": [-0.38702, -0.79577, -3.81295],
							"size": [0.25, 0.3125, 0.83366],
							"pivot": [-0.13702, -1.29577, -2.50045],
							"rotation": [0, 0, 45],
							"uv": {
								"north": {"uv": [11, 20], "uv_size": [0.5, 0.5]},
								"east": {"uv": [0, 16], "uv_size": [1, 0.5]},
								"south": {"uv": [20, 11], "uv_size": [0.5, 0.5]},
								"west": {"uv": [16, 0], "uv_size": [1, 0.5]},
								"up": {"uv": [1, 16], "uv_size": [0.5, 1]},
								"down": {"uv": [16, 2], "uv_size": [0.5, -1]}
							}
						},
						{
							"origin": [0.13702, -2.27172, -3.81295],
							"size": [0.25, 0.3125, 0.83366],
							"pivot": [0.13702, -1.45922, -2.50045],
							"rotation": [0, 0, 45],
							"uv": {
								"north": {"uv": [12, 20], "uv_size": [0.5, 0.5]},
								"east": {"uv": [2, 16], "uv_size": [1, 0.5]},
								"south": {"uv": [20, 12], "uv_size": [0.5, 0.5]},
								"west": {"uv": [16, 2], "uv_size": [1, 0.5]},
								"up": {"uv": [3, 16], "uv_size": [0.5, 1]},
								"down": {"uv": [16, 4], "uv_size": [0.5, -1]}
							}
						},
						{
							"origin": [-0.19822, -2.1037, -2.97884],
							"size": [0.39645, 0.3125, 4.13558],
							"uv": {
								"north": {"uv": [13, 20], "uv_size": [0.5, 0.5]},
								"east": {"uv": [10, 0], "uv_size": [4, 0.5]},
								"south": {"uv": [20, 13], "uv_size": [0.5, 0.5]},
								"west": {"uv": [10, 1], "uv_size": [4, 0.5]},
								"up": {"uv": [3, 9], "uv_size": [0.5, 4]},
								"down": {"uv": [7, 14], "uv_size": [0.5, -4]}
							}
						},
						{
							"origin": [-0.44952, -2.1649, -2.97884],
							"size": [0.25, 0.3125, 4.13558],
							"pivot": [-0.19952, -1.3524, -1.66634],
							"rotation": [0, 0, -45],
							"uv": {
								"north": {"uv": [14, 20], "uv_size": [0.5, 0.5]},
								"east": {"uv": [10, 2], "uv_size": [4, 0.5]},
								"south": {"uv": [20, 14], "uv_size": [0.5, 0.5]},
								"west": {"uv": [10, 3], "uv_size": [4, 0.5]},
								"up": {"uv": [8, 10], "uv_size": [0.5, 4]},
								"down": {"uv": [9, 14], "uv_size": [0.5, -4]}
							}
						},
						{
							"origin": [-0.4375, -1.67692, 1.15674],
							"size": [0.875, 0.90713, 1.17262],
							"uv": {
								"north": {"uv": [0, 12], "uv_size": [1, 1]},
								"east": {"uv": [1, 12], "uv_size": [1, 1]},
								"south": {"uv": [12, 4], "uv_size": [1, 1]},
								"west": {"uv": [12, 5], "uv_size": [1, 1]},
								"up": {"uv": [6, 12], "uv_size": [1, 1]},
								"down": {"uv": [12, 7], "uv_size": [1, -1]}
							}
						},
						{
							"origin": [0.13702, -2.1649, 1.15674],
							"size": [0.25, 0.3125, 0.88558],
							"pivot": [0.13702, -1.3524, -0.53076],
							"rotation": [0, 0, 45],
							"uv": {
								"north": {"uv": [15, 20], "uv_size": [0.5, 0.5]},
								"east": {"uv": [4, 16], "uv_size": [1, 0.5]},
								"south": {"uv": [20, 15], "uv_size": [0.5, 0.5]},
								"west": {"uv": [16, 4], "uv_size": [1, 0.5]},
								"up": {"uv": [5, 16], "uv_size": [0.5, 1]},
								"down": {"uv": [16, 6], "uv_size": [0.5, -1]}
							}
						},
						{
							"origin": [-0.38702, -2.1649, 1.15674],
							"size": [0.25, 0.3125, 0.88558],
							"pivot": [-0.13702, -1.3524, -0.53076],
							"rotation": [0, 0, -45],
							"uv": {
								"north": {"uv": [16, 20], "uv_size": [0.5, 0.5]},
								"east": {"uv": [6, 16], "uv_size": [1, 0.5]},
								"south": {"uv": [20, 16], "uv_size": [0.5, 0.5]},
								"west": {"uv": [16, 6], "uv_size": [1, 0.5]},
								"up": {"uv": [7, 16], "uv_size": [0.5, 1]},
								"down": {"uv": [16, 8], "uv_size": [0.5, -1]}
							}
						},
						{
							"origin": [-0.26072, -2.1037, 1.15674],
							"size": [0.52145, 0.3125, 0.88558],
							"uv": {
								"north": {"uv": [17, 20], "uv_size": [0.5, 0.5]},
								"east": {"uv": [8, 16], "uv_size": [1, 0.5]},
								"south": {"uv": [20, 17], "uv_size": [0.5, 0.5]},
								"west": {"uv": [16, 8], "uv_size": [1, 0.5]},
								"up": {"uv": [9, 16], "uv_size": [0.5, 1]},
								"down": {"uv": [16, 10], "uv_size": [0.5, -1]}
							}
						},
						{
							"origin": [-0.4375, -1.16537, 1.78448],
							"size": [0.875, 0.29188, 0.79956],
							"pivot": [0, -1.4618, 2.19602],
							"rotation": [22.5, 0, 0],
							"uv": {
								"north": {"uv": [10, 16], "uv_size": [1, 0.5]},
								"east": {"uv": [16, 10], "uv_size": [1, 0.5]},
								"south": {"uv": [11, 16], "uv_size": [1, 0.5]},
								"west": {"uv": [16, 11], "uv_size": [1, 0.5]},
								"up": {"uv": [12, 7], "uv_size": [1, 1]},
								"down": {"uv": [12, 9], "uv_size": [1, -1]}
							}
						},
						{
							"origin": [-0.4375, -2.06838, 1.94982],
							"size": [0.875, 0.58497, 0.33913],
							"pivot": [0, -1.77325, 2.11938],
							"rotation": [-43, 0, 0],
							"uv": {
								"north": {"uv": [12, 16], "uv_size": [1, 0.5]},
								"east": {"uv": [18, 20], "uv_size": [0.5, 0.5]},
								"south": {"uv": [16, 12], "uv_size": [1, 0.5]},
								"west": {"uv": [20, 18], "uv_size": [0.5, 0.5]},
								"up": {"uv": [13, 16], "uv_size": [1, 0.5]},
								"down": {"uv": [16, 13.5], "uv_size": [1, -0.5]}
							}
						},
						{
							"origin": [-0.4375, -1.67692, 2.27817],
							"size": [0.875, 0.63747, 0.16289],
							"uv": {
								"north": {"uv": [14, 16], "uv_size": [1, 0.5]},
								"east": {"uv": [19, 20], "uv_size": [0.5, 0.5]},
								"south": {"uv": [16, 14], "uv_size": [1, 0.5]},
								"west": {"uv": [20, 19], "uv_size": [0.5, 0.5]},
								"up": {"uv": [15, 16], "uv_size": [1, 0.5]},
								"down": {"uv": [16, 15.5], "uv_size": [1, -0.5]}
							}
						},
						{
							"origin": [-0.4375, -1.92692, 1.15674],
							"size": [0.875, 0.3125, 1.01058],
							"uv": {
								"north": {"uv": [16, 16], "uv_size": [1, 0.5]},
								"east": {"uv": [0, 17], "uv_size": [1, 0.5]},
								"south": {"uv": [17, 0], "uv_size": [1, 0.5]},
								"west": {"uv": [1, 17], "uv_size": [1, 0.5]},
								"up": {"uv": [12, 9], "uv_size": [1, 1]},
								"down": {"uv": [10, 13], "uv_size": [1, -1]}
							}
						},
						{
							"origin": [-0.4375, -2.03375, -3.81295],
							"size": [0.875, 1.3125, 0.83366],
							"uv": {
								"north": {"uv": [10, 10], "uv_size": [1, 1.5]},
								"east": {"uv": [4, 11], "uv_size": [1, 1.5]},
								"south": {"uv": [11, 4], "uv_size": [1, 1.5]},
								"west": {"uv": [5, 11], "uv_size": [1, 1.5]},
								"up": {"uv": [12, 10], "uv_size": [1, 1]},
								"down": {"uv": [11, 13], "uv_size": [1, -1]}
							}
						},
						{
							"origin": [-0.49973, -0.20735, -3.74179],
							"size": [0.13528, 0.41399, 0.30379],
							"uv": {
								"north": {"uv": [20, 20], "uv_size": [0.5, 0.5]},
								"east": {"uv": [0, 21], "uv_size": [0.5, 0.5]},
								"south": {"uv": [21, 0], "uv_size": [0.5, 0.5]},
								"west": {"uv": [1, 21], "uv_size": [0.5, 0.5]},
								"up": {"uv": [21, 1], "uv_size": [0.5, 0.5]},
								"down": {"uv": [2, 21.5], "uv_size": [0.5, -0.5]}
							}
						},
						{
							"origin": [0.36445, -0.20735, -3.74179],
							"size": [0.13528, 0.41399, 0.30379],
							"pivot": [0, -0.00035, -3.38969],
							"rotation": [0, 0, 45],
							"uv": {
								"north": {"uv": [21, 2], "uv_size": [0.5, 0.5]},
								"east": {"uv": [3, 21], "uv_size": [0.5, 0.5]},
								"south": {"uv": [21, 3], "uv_size": [0.5, 0.5]},
								"west": {"uv": [4, 21], "uv_size": [0.5, 0.5]},
								"up": {"uv": [21, 4], "uv_size": [0.5, 0.5]},
								"down": {"uv": [5, 21.5], "uv_size": [0.5, -0.5]}
							}
						},
						{
							"origin": [-0.1914, 0.35764, -3.74179],
							"size": [0.41399, 0.13528, 0.30379],
							"pivot": [0.0156, 0.01525, -3.38969],
							"rotation": [0, 0, 45],
							"uv": {
								"north": {"uv": [21, 5], "uv_size": [0.5, 0.5]},
								"east": {"uv": [6, 21], "uv_size": [0.5, 0.5]},
								"south": {"uv": [21, 6], "uv_size": [0.5, 0.5]},
								"west": {"uv": [7, 21], "uv_size": [0.5, 0.5]},
								"up": {"uv": [21, 7], "uv_size": [0.5, 0.5]},
								"down": {"uv": [8, 21.5], "uv_size": [0.5, -0.5]}
							}
						},
						{
							"origin": [-0.207, 0.3641, -3.74179],
							"size": [0.41399, 0.13528, 0.30379],
							"uv": {
								"north": {"uv": [21, 8], "uv_size": [0.5, 0.5]},
								"east": {"uv": [9, 21], "uv_size": [0.5, 0.5]},
								"south": {"uv": [21, 9], "uv_size": [0.5, 0.5]},
								"west": {"uv": [10, 21], "uv_size": [0.5, 0.5]},
								"up": {"uv": [21, 10], "uv_size": [0.5, 0.5]},
								"down": {"uv": [11, 21.5], "uv_size": [0.5, -0.5]}
							}
						},
						{
							"origin": [0.36445, -0.20735, -3.74179],
							"size": [0.13528, 0.41399, 0.30379],
							"uv": {
								"north": {"uv": [21, 11], "uv_size": [0.5, 0.5]},
								"east": {"uv": [12, 21], "uv_size": [0.5, 0.5]},
								"south": {"uv": [21, 12], "uv_size": [0.5, 0.5]},
								"west": {"uv": [13, 21], "uv_size": [0.5, 0.5]},
								"up": {"uv": [21, 13], "uv_size": [0.5, 0.5]},
								"down": {"uv": [14, 21.5], "uv_size": [0.5, -0.5]}
							}
						},
						{
							"origin": [-0.207, -0.50008, -3.74179],
							"size": [0.41399, 0.13528, 0.30379],
							"pivot": [0, -0.00035, -3.38969],
							"rotation": [0, 0, 45],
							"uv": {
								"north": {"uv": [21, 14], "uv_size": [0.5, 0.5]},
								"east": {"uv": [15, 21], "uv_size": [0.5, 0.5]},
								"south": {"uv": [21, 15], "uv_size": [0.5, 0.5]},
								"west": {"uv": [16, 21], "uv_size": [0.5, 0.5]},
								"up": {"uv": [21, 16], "uv_size": [0.5, 0.5]},
								"down": {"uv": [17, 21.5], "uv_size": [0.5, -0.5]}
							}
						},
						{
							"origin": [-0.207, -0.56258, -3.74179],
							"size": [0.41399, 0.19778, 0.30379],
							"uv": {
								"north": {"uv": [21, 17], "uv_size": [0.5, 0.5]},
								"east": {"uv": [18, 21], "uv_size": [0.5, 0.5]},
								"south": {"uv": [21, 18], "uv_size": [0.5, 0.5]},
								"west": {"uv": [19, 21], "uv_size": [0.5, 0.5]},
								"up": {"uv": [21, 19], "uv_size": [0.5, 0.5]},
								"down": {"uv": [20, 21.5], "uv_size": [0.5, -0.5]}
							}
						},
						{
							"origin": [-0.49973, -0.20735, -3.74179],
							"size": [0.13534, 0.41399, 0.30379],
							"pivot": [0, -0.00035, -3.38969],
							"rotation": [0, 0, 45],
							"uv": {
								"north": {"uv": [21, 20], "uv_size": [0.5, 0.5]},
								"east": {"uv": [21, 21], "uv_size": [0.5, 0.5]},
								"south": {"uv": [0, 22], "uv_size": [0.5, 0.5]},
								"west": {"uv": [22, 0], "uv_size": [0.5, 0.5]},
								"up": {"uv": [1, 22], "uv_size": [0.5, 0.5]},
								"down": {"uv": [22, 1.5], "uv_size": [0.5, -0.5]}
							}
						},
						{
							"origin": [-0.5, -1.67692, 1.70866],
							"size": [1, 0.4375, 0.4375],
							"pivot": [0, -1.42692, 1.95866],
							"rotation": [-45, 0, 0],
							"uv": {
								"north": {"uv": [17, 1], "uv_size": [1, 0.5]},
								"east": {"uv": [2, 22], "uv_size": [0.5, 0.5]},
								"south": {"uv": [2, 17], "uv_size": [1, 0.5]},
								"west": {"uv": [22, 2], "uv_size": [0.5, 0.5]},
								"up": {"uv": [17, 2], "uv_size": [1, 0.5]},
								"down": {"uv": [3, 17.5], "uv_size": [1, -0.5]}
							}
						}
					]
				}
			]
		}
	]
}