{
	"format_version": "1.12.0",
	"minecraft:geometry": [
		{
			"description": {
				"identifier": "geometry.unknown",
				"texture_width": 32,
				"texture_height": 32,
				"visible_bounds_width": 4,
				"visible_bounds_height": 2,
				"visible_bounds_offset": [0, 0, 0]
			},
			"bones": [
				{
					"name": "ak74muzzle",
					"pivot": [8, 0.81935, 0.98988]
				},
				{
					"name": "octagon5",
					"parent": "ak74muzzle",
					"pivot": [3.4, -2.97354, -3.91104],
					"cubes": [
						{
							"origin": [-0.25086, -0.61403, -1.06681],
							"size": [0.50172, 1.21125, 1.05984],
							"pivot": [0, -0.0084, -0.15837],
							"rotation": [0, 0, 45],
							"uv": {
								"north": {"uv": [2, 12], "uv_size": [1, 2]},
								"east": {"uv": [8, 0], "uv_size": [2, 2]},
								"south": {"uv": [12, 2], "uv_size": [1, 2]},
								"west": {"uv": [8, 2], "uv_size": [2, 2]},
								"up": {"uv": [12, 4], "uv_size": [1, 2]},
								"down": {"uv": [6, 14], "uv_size": [1, -2]}
							}
						},
						{
							"origin": [-0.25086, -0.61403, -1.06681],
							"size": [0.50172, 1.21125, 1.05984],
							"uv": {
								"north": {"uv": [8, 12], "uv_size": [1, 2]},
								"east": {"uv": [8, 4], "uv_size": [2, 2]},
								"south": {"uv": [10, 12], "uv_size": [1, 2]},
								"west": {"uv": [8, 6], "uv_size": [2, 2]},
								"up": {"uv": [12, 12], "uv_size": [1, 2]},
								"down": {"uv": [0, 16], "uv_size": [1, -2]}
							}
						},
						{
							"origin": [-0.60563, -0.25926, -1.06681],
							"size": [1.21125, 0.50172, 1.05984],
							"pivot": [0, -0.0084, -0.15837],
							"rotation": [0, 0, 45],
							"uv": {
								"north": {"uv": [14, 0], "uv_size": [2, 1]},
								"east": {"uv": [2, 14], "uv_size": [2, 1]},
								"south": {"uv": [14, 2], "uv_size": [2, 1]},
								"west": {"uv": [4, 14], "uv_size": [2, 1]},
								"up": {"uv": [8, 8], "uv_size": [2, 2]},
								"down": {"uv": [0, 12], "uv_size": [2, -2]}
							}
						},
						{
							"origin": [-0.60563, -0.25926, -1.06681],
							"size": [1.21125, 0.50172, 1.05984],
							"uv": {
								"north": {"uv": [14, 4], "uv_size": [2, 1]},
								"east": {"uv": [6, 14], "uv_size": [2, 1]},
								"south": {"uv": [14, 6], "uv_size": [2, 1]},
								"west": {"uv": [8, 14], "uv_size": [2, 1]},
								"up": {"uv": [10, 0], "uv_size": [2, 2]},
								"down": {"uv": [2, 12], "uv_size": [2, -2]}
							}
						}
					]
				},
				{
					"name": "octagon4",
					"parent": "octagon5",
					"pivot": [3.4, -2.66379, -4.44229],
					"cubes": [
						{
							"origin": [-0.22126, -0.53415, -2.57938],
							"size": [0.44251, 1.06832, 1.764],
							"pivot": [0, 0.00001, -0.94892],
							"rotation": [0, 0, 45],
							"uv": {
								"north": {"uv": [0, 12], "uv_size": [1, 2]},
								"east": {"uv": [0, 0], "uv_size": [4, 2]},
								"south": {"uv": [12, 0], "uv_size": [1, 2]},
								"west": {"uv": [0, 2], "uv_size": [4, 2]},
								"up": {"uv": [4, 6], "uv_size": [1, 4]},
								"down": {"uv": [6, 10], "uv_size": [1, -4]}
							}
						},
						{
							"origin": [-0.22126, -0.53415, -2.57938],
							"size": [0.44251, 1.06832, 1.764],
							"uv": {
								"north": {"uv": [14, 8], "uv_size": [1, 2]},
								"east": {"uv": [0, 4], "uv_size": [4, 2]},
								"south": {"uv": [10, 14], "uv_size": [1, 2]},
								"west": {"uv": [4, 0], "uv_size": [4, 2]},
								"up": {"uv": [10, 2], "uv_size": [1, 4]},
								"down": {"uv": [4, 14], "uv_size": [1, -4]}
							}
						},
						{
							"origin": [-0.22126, 0.31585, -3.27],
							"size": [0.44251, 0.21832, 0.69063],
							"uv": {
								"north": {"uv": [0, 16], "uv_size": [1, 1]},
								"east": {"uv": [16, 0], "uv_size": [1, 1]},
								"south": {"uv": [2, 16], "uv_size": [1, 1]},
								"west": {"uv": [16, 2], "uv_size": [1, 1]},
								"up": {"uv": [4, 16], "uv_size": [1, 1]},
								"down": {"uv": [16, 5], "uv_size": [1, -1]}
							}
						},
						{
							"origin": [-0.22126, -0.53415, -3.27],
							"size": [0.44251, 0.21832, 0.69063],
							"uv": {
								"north": {"uv": [6, 16], "uv_size": [1, 1]},
								"east": {"uv": [16, 6], "uv_size": [1, 1]},
								"south": {"uv": [8, 16], "uv_size": [1, 1]},
								"west": {"uv": [16, 8], "uv_size": [1, 1]},
								"up": {"uv": [10, 16], "uv_size": [1, 1]},
								"down": {"uv": [16, 11], "uv_size": [1, -1]}
							}
						},
						{
							"origin": [-0.53416, -0.22125, -2.57938],
							"size": [1.06832, 0.44251, 1.764],
							"pivot": [0, 0.00001, -0.94892],
							"rotation": [0, 0, 45],
							"uv": {
								"north": {"uv": [14, 10], "uv_size": [2, 1]},
								"east": {"uv": [6, 10], "uv_size": [4, 1]},
								"south": {"uv": [12, 14], "uv_size": [2, 1]},
								"west": {"uv": [10, 6], "uv_size": [4, 1]},
								"up": {"uv": [4, 2], "uv_size": [2, 4]},
								"down": {"uv": [0, 10], "uv_size": [2, -4]}
							}
						},
						{
							"origin": [-0.22126, -0.53415, -3.42938],
							"size": [0.44251, 0.31832, 0.16713],
							"uv": {
								"north": {"uv": [12, 16], "uv_size": [1, 1]},
								"east": {"uv": [16, 12], "uv_size": [1, 1]},
								"south": {"uv": [14, 16], "uv_size": [1, 1]},
								"west": {"uv": [16, 14], "uv_size": [1, 1]},
								"up": {"uv": [16, 16], "uv_size": [1, 1]},
								"down": {"uv": [0, 19], "uv_size": [1, -1]}
							}
						},
						{
							"origin": [-0.22126, 0.21585, -3.42938],
							"size": [0.44251, 0.31832, 0.16713],
							"uv": {
								"north": {"uv": [18, 0], "uv_size": [1, 1]},
								"east": {"uv": [2, 18], "uv_size": [1, 1]},
								"south": {"uv": [18, 2], "uv_size": [1, 1]},
								"west": {"uv": [4, 18], "uv_size": [1, 1]},
								"up": {"uv": [18, 4], "uv_size": [1, 1]},
								"down": {"uv": [6, 19], "uv_size": [1, -1]}
							}
						},
						{
							"origin": [-0.22126, -0.53415, -3.42938],
							"size": [0.44251, 0.31832, 0.16713],
							"pivot": [0, 0.00001, -3.39579],
							"rotation": [0, 0, 45],
							"uv": {
								"north": {"uv": [18, 6], "uv_size": [1, 1]},
								"east": {"uv": [8, 18], "uv_size": [1, 1]},
								"south": {"uv": [18, 8], "uv_size": [1, 1]},
								"west": {"uv": [10, 18], "uv_size": [1, 1]},
								"up": {"uv": [18, 10], "uv_size": [1, 1]},
								"down": {"uv": [12, 19], "uv_size": [1, -1]}
							}
						},
						{
							"origin": [-0.22126, 0.21585, -3.42938],
							"size": [0.44251, 0.31832, 0.16713],
							"pivot": [0, 0.00001, -3.39579],
							"rotation": [0, 0, 45],
							"uv": {
								"north": {"uv": [18, 12], "uv_size": [1, 1]},
								"east": {"uv": [14, 18], "uv_size": [1, 1]},
								"south": {"uv": [18, 14], "uv_size": [1, 1]},
								"west": {"uv": [16, 18], "uv_size": [1, 1]},
								"up": {"uv": [18, 16], "uv_size": [1, 1]},
								"down": {"uv": [18, 19], "uv_size": [1, -1]}
							}
						},
						{
							"origin": [-0.53416, -0.22125, -3.42938],
							"size": [0.31832, 0.44251, 0.16713],
							"uv": {
								"north": {"uv": [0, 20], "uv_size": [1, 1]},
								"east": {"uv": [20, 0], "uv_size": [1, 1]},
								"south": {"uv": [2, 20], "uv_size": [1, 1]},
								"west": {"uv": [20, 2], "uv_size": [1, 1]},
								"up": {"uv": [4, 20], "uv_size": [1, 1]},
								"down": {"uv": [20, 5], "uv_size": [1, -1]}
							}
						},
						{
							"origin": [0.21584, -0.22125, -3.42938],
							"size": [0.31832, 0.44251, 0.16713],
							"uv": {
								"north": {"uv": [6, 20], "uv_size": [1, 1]},
								"east": {"uv": [20, 6], "uv_size": [1, 1]},
								"south": {"uv": [8, 20], "uv_size": [1, 1]},
								"west": {"uv": [20, 8], "uv_size": [1, 1]},
								"up": {"uv": [10, 20], "uv_size": [1, 1]},
								"down": {"uv": [20, 11], "uv_size": [1, -1]}
							}
						},
						{
							"origin": [-0.53416, -0.22125, -3.42938],
							"size": [0.31832, 0.44251, 0.16713],
							"pivot": [0, 0.00001, -3.39579],
							"rotation": [0, 0, 45],
							"uv": {
								"north": {"uv": [12, 20], "uv_size": [1, 1]},
								"east": {"uv": [20, 12], "uv_size": [1, 1]},
								"south": {"uv": [14, 20], "uv_size": [1, 1]},
								"west": {"uv": [20, 14], "uv_size": [1, 1]},
								"up": {"uv": [16, 20], "uv_size": [1, 1]},
								"down": {"uv": [20, 17], "uv_size": [1, -1]}
							}
						},
						{
							"origin": [0.21584, -0.22125, -3.42938],
							"size": [0.31832, 0.44251, 0.16713],
							"pivot": [0, 0.00001, -3.39579],
							"rotation": [0, 0, 45],
							"uv": {
								"north": {"uv": [18, 20], "uv_size": [1, 1]},
								"east": {"uv": [20, 18], "uv_size": [1, 1]},
								"south": {"uv": [20, 20], "uv_size": [1, 1]},
								"west": {"uv": [0, 22], "uv_size": [1, 1]},
								"up": {"uv": [22, 0], "uv_size": [1, 1]},
								"down": {"uv": [2, 23], "uv_size": [1, -1]}
							}
						},
						{
							"origin": [0.21786, -0.15088, -3.8053],
							"size": [0.1427, 0.2987, 0.43437],
							"uv": {
								"north": {"uv": [22, 2], "uv_size": [1, 1]},
								"east": {"uv": [4, 22], "uv_size": [1, 1]},
								"south": {"uv": [22, 4], "uv_size": [1, 1]},
								"west": {"uv": [6, 22], "uv_size": [1, 1]},
								"up": {"uv": [22, 6], "uv_size": [1, 1]},
								"down": {"uv": [8, 23], "uv_size": [1, -1]}
							}
						},
						{
							"origin": [-0.36056, -0.15088, -3.8053],
							"size": [0.1427, 0.2987, 0.43437],
							"uv": {
								"north": {"uv": [22, 8], "uv_size": [1, 1]},
								"east": {"uv": [10, 22], "uv_size": [1, 1]},
								"south": {"uv": [22, 10], "uv_size": [1, 1]},
								"west": {"uv": [12, 22], "uv_size": [1, 1]},
								"up": {"uv": [22, 12], "uv_size": [1, 1]},
								"down": {"uv": [14, 23], "uv_size": [1, -1]}
							}
						},
						{
							"origin": [-0.14935, -0.36209, -3.8053],
							"size": [0.2987, 0.1427, 0.43437],
							"pivot": [0, -0.00154, -3.46107],
							"rotation": [0, 0, 45],
							"uv": {
								"north": {"uv": [22, 14], "uv_size": [1, 1]},
								"east": {"uv": [16, 22], "uv_size": [1, 1]},
								"south": {"uv": [22, 16], "uv_size": [1, 1]},
								"west": {"uv": [18, 22], "uv_size": [1, 1]},
								"up": {"uv": [22, 18], "uv_size": [1, 1]},
								"down": {"uv": [20, 23], "uv_size": [1, -1]}
							}
						},
						{
							"origin": [-0.13809, 0.21166, -3.8053],
							"size": [0.2987, 0.1427, 0.43437],
							"pivot": [0.01126, 0.00972, -3.46107],
							"rotation": [0, 0, 45],
							"uv": {
								"north": {"uv": [22, 20], "uv_size": [1, 1]},
								"east": {"uv": [22, 22], "uv_size": [1, 1]},
								"south": {"uv": [0, 24], "uv_size": [1, 1]},
								"west": {"uv": [24, 0], "uv_size": [1, 1]},
								"up": {"uv": [2, 24], "uv_size": [1, 1]},
								"down": {"uv": [24, 3], "uv_size": [1, -1]}
							}
						},
						{
							"origin": [-0.14935, -0.36209, -3.8053],
							"size": [0.2987, 0.1427, 0.43437],
							"uv": {
								"north": {"uv": [4, 24], "uv_size": [1, 1]},
								"east": {"uv": [24, 4], "uv_size": [1, 1]},
								"south": {"uv": [6, 24], "uv_size": [1, 1]},
								"west": {"uv": [24, 6], "uv_size": [1, 1]},
								"up": {"uv": [8, 24], "uv_size": [1, 1]},
								"down": {"uv": [24, 9], "uv_size": [1, -1]}
							}
						},
						{
							"origin": [-0.14935, 0.21632, -3.8053],
							"size": [0.2987, 0.1427, 0.43437],
							"uv": {
								"north": {"uv": [10, 24], "uv_size": [1, 1]},
								"east": {"uv": [24, 10], "uv_size": [1, 1]},
								"south": {"uv": [12, 24], "uv_size": [1, 1]},
								"west": {"uv": [24, 12], "uv_size": [1, 1]},
								"up": {"uv": [14, 24], "uv_size": [1, 1]},
								"down": {"uv": [24, 15], "uv_size": [1, -1]}
							}
						},
						{
							"origin": [-0.36056, -0.15088, -3.8053],
							"size": [0.14274, 0.2987, 0.43437],
							"pivot": [0, -0.00154, -3.46107],
							"rotation": [0, 0, 45],
							"uv": {
								"north": {"uv": [16, 24], "uv_size": [1, 1]},
								"east": {"uv": [24, 16], "uv_size": [1, 1]},
								"south": {"uv": [18, 24], "uv_size": [1, 1]},
								"west": {"uv": [24, 18], "uv_size": [1, 1]},
								"up": {"uv": [20, 24], "uv_size": [1, 1]},
								"down": {"uv": [24, 21], "uv_size": [1, -1]}
							}
						},
						{
							"origin": [0.21786, -0.15088, -3.8053],
							"size": [0.1427, 0.2987, 0.43437],
							"pivot": [0, -0.00154, -3.46107],
							"rotation": [0, 0, 45],
							"uv": {
								"north": {"uv": [22, 24], "uv_size": [1, 1]},
								"east": {"uv": [24, 22], "uv_size": [1, 1]},
								"south": {"uv": [24, 24], "uv_size": [1, 1]},
								"west": {"uv": [0, 26], "uv_size": [1, 1]},
								"up": {"uv": [26, 0], "uv_size": [1, 1]},
								"down": {"uv": [2, 27], "uv_size": [1, -1]}
							}
						},
						{
							"origin": [-0.53416, -0.22125, -2.57938],
							"size": [1.06832, 0.44251, 1.764],
							"uv": {
								"north": {"uv": [14, 12], "uv_size": [2, 1]},
								"east": {"uv": [10, 8], "uv_size": [4, 1]},
								"south": {"uv": [14, 14], "uv_size": [2, 1]},
								"west": {"uv": [10, 10], "uv_size": [4, 1]},
								"up": {"uv": [2, 6], "uv_size": [2, 4]},
								"down": {"uv": [6, 6], "uv_size": [2, -4]}
							}
						}
					]
				}
			]
		}
	]
}