{
	"format_version": "1.8.0",
	"animations": {
		"static_idle": {
			"loop": true,
			"bones": {
				"L": {
					"rotation": [111.33068, -370.9504, -185.06009],
					"position": [6.975, -16.825, 4.6875]
				},
				"R2": {
					"rotation": [0, 0, 0],
					"position": [0, 0, 0]
				},
				"R1": {
					"rotation": [94.93393, 4.57237, -174.60633],
					"position": [-7.5, -14, 4],
					"scale": [1.75, 2, 1.75]
				},
				"righthand": {
					"rotation": [94.93393, 4.57237, -174.60633],
					"position": [-6.5, -16, 4],
					"scale": [1, 1.5, 1]
				},
				"gun_and_righthand": {
					"rotation": [0, 0, 0],
					"position": [0, 0, 0]
				},
				"bone2": {
					"position": [0, 0, 52]
				},
				"lefthand": {
					"scale": [1, 1.5, 1]
				},
				"hammer": {
					"rotation": [-65, 0, 0]
				}
			}
		},
		"reload_tactical": {
			"loop": true,
			"animation_length": 3.625,
			"bones": {
				"L": {
					"rotation": {
						"0.0": [111.33068, -370.9504, -185.06009],
						"0.4167": {
							"pre": [119.15483, -402.85628, -201.59576],
							"post": [119.15483, -402.85628, -201.59576],
							"lerp_mode": "catmullrom"
						},
						"1.2083": {
							"post": [86.65483, -402.85628, -201.59576],
							"lerp_mode": "catmullrom"
						},
						"1.6667": {
							"post": [131.90483, -402.85628, -201.59576],
							"lerp_mode": "catmullrom"
						},
						"3.4583": [111.33068, -370.9504, -185.06009]
					},
					"position": {
						"0.0": [6.975, -16.825, 4.6875],
						"0.4167": {
							"pre": [10.48, -12.32, -0.6225],
							"post": [10.48, -12.32, -0.6225],
							"lerp_mode": "catmullrom"
						},
						"0.7083": {
							"post": [3.43313, -15.97625, 2.005],
							"lerp_mode": "catmullrom"
						},
						"1.2083": {
							"post": [13.43, -23.98, 2.01],
							"lerp_mode": "catmullrom"
						},
						"1.6667": {
							"post": [13.43, -14.71437, 2.01],
							"lerp_mode": "catmullrom"
						},
						"1.9583": {
							"post": [12.43, -11.71, 7.01],
							"lerp_mode": "catmullrom"
						},
						"2.125": {
							"post": [12.57063, -11.17875, 8.47875],
							"lerp_mode": "catmullrom"
						},
						"2.25": {
							"post": [12.57, -13.43, 4.82375],
							"lerp_mode": "catmullrom"
						},
						"2.375": {
							"post": [12.57063, -9.42875, 8.47875],
							"lerp_mode": "catmullrom"
						},
						"2.5": {
							"post": [12.57, -13.43, 4.82375],
							"lerp_mode": "catmullrom"
						},
						"2.625": {
							"post": [11.88313, -8.13188, 9.29125],
							"lerp_mode": "catmullrom"
						},
						"2.75": {
							"post": [12.57, -13.43, 4.82375],
							"lerp_mode": "catmullrom"
						},
						"3.4583": [6.975, -16.825, 4.6875]
					}
				},
				"R2": {
					"rotation": [0, 0, 0],
					"position": [0, 0, 0]
				},
				"R1": {
					"rotation": [94.93393, 4.57237, -174.60633],
					"position": [-7.5, -14, 4],
					"scale": [1.75, 2, 1.75]
				},
				"righthand": {
					"rotation": [94.93393, 4.57237, -174.60633],
					"position": [-6.5, -16, 4],
					"scale": [1, 1.5, 1]
				},
				"gun_and_righthand": {
					"rotation": {
						"0.0": [0, 0, 0],
						"0.4167": {
							"pre": [0, 0, 47.5],
							"post": [0, 0, 47.5],
							"lerp_mode": "catmullrom"
						},
						"1.0417": {
							"post": [-33, 0, 34],
							"lerp_mode": "catmullrom"
						},
						"1.2083": {
							"post": [-73, 0, 34],
							"lerp_mode": "catmullrom"
						},
						"1.5": {
							"post": [-28, 0, 34],
							"lerp_mode": "catmullrom"
						},
						"1.6667": {
							"post": [-28.45799, -11.36583, 38.59988],
							"lerp_mode": "catmullrom"
						},
						"3.0": {
							"post": [-28.45799, -11.36583, 38.59988],
							"lerp_mode": "catmullrom"
						},
						"3.125": {
							"post": [-43.45799, -11.36583, 38.59988],
							"lerp_mode": "catmullrom"
						},
						"3.4583": [0, 0, 0]
					},
					"position": {
						"0.0": [0, 0, 0],
						"0.4167": {
							"pre": [-3, 2, 3.25],
							"post": [-3, 2, 3.25],
							"lerp_mode": "catmullrom"
						},
						"1.0417": {
							"post": [-1.40625, 4.34375, 3.25],
							"lerp_mode": "catmullrom"
						},
						"1.2083": {
							"post": [-1.535, 5.6525, 3.9375],
							"lerp_mode": "catmullrom"
						},
						"1.5": {
							"post": [-1.53, 2.07188, 1.89313],
							"lerp_mode": "catmullrom"
						},
						"2.25": {
							"post": [-1.53, 2.07, 1.43688],
							"lerp_mode": "catmullrom"
						},
						"2.5": {
							"post": [-1.53, 2.07, 1.43688],
							"lerp_mode": "catmullrom"
						},
						"2.75": {
							"post": [-1.53, 2.07, 0.43688],
							"lerp_mode": "catmullrom"
						},
						"3.125": {
							"post": [-1.53, 3.07, 0.44],
							"lerp_mode": "catmullrom"
						},
						"3.4583": [0, 0, 0]
					}
				},
				"bone2": {
					"position": [0, 0, 52]
				},
				"lefthand": {
					"scale": {
						"0.0": [1, 1.5, 1],
						"3.4583": [1, 1.5, 1]
					}
				},
				"hammer": {
					"rotation": [-65, 0, 0]
				},
				"barrel": {
					"rotation": {
						"0.4167": [0, 0, 0],
						"0.7083": {
							"pre": [115, 0, 0],
							"post": [115, 0, 0],
							"lerp_mode": "catmullrom"
						},
						"0.875": {
							"post": [115, 0, 0],
							"lerp_mode": "catmullrom"
						},
						"1.0417": {
							"post": [52, 0, 0],
							"lerp_mode": "catmullrom"
						},
						"2.75": {
							"post": [52, 0, 0],
							"lerp_mode": "catmullrom"
						},
						"3.0833": {
							"post": [2, 0, 0],
							"lerp_mode": "catmullrom"
						}
					}
				},
				"cylinder_bullets": {
					"position": {
						"1.4583": [0, 0, 0],
						"1.5": [0, 0, 3.0625]
					}
				},
				"b7": {
					"position": {
						"0.0": [0, 0, 0],
						"1.2083": [0, 0, 0],
						"1.25": [0, 0, 10],
						"1.875": [0, -19, 10],
						"2.0417": [12089, -19, 10],
						"2.25": [3, 0, -6],
						"2.375": [0, 0, 1],
						"2.5": [0, 0, -3]
					}
				},
				"b8": {
					"position": {
						"0.0": [0, 0, 0],
						"1.2083": [0, 0, 0],
						"1.25": [0, 0, 10],
						"2.375": [0, -18, 10],
						"2.4167": [0, -18, -12],
						"2.4583": [0, 2, -12],
						"2.5": [3, 0, -4],
						"2.625": [0.01563, 0, 1.09375],
						"2.75": [0.02, 0, -3.06625]
					}
				},
				"b9": {
					"position": {
						"0.0": [0, 0, 0],
						"1.2083": [0, 0, 0],
						"1.25": [0, 0, 10]
					}
				},
				"b10": {
					"position": {
						"0.0": [0, 0, 0],
						"1.2083": [0, 0, 0],
						"1.25": [0, 0, 10]
					}
				},
				"b11": {
					"position": {
						"0.0": [0, 0, 0],
						"1.2083": [0, 0, 0],
						"1.25": [0, 0, 10]
					}
				},
				"b12": {
					"position": {
						"0.0": [0, 0, 0],
						"1.2083": [0, 0, 0],
						"1.25": [12, -11, -10],
						"1.5": [6, -1, -9],
						"1.6667": [2, 2, -8],
						"1.9583": [0.28125, 1, -2],
						"2.125": [0.04563, -0.0625, -0.92187],
						"2.25": [0.05, -0.06, -3.06062]
					}
				}
			}
		},
		"reload_empty": {
			"loop": true,
			"animation_length": 3.625,
			"bones": {
				"L": {
					"rotation": {
						"0.0": [111.33068, -370.9504, -185.06009],
						"0.4167": {
							"pre": [119.15483, -402.85628, -201.59576],
							"post": [119.15483, -402.85628, -201.59576],
							"lerp_mode": "catmullrom"
						},
						"1.2083": {
							"post": [86.65483, -402.85628, -201.59576],
							"lerp_mode": "catmullrom"
						},
						"1.6667": {
							"post": [131.90483, -402.85628, -201.59576],
							"lerp_mode": "catmullrom"
						},
						"3.4583": [111.33068, -370.9504, -185.06009]
					},
					"position": {
						"0.0": [6.975, -16.825, 4.6875],
						"0.4167": {
							"pre": [10.48, -12.32, -0.6225],
							"post": [10.48, -12.32, -0.6225],
							"lerp_mode": "catmullrom"
						},
						"0.7083": {
							"post": [3.43313, -15.97625, 2.005],
							"lerp_mode": "catmullrom"
						},
						"1.2083": {
							"post": [13.43, -23.98, 2.01],
							"lerp_mode": "catmullrom"
						},
						"1.6667": {
							"post": [13.43, -14.71437, 2.01],
							"lerp_mode": "catmullrom"
						},
						"1.9583": {
							"post": [12.43, -11.71, 7.01],
							"lerp_mode": "catmullrom"
						},
						"2.125": {
							"post": [12.57063, -11.17875, 8.47875],
							"lerp_mode": "catmullrom"
						},
						"2.25": {
							"post": [12.57, -13.43, 4.82375],
							"lerp_mode": "catmullrom"
						},
						"2.375": {
							"post": [12.57063, -9.42875, 8.47875],
							"lerp_mode": "catmullrom"
						},
						"2.5": {
							"post": [12.57, -13.43, 4.82375],
							"lerp_mode": "catmullrom"
						},
						"2.625": {
							"post": [11.88313, -8.13188, 9.29125],
							"lerp_mode": "catmullrom"
						},
						"2.75": {
							"post": [12.57, -13.43, 4.82375],
							"lerp_mode": "catmullrom"
						},
						"3.4583": [6.975, -16.825, 4.6875]
					}
				},
				"R2": {
					"rotation": [0, 0, 0],
					"position": [0, 0, 0]
				},
				"R1": {
					"rotation": [94.93393, 4.57237, -174.60633],
					"position": [-7.5, -14, 4],
					"scale": [1.75, 2, 1.75]
				},
				"righthand": {
					"rotation": [94.93393, 4.57237, -174.60633],
					"position": [-6.5, -16, 4],
					"scale": [1, 1.5, 1]
				},
				"gun_and_righthand": {
					"rotation": {
						"0.0": [0, 0, 0],
						"0.4167": {
							"pre": [0, 0, 47.5],
							"post": [0, 0, 47.5],
							"lerp_mode": "catmullrom"
						},
						"1.0417": {
							"post": [-33, 0, 34],
							"lerp_mode": "catmullrom"
						},
						"1.2083": {
							"post": [-73, 0, 34],
							"lerp_mode": "catmullrom"
						},
						"1.5": {
							"post": [-28, 0, 34],
							"lerp_mode": "catmullrom"
						},
						"1.6667": {
							"post": [-28.45799, -11.36583, 38.59988],
							"lerp_mode": "catmullrom"
						},
						"3.0": {
							"post": [-28.45799, -11.36583, 38.59988],
							"lerp_mode": "catmullrom"
						},
						"3.125": {
							"post": [-43.45799, -11.36583, 38.59988],
							"lerp_mode": "catmullrom"
						},
						"3.4583": [0, 0, 0]
					},
					"position": {
						"0.0": [0, 0, 0],
						"0.4167": {
							"pre": [-3, 2, 3.25],
							"post": [-3, 2, 3.25],
							"lerp_mode": "catmullrom"
						},
						"1.0417": {
							"post": [-1.40625, 4.34375, 3.25],
							"lerp_mode": "catmullrom"
						},
						"1.2083": {
							"post": [-1.535, 5.6525, 3.9375],
							"lerp_mode": "catmullrom"
						},
						"1.5": {
							"post": [-1.53, 2.07188, 1.89313],
							"lerp_mode": "catmullrom"
						},
						"2.25": {
							"post": [-1.53, 2.07, 1.43688],
							"lerp_mode": "catmullrom"
						},
						"2.5": {
							"post": [-1.53, 2.07, 1.43688],
							"lerp_mode": "catmullrom"
						},
						"2.75": {
							"post": [-1.53, 2.07, 0.43688],
							"lerp_mode": "catmullrom"
						},
						"3.125": {
							"post": [-1.53, 3.07, 0.44],
							"lerp_mode": "catmullrom"
						},
						"3.4583": [0, 0, 0]
					}
				},
				"bone2": {
					"position": [0, 0, 52]
				},
				"lefthand": {
					"scale": {
						"0.0": [1, 1.5, 1],
						"3.4583": [1, 1.5, 1]
					}
				},
				"hammer": {
					"rotation": [-65, 0, 0]
				},
				"barrel": {
					"rotation": {
						"0.4167": [0, 0, 0],
						"0.7083": {
							"pre": [115, 0, 0],
							"post": [115, 0, 0],
							"lerp_mode": "catmullrom"
						},
						"0.875": {
							"post": [115, 0, 0],
							"lerp_mode": "catmullrom"
						},
						"1.0417": {
							"post": [52, 0, 0],
							"lerp_mode": "catmullrom"
						},
						"2.75": {
							"post": [52, 0, 0],
							"lerp_mode": "catmullrom"
						},
						"3.0833": {
							"post": [2, 0, 0],
							"lerp_mode": "catmullrom"
						}
					}
				},
				"cylinder_bullets": {
					"position": {
						"1.4583": [0, 0, 0],
						"1.5": [0, 0, 3.0625]
					}
				},
				"b7": {
					"position": {
						"0.0": [0, 0, 0],
						"1.2083": [0, 0, 0],
						"1.25": [0, 0, 10],
						"1.875": [0, -19, 10],
						"2.0417": [12089, -19, 10],
						"2.25": [3, 0, -6],
						"2.375": [0, 0, 1],
						"2.5": [0, 0, -3]
					}
				},
				"b8": {
					"position": {
						"0.0": [0, 0, 0],
						"1.2083": [0, 0, 0],
						"1.25": [0, 0, 10],
						"2.375": [0, -18, 10],
						"2.4167": [0, -18, -12],
						"2.4583": [0, 2, -12],
						"2.5": [3, 0, -4],
						"2.625": [0.01563, 0, 1.09375],
						"2.75": [0.02, 0, -3.06625]
					}
				},
				"b9": {
					"position": {
						"0.0": [0, 0, 0],
						"1.2083": [0, 0, 0],
						"1.25": [0, 0, 10]
					}
				},
				"b10": {
					"position": {
						"0.0": [0, 0, 0],
						"1.2083": [0, 0, 0],
						"1.25": [0, 0, 10]
					}
				},
				"b11": {
					"position": {
						"0.0": [0, 0, 0],
						"1.2083": [0, 0, 0],
						"1.25": [0, 0, 10]
					}
				},
				"b12": {
					"position": {
						"0.0": [0, 0, 0],
						"1.2083": [0, 0, 0],
						"1.25": [12, -11, -10],
						"1.5": [6, -1, -9],
						"1.6667": [2, 2, -8],
						"1.9583": [0.28125, 1, -2],
						"2.125": [0.04563, -0.0625, -0.92187],
						"2.25": [0.05, -0.06, -3.06062]
					}
				}
			}
		},
		"shoot": {
			"loop": "hold_on_last_frame",
			"animation_length": 0.5667,
			"bones": {
				"root": {
					"rotation": {
						"0.0": [0, 0, 0],
						"0.0333": [5.94, -0.27, -11.04],
						"0.0667": [-53.08, -2.77, 6.13],
						"0.1": [-27.98, -8.63, -7.72],
						"0.1333": [-17.35, -1, 2.05],
						"0.1667": [-13.94, -1.29, 3.6],
						"0.2": [-10.31, -2.35, 3.27],
						"0.2333": [-3.57, -1.83, 0.57],
						"0.2667": [2.03, -0.93, -2.03],
						"0.3": [2.35, -0.29, -1.82],
						"0.3333": [1.06, 0.38, -0.79],
						"0.3667": [0, 0.75, 0],
						"0.4": [-0.15, 0.59, 0.12],
						"0.4333": [-0.07, 0.13, 0],
						"0.4667": [0, -0.2, -0.1],
						"0.5": [0, -0.21, -0.08],
						"0.5333": [0, -0.09, -0.03],
						"0.5667": [0, 0, 0]
					},
					"position": {
						"0.0": [0, 0, 0],
						"0.0333": [0, -0.22, 2.42],
						"0.0667": [-0.17, 0.16, 1.63],
						"0.1": [-0.16, 0.56, 1.75],
						"0.1333": [-0.11, 0.56, 1.14],
						"0.1667": [-0.06, 0.41, 0.43],
						"0.2": [-0.03, 0.13, 0.14],
						"0.2333": [-0.01, -0.23, -0.06],
						"0.2667": [0, -0.45, -0.17],
						"0.3": [0, -0.39, -0.14],
						"0.3333": [0, -0.19, -0.02],
						"0.3667": [0, -0.03, 0.08],
						"0.4": [0, 0.01, 0.07],
						"0.4333": [0, 0.01, 0.03],
						"0.4667": [0, 0, 0],
						"0.5": [0, 0, -0.01],
						"0.5333": [0, 0, 0],
						"0.5667": [0, 0, 0]
					}
				},
				"slide2": {
					"position": {
						"0.0": [0, 0, 0],
						"0.0333": [0, 0, 3],
						"0.0667": [0, 0, 0]
					}
				},
				"bullet_in_barrel": {
					"scale": {
						"0.0": [0, 0, 0],
						"0.0667": [0, 0, 0],
						"0.1": [1, 1, 1]
					}
				},
				"constraint": {
					"rotation": {
						"0.1667": [0.7, 0.4, 0.4],
						"0.2667": [0, 0, 0]
					},
					"position": {
						"0.1667": [0.2, 0.3, 1],
						"0.2667": [0, 0, 0]
					}
				},
				"camera": {
					"rotation": {
						"0.0": [0, 0, 0],
						"0.0333": [0, 0, 3.15],
						"0.0667": [0, 0, -2.29],
						"0.1": [0, 0, 1.94],
						"0.1333": [0, 0, -0.96],
						"0.1667": [0, 0, 0.6],
						"0.2": [0, 0, -0.32],
						"0.2333": [0, 0, 0]
					}
				},
				"newcylinder": {
					"rotation": {
						"0.0": [0, 0, 0],
						"0.0667": [0, 0, 60]
					}
				},
				"hammer": {
					"rotation": {
						"0.0": [-40, 0, 0],
						"0.0333": [0, 0, 0]
					}
				}
			},
			"sound_effects": {
				"0.0": {
					"effect": "weap_decho_fire_first_plr_03"
				},
				"0.0333": {
					"effect": "weap_deagle_fire_npc_mech_02"
				}
			}
		},
		"inspect": {
			"animation_length": 4.8333,
			"bones": {
				"L": {
					"rotation": {
						"0.0": [111.33068, -370.9504, -185.06009],
						"1.4583": [135.08068, -370.9504, -185.06009],
						"4.7917": [111.33068, -370.9504, -185.06009]
					},
					"position": {
						"0.0": [6.975, -16.825, 4.6875],
						"0.2083": [15.98, -16.82, 4.69],
						"1.25": [15.98, -14.97625, 4.69],
						"1.4583": [13.94875, -6.99562, 2.8775],
						"1.6667": [13.95, -8.5625, 1.02062],
						"2.0": [14.34063, -8.56, 1.02],
						"2.9583": [13.41813, -8.56, 1.02],
						"3.25": [21.51375, -16.23187, 1.02],
						"4.7917": [6.975, -16.825, 4.6875]
					}
				},
				"R2": {
					"rotation": [0, 0, 0],
					"position": [0, 0, 0]
				},
				"R1": {
					"rotation": [94.93393, 4.57237, -174.60633],
					"position": [-7.5, -14, 4],
					"scale": [1.75, 2, 1.75]
				},
				"righthand": {
					"rotation": [94.93393, 4.57237, -174.60633],
					"position": [-6.5, -16, 4],
					"scale": [1, 1.5, 1]
				},
				"gun_and_righthand": {
					"rotation": {
						"0.0": [0, 0, 0],
						"0.2083": [-31.47027, -24.09293, 6.8817],
						"1.4583": [-36.70408, -13.79434, 22.84571],
						"3.25": [-42.902, -13.79434, 22.84571],
						"3.4583": [-61.70408, -13.79434, 22.84571],
						"4.7917": [0, 0, 0]
					},
					"position": {
						"0.0": [0, 0, 0],
						"0.2083": [1, 0, 0],
						"0.2917": [1, -0.25, 0],
						"0.375": [1, 0.51563, 0],
						"1.25": [1, 1.94188, 0],
						"1.4583": [2.57813, 1.94, 0],
						"2.0": [2.73625, 1.67438, 0],
						"2.9583": [1.75563, 1.67, 0],
						"3.25": [1.76, 1.67, 0],
						"3.4583": [-0.24, 2.67, 0],
						"4.7917": [0, 0, 0]
					}
				},
				"bone2": {
					"position": [0, 0, 52]
				},
				"lefthand": {
					"scale": [1, 1.5, 1]
				},
				"hammer": {
					"rotation": [-65, 0, 0]
				},
				"barrel": {
					"rotation": {
						"0.0": [0, 0, 0],
						"1.4583": [0, 0, 0],
						"1.6667": [40.75, 0, 0],
						"3.4583": [40.75, 0, 0],
						"3.5417": [0.75, 0, 0],
						"4.7917": [0, 0, 0]
					},
					"position": {
						"0.0": [0, 0, 0],
						"1.4583": [0, 0, 0],
						"4.7917": [0, 0, 0]
					}
				}
			}
		},
		"inspect_empty": {
			"animation_length": 4.8333,
			"bones": {
				"L": {
					"rotation": {
						"0.0": [111.33068, -370.9504, -185.06009],
						"1.4583": [135.08068, -370.9504, -185.06009],
						"4.7917": [111.33068, -370.9504, -185.06009]
					},
					"position": {
						"0.0": [6.975, -16.825, 4.6875],
						"0.2083": [15.98, -16.82, 4.69],
						"1.25": [15.98, -14.97625, 4.69],
						"1.4583": [13.94875, -6.99562, 2.8775],
						"1.6667": [13.95, -8.5625, 1.02062],
						"2.0": [14.34063, -8.56, 1.02],
						"2.9583": [13.41813, -8.56, 1.02],
						"3.25": [21.51375, -16.23187, 1.02],
						"4.7917": [6.975, -16.825, 4.6875]
					}
				},
				"R2": {
					"rotation": [0, 0, 0],
					"position": [0, 0, 0]
				},
				"R1": {
					"rotation": [94.93393, 4.57237, -174.60633],
					"position": [-7.5, -14, 4],
					"scale": [1.75, 2, 1.75]
				},
				"righthand": {
					"rotation": [94.93393, 4.57237, -174.60633],
					"position": [-6.5, -16, 4],
					"scale": [1, 1.5, 1]
				},
				"gun_and_righthand": {
					"rotation": {
						"0.0": [0, 0, 0],
						"0.2083": [-31.47027, -24.09293, 6.8817],
						"1.4583": [-36.70408, -13.79434, 22.84571],
						"3.25": [-42.902, -13.79434, 22.84571],
						"3.4583": [-61.70408, -13.79434, 22.84571],
						"4.7917": [0, 0, 0]
					},
					"position": {
						"0.0": [0, 0, 0],
						"0.2083": [1, 0, 0],
						"0.2917": [1, -0.25, 0],
						"0.375": [1, 0.51563, 0],
						"1.25": [1, 1.94188, 0],
						"1.4583": [2.57813, 1.94, 0],
						"2.0": [2.73625, 1.67438, 0],
						"2.9583": [1.75563, 1.67, 0],
						"3.25": [1.76, 1.67, 0],
						"3.4583": [-0.24, 2.67, 0],
						"4.7917": [0, 0, 0]
					}
				},
				"bone2": {
					"position": [0, 0, 52]
				},
				"lefthand": {
					"scale": [1, 1.5, 1]
				},
				"hammer": {
					"rotation": [-65, 0, 0]
				},
				"barrel": {
					"rotation": {
						"0.0": [0, 0, 0],
						"1.4583": [0, 0, 0],
						"1.6667": [40.75, 0, 0],
						"3.4583": [40.75, 0, 0],
						"3.5417": [0.75, 0, 0],
						"4.7917": [0, 0, 0]
					},
					"position": {
						"0.0": [0, 0, 0],
						"1.4583": [0, 0, 0],
						"4.7917": [0, 0, 0]
					}
				}
			}
		},
		"static_bolt_caught": {
			"loop": true,
			"bones": {
				"R2": {
					"rotation": [0, 0, 0],
					"position": [0, 0, 0]
				},
				"R1": {
					"rotation": [94.93393, 4.57237, -174.60633],
					"position": [-7.5, -14, 4],
					"scale": [1.75, 2, 1.75]
				},
				"gun_and_righthand": {
					"rotation": [0, 0, 0],
					"position": [0, 0, 0]
				},
				"bone2": {
					"position": [0, 0, 54]
				}
			}
		},
		"melee_push": {
			"animation_length": 0.8,
			"bones": {
				"root": {
					"rotation": {
						"0.0": {
							"post": [0, 0, 0],
							"lerp_mode": "catmullrom"
						},
						"0.0667": {
							"post": [-0.91946, -0.68416, 4.52785],
							"lerp_mode": "catmullrom"
						},
						"0.1667": {
							"post": [-0.58211, -4.60393, 30.44834],
							"lerp_mode": "catmullrom"
						},
						"0.2333": {
							"post": [-0.84898, -3.10249, 31.61935],
							"lerp_mode": "catmullrom"
						},
						"0.3667": {
							"post": [0.20024, -1.98812, 22.79719],
							"lerp_mode": "catmullrom"
						},
						"0.4667": {
							"post": [1.49985, -0.01745, 13.09985],
							"lerp_mode": "catmullrom"
						},
						"0.6": {
							"post": [0, -0.375, 4.5],
							"lerp_mode": "catmullrom"
						},
						"0.6667": {
							"post": [-0.09, -0.35, -0.46875],
							"lerp_mode": "catmullrom"
						},
						"0.8": {
							"post": [0.01309, -0.25017, -0.42511],
							"lerp_mode": "catmullrom"
						}
					},
					"position": {
						"0.0": {
							"post": [0, 0, 0],
							"lerp_mode": "catmullrom"
						},
						"0.0667": {
							"post": [-2.11, -1.63, 1.31],
							"lerp_mode": "catmullrom"
						},
						"0.1667": {
							"post": [-1.675, -0.95, -7.675],
							"lerp_mode": "catmullrom"
						},
						"0.2333": {
							"post": [-1.02, -0.775, -4.52],
							"lerp_mode": "catmullrom"
						},
						"0.3667": {
							"post": [-0.21, -1.08, -2.375],
							"lerp_mode": "catmullrom"
						},
						"0.4667": {
							"post": [0, -0.25, -0.025],
							"lerp_mode": "catmullrom"
						},
						"0.6": {
							"post": [0, 0, 0.525],
							"lerp_mode": "catmullrom"
						},
						"0.7667": {
							"post": [0, 0, -0.1],
							"lerp_mode": "catmullrom"
						}
					}
				},
				"camera": {
					"rotation": {
						"0.0": {
							"post": [0, 0, 0],
							"lerp_mode": "catmullrom"
						},
						"0.0667": {
							"post": [-0.325, -0.2, -0.4],
							"lerp_mode": "catmullrom"
						},
						"0.2": {
							"post": [0.455, -0.175, 0.7],
							"lerp_mode": "catmullrom"
						},
						"0.3333": {
							"post": [-0.195, 0.075, -0.45],
							"lerp_mode": "catmullrom"
						},
						"0.4667": {
							"post": [0.185, 0.175, 0.15],
							"lerp_mode": "catmullrom"
						},
						"0.7333": {
							"post": [0, 0, 0],
							"lerp_mode": "catmullrom"
						}
					}
				}
			}
		}
	}
}