{
	"format_version": "1.8.0",
	"animations": {
		"static_idle": {
			"animation_length": 0.0333,
			"bones": {
				"root": {
					"rotation": [0, 0, 0],
					"position": [0, 0, 0]
				},
				"constraint": {
					"rotation": [0.2, 0.2, 0.2],
					"position": [0.2, 0.2, 0.2]
				},
				"hammer": {
					"rotation": [0, 0, 0]
				}
			}
		},
		"static_bolt_caught": {
			"animation_length": 0.0333,
			"bones": {
				"slide": {
					"position": [0, 0, 2.375]
				},
				"hammer": {
					"rotation": [19.5, 0, 0]
				},
				"hold_release": {
					"rotation": [7.5, 0, 0]
				},
				"Bolt": {
					"position": [0, 0, 1.5]
				},
				"upper_receiver": {
					"rotation": [-1, 0, 0],
					"position": [0, 0, 0.15]
				}
			}
		},
		"reload_empty": {
			"animation_length": 2.4583,
			"bones": {
				"slide": {
					"position": [0, 0, 2.375]
				},
				"hammer": {
					"rotation": {
						"0.0": [19.5, 0, 0],
						"2.0833": [0, 0, 0]
					}
				},
				"hold_release": {
					"rotation": [7.5, 0, 0]
				},
				"Bolt": {
					"position": {
						"0.0": [0, 0, 1.5],
						"1.9583": [0, 0, 1.5],
						"2.0833": [0, 0, 0.2]
					}
				},
				"upper_receiver": {
					"rotation": [-1, 0, 0],
					"position": [0, 0, 0.15]
				},
				"L": {
					"rotation": {
						"0.0": [0, 0, 0],
						"0.25": [0, 0, 0],
						"0.5": [-30.64437, 12.97918, -7.59984],
						"0.7083": [-53.86821, 21.15411, -1.56834],
						"2.0833": [-53.87, 21.15, -1.57],
						"2.4583": [0, 0, 0]
					},
					"position": {
						"0.0": [0, 0, 0],
						"0.25": [0, 0, 0],
						"0.5": [0, 5, 0],
						"0.7083": [-2.375, 9.325, -4],
						"0.75": [-2.45257, 9.14078, -4.22597],
						"2.0833": [-2.45, 9.14, -4.23],
						"2.4583": [0, 0, 0]
					},
					"scale": {
						"0.0": [1, 1, 1],
						"2.4583": [1, 1, 1]
					}
				},
				"lefthand": {
					"rotation": {
						"0.0": [0, 0, 0],
						"0.75": [0, 0, 0],
						"0.9583": [10.25, 0, 0],
						"1.375": [20.25, 0, 0],
						"1.7083": [20.25, 0, 0],
						"1.9583": [26.98159, -34.6707, -21.34044],
						"2.0833": [26.98, -34.67, -21.34],
						"2.4583": [0, 0, 0]
					},
					"position": {
						"0.0": [0, 0, 0],
						"0.75": [0, 0, 0],
						"0.9583": [0, 0.68594, -2.14289],
						"1.1667": [0, -3.33387, -3.42805],
						"1.375": [0, -2.44501, -2.96439],
						"1.5417": [0, -1.05316, -5.61496],
						"1.7083": [0, -1.05, -5.61],
						"1.9583": [0, -1.92506, -0.18193],
						"2.0833": [0, -1.93, 0.62],
						"2.4583": [0, 0, 0]
					},
					"scale": {
						"0.0": [1, 1, 1],
						"0.75": [1, 1, 1],
						"1.7083": [1, 1, 1],
						"2.4583": [1, 1, 1]
					}
				},
				"lefthand_pos": {
					"rotation": {
						"0.0": [0, 0, 0],
						"0.25": [-32.5, 0, 0],
						"2.0833": [-32.5, 0, 0],
						"2.4583": [0, 0, 0]
					},
					"position": {
						"0.0": [0, 0, 0],
						"0.25": [-5, 0, 0],
						"2.0833": [-5, 0, 0],
						"2.4583": [0, 0, 0]
					},
					"scale": {
						"0.0": [1, 1, 1],
						"2.4583": [1, 1, 1]
					}
				},
				"gun_and_righthand": {
					"rotation": {
						"0.0": {
							"post": [0, 0, 0],
							"lerp_mode": "catmullrom"
						},
						"0.25": {
							"post": [-10, 0, 20],
							"lerp_mode": "catmullrom"
						},
						"0.6667": {
							"post": [-41.78575, 2.06903, 31.82286],
							"lerp_mode": "catmullrom"
						},
						"1.7917": {
							"post": [-41.79, 2.07, 31.82],
							"lerp_mode": "catmullrom"
						},
						"1.9583": {
							"post": [-41.79, 2.07, 31.82],
							"lerp_mode": "catmullrom"
						},
						"2.0833": {
							"post": [-23.79, 2.07, 31.82],
							"lerp_mode": "catmullrom"
						},
						"2.4583": {
							"post": [0, 0, 0],
							"lerp_mode": "catmullrom"
						}
					},
					"position": {
						"0.0": {
							"post": [0, 0, 0],
							"lerp_mode": "catmullrom"
						},
						"1.7917": {
							"post": [0, 0, 0],
							"lerp_mode": "catmullrom"
						},
						"1.9583": {
							"post": [0, 0, 0],
							"lerp_mode": "catmullrom"
						},
						"2.0833": {
							"post": [0, 0, 0],
							"lerp_mode": "catmullrom"
						},
						"2.4583": {
							"post": [0, 0, 0],
							"lerp_mode": "catmullrom"
						}
					},
					"scale": {
						"0.0": {
							"post": [1, 1, 1],
							"lerp_mode": "catmullrom"
						},
						"1.7917": {
							"post": [1, 1, 1],
							"lerp_mode": "catmullrom"
						},
						"2.4583": {
							"post": [1, 1, 1],
							"lerp_mode": "catmullrom"
						}
					}
				},
				"bulletandmag": {
					"rotation": {
						"0.0": [0, 0, 0],
						"0.25": [-10, 0, 20],
						"0.75": [3.31244, -37.99542, 10.47863],
						"2.0417": [3.31, -38, 10.48]
					},
					"position": {
						"0.0": [2, -19, -27],
						"0.25": [4.3, -16, -28.8],
						"0.75": [4.51579, -16.57595, -28.34794],
						"2.0417": [4.52, -16.58, -28.35],
						"2.0833": [-9.90681, -33.21852, -14.0662]
					}
				},
				"9mm5": {
					"position": {
						"2.0": [0, 0, 0],
						"2.0833": [0, 0, -0.575]
					}
				},
				"9mm6": {
					"position": {
						"1.9583": [0, 0, 0],
						"2.0": [0, 0, -0.6],
						"2.0833": [0, 0, -1.125]
					}
				},
				"bullets": {
					"rotation": [0, 0, 0],
					"position": {
						"0.9583": [0, 0, 0],
						"1.1667": [0, -3.8, 0]
					},
					"scale": 1
				},
				"bone6": {
					"rotation": [0, 0, 0],
					"position": {
						"1.375": [0, 0, 0],
						"1.4583": [-2, 1, -2],
						"1.5417": [-3, -2, -2],
						"1.625": [-3, -8, -2],
						"1.7083": [-1, -16, -2],
						"1.7917": [-1, -229, -2]
					}
				}
			},
			"sound_effects": {
				"0.0": {
					"effect": "re:rifle/rifle_inspect_mid"
				},
				"0.7083": {
					"effect": "re:rifle/rifle_reload_magin"
				},
				"0.875": {
					"effect": "re:rifle/rifle_reload_magin"
				},
				"1.375": {
					"effect": "re:rifle/rifle_inspect_drop"
				},
				"2.0": {
					"effect": "re:rifle/rifle_reload_empty_charge_in"
				}
			}
		},
		"reload_tactical": {
			"animation_length": 2.4583,
			"bones": {
				"slide": {
					"position": [0, 0, 2.375]
				},
				"hammer": {
					"rotation": {
						"0.0": [19.5, 0, 0],
						"2.0833": [0, 0, 0]
					}
				},
				"hold_release": {
					"rotation": [7.5, 0, 0]
				},
				"Bolt": {
					"position": {
						"0.0": [0, 0, 1.5],
						"1.9583": [0, 0, 1.5],
						"2.0833": [0, 0, 0.2]
					}
				},
				"upper_receiver": {
					"rotation": [-1, 0, 0],
					"position": [0, 0, 0.15]
				},
				"L": {
					"rotation": {
						"0.0": [0, 0, 0],
						"0.25": [0, 0, 0],
						"0.5": [-30.64437, 12.97918, -7.59984],
						"0.7083": [-53.86821, 21.15411, -1.56834],
						"2.0833": [-53.87, 21.15, -1.57],
						"2.4583": [0, 0, 0]
					},
					"position": {
						"0.0": [0, 0, 0],
						"0.25": [0, 0, 0],
						"0.5": [0, 5, 0],
						"0.7083": [-2.375, 9.325, -4],
						"0.75": [-2.45257, 9.14078, -4.22597],
						"2.0833": [-2.45, 9.14, -4.23],
						"2.4583": [0, 0, 0]
					},
					"scale": {
						"0.0": [1, 1, 1],
						"2.4583": [1, 1, 1]
					}
				},
				"lefthand": {
					"rotation": {
						"0.0": [0, 0, 0],
						"0.75": [0, 0, 0],
						"0.9583": [10.25, 0, 0],
						"1.375": [20.25, 0, 0],
						"1.7083": [20.25, 0, 0],
						"1.9583": [26.98159, -34.6707, -21.34044],
						"2.0833": [26.98, -34.67, -21.34],
						"2.4583": [0, 0, 0]
					},
					"position": {
						"0.0": [0, 0, 0],
						"0.75": [0, 0, 0],
						"0.9583": [0, 0.68594, -2.14289],
						"1.1667": [0, -3.33387, -3.42805],
						"1.375": [0, -2.44501, -2.96439],
						"1.5417": [0, -1.05316, -5.61496],
						"1.7083": [0, -1.05, -5.61],
						"1.9583": [0, -1.92506, -0.18193],
						"2.0833": [0, -1.93, 0.62],
						"2.4583": [0, 0, 0]
					},
					"scale": {
						"0.0": [1, 1, 1],
						"0.75": [1, 1, 1],
						"1.7083": [1, 1, 1],
						"2.4583": [1, 1, 1]
					}
				},
				"lefthand_pos": {
					"rotation": {
						"0.0": [0, 0, 0],
						"0.25": [-32.5, 0, 0],
						"2.0833": [-32.5, 0, 0],
						"2.4583": [0, 0, 0]
					},
					"position": {
						"0.0": [0, 0, 0],
						"0.25": [-5, 0, 0],
						"2.0833": [-5, 0, 0],
						"2.4583": [0, 0, 0]
					},
					"scale": {
						"0.0": [1, 1, 1],
						"2.4583": [1, 1, 1]
					}
				},
				"gun_and_righthand": {
					"rotation": {
						"0.0": {
							"post": [0, 0, 0],
							"lerp_mode": "catmullrom"
						},
						"0.25": {
							"post": [-10, 0, 20],
							"lerp_mode": "catmullrom"
						},
						"0.6667": {
							"post": [-41.78575, 2.06903, 31.82286],
							"lerp_mode": "catmullrom"
						},
						"1.7917": {
							"post": [-41.79, 2.07, 31.82],
							"lerp_mode": "catmullrom"
						},
						"1.9583": {
							"post": [-41.79, 2.07, 31.82],
							"lerp_mode": "catmullrom"
						},
						"2.0833": {
							"post": [-23.79, 2.07, 31.82],
							"lerp_mode": "catmullrom"
						},
						"2.4583": {
							"post": [0, 0, 0],
							"lerp_mode": "catmullrom"
						}
					},
					"position": {
						"0.0": {
							"post": [0, 0, 0],
							"lerp_mode": "catmullrom"
						},
						"1.7917": {
							"post": [0, 0, 0],
							"lerp_mode": "catmullrom"
						},
						"1.9583": {
							"post": [0, 0, 0],
							"lerp_mode": "catmullrom"
						},
						"2.0833": {
							"post": [0, 0, 0],
							"lerp_mode": "catmullrom"
						},
						"2.4583": {
							"post": [0, 0, 0],
							"lerp_mode": "catmullrom"
						}
					},
					"scale": {
						"0.0": {
							"post": [1, 1, 1],
							"lerp_mode": "catmullrom"
						},
						"1.7917": {
							"post": [1, 1, 1],
							"lerp_mode": "catmullrom"
						},
						"2.4583": {
							"post": [1, 1, 1],
							"lerp_mode": "catmullrom"
						}
					}
				},
				"bulletandmag": {
					"rotation": {
						"0.0": [0, 0, 0],
						"0.25": [-10, 0, 20],
						"0.75": [3.31244, -37.99542, 10.47863],
						"2.0417": [3.31, -38, 10.48]
					},
					"position": {
						"0.0": [2, -19, -27],
						"0.25": [4.3, -16, -28.8],
						"0.75": [4.51579, -16.57595, -28.34794],
						"2.0417": [4.52, -16.58, -28.35],
						"2.0833": [-9.90681, -33.21852, -14.0662]
					}
				},
				"9mm5": {
					"position": {
						"2.0": [0, 0, 0],
						"2.0833": [0, 0, -0.575]
					}
				},
				"9mm6": {
					"position": {
						"1.9583": [0, 0, 0],
						"2.0": [0, 0, -0.6],
						"2.0833": [0, 0, -1.125]
					}
				},
				"bullets": {
					"rotation": [0, 0, 0],
					"position": {
						"0.9583": [0, 0, 0],
						"1.1667": [0, -3.8, 0]
					},
					"scale": 1
				},
				"bone6": {
					"rotation": [0, 0, 0],
					"position": {
						"1.375": [0, 0, 0],
						"1.4583": [-2, 1, -2],
						"1.5417": [-3, -2, -2],
						"1.625": [-3, -8, -2],
						"1.7083": [-1, -16, -2],
						"1.7917": [-1, -229, -2]
					}
				}
			},
			"sound_effects": {
				"0.0": {
					"effect": "re:rifle/rifle_inspect_mid"
				},
				"0.7083": {
					"effect": "re:rifle/rifle_reload_magin"
				},
				"0.875": {
					"effect": "re:rifle/rifle_reload_magin"
				},
				"1.375": {
					"effect": "re:rifle/rifle_inspect_drop"
				},
				"2.0": {
					"effect": "re:rifle/rifle_reload_empty_charge_in"
				}
			}
		},
		"draw": {
			"animation_length": 0.7667,
			"bones": {
				"root": {
					"rotation": {
						"0.0": {
							"post": [-47.5317, -67.12769, 100.20259],
							"lerp_mode": "catmullrom"
						},
						"0.1": {
							"post": [-64.5317, -67.12769, 100.20259],
							"lerp_mode": "catmullrom"
						},
						"0.1667": {
							"post": [-32.84001, -50.0156, 53.41225],
							"lerp_mode": "catmullrom"
						},
						"0.2333": {
							"post": [-22.73056, -16.27704, -12.21613],
							"lerp_mode": "catmullrom"
						},
						"0.3333": {
							"post": [-17.22623, -3.67933, -9.98936],
							"lerp_mode": "catmullrom"
						},
						"0.4": {
							"post": [0.00872, -0.49992, -3.00004],
							"lerp_mode": "catmullrom"
						},
						"0.5": {
							"post": [1.50006, -0.49983, 2.23691],
							"lerp_mode": "catmullrom"
						},
						"0.6333": {
							"post": [0, 0, 0.25],
							"lerp_mode": "catmullrom"
						},
						"0.7667": {
							"post": [0, 0, 0],
							"lerp_mode": "catmullrom"
						}
					},
					"position": {
						"0.0": {
							"post": [9.58, -11.05, 5.955],
							"lerp_mode": "catmullrom"
						},
						"0.1": {
							"post": [7.225, -4.5, 5.225],
							"lerp_mode": "catmullrom"
						},
						"0.2333": {
							"post": [0.375, 1.55, 3.625],
							"lerp_mode": "catmullrom"
						},
						"0.3333": {
							"post": [-0.19, 1.165, 1.6],
							"lerp_mode": "catmullrom"
						},
						"0.4": {
							"post": [0, -0.35, -0.675],
							"lerp_mode": "catmullrom"
						},
						"0.5": {
							"post": [0, -0.49375, -0.2125],
							"lerp_mode": "catmullrom"
						},
						"0.6333": {
							"post": [0, -0.0625, 0.0875],
							"lerp_mode": "catmullrom"
						},
						"0.7667": {
							"post": [0, 0, 0],
							"lerp_mode": "catmullrom"
						}
					}
				},
				"R": {
					"rotation": {
						"0.0": [0, 37, 0],
						"0.1": [-19.45085, 20.77712, -1.39186],
						"0.1667": [-2.5737, 2.50138, 0.65251],
						"0.2": [0, 0, 0]
					},
					"position": [0, 0, 0]
				},
				"camera": {
					"rotation": {
						"0.0": {
							"post": [0, 0, 0],
							"lerp_mode": "catmullrom"
						},
						"0.1333": {
							"post": [0.525, -0.225, 0.425],
							"lerp_mode": "catmullrom"
						},
						"0.3": {
							"post": [-0.82, -0.25, -0.25],
							"lerp_mode": "catmullrom"
						},
						"0.4667": {
							"post": [0.175, -0.05, -0.375],
							"lerp_mode": "catmullrom"
						},
						"0.6": {
							"post": [-0.1, 0.025, 0.075],
							"lerp_mode": "catmullrom"
						},
						"0.7667": {
							"post": [0, 0, 0],
							"lerp_mode": "catmullrom"
						}
					}
				},
				"constraint": {
					"rotation": [0.2, 0.2, 0.2],
					"position": [0.2, 0.2, 0.35]
				}
			}
		},
		"put_away": {
			"animation_length": 0.4333,
			"bones": {
				"root": {
					"rotation": {
						"0.0": {
							"post": [0, 0, 0],
							"lerp_mode": "catmullrom"
						},
						"0.1": {
							"post": [-9.59422, -38.3453, 0.00944],
							"lerp_mode": "catmullrom"
						},
						"0.2333": {
							"post": [-16.39395, -61.25293, 53.07545],
							"lerp_mode": "catmullrom"
						},
						"0.3": {
							"post": [-14.15, -69.24, 56.81],
							"lerp_mode": "catmullrom"
						},
						"0.4": {
							"post": [3.60605, -67.62793, 53.07545],
							"lerp_mode": "catmullrom"
						}
					},
					"position": {
						"0.0": {
							"post": [0, 0, 0],
							"lerp_mode": "catmullrom"
						},
						"0.1": {
							"post": [1.015, -2.235, 2.11],
							"lerp_mode": "catmullrom"
						},
						"0.2333": {
							"post": [5.875, -5.1, 6.35],
							"lerp_mode": "catmullrom"
						},
						"0.3": {
							"post": [7.3, -11.07, 6.49],
							"lerp_mode": "catmullrom"
						},
						"0.4333": {
							"post": [13.2, -28.655, 6.35],
							"lerp_mode": "catmullrom"
						}
					}
				},
				"L": {
					"rotation": {
						"0.0": [0, 0, 0],
						"0.1333": [0, 0, 0]
					},
					"position": {
						"0.0": [0, 0, 0],
						"0.1333": [0, 0, 0]
					}
				},
				"R": {
					"rotation": {
						"0.0": [0, 0, 0],
						"0.1333": [0, 0, 0],
						"0.2667": [-5.49556, 15.06624, -3.81354],
						"0.3667": [0, 0, 0]
					},
					"position": {
						"0.0": [0, 0, 0],
						"0.1333": [0, 0, 0]
					}
				},
				"camera": {
					"rotation": {
						"0.0": {
							"post": [0, 0, 0],
							"lerp_mode": "catmullrom"
						},
						"0.2": {
							"post": [0.49, -0.38, -0.38],
							"lerp_mode": "catmullrom"
						},
						"0.3667": {
							"post": [0, 0, 0],
							"lerp_mode": "catmullrom"
						}
					}
				},
				"constraint": {
					"rotation": [0.2, 0.2, 0.2],
					"position": [0.2, 0.2, 0.35]
				}
			}
		},
		"inspect": {
			"animation_length": 0.0333,
			"bones": {
				"root": {
					"rotation": [0, 0, 0],
					"position": [0, 0, 0]
				},
				"constraint": {
					"rotation": [0.2, 0.2, 0.2],
					"position": [0.2, 0.2, 0.2]
				}
			}
		},
		"shoot": {
			"animation_length": 0.5,
			"bones": {
				"root": {
					"rotation": {
						"0.0": [0, 0, 0],
						"0.0333": [0, 0, 0],
						"0.0667": [-14.37239, 2.16014, -2.24888],
						"0.1667": [3.17319, -2.40185, -5.40991],
						"0.3": [0.74965, -0.0229, 1.74985],
						"0.4333": [0, 0, 0]
					},
					"position": {
						"0.0": {
							"post": [0, 0, 0],
							"lerp_mode": "catmullrom"
						},
						"0.0333": {
							"post": [0, 0.25, 2.15],
							"lerp_mode": "catmullrom"
						},
						"0.0667": {
							"post": [0, 0.85, 2.2],
							"lerp_mode": "catmullrom"
						},
						"0.1667": {
							"post": [0, 0.06875, -0.275],
							"lerp_mode": "catmullrom"
						},
						"0.3": {
							"post": [0, -0.1125, 0],
							"lerp_mode": "catmullrom"
						},
						"0.4333": {
							"post": [0, 0, 0],
							"lerp_mode": "catmullrom"
						}
					}
				},
				"hammer": {
					"rotation": {
						"0.0": [67.5, 0, 0],
						"0.0667": [5, 0, 0],
						"0.2": [0, 0, 0]
					},
					"position": [0, 0, 0]
				},
				"camera": {
					"rotation": {
						"0.0": {
							"post": [0, 0, 0],
							"lerp_mode": "catmullrom"
						},
						"0.0333": {
							"post": [0, 0, 0.925],
							"lerp_mode": "catmullrom"
						},
						"0.0667": {
							"post": [0, 0, -0.7],
							"lerp_mode": "catmullrom"
						},
						"0.1": {
							"post": [0, 0, 0.4],
							"lerp_mode": "catmullrom"
						},
						"0.1333": {
							"post": [0, 0, -0.22],
							"lerp_mode": "catmullrom"
						},
						"0.1667": {
							"post": [0, 0, 0],
							"lerp_mode": "catmullrom"
						}
					}
				},
				"Bolt": {
					"position": {
						"0.0": [0, 0, 0],
						"0.1": {
							"pre": [0, 0, 1.75],
							"post": [0, 0, 1.75],
							"lerp_mode": "catmullrom"
						},
						"0.1333": [0, 0, 0],
						"0.1667": [0, 0, 0.145],
						"0.2": [0, 0, 0],
						"0.2333": [0, 0, 0.06],
						"0.3": [0, 0, 0]
					}
				},
				"upper_receiver": {
					"rotation": {
						"0.0": [0, 0, 0],
						"0.0667": [-1, 0, 0],
						"0.1333": [0, 0, 0]
					},
					"position": {
						"0.0": [0, 0, 0],
						"0.0333": [0, 0, 0.15],
						"0.1": [0, 0, 0]
					}
				}
			}
		}
	}
}