{
	"format_version": "1.8.0",
	"animations": {
		"static_idle": {
			"loop": true,
			"bones": {
				"bullet": {
					"position": [0, -84.0625, 0],
					"scale": 0.01
				},
				"righthand_pos": {
					"rotation": [0, 0, 0],
					"position": [0, 0, 0],
					"scale": [1, 1.5, 1]
				},
				"lefthand": {
					"rotation": [90, 20.25, 0],
					"position": [7.125, -3.60937, 15.98438]
				},
				"lefthand_pos": {
					"rotation": [0, 0, 0],
					"position": [0, 0, 0],
					"scale": [1, 1.5, 1]
				},
				"righthand": {
					"rotation": [90, -360, -180],
					"position": [4.89063, -3.0625, 17.875]
				},
				"root": {
					"rotation": [0, 0, 0],
					"position": [0, 0, 0]
				},
				"constraint": {
					"rotation": [0.2, 0.2, 0.2],
					"position": [0.2, 0.2, 0.2]
				},
				"hammer": {
					"rotation": [-75, 0, 0]
				}
			}
		},
		"static_bolt_caught": {
			"loop": true,
			"bones": {
				"holdopen_lever": {
					"rotation": [2.5, 0, 0]
				},
				"slide": {
					"position": [0, 0, 2]
				},
				"barrel": {
					"rotation": [-6.25, 0, 0]
				},
				"hammer": {
					"rotation": [-75, 0, 0]
				}
			}
		},
		"reload_tactical": {
			"loop": "hold_on_last_frame",
			"animation_length": 2.05,
			"bones": {
				"hkusp": {
					"position": [0, 0, 0]
				},
				"righthand_gun": {
					"rotation": {
						"0.0": [0, 0, 0],
						"0.3": [-12.46857, -43.54545, -6.72146],
						"0.4167": [-7.46857, -43.54545, -6.72146],
						"0.5333": [-12.46857, -43.54545, -6.72146],
						"0.8833": [-12.46857, -43.54545, -6.72146],
						"0.9833": [-17.46857, -43.54545, -6.72146],
						"1.5": [0, 0, 0],
						"1.6667": [0, 0, 0],
						"1.8": [0, 0, 0]
					},
					"position": {
						"0.0": [0, 0, 0],
						"0.3": [-1, 2, 0],
						"0.4167": [0, -1, 0],
						"0.5333": [-1, 2, 0],
						"0.8833": [0, 2.175, 0],
						"0.9833": [-0.225, 1.33, 0.425],
						"1.5": [0, 0, 0],
						"1.6667": [-0.15, 0.2, 0],
						"1.8": [0, 0, 0]
					}
				},
				"slide": {
					"rotation": [0, 0, 0],
					"position": [0, 0, 0]
				},
				"bullet": {
					"position": {
						"0.0": [0, -84.0625, 0],
						"0.4": [0, -84.06, 135.59375],
						"1.2333": [0, -84.06, 605.43375]
					}
				},
				"righthand_pos": {
					"rotation": {
						"0.0": [0, 0, 0],
						"0.3": [0, 0, -25.5],
						"1.8": [0, 0, 0]
					},
					"position": {
						"0.0": [0, 0, 0],
						"0.3": [7.425, -3.25, 0],
						"1.8": [0, 0, 0]
					},
					"scale": {
						"0.0": [1, 1.5, 1],
						"1.8": [1, 1.5, 1]
					}
				},
				"magazine": {
					"rotation": {
						"0.0": [0, 0, 0],
						"0.3": [0, 0, 0],
						"0.3667": [0, 0, 0]
					},
					"position": {
						"0.0": [0, 0, 0],
						"0.3": [0, 0, 0],
						"0.3667": [0, -0.85937, 0.25],
						"0.3833": [0, -1.98, 0.665],
						"0.4167": [0, -4.21, 1.56188],
						"0.4667": [-0.01, -20.89062, 3.14438],
						"0.5667": [-0.01, -7.32812, 1.8475],
						"0.8833": [-0.01, -4.2675, 1.55313],
						"0.9": [-0.01, -3.50187, 1.225],
						"0.9833": [0, 0, 0]
					}
				},
				"lefthand": {
					"rotation": {
						"0.0": [90, 20.25, 0],
						"0.3667": [90, 38, 0],
						"0.5": [90, 38, 0],
						"0.5167": [108.52248, 8.33179, 66.61093],
						"0.9333": [109.30268, 18.03138, 70.01907],
						"1.0": [108.34014, 2.63905, 64.70598],
						"1.1333": [102.98409, 15.02557, 54.19828],
						"1.2": [103.96729, 25.96815, 56.99287],
						"1.25": [91.66169, 26.84012, 26.74027],
						"1.5": {
							"pre": [93.69199, 18.53663, -10.83344],
							"post": [93.69199, 18.53663, -10.83344],
							"lerp_mode": "catmullrom"
						},
						"1.5833": {
							"post": [90, 20.25, 0],
							"lerp_mode": "catmullrom"
						}
					},
					"position": {
						"0.0": [7.125, -3.60937, 15.98438],
						"0.3667": [15.36438, -3.61, 29.63625],
						"0.5": [15.36438, -3.61, 29.63625],
						"0.5167": [11.84375, -14.17187, 13.35938],
						"0.55": [9.93375, -10.59187, 14.5475],
						"0.5667": [9.18, -8.76187, 15.00313],
						"0.8833": [7.75813, -6.58812, 15.64063],
						"0.9167": [6.86938, -5.55875, 15.64],
						"0.9833": [6.6475, -2.79187, 15.64],
						"1.0833": [7.44438, -4.46562, 15.64],
						"1.1333": [7.61125, -4.69875, 15.64],
						"1.2": [7.47063, -5.23, 14.49938],
						"1.25": [9.28375, -5.53875, 15.64],
						"1.5": {
							"pre": [7.09688, -4.75938, 11.41438],
							"post": [7.09688, -4.75938, 11.41438],
							"lerp_mode": "catmullrom"
						},
						"1.5833": {
							"post": [7.125, -3.60937, 15.98438],
							"lerp_mode": "catmullrom"
						},
						"1.6167": {
							"post": [7.13, -3.61, 15.98],
							"lerp_mode": "catmullrom"
						}
					}
				},
				"lefthand_pos": {
					"rotation": {
						"0.0": [0, 0, 0],
						"0.3": [-10, 0, 0],
						"1.5": [0, 0, 0],
						"1.6667": [0, 0, 0],
						"1.8": [0, 0, 0]
					},
					"position": {
						"0.0": [0, 0, 0],
						"0.3": [5.375, 10.05, -8.95],
						"1.5": [0, 0, 0],
						"1.6667": [-0.175, 0.225, 0],
						"1.8": [0, 0, 0]
					},
					"scale": [1, 1.5, 1]
				},
				"righthand": {
					"relative_to": {
						"rotation": "entity"
					},
					"rotation": {
						"0.0": [90, -360, -180],
						"1.1833": [90, -360, -180]
					},
					"position": {
						"0.0": [4.89063, -3.0625, 17.875],
						"0.3667": [3.73375, -3.06, 17.88],
						"1.0833": [3.73375, -3.06, 17.88],
						"1.1833": [4.89063, -3.0625, 17.875]
					}
				},
				"hammer": {
					"rotation": [-75, 0, 0]
				}
			},
			"sound_effects": {
				"0.0": {
					"effect": "hk_usp_reload"
				}
			}
		},
		"reload_empty": {
			"loop": "hold_on_last_frame",
			"animation_length": 2.0333,
			"bones": {
				"hkusp": {
					"position": [0, 0, 0]
				},
				"righthand_gun": {
					"rotation": {
						"0.0": [0, 0, 0],
						"0.0167": [-0.04505, -0.20414, -0.1953],
						"0.0333": [-0.1761, -0.826, -0.79021],
						"0.05": [-0.3883, -1.87191, -1.79081],
						"0.0667": [-0.67816, -3.32948, -3.18523],
						"0.0833": [-1.04346, -5.15948, -4.93594],
						"0.1": [-1.48317, -7.29088, -6.975],
						"0.1833": [-10.11348, -2.39038, 40.12254],
						"0.2833": [-10.11348, -2.39038, 40.12254],
						"0.55": [-18.84065, -18.01615, -21.7314],
						"0.5667": [-18.34706, -18.01615, -21.7314],
						"0.5833": [-16.9086, -18.01615, -21.7314],
						"0.6833": [-11.80266, -18.01615, -21.7314],
						"0.7167": [-11.53263, -17.89612, -21.75482],
						"0.7333": [-11.2364, -17.73835, -21.78864],
						"0.75": [-10.78298, -17.50819, -21.84147],
						"0.7667": [-10.10329, -17.20022, -21.91439],
						"0.7833": [-9.06533, -16.81008, -22.00165],
						"0.8": [-7.37893, -16.33519, -22.0889],
						"0.8167": [-4.46349, -15.7768, -22.16182],
						"0.8333": [-1.43993, -15.14294, -22.21465],
						"0.85": [-0.06824, -14.45203, -22.24847],
						"0.8667": [0.46079, -13.73642, -22.26649],
						"0.8833": [0.59219, -13.04332, -22.27189],
						"0.9": [0.35427, -12.20127, -22.09778],
						"0.9167": [-0.58653, -11.0384, -21.40925],
						"0.9333": [-3.03939, -9.64185, -19.61414],
						"1.0667": {
							"pre": [-24.67513, 4.98138, 0.868],
							"post": [-24.67513, 4.98138, 0.868],
							"lerp_mode": "catmullrom"
						},
						"1.4167": {
							"post": [-40.9836, 4.48253, 0.868],
							"lerp_mode": "catmullrom"
						},
						"1.5667": {
							"post": [-70.95117, 0, 0],
							"lerp_mode": "catmullrom"
						},
						"1.7": [-51.66215, 4.84734, 0.85913],
						"1.8333": {
							"pre": [-5, 0, 0],
							"post": [-5, 0, 0],
							"lerp_mode": "catmullrom"
						},
						"1.8833": {
							"post": [4.5, 0, 0],
							"lerp_mode": "catmullrom"
						},
						"2.0": {
							"post": [0, 0, 0],
							"lerp_mode": "catmullrom"
						}
					},
					"position": {
						"0.0": [0, 0, 0],
						"0.0167": [-0.08129, -0.00636, -0.0087],
						"0.0333": [-0.17387, 0.0491, -0.03519],
						"0.05": [-0.28058, 0.175, -0.07975],
						"0.0667": [-0.40543, 0.38063, -0.14185],
						"0.0833": [-0.55462, 0.67613, -0.21981],
						"0.1": [-0.73817, 1.07031, -0.31061],
						"0.1167": [-0.97388, 1.56821, -0.40985],
						"0.1333": [-1.294, 2.16411, -0.51203],
						"0.2833": [-1.99, 2.33, -0.64],
						"0.6167": [-2.24458, 3.99498, -0.92019],
						"0.6667": [-2.16416, 3.79185, -0.92002],
						"0.6833": [-2.1575, 3.73, -0.92],
						"0.7": [-2.14888, 3.64605, -0.92],
						"0.7167": [-2.1191, 3.55654, -0.92],
						"0.7333": [-2.06023, 3.45977, -0.92],
						"0.75": [-1.96197, 3.353, -0.92],
						"0.7667": [-1.81883, 3.23117, -0.92],
						"0.7833": [-1.65242, 3.08329, -0.92],
						"0.8": [-1.50928, 2.87505, -0.92],
						"0.8167": [-1.41102, 2.57121, -0.92],
						"0.8333": [-1.35215, 2.46199, -0.92],
						"0.85": [-1.32237, 2.41513, -0.92],
						"0.8667": [-1.31375, 2.38625, -0.92],
						"0.8833": [-1.30224, 2.35106, -0.93472],
						"0.9": [-1.27011, 2.29024, -0.97344],
						"0.9167": [-1.22069, 2.20021, -1.03029],
						"0.9333": [-1.15689, 2.08128, -1.10111],
						"1.15": {
							"pre": [0, 1.04688, -2.28],
							"post": [0, 1.04688, -2.28],
							"lerp_mode": "catmullrom"
						},
						"1.5667": {
							"post": [0, -2.04687, -0.70187],
							"lerp_mode": "catmullrom"
						},
						"1.7": [0.01032, 0.54351, -1.67052],
						"1.7167": [0.05365, 0.6668, -1.66723],
						"1.7333": [0.18658, 0.73153, -1.66072],
						"1.75": [0.3908, 0.76195, -1.64984],
						"1.7667": [0.4037, 0.76999, -1.63401],
						"1.7833": [0.3643, 0.76285, -1.6156],
						"1.8": [0.30557, 0.74561, -1.59976],
						"1.95": [0.26214, -0.05009, 0],
						"1.9667": [0.20261, -0.03561, 0],
						"1.9833": [0.10938, -0.01866, 0],
						"2.0": {
							"pre": [0, 0, 0],
							"post": [0, 0, 0],
							"lerp_mode": "catmullrom"
						}
					}
				},
				"slide": {
					"rotation": {
						"0.0": [0, 0, 0],
						"1.4333": [0, 0, 0],
						"1.6833": [0, 0, 0]
					},
					"position": {
						"0.0": [0, 0, 2],
						"1.4333": [0, 0, 2],
						"1.5667": [0, 0, 1.53125],
						"1.6": [0, 0, 1.53125],
						"1.6833": [0, 0, 0]
					}
				},
				"bullet": {
					"position": {
						"0.0": [0, -84.0625, 0],
						"0.4": [0, -84.06, 135.59375],
						"1.2333": [0, -84.06, 605.43375]
					}
				},
				"righthand_pos": {
					"rotation": [0, 0, 0],
					"position": [0, 0, 0],
					"scale": [1, 1.5, 1]
				},
				"magazine": {
					"rotation": {
						"0.0": [0, 0, 0],
						"0.1833": [0, 0, 0],
						"0.25": [0, 0, 0]
					},
					"position": {
						"0.0": [0, 0, 0],
						"0.1833": [0, 0, 0],
						"0.25": [0, -0.85937, 0.25],
						"0.2667": [0, -1.98, 0.665],
						"0.3": [0, -4.21, 1.56188],
						"0.3667": [-0.01, -20.89062, 3.14438],
						"0.4667": [-0.01, -20.89062, 3.14438],
						"0.5667": [-0.01, -7.32812, 1.8475],
						"0.6667": [-0.01, -4.2675, 1.55313],
						"0.6833": [-0.01, -3.50187, 1.225],
						"0.7667": [0, 0, 0]
					}
				},
				"lefthand": {
					"rotation": {
						"0.0": [90, 20.25, 0],
						"0.3667": [90, 38, 0],
						"0.5": [90, 38, 0],
						"0.5167": [108.52248, 8.33179, 66.61093],
						"0.7167": [109.30268, 18.03138, 70.01907],
						"0.7833": [108.34014, 2.63905, 64.70598],
						"0.9167": [102.98409, 15.02557, 54.19828],
						"0.9833": [103.96729, 25.96815, 56.99287],
						"1.0333": [91.66169, 26.84012, 26.74027],
						"1.0833": [58.47764, 10.11019, -0.68249],
						"1.2333": [49.32656, -14.98472, -41.81663],
						"1.5667": {
							"pre": [29.62562, -20.69496, -32.26809],
							"post": [29.62562, -20.69496, -32.26809],
							"lerp_mode": "catmullrom"
						},
						"1.7333": {
							"post": [61.44199, 18.53663, -10.83344],
							"lerp_mode": "catmullrom"
						},
						"1.8667": {
							"post": [93.69199, 18.53663, -10.83344],
							"lerp_mode": "catmullrom"
						},
						"2.0": {
							"post": [90, 20.25, 0],
							"lerp_mode": "catmullrom"
						}
					},
					"position": {
						"0.0": [7.125, -3.60937, 15.98438],
						"0.3667": [15.36438, -3.61, 29.63625],
						"0.5": [15.36438, -3.61, 29.63625],
						"0.5167": [11.84375, -14.17187, 13.35938],
						"0.55": [9.93375, -10.59187, 14.5475],
						"0.5667": [9.18, -8.76187, 15.00313],
						"0.6667": [7.75813, -6.58812, 15.64063],
						"0.7": [6.86938, -5.55875, 15.64],
						"0.7667": [6.6475, -2.79187, 15.64],
						"0.8667": [7.44438, -4.46562, 15.64],
						"0.9167": [7.61125, -4.69875, 15.64],
						"0.9833": [7.47063, -5.23, 14.49938],
						"1.0333": [9.28375, -5.53875, 15.64],
						"1.0833": [10.23438, -2.38875, 15.1],
						"1.2333": [7.96938, -0.86812, 14.29625],
						"1.5667": {
							"pre": [7.97, -4.21375, 19.40938],
							"post": [7.97, -4.21375, 19.40938],
							"lerp_mode": "catmullrom"
						},
						"1.6667": {
							"post": [9.29812, -2.1475, 17.67563],
							"lerp_mode": "catmullrom"
						},
						"1.7333": {
							"post": [10.37813, -2.15, 16.08625],
							"lerp_mode": "catmullrom"
						},
						"1.8667": {
							"post": [7.09688, -4.75938, 11.41438],
							"lerp_mode": "catmullrom"
						},
						"2.0": {
							"post": [7.125, -3.60937, 15.98438],
							"lerp_mode": "catmullrom"
						}
					}
				},
				"lefthand_pos": {
					"rotation": [0, 0, 0],
					"position": [0, 0, 0],
					"scale": [1, 1.5, 1]
				},
				"righthand": {
					"rotation": {
						"0.0": [90, -360, -180],
						"1.8833": [90, -360, -180]
					},
					"position": {
						"0.0": [4.89063, -3.0625, 17.875],
						"0.25": [3.73375, -3.06, 17.88],
						"0.8667": [3.73375, -3.06, 17.88],
						"1.8833": [4.89063, -3.0625, 17.875]
					}
				},
				"bullet_in_mag": {
					"position": {
						"0.0": [8, -13, 0],
						"0.3167": [0, -19.625, 0],
						"0.4833": [-0.025, -0.045, -0.225],
						"1.4333": [-0.02, 0.135, -0.22],
						"1.7": [-0.02, 0.59, -2.07]
					}
				},
				"holdopen_lever": {
					"rotation": {
						"0.0": [3, 0, 0],
						"1.4333": [4.5, 0, 0]
					}
				},
				"positioning": {
					"position": [0, 0, 0]
				},
				"barrel": {
					"rotation": {
						"0.0": [-6.25, 0, 0],
						"2.0": [0, 0, 0]
					}
				},
				"hammer": {
					"rotation": [-75, 0, 0]
				}
			},
			"sound_effects": {
				"0.0": {
					"effect": "hk_usp_reload"
				}
			}
		},
		"inspect": {
			"loop": true,
			"animation_length": 7.8333,
			"bones": {
				"bullet": {
					"position": [0, -84.0625, 0],
					"scale": 0.01
				},
				"righthand_pos": {
					"rotation": {
						"0.0": [0, 0, 0],
						"7.1667": [0, 0, 0]
					},
					"position": {
						"0.0": [0, 0, 0],
						"7.1667": [0, 0, 0]
					},
					"scale": {
						"0.0": [1, 1.5, 1],
						"7.1667": [1, 1.5, 1]
					}
				},
				"lefthand": {
					"rotation": {
						"0.0": [90, 20.25, 0],
						"7.1667": [90, 20.25, 0]
					},
					"position": {
						"0.0": [7.125, -3.60937, 15.98438],
						"7.1667": [7.125, -3.60937, 15.98438]
					}
				},
				"lefthand_pos": {
					"rotation": {
						"0.0": [0, 0, 0],
						"0.1667": [47.5, 0, 0],
						"5.75": [-13.50249, -5.86653, 20.57851],
						"7.1667": [0, 0, 0]
					},
					"position": {
						"0.0": [0, 0, 0],
						"0.1667": [3, 0, -3],
						"5.75": [3, -5, 2],
						"6.6667": [3, -5, -1],
						"7.1667": [0, 0, 0]
					},
					"scale": {
						"0.0": [1, 1.5, 1],
						"7.1667": [1, 1.5, 1]
					}
				},
				"righthand": {
					"rotation": {
						"0.0": [90, -360, -180],
						"0.375": [130.82939, -372.70001, -141.74437],
						"0.5": [100.82939, -372.70001, -141.74437],
						"0.625": [133.32939, -372.70001, -141.74437],
						"2.1667": [133.32939, -372.70001, -141.74437],
						"2.25": [133.32939, -372.70001, -141.74437],
						"3.7917": [100.82939, -372.70001, -141.74437],
						"4.0": [50.82939, -372.70001, -141.74437],
						"4.3333": [75.82939, -372.70001, -141.74437],
						"6.6667": [50.82939, -372.70001, -141.74437],
						"7.1667": [90, -360, -180]
					},
					"position": {
						"0.0": [4.89063, -3.0625, 17.875],
						"0.375": [8.59, -4.985, 17.155],
						"0.5": [8.59, -2.99, 17.16],
						"3.7917": [8.59, -2.99, 17.16],
						"4.3333": [8.59, -3.99, 18.16],
						"7.1667": [4.89063, -3.0625, 17.875]
					}
				},
				"root": {
					"rotation": {
						"0.0": [0, 0, 0],
						"2.2917": [-2.75, 0, 0],
						"2.7083": [-2.75, 0, 0],
						"3.125": [-3.78014, 7.23439, -0.47671],
						"7.1667": [0, 0, 0]
					},
					"position": {
						"0.0": [0, 0, 0],
						"2.2917": [0, 0, 0.4],
						"2.7083": [0, 0, 0.4],
						"3.125": [-1.025, 0, 0.4],
						"3.6667": [-1.245, 0, 0.45],
						"7.1667": [0, 0, 0]
					}
				},
				"hkusp": {
					"rotation": {
						"0.0": [0, 0, 0],
						"6.5417": [0, 0, 0]
					},
					"position": {
						"0.0": [0, 0, 0],
						"6.5417": [0, 0, 1],
						"6.8333": [0, 0, 1],
						"7.1667": [0, 0, 0]
					}
				},
				"righthand_gun": {
					"rotation": {
						"0.0": [0, 0, 0],
						"0.1667": [-6.43633, -24.2089, 15.38174],
						"0.375": [-21.43633, -24.2089, 15.38174],
						"0.5": [-68.93633, -24.2089, 15.38174],
						"4.0": [-47.84896, -55.6646, -19.7189],
						"4.7083": [114.21427, -42.83866, -158.88169],
						"6.1667": [114.21427, -42.83866, -158.88169],
						"6.6667": [-47.84896, -55.6646, -19.7189],
						"7.1667": [0, 0, 0]
					},
					"position": {
						"0.0": [0, 0, 0],
						"0.1667": [1.2, 0, 2.2],
						"0.375": [1.2, 3, 2.2],
						"2.25": [0.63, 3, 0.57],
						"3.2917": [0.63, 3, 0.57],
						"4.0": [-0.85, 3, -3.725],
						"5.75": [1.15, 3, -0.72],
						"6.0417": [1.15, 3, -0.72],
						"6.6667": [-0.85, 3, -3.725],
						"7.1667": [0, 0, 0]
					}
				},
				"bullet_in_mag": {
					"position": {
						"0.0": [0, 0, 0],
						"0.625": [0, 0.55, 0],
						"2.1667": [0, 0.55, 0],
						"7.1667": [0, 0, 0]
					}
				},
				"slide": {
					"position": {
						"0.0": [0, 0, 0],
						"0.5": [0, 0, 0],
						"0.625": [0, 0, 2],
						"2.1667": [0, 0, 2],
						"3.6667": [0, 0, 2],
						"3.7917": [0, 0, 0],
						"7.1667": [0, 0, 0]
					}
				},
				"gun": {
					"rotation": {
						"0.0": [0, 0, 0],
						"0.375": [47.05662, 21.92418, 42.84889],
						"5.7917": [44.14158, 22.59408, 43.12948],
						"6.125": [47.07674, 16.11299, 49.24449],
						"6.5417": [31.83036, 2.01756, 3.94315],
						"7.1667": [0, 0, 0]
					},
					"position": {
						"0.0": [0, 0, 0],
						"0.375": [1.6, -1.45, -0.9],
						"0.625": [1.6, -1.45, -0.9],
						"2.1667": [1.6, -1.45, -0.9],
						"2.7083": [1.6, -1.45, -0.9],
						"7.1667": [0, 0, 0]
					}
				},
				"hammer": {
					"rotation": [-75, 0, 0]
				}
			}
		},
		"inspect_empty": {
			"animation_length": 7.75,
			"bones": {
				"bullet": {
					"position": [0, -84.0625, 0],
					"scale": 0.01
				},
				"righthand_pos": {
					"rotation": {
						"0.0": [0, 0, 0],
						"7.6667": [0, 0, 0]
					},
					"position": {
						"0.0": [0, 0, 0],
						"7.6667": [0, 0, 0]
					},
					"scale": {
						"0.0": [1, 1.5, 1],
						"7.6667": [1, 1.5, 1]
					}
				},
				"lefthand": {
					"rotation": {
						"0.0": [90, 20.25, 0],
						"7.6667": [90, 20.25, 0]
					},
					"position": {
						"0.0": [7.125, -3.60937, 15.98438],
						"0.4583": {
							"pre": [15.17688, -3.61, 15.98],
							"post": [15.17688, -3.61, 15.98],
							"lerp_mode": "catmullrom"
						},
						"1.3333": {
							"post": [15.57063, -3.61, 15.98],
							"lerp_mode": "catmullrom"
						},
						"2.2917": {
							"post": [15.57, -1.51625, 14.68313],
							"lerp_mode": "catmullrom"
						},
						"3.7917": {
							"post": [15.57, -2.18812, 14.68313],
							"lerp_mode": "catmullrom"
						},
						"4.8333": {
							"post": [15.57, -7.1925, 14.68],
							"lerp_mode": "catmullrom"
						},
						"7.125": {
							"post": [15.57, -7.1925, 14.68],
							"lerp_mode": "catmullrom"
						},
						"7.6667": [7.125, -3.60937, 15.98438]
					}
				},
				"lefthand_pos": {
					"rotation": {
						"0.0": [0, 0, 0],
						"7.6667": [0, 0, 0]
					},
					"position": {
						"0.0": [0, 0, 0],
						"7.6667": [0, 0, 0]
					},
					"scale": {
						"0.0": [1, 1.5, 1],
						"7.6667": [1, 1.5, 1]
					}
				},
				"righthand": {
					"rotation": [90, -360, -180],
					"position": [4.89063, -3.0625, 17.875]
				},
				"root": {
					"rotation": [0, 0, 0],
					"position": [0, 0, 0]
				},
				"righthand_gun": {
					"rotation": {
						"0.0": [0, 0, 0],
						"0.4583": {
							"pre": [-23.78976, -37.03936, -10.85933],
							"post": [-23.78976, -37.03936, -10.85933],
							"lerp_mode": "catmullrom"
						},
						"1.3333": {
							"post": [-22.55771, -54.29211, -2.20331],
							"lerp_mode": "catmullrom"
						},
						"2.2917": {
							"post": [-49.20984, -79.62061, 44.39479],
							"lerp_mode": "catmullrom"
						},
						"3.7917": {
							"post": [-49.20984, -79.62061, 44.39479],
							"lerp_mode": "catmullrom"
						},
						"4.8333": {
							"post": [-88.75547, 44.79093, 25.70952],
							"lerp_mode": "catmullrom"
						},
						"7.125": {
							"post": [-88.75547, 44.79093, 25.70952],
							"lerp_mode": "catmullrom"
						},
						"7.6667": [0, 0, 0]
					},
					"position": {
						"0.0": [0, 0, 0],
						"0.4583": {
							"pre": [1, 3, 0],
							"post": [1, 3, 0],
							"lerp_mode": "catmullrom"
						},
						"2.2917": {
							"post": [2.14063, 1.5625, 0],
							"lerp_mode": "catmullrom"
						},
						"3.7917": {
							"post": [2.14063, 1.5625, 0],
							"lerp_mode": "catmullrom"
						},
						"4.8333": {
							"post": [1.14, 5.56, -3],
							"lerp_mode": "catmullrom"
						},
						"7.125": {
							"post": [1.14, 5.56, -3],
							"lerp_mode": "catmullrom"
						},
						"7.6667": [0, 0, 0]
					}
				},
				"slide": {
					"position": {
						"0.0": [0, 0, 2],
						"7.6667": [0, 0, 2]
					}
				},
				"barrel": {
					"rotation": [-6.25, 0, 0]
				},
				"hammer": {
					"rotation": [-75, 0, 0]
				}
			}
		},
		"shoot": {
			"loop": true,
			"animation_length": 0.6333,
			"bones": {
				"slide": {
					"rotation": {
						"0.0": [0, 0, 0],
						"0.2333": [0, 0, 0]
					},
					"position": {
						"0.0": [0, 0, 0],
						"0.0167": [0, 0, 1.79767],
						"0.0333": [0, 0, 2.05063],
						"0.05": [0, 0, 1.94355],
						"0.0667": [0, 0, 1.6951],
						"0.0833": [0, 0, 1.37494],
						"0.1": [0, 0, 1.017],
						"0.1167": [0, 0, 0.64564],
						"0.1333": [0, 0, 0.28819],
						"0.15": [0, 0, 0]
					}
				},
				"bullet": {
					"position": [0, 0, 0]
				},
				"root": {
					"rotation": {
						"0.0": {
							"post": [0, 0, 0],
							"lerp_mode": "catmullrom"
						},
						"0.0167": {
							"post": [-2.59768, 0.1525, 1.74334],
							"lerp_mode": "catmullrom"
						},
						"0.05": {
							"post": [-13.45824, -1.30704, -2.72798],
							"lerp_mode": "catmullrom"
						},
						"0.0833": {
							"post": [-11.5, 0, 0],
							"lerp_mode": "catmullrom"
						},
						"0.1167": {
							"post": [0.84251, -0.98521, -1.02186],
							"lerp_mode": "catmullrom"
						},
						"0.2": {
							"post": [0.65, 0.2, 0],
							"lerp_mode": "catmullrom"
						},
						"0.3": {
							"post": [-0.70043, -0.09694, 0.24998],
							"lerp_mode": "catmullrom"
						},
						"0.4167": {
							"post": [0.05, 0.13, 0.1],
							"lerp_mode": "catmullrom"
						},
						"0.5833": {
							"post": [0, 0, 0],
							"lerp_mode": "catmullrom"
						}
					},
					"position": {
						"0.0": {
							"post": [0, 0, 0],
							"lerp_mode": "catmullrom"
						},
						"0.0167": {
							"post": [0, -0.0025, 0.75],
							"lerp_mode": "catmullrom"
						},
						"0.0333": {
							"post": [0, -0.2225, 0.975],
							"lerp_mode": "catmullrom"
						},
						"0.0833": {
							"post": [0, 0.175, -0.175],
							"lerp_mode": "catmullrom"
						},
						"0.1167": {
							"post": [0, 0.0625, 0.2625],
							"lerp_mode": "catmullrom"
						},
						"0.2": {
							"post": [0, -0.1, 0.075],
							"lerp_mode": "catmullrom"
						},
						"0.25": {
							"post": [0.01, -0.07, 0.1],
							"lerp_mode": "catmullrom"
						},
						"0.3": {
							"post": [0.0125, -0.025, 0.125],
							"lerp_mode": "catmullrom"
						},
						"0.4167": {
							"post": [0, -0.005, -0.015],
							"lerp_mode": "catmullrom"
						},
						"0.5833": {
							"post": [0, 0, 0],
							"lerp_mode": "catmullrom"
						}
					}
				},
				"camera": {
					"rotation": {
						"0.0": {
							"post": [0, 0, 0],
							"lerp_mode": "catmullrom"
						},
						"0.0167": {
							"post": [0, 0, 0],
							"lerp_mode": "catmullrom"
						},
						"0.0333": {
							"post": [0, 0, 1.025],
							"lerp_mode": "catmullrom"
						},
						"0.05": {
							"post": [0, 0, -0.7],
							"lerp_mode": "catmullrom"
						},
						"0.0833": {
							"post": [0, 0, 0.6],
							"lerp_mode": "catmullrom"
						},
						"0.1333": {
							"post": [0, 0, -0.3],
							"lerp_mode": "catmullrom"
						},
						"0.2": {
							"post": [0, 0, 0.35],
							"lerp_mode": "catmullrom"
						},
						"0.2833": {
							"post": [0, 0, -0.15],
							"lerp_mode": "catmullrom"
						},
						"0.3833": {
							"post": [0, 0, 0],
							"lerp_mode": "catmullrom"
						}
					}
				},
				"barrel": {
					"rotation": {
						"0.0": [0, 0, 0],
						"0.0167": [0, 0, 0],
						"0.05": [-6.25, 0, 0],
						"0.0667": [0, 0, 0],
						"0.0833": [0, 0, 0]
					}
				}
			}
		}
	}
}