{
	"format_version": "1.8.0",
	"animations": {
		"static_idle": {
			"loop": true,
			"animation_length": 2.75,
			"bones": {
				"lefthand": {
					"rotation": [117.95108, -23.69437, -156.89615],
					"position": [8.5, -12.775, -9.55],
					"scale": [1, 1.5, 1]
				},
				"righthand": {
					"rotation": [97.84015, 5.54693, -176.22598],
					"position": [-6.9, -15.15, 4],
					"scale": [1, 1.5, 1]
				},
				"constraint": {
					"rotation": [0.3, 0.3, 0.3],
					"position": [0.2, 0.2, 0.2]
				}
			}
		},
		"inspect": {
			"loop": true,
			"animation_length": 2.75,
			"bones": {
				"lefthand": {
					"rotation": [117.95108, -23.69437, -156.89615],
					"position": [8.5, -12.775, -9.55],
					"scale": [1, 1.5, 1]
				},
				"righthand": {
					"rotation": [97.84015, 5.54693, -176.22598],
					"position": [-6.9, -15.15, 4],
					"scale": [1, 1.5, 1]
				},
				"constraint": {
					"rotation": [0.3, 0.3, 0.3],
					"position": [0.2, 0.2, 0.2]
				}
			}
		},
		"static_bolt_caught": {
			"loop": true,
			"animation_length": 0.0417,
			"bones": {
				"lefthand": {
					"rotation": [117.95108, -23.69437, -156.89615],
					"position": [8.5, -12.775, -9.55],
					"scale": [1, 1.5, 1]
				},
				"righthand": {
					"rotation": [97.84015, 5.54693, -176.22598],
					"position": [-6.9, -15.15, 4],
					"scale": [1, 1.5, 1]
				},
				"pull_handle": {
					"position": [0, 0, 3.5625]
				},
				"bullet_in_barrel": {
					"scale": 0
				}
			}
		},
		"inspect_empty": {
			"loop": true,
			"animation_length": 0.0417,
			"bones": {
				"lefthand": {
					"rotation": [117.95108, -23.69437, -156.89615],
					"position": [8.5, -12.775, -9.55],
					"scale": [1, 1.5, 1]
				},
				"righthand": {
					"rotation": [97.84015, 5.54693, -176.22598],
					"position": [-6.9, -15.15, 4],
					"scale": [1, 1.5, 1]
				},
				"bullet_in_barrel": {
					"scale": 0
				},
				"pull_handle": {
					"position": [0, 0, 3.5625]
				}
			}
		},
		"static_auto": {
			"animation_length": 0.0333,
			"bones": {
				"safety": {
					"rotation": [-45, 0, 0]
				}
			}
		},
		"static_semi": {
			"animation_length": 0.0333,
			"bones": {
				"safety": {
					"rotation": [0, 0, 0]
				}
			}
		},
		"switch_auto": {
			"animation_length": 0.5667,
			"bones": {
				"lefthand": {
					"rotation": [117.95108, -23.69437, -156.89615],
					"position": [8.5, -12.775, -9.55],
					"scale": [1, 1.5, 1]
				},
				"righthand": {
					"rotation": {
						"0.0": [97.84015, 5.54693, -176.22598],
						"0.1": [102.20446, 5.09689, -182.3681],
						"0.1667": [102.20446, 5.09689, -182.3681],
						"0.2": [93.92192, 4.35523, -176.64892],
						"0.3": [93.92192, 4.35523, -176.64892],
						"0.4333": [97.84015, 5.54693, -176.22598]
					},
					"position": {
						"0.0": [-6.9, -15.15, 4],
						"0.1": [-6.9, -14.4, 5.25],
						"0.1667": [-6.9, -14.4, 5.25],
						"0.2": [-6.85312, -14.55625, 4.45313],
						"0.3": [-6.85312, -14.55625, 4.45313],
						"0.4333": [-6.9, -15.15, 4]
					},
					"scale": [1, 1.5, 1]
				},
				"constraint": {
					"rotation": [0.3, 0.3, 0.3],
					"position": [0.2, 0.2, 0.2]
				},
				"safety": {
					"rotation": {
						"0.1667": [0, 0, 0],
						"0.2": [-45, 0, 0]
					}
				},
				"root": {
					"rotation": {
						"0.0": {
							"post": [0, 0, 0],
							"lerp_mode": "catmullrom"
						},
						"0.1": {
							"post": [0.625, -0.29687, -0.71875],
							"lerp_mode": "catmullrom"
						},
						"0.1667": {
							"post": [0.88, -0.39375, -0.845],
							"lerp_mode": "catmullrom"
						},
						"0.2333": {
							"post": [0.45813, -0.2025, -0.4025],
							"lerp_mode": "catmullrom"
						},
						"0.3667": {
							"post": [0.35188, -0.19, -0.35437],
							"lerp_mode": "catmullrom"
						},
						"0.5": {
							"post": [0, 0, 0],
							"lerp_mode": "catmullrom"
						}
					},
					"position": {
						"0.0": {
							"post": [0, 0, 0],
							"lerp_mode": "catmullrom"
						},
						"0.1": {
							"post": [-0.04687, 0.125, 0],
							"lerp_mode": "catmullrom"
						},
						"0.1667": {
							"post": [-0.07812, 0.20813, 0],
							"lerp_mode": "catmullrom"
						},
						"0.2333": {
							"post": [-0.03312, -0.04, 0],
							"lerp_mode": "catmullrom"
						},
						"0.3667": {
							"post": [-0.03, -0.0525, 0],
							"lerp_mode": "catmullrom"
						},
						"0.5": {
							"post": [0, 0, 0],
							"lerp_mode": "catmullrom"
						}
					}
				},
				"camera": {
					"rotation": {
						"0.0": [0, 0, 0],
						"0.1333": [0, 0, 0],
						"0.2": [0, 0, -0.575],
						"0.2667": [0, 0, 0.37],
						"0.3667": [0, 0, -0.105],
						"0.5": [0, 0, 0]
					}
				}
			}
		},
		"switch_semi": {
			"animation_length": 0.4333,
			"bones": {
				"lefthand": {
					"rotation": [117.95108, -23.69437, -156.89615],
					"position": [8.5, -12.775, -9.55],
					"scale": [1, 1.5, 1]
				},
				"righthand": {
					"rotation": {
						"0.0": [97.84015, 5.54693, -176.22598],
						"0.1": [100.34, 5.55, -176.23],
						"0.1667": [100.34, 5.55, -176.23],
						"0.2": [109.81218, 7.26732, -180.95556],
						"0.3": [109.81, 7.27, -180.96],
						"0.4333": [97.84015, 5.54693, -176.22598]
					},
					"position": {
						"0.0": [-6.9, -15.15, 4],
						"0.1": [-6.9, -14.9, 3.75],
						"0.1667": [-6.9, -14.9, 3.75],
						"0.2": [-6.79062, -14.65, 4.25],
						"0.3": [-6.79, -14.65, 4.25],
						"0.4333": [-6.9, -15.15, 4]
					},
					"scale": [1, 1.5, 1]
				},
				"constraint": {
					"rotation": [0.3, 0.3, 0.3],
					"position": [0.2, 0.2, 0.2]
				},
				"safety": {
					"rotation": {
						"0.1667": [-45, 0, 0],
						"0.2": [0, 0, 0]
					}
				},
				"root": {
					"rotation": {
						"0.0": {
							"post": [0, 0, 0],
							"lerp_mode": "catmullrom"
						},
						"0.1": {
							"post": [0.56245, -0.38591, 0.40613],
							"lerp_mode": "catmullrom"
						},
						"0.1667": {
							"post": [0.64011, -0.41226, 0.46845],
							"lerp_mode": "catmullrom"
						},
						"0.2333": {
							"post": [1.04688, -0.29, 0.85938],
							"lerp_mode": "catmullrom"
						},
						"0.3333": {
							"post": [1.05062, -0.1025, 0.85688],
							"lerp_mode": "catmullrom"
						},
						"0.4333": {
							"post": [0, 0, 0],
							"lerp_mode": "catmullrom"
						}
					},
					"position": {
						"0.0": {
							"post": [0, 0, 0],
							"lerp_mode": "catmullrom"
						},
						"0.1": {
							"post": [-0.0625, 0.09375, 0],
							"lerp_mode": "catmullrom"
						},
						"0.1667": {
							"post": [-0.09375, 0.16938, 0],
							"lerp_mode": "catmullrom"
						},
						"0.2333": {
							"post": [-0.19937, 0.40375, 0],
							"lerp_mode": "catmullrom"
						},
						"0.3333": {
							"post": [-0.19437, 0.35313, 0],
							"lerp_mode": "catmullrom"
						},
						"0.4333": {
							"post": [0, 0, 0],
							"lerp_mode": "catmullrom"
						}
					}
				},
				"camera": {
					"rotation": {
						"0.0": [0, 0, 0],
						"0.1333": [0, 0, 0],
						"0.2": [0, 0, 0.575],
						"0.2667": [0, 0, -0.37],
						"0.3333": [0, 0, 0.105],
						"0.4333": [0, 0, 0]
					}
				}
			}
		},
		"shoot": {
			"loop": true,
			"animation_length": 0.6333,
			"bones": {
				"root": {
					"rotation": {
						"0.0": {
							"post": [0, 0, 0],
							"lerp_mode": "catmullrom"
						},
						"0.0333": {
							"post": [-4.855, 2.35156, 5],
							"lerp_mode": "catmullrom"
						},
						"0.1": {
							"post": [-3.275, -1.79, -3.18],
							"lerp_mode": "catmullrom"
						},
						"0.1667": {
							"post": [-3.94, 0.89, 0.8875],
							"lerp_mode": "catmullrom"
						},
						"0.2667": {
							"post": [-3.105, -0.4, 1.85],
							"lerp_mode": "catmullrom"
						},
						"0.4667": {
							"post": [0.63844, 0.2275, -0.02844],
							"lerp_mode": "catmullrom"
						},
						"0.6333": {
							"post": [0.125, 0, 0],
							"lerp_mode": "catmullrom"
						},
						"0.9667": {
							"post": [0, 0, 0],
							"lerp_mode": "catmullrom"
						}
					},
					"position": {
						"0.0": {
							"post": [0, 0, 0],
							"lerp_mode": "catmullrom"
						},
						"0.0333": [-0.625, -0.3675, 1.4375],
						"0.0667": [0.375, -0.3425, 1.9375],
						"0.1": [-0.25, 0.2775, 1.95],
						"0.1333": [0.265, 0.2525, 1.795],
						"0.2": {
							"pre": [-0.09, -0.01, 1.2675],
							"post": [-0.09, -0.01, 1.2675],
							"lerp_mode": "catmullrom"
						},
						"0.3": {
							"post": [0, -0.1625, 0.02],
							"lerp_mode": "catmullrom"
						},
						"0.5333": {
							"post": [0, 0, 0],
							"lerp_mode": "catmullrom"
						}
					}
				},
				"constraint": {
					"rotation": {
						"0.0": [0.35, 0.5, 0.75],
						"0.1833": [0.2, 0.5, 0.5],
						"0.2667": [0.1, 0.1, 0.1],
						"0.3667": [0, 0, 0]
					},
					"position": {
						"0.0": [0.15, 0.05, 0.6],
						"0.1833": [0.15, 0.05, 0.35],
						"0.2667": [0.1, 0, 0.1],
						"0.3667": [0, 0, 0]
					}
				},
				"camera": {
					"rotation": {
						"0.0": {
							"post": [0, 0, 0],
							"lerp_mode": "catmullrom"
						},
						"0.0167": {
							"post": [0, 0, -0.2],
							"lerp_mode": "catmullrom"
						},
						"0.0333": {
							"post": [0, 0, 0.725],
							"lerp_mode": "catmullrom"
						},
						"0.05": {
							"post": [0, 0, -0.45],
							"lerp_mode": "catmullrom"
						},
						"0.0833": {
							"post": [0, 0, 0.35],
							"lerp_mode": "catmullrom"
						},
						"0.1333": {
							"post": [0, 0, -0.125],
							"lerp_mode": "catmullrom"
						},
						"0.2": {
							"post": [0, 0, 0.175],
							"lerp_mode": "catmullrom"
						},
						"0.2833": {
							"post": [0, 0, -0.1],
							"lerp_mode": "catmullrom"
						},
						"0.3833": {
							"post": [0, 0, 0],
							"lerp_mode": "catmullrom"
						}
					}
				},
				"bullet_in_barrel": {
					"rotation": {
						"0.0333": [0, 0, 0],
						"0.05": [-2.5, -2.5, 0],
						"0.0667": [0, 0, 0]
					},
					"position": {
						"0.0": [0, 0, 0],
						"0.0167": [0, -0.59375, -0.75],
						"0.0333": [0, -0.59375, -0.75],
						"0.05": [0, -0.25, 0],
						"0.0667": [0, 0, 0]
					},
					"scale": {
						"0.0": [0, 0, 0],
						"0.0333": {
							"pre": [0, 0, 0],
							"post": [1, 1, 1]
						},
						"0.05": [1, 1, 1]
					}
				},
				"pull_handle": {
					"position": {
						"0.0": [0, 0, 0],
						"0.0167": [0, 0, 4.25],
						"0.0333": [0, 0, 4.25],
						"0.0667": [0, 0, 0]
					}
				}
			}
		},
		"draw": {
			"animation_length": 0.7667,
			"bones": {
				"root": {
					"rotation": {
						"0.0": {
							"post": [0.811, -32.64455, 33.95463],
							"lerp_mode": "catmullrom"
						},
						"0.1667": {
							"post": [-1.65268, -30.23315, 20.09692],
							"lerp_mode": "catmullrom"
						},
						"0.3333": {
							"post": [0.1, -6.075, 8.875],
							"lerp_mode": "catmullrom"
						},
						"0.4667": {
							"post": [0.11, -0.295, 2.115],
							"lerp_mode": "catmullrom"
						},
						"0.5333": {
							"post": [-0.01, -0.435, -0.76],
							"lerp_mode": "catmullrom"
						},
						"0.6": {
							"post": [-0.01, -0.17, 0.955],
							"lerp_mode": "catmullrom"
						},
						"0.7": {
							"post": [0, 0, 0],
							"lerp_mode": "catmullrom"
						}
					},
					"position": {
						"0.0": {
							"post": [-3.18, -5.58, 13.525],
							"lerp_mode": "catmullrom"
						},
						"0.1333": {
							"post": [-0.9, -2.45, 2.7],
							"lerp_mode": "catmullrom"
						},
						"0.2667": {
							"post": [-0.25, -0.9425, -0.49],
							"lerp_mode": "catmullrom"
						},
						"0.3667": {
							"post": [-0.03, -0.4525, -0.5],
							"lerp_mode": "catmullrom"
						},
						"0.4667": {
							"post": [-0.03, -0.2975, 0.155],
							"lerp_mode": "catmullrom"
						},
						"0.5667": {
							"post": [-0.01, -0.05, -0.06],
							"lerp_mode": "catmullrom"
						},
						"0.7": {
							"post": [0, 0, 0],
							"lerp_mode": "catmullrom"
						}
					}
				},
				"lefthand": {
					"rotation": [117.95108, -23.69437, -156.89615],
					"position": [8.5, -12.775, -9.55],
					"scale": [1, 1.5, 1]
				},
				"righthand": {
					"rotation": [97.84015, 5.54693, -176.22598],
					"position": [-6.9, -15.15, 4],
					"scale": [1, 1.5, 1]
				},
				"camera": {
					"rotation": {
						"0.0": {
							"post": [0, 0, 0],
							"lerp_mode": "catmullrom"
						},
						"0.1": {
							"post": [0.55, -0.05, 0.1],
							"lerp_mode": "catmullrom"
						},
						"0.2": {
							"post": [1.1, -0.3, 0.7],
							"lerp_mode": "catmullrom"
						},
						"0.3667": {
							"post": [0.7, -0.2, 0.3],
							"lerp_mode": "catmullrom"
						},
						"0.4667": {
							"post": [-0.1, 0, 0.4],
							"lerp_mode": "catmullrom"
						},
						"0.5333": {
							"post": [0.2, 0.1, -0.3],
							"lerp_mode": "catmullrom"
						},
						"0.6333": {
							"post": [0, 0, 0.1],
							"lerp_mode": "catmullrom"
						},
						"0.7667": {
							"post": [0, 0, 0],
							"lerp_mode": "catmullrom"
						}
					}
				}
			}
		},
		"put_away": {
			"loop": "hold_on_last_frame",
			"animation_length": 0.6,
			"bones": {
				"root": {
					"rotation": {
						"0.0": {
							"post": [0, 0, 0],
							"lerp_mode": "catmullrom"
						},
						"0.0667": {
							"post": [-0.64, -3.66, -2.19],
							"lerp_mode": "catmullrom"
						},
						"0.1667": {
							"post": [1.8, -12.38, 1.96],
							"lerp_mode": "catmullrom"
						},
						"0.3": {
							"post": [6.24, -23.59, 10.25],
							"lerp_mode": "catmullrom"
						},
						"0.4333": {
							"post": [11.63972, -43.66226, 20.28897],
							"lerp_mode": "catmullrom"
						},
						"0.5667": {
							"post": [15.16328, -62.05346, 26.17398],
							"lerp_mode": "catmullrom"
						}
					},
					"position": {
						"0.0": {
							"post": [0, 0, 0],
							"lerp_mode": "catmullrom"
						},
						"0.0667": {
							"post": [-0.45, -0.49, 0.28],
							"lerp_mode": "catmullrom"
						},
						"0.1667": {
							"post": [-0.67, -1.47, 0.34],
							"lerp_mode": "catmullrom"
						},
						"0.3": {
							"post": [-0.435, -2.62, 0.06],
							"lerp_mode": "catmullrom"
						},
						"0.4333": {
							"post": [0.92, -4.65, -0.335],
							"lerp_mode": "catmullrom"
						},
						"0.6": {
							"post": [4.125, -6.925, -0.35],
							"lerp_mode": "catmullrom"
						}
					}
				},
				"lefthand": {
					"rotation": {
						"0.0": [117.95108, -23.69437, -156.89615],
						"0.1333": [132.32562, 0.92697, -213.77451]
					},
					"position": {
						"0.0": [8.5, -12.775, -9.55],
						"0.1333": [8.5, -9.995, -5.825]
					},
					"scale": [1, 1.5, 1]
				},
				"righthand": {
					"rotation": [97.84015, 5.54693, -176.22598],
					"position": [-6.9, -15.15, 4],
					"scale": [1, 1.5, 1]
				},
				"camera": {
					"rotation": {
						"0.0": {
							"post": [0, 0, 0],
							"lerp_mode": "catmullrom"
						},
						"0.1333": {
							"post": [0.3, 0, -0.125],
							"lerp_mode": "catmullrom"
						},
						"0.2333": {
							"post": [0.64, 0, 0.3],
							"lerp_mode": "catmullrom"
						},
						"0.3667": {
							"post": [0.5, 0, 0.15],
							"lerp_mode": "catmullrom"
						},
						"0.5333": {
							"post": [0, 0, 0],
							"lerp_mode": "catmullrom"
						}
					}
				}
			}
		},
		"reload_tactical": {
			"animation_length": 2.6333,
			"bones": {
				"lefthand": {
					"rotation": {
						"0.0": [117.95108, -23.69437, -156.89615],
						"0.0667": [121.4, -22.37, -169.18],
						"0.1": [128.29741, -19.73487, -193.7526],
						"0.3": [129.49957, 27.21258, -206.29924],
						"0.8": [129.49957, 27.21258, -206.29924],
						"1.7333": [123.18321, 14.87345, -215.46474],
						"1.8333": [120.28782, -17.54207, -200.66532],
						"1.9": [69.19781, -43.68674, -205.95672],
						"2.0": [105.56264, 1.16532, -181.09332],
						"2.0667": [127.9697, -38.98722, -174.54526],
						"2.1667": [117.04226, -19.25844, -154.41602],
						"2.2": [117.95108, -23.69437, -156.89615]
					},
					"position": {
						"0.0": [8.5, -12.775, -9.55],
						"0.1": [13.12058, -13.1043, -6.99634],
						"0.2": [11.46295, -18.18693, -4.46798],
						"0.3": [7.93, -18.12, -3.5],
						"0.8": [6.05304, -17.88449, -0.43055],
						"1.4667": [6.19718, -16.86973, -1.53182],
						"1.6333": [6.08353, -16.45697, -1.6899],
						"1.7333": [5.9428, -17.48048, -2.69872],
						"1.8": [6.52011, -22.93505, -0.66789],
						"1.8333": [9.20625, -28.25875, -0.22375],
						"1.9": [9.20625, -30.81375, 6.55125],
						"2.0": [9.40575, -23.75859, 2.13698],
						"2.0667": [11.93634, -17.21962, -6.41875],
						"2.1": [10.64048, -14.30095, -8.64842],
						"2.1667": [8.5, -12.775, -9.55]
					},
					"scale": [1, 1.5, 1]
				},
				"righthand": {
					"rotation": [97.84015, 5.54693, -176.22598],
					"position": [-6.9, -15.15, 4],
					"scale": [1, 1.5, 1]
				},
				"root": {
					"rotation": {
						"0.0": {
							"post": [0, 0, 0],
							"lerp_mode": "catmullrom"
						},
						"0.1": {
							"post": [-2.88, -3.535, -6.145],
							"lerp_mode": "catmullrom"
						},
						"0.2333": {
							"post": [-14.7367, -14.78244, -27.23529],
							"lerp_mode": "catmullrom"
						},
						"0.3": {
							"post": [-22.65732, -18.21349, -29.58138],
							"lerp_mode": "catmullrom"
						},
						"0.4": {
							"post": [-23.84027, -15.29548, -24.50523],
							"lerp_mode": "catmullrom"
						},
						"0.5333": {
							"post": [-21.09792, -18.40355, -33.77933],
							"lerp_mode": "catmullrom"
						},
						"0.6333": {
							"post": [-22.05958, -17.56703, -30.68191],
							"lerp_mode": "catmullrom"
						},
						"0.7": {
							"post": [-21.9535, -17.93925, -30.5299],
							"lerp_mode": "catmullrom"
						},
						"0.7667": {
							"post": [-22, -17.89, -30.92],
							"lerp_mode": "catmullrom"
						},
						"0.8333": {
							"post": [-22.62527, -17.0799, -28.84402],
							"lerp_mode": "catmullrom"
						},
						"0.9667": {
							"post": [-22.13, -17.74, -30.51],
							"lerp_mode": "catmullrom"
						},
						"1.0333": {
							"post": [-19.28992, -17.61938, -33.95414],
							"lerp_mode": "catmullrom"
						},
						"1.0667": {
							"post": [-21.48951, -17.34984, -34.64723],
							"lerp_mode": "catmullrom"
						},
						"1.1": {
							"post": [-22.67724, -13.83574, -26.54892],
							"lerp_mode": "catmullrom"
						},
						"1.2": {
							"post": [-22.10342, -17.69719, -33.8355],
							"lerp_mode": "catmullrom"
						},
						"1.2667": {
							"post": [-23.20127, -16.4767, -30.34561],
							"lerp_mode": "catmullrom"
						},
						"1.3333": {
							"post": [-23.45339, -15.87867, -28.36451],
							"lerp_mode": "catmullrom"
						},
						"1.3667": {
							"post": [-22.7721, -15.34388, -26.90783],
							"lerp_mode": "catmullrom"
						},
						"1.4": {
							"post": [-22.4927, -16.14801, -28.79367],
							"lerp_mode": "catmullrom"
						},
						"1.4667": {
							"post": [-21.34029, -16.926, -30.39285],
							"lerp_mode": "catmullrom"
						},
						"1.5333": {
							"post": [-20.9275, -17.08, -30.41],
							"lerp_mode": "catmullrom"
						},
						"1.5667": {
							"post": [-18.60175, -18.81056, -37.17988],
							"lerp_mode": "catmullrom"
						},
						"1.6": {
							"post": [-20.73876, -13.02165, -22.62978],
							"lerp_mode": "catmullrom"
						},
						"1.6667": {
							"post": [-19.45876, -16.69781, -31.13122],
							"lerp_mode": "catmullrom"
						},
						"1.7667": {
							"post": [-19.98199, -16.20787, -27.84977],
							"lerp_mode": "catmullrom"
						},
						"1.8667": {
							"post": [-21.1, -17.68, -28.955],
							"lerp_mode": "catmullrom"
						},
						"1.9333": {
							"post": [-17.0369, -15.83804, -31.16543],
							"lerp_mode": "catmullrom"
						},
						"2.0333": {
							"post": [-9.20023, -6.86204, -20.83416],
							"lerp_mode": "catmullrom"
						},
						"2.1": {
							"post": [-3.8, 0.475, -3.8],
							"lerp_mode": "catmullrom"
						},
						"2.1667": {
							"post": [2.4, 0, 0.75],
							"lerp_mode": "catmullrom"
						},
						"2.2": {
							"post": [2.98, 1.13875, 0.29],
							"lerp_mode": "catmullrom"
						},
						"2.2667": {
							"post": [2.455, 0.84375, -1.55],
							"lerp_mode": "catmullrom"
						},
						"2.3333": {
							"post": [-0.28125, -0.5625, 1.7],
							"lerp_mode": "catmullrom"
						},
						"2.4": {
							"post": [0, 0.5625, -1.4125],
							"lerp_mode": "catmullrom"
						},
						"2.5": {
							"post": [0, 0, 0.85],
							"lerp_mode": "catmullrom"
						},
						"2.6333": {
							"post": [0, 0, 0],
							"lerp_mode": "catmullrom"
						}
					},
					"position": {
						"0.0": {
							"post": [0, 0, 0],
							"lerp_mode": "catmullrom"
						},
						"0.1": {
							"post": [-0.2, -0.77, -0.18],
							"lerp_mode": "catmullrom"
						},
						"0.2": {
							"post": [-0.4, -0.44, -0.72],
							"lerp_mode": "catmullrom"
						},
						"0.3": {
							"post": [-0.575, -0.025, -0.6],
							"lerp_mode": "catmullrom"
						},
						"0.4": {
							"post": [-0.6, -0.375, 0.625],
							"lerp_mode": "catmullrom"
						},
						"0.5": {
							"post": [-0.6, -0.32, 0.35],
							"lerp_mode": "catmullrom"
						},
						"0.6333": {
							"post": [-0.6, 0.005, 0.525],
							"lerp_mode": "catmullrom"
						},
						"0.8333": {
							"post": [-0.6, 0.005, 0.675],
							"lerp_mode": "catmullrom"
						},
						"1.0": {
							"post": [-0.6, -0.17, 0.5],
							"lerp_mode": "catmullrom"
						},
						"1.0333": {
							"post": [-0.73, 0.37, 0.43],
							"lerp_mode": "catmullrom"
						},
						"1.1": {
							"post": [-1.05, 0.955, 0.3],
							"lerp_mode": "catmullrom"
						},
						"1.2333": {
							"post": [-1.235, 1.005, 0.325],
							"lerp_mode": "catmullrom"
						},
						"1.3667": {
							"post": [-1.08, 0.43, 0.5],
							"lerp_mode": "catmullrom"
						},
						"1.4667": {
							"post": [-1.03, 0.345, 0.5],
							"lerp_mode": "catmullrom"
						},
						"1.5333": {
							"post": [-1, 0.48, 0.425],
							"lerp_mode": "catmullrom"
						},
						"1.5667": {
							"post": [-0.79, -0.2, 0.32],
							"lerp_mode": "catmullrom"
						},
						"1.6": {
							"post": [-0.58, -0.595, 0.225],
							"lerp_mode": "catmullrom"
						},
						"1.7": {
							"post": [-0.58, -0.095, 0.3],
							"lerp_mode": "catmullrom"
						},
						"1.8333": {
							"post": [-0.58, -0.365, 0.35],
							"lerp_mode": "catmullrom"
						},
						"2.0": {
							"post": [-0.58, -0.315, -0.425],
							"lerp_mode": "catmullrom"
						},
						"2.1333": {
							"post": [-0.175, -1.35, -2.275],
							"lerp_mode": "catmullrom"
						},
						"2.2": {
							"post": [-0.12, -1.25, -1.8],
							"lerp_mode": "catmullrom"
						},
						"2.3": {
							"post": [0, -0.05, 0.525],
							"lerp_mode": "catmullrom"
						},
						"2.4": {
							"post": [0, 0, -0.125],
							"lerp_mode": "catmullrom"
						},
						"2.5": {
							"post": [0, 0, 0.05],
							"lerp_mode": "catmullrom"
						},
						"2.6333": {
							"post": [0, 0, 0],
							"lerp_mode": "catmullrom"
						}
					}
				},
				"mag_and_lefthand": {
					"rotation": {
						"0.0": [0, 0, 0],
						"0.3667": {
							"pre": [-27.20102, 47.49608, -85.72182],
							"post": [-27.20102, 47.49608, -85.72182],
							"lerp_mode": "catmullrom"
						},
						"0.6667": {
							"post": [19.0534, 1.40587, -8.11489],
							"lerp_mode": "catmullrom"
						},
						"0.8": {
							"post": [10.12897, -0.65993, 3.45296],
							"lerp_mode": "catmullrom"
						},
						"0.9": {
							"post": [10.14078, -0.43997, 2.22241],
							"lerp_mode": "catmullrom"
						},
						"1.0": {
							"post": [10.14078, -0.43997, 2.22241],
							"lerp_mode": "catmullrom"
						},
						"1.1": {
							"post": [-8.89098, 1.40227, 8.89098],
							"lerp_mode": "catmullrom"
						},
						"1.1667": {
							"post": [-8.71, 1.26, 7.84],
							"lerp_mode": "catmullrom"
						},
						"1.2667": {
							"post": [-7.66, 0.47, 1.87],
							"lerp_mode": "catmullrom"
						},
						"1.3667": [-7.97258, -0.57403, -5.47005],
						"1.4667": [-7.97258, -0.57403, -5.47005],
						"1.5": [-3.99, -0.29, -2.74],
						"1.5333": [-3.99, -0.29, -2.74],
						"1.5667": [0, 0, 0]
					},
					"position": {
						"0.0": [0, 0, 0],
						"0.3333": {
							"pre": [2.75155, -16.78526, 13.73739],
							"post": [2.75155, -16.78526, 13.73739],
							"lerp_mode": "catmullrom"
						},
						"0.4667": {
							"post": [2.75155, -16.78526, 13.73739],
							"lerp_mode": "catmullrom"
						},
						"0.6667": {
							"post": [3.355, -1.475, -0.575],
							"lerp_mode": "catmullrom"
						},
						"0.8": [1.93985, 2.28613, -0.33161],
						"0.9": [1.91567, 2.43664, -0.23321],
						"1.0": {
							"pre": [1.91567, 1.41164, -0.30821],
							"post": [1.91567, 1.41164, -0.30821],
							"lerp_mode": "catmullrom"
						},
						"1.1": {
							"post": [2.125, -4.3, -0.475],
							"lerp_mode": "catmullrom"
						},
						"1.1667": {
							"post": [1.9, -4.14, -0.47],
							"lerp_mode": "catmullrom"
						},
						"1.2667": {
							"post": [0.825, -3.85, -0.15],
							"lerp_mode": "catmullrom"
						},
						"1.3667": [0.15, -3, -0.325],
						"1.4": [0.15, -3.02, -0.24875],
						"1.4667": [0.15, -2.75, -0.325],
						"1.5": [0.08, -2.59, -0.24],
						"1.5333": [0.08, -2.49, -0.24],
						"1.5667": [0, 0, 0]
					}
				},
				"mag_release": {
					"rotation": {
						"0.8667": [0, 0, 0],
						"0.9333": [-25, 0, 0],
						"1.1667": [-25, 0, 0],
						"1.2333": [0, 0, 0],
						"1.5333": [0, 0, 0],
						"1.5667": [-25, 0, 0],
						"1.6": [-25, 0, 0],
						"1.6333": [0, 0, 0]
					}
				},
				"mag_and_bullet": {
					"scale": {
						"0.4": [0, 0, 0],
						"0.4333": {
							"pre": [0, 0, 0],
							"post": [1, 1, 1]
						}
					}
				},
				"bullet": {
					"scale": 1
				},
				"constraint": {
					"rotation": [0.1, 0.1, 0.1],
					"position": [0.1, 0.15, 0.1]
				},
				"additional_magazine": {
					"rotation": {
						"1.0": [0, 0, 0],
						"1.1": [-16, 0, 0],
						"1.1667": [-13, 0, -2],
						"1.2667": [-11, 0, -7],
						"1.3667": [-10, 0, -13],
						"1.4667": [-11, 0, -14],
						"1.5": [-8, 0, -14],
						"1.5333": [-8, 0, -14],
						"1.5667": [-2, 0, -14],
						"1.7333": [-2, 0, -14],
						"1.8": [7, 0, -14],
						"1.9": [33.04024, 40.01418, -33.95908]
					},
					"position": {
						"1.0": [0, 0, 0],
						"1.1": [0.05, -6.85, -1.075],
						"1.1667": [-0.35625, -6.69, -1.07],
						"1.2667": [-1.15625, -6.4, -0.75],
						"1.3667": [-1.6875, -5.55, -0.925],
						"1.4667": [-1.875, -5.3, -0.925],
						"1.5": [-2.17, -5.14, -0.84],
						"1.5333": [-2.32625, -5.04, -0.84],
						"1.5667": [-2.5, -2.55, -0.6],
						"1.7333": [-2.5, -2.55, -0.605],
						"1.8": [-1.4, -6.775, -0.98],
						"1.8333": [-1.4, -12.64, 2.545],
						"1.9": [-1.4, -15.195, 9.32]
					},
					"scale": {
						"1.9": [1, 1, 1],
						"1.9333": {
							"pre": [1, 1, 1],
							"post": [0, 0, 0]
						}
					}
				},
				"camera": {
					"rotation": {
						"0.0": {
							"post": [0, 0, 0],
							"lerp_mode": "catmullrom"
						},
						"0.1667": {
							"post": [0.28, 0.055, -0.225],
							"lerp_mode": "catmullrom"
						},
						"0.4": {
							"post": [2.825, 1.3, -1.7],
							"lerp_mode": "catmullrom"
						},
						"0.4667": {
							"post": [2.22, 1.54, -0.66],
							"lerp_mode": "catmullrom"
						},
						"0.5333": {
							"post": [1.62, 1.775, -1.65],
							"lerp_mode": "catmullrom"
						},
						"0.6333": {
							"post": [1.86, 1.57, -0.825],
							"lerp_mode": "catmullrom"
						},
						"0.7333": {
							"post": [2.095, 1.375, -0.5],
							"lerp_mode": "catmullrom"
						},
						"0.9": {
							"post": [2.09, 1.605, -0.775],
							"lerp_mode": "catmullrom"
						},
						"1.0": {
							"post": [2.09, 1.375, -1.2],
							"lerp_mode": "catmullrom"
						},
						"1.0333": {
							"post": [2.52, 0.91, -0.32],
							"lerp_mode": "catmullrom"
						},
						"1.1": {
							"post": [3.365, -0.025, -1.8],
							"lerp_mode": "catmullrom"
						},
						"1.2": {
							"post": [2.69, 0.91, -1.28],
							"lerp_mode": "catmullrom"
						},
						"1.3": {
							"post": [2.26, 1.49, -1.78],
							"lerp_mode": "catmullrom"
						},
						"1.4": {
							"post": [1.96, 1.88, -1.8],
							"lerp_mode": "catmullrom"
						},
						"1.5333": {
							"post": [1.935, 1.98, -1.4],
							"lerp_mode": "catmullrom"
						},
						"1.5667": {
							"post": [2.47, 1.37, -1.615],
							"lerp_mode": "catmullrom"
						},
						"1.6": {
							"post": [3.005, 0.755, -0.625],
							"lerp_mode": "catmullrom"
						},
						"1.6667": {
							"post": [2.39, 1.34, -1.835],
							"lerp_mode": "catmullrom"
						},
						"1.7333": {
							"post": [1.78, 1.93, -1.325],
							"lerp_mode": "catmullrom"
						},
						"1.8333": {
							"post": [1.98, 1.3, -1.655],
							"lerp_mode": "catmullrom"
						},
						"1.9667": {
							"post": [2.255, 0.455, -1.45],
							"lerp_mode": "catmullrom"
						},
						"2.1333": {
							"post": [0.13, 0.31, -0.55],
							"lerp_mode": "catmullrom"
						},
						"2.2333": {
							"post": [-0.525, -0.175, 0.375],
							"lerp_mode": "catmullrom"
						},
						"2.3": {
							"post": [0.24, -0.06, -0.09],
							"lerp_mode": "catmullrom"
						},
						"2.3333": {
							"post": [0.625, 0, 0.45],
							"lerp_mode": "catmullrom"
						},
						"2.4": {
							"post": [0.03, 0, -0.48],
							"lerp_mode": "catmullrom"
						},
						"2.4333": {
							"post": [-0.275, 0, -0.5],
							"lerp_mode": "catmullrom"
						},
						"2.5": {
							"post": [-0.05, 0, 0.175],
							"lerp_mode": "catmullrom"
						},
						"2.5333": {
							"post": [0.0625, 0, 0.1],
							"lerp_mode": "catmullrom"
						},
						"2.6333": {
							"post": [0, 0, 0],
							"lerp_mode": "catmullrom"
						}
					}
				}
			},
			"sound_effects": {
				"0.0": {
					"effect": "tacz:g36k/g36k_reload_lift"
				},
				"0.0333": {
					"effect": "tacz:g36k/g36k_reload_arm_up"
				},
				"0.8667": {
					"effect": "tacz:g36k/g36k_reload_magout"
				},
				"1.3667": {
					"effect": "tacz:g36k/g36k_reload_maghit"
				},
				"1.5": {
					"effect": "tacz:g36k/g36k_reload_magin"
				},
				"2.2667": {
					"effect": "tacz:g36k/g36k_reload_end"
				}
			}
		},
		"reload_empty": {
			"loop": "hold_on_last_frame",
			"animation_length": 3.2333,
			"bones": {
				"lefthand": {
					"rotation": {
						"0.0": [117.95108, -23.69437, -156.89615],
						"0.0667": [121.4, -22.37, -169.18],
						"0.1": [128.29741, -19.73487, -193.7526],
						"0.3": [129.49957, 27.21258, -206.29924],
						"0.4": [93.14046, -54.22889, -127.08304],
						"0.8": [92.19457, -33.25045, -125.73783],
						"1.1": [88.96131, -38.85739, -106.61125],
						"1.8667": {
							"pre": [88.96131, -38.85739, -106.61125],
							"post": [88.96131, -38.85739, -106.61125],
							"lerp_mode": "catmullrom"
						},
						"1.9333": {
							"post": [97.35244, -36.77974, -133.21124],
							"lerp_mode": "catmullrom"
						},
						"2.0333": {
							"post": [143.25067, -4.69341, -242.19082],
							"lerp_mode": "catmullrom"
						},
						"2.1333": {
							"post": [159.36584, 11.79228, -252.77763],
							"lerp_mode": "catmullrom"
						},
						"2.2": {
							"post": [118.49319, 17.78426, -269.49636],
							"lerp_mode": "catmullrom"
						},
						"2.2667": {
							"post": [117.49319, 17.78426, -269.49636],
							"lerp_mode": "catmullrom"
						},
						"2.3667": {
							"post": [134.89826, 26.07968, -265.07867],
							"lerp_mode": "catmullrom"
						},
						"2.4333": {
							"post": [90.56276, 26.15378, -289.8611],
							"lerp_mode": "catmullrom"
						},
						"2.5333": {
							"post": [98.65234, 4.06774, -224.01391],
							"lerp_mode": "catmullrom"
						},
						"2.6": {
							"post": [139.05717, -43.42862, -188.90712],
							"lerp_mode": "catmullrom"
						},
						"2.7": {
							"post": [116.6044, -16.58109, -152.9934],
							"lerp_mode": "catmullrom"
						},
						"2.7333": {
							"post": [117.95108, -23.69437, -156.89615],
							"lerp_mode": "catmullrom"
						}
					},
					"position": {
						"0.0": [8.5, -12.775, -9.55],
						"0.1": [13.12058, -13.1043, -6.99634],
						"0.2": [11.46295, -18.18693, -4.46798],
						"0.3": [7.93, -18.12, -3.5],
						"0.4": [6.405, -20.12, -1.4],
						"0.8": [6.93, -18.12, 0.15],
						"1.1": [6.03954, -17.13515, -0.34046],
						"1.3": [5.91523, -16.99118, -0.2665],
						"1.6": {
							"pre": [5.91813, -17.23612, -0.33507],
							"post": [5.91813, -17.23612, -0.33507],
							"lerp_mode": "catmullrom"
						},
						"1.7667": {
							"post": [5.9936, -17.71981, -0.67132],
							"lerp_mode": "catmullrom"
						},
						"1.8667": {
							"post": [6.93, -20.12, -2.85],
							"lerp_mode": "catmullrom"
						},
						"1.9333": {
							"post": [9.39, -18.91, -3.61],
							"lerp_mode": "catmullrom"
						},
						"2.0": {
							"post": [10.87, -13.865, -3.75],
							"lerp_mode": "catmullrom"
						},
						"2.0333": {
							"post": [10.055, -10.68, -3.82],
							"lerp_mode": "catmullrom"
						},
						"2.1": {
							"post": [8.54375, -8.845, -4.25],
							"lerp_mode": "catmullrom"
						},
						"2.1333": {
							"post": [8.435, -9.05, -3.945],
							"lerp_mode": "catmullrom"
						},
						"2.2": {
							"post": [9.03, -9.475, -2.505],
							"lerp_mode": "catmullrom"
						},
						"2.2667": {
							"post": [9.305, -9.475, -1.48],
							"lerp_mode": "catmullrom"
						},
						"2.3": {
							"post": [9.21, -9.47, -0.71],
							"lerp_mode": "catmullrom"
						},
						"2.3333": {
							"post": [9.1, -9.32, -0.655],
							"lerp_mode": "catmullrom"
						},
						"2.3667": {
							"post": [9.155, -9.47, -0.38],
							"lerp_mode": "catmullrom"
						},
						"2.4": {
							"post": [9.5, -10.38, 2.95],
							"lerp_mode": "catmullrom"
						},
						"2.4333": {
							"post": [10.33, -11.82, 7.2],
							"lerp_mode": "catmullrom"
						},
						"2.5333": {
							"post": [14.205, -16.145, 9.075],
							"lerp_mode": "catmullrom"
						},
						"2.6": {
							"post": [12.08, -14.12, -5.125],
							"lerp_mode": "catmullrom"
						},
						"2.7": {
							"post": [8.5, -12.775, -9.55],
							"lerp_mode": "catmullrom"
						}
					},
					"scale": [1, 1.5, 1]
				},
				"righthand": {
					"rotation": [97.84015, 5.54693, -176.22598],
					"position": [-6.9, -15.15, 4],
					"scale": [1, 1.5, 1]
				},
				"root": {
					"rotation": {
						"0.0": {
							"post": [0, 0, 0],
							"lerp_mode": "catmullrom"
						},
						"0.1": {
							"post": [-2.88, -3.535, -6.145],
							"lerp_mode": "catmullrom"
						},
						"0.2333": {
							"post": [-14.7367, -14.00744, -25.41029],
							"lerp_mode": "catmullrom"
						},
						"0.3": {
							"post": [-24.05732, -15.36349, -29.05638],
							"lerp_mode": "catmullrom"
						},
						"0.4": {
							"post": [-25.24027, -12.44548, -23.98023],
							"lerp_mode": "catmullrom"
						},
						"0.5333": {
							"post": [-22.49792, -15.55355, -33.25433],
							"lerp_mode": "catmullrom"
						},
						"0.6333": {
							"post": [-23.45958, -14.71703, -30.15691],
							"lerp_mode": "catmullrom"
						},
						"0.7": {
							"post": [-23.3535, -15.08925, -30.0049],
							"lerp_mode": "catmullrom"
						},
						"0.7667": {
							"post": [-23.4, -15.04, -30.395],
							"lerp_mode": "catmullrom"
						},
						"0.8667": {
							"post": [-23.39044, -12.42771, -25.73654],
							"lerp_mode": "catmullrom"
						},
						"0.9333": {
							"post": [-24.025, -14.23, -26.395],
							"lerp_mode": "catmullrom"
						},
						"1.0": {
							"post": [-22.38155, -17.32971, -37.10216],
							"lerp_mode": "catmullrom"
						},
						"1.1": {
							"post": [-23.25899, -15.28615, -31.23063],
							"lerp_mode": "catmullrom"
						},
						"1.2": {
							"post": [-23.87687, -16.44523, -34.52579],
							"lerp_mode": "catmullrom"
						},
						"1.3": {
							"post": [-23.82398, -14.44471, -32.48204],
							"lerp_mode": "catmullrom"
						},
						"1.4": {
							"post": [-23.315, -13.05, -34.82],
							"lerp_mode": "catmullrom"
						},
						"1.4333": {
							"post": [-22.17791, -12.03518, -34.44739],
							"lerp_mode": "catmullrom"
						},
						"1.4667": {
							"post": [-22.51741, -12.77581, -35.30715],
							"lerp_mode": "catmullrom"
						},
						"1.5333": {
							"post": [-23.62139, -14.15776, -35.25941],
							"lerp_mode": "catmullrom"
						},
						"1.6333": {
							"post": [-24.01025, -13.56474, -33.34252],
							"lerp_mode": "catmullrom"
						},
						"1.7333": {
							"post": [-20.45584, -12.44437, -34.2068],
							"lerp_mode": "catmullrom"
						},
						"1.7667": {
							"post": [-21.56156, -8.10579, -22.49838],
							"lerp_mode": "catmullrom"
						},
						"1.8333": {
							"post": [-21.24146, -11.65047, -31.86882],
							"lerp_mode": "catmullrom"
						},
						"1.9": {
							"post": [-20.71096, -8.38442, -27.73406],
							"lerp_mode": "catmullrom"
						},
						"2.0": {
							"post": [-12.67371, -4.05383, -10.20136],
							"lerp_mode": "catmullrom"
						},
						"2.1": {
							"post": [-6.90147, -2.79179, -12.29892],
							"lerp_mode": "catmullrom"
						},
						"2.1667": {
							"post": [-7.98815, -2.86046, -8.00289],
							"lerp_mode": "catmullrom"
						},
						"2.2333": {
							"post": [-8.92894, -3.31832, -6.68533],
							"lerp_mode": "catmullrom"
						},
						"2.3": {
							"post": [-7.12739, -4.25042, -2.98555],
							"lerp_mode": "catmullrom"
						},
						"2.3333": {
							"post": [-8.84, -3.55, -8.17],
							"lerp_mode": "catmullrom"
						},
						"2.3667": {
							"post": [-9.2069, 0.00304, 1.39442],
							"lerp_mode": "catmullrom"
						},
						"2.4333": {
							"post": [-8.84267, 0.59908, -8.41704],
							"lerp_mode": "catmullrom"
						},
						"2.5333": {
							"post": [-4.34448, 0.52179, 1.58429],
							"lerp_mode": "catmullrom"
						},
						"2.6333": {
							"post": [-1.41943, -0.04478, -0.96969],
							"lerp_mode": "catmullrom"
						},
						"2.7": {
							"post": [0.69, -0.28, -0.65],
							"lerp_mode": "catmullrom"
						},
						"2.7333": {
							"post": [2.92, 0.89375, 1.08],
							"lerp_mode": "catmullrom"
						},
						"2.8": {
							"post": [0.69919, 0.13505, -0.22805],
							"lerp_mode": "catmullrom"
						},
						"2.8667": {
							"post": [0.33125, -0.28125, 1.25],
							"lerp_mode": "catmullrom"
						},
						"2.9667": {
							"post": [0.20625, 0.09375, -0.78125],
							"lerp_mode": "catmullrom"
						},
						"3.0667": {
							"post": [0.0875, 0, 0.46875],
							"lerp_mode": "catmullrom"
						},
						"3.1667": {
							"post": [0, 0, 0],
							"lerp_mode": "catmullrom"
						}
					},
					"position": {
						"0.0": {
							"post": [0, 0, 0],
							"lerp_mode": "catmullrom"
						},
						"0.1": {
							"post": [-0.2, -0.77, -0.18],
							"lerp_mode": "catmullrom"
						},
						"0.2": {
							"post": [-0.4, -0.59, -1.07],
							"lerp_mode": "catmullrom"
						},
						"0.3": {
							"post": [-0.575, -0.075, -0.925],
							"lerp_mode": "catmullrom"
						},
						"0.4": {
							"post": [-0.55, -0.5, 0.3],
							"lerp_mode": "catmullrom"
						},
						"0.5": {
							"post": [-0.475, -0.495, 0.25],
							"lerp_mode": "catmullrom"
						},
						"0.6333": {
							"post": [-0.475, -0.145, 0.175],
							"lerp_mode": "catmullrom"
						},
						"0.7333": {
							"post": [-0.58, -0.17, 0.285],
							"lerp_mode": "catmullrom"
						},
						"0.8333": {
							"post": [-0.6, -0.47, 0.275],
							"lerp_mode": "catmullrom"
						},
						"0.9333": {
							"post": [-0.545, -0.675, 0.22],
							"lerp_mode": "catmullrom"
						},
						"0.9667": {
							"post": [-0.48, -0.54, 0.185],
							"lerp_mode": "catmullrom"
						},
						"1.0": {
							"post": [-0.59, -0.13, 0.13],
							"lerp_mode": "catmullrom"
						},
						"1.0333": {
							"post": [-0.72, 0.125, 0.07],
							"lerp_mode": "catmullrom"
						},
						"1.1333": {
							"post": [-0.83875, 0.4475, -0.08],
							"lerp_mode": "catmullrom"
						},
						"1.2667": {
							"post": [-0.45125, 0.17375, 0.07],
							"lerp_mode": "catmullrom"
						},
						"1.4": {
							"post": [-0.495, -0.27, 0.17],
							"lerp_mode": "catmullrom"
						},
						"1.4333": {
							"post": [-0.54625, -0.32625, 0.17],
							"lerp_mode": "catmullrom"
						},
						"1.5667": {
							"post": [-0.4575, -0.3425, 0.12],
							"lerp_mode": "catmullrom"
						},
						"1.7": {
							"post": [-0.4325, -0.29625, 0.195],
							"lerp_mode": "catmullrom"
						},
						"1.7333": {
							"post": [-0.15, -1, 0.22],
							"lerp_mode": "catmullrom"
						},
						"1.7667": {
							"post": [0.1175, -1.1525, 0.245],
							"lerp_mode": "catmullrom"
						},
						"1.9": {
							"post": [0.10625, -1.11375, 0.225],
							"lerp_mode": "catmullrom"
						},
						"2.0667": {
							"post": [-0.47, -1.28125, 0.32],
							"lerp_mode": "catmullrom"
						},
						"2.1667": {
							"post": [-0.56375, -1.3675, 0.34375],
							"lerp_mode": "catmullrom"
						},
						"2.2667": {
							"post": [-0.5825, -1.24, 0.16875],
							"lerp_mode": "catmullrom"
						},
						"2.3333": {
							"post": [-0.51, -1.3525, -0.64875],
							"lerp_mode": "catmullrom"
						},
						"2.3667": {
							"post": [-0.47, -1.39, -1.6225],
							"lerp_mode": "catmullrom"
						},
						"2.5": {
							"post": [-0.4225, -1.18, -1.18],
							"lerp_mode": "catmullrom"
						},
						"2.6": {
							"post": [-0.2875, -1.61875, -1.775],
							"lerp_mode": "catmullrom"
						},
						"2.7333": {
							"post": [-0.08, -0.975, -1.43],
							"lerp_mode": "catmullrom"
						},
						"2.8667": {
							"post": [0, -0.175, 0.25625],
							"lerp_mode": "catmullrom"
						},
						"2.9333": {
							"post": [0, -0.075, -0.29375],
							"lerp_mode": "catmullrom"
						},
						"3.0333": {
							"post": [0, 0, 0.11875],
							"lerp_mode": "catmullrom"
						},
						"3.1333": {
							"post": [0, 0, -0.025],
							"lerp_mode": "catmullrom"
						},
						"3.2333": {
							"post": [0, 0, 0],
							"lerp_mode": "catmullrom"
						}
					}
				},
				"mag_and_lefthand": {
					"rotation": {
						"0.0": [0, 0, 0],
						"0.4": {
							"pre": [-27.20102, 47.49608, -85.72182],
							"post": [-27.20102, 47.49608, -85.72182],
							"lerp_mode": "catmullrom"
						},
						"0.7667": {
							"post": [3.3167, -7.79101, -1.933],
							"lerp_mode": "catmullrom"
						},
						"0.8333": {
							"post": [-10, -6, 9],
							"lerp_mode": "catmullrom"
						},
						"0.9333": {
							"post": [-9.78692, -6.34367, 7.01826],
							"lerp_mode": "catmullrom"
						},
						"1.0": {
							"post": [-10.57798, -11.67236, -2.74449],
							"lerp_mode": "catmullrom"
						},
						"1.0333": {
							"post": [6.78, -7.56, -26.335],
							"lerp_mode": "catmullrom"
						},
						"1.0667": {
							"post": [32.615, -3.44, -92.07],
							"lerp_mode": "catmullrom"
						},
						"1.1": {
							"post": [33.89155, 8.37566, -112.46263],
							"lerp_mode": "catmullrom"
						},
						"1.1333": {
							"post": [33.69, 6.43, -106.695],
							"lerp_mode": "catmullrom"
						},
						"1.2": {
							"post": [32.26185, 0.55889, -72.7734],
							"lerp_mode": "catmullrom"
						},
						"1.3": {
							"post": [16.15312, -2.5355, -31.25297],
							"lerp_mode": "catmullrom"
						},
						"1.3667": {
							"post": [-5.05944, -0.58765, -3.037],
							"lerp_mode": "catmullrom"
						},
						"1.4333": [-5, 0, -9],
						"1.5333": [-7.5, 0, -9],
						"1.6": [-9.5, 0, -9],
						"1.7": [-7.75, 0, -9],
						"1.7667": [0, 0, 0]
					},
					"position": {
						"0.0": [0, 0, 0],
						"0.3667": {
							"pre": [2.75155, -16.78526, 13.73739],
							"post": [2.75155, -16.78526, 13.73739],
							"lerp_mode": "catmullrom"
						},
						"0.5": {
							"post": [2.75155, -16.78526, 13.73739],
							"lerp_mode": "catmullrom"
						},
						"0.7667": {
							"post": [2.5, -1.65, -0.275],
							"lerp_mode": "catmullrom"
						},
						"0.8333": {
							"post": [2.3, 0.15, 0],
							"lerp_mode": "catmullrom"
						},
						"0.9333": {
							"post": [2.075, -0.275, 0.125],
							"lerp_mode": "catmullrom"
						},
						"1.0": {
							"post": [0.92, -5.78, 0.13],
							"lerp_mode": "catmullrom"
						},
						"1.0333": {
							"post": [-0.23218, -8.61334, -0.04752],
							"lerp_mode": "catmullrom"
						},
						"1.0667": {
							"post": [0.97844, -13.03277, 0.3651],
							"lerp_mode": "catmullrom"
						},
						"1.1": {
							"post": [2.09616, -15.13555, 0.748],
							"lerp_mode": "catmullrom"
						},
						"1.2": {
							"post": [0.73532, -12.34669, 0.26305],
							"lerp_mode": "catmullrom"
						},
						"1.3": {
							"post": [1.72702, -5.69258, 0.2177],
							"lerp_mode": "catmullrom"
						},
						"1.4": [0.45, -2.95, -0.775],
						"1.4667": [0.45, -3.36375, -0.71],
						"1.5333": [0.45, -3.1625, -0.57],
						"1.6": [0.45, -3.0125, -0.57],
						"1.7": [0.45, -2.535, -0.305],
						"1.7333": [0.22, -0.57625, -0.05],
						"1.7667": [0, 0, 0]
					}
				},
				"rotate": {
					"rotation": {
						"2.1333": [0, 0, 0],
						"2.2": [0, -90, 0],
						"2.3667": [0, -90, 0],
						"2.4333": [0, 7, 0],
						"2.5": [0, -4.5, 0],
						"2.5667": [0, 0.25, 0],
						"2.6333": [0, 0, 0]
					}
				},
				"mag_release": {
					"rotation": {
						"0.7667": [0, 0, 0],
						"0.8333": [-25, 0, 0],
						"1.0667": [-25, 0, 0],
						"1.1333": [0, 0, 0],
						"1.7": [0, 0, 0],
						"1.7333": [-25, 0, 0],
						"1.7667": [-25, 0, 0],
						"1.8": [0, 0, 0]
					}
				},
				"mag_and_bullet": {
					"scale": {
						"0.4": [0, 0, 0],
						"0.4333": {"pre": [0, 0, 0], "post": [1, 1, 1]}
					}
				},
				"bullet": {
					"scale": 1
				},
				"camera": {
					"rotation": {
						"0.0": {
							"post": [0, 0, 0],
							"lerp_mode": "catmullrom"
						},
						"0.1667": {
							"post": [0.28, 0.055, -0.225],
							"lerp_mode": "catmullrom"
						},
						"0.4": {
							"post": [2.825, 1.3, -1.7],
							"lerp_mode": "catmullrom"
						},
						"0.4667": {
							"post": [2.22, 1.54, -0.66],
							"lerp_mode": "catmullrom"
						},
						"0.5333": {
							"post": [1.62, 1.775, -1.65],
							"lerp_mode": "catmullrom"
						},
						"0.6333": {
							"post": [1.86, 1.57, -0.825],
							"lerp_mode": "catmullrom"
						},
						"0.7333": {
							"post": [2.095, 1.375, -0.5],
							"lerp_mode": "catmullrom"
						},
						"0.8667": {
							"post": [2.09, 1.605, -0.775],
							"lerp_mode": "catmullrom"
						},
						"0.9667": {
							"post": [2.09, 1.375, -1.2],
							"lerp_mode": "catmullrom"
						},
						"1.0": {
							"post": [2.52, 0.91, 0.055],
							"lerp_mode": "catmullrom"
						},
						"1.0667": {
							"post": [3.365, -0.7, -1.8],
							"lerp_mode": "catmullrom"
						},
						"1.1667": {
							"post": [4.145, 0.155, -0.925],
							"lerp_mode": "catmullrom"
						},
						"1.3": {
							"post": [3.9, 0.675, -1.345],
							"lerp_mode": "catmullrom"
						},
						"1.4333": {
							"post": [3.6, 0.555, -1.125],
							"lerp_mode": "catmullrom"
						},
						"1.5667": {
							"post": [3.1, 1.01, -1.5],
							"lerp_mode": "catmullrom"
						},
						"1.7": {
							"post": [3.1, 0.885, -1.825],
							"lerp_mode": "catmullrom"
						},
						"1.7667": {
							"post": [4.05, -1.045, -0.1],
							"lerp_mode": "catmullrom"
						},
						"1.8333": {
							"post": [3.93, -0.1, -1.565],
							"lerp_mode": "catmullrom"
						},
						"1.9333": {
							"post": [3.55, 0.78, -0.575],
							"lerp_mode": "catmullrom"
						},
						"2.0667": {
							"post": [3.5, 0.5, -0.875],
							"lerp_mode": "catmullrom"
						},
						"2.2": {
							"post": [3.55, 0.355, -0.55],
							"lerp_mode": "catmullrom"
						},
						"2.2667": {
							"post": [3.84, 0.635, 0.375],
							"lerp_mode": "catmullrom"
						},
						"2.3333": {
							"post": [2.35, 0.855, -1.325],
							"lerp_mode": "catmullrom"
						},
						"2.3667": {
							"post": [3.67, -0.04, 1.135],
							"lerp_mode": "catmullrom"
						},
						"2.4333": {
							"post": [4.555, -0.89, -1.35],
							"lerp_mode": "catmullrom"
						},
						"2.5": {
							"post": [2.725, -0.315, -0.085],
							"lerp_mode": "catmullrom"
						},
						"2.6": {
							"post": [2.94, -0.35, -1.085],
							"lerp_mode": "catmullrom"
						},
						"2.7": {
							"post": [0.7, -0.37, -1.175],
							"lerp_mode": "catmullrom"
						},
						"2.8333": {
							"post": [-0.55625, 0, 0.725],
							"lerp_mode": "catmullrom"
						},
						"2.9333": {
							"post": [0.03125, 0, -0.25],
							"lerp_mode": "catmullrom"
						},
						"3.0": {
							"post": [-0.025, 0, 0.2375],
							"lerp_mode": "catmullrom"
						},
						"3.1": {
							"post": [0.03375, 0, -0.095],
							"lerp_mode": "catmullrom"
						},
						"3.2": {
							"post": [0, 0, 0],
							"lerp_mode": "catmullrom"
						}
					},
					"position": [0, 0, 0]
				},
				"constraint": {
					"rotation": [0.1, 0.1, 0.1],
					"position": [0.1, 0.15, 0.1]
				},
				"bullet_in_barrel": {
					"position": {
						"2.2667": [0, -0.59375, -0.10937],
						"2.3333": [0, -0.57812, -1.14062],
						"2.3667": [0, -0.58, -1.14],
						"2.4": [0, 0, 0]
					},
					"scale": {
						"0.0": [0, 0, 0],
						"2.3333": {"pre": [0, 0, 0], "post": [1, 1, 1]},
						"2.3667": [1, 1, 1]
					}
				},
				"additional_magazine": {
					"rotation": {
						"0.8": [0, 0, 0],
						"0.8667": [-1.75, 0, 0],
						"0.9333": [-1.75, 0, 0],
						"0.9667": [-5.74652, -0.20034, -1.98995],
						"1.0333": {
							"pre": [-18.63019, -19.56922, -32.97168],
							"post": [-18.63019, -19.56922, -32.97168],
							"lerp_mode": "catmullrom"
						},
						"1.1": {
							"post": [-48.61503, -46.70247, -29.71838],
							"lerp_mode": "catmullrom"
						},
						"1.2333": {
							"post": [-88.7606, -77.70033, -30.64915],
							"lerp_mode": "catmullrom"
						},
						"1.3333": {
							"post": [-340.7602, -71.55361, 178.83042],
							"lerp_mode": "catmullrom"
						}
					},
					"position": {
						"0.8": [0, 0, 0],
						"0.8667": [0, -0.375, -0.075],
						"0.9333": [0, -0.375, -0.075],
						"0.9667": [0.025, -2.97, -0.305],
						"1.0667": {
							"pre": [-1.99147, -14.58202, 4.53303],
							"post": [-1.99147, -14.58202, 4.53303],
							"lerp_mode": "catmullrom"
						},
						"1.1": {
							"post": [-2.99013, -18.98229, 6.3281],
							"lerp_mode": "catmullrom"
						},
						"1.1333": {
							"post": [-4.71404, -22.88678, 8.12053],
							"lerp_mode": "catmullrom"
						},
						"1.1667": {
							"post": [-6.96453, -26.4274, 9.90993],
							"lerp_mode": "catmullrom"
						},
						"1.3": {
							"post": [-15.98949, -42.90172, 18.22246],
							"lerp_mode": "catmullrom"
						}
					},
					"scale": {
						"1.3": [1, 1, 1],
						"1.3333": {"pre": [1, 1, 1], "post": [0, 0, 0]}
					}
				},
				"pull_handle": {
					"position": {
						"2.2667": [0, 0, 3.575],
						"2.3": [0, 0, 4.605],
						"2.3667": [0, 0, 4.605],
						"2.4": [0, 0, 0],
						"2.4333": [0, 0, 0.15],
						"2.4667": [0, 0, 0]
					}
				},
				"bullet_in_mag3": {
					"position": [0, -46, 0]
				}
			},
			"sound_effects": {
				"0.0": {
					"effect": "tacz:g36k/g36k_reload_lift"
				},
				"0.0333": {
					"effect": "tacz:g36k/g36k_reload_arm_up"
				},
				"0.9": {
					"effect": "tacz:g36k/g36k_reload_empty_magout"
				},
				"1.1333": {
					"effect": "tacz:g36k/g36k_mag_drop"
				},
				"1.4": {
					"effect": "tacz:g36k/g36k_reload_maghit"
				},
				"1.7": {
					"effect": "tacz:g36k/g36k_reload_empty_magin"
				},
				"2.0333": {
					"effect": "tacz:g36k/g36k_reload_empty_charge"
				},
				"2.3667": {
					"effect": "tacz:g36k/g36k_reload_empty_bolt_lever"
				},
				"2.5667": {
					"effect": "tacz:g36k/g36k_reload_empty_end"
				},
				"2.6667": {
					"effect": "tacz:g36k/g36k_reload_empty_end1"
				}
			}
		}
	}
}