{
	"format_version": "1.8.0",
	"animations": {
		"static_idle": {
			"animation_length": 0.04,
			"bones": {
				"constraint": {
					"rotation": [0.2, 0.2, 0.1],
					"position": [0.1, 0.1, 0.2]
				},
				"root": {
					"rotation": [0, 0, 0],
					"position": [0, 0, 0]
				},
				"righthand": {
					"rotation": [80.182, -347.51417, -179.19809],
					"position": [-6.6, -12.475, 6.475],
					"scale": [1, 1.5, 1]
				},
				"lefthand": {
					"rotation": [103.45128, -16.94315, 227.82872],
					"position": [8.125, -11.45, -8.525],
					"scale": [1, 1.5, 1]
				},
				"bullet_in_chamber2": {
					"scale": 0
				},
				"hammer": {
					"rotation": [-45, 0, 0]
				}
			}
		},
		"bolt": {
			"animation_length": 0.875,
			"bones": {
				"constraint": {
					"rotation": [0.2, 0.2, 0.1],
					"position": [0.1, 0.1, 0.2]
				},
				"root": {
					"rotation": {
						"0.0": [0, 0, 0],
						"0.2083": [-5, 0, 11.25],
						"0.5417": [-9, 0, 11.25],
						"0.7083": [-5, 0, 11.25],
						"0.8333": [0, 0, 0]
					},
					"position": {
						"0.0": [0, 0, 0],
						"0.8333": [0, 0, 0]
					}
				},
				"righthand": {
					"rotation": {
						"0.0": [80.182, -347.51417, -179.19809],
						"0.125": [80.182, -347.51417, -179.19809],
						"0.2083": [90.182, -347.51417, -179.19809],
						"0.5833": [90.182, -347.51417, -179.19809],
						"0.6667": [80.182, -347.51417, -179.19809],
						"0.875": [80.182, -347.51417, -179.19809]
					},
					"position": {
						"0.0": [-6.6, -12.475, 6.475],
						"0.0417": {
							"pre": [-8.6, -11.97, 4.48],
							"post": [-8.6, -11.97, 4.48],
							"lerp_mode": "catmullrom"
						},
						"0.125": [-8.6, -11.47, 2.48],
						"0.2083": [-8.6, -10.39188, 2.48],
						"0.3333": [-8.6, -10.39, 5.48],
						"0.4583": [-8.6, -10.39, 5.48],
						"0.5833": [-8.6, -10.39188, 2.48],
						"0.6667": [-8.6, -11.47, 2.48],
						"0.75": {
							"pre": [-8.6, -11.97, 4.48],
							"post": [-8.6, -11.97, 4.48],
							"lerp_mode": "catmullrom"
						},
						"0.875": [-6.6, -12.475, 6.475]
					},
					"scale": {
						"0.0": [1, 1.5, 1],
						"0.875": [1, 1.5, 1]
					}
				},
				"lefthand": {
					"rotation": [103.45128, -16.94315, 227.82872],
					"position": [8.125, -11.45, -8.525],
					"scale": [1, 1.5, 1]
				},
				"bullet_in_chamber2": {
					"scale": 0
				},
				"hammer": {
					"rotation": [-45, 0, 0]
				},
				"rotate": {
					"rotation": {
						"0.0": [0, 0, 0],
						"0.125": [0, 0, 0],
						"0.2083": [0, 0, 27.5],
						"0.5833": [0, 0, 27.5],
						"0.6667": [0, 0, 0]
					},
					"position": {
						"0.0": [0, 0, 0],
						"0.125": [0, 0, 0],
						"0.2083": [0, 0, 0],
						"0.3333": [0, 0, 3],
						"0.4583": [0, 0, 3],
						"0.5833": [0, 0, 0],
						"0.6667": [0, 0, 0]
					}
				}
			},
			"sound_effects": {
				"0.0417": {
					"effect": "re:srm1903/m700_bolt_out"
				},
				"0.4167": {
					"effect": "re:srm1903/m700_bolt_in"
				}
			}
		},
		"draw": {
			"loop": "hold_on_last_frame",
			"animation_length": 54.7,
			"bones": {
				"constraint": {
					"rotation": [0.2, 0.2, 0.2]
				},
				"root": {
					"rotation": {
						"0.0": {
							"post": [29.73, -28.725, 0],
							"lerp_mode": "catmullrom"
						},
						"0.1": {
							"post": [-0.79, -5.515, -2.68],
							"lerp_mode": "catmullrom"
						},
						"0.2833": {
							"post": [-2.95116, 0.82841, -0.62357],
							"lerp_mode": "catmullrom"
						},
						"0.35": {
							"post": [-1.82478, -0.26701, -4.36054],
							"lerp_mode": "catmullrom"
						},
						"0.4167": {
							"post": [-0.62504, 1.40001, 1.40436],
							"lerp_mode": "catmullrom"
						},
						"0.4833": {
							"post": [1.3051, 0.49032, 1.42653],
							"lerp_mode": "catmullrom"
						},
						"0.5833": {
							"post": [-0.475, -0.34, 0.11],
							"lerp_mode": "catmullrom"
						},
						"0.6833": {
							"post": [0, 0, 0],
							"lerp_mode": "catmullrom"
						},
						"0.75": {
							"post": [0, 0, 0.1],
							"lerp_mode": "catmullrom"
						},
						"0.8": {
							"post": [0, 0, 0],
							"lerp_mode": "catmullrom"
						}
					},
					"position": {
						"0.0": {
							"post": [0, -8.47, 3.93],
							"lerp_mode": "catmullrom"
						},
						"0.0667": {
							"post": [0.06, -6.93, 2.17],
							"lerp_mode": "catmullrom"
						},
						"0.25": {
							"post": [0.1, -1.715, 0.11],
							"lerp_mode": "catmullrom"
						},
						"0.2833": {
							"post": [0.1, -0.315, -0.435],
							"lerp_mode": "catmullrom"
						},
						"0.3333": {
							"post": [0, 0, 0],
							"lerp_mode": "catmullrom"
						},
						"0.45": {
							"post": [0, 0.015, 0.445],
							"lerp_mode": "catmullrom"
						},
						"0.5167": {
							"post": [0, 0.135, -0.13],
							"lerp_mode": "catmullrom"
						},
						"0.5833": {
							"post": [0, 0, -0.15],
							"lerp_mode": "catmullrom"
						},
						"0.6833": {
							"post": [0, 0.025, 0],
							"lerp_mode": "catmullrom"
						},
						"0.7833": {
							"post": [0, 0, 0],
							"lerp_mode": "catmullrom"
						}
					}
				},
				"righthand": {
					"rotation": [80.182, -347.51417, -179.19809],
					"position": [-6.6, -12.475, 6.475],
					"scale": [1, 1.5, 1]
				},
				"lefthand": {
					"rotation": {
						"0.0": [94.63513, -21.02759, 254.48339],
						"0.3": [103.45404, -16.94044, 227.83257],
						"0.3667": [106.0167, -18.22466, 218.53251],
						"0.4667": [103.45404, -16.94044, 227.83257]
					},
					"position": {
						"0.0": [8.13, -13.85, -3.905],
						"0.3": [8.13, -11.45, -8.53],
						"0.4667": [8.13, -11.45, -8.53]
					},
					"scale": [1, 1.5, 1]
				},
				"bullet_in_chamber2": {
					"scale": 0
				},
				"camera": {
					"rotation": {
						"0.0": [0, 0, 0],
						"0.0833": [0, 0, 0.6],
						"0.25": [0, 0, -0.625],
						"0.4833": [0, 0, 0.22],
						"0.8": [0, 0, 0]
					}
				},
				"round_shell": {
					"scale": {
						"53.75": {
							"pre": [1, 1, 1],
							"post": [0, 0, 0]
						},
						"53.8667": {
							"pre": [0, 0, 0],
							"post": [1, 1, 1]
						},
						"54.0": {
							"pre": [1, 1, 1],
							"post": [0, 0, 0]
						},
						"54.1167": {
							"pre": [0, 0, 0],
							"post": [1, 1, 1]
						},
						"54.2": {
							"pre": [1, 1, 1],
							"post": [0, 0, 0]
						},
						"54.3333": {
							"pre": [0, 0, 0],
							"post": [1, 1, 1]
						},
						"54.45": {
							"pre": [1, 1, 1],
							"post": [0, 0, 0]
						},
						"54.5": {
							"pre": [0, 0, 0],
							"post": [1, 1, 1]
						},
						"54.5833": {
							"pre": [1, 1, 1],
							"post": [0, 0, 0]
						},
						"54.7": {
							"pre": [0, 0, 0],
							"post": [1, 1, 1]
						}
					}
				}
			}
		},
		"shoot": {
			"animation_length": 0.6167,
			"bones": {
				"constraint": {
					"rotation": {
						"0.0": [1, 1, 1],
						"0.3333": [0.5, 0.5, 0.5],
						"0.6167": [0, 0, 0]
					},
					"position": {
						"0.0": [1, 0.05, 1],
						"0.3333": [0.5, 0.5, 0.5],
						"0.6167": [0, 0, 0]
					}
				},
				"root": {
					"rotation": {
						"0.0": {
							"post": [0, 0, 0],
							"lerp_mode": "catmullrom"
						},
						"0.0167": {
							"post": [2.16077, 4.2903, 2.29524],
							"lerp_mode": "catmullrom"
						},
						"0.0333": {
							"post": [-1.35744, 5.48823, 7.73963],
							"lerp_mode": "catmullrom"
						},
						"0.05": {
							"post": [-3.751, 4.8655, -1.44036],
							"lerp_mode": "catmullrom"
						},
						"0.0667": {
							"post": [-4.95597, 4.73357, -4.55445],
							"lerp_mode": "catmullrom"
						},
						"0.0833": {
							"post": [-5.1225, 4.66, -3.99],
							"lerp_mode": "catmullrom"
						},
						"0.1": {
							"post": [-5.16688, 4.10196, 2.33202],
							"lerp_mode": "catmullrom"
						},
						"0.15": {
							"post": [-4.455, 2.8, 4.215],
							"lerp_mode": "catmullrom"
						},
						"0.2": {
							"post": [-5.07251, 0.8207, 0.55078],
							"lerp_mode": "catmullrom"
						},
						"0.25": {
							"post": [-4.3375, -0.05, -1.045],
							"lerp_mode": "catmullrom"
						},
						"0.3167": {
							"post": [-2.68502, -0.04686, 0.64501],
							"lerp_mode": "catmullrom"
						},
						"0.4167": {
							"post": [-0.775, 0.1, -0.925],
							"lerp_mode": "catmullrom"
						},
						"0.5": {
							"post": [0.43044, 0.05061, 0.11],
							"lerp_mode": "catmullrom"
						},
						"0.6167": {
							"post": [-0.1, 0, 0.1],
							"lerp_mode": "catmullrom"
						}
					},
					"position": {
						"0.0": {
							"post": [0, 0, 0],
							"lerp_mode": "catmullrom"
						},
						"0.0167": {
							"post": [-0.1, -0.45, 1.95],
							"lerp_mode": "catmullrom"
						},
						"0.0333": [0.1, -1.375, 2.2375],
						"0.05": [0.12, -1.45, 2.2275],
						"0.0833": [0.09, -1.02, 2.205],
						"0.1333": [0.05, -0.59, 1.98],
						"0.2": {
							"pre": [0, -0.05, 1.49],
							"post": [0, -0.05, 1.49],
							"lerp_mode": "catmullrom"
						},
						"0.3": {
							"post": [0, -0.1, 0.675],
							"lerp_mode": "catmullrom"
						},
						"0.4167": {
							"post": [0, -0.025, 0.05],
							"lerp_mode": "catmullrom"
						},
						"0.6167": {
							"post": [0, 0, 0],
							"lerp_mode": "catmullrom"
						}
					}
				},
				"bullet_in_chamber2": {
					"scale": 0
				},
				"hammer": {
					"rotation": {
						"0.0": [-45, 0, 0],
						"0.0167": [7.5, 0, 0],
						"0.0333": [0, 0, 0]
					}
				},
				"camera": {
					"rotation": {
						"0.0": {
							"post": [0, 0, 0],
							"lerp_mode": "catmullrom"
						},
						"0.0333": {
							"post": [-0.39, 0, -2.25],
							"lerp_mode": "catmullrom"
						},
						"0.0667": {
							"post": [-0.625, 0, 1.75],
							"lerp_mode": "catmullrom"
						},
						"0.1": {
							"post": [0.26, 0, -0.88],
							"lerp_mode": "catmullrom"
						},
						"0.15": {
							"post": [0.575, 0, 0.95],
							"lerp_mode": "catmullrom"
						},
						"0.2167": {
							"post": [-0.125, 0, -0.4],
							"lerp_mode": "catmullrom"
						},
						"0.4": {
							"post": [0.05, 0, 0.125],
							"lerp_mode": "catmullrom"
						},
						"0.6": {
							"post": [0, 0, 0],
							"lerp_mode": "catmullrom"
						}
					}
				}
			}
		},
		"reload_empty": {
			"loop": "hold_on_last_frame",
			"animation_length": 2.95,
			"bones": {
				"constraint": {
					"rotation": {
						"0.0": [0.5, 0.5, 0.25],
						"2.5333": [0.2, 0.2, 0.1]
					},
					"position": {
						"0.0": [0.5, 0.75, 0.25],
						"2.5333": [0.1, 0.1, 0.2]
					}
				},
				"root": {
					"rotation": {
						"0.0": {
							"post": [0, 0, 0],
							"lerp_mode": "catmullrom"
						},
						"0.1167": {
							"post": [-0.39919, -1.51037, -2.29687],
							"lerp_mode": "catmullrom"
						},
						"0.15": {
							"post": [0.78452, -1.06699, -0.04672],
							"lerp_mode": "catmullrom"
						},
						"0.2833": {
							"post": [-0.29854, -1.04679, 4.454],
							"lerp_mode": "catmullrom"
						},
						"0.3167": {
							"post": [-0.29, -1.06, 0.59],
							"lerp_mode": "catmullrom"
						},
						"0.3833": {
							"post": [-0.46848, -1.13733, 5.85224],
							"lerp_mode": "catmullrom"
						},
						"0.4833": {
							"post": [-0.64, -1.34, 7.615],
							"lerp_mode": "catmullrom"
						},
						"0.5833": {
							"post": [-0.84, -1.49, 6.77],
							"lerp_mode": "catmullrom"
						},
						"0.7": {
							"post": [0.7587, -0.2434, 3.24681],
							"lerp_mode": "catmullrom"
						},
						"0.7333": {
							"post": [-0.7413, -0.2434, 3.24681],
							"lerp_mode": "catmullrom"
						},
						"0.7667": {
							"post": [-1.79225, 0.15701, 4.55263],
							"lerp_mode": "catmullrom"
						},
						"0.8": {
							"post": [-0.99817, 0.399, -3.01516],
							"lerp_mode": "catmullrom"
						},
						"0.8333": {
							"post": [0.04824, 0.37231, -5.79686],
							"lerp_mode": "catmullrom"
						},
						"0.8667": {
							"post": [-0.32026, 0.41153, 1.30291],
							"lerp_mode": "catmullrom"
						},
						"0.9": {
							"post": [0.00895, 0.41636, 3.03472],
							"lerp_mode": "catmullrom"
						},
						"0.9667": {
							"post": [0.0271, 0.41557, 1.25978],
							"lerp_mode": "catmullrom"
						},
						"1.0667": {
							"post": [0.12143, 0.45012, 0.61147],
							"lerp_mode": "catmullrom"
						},
						"1.2": {
							"post": [0.535, 0.46, 2.115],
							"lerp_mode": "catmullrom"
						},
						"1.3": {
							"post": [0.76454, -0.07572, 2.98475],
							"lerp_mode": "catmullrom"
						},
						"1.4333": {
							"post": [0.79124, -0.10726, 2.94622],
							"lerp_mode": "catmullrom"
						},
						"1.5": {
							"post": [0.29124, -0.10726, 2.47122],
							"lerp_mode": "catmullrom"
						},
						"1.5667": {
							"post": [0.29262, -0.10344, -0.72877],
							"lerp_mode": "catmullrom"
						},
						"1.6333": {
							"post": [0.29522, -0.09574, 0.22124],
							"lerp_mode": "catmullrom"
						},
						"1.7": {
							"post": [0.3015, -0.07351, -4.04433],
							"lerp_mode": "catmullrom"
						},
						"1.7667": {
							"post": [0.29801, -0.08668, -1.52874],
							"lerp_mode": "catmullrom"
						},
						"1.8333": {
							"post": [0.29685, -0.09058, -0.77875],
							"lerp_mode": "catmullrom"
						},
						"1.8667": {
							"post": [1.04704, 0.03459, -0.79702],
							"lerp_mode": "catmullrom"
						},
						"1.9": {
							"post": [1.07057, 0.05769, -2.04703],
							"lerp_mode": "catmullrom"
						},
						"1.9333": {
							"post": [-0.14283, 0.0957, -4.047],
							"lerp_mode": "catmullrom"
						},
						"1.9667": {
							"post": [-1.24908, 0.09755, -5.26888],
							"lerp_mode": "catmullrom"
						},
						"2.0": {
							"post": [-2.64283, 0.0957, -4.047],
							"lerp_mode": "catmullrom"
						},
						"2.0167": {
							"post": [-0.97, 0.11, -3.91],
							"lerp_mode": "catmullrom"
						},
						"2.0667": {
							"post": [-0.65625, 0.1042, -3.29693],
							"lerp_mode": "catmullrom"
						},
						"2.1333": {
							"post": [-1.095, -0.13, -1.83],
							"lerp_mode": "catmullrom"
						},
						"2.2667": {
							"post": [2.32, -0.57, 1.05],
							"lerp_mode": "catmullrom"
						},
						"2.3667": {
							"post": [1.01, 0.4, -2.67],
							"lerp_mode": "catmullrom"
						},
						"2.4667": {
							"post": [-0.21, 0.15, 1.04],
							"lerp_mode": "catmullrom"
						},
						"2.6": {
							"post": [-0.07, 0.05, 0.47],
							"lerp_mode": "catmullrom"
						},
						"2.6667": {
							"post": [-0.03, 0.02, 0.18],
							"lerp_mode": "catmullrom"
						},
						"2.7": {
							"post": [0, 0, 0],
							"lerp_mode": "catmullrom"
						}
					},
					"position": {
						"0.0": {
							"post": [0, 0, 0],
							"lerp_mode": "catmullrom"
						},
						"0.05": {
							"post": [-0.12, -0.27, -0.115],
							"lerp_mode": "catmullrom"
						},
						"0.1167": {
							"post": [0.215, -0.565, 0.625],
							"lerp_mode": "catmullrom"
						},
						"0.1833": {
							"post": [0.355, -0.69, 0.935],
							"lerp_mode": "catmullrom"
						},
						"0.25": {
							"post": [0.315, -0.685, 0.625],
							"lerp_mode": "catmullrom"
						},
						"0.2833": {
							"post": [0.215, -0.68, 1.2],
							"lerp_mode": "catmullrom"
						},
						"0.3167": {
							"post": [0.24, -0.68, 0.695],
							"lerp_mode": "catmullrom"
						},
						"0.3833": {
							"post": [0.215, -0.63, 0.65],
							"lerp_mode": "catmullrom"
						},
						"0.45": {
							"post": [0.195, -0.5, -0.38],
							"lerp_mode": "catmullrom"
						},
						"0.5833": {
							"post": [-0.18, -0.37, -0.41],
							"lerp_mode": "catmullrom"
						},
						"0.6667": {
							"post": [0, -0.1, 0],
							"lerp_mode": "catmullrom"
						},
						"0.7333": {
							"post": [0.1, -0.47, 0.225],
							"lerp_mode": "catmullrom"
						},
						"0.8": {
							"post": [0.175, -0.875, 0.33],
							"lerp_mode": "catmullrom"
						},
						"0.8833": {
							"post": [0, -0.48, -0.065],
							"lerp_mode": "catmullrom"
						},
						"0.95": {
							"post": [-0.085, -0.615, -0.08],
							"lerp_mode": "catmullrom"
						},
						"1.0333": [0, -0.585, -0.035],
						"1.1333": [-0.02, -0.625, 0.065],
						"1.3": {
							"pre": [-0.05, -0.7, 0.09],
							"post": [-0.05, -0.7, 0.09],
							"lerp_mode": "catmullrom"
						},
						"1.4333": {
							"post": [-0.275, -0.575, 0.14],
							"lerp_mode": "catmullrom"
						},
						"1.5": {
							"post": [-0.325, -0.525, 0.19],
							"lerp_mode": "catmullrom"
						},
						"1.5667": {
							"post": [-0.105, -0.55, -0.155],
							"lerp_mode": "catmullrom"
						},
						"1.6333": {
							"post": [-0.16, -0.575, 0.495],
							"lerp_mode": "catmullrom"
						},
						"1.7": {
							"post": [-0.11, -0.505, 0.12],
							"lerp_mode": "catmullrom"
						},
						"1.8333": {
							"post": [-0.11, -0.45, 0.02],
							"lerp_mode": "catmullrom"
						},
						"1.8667": {
							"post": [-0.11, -0.425, -0.055],
							"lerp_mode": "catmullrom"
						},
						"1.9": {
							"post": [-0.11, -0.395, -0.255],
							"lerp_mode": "catmullrom"
						},
						"1.9333": {
							"post": [-0.11, -0.39, -0.305],
							"lerp_mode": "catmullrom"
						},
						"1.9667": {
							"post": [-0.21, -0.34, 0.05],
							"lerp_mode": "catmullrom"
						},
						"2.0": {
							"post": [-0.01, -0.69, 0.675],
							"lerp_mode": "catmullrom"
						},
						"2.0667": {
							"post": [-0.11, -0.64, 0.3],
							"lerp_mode": "catmullrom"
						},
						"2.1667": {
							"post": [-0.1, -0.47, -0.63],
							"lerp_mode": "catmullrom"
						},
						"2.2667": {
							"post": [-0.07, -0.27, -0.71],
							"lerp_mode": "catmullrom"
						},
						"2.3": {
							"post": [0, 0, 0.1],
							"lerp_mode": "catmullrom"
						},
						"2.3667": {
							"post": [0.04, -0.04, 0.01],
							"lerp_mode": "catmullrom"
						},
						"2.4": {
							"post": [0.03, -0.18, -0.42],
							"lerp_mode": "catmullrom"
						},
						"2.4667": {
							"post": [0.01, 0.01, -0.12],
							"lerp_mode": "catmullrom"
						},
						"2.6": {
							"post": [0, 0, 0.03],
							"lerp_mode": "catmullrom"
						},
						"2.6667": {
							"post": [0, 0, 0.01],
							"lerp_mode": "catmullrom"
						},
						"2.7": {
							"post": [0, 0, 0],
							"lerp_mode": "catmullrom"
						}
					}
				},
				"righthand": {
					"rotation": {
						"0.0": [80.182, -347.51417, -179.19809],
						"0.1333": [152.24446, -374.84632, -141.78077],
						"0.2167": [157.19836, -385.28069, -137.29469],
						"0.2667": [189.80408, -415.01569, -142.69753],
						"0.4667": [156.80408, -415.01569, -142.69753],
						"0.5833": [184.29251, -410.72996, -135.98213],
						"0.7": [151.16457, -347.54738, -94.43135],
						"0.7667": [146.26926, -332.57841, -153.59643],
						"0.8333": [146.26926, -332.57841, -153.59643],
						"0.9": [150.56943, -356.4206, -150.18317],
						"1.1": [139.91053, -316.14375, -189.25566],
						"1.1667": [128.8539, -349.85039, -164.39196],
						"1.4667": [128.85, -349.85, -164.39],
						"1.5": [128.35, -349.85, -164.39],
						"1.6": [138.89793, -318.20629, -136.37187],
						"1.7": [129.83105, -323.40511, -139.02104],
						"1.7667": [127.85222, -335.96052, -157.19222],
						"1.9": [120.75269, -330.26272, -173.90367],
						"1.9667": [173.27844, -310.17792, -195.26567],
						"2.0333": [162.40313, -326.39254, -187.28286],
						"2.0833": [173.27844, -310.17792, -195.26567],
						"2.35": [176.82427, -336.78435, -163.39757],
						"2.4167": [80.182, -347.51417, -179.19809],
						"2.5167": [80.182, -347.51417, -179.19809]
					},
					"position": {
						"0.0": [-6.6, -12.475, 6.475],
						"0.0333": [-8.47, -12.16, 5.21],
						"0.1333": [-9.275, -7.83, 6.055],
						"0.2167": [-9.27, -7.83, 6.235],
						"0.2667": [-9.27, -8.68, 7.315],
						"0.4667": [-9.27, -8.68, 7.315],
						"0.7": [-8.275, -7.805, 1.405],
						"0.7667": [-8.275, -7.005, 0.03],
						"0.8333": [-9.4, -7.005, 0.03],
						"0.9667": [-10.5, -10.03, 3.71],
						"1.1": [-9.5, -14.18, 6.81],
						"1.1667": [-7.2, -16.53, 12.36],
						"1.4667": [-8.6375, -16.3425, 11.6725],
						"1.5": [-8.45, -16.53, 11.36],
						"1.6": [-7.95, -15.78, 12.11],
						"1.7": [-8.1, -16.28, 11.51],
						"1.7667": [-8.425, -16.53, 11.76],
						"1.9": [-8.9, -15.08, 10.085],
						"1.9667": [-8.65, -14.63, 16.83],
						"2.0": [-8.9, -14.005, 16.88],
						"2.0333": [-8.65, -14, 17.13],
						"2.0833": [-9.65, -17.005, 11.13],
						"2.35": [-8.97, -14.88, 17.18],
						"2.45": [-6.95, -13.44, 7.835],
						"2.5167": [-6.6, -12.475, 6.475]
					},
					"scale": [1, 1.5, 1]
				},
				"lefthand": {
					"rotation": {
						"0.0": [103.45128, -16.94315, 227.82872],
						"0.1333": [105.5375, -28.36726, 220.31267],
						"2.0667": [105.5343, -28.36954, 220.31598],
						"2.2333": [103.45128, -16.94315, 227.82872]
					},
					"position": {
						"0.0": [8.125, -11.45, -8.525],
						"0.1333": [7.505, -10.65, -4.83],
						"2.0667": [7.51, -10.65, -4.83],
						"2.2333": [8.125, -11.45, -8.525]
					},
					"scale": [1, 1.5, 1]
				},
				"bullet_in_chamber2": {
					"rotation": {
						"1.3": [0, 0, 0],
						"1.3667": [22.5, 0, 0],
						"1.5": [22.7115, 7.61812, 3.17588],
						"1.5667": [18.9615, 7.61812, 3.17588],
						"1.6": [16.4615, 7.61812, 3.17588],
						"1.6333": [17.2115, 7.61812, 3.17588]
					},
					"position": {
						"1.3667": [-2, 0, 0],
						"1.5": [-1.825, -1, -1],
						"1.55": [-0.57977, -1.00349, -1.93923],
						"1.5667": [-0.27324, -0.64266, -1.31436],
						"1.6": [0.18, -0.18, 0.3125],
						"1.8667": [-0.13247, -0.55856, -0.93266],
						"1.9667": [-0.19497, -0.55856, -0.93266],
						"2.0167": [-0.13247, -0.55856, -0.93266],
						"2.1167": [-0.19497, -0.55856, -0.93266]
					},
					"scale": {
						"1.0667": [0, 0, 0],
						"1.1": [1, 1, 1],
						"1.9667": [1, 1, 1],
						"2.0167": [1, 1, 1],
						"2.1167": [1, 1, 1]
					}
				},
				"gun_and_rh": {
					"rotation": {
						"1.1": [0, 0, 0],
						"1.1667": [0, 0, 0],
						"1.3": [-15.78617, -9.23925, -11.05232],
						"1.4": [-11.93361, -6.96723, 0.5934],
						"1.4333": [-5.68361, -6.96723, 0.5934],
						"1.4667": [-7.93361, -6.96723, 0.5934],
						"1.5333": [-16.68361, -6.96723, 0.5934],
						"2.15": [-16.68361, -6.96723, 0.5934],
						"2.3833": [0, 0, 0]
					},
					"position": {
						"1.1": [0, 0, 0],
						"1.1667": [-2.5, 4.575, -2.05],
						"1.3": [-1.625, 8.03, -5.85],
						"1.4": [-0.17, 8.03, -8.05],
						"1.4333": [-0.17, 7.655, -8.375],
						"1.4667": [-0.17, 7.6, -8.37],
						"1.5333": [-0.17, 7.25, -9.095],
						"1.6": [-0.17, 7.25, -12.175],
						"2.15": [-0.17, 7.25, -9.575],
						"2.3833": [0, 0, 0]
					}
				},
				"round_shell": {
					"rotation": {
						"0.6667": [0, 0, 0],
						"0.7": [-0.125, 0, 0],
						"0.7167": [-3.125, 0, 0],
						"0.75": [-1.375, 0, 0],
						"1.15": [-900, 0, 0]
					},
					"position": {
						"0.7": [0, 0, 0],
						"0.75": [0, -0.00301, 2.59156],
						"0.7667": [-0.06, 1.03, 3.17],
						"0.9": {
							"pre": [-3.5875, 6.045, 5.53],
							"post": [-3.5875, 6.045, 5.53],
							"lerp_mode": "catmullrom"
						},
						"0.9667": {
							"post": [-6, 4.85055, 6.97715],
							"lerp_mode": "catmullrom"
						},
						"1.0167": [-8.4675, -1.0725, 8.275],
						"1.05": [-10.02, -7.3775, 8.6825],
						"1.1167": [-13.6875, -21.19316, 10.20462]
					},
					"scale": {
						"1.0667": [1, 1, 1],
						"1.0833": [0, 0, 0]
					}
				},
				"hammer": {
					"rotation": {
						"0.15": [0, 0, 0],
						"0.2": [-6.25, 0, 0],
						"0.2333": [-50.62, 0, 0],
						"0.2667": [-45, 0, 0]
					},
					"position": [0, 0, 0]
				},
				"trapdoor": {
					"rotation": {
						"0.6667": [0, 0, 0],
						"0.7333": [69.75, 0, 0],
						"0.7667": [66.5, 0, 0],
						"1.8333": [66.5, 0, 0],
						"1.8667": [70.25, 0, 0],
						"1.9": [69.25, 0, 0],
						"1.9333": [6.75, 0, 0],
						"1.9667": [-5.75, 0, 0],
						"2.0333": [0, 0, 0]
					},
					"position": [0, 0, 0]
				},
				"lever": {
					"rotation": {
						"0.6667": [0, 0, 0],
						"0.7": [-32, 0, 0],
						"1.9667": [-32, 0, 0],
						"2.0": [-21, 0, 0],
						"2.1": [0, 0, 0]
					}
				},
				"camera": {
					"rotation": {
						"0.0": {
							"post": [0, 0, 0],
							"lerp_mode": "catmullrom"
						},
						"0.1167": {
							"post": [-0.075, 0.025, -0.225],
							"lerp_mode": "catmullrom"
						},
						"0.1833": {
							"post": [0, -0.05, -0.145],
							"lerp_mode": "catmullrom"
						},
						"0.25": {
							"post": [0, -0.25, 0.05],
							"lerp_mode": "catmullrom"
						},
						"0.2667": {
							"post": [0, 0.125, -0.175],
							"lerp_mode": "catmullrom"
						},
						"0.3667": {
							"post": [0, -0.2, -0.345],
							"lerp_mode": "catmullrom"
						},
						"0.55": {
							"post": [-0.125, 0.1, -0.145],
							"lerp_mode": "catmullrom"
						},
						"0.75": {
							"post": [0, 0, 0.25],
							"lerp_mode": "catmullrom"
						},
						"0.8": {
							"post": [0.175, -0.1, 0.63],
							"lerp_mode": "catmullrom"
						},
						"0.8833": {
							"post": [-0.075, -0.05, 0.25],
							"lerp_mode": "catmullrom"
						},
						"1.0167": {
							"post": [0, 0.025, 0.075],
							"lerp_mode": "catmullrom"
						},
						"1.1333": {
							"post": [0.025, -0.025, 0.46],
							"lerp_mode": "catmullrom"
						},
						"1.25": {
							"post": [0, 0, 0.35],
							"lerp_mode": "catmullrom"
						},
						"1.45": {
							"post": [0, 0, 0.15],
							"lerp_mode": "catmullrom"
						},
						"1.4833": {
							"post": [-0.125, -0.325, 0.275],
							"lerp_mode": "catmullrom"
						},
						"1.5333": {
							"post": [0.275, 0.35, -0.075],
							"lerp_mode": "catmullrom"
						},
						"1.5833": {
							"post": [-0.175, -0.075, 0.13],
							"lerp_mode": "catmullrom"
						},
						"1.6333": {
							"post": [-0.1, 0, -0.005],
							"lerp_mode": "catmullrom"
						},
						"1.75": {
							"post": [0.05, 0, -0.095],
							"lerp_mode": "catmullrom"
						},
						"1.8333": {
							"post": [0, 0, 0.05],
							"lerp_mode": "catmullrom"
						},
						"1.9": {
							"post": [0, -0.375, -0.05],
							"lerp_mode": "catmullrom"
						},
						"1.95": {
							"post": [0.025, 0, 0.3],
							"lerp_mode": "catmullrom"
						},
						"2.0667": {
							"post": [-0.2, 0.2, 0.175],
							"lerp_mode": "catmullrom"
						},
						"2.2833": {
							"post": [0.075, -0.075, -0.32],
							"lerp_mode": "catmullrom"
						},
						"2.4667": {
							"post": [-0.05, 0.075, 0.11],
							"lerp_mode": "catmullrom"
						},
						"2.75": {
							"post": [0, 0, 0],
							"lerp_mode": "catmullrom"
						}
					}
				},
				"bullet2": {
					"position": [0, 131, 0]
				},
				"bullet": {
					"position": [0, -4, 0]
				},
				"rotate": {
					"rotation": {
						"0.0": [0, 0, 0],
						"0.1333": [0, 0, 0],
						"0.2167": [0, 0, 40],
						"2.0": [0, 0, 40],
						"2.0333": [0, 0, 0]
					},
					"position": {
						"0.0": [0, 0, 0],
						"0.2667": [0, 0, 3],
						"2.0333": [0, 0, 3],
						"2.0833": [0, 0, 0]
					}
				}
			},
			"sound_effects": {
				"0.0": {
					"effect": "tacz:springfield1873/springfield1873_reload_start"
				},
				"0.1667": {
					"effect": "tacz:springfield1873/springfield1873_hammer"
				},
				"0.6667": {
					"effect": "tacz:springfield1873/springfield1873_reload_boltopen"
				},
				"0.8333": {
					"effect": "tacz:springfield1873/springfield1873_shell_casing"
				},
				"1.2": {
					"effect": "tacz:springfield1873/springfield1873_shell_eject"
				},
				"1.3667": {
					"effect": "tacz:springfield1873/springfield1873_reload_load"
				},
				"1.8167": {
					"effect": "tacz:springfield1873/springfield1873_reload_closebolt"
				}
			}
		},
		"inspect": {
			"loop": "hold_on_last_frame",
			"animation_length": 11.3333,
			"bones": {
				"constraint": {
					"rotation": [0.2, 0.2, 0.2]
				},
				"root": {
					"rotation": {
						"0.0": {
							"post": [0, 0, 0],
							"lerp_mode": "catmullrom"
						},
						"0.1667": {
							"post": [-4.09882, -4.5091, 15.43498],
							"lerp_mode": "catmullrom"
						},
						"0.3667": {
							"post": [-6.9752, -21.75934, -0.38432],
							"lerp_mode": "catmullrom"
						},
						"0.5": {
							"post": [-5.41629, -24.13247, -14.00811],
							"lerp_mode": "catmullrom"
						},
						"0.5667": {
							"post": [-7.61387, -23.56468, -8.57634],
							"lerp_mode": "catmullrom"
						},
						"0.7": [-6.52, -24.31, -10.68],
						"0.7333": [-6.46, -24.35, -10.81],
						"0.7667": [-6.39, -24.4, -10.99],
						"0.8": [-6.3, -24.47, -11.19],
						"0.8333": [-6.21, -24.54, -11.42],
						"0.8667": [-6.12, -24.62, -11.66],
						"0.9": [-6.03, -24.69, -11.89],
						"0.9333": [-5.94, -24.76, -12.12],
						"0.9667": [-5.86, -24.82, -12.33],
						"1.0": [-5.8, -24.87, -12.51],
						"1.0333": [-5.75, -24.9, -12.64],
						"1.0667": [-5.71, -24.9, -12.73],
						"1.1": [-5.7, -24.88, -12.75],
						"1.1333": [-5.72, -24.83, -12.71],
						"1.1667": [-5.76, -24.74, -12.58],
						"1.2": [-5.84, -24.62, -12.36],
						"1.2333": [-5.96, -24.45, -12.04],
						"1.2667": [-6.13, -24.11, -11.53],
						"1.3": [-6.23, -23.76, -11.19],
						"1.3333": [-6.31, -23.37, -10.86],
						"1.3667": [-6.47, -22.9, -10.34],
						"1.4": [-6.76, -22.31, -9.46],
						"1.4333": [-7.27, -21.57, -8.04],
						"1.4667": [-8.07, -20.64, -5.89],
						"1.5": [-9.24, -19.49, -2.84],
						"1.5333": [-10.84, -18.07, 1.3],
						"1.8333": [-33.39, 6.04, 68.95],
						"1.8667": [-35.46447, 9.98175, 72.48389],
						"1.9333": [-37.03832, 4.45511, 72.32435],
						"2.1": {
							"pre": [-39.11597, 4.50829, 74.48083],
							"post": [-39.11597, 4.50829, 74.48083],
							"lerp_mode": "catmullrom"
						},
						"2.2333": {
							"post": [-39.19802, 3.56109, 73.31483],
							"lerp_mode": "catmullrom"
						},
						"2.4333": {
							"post": [-39.12119, 3.25823, 74.52516],
							"lerp_mode": "catmullrom"
						},
						"2.6": {
							"post": [-39.12185, 3.23874, 74.18842],
							"lerp_mode": "catmullrom"
						},
						"3.1667": {
							"post": [-39.18533, 2.15323, 73.16661],
							"lerp_mode": "catmullrom"
						},
						"4.0333": {
							"post": [-39.90167, 1.88756, 74.02848],
							"lerp_mode": "catmullrom"
						},
						"4.2333": {
							"post": [-39.9, 1.89, 74.03],
							"lerp_mode": "catmullrom"
						},
						"4.3": {
							"post": [-40.28893, 2.40247, 73.69991],
							"lerp_mode": "catmullrom"
						},
						"4.4333": {
							"post": [-41.15319, 5.53992, 74.88983],
							"lerp_mode": "catmullrom"
						},
						"4.6": {
							"post": [-41.38793, 7.81647, 75.21797],
							"lerp_mode": "catmullrom"
						},
						"5.0": {
							"post": [-41.59894, 7.09056, 75.53113],
							"lerp_mode": "catmullrom"
						},
						"5.6667": [-41.80456, 7.06945, 75.88676],
						"6.0333": [-42.11945, 6.21748, 75.30858],
						"6.1": [-38.26232, -2.97207, 62.61152],
						"6.2333": {
							"pre": [-25.46145, -3.43302, 37.93888],
							"post": [-25.46145, -3.43302, 37.93888],
							"lerp_mode": "catmullrom"
						},
						"6.3333": {
							"post": [-3.50562, 3.24393, 19.80138],
							"lerp_mode": "catmullrom"
						},
						"6.4333": {
							"post": [-3.67558, 2.67514, 10.07983],
							"lerp_mode": "catmullrom"
						},
						"6.5": {
							"post": [-5.05718, 2.32413, 13.85229],
							"lerp_mode": "catmullrom"
						},
						"6.6667": {
							"post": [-5.11609, 2.19113, 12.35704],
							"lerp_mode": "catmullrom"
						},
						"6.8667": {
							"post": [-5.14813, 2.12288, 11.61248],
							"lerp_mode": "catmullrom"
						},
						"7.0667": {
							"post": [-4.64235, 1.83981, 8.13788],
							"lerp_mode": "catmullrom"
						},
						"7.1": {
							"post": [0.77, 0.55, 9.6],
							"lerp_mode": "catmullrom"
						},
						"7.1333": {
							"post": [-0.51585, -0.92176, 11.51674],
							"lerp_mode": "catmullrom"
						},
						"7.1667": {
							"post": [-9.42079, -4.74685, 12.64951],
							"lerp_mode": "catmullrom"
						},
						"7.2667": {
							"post": [-7.331, -6.54653, 21.77133],
							"lerp_mode": "catmullrom"
						},
						"7.3333": {
							"post": [-2.0403, -9.22164, 21.41729],
							"lerp_mode": "catmullrom"
						},
						"7.4": {
							"post": [-3.11279, -11.05408, 23.61171],
							"lerp_mode": "catmullrom"
						},
						"7.5": {
							"post": [1.42129, -11.19371, 17.54568],
							"lerp_mode": "catmullrom"
						},
						"7.6": {
							"post": [-4.33471, -11.02567, 11.03804],
							"lerp_mode": "catmullrom"
						},
						"7.6667": {
							"post": [-6.82776, -10.39678, 9.69965],
							"lerp_mode": "catmullrom"
						},
						"7.9333": {
							"post": [-6.33618, -10.53069, 7.64397],
							"lerp_mode": "catmullrom"
						},
						"8.1667": {
							"post": [-5.86859, -10.90627, 8.25542],
							"lerp_mode": "catmullrom"
						},
						"8.4333": {
							"post": [-5.7243, -10.98201, 7.49543],
							"lerp_mode": "catmullrom"
						},
						"8.5333": {
							"post": [-7.20104, -10.72227, 10.02719],
							"lerp_mode": "catmullrom"
						},
						"8.6": {
							"post": [-7.34, -10.7, 11.13],
							"lerp_mode": "catmullrom"
						},
						"8.6667": {
							"post": [-7.29, -10.71, 10.19],
							"lerp_mode": "catmullrom"
						},
						"8.8333": {
							"post": [-7.20104, -10.72227, 9.22719],
							"lerp_mode": "catmullrom"
						},
						"8.9667": {
							"post": [-7.43294, -10.56081, 10.49151],
							"lerp_mode": "catmullrom"
						},
						"9.3": {
							"post": [-7.6166, -10.42985, 11.49977],
							"lerp_mode": "catmullrom"
						},
						"9.8333": {
							"post": [-7.19414, -10.47197, 9.19814],
							"lerp_mode": "catmullrom"
						},
						"9.9333": [-9.74945, -11.0576, 4.14352],
						"10.0333": [-10.14035, -10.85664, 2.29461],
						"10.1": [-9.25635, -11.2022, 0.28761],
						"10.1333": [-8.80909, -11.55549, -1.97904],
						"10.1667": [-9.15824, -11.28221, -0.2156],
						"10.2333": [-9.4021, -11.08062, 1.04191],
						"10.3333": [-9.0594, -11.36136, -0.71909],
						"10.4667": {
							"pre": [-8.75559, -8.62964, -2.69497],
							"post": [-8.75559, -8.62964, -2.69497],
							"lerp_mode": "catmullrom"
						},
						"10.5333": {
							"post": [-9.28432, -7.33455, -4.17042],
							"lerp_mode": "catmullrom"
						},
						"10.5667": {
							"post": [-6.85, -5.55, -5.66],
							"lerp_mode": "catmullrom"
						},
						"10.6": {
							"post": [-4.16024, -3.29726, 7.69853],
							"lerp_mode": "catmullrom"
						},
						"10.6333": {
							"post": [-0.31504, -2.78268, -1.1545],
							"lerp_mode": "catmullrom"
						},
						"10.6667": {
							"post": [-0.54456, -2.74702, 3.6009],
							"lerp_mode": "catmullrom"
						},
						"10.7333": {
							"post": [-0.68234, -2.21958, 2.33789],
							"lerp_mode": "catmullrom"
						},
						"10.8": {
							"post": [-0.84, -1.49, 6.77],
							"lerp_mode": "catmullrom"
						},
						"10.9": {
							"post": [0.92, -0.57, 1.05],
							"lerp_mode": "catmullrom"
						},
						"11.0": {
							"post": [1.01, 0.4, -2.67],
							"lerp_mode": "catmullrom"
						},
						"11.1": {
							"post": [-0.21, 0.15, 1.04],
							"lerp_mode": "catmullrom"
						},
						"11.2333": {
							"post": [-0.07, 0.05, 0.47],
							"lerp_mode": "catmullrom"
						},
						"11.3": {
							"post": [-0.03, 0.02, 0.18],
							"lerp_mode": "catmullrom"
						},
						"11.3333": {
							"post": [0, 0, 0],
							"lerp_mode": "catmullrom"
						}
					},
					"position": {
						"0.0": {
							"post": [0, 0, 0],
							"lerp_mode": "catmullrom"
						},
						"0.1667": {
							"post": [-0.57, -0.94, -0.22],
							"lerp_mode": "catmullrom"
						},
						"0.2667": {
							"post": [-1.42, -1.81, -0.55],
							"lerp_mode": "catmullrom"
						},
						"0.3667": {
							"post": [-2.275, -0.575, -0.875],
							"lerp_mode": "catmullrom"
						},
						"0.5": {
							"post": [-2.205, -0.57, -0.87],
							"lerp_mode": "catmullrom"
						},
						"0.5667": {
							"post": [-2.2, -0.445, -0.87],
							"lerp_mode": "catmullrom"
						},
						"0.7333": [-2.3, -0.39, -0.77],
						"0.7667": [-2.31, -0.39, -0.77],
						"0.8": [-2.31, -0.38, -0.76],
						"0.8333": [-2.32, -0.37, -0.76],
						"0.8667": [-2.33, -0.36, -0.76],
						"0.9": [-2.33, -0.36, -0.76],
						"0.9333": [-2.34, -0.35, -0.76],
						"0.9667": [-2.35, -0.34, -0.76],
						"1.0": [-2.36, -0.33, -0.76],
						"1.0333": [-2.36, -0.33, -0.77],
						"1.0667": [-2.36, -0.32, -0.77],
						"1.1": [-2.36, -0.32, -0.77],
						"1.1333": [-2.36, -0.32, -0.77],
						"1.1667": [-2.35, -0.32, -0.77],
						"1.2": [-2.34, -0.33, -0.77],
						"1.2333": [-2.32, -0.34, -0.77],
						"1.2667": [-2.3, -0.37, -0.77],
						"1.3": [-2.26, -0.42, -0.77],
						"1.3333": [-2.23, -0.49, -0.77],
						"1.3667": [-2.19, -0.56, -0.78],
						"1.4": [-2.13, -0.63, -0.78],
						"1.4333": [-2.07, -0.69, -0.78],
						"1.4667": [-1.99, -0.73, -0.78],
						"1.5": [-1.89, -0.75, -0.77],
						"1.5333": [-1.78, -0.74, -0.77],
						"1.7": {
							"pre": [-0.96, -1.89, 1.255],
							"post": [-0.96, -1.89, 1.255],
							"lerp_mode": "catmullrom"
						},
						"1.8667": {
							"post": [-0.145, 0.16, -0.77],
							"lerp_mode": "catmullrom"
						},
						"2.1": {
							"post": [-0.065, 0.16, -0.77],
							"lerp_mode": "catmullrom"
						},
						"2.2333": {
							"post": [-0.07, 0.21, -0.67],
							"lerp_mode": "catmullrom"
						},
						"2.4333": {
							"post": [-0.07, 0.285, -0.67],
							"lerp_mode": "catmullrom"
						},
						"3.1667": {
							"post": [-0.07, 0.315, -0.67],
							"lerp_mode": "catmullrom"
						},
						"4.2333": {
							"post": [-0.07, 0.32, -0.67],
							"lerp_mode": "catmullrom"
						},
						"4.4333": {
							"post": [-0.07, 0.47, -0.37],
							"lerp_mode": "catmullrom"
						},
						"4.6": {
							"post": [-0.07, 0.545, -0.32],
							"lerp_mode": "catmullrom"
						},
						"5.0": {
							"post": [-0.07, 0.575, -0.445],
							"lerp_mode": "catmullrom"
						},
						"5.6667": [-0.07, 0.555, -0.4],
						"6.0333": [-0.095, 0.5, -0.4],
						"6.1": [0.02, -0.78, -0.29],
						"6.2333": {
							"pre": [-0.06, -2.125, -0.23],
							"post": [-0.06, -2.125, -0.23],
							"lerp_mode": "catmullrom"
						},
						"6.3667": {
							"post": [-1.6, -1.125, -0.6],
							"lerp_mode": "catmullrom"
						},
						"6.4333": {
							"post": [-1.77, -1.135, -0.63],
							"lerp_mode": "catmullrom"
						},
						"6.5": {
							"post": [-1.75, -0.895, -0.6],
							"lerp_mode": "catmullrom"
						},
						"6.6667": {
							"post": [-1.75, -0.69, -0.55],
							"lerp_mode": "catmullrom"
						},
						"6.8667": {
							"post": [-1.775, -0.765, -0.55],
							"lerp_mode": "catmullrom"
						},
						"7.0333": {
							"post": [-1.73, -0.705, -0.55],
							"lerp_mode": "catmullrom"
						},
						"7.1333": {
							"post": [-1.73, -0.705, -0.55],
							"lerp_mode": "catmullrom"
						},
						"7.3333": {
							"post": [-1.16, -0.465, -1.58],
							"lerp_mode": "catmullrom"
						},
						"7.5": {
							"post": [-0.33, -3.285, -3.15],
							"lerp_mode": "catmullrom"
						},
						"7.6667": {
							"post": [-0.655, -2.76, -3.15],
							"lerp_mode": "catmullrom"
						},
						"7.8": {
							"post": [-0.725, -2.635, -3.15],
							"lerp_mode": "catmullrom"
						},
						"8.1667": {
							"post": [-0.855, -2.505, -3.15],
							"lerp_mode": "catmullrom"
						},
						"8.4333": {
							"post": [-0.85, -2.485, -3.15],
							"lerp_mode": "catmullrom"
						},
						"8.5333": {
							"post": [-0.725, -2.58, -3.15],
							"lerp_mode": "catmullrom"
						},
						"8.7": {
							"post": [-0.695, -2.505, -3.15],
							"lerp_mode": "catmullrom"
						},
						"8.7667": {
							"post": [-0.74, -2.435, -3.15],
							"lerp_mode": "catmullrom"
						},
						"8.9667": {
							"post": [-0.74, -2.355, -3.15],
							"lerp_mode": "catmullrom"
						},
						"9.3": {
							"post": [-0.74, -2.135, -3.15],
							"lerp_mode": "catmullrom"
						},
						"9.8333": {
							"post": [-0.74, -2.28, -3.15],
							"lerp_mode": "catmullrom"
						},
						"9.9333": [-0.74, -1.88, -2.875],
						"10.0667": [-0.74, -1.805, -2.88],
						"10.1": [-0.74, -1.8, -3.03],
						"10.1333": [-0.79, -2.025, -2.73],
						"10.1667": [-0.79, -2.02, -2.38],
						"10.2333": [-0.79, -1.895, -2.38],
						"10.3333": [-0.79, -1.69, -2.38],
						"10.4": {
							"pre": [-0.79, -1.89, -2.38],
							"post": [-0.79, -1.89, -2.38],
							"lerp_mode": "catmullrom"
						},
						"10.4667": {
							"post": [-0.79, -1.69, -2.38],
							"lerp_mode": "catmullrom"
						},
						"10.5333": {
							"post": [-1.015, -1.69, -2.38],
							"lerp_mode": "catmullrom"
						},
						"10.5667": {
							"post": [-1.02, -1.84, -2.38],
							"lerp_mode": "catmullrom"
						},
						"10.6333": {
							"post": [-1.02, -1.74, -2.38],
							"lerp_mode": "catmullrom"
						},
						"10.6667": {
							"post": [-1.02, -1.815, -2.38],
							"lerp_mode": "catmullrom"
						},
						"10.8": {
							"post": [-0.73, -0.67, -1.91],
							"lerp_mode": "catmullrom"
						},
						"10.9": {
							"post": [-0.07, -0.27, -0.71],
							"lerp_mode": "catmullrom"
						},
						"10.9333": {
							"post": [0, 0, 0.1],
							"lerp_mode": "catmullrom"
						},
						"11.0": {
							"post": [0.04, -0.04, 0.01],
							"lerp_mode": "catmullrom"
						},
						"11.0333": {
							"post": [0.03, -0.18, -0.42],
							"lerp_mode": "catmullrom"
						},
						"11.1": {
							"post": [0.01, 0.01, -0.12],
							"lerp_mode": "catmullrom"
						},
						"11.2333": {
							"post": [0, 0, 0.03],
							"lerp_mode": "catmullrom"
						},
						"11.3": {
							"post": [0, 0, 0.01],
							"lerp_mode": "catmullrom"
						},
						"11.3333": {
							"post": [0, 0, 0],
							"lerp_mode": "catmullrom"
						}
					}
				},
				"righthand": {
					"rotation": {
						"0.0667": {
							"pre": [80.182, -347.51417, -179.19809],
							"post": [80.182, -347.51417, -179.19809],
							"lerp_mode": "catmullrom"
						},
						"6.6": {
							"post": [80.18, -347.51, -179.2],
							"lerp_mode": "catmullrom"
						},
						"6.7667": {
							"post": [187.43382, -347.84788, -179.78561],
							"lerp_mode": "catmullrom"
						},
						"6.8667": {
							"post": [157.68, -347.51, -179.2],
							"lerp_mode": "catmullrom"
						},
						"6.9333": {
							"post": [150.2266, -342.89432, -171.20562],
							"lerp_mode": "catmullrom"
						},
						"7.0167": {
							"post": [155.24294, -335.42042, -155.96087],
							"lerp_mode": "catmullrom"
						},
						"7.1": {
							"post": [150.2266, -342.89432, -171.20562],
							"lerp_mode": "catmullrom"
						},
						"7.1333": {
							"post": [138.98, -342.89, -171.21],
							"lerp_mode": "catmullrom"
						},
						"7.1667": {
							"post": [129.48, -342.89, -171.21],
							"lerp_mode": "catmullrom"
						},
						"7.3333": {
							"post": [181.96309, -300.63497, -178.68462],
							"lerp_mode": "catmullrom"
						},
						"7.4": [121.20887, -273.13166, -176.90476],
						"7.5": [110.74012, -273.13166, -176.90476],
						"7.7333": [93.83477, -273.13166, -176.90476],
						"9.8": [91.95887, -273.13166, -176.90476],
						"10.1": [87.64967, -315.62993, -178.75603],
						"10.1333": [87.96449, -325.62268, -178.26167],
						"10.2333": [88.27137, -346.3618, -177.51971],
						"10.2667": [84.03745, -347.87467, -176.29941],
						"10.4": [90.22331, -346.25653, -169.28608],
						"10.4667": [108.98954, -333.65841, -164.3679],
						"10.5": [124.47331, -346.25653, -169.28608],
						"10.5667": [128.22331, -346.25653, -169.28608],
						"10.6333": [165.97, -346.26, -169.29],
						"10.6667": [168.21894, -344.29852, -160.46738],
						"10.7333": [166.64303, -345.60547, -166.5316],
						"10.9333": {
							"pre": [80.182, -347.51417, -179.19809],
							"post": [80.182, -347.51417, -179.19809],
							"lerp_mode": "catmullrom"
						}
					},
					"position": {
						"0.0667": {
							"pre": [-6.6, -12.475, 6.475],
							"post": [-6.6, -12.475, 6.475],
							"lerp_mode": "catmullrom"
						},
						"6.6": {
							"post": [-6.6, -12.48, 6.48],
							"lerp_mode": "catmullrom"
						},
						"6.8667": {
							"post": [-8.625, -9.305, 3.63],
							"lerp_mode": "catmullrom"
						},
						"6.9333": {
							"post": [-8.62, -9.31, 2.33],
							"lerp_mode": "catmullrom"
						},
						"7.0167": {
							"post": [-8.62, -8.97, 2.19],
							"lerp_mode": "catmullrom"
						},
						"7.0667": {
							"post": [-8.62, -8.97, 2.19],
							"lerp_mode": "catmullrom"
						},
						"7.1": {
							"post": [-8.62, -9.31, 2.33],
							"lerp_mode": "catmullrom"
						},
						"7.1333": {
							"post": [-8.62, -11.76, 5.58],
							"lerp_mode": "catmullrom"
						},
						"7.1667": {
							"post": [-9.62, -14.53, 8.26],
							"lerp_mode": "catmullrom"
						},
						"7.2333": {
							"post": [-12.095, -14.53, 10.685],
							"lerp_mode": "catmullrom"
						},
						"7.3333": {
							"post": [-10.215, -14.53, 15.705],
							"lerp_mode": "catmullrom"
						},
						"7.4": [-7.59, -14.53, 15.31],
						"7.6833": [-7.59, -14.405, 15.31],
						"7.9833": [-7.59, -14.53, 15.31],
						"9.8": [-7.59, -14.53, 15.31],
						"10.1": [-7.94, -14.13, 12.61],
						"10.1333": [-7.94, -14.13, 12.21],
						"10.2333": [-7.49, -14.13, 13.06],
						"10.4": [-8.015, -14.13, 13.06],
						"10.5": [-8.01, -12.205, 11.585],
						"10.5667": [-8.01, -14.6, 11.565],
						"10.6": [-8.01, -14, 13.23],
						"10.6333": [-8.01, -14.6, 14.895],
						"10.6667": [-8.01, -14.75, 14.9],
						"10.7333": [-8.01, -14.425, 14.9],
						"10.8333": [-9.185, -14.13, 10.69],
						"10.9333": {
							"pre": [-6.6, -12.475, 6.475],
							"post": [-6.6, -12.475, 6.475],
							"lerp_mode": "catmullrom"
						}
					},
					"scale": {
						"0.0667": {
							"pre": [1, 1.5, 1],
							"post": [1, 1.5, 1],
							"lerp_mode": "catmullrom"
						}
					}
				},
				"lefthand": {
					"rotation": {
						"0.0667": [103.45128, -16.94315, 227.82872],
						"0.2667": [109.87733, -38.93862, 221.19],
						"0.3667": [111.28827, -52.20016, 214.70321],
						"1.6": [111.29146, -52.19693, 214.70535],
						"1.7": [177.45892, -65.36656, 135.17329],
						"1.8": [112.07022, -71.64209, 173.3023],
						"6.0333": [112.07022, -71.64209, 173.3023],
						"6.2333": [103.45128, -16.94315, 227.82872],
						"6.4667": [87.63538, -21.60667, 228.78489],
						"10.7333": [87.6337, -21.60326, 228.78165],
						"10.9": [103.45128, -16.94315, 227.82872]
					},
					"position": {
						"0.0667": [8.125, -11.45, -8.525],
						"0.2667": [8.13, -14.175, -7.43],
						"0.3667": [8.125, -11.45, -3.55],
						"1.6": [8.13, -11.45, -3.55],
						"1.7167": [10.37, -11.88, -3.39],
						"1.8": [8.13, -10.15, -2.6],
						"6.0333": [8.13, -10.15, -2.6],
						"6.2333": [8.125, -11.45, -8.525],
						"10.7333": [8.13, -11.45, -8.53],
						"10.9": [8.125, -11.45, -8.525]
					},
					"scale": [1, 1.5, 1]
				},
				"bullet_in_chamber2": {
					"rotation": {
						"7.1": [0, 0, 0],
						"7.1333": [0, 0, 0],
						"7.2333": [42, 0, 0],
						"7.2667": [84, 0, 0],
						"7.4": [447.5, 0, 0],
						"8.4667": [447.5, 0, 0],
						"8.8333": [447.96428, -1.45145, -35.47421],
						"9.8": [447.96428, -1.45145, -35.47421],
						"9.8667": [442.20404, 2.9905, 0.99625],
						"10.0667": [403.20404, 2.9905, 0.99625],
						"10.1333": [383.07243, 1.7943, 0.59775],
						"10.2333": [360, 0, 0]
					},
					"position": {
						"7.1": [0, -0.35, -2],
						"7.1333": [0, -0.35, -2],
						"7.1667": [0, -0.65, 0.25],
						"7.2333": [0, 1.95, 1.15],
						"7.3333": [0, 3.2, 3.18],
						"7.3667": [0, 3.15, 4.155],
						"7.4": [0, 2.45, 5.035],
						"8.4667": [0, 2.45, 5.04],
						"8.8333": [0.75, 1.7, 5.04],
						"9.8": [0.75, 1.7, 5.04],
						"9.8667": [0.055, 1.45, 4.32],
						"10.0667": [-0.05, 0.86, 1.46],
						"10.1333": [0.04, 0.005, 0.005],
						"10.2333": [0, 0, 0]
					},
					"scale": {
						"0.0": [0, 0, 0],
						"7.1": [0, 0, 0],
						"7.1333": [1, 1, 1],
						"10.7": [1, 1, 1],
						"10.7333": [0, 0, 0]
					}
				},
				"trapdoor": {
					"rotation": {
						"7.1": [0, 0, 0],
						"7.1333": [90, 0, 0],
						"7.1667": [101.25, 0, 0],
						"7.2667": [100.5, 0, 0],
						"10.5": [100.5, 0, 0],
						"10.6": [43, 0, 0],
						"10.6333": [-2, 0, 0],
						"10.6667": [0, 0, 0]
					},
					"position": {
						"7.1": [0, 0, 0],
						"10.5667": [0, 0, 0]
					}
				},
				"gun_and_rh": {
					"rotation": {
						"7.3667": {
							"pre": [0, 0, 0],
							"post": [0, 0, 0],
							"lerp_mode": "catmullrom"
						},
						"7.5333": {
							"post": [0, 0, 17.75],
							"lerp_mode": "catmullrom"
						},
						"7.6667": {
							"post": [0, 0, -18.75],
							"lerp_mode": "catmullrom"
						},
						"7.8667": {
							"post": [18.5, 0, -41],
							"lerp_mode": "catmullrom"
						},
						"8.2333": {
							"post": [21.35586, 3.74671, -43.0211],
							"lerp_mode": "catmullrom"
						},
						"8.4333": {
							"post": [22.11636, 3.98161, -42.92568],
							"lerp_mode": "catmullrom"
						},
						"8.6667": {
							"post": [10.81889, 3.07245, -37.99589],
							"lerp_mode": "catmullrom"
						},
						"8.8": {
							"post": [-8.88364, 3.98161, -42.92568],
							"lerp_mode": "catmullrom"
						},
						"8.9667": {
							"post": [-11.02745, 4.26991, -41.44982],
							"lerp_mode": "catmullrom"
						},
						"9.0667": [-10.52745, 4.26991, -41.44982],
						"9.2333": [-10.41379, 4.54252, -39.97042],
						"9.8": [-10.41379, 4.54252, -39.97042],
						"10.0333": [-11.93361, -6.96723, 0.5934],
						"10.0667": [-5.68361, -6.96723, 0.5934],
						"10.1": [-7.93361, -6.96723, 0.5934],
						"10.1667": [0, 0, 0],
						"10.7333": [-16.68361, -6.96723, 0.5934],
						"10.9333": [0, 0, 0]
					},
					"position": {
						"7.1": [0, 0, 0],
						"7.1333": [0, 7.8, -10],
						"7.3667": {
							"pre": [0, 7.8, -10],
							"post": [0, 7.8, -10],
							"lerp_mode": "catmullrom"
						},
						"7.4": {
							"post": [-0.1, 6.4, -10],
							"lerp_mode": "catmullrom"
						},
						"7.5667": {
							"post": [-0.1, 4.725, -7.675],
							"lerp_mode": "catmullrom"
						},
						"7.6667": {
							"post": [-0.52, 8.175, -10],
							"lerp_mode": "catmullrom"
						},
						"7.7667": {
							"post": [-0.54, 9.45, -10.72],
							"lerp_mode": "catmullrom"
						},
						"7.9333": {
							"post": [-0.52, 9.155, -11.2],
							"lerp_mode": "catmullrom"
						},
						"8.2333": {
							"post": [-0.62, 8.08, -11.525],
							"lerp_mode": "catmullrom"
						},
						"8.4333": {
							"post": [-0.62, 8.08, -11.63],
							"lerp_mode": "catmullrom"
						},
						"8.6667": {
							"post": [-0.31, 7.95, -11.16],
							"lerp_mode": "catmullrom"
						},
						"8.8": {
							"post": [0.205, 8.93, -10.355],
							"lerp_mode": "catmullrom"
						},
						"8.9667": {
							"post": [0.21, 8.955, -10.35],
							"lerp_mode": "catmullrom"
						},
						"9.0667": [0.26, 8.96, -10.35],
						"9.8": [0.26, 8.96, -10.35],
						"10.0333": [-0.17, 8.03, -8.05],
						"10.0667": [-0.17, 7.655, -8.375],
						"10.1": [-0.17, 7.6, -8.37],
						"10.1667": [-0.17, 7.25, -9.095],
						"10.2": [-0.17, 7.25, -9.575],
						"10.2333": [-0.17, 6.95, -11.57],
						"10.7333": [-0.17, 6.85, -12.175],
						"10.9333": [0, 0, 0]
					}
				},
				"head2": {
					"scale": 1
				},
				"mag_and_lh": {
					"rotation": {
						"0.0": [0, 0, 0],
						"7.3333": [0, 0, 0],
						"7.5333": [1.8, 0, 0],
						"7.7333": [2.05, 0, 0],
						"8.1667": [0, 0, 0]
					},
					"position": {
						"0.0": [0, 0, 0],
						"7.5333": [0, 0.575, 0],
						"8.1667": [0, 0, 0]
					}
				},
				"bullet_in_chamber": {
					"scale": 0
				},
				"shell2": {
					"rotation": [0, 0, 0],
					"position": [0, 0, 0]
				},
				"camera": {
					"rotation": {
						"0.0": {
							"post": [0, 0, 0],
							"lerp_mode": "catmullrom"
						},
						"0.0667": {
							"post": [0.25, 0.075, -0.15],
							"lerp_mode": "catmullrom"
						},
						"0.3333": {
							"post": [-0.275, -0.17, 0.025],
							"lerp_mode": "catmullrom"
						},
						"0.5": {
							"post": [-0.47, 0.08, -0.075],
							"lerp_mode": "catmullrom"
						},
						"0.6": {
							"post": [-0.315, 0.05, -0.17],
							"lerp_mode": "catmullrom"
						},
						"0.7333": {
							"post": [-0.37, -0.045, -0.05],
							"lerp_mode": "catmullrom"
						},
						"0.9333": {
							"post": [-0.37, -0.05, 0.245],
							"lerp_mode": "catmullrom"
						},
						"1.1": {
							"post": [0.005, -0.265, -0.08],
							"lerp_mode": "catmullrom"
						},
						"1.3667": {
							"post": [0.705, -0.09, -0.08],
							"lerp_mode": "catmullrom"
						},
						"1.6": {
							"post": [2.305, 0.26, -0.73],
							"lerp_mode": "catmullrom"
						},
						"2.8": {
							"post": [7.53, 1.21, 0.175],
							"lerp_mode": "catmullrom"
						},
						"3.2667": {
							"post": [9.005, 1.435, 0.055],
							"lerp_mode": "catmullrom"
						},
						"3.7": {
							"post": [9.71, 1.085, -0.195],
							"lerp_mode": "catmullrom"
						},
						"4.4333": {
							"post": [8.515, 1.21, -0.045],
							"lerp_mode": "catmullrom"
						},
						"5.0333": {
							"post": [8.99, 1.21, -0.945],
							"lerp_mode": "catmullrom"
						},
						"5.7333": {
							"post": [8.99, 1.21, -0.045],
							"lerp_mode": "catmullrom"
						},
						"5.9333": {
							"post": [9.025, 1.485, 0.34],
							"lerp_mode": "catmullrom"
						},
						"6.0667": {
							"post": [4.815, 1.735, 0.525],
							"lerp_mode": "catmullrom"
						},
						"6.2333": {
							"post": [1.865, 0.16, 0.025],
							"lerp_mode": "catmullrom"
						},
						"6.4333": {
							"post": [0.39, -0.64, 0.625],
							"lerp_mode": "catmullrom"
						},
						"6.5": {
							"post": [-0.085, -0.64, 0.885],
							"lerp_mode": "catmullrom"
						},
						"6.7": {
							"post": [-0.085, -0.515, 0.75],
							"lerp_mode": "catmullrom"
						},
						"7.1": {
							"post": [-0.085, 0.16, 1.65],
							"lerp_mode": "catmullrom"
						},
						"7.1333": {
							"post": [0.965, 0.685, -2.1],
							"lerp_mode": "catmullrom"
						},
						"7.2333": {
							"post": [-0.36, -1.04, 0.42],
							"lerp_mode": "catmullrom"
						},
						"7.3": {
							"post": [-0.975, -1.165, 0.635],
							"lerp_mode": "catmullrom"
						},
						"7.3667": {
							"post": [-0.36, -0.64, 1.225],
							"lerp_mode": "catmullrom"
						},
						"7.4": {
							"post": [0.945, -0.365, 0.735],
							"lerp_mode": "catmullrom"
						},
						"7.4333": {
							"post": [1.575, -0.22, 0.43],
							"lerp_mode": "catmullrom"
						},
						"7.6333": {
							"post": [-0.26, 0.16, -0.35],
							"lerp_mode": "catmullrom"
						},
						"7.8": {
							"post": [0.205, 0.18, -0.18],
							"lerp_mode": "catmullrom"
						},
						"7.9333": {
							"post": [-0.195, 0.16, 0.055],
							"lerp_mode": "catmullrom"
						},
						"8.3": {
							"post": [-0.01, 0.16, -0.06],
							"lerp_mode": "catmullrom"
						},
						"8.6": {
							"post": [0.3, 0, 0],
							"lerp_mode": "catmullrom"
						},
						"8.8667": {
							"post": [1.225, -0.65, 0.625],
							"lerp_mode": "catmullrom"
						},
						"9.0": {
							"post": [1.755, -0.65, 0.33],
							"lerp_mode": "catmullrom"
						},
						"9.3": {
							"post": [1.83, -0.65, 0.58],
							"lerp_mode": "catmullrom"
						},
						"9.8": {
							"post": [1.68, -0.65, 0.48],
							"lerp_mode": "catmullrom"
						},
						"10.0667": {
							"post": [0.185, -0.1, -0.32],
							"lerp_mode": "catmullrom"
						},
						"10.1333": {
							"post": [-0.04, 0.425, -0.195],
							"lerp_mode": "catmullrom"
						},
						"10.1667": {
							"post": [-0.19, 0.025, -0.065],
							"lerp_mode": "catmullrom"
						},
						"10.2333": {
							"post": [-0.04, -0.225, 0.19],
							"lerp_mode": "catmullrom"
						},
						"10.2667": {
							"post": [0.285, 0.35, -0.185],
							"lerp_mode": "catmullrom"
						},
						"10.3": {
							"post": [-0.04, 0.025, 0.095],
							"lerp_mode": "catmullrom"
						},
						"10.4333": {
							"post": [-0.315, -0.05, 0.3],
							"lerp_mode": "catmullrom"
						},
						"10.5333": {
							"post": [-0.19, -0.05, 0.4],
							"lerp_mode": "catmullrom"
						},
						"10.6": {
							"post": [0.135, 0.225, 0.225],
							"lerp_mode": "catmullrom"
						},
						"10.6333": {
							"post": [0.035, 0.025, -0.395],
							"lerp_mode": "catmullrom"
						},
						"10.7333": {
							"post": [0.01, -0.175, 0.085],
							"lerp_mode": "catmullrom"
						},
						"10.9": {
							"post": [-0.065, -0.025, 0.34],
							"lerp_mode": "catmullrom"
						},
						"11.1667": {
							"post": [0, 0, 0],
							"lerp_mode": "catmullrom"
						}
					}
				},
				"hammer": {
					"rotation": [-45, 0, 0]
				},
				"bullet": {
					"position": [0, -4, 0]
				}
			},
			"sound_effects": {
				"0.0": {
					"effect": "tacz:springfield1873/springfield1873_inspect_empty_up"
				},
				"1.2333": {
					"effect": "tacz:springfield1873/springfield1873_inspect_empty_rotate"
				},
				"4.2": {
					"effect": "tacz:springfield1873/springfield1873_inspect_empty_mvmnt"
				},
				"6.0": {
					"effect": "tacz:springfield1873/springfield1873_inspect_empty_closer"
				},
				"7.0667": {
					"effect": "tacz:springfield1873/springfield1873_inspect_leveropen"
				},
				"7.2167": {
					"effect": "tacz:springfield1873/springfield1873_shell_casing"
				},
				"7.4": {
					"effect": "tacz:springfield1873/springfield1873_inspect_rattle_catchbullet"
				},
				"8.4": {
					"effect": "tacz:springfield1873/springfield1873_inspect_mvmnt2"
				},
				"9.9667": {
					"effect": "tacz:springfield1873/springfield1873_reload_load"
				},
				"10.4667": {
					"effect": "tacz:springfield1873/springfield1873_reload_closebolt"
				},
				"11.0333": {
					"effect": "tacz:springfield1873/springfield1873_inspect_end"
				}
			}
		},
		"inspect_empty": {
			"loop": "hold_on_last_frame",
			"animation_length": 10.1667,
			"bones": {
				"constraint": {
					"rotation": [0.2, 0.2, 0.2]
				},
				"root": {
					"rotation": {
						"0.0": {
							"post": [0, 0, 0],
							"lerp_mode": "catmullrom"
						},
						"0.1667": {
							"post": [-4.09882, -4.5091, 15.43498],
							"lerp_mode": "catmullrom"
						},
						"0.3667": {
							"post": [-6.9752, -21.75934, -0.38432],
							"lerp_mode": "catmullrom"
						},
						"0.5": {
							"post": [-5.41629, -24.13247, -14.00811],
							"lerp_mode": "catmullrom"
						},
						"0.5667": {
							"post": [-7.61387, -23.56468, -8.57634],
							"lerp_mode": "catmullrom"
						},
						"0.7": [-6.52, -24.31, -10.68],
						"0.7333": [-6.46, -24.35, -10.81],
						"0.7667": [-6.39, -24.4, -10.99],
						"0.8": [-6.3, -24.47, -11.19],
						"0.8333": [-6.21, -24.54, -11.42],
						"0.8667": [-6.12, -24.62, -11.66],
						"0.9": [-6.03, -24.69, -11.89],
						"0.9333": [-5.94, -24.76, -12.12],
						"0.9667": [-5.86, -24.82, -12.33],
						"1.0": [-5.8, -24.87, -12.51],
						"1.0333": [-5.75, -24.9, -12.64],
						"1.0667": [-5.71, -24.9, -12.73],
						"1.1": [-5.7, -24.88, -12.75],
						"1.1333": [-5.72, -24.83, -12.71],
						"1.1667": [-5.76, -24.74, -12.58],
						"1.2": [-5.84, -24.62, -12.36],
						"1.2333": [-5.96, -24.45, -12.04],
						"1.2667": [-6.13, -24.11, -11.53],
						"1.3": [-6.23, -23.76, -11.19],
						"1.3333": [-6.31, -23.37, -10.86],
						"1.3667": [-6.47, -22.9, -10.34],
						"1.4": [-6.76, -22.31, -9.46],
						"1.4333": [-7.27, -21.57, -8.04],
						"1.4667": [-8.07, -20.64, -5.89],
						"1.5": [-9.24, -19.49, -2.84],
						"1.5333": [-10.84, -18.07, 1.3],
						"1.8333": [-33.39, 6.04, 68.95],
						"1.8667": [-35.46447, 9.98175, 72.48389],
						"1.9333": [-37.03832, 4.45511, 72.32435],
						"2.1": {
							"pre": [-39.11597, 4.50829, 74.48083],
							"post": [-39.11597, 4.50829, 74.48083],
							"lerp_mode": "catmullrom"
						},
						"2.2333": {
							"post": [-39.19802, 3.56109, 73.31483],
							"lerp_mode": "catmullrom"
						},
						"2.4333": {
							"post": [-39.12119, 3.25823, 74.52516],
							"lerp_mode": "catmullrom"
						},
						"2.6": {
							"post": [-39.12185, 3.23874, 74.18842],
							"lerp_mode": "catmullrom"
						},
						"3.1667": {
							"post": [-39.18533, 2.15323, 73.16661],
							"lerp_mode": "catmullrom"
						},
						"4.0333": {
							"post": [-39.90167, 1.88756, 74.02848],
							"lerp_mode": "catmullrom"
						},
						"4.2333": {
							"post": [-39.9, 1.89, 74.03],
							"lerp_mode": "catmullrom"
						},
						"4.3": {
							"post": [-40.28893, 2.40247, 73.69991],
							"lerp_mode": "catmullrom"
						},
						"4.4333": {
							"post": [-41.15319, 5.53992, 74.88983],
							"lerp_mode": "catmullrom"
						},
						"4.6": {
							"post": [-41.38793, 7.81647, 75.21797],
							"lerp_mode": "catmullrom"
						},
						"5.0": {
							"post": [-41.59894, 7.09056, 75.53113],
							"lerp_mode": "catmullrom"
						},
						"5.6667": [-41.80456, 7.06945, 75.88676],
						"6.0333": [-42.11945, 6.21748, 75.30858],
						"6.1": [-38.26232, -2.97207, 62.61152],
						"6.2333": {
							"pre": [-25.46145, -3.43302, 37.93888],
							"post": [-25.46145, -3.43302, 37.93888],
							"lerp_mode": "catmullrom"
						},
						"6.3333": {
							"post": [-3.50562, 3.24393, 19.80138],
							"lerp_mode": "catmullrom"
						},
						"6.4333": {
							"post": [-3.67558, 2.67514, 10.07983],
							"lerp_mode": "catmullrom"
						},
						"6.5667": {
							"post": [-5.26548, 2.49314, 8.0861],
							"lerp_mode": "catmullrom"
						},
						"6.6": {
							"post": [-5.74, 2.46, 8.33],
							"lerp_mode": "catmullrom"
						},
						"6.6333": {
							"post": [-5.67494, 2.80509, 12.47137],
							"lerp_mode": "catmullrom"
						},
						"6.7": {
							"post": [-4.49161, 2.32267, 9.02273],
							"lerp_mode": "catmullrom"
						},
						"6.7667": {
							"post": [-4.56521, 2.39492, 11.90915],
							"lerp_mode": "catmullrom"
						},
						"6.8667": {
							"post": [-5.05718, 2.32413, 13.85229],
							"lerp_mode": "catmullrom"
						},
						"7.0333": {
							"post": [-5.11609, 2.19113, 12.35704],
							"lerp_mode": "catmullrom"
						},
						"7.1333": {
							"post": [-4.64235, 1.83981, 8.13788],
							"lerp_mode": "catmullrom"
						},
						"7.3": {
							"post": [-3.93426, 2.03284, 10.61589],
							"lerp_mode": "catmullrom"
						},
						"7.5": {
							"post": [-3.96907, 1.96392, 9.61766],
							"lerp_mode": "catmullrom"
						},
						"7.6667": {
							"post": [-4.48, 1.99, 9.96],
							"lerp_mode": "catmullrom"
						},
						"7.9667": {
							"post": [-5.22, 2.11, 11.72],
							"lerp_mode": "catmullrom"
						},
						"8.2": {
							"post": [-5.22146, 2.15558, 12.25826],
							"lerp_mode": "catmullrom"
						},
						"8.4": {
							"post": [-5.13907, 2.12355, 11.86336],
							"lerp_mode": "catmullrom"
						},
						"8.5667": {
							"post": [-5.14, 2.12, 11.86],
							"lerp_mode": "catmullrom"
						},
						"8.6333": {
							"post": [-4.66721, 2.05263, 11.11254],
							"lerp_mode": "catmullrom"
						},
						"8.6667": {
							"post": [-5.22754, 1.90931, 9.36737],
							"lerp_mode": "catmullrom"
						},
						"8.7": {
							"post": [-2.44516, 2.70156, 10.335],
							"lerp_mode": "catmullrom"
						},
						"8.7667": {
							"post": [-3.02439, 2.89149, 13.83401],
							"lerp_mode": "catmullrom"
						},
						"8.8333": {
							"post": [-2.02439, 2.89149, 6.70901],
							"lerp_mode": "catmullrom"
						},
						"8.9333": {
							"post": [-2.21904, 3.00966, 7.33667],
							"lerp_mode": "catmullrom"
						},
						"9.0667": {
							"post": [-5.17523, 3.21946, -3.34555],
							"lerp_mode": "catmullrom"
						},
						"9.2": {
							"post": [-6.38803, 3.23581, -2.94866],
							"lerp_mode": "catmullrom"
						},
						"9.3": {
							"post": [-6.52971, 3.2507, -6.85263],
							"lerp_mode": "catmullrom"
						},
						"9.3333": {
							"post": [-5.58903, 4.28189, 3.74696],
							"lerp_mode": "catmullrom"
						},
						"9.4": {
							"post": [-5.63, 3.79, -3.26],
							"lerp_mode": "catmullrom"
						},
						"9.4667": {
							"post": [-5.4, 3, -3.91],
							"lerp_mode": "catmullrom"
						},
						"9.5667": {
							"post": [-2.23, 1.72, 3.995],
							"lerp_mode": "catmullrom"
						},
						"9.6333": {
							"post": [-0.13832, 0.53756, 3.20079],
							"lerp_mode": "catmullrom"
						},
						"9.7333": {
							"post": [0.92, -0.57, 1.05],
							"lerp_mode": "catmullrom"
						},
						"9.8333": {
							"post": [1.01, 0.4, -2.67],
							"lerp_mode": "catmullrom"
						},
						"9.9333": {
							"post": [-0.21, 0.15, 1.04],
							"lerp_mode": "catmullrom"
						},
						"10.0667": {
							"post": [-0.07, 0.05, 0.47],
							"lerp_mode": "catmullrom"
						},
						"10.1333": {
							"post": [-0.03, 0.02, 0.18],
							"lerp_mode": "catmullrom"
						},
						"10.1667": {
							"post": [0, 0, 0],
							"lerp_mode": "catmullrom"
						}
					},
					"position": {
						"0.0": {
							"post": [0, 0, 0],
							"lerp_mode": "catmullrom"
						},
						"0.1667": {
							"post": [-0.57, -0.94, -0.22],
							"lerp_mode": "catmullrom"
						},
						"0.2667": {
							"post": [-1.42, -1.81, -0.55],
							"lerp_mode": "catmullrom"
						},
						"0.3667": {
							"post": [-2.275, -0.575, -0.875],
							"lerp_mode": "catmullrom"
						},
						"0.5": {
							"post": [-2.205, -0.57, -0.87],
							"lerp_mode": "catmullrom"
						},
						"0.5667": {
							"post": [-2.2, -0.445, -0.87],
							"lerp_mode": "catmullrom"
						},
						"0.7333": [-2.3, -0.39, -0.77],
						"0.7667": [-2.31, -0.39, -0.77],
						"0.8": [-2.31, -0.38, -0.76],
						"0.8333": [-2.32, -0.37, -0.76],
						"0.8667": [-2.33, -0.36, -0.76],
						"0.9": [-2.33, -0.36, -0.76],
						"0.9333": [-2.34, -0.35, -0.76],
						"0.9667": [-2.35, -0.34, -0.76],
						"1.0": [-2.36, -0.33, -0.76],
						"1.0333": [-2.36, -0.33, -0.77],
						"1.0667": [-2.36, -0.32, -0.77],
						"1.1": [-2.36, -0.32, -0.77],
						"1.1333": [-2.36, -0.32, -0.77],
						"1.1667": [-2.35, -0.32, -0.77],
						"1.2": [-2.34, -0.33, -0.77],
						"1.2333": [-2.32, -0.34, -0.77],
						"1.2667": [-2.3, -0.37, -0.77],
						"1.3": [-2.26, -0.42, -0.77],
						"1.3333": [-2.23, -0.49, -0.77],
						"1.3667": [-2.19, -0.56, -0.78],
						"1.4": [-2.13, -0.63, -0.78],
						"1.4333": [-2.07, -0.69, -0.78],
						"1.4667": [-1.99, -0.73, -0.78],
						"1.5": [-1.89, -0.75, -0.77],
						"1.5333": [-1.78, -0.74, -0.77],
						"1.7": {
							"pre": [-0.96, -1.89, 1.255],
							"post": [-0.96, -1.89, 1.255],
							"lerp_mode": "catmullrom"
						},
						"1.8667": [-0.145, 0.16, -0.77],
						"2.1": {
							"pre": [-0.065, 0.16, -0.77],
							"post": [-0.065, 0.16, -0.77],
							"lerp_mode": "catmullrom"
						},
						"2.2333": {
							"post": [-0.07, 0.21, -0.67],
							"lerp_mode": "catmullrom"
						},
						"2.4333": {
							"post": [-0.07, 0.285, -0.67],
							"lerp_mode": "catmullrom"
						},
						"3.1667": {
							"post": [-0.07, 0.315, -0.67],
							"lerp_mode": "catmullrom"
						},
						"4.2333": {
							"post": [-0.07, 0.32, -0.67],
							"lerp_mode": "catmullrom"
						},
						"4.4333": {
							"post": [-0.07, 0.47, -0.37],
							"lerp_mode": "catmullrom"
						},
						"4.6": {
							"post": [-0.07, 0.545, -0.32],
							"lerp_mode": "catmullrom"
						},
						"5.0": {
							"post": [-0.07, 0.575, -0.445],
							"lerp_mode": "catmullrom"
						},
						"5.6667": [-0.07, 0.555, -0.4],
						"6.0333": [-0.095, 0.5, -0.4],
						"6.1": [0.02, -0.78, -0.29],
						"6.2333": {
							"pre": [-0.06, -2.125, -0.23],
							"post": [-0.06, -2.125, -0.23],
							"lerp_mode": "catmullrom"
						},
						"6.3667": {
							"post": [-1.6, -1.125, -0.6],
							"lerp_mode": "catmullrom"
						},
						"6.4333": {
							"post": [-1.77, -1.135, -0.63],
							"lerp_mode": "catmullrom"
						},
						"6.5667": {
							"post": [-1.77, -1.135, -0.63],
							"lerp_mode": "catmullrom"
						},
						"6.6333": {
							"post": [-1.77, -1.2, -0.43],
							"lerp_mode": "catmullrom"
						},
						"6.7": {
							"post": [-1.77, -1.14, -0.26],
							"lerp_mode": "catmullrom"
						},
						"6.7667": {
							"post": [-1.76, -1.05, -0.505],
							"lerp_mode": "catmullrom"
						},
						"6.8667": {
							"post": [-1.75, -0.895, -0.6],
							"lerp_mode": "catmullrom"
						},
						"7.0333": {
							"post": [-1.75, -0.69, -0.55],
							"lerp_mode": "catmullrom"
						},
						"7.1667": {
							"post": [-1.775, -0.765, -0.55],
							"lerp_mode": "catmullrom"
						},
						"7.2333": {
							"post": [-1.73, -0.705, -0.55],
							"lerp_mode": "catmullrom"
						},
						"7.3667": {
							"post": [-1.77, -0.46, -0.55],
							"lerp_mode": "catmullrom"
						},
						"7.5": {
							"post": [-1.77, -0.435, -0.55],
							"lerp_mode": "catmullrom"
						},
						"7.8333": {
							"post": [-1.77, -0.57, -0.53],
							"lerp_mode": "catmullrom"
						},
						"8.1333": {
							"post": [-1.77, -0.58, -0.54],
							"lerp_mode": "catmullrom"
						},
						"8.4": {
							"post": [-1.77, -0.63, -0.57],
							"lerp_mode": "catmullrom"
						},
						"8.5667": {
							"post": [-1.77, -0.63, -0.57],
							"lerp_mode": "catmullrom"
						},
						"8.6333": {
							"post": [-1.77, -0.53, -0.57],
							"lerp_mode": "catmullrom"
						},
						"8.6667": {
							"post": [-1.77, -0.555, -0.57],
							"lerp_mode": "catmullrom"
						},
						"8.7": {
							"post": [-1.77, -0.76, -0.37],
							"lerp_mode": "catmullrom"
						},
						"8.7667": {
							"post": [-1.77, -0.585, -0.37],
							"lerp_mode": "catmullrom"
						},
						"8.8333": {
							"post": [-1.77, -0.585, -0.37],
							"lerp_mode": "catmullrom"
						},
						"8.9": {
							"post": [-1.49, -0.36, -0.46],
							"lerp_mode": "catmullrom"
						},
						"9.0": {
							"post": [-1.045, -0.005, -1.065],
							"lerp_mode": "catmullrom"
						},
						"9.1333": {
							"post": [-1.275, -0.98, -1.445],
							"lerp_mode": "catmullrom"
						},
						"9.2333": {
							"post": [-0.935, -0.8, -1.1],
							"lerp_mode": "catmullrom"
						},
						"9.3": {
							"post": [-0.925, -0.83, -1.44],
							"lerp_mode": "catmullrom"
						},
						"9.3333": {
							"post": [-0.95, -0.905, -1.24],
							"lerp_mode": "catmullrom"
						},
						"9.4333": {
							"post": [-0.945, -0.9, -1.515],
							"lerp_mode": "catmullrom"
						},
						"9.6": {
							"post": [-0.27, -0.08, -1.18],
							"lerp_mode": "catmullrom"
						},
						"9.7333": {
							"post": [-0.07, -0.27, -0.11],
							"lerp_mode": "catmullrom"
						},
						"9.7667": {
							"post": [0, 0, 0.1],
							"lerp_mode": "catmullrom"
						},
						"9.8333": {
							"post": [0.04, -0.04, 0.01],
							"lerp_mode": "catmullrom"
						},
						"9.8667": {
							"post": [0.03, -0.18, -0.42],
							"lerp_mode": "catmullrom"
						},
						"9.9333": {
							"post": [0.01, 0.01, -0.12],
							"lerp_mode": "catmullrom"
						},
						"10.0667": {
							"post": [0, 0, 0.03],
							"lerp_mode": "catmullrom"
						},
						"10.1333": {
							"post": [0, 0, 0.01],
							"lerp_mode": "catmullrom"
						},
						"10.1667": {
							"post": [0, 0, 0],
							"lerp_mode": "catmullrom"
						}
					}
				},
				"righthand": {
					"rotation": {
						"0.0667": {
							"pre": [80.182, -347.51417, -179.19809],
							"post": [80.182, -347.51417, -179.19809],
							"lerp_mode": "catmullrom"
						},
						"6.3667": {
							"post": [80.18, -347.51, -179.2],
							"lerp_mode": "catmullrom"
						},
						"6.5333": {
							"post": [153.9022, -373.32175, -167.47325],
							"lerp_mode": "catmullrom"
						},
						"6.6333": {
							"post": [129.11481, -347.88489, -179.84976],
							"lerp_mode": "catmullrom"
						},
						"6.7667": {
							"post": [134.75111, -349.81458, -177.85266],
							"lerp_mode": "catmullrom"
						},
						"6.9333": {
							"post": [157.68, -347.51, -179.2],
							"lerp_mode": "catmullrom"
						},
						"7.0667": {
							"post": [150.2266, -342.89432, -171.20562],
							"lerp_mode": "catmullrom"
						},
						"7.3": {
							"post": [157.9766, -342.89432, -171.20562],
							"lerp_mode": "catmullrom"
						},
						"7.4333": {
							"post": [145.7266, -342.89432, -171.20562],
							"lerp_mode": "catmullrom"
						},
						"7.6": [150.7266, -342.89432, -171.20562],
						"7.7667": [147.64326, -342.47176, -171.4856],
						"8.5": [147.64326, -342.47176, -171.4856],
						"8.5667": [149.91468, -338.57938, -164.68346],
						"8.6333": [150.52394, -337.71012, -163.04697],
						"8.7": [170.63614, -324.72489, -122.84685],
						"8.7667": [177.09665, -323.75977, -111.814],
						"9.0667": {
							"pre": [80.182, -347.51417, -179.19809],
							"post": [80.182, -347.51417, -179.19809],
							"lerp_mode": "catmullrom"
						}
					},
					"position": {
						"0.0667": {
							"pre": [-6.6, -12.475, 6.475],
							"post": [-6.6, -12.475, 6.475],
							"lerp_mode": "catmullrom"
						},
						"6.3667": {
							"post": [-6.6, -12.48, 6.48],
							"lerp_mode": "catmullrom"
						},
						"6.5333": {
							"post": [-8.625, -8.605, 5.755],
							"lerp_mode": "catmullrom"
						},
						"6.6333": {
							"post": [-8.77, -9.81, 6.67],
							"lerp_mode": "catmullrom"
						},
						"6.7667": {
							"post": [-8.77, -9.81, 6.67],
							"lerp_mode": "catmullrom"
						},
						"6.9333": {
							"post": [-8.625, -9.305, 3.63],
							"lerp_mode": "catmullrom"
						},
						"7.0667": {
							"post": [-8.62, -9.31, 2.33],
							"lerp_mode": "catmullrom"
						},
						"7.3": {
							"post": [-8.62, -8.485, 1.155],
							"lerp_mode": "catmullrom"
						},
						"7.4333": {
							"post": [-8.62, -8.49, 0.91],
							"lerp_mode": "catmullrom"
						},
						"7.6": [-8.62, -8.615, 0.96],
						"8.5": [-8.62, -8.615, 0.96],
						"8.5667": [-8.62, -8.095, 2.96],
						"8.6333": [-8.62, -8.015, 5.96],
						"8.7": [-7.87, -8.81, 3.96],
						"8.7667": [-7.87, -8.46, 0.96],
						"8.9667": [-8.765, -10.02, 3.03],
						"9.0667": {
							"pre": [-6.6, -12.475, 6.475],
							"post": [-6.6, -12.475, 6.475],
							"lerp_mode": "catmullrom"
						}
					},
					"scale": {
						"0.0667": {
							"pre": [1, 1.5, 1],
							"post": [1, 1.5, 1],
							"lerp_mode": "catmullrom"
						}
					}
				},
				"lefthand": {
					"rotation": {
						"0.0667": [103.45128, -16.94315, 227.82872],
						"0.2667": [109.87733, -38.93862, 221.19],
						"0.3667": [111.28827, -52.20016, 214.70321],
						"1.6": [111.29146, -52.19693, 214.70535],
						"1.7": [177.45892, -65.36656, 135.17329],
						"1.8": [112.07022, -71.64209, 173.3023],
						"6.0333": [112.07022, -71.64209, 173.3023],
						"6.2333": [103.45128, -16.94315, 227.82872],
						"6.4667": [87.63538, -21.60667, 228.78489],
						"8.9333": [87.63538, -21.60667, 228.78489],
						"9.0333": [99.64627, -28.26309, 227.56786],
						"9.5333": [99.64627, -28.26309, 227.56786],
						"9.7": [103.45128, -16.94315, 227.82872]
					},
					"position": {
						"0.0667": [8.125, -11.45, -8.525],
						"0.2667": [8.13, -14.175, -7.43],
						"0.3667": [8.125, -11.45, -3.55],
						"1.6": [8.13, -11.45, -3.55],
						"1.7333": [10.37, -11.88, -3.39],
						"1.8": [8.13, -10.15, -2.6],
						"6.0333": [8.13, -10.15, -2.6],
						"6.2333": [8.125, -11.45, -8.525],
						"6.4667": [8.13, -11.45, -8.53],
						"8.9333": [8.13, -11.45, -8.53],
						"9.5333": [8.13, -11.45, -8.53],
						"9.7": [8.125, -11.45, -8.525]
					},
					"scale": {
						"0.0667": [1, 1.5, 1],
						"9.7": [1, 1.5, 1]
					}
				},
				"bullet_in_chamber2": {
					"scale": 0
				},
				"trapdoor": {
					"rotation": {
						"7.0": [0, 0, 0],
						"7.0667": [7.5, 0, 0],
						"7.3": [45, 0, 0],
						"7.4333": [41, 0, 0],
						"7.6333": [41.5, 0, 0],
						"8.5333": [41.5, 0, 0],
						"8.5667": [42.5, 0, 0],
						"8.6": [39.75, 0, 0],
						"8.6333": [0, 0, 0]
					},
					"position": {
						"7.0": [0, 0, 0],
						"8.5333": [0, 0, 0]
					}
				},
				"camera": {
					"rotation": {
						"0.0": {
							"post": [0, 0, 0],
							"lerp_mode": "catmullrom"
						},
						"0.0667": {
							"post": [0.25, 0.075, -0.15],
							"lerp_mode": "catmullrom"
						},
						"0.3333": {
							"post": [-0.275, -0.17, 0.025],
							"lerp_mode": "catmullrom"
						},
						"0.5": {
							"post": [-0.47, 0.08, -0.075],
							"lerp_mode": "catmullrom"
						},
						"0.6": {
							"post": [-0.315, 0.05, -0.17],
							"lerp_mode": "catmullrom"
						},
						"0.7333": {
							"post": [-0.37, -0.045, -0.05],
							"lerp_mode": "catmullrom"
						},
						"0.9333": {
							"post": [-0.37, -0.05, 0.245],
							"lerp_mode": "catmullrom"
						},
						"1.1": {
							"post": [0.005, -0.265, -0.08],
							"lerp_mode": "catmullrom"
						},
						"1.3667": {
							"post": [0.705, -0.09, -0.08],
							"lerp_mode": "catmullrom"
						},
						"1.6": {
							"post": [2.305, 0.26, -0.73],
							"lerp_mode": "catmullrom"
						},
						"2.0": {
							"post": [7.53, 1.21, 0.175],
							"lerp_mode": "catmullrom"
						},
						"3.2667": {
							"post": [9.005, 1.435, 0.055],
							"lerp_mode": "catmullrom"
						},
						"3.7": {
							"post": [9.71, 1.085, -0.195],
							"lerp_mode": "catmullrom"
						},
						"4.4333": {
							"post": [8.515, 1.21, -0.045],
							"lerp_mode": "catmullrom"
						},
						"5.0333": {
							"post": [8.99, 1.21, -0.945],
							"lerp_mode": "catmullrom"
						},
						"5.7333": {
							"post": [8.99, 1.21, -0.045],
							"lerp_mode": "catmullrom"
						},
						"5.9333": {
							"post": [9.025, 1.485, 0.34],
							"lerp_mode": "catmullrom"
						},
						"6.0667": {
							"post": [4.815, 1.735, 0.525],
							"lerp_mode": "catmullrom"
						},
						"6.2333": {
							"post": [1.865, 0.16, 0.025],
							"lerp_mode": "catmullrom"
						},
						"6.4333": {
							"post": [0.39, -0.64, 0.625],
							"lerp_mode": "catmullrom"
						},
						"6.5": {
							"post": [-0.085, -0.64, 0.785],
							"lerp_mode": "catmullrom"
						},
						"6.7": {
							"post": [-0.085, 0.06, 1],
							"lerp_mode": "catmullrom"
						},
						"6.9667": {
							"post": [-0.315, 0.155, 0.75],
							"lerp_mode": "catmullrom"
						},
						"7.1667": {
							"post": [0.265, -0.045, 0.75],
							"lerp_mode": "catmullrom"
						},
						"7.3667": {
							"post": [0.62, 0.055, 0.85],
							"lerp_mode": "catmullrom"
						},
						"8.1": {
							"post": [0.495, 0.055, 0.75],
							"lerp_mode": "catmullrom"
						},
						"8.6": {
							"post": [0.65, 0.055, 0.125],
							"lerp_mode": "catmullrom"
						},
						"8.7": {
							"post": [-0.345, 0.305, -0.225],
							"lerp_mode": "catmullrom"
						},
						"8.7667": {
							"post": [0.155, -0.245, -0.05],
							"lerp_mode": "catmullrom"
						},
						"8.9667": {
							"post": [-0.09, 0.155, 0.15],
							"lerp_mode": "catmullrom"
						},
						"9.2": {
							"post": [0.1, -0.275, -1.2],
							"lerp_mode": "catmullrom"
						},
						"9.3": {
							"post": [0.09, -0.07, -1.29],
							"lerp_mode": "catmullrom"
						},
						"9.3667": {
							"post": [-0.18, 0.2, -0.885],
							"lerp_mode": "catmullrom"
						},
						"9.4": {
							"post": [0.285, -0.04, -1.45],
							"lerp_mode": "catmullrom"
						},
						"9.4667": {
							"post": [0.03, -0.02, -1.015],
							"lerp_mode": "catmullrom"
						},
						"9.5667": {
							"post": [0.02, -0.01, -0.37],
							"lerp_mode": "catmullrom"
						},
						"9.7333": {
							"post": [-0.165, 0.04, 0.15],
							"lerp_mode": "catmullrom"
						},
						"9.8": {
							"post": [0, -0.225, -0.3],
							"lerp_mode": "catmullrom"
						},
						"10.0333": {
							"post": [0, 0, 0],
							"lerp_mode": "catmullrom"
						}
					}
				},
				"hammer": {
					"rotation": {
						"6.6": [0, 0, 0],
						"6.6333": [-37.25, 0, 0],
						"6.6667": [-45, 0, 0],
						"9.3": [-45, 0, 0],
						"9.3667": [0, 0, 0],
						"9.4333": [-1.5, 0, 0],
						"9.5333": [0, 0, 0]
					},
					"position": [0, 0, 0]
				},
				"rotate": {
					"rotation": {
						"0.0": [0, 0, 0],
						"6.5333": [0, 0, 0],
						"6.6333": [0, 0, 37.5],
						"8.6333": [0, 0, 37.5],
						"8.7667": [0, 0, 0]
					},
					"position": {
						"0.0": [0, 0, 0],
						"6.5333": [0, 0, -0.05],
						"6.6333": [0, 0, 3],
						"8.6333": [0, 0, 3],
						"8.7667": [0, 0, 0]
					}
				}
			},
			"sound_effects": {
				"0.0": {
					"effect": "tacz:springfield1873/springfield1873_inspect_empty_up"
				},
				"1.2333": {
					"effect": "tacz:springfield1873/springfield1873_inspect_empty_rotate"
				},
				"4.2": {
					"effect": "tacz:springfield1873/springfield1873_inspect_empty_mvmnt"
				},
				"6.0": {
					"effect": "tacz:springfield1873/springfield1873_inspect_empty_closer"
				},
				"6.5667": {
					"effect": "tacz:springfield1873/springfield1873_hammer"
				},
				"7.1": {
					"effect": "tacz:springfield1873/springfield1873_inspect_empty_leveropen"
				},
				"8.6": {
					"effect": "tacz:springfield1873/springfield1873_reload_closebolt"
				},
				"8.7333": {
					"effect": "tacz:springfield1873/springfield1873_inspect_empty_end"
				},
				"9.3": {
					"effect": "tacz:springfield1873/springfield1873_fire_first"
				}
			}
		},
		"put_away": {
			"loop": "hold_on_last_frame",
			"animation_length": 0.4,
			"bones": {
				"constraint": {
					"rotation": [0.2, 0.2, 0.2]
				},
				"root": {
					"rotation": {
						"0.0": [0, 0, 0],
						"0.0333": [0.85729, 0, 0],
						"0.0667": [3.0177, 0, 0],
						"0.1": [6.02427, 0, 0],
						"0.1333": [9.54321, 0, 0],
						"0.2": [17.06679, 0, 0],
						"0.2333": [20.58573, 0, 0],
						"0.2667": [23.5923, 0, 0],
						"0.3": [25.75271, 0, 0],
						"0.3333": [26.61, 0, 0]
					},
					"position": {
						"0.0": {
							"post": [0, 0, 0],
							"lerp_mode": "catmullrom"
						},
						"0.3333": {
							"post": [-9.82, -7.27, 5.95],
							"lerp_mode": "catmullrom"
						}
					}
				},
				"righthand": {
					"rotation": [80.182, -347.51417, -179.19809],
					"position": [-6.6, -12.475, 6.475],
					"scale": [1, 1.5, 1]
				},
				"lefthand": {
					"rotation": {
						"0.0": [103.45128, -16.94315, 227.82872],
						"0.0333": [103.17515, -19.03104, 227.32271],
						"0.0667": [102.55647, -24.05672, 226.19262],
						"0.1": [101.80236, -30.8783, 224.8448],
						"0.1333": [101.01355, -38.81271, 223.53112],
						"0.1667": [100.21435, -47.3723, 222.41926],
						"0.2": [99.36146, -56.15204, 221.64896],
						"0.2333": [98.31634, -64.7679, 221.39801],
						"0.2667": [96.72911, -72.80275, 222.01998],
						"0.3": [93.62494, -79.73728, 224.46898],
						"0.3333": [86.15286, -84.81581, 231.56024],
						"0.3667": [76.01096, -86.84871, 241.56935]
					},
					"position": {
						"0.0": [8.125, -11.45, -8.525],
						"0.0333": [8.59869, -11.45, -8.30245],
						"0.0667": [9.73445, -11.45, -7.76883],
						"0.1": [11.26739, -11.45, -7.0486],
						"0.1333": [13.04015, -11.45, -6.2157],
						"0.1667": [14.94296, -11.45, -5.3217],
						"0.2": [16.88704, -11.45, -4.4083],
						"0.2333": [18.78985, -11.45, -3.5143],
						"0.2667": [20.56261, -11.45, -2.6814],
						"0.3": [22.09555, -11.45, -1.96117],
						"0.3333": [23.23131, -11.45, -1.42755],
						"0.3667": [23.705, -11.45, -1.205]
					},
					"scale": [1, 1.5, 1]
				},
				"bullet_in_chamber2": {
					"scale": 0
				},
				"camera": {
					"rotation": {
						"0.0": {
							"post": [0, 0, 0],
							"lerp_mode": "catmullrom"
						},
						"0.1333": {
							"post": [0.57813, 0.79688, -0.60937],
							"lerp_mode": "catmullrom"
						},
						"0.2667": {
							"post": [0.34375, 0.52875, -0.49625],
							"lerp_mode": "catmullrom"
						},
						"0.3667": {
							"post": [0, 0, 0],
							"lerp_mode": "catmullrom"
						}
					}
				}
			}
		},
		"static_bolt_caught": {
			"animation_length": 1.0667,
			"bones": {
				"constraint": {
					"rotation": [0.2, 0.2, 0.2]
				},
				"root": {
					"rotation": [0, 0, 0],
					"position": [0, 0, 0]
				},
				"bullet_in_chamber2": {
					"scale": 0
				},
				"hammer": {
					"rotation": [0, 0, 0]
				}
			}
		}
	}
}