{
	"format_version": "1.12.0",
	"minecraft:geometry": [
		{
			"description": {
				"identifier": "geometry.unknown",
				"texture_width": 64,
				"texture_height": 64,
				"visible_bounds_width": 13,
				"visible_bounds_height": 11,
				"visible_bounds_offset": [0, 0.5, 0]
			},
			"bones": [
				{
					"name": "scope_body",
					"pivot": [0, 7.575, 0.125]
				},
				{
					"name": "1_6",
					"parent": "scope_body",
					"pivot": [0, 0.6875, -0.1875]
				},
				{
					"name": "mount2",
					"parent": "1_6",
					"pivot": [0, 0.6875, -0.1875],
					"cubes": [
						{
							"origin": [-1.10937, -0.82812, -2.64062],
							"size": [0.125, 1.0625, 2.0625],
							"uv": {
								"north": {"uv": [57, 6], "uv_size": [0.5, 1]},
								"east": {"uv": [54, 24], "uv_size": [2, 1]},
								"south": {"uv": [57, 7], "uv_size": [0.5, 1]},
								"west": {"uv": [54, 25], "uv_size": [2, 1]},
								"down": {"uv": [54, 28], "uv_size": [0.5, -2]}
							}
						},
						{
							"origin": [-0.875, -0.39062, -2.64062],
							"size": [0.375, 0.625, 2.0625],
							"uv": {
								"north": {"uv": [17, 57], "uv_size": [0.5, 0.5]},
								"east": {"uv": [54, 28], "uv_size": [2, 0.5]},
								"south": {"uv": [18, 57], "uv_size": [0.5, 0.5]},
								"down": {"uv": [54, 31], "uv_size": [0.5, -2]}
							}
						},
						{
							"origin": [-1.10937, 0.23438, -2.64062],
							"size": [0.54688, 0.125, 2.0625],
							"uv": {
								"north": {"uv": [57, 18], "uv_size": [0.5, 0.5]},
								"east": {"uv": [54, 31], "uv_size": [2, 0.5]},
								"south": {"uv": [19, 57], "uv_size": [0.5, 0.5]},
								"up": {"uv": [32, 54], "uv_size": [0.5, 2]},
								"down": {"uv": [54, 34], "uv_size": [0.5, -2]}
							}
						}
					]
				},
				{
					"name": "rear_scope",
					"parent": "1_6",
					"pivot": [0, 0.6875, -0.1875]
				},
				{
					"name": "hexadecagon5",
					"parent": "rear_scope",
					"pivot": [0, -0.025, -3.375],
					"cubes": [
						{
							"origin": [-0.75, -0.275, -7.375],
							"size": [1.5, 0.5, 0.5],
							"uv": {
								"north": {"uv": [55, 39], "uv_size": [1.5, 0.5]},
								"east": {"uv": [57, 19], "uv_size": [0.5, 0.5]},
								"south": {"uv": [41, 55], "uv_size": [1.5, 0.5]},
								"west": {"uv": [57, 20], "uv_size": [0.5, 0.5]},
								"up": {"uv": [55, 41], "uv_size": [1.5, 0.5]},
								"down": {"uv": [55, 42.5], "uv_size": [1.5, -0.5]}
							}
						},
						{
							"origin": [-0.8125, -0.15, -7.25],
							"size": [1.625, 0.25, 0.25],
							"pivot": [0, -0.025, -7.125],
							"rotation": [-45, 0, 0],
							"uv": {
								"north": {"uv": [43, 55], "uv_size": [1.5, 0.5]},
								"east": {"uv": [24, 57], "uv_size": [0.5, 0.5]},
								"south": {"uv": [55, 45], "uv_size": [1.5, 0.5]},
								"west": {"uv": [25, 57], "uv_size": [0.5, 0.5]},
								"up": {"uv": [55, 46], "uv_size": [1.5, 0.5]},
								"down": {"uv": [55, 47.5], "uv_size": [1.5, -0.5]}
							}
						},
						{
							"origin": [-0.09375, 0.75625, -4.3125],
							"size": [0.1875, 0.125, 0.125],
							"pivot": [0, 0.81875, -4.25],
							"rotation": [45, 0, -90],
							"uv": {
								"north": {"uv": [26, 57], "uv_size": [0.5, 0.5]},
								"south": {"uv": [57, 26], "uv_size": [0.5, 0.5]},
								"west": {"uv": [27, 57], "uv_size": [0.5, 0.5]},
								"up": {"uv": [57, 27], "uv_size": [0.5, 0.5]},
								"down": {"uv": [57, 29.5], "uv_size": [0.5, -0.5]}
							}
						}
					]
				},
				{
					"name": "hexadecagon8",
					"parent": "rear_scope",
					"pivot": [0, 0, 0.5875],
					"cubes": [
						{
							"origin": [-0.13738, -0.70625, -8.2875],
							"size": [0.27476, 1.3813, 9.375],
							"uv": {
								"south": {"uv": [49, 55], "uv_size": [0.5, 1.5]},
								"up": {"uv": [53, 0], "uv_size": [0.5, 9.5]},
								"down": {"uv": [53, 19.5], "uv_size": [0.5, -9.5]}
							}
						},
						{
							"origin": [-0.13738, -0.70625, -8.2875],
							"size": [0.27476, 1.3813, 9.375],
							"pivot": [0, -0.0156, 0.5875],
							"rotation": [0, 0, 22.5],
							"uv": {
								"south": {"uv": [50, 55], "uv_size": [0.5, 1.5]},
								"up": {"uv": [53, 20], "uv_size": [0.5, 9.5]},
								"down": {"uv": [53, 39.5], "uv_size": [0.5, -9.5]}
							}
						},
						{
							"origin": [-0.13738, -0.70625, -8.2875],
							"size": [0.27476, 1.3813, 9.375],
							"pivot": [0, -0.0156, 0.5875],
							"rotation": [0, 0, 45],
							"uv": {
								"south": {"uv": [55, 50], "uv_size": [0.5, 1.5]},
								"up": {"uv": [53, 40], "uv_size": [0.5, 9.5]},
								"down": {"uv": [53, 59.5], "uv_size": [0.5, -9.5]}
							}
						},
						{
							"origin": [-0.69065, -0.15298, -8.2875],
							"size": [1.3813, 0.27476, 9.375],
							"pivot": [0, -0.0156, 0.5875],
							"rotation": [0, 0, -22.5],
							"uv": {
								"east": {"uv": [0, 54], "uv_size": [9.5, 0.5]},
								"south": {"uv": [55, 48], "uv_size": [1.5, 0.5]},
								"west": {"uv": [54, 0], "uv_size": [9.5, 0.5]}
							}
						},
						{
							"origin": [-0.13738, -0.70625, -8.2875],
							"size": [0.27476, 1.3813, 9.375],
							"pivot": [0, -0.0156, 0.5875],
							"rotation": [0, 0, -22.5],
							"uv": {
								"south": {"uv": [55, 52], "uv_size": [0.5, 1.5]},
								"up": {"uv": [54, 1], "uv_size": [0.5, 9.5]},
								"down": {"uv": [10, 63.5], "uv_size": [0.5, -9.5]}
							}
						},
						{
							"origin": [-0.13738, -0.70625, -8.2875],
							"size": [0.27476, 1.3813, 9.375],
							"pivot": [0, -0.0156, 0.5875],
							"rotation": [0, 0, -45],
							"uv": {
								"south": {"uv": [54, 55], "uv_size": [0.5, 1.5]},
								"up": {"uv": [11, 54], "uv_size": [0.5, 9.5]},
								"down": {"uv": [54, 20.5], "uv_size": [0.5, -9.5]}
							}
						},
						{
							"origin": [-0.69065, -0.15298, -8.2875],
							"size": [1.3813, 0.27476, 9.375],
							"pivot": [0, -0.0156, 0.5875],
							"rotation": [0, 0, 22.5],
							"uv": {
								"east": {"uv": [12, 54], "uv_size": [9.5, 0.5]},
								"south": {"uv": [55, 55], "uv_size": [1.5, 0.5]},
								"west": {"uv": [54, 21], "uv_size": [9.5, 0.5]}
							}
						},
						{
							"origin": [-0.69065, -0.15298, -8.2875],
							"size": [1.3813, 0.27476, 9.375],
							"uv": {
								"east": {"uv": [22, 54], "uv_size": [9.5, 0.5]},
								"south": {"uv": [0, 56], "uv_size": [1.5, 0.5]},
								"west": {"uv": [54, 22], "uv_size": [9.5, 0.5]}
							}
						}
					]
				},
				{
					"name": "hexadecagon7",
					"parent": "rear_scope",
					"pivot": [0, 0, 1.5],
					"cubes": [
						{
							"origin": [-0.12122, -0.625, 1],
							"size": [0.24243, 1.2188, 0.5],
							"uv": {
								"up": {"uv": [57, 30], "uv_size": [0.5, 0.5]},
								"down": {"uv": [57, 32.5], "uv_size": [0.5, -0.5]}
							}
						},
						{
							"origin": [-0.12122, -0.625, 1],
							"size": [0.24243, 1.2188, 0.5],
							"pivot": [0, -0.0156, 1.5],
							"rotation": [0, 0, 22.5],
							"uv": {
								"up": {"uv": [57, 33], "uv_size": [0.5, 0.5]},
								"down": {"uv": [57, 34.5], "uv_size": [0.5, -0.5]}
							}
						},
						{
							"origin": [-0.12122, -0.625, 1],
							"size": [0.24243, 1.2188, 0.5],
							"pivot": [0, -0.0156, 1.5],
							"rotation": [0, 0, 45],
							"uv": {
								"up": {"uv": [57, 35], "uv_size": [0.5, 0.5]},
								"down": {"uv": [36, 57.5], "uv_size": [0.5, -0.5]}
							}
						},
						{
							"origin": [-0.6094, -0.13682, 1],
							"size": [1.2188, 0.24243, 0.5],
							"pivot": [0, -0.0156, 1.5],
							"rotation": [0, 0, -22.5],
							"uv": {
								"east": {"uv": [57, 36], "uv_size": [0.5, 0.5]},
								"west": {"uv": [37, 57], "uv_size": [0.5, 0.5]}
							}
						},
						{
							"origin": [-0.12122, -0.625, 1],
							"size": [0.24243, 1.2188, 0.5],
							"pivot": [0, -0.0156, 1.5],
							"rotation": [0, 0, -22.5],
							"uv": {
								"up": {"uv": [39, 57], "uv_size": [0.5, 0.5]},
								"down": {"uv": [57, 39.5], "uv_size": [0.5, -0.5]}
							}
						},
						{
							"origin": [-0.12122, -0.625, 1],
							"size": [0.24243, 1.2188, 0.5],
							"pivot": [0, -0.0156, 1.5],
							"rotation": [0, 0, -45],
							"uv": {
								"up": {"uv": [40, 57], "uv_size": [0.5, 0.5]},
								"down": {"uv": [57, 41.5], "uv_size": [0.5, -0.5]}
							}
						},
						{
							"origin": [-0.6094, -0.13682, 1],
							"size": [1.2188, 0.24243, 0.5],
							"pivot": [0, -0.0156, 1.5],
							"rotation": [0, 0, 22.5],
							"uv": {
								"east": {"uv": [57, 42], "uv_size": [0.5, 0.5]},
								"west": {"uv": [44, 57], "uv_size": [0.5, 0.5]}
							}
						},
						{
							"origin": [-0.6094, -0.13682, 1],
							"size": [1.2188, 0.24243, 0.5],
							"uv": {
								"east": {"uv": [45, 57], "uv_size": [0.5, 0.5]},
								"west": {"uv": [57, 45], "uv_size": [0.5, 0.5]}
							}
						}
					]
				},
				{
					"name": "hexadecagon9",
					"parent": "rear_scope",
					"pivot": [0.0015, -0.01563, 2.83893],
					"cubes": [
						{
							"origin": [0.42527, -0.54915, 1.57932],
							"size": [0.37467, 0.15696, 2.20003],
							"pivot": [0.79995, -0.54915, 3.77935],
							"rotation": [-9, 0, -45],
							"uv": {
								"down": {"uv": [33, 56], "uv_size": [0.5, -2]}
							}
						},
						{
							"origin": [-0.79695, -0.54915, 1.57932],
							"size": [0.37467, 0.15696, 2.20003],
							"pivot": [-0.79695, -0.54915, 3.77935],
							"rotation": [-9, 0, 45],
							"uv": {
								"down": {"uv": [34, 56], "uv_size": [0.5, -2]}
							}
						},
						{
							"origin": [0.16033, -0.81407, 1.57932],
							"size": [0.37467, 0.15696, 2.20003],
							"pivot": [0.53501, -0.81407, 3.77935],
							"rotation": [-10, 0, -22.5],
							"uv": {
								"down": {"uv": [54, 36], "uv_size": [0.5, -2]}
							}
						},
						{
							"origin": [-0.53201, -0.81407, 1.57932],
							"size": [0.37467, 0.15696, 2.20003],
							"pivot": [-0.53201, -0.81407, 3.77935],
							"rotation": [-10, 0, 22.5],
							"uv": {
								"down": {"uv": [35, 56], "uv_size": [0.5, -2]}
							}
						},
						{
							"origin": [-0.18584, -0.95746, 1.57932],
							"size": [0.37467, 0.15696, 2.20003],
							"pivot": [0.18884, -0.95746, 3.77935],
							"rotation": [-9, 0, 0],
							"uv": {
								"down": {"uv": [36, 56], "uv_size": [0.5, -2]}
							}
						},
						{
							"origin": [-0.56052, 0.76924, 1.57932],
							"size": [0.37467, 0.15696, 2.20003],
							"pivot": [-0.18585, 0.92621, 3.77935],
							"rotation": [10, 0, -22.5],
							"uv": {
								"up": {"uv": [54, 36], "uv_size": [0.5, 2]}
							}
						},
						{
							"origin": [-0.18584, 0.76925, 1.57932],
							"size": [0.37467, 0.15696, 2.20003],
							"pivot": [-0.18584, 0.92622, 3.77935],
							"rotation": [9, 0, 0],
							"uv": {
								"up": {"uv": [37, 54], "uv_size": [0.5, 2]}
							}
						},
						{
							"origin": [0.18885, 0.76924, 1.57932],
							"size": [0.37467, 0.15696, 2.20003],
							"pivot": [0.18885, 0.92621, 3.77935],
							"rotation": [10, 0, 22.5],
							"uv": {
								"up": {"uv": [38, 54], "uv_size": [0.5, 2]}
							}
						},
						{
							"origin": [0.53501, 0.62585, 1.57932],
							"size": [0.37467, 0.15696, 2.20003],
							"pivot": [0.53501, 0.78282, 3.77935],
							"rotation": [9, 0, 45],
							"uv": {
								"up": {"uv": [54, 38], "uv_size": [0.5, 2]}
							}
						},
						{
							"origin": [0.64299, 0.1432, 1.57932],
							"size": [0.15696, 0.37467, 2.20003],
							"pivot": [0.79996, 0.51789, 3.77935],
							"rotation": [0, 10, -22.5],
							"uv": {
								"west": {"uv": [39, 54], "uv_size": [2, 0.5]}
							}
						},
						{
							"origin": [0.78637, -0.20297, 1.57932],
							"size": [0.15696, 0.37467, 2.20003],
							"pivot": [0.94334, 0.17171, 3.77935],
							"rotation": [0, 9, 0],
							"uv": {
								"west": {"uv": [54, 40], "uv_size": [2, 0.5]}
							}
						},
						{
							"origin": [0.78637, -0.57764, 1.57932],
							"size": [0.15696, 0.37467, 2.20003],
							"pivot": [0.94333, -0.20297, 3.77935],
							"rotation": [0, 10, 22.5],
							"uv": {
								"west": {"uv": [41, 54], "uv_size": [2, 0.5]}
							}
						},
						{
							"origin": [-0.90669, 0.62585, 1.57932],
							"size": [0.37467, 0.15696, 2.20003],
							"pivot": [-0.53201, 0.78282, 3.77935],
							"rotation": [9, 0, -45],
							"uv": {
								"up": {"uv": [54, 41], "uv_size": [0.5, 2]}
							}
						},
						{
							"origin": [-0.79696, 0.1432, 1.57932],
							"size": [0.15696, 0.37467, 2.20003],
							"pivot": [-0.79696, 0.51789, 3.77935],
							"rotation": [0, -10, 22.5],
							"uv": {
								"east": {"uv": [43, 54], "uv_size": [2, 0.5]}
							}
						},
						{
							"origin": [-0.94033, -0.57764, 1.57932],
							"size": [0.15696, 0.37467, 2.20003],
							"pivot": [-0.94033, -0.20297, 3.77935],
							"rotation": [0, -10, -22.5],
							"uv": {
								"east": {"uv": [54, 43], "uv_size": [2, 0.5]}
							}
						},
						{
							"origin": [-0.94034, -0.20297, 1.57932],
							"size": [0.15696, 0.37467, 2.20003],
							"pivot": [-0.94034, 0.17171, 3.77935],
							"rotation": [0, -9, 0],
							"uv": {
								"east": {"uv": [54, 44], "uv_size": [2, 0.5]}
							}
						}
					]
				},
				{
					"name": "hexadecagon2",
					"parent": "rear_scope",
					"pivot": [0.0015, -0.01563, -7.91107],
					"rotation": [0, 180, 0],
					"cubes": [
						{
							"origin": [0.38511, -0.49859, -7.57769],
							"size": [0.33917, 0.14209, 0.58042],
							"pivot": [0.72428, -0.49859, -7.05977],
							"rotation": [-9, 0, -45],
							"uv": {
								"north": {"uv": [46, 57], "uv_size": [0.5, 0.5]},
								"down": {"uv": [33, 56], "uv_size": [0.5, -2]}
							}
						},
						{
							"origin": [-0.72128, -0.49859, -7.57769],
							"size": [0.33917, 0.14209, 0.58042],
							"pivot": [-0.72128, -0.49859, -7.05977],
							"rotation": [-9, 0, 45],
							"uv": {
								"north": {"uv": [57, 46], "uv_size": [0.5, 0.5]},
								"down": {"uv": [34, 56], "uv_size": [0.5, -2]}
							}
						},
						{
							"origin": [0.14528, -0.7384, -7.57769],
							"size": [0.33917, 0.14209, 0.58042],
							"pivot": [0.48445, -0.7384, -7.05977],
							"rotation": [-10, 0, -22.5],
							"uv": {
								"north": {"uv": [47, 57], "uv_size": [0.5, 0.5]},
								"down": {"uv": [54, 36], "uv_size": [0.5, -2]}
							}
						},
						{
							"origin": [-0.48145, -0.7384, -7.57769],
							"size": [0.33917, 0.14209, 0.58042],
							"pivot": [-0.48145, -0.7384, -7.05977],
							"rotation": [-10, 0, 22.5],
							"uv": {
								"north": {"uv": [57, 47], "uv_size": [0.5, 0.5]},
								"down": {"uv": [35, 56], "uv_size": [0.5, -2]}
							}
						},
						{
							"origin": [-0.16808, -0.86821, -7.57769],
							"size": [0.33917, 0.14209, 0.58042],
							"pivot": [0.17108, -0.86821, -7.05977],
							"rotation": [-9, 0, 0],
							"uv": {
								"north": {"uv": [57, 48], "uv_size": [0.5, 0.5]},
								"down": {"uv": [36, 56], "uv_size": [0.5, -2]}
							}
						},
						{
							"origin": [-0.50726, 0.69486, -7.57769],
							"size": [0.33917, 0.14209, 0.58042],
							"pivot": [-0.16809, 0.83696, -7.05977],
							"rotation": [10, 0, -22.5],
							"uv": {
								"north": {"uv": [49, 57], "uv_size": [0.5, 0.5]},
								"up": {"uv": [54, 36], "uv_size": [0.5, 2]}
							}
						},
						{
							"origin": [-0.16808, 0.69487, -7.57769],
							"size": [0.33917, 0.14209, 0.58042],
							"pivot": [-0.16808, 0.83697, -7.05977],
							"rotation": [9, 0, 0],
							"uv": {
								"north": {"uv": [57, 49], "uv_size": [0.5, 0.5]},
								"up": {"uv": [37, 54], "uv_size": [0.5, 2]}
							}
						},
						{
							"origin": [0.17109, 0.69486, -7.57769],
							"size": [0.33917, 0.14209, 0.58042],
							"pivot": [0.17109, 0.83696, -7.05977],
							"rotation": [10, 0, 22.5],
							"uv": {
								"north": {"uv": [50, 57], "uv_size": [0.5, 0.5]},
								"up": {"uv": [38, 54], "uv_size": [0.5, 2]}
							}
						},
						{
							"origin": [0.48445, 0.56505, -7.57769],
							"size": [0.33917, 0.14209, 0.58042],
							"pivot": [0.48445, 0.70715, -7.05977],
							"rotation": [9, 0, 45],
							"uv": {
								"north": {"uv": [57, 50], "uv_size": [0.5, 0.5]},
								"up": {"uv": [54, 38], "uv_size": [0.5, 2]}
							}
						},
						{
							"origin": [0.58219, 0.12815, -7.57769],
							"size": [0.14209, 0.33917, 0.58042],
							"pivot": [0.72429, 0.46733, -7.05977],
							"rotation": [0, 10, -22.5],
							"uv": {
								"north": {"uv": [57, 51], "uv_size": [0.5, 0.5]},
								"west": {"uv": [39, 54], "uv_size": [2, 0.5]}
							}
						},
						{
							"origin": [0.71199, -0.18521, -7.57769],
							"size": [0.14209, 0.33917, 0.58042],
							"pivot": [0.85409, 0.15395, -7.05977],
							"rotation": [0, 9, 0],
							"uv": {
								"north": {"uv": [57, 52], "uv_size": [0.5, 0.5]},
								"west": {"uv": [54, 40], "uv_size": [2, 0.5]}
							}
						},
						{
							"origin": [0.71199, -0.52438, -7.57769],
							"size": [0.14209, 0.33917, 0.58042],
							"pivot": [0.85408, -0.18521, -7.05977],
							"rotation": [0, 10, 22.5],
							"uv": {
								"north": {"uv": [57, 53], "uv_size": [0.5, 0.5]},
								"west": {"uv": [41, 54], "uv_size": [2, 0.5]}
							}
						},
						{
							"origin": [-0.82062, 0.56505, -7.57769],
							"size": [0.33917, 0.14209, 0.58042],
							"pivot": [-0.48145, 0.70715, -7.05977],
							"rotation": [9, 0, -45],
							"uv": {
								"north": {"uv": [54, 57], "uv_size": [0.5, 0.5]},
								"up": {"uv": [54, 41], "uv_size": [0.5, 2]}
							}
						},
						{
							"origin": [-0.72129, 0.12815, -7.57769],
							"size": [0.14209, 0.33917, 0.58042],
							"pivot": [-0.72129, 0.46733, -7.05977],
							"rotation": [0, -10, 22.5],
							"uv": {
								"north": {"uv": [57, 54], "uv_size": [0.5, 0.5]},
								"east": {"uv": [43, 54], "uv_size": [2, 0.5]}
							}
						},
						{
							"origin": [-0.85108, -0.52438, -7.57769],
							"size": [0.14209, 0.33917, 0.58042],
							"pivot": [-0.85108, -0.18521, -7.05977],
							"rotation": [0, -10, -22.5],
							"uv": {
								"north": {"uv": [57, 55], "uv_size": [0.5, 0.5]},
								"east": {"uv": [54, 43], "uv_size": [2, 0.5]}
							}
						},
						{
							"origin": [-0.85109, -0.18521, -7.57769],
							"size": [0.14209, 0.33917, 0.58042],
							"pivot": [-0.85109, 0.15395, -7.05977],
							"rotation": [0, -9, 0],
							"uv": {
								"north": {"uv": [57, 56], "uv_size": [0.5, 0.5]},
								"east": {"uv": [54, 44], "uv_size": [2, 0.5]}
							}
						}
					]
				},
				{
					"name": "ocular2",
					"parent": "rear_scope",
					"pivot": [0, -0.03169, -10.81],
					"rotation": [0, 180, 0],
					"cubes": [
						{
							"origin": [-0.76151, -0.18316, -11.06],
							"size": [1.53154, 0.30464, 0],
							"pivot": [0.00001, -0.02059, -11.061],
							"rotation": [0, 0, 22.5],
							"uv": {
								"south": {"uv": [30, 55], "uv_size": [2, 0.5]}
							}
						},
						{
							"origin": [-0.76576, -0.18401, -11.06],
							"size": [1.53154, 0.30464, 0],
							"uv": {
								"south": {"uv": [55, 30], "uv_size": [2, 0.5]}
							}
						},
						{
							"origin": [-0.77002, -0.18315, -11.06],
							"size": [1.53154, 0.30464, 0],
							"pivot": [0.00001, -0.02059, -11.061],
							"rotation": [0, 0, -22.5],
							"uv": {
								"south": {"uv": [55, 32], "uv_size": [2, 0.5]}
							}
						},
						{
							"origin": [-0.14446, -0.79421, -11.06],
							"size": [0.30464, 1.53154, 0],
							"pivot": [0.00001, -0.02059, -11.061],
							"rotation": [0, 0, 45],
							"uv": {
								"south": {"uv": [55, 33], "uv_size": [0.5, 2]}
							}
						},
						{
							"origin": [-0.14807, -0.7966, -11.06],
							"size": [0.30464, 1.53154, 0],
							"pivot": [0.00001, -0.02059, -11.061],
							"rotation": [0, 0, 22.5],
							"uv": {
								"south": {"uv": [55, 35], "uv_size": [0.5, 2]}
							}
						},
						{
							"origin": [-0.15232, -0.79745, -11.06],
							"size": [0.30464, 1.53154, 0],
							"uv": {
								"south": {"uv": [55, 37], "uv_size": [0.5, 2]}
							}
						},
						{
							"origin": [-0.15658, -0.79661, -11.06],
							"size": [0.30464, 1.53154, 0],
							"pivot": [0.00001, -0.02059, -11.061],
							"rotation": [0, 0, -22.5],
							"uv": {
								"south": {"uv": [39, 55], "uv_size": [0.5, 2]}
							}
						},
						{
							"origin": [-0.16017, -0.7942, -11.06],
							"size": [0.30464, 1.53154, 0],
							"pivot": [0.00001, -0.02059, -11.061],
							"rotation": [0, 0, -45],
							"uv": {
								"south": {"uv": [40, 55], "uv_size": [0.5, 2]}
							}
						}
					]
				},
				{
					"name": "knob",
					"parent": "1_6",
					"pivot": [0, 0.5125, -3.875],
					"cubes": [
						{
							"origin": [-0.2875, 0.55938, -6.74375],
							"size": [0.575, 0.125, 1.2625],
							"uv": {
								"north": {"uv": [57, 57], "uv_size": [0.5, 0.5]},
								"east": {"uv": [2, 56], "uv_size": [1.5, 0.5]},
								"south": {"uv": [0, 58], "uv_size": [0.5, 0.5]},
								"west": {"uv": [56, 2], "uv_size": [1.5, 0.5]},
								"up": {"uv": [56, 3], "uv_size": [0.5, 1.5]}
							}
						},
						{
							"origin": [-0.2875, 2.62268, -4.06794],
							"size": [0.575, 0.07813, 0.16875],
							"pivot": [-0.375, 0.075, -2.81],
							"rotation": [52.5, 0, 0],
							"uv": {
								"east": {"uv": [1, 58], "uv_size": [0.5, 0.5]},
								"west": {"uv": [2, 58], "uv_size": [0.5, 0.5]},
								"up": {"uv": [58, 2], "uv_size": [0.5, 0.5]}
							}
						},
						{
							"origin": [-0.2875, 0.68438, -5.55625],
							"size": [0.575, 0.125, 0.075],
							"uv": {
								"east": {"uv": [3, 58], "uv_size": [0.5, 0.5]},
								"south": {"uv": [4, 58], "uv_size": [0.5, 0.5]},
								"west": {"uv": [5, 58], "uv_size": [0.5, 0.5]},
								"up": {"uv": [6, 58], "uv_size": [0.5, 0.5]}
							}
						},
						{
							"origin": [-2.65554, 0.68438, -5.62087],
							"size": [0.2, 0.28125, 0.2],
							"pivot": [-0.375, 0.075, -2.81],
							"rotation": [0, -45, 0],
							"uv": {
								"north": {"uv": [58, 6], "uv_size": [0.5, 0.5]},
								"east": {"uv": [7, 58], "uv_size": [0.5, 0.5]},
								"south": {"uv": [58, 7], "uv_size": [0.5, 0.5]},
								"west": {"uv": [8, 58], "uv_size": [0.5, 0.5]},
								"up": {"uv": [58, 8], "uv_size": [0.5, 0.5]}
							}
						}
					]
				},
				{
					"name": "octagon8",
					"parent": "knob",
					"pivot": [-0.8625, 0.5125, -3.875],
					"cubes": [
						{
							"origin": [-2.74194, 0.74688, -5.97087],
							"size": [0.37279, 0.1875, 0.9],
							"pivot": [-0.375, 0.075, -2.81],
							"rotation": [0, -45, 0],
							"uv": {
								"north": {"uv": [9, 58], "uv_size": [0.5, 0.5]},
								"south": {"uv": [58, 9], "uv_size": [0.5, 0.5]},
								"up": {"uv": [8, 57], "uv_size": [0.5, 1]},
								"down": {"uv": [57, 9], "uv_size": [0.5, -1]}
							}
						},
						{
							"origin": [-0.1864, 0.74688, -6.71875],
							"size": [0.37279, 0.1875, 0.9],
							"uv": {
								"north": {"uv": [58, 10], "uv_size": [0.5, 0.5]},
								"south": {"uv": [58, 11], "uv_size": [0.5, 0.5]},
								"up": {"uv": [9, 57], "uv_size": [0.5, 1]},
								"down": {"uv": [57, 10], "uv_size": [0.5, -1]}
							}
						},
						{
							"origin": [-3.00554, 0.74688, -5.70727],
							"size": [0.9, 0.1875, 0.37279],
							"pivot": [-0.375, 0.075, -2.81],
							"rotation": [0, -45, 0],
							"uv": {
								"east": {"uv": [12, 58], "uv_size": [0.5, 0.5]},
								"west": {"uv": [58, 12], "uv_size": [0.5, 0.5]},
								"up": {"uv": [57, 10], "uv_size": [1, 0.5]},
								"down": {"uv": [57, 11.5], "uv_size": [1, -0.5]}
							}
						},
						{
							"origin": [-0.45, 0.74688, -6.45515],
							"size": [0.9, 0.1875, 0.37279],
							"uv": {
								"east": {"uv": [13, 58], "uv_size": [0.5, 0.5]},
								"west": {"uv": [58, 13], "uv_size": [0.5, 0.5]},
								"up": {"uv": [12, 57], "uv_size": [1, 0.5]},
								"down": {"uv": [57, 12.5], "uv_size": [1, -0.5]}
							}
						}
					]
				},
				{
					"name": "hide_when_ads",
					"parent": "1_6",
					"pivot": [0, 5.5, 4.625]
				},
				{
					"name": "hexadecagon1",
					"parent": "hide_when_ads",
					"pivot": [0, -0.0156, 4.4625],
					"cubes": [
						{
							"origin": [-0.20154, -1.0288, 3.7125],
							"size": [0.40308, 2.0264, 1.5],
							"uv": {
								"north": {"uv": [45, 54], "uv_size": [0.5, 2]},
								"south": {"uv": [54, 45], "uv_size": [0.5, 2]},
								"up": {"uv": [56, 5], "uv_size": [0.5, 1.5]},
								"down": {"uv": [56, 8.5], "uv_size": [0.5, -1.5]}
							}
						},
						{
							"origin": [-0.20154, -1.0288, 3.7125],
							"size": [0.40308, 2.0264, 1.5],
							"pivot": [0, -0.0156, 4.4625],
							"rotation": [0, 0, 22.5],
							"uv": {
								"north": {"uv": [46, 54], "uv_size": [0.5, 2]},
								"south": {"uv": [47, 54], "uv_size": [0.5, 2]},
								"up": {"uv": [56, 9], "uv_size": [0.5, 1.5]},
								"down": {"uv": [56, 12.5], "uv_size": [0.5, -1.5]}
							}
						},
						{
							"origin": [-0.20154, -1.0288, 3.7125],
							"size": [0.40308, 2.0264, 1.5],
							"pivot": [0, -0.0156, 4.4625],
							"rotation": [0, 0, 45],
							"uv": {
								"north": {"uv": [54, 47], "uv_size": [0.5, 2]},
								"south": {"uv": [48, 54], "uv_size": [0.5, 2]},
								"up": {"uv": [56, 13], "uv_size": [0.5, 1.5]},
								"down": {"uv": [56, 16.5], "uv_size": [0.5, -1.5]}
							}
						},
						{
							"origin": [-1.0132, -0.21714, 3.7125],
							"size": [2.0264, 0.40308, 1.5],
							"pivot": [0, -0.0156, 4.4625],
							"rotation": [0, 0, -22.5],
							"uv": {
								"north": {"uv": [49, 54], "uv_size": [2, 0.5]},
								"east": {"uv": [56, 17], "uv_size": [1.5, 0.5]},
								"south": {"uv": [54, 49], "uv_size": [2, 0.5]},
								"west": {"uv": [18, 56], "uv_size": [1.5, 0.5]}
							}
						},
						{
							"origin": [-0.20154, -1.0288, 3.7125],
							"size": [0.40308, 2.0264, 1.5],
							"pivot": [0, -0.0156, 4.4625],
							"rotation": [0, 0, -22.5],
							"uv": {
								"north": {"uv": [54, 50], "uv_size": [0.5, 2]},
								"south": {"uv": [51, 54], "uv_size": [0.5, 2]},
								"up": {"uv": [20, 56], "uv_size": [0.5, 1.5]},
								"down": {"uv": [21, 57.5], "uv_size": [0.5, -1.5]}
							}
						},
						{
							"origin": [-0.20154, -1.0288, 3.7125],
							"size": [0.40308, 2.0264, 1.5],
							"pivot": [0, -0.0156, 4.4625],
							"rotation": [0, 0, -45],
							"uv": {
								"north": {"uv": [52, 54], "uv_size": [0.5, 2]},
								"south": {"uv": [54, 52], "uv_size": [0.5, 2]},
								"up": {"uv": [22, 56], "uv_size": [0.5, 1.5]},
								"down": {"uv": [23, 57.5], "uv_size": [0.5, -1.5]}
							}
						},
						{
							"origin": [-1.0132, -0.21714, 3.7125],
							"size": [2.0264, 0.40308, 1.5],
							"pivot": [0, -0.0156, 4.4625],
							"rotation": [0, 0, 22.5],
							"uv": {
								"north": {"uv": [54, 54], "uv_size": [2, 0.5]},
								"east": {"uv": [24, 56], "uv_size": [1.5, 0.5]},
								"south": {"uv": [0, 55], "uv_size": [2, 0.5]},
								"west": {"uv": [56, 24], "uv_size": [1.5, 0.5]}
							}
						},
						{
							"origin": [-1.0132, -0.21714, 3.7125],
							"size": [2.0264, 0.40308, 1.5],
							"uv": {
								"north": {"uv": [55, 1], "uv_size": [2, 0.5]},
								"east": {"uv": [56, 25], "uv_size": [1.5, 0.5]},
								"south": {"uv": [2, 55], "uv_size": [2, 0.5]},
								"west": {"uv": [26, 56], "uv_size": [1.5, 0.5]}
							}
						}
					]
				},
				{
					"name": "hexadecagon6",
					"parent": "hide_when_ads",
					"pivot": [0, 0, 1.9],
					"cubes": [
						{
							"origin": [-0.13705, -0.69958, 1.22],
							"size": [0.27409, 1.37795, 0.555],
							"uv": {
								"north": {"uv": [28, 56], "uv_size": [0.5, 1.5]},
								"south": {"uv": [29, 56], "uv_size": [0.5, 1.5]},
								"up": {"uv": [14, 58], "uv_size": [0.5, 0.5]},
								"down": {"uv": [58, 14.5], "uv_size": [0.5, -0.5]}
							}
						},
						{
							"origin": [-0.13705, -0.69958, 1.22],
							"size": [0.27409, 1.37795, 0.555],
							"pivot": [0, -0.01061, 1.9],
							"rotation": [0, 0, 22.5],
							"uv": {
								"north": {"uv": [30, 56], "uv_size": [0.5, 1.5]},
								"south": {"uv": [31, 56], "uv_size": [0.5, 1.5]},
								"up": {"uv": [15, 58], "uv_size": [0.5, 0.5]},
								"down": {"uv": [58, 15.5], "uv_size": [0.5, -0.5]}
							}
						},
						{
							"origin": [-0.13705, -0.69958, 1.22],
							"size": [0.27409, 1.37795, 0.555],
							"pivot": [0, -0.01061, 1.9],
							"rotation": [0, 0, 45],
							"uv": {
								"north": {"uv": [32, 56], "uv_size": [0.5, 1.5]},
								"south": {"uv": [33, 56], "uv_size": [0.5, 1.5]},
								"up": {"uv": [16, 58], "uv_size": [0.5, 0.5]},
								"down": {"uv": [58, 16.5], "uv_size": [0.5, -0.5]}
							}
						},
						{
							"origin": [-0.68898, -0.14765, 1.22],
							"size": [1.37795, 0.27409, 0.555],
							"pivot": [0, -0.01061, 1.9],
							"rotation": [0, 0, -22.5],
							"uv": {
								"north": {"uv": [56, 28], "uv_size": [1.5, 0.5]},
								"east": {"uv": [17, 58], "uv_size": [0.5, 0.5]},
								"south": {"uv": [56, 31], "uv_size": [1.5, 0.5]},
								"west": {"uv": [58, 17], "uv_size": [0.5, 0.5]}
							}
						},
						{
							"origin": [-0.13705, -0.69958, 1.22],
							"size": [0.27409, 1.37795, 0.555],
							"pivot": [0, -0.01061, 1.9],
							"rotation": [0, 0, -22.5],
							"uv": {
								"north": {"uv": [56, 33], "uv_size": [0.5, 1.5]},
								"south": {"uv": [34, 56], "uv_size": [0.5, 1.5]},
								"up": {"uv": [18, 58], "uv_size": [0.5, 0.5]},
								"down": {"uv": [58, 18.5], "uv_size": [0.5, -0.5]}
							}
						},
						{
							"origin": [-0.13705, -0.69958, 1.22],
							"size": [0.27409, 1.37795, 0.555],
							"pivot": [0, -0.01061, 1.9],
							"rotation": [0, 0, -45],
							"uv": {
								"north": {"uv": [35, 56], "uv_size": [0.5, 1.5]},
								"south": {"uv": [56, 35], "uv_size": [0.5, 1.5]},
								"up": {"uv": [19, 58], "uv_size": [0.5, 0.5]},
								"down": {"uv": [58, 19.5], "uv_size": [0.5, -0.5]}
							}
						},
						{
							"origin": [-0.68898, -0.14765, 1.22],
							"size": [1.37795, 0.27409, 0.555],
							"pivot": [0, -0.01061, 1.9],
							"rotation": [0, 0, 22.5],
							"uv": {
								"north": {"uv": [36, 56], "uv_size": [1.5, 0.5]},
								"east": {"uv": [20, 58], "uv_size": [0.5, 0.5]},
								"south": {"uv": [56, 37], "uv_size": [1.5, 0.5]},
								"west": {"uv": [58, 20], "uv_size": [0.5, 0.5]}
							}
						},
						{
							"origin": [-0.68898, -0.14765, 1.22],
							"size": [1.37795, 0.27409, 0.555],
							"uv": {
								"north": {"uv": [56, 38], "uv_size": [1.5, 0.5]},
								"east": {"uv": [21, 58], "uv_size": [0.5, 0.5]},
								"south": {"uv": [56, 40], "uv_size": [1.5, 0.5]},
								"west": {"uv": [22, 58], "uv_size": [0.5, 0.5]}
							}
						}
					]
				},
				{
					"name": "hexadecagon3",
					"parent": "hide_when_ads",
					"pivot": [0, -0.01562, -8.59375],
					"cubes": [
						{
							"origin": [-0.3768, -1.20538, -10.59375],
							"size": [0.35773, 0.14988, 1.8125],
							"pivot": [-0.44963, 0.07805, -4.435],
							"rotation": [0, 0, -45],
							"uv": {
								"north": {"uv": [23, 58], "uv_size": [0.5, 0.5]},
								"south": {"uv": [24, 58], "uv_size": [0.5, 0.5]},
								"up": {"uv": [55, 2], "uv_size": [0.5, 2]},
								"down": {"uv": [4, 57], "uv_size": [0.5, -2]}
							}
						},
						{
							"origin": [-0.24894, -1.0798, -10.59375],
							"size": [0.35773, 0.14988, 1.8125],
							"pivot": [-0.44963, 0.07805, -4.435],
							"rotation": [0, 0, -22.5],
							"uv": {
								"north": {"uv": [58, 24], "uv_size": [0.5, 0.5]},
								"south": {"uv": [25, 58], "uv_size": [0.5, 0.5]},
								"up": {"uv": [55, 4], "uv_size": [0.5, 2]},
								"down": {"uv": [5, 57], "uv_size": [0.5, -2]}
							}
						},
						{
							"origin": [-0.17887, -0.91487, -10.59375],
							"size": [0.35773, 0.14988, 1.8125],
							"uv": {
								"north": {"uv": [58, 25], "uv_size": [0.5, 0.5]},
								"south": {"uv": [26, 58], "uv_size": [0.5, 0.5]},
								"up": {"uv": [6, 55], "uv_size": [0.5, 2]},
								"down": {"uv": [55, 8], "uv_size": [0.5, -2]}
							}
						},
						{
							"origin": [-0.17725, -0.73568, -10.59375],
							"size": [0.35773, 0.14988, 1.8125],
							"pivot": [-0.44963, 0.07805, -4.435],
							"rotation": [0, 0, 22.5],
							"uv": {
								"north": {"uv": [58, 26], "uv_size": [0.5, 0.5]},
								"south": {"uv": [27, 58], "uv_size": [0.5, 0.5]},
								"up": {"uv": [7, 55], "uv_size": [0.5, 2]},
								"down": {"uv": [8, 57], "uv_size": [0.5, -2]}
							}
						},
						{
							"origin": [-0.24432, -0.56951, -10.59375],
							"size": [0.35773, 0.14987, 1.8125],
							"pivot": [-0.44963, 0.07805, -4.435],
							"rotation": [0, 0, 45],
							"uv": {
								"north": {"uv": [58, 27], "uv_size": [0.5, 0.5]},
								"south": {"uv": [28, 58], "uv_size": [0.5, 0.5]},
								"up": {"uv": [55, 8], "uv_size": [0.5, 2]},
								"down": {"uv": [9, 57], "uv_size": [0.5, -2]}
							}
						},
						{
							"origin": [-0.3768, 0.44325, -10.59375],
							"size": [0.35773, 0.14987, 1.8125],
							"pivot": [-0.44963, 0.07805, -4.435],
							"rotation": [0, 0, -45],
							"uv": {
								"north": {"uv": [58, 28], "uv_size": [0.5, 0.5]},
								"south": {"uv": [29, 58], "uv_size": [0.5, 0.5]},
								"up": {"uv": [55, 10], "uv_size": [0.5, 2]},
								"down": {"uv": [12, 57], "uv_size": [0.5, -2]}
							}
						},
						{
							"origin": [-0.24894, 0.56882, -10.59375],
							"size": [0.35773, 0.14988, 1.8125],
							"pivot": [-0.44963, 0.07805, -4.435],
							"rotation": [0, 0, -22.5],
							"uv": {
								"north": {"uv": [58, 29], "uv_size": [0.5, 0.5]},
								"south": {"uv": [30, 58], "uv_size": [0.5, 0.5]},
								"up": {"uv": [55, 12], "uv_size": [0.5, 2]},
								"down": {"uv": [13, 57], "uv_size": [0.5, -2]}
							}
						},
						{
							"origin": [-0.17887, 0.73376, -10.59375],
							"size": [0.35773, 0.14988, 1.8125],
							"uv": {
								"north": {"uv": [58, 30], "uv_size": [0.5, 0.5]},
								"south": {"uv": [31, 58], "uv_size": [0.5, 0.5]},
								"up": {"uv": [14, 55], "uv_size": [0.5, 2]},
								"down": {"uv": [55, 16], "uv_size": [0.5, -2]}
							}
						},
						{
							"origin": [-0.17725, 0.91295, -10.59375],
							"size": [0.35773, 0.14987, 1.8125],
							"pivot": [-0.44963, 0.07805, -4.435],
							"rotation": [0, 0, 22.5],
							"uv": {
								"north": {"uv": [58, 31], "uv_size": [0.5, 0.5]},
								"south": {"uv": [32, 58], "uv_size": [0.5, 0.5]},
								"up": {"uv": [15, 55], "uv_size": [0.5, 2]},
								"down": {"uv": [16, 57], "uv_size": [0.5, -2]}
							}
						},
						{
							"origin": [-0.24432, 1.07911, -10.59375],
							"size": [0.35773, 0.14987, 1.8125],
							"pivot": [-0.44963, 0.07805, -4.435],
							"rotation": [0, 0, 45],
							"uv": {
								"north": {"uv": [58, 32], "uv_size": [0.5, 0.5]},
								"south": {"uv": [33, 58], "uv_size": [0.5, 0.5]},
								"up": {"uv": [55, 16], "uv_size": [0.5, 2]},
								"down": {"uv": [17, 57], "uv_size": [0.5, -2]}
							}
						},
						{
							"origin": [0.67931, -0.35942, -10.59375],
							"size": [0.14988, 0.35773, 1.8125],
							"pivot": [-0.44963, 0.07805, -4.435],
							"rotation": [0, 0, -22.5],
							"uv": {
								"north": {"uv": [58, 33], "uv_size": [0.5, 0.5]},
								"east": {"uv": [18, 55], "uv_size": [2, 0.5]},
								"south": {"uv": [34, 58], "uv_size": [0.5, 0.5]},
								"west": {"uv": [55, 18], "uv_size": [2, 0.5]}
							}
						},
						{
							"origin": [0.74938, -0.1945, -10.59375],
							"size": [0.14988, 0.35773, 1.8125],
							"uv": {
								"north": {"uv": [58, 34], "uv_size": [0.5, 0.5]},
								"east": {"uv": [55, 19], "uv_size": [2, 0.5]},
								"south": {"uv": [35, 58], "uv_size": [0.5, 0.5]},
								"west": {"uv": [20, 55], "uv_size": [2, 0.5]}
							}
						},
						{
							"origin": [0.75099, -0.0153, -10.59375],
							"size": [0.14987, 0.35773, 1.8125],
							"pivot": [-0.44963, 0.07805, -4.435],
							"rotation": [0, 0, 22.5],
							"uv": {
								"north": {"uv": [58, 35], "uv_size": [0.5, 0.5]},
								"east": {"uv": [55, 20], "uv_size": [2, 0.5]},
								"south": {"uv": [36, 58], "uv_size": [0.5, 0.5]},
								"west": {"uv": [22, 55], "uv_size": [2, 0.5]}
							}
						},
						{
							"origin": [-0.96932, -0.35942, -10.59375],
							"size": [0.14987, 0.35773, 1.8125],
							"pivot": [-0.44963, 0.07805, -4.435],
							"rotation": [0, 0, -22.5],
							"uv": {
								"north": {"uv": [58, 36], "uv_size": [0.5, 0.5]},
								"east": {"uv": [24, 55], "uv_size": [2, 0.5]},
								"south": {"uv": [37, 58], "uv_size": [0.5, 0.5]},
								"west": {"uv": [26, 55], "uv_size": [2, 0.5]}
							}
						},
						{
							"origin": [-0.89925, -0.1945, -10.59375],
							"size": [0.14988, 0.35773, 1.8125],
							"uv": {
								"north": {"uv": [58, 37], "uv_size": [0.5, 0.5]},
								"east": {"uv": [55, 26], "uv_size": [2, 0.5]},
								"south": {"uv": [38, 58], "uv_size": [0.5, 0.5]},
								"west": {"uv": [55, 27], "uv_size": [2, 0.5]}
							}
						},
						{
							"origin": [-0.89763, -0.0153, -10.59375],
							"size": [0.14988, 0.35773, 1.8125],
							"pivot": [-0.44963, 0.07805, -4.435],
							"rotation": [0, 0, 22.5],
							"uv": {
								"north": {"uv": [58, 38], "uv_size": [0.5, 0.5]},
								"east": {"uv": [28, 55], "uv_size": [2, 0.5]},
								"south": {"uv": [39, 58], "uv_size": [0.5, 0.5]},
								"west": {"uv": [55, 29], "uv_size": [2, 0.5]}
							}
						}
					]
				},
				{
					"name": "octagon1",
					"parent": "hide_when_ads",
					"pivot": [0, -0.025, -0.15625],
					"cubes": [
						{
							"origin": [-0.3003, -0.75, -0.725],
							"size": [0.60061, 1.45, 1.1375],
							"pivot": [0, -0.025, -0.0875],
							"rotation": [0, 0, 45],
							"uv": {
								"north": {"uv": [38, 56], "uv_size": [0.5, 1.5]},
								"south": {"uv": [41, 56], "uv_size": [0.5, 1.5]},
								"up": {"uv": [13, 57], "uv_size": [0.5, 1]},
								"down": {"uv": [57, 14], "uv_size": [0.5, -1]}
							}
						},
						{
							"origin": [-0.3003, -0.75, -0.725],
							"size": [0.60061, 1.45, 1.1375],
							"uv": {
								"north": {"uv": [42, 56], "uv_size": [0.5, 1.5]},
								"south": {"uv": [43, 56], "uv_size": [0.5, 1.5]},
								"up": {"uv": [14, 57], "uv_size": [0.5, 1]},
								"down": {"uv": [57, 15], "uv_size": [0.5, -1]}
							}
						},
						{
							"origin": [-0.725, -0.3253, -0.725],
							"size": [1.45, 0.60061, 1.1375],
							"pivot": [0, -0.025, -0.0875],
							"rotation": [0, 0, 45],
							"uv": {
								"north": {"uv": [56, 43], "uv_size": [1.5, 0.5]},
								"east": {"uv": [15, 57], "uv_size": [1, 0.5]},
								"south": {"uv": [44, 56], "uv_size": [1.5, 0.5]},
								"west": {"uv": [57, 15], "uv_size": [1, 0.5]}
							}
						},
						{
							"origin": [-0.725, -0.3253, -0.725],
							"size": [1.45, 0.60061, 1.1375],
							"uv": {
								"north": {"uv": [56, 44], "uv_size": [1.5, 0.5]},
								"east": {"uv": [16, 57], "uv_size": [1, 0.5]},
								"south": {"uv": [46, 56], "uv_size": [1.5, 0.5]},
								"west": {"uv": [57, 16], "uv_size": [1, 0.5]}
							}
						}
					]
				},
				{
					"name": "octagon2",
					"parent": "hide_when_ads",
					"pivot": [0, -0.025, -2.90625],
					"cubes": [
						{
							"origin": [-0.3003, -0.75, -3.475],
							"size": [0.60061, 1.45, 1.1375],
							"pivot": [0, -0.025, -2.8375],
							"rotation": [0, 0, 45],
							"uv": {
								"north": {"uv": [38, 56], "uv_size": [0.5, 1.5]},
								"south": {"uv": [41, 56], "uv_size": [0.5, 1.5]},
								"up": {"uv": [13, 57], "uv_size": [0.5, 1]},
								"down": {"uv": [57, 14], "uv_size": [0.5, -1]}
							}
						},
						{
							"origin": [-0.3003, -0.75, -3.475],
							"size": [0.60061, 1.45, 1.1375],
							"uv": {
								"north": {"uv": [42, 56], "uv_size": [0.5, 1.5]},
								"south": {"uv": [43, 56], "uv_size": [0.5, 1.5]},
								"up": {"uv": [14, 57], "uv_size": [0.5, 1]},
								"down": {"uv": [57, 15], "uv_size": [0.5, -1]}
							}
						},
						{
							"origin": [-0.725, -0.3253, -3.475],
							"size": [1.45, 0.60061, 1.1375],
							"pivot": [0, -0.025, -2.8375],
							"rotation": [0, 0, 45],
							"uv": {
								"north": {"uv": [56, 43], "uv_size": [1.5, 0.5]},
								"east": {"uv": [15, 57], "uv_size": [1, 0.5]},
								"south": {"uv": [44, 56], "uv_size": [1.5, 0.5]},
								"west": {"uv": [57, 15], "uv_size": [1, 0.5]}
							}
						},
						{
							"origin": [-0.725, -0.3253, -3.475],
							"size": [1.45, 0.60061, 1.1375],
							"uv": {
								"north": {"uv": [56, 44], "uv_size": [1.5, 0.5]},
								"east": {"uv": [16, 57], "uv_size": [1, 0.5]},
								"south": {"uv": [46, 56], "uv_size": [1.5, 0.5]},
								"west": {"uv": [57, 16], "uv_size": [1, 0.5]}
							}
						}
					]
				},
				{
					"name": "octagon3",
					"parent": "hide_when_ads",
					"pivot": [0, -1.025, -4.15],
					"cubes": [
						{
							"origin": [-0.31066, -0.775, -4.9],
							"size": [0.62132, 1.5, 1.25],
							"pivot": [0, -0.025, -4.15],
							"rotation": [0, 0, 45],
							"uv": {
								"north": {"uv": [48, 56], "uv_size": [0.5, 1.5]},
								"south": {"uv": [56, 49], "uv_size": [0.5, 1.5]},
								"up": {"uv": [51, 56], "uv_size": [0.5, 1.5]},
								"down": {"uv": [56, 52.5], "uv_size": [0.5, -1.5]}
							}
						},
						{
							"origin": [-0.31066, -0.775, -4.9],
							"size": [0.62132, 1.5, 1.25],
							"uv": {
								"north": {"uv": [52, 56], "uv_size": [0.5, 1.5]},
								"south": {"uv": [56, 53], "uv_size": [0.5, 1.5]},
								"up": {"uv": [55, 56], "uv_size": [0.5, 1.5]},
								"down": {"uv": [56, 57.5], "uv_size": [0.5, -1.5]}
							}
						},
						{
							"origin": [-0.75, -0.33566, -4.9],
							"size": [1.5, 0.62132, 1.25],
							"pivot": [0, -0.025, -4.15],
							"rotation": [0, 0, 45],
							"uv": {
								"north": {"uv": [0, 57], "uv_size": [1.5, 0.5]},
								"east": {"uv": [57, 1], "uv_size": [1.5, 0.5]},
								"south": {"uv": [2, 57], "uv_size": [1.5, 0.5]},
								"west": {"uv": [57, 3], "uv_size": [1.5, 0.5]}
							}
						},
						{
							"origin": [-0.75, -0.33566, -4.9],
							"size": [1.5, 0.62132, 1.25],
							"uv": {
								"north": {"uv": [4, 57], "uv_size": [1.5, 0.5]},
								"east": {"uv": [57, 4], "uv_size": [1.5, 0.5]},
								"south": {"uv": [57, 5], "uv_size": [1.5, 0.5]},
								"west": {"uv": [6, 57], "uv_size": [1.5, 0.5]}
							}
						}
					]
				},
				{
					"name": "division",
					"pivot": [0.01562, -0.55134, -85.67857],
					"cubes": [
						{
							"origin": [-26.1875, -26.89062, -85.875],
							"size": [52.375, 52.40625, 0.25],
							"uv": {
								"south": {"uv": [0, 0], "uv_size": [52.5, 52.5]}
							}
						},
						{
							"origin": [-26.3125, -0.10937, -85.5],
							"size": [52.5, 0.125, 0],
							"uv": {
								"south": {"uv": [0, 53], "uv_size": [52.5, 0.5]}
							}
						},
						{
							"origin": [5.0625, 1.57813, -85.5],
							"size": [4.6875, 0.125, 0],
							"uv": {
								"south": {"uv": [54, 23], "uv_size": [4.5, 0.5]}
							}
						},
						{
							"origin": [8.625, 2.32813, -85.17187],
							"size": [4.75, 0.125, 0],
							"uv": {
								"south": {"uv": [54, 23], "uv_size": [4.5, 0.5]}
							}
						},
						{
							"origin": [13.0625, 3.01563, -85.5],
							"size": [4.9375, 0.125, 0],
							"uv": {
								"south": {"uv": [54, 23], "uv_size": [4.5, 0.5]}
							}
						},
						{
							"origin": [-26.4375, -0.54687, -85.5],
							"size": [52.875, 0.125, 0],
							"pivot": [-0.00001, -0.48437, -85.5],
							"rotation": [0, 0, -90],
							"uv": {
								"south": {"uv": [54, 23], "uv_size": [4.5, 0.5]}
							}
						},
						{
							"origin": [-52.21874, -0.98438, -85.875],
							"size": [52.40625, 50, 0.25],
							"pivot": [-26.25, -0.92188, -85.625],
							"rotation": [0, 0, -90],
							"uv": {
								"south": {"uv": [54, 23], "uv_size": [4.5, 0.5]}
							}
						},
						{
							"origin": [-0.18751, -0.98438, -85.875],
							"size": [52.40625, 50, 0.25],
							"pivot": [26.25, -0.92188, -85.625],
							"rotation": [0, 0, 90],
							"uv": {
								"south": {"uv": [58.5, 23], "uv_size": [-4.5, 0.5]}
							}
						},
						{
							"origin": [-0.18751, -50.95313, -85.875],
							"size": [52.40625, 152.375, 0.25],
							"pivot": [26.25, 51.48437, -85.625],
							"rotation": [0, 0, 90],
							"uv": {
								"south": {"uv": [58.5, 23], "uv_size": [-4.5, 0.5]}
							}
						},
						{
							"origin": [-0.18751, -102.79686, -85.875],
							"size": [52.40625, 152.375, 0.25],
							"pivot": [26.25, -52.85936, -85.625],
							"rotation": [0, 0, -90],
							"uv": {
								"south": {"uv": [58.5, 23.5], "uv_size": [-4.5, -0.5]}
							}
						}
					]
				},
				{
					"name": "ocular_ring",
					"pivot": [0, 0, 0]
				},
				{
					"name": "hexadecagon10",
					"parent": "ocular_ring",
					"pivot": [0, 0, 5.7125],
					"cubes": [
						{
							"origin": [-0.20154, -1.0288, 5.2125],
							"size": [0.40308, 0.125, 0.325],
							"pivot": [0, -0.0156, 5.7125],
							"rotation": [0, 0, -45],
							"uv": {
								"south": {"uv": [58, 39], "uv_size": [0.5, 0.5]},
								"up": {"uv": [40, 58], "uv_size": [0.5, 0.5]},
								"down": {"uv": [58, 40.5], "uv_size": [0.5, -0.5]}
							}
						},
						{
							"origin": [-0.20154, -1.0288, 5.2125],
							"size": [0.40308, 0.125, 0.325],
							"pivot": [0, -0.0156, 5.7125],
							"rotation": [0, 0, -22.5],
							"uv": {
								"south": {"uv": [41, 58], "uv_size": [0.5, 0.5]},
								"up": {"uv": [58, 41], "uv_size": [0.5, 0.5]},
								"down": {"uv": [42, 58.5], "uv_size": [0.5, -0.5]}
							}
						},
						{
							"origin": [-0.20154, -1.0288, 5.2125],
							"size": [0.40308, 0.125, 0.325],
							"uv": {
								"south": {"uv": [58, 42], "uv_size": [0.5, 0.5]},
								"up": {"uv": [43, 58], "uv_size": [0.5, 0.5]},
								"down": {"uv": [58, 43.5], "uv_size": [0.5, -0.5]}
							}
						},
						{
							"origin": [-0.20154, 0.8726, 5.2125],
							"size": [0.40308, 0.125, 0.325],
							"uv": {
								"south": {"uv": [44, 58], "uv_size": [0.5, 0.5]},
								"up": {"uv": [58, 44], "uv_size": [0.5, 0.5]},
								"down": {"uv": [45, 58.5], "uv_size": [0.5, -0.5]}
							}
						},
						{
							"origin": [-0.20154, 0.8726, 5.2125],
							"size": [0.40308, 0.125, 0.325],
							"pivot": [0, -0.0156, 5.7125],
							"rotation": [0, 0, 22.5],
							"uv": {
								"south": {"uv": [58, 45], "uv_size": [0.5, 0.5]},
								"up": {"uv": [46, 58], "uv_size": [0.5, 0.5]},
								"down": {"uv": [58, 46.5], "uv_size": [0.5, -0.5]}
							}
						},
						{
							"origin": [-0.20154, 0.8726, 5.2125],
							"size": [0.40308, 0.125, 0.325],
							"pivot": [0, -0.0156, 5.7125],
							"rotation": [0, 0, 45],
							"uv": {
								"south": {"uv": [47, 58], "uv_size": [0.5, 0.5]},
								"up": {"uv": [58, 47], "uv_size": [0.5, 0.5]},
								"down": {"uv": [48, 58.5], "uv_size": [0.5, -0.5]}
							}
						},
						{
							"origin": [0.8882, -0.21714, 5.2125],
							"size": [0.125, 0.40308, 0.325],
							"pivot": [0, -0.0156, 5.7125],
							"rotation": [0, 0, -22.5],
							"uv": {
								"east": {"uv": [58, 48], "uv_size": [0.5, 0.5]},
								"south": {"uv": [49, 58], "uv_size": [0.5, 0.5]},
								"west": {"uv": [58, 49], "uv_size": [0.5, 0.5]}
							}
						},
						{
							"origin": [0.8882, -0.21714, 5.2125],
							"size": [0.125, 0.40308, 0.325],
							"uv": {
								"east": {"uv": [50, 58], "uv_size": [0.5, 0.5]},
								"south": {"uv": [58, 50], "uv_size": [0.5, 0.5]},
								"west": {"uv": [51, 58], "uv_size": [0.5, 0.5]}
							}
						},
						{
							"origin": [0.8882, -0.21714, 5.2125],
							"size": [0.125, 0.40308, 0.325],
							"pivot": [0, -0.0156, 5.7125],
							"rotation": [0, 0, 22.5],
							"uv": {
								"east": {"uv": [58, 51], "uv_size": [0.5, 0.5]},
								"south": {"uv": [52, 58], "uv_size": [0.5, 0.5]},
								"west": {"uv": [58, 52], "uv_size": [0.5, 0.5]}
							}
						},
						{
							"origin": [-0.20154, 0.8726, 5.2125],
							"size": [0.40308, 0.125, 0.325],
							"pivot": [0, -0.0156, 5.7125],
							"rotation": [0, 0, -22.5],
							"uv": {
								"south": {"uv": [58, 53], "uv_size": [0.5, 0.5]},
								"up": {"uv": [54, 58], "uv_size": [0.5, 0.5]},
								"down": {"uv": [58, 54.5], "uv_size": [0.5, -0.5]}
							}
						},
						{
							"origin": [-0.20154, 0.8726, 5.2125],
							"size": [0.40308, 0.125, 0.325],
							"pivot": [0, -0.0156, 5.7125],
							"rotation": [0, 0, -45],
							"uv": {
								"south": {"uv": [55, 58], "uv_size": [0.5, 0.5]},
								"up": {"uv": [58, 55], "uv_size": [0.5, 0.5]},
								"down": {"uv": [56, 58.5], "uv_size": [0.5, -0.5]}
							}
						},
						{
							"origin": [-1.0132, -0.21714, 5.2125],
							"size": [0.125, 0.40308, 0.325],
							"pivot": [0, -0.0156, 5.7125],
							"rotation": [0, 0, 22.5],
							"uv": {
								"east": {"uv": [58, 56], "uv_size": [0.5, 0.5]},
								"south": {"uv": [57, 58], "uv_size": [0.5, 0.5]},
								"west": {"uv": [58, 57], "uv_size": [0.5, 0.5]}
							}
						},
						{
							"origin": [-1.0132, -0.21714, 5.2125],
							"size": [0.125, 0.40308, 0.325],
							"uv": {
								"east": {"uv": [58, 58], "uv_size": [0.5, 0.5]},
								"south": {"uv": [0, 59], "uv_size": [0.5, 0.5]},
								"west": {"uv": [1, 59], "uv_size": [0.5, 0.5]}
							}
						},
						{
							"origin": [-1.0132, -0.21714, 5.2125],
							"size": [0.125, 0.40308, 0.325],
							"pivot": [0, -0.0156, 5.7125],
							"rotation": [0, 0, -22.5],
							"uv": {
								"east": {"uv": [59, 1], "uv_size": [0.5, 0.5]},
								"south": {"uv": [2, 59], "uv_size": [0.5, 0.5]},
								"west": {"uv": [59, 2], "uv_size": [0.5, 0.5]}
							}
						},
						{
							"origin": [-0.20154, -1.0288, 5.2125],
							"size": [0.40308, 0.125, 0.325],
							"pivot": [0, -0.0156, 5.7125],
							"rotation": [0, 0, 22.5],
							"uv": {
								"south": {"uv": [3, 59], "uv_size": [0.5, 0.5]},
								"up": {"uv": [59, 3], "uv_size": [0.5, 0.5]},
								"down": {"uv": [4, 59.5], "uv_size": [0.5, -0.5]}
							}
						},
						{
							"origin": [-0.20154, -1.0288, 5.2125],
							"size": [0.40308, 0.125, 0.325],
							"pivot": [0, -0.0156, 5.7125],
							"rotation": [0, 0, 45],
							"uv": {
								"south": {"uv": [59, 4], "uv_size": [0.5, 0.5]},
								"up": {"uv": [5, 59], "uv_size": [0.5, 0.5]},
								"down": {"uv": [59, 5.5], "uv_size": [0.5, -0.5]}
							}
						}
					]
				},
				{
					"name": "ocular",
					"pivot": [0, -0.03169, 5.815],
					"cubes": [
						{
							"origin": [-0.95189, -0.22103, 5.5025],
							"size": [1.91442, 0.3808, 0],
							"pivot": [0.00001, -0.01781, 5.50125],
							"rotation": [0, 0, 22.5],
							"uv": {
								"south": {"uv": [30, 55], "uv_size": [2, 0.5]}
							}
						},
						{
							"origin": [-0.9572, -0.22209, 5.5025],
							"size": [1.91442, 0.3808, 0],
							"uv": {
								"south": {"uv": [55, 30], "uv_size": [2, 0.5]}
							}
						},
						{
							"origin": [-0.96252, -0.22102, 5.5025],
							"size": [1.91442, 0.3808, 0],
							"pivot": [0.00001, -0.01781, 5.50125],
							"rotation": [0, 0, -22.5],
							"uv": {
								"south": {"uv": [55, 32], "uv_size": [2, 0.5]}
							}
						},
						{
							"origin": [-0.18058, -0.98484, 5.5025],
							"size": [0.3808, 1.91442, 0],
							"pivot": [0.00001, -0.01781, 5.50125],
							"rotation": [0, 0, 45],
							"uv": {
								"south": {"uv": [55, 33], "uv_size": [0.5, 2]}
							}
						},
						{
							"origin": [-0.18509, -0.98783, 5.5025],
							"size": [0.3808, 1.91442, 0],
							"pivot": [0.00001, -0.01781, 5.50125],
							"rotation": [0, 0, 22.5],
							"uv": {
								"south": {"uv": [55, 35], "uv_size": [0.5, 2]}
							}
						},
						{
							"origin": [-0.1904, -0.98889, 5.5025],
							"size": [0.3808, 1.91442, 0],
							"uv": {
								"south": {"uv": [55, 37], "uv_size": [0.5, 2]}
							}
						},
						{
							"origin": [-0.19572, -0.98784, 5.5025],
							"size": [0.3808, 1.91442, 0],
							"pivot": [0.00001, -0.01781, 5.50125],
							"rotation": [0, 0, -22.5],
							"uv": {
								"south": {"uv": [39, 55], "uv_size": [0.5, 2]}
							}
						},
						{
							"origin": [-0.20021, -0.98483, 5.5025],
							"size": [0.3808, 1.91442, 0],
							"pivot": [0.00001, -0.01781, 5.50125],
							"rotation": [0, 0, -45],
							"uv": {
								"south": {"uv": [40, 55], "uv_size": [0.5, 2]}
							}
						}
					]
				},
				{
					"name": "scope_view",
					"pivot": [0, -0.01562, 9]
				}
			]
		}
	]
}