{
	"format_version": "1.12.0",
	"minecraft:geometry": [
		{
			"description": {
				"identifier": "geometry.unknown",
				"texture_width": 32,
				"texture_height": 32,
				"visible_bounds_width": 2,
				"visible_bounds_height": 1.5,
				"visible_bounds_offset": [0, 0.25, 0]
			},
			"bones": [
				{
					"name": "bone",
					"pivot": [-0.25, 1, -3],
					"rotation": [0, 90, 0],
					"cubes": [
						{
							"origin": [2.5, 0.125, -5.875],
							"size": [1.5, 0.875, 5.75],
							"uv": {
								"north": {"uv": [16, 14], "uv_size": [1.5, 1]},
								"east": {"uv": [2, 15], "uv_size": [6, 1]},
								"south": {"uv": [15, 16], "uv_size": [1.5, 1]},
								"west": {"uv": [8, 15], "uv_size": [6, 1]},
								"up": {"uv": [13, 9], "uv_size": [1.5, 6]},
								"down": {"uv": [0, 21], "uv_size": [1.5, -6]}
							}
						},
						{
							"origin": [-10, 0, -6],
							"size": [12.5, 3, 6],
							"uv": {
								"north": {"uv": [0, 12], "uv_size": [12.5, 3]},
								"east": {"uv": [13, 3], "uv_size": [6, 3]},
								"south": {"uv": [13, 0], "uv_size": [12.5, 3]},
								"west": {"uv": [13, 6], "uv_size": [6, 3]},
								"up": {"uv": [0, 0], "uv_size": [12.5, 6]},
								"down": {"uv": [0, 12], "uv_size": [12.5, -6]}
							}
						}
					]
				},
				{
					"name": "bone5",
					"parent": "bone",
					"pivot": [2, 1.26875, -7.25],
					"rotation": [0, 45, 0],
					"cubes": [
						{
							"origin": [1.53125, 1.40625, -6.5],
							"size": [0.9375, 0.9375, 0.125],
							"pivot": [2, 1.375, -7.75],
							"rotation": [-90, 0, 0],
							"uv": {
								"north": {"uv": [17, 13], "uv_size": [1, 1]},
								"east": {"uv": [18, 11], "uv_size": [0.5, 1]},
								"south": {"uv": [15, 17], "uv_size": [1, 1]},
								"west": {"uv": [12, 18], "uv_size": [0.5, 1]},
								"up": {"uv": [18, 12], "uv_size": [1, 0.5]},
								"down": {"uv": [13, 18.5], "uv_size": [1, -0.5]}
							}
						},
						{
							"origin": [1.65625, 1.53125, -6.625],
							"size": [0.6875, 0.6875, 0.125],
							"pivot": [2, 1.375, -7.75],
							"rotation": [-90, 0, 0],
							"uv": {
								"north": {"uv": [19, 8], "uv_size": [0.5, 0.5]},
								"east": {"uv": [9, 19], "uv_size": [0.5, 0.5]},
								"south": {"uv": [19, 9], "uv_size": [0.5, 0.5]},
								"west": {"uv": [10, 19], "uv_size": [0.5, 0.5]},
								"up": {"uv": [19, 10], "uv_size": [0.5, 0.5]},
								"down": {"uv": [11, 19.5], "uv_size": [0.5, -0.5]}
							}
						},
						{
							"origin": [1.53125, 1.40625, -8.5],
							"size": [0.9375, 0.9375, 1.875],
							"pivot": [2, 1.375, -7.75],
							"rotation": [-90, 0, 0],
							"uv": {
								"north": {"uv": [17, 15], "uv_size": [1, 1]},
								"east": {"uv": [16, 11], "uv_size": [2, 1]},
								"south": {"uv": [16, 17], "uv_size": [1, 1]},
								"west": {"uv": [12, 16], "uv_size": [2, 1]},
								"up": {"uv": [16, 12], "uv_size": [1, 2]},
								"down": {"uv": [14, 18], "uv_size": [1, -2]}
							}
						},
						{
							"origin": [1.65625, 1.53125, -9.125],
							"size": [0.6875, 0.6875, 0.28125],
							"pivot": [2, 1.375, -7.75],
							"rotation": [-90, 0, 0],
							"uv": {
								"north": {"uv": [19, 11], "uv_size": [0.5, 0.5]},
								"east": {"uv": [12, 19], "uv_size": [0.5, 0.5]},
								"south": {"uv": [19, 12], "uv_size": [0.5, 0.5]},
								"west": {"uv": [13, 19], "uv_size": [0.5, 0.5]},
								"up": {"uv": [19, 13], "uv_size": [0.5, 0.5]},
								"down": {"uv": [14, 19.5], "uv_size": [0.5, -0.5]}
							}
						},
						{
							"origin": [1.59375, 1.46875, -8.84375],
							"size": [0.8125, 0.8125, 0.34375],
							"pivot": [2, 1.375, -7.75],
							"rotation": [-90, 0, 0],
							"uv": {
								"north": {"uv": [17, 16], "uv_size": [1, 1]},
								"east": {"uv": [18, 13], "uv_size": [0.5, 1]},
								"south": {"uv": [17, 17], "uv_size": [1, 1]},
								"west": {"uv": [14, 18], "uv_size": [0.5, 1]},
								"up": {"uv": [18, 14], "uv_size": [1, 0.5]},
								"down": {"uv": [15, 18.5], "uv_size": [1, -0.5]}
							}
						}
					]
				},
				{
					"name": "bone2",
					"parent": "bone",
					"pivot": [3, 4.4375, -4],
					"cubes": [
						{
							"origin": [2.53125, 1.46875, -5],
							"size": [0.9375, 0.9375, 1.875],
							"pivot": [3, 1.4375, -4.25],
							"rotation": [-90, 0, 0],
							"uv": {
								"north": {"uv": [16, 15], "uv_size": [1, 1]},
								"east": {"uv": [15, 9], "uv_size": [2, 1]},
								"south": {"uv": [2, 17], "uv_size": [1, 1]},
								"west": {"uv": [15, 10], "uv_size": [2, 1]},
								"up": {"uv": [15, 11], "uv_size": [1, 2]},
								"down": {"uv": [15, 15], "uv_size": [1, -2]}
							}
						},
						{
							"origin": [2.65625, 1.59375, -5.625],
							"size": [0.6875, 0.6875, 0.28125],
							"pivot": [3, 1.4375, -4.25],
							"rotation": [-90, 0, 0],
							"uv": {
								"north": {"uv": [18, 15], "uv_size": [0.5, 0.5]},
								"east": {"uv": [16, 18], "uv_size": [0.5, 0.5]},
								"south": {"uv": [18, 16], "uv_size": [0.5, 0.5]},
								"west": {"uv": [17, 18], "uv_size": [0.5, 0.5]},
								"up": {"uv": [18, 17], "uv_size": [0.5, 0.5]},
								"down": {"uv": [18, 18.5], "uv_size": [0.5, -0.5]}
							}
						},
						{
							"origin": [2.59375, 1.53125, -5.34375],
							"size": [0.8125, 0.8125, 0.34375],
							"pivot": [3, 1.4375, -4.25],
							"rotation": [-90, 0, 0],
							"uv": {
								"north": {"uv": [3, 17], "uv_size": [1, 1]},
								"east": {"uv": [2, 18], "uv_size": [0.5, 1]},
								"south": {"uv": [6, 17], "uv_size": [1, 1]},
								"west": {"uv": [3, 18], "uv_size": [0.5, 1]},
								"up": {"uv": [4, 18], "uv_size": [1, 0.5]},
								"down": {"uv": [5, 18.5], "uv_size": [1, -0.5]}
							}
						}
					]
				},
				{
					"name": "bone3",
					"parent": "bone2",
					"pivot": [3, 4.4375, -2.75],
					"cubes": [
						{
							"origin": [2.53125, 1.46875, -3.75],
							"size": [0.9375, 0.9375, 1.875],
							"pivot": [3, 1.4375, -3],
							"rotation": [-90, 0, 0],
							"uv": {
								"north": {"uv": [16, 15], "uv_size": [1, 1]},
								"east": {"uv": [15, 9], "uv_size": [2, 1]},
								"south": {"uv": [2, 17], "uv_size": [1, 1]},
								"west": {"uv": [15, 10], "uv_size": [2, 1]},
								"up": {"uv": [15, 11], "uv_size": [1, 2]},
								"down": {"uv": [15, 15], "uv_size": [1, -2]}
							}
						},
						{
							"origin": [2.65625, 1.59375, -4.375],
							"size": [0.6875, 0.6875, 0.28125],
							"pivot": [3, 1.4375, -3],
							"rotation": [-90, 0, 0],
							"uv": {
								"north": {"uv": [18, 15], "uv_size": [0.5, 0.5]},
								"east": {"uv": [16, 18], "uv_size": [0.5, 0.5]},
								"south": {"uv": [18, 16], "uv_size": [0.5, 0.5]},
								"west": {"uv": [17, 18], "uv_size": [0.5, 0.5]},
								"up": {"uv": [18, 17], "uv_size": [0.5, 0.5]},
								"down": {"uv": [18, 18.5], "uv_size": [0.5, -0.5]}
							}
						},
						{
							"origin": [2.59375, 1.53125, -4.09375],
							"size": [0.8125, 0.8125, 0.34375],
							"pivot": [3, 1.4375, -3],
							"rotation": [-90, 0, 0],
							"uv": {
								"north": {"uv": [3, 17], "uv_size": [1, 1]},
								"east": {"uv": [2, 18], "uv_size": [0.5, 1]},
								"south": {"uv": [6, 17], "uv_size": [1, 1]},
								"west": {"uv": [3, 18], "uv_size": [0.5, 1]},
								"up": {"uv": [4, 18], "uv_size": [1, 0.5]},
								"down": {"uv": [5, 18.5], "uv_size": [1, -0.5]}
							}
						}
					]
				},
				{
					"name": "bone4",
					"parent": "bone3",
					"pivot": [3, 4.4375, -1.5],
					"cubes": [
						{
							"origin": [2.53125, 1.46875, -2.5],
							"size": [0.9375, 0.9375, 1.875],
							"pivot": [3, 1.4375, -1.75],
							"rotation": [-90, 0, 0],
							"uv": {
								"north": {"uv": [16, 15], "uv_size": [1, 1]},
								"east": {"uv": [15, 9], "uv_size": [2, 1]},
								"south": {"uv": [2, 17], "uv_size": [1, 1]},
								"west": {"uv": [15, 10], "uv_size": [2, 1]},
								"up": {"uv": [15, 11], "uv_size": [1, 2]},
								"down": {"uv": [15, 15], "uv_size": [1, -2]}
							}
						},
						{
							"origin": [2.65625, 1.59375, -3.125],
							"size": [0.6875, 0.6875, 0.28125],
							"pivot": [3, 1.4375, -1.75],
							"rotation": [-90, 0, 0],
							"uv": {
								"north": {"uv": [18, 15], "uv_size": [0.5, 0.5]},
								"east": {"uv": [16, 18], "uv_size": [0.5, 0.5]},
								"south": {"uv": [18, 16], "uv_size": [0.5, 0.5]},
								"west": {"uv": [17, 18], "uv_size": [0.5, 0.5]},
								"up": {"uv": [18, 17], "uv_size": [0.5, 0.5]},
								"down": {"uv": [18, 18.5], "uv_size": [0.5, -0.5]}
							}
						},
						{
							"origin": [2.59375, 1.53125, -2.84375],
							"size": [0.8125, 0.8125, 0.34375],
							"pivot": [3, 1.4375, -1.75],
							"rotation": [-90, 0, 0],
							"uv": {
								"north": {"uv": [3, 17], "uv_size": [1, 1]},
								"east": {"uv": [2, 18], "uv_size": [0.5, 1]},
								"south": {"uv": [6, 17], "uv_size": [1, 1]},
								"west": {"uv": [3, 18], "uv_size": [0.5, 1]},
								"up": {"uv": [4, 18], "uv_size": [1, 0.5]},
								"down": {"uv": [5, 18.5], "uv_size": [1, -0.5]}
							}
						}
					]
				}
			]
		}
	]
}