{
	"format_version": "1.12.0",
	"minecraft:geometry": [
		{
			"description": {
				"identifier": "geometry.unknown",
				"texture_width": 32,
				"texture_height": 32,
				"visible_bounds_width": 2,
				"visible_bounds_height": 1.5,
				"visible_bounds_offset": [0, 0.25, 0]
			},
			"bones": [
				{
					"name": "5821",
					"pivot": [0, 0, 0]
				},
				{
					"name": "bone",
					"parent": "5821",
					"pivot": [3.63965, 1.97149, -6.04786]
				},
				{
					"name": "bullet",
					"parent": "bone",
					"pivot": [3.63965, 1.97149, -6.04786],
					"rotation": [0, -45, 0],
					"cubes": [
						{
							"origin": [3.1625, 0.2039, -6.525],
							"size": [0.95429, 1.54869, 0.95429],
							"uv": {
								"north": {"uv": [23, 24], "uv_size": [1, 1.5]},
								"east": {"uv": [24, 24], "uv_size": [1, 1.5]},
								"south": {"uv": [25, 10], "uv_size": [1, 1.5]},
								"west": {"uv": [25, 12], "uv_size": [1, 1.5]},
								"up": {"uv": [9, 26], "uv_size": [1, 1]},
								"down": {"uv": [26, 11], "uv_size": [1, -1]}
							}
						},
						{
							"origin": [3.1625, 0, -6.525],
							"size": [0.95429, 0.10194, 0.95429],
							"uv": {
								"north": {"uv": [27, 17], "uv_size": [1, 0.5]},
								"east": {"uv": [22, 27], "uv_size": [1, 0.5]},
								"south": {"uv": [23, 27], "uv_size": [1, 0.5]},
								"west": {"uv": [24, 27], "uv_size": [1, 0.5]},
								"up": {"uv": [26, 11], "uv_size": [1, 1]},
								"down": {"uv": [26, 13], "uv_size": [1, -1]}
							}
						},
						{
							"origin": [3.24084, 0.08436, -6.44666],
							"size": [0.7976, 2.14675, 0.7976],
							"inflate": 0.001,
							"uv": {
								"north": {"uv": [8, 22], "uv_size": [1, 2]},
								"east": {"uv": [9, 22], "uv_size": [1, 2]},
								"south": {"uv": [8, 24], "uv_size": [1, 2]},
								"west": {"uv": [9, 24], "uv_size": [1, 2]},
								"up": {"uv": [26, 13], "uv_size": [1, 1]},
								"down": {"uv": [26, 15], "uv_size": [1, -1]}
							}
						},
						{
							"origin": [3.30831, 1.78813, -6.3792],
							"size": [0.66268, 0.86324, 0.66268],
							"uv": {
								"north": {"uv": [25, 27], "uv_size": [0.5, 1]},
								"east": {"uv": [26, 27], "uv_size": [0.5, 1]},
								"south": {"uv": [27, 26], "uv_size": [0.5, 1]},
								"west": {"uv": [27, 27], "uv_size": [0.5, 1]},
								"up": {"uv": [25, 28], "uv_size": [0.5, 0.5]},
								"down": {"uv": [28, 25.5], "uv_size": [0.5, -0.5]}
							}
						},
						{
							"origin": [3.37459, 2.5494, -6.31294],
							"size": [0.53013, 0.52676, 0.53013],
							"uv": {
								"north": {"uv": [26, 28], "uv_size": [0.5, 0.5]},
								"east": {"uv": [28, 26], "uv_size": [0.5, 0.5]},
								"south": {"uv": [27, 28], "uv_size": [0.5, 0.5]},
								"west": {"uv": [28, 27], "uv_size": [0.5, 0.5]},
								"up": {"uv": [28, 28], "uv_size": [0.5, 0.5]},
								"down": {"uv": [8, 29.5], "uv_size": [0.5, -0.5]}
							}
						},
						{
							"origin": [3.44084, 3.0082, -6.24669],
							"size": [0.39763, 0.33218, 0.39763],
							"uv": {
								"north": {"uv": [9, 29], "uv_size": [0.5, 0.5]},
								"east": {"uv": [10, 29], "uv_size": [0.5, 0.5]},
								"south": {"uv": [29, 10], "uv_size": [0.5, 0.5]},
								"west": {"uv": [11, 29], "uv_size": [0.5, 0.5]},
								"up": {"uv": [29, 11], "uv_size": [0.5, 0.5]},
								"down": {"uv": [12, 29.5], "uv_size": [0.5, -0.5]}
							}
						},
						{
							"origin": [3.54024, 3.30726, -6.14726],
							"size": [0.19881, 0.1988, 0.19881],
							"uv": {
								"north": {"uv": [29, 12], "uv_size": [0.5, 0.5]},
								"east": {"uv": [13, 29], "uv_size": [0.5, 0.5]},
								"south": {"uv": [29, 13], "uv_size": [0.5, 0.5]},
								"west": {"uv": [14, 29], "uv_size": [0.5, 0.5]},
								"up": {"uv": [29, 14], "uv_size": [0.5, 0.5]},
								"down": {"uv": [15, 29.5], "uv_size": [0.5, -0.5]}
							}
						}
					]
				},
				{
					"name": "bullet2",
					"parent": "bone",
					"pivot": [10.61778, 1.97149, -6.77286],
					"rotation": [90, -22.5, 0],
					"cubes": [
						{
							"origin": [5.79063, -1.79941, -8.74436],
							"size": [0.95429, 1.54869, 0.95427],
							"uv": {
								"north": {"uv": [25, 14], "uv_size": [1, 1.5]},
								"east": {"uv": [25, 16], "uv_size": [1, 1.5]},
								"south": {"uv": [25, 24], "uv_size": [1, 1.5]},
								"west": {"uv": [8, 26], "uv_size": [1, 1.5]},
								"up": {"uv": [26, 15], "uv_size": [1, 1]},
								"down": {"uv": [26, 17], "uv_size": [1, -1]}
							}
						},
						{
							"origin": [5.79063, -2.00332, -8.74436],
							"size": [0.95429, 0.10195, 0.95427],
							"uv": {
								"north": {"uv": [8, 28], "uv_size": [1, 0.5]},
								"east": {"uv": [28, 15], "uv_size": [1, 0.5]},
								"south": {"uv": [28, 16], "uv_size": [1, 0.5]},
								"west": {"uv": [28, 17], "uv_size": [1, 0.5]},
								"up": {"uv": [26, 17], "uv_size": [1, 1]},
								"down": {"uv": [22, 27], "uv_size": [1, -1]}
							}
						},
						{
							"origin": [5.86897, -1.91894, -8.66601],
							"size": [0.7976, 2.14674, 0.79759],
							"inflate": 0.001,
							"uv": {
								"north": {"uv": [24, 10], "uv_size": [1, 2]},
								"east": {"uv": [24, 12], "uv_size": [1, 2]},
								"south": {"uv": [24, 14], "uv_size": [1, 2]},
								"west": {"uv": [22, 24], "uv_size": [1, 2]},
								"up": {"uv": [23, 26], "uv_size": [1, 1]},
								"down": {"uv": [24, 27], "uv_size": [1, -1]}
							}
						},
						{
							"origin": [5.93644, -0.21518, -8.59857],
							"size": [0.66268, 0.86323, 0.66268],
							"uv": {
								"north": {"uv": [22, 28], "uv_size": [0.5, 1]},
								"east": {"uv": [23, 28], "uv_size": [0.5, 1]},
								"south": {"uv": [24, 28], "uv_size": [0.5, 1]},
								"west": {"uv": [28, 24], "uv_size": [0.5, 1]},
								"up": {"uv": [29, 15], "uv_size": [0.5, 0.5]},
								"down": {"uv": [16, 29.5], "uv_size": [0.5, -0.5]}
							}
						},
						{
							"origin": [6.00272, 0.54608, -8.53229],
							"size": [0.53013, 0.52677, 0.53013],
							"uv": {
								"north": {"uv": [29, 16], "uv_size": [0.5, 0.5]},
								"east": {"uv": [17, 29], "uv_size": [0.5, 0.5]},
								"south": {"uv": [29, 17], "uv_size": [0.5, 0.5]},
								"west": {"uv": [18, 29], "uv_size": [0.5, 0.5]},
								"up": {"uv": [19, 29], "uv_size": [0.5, 0.5]},
								"down": {"uv": [20, 29.5], "uv_size": [0.5, -0.5]}
							}
						},
						{
							"origin": [6.06897, 1.00488, -8.46604],
							"size": [0.39763, 0.3322, 0.39763],
							"uv": {
								"north": {"uv": [21, 29], "uv_size": [0.5, 0.5]},
								"east": {"uv": [22, 29], "uv_size": [0.5, 0.5]},
								"south": {"uv": [23, 29], "uv_size": [0.5, 0.5]},
								"west": {"uv": [24, 29], "uv_size": [0.5, 0.5]},
								"up": {"uv": [29, 24], "uv_size": [0.5, 0.5]},
								"down": {"uv": [25, 29.5], "uv_size": [0.5, -0.5]}
							}
						},
						{
							"origin": [6.16836, 1.30394, -8.36663],
							"size": [0.19881, 0.19879, 0.19882],
							"uv": {
								"north": {"uv": [29, 25], "uv_size": [0.5, 0.5]},
								"east": {"uv": [26, 29], "uv_size": [0.5, 0.5]},
								"south": {"uv": [29, 26], "uv_size": [0.5, 0.5]},
								"west": {"uv": [27, 29], "uv_size": [0.5, 0.5]},
								"up": {"uv": [29, 27], "uv_size": [0.5, 0.5]},
								"down": {"uv": [28, 29.5], "uv_size": [0.5, -0.5]}
							}
						}
					]
				},
				{
					"name": "bone2",
					"parent": "5821",
					"pivot": [0, 0.3625, 0],
					"cubes": [
						{
							"origin": [-7.25, 0.3625, -4.35],
							"size": [14.5, 3.9875, 8.7],
							"uv": {
								"north": {"uv": [15, 0], "uv_size": [14.5, 4]},
								"east": {"uv": [15, 8], "uv_size": [8.5, 4]},
								"south": {"uv": [15, 4], "uv_size": [14.5, 4]},
								"west": {"uv": [15, 12], "uv_size": [8.5, 4]},
								"up": {"uv": [0, 0], "uv_size": [14.5, 8.5]},
								"down": {"uv": [0, 17.5], "uv_size": [14.5, -8.5]}
							}
						},
						{
							"origin": [-5.8, 0, -4.35],
							"size": [1.45, 0.3625, 8.7],
							"uv": {
								"north": {"uv": [26, 24], "uv_size": [1.5, 0.5]},
								"east": {"uv": [22, 18], "uv_size": [8.5, 0.5]},
								"south": {"uv": [25, 26], "uv_size": [1.5, 0.5]},
								"west": {"uv": [22, 19], "uv_size": [8.5, 0.5]},
								"up": {"uv": [10, 20], "uv_size": [1.5, 8.5]},
								"down": {"uv": [12, 28.5], "uv_size": [1.5, -8.5]}
							}
						},
						{
							"origin": [4.35, 0, -4.35],
							"size": [1.45, 0.3625, 8.7],
							"uv": {
								"north": {"uv": [26, 25], "uv_size": [1.5, 0.5]},
								"east": {"uv": [22, 20], "uv_size": [8.5, 0.5]},
								"south": {"uv": [27, 10], "uv_size": [1.5, 0.5]},
								"west": {"uv": [22, 21], "uv_size": [8.5, 0.5]},
								"up": {"uv": [14, 20], "uv_size": [1.5, 8.5]},
								"down": {"uv": [16, 28.5], "uv_size": [1.5, -8.5]}
							}
						},
						{
							"origin": [-5.6, 4.35, -4.35],
							"size": [1.45, 0.3625, 8.7],
							"uv": {
								"north": {"uv": [27, 11], "uv_size": [1.5, 0.5]},
								"east": {"uv": [22, 22], "uv_size": [8.5, 0.5]},
								"south": {"uv": [27, 12], "uv_size": [1.5, 0.5]},
								"west": {"uv": [22, 23], "uv_size": [8.5, 0.5]},
								"up": {"uv": [18, 20], "uv_size": [1.5, 8.5]},
								"down": {"uv": [20, 26.5], "uv_size": [1.5, -8.5]}
							}
						},
						{
							"origin": [4.15, 4.35, -4.35],
							"size": [1.45, 0.3625, 8.7],
							"uv": {
								"north": {"uv": [27, 13], "uv_size": [1.5, 0.5]},
								"east": {"uv": [24, 8], "uv_size": [8.5, 0.5]},
								"south": {"uv": [27, 14], "uv_size": [1.5, 0.5]},
								"west": {"uv": [24, 9], "uv_size": [8.5, 0.5]},
								"up": {"uv": [0, 22], "uv_size": [1.5, 8.5]},
								"down": {"uv": [2, 30.5], "uv_size": [1.5, -8.5]}
							}
						},
						{
							"origin": [-5.2375, 2.62813, -4.7125],
							"size": [0.725, 1.54063, 9.425],
							"uv": {
								"north": {"uv": [9, 27], "uv_size": [0.5, 1.5]},
								"east": {"uv": [15, 16], "uv_size": [9.5, 1.5]},
								"south": {"uv": [27, 15], "uv_size": [0.5, 1.5]},
								"west": {"uv": [0, 18], "uv_size": [9.5, 1.5]},
								"up": {"uv": [4, 22], "uv_size": [0.5, 9.5]},
								"down": {"uv": [5, 31.5], "uv_size": [0.5, -9.5]}
							}
						},
						{
							"origin": [4.5125, 2.62813, -4.7125],
							"size": [0.725, 1.54063, 9.425],
							"uv": {
								"north": {"uv": [20, 27], "uv_size": [0.5, 1.5]},
								"east": {"uv": [10, 18], "uv_size": [9.5, 1.5]},
								"south": {"uv": [21, 27], "uv_size": [0.5, 1.5]},
								"west": {"uv": [0, 20], "uv_size": [9.5, 1.5]},
								"up": {"uv": [6, 22], "uv_size": [0.5, 9.5]},
								"down": {"uv": [7, 31.5], "uv_size": [0.5, -9.5]}
							}
						}
					]
				},
				{
					"name": "positioning",
					"pivot": [-3.025, -8.95, -11.225]
				},
				{
					"name": "ground",
					"parent": "positioning",
					"pivot": [0, 0, 0]
				},
				{
					"name": "fixed",
					"parent": "positioning",
					"pivot": [0, 6, 0]
				},
				{
					"name": "thirdperson_hand",
					"parent": "positioning",
					"pivot": [-0.025, 1.55, -0.225],
					"rotation": [0, -90, 0]
				}
			]
		}
	]
}