{
	"format_version": "1.12.0",
	"minecraft:geometry": [
		{
			"description": {
				"identifier": "geometry.unknown",
				"texture_width": 32,
				"texture_height": 32,
				"visible_bounds_width": 3,
				"visible_bounds_height": 1.5,
				"visible_bounds_offset": [0, 0.25, 0]
			},
			"bones": [
				{
					"name": "bone",
					"pivot": [-1.5, 1.25, 0],
					"cubes": [
						{
							"origin": [-8.2926, -0.0255, -3.1212],
							"size": [13.5252, 2.601, 6.2424],
							"uv": {
								"north": {"uv": [0, 12], "uv_size": [13.5, 2.5]},
								"east": {"uv": [14, 9], "uv_size": [6, 2.5]},
								"south": {"uv": [14, 0], "uv_size": [13.5, 2.5]},
								"west": {"uv": [14, 12], "uv_size": [6, 2.5]},
								"up": {"uv": [0, 0], "uv_size": [13.5, 6]},
								"down": {"uv": [0, 12], "uv_size": [13.5, -6]}
							}
						},
						{
							"origin": [5.1, 0, -3.09125],
							"size": [3.06, 2.48625, 6.1825],
							"uv": {
								"north": {"uv": [6, 15], "uv_size": [3, 2.5]},
								"south": {"uv": [9, 15], "uv_size": [3, 2.5]},
								"west": {"uv": [0, 15], "uv_size": [6, 2.5]},
								"down": {"uv": [14, 9], "uv_size": [3, -6]}
							}
						},
						{
							"origin": [6.46875, 0.84078, 1.38788],
							"size": [0.7955, 0.7955, 2.24123],
							"pivot": [6.8665, 1.23853, 2.5085],
							"rotation": [-90, 45, 0],
							"uv": {
								"north": {"uv": [21, 12], "uv_size": [1, 1]},
								"east": {"uv": [12, 15], "uv_size": [2, 1]},
								"south": {"uv": [13, 21], "uv_size": [1, 1]},
								"west": {"uv": [14, 15], "uv_size": [2, 1]},
								"up": {"uv": [12, 16], "uv_size": [1, 2]},
								"down": {"uv": [13, 18], "uv_size": [1, -2]}
							}
						},
						{
							"origin": [7.09375, 0.84078, 0.38788],
							"size": [0.7955, 0.7955, 2.24123],
							"pivot": [7.4915, 1.23853, 1.5085],
							"rotation": [-90, 45, 0],
							"uv": {
								"north": {"uv": [21, 14], "uv_size": [1, 1]},
								"east": {"uv": [14, 16], "uv_size": [2, 1]},
								"south": {"uv": [15, 21], "uv_size": [1, 1]},
								"west": {"uv": [16, 15], "uv_size": [2, 1]},
								"up": {"uv": [16, 16], "uv_size": [1, 2]},
								"down": {"uv": [17, 5], "uv_size": [1, -2]}
							}
						},
						{
							"origin": [7.09375, 0.84078, -1.61212],
							"size": [0.7955, 0.7955, 2.24123],
							"pivot": [7.4915, 1.23853, -0.4915],
							"rotation": [-90, 45, 0],
							"uv": {
								"north": {"uv": [21, 15], "uv_size": [1, 1]},
								"east": {"uv": [17, 5], "uv_size": [2, 1]},
								"south": {"uv": [16, 21], "uv_size": [1, 1]},
								"west": {"uv": [17, 6], "uv_size": [2, 1]},
								"up": {"uv": [17, 7], "uv_size": [1, 2]},
								"down": {"uv": [14, 19], "uv_size": [1, -2]}
							}
						},
						{
							"origin": [6.46875, 0.84078, -0.61212],
							"size": [0.7955, 0.7955, 2.24123],
							"pivot": [6.8665, 1.23853, 0.5085],
							"rotation": [-90, 45, 0],
							"uv": {
								"north": {"uv": [21, 17], "uv_size": [1, 1]},
								"east": {"uv": [17, 16], "uv_size": [2, 1]},
								"south": {"uv": [18, 21], "uv_size": [1, 1]},
								"west": {"uv": [17, 17], "uv_size": [2, 1]},
								"up": {"uv": [15, 17], "uv_size": [1, 2]},
								"down": {"uv": [0, 20], "uv_size": [1, -2]}
							}
						},
						{
							"origin": [7.09375, 0.84078, -3.61212],
							"size": [0.7955, 0.7955, 2.24123],
							"pivot": [7.4915, 1.23853, -2.4915],
							"rotation": [-90, 45, 0],
							"uv": {
								"north": {"uv": [21, 18], "uv_size": [1, 1]},
								"east": {"uv": [1, 18], "uv_size": [2, 1]},
								"south": {"uv": [19, 21], "uv_size": [1, 1]},
								"west": {"uv": [3, 18], "uv_size": [2, 1]},
								"up": {"uv": [18, 3], "uv_size": [1, 2]},
								"down": {"uv": [5, 20], "uv_size": [1, -2]}
							}
						},
						{
							"origin": [6.46875, 0.84078, -2.61212],
							"size": [0.7955, 0.7955, 2.24123],
							"pivot": [6.8665, 1.23853, -1.4915],
							"rotation": [-90, 45, 0],
							"uv": {
								"north": {"uv": [21, 20], "uv_size": [1, 1]},
								"east": {"uv": [6, 18], "uv_size": [2, 1]},
								"south": {"uv": [21, 21], "uv_size": [1, 1]},
								"west": {"uv": [18, 7], "uv_size": [2, 1]},
								"up": {"uv": [8, 18], "uv_size": [1, 2]},
								"down": {"uv": [9, 20], "uv_size": [1, -2]}
							}
						},
						{
							"origin": [5.90625, 0.84078, -3.61212],
							"size": [0.7955, 0.7955, 2.24123],
							"pivot": [6.304, 1.23853, -2.4915],
							"rotation": [-90, 45, 0],
							"uv": {
								"north": {"uv": [0, 22], "uv_size": [1, 1]},
								"east": {"uv": [18, 8], "uv_size": [2, 1]},
								"south": {"uv": [2, 22], "uv_size": [1, 1]},
								"west": {"uv": [10, 18], "uv_size": [2, 1]},
								"up": {"uv": [12, 18], "uv_size": [1, 2]},
								"down": {"uv": [13, 20], "uv_size": [1, -2]}
							}
						},
						{
							"origin": [5.28125, 0.84078, -2.61212],
							"size": [0.7955, 0.7955, 2.24123],
							"pivot": [5.679, 1.23853, -1.4915],
							"rotation": [-90, 45, 0],
							"uv": {
								"north": {"uv": [3, 22], "uv_size": [1, 1]},
								"east": {"uv": [18, 15], "uv_size": [2, 1]},
								"south": {"uv": [22, 4], "uv_size": [1, 1]},
								"west": {"uv": [16, 18], "uv_size": [2, 1]},
								"up": {"uv": [18, 18], "uv_size": [1, 2]},
								"down": {"uv": [1, 21], "uv_size": [1, -2]}
							}
						},
						{
							"origin": [5.90625, 0.84078, -1.61212],
							"size": [0.7955, 0.7955, 2.24123],
							"pivot": [6.304, 1.23853, -0.4915],
							"rotation": [-90, 45, 0],
							"uv": {
								"north": {"uv": [5, 22], "uv_size": [1, 1]},
								"east": {"uv": [2, 19], "uv_size": [2, 1]},
								"south": {"uv": [22, 5], "uv_size": [1, 1]},
								"west": {"uv": [19, 3], "uv_size": [2, 1]},
								"up": {"uv": [4, 19], "uv_size": [1, 2]},
								"down": {"uv": [19, 6], "uv_size": [1, -2]}
							}
						},
						{
							"origin": [5.28125, 0.84078, -0.61212],
							"size": [0.7955, 0.7955, 2.24123],
							"pivot": [5.679, 1.23853, 0.5085],
							"rotation": [-90, 45, 0],
							"uv": {
								"north": {"uv": [8, 22], "uv_size": [1, 1]},
								"east": {"uv": [6, 19], "uv_size": [2, 1]},
								"south": {"uv": [22, 8], "uv_size": [1, 1]},
								"west": {"uv": [19, 6], "uv_size": [2, 1]},
								"up": {"uv": [10, 19], "uv_size": [1, 2]},
								"down": {"uv": [11, 21], "uv_size": [1, -2]}
							}
						},
						{
							"origin": [5.90625, 0.84078, 0.38788],
							"size": [0.7955, 0.7955, 2.24123],
							"pivot": [6.304, 1.23853, 1.5085],
							"rotation": [-90, 45, 0],
							"uv": {
								"north": {"uv": [9, 22], "uv_size": [1, 1]},
								"east": {"uv": [14, 19], "uv_size": [2, 1]},
								"south": {"uv": [22, 9], "uv_size": [1, 1]},
								"west": {"uv": [16, 19], "uv_size": [2, 1]},
								"up": {"uv": [19, 16], "uv_size": [1, 2]},
								"down": {"uv": [19, 20], "uv_size": [1, -2]}
							}
						},
						{
							"origin": [5.28125, 0.84078, 1.38788],
							"size": [0.7955, 0.7955, 2.24123],
							"pivot": [5.679, 1.23853, 2.5085],
							"rotation": [-90, 45, 0],
							"uv": {
								"north": {"uv": [22, 10], "uv_size": [1, 1]},
								"east": {"uv": [2, 20], "uv_size": [2, 1]},
								"south": {"uv": [11, 22], "uv_size": [1, 1]},
								"west": {"uv": [20, 4], "uv_size": [2, 1]},
								"up": {"uv": [0, 20], "uv_size": [1, 2]},
								"down": {"uv": [5, 22], "uv_size": [1, -2]}
							}
						},
						{
							"origin": [4.71875, 0.84078, -3.61212],
							"size": [0.7955, 0.7955, 2.24123],
							"pivot": [5.1165, 1.23853, -2.4915],
							"rotation": [-90, 45, 0],
							"uv": {
								"north": {"uv": [22, 11], "uv_size": [1, 1]},
								"east": {"uv": [20, 5], "uv_size": [2, 1]},
								"south": {"uv": [12, 22], "uv_size": [1, 1]},
								"west": {"uv": [6, 20], "uv_size": [2, 1]},
								"up": {"uv": [20, 7], "uv_size": [1, 2]},
								"down": {"uv": [8, 22], "uv_size": [1, -2]}
							}
						},
						{
							"origin": [4.71875, 0.84078, -1.61212],
							"size": [0.7955, 0.7955, 2.24123],
							"pivot": [5.1165, 1.23853, -0.4915],
							"rotation": [-90, 45, 0],
							"uv": {
								"north": {"uv": [22, 13], "uv_size": [1, 1]},
								"east": {"uv": [12, 20], "uv_size": [2, 1]},
								"south": {"uv": [14, 22], "uv_size": [1, 1]},
								"west": {"uv": [20, 13], "uv_size": [2, 1]},
								"up": {"uv": [14, 20], "uv_size": [1, 2]},
								"down": {"uv": [20, 16], "uv_size": [1, -2]}
							}
						},
						{
							"origin": [4.71875, 0.84079, 0.38788],
							"size": [0.7955, 0.7955, 2.24123],
							"pivot": [5.1165, 1.23854, 1.5085],
							"rotation": [-90, 45, 0],
							"uv": {
								"north": {"uv": [22, 15], "uv_size": [1, 1]},
								"east": {"uv": [18, 20], "uv_size": [2, 1]},
								"south": {"uv": [16, 22], "uv_size": [1, 1]},
								"west": {"uv": [20, 19], "uv_size": [2, 1]},
								"up": {"uv": [20, 20], "uv_size": [1, 2]},
								"down": {"uv": [1, 23], "uv_size": [1, -2]}
							}
						}
					]
				},
				{
					"name": "bullet2",
					"parent": "bone",
					"pivot": [4.60256, 1.22407, -4.39867],
					"rotation": [-90, 45, 0],
					"cubes": [
						{
							"origin": [4.2045, 0.82725, -4.79427],
							"size": [0.7955, 0.7955, 1.36623],
							"uv": {
								"north": {"uv": [21, 8], "uv_size": [1, 1]},
								"east": {"uv": [21, 6], "uv_size": [1.5, 1]},
								"south": {"uv": [11, 21], "uv_size": [1, 1]},
								"west": {"uv": [21, 7], "uv_size": [1.5, 1]},
								"up": {"uv": [7, 21], "uv_size": [1, 1.5]},
								"down": {"uv": [10, 22.5], "uv_size": [1, -1.5]}
							}
						},
						{
							"origin": [4.2045, 0.82725, -3.28374],
							"size": [0.7955, 0.7955, 0.10915],
							"uv": {
								"north": {"uv": [21, 11], "uv_size": [1, 1]},
								"east": {"uv": [22, 17], "uv_size": [0.5, 1]},
								"south": {"uv": [12, 21], "uv_size": [1, 1]},
								"west": {"uv": [18, 22], "uv_size": [0.5, 1]},
								"up": {"uv": [22, 18], "uv_size": [1, 0.5]},
								"down": {"uv": [19, 22.5], "uv_size": [1, -0.5]}
							}
						},
						{
							"origin": [4.31365, 0.93455, -3.42804],
							"size": [0.5772, 0.5772, 0.1443],
							"uv": {
								"north": {"uv": [22, 19], "uv_size": [0.5, 0.5]},
								"east": {"uv": [20, 22], "uv_size": [0.5, 0.5]},
								"south": {"uv": [22, 20], "uv_size": [0.5, 0.5]},
								"west": {"uv": [21, 22], "uv_size": [0.5, 0.5]},
								"up": {"uv": [22, 21], "uv_size": [0.5, 0.5]},
								"down": {"uv": [22, 22.5], "uv_size": [0.5, -0.5]}
							}
						},
						{
							"origin": [4.30255, 0.92345, -5.44362],
							"size": [0.5994, 0.5994, 0.2886],
							"uv": {
								"north": {"uv": [0, 23], "uv_size": [0.5, 0.5]},
								"east": {"uv": [1, 23], "uv_size": [0.5, 0.5]},
								"south": {"uv": [2, 23], "uv_size": [0.5, 0.5]},
								"west": {"uv": [3, 23], "uv_size": [0.5, 0.5]},
								"up": {"uv": [23, 3], "uv_size": [0.5, 0.5]},
								"down": {"uv": [4, 23.5], "uv_size": [0.5, -0.5]}
							}
						},
						{
							"origin": [4.26, 0.8809, -5.15502],
							"size": [0.68635, 0.68635, 0.39775],
							"uv": {
								"north": {"uv": [23, 4], "uv_size": [0.5, 0.5]},
								"east": {"uv": [5, 23], "uv_size": [0.5, 0.5]},
								"south": {"uv": [23, 5], "uv_size": [0.5, 0.5]},
								"west": {"uv": [6, 23], "uv_size": [0.5, 0.5]},
								"up": {"uv": [23, 6], "uv_size": [0.5, 0.5]},
								"down": {"uv": [7, 23.5], "uv_size": [0.5, -0.5]}
							}
						},
						{
							"origin": [4.4043, 1.0252, -5.5671],
							"size": [0.39775, 0.39775, 0.25345],
							"uv": {
								"north": {"uv": [23, 7], "uv_size": [0.5, 0.5]},
								"east": {"uv": [8, 23], "uv_size": [0.5, 0.5]},
								"south": {"uv": [23, 8], "uv_size": [0.5, 0.5]},
								"west": {"uv": [9, 23], "uv_size": [0.5, 0.5]},
								"up": {"uv": [23, 9], "uv_size": [0.5, 0.5]},
								"down": {"uv": [10, 23.5], "uv_size": [0.5, -0.5]}
							}
						}
					]
				},
				{
					"name": "positioning",
					"pivot": [-3.025, -8.95, -11.225]
				},
				{
					"name": "ground",
					"parent": "positioning",
					"pivot": [0, 0, 0]
				},
				{
					"name": "fixed",
					"parent": "positioning",
					"pivot": [0, 6, 0]
				},
				{
					"name": "thirdperson_hand",
					"parent": "positioning",
					"pivot": [-0.025, 1.55, -0.225],
					"rotation": [0, -90, 0]
				}
			]
		}
	]
}