{
    // 枪械的显示名称，支持使用语言文件定义。
    "name": "hare.gun.six12.name",
	"tooltip": "hare.gun.six12.desc",
    // 枪械效果文件，对应 guns/display/xxx_display.json，其中前缀"guns/display/"和后缀".json"不需要包含。
    "display": "hare:six12_display",
    // 枪械参数文件，对应 guns/data/xxx_data.json，其中前缀"guns/data/"和后缀".json"不需要包含。
    "data": "hare:six12_data",
    // 创造栏标签页类别，直接用默认枪包定义的 rifle (步枪0
    "type": "shotgun"
}