{
  "ammo": "tacz:9mm",
  "rpm": 449,
  "bullet": {
    "life": 0.3,
    "bullet_amount": 1,
    "tracer_count_interval": 0,
    "extra_damage": {
      "armor_ignore": 0,
      "head_shot_multiplier": 4,
      "damage_adjust": [
        {"distance": 10, "damage": 1},
        {"distance": 15, "damage": 0.75},
        {"distance": 20, "damage": 0.5},
        {"distance": 25, "damage": 0.25},
        {"distance": "infinite", "damage": 0}
      ]
    },
    "speed": 75,
    "gravity": 0.15,
    "knockback": 0,
    "friction": 0.035,
    "ignite": false,
    "pierce": 0
  },
  "ammo_amount": 7,
  "bolt": "closed_bolt",
  "reload": {
    "type": "fuel",
    "feed": {
      "empty": 1.1,
      "tactical": 1.1
    },
    "cooldown": {
      "empty": 2.17,
      "tactical": 1.37
    }
  },
  "draw_time": 0.39,
  "put_away_time": 0.28,
  "aim_time": 0.05,
  "sprint_time": 0.05,
  "weight": 0.2,
  "movement_speed": {
    "base": 0,
    "aim": 0,
    "reload": 0.1
  },
  "crawl_recoil_multiplier": 0.5,
  "fire_mode": [
    "semi",
    "auto"
  ],
  "fire_mode_adjust": {
    "auto": {
      "damage": 0,
      "rpm": -100,
      "speed": 0,
      "knockback": 0,
      "armor_ignore": 0,
      "head_shot_multiplier": 0,
      "aim_inaccuracy": 0,
      "other_inaccuracy": 0
    }
  },
  "allow_attachment_types": [
//    "extended_mag"
  ],
  "recoil": {
    "pitch": [
      {"time": 0, "value": [0.25, 0.25]},
      {"time": 0.2, "value": [0.1, 0.1]},
      {"time": 0.3, "value": [0, 0]}
    ],
    "yaw": [
      {"time": 0, "value": [-0.1, 0.1]},
      {"time": 0.05, "value": [-0.05, 0.05]},
      {"time": 0.28, "value": [0, 0]}
    ]
  },
  "inaccuracy": {
    "stand": 1.25,
    "move": 1.75,
    "sneak": 0.4,
    "lie": 0.4,
    "aim": 0.4
  }
}