{
  "ammo": "tacz:308",
  "ammo_amount": 47,
  "extended_mag_ammo_amount": [
    97,
    97,
    97
  ],
  "bolt": "open_bolt",
  "rpm": 480,
  "bullet": {
    "life": 1,
    "bullet_amount": 1,
    "tracer_count_interval": 0,
    "extra_damage": {
      "armor_ignore": 0.5,
      "head_shot_multiplier": 1.5,
      "damage_adjust": [
        {"distance": 50, "damage": 11},
        {"distance": 80, "damage": 9},
        {"distance": "infinite", "damage": 7}
      ]
    },
    "speed": 277,
    "gravity": 0.15,
    "knockback": 0,
    "friction": 0.02,
    "ignite": false,
    "ignite_entity_time": 2,
    "pierce": 2,
    "explosion": {
      "explode": false,
      "damage": 22,
      "radius": 0.6,
      "knockback": true,
      "delay": 1
    }
  },
  "reload": {
    "type": "magazine",
    "feed": {
      "empty": 3.53,
      "tactical": 2.87
    },
    "cooldown": {
      "empty": 4.23,
      "tactical": 3.53
    }
  },
  "draw_time": 0.67,
  "put_away_time": 0.47,
  "aim_time": 0.18,
  "sprint_time": 0.23,
  "weight": 11.8,
  "movement_speed": {
    "base": 0.05,
    "aim": -0.1,
    "reload": -0.1
  },
  "crawl_recoil_multiplier": 0.2,
  "fire_mode": [
    "auto"
  ],
  "recoil": {
    "pitch": [
      {
        "time": 0,
        "value": [ 0.25, 0.25 ]
      },
      {
        "time": 0.25,
        "value": [ 0.25, 0.25 ]
      },
      {
        "time": 0.65,
        "value": [ -0.175, -0.175 ]
      },
      {
        "time": 0.7,
        "value": [ 0, 0 ]
      }
    ],
    "yaw": [
      {
        "time": 0,
        "value": [ -0.24, 0.24 ]
      },
      {
        "time": 0.25,
        "value": [ -0.24, 0.24 ]
      },
      {
        "time": 0.45,
        "value": [ 0, 0 ]
      }
    ]
  },
  "hurt_bob_tweak_multiplier": 0.05,
  "inaccuracy": {
    "stand": 2.5,
    "move": 3.25,
    "sneak": 0.75,
    "lie": 1,
    "aim": 0.21
  },
  "melee": {
    "distance": 0,
    "cooldown": 0.55,
    "default": {
      "animation_type": "melee_stock",
      "distance": 1.25,
      "range_angle": 30,
      "damage": 6,
      "knockback": 0.3,
      "prep": 0.3
    }
  },
  "allow_attachment_types": [
    "scope",
    "stock",
    "extended_mag"
  ]
}