{
  "ammo": "tacz:40mm",
  "rpm": 350,
  "ammo_amount": 1,
  "bolt": "open_bolt",
  "bullet": {
    "life": 8,
    "bullet_amount": 1,
    "damage": 15,
    "speed": 60,
    "gravity": 0.12,
    "knockback": 0,
    "friction": 0.03,
    "ignite": false,
    "pierce": 0,
    "explosion": {
      "explode": true,
      "damage": 45,
      "radius": 8,
      "knockback": true,
      "delay": 30
    }
  },
  "reload": {
    "type": "magazine",
    "feed": {
      "empty": 2.25,
      "tactical": 0
    },
    "cooldown": {
      "empty": 2.83,
      "tactical": 0
    }
  },
  "draw_time": 0.63,
  "put_away_time": 0.43,
  "aim_time": 0.2,
  "sprint_time": 0.2,
  "weight": 5.13,
  "movement_speed": {
    "base": 0.0,
    "aim": -0.2,
    "reload": 0
  },
  "fire_mode": [
    "semi"
  ],

  "recoil": {
    "pitch": [
      {
        "time": 0,
        "value": [ 2.5, 2.5 ]
      },
      {
        "time": 0.3,
        "value": [ 2.5, 2.5 ]
      },
      {
        "time": 0.55,
        "value": [ -0.75, -0.75 ]
      },
      {
        "time": 0.8,
        "value": [ 0.25, 0.25 ]
      },
      {
        "time": 1.2,
        "value": [ 0, 0 ]
      },
      {
        "time": 1.4,
        "value": [ 0, 0 ]
      }
    ],
    "yaw": [
      {
        "time": 0,
        "value": [ -0.4, 0.4 ]
      },
      {
        "time": 0.55,
        "value": [ 0, 0 ]
      }
    ]
  },
  "inaccuracy": {
    "stand": 2,
    "move": 5,
    "sneak": 2,
    "lie": 1,
    "aim": 0.2
  },
  "allow_attachment_types": [
    "scope"
  ],
  "melee": {
    "distance": 1,
    "cooldown": 1.0,
    "default": {
      "animation_type": "melee_stock",
      "distance": 0,
      "range_angle": 30,
      "damage": 2,
      "knockback": 0.75,
      "prep": 0.1
    }
  }
}