{
  "ammo": "tacz:12g",
  "rpm": 163,
  "ammo_amount": 4,
  "extended_mag_ammo_amount": [
    6,
    8,
    11
  ],
  "bullet": {
    "life": 0.6,
    "bullet_amount": 11,
    "tracer_count_interval": 0,
    "extra_damage": {
      "armor_ignore": 0.25,
      "head_shot_multiplier": 1.33,
      "damage_adjust": [
        {"distance": 24, "damage": 33},
        {"distance": 48, "damage": 27.5},
        {"distance": "infinite", "damage": 22}
      ]
    },
    "speed": 125,
    "gravity": 0.15,
    "knockback": 0.35,
    "friction": 0.05,
    "ignite": false,
    "pierce": 1
  },
  "bolt": "closed_bolt",
  "reload": {
    "type": "magazine",
    "feed": {
      "empty": 2.57,
      "tactical": 2.03
    },
    "cooldown": {
      "empty": 4,
      "tactical": 2.7
    }
  },
  "draw_time": 0.5,
  "put_away_time": 0.5,
  "aim_time": 0.12,
//  "bolt_action_time": 0.28,
  "sprint_time": 0.12,
  "weight": 4,
  "movement_speed": {
    "base": 0.0,
    "aim": 0.0,
    "reload": 0.1
  },
  "crawl_recoil_multiplier": 0.5,
  "fire_mode": [
    "semi"
  ],
  "allow_attachment_types": [
    "extended_mag",
//    "scope",
//    "stock",
    "muzzle"
//    "grip",
//    "laser"
  ],
  "recoil": {
    "pitch": [
      {"time": 0, "value": [2.25, 2.5]},
      {"time": 0.25, "value": [3.25, 3.25]},
      {"time": 0.65, "value": [1.25, 1.5]}
    ],
    "yaw": [
      {"time": 0, "value": [-1.5, -1.5]},
      {"time": 0.1, "value": [-1.5, -1.5]},
      {"time": 0.2, "value": [0.15, 0.15]},
      {"time": 0.4, "value": [0, 0]}
    ]
  },
  "inaccuracy": {
    "stand": 1.6,
    "move": 2.0,
    "sneak": 1.6,
    "lie": 1.6,
    "aim": 1.6
  },
  "melee": {
    "distance": 1.25,
    "cooldown": 0.7,
    "default": {
      "animation_type": "melee_stock",
      "distance": 1,
      "range_angle": 30,
      "damage": 2,
      "knockback": 0.6,
      "prep": 0.1
    }
  },
  "script": "tacz:m870_gun_logic",
  "script_param": {
    "bolt_time": 0.27,
    "bolt_feed_time": 0.23,
    "intro_empty": 1.37,
    "intro": 0.43,
    "loop": 0.4,
    "ending": 0.57,
    "intro_empty_feed": 0.9,
    "loop_feed": 0.2
  }
}