{
  "ammo": "tacz:357mag",
  "rpm": 163,
  "bullet": {
    "life": 1,
    "bullet_amount": 1,
    "tracer_count_interval": 0,
    "extra_damage": {
      "armor_ignore": 0.15,
      "head_shot_multiplier": 2,
      "damage_adjust": [
        {"distance": 15, "damage": 14},
        {"distance": 25, "damage": 12},
        {"distance": 40, "damage": 10},
        {"distance": 60, "damage": 9},
        {"distance": "infinite", "damage": 7}
      ]
    },
    "speed": 92,
    "gravity": 0.15,
    "knockback": 0.4,
    "friction": 0.02,
    "ignite": false,
    "pierce": 1
  },
  "ammo_amount": 6,
  "bolt": "open_bolt",
  "bolt_action_time": 0.5,
  "reload": {
    "type": "magazine",
    "feed": {
      "empty": 1.2,
      "tactical": 1.2
    },
    "cooldown": {
      "empty": 2.17,
      "tactical": 2.07
    }
  },
  "draw_time": 0.5,
  "put_away_time": 0.67,
  "aim_time": 0.12,
  "sprint_time": 0.1,
  "weight": 1.3,
  "movement_speed": {
    "base": 0,
    "aim": 0,
    "reload": 0
  },
  "crawl_recoil_multiplier": 0.5,
  "fire_mode": [
    "semi"
  ],
  "allow_attachment_types": [
    "stock",  
    "extended_mag"
  ],
  "recoil": {
    "pitch": [
      {"time": 0,"value": [ 1.5, 2 ] },
      { "time": 0.3,"value": [ 2, 2.5 ]},
      {"time": 0.4,"value": [ 0.8, 1.0 ]},
      {"time": 0.55,"value": [ 0, 0.5 ]}
    ],
    "yaw": [
      {"time": 0,"value": [ -0.75, 0.75 ]},
      {"time": 0.5,"value": [ -0.5, 0.5 ]},
      {"time": 0.6,"value": [ -0.2, 0.2 ]}
    ]
  },
  "inaccuracy": {
    "stand": 1.25,
    "move": 1.75,
    "sneak": 1.1,
    "lie": 0.75,
    "aim": 0.15
  },
  "melee": {
    "distance": 0,
    "cooldown": 0
  }
}