{
  "ammo": "tacz:50bmg",
  "ammo_amount": 1,
  "bolt": "open_bolt",
  "rpm": 90,
  "bullet": {
    "life": 1,
    "bullet_amount": 1,
    "tracer_count_interval": 0,
    "extra_damage": {
      "armor_ignore": 0.9,
      "head_shot_multiplier": 3,
      "damage_adjust": [
        {"distance": 100, "damage": 90},
        {"distance": 150, "damage": 85},
        {"distance": "infinite", "damage": 80}
      ]
    },
    "speed": 292,
    "gravity": 0.1,
    "knockback": 0.5,
    "friction": 0.01,
    "ignite": false,
    "pierce": 8
  },
  "reload": {
    "type": "magazine",
    "feed": {
      "empty": 1.5,
      "tactical": 0
    },
    "cooldown": {
      "empty": 3.42,
      "tactical": 0
    }
  },
  "draw_time": 1.69,
  "put_away_time": 1,
  "aim_time": 0.32,
  "sprint_time": 0.58,
  "weight": 15.8,
  "movement_speed": {
    "base": 0,
    "aim": -0.5,
    "reload": -0.1
  },
  "fire_mode": [
    "semi"
  ],
  "recoil": {
    "pitch": [
      {
        "time": 0,
        "value": [ 12, 12 ]
      },
      {
        "time": 0.25,
        "value": [ 24, 24 ]
      },
      {
        "time": 0.5,
        "value": [ 20, 20 ]
      },
      {
        "time": 0.83,
        "value": [ 0.5, 0.5 ]
      },
      {
        "time": 1.2,
        "value": [ 2, 2 ]
      },
      {
        "time": 1.4,
        "value": [ 0.2, 0.2 ]
      },
      {
        "time": 1.75,
        "value": [ 0.5, 0.5 ]
      },
      {
        "time": 2,
        "value": [ 0, 0 ]
      }
    ],
    "yaw": [
      {
        "time": 0,
        "value": [ -4, -4 ]
      },
      {
        "time": 0.32,
        "value": [ -6, -6 ]
      },
      {
        "time": 0.5,
        "value": [ -8, -8 ]
      },
      {
        "time": 0.6,
        "value": [ -4, -4 ]
      },
      {
        "time": 0.8,
        "value": [ -1, -1 ]
      },
      {
        "time": 1.3,
        "value": [ 0, 0 ]
      }
    ]
  },
  "inaccuracy": {
    "stand": 8,
    "move": 12,
    "sneak": 6,
    "lie": 6,
    "aim": 0.02
  },
  "allow_attachment_types": [
    "scope",
    "grip",
    "muzzle",
    "extended_mag"
  ]
}