{
  "ammo": "bf1:fuel",
  "rpm": 666,
  "bullet": {
    "life": 0.5,
    "bullet_amount": 6,
    "extra_damage": {
      "armor_ignore": 0.8,
      "head_shot_multiplier": 1,
      "damage_adjust": [
        {"distance": 12,"damage": 4.8},
        {"distance": "infinite","damage": 3.6}
      ]
    },
    "speed": 50,
    "gravity": 0,
    "knockback": 0.1,
    "friction": 0.33,
    "ignite": {
      "entity": true,
      "block": true
    },
    "ignite_entity_time": 8,
    "pierce": 3
  },
  "ammo_amount": 160,
  "bolt": "open_bolt",
  "reload": {
    "type": "fuel",
    "feed": {
      "empty": 3.3,
      "tactical": 3.3
    },
    "cooldown": {
      "empty": 4.13,
      "tactical": 4.13
    }
  },
  "draw_time": 1.2,
  "put_away_time": 1.2,
  "aim_time": 0.13,
  "sprint_time": 0.21,
  "weight": 15,
  "movement_speed": {
    "base": 0.1,
    "aim": -0.15,
    "reload": 0
  },
  "heat":  {
    "use_heat": true,
    "infinite_ammo": false,
    "magazine_lock_type": "disabled",
    "upper_limit": 150,
    "heat_rate": 2,
    "cooling_rate": 4,
    "cooling_delay": 0.1,
    "over_heat_time": 1.25
  },
  "fire_mode": [
    "auto"
  ],
  "allow_attachment_types": [
 //   "extended_mag"
  ],
  "recoil": {
    "pitch": [
      {
        "time": 0,
        "value": [ -0.2, 0.2 ]
      },
      {
        "time": 0.25,
        "value": [ 0, 0 ]
      }
    ],
    "yaw": [
      {
        "time": 0,
        "value": [ -0.5, 0.5 ]
      },
      {
        "time": 0.3,
        "value": [ -0.15, 0.15 ]
      }
    ]
  },
  "inaccuracy": {
    "stand": 6.66,
    "move": 6.66,
    "sneak": 6.66,
    "lie": 6.66,
    "aim": 6.66
  },
  "script": "bf1:preheat_logic"
}