{
  "ammo": "tacz:50bmg",
  "ammo_amount": 10,
  "extended_mag_ammo_amount": [
    20,
    30,
    50
  ],
  "bolt": "open_bolt",
  "rpm": 400,
  "bullet": {
    "life": 1.0,
    "bullet_amount": 1,
    "damage": 60,
    "tracer_count_interval": 0,
    "extra_damage": {
      "armor_ignore": 0.7,
      "head_shot_multiplier": 1.75,
      "damage_adjust": [
        {"distance": 35, "damage": 48},
        {"distance": 80, "damage": 38},
        {"distance": "infinite", "damage": 28.5}
      ]
    },
    "speed": 280,
    "gravity": 0.15,
    "knockback": 0,
    "friction": 0.015,
    "ignite": false,
    "pierce": 1
  },
  "reload": {
    "type": "magazine",
    "feed": {
      "empty": 2.63,
      "tactical": 2.96
    },
    "cooldown": {
      "empty": 4.5,
      "tactical": 3.67
    }
  },
  "draw_time": 1.88,
  "put_away_time": 0.9,
  "aim_time": 0.45,
  "sprint_time": 0.25,
  "weight": 13,
  "movement_speed": {
    "base": 0.0,
    "aim": -0.25,
    "reload": -0.2
  },
  "crawl_recoil_multiplier": 0.1,
  "fire_mode": [
    "auto"
  ],
  "recoil": {
    "pitch": [
      {"time": 0, "value": [2, 2]},
      {"time": 0.3, "value": [2.2, 2.2]},
      {"time": 0.5, "value": [-0.225, -0.225]},
      {"time": 0.65, "value": [0, 0]}
    ],
    "yaw": [
      {"time": 0, "value": [-0.65, 0.65]},
      {"time": 0.3, "value": [-0.75, 0.75]},
      {"time": 0.5, "value": [0, 0]}
    ]
  },
  "inaccuracy": {
    "stand": 5.25,
    "move": 5.5,
    "sneak": 3,
    "lie": 2,
    "aim": 0.175
  },
  // 近战相关
  "melee": {
    // 枪械距离参数，用来延升近战攻击范围
    // 会与刺刀等配件的距离做加和
    "distance": 1,
    // 使用时的冷却时间
    "cooldown": 0.8,
    // 默认近战数据，会被配件的数据替换掉
    "default": {
      // 动画类型：没有枪托的为 melee_push，有枪托的为 melee_stock
      "animation_type": "melee_stock",
      // 刺刀距离参数，枪械里还有个刺刀攻击距离参数，两者做加和
      "distance": 0,
      // 刺刀范围角度
      "range_angle": 30,
      // 伤害值
      "damage": 4,
      // 击退效果
      "knockback": 0.75,
      // 前摇时长，单位：秒
      "prep": 0.1
    }
  },
  "allow_attachment_types": [
    "scope",
    "extended_mag",
	"stock",
	"laser"
  ],
  "exclusive_attachments": {
  }
}