{
  "ammo": "hare:22lr",
  "rpm": 66,
  "bullet": {
    "life": 1,
    "bullet_amount": 1,
    "damage": 5,
    "tracer_count_interval": 0,
    "extra_damage": {
      "armor_ignore": 0.2,
      "head_shot_multiplier": 1.75,
      "damage_adjust": [
        {"distance": 20, "damage": 5},
        {"distance": 50, "damage": 3},
        {"distance": "infinite", "damage": 5}
      ]
    },
    "speed": 170,
    "gravity": 0.15,
    "knockback": 0,
    "friction": 0.025,
    "ignite": false,
    "pierce": 1
  },
  "ammo_amount": 5,
  "extended_mag_ammo_amount": [
    17,
    20,
    25
  ],
  "bolt": "open_bolt",
  "reload": {
    "type": "magazine",
    "feed": {
      "empty": 3,
      "tactical": 3
    },
    "cooldown": {
      "empty": 4.21,
      "tactical": 4.21
    }
  },
  "draw_time": 0.58,
  "put_away_time": 0.46,
  "aim_time": 0.16,
  "sprint_time": 0.1,
  "bolt_action_time": 0.58,
  "weight": -1.8,
  "movement_speed": {
    "base": 0.0,
    "aim": 0,
    "reload": 0.1
  },
  "crawl_recoil_multiplier": 0.5,
  "fire_mode": [
    "semi"
  ],
  "allow_attachment_types": [

  ],
  "recoil": {
    "pitch": [
      {"time": 0, "value": [1, 1]},
      {"time": 0.15, "value": [1, 1]},
      {"time": 0.4, "value": [-0.15, -0.05]},
      {"time": 0.6, "value": [0.15, 0.2]},
      {"time": 1.0, "value": [0, 0]}
    ],
    "yaw": [
      {"time": 0, "value": [-0.25, 0.25]},
      {"time": 0.45, "value": [0, 0]}
    ]
  },
  "inaccuracy": {
    "stand": 1.8,
    "move": 2,
    "sneak": 1.25,
    "lie": 0.75,
    "aim": 0.175
  }
}