{
    "model": "wyyc1991:ammo/184",
    "texture": "wyyc1991:ammo/uv/184",
    "slot": "wyyc1991:ammo/slot/184",
    "shell": {
      "model": "wyyc1991:shell/184_shell",
      "texture": "wyyc1991:shell/184_shell"
    },
    "tracer_color": "#FF3030",
    "transform": {
      "scale": {
        "thirdperson": [
          0.6,
          0.6,
          0.6
        ],
        "ground": [
          0.6,
          0.6,
          0.6
        ],
        "fixed": [
          1.2,
          1.2,
          1.2
        ]
      }
    }
  }