{
    "model": "tacz:ammo/12g",
    "texture": "tacz:ammo/uv/12g",
    "slot": "wyyc1991:ammo/slot/20g",
    "shell": {
      "model": "tacz:shell/12g_shell",
      "texture": "tacz:shell/12g_shell"
    },
    "tracer_color": "#FF3030",
    "transform": {
      "scale": {
        "thirdperson": [
          0.6,
          0.6,
          0.6
        ],
        "ground": [
          0.6,
          0.6,
          0.6
        ],
        "fixed": [
          1.2,
          1.2,
          1.2
        ]
      }
    }
  }