{
    "model": "tacz:ammo/338",
    "texture": "tacz:ammo/uv/338",
    "slot": "wyyc1991:ammo/slot/3006",
    "shell": {
      "model": "tacz:shell/308_shell",
      "texture": "tacz:shell/308_shell"
    },
    "tracer_color": "#FFAAAA",
    
    "transform": {
      "scale": {
        "thirdperson": [
          0.5,
          0.5,
          0.5
        ],
        "ground": [
          0.5,
          0.5,
          0.5
        ],
        "fixed": [
          1,
          1,
          1
        ]
      }
    }
  }