{
	"format_version": "1.8.0",
	"animations": {
		"static_idle": {
			"loop": true,
			"bones": {
				"group3": {
					"rotation": [9, 0, 0],
					"position": [0, 0.05, 0]
				},
				"barrel2": {
					"rotation": [-2.5, 0, 0],
					"position": [0, 0, 0.325]
				},
				"slide": {
					"position": [0, 0, 1.628]
				},
				"root": {
					"rotation": {
						"0.0": {
							"post": [0, 0, 0],
							"lerp_mode": "catmullrom"
						}
					},
					"position": {
						"0.0": {
							"post": [0, 0, 0],
							"lerp_mode": "catmullrom"
						}
					}
				},
				"bullet_in_barrel": {
					"scale": 0
				},
				"bullet": {
					"scale": 0
				},
				"righthand": {
					"rotation": [-263.421, 6.29, -176.661],
					"position": [-6.744, -13.076, 1.904],
					"scale": [1, 1.5, 1]
				},
				"lefthand": {
					"rotation": [-268.71719, -21.22826, 236.41998],
					"position": [7.356, -14.697, 0.78],
					"scale": [1, 1.5, 1]
				}
			}
		},
		"shoot": {
			"animation_length": 0.275,
			"bones": {
				"group3": {
					"rotation": [9, 0, 0],
					"position": [0, 0.05, 0]
				},
				"barrel2": {
					"rotation": [-2.5, 0, 0],
					"position": [0, 0, 0.325]
				},
				"slide": {
					"position": [0, 0, 1.628]
				},
				"root": {
					"rotation": {
						"0.0": {
							"post": [0, 0, 0],
							"lerp_mode": "catmullrom"
						},
						"0.025": {
							"post": [-10.98885, 0.46757, 0.94769],
							"lerp_mode": "catmullrom"
						},
						"0.05": {
							"post": [-5.95648, 0.73503, 8.96293],
							"lerp_mode": "catmullrom"
						},
						"0.075": {
							"post": [-3.02322, -0.09648, -2.03017],
							"lerp_mode": "catmullrom"
						},
						"0.15": {
							"post": [1.0612, 0.02889, 1.24846],
							"lerp_mode": "catmullrom"
						},
						"0.25": {
							"post": [0, 0, 0],
							"lerp_mode": "catmullrom"
						}
					},
					"position": {
						"0.0": {
							"post": [0, 0, 0],
							"lerp_mode": "catmullrom"
						},
						"0.025": {
							"post": [0, -0.42, 1.84],
							"lerp_mode": "catmullrom"
						},
						"0.05": {
							"post": [0, -0.2, 1.7],
							"lerp_mode": "catmullrom"
						},
						"0.1": {
							"post": [0, 0.3, 1.2],
							"lerp_mode": "catmullrom"
						},
						"0.175": {
							"post": [0, 0.1, -0.3],
							"lerp_mode": "catmullrom"
						},
						"0.275": {
							"post": [0, 0, 0],
							"lerp_mode": "catmullrom"
						}
					}
				},
				"bullet_in_barrel": {
					"scale": 0
				},
				"bullet": {
					"scale": 0
				},
				"hammer": {
					"rotation": {
						"0.0": [0, 0, 0],
						"0.025": [65, 0, 0],
						"0.075": [0, 0, 0]
					}
				},
				"upper": {
					"position": {
						"0.0": [0, 0, 0],
						"0.05": [0, 0, 2.3],
						"0.1": [0, 0, 0]
					}
				},
				"camera": {
					"rotation": {
						"0.0": {
							"post": [0, 0, 0],
							"lerp_mode": "catmullrom"
						},
						"0.05": {
							"post": [0, 0, -2],
							"lerp_mode": "catmullrom"
						},
						"0.1": {
							"post": [0, 0, 1],
							"lerp_mode": "catmullrom"
						},
						"0.2": [0, 0, 0]
					}
				}
			}
		},
		"draw": {
			"animation_length": 0.625,
			"bones": {
				"group3": {
					"rotation": [9, 0, 0],
					"position": [0, 0.05, 0]
				},
				"barrel2": {
					"rotation": [-2.5, 0, 0],
					"position": [0, 0, 0.325]
				},
				"slide": {
					"position": [0, 0, 1.628]
				},
				"root": {
					"rotation": {
						"0.0": [20, -20, 45],
						"0.0833": {
							"pre": [18.3, -17.19, 36.47],
							"post": [18.3, -17.19, 36.47],
							"lerp_mode": "catmullrom"
						},
						"0.1667": {
							"post": [13.2, -8.77, 10.86],
							"lerp_mode": "catmullrom"
						},
						"0.25": {
							"post": [0, 0, 2],
							"lerp_mode": "catmullrom"
						},
						"0.3333": {
							"post": [-0.99863, -0.05233, -4.66954],
							"lerp_mode": "catmullrom"
						},
						"0.4167": {
							"post": [0.43923, -0.04767, 0.14997],
							"lerp_mode": "catmullrom"
						},
						"0.5": {
							"post": [0.99939, -0.0349, 0.9997],
							"lerp_mode": "catmullrom"
						},
						"0.625": [0, 0, 0]
					},
					"position": {
						"0.0": [-2, -9, 2],
						"0.125": {
							"pre": [-0.86, -2.76, -0.14],
							"post": [-0.86, -2.76, -0.14],
							"lerp_mode": "catmullrom"
						},
						"0.2083": {
							"post": [0, -0.1, -0.6],
							"lerp_mode": "catmullrom"
						},
						"0.2917": {
							"post": [0, 0.04, -0.16],
							"lerp_mode": "catmullrom"
						},
						"0.4167": {
							"post": [0, -0.08, 0.12],
							"lerp_mode": "catmullrom"
						},
						"0.5833": [0, 0, 0]
					}
				},
				"bullet_in_barrel": {
					"scale": 0
				},
				"bullet": {
					"scale": 0
				},
				"righthand": {
					"rotation": [-263.421, 6.29, -176.661],
					"position": [-6.744, -13.076, 1.904],
					"scale": [1, 1.5, 1]
				},
				"lefthand": {
					"rotation": {
						"0.0": [-270.45305, -30.764, 215.15636],
						"0.0833": [-270.06, -28.65, 219.88],
						"0.1667": [-269.49, -25.47, 226.97],
						"0.25": [-268.71719, -21.22826, 236.41998]
					},
					"position": {
						"0.0": [11.356, -15.697, 3.78],
						"0.0833": [10.47, -15.47, 3.11],
						"0.1667": [9.13, -15.14, 2.11],
						"0.25": [7.356, -14.697, 0.78]
					},
					"scale": [1, 1.5, 1]
				},
				"camera": {
					"rotation": {
						"0.0": {
							"post": [0, 0, 0],
							"lerp_mode": "catmullrom"
						},
						"0.0833": {
							"post": [0.25, -0.23, 0.22],
							"lerp_mode": "catmullrom"
						},
						"0.2083": {
							"post": [-0.28, -0.43, 0.4],
							"lerp_mode": "catmullrom"
						},
						"0.2917": {
							"post": [-0.82, -0.14, 0.13],
							"lerp_mode": "catmullrom"
						},
						"0.375": {
							"post": [-0.85, 0.03, -0.03],
							"lerp_mode": "catmullrom"
						},
						"0.5": {
							"post": [0, 0, 0],
							"lerp_mode": "catmullrom"
						}
					}
				}
			},
			"sound_effects": {
				"0.0": {
					"effect": "cz75_drop"
				}
			}
		},
		"put_away": {
			"animation_length": 0.4583,
			"bones": {
				"group3": {
					"rotation": [9, 0, 0],
					"position": [0, 0.05, 0]
				},
				"barrel2": {
					"rotation": [-2.5, 0, 0],
					"position": [0, 0, 0.325]
				},
				"slide": {
					"position": [0, 0, 1.628]
				},
				"root": {
					"rotation": {
						"0.0": [0, 0, 0],
						"0.0833": [0.53763, -1.50968, 1.12059],
						"0.25": {
							"pre": [6.58, -29.86, 33.85],
							"post": [6.58, -29.86, 33.85],
							"lerp_mode": "catmullrom"
						},
						"0.3333": [6.73, -35.59, 43.17],
						"0.4583": [5.12255, -36.90015, 47.21936]
					},
					"position": {
						"0.0": [0, 0, 0],
						"0.0833": [0.04, 0.17, 0.02],
						"0.1667": [-0.2, -0.75, -0.06],
						"0.25": [-1.18, -4.36, -0.39],
						"0.375": [-3, -11, -1],
						"0.4583": [-3, -13.7, -1]
					}
				},
				"bullet_in_barrel": {
					"scale": 0
				},
				"bullet": {
					"scale": 0
				},
				"righthand": {
					"rotation": [-263.421, 6.29, -176.661],
					"position": [-6.744, -13.076, 1.904],
					"scale": [1, 1.5, 1]
				},
				"lefthand": {
					"rotation": [-268.71719, -21.22826, 236.41998],
					"position": [7.356, -14.697, 0.78],
					"scale": [1, 1.5, 1]
				},
				"camera": {
					"rotation": {
						"0.0": [0, 0, 0],
						"0.125": [0.4, 0.4, 0.01],
						"0.2083": [0.58, 0.58, 0.01],
						"0.2917": [0.5, 0.5, 0.01],
						"0.4167": [0, 0, 0]
					}
				}
			},
			"sound_effects": {
				"0.0": {
					"effect": "cz75_raise"
				}
			}
		},
		"reload_tactical": {
			"animation_length": 1.95,
			"bones": {
				"group3": {
					"rotation": [9, 0, 0],
					"position": [0, 0.05, 0]
				},
				"barrel2": {
					"rotation": [-2.5, 0, 0],
					"position": [0, 0, 0.325]
				},
				"slide": {
					"position": [0, 0, 1.628]
				},
				"root": {
					"rotation": {
						"0.0": [0, 0, 0],
						"0.075": [-8.63, -5.86, -8.92],
						"0.125": [-16.52, -10.27, -14.58],
						"0.2": [-18.16644, -17.39638, -26.2128],
						"0.25": [-27.92846, -10.78213, -12.37893],
						"0.3": [-27.76386, -13.23127, -19.14389],
						"0.35": [-29.61734, -23.38999, -29.44729],
						"0.375": [-33.78304, -20.28402, -24.23156],
						"0.425": [-34.30929, -23.26478, -28.87424],
						"0.5": [-32.1, -23.37, -28.96],
						"0.55": [-32.09, -22.74, -27.83],
						"0.625": [-34.29, -20.76, -24.35],
						"0.675": [-35.16, -19.71, -22.66],
						"0.725": [-36.30667, -18.32128, -20.53627],
						"0.8": [-32.51324, -25.56376, -31.98613],
						"0.875": [-29.47589, -30.0315, -40.50514],
						"1.0": [-30.15125, -31.09899, -42.03057],
						"1.05": [-26.19426, -28.14646, -45.49449],
						"1.1": [-25.27207, -31.61168, -48.3355],
						"1.15": [-24.54723, -35.01834, -51.27315],
						"1.225": [-27.54204, -31.8378, -43.59989],
						"1.25": [-25.68614, -32.83071, -45.85312],
						"1.275": [-24.56791, -32.1887, -44.21666],
						"1.325": [-20.85811, -34.46747, -50.13057],
						"1.35": [-25.41446, -33.14059, -45.50145],
						"1.4": [-25.39385, -33.91599, -47.42592],
						"1.475": [-22.07, -21.48, -33.27],
						"1.575": {
							"pre": [-0.19833, -0.0972, -2.09772],
							"post": [-0.19833, -0.0972, -2.09772],
							"lerp_mode": "catmullrom"
						},
						"1.65": {
							"post": [1.54392, 0.00232, 3.56855],
							"lerp_mode": "catmullrom"
						},
						"1.75": [-0.29816, -0.0281, -2.44081],
						"1.875": [0, 0, 0]
					},
					"position": {
						"0.0": [0, 0, 0],
						"0.1": [-0.94, -0.09, -0.23],
						"0.15": [-1.56, -0.24, -0.41],
						"0.225": [-2.45, -0.5, -0.73],
						"0.3": [-2.28, -1.13, -0.9],
						"0.35": [-3.17, -0.75, -0.75],
						"0.4": [-3.46, 0.44, -0.7],
						"0.5": [-3.58, 0.48, -0.7],
						"0.625": [-3.75, 0.17, -0.7],
						"0.75": [-3.7, 0.4, -0.7],
						"0.875": [-3.41, 0.59, -0.7],
						"0.975": [-3.34, 0.74, -0.7],
						"1.1": {
							"pre": [-3.5, 0.92, -0.7],
							"post": [-3.5, 0.92, -0.7],
							"lerp_mode": "catmullrom"
						},
						"1.175": {
							"post": [-3.4, 0.7, -0.7],
							"lerp_mode": "catmullrom"
						},
						"1.225": {
							"post": [-2.97, -0.38, -0.7],
							"lerp_mode": "catmullrom"
						},
						"1.3": {
							"post": [-3.33, 0.11, -0.7],
							"lerp_mode": "catmullrom"
						},
						"1.325": {
							"post": [-3.35, 0.09, -0.7],
							"lerp_mode": "catmullrom"
						},
						"1.375": {
							"post": [-3.3, 0.21, -0.72],
							"lerp_mode": "catmullrom"
						},
						"1.45": {
							"post": [-3.25, -0.04, -0.76],
							"lerp_mode": "catmullrom"
						},
						"1.55": {
							"post": [-2.45, -0.28, -0.36],
							"lerp_mode": "catmullrom"
						},
						"1.625": {
							"post": [-0.1, -0.48, 0.86],
							"lerp_mode": "catmullrom"
						},
						"1.725": {
							"post": [0, -0.29, -0.2],
							"lerp_mode": "catmullrom"
						},
						"1.85": [0, 0, 0]
					}
				},
				"bullet_in_barrel": {
					"scale": 0
				},
				"bullet": {
					"scale": 0
				},
				"righthand": {
					"rotation": {
						"0.0": [-263.421, 6.29, -176.661],
						"0.075": [-265.95803, 0, -180],
						"0.775": [-265.96, 0, -180],
						"0.825": [-267.95221, -4.99682, -180.17844],
						"1.4": [-267.95, -5, -180.18],
						"1.45": [-267.09, -2.85, -179.51],
						"1.5": [-265.58, 0.92, -178.33],
						"1.55": [-263.421, 6.29, -176.661]
					},
					"position": {
						"0.0": [-6.744, -13.076, 1.904],
						"0.075": [-6.99, -13.08, 2.65],
						"0.775": [-6.99, -13.08, 2.65],
						"0.825": [-7.79, -13.08, 2.65],
						"1.4": [-7.79, -13.08, 2.65],
						"1.45": [-7.59, -13.08, 2.51],
						"1.5": [-7.24, -13.08, 2.26],
						"1.55": [-6.744, -13.076, 1.904]
					},
					"scale": [1, 1.5, 1]
				},
				"lefthand": {
					"rotation": {
						"0.0": [-268.71719, -21.22826, 236.41998],
						"0.05": [-250.73, -18.55, 188.71],
						"0.1": [-239.96, -13.69, 164.36],
						"0.15": [-236.39501, -6.6562, 163.35276],
						"1.075": [-236.4, -6.66, 163.35],
						"1.125": [-244.22689, -19.59741, 193.22441],
						"1.175": [-261.26013, -33.17327, 227.75498],
						"1.225": [-260.9392, -36.13717, 227.19078],
						"1.325": [-259.30714, -33.18787, 227.83636],
						"1.425": [-258.91521, -36.1339, 227.14745],
						"1.525": [-268.71719, -21.22826, 236.41998]
					},
					"position": {
						"0.0": [7.356, -14.697, 0.78],
						"0.05": [7.76, -16.17, 0.78],
						"0.1": [7.56, -16.33, 0.98],
						"0.15": [6.76, -15.2, 1.98],
						"1.075": [6.76, -15.2, 1.98],
						"1.15": [6.76, -16, 1.98],
						"1.25": [6.76, -15.5, 1.98],
						"1.3": [6.76, -15.96, 1.98],
						"1.375": [6.76, -15.96, 1.98],
						"1.525": [7.356, -14.697, 0.78]
					},
					"scale": [1, 1.5, 1]
				},
				"mag_and_lefthand": {
					"rotation": {
						"0.275": [0, 0, 0],
						"0.3": [0, 0, 0],
						"0.425": [0, 0, 0],
						"0.85": [0, 0, 0],
						"0.925": [-15.33, 8.8, -3.25],
						"0.975": [-15.33, 8.8, -3.25],
						"1.025": [0, 0, 0],
						"1.075": [0, 0, 0],
						"1.1": [0, 0, 0],
						"1.15": [0, 0, 0],
						"1.2": [0, 0, 0]
					},
					"position": {
						"0.275": [0, 0, 0],
						"0.3": [0, -2.4, 0.7],
						"0.325": [0, -4.37, 1.25],
						"0.35": {
							"pre": [0, -10.3, 2.5],
							"post": [0, -10.3, 2.5],
							"lerp_mode": "catmullrom"
						},
						"0.375": {
							"post": [0, -21.2, 10.8],
							"lerp_mode": "catmullrom"
						},
						"0.425": [0, -18.6, 22.4],
						"0.85": [0, -18.6, 22.4],
						"0.9": [0, -9.6, 5.4],
						"0.975": [0, -7.6, 1.1],
						"1.025": [0, -5.6, 0.9],
						"1.075": [0, -5.4, 1.5],
						"1.1": [0, -5.4, 1.5],
						"1.15": [0, -3.53, 1.05],
						"1.2": [0, 0, 0]
					}
				},
				"camera": {
					"rotation": {
						"0.0": [0, 0, 0],
						"0.1": [0.16, 0.17, 0.02],
						"0.225": {
							"pre": [1.00015, 0.99985, 0.01745],
							"post": [1.00015, 0.99985, 0.01745],
							"lerp_mode": "catmullrom"
						},
						"0.3": {
							"post": [1.74, 1.03, -0.73],
							"lerp_mode": "catmullrom"
						},
						"0.375": {
							"post": [1.22522, 0.98785, 1.41987],
							"lerp_mode": "catmullrom"
						},
						"0.525": {
							"post": [-0.16, 1.03, 0.02],
							"lerp_mode": "catmullrom"
						},
						"0.625": {
							"post": [-0.38, 1.03, 0.02],
							"lerp_mode": "catmullrom"
						},
						"0.825": {
							"post": [-0.8, 1.83, 0],
							"lerp_mode": "catmullrom"
						},
						"0.975": {
							"post": [-0.8, 2.03, 0],
							"lerp_mode": "catmullrom"
						},
						"1.175": {
							"post": [0, 2.03459, 0.00061],
							"lerp_mode": "catmullrom"
						},
						"1.225": {
							"post": [0.53545, 2.02556, 1.0012],
							"lerp_mode": "catmullrom"
						},
						"1.3": {
							"post": [-0.90844, 2.06878, -1.42852],
							"lerp_mode": "catmullrom"
						},
						"1.4": {
							"post": [0.36, 1.38, -0.51],
							"lerp_mode": "catmullrom"
						},
						"1.5": {
							"post": [1.11, 0.92, -0.05],
							"lerp_mode": "catmullrom"
						},
						"1.625": {
							"post": [1.4, 0.62, -0.03],
							"lerp_mode": "catmullrom"
						},
						"1.775": [0, 0, 0]
					}
				}
			},
			"sound_effects": {
				"0.0": {
					"effect": "cz75_raise"
				},
				"0.025": {
					"effect": "cz75_inspect_magout"
				},
				"0.925": {
					"effect": "cz75_inspect_slidepull"
				},
				"1.175": {
					"effect": "cz75_inspect_magin"
				},
				"1.5": {
					"effect": "cz75_inspect_raise"
				}
			}
		},
		"reload_empty": {
			"animation_length": 2.15,
			"bones": {
				"group3": {
					"rotation": [9, 0, 0],
					"position": [0, 0.05, 0]
				},
				"barrel2": {
					"rotation": [-2.5, 0, 0],
					"position": [0, 0, 0.325]
				},
				"slide": {
					"position": [0, 0, 1.628]
				},
				"root": {
					"rotation": {
						"0.0": [0, 0, 0],
						"0.075": [3.46006, -6.76183, 11.76971],
						"0.15": [-1.84, -6.67, 1.27],
						"0.2": [-10.43105, -0.83402, -11.98041],
						"0.225": [-14.16058, 5.14932, -5.44514],
						"0.275": [-12.27782, 3.55057, -14.786],
						"0.325": [-9.69, 4.29, -14.38],
						"0.375": [-8.41, 3.67, -15.57],
						"0.45": [-8.38, 0.76, -19],
						"0.525": [-8.48485, -3.38412, -32.16303],
						"0.6": [-4.74833, -19.59638, -36.56485],
						"0.675": [-5.14, -27.85, -34.7],
						"0.75": [-2.45654, -31.54548, -36.13774],
						"0.825": [-2.88337, -30.47906, -35.379],
						"0.9": [-5.42255, -30.96778, -35.11165],
						"0.95": [2.51649, -31.15577, -41.64596],
						"1.0": [-3.25956, -31.14775, -32.65033],
						"1.075": [-1.60734, -31.45458, -39.66842],
						"1.15": [-2.09, -31.38, -38.03],
						"1.2": [-3.99, -27.62, -29.83],
						"1.25": [-8.27, -19.47, -13.07],
						"1.3": [-13.35, -10.67, 5.14],
						"1.375": [-20.53007, -4.74743, 18.24402],
						"1.425": [-24.43781, -3.75763, 15.58618],
						"1.45": [-21.3606, -5.5405, 20.44756],
						"1.5": [-12.67045, -7.13942, 26.09071],
						"1.525": [-18.75308, -3.90365, 22.97412],
						"1.575": [-16.24683, -9.47147, 25.09823],
						"1.625": {
							"pre": [-14.7, -10.95, 23.8],
							"post": [-14.7, -10.95, 23.8],
							"lerp_mode": "catmullrom"
						},
						"1.675": {
							"post": [-8.47257, -12.32559, 19.24909],
							"lerp_mode": "catmullrom"
						},
						"1.75": {
							"post": [-6.15, -11.96, 18.35],
							"lerp_mode": "catmullrom"
						},
						"1.85": {
							"post": [-0.68282, -5.76837, -4.62137],
							"lerp_mode": "catmullrom"
						},
						"1.925": {
							"post": [1.82445, -1.19979, 6.6511],
							"lerp_mode": "catmullrom"
						},
						"2.025": [0.3417, 0.40986, -0.8302],
						"2.15": [0, 0, 0]
					},
					"position": {
						"0.0": [0, 0, 0],
						"0.075": [-0.63, 0.51, -0.27],
						"0.125": [-1.24, 0.66, -0.84],
						"0.175": [-1.84, 0.5, -1.41],
						"0.25": [-2.2, 0, -1.8],
						"0.325": [-2.43, 0.45, -1.8],
						"0.375": [-2.52, 0.64, -1.8],
						"0.45": [-2.58, 0.75, -1.8],
						"0.525": [-2.59, 0.73, -1.8],
						"0.575": [-2.6, 0.56, -1.8],
						"0.625": [-2.61, 0.46, -1.8],
						"0.7": [-2.64, 0.44, -1.8],
						"0.8": [-2.69, 0.51, -1.8],
						"0.925": [-2.81, 0.52, -1.7],
						"0.975": [-2.47, -0.09, -1.77],
						"1.025": [-2.3, -0.4, -1.8],
						"1.05": [-2.3, -0.24, -1.8],
						"1.1": [-2.3, -0.07, -1.8],
						"1.175": {
							"pre": [-2.45, -0.15, -1.77],
							"post": [-2.45, -0.15, -1.77],
							"lerp_mode": "catmullrom"
						},
						"1.275": {
							"post": [-0.19, -1.67, -2.2],
							"lerp_mode": "catmullrom"
						},
						"1.375": {
							"post": [0.4, -1.9, -2.1],
							"lerp_mode": "catmullrom"
						},
						"1.425": {
							"post": [0.4, -2, -2.5],
							"lerp_mode": "catmullrom"
						},
						"1.475": {
							"post": [1.1, -2.1, -7],
							"lerp_mode": "catmullrom"
						},
						"1.525": {
							"post": [1.2, -2, -7.3],
							"lerp_mode": "catmullrom"
						},
						"1.6": {
							"post": [1.2, -2.5, -7.3],
							"lerp_mode": "catmullrom"
						},
						"1.675": {
							"post": [1.21, -2.56, -7.38],
							"lerp_mode": "catmullrom"
						},
						"1.75": {
							"post": [1.13, -2.4, -6.84],
							"lerp_mode": "catmullrom"
						},
						"1.825": {
							"post": [0.5, -1.27, -2.81],
							"lerp_mode": "catmullrom"
						},
						"1.925": {
							"post": [0.21, -0.73, -0.01],
							"lerp_mode": "catmullrom"
						},
						"2.0": {
							"post": [0.13, -0.47, -0.8],
							"lerp_mode": "catmullrom"
						},
						"2.125": [0, 0, 0]
					}
				},
				"bullet_in_barrel": {
					"scale": 0
				},
				"bullet": {
					"scale": 0
				},
				"righthand": {
					"rotation": {
						"0.0": [-263.421, 6.29, -176.661],
						"0.075": [-265.95803, 0, -180],
						"0.5": [-265.96, 0, -180],
						"0.55": [-265.96, 0, -180],
						"1.175": [-265.96, 0, -180],
						"1.25": [-265.95803, 0, -180],
						"1.75": [-265.96, 0, -180],
						"1.85": [-263.421, 6.29, -176.661]
					},
					"position": {
						"0.0": [-6.744, -13.076, 1.904],
						"0.075": [-6.99, -13.08, 2.65],
						"0.5": [-6.99, -13.08, 2.65],
						"0.55": [-7.79, -12.78, 2.65],
						"1.175": [-7.79, -12.78, 2.65],
						"1.25": [-6.99, -13.08, 2.65],
						"1.75": [-6.99, -13.08, 2.65],
						"1.85": [-6.744, -13.076, 1.904]
					},
					"scale": [1, 1.5, 1]
				},
				"lefthand": {
					"rotation": {
						"0.0": {
							"post": [-268.71719, -21.22826, 236.41998],
							"lerp_mode": "catmullrom"
						},
						"0.2": {
							"post": [-277.85116, -33.07042, 231.43215],
							"lerp_mode": "catmullrom"
						},
						"0.3": [-277.00399, -20.1778, 229.55422],
						"0.325": {
							"pre": [-278.71719, -21.22826, 236.41998],
							"post": [-278.71719, -21.22826, 236.41998],
							"lerp_mode": "catmullrom"
						},
						"0.55": {
							"post": [-291.78421, -42.24343, 247.12196],
							"lerp_mode": "catmullrom"
						},
						"0.925": {
							"post": [-291.78, -42.24, 247.12],
							"lerp_mode": "catmullrom"
						},
						"1.0": {
							"post": [-291.88543, -41.36653, 242.54899],
							"lerp_mode": "catmullrom"
						},
						"1.075": [-289.56476, -40.43755, 242.05926],
						"1.175": [-296.26, -46.53, 246.88],
						"1.25": [-211.88, -23.36, 153.18],
						"1.3": [-182.04, -11.3, 120.99],
						"1.375": [-178.54985, 0.15688, 119.33659],
						"1.425": [-178.55, 0.16, 119.34],
						"1.525": [-156.05, 0.16, 119.34],
						"1.675": [-156.05, 0.16, 119.34],
						"1.775": {
							"pre": [-247.45787, -25.42349, 171.70998],
							"post": [-247.45787, -25.42349, 171.70998],
							"lerp_mode": "catmullrom"
						},
						"1.875": {
							"post": [-268.71719, -21.22826, 236.41998],
							"lerp_mode": "catmullrom"
						}
					},
					"position": {
						"0.0": {
							"post": [7.356, -14.697, 0.78],
							"lerp_mode": "catmullrom"
						},
						"0.1": {
							"post": [12.36, -16.8, 0.78],
							"lerp_mode": "catmullrom"
						},
						"0.2": {
							"post": [13.66, -26.8, 5.98],
							"lerp_mode": "catmullrom"
						},
						"0.3": {
							"post": [13.66, -35.4, 13.28],
							"lerp_mode": "catmullrom"
						},
						"0.325": {
							"post": [6.956, -16.297, 2.18],
							"lerp_mode": "catmullrom"
						},
						"0.55": {
							"post": [6.96, -16.3, 2.98],
							"lerp_mode": "catmullrom"
						},
						"0.925": {
							"post": [6.96, -16.3, 2.98],
							"lerp_mode": "catmullrom"
						},
						"1.0": {
							"post": [6.96, -16.3, 2.98],
							"lerp_mode": "catmullrom"
						},
						"1.075": [6.96, -16.5, 2.98],
						"1.15": {
							"pre": [6.71, -17.24, 2.59],
							"post": [6.71, -17.24, 2.59],
							"lerp_mode": "catmullrom"
						},
						"1.225": {
							"post": [8.94, -12.4, 3.43],
							"lerp_mode": "catmullrom"
						},
						"1.275": {
							"post": [7.7, -10.11, 4.42],
							"lerp_mode": "catmullrom"
						},
						"1.325": {
							"post": [6.46, -9.76, 5.25],
							"lerp_mode": "catmullrom"
						},
						"1.375": {
							"post": [5.56, -10.5, 5.98],
							"lerp_mode": "catmullrom"
						},
						"1.425": {
							"post": [5.56, -10.55, 6.38],
							"lerp_mode": "catmullrom"
						},
						"1.475": {
							"post": [5.56, -10.8, 12.63],
							"lerp_mode": "catmullrom"
						},
						"1.525": {
							"post": [9.56, -10.8, 16.88],
							"lerp_mode": "catmullrom"
						},
						"1.675": {
							"post": [9.56, -10.8, 16.88],
							"lerp_mode": "catmullrom"
						},
						"1.775": {
							"post": [12.96, -18.65, 8.83],
							"lerp_mode": "catmullrom"
						},
						"1.875": {
							"post": [7.356, -14.697, 0.78],
							"lerp_mode": "catmullrom"
						}
					},
					"scale": [1, 1.5, 1]
				},
				"mag_and_lefthand": {
					"rotation": {
						"0.3": [0, 0, 0],
						"0.325": [0, 0, 0],
						"0.55": [-40.12698, 3.50297, -41.43826],
						"0.625": [-17.34532, 19.88905, -23.36994],
						"0.7": [0, 0, -20],
						"0.75": [-8, 0, -10],
						"0.8": [-6, 0, -10],
						"0.85": [0, 0, 0],
						"0.9": [0, 0, 0],
						"0.925": [0, 0, 0],
						"0.95": [0, 0, 0]
					},
					"position": {
						"0.3": [0, 0, 0],
						"0.325": [0, -15, 6],
						"0.55": [0, -15, 6],
						"0.625": [2.48, -9.5, 1.38],
						"0.7": [1.1, -5.8, 0.9],
						"0.75": [1.1, -5.4, 0.9],
						"0.8": [1.1, -5.4, 0.9],
						"0.85": [0, -4.8, 1.4],
						"0.9": [0, -5, 1.6],
						"0.925": [0, -1.25, 0.4],
						"0.95": [0, 0, 0]
					}
				},
				"mags": {
					"rotation": {
						"0.175": [0, 0, 0],
						"0.3": [0, 0, 0],
						"0.325": [0, 0, 0]
					},
					"position": {
						"0.175": [0, 0, 0],
						"0.25": [0, -4.5, 1.1],
						"0.3": [0, -13, 3.7],
						"0.325": [0, 0, 0]
					}
				},
				"bullet_in_mag": {
					"rotation": {
						"1.45": [0, 0, 0],
						"1.475": [-13, 0, 0],
						"1.5": [0, 0, 0]
					},
					"position": {
						"1.45": [0, 0, 0],
						"1.475": [0, 0.1, -0.6],
						"1.5": [0, 0.6, -2.3]
					},
					"scale": {
						"0.0": [0.001, 0.001, 0.001],
						"0.3": [0.001, 0.001, 0.001],
						"0.325": [1, 1, 1]
					}
				},
				"upper": {
					"position": {
						"0.0": [0, 0, 2.1],
						"1.375": [0, 0, 2.1],
						"1.425": [0, 0, 2.3],
						"1.45": [0, 0, 2.4],
						"1.5": [0, 0, 0.6],
						"1.55": [0, 0, 0.1],
						"1.6": [0, 0, 0.1],
						"1.65": [0, 0, 0]
					}
				},
				"camera": {
					"rotation": {
						"0.0": [0, 0, 0],
						"0.075": {
							"pre": [-0.25, 0.25, 0],
							"post": [-0.25, 0.25, 0],
							"lerp_mode": "catmullrom"
						},
						"0.2": {
							"post": [-1.00015, 0.99985, -0.01745],
							"lerp_mode": "catmullrom"
						},
						"0.275": {
							"post": [0.0173, 0.9997, 0.9827],
							"lerp_mode": "catmullrom"
						},
						"0.325": {
							"post": [0.02976, 0.99937, 1.69709],
							"lerp_mode": "catmullrom"
						},
						"0.45": {
							"post": [-0.00015, 0.99985, -0.01745],
							"lerp_mode": "catmullrom"
						},
						"0.6": {
							"post": [0.6, 0.7, -0.03],
							"lerp_mode": "catmullrom"
						},
						"0.7": {
							"post": [1.53, 0.23, -0.04],
							"lerp_mode": "catmullrom"
						},
						"0.8": {
							"post": [2.33, 0, -0.05],
							"lerp_mode": "catmullrom"
						},
						"0.9": {
							"post": [2.99954, 0.00046, -0.05235],
							"lerp_mode": "catmullrom"
						},
						"0.95": {
							"post": [1.99878, -0.06978, 1.94878],
							"lerp_mode": "catmullrom"
						},
						"1.0": {
							"post": [1.37488, 0.0087, -0.92496],
							"lerp_mode": "catmullrom"
						},
						"1.05": {
							"post": [1, 0, -0.05],
							"lerp_mode": "catmullrom"
						},
						"1.175": {
							"post": [2, 0, -0.05],
							"lerp_mode": "catmullrom"
						},
						"1.275": {
							"post": [2.46, 0, -0.05],
							"lerp_mode": "catmullrom"
						},
						"1.375": {
							"post": [3.35, 0, -0.05],
							"lerp_mode": "catmullrom"
						},
						"1.475": {
							"post": [2.73043, 0.03528, -1.15773],
							"lerp_mode": "catmullrom"
						},
						"1.55": {
							"post": [2.49757, -0.12205, 1.94597],
							"lerp_mode": "catmullrom"
						},
						"1.65": {
							"post": [3.5993, 0.08019, -1.04678],
							"lerp_mode": "catmullrom"
						},
						"1.75": {
							"post": [0.67, 0.02, -1.23],
							"lerp_mode": "catmullrom"
						},
						"1.875": {
							"post": [-0.99985, -0.01745, -0.99985],
							"lerp_mode": "catmullrom"
						},
						"2.025": {
							"post": [0, 0, 0],
							"lerp_mode": "catmullrom"
						}
					},
					"position": {
						"0.0": [0, 0, 0],
						"0.2": [0, 0, 0]
					}
				}
			},
			"sound_effects": {
				"0.0": {
					"effect": "cz75_inspect_magout"
				},
				"0.025": {
					"effect": "cz75_raise"
				},
				"0.675": {
					"effect": "cz75_inspect_slidepull"
				},
				"0.825": {
					"effect": "cz75_inspect_magin"
				},
				"1.2": {
					"effect": "cz75_inspect_raise"
				},
				"1.425": {
					"effect": "cz75_reload_empty_magin"
				}
			}
		},
		"inspect": {
			"animation_length": 8.4167,
			"bones": {
				"group3": {
					"rotation": [9, 0, 0],
					"position": [0, 0.05, 0]
				},
				"barrel2": {
					"rotation": [-2.5, 0, 0],
					"position": [0, 0, 0.325]
				},
				"slide": {
					"position": [0, 0, 1.628]
				},
				"root": {
					"rotation": {
						"0.0": [0, 0, 0],
						"0.125": {
							"pre": [-6.75, 4.71, 16.93],
							"post": [-6.75, 4.71, 16.93],
							"lerp_mode": "catmullrom"
						},
						"0.2083": [-18.16, 21.44, 30.75],
						"0.3333": [-25.5, 50, 58.26],
						"0.4167": [-28.98, 59.38, 65.64],
						"0.5417": [-33.35425, 58.44775, 59.98342],
						"0.6667": [-29.76, 58.99, 63.01],
						"0.875": [-27.16, 58.93, 66.03],
						"1.0": {
							"pre": [-27.18, 58.37, 66.01],
							"post": [-27.18, 58.37, 66.01],
							"lerp_mode": "catmullrom"
						},
						"1.125": {
							"post": [-21.44755, 60.60294, 72.70349],
							"lerp_mode": "catmullrom"
						},
						"1.25": {
							"post": [-23.06005, 60.22424, 70.8292],
							"lerp_mode": "catmullrom"
						},
						"1.4583": [-23.56169, 59.01704, 70.24746],
						"1.875": [-25.06717, 58.60525, 68.48767],
						"2.0417": {
							"pre": [-31.68, 31.85, 39.1],
							"post": [-31.68, 31.85, 39.1],
							"lerp_mode": "catmullrom"
						},
						"2.1667": {
							"post": [-27.46, 3.61, 4.19],
							"lerp_mode": "catmullrom"
						},
						"2.25": {
							"post": [-16.06786, -26.13478, -40.52363],
							"lerp_mode": "catmullrom"
						},
						"2.3333": {
							"post": [-20.35661, -36.8116, -40.62405],
							"lerp_mode": "catmullrom"
						},
						"2.4167": [-22.08965, -35.39357, -35.98936],
						"2.5833": [-19.74869, -36.12407, -38.2838],
						"2.8333": [-19.46231, -36.48174, -39.55753],
						"3.0833": [-21.96, -35.24, -35.48],
						"3.4167": [-22.63, -34.92, -34.4],
						"3.5833": [-23.24, -31.07, -36.42],
						"3.7083": [-20.44, -28.26, -41.38],
						"3.8333": [-18.75809, -27.80429, -42.22017],
						"3.9167": [-19.05205, -28.22794, -43.99497],
						"3.9583": [-16.44817, -28.16329, -48.26414],
						"4.0": [-16.33705, -26.6747, -47.13256],
						"4.0417": [-14.26949, -26.2786, -50.31768],
						"4.125": [-17.67857, -23.73863, -42.49391],
						"4.25": [-16.39046, -24.61771, -45.63815],
						"4.4167": [-17.25608, -24.0388, -43.53717],
						"4.5417": [-17.26, -24.04, -43.54],
						"4.625": [-16.62, -23.94, -42.62],
						"4.75": [-16.71, -23.62, -39.86],
						"4.875": [-19.44208, -23.41387, -38.01222],
						"5.0833": [-19.15, -23.65, -38.75],
						"5.2083": [-18.95, -23.66, -38.77],
						"5.2917": [-18.81, -23.62, -38.65],
						"5.375": [-18.66, -23.54, -38.39],
						"5.4583": [-18.64, -23.48, -38.19],
						"5.5833": [-18.73, -23.45, -38.06],
						"5.7083": [-19.27, -23.43, -38],
						"5.8333": [-19.3, -23.19, -37.2],
						"5.9583": [-14.8, -24.55, -41.7],
						"6.0417": [-13.84496, -25.25316, -44.27142],
						"6.125": [-12.75286, -24.82401, -42.1132],
						"6.1667": [-12.91335, -25.77677, -46.40615],
						"6.25": [-7.38325, -25.56632, -45.32148],
						"6.3333": [-11.67, -25.52, -45.11],
						"6.4583": [-18.25, -14.57, -28.27],
						"6.5417": [-27.41, 0.1, -5.53],
						"6.625": [-34.67, 10.51, 10.22],
						"6.7083": [-40.03, 16.66, 18.99],
						"6.8333": [-41.58, 15.96, 17.75],
						"6.9167": [-49.47302, 14.29571, 16.56814],
						"6.9583": [-51.24068, 16.1552, 13.92174],
						"7.0417": [-53.48, 16.1, 13.47],
						"7.125": [-53.68641, 17.42295, 12.76302],
						"7.2083": [-52.75, 18.48, 13.62],
						"7.3333": [-52.37, 18.69, 13.79],
						"7.5": [-52.47, 18.31, 13.48],
						"7.5833": [-55.0662, 15.3184, 14.94236],
						"7.625": [-43.73063, 11.57649, 11.49983],
						"7.75": [-50.4387, 12.98707, 10.35469],
						"7.875": [-45.22, 13.12, 9.8],
						"7.9583": [-31.08, 8.92, 7.31],
						"8.0417": [-10.92, 2.63, 3.34],
						"8.125": [-1.42, 0.04, 1.09],
						"8.2083": [2.10667, 0.78352, -1.92591],
						"8.2917": [-0.58908, 1.14898, -0.43359],
						"8.4167": [0, 0, 0]
					},
					"position": {
						"0.0": [0, 0, 0],
						"0.0833": {
							"pre": [0.22, -0.16, -0.4],
							"post": [0.22, -0.16, -0.4],
							"lerp_mode": "catmullrom"
						},
						"0.1667": {
							"post": [0.37, 0.43, -0.57],
							"lerp_mode": "catmullrom"
						},
						"0.25": {
							"post": [0.8, 1.1, -0.9],
							"lerp_mode": "catmullrom"
						},
						"0.375": {
							"post": [0.8, 1.18, -0.97],
							"lerp_mode": "catmullrom"
						},
						"0.5417": [0.8, 1.19, -1],
						"0.7917": [0.8, 1.1, -1],
						"1.0417": {
							"pre": [0.8, 1.02, -1],
							"post": [0.8, 1.02, -1],
							"lerp_mode": "catmullrom"
						},
						"1.2083": {
							"post": [0.8, 1.1, -1],
							"lerp_mode": "catmullrom"
						},
						"1.4583": {
							"post": [0.8, 1.1, -1],
							"lerp_mode": "catmullrom"
						},
						"1.9583": [0.8, 1.09, -1],
						"2.0833": {
							"pre": [0.11, 0.38, -1],
							"post": [0.11, 0.38, -1],
							"lerp_mode": "catmullrom"
						},
						"2.2083": {
							"post": [-1.84, -0.07, -1],
							"lerp_mode": "catmullrom"
						},
						"2.3333": {
							"post": [-3.1, 0.2, -1],
							"lerp_mode": "catmullrom"
						},
						"2.4583": [-3.2, 0.1, -1],
						"2.6667": [-3.3, 0.2, -1],
						"3.0": [-3.37, 0.28, -1],
						"3.4583": [-3.6, 0.2, -1],
						"3.5833": [-3.67, 0.01, -1],
						"3.7083": [-3.78, -0.27, -1],
						"3.7917": [-4, -0.8, -1],
						"3.875": [-4, -1.04, -0.99],
						"3.9167": [-4, -0.77, -0.99],
						"3.9583": [-4.01, -0.89, -0.99],
						"4.0833": [-4.23, -1.2, -0.97],
						"4.2083": [-4.53, -0.8, -0.97],
						"4.3333": [-4.63, -0.7, -0.97],
						"4.5": [-4.73, -0.8, -0.97],
						"4.5833": [-4.73, -0.8, -0.97],
						"4.7083": [-4.79, -0.77, -0.97],
						"4.875": [-4.93, -0.7, -0.97],
						"5.0": [-4.94, -0.69, -0.97],
						"5.0833": [-4.95, -0.68, -0.97],
						"5.2083": [-4.99, -0.64, -0.97],
						"5.2917": [-5, -0.62, -0.97],
						"5.375": [-5.01, -0.61, -0.97],
						"5.4583": [-5.03, -0.6, -0.97],
						"5.5417": [-5.05, -0.58, -0.97],
						"5.6667": [-5.1, -0.53, -0.97],
						"5.7917": [-4.84, -0.3, -0.97],
						"5.875": [-4.58, -0.1, -0.97],
						"6.0": [-4.03, 0.3, -0.97],
						"6.0833": [-4.03, 0.33, -0.97],
						"6.125": [-4.03, 0.4, -0.97],
						"6.2083": [-3.63, -0.6, -0.97],
						"6.2917": [-3.73, -0.48, -0.97],
						"6.375": [-3.73, -0.43, -0.97],
						"6.4583": [-2.87, -0.3, -0.97],
						"6.5417": [-0.58, 0.03, -0.97],
						"6.625": [0.6, 0.23, -0.97],
						"6.7083": [0.67, 0.1, -0.97],
						"6.7917": [0.72, 0.15, -0.97],
						"6.875": [0.72, 0.05, -0.94],
						"6.9583": [0.72, -0.1, -0.82],
						"7.0417": [0.72, -0.07, -0.79],
						"7.125": [0.72, -0.01, -0.77],
						"7.25": [0.72, 0.11, -0.77],
						"7.375": [0.72, 0.18, -0.77],
						"7.5": [0.72, 0.23, -0.77],
						"7.5833": [0.72, 0.35, -0.82],
						"7.625": [0.72, 0.55, -0.87],
						"7.7083": [0.72, 0.4, -0.87],
						"7.7917": [0.68, 0.31, -0.86],
						"7.875": {
							"pre": [0.61, 0.16, -0.83],
							"post": [0.61, 0.16, -0.83],
							"lerp_mode": "catmullrom"
						},
						"7.9583": {
							"post": [0.36, -0.09, -0.7],
							"lerp_mode": "catmullrom"
						},
						"8.0417": {
							"post": [0.14, -0.42, -0.03],
							"lerp_mode": "catmullrom"
						},
						"8.125": {
							"post": [0.03, -0.66, -0.34],
							"lerp_mode": "catmullrom"
						},
						"8.25": {
							"post": [0.02, -0.04, 0.57],
							"lerp_mode": "catmullrom"
						},
						"8.375": [0, 0, 0]
					}
				},
				"bullet_in_barrel": {
					"scale": 0
				},
				"bullet": {
					"scale": 0
				},
				"righthand": {
					"rotation": {
						"0.0": [-263.421, 6.29, -176.661],
						"0.125": [-263.45844, -1.16102, -177.51718],
						"0.25": [-263.46, -1.16, -177.52],
						"2.0": [-263.46, -1.16, -177.52],
						"2.0833": [-265.13, -1.16, -177.52],
						"2.1667": [-268.46, -1.16, -177.52],
						"6.3333": [-268.46, -1.16, -177.52],
						"6.4167": [-268.44, 6.17, -177.32],
						"6.5": [-268.43, 11.5, -177.17],
						"6.5833": [-268.40992, 14.83811, -177.07936],
						"7.9167": [-268.41, 14.84, -177.08],
						"8.0417": [-263.421, 6.29, -176.661]
					},
					"position": {
						"0.0": [-6.74, -13.08, 1.9],
						"0.25": [-7.14, -13.08, 2.4],
						"2.0": [-7.14, -13.08, 2.4],
						"2.0833": [-7.37, -13.08, 2.6],
						"2.1667": [-7.84, -13.08, 3],
						"6.3333": [-7.84, -13.08, 3],
						"6.4167": [-7.31, -13.08, 3],
						"6.5": [-6.91, -13.11, 2.83],
						"6.5833": [-6.64, -13.18, 2.5],
						"7.9167": [-6.64, -13.18, 2.5],
						"8.0417": [-6.74, -13.08, 1.9]
					},
					"scale": [1, 1.5, 1]
				},
				"lefthand": {
					"rotation": {
						"0.0": [-268.71719, -21.22826, 236.41998],
						"0.125": [-286.72, -21.23, 236.42],
						"0.25": [-247.92125, -15.55541, 140.21196],
						"3.5417": [-249.29044, -49.02094, 152.62413],
						"3.625": [-255.98, -27.22, 162.18],
						"3.7083": [-248.32, -16.93, 166.36],
						"3.7917": [-227.46964, -13.75362, 169.42449],
						"6.3333": [-227.47, -13.75, 169.42],
						"6.4167": [-220.24, -0.56, 145.16],
						"6.5": [-239.64, 3.5, 126.04],
						"6.5833": [-229.73347, -9.04459, 123.32905],
						"6.6667": [-229.80829, -11.85835, 123.56908],
						"6.7917": [-229.81, -11.86, 123.57],
						"6.875": [-229.81, -11.86, 123.57],
						"6.9583": [-229.81, -11.86, 123.57],
						"7.5417": [-229.81, -11.86, 123.57],
						"7.5833": [-229.81, -11.86, 123.57],
						"7.625": [-229.81, -11.86, 123.57],
						"7.8333": [-229.81, -11.86, 123.57],
						"7.9167": [-233.82, -14.97, 135.24],
						"8.0": [-247.45, -22.95, 174.87],
						"8.0833": [-263.5, -22.39, 221.33],
						"8.1667": [-268.65523, -27.22669, 236.26919],
						"8.25": [-268.72, -21.23, 236.42]
					},
					"position": {
						"0.0": [7.356, -14.697, 0.78],
						"0.125": [13.96, -17.4, 4.28],
						"0.25": [17.96, -13.4, 21.28],
						"3.5417": [14.96, -30.4, 12.28],
						"3.625": [8.96, -26.4, 8.28],
						"3.7083": [5.96, -21.57, 4.53],
						"3.7917": [6.26, -15.9, 2.83],
						"6.3333": [6.26, -15.9, 2.83],
						"6.4167": [9.66, -16.23, 2.83],
						"6.5": [9.86, -13.4, 1.7],
						"6.625": [7.66, -10.9, -1.47],
						"6.7917": [7.66, -10.9, -1.47],
						"6.875": [7.66, -10.9, -1.05],
						"6.9583": [7.66, -10.9, -0.22],
						"7.5417": [7.66, -10.9, -0.22],
						"7.5833": [7.66, -10.9, -0.64],
						"7.625": [7.66, -10.9, -1.47],
						"7.8333": [7.66, -10.9, -1.47],
						"7.9167": [7.85, -11.54, -1.44],
						"8.0": [8.23, -13.43, -1.09],
						"8.0833": [7.64, -14.47, 0.25],
						"8.2083": [7.356, -14.697, 0.78]
					},
					"scale": [1, 1.5, 1]
				},
				"mag_and_lefthand": {
					"rotation": {
						"3.9167": [0, 0, 0],
						"3.9583": [0, 0, 0],
						"4.0": [0, 0, 0],
						"4.0417": [-10, 0, 0],
						"4.0833": [-4.0133, 9.26541, -14.45562],
						"4.125": [4.50207, 20.67876, -5.94245],
						"4.1667": [1.5311, 18.26437, -16.69441],
						"4.25": [4.79089, 22.4581, -3.63847],
						"4.375": [0.96507, 24.33736, -2.37021],
						"4.4583": [1.28, 22, 2.26],
						"4.5417": [-11.79062, 15.40805, 3.21601],
						"4.6667": [-37.05583, 17.7575, -9.91418],
						"4.7917": [-32.94, 14.85, -5.63],
						"4.9167": [-32.47701, 14.44813, -3.72372],
						"5.0833": [-31.7639, 16.15127, -4.81079],
						"5.625": [-31.76, 16.15, -4.81],
						"5.7083": [-30.65, 15.65, -6.55],
						"5.7917": [-28.44, 14.66, -10.03],
						"5.875": [-20.02, 14.64, -8.99],
						"5.9583": [1.89503, 16.05799, -0.64766],
						"6.0417": [0, 0, 0],
						"6.125": [0, 0, 0],
						"6.1667": [0, 0, 0],
						"6.2083": [0, 0, 0]
					},
					"position": {
						"3.9167": [0, 0, 0],
						"3.9583": [0, -3, 0.8],
						"4.0": [0, -4.7, 1.3],
						"4.0417": [0, -6.1, 0.5],
						"4.0833": [2.65, -8.05, 0.5],
						"4.125": [5.3, -7.2, 0.5],
						"4.1667": [6, -6.7, -0.4],
						"4.2917": [6, -6.8, -0.4],
						"4.4167": [6, -6.8, -0.4],
						"4.5": [5.77, -7.17, -0.53],
						"4.5833": [5.3, -7.9, -0.8],
						"4.75": [5.8, -6, -1.9],
						"4.9583": [5.6, -6.1, -1.9],
						"5.625": [5.6, -5.9, -1.9],
						"5.7083": [4.85, -6.52, -1.4],
						"5.7917": [3.35, -7.37, -0.4],
						"5.875": [2.1, -7.15, 0.48],
						"5.9583": [0.6, -5.2, 1.6],
						"6.0417": [0, -4.7, 1.3],
						"6.125": [0, -4.8, 1.4],
						"6.1667": [0, -4, 1.16],
						"6.2083": [0, 0, 0]
					}
				},
				"upper": {
					"position": {
						"6.7917": [0, 0, 0],
						"6.875": [0, 0, 0.43],
						"6.9583": [0, 0, 1.3],
						"7.5417": [0, 0, 1.3],
						"7.5833": [0, 0, 0.87],
						"7.625": [0, 0, 0],
						"7.6667": [0, 0, 0.1],
						"7.75": [0, 0, 0]
					}
				},
				"bullet_in_mag": {
					"rotation": {
						"0.0": [0, 0, 0],
						"6.75": [0, 0, 0],
						"6.7917": [0, 0, 0],
						"6.9583": [0, 0, 0],
						"7.5": [0, 0, 0],
						"7.625": [0, 0, 0]
					},
					"position": {
						"0.0": [0, 0, 0],
						"6.75": [0, 0, 0],
						"6.7917": [0, 0.6, -2],
						"6.875": [0, 0.6, -1.75],
						"6.9583": [0, 0.6, -1],
						"7.5": [0, 0.6, -1],
						"7.5417": [0, 0.6, -1.03],
						"7.625": [0, 0.6, -2]
					}
				},
				"camera": {
					"rotation": {
						"0.0": [0, 0, 0],
						"0.125": {
							"pre": [-0.16, 0.17, 0],
							"post": [-0.16, 0.17, 0],
							"lerp_mode": "catmullrom"
						},
						"0.3333": {
							"post": [-0.85, 0.84, -0.01],
							"lerp_mode": "catmullrom"
						},
						"0.4583": {
							"post": [-0.78, 1, -0.02],
							"lerp_mode": "catmullrom"
						},
						"0.6667": {
							"post": [-0.22, 1, -0.02],
							"lerp_mode": "catmullrom"
						},
						"0.8333": {
							"post": [-0.17, 1, -0.02],
							"lerp_mode": "catmullrom"
						},
						"1.1667": {
							"post": [-0.83, 1, -0.02],
							"lerp_mode": "catmullrom"
						},
						"1.3333": {
							"post": [-1.13, 1, -0.02],
							"lerp_mode": "catmullrom"
						},
						"1.8333": {
							"post": [-1.85, 1, -0.02],
							"lerp_mode": "catmullrom"
						},
						"2.0833": {
							"post": [2, 1.5, -0.02],
							"lerp_mode": "catmullrom"
						},
						"2.25": {
							"post": [0.8, 1.8, -0.02],
							"lerp_mode": "catmullrom"
						},
						"2.625": {
							"post": [0.18, 3.18, -0.03],
							"lerp_mode": "catmullrom"
						},
						"3.0833": {
							"post": [1, 3.83, -0.03],
							"lerp_mode": "catmullrom"
						},
						"3.5": {
							"post": [1, 4, -0.02],
							"lerp_mode": "catmullrom"
						},
						"3.625": {
							"post": [1.25, 4, -0.02],
							"lerp_mode": "catmullrom"
						},
						"3.75": {
							"post": [2.25, 4, -0.02],
							"lerp_mode": "catmullrom"
						},
						"3.875": {
							"post": [3, 4, -0.02],
							"lerp_mode": "catmullrom"
						},
						"4.0417": {
							"post": [4.09762, 2.89751, 1.89255],
							"lerp_mode": "catmullrom"
						},
						"4.125": {
							"post": [4.8, 2.25, -0.18],
							"lerp_mode": "catmullrom"
						},
						"4.2083": {
							"post": [4.53, 1.16, -0.29],
							"lerp_mode": "catmullrom"
						},
						"4.3333": {
							"post": [3.98973, -0.97831, -0.49009],
							"lerp_mode": "catmullrom"
						},
						"4.5": {
							"post": [4.98973, -0.97831, -0.49009],
							"lerp_mode": "catmullrom"
						},
						"4.875": {
							"post": [4.24, -0.98, -0.49],
							"lerp_mode": "catmullrom"
						},
						"5.125": {
							"post": [4.16, -0.98, -0.49],
							"lerp_mode": "catmullrom"
						},
						"5.75": [4.99, -0.98, -0.49],
						"5.875": {
							"pre": [5.49, -0.49, -0.43],
							"post": [5.49, -0.49, -0.43],
							"lerp_mode": "catmullrom"
						},
						"6.0": {
							"post": [6.19, 0.21, -0.34],
							"lerp_mode": "catmullrom"
						},
						"6.125": {
							"post": [6.99005, 1.00514, -0.24662],
							"lerp_mode": "catmullrom"
						},
						"6.1667": {
							"post": [6.68755, 0.77274, 1.74007],
							"lerp_mode": "catmullrom"
						},
						"6.25": {
							"post": [5.9717, 1.10934, -1.24134],
							"lerp_mode": "catmullrom"
						},
						"6.2917": {
							"post": [6.49823, 0.94421, 0.24976],
							"lerp_mode": "catmullrom"
						},
						"6.375": [6.92, 0.98, -0.04],
						"6.4583": [6.74, 1.01, -0.25],
						"6.5417": [6.24, 1.01, -0.25],
						"6.6667": [5.19, 1.01, -0.25],
						"6.7917": [3.99, 1.01, -0.25],
						"7.0": {
							"pre": [4.99, 1.01, -0.25],
							"post": [4.99, 1.01, -0.25],
							"lerp_mode": "catmullrom"
						},
						"7.1667": {
							"post": [5.99, 1.01, -0.25],
							"lerp_mode": "catmullrom"
						},
						"7.5417": {
							"post": [5.99, 1.01, -0.25],
							"lerp_mode": "catmullrom"
						},
						"7.75": {
							"post": [3.99, 1.01, -0.25],
							"lerp_mode": "catmullrom"
						},
						"7.875": {
							"post": [3.24, 0.82, -0.21],
							"lerp_mode": "catmullrom"
						},
						"7.9583": {
							"post": [2.51, 0.63, -0.16],
							"lerp_mode": "catmullrom"
						},
						"8.0417": {
							"post": [1.09, 0.36, -0.09],
							"lerp_mode": "catmullrom"
						},
						"8.125": {
							"post": [-1, 0, 0],
							"lerp_mode": "catmullrom"
						},
						"8.2917": [0, 0, 0]
					}
				}
			},
			"sound_effects": {
				"0.0417": {
					"effect": "cz75_drop"
				},
				"0.7917": {
					"effect": "cz75_inspect_empty_flip"
				},
				"1.7917": {
					"effect": "cz75_inspect_empty_end"
				},
				"3.5417": {
					"effect": "cz75_inspect_magout"
				},
				"4.4583": {
					"effect": "cz75_inspect_raise"
				},
				"5.6667": {
					"effect": "cz75_inspect_slidepull"
				},
				"6.0833": {
					"effect": "cz75_inspect_magin"
				},
				"6.3333": {
					"effect": "cz75_raise"
				},
				"6.8333": {
					"effect": "cz75_inspect_slidepull"
				},
				"7.4583": {
					"effect": "cz75_inspect_sliderelease"
				},
				"7.875": {
					"effect": "cz75_inspect_raise"
				}
			}
		},
		"inspect_empty": {
			"animation_length": 8.5,
			"bones": {
				"group3": {
					"rotation": [9, 0, 0],
					"position": [0, 0.05, 0]
				},
				"barrel2": {
					"rotation": [-2.5, 0, 0],
					"position": [0, 0, 0.325]
				},
				"slide": {
					"position": [0, 0, 1.628]
				},
				"root": {
					"rotation": {
						"0.0": {
							"post": [0, 0, 0],
							"lerp_mode": "catmullrom"
						},
						"0.125": {
							"post": [-6.75, 4.71, 16.93],
							"lerp_mode": "catmullrom"
						},
						"0.2083": [-18.16, 21.44, 30.75],
						"0.3333": [-25.5, 50, 58.26],
						"0.4167": [-28.98, 59.38, 65.64],
						"0.5417": [-33.35425, 58.44775, 59.98342],
						"0.6667": [-29.76, 58.99, 63.01],
						"0.875": [-27.16, 58.93, 66.03],
						"1.0": {
							"pre": [-27.18, 58.37, 66.01],
							"post": [-27.18, 58.37, 66.01],
							"lerp_mode": "catmullrom"
						},
						"1.125": {
							"post": [-21.44755, 60.60294, 72.70349],
							"lerp_mode": "catmullrom"
						},
						"1.25": {
							"post": [-23.06005, 60.22424, 70.8292],
							"lerp_mode": "catmullrom"
						},
						"1.4583": [-23.56169, 59.01704, 70.24746],
						"1.875": [-25.06717, 58.60525, 68.48767],
						"2.0417": {
							"pre": [-31.68, 31.85, 39.1],
							"post": [-31.68, 31.85, 39.1],
							"lerp_mode": "catmullrom"
						},
						"2.1667": {
							"post": [-27.46, 3.61, 4.19],
							"lerp_mode": "catmullrom"
						},
						"2.25": {
							"post": [-16.06786, -26.13478, -40.52363],
							"lerp_mode": "catmullrom"
						},
						"2.3333": {
							"post": [-20.35661, -36.8116, -40.62405],
							"lerp_mode": "catmullrom"
						},
						"2.4167": [-22.08965, -35.39357, -35.98936],
						"2.5833": [-19.74869, -36.12407, -38.2838],
						"2.8333": [-19.46231, -36.48174, -39.55753],
						"3.0833": [-21.96, -35.24, -35.48],
						"3.4167": [-22.63, -34.92, -34.4],
						"3.5833": [-23.24, -31.07, -36.42],
						"3.7083": [-20.44, -28.26, -41.38],
						"3.8333": [-18.75809, -27.80429, -42.22017],
						"3.9167": [-19.05205, -28.22794, -43.99497],
						"3.9583": [-16.44817, -28.16329, -48.26414],
						"4.0": [-16.33705, -26.6747, -47.13256],
						"4.0417": [-14.26949, -26.2786, -50.31768],
						"4.125": [-17.67857, -23.73863, -42.49391],
						"4.25": [-16.39046, -24.61771, -45.63815],
						"4.4167": [-17.25608, -24.0388, -43.53717],
						"4.5417": [-17.26, -24.04, -43.54],
						"4.625": [-16.62, -23.94, -42.62],
						"4.75": [-16.71, -23.62, -39.86],
						"4.875": [-19.44208, -23.41387, -38.01222],
						"5.0833": [-19.15, -23.65, -38.75],
						"5.2083": [-18.95, -23.66, -38.77],
						"5.2917": [-18.81, -23.62, -38.65],
						"5.375": [-18.66, -23.54, -38.39],
						"5.4583": [-18.64, -23.48, -38.19],
						"5.5833": [-18.73, -23.45, -38.06],
						"5.7083": [-19.27, -23.43, -38],
						"5.8333": [-19.3, -23.19, -37.2],
						"5.9583": [-14.8, -24.55, -41.7],
						"6.0417": [-13.84496, -25.25316, -44.27142],
						"6.125": [-12.75286, -24.82401, -42.1132],
						"6.1667": [-12.91335, -25.77677, -46.40615],
						"6.25": [-7.38325, -25.56632, -45.32148],
						"6.3333": [-11.67, -25.52, -45.11],
						"6.4583": [-18.25, -14.57, -28.27],
						"6.5417": [-27.41, 0.1, -5.53],
						"6.625": [-34.67, 10.51, 10.22],
						"6.7083": [-38.24, 14.61, 16.07],
						"6.7917": [-40.84, 15.1, 17.17],
						"6.875": [-41.28, 13.8, 16.03],
						"6.9583": [-40.55, 14.32, 17.39],
						"7.0417": [-40.33, 14.46, 18.18],
						"7.1667": [-40.58, 14.23, 18.38],
						"7.3333": [-40.97, 13.96, 18.63],
						"7.5": [-41.4, 13.83, 18.75],
						"7.6667": [-41.81, 13.83, 18.75],
						"7.75": [-40.04, 13.01, 16.84],
						"7.8333": [-34.73, 10.56, 11.12],
						"7.9583": [-26.04, 7.35, 6.32],
						"8.0833": [-10.92, 2.63, 3.34],
						"8.1667": [-1.42, 0.04, 1.09],
						"8.25": [2.10667, 0.78352, -1.92591],
						"8.375": [-0.58908, 1.14898, -0.43359],
						"8.5": [0, 0, 0]
					},
					"position": {
						"0.0": {
							"post": [0, 0, 0],
							"lerp_mode": "catmullrom"
						},
						"0.0833": {
							"post": [0.22, -0.16, -0.4],
							"lerp_mode": "catmullrom"
						},
						"0.1667": {
							"post": [0.37, 0.43, -0.57],
							"lerp_mode": "catmullrom"
						},
						"0.25": {
							"post": [0.8, 1.1, -0.9],
							"lerp_mode": "catmullrom"
						},
						"0.375": {
							"post": [0.8, 1.18, -0.97],
							"lerp_mode": "catmullrom"
						},
						"0.5417": [0.8, 1.19, -1],
						"0.7917": [0.8, 1.1, -1],
						"1.0417": {
							"pre": [0.8, 1.02, -1],
							"post": [0.8, 1.02, -1],
							"lerp_mode": "catmullrom"
						},
						"1.2083": {
							"post": [0.8, 1.1, -1],
							"lerp_mode": "catmullrom"
						},
						"1.4583": {
							"post": [0.8, 1.1, -1],
							"lerp_mode": "catmullrom"
						},
						"1.9583": [0.8, 1.09, -1],
						"2.0833": {
							"pre": [0.11, 0.38, -1],
							"post": [0.11, 0.38, -1],
							"lerp_mode": "catmullrom"
						},
						"2.2083": {
							"post": [-1.84, -0.07, -1],
							"lerp_mode": "catmullrom"
						},
						"2.3333": {
							"post": [-3.1, 0.2, -1],
							"lerp_mode": "catmullrom"
						},
						"2.4583": [-3.2, 0.1, -1],
						"2.6667": [-3.3, 0.2, -1],
						"3.0": [-3.37, 0.28, -1],
						"3.4583": [-3.6, 0.2, -1],
						"3.5833": [-3.67, 0.01, -1],
						"3.7083": [-3.78, -0.27, -1],
						"3.7917": [-4, -0.8, -1],
						"3.875": [-4, -1.04, -0.99],
						"3.9167": [-4, -0.77, -0.99],
						"3.9583": [-4.01, -0.89, -0.99],
						"4.0833": [-4.23, -1.2, -0.97],
						"4.2083": [-4.53, -0.8, -0.97],
						"4.3333": [-4.63, -0.7, -0.97],
						"4.5": [-4.73, -0.8, -0.97],
						"4.5833": [-4.73, -0.8, -0.97],
						"4.7083": [-4.79, -0.77, -0.97],
						"4.875": [-4.93, -0.7, -0.97],
						"5.0": [-4.94, -0.69, -0.97],
						"5.0833": [-4.95, -0.68, -0.97],
						"5.2083": [-4.99, -0.64, -0.97],
						"5.2917": [-5, -0.62, -0.97],
						"5.375": [-5.01, -0.61, -0.97],
						"5.4583": [-5.03, -0.6, -0.97],
						"5.5417": [-5.05, -0.58, -0.97],
						"5.6667": [-5.1, -0.53, -0.97],
						"5.7917": [-4.84, -0.3, -0.97],
						"5.875": [-4.58, -0.1, -0.97],
						"6.0": [-4.03, 0.3, -0.97],
						"6.0833": [-4.03, 0.33, -0.97],
						"6.125": [-4.03, 0.4, -0.97],
						"6.2083": [-3.63, -0.6, -0.97],
						"6.2917": [-3.73, -0.48, -0.97],
						"6.375": [-3.73, -0.43, -0.97],
						"6.4583": [-2.87, -0.3, -0.97],
						"6.5417": [-0.58, 0.03, -0.97],
						"6.625": [0.6, 0.23, -0.97],
						"6.7083": [0.67, 0.1, -0.97],
						"6.7917": [0.8, 0.03, -0.97],
						"6.875": [0.87, 0.03, -0.97],
						"7.0": [0.87, 0.1, -0.97],
						"7.25": [0.87, 0.18, -0.97],
						"7.4167": [0.87, 0.18, -0.97],
						"7.625": [0.87, 0.12, -0.97],
						"7.75": [0.81, 0.08, -0.95],
						"7.875": {
							"pre": [0.53, -0.01, -0.83],
							"post": [0.53, -0.01, -0.83],
							"lerp_mode": "catmullrom"
						},
						"7.9583": {
							"post": [0.31, -0.16, -0.55],
							"lerp_mode": "catmullrom"
						},
						"8.0833": {
							"post": [0.14, -0.42, -0.03],
							"lerp_mode": "catmullrom"
						},
						"8.1667": {
							"post": [0.03, -0.66, -0.34],
							"lerp_mode": "catmullrom"
						},
						"8.2917": {
							"post": [0.02, -0.04, 0.57],
							"lerp_mode": "catmullrom"
						},
						"8.4583": [0, 0, 0]
					}
				},
				"bullet_in_barrel": {
					"scale": 0
				},
				"bullet": {
					"scale": 0
				},
				"righthand": {
					"rotation": [-263.421, 6.29, -176.661],
					"position": [-6.744, -13.076, 1.904],
					"scale": [1, 1.5, 1]
				},
				"lefthand": {
					"rotation": {
						"0.0": [-268.71719, -21.22826, 236.41998],
						"0.125": [-286.72, -21.23, 236.42],
						"0.25": [-247.92125, -15.55541, 140.21196],
						"3.5417": [-249.29044, -49.02094, 152.62413],
						"3.625": [-255.98, -27.22, 162.18],
						"3.7083": [-248.32, -16.93, 166.36],
						"3.7917": [-227.46964, -13.75362, 169.42449],
						"6.3333": [-227.47, -13.75, 169.42],
						"6.4167": [-252.81, -30.94, 217.27],
						"6.5": [-266.56, -33.43, 239.6],
						"6.5833": [-268.71719, -21.22826, 236.41998],
						"6.6667": [-280.59469, -20.39059, 241.69334],
						"7.6667": [-280.59, -20.39, 241.69],
						"7.9583": [-268.71719, -21.22826, 236.41998]
					},
					"position": {
						"0.0": [7.356, -14.697, 0.78],
						"0.125": [13.96, -17.4, 4.28],
						"0.25": [17.96, -13.4, 21.28],
						"3.5417": [14.96, -30.4, 12.28],
						"3.625": [8.96, -26.4, 8.28],
						"3.7083": [5.96, -21.57, 4.53],
						"3.7917": [6.26, -15.9, 2.83],
						"6.3333": [6.26, -15.9, 2.83],
						"6.4167": [7.96, -16.17, 2.15],
						"6.5": [8.33, -15.77, 1.47],
						"6.625": [7.356, -14.697, 0.78],
						"7.6667": [7.36, -14.7, 0.78],
						"7.9583": [7.356, -14.697, 0.78]
					},
					"scale": [1, 1.5, 1]
				},
				"upper": {
					"position": [0, 0, 2.1]
				},
				"mag_and_lefthand": {
					"rotation": {
						"3.9167": [0, 0, 0],
						"3.9583": [0, 0, 0],
						"4.0": [0, 0, 0],
						"4.0417": [-10, 0, 0],
						"4.0833": [-4.0133, 9.26541, -14.45562],
						"4.125": [4.50207, 20.67876, -5.94245],
						"4.1667": [1.5311, 18.26437, -16.69441],
						"4.25": [4.79089, 22.4581, -3.63847],
						"4.375": [0.96507, 24.33736, -2.37021],
						"4.4583": [1.28, 22, 2.26],
						"4.5417": [-11.79062, 15.40805, 3.21601],
						"4.6667": [-37.05583, 17.7575, -9.91418],
						"4.7917": [-32.94, 14.85, -5.63],
						"4.9167": [-32.47701, 14.44813, -3.72372],
						"5.0833": [-31.7639, 16.15127, -4.81079],
						"5.625": [-31.76, 16.15, -4.81],
						"5.7083": [-30.65, 15.65, -6.55],
						"5.7917": [-28.44, 14.66, -10.03],
						"5.875": [-20.02, 14.64, -8.99],
						"5.9583": [1.89503, 16.05799, -0.64766],
						"6.0417": [0, 0, 0],
						"6.125": [0, 0, 0],
						"6.1667": [0, 0, 0],
						"6.2083": [0, 0, 0]
					},
					"position": {
						"3.9167": [0, 0, 0],
						"3.9583": [0, -3, 0.8],
						"4.0": [0, -4.7, 1.3],
						"4.0417": [0, -6.1, 0.5],
						"4.0833": [2.65, -8.05, 0.5],
						"4.125": [5.3, -7.2, 0.5],
						"4.1667": [6, -6.7, -0.4],
						"4.2917": [6, -6.8, -0.4],
						"4.4167": [6, -6.8, -0.4],
						"4.5": [5.77, -7.17, -0.53],
						"4.5833": [5.3, -7.9, -0.8],
						"4.75": [5.8, -6, -1.9],
						"4.9583": [5.6, -6.1, -1.9],
						"5.625": [5.6, -5.9, -1.9],
						"5.7083": [4.85, -6.52, -1.4],
						"5.7917": [3.35, -7.37, -0.4],
						"5.875": [2.1, -7.15, 0.48],
						"5.9583": [0.6, -5.2, 1.6],
						"6.0417": [0, -4.7, 1.3],
						"6.125": [0, -4.8, 1.4],
						"6.1667": [0, -4, 1.16],
						"6.2083": [0, 0, 0]
					}
				},
				"bullet_in_mag": {
					"position": [0, -0.25, 0.2],
					"scale": 0.05
				},
				"camera": {
					"rotation": {
						"0.0": [0, 0, 0],
						"0.125": {
							"pre": [-0.16, 0.17, 0],
							"post": [-0.16, 0.17, 0],
							"lerp_mode": "catmullrom"
						},
						"0.3333": {
							"post": [-0.85, 0.84, -0.01],
							"lerp_mode": "catmullrom"
						},
						"0.4583": {
							"post": [-0.78, 1, -0.02],
							"lerp_mode": "catmullrom"
						},
						"0.6667": {
							"post": [-0.22, 1, -0.02],
							"lerp_mode": "catmullrom"
						},
						"0.8333": {
							"post": [-0.17, 1, -0.02],
							"lerp_mode": "catmullrom"
						},
						"1.1667": {
							"post": [-0.83, 1, -0.02],
							"lerp_mode": "catmullrom"
						},
						"1.3333": {
							"post": [-1.13, 1, -0.02],
							"lerp_mode": "catmullrom"
						},
						"1.8333": {
							"post": [-1.85, 1, -0.02],
							"lerp_mode": "catmullrom"
						},
						"2.0833": {
							"post": [2, 1.5, -0.02],
							"lerp_mode": "catmullrom"
						},
						"2.25": {
							"post": [0.8, 1.8, -0.02],
							"lerp_mode": "catmullrom"
						},
						"2.625": {
							"post": [0.18, 3.18, -0.03],
							"lerp_mode": "catmullrom"
						},
						"3.0833": {
							"post": [1, 3.83, -0.03],
							"lerp_mode": "catmullrom"
						},
						"3.5": {
							"post": [1, 4, -0.02],
							"lerp_mode": "catmullrom"
						},
						"3.625": {
							"post": [1.25, 4, -0.02],
							"lerp_mode": "catmullrom"
						},
						"3.75": {
							"post": [2.25, 4, -0.02],
							"lerp_mode": "catmullrom"
						},
						"3.875": {
							"post": [3, 4, -0.02],
							"lerp_mode": "catmullrom"
						},
						"4.0417": {
							"post": [4.09762, 2.89751, 1.89255],
							"lerp_mode": "catmullrom"
						},
						"4.125": {
							"post": [4.8, 2.25, -0.18],
							"lerp_mode": "catmullrom"
						},
						"4.2083": {
							"post": [4.53, 1.16, -0.29],
							"lerp_mode": "catmullrom"
						},
						"4.3333": {
							"post": [3.98973, -0.97831, -0.49009],
							"lerp_mode": "catmullrom"
						},
						"4.5": {
							"post": [4.98973, -0.97831, -0.49009],
							"lerp_mode": "catmullrom"
						},
						"4.875": {
							"post": [4.24, -0.98, -0.49],
							"lerp_mode": "catmullrom"
						},
						"5.125": {
							"post": [4.16, -0.98, -0.49],
							"lerp_mode": "catmullrom"
						},
						"5.75": [4.99, -0.98, -0.49],
						"5.875": {
							"pre": [5.49, -0.49, -0.43],
							"post": [5.49, -0.49, -0.43],
							"lerp_mode": "catmullrom"
						},
						"6.0": {
							"post": [6.19, 0.21, -0.34],
							"lerp_mode": "catmullrom"
						},
						"6.125": {
							"post": [6.99005, 1.00514, -0.24662],
							"lerp_mode": "catmullrom"
						},
						"6.1667": {
							"post": [6.68755, 0.77274, 1.74007],
							"lerp_mode": "catmullrom"
						},
						"6.25": {
							"post": [5.9717, 1.10934, -1.24134],
							"lerp_mode": "catmullrom"
						},
						"6.2917": {
							"post": [6.49823, 0.94421, 0.24976],
							"lerp_mode": "catmullrom"
						},
						"6.375": [6.92, 0.98, -0.04],
						"6.4583": [6.74, 1.01, -0.25],
						"6.5417": [6.24, 1.01, -0.25],
						"6.6667": [5.19, 1.01, -0.25],
						"6.7917": [3.99, 1.01, -0.25],
						"7.0": [3.85, 1.01, -0.25],
						"7.2083": [3.56, 1.01, -0.25],
						"7.4583": [3.13, 1.01, -0.25],
						"7.625": [2.99, 1.01, -0.25],
						"7.75": [2.38, 0.8, -0.2],
						"7.8333": [1.78, 0.6, -0.15],
						"7.9167": [1.01, 0.34, -0.08],
						"8.0417": [-1, 0, 0],
						"8.375": [0, 0, 0]
					}
				}
			},
			"sound_effects": {
				"0.0": {
					"effect": "cz75_drop"
				},
				"0.75": {
					"effect": "cz75_inspect_empty_flip"
				},
				"1.75": {
					"effect": "cz75_inspect_empty_end"
				},
				"3.5": {
					"effect": "cz75_inspect_magout"
				},
				"4.4167": {
					"effect": "cz75_inspect_raise"
				},
				"5.625": {
					"effect": "cz75_inspect_slidepull"
				},
				"6.0417": {
					"effect": "cz75_inspect_magin"
				},
				"6.2917": {
					"effect": "cz75_raise"
				},
				"7.8333": {
					"effect": "cz75_inspect_raise"
				}
			}
		},
		"static_bolt_caught": {
			"loop": true,
			"bones": {
				"upper": {
					"position": [0, 0, 2.09954]
				},
				"bullet_in_barrel": {
					"scale": [0, 1, 0]
				}
			}
		}
	}
}