{
	"format_version": "1.8.0",
	"animations": {
		"static_idle": {
			"loop": true,
			"bones": {
				"lefthand": {
					"rotation": [96.96, -29.14, -146.86],
					"position": [8.42, -11.87, -12.02],
					"scale": [1, 1.5, 1]
				},
				"righthand": {
					"rotation": [96.07, 8.95, -179.05],
					"position": [-6.7, -14.35, 7.425],
					"scale": [1, 1.5, 1]
				},
				"root": {
					"rotation": [0, 0, 0],
					"position": [0, 0, 0]
				}
			}
		},
		"put_away": {
			"animation_length": 0.4167,
			"bones": {
				"lefthand": {
					"rotation": [96.96, -29.14, -146.86],
					"position": [8.42, -11.87, -5.02],
					"scale": [1, 1.5, 1]
				},
				"righthand": {
					"rotation": [96.07, 8.95, -179.05],
					"position": [-6.7, -14.35, 7.425],
					"scale": [1, 1.5, 1]
				},
				"root": {
					"rotation": {
						"0.0": [0, 0, 0],
						"0.0417": [-0.56, -1.34, -1.72],
						"0.0833": [1.37, -7.36, -7.72],
						"0.125": [4.37, -11.73, -10.29],
						"0.1667": [6.5, -14.6, -9.53],
						"0.2083": [9.01, -17.59, -7.69],
						"0.25": [15.93, -23.2, -7.29],
						"0.2917": [19.75, -25.65, -8.27],
						"0.3333": [23.91, -28.21, -9.51],
						"0.375": [28.11, -30.78, -10.78],
						"0.4167": [38.74, -37.82, -13.36]
					},
					"position": {
						"0.0": [0, 0, 0],
						"0.0417": [-0.21, -0.18, 0.14],
						"0.0833": [-0.6, -0.94, 0.35],
						"0.125": [-0.67, -1.47, 0.34],
						"0.1667": [-0.67, -1.79, 0.28],
						"0.2083": [-0.61, -2.14, 0.17],
						"0.25": [-0.27, -3.01, -0.02],
						"0.2917": [-0.06, -3.47, -0.11],
						"0.3333": [0.19, -3.98, -0.2],
						"0.375": [0.51, -4.5, -0.28],
						"0.4167": [1.67, -5.76, -0.37]
					}
				},
				"camera": {
					"rotation": {
						"0.0": [0, 0, 0],
						"0.0417": [0.05, 0, -0.04],
						"0.0833": [0.22, 0, -0.13],
						"0.125": [0.3, 0, -0.12],
						"0.1667": [0.43, 0, 0],
						"0.2083": [0.56, 0, 0.18],
						"0.25": [0.64, 0, 0.29],
						"0.2917": [0.59, 0, 0.22],
						"0.3333": [0.5, 0, 0.15],
						"0.375": [0.42, 0, 0.12],
						"0.4167": [0.18, 0, 0.05]
					}
				}
			}
		},
		"inspect": {
			"loop": true,
			"animation_length": 8.75,
			"bones": {
				"lefthand": {
					"rotation": {
						"0.0": [96.96, -29.14, -146.86],
						"0.125": [96.96, -29.14, -146.86],
						"0.25": [153.60834, -47.39265, -177.70991],
						"1.4167": [153.60834, -47.39265, -177.70991],
						"1.625": [88.53285, -38.22745, -99.49432],
						"2.0417": [88.53285, -38.22745, -99.49432],
						"4.9167": [88.53285, -38.22745, -99.49432],
						"5.2917": [88.53285, -38.22745, -99.49432],
						"5.5417": [96.96, -29.14, -146.86]
					},
					"position": {
						"0.0": [8.42, -11.87, -12.02],
						"0.125": [8.42, -11.87, -5.02],
						"0.25": [8.07, -12.3025, -3.0075],
						"1.4167": [8.07, -12.3025, -3.0075],
						"1.5": {
							"pre": [8.17, -14.22, -3.995],
							"post": [8.17, -14.22, -3.995],
							"lerp_mode": "catmullrom"
						},
						"1.625": [7.945, -16.27, -1.8075],
						"2.0417": [7.945, -16.27, -1.8075],
						"4.9167": [7.945, -16.27, -1.8075],
						"5.2917": [7.945, -16.27, -1.8075],
						"5.5417": [8.42, -11.87, -12.02]
					},
					"scale": {
						"0.0": [1, 1.5, 1],
						"5.5417": [1, 1.5, 1]
					}
				},
				"righthand": {
					"rotation": {
						"0.0": [96.07, 8.95, -179.05],
						"5.6667": [96.07, 8.95, -179.05],
						"5.875": {
							"pre": [89.68345, 38.09892, -272.64973],
							"post": [89.68345, 38.09892, -272.64973],
							"lerp_mode": "catmullrom"
						},
						"7.3333": {
							"post": [89.68345, 38.09892, -272.64973],
							"lerp_mode": "catmullrom"
						},
						"7.4583": [96.07, 8.95, -179.05]
					},
					"position": {
						"0.0": [-6.7, -14.35, 7.425],
						"5.6667": [-6.7, -14.35, 7.425],
						"5.75": {
							"pre": [-8.92438, -12.51, 5.84],
							"post": [-8.92438, -12.51, 5.84],
							"lerp_mode": "catmullrom"
						},
						"5.875": {
							"post": [-9.45437, -11.62125, -2.68125],
							"lerp_mode": "catmullrom"
						},
						"6.0417": {
							"post": [-8.60312, -10.83125, -3.17625],
							"lerp_mode": "catmullrom"
						},
						"6.0833": {
							"post": [-8.6, -10.83, -3.25437],
							"lerp_mode": "catmullrom"
						},
						"6.1667": {
							"post": [-8.6, -10.83, -3.09125],
							"lerp_mode": "catmullrom"
						},
						"6.2917": {
							"post": [-8.6, -10.83, 0.435],
							"lerp_mode": "catmullrom"
						},
						"6.375": {
							"post": [-8.6, -10.83, 0.5425],
							"lerp_mode": "catmullrom"
						},
						"6.4167": {
							"post": [-8.6, -10.83, 0.56],
							"lerp_mode": "catmullrom"
						},
						"6.5": [-8.6, -10.83, 0.6275],
						"6.875": [-8.7, -10.83, 0.57188],
						"6.9167": [-8.7, -10.83, 0.15],
						"6.9583": [-9.3875, -10.83, 12.65],
						"7.0": [-8.7, -10.83, 12.3375],
						"7.25": [-8.7, -10.83, 12.34],
						"7.3333": {
							"pre": [-8.6825, -14.63, 8.27],
							"post": [-8.6825, -14.63, 8.27],
							"lerp_mode": "catmullrom"
						},
						"7.4583": [-6.7, -14.35, 7.425]
					},
					"scale": [1, 1.5, 1]
				},
				"root": {
					"rotation": {
						"0.0": {
							"post": [0, 0, 0],
							"lerp_mode": "catmullrom"
						},
						"0.1667": {
							"post": [0.97762, -2.30834, 2.85326],
							"lerp_mode": "catmullrom"
						},
						"0.4583": {
							"post": [-14.25, -39.5, -9.625],
							"lerp_mode": "catmullrom"
						},
						"0.6667": {
							"post": [-10.5618, -40.46774, -15.36174],
							"lerp_mode": "catmullrom"
						},
						"0.875": {
							"post": [-12.22297, -40.0726, -12.79208],
							"lerp_mode": "catmullrom"
						},
						"1.0": {
							"post": [-11.18858, -40.32623, -14.39461],
							"lerp_mode": "catmullrom"
						},
						"1.4167": {
							"post": [-11.66, -41.33, -15.705],
							"lerp_mode": "catmullrom"
						},
						"1.5417": {
							"post": [-15.45, -31.97, -14.83],
							"lerp_mode": "catmullrom"
						},
						"1.7083": {
							"post": [-25.40993, -9.33351, -16.75378],
							"lerp_mode": "catmullrom"
						},
						"1.875": {
							"post": [-23.12013, -6.80204, -20.48212],
							"lerp_mode": "catmullrom"
						},
						"1.9167": {
							"post": [-23.70034, -8.3574, -26.29509],
							"lerp_mode": "catmullrom"
						},
						"1.9583": {
							"post": [-26.6676, -12.08094, -29.77822],
							"lerp_mode": "catmullrom"
						},
						"2.0": {
							"post": [-28.23335, -13.48253, -28.53206],
							"lerp_mode": "catmullrom"
						},
						"2.0417": {
							"post": [-27.50737, -13.31706, -32.41079],
							"lerp_mode": "catmullrom"
						},
						"2.0833": {
							"post": [-24.84268, -12.56155, -33.36669],
							"lerp_mode": "catmullrom"
						},
						"2.125": {
							"post": [-23.05836, -11.49833, -33.01184],
							"lerp_mode": "catmullrom"
						},
						"2.1667": {
							"post": [-22.40334, -10.52596, -30.02385],
							"lerp_mode": "catmullrom"
						},
						"2.2917": {
							"post": [-21.29436, -9.39262, -32.50242],
							"lerp_mode": "catmullrom"
						},
						"2.4583": {
							"post": [-21.46455, -10.39722, -34.58903],
							"lerp_mode": "catmullrom"
						},
						"2.5833": {
							"post": [-22.72512, -9.9086, -32.53679],
							"lerp_mode": "catmullrom"
						},
						"2.75": {
							"post": [-24.25012, -9.9086, -32.53679],
							"lerp_mode": "catmullrom"
						},
						"3.0833": {
							"post": [-23.90648, -10.39033, -34.48818],
							"lerp_mode": "catmullrom"
						},
						"3.25": {
							"post": [-23.9352, -10.90175, -35.648],
							"lerp_mode": "catmullrom"
						},
						"3.5417": {
							"post": [-23.90648, -10.39033, -36.18818],
							"lerp_mode": "catmullrom"
						},
						"3.8333": {
							"post": [-23.58839, -10.80624, -36.21755],
							"lerp_mode": "catmullrom"
						},
						"4.3333": {
							"post": [-23.49509, -10.92331, -36.71252],
							"lerp_mode": "catmullrom"
						},
						"4.4583": {
							"post": [-23.75799, -10.58756, -35.30321],
							"lerp_mode": "catmullrom"
						},
						"4.5833": {
							"post": [-23.84823, -10.46826, -34.80934],
							"lerp_mode": "catmullrom"
						},
						"4.7917": {
							"post": [-20.83103, -12.22614, -45.50839],
							"lerp_mode": "catmullrom"
						},
						"4.9583": {
							"post": [-23.08103, -12.22614, -45.50839],
							"lerp_mode": "catmullrom"
						},
						"5.0": {
							"post": [-23.27693, -11.83253, -44.56847],
							"lerp_mode": "catmullrom"
						},
						"5.0417": {
							"post": [-22.53098, -12.32405, -45.7438],
							"lerp_mode": "catmullrom"
						},
						"5.0833": {
							"post": [-22.89885, -7.50218, -33.84943],
							"lerp_mode": "catmullrom"
						},
						"5.125": {
							"post": [-20.28831, -10.17048, -40.58345],
							"lerp_mode": "catmullrom"
						},
						"5.2083": {
							"post": [-19.53382, -11.40585, -44.06516],
							"lerp_mode": "catmullrom"
						},
						"5.25": {
							"post": [-19.82739, -10.96075, -42.78617],
							"lerp_mode": "catmullrom"
						},
						"5.2917": {
							"post": [-19.7564, -11.19786, -43.45182],
							"lerp_mode": "catmullrom"
						},
						"5.4583": {
							"post": [-20.11703, -10.51583, -41.53743],
							"lerp_mode": "catmullrom"
						},
						"5.5833": {
							"post": [-22.59037, -0.61702, -16.53457],
							"lerp_mode": "catmullrom"
						},
						"5.875": {
							"post": [-31.57495, 13.66467, 33.81852],
							"lerp_mode": "catmullrom"
						},
						"6.0417": {
							"post": [-31.19911, 14.57615, 35.35897],
							"lerp_mode": "catmullrom"
						},
						"6.125": {
							"post": [-31.36347, 14.18672, 34.69727],
							"lerp_mode": "catmullrom"
						},
						"6.2083": {
							"post": [-32.01837, 12.47332, 31.84835],
							"lerp_mode": "catmullrom"
						},
						"6.25": {
							"post": [-30.9142, 15.22103, 36.46704],
							"lerp_mode": "catmullrom"
						},
						"6.2917": {
							"post": [-31.72785, 13.2711, 33.16203],
							"lerp_mode": "catmullrom"
						},
						"6.3333": {
							"post": [-31.44831, 13.96951, 34.33452],
							"lerp_mode": "catmullrom"
						},
						"6.4583": {
							"post": [-31.07974, 14.81197, 35.77868],
							"lerp_mode": "catmullrom"
						},
						"6.625": {
							"post": [-31.56712, 13.64214, 33.79584],
							"lerp_mode": "catmullrom"
						},
						"6.7917": {
							"post": [-31.30182, 14.29407, 34.89488],
							"lerp_mode": "catmullrom"
						},
						"6.9167": {
							"post": [-31.51515, 13.77292, 34.01515],
							"lerp_mode": "catmullrom"
						},
						"6.9583": {
							"post": [-30.84886, 15.32648, 36.6667],
							"lerp_mode": "catmullrom"
						},
						"7.0": {
							"post": [-31.51515, 13.77292, 34.01515],
							"lerp_mode": "catmullrom"
						},
						"7.0833": {
							"post": [-31.07705, 14.81054, 35.77946],
							"lerp_mode": "catmullrom"
						},
						"7.25": {
							"post": [-31.08948, 14.78939, 35.74009],
							"lerp_mode": "catmullrom"
						},
						"7.4167": {
							"post": [0, 1.175, 10],
							"lerp_mode": "catmullrom"
						},
						"7.5417": {
							"post": [0, -1.4, 1.325],
							"lerp_mode": "catmullrom"
						},
						"7.625": {
							"post": [1, -0.7, 1.1],
							"lerp_mode": "catmullrom"
						},
						"7.7083": {
							"post": [0.46875, 0, 0.01],
							"lerp_mode": "catmullrom"
						},
						"7.7917": {
							"post": [-0.50056, 0.08468, -0.32568],
							"lerp_mode": "catmullrom"
						},
						"7.875": [-0.07491, 0.195, 0.09411],
						"8.0": [0, 0, 0]
					},
					"position": {
						"0.0": {
							"post": [0, 0, 0],
							"lerp_mode": "catmullrom"
						},
						"0.0417": {
							"post": [0, 0, 0],
							"lerp_mode": "catmullrom"
						},
						"0.0833": {
							"post": [0.02, -0.09687, -0.21],
							"lerp_mode": "catmullrom"
						},
						"0.25": {
							"post": [0.26, -0.23375, -2.6],
							"lerp_mode": "catmullrom"
						},
						"0.4583": {
							"post": [0.62, 1.88875, -4.33625],
							"lerp_mode": "catmullrom"
						},
						"0.7083": {
							"post": [0.61, 2.07188, -4.26625],
							"lerp_mode": "catmullrom"
						},
						"1.0417": {
							"post": [0.59, 1.73625, -4.10625],
							"lerp_mode": "catmullrom"
						},
						"1.4167": {
							"post": [0.59, 1.70688, -4.10625],
							"lerp_mode": "catmullrom"
						},
						"1.5833": {
							"post": [0.5, -0.6, -1.78],
							"lerp_mode": "catmullrom"
						},
						"1.6667": {
							"post": [0.465, -0.5775, -0.7975],
							"lerp_mode": "catmullrom"
						},
						"1.75": {
							"post": [0.465, -0.09625, -0.7975],
							"lerp_mode": "catmullrom"
						},
						"1.875": {
							"post": [0.47, 0.16875, -1.45],
							"lerp_mode": "catmullrom"
						},
						"1.9167": {
							"post": [0.47, 0.12188, -1.62187],
							"lerp_mode": "catmullrom"
						},
						"1.9583": {
							"post": [0.47, -0.12062, -2.27437],
							"lerp_mode": "catmullrom"
						},
						"2.0": {
							"post": [0.5325, -0.8775, -2.51],
							"lerp_mode": "catmullrom"
						},
						"2.0833": {
							"post": [0.47, -1.23, -2.31812],
							"lerp_mode": "catmullrom"
						},
						"2.25": {
							"post": [0.47, -0.41, -0.95],
							"lerp_mode": "catmullrom"
						},
						"2.4167": {
							"post": [0.47, -0.32, -0.89375],
							"lerp_mode": "catmullrom"
						},
						"3.2083": {
							"post": [0.47, -0.5575, -0.89],
							"lerp_mode": "catmullrom"
						},
						"3.4167": {
							"post": [0.47, -0.56, -0.96812],
							"lerp_mode": "catmullrom"
						},
						"3.9583": {
							"post": [0.47, -0.51313, -0.97],
							"lerp_mode": "catmullrom"
						},
						"4.3333": {
							"post": [0.47, -0.60375, -0.97],
							"lerp_mode": "catmullrom"
						},
						"4.5": {
							"post": [0.47, -1.07062, -1.045],
							"lerp_mode": "catmullrom"
						},
						"4.625": {
							"post": [0.47, -1.91688, -1.2825],
							"lerp_mode": "catmullrom"
						},
						"4.7917": {
							"post": [0.47, -1.26812, 0.805],
							"lerp_mode": "catmullrom"
						},
						"4.9167": {
							"post": [0.47, -0.965, 1.13625],
							"lerp_mode": "catmullrom"
						},
						"4.9583": {
							"post": [0.47, -0.86625, 1.14],
							"lerp_mode": "catmullrom"
						},
						"5.0": {
							"post": [0.47, -0.88562, 1.14],
							"lerp_mode": "catmullrom"
						},
						"5.0417": {
							"post": [0.47, -1.12062, 1.14],
							"lerp_mode": "catmullrom"
						},
						"5.0833": {
							"post": [0.47, -1.56187, 1.14],
							"lerp_mode": "catmullrom"
						},
						"5.125": {
							"post": [0.47, -1.83125, 1.14],
							"lerp_mode": "catmullrom"
						},
						"5.1667": {
							"post": [0.47, -1.55688, 1.14],
							"lerp_mode": "catmullrom"
						},
						"5.3333": {
							"post": [0.47, -1.37687, 1.14],
							"lerp_mode": "catmullrom"
						},
						"5.5": {
							"post": [0.47, -2.1125, 0.84],
							"lerp_mode": "catmullrom"
						},
						"5.625": {
							"post": [0.47, -2.69125, -1.51312],
							"lerp_mode": "catmullrom"
						},
						"5.7917": {
							"post": [0.47, -1.92, -1.29125],
							"lerp_mode": "catmullrom"
						},
						"5.9167": {
							"post": [-0.53, -1.43937, -1.29],
							"lerp_mode": "catmullrom"
						},
						"6.125": {
							"post": [-0.53, -1.67937, -1.49312],
							"lerp_mode": "catmullrom"
						},
						"6.25": {
							"post": [-0.53, -1.27875, -1.44625],
							"lerp_mode": "catmullrom"
						},
						"6.2917": {
							"post": [-0.53, -1.45187, -1.37187],
							"lerp_mode": "catmullrom"
						},
						"6.3333": {
							"post": [-0.53, -1.45, -1.52625],
							"lerp_mode": "catmullrom"
						},
						"6.4167": {
							"post": [-0.53, -1.34062, -1.53],
							"lerp_mode": "catmullrom"
						},
						"6.5833": {
							"post": [-0.53, -1.4025, -1.53],
							"lerp_mode": "catmullrom"
						},
						"6.8333": {
							"post": [-0.53, -1.87812, -1.53],
							"lerp_mode": "catmullrom"
						},
						"6.9167": {
							"post": [-0.53, -1.80187, -1.53],
							"lerp_mode": "catmullrom"
						},
						"6.9583": {
							"post": [-0.53, -1.72187, -1.74875],
							"lerp_mode": "catmullrom"
						},
						"7.0": {
							"post": [-0.53, -2.44313, -1.73],
							"lerp_mode": "catmullrom"
						},
						"7.0417": {
							"post": [-0.53, -2.26687, -1.6875],
							"lerp_mode": "catmullrom"
						},
						"7.1667": {
							"post": [-0.53, -2.3275, -1.69],
							"lerp_mode": "catmullrom"
						},
						"7.2917": {
							"post": [-0.64, -3.85, -2.14],
							"lerp_mode": "catmullrom"
						},
						"7.4583": {
							"post": [-0.7, -1.1425, -2.3675],
							"lerp_mode": "catmullrom"
						},
						"7.625": {
							"post": [0, -0.36562, 0.5875],
							"lerp_mode": "catmullrom"
						},
						"7.75": {
							"post": [0, -0.1, -0.1],
							"lerp_mode": "catmullrom"
						},
						"7.8333": {
							"post": [0, -0.025, 0.05],
							"lerp_mode": "catmullrom"
						},
						"7.9583": {
							"post": [0, 0, 0],
							"lerp_mode": "catmullrom"
						}
					}
				},
				"mag_and_lefthand": {
					"rotation": {
						"1.7917": {
							"pre": [0, 0, 0],
							"post": [0, 0, 0],
							"lerp_mode": "catmullrom"
						},
						"1.875": {
							"post": [0, 0, 0],
							"lerp_mode": "catmullrom"
						},
						"1.9167": {
							"post": [-7, 0, 0],
							"lerp_mode": "catmullrom"
						},
						"1.9583": {
							"post": [-28, 0, 0],
							"lerp_mode": "catmullrom"
						},
						"2.0": {
							"post": [-41.05896, -9.77457, 8.58855],
							"lerp_mode": "catmullrom"
						},
						"2.125": {
							"post": [-8.78216, -6.34916, -38.8455],
							"lerp_mode": "catmullrom"
						},
						"2.25": {
							"post": [-10.07156, -0.98228, -14.37506],
							"lerp_mode": "catmullrom"
						},
						"2.4167": {
							"post": [-6.60957, -1.59036, -10.18505],
							"lerp_mode": "catmullrom"
						},
						"2.5417": {
							"post": [-4.84424, -2.32652, -11.82173],
							"lerp_mode": "catmullrom"
						},
						"2.7083": {
							"post": [-2.94175, -3.04655, -13.13454],
							"lerp_mode": "catmullrom"
						},
						"2.9167": {
							"post": [-3.57, -2.54, -13.225],
							"lerp_mode": "catmullrom"
						},
						"3.0417": {
							"post": [-3.52, -1.49, -9.255],
							"lerp_mode": "catmullrom"
						},
						"3.125": {
							"post": [-0.13, 7.52, 1.51],
							"lerp_mode": "catmullrom"
						},
						"3.2083": {
							"post": [6.8778, 26.67946, 30.67009],
							"lerp_mode": "catmullrom"
						},
						"3.375": {
							"post": [7.85405, 31.48642, 37.58191],
							"lerp_mode": "catmullrom"
						},
						"3.875": {
							"post": [7.37817, 31.47594, 34.84973],
							"lerp_mode": "catmullrom"
						},
						"4.2917": {
							"post": [7.09145, 32.21678, 32.44485],
							"lerp_mode": "catmullrom"
						},
						"4.5417": {
							"post": [7.09, 32.22, 32.44],
							"lerp_mode": "catmullrom"
						},
						"4.6667": {
							"post": [-34.5, 0, 0],
							"lerp_mode": "catmullrom"
						},
						"4.7917": {
							"post": [-34.5, 0, 0],
							"lerp_mode": "catmullrom"
						},
						"4.9167": {
							"post": [-29.9, 0, 0],
							"lerp_mode": "catmullrom"
						},
						"5.0417": {
							"post": [-29.5, 0, 0],
							"lerp_mode": "catmullrom"
						},
						"5.0833": {
							"post": [0, 0, 0],
							"lerp_mode": "catmullrom"
						}
					},
					"position": {
						"1.7917": {
							"pre": [0, 0, 0],
							"post": [0, 0, 0],
							"lerp_mode": "catmullrom"
						},
						"1.875": {
							"post": [0, 0, 0],
							"lerp_mode": "catmullrom"
						},
						"1.9583": {
							"post": [0, 0, -0.6875],
							"lerp_mode": "catmullrom"
						},
						"2.0": {
							"post": [0, -2.0625, -3.3775],
							"lerp_mode": "catmullrom"
						},
						"2.0833": {
							"post": [-0.05548, -7.71028, -3.45907],
							"lerp_mode": "catmullrom"
						},
						"2.1667": {
							"post": [1.70577, -8.62664, -1.0095],
							"lerp_mode": "catmullrom"
						},
						"2.3333": {
							"post": [4.03452, -2.34856, 4.2913],
							"lerp_mode": "catmullrom"
						},
						"2.5417": {
							"post": [4.84593, -0.59665, 5.86532],
							"lerp_mode": "catmullrom"
						},
						"3.0417": {
							"post": [5.095, -1.145, 5.20438],
							"lerp_mode": "catmullrom"
						},
						"3.1667": {
							"post": [5.76901, -1.8089, 5.21254],
							"lerp_mode": "catmullrom"
						},
						"3.3333": {
							"post": [7.05, -2.27, 5.2],
							"lerp_mode": "catmullrom"
						},
						"3.6667": {
							"post": [7.515, -2.365, 5.24],
							"lerp_mode": "catmullrom"
						},
						"4.4583": {
							"post": [7.325, -1.87, 5.2],
							"lerp_mode": "catmullrom"
						},
						"4.5833": {
							"post": [6.10717, -2.95058, 3.83855],
							"lerp_mode": "catmullrom"
						},
						"4.6667": {
							"post": [0.85815, -5.03723, -0.39478],
							"lerp_mode": "catmullrom"
						},
						"4.75": {
							"post": [-0.27534, -2.71771, -1.25937],
							"lerp_mode": "catmullrom"
						},
						"4.7917": {
							"post": [-0.14515, -1.61535, -1.93219],
							"lerp_mode": "catmullrom"
						},
						"4.8333": {
							"post": [0, -0.225, -1.14],
							"lerp_mode": "catmullrom"
						},
						"5.0": {
							"post": [0, -0.1, -1.14],
							"lerp_mode": "catmullrom"
						},
						"5.0417": {
							"post": [0, -0.12625, -0.98375],
							"lerp_mode": "catmullrom"
						},
						"5.0833": {
							"post": [0, 0, 0],
							"lerp_mode": "catmullrom"
						}
					}
				},
				"bolt": {
					"position": {
						"6.1667": {
							"pre": [0, 0, 0],
							"post": [0, 0, 0],
							"lerp_mode": "catmullrom"
						},
						"6.2917": {
							"post": [0, 0, 2.72813],
							"lerp_mode": "catmullrom"
						},
						"6.375": {
							"post": [0, 0, 3],
							"lerp_mode": "catmullrom"
						},
						"6.4167": {
							"post": [0, 0, 2.9375],
							"lerp_mode": "catmullrom"
						},
						"6.5": [0, 0, 2.8775],
						"6.9167": [0, 0, 2.8775],
						"6.9583": [0, 0, 0]
					}
				},
				"additional_magazine": {
					"scale": 0
				},
				"bullet": {
					"scale": 0
				},
				"gun_and_righthand": {
					"rotation": {
						"2.0": {
							"pre": [0, 0, 0],
							"post": [0, 0, 0],
							"lerp_mode": "catmullrom"
						},
						"3.0417": {
							"post": [0, 0, 0],
							"lerp_mode": "catmullrom"
						},
						"3.2917": {
							"post": [-1.9936, 2.00182, 0.10471],
							"lerp_mode": "catmullrom"
						},
						"3.6667": {
							"post": [0.05882, 1.00011, 3.10506],
							"lerp_mode": "catmullrom"
						},
						"4.4167": {
							"post": [0.08, 0.23, 0.93],
							"lerp_mode": "catmullrom"
						},
						"4.5833": {
							"post": [0.04589, -0.93618, 4.32826],
							"lerp_mode": "catmullrom"
						},
						"4.75": {
							"post": [0, 0, 0],
							"lerp_mode": "catmullrom"
						}
					},
					"position": {
						"2.0": {
							"pre": [0, 0, 0],
							"post": [0, 0, 0],
							"lerp_mode": "catmullrom"
						},
						"2.25": {
							"post": [-0.4068, -0.14474, 0.14193],
							"lerp_mode": "catmullrom"
						},
						"2.625": {
							"post": [-1.5714, -1.12329, 0.76414],
							"lerp_mode": "catmullrom"
						},
						"3.0417": {
							"post": [-1.39072, -0.89855, 0.62756],
							"lerp_mode": "catmullrom"
						},
						"3.2917": {
							"post": [-1.87938, -1.18148, 0.85781],
							"lerp_mode": "catmullrom"
						},
						"4.4167": {
							"post": [-1.87938, -1.18148, 0.85781],
							"lerp_mode": "catmullrom"
						},
						"4.75": {
							"post": [0, 0, 0],
							"lerp_mode": "catmullrom"
						}
					}
				},
				"mag_release": {
					"rotation": {
						"1.75": [0, 0, 0],
						"1.8333": [-47.5, 0, 0],
						"2.25": [-47.5, 0, 0],
						"2.3333": [0, 0, 0],
						"5.0417": [0, 0, 0],
						"5.0833": [-47.5, 0, 0],
						"5.125": [-47.5, 0, 0],
						"5.1667": [0, 0, 0]
					}
				},
				"camera": {
					"rotation": {
						"0.0": {
							"post": [0, 0, 0],
							"lerp_mode": "catmullrom"
						},
						"0.25": {
							"post": [-1.87193, -1.39433, 0.36451],
							"lerp_mode": "catmullrom"
						},
						"0.5417": {
							"post": [-7.2577, -0.37235, 1.02908],
							"lerp_mode": "catmullrom"
						},
						"1.375": {
							"post": [-7.2577, -0.37235, 1.02908],
							"lerp_mode": "catmullrom"
						},
						"1.6667": {
							"post": [-4.52699, 3.29187, 2.09558],
							"lerp_mode": "catmullrom"
						},
						"1.875": {
							"post": [-4.52699, 3.29187, 2.09558],
							"lerp_mode": "catmullrom"
						},
						"1.9167": {
							"post": [-4.51261, 3.31157, 2.34522],
							"lerp_mode": "catmullrom"
						},
						"1.9583": {
							"post": [-4.39452, 3.46689, 4.34267],
							"lerp_mode": "catmullrom"
						},
						"2.0": {
							"post": [-5.06662, 2.48478, 1.40654],
							"lerp_mode": "catmullrom"
						},
						"2.1667": {
							"post": [-4.61738, 0.97882, -1.73428],
							"lerp_mode": "catmullrom"
						},
						"2.2917": {
							"post": [-4.13709, 0.76741, 1.16379],
							"lerp_mode": "catmullrom"
						},
						"2.7083": {
							"post": [-1.21255, -1.34795, 1.01795],
							"lerp_mode": "catmullrom"
						},
						"3.125": {
							"post": [-1.24742, -1.31575, 2.51801],
							"lerp_mode": "catmullrom"
						},
						"3.625": {
							"post": [-1.24742, -1.31575, 2.51801],
							"lerp_mode": "catmullrom"
						},
						"4.3333": {
							"post": [-1.25, -1.32, 2.52],
							"lerp_mode": "catmullrom"
						},
						"4.5": {
							"post": [-1.23291, -1.83613, 1.78074],
							"lerp_mode": "catmullrom"
						},
						"4.625": {
							"post": [0.0177, -0.33648, -2.25154],
							"lerp_mode": "catmullrom"
						},
						"4.75": {
							"post": [-0.72402, 2.17293, -1.52019],
							"lerp_mode": "catmullrom"
						},
						"4.9167": {
							"post": [-0.72, 2.17, -1.52],
							"lerp_mode": "catmullrom"
						},
						"4.9583": {
							"post": [-1.22, 2.17, -1.52],
							"lerp_mode": "catmullrom"
						},
						"5.0": {
							"post": [-1.97945, 2.16139, -1.77003],
							"lerp_mode": "catmullrom"
						},
						"5.0417": {
							"post": [-0.97945, 2.16139, -1.77003],
							"lerp_mode": "catmullrom"
						},
						"5.0833": {
							"post": [0.02055, 2.16139, -1.77003],
							"lerp_mode": "catmullrom"
						},
						"5.125": {
							"post": [-1.97945, 2.16139, -1.77003],
							"lerp_mode": "catmullrom"
						},
						"5.1667": {
							"post": [-1.90282, 2.22914, 0.23029],
							"lerp_mode": "catmullrom"
						},
						"5.25": {
							"post": [-1.98471, 2.1545, -1.93702],
							"lerp_mode": "catmullrom"
						},
						"5.4583": {
							"post": [-1.73471, 2.1545, -1.93702],
							"lerp_mode": "catmullrom"
						},
						"5.5833": {
							"post": [-0.73471, 0.1545, -1.93702],
							"lerp_mode": "catmullrom"
						},
						"5.7083": {
							"post": [-0.61134, 0.19269, 1.3151],
							"lerp_mode": "catmullrom"
						},
						"5.9167": {
							"post": [-2.11134, 0.19269, 1.3151],
							"lerp_mode": "catmullrom"
						},
						"6.125": {
							"post": [-2.13985, 0.16487, 0.56507],
							"lerp_mode": "catmullrom"
						},
						"6.2083": {
							"post": [-2.18656, 0.11769, -0.68491],
							"lerp_mode": "catmullrom"
						},
						"6.2917": {
							"post": [-2.10175, 0.20188, 1.56511],
							"lerp_mode": "catmullrom"
						},
						"6.875": {
							"post": [-2.12088, 0.18346, 1.06508],
							"lerp_mode": "catmullrom"
						},
						"6.9167": {
							"post": [-2.15866, 0.14612, 0.06507],
							"lerp_mode": "catmullrom"
						},
						"6.9583": {
							"post": [-2.08246, 0.22013, 2.06515],
							"lerp_mode": "catmullrom"
						},
						"7.1667": {
							"post": [-2.15866, 0.14612, 0.06507],
							"lerp_mode": "catmullrom"
						},
						"7.5": {
							"post": [0, 0, 0],
							"lerp_mode": "catmullrom"
						},
						"7.5833": {
							"post": [0, 0, 1],
							"lerp_mode": "catmullrom"
						},
						"7.7083": {
							"post": [0, 0, -1],
							"lerp_mode": "catmullrom"
						},
						"7.8333": {
							"post": [0, 0, 0],
							"lerp_mode": "catmullrom"
						}
					}
				},
				"bullet_in_barrel": {
					"position": [0, 0.375, 0.5]
				}
			},
			"sound_effects": {
				"0.0": {
					"effect": "tacz:type_81/type_81_inspect_smag_up"
				},
				"1.6667": {
					"effect": "tacz:type_81/type_81_inspect_smag_magout"
				},
				"2.75": {
					"effect": "tacz:type_81/type_81_inspect_smag_magbump"
				},
				"4.75": {
					"effect": "tacz:type_81/type_81_inspect_smag_magin"
				},
				"5.5417": {
					"effect": "tacz:type_81/type_81_inspect_smag_turn"
				},
				"6.1667": {
					"effect": "tacz:type_81/type_81_inspect_smag_pull"
				},
				"6.7917": {
					"effect": "tacz:type_81/type_81_inspect_smag_release"
				},
				"7.4583": {
					"effect": "tacz:type_81/type_81_inspect_smag_over"
				}
			}
		},
		"inspect_empty": {
			"loop": true,
			"animation_length": 8.75,
			"bones": {
				"lefthand": {
					"rotation": {
						"0.0": [96.96, -29.14, -146.86],
						"0.125": [96.96, -29.14, -146.86],
						"0.25": [153.60834, -47.39265, -177.70991],
						"1.4167": [153.60834, -47.39265, -177.70991],
						"1.625": [88.53285, -38.22745, -99.49432],
						"2.0417": [88.53285, -38.22745, -99.49432],
						"5.875": [88.53285, -38.22745, -99.49432],
						"6.0417": [96.96, -29.14, -146.86]
					},
					"position": {
						"0.0": [8.42, -11.87, -12.02],
						"0.125": [8.42, -11.87, -5.02],
						"0.25": [8.07, -12.3025, -3.0075],
						"1.4167": [8.07, -12.3025, -3.0075],
						"1.5": {
							"pre": [8.17, -14.22, -3.995],
							"post": [8.17, -14.22, -3.995],
							"lerp_mode": "catmullrom"
						},
						"1.625": [7.945, -16.27, -1.8075],
						"2.0417": [7.945, -16.27, -1.8075],
						"5.875": [7.945, -16.27, -1.8075],
						"6.0417": [8.42, -11.87, -12.02]
					},
					"scale": [1, 1.5, 1]
				},
				"righthand": {
					"rotation": {
						"0.0": [96.07, 8.95, -179.05],
						"3.3333": {
							"pre": [96.07, 8.95, -179.05],
							"post": [96.07, 8.95, -179.05],
							"lerp_mode": "catmullrom"
						},
						"3.4583": {
							"post": [89.68345, 38.09892, -272.64973],
							"lerp_mode": "catmullrom"
						},
						"3.5417": {
							"post": [94.68345, 38.09892, -272.64973],
							"lerp_mode": "catmullrom"
						},
						"4.625": {
							"post": [94.68, 38.1, -272.65],
							"lerp_mode": "catmullrom"
						},
						"4.6667": {
							"post": [95.31008, 46.06984, -271.71219],
							"lerp_mode": "catmullrom"
						},
						"4.7917": {
							"post": [96.07, 8.95, -179.05],
							"lerp_mode": "catmullrom"
						},
						"6.375": {
							"post": [96.07, 8.95, -179.05],
							"lerp_mode": "catmullrom"
						},
						"6.5": {
							"post": [89.68345, 38.09892, -272.64973],
							"lerp_mode": "catmullrom"
						},
						"6.6667": {
							"post": [94.68345, 38.09892, -272.64973],
							"lerp_mode": "catmullrom"
						},
						"7.0417": {
							"post": [94.68, 38.1, -272.65],
							"lerp_mode": "catmullrom"
						},
						"7.0833": {
							"post": [95.31008, 46.06984, -271.71219],
							"lerp_mode": "catmullrom"
						},
						"7.2083": [96.07, 8.95, -179.05]
					},
					"position": {
						"0.0": [-6.7, -14.35, 7.425],
						"3.2917": {
							"pre": [-6.5, -12.05, 8.43],
							"post": [-6.5, -12.05, 8.43],
							"lerp_mode": "catmullrom"
						},
						"3.375": {
							"post": [-10.86188, -12.51, 5.84],
							"lerp_mode": "catmullrom"
						},
						"3.5": {
							"post": [-8.69187, -10.80875, 2.00625],
							"lerp_mode": "catmullrom"
						},
						"3.5833": [-8.69, -10.81, 2.0725],
						"3.625": [-8.69, -10.81, 2.945],
						"3.6667": [-8.69, -10.81, -3.2375],
						"3.7083": [-8.69, -10.81, -3.2375],
						"3.7917": [-8.69, -10.81, 1.0725],
						"3.8333": [-8.69, -10.81, 2.945],
						"3.9167": [-8.69, -10.81, 2.945],
						"3.9583": [-8.69, -10.81, -3.2375],
						"4.0": [-8.69, -10.81, -3.2375],
						"4.0833": [-8.69, -10.81, 1.0725],
						"4.125": [-8.69, -10.81, 2.945],
						"4.2083": [-8.69, -10.81, 2.945],
						"4.25": [-8.69, -10.81, -3.2375],
						"4.2917": [-8.69, -10.81, -3.2375],
						"4.375": [-8.69, -10.81, 1.0725],
						"4.4167": [-8.69, -10.81, 3.0075],
						"4.4583": [-8.69, -10.81, 2.385],
						"4.625": [-11.19, -11.31, 4.39],
						"4.6667": [-11.815, -12.6225, 4.39],
						"4.7083": [-11.185, -14.12, 5.4525],
						"4.7917": {
							"pre": [-6.5, -12.05, 8.425],
							"post": [-6.5, -12.05, 8.425],
							"lerp_mode": "catmullrom"
						},
						"6.2917": {
							"post": [-6.5, -12.05, 8.43],
							"lerp_mode": "catmullrom"
						},
						"6.4167": {
							"post": [-10.86188, -12.51, 5.84],
							"lerp_mode": "catmullrom"
						},
						"6.4583": {
							"post": [-11.19187, -11.30875, 4.00625],
							"lerp_mode": "catmullrom"
						},
						"6.625": [-8.69, -10.81, -3.2375],
						"6.6667": [-8.69, -10.81, -3.2375],
						"6.7917": [-8.69, -10.81, 1.76],
						"7.0417": [-11.19, -11.31, 4.39],
						"7.0833": [-11.815, -12.6225, 4.39],
						"7.125": [-11.185, -14.12, 5.4525],
						"7.2083": [-6.7, -14.35, 7.425]
					},
					"scale": {
						"0.0": [1, 1.5, 1],
						"7.2083": [1, 1.5, 1]
					}
				},
				"root": {
					"rotation": {
						"0.0": {
							"post": [0, 0, 0],
							"lerp_mode": "catmullrom"
						},
						"0.1667": {
							"post": [0.97762, -2.30834, 2.85326],
							"lerp_mode": "catmullrom"
						},
						"0.4583": {
							"post": [-14.25, -39.5, -9.625],
							"lerp_mode": "catmullrom"
						},
						"0.6667": {
							"post": [-10.5618, -40.46774, -15.36174],
							"lerp_mode": "catmullrom"
						},
						"0.875": {
							"post": [-12.22297, -40.0726, -12.79208],
							"lerp_mode": "catmullrom"
						},
						"1.0": {
							"post": [-11.18858, -40.32623, -14.39461],
							"lerp_mode": "catmullrom"
						},
						"1.4583": {
							"post": [-12.22297, -40.0726, -12.79208],
							"lerp_mode": "catmullrom"
						},
						"1.75": {
							"post": [-25.40993, -6.95851, -21.07878],
							"lerp_mode": "catmullrom"
						},
						"1.875": {
							"post": [-25.49513, -6.80204, -20.48212],
							"lerp_mode": "catmullrom"
						},
						"1.9167": {
							"post": [-24.72534, -8.3574, -26.29509],
							"lerp_mode": "catmullrom"
						},
						"1.9583": {
							"post": [-24.84867, -8.01277, -25.10422],
							"lerp_mode": "catmullrom"
						},
						"2.0": {
							"post": [-22.87668, -10.00495, -36.52247],
							"lerp_mode": "catmullrom"
						},
						"2.0417": {
							"post": [-22.58237, -11.36706, -38.83579],
							"lerp_mode": "catmullrom"
						},
						"2.0833": {
							"post": [-23.64268, -11.51155, -39.79169],
							"lerp_mode": "catmullrom"
						},
						"2.125": {
							"post": [-22.45836, -11.49833, -39.43684],
							"lerp_mode": "catmullrom"
						},
						"2.1667": {
							"post": [-23.30334, -10.52596, -35.09885],
							"lerp_mode": "catmullrom"
						},
						"2.25": {
							"post": [-23.85172, -9.79182, -32.01147],
							"lerp_mode": "catmullrom"
						},
						"2.2917": {
							"post": [-24.45887, -9.98585, -32.82762],
							"lerp_mode": "catmullrom"
						},
						"2.3333": {
							"post": [-23.36936, -10.44262, -34.75242],
							"lerp_mode": "catmullrom"
						},
						"2.4583": {
							"post": [-23.38955, -10.39722, -34.58903],
							"lerp_mode": "catmullrom"
						},
						"2.5833": {
							"post": [-23.75012, -9.9086, -32.53679],
							"lerp_mode": "catmullrom"
						},
						"2.75": {
							"post": [-24.25012, -9.9086, -32.53679],
							"lerp_mode": "catmullrom"
						},
						"3.0833": {
							"post": [-23.90648, -10.39033, -34.48818],
							"lerp_mode": "catmullrom"
						},
						"3.3333": [-31.57495, 13.66467, 33.81852],
						"3.5417": [-30.49213, 16.11462, 38.02979],
						"3.5833": [-30.67635, 15.73301, 37.35836],
						"3.625": [-30.23872, 16.62015, 38.92905],
						"3.6667": [-30.42961, 16.24136, 38.25417],
						"3.7083": [-30.6155, 15.86045, 37.58189],
						"3.75": [-30.42961, 16.24136, 38.25417],
						"3.7917": [-30.42961, 16.24136, 38.25417],
						"3.8333": [-29.77369, 17.49537, 40.51422],
						"3.875": [-30.49213, 16.11462, 38.02979],
						"3.9167": [-30.67635, 15.73301, 37.35836],
						"3.9583": [-30.23872, 16.62015, 38.92905],
						"4.0": [-30.42961, 16.24136, 38.25417],
						"4.0417": [-30.6155, 15.86045, 37.58189],
						"4.0833": [-30.42961, 16.24136, 38.25417],
						"4.125": [-30.42961, 16.24136, 38.25417],
						"4.1667": [-29.77369, 17.49537, 40.51422],
						"4.2083": [-30.49213, 16.11462, 38.02979],
						"4.25": [-30.67635, 15.73301, 37.35836],
						"4.2917": [-30.23872, 16.62015, 38.92905],
						"4.3333": [-30.42961, 16.24136, 38.25417],
						"4.375": [-30.49213, 16.11462, 38.02979],
						"4.4167": [-30.67635, 15.73301, 37.35836],
						"4.4583": [-30.23872, 16.62015, 38.92905],
						"4.5": [-30.42961, 16.24136, 38.25417],
						"4.8333": {
							"pre": [-30.42961, 16.24136, 38.25417],
							"post": [-30.42961, 16.24136, 38.25417],
							"lerp_mode": "catmullrom"
						},
						"5.0": {
							"post": [-23.49509, -10.92331, -36.71252],
							"lerp_mode": "catmullrom"
						},
						"5.125": {
							"post": [-23.84823, -10.46826, -34.80934],
							"lerp_mode": "catmullrom"
						},
						"5.3333": {
							"post": [-20.83103, -12.22614, -45.50839],
							"lerp_mode": "catmullrom"
						},
						"5.5": {
							"post": [-23.08103, -12.22614, -45.50839],
							"lerp_mode": "catmullrom"
						},
						"5.5417": {
							"post": [-23.27693, -11.83253, -44.56847],
							"lerp_mode": "catmullrom"
						},
						"5.5833": {
							"post": [-22.53098, -12.32405, -45.7438],
							"lerp_mode": "catmullrom"
						},
						"5.625": {
							"post": [-22.89885, -7.50218, -33.84943],
							"lerp_mode": "catmullrom"
						},
						"5.6667": {
							"post": [-20.28831, -10.17048, -40.58345],
							"lerp_mode": "catmullrom"
						},
						"5.75": {
							"post": [-19.53382, -11.40585, -44.06516],
							"lerp_mode": "catmullrom"
						},
						"5.7917": {
							"post": [-19.82739, -10.96075, -42.78617],
							"lerp_mode": "catmullrom"
						},
						"5.875": {
							"post": [-19.7564, -11.19786, -43.45182],
							"lerp_mode": "catmullrom"
						},
						"6.0417": {
							"post": [-9.47054, -3.73169, -12.04317],
							"lerp_mode": "catmullrom"
						},
						"6.25": {
							"post": [-31.4703, 13.92609, 34.2574],
							"lerp_mode": "catmullrom"
						},
						"6.4583": {
							"post": [-31.97185, 12.61146, 32.07257],
							"lerp_mode": "catmullrom"
						},
						"6.5417": {
							"post": [-31.94, 12.71, 32.23],
							"lerp_mode": "catmullrom"
						},
						"6.7083": {
							"post": [-31.77773, 13.13954, 32.94367],
							"lerp_mode": "catmullrom"
						},
						"7.0": {
							"post": [-32.15734, 12.08058, 31.20506],
							"lerp_mode": "catmullrom"
						},
						"7.2917": {
							"post": [-31.08948, 14.78939, 35.74009],
							"lerp_mode": "catmullrom"
						},
						"7.625": {
							"post": [0, 0, 10],
							"lerp_mode": "catmullrom"
						},
						"7.75": {
							"post": [0, 0, -1],
							"lerp_mode": "catmullrom"
						},
						"7.8333": {
							"post": [0, 0, 1.25],
							"lerp_mode": "catmullrom"
						},
						"7.9167": {
							"post": [0, 0, -0.94],
							"lerp_mode": "catmullrom"
						},
						"8.0": {
							"post": [-0.03806, 0.08468, -1.97568],
							"lerp_mode": "catmullrom"
						},
						"8.0833": [-0.07491, 0.195, 1.01911],
						"8.2083": [0, 0, 0]
					},
					"position": {
						"0.0": {
							"post": [0, 0, 0],
							"lerp_mode": "catmullrom"
						},
						"0.0417": {
							"post": [0, 0, 0],
							"lerp_mode": "catmullrom"
						},
						"0.0833": {
							"post": [0.02, -0.09687, -0.21],
							"lerp_mode": "catmullrom"
						},
						"0.25": {
							"post": [0.26, -0.23375, -2.6],
							"lerp_mode": "catmullrom"
						},
						"0.4583": {
							"post": [0.62, 1.88875, -4.33625],
							"lerp_mode": "catmullrom"
						},
						"0.7083": {
							"post": [0.61, 2.07188, -4.26625],
							"lerp_mode": "catmullrom"
						},
						"1.0417": {
							"post": [0.59, 1.73625, -4.10625],
							"lerp_mode": "catmullrom"
						},
						"1.4167": {
							"post": [0.59, 1.70688, -4.10625],
							"lerp_mode": "catmullrom"
						},
						"1.6667": {
							"post": [0.465, 0.1475, -0.7975],
							"lerp_mode": "catmullrom"
						},
						"1.75": {
							"post": [0.465, -0.44625, -0.7975],
							"lerp_mode": "catmullrom"
						},
						"1.875": {
							"post": [0.47, -0.00625, -1.05],
							"lerp_mode": "catmullrom"
						},
						"1.9167": {
							"post": [0.47, -0.05312, -1.47187],
							"lerp_mode": "catmullrom"
						},
						"1.9583": {
							"post": [0.47, -0.37062, -1.42437],
							"lerp_mode": "catmullrom"
						},
						"2.0": {
							"post": [0.5325, -0.1775, -2.01],
							"lerp_mode": "catmullrom"
						},
						"2.0833": {
							"post": [0.47, 0.47, -0.86812],
							"lerp_mode": "catmullrom"
						},
						"2.125": {
							"post": [0.47, 0.44, -1.075],
							"lerp_mode": "catmullrom"
						},
						"2.4167": {
							"post": [0.47, -0.62, -0.89375],
							"lerp_mode": "catmullrom"
						},
						"3.0833": {
							"post": [0.47, -0.5575, -0.89],
							"lerp_mode": "catmullrom"
						},
						"3.25": {
							"post": [1.2825, -2.25375, -1.51312],
							"lerp_mode": "catmullrom"
						},
						"3.375": {
							"post": [0.47, -1.1925, -1.29],
							"lerp_mode": "catmullrom"
						},
						"3.5": {
							"post": [0.47, -1.1925, -1.29],
							"lerp_mode": "catmullrom"
						},
						"4.5": {
							"post": [0.47, -1.1925, -1.29],
							"lerp_mode": "catmullrom"
						},
						"4.625": {
							"post": [0.47, -1.14187, -1.31],
							"lerp_mode": "catmullrom"
						},
						"4.7917": {
							"post": [0.47, -1.505, -1.29],
							"lerp_mode": "catmullrom"
						},
						"4.9167": {
							"post": [0.47, -0.865, -1.1],
							"lerp_mode": "catmullrom"
						},
						"5.0417": {
							"post": [0.47, -0.62062, -0.97],
							"lerp_mode": "catmullrom"
						},
						"5.1667": {
							"post": [0.47, -1.04188, -1.0325],
							"lerp_mode": "catmullrom"
						},
						"5.2917": {
							"post": [0.47, -0.04312, 0.78],
							"lerp_mode": "catmullrom"
						},
						"5.4583": {
							"post": [0.47, 0.585, 0.68625],
							"lerp_mode": "catmullrom"
						},
						"5.5": {
							"post": [0.47, 0.68375, 0.69],
							"lerp_mode": "catmullrom"
						},
						"5.5417": {
							"post": [0.47, 0.66438, 0.69],
							"lerp_mode": "catmullrom"
						},
						"5.5833": {
							"post": [0.47, 0.42938, 0.69],
							"lerp_mode": "catmullrom"
						},
						"5.625": {
							"post": [0.47, -0.01187, 0.69],
							"lerp_mode": "catmullrom"
						},
						"5.6667": {
							"post": [0.47, -0.28125, 0.69],
							"lerp_mode": "catmullrom"
						},
						"5.7083": {
							"post": [0.47, 0.06812, 0.69],
							"lerp_mode": "catmullrom"
						},
						"5.8333": {
							"post": [0.47, 0.14813, 0.69],
							"lerp_mode": "catmullrom"
						},
						"5.9583": {
							"post": [0.31, 0.02188, 0.82],
							"lerp_mode": "catmullrom"
						},
						"6.125": {
							"post": [0.1, -2.96062, -0.36],
							"lerp_mode": "catmullrom"
						},
						"6.4583": {
							"post": [-0.08, -3.2875, 0.79],
							"lerp_mode": "catmullrom"
						},
						"6.5417": {
							"post": [-0.09, -3.31, 0.86],
							"lerp_mode": "catmullrom"
						},
						"6.7917": {
							"post": [-0.07, -3.4975, 0.97],
							"lerp_mode": "catmullrom"
						},
						"6.875": {
							"post": [-0.06, -3.5425, 0.99],
							"lerp_mode": "catmullrom"
						},
						"7.125": {
							"post": [-0.08, -3.2875, 0.79],
							"lerp_mode": "catmullrom"
						},
						"7.375": {
							"post": [-0.53, -2.3275, -1.69],
							"lerp_mode": "catmullrom"
						},
						"7.5": {
							"post": [-0.64, -3.85, -2.14],
							"lerp_mode": "catmullrom"
						},
						"7.6667": {
							"post": [-0.7, -0.9425, -2.3675],
							"lerp_mode": "catmullrom"
						},
						"7.8333": {
							"post": [0, -0.01562, 0.9375],
							"lerp_mode": "catmullrom"
						},
						"8.0": {
							"post": [0, 0, 0],
							"lerp_mode": "catmullrom"
						}
					}
				},
				"mag_and_lefthand": {
					"rotation": {
						"1.7917": {
							"pre": [0, 0, 0],
							"post": [0, 0, 0],
							"lerp_mode": "catmullrom"
						},
						"1.875": {
							"post": [0, 0, 0],
							"lerp_mode": "catmullrom"
						},
						"1.9167": {
							"post": [-7, 0, 0],
							"lerp_mode": "catmullrom"
						},
						"2.0": {
							"post": [-28, 0, 0],
							"lerp_mode": "catmullrom"
						},
						"2.0417": {
							"post": [-41.05896, -9.77457, 8.58855],
							"lerp_mode": "catmullrom"
						},
						"2.1667": {
							"post": [-8.78216, -6.34916, -38.8455],
							"lerp_mode": "catmullrom"
						},
						"2.375": {
							"post": [-9.14321, -4.35365, -34.11334],
							"lerp_mode": "catmullrom"
						},
						"2.7083": {
							"post": [-1.88919, -3.7899, -30.65028],
							"lerp_mode": "catmullrom"
						},
						"3.0417": {
							"post": [-1.88919, -3.7899, -30.65028],
							"lerp_mode": "catmullrom"
						},
						"3.2917": [0, 0, 4.5],
						"4.9583": [0, 0, 4.5],
						"5.2083": {
							"pre": [-34.5, 0, 0],
							"post": [-34.5, 0, 0],
							"lerp_mode": "catmullrom"
						},
						"5.3333": {
							"post": [-34.5, 0, 0],
							"lerp_mode": "catmullrom"
						},
						"5.4583": {
							"post": [-24.5, 0, 0],
							"lerp_mode": "catmullrom"
						},
						"5.5833": {
							"post": [-29.5, 0, 0],
							"lerp_mode": "catmullrom"
						},
						"5.625": {
							"post": [0, 0, 0],
							"lerp_mode": "catmullrom"
						}
					},
					"position": {
						"1.7917": {
							"pre": [0, 0, 0],
							"post": [0, 0, 0],
							"lerp_mode": "catmullrom"
						},
						"1.875": {
							"post": [0, 0, 0],
							"lerp_mode": "catmullrom"
						},
						"1.9583": {
							"post": [0, 0, -0.6875],
							"lerp_mode": "catmullrom"
						},
						"2.0417": {
							"post": [0, -3.5625, -3.3775],
							"lerp_mode": "catmullrom"
						},
						"2.1667": {
							"post": [2.95313, -5.8725, -1.4425],
							"lerp_mode": "catmullrom"
						},
						"2.3333": {
							"post": [7.0675, -2.87, 3.8175],
							"lerp_mode": "catmullrom"
						},
						"2.5": {
							"post": [7.33, -2.68, 4.27063],
							"lerp_mode": "catmullrom"
						},
						"2.9583": {
							"post": [7.07, -2.87, 3.55438],
							"lerp_mode": "catmullrom"
						},
						"3.0833": {
							"post": [5.17, -5.72, 1.49],
							"lerp_mode": "catmullrom"
						},
						"3.2917": [1.4375, 3, -2],
						"4.9583": [1.4375, 3, -2],
						"5.2083": {
							"pre": [2.85625, -2.85, -1.73125],
							"post": [2.85625, -2.85, -1.73125],
							"lerp_mode": "catmullrom"
						},
						"5.2917": {
							"post": [0.64, -1.88, -1.79125],
							"lerp_mode": "catmullrom"
						},
						"5.3333": {
							"post": [0, -1.35, -1.13625],
							"lerp_mode": "catmullrom"
						},
						"5.375": {
							"post": [0, -0.225, -1.14],
							"lerp_mode": "catmullrom"
						},
						"5.5417": {
							"post": [0, -0.1, -1.14],
							"lerp_mode": "catmullrom"
						},
						"5.5833": {
							"post": [0, -0.12625, -0.98375],
							"lerp_mode": "catmullrom"
						},
						"5.625": {
							"post": [0, 0, 0],
							"lerp_mode": "catmullrom"
						}
					}
				},
				"bolt": {
					"position": {
						"3.5833": [0, 0, 5.1875],
						"3.625": [0, 0, 5.8775],
						"3.6667": [0, 0, 0],
						"3.7083": [0, 0, 0],
						"3.7917": [0, 0, 4.5],
						"3.8333": [0, 0, 5.8775],
						"3.9167": [0, 0, 5.8775],
						"3.9583": [0, 0, 0],
						"4.0": [0, 0, 0],
						"4.0833": [0, 0, 4.5],
						"4.125": [0, 0, 5.8775],
						"4.2083": [0, 0, 5.8775],
						"4.25": [0, 0, 0],
						"4.2917": [0, 0, 0],
						"4.375": [0, 0, 4.5],
						"4.4167": [0, 0, 5.8775],
						"4.4583": [0, 0, 5.1875],
						"4.6667": [0, 0, 5.19],
						"4.7083": [0, 0, 0],
						"6.6667": [0, 0, 0],
						"6.7917": [0, 0, 5.1875]
					}
				},
				"additional_magazine": {
					"scale": 0
				},
				"bullet": {
					"scale": 0
				},
				"camera": {
					"rotation": {
						"0.0": {
							"post": [0, 0, 0],
							"lerp_mode": "catmullrom"
						},
						"0.25": {
							"post": [-1.87193, -1.39433, 0.36451],
							"lerp_mode": "catmullrom"
						},
						"0.5417": {
							"post": [-7.2577, -0.37235, 1.02908],
							"lerp_mode": "catmullrom"
						},
						"1.375": {
							"post": [-7.2577, -0.37235, 1.02908],
							"lerp_mode": "catmullrom"
						},
						"1.6667": {
							"post": [-4.52699, 3.29187, 2.09558],
							"lerp_mode": "catmullrom"
						},
						"1.875": {
							"post": [-4.52699, 3.29187, 2.09558],
							"lerp_mode": "catmullrom"
						},
						"1.9167": {
							"post": [-4.51261, 3.31157, 2.34522],
							"lerp_mode": "catmullrom"
						},
						"1.9583": {
							"post": [-4.39452, 3.46689, 4.34267],
							"lerp_mode": "catmullrom"
						},
						"2.0": {
							"post": [-5.06662, 2.48478, 1.40654],
							"lerp_mode": "catmullrom"
						},
						"2.1667": {
							"post": [-4.61738, 0.97882, -1.73428],
							"lerp_mode": "catmullrom"
						},
						"2.2917": {
							"post": [-4.13709, 0.76741, 1.16379],
							"lerp_mode": "catmullrom"
						},
						"2.7083": {
							"post": [-1.21255, -1.34795, 1.01795],
							"lerp_mode": "catmullrom"
						},
						"3.0417": {
							"post": [-1.24742, -1.31575, 2.51801],
							"lerp_mode": "catmullrom"
						},
						"3.1667": {
							"post": [-0.49737, -1.06576, 2.51584],
							"lerp_mode": "catmullrom"
						},
						"3.25": {
							"post": [-0.24737, -1.06576, 2.51584],
							"lerp_mode": "catmullrom"
						},
						"3.375": {
							"post": [-1.68321, -0.57164, 1.70096],
							"lerp_mode": "catmullrom"
						},
						"3.5417": {
							"post": [-2.17023, -0.61912, 0.45179],
							"lerp_mode": "catmullrom"
						},
						"3.625": {
							"post": [-2.24644, -0.389, 2.75781],
							"lerp_mode": "catmullrom"
						},
						"3.6667": {
							"post": [-2.23931, -0.42813, 1.75856],
							"lerp_mode": "catmullrom"
						},
						"3.75": {
							"post": [-2.2315, -0.46714, 0.75929],
							"lerp_mode": "catmullrom"
						},
						"3.875": {
							"post": [-2.17023, -0.61912, 0.45179],
							"lerp_mode": "catmullrom"
						},
						"3.9583": {
							"post": [-2.24644, -0.389, 2.75781],
							"lerp_mode": "catmullrom"
						},
						"4.0": {
							"post": [-2.23931, -0.42813, 1.75856],
							"lerp_mode": "catmullrom"
						},
						"4.0833": {
							"post": [-2.2315, -0.46714, 0.75929],
							"lerp_mode": "catmullrom"
						},
						"4.2083": {
							"post": [-2.17023, -0.61912, 0.45179],
							"lerp_mode": "catmullrom"
						},
						"4.2917": {
							"post": [-2.24644, -0.389, 2.75781],
							"lerp_mode": "catmullrom"
						},
						"4.3333": {
							"post": [-2.23931, -0.42813, 1.75856],
							"lerp_mode": "catmullrom"
						},
						"4.4167": {
							"post": [-2.2315, -0.46714, 0.75929],
							"lerp_mode": "catmullrom"
						},
						"4.5": {
							"post": [-2.17023, -0.61912, 0.45179],
							"lerp_mode": "catmullrom"
						},
						"4.8333": {
							"post": [-2.19763, -0.53642, 1.25187],
							"lerp_mode": "catmullrom"
						},
						"5.0": {
							"post": [-0.72, 2.17, -1.52],
							"lerp_mode": "catmullrom"
						},
						"5.2917": {
							"post": [-0.56033, 1.57769, 0.09548],
							"lerp_mode": "catmullrom"
						},
						"5.5": {
							"post": [-0.72, 2.17, -1.52],
							"lerp_mode": "catmullrom"
						},
						"5.5417": {
							"post": [-1.22, 2.17, -1.52],
							"lerp_mode": "catmullrom"
						},
						"5.5833": {
							"post": [-1.97945, 2.16139, -1.77003],
							"lerp_mode": "catmullrom"
						},
						"5.625": {
							"post": [-0.97945, 2.16139, -1.77003],
							"lerp_mode": "catmullrom"
						},
						"5.6667": {
							"post": [0.02055, 2.16139, -1.77003],
							"lerp_mode": "catmullrom"
						},
						"5.7083": {
							"post": [-1.97945, 2.16139, -1.77003],
							"lerp_mode": "catmullrom"
						},
						"5.75": {
							"post": [-1.90282, 2.22914, 0.23029],
							"lerp_mode": "catmullrom"
						},
						"5.8333": {
							"post": [-1.98027, 2.54986, 0.91446],
							"lerp_mode": "catmullrom"
						},
						"5.9583": {
							"post": [-2.34341, 2.79588, 0.85714],
							"lerp_mode": "catmullrom"
						},
						"6.0833": {
							"post": [0.01973, 2.54986, 0.91446],
							"lerp_mode": "catmullrom"
						},
						"6.1667": {
							"post": [-0.24737, -1.06576, 2.51584],
							"lerp_mode": "catmullrom"
						},
						"6.2917": {
							"post": [3.31679, -0.57164, 1.70096],
							"lerp_mode": "catmullrom"
						},
						"6.4583": {
							"post": [3.32184, -0.5863, 1.20115],
							"lerp_mode": "catmullrom"
						},
						"6.5833": {
							"post": [3.23, -0.49, 1.02],
							"lerp_mode": "catmullrom"
						},
						"6.625": {
							"post": [3.22165, -0.49935, -0.0127],
							"lerp_mode": "catmullrom"
						},
						"6.7083": {
							"post": [3.17418, -0.42024, 0.9475],
							"lerp_mode": "catmullrom"
						},
						"7.375": {
							"post": [2.84134, 0.14612, 0.06507],
							"lerp_mode": "catmullrom"
						},
						"7.7083": {
							"post": [0, 0, 0],
							"lerp_mode": "catmullrom"
						},
						"7.7917": {
							"post": [0, 0, 1],
							"lerp_mode": "catmullrom"
						},
						"7.9167": {
							"post": [0, 0, -1],
							"lerp_mode": "catmullrom"
						},
						"8.0417": {
							"post": [0, 0, 0],
							"lerp_mode": "catmullrom"
						}
					}
				}
			},
			"sound_effects": {
				"0.0": {
					"effect": "tacz:type_81/type_81_inspect_smag_up"
				},
				"1.6667": {
					"effect": "tacz:type_81/type_81_inspect_smag_magout"
				},
				"2.75": {
					"effect": "tacz:type_81/type_81_inspect_smag_magbump"
				},
				"3.5833": {
					"effect": "tacz:type_81/type_81_inspect_empty_chamber"
				},
				"4.4583": {
					"effect": "tacz:type_81/type_81_inspect_smag_release"
				},
				"5.3333": {
					"effect": "tacz:type_81/type_81_inspect_smag_magin"
				},
				"6.6667": {
					"effect": "tacz:type_81/type_81_inspect_smag_pull"
				},
				"7.75": {
					"effect": "tacz:type_81/type_81_inspect_smag_over"
				}
			}
		},
		"draw": {
			"loop": true,
			"animation_length": 0.7083,
			"bones": {
				"lefthand": {
					"rotation": [96.96, -29.14, -146.86],
					"position": [8.42, -11.87, -12.02],
					"scale": [1, 1.5, 1]
				},
				"righthand": {
					"rotation": [96.07, 8.95, -179.05],
					"position": [-6.7, -14.35, 7.425],
					"scale": [1, 1.5, 1]
				},
				"root": {
					"rotation": {
						"0.0": {
							"post": [20.86656, -44.54738, 54.65212],
							"lerp_mode": "catmullrom"
						},
						"0.2083": {
							"post": [10.06369, -6.84104, 48.01494],
							"lerp_mode": "catmullrom"
						},
						"0.3333": {
							"post": [0, 0, 10],
							"lerp_mode": "catmullrom"
						},
						"0.4583": {
							"post": [0, 0, -1],
							"lerp_mode": "catmullrom"
						},
						"0.5": {
							"post": [0, 0, -1.5],
							"lerp_mode": "catmullrom"
						},
						"0.5417": {
							"post": [0, 0, -0.94],
							"lerp_mode": "catmullrom"
						},
						"0.5833": {
							"post": [0, 0, 0],
							"lerp_mode": "catmullrom"
						},
						"0.625": [0, 0, 2.5],
						"0.7083": [0, 0, 0]
					},
					"position": {
						"0.0": {
							"post": [-1.82812, -16.8125, -7],
							"lerp_mode": "catmullrom"
						},
						"0.2083": {
							"post": [-1.2, -2.83938, -4.58],
							"lerp_mode": "catmullrom"
						},
						"0.375": {
							"post": [-0.7, -0.1925, -2.3675],
							"lerp_mode": "catmullrom"
						},
						"0.5": {
							"post": [0, -0.01562, 0.9375],
							"lerp_mode": "catmullrom"
						},
						"0.6667": {
							"post": [0, 0, 0],
							"lerp_mode": "catmullrom"
						}
					}
				},
				"camera": {
					"rotation": {
						"0.0": {
							"post": [0, 0, 0],
							"lerp_mode": "catmullrom"
						},
						"0.125": {
							"post": [0, 0, 0],
							"lerp_mode": "catmullrom"
						},
						"0.1667": {
							"post": [0.74974, 0.01963, -1.49987],
							"lerp_mode": "catmullrom"
						},
						"0.3333": {
							"post": [-2.25026, 0.01963, -1.49987],
							"lerp_mode": "catmullrom"
						},
						"0.4583": {
							"post": [0, 0, 0],
							"lerp_mode": "catmullrom"
						},
						"0.5": {
							"post": [0, 0, 1],
							"lerp_mode": "catmullrom"
						},
						"0.625": {
							"post": [0, 0, -1],
							"lerp_mode": "catmullrom"
						},
						"0.75": {
							"post": [0, 0, 0],
							"lerp_mode": "catmullrom"
						}
					}
				}
			}
		},
		"shoot": {
			"animation_length": 0.5,
			"bones": {
				"root": {
					"rotation": {
						"0.0": {
							"post": [0, 0, 0],
							"lerp_mode": "catmullrom"
						},
						"0.0417": {
							"post": [1.22995, 0.01073, 0.23012],
							"lerp_mode": "catmullrom"
						},
						"0.0833": {
							"post": [0.15634, 0.0028, -0.43241],
							"lerp_mode": "catmullrom"
						},
						"0.125": {
							"post": [-0.9075, 0.06744, -3.22903],
							"lerp_mode": "catmullrom"
						},
						"0.1667": {
							"post": [-0.32508, 0.01218, -0.83932],
							"lerp_mode": "catmullrom"
						},
						"0.2083": {
							"post": [0.38, -0.07, -0.08],
							"lerp_mode": "catmullrom"
						},
						"0.25": {
							"post": [0.3, -0.13, 0.08],
							"lerp_mode": "catmullrom"
						},
						"0.2917": {
							"post": [0.23, -0.2, 0.25],
							"lerp_mode": "catmullrom"
						},
						"0.3333": {
							"post": [0.14, -0.14, 0.09],
							"lerp_mode": "catmullrom"
						},
						"0.375": {
							"post": [0.1, -0.11, 0.01],
							"lerp_mode": "catmullrom"
						},
						"0.4167": {
							"post": [0.06, -0.07, -0.07],
							"lerp_mode": "catmullrom"
						},
						"0.4583": {
							"post": [0.04, -0.06, -0.06],
							"lerp_mode": "catmullrom"
						},
						"0.5": {
							"post": [0.01, -0.02, -0.02],
							"lerp_mode": "catmullrom"
						},
						"0.5417": {
							"post": [0, 0, 0],
							"lerp_mode": "catmullrom"
						}
					},
					"position": {
						"0.0": [0, 0, 0],
						"0.0417": [0, -0.02, 1.40188],
						"0.0833": [0.0625, -0.05, 0.295],
						"0.125": [0, -0.05, -0.04],
						"0.1667": [0, -0.04, -0.01],
						"0.2083": [0, -0.04, 0.03],
						"0.2917": [0, -0.02, 0.1],
						"0.3333": [0, -0.02, 0.07],
						"0.4167": [0, -0.01, 0.03],
						"0.4583": [0, 0, 0]
					}
				},
				"constraint": {
					"rotation": {
						"0.125": [0.2, 0.2, 0.2],
						"0.2083": [0.1, 0.1, 0.1],
						"0.2917": [0, 0, 0]
					},
					"position": {
						"0.125": [0.15, 0.05, 0.25],
						"0.2083": [0.1, 0, 0.1],
						"0.2917": [0, 0, 0]
					}
				},
				"bolt": {
					"position": {
						"0.0": [0, 0, 0],
						"0.0417": [0, 0, 4],
						"0.0833": [0, 0, 0]
					}
				},
				"camera": {
					"rotation": {
						"0.0": [0, 0, 0],
						"0.0417": [0, 0, 1.35],
						"0.0833": [0, 0, -0.07],
						"0.125": [0, 0, -1.35],
						"0.1667": [0, 0, 0.08],
						"0.2083": [0, 0, -0.22],
						"0.25": [0, 0, 0],
						"0.2917": [0, 0, 0.02],
						"0.3333": [0, 0, 0.01],
						"0.375": [0, 0, 0]
					},
					"position": {
						"0.0": [0, 0, 0],
						"0.0417": [0, 0, -0.5],
						"0.125": [0, 0, 0]
					}
				}
			}
		},
		"reload_tactical": {
			"loop": "hold_on_last_frame",
			"animation_length": 2.0417,
			"bones": {
				"right": {
					"rotation": [66.91942, -9.44494, 4.00011],
					"position": [-5.23437, -14.14062, 6.14063],
					"scale": [1, 1.5, 1]
				},
				"left": {
					"rotation": {
						"0.0": {
							"post": [47.01033, -3.11133, -55.20596],
							"lerp_mode": "catmullrom"
						},
						"0.75": {
							"post": [47.01, -3.11, -55.21],
							"lerp_mode": "catmullrom"
						},
						"0.875": {
							"post": [44.97516, -15.74618, -42.90961],
							"lerp_mode": "catmullrom"
						},
						"1.0": {
							"post": [46.37491, -9.30074, -49.34819],
							"lerp_mode": "catmullrom"
						},
						"1.0417": {
							"post": [68.87491, -9.30074, -49.34819],
							"lerp_mode": "catmullrom"
						},
						"1.125": {
							"post": [73.87491, -9.30074, -49.34819],
							"lerp_mode": "catmullrom"
						},
						"1.1667": {
							"post": [69.87491, -9.30074, -49.34819],
							"lerp_mode": "catmullrom"
						},
						"1.5833": {
							"post": [69.87491, -9.30074, -49.34819],
							"lerp_mode": "catmullrom"
						},
						"1.75": {
							"post": [47.01033, -3.11133, -55.20596],
							"lerp_mode": "catmullrom"
						}
					},
					"position": {
						"0.0": {
							"post": [7.875, -11.17187, -7.3125],
							"lerp_mode": "catmullrom"
						},
						"0.0833": {
							"post": [13.255, -26.6075, -7.31],
							"lerp_mode": "catmullrom"
						},
						"0.1667": {
							"post": [7.26, -18.61, 50.69],
							"lerp_mode": "catmullrom"
						},
						"0.3333": {
							"post": [7.26, -32.61, 6.69],
							"lerp_mode": "catmullrom"
						},
						"0.4583": {
							"post": [7.26, -15.61, 0.69],
							"lerp_mode": "catmullrom"
						},
						"0.75": {
							"post": [7.26, -15.61, 0.69],
							"lerp_mode": "catmullrom"
						},
						"0.875": {
							"post": [7.26, -18.61, 0.69],
							"lerp_mode": "catmullrom"
						},
						"0.9583": {
							"post": [7.26, -16.7375, 0.0025],
							"lerp_mode": "catmullrom"
						},
						"1.0": {
							"post": [7.26, -15.9275, 0],
							"lerp_mode": "catmullrom"
						},
						"1.0417": [7.26, -15.93, 0.6875],
						"1.25": [7.26, -15.93, 0.69],
						"1.5": {
							"pre": [7.26, -53.93, 0.69],
							"post": [7.26, -53.93, 0.69],
							"lerp_mode": "catmullrom"
						},
						"1.5833": {
							"post": [7.26, -53.93, 0.69],
							"lerp_mode": "catmullrom"
						},
						"1.7083": {
							"post": [7.875, -11.17187, -7.3125],
							"lerp_mode": "catmullrom"
						}
					},
					"scale": {
						"0.0": {
							"post": [1, 1.5, 1],
							"lerp_mode": "catmullrom"
						}
					}
				},
				"root": {
					"rotation": {
						"0.0": {
							"post": [0, 0, 0],
							"lerp_mode": "catmullrom"
						},
						"0.1667": {
							"post": [2, 0, -5],
							"lerp_mode": "catmullrom"
						},
						"0.2917": {
							"post": [0.62552, 0, -5.34391],
							"lerp_mode": "catmullrom"
						},
						"0.4583": {
							"post": [-7.37448, 0, -5.34391],
							"lerp_mode": "catmullrom"
						},
						"0.5": {
							"post": [-7.33452, -0.76874, -11.29464],
							"lerp_mode": "catmullrom"
						},
						"0.625": {
							"post": [-7.52892, -0.52529, -9.43578],
							"lerp_mode": "catmullrom"
						},
						"0.75": {
							"post": [-9.7594, -0.53803, -9.54371],
							"lerp_mode": "catmullrom"
						},
						"0.7917": {
							"post": [-9.77403, -0.02901, -6.58717],
							"lerp_mode": "catmullrom"
						},
						"0.9167": {
							"post": [-12.74196, -0.91268, -10.4885],
							"lerp_mode": "catmullrom"
						},
						"0.9583": {
							"post": [-12.76552, -0.47112, -8.53771],
							"lerp_mode": "catmullrom"
						},
						"1.0417": {
							"post": [-12.72454, -1.1331, -11.46407],
							"lerp_mode": "catmullrom"
						},
						"1.0833": {
							"post": [-12.62585, -1.95622, -15.12398],
							"lerp_mode": "catmullrom"
						},
						"1.125": {
							"post": [-11.3537, -0.56213, -9.13138],
							"lerp_mode": "catmullrom"
						},
						"1.25": {
							"post": [-12.62585, -1.95623, -15.12397],
							"lerp_mode": "catmullrom"
						},
						"1.375": {
							"post": [-10.92877, -2.81093, -20.05719],
							"lerp_mode": "catmullrom"
						},
						"1.4583": {
							"post": [-7.49137, -2.30389, -16.01581],
							"lerp_mode": "catmullrom"
						},
						"1.625": {
							"post": [0, 0, 1.25],
							"lerp_mode": "catmullrom"
						},
						"1.7083": {
							"post": [0, 0, -0.94],
							"lerp_mode": "catmullrom"
						},
						"1.7917": {
							"post": [-0.03806, 0.08468, -1.97568],
							"lerp_mode": "catmullrom"
						},
						"1.875": [-0.07491, 0.195, 1.01911],
						"2.0": [0, 0, 0]
					},
					"position": {
						"0.0": {
							"post": [0, 0, 0],
							"lerp_mode": "catmullrom"
						},
						"0.125": {
							"post": [-0.5, -1.815, 0.5],
							"lerp_mode": "catmullrom"
						},
						"0.3333": {
							"post": [-0.5, -1.315, 0.5],
							"lerp_mode": "catmullrom"
						},
						"0.4583": {
							"post": [-0.5, -0.3725, 0.5],
							"lerp_mode": "catmullrom"
						},
						"0.5": {
							"post": [-0.5, -0.3125, 0.5],
							"lerp_mode": "catmullrom"
						},
						"0.5833": {
							"post": [-0.5, -0.37, 0.5],
							"lerp_mode": "catmullrom"
						},
						"0.6667": {
							"post": [-0.5, -0.66437, -0.625],
							"lerp_mode": "catmullrom"
						},
						"0.75": {
							"post": [-0.5, -0.495, 0.5],
							"lerp_mode": "catmullrom"
						},
						"0.8333": {
							"post": [-0.5, -0.08125, 0.5],
							"lerp_mode": "catmullrom"
						},
						"0.9583": {
							"post": [-0.5, -0.22, 0.5],
							"lerp_mode": "catmullrom"
						},
						"1.0": {
							"post": [-0.5, -0.47187, 0.5],
							"lerp_mode": "catmullrom"
						},
						"1.0833": {
							"post": [-0.5, -0.72312, 0.5],
							"lerp_mode": "catmullrom"
						},
						"1.1667": {
							"post": [-0.5, -0.6775, 0.5],
							"lerp_mode": "catmullrom"
						},
						"1.375": {
							"post": [-0.5, -1.03938, 0.5],
							"lerp_mode": "catmullrom"
						},
						"1.5": {
							"post": [-0.25, -0.55, -0.31375],
							"lerp_mode": "catmullrom"
						},
						"1.5833": {
							"post": [-0.06, -0.16, -0.515],
							"lerp_mode": "catmullrom"
						},
						"1.6667": {
							"post": [0, -0.01562, 1.4375],
							"lerp_mode": "catmullrom"
						},
						"1.7917": {
							"post": [0, 0, 0],
							"lerp_mode": "catmullrom"
						}
					}
				},
				"additional_magazine": {
					"rotation": {
						"0.5833": [0, 0, 0],
						"0.6667": {
							"pre": [-13.08, 0, 0],
							"post": [-13.08, 0, 0],
							"lerp_mode": "catmullrom"
						},
						"0.8333": {
							"post": [-30, 0, 0],
							"lerp_mode": "catmullrom"
						},
						"0.9583": [-33.25, 0, 0],
						"1.0": [-24.25, 0, 0],
						"1.0417": [0, 0, 0],
						"1.2083": [0, 0, 0],
						"1.2917": [-9.88554, -25.25271, -45.78031]
					},
					"position": {
						"0.5833": [0, 0, 0],
						"0.6667": {
							"pre": [-0.005, -2.025, -2.11],
							"post": [-0.005, -2.025, -2.11],
							"lerp_mode": "catmullrom"
						},
						"0.75": {
							"post": [-1.265, -1.9875, -1.78],
							"lerp_mode": "catmullrom"
						},
						"0.8333": {
							"post": [-1.725, -2, -2],
							"lerp_mode": "catmullrom"
						},
						"0.9167": {
							"post": [-1.725, -1.1125, -1.3625],
							"lerp_mode": "catmullrom"
						},
						"0.9583": {
							"post": [-1.725, -1.1125, -1.3625],
							"lerp_mode": "catmullrom"
						},
						"1.0": [-1.725, -1.32, -0.8625],
						"1.0417": [-1.725, 0, 0],
						"1.2083": [-1.725, 0, 0],
						"1.2917": [2.73, -15.7, 0],
						"1.375": [2.73, -23.45, 0]
					},
					"scale": {
						"1.4167": [1, 1, 1],
						"1.4583": [0, 0, 0]
					}
				},
				"mag_and_lefthand": {
					"rotation": {
						"0.0": [0, 0, 0],
						"0.1667": [0, 0, 0],
						"0.6667": {
							"pre": [-13.08, 0, 0],
							"post": [-13.08, 0, 0],
							"lerp_mode": "catmullrom"
						},
						"0.8333": {
							"post": [-30, 0, 0],
							"lerp_mode": "catmullrom"
						},
						"0.9583": [-33.25, 0, 0],
						"1.0": [-24.25, 0, 0],
						"1.0417": [0, 0, 0]
					},
					"position": {
						"0.0": [0, 0, 0],
						"0.1667": [8.31, -13.58, 2.39],
						"0.4167": [4.185, -2.1, 0.48],
						"0.5": [1.3875, 0.775, 0],
						"0.5833": [1.555, 1.29, -0.12],
						"0.6667": {
							"pre": [1.72, -2.025, -2.11],
							"post": [1.72, -2.025, -2.11],
							"lerp_mode": "catmullrom"
						},
						"0.75": {
							"post": [0.46, -1.9875, -1.78],
							"lerp_mode": "catmullrom"
						},
						"0.8333": {
							"post": [0, -2, -2],
							"lerp_mode": "catmullrom"
						},
						"0.9167": {
							"post": [0, -1.1125, -1.3625],
							"lerp_mode": "catmullrom"
						},
						"0.9583": {
							"post": [0, -1.1125, -1.3625],
							"lerp_mode": "catmullrom"
						},
						"1.0": [0, -1.32, -0.8625],
						"1.0417": [0, 0, 0]
					}
				},
				"mag_and_bullet": {
					"scale": {
						"0.0": [0, 0, 0],
						"0.2917": {"pre": [0, 0, 0], "post": [1, 1, 1]}
					}
				},
				"lefthand": {
					"rotation": {
						"0.0": [96.96, -29.14, -146.86],
						"0.125": [118.09235, -25.63073, -219.82659],
						"0.25": [127.39404, 4.82379, -217.03626],
						"1.2083": [127.39404, 4.82379, -217.03626],
						"1.2917": [127.39404, 4.82379, -217.03626],
						"1.5833": [96.96, -29.14, -146.86]
					},
					"position": {
						"0.0": [8.42, -11.87, -12.02],
						"0.125": [9.45, -12.145, -3.44],
						"0.25": [7.77, -16.37, -1.87],
						"1.2083": [7.77, -16.37, -1.87],
						"1.2917": [13.02, -29.095, -3.77],
						"1.375": [11.64482, -36.65005, -4.89014],
						"1.4167": [11.64482, -36.65005, -4.89014],
						"1.5": [10.81369, -14.65952, -4.97883],
						"1.5833": [8.42, -11.87, -12.02]
					},
					"scale": {
						"0.0": [1, 1.5, 1],
						"1.5833": [1, 1.5, 1]
					}
				},
				"righthand": {
					"rotation": [96.07, 8.95, -179.05],
					"position": [-6.7, -14.35, 7.425],
					"scale": [1, 1.5, 1]
				},
				"camera": {
					"rotation": {
						"0.0": {
							"post": [0, 0, 0],
							"lerp_mode": "catmullrom"
						},
						"0.0833": {
							"post": [1, 0, 0],
							"lerp_mode": "catmullrom"
						},
						"0.1667": {
							"post": [1.9981, 0.08722, -2.49848],
							"lerp_mode": "catmullrom"
						},
						"0.3333": {
							"post": [0.7481, 0.08722, -2.49848],
							"lerp_mode": "catmullrom"
						},
						"0.4583": {
							"post": [-1.50015, 0.11342, -1.49882],
							"lerp_mode": "catmullrom"
						},
						"0.5": {
							"post": [-1.49528, 0.1657, 0.5005],
							"lerp_mode": "catmullrom"
						},
						"0.5833": {
							"post": [-1.50015, 0.11342, -1.49882],
							"lerp_mode": "catmullrom"
						},
						"0.6667": {
							"post": [-1.49528, 0.1657, 0.5005],
							"lerp_mode": "catmullrom"
						},
						"0.75": {
							"post": [-0.74528, 0.1657, 0.5005],
							"lerp_mode": "catmullrom"
						},
						"0.875": {
							"post": [-1.49528, 0.1657, 0.5005],
							"lerp_mode": "catmullrom"
						},
						"1.0417": {
							"post": [-1.49794, 0.13958, -0.49916],
							"lerp_mode": "catmullrom"
						},
						"1.0833": {
							"post": [-1.49299, 0.18525, 1.25025],
							"lerp_mode": "catmullrom"
						},
						"1.1667": {
							"post": [-1.49732, 0.14611, -0.24925],
							"lerp_mode": "catmullrom"
						},
						"1.5": {
							"post": [0, 0, -1],
							"lerp_mode": "catmullrom"
						},
						"1.5833": {
							"post": [0, 0, 1.25],
							"lerp_mode": "catmullrom"
						},
						"1.6667": {
							"post": [0, 0, -0.94],
							"lerp_mode": "catmullrom"
						},
						"1.75": {
							"post": [-0.03806, 0.08468, -1.97568],
							"lerp_mode": "catmullrom"
						},
						"1.8333": [-0.07491, 0.195, 1.01911],
						"1.9583": [0, 0, 0]
					}
				},
				"bullet": {
					"scale": 1
				}
			},
			"sound_effects": {
				"0.0": {
					"effect": "tacz:type_81/type_81_inspect_smag_up"
				},
				"0.5833": {
					"effect": "tacz:type_81/type_81_reload_fast_magout"
				},
				"0.6667": {
					"effect": "tacz:type_81/type_81_reload_fast_maghit"
				},
				"1.0": {
					"effect": "tacz:type_81/type_81_reload_fast_magin"
				},
				"1.4583": {
					"effect": "tacz:type_81/type_81_reload_fast_shoulder"
				}
			}
		},
		"reload_empty": {
			"loop": true,
			"animation_length": 2.5417,
			"bones": {
				"right": {
					"rotation": [66.91942, -9.44494, 4.00011],
					"position": {
						"0.0": [-5.23437, -14.14062, 6.14063],
						"1.6667": [-5.23, -14.14, 6.14],
						"1.75": [-7.2925, -10.14, -2.36],
						"1.8333": [-7.29, -10.14, 1.64],
						"1.9167": [-7.29, -10.14, 1.64],
						"1.9583": [-7.29, -10.14, 15.64],
						"2.0417": [-7.29, -14.14, 15.64],
						"2.125": [-5.23, -14.14, 6.14]
					},
					"scale": [1, 1.5, 1]
				},
				"left": {
					"rotation": {
						"0.0": {
							"post": [47.01033, -3.11133, -55.20596],
							"lerp_mode": "catmullrom"
						},
						"0.25": {
							"post": [45.84873, -12.18547, -46.52197],
							"lerp_mode": "catmullrom"
						},
						"0.375": {
							"post": [20.07595, -33.7003, -19.78748],
							"lerp_mode": "catmullrom"
						},
						"0.4583": {
							"post": [48.61342, -30.51966, -42.60122],
							"lerp_mode": "catmullrom"
						},
						"0.6667": {
							"post": [55.28015, -0.54071, -66.33528],
							"lerp_mode": "catmullrom"
						},
						"1.0": {
							"post": [53.89996, -14.84194, -56.12957],
							"lerp_mode": "catmullrom"
						},
						"1.1667": {
							"post": [49.36406, -29.0104, -44.11306],
							"lerp_mode": "catmullrom"
						},
						"1.2083": {
							"post": [49.36406, -29.0104, -44.11306],
							"lerp_mode": "catmullrom"
						},
						"1.25": {
							"post": [55.17301, -4.23769, -63.767],
							"lerp_mode": "catmullrom"
						},
						"1.5417": {
							"post": [55.17, -4.24, -63.77],
							"lerp_mode": "catmullrom"
						},
						"1.625": {
							"post": [24.71423, -28.25073, -44.85365],
							"lerp_mode": "catmullrom"
						},
						"1.7083": {
							"post": [47.01033, -3.11133, -55.20596],
							"lerp_mode": "catmullrom"
						}
					},
					"position": {
						"0.0": {
							"post": [7.875, -11.17187, -7.3125],
							"lerp_mode": "catmullrom"
						},
						"0.0417": {
							"post": [7.88, -13.17, -7.31],
							"lerp_mode": "catmullrom"
						},
						"0.125": {
							"post": [7.88, -14.17, -1.31],
							"lerp_mode": "catmullrom"
						},
						"0.2083": {
							"post": [7.88, -15.17, 1.69],
							"lerp_mode": "catmullrom"
						},
						"0.25": {
							"post": [7.88, -15.46687, 1.69],
							"lerp_mode": "catmullrom"
						},
						"0.2917": {
							"post": [7.88, -15.47, 1.3775],
							"lerp_mode": "catmullrom"
						},
						"0.3333": {
							"post": [7.88, -15.47, -0.745],
							"lerp_mode": "catmullrom"
						},
						"0.375": {
							"post": [8.88, -15.47, -3.8125],
							"lerp_mode": "catmullrom"
						},
						"0.4583": {
							"post": [11.88, -22.47, -8.81],
							"lerp_mode": "catmullrom"
						},
						"0.5833": {
							"post": [11.88, -40.47, -8.81],
							"lerp_mode": "catmullrom"
						},
						"0.625": {
							"post": [11.88, -40.47, 0.19],
							"lerp_mode": "catmullrom"
						},
						"0.6667": {
							"post": [5.88, -13.47, 37.19],
							"lerp_mode": "catmullrom"
						},
						"0.7083": [5.88, -17.47, 36.19],
						"0.875": [5.88, -21.44, 30.68],
						"0.9583": [5.88, -23.47, 2.19],
						"1.0": {
							"pre": [5.88, -18.7825, -1.9975],
							"post": [5.88, -18.7825, -1.9975],
							"lerp_mode": "catmullrom"
						},
						"1.0417": {
							"post": [5.88, -16.7825, -2.9975],
							"lerp_mode": "catmullrom"
						},
						"1.2083": {
							"post": [5.88, -16.7825, -2.9975],
							"lerp_mode": "catmullrom"
						},
						"1.25": {
							"post": [5.88, -17.4625, 3],
							"lerp_mode": "catmullrom"
						},
						"1.5": {
							"post": [5.88, -17.46, 3],
							"lerp_mode": "catmullrom"
						},
						"1.5833": {
							"post": [9.88, -11.46, 3],
							"lerp_mode": "catmullrom"
						},
						"1.6667": {
							"post": [7.875, -11.17187, -7.3125],
							"lerp_mode": "catmullrom"
						}
					},
					"scale": [1, 1.5, 1]
				},
				"root": {
					"rotation": {
						"0.0": {
							"post": [0, 0, 0],
							"lerp_mode": "catmullrom"
						},
						"0.1667": {
							"post": [-1.28994, -0.08507, 1.00056],
							"lerp_mode": "catmullrom"
						},
						"0.2917": {
							"post": [-16.92494, -2.1215, -18.87102],
							"lerp_mode": "catmullrom"
						},
						"0.3333": {
							"post": [-16.97261, -1.68421, -17.43538],
							"lerp_mode": "catmullrom"
						},
						"0.375": {
							"post": [-16.83875, -4.52966, -26.98008],
							"lerp_mode": "catmullrom"
						},
						"0.4583": {
							"post": [-17.37343, -0.18581, -12.90557],
							"lerp_mode": "catmullrom"
						},
						"0.5417": {
							"post": [-15.87683, -2.48491, -20.06799],
							"lerp_mode": "catmullrom"
						},
						"0.625": {
							"post": [-16.84432, -2.70245, -20.78649],
							"lerp_mode": "catmullrom"
						},
						"0.7917": {
							"post": [-18.5097, -3.26633, -24.48192],
							"lerp_mode": "catmullrom"
						},
						"0.9167": {
							"post": [-19.90721, -3.86371, -26.13],
							"lerp_mode": "catmullrom"
						},
						"0.9583": {
							"post": [-20.58336, -5.73953, -31.03448],
							"lerp_mode": "catmullrom"
						},
						"1.0": {
							"post": [-20.94662, -7.60882, -35.72104],
							"lerp_mode": "catmullrom"
						},
						"1.0417": {
							"post": [-21.67159, -5.06223, -29.16003],
							"lerp_mode": "catmullrom"
						},
						"1.0833": {
							"post": [-22.38557, -5.43159, -30.83273],
							"lerp_mode": "catmullrom"
						},
						"1.125": {
							"post": [-22.09405, -5.2847, -30.18493],
							"lerp_mode": "catmullrom"
						},
						"1.1667": {
							"post": [-21.47097, -5.88955, -31.26202],
							"lerp_mode": "catmullrom"
						},
						"1.2917": {
							"post": [-21.73162, -4.78489, -28.46061],
							"lerp_mode": "catmullrom"
						},
						"1.5417": {
							"post": [-20.08983, -9.7136, -41.40496],
							"lerp_mode": "catmullrom"
						},
						"1.5833": {
							"post": [-19.84199, -10.22582, -42.83642],
							"lerp_mode": "catmullrom"
						},
						"1.625": {
							"post": [-19.66935, -10.56383, -43.79326],
							"lerp_mode": "catmullrom"
						},
						"1.6667": {
							"post": [-20.32426, -9.19545, -39.97791],
							"lerp_mode": "catmullrom"
						},
						"1.7083": {
							"post": [-19.49078, -10.89897, -44.75221],
							"lerp_mode": "catmullrom"
						},
						"1.7917": {
							"post": [-20.00871, -9.88501, -41.88162],
							"lerp_mode": "catmullrom"
						},
						"1.875": {
							"post": [-19.49078, -10.89897, -44.75221],
							"lerp_mode": "catmullrom"
						},
						"2.1667": {
							"post": [0, 0, 1.25],
							"lerp_mode": "catmullrom"
						},
						"2.25": {
							"post": [0, 0, -0.94],
							"lerp_mode": "catmullrom"
						},
						"2.3333": {
							"post": [-0.03806, 0.08468, -1.97568],
							"lerp_mode": "catmullrom"
						},
						"2.4167": [-0.07491, 0.195, 1.01911],
						"2.5417": [0, 0, 0]
					},
					"position": {
						"0.0": {
							"post": [0, 0, 0],
							"lerp_mode": "catmullrom"
						},
						"0.0833": {
							"post": [0, -0.375, 0],
							"lerp_mode": "catmullrom"
						},
						"0.1667": {
							"post": [0, -0.5025, 0.65625],
							"lerp_mode": "catmullrom"
						},
						"0.2083": {
							"post": [0, -0.53687, 0.58],
							"lerp_mode": "catmullrom"
						},
						"0.25": {
							"post": [0, -0.5, 0.285],
							"lerp_mode": "catmullrom"
						},
						"0.2917": {
							"post": [0, -0.74687, 0.27],
							"lerp_mode": "catmullrom"
						},
						"0.3333": {
							"post": [0, -0.90437, -0.5225],
							"lerp_mode": "catmullrom"
						},
						"0.4167": {
							"post": [0, -1.235, 0.53],
							"lerp_mode": "catmullrom"
						},
						"0.5": {
							"post": [0, -0.975, 0.66],
							"lerp_mode": "catmullrom"
						},
						"0.5417": {
							"post": [0, -0.75, 0.7275],
							"lerp_mode": "catmullrom"
						},
						"0.5833": {
							"post": [0, -1.1075, 0.74],
							"lerp_mode": "catmullrom"
						},
						"0.9167": {
							"post": [0, -0.1825, 0.73],
							"lerp_mode": "catmullrom"
						},
						"0.9583": {
							"post": [0, -0.43, 0.73],
							"lerp_mode": "catmullrom"
						},
						"1.0": {
							"post": [0, -0.35, 0.73],
							"lerp_mode": "catmullrom"
						},
						"1.0417": {
							"post": [0, -0.7625, 1.355],
							"lerp_mode": "catmullrom"
						},
						"1.0833": {
							"post": [0, -0.81, 0.6425],
							"lerp_mode": "catmullrom"
						},
						"1.25": {
							"post": [0, -1.32312, 0.73],
							"lerp_mode": "catmullrom"
						},
						"1.375": {
							"post": [0, -0.695, 0.73],
							"lerp_mode": "catmullrom"
						},
						"1.4583": {
							"post": [0, -0.42437, 0.73],
							"lerp_mode": "catmullrom"
						},
						"1.5833": {
							"post": [0, -0.42, 0.605],
							"lerp_mode": "catmullrom"
						},
						"1.625": {
							"post": [0, -0.42, 0.985],
							"lerp_mode": "catmullrom"
						},
						"1.6667": {
							"post": [0, -0.42, 1.5525],
							"lerp_mode": "catmullrom"
						},
						"1.7083": {
							"post": [0, -0.42, 1.495],
							"lerp_mode": "catmullrom"
						},
						"1.8333": {
							"post": [0, -0.42, 1.125],
							"lerp_mode": "catmullrom"
						},
						"1.9167": {
							"post": [0, -1.4375, -0.805],
							"lerp_mode": "catmullrom"
						},
						"1.9583": {
							"post": [0, -1.34, -2.3975],
							"lerp_mode": "catmullrom"
						},
						"2.0833": {
							"post": [0, -1.34, -2.3975],
							"lerp_mode": "catmullrom"
						},
						"2.2083": {
							"post": [0, -0.01562, 0.9375],
							"lerp_mode": "catmullrom"
						},
						"2.3333": {
							"post": [0, 0, 0],
							"lerp_mode": "catmullrom"
						}
					}
				},
				"additional_magazine": {
					"rotation": {
						"0.3333": [0, 0, 0],
						"0.375": [-30, 0, 0],
						"0.4583": [-35.5, 0, 0],
						"0.75": [-418, 0, 0],
						"0.8333": [-973, 0, 0]
					},
					"position": {
						"0.3333": [0, 0, 0],
						"0.375": [0, -0.47812, -0.75],
						"0.4167": [0, -2.5, -2.75],
						"0.5": [0, -8.5, -14.75],
						"0.5833": [0, -20.5, -16.75],
						"0.6667": [0, -35.5, -13.75],
						"0.75": [0, -49.5, -3.75]
					},
					"scale": {
						"0.8333": [1, 1, 1],
						"0.875": [0, 0, 0]
					}
				},
				"mag_and_bullet": {
					"scale": {
						"0.125": [0, 0, 0],
						"0.1667": {"pre": [0, 0, 0], "post": [1, 1, 1]}
					}
				},
				"bullet": {
					"scale": 1
				},
				"bullet_in_mag": {
					"scale": {
						"0.0": [0, 0, 0],
						"0.8333": [0, 0, 0],
						"0.875": [1, 1, 1]
					}
				},
				"lefthand": {
					"rotation": {
						"0.0": [96.96, -29.14, -146.86],
						"0.1667": [91.3539, -28.44609, -105.33059],
						"1.0417": [91.3539, -28.44609, -105.33059],
						"1.1667": [91.3539, -28.44609, -105.33059],
						"1.25": {
							"pre": [91.35, -28.45, -105.33],
							"post": [91.35, -28.45, -105.33],
							"lerp_mode": "catmullrom"
						},
						"1.3333": {
							"post": [102.91116, -65.92912, -86.34517],
							"lerp_mode": "catmullrom"
						},
						"1.5833": {
							"post": [124.681, -77.26469, -103.91998],
							"lerp_mode": "catmullrom"
						},
						"1.6667": {
							"post": [272.42321, -62.15236, -257.05726],
							"lerp_mode": "catmullrom"
						},
						"1.875": {
							"post": [119.21975, -85.45478, -121.64116],
							"lerp_mode": "catmullrom"
						},
						"1.9167": {
							"post": [254.42, -62.15, -257.06],
							"lerp_mode": "catmullrom"
						},
						"2.0": [95.1915, -2.45226, -104.73658],
						"2.0833": [102.3705, -20.24409, -132.81886],
						"2.1667": [96.96, -29.14, -146.86]
					},
					"position": {
						"0.0": [8.42, -11.87, -12.02],
						"0.0833": {
							"pre": [13.45125, -17.36375, 3.905],
							"post": [13.45125, -17.36375, 3.905],
							"lerp_mode": "catmullrom"
						},
						"0.1667": [7.30125, -17.38875, -3.005],
						"1.0417": [7.30125, -17.38875, -3.005],
						"1.1667": [7.30125, -17.38875, -3.005],
						"1.25": {
							"pre": [6.72625, -23.68375, -0.4575],
							"post": [6.72625, -23.68375, -0.4575],
							"lerp_mode": "catmullrom"
						},
						"1.3333": {
							"post": [1.91375, -23.68375, -0.4575],
							"lerp_mode": "catmullrom"
						},
						"1.4167": {
							"post": [1.91625, -12.68375, -0.4575],
							"lerp_mode": "catmullrom"
						},
						"1.5": [3.91625, -12.12125, 3.1675],
						"1.5833": [3.91625, -12.12375, 3.2875],
						"1.625": [3.91625, -12.12375, 5.47],
						"1.6667": [2.91625, -12.12375, 13.595],
						"1.875": [2.91625, -12.12375, 8.5925],
						"1.9583": [2.91625, -22.12375, 13.5925],
						"2.0": [7.30125, -23.63875, -7.255],
						"2.0417": [11.195, -18.175, -4.33],
						"2.0833": [9.81, -15.02, -7.13],
						"2.125": [8.42, -11.87, -12.02]
					},
					"scale": [1, 1.5, 1]
				},
				"bolt": {
					"position": {
						"0.0": [0, 0, 5.1875],
						"1.5833": [0, 0, 5.19],
						"1.625": [0, 0, 6.0025],
						"1.6667": [0, 0, 0]
					}
				},
				"righthand": {
					"rotation": [96.07, 8.95, -179.05],
					"position": [-6.7, -14.35, 7.425],
					"scale": [1, 1.5, 1]
				},
				"camera": {
					"rotation": {
						"0.0": {
							"post": [0, 0, 0],
							"lerp_mode": "catmullrom"
						},
						"0.1667": {
							"post": [-1.99878, -0.06978, -1.99878],
							"lerp_mode": "catmullrom"
						},
						"0.2917": {
							"post": [-0.80707, -0.06643, -2.08463],
							"lerp_mode": "catmullrom"
						},
						"0.3333": {
							"post": [-0.80811, -0.05234, -1.08473],
							"lerp_mode": "catmullrom"
						},
						"0.375": {
							"post": [-0.80969, 0.00643, 3.07623],
							"lerp_mode": "catmullrom"
						},
						"0.4583": {
							"post": [-0.80935, -0.02358, 0.9524],
							"lerp_mode": "catmullrom"
						},
						"0.625": {
							"post": [0.18947, -0.03157, 3.16506],
							"lerp_mode": "catmullrom"
						},
						"0.7917": {
							"post": [0, 0, 0],
							"lerp_mode": "catmullrom"
						},
						"0.9583": {
							"post": [0, 0, -2],
							"lerp_mode": "catmullrom"
						},
						"1.0": {
							"post": [0, 0, -3],
							"lerp_mode": "catmullrom"
						},
						"1.0417": {
							"post": [0, 0, 1],
							"lerp_mode": "catmullrom"
						},
						"1.0833": {
							"post": [0, 0, 0],
							"lerp_mode": "catmullrom"
						},
						"1.25": {
							"post": [0, 0, 1],
							"lerp_mode": "catmullrom"
						},
						"1.5833": {
							"post": [0, 0, 2],
							"lerp_mode": "catmullrom"
						},
						"1.625": {
							"post": [0, 0, 4],
							"lerp_mode": "catmullrom"
						},
						"1.6667": {
							"post": [0, 0, 6],
							"lerp_mode": "catmullrom"
						},
						"1.7083": {
							"post": [0, 0, 2],
							"lerp_mode": "catmullrom"
						},
						"1.7917": {
							"post": [0, 0, 6],
							"lerp_mode": "catmullrom"
						},
						"1.8333": {
							"post": [0, 0, 4],
							"lerp_mode": "catmullrom"
						},
						"2.125": {
							"post": [0, 0, 1],
							"lerp_mode": "catmullrom"
						},
						"2.1667": {
							"post": [0.04687, 0.00082, 1.63278],
							"lerp_mode": "catmullrom"
						},
						"2.2083": {
							"post": [0.11016, 0.009, -1.7301],
							"lerp_mode": "catmullrom"
						},
						"2.2917": {
							"post": [0.1841, 0.00616, 0.04969],
							"lerp_mode": "catmullrom"
						},
						"2.375": {
							"post": [0, 0, 0],
							"lerp_mode": "catmullrom"
						}
					}
				},
				"mag_and_lefthand": {
					"rotation": {
						"0.0": [0, 0, 0],
						"0.0833": [0, 0, 0],
						"0.1667": [0, 0, 0],
						"0.2083": [-13.18443, -26.06476, -61.93548],
						"0.375": [-13.18443, -26.06476, -61.93548],
						"0.4583": [-52.79507, -21.07398, -50.07631],
						"0.5": [-33.3157, -21.06243, -50.04887],
						"0.625": [-28.29005, -10.66703, -25.34716],
						"0.6667": [-37.09668, -3.55568, -8.44905],
						"0.75": [-34, 0, 0],
						"0.7917": [-31.5, 0, 0],
						"0.9167": [-34, 0, 0],
						"1.0": [-29, 0, 0],
						"1.0417": [0, 0, 0]
					},
					"position": {
						"0.0": [0, 0, 0],
						"0.0417": [1.55652, -0.99519, -0.04486],
						"0.0833": [0, -1.25, 7.25],
						"0.1667": [0, -5, 29],
						"0.2083": [0, -0.9375, 3.9375],
						"0.2917": [1, -0.51, 3.74],
						"0.375": [0, -0.8725, 2.3775],
						"0.4167": [0, -1.9375, -1.7075],
						"0.5": [1.25, -2.5, -3.9],
						"0.5833": [-0.625, -3.2225, -6.6625],
						"0.7083": [0, -1.06, -2.09],
						"0.75": [0, -0.06, -2.1875],
						"0.875": [0, 0.19, -2.09],
						"0.9167": [0, -0.06, -2.1875],
						"1.0": [0, -0.06, -1.9975],
						"1.0417": [0, 0, 0]
					}
				},
				"mag_release": {
					"rotation": {
						"0.2917": [0, 0, 0],
						"0.375": [-47.5, 0, 0],
						"0.5": [-47.5, 0, 0],
						"0.5417": [0, 0, 0],
						"1.0": [0, 0, 0],
						"1.0417": [-47.5, 0, 0],
						"1.0833": [-47.5, 0, 0],
						"1.125": [0, 0, 0]
					}
				}
			},
			"sound_effects": {
				"0.0": {
					"effect": "tacz:type_81/type_81_reload_raise_quick_up"
				},
				"0.25": {
					"effect": "tacz:type_81/type_81_reload_fast_empty_magout"
				},
				"0.5417": {
					"effect": "tacz:type_81/type_81_reload_fast_maghit"
				},
				"0.9583": {
					"effect": "tacz:type_81/type_81_reload_fast_empty_magin"
				},
				"1.2917": {
					"effect": "tacz:type_81/type_81_reload_fast_empty_chamber"
				},
				"2.0833": {
					"effect": "tacz:type_81/type_81_reload_fast_empty_shoulder"
				}
			}
		},
		"static_bolt_caught": {
			"loop": true,
			"bones": {
				"bolt": {
					"position": [0, 0, 5.1875]
				}
			}
		}
	}
}