{
  "model": "the_continental:gun/9258.geo",
  "texture": "the_continental:gun/uv/9258",
  "lod": {
    "model": "the_continental:gun/lod/9258",
    "texture": "the_continental:gun/lod/9258"
  },
  "hud": "the_continental:gun/hud/9258",
  "slot": "the_continental:gun/slot/9258",
  "animation": "the_continental:9258",
  "use_default_animation": "pistol",
  "third_person_animation": "default",
  "transform": {
    "scale": {
      "thirdperson": [0.6, 0.6, 0.6],
      "ground": [0.6, 0.6, 0.6],
      "fixed": [1.2, 1.2, 1.2]
    }
  },
  "shell": {
    "initial_velocity": [8.0, 5.0, -0.5],
    "random_velocity": [2.5, 1.5, 0.25],
    "acceleration": [0.0, -20, 0.0],
    "angular_velocity": [360, -720, 90],
    "living_time": 1.0
  },
  "muzzle_flash": {
    "texture": "tacz:flash/common_muzzle_flash",
    "scale": 0.4
  },
  "sounds": {
        "shoot": "the_continental:9258/9258_shoot",
        "shoot_3p": "the_continental:9258/9258_shoot_3p",
        "silence": "the_continental:9258/9258_silence",
        "silence_3p": "the_continental:9258/9258_silence_3p"
    },
  "offhand_show": {
    "pos": [4, 13, -1],
    "rotate": [-90, -35, 90],
    "scale": [0.5, 0.5, 0.5]
  },
  "hotbar_show": {
    "0": {
      "pos": [-5, 13, -1],
      "rotate": [-90, -35, 90],
      "scale": [0.5, 0.5, 0.5]
    }
  }
}