{
  "model": "the_continental:gun/apb.geo",
  "texture": "the_continental:gun/uv/apb",
  "lod": {
    "model": "the_continental:gun/lod/apb",
    "texture": "the_continental:gun/lod/apb"
  },
  "hud": "the_continental:gun/hud/apb",
  "slot": "the_continental:gun/slot/apb",
  "animation": "the_continental:apb",
  "use_default_animation": "pistol",
  "player_animator_3rd": "tacz:pistol_default.player_animation",
  "transform": {
    "scale": {
      "thirdperson": [0.6, 0.6, 0.6],
      "ground": [0.6, 0.6, 0.6],
      "fixed": [1.2, 1.2, 1.2]
    }
  },
  "shell": {
    "initial_velocity": [5.0, 3.0, 1],
    "random_velocity": [2.5, 2, 0.25],
    "acceleration": [0.0, -20, 0.0],
    "angular_velocity": [360, -960, 90],
    "living_time": 1.0
  },
  "muzzle_flash": {
    "texture": "tacz:flash/common_muzzle_flash",
    "scale": 0.6
  },
  "iron_zoom": 1.5,
  "sounds": {
    "shoot": "the_continental:apb/apb_shoot",
    "shoot_3p": "the_continental:apb/apb_shoot_3p",
    "silence": "the_continental:apb/apb_silence",
    "silence_3p": "the_continental:apb/apb_silence_3p"
  },
  "offhand_show": {
    "pos": [4, 13, -1],
    "rotate": [-90, -35, 90],
    "scale": [0.5, 0.5, 0.5]
  },
  "hotbar_show": {
    "0": {
      "pos": [-5, 13, -1],
      "rotate": [-90, -35, 90],
      "scale": [0.5, 0.5, 0.5]
    }
  }
}