{
    "model": "the_continental:gun/cslp12b.geo",
    "texture": "the_continental:gun/uv/cslp12b",
    "hud": "the_continental:gun/hud/cslp12b",
    "slot": "the_continental:gun/slot/cslp12b",
    "animation": "the_continental:cslp12b",
    "use_default_animation": "pistol",
    "third_person_animation": "default",
    "lod": {
      "model": "the_continental:gun/lod/cslp12b",
      "texture": "the_continental:gun/lod/cslp12b"
    },
    "transform": {
      "scale": {
        "thirdperson": [0.6, 0.6, 0.6],
        "ground": [0.6, 0.6, 0.6],
        "fixed": [1.2, 1.2, 1.2]
      }
    },
    "muzzle_flash": {
      "texture": "tacz:flash/common_muzzle_flash",
      "scale": 0.75
    },
    "shell": {
        "initial_velocity": [8.0, 5.0, -0.5],
        "random_velocity": [2.5, 1.5, 0.25],
        "acceleration": [0.0, -20, 0.0],
        "angular_velocity": [-720, -720, 90],
        "living_time": 1.0
    },
    "sounds": {
        "shoot": "the_continental:cslp12b/cslp12b_shoot",
        "shoot_3p": "the_continental:cslp12b/cslp12b_shoot_3p",
        "silence": "the_continental:cslp12b/cslp12b_silence",
        "silence_3p": "the_continental:cslp12b/cslp12b_silence_3p"
    },
    "offhand_show": {
        "pos": [4, 13, -1],
        "rotate": [-90, -35, 90],
        "scale": [0.5, 0.5, 0.5]
    },
    "hotbar_show": {
        "0": {
            "pos": [-5, 13, -1],
            "rotate": [-90, -35, 90],
            "scale": [0.5, 0.5, 0.5]
        }
    }
  }