{
    "model": "the_continental:gun/g34_copperhead_geo",
    "texture": "the_continental:gun/uv/g34_copperhead",
    "lod": {
        "model": "the_continental:gun/lod/g34_copperhead_lod_geo",
        "texture": "the_continental:gun/lod/g34_copperhead_lod"
    },
    "hud": "the_continental:gun/hud/g34_copperhead",
    "slot": "the_continental:gun/slot/g34_copperhead",
    "animation": "the_continental:g34_copperhead",
    "use_default_animation": "pistol",
    "third_person_animation": "default",
    "transform": {
        "scale": {
            "thirdperson": [
                0.6,
                0.6,
                0.6
            ],
            "ground": [
                0.6,
                0.6,
                0.6
            ],
            "fixed": [
                1.2,
                1.2,
                1.2
            ]
        }
    },
    "muzzle_flash": {
      "texture": "tacz:flash/common_muzzle_flash",
      "scale": 0.75
    },
    "shell": {
        "initial_velocity": [5, 2, 1],
        "random_velocity": [1, 1, 0.25],
        "acceleration": [0.0, -10, 0.0],
        "angular_velocity": [360, -1200, 90],
        "living_time": 1.0
    },
    "sounds": {
        "shoot": "the_continental:g34_copperhead/g34_copperhead_shoot",
        "shoot_3p": "the_continental:g34_copperhead/g34_copperhead_shoot",
        "reload_empty": "the_continental:g34_copperhead/g34_copperhead_reload_empty",
        "reload_tactical": "the_continental:g34_copperhead/g34_copperhead_reload_tactical",
        "inspect": "the_continental:g34_copperhead/g34_copperhead_inspect",
        "inspect_empty": "the_continental:g34_copperhead/g34_copperhead_inspect_empty",
        "draw": "the_continental:g34_copperhead/g34_copperhead_draw",
        "silence": "the_continental:g34_copperhead/g34_copperhead_silence",
        "silence_3p": "the_continental:g34_copperhead/g34_copperhead_silence"
    }
}