{
    "model": "the_continental:gun/mk23.geo",
    "texture": "the_continental:gun/uv/mk23",
    "hud": "the_continental:gun/hud/mk23",
    "slot": "the_continental:gun/slot/mk23",
    "animation": "the_continental:cyrex",
    "use_default_animation": "pistol",
    "third_person_animation": "default",
    "lod": {
      "model": "the_continental:gun/lod/mk23",
      "texture": "the_continental:gun/lod/mk23"
    },
    "transform": {
      "scale": {
        "thirdperson": [0.6, 0.6, 0.6],
        "ground": [0.6, 0.6, 0.6],
        "fixed": [1.2, 1.2, 1.2]
      }
    },
    "muzzle_flash": {
      "texture": "tacz:flash/common_muzzle_flash",
      "scale": 0.75
    },
    "shell": {
        "initial_velocity": [8.0, 5.0, -0.5],
        "random_velocity": [2.5, 1.5, 0.25],
        "acceleration": [0.0, -20, 0.0],
        "angular_velocity": [-720, -720, 90],
        "living_time": 1.0
    },
    "sounds": {
        "shoot": "the_continental:cyrex/cyrex_shoot",
        "shoot_3p": "the_continental:cyrex/cyrex_shoot_3p",
        "reload_empty": "the_continental:cyrex/cyrex_reload_empty",
        "reload_tactical": "the_continental:cyrex/cyrex_reload_tactical",
        "inspect": "the_continental:cyrex/cyrex_inspect",
        "inspect_empty": "the_continental:cyrex/cyrex_inspect_empty",
        "draw": "the_continental:cyrex/cyrex_draw",
        "put_away": "the_continental:cyrex/cyrex_put_away",
        "silence": "the_continental:cyrex/cyrex_silence",
        "silence_3p": "the_continental:cyrex/cyrex_silence_3p"
    },
    "offhand_show": {
        "pos": [4, 13, -1],
        "rotate": [-90, -35, 90],
        "scale": [0.5, 0.5, 0.5]
    },
    "hotbar_show": {
        "0": {
            "pos": [-5, 13, -1],
            "rotate": [-90, -35, 90],
            "scale": [0.5, 0.5, 0.5]
        }
    }
  }