{
    "materials": [
      {
        "item": {
          "tag": "forge:ingots/iron"
        },
        "count": 8
      },
      {
        "item": {
          "tag": "forge:ingots/copper"
        },
        "count": 4
      },
      {
      "item": {
        "tag": "forge:dusts/redstone"
      },
      "count": 2
    }
    ],
    "result": {
      "type": "attachment",
      "id": "the_continental:muzzle_silencer_qys181"
    },
    "type": "tacz:gun_smith_table_crafting"
  }