{
	"format_version": "1.12.0",
	"minecraft:geometry": [
		{
			"description": {
				"identifier": "geometry.unknown",
				"texture_width": 16,
				"texture_height": 16,
				"visible_bounds_width": 2,
				"visible_bounds_height": 1.5,
				"visible_bounds_offset": [0, 0.25, 0]
			},
			"bones": [
				{
					"name": "bone",
					"pivot": [0, 0, 0],
					"cubes": [
						{
							"origin": [-0.17187, -0.17187, 0.375],
							"size": [0.34375, 0.34375, 0.0625],
							"uv": {
								"north": {"uv": [0, 0], "uv_size": [0.34375, 0.34375]},
								"east": {"uv": [0, 0], "uv_size": [0.0625, 0.34375]},
								"south": {"uv": [0, 0], "uv_size": [0.34375, 0.34375]},
								"west": {"uv": [0, 0], "uv_size": [0.0625, 0.34375]},
								"up": {"uv": [0.34375, 0.0625], "uv_size": [-0.34375, -0.0625]},
								"down": {"uv": [0.34375, 0.0625], "uv_size": [-0.34375, -0.0625]}
							}
						},
						{
							"origin": [-0.23437, -0.23437, 0.4375],
							"size": [0.46875, 0.46875, 0.0625],
							"uv": {
								"north": {"uv": [0, 0], "uv_size": [0.46875, 0.46875]},
								"east": {"uv": [0, 0], "uv_size": [0.0625, 0.46875]},
								"south": {"uv": [0, 0], "uv_size": [0.46875, 0.46875]},
								"west": {"uv": [0, 0], "uv_size": [0.0625, 0.46875]},
								"up": {"uv": [0.46875, 0.0625], "uv_size": [-0.46875, -0.0625]},
								"down": {"uv": [0.46875, 0.0625], "uv_size": [-0.46875, -0.0625]}
							}
						},
						{
							"origin": [-0.23437, -0.23437, -0.5],
							"size": [0.46875, 0.46875, 0.875],
							"uv": {
								"north": {"uv": [0, 0], "uv_size": [0.46875, 0.46875]},
								"east": {"uv": [0, 0], "uv_size": [0.875, 0.46875]},
								"south": {"uv": [0, 0], "uv_size": [0.46875, 0.46875]},
								"west": {"uv": [0, 0], "uv_size": [0.875, 0.46875]},
								"up": {"uv": [0.46875, 0.875], "uv_size": [-0.46875, -0.875]},
								"down": {"uv": [0.46875, 0.875], "uv_size": [-0.46875, -0.875]}
							}
						}
					]
				}
			]
		}
	]
}