{
	"format_version": "1.12.0",
	"minecraft:geometry": [
		{
			"description": {
				"identifier": "geometry.unknown",
				"texture_width": 8,
				"texture_height": 8,
				"visible_bounds_width": 2,
				"visible_bounds_height": 1.5,
				"visible_bounds_offset": [0, 0.25, 0]
			},
			"bones": [
				{
					"name": "bullet",
					"pivot": [0, 0, 0],
					"cubes": [
						{
							"origin": [-0.247, -0.247, -0.51284],
							"size": [0.494, 0.494, 0.9139],
							"uv": {
								"north": {"uv": [0, 2], "uv_size": [0.5, 0.5]},
								"east": {"uv": [0, 0], "uv_size": [1, 0.5]},
								"south": {"uv": [2, 0], "uv_size": [0.5, 0.5]},
								"west": {"uv": [0, 1], "uv_size": [1, 0.5]},
								"up": {"uv": [1, 0], "uv_size": [0.5, 1]},
								"down": {"uv": [1, 2], "uv_size": [0.5, -1]}
							}
						},
						{
							"origin": [-0.20012, -0.20012, 0.40106],
							"size": [0.40025, 0.40025, 0.0625],
							"uv": {
								"east": {"uv": [2, 1], "uv_size": [0.5, 0.5]},
								"west": {"uv": [0, 3], "uv_size": [0.5, 0.5]},
								"up": {"uv": [3, 0], "uv_size": [0.5, 0.5]},
								"down": {"uv": [1, 3.5], "uv_size": [0.5, -0.5]}
							}
						},
						{
							"origin": [-0.247, -0.247, 0.46356],
							"size": [0.494, 0.494, 0.0625],
							"uv": {
								"north": {"uv": [3, 1], "uv_size": [0.5, 0.5]},
								"east": {"uv": [2, 3], "uv_size": [0.5, 0.5]},
								"south": {"uv": [3, 2], "uv_size": [0.5, 0.5]},
								"west": {"uv": [3, 3], "uv_size": [0.5, 0.5]},
								"up": {"uv": [0, 4], "uv_size": [0.5, 0.5]},
								"down": {"uv": [4, 0.5], "uv_size": [0.5, -0.5]}
							}
						}
					]
				}
			]
		}
	]
}