{
	"format_version": "1.12.0",
	"minecraft:geometry": [
		{
			"description": {
				"identifier": "geometry.unknown",
				"texture_width": 16,
				"texture_height": 16,
				"visible_bounds_width": 2,
				"visible_bounds_height": 1.5,
				"visible_bounds_offset": [0, 0.25, 0]
			},
			"bones": [
				{
					"name": "bullet",
					"pivot": [0, 0, 0],
					"cubes": [
						{
							"origin": [-0.181, -0.18762, -0.55599],
							"size": [0.371, 0.371, 0.09],
							"uv": {
								"north": {"uv": [0, 0], "uv_size": [1, 1]},
								"east": {"uv": [0, 1], "uv_size": [1, 1]},
								"south": {"uv": [1, 0], "uv_size": [1, 1]},
								"west": {"uv": [1, 1], "uv_size": [1, 1]},
								"up": {"uv": [0, 2], "uv_size": [1, 1]},
								"down": {"uv": [2, 1], "uv_size": [1, -1]}
							}
						},
						{
							"origin": [-0.152, -0.15862, 0.25251],
							"size": [0.312, 0.312, 0.07799],
							"uv": {
								"north": {"uv": [1, 2], "uv_size": [1, 1]},
								"east": {"uv": [2, 1], "uv_size": [1, 1]},
								"south": {"uv": [2, 2], "uv_size": [1, 1]},
								"west": {"uv": [0, 3], "uv_size": [1, 1]},
								"up": {"uv": [3, 0], "uv_size": [1, 1]},
								"down": {"uv": [1, 4], "uv_size": [1, -1]}
							}
						},
						{
							"origin": [-0.211, -0.21662, 0.3305],
							"size": [0.43, 0.43, 0.05901],
							"uv": {
								"north": {"uv": [3, 1], "uv_size": [1, 1]},
								"east": {"uv": [2, 3], "uv_size": [1, 1]},
								"south": {"uv": [3, 2], "uv_size": [1, 1]},
								"west": {"uv": [3, 3], "uv_size": [1, 1]},
								"up": {"uv": [0, 4], "uv_size": [1, 1]},
								"down": {"uv": [4, 1], "uv_size": [1, -1]}
							}
						},
						{
							"origin": [-0.211, -0.21662, -0.48599],
							"size": [0.43, 0.43, 0.7385],
							"uv": {
								"north": {"uv": [1, 4], "uv_size": [1, 1]},
								"east": {"uv": [4, 1], "uv_size": [1, 1]},
								"south": {"uv": [2, 4], "uv_size": [1, 1]},
								"west": {"uv": [4, 2], "uv_size": [1, 1]},
								"up": {"uv": [3, 4], "uv_size": [1, 1]},
								"down": {"uv": [4, 4], "uv_size": [1, -1]}
							}
						}
					]
				}
			]
		}
	]
}