{
  "materials": [
    {
      "item": {
        "tag": "forge:ingots/iron"
      },
      "count": 30
    },
    {
      "item": {
        "type": "forge:partial_nbt",
        "item": "tacz:modern_kinetic_gun",
        "nbt": {
          "GunId": "wyyc1991:bf1_fdlf1916"
        }
      },
      "count": 1
    },
    {
      "item": {
        "item": "minecraft:gold_ingot"
      },
      "count": 10
    }
  ],
  "result": {
    "type": "gun",
    "id": "wyyc1991:1916sl"
  },
  "type": "tacz:gun_smith_table_crafting"
}