{
    "materials": [
      {
        "item": {
          "tag": "forge:ingots/iron"
        },
        "count": 40
      },
      {
        "item": {
          "tag": "forge:gems/lapis"
        },
        "count": 5
      },
      {
        "item": {
          "tag": "minecraft:logs"
        },
        "count": 15
      }
    ],
    "result": {
      "type": "gun",
      "id": "wyyc1991:53q",
      "attachments": {
        "muzzle": "wyyc1991:53qcd"
      }
    },
    "type": "tacz:gun_smith_table_crafting"
  }