{
    "materials": [
      {
        "item": {
          "tag": "forge:ingots/iron"
        },
        "count": 42
      },
      {
        "item": {
          "tag": "forge:gems/lapis"
        },
        "count": 6
      },
      {
        "item": {
          "tag": "minecraft:logs"
        },
        "count": 10
      }
    ],
    "result": {
      "type": "gun",
      "id": "wyyc1991:562",
      "attachments": {
        "muzzle": "wyyc1991:562cd"
      }
    },
    "type": "tacz:gun_smith_table_crafting"
  }