{
    "materials": [
      {
        "item": {
          "tag": "forge:ingots/iron"
        },
        "count": 40
      },
      {
        "item": {
          "tag": "minecraft:logs"
        },
        "count": 10
      },
      {
        "item": {
          "item": "minecraft:gold_ingot"
        },
        "count": 5
      }
    ],
    "result": {
      "type": "gun",
      "id": "wyyc1991:64c",
      "attachments": {
        "muzzle": "wyyc1991:64xy"
     } 
    },
    "type": "tacz:gun_smith_table_crafting"
  }