{
  "materials": [
    {
      "item": {
        "type": "forge:partial_nbt",
        "item": "tacz:modern_kinetic_gun",
        "nbt": {
          "GunId": "wyyc1991:562"
        }
      },
      "count": 1
    },
    {
      "item": {
        "tag": "forge:gems/diamond"
      },
      "count": 2
    },
    {
      "item": {
        "tag": "forge:ingots/gold"
      },
      "count": 20
    },
    {
      "item": {
        "tag": "forge:ingots/iron"
      },
      "count": 25
    },
    {
      "item": {
        "tag": "forge:rods/blaze"
      },
      "count": 5
    }
    
  ],
  "result": {
    "type": "gun",
    "id": "wyyc1991:dc56"
  },
  "type": "tacz:gun_smith_table_crafting"
}