{
  "materials": [
    {
      "item": {
        "tag": "forge:gems/diamond"
      },
      "count": 15
    },
    {
      "item": {
        "tag": "forge:ingots/gold"
      },
      "count": 64
    },
    {
      "item": {
        "tag": "forge:ingots/netherite"
      },
      "count": 3
    },
    {
      "item": {
        "tag": "forge:ingots/iron"
      },
      "count": 300
    },
    {
      "item": {
        "tag": "forge:rods/blaze"
      },
      "count": 10
    }
  ],
  "result": {
    "type": "gun",
    "id": "wyyc1991:m82"
  },
  "type": "tacz:gun_smith_table_crafting"
}