{
  "materials": [
    {
      "item": {
        "type": "forge:partial_nbt",
        "item": "tacz:modern_kinetic_gun",
        "nbt": {
          "GunId": "wyyc1991:m950"
        }
      },
      "count": 1
    },
     {
      "item": {
        "tag": "forge:ingots/iron"
      },
      "count": 10
    },
    {
      "item": {
        "item": "minecraft:gold_ingot"
      },
      "count": 2
    }
  ],
  "result": {
    "type": "gun",
    "id": "wyyc1991:m950a"
  },
  "type": "tacz:gun_smith_table_crafting"
}