{
    "materials": [
      {
        "item": {
          "tag": "forge:ingots/gold"
        },
        "count": 10
      },
      {
        "item": {
          "tag": "forge:ingots/iron"
        },
        "count": 64
      },
      {
        "item": {
          "tag": "forge:gems/quartz"
        },
        "count": 5
      }
    ],
    "result": {
      "type": "gun",
      "id": "wyyc1991:mc51",
      "attachments": {
        "stock": "tacz:oem_stock_light"
      }
    },
    "type": "tacz:gun_smith_table_crafting"
  }