{
  "materials": [
    {
      "item": {
        "tag": "forge:gems/diamond"
      },
      "count": 5
    },
    {
      "item": {
        "tag": "forge:ingots/gold"
      },
      "count": 20
    },
    {
      "item": {
        "tag": "forge:ingots/iron"
      },
      "count": 120
    },
    {
      "item": {
        "tag": "minecraft:logs"
      },
      "count": 10
    },
    {
      "item": {
        "tag": "forge:rods/blaze"
      },
      "count": 2
    }
  ],
  "result": {
    "type": "gun",
    "id": "wyyc1991:mg1917"
  },
  "type": "tacz:gun_smith_table_crafting"
}