{
  "materials": [
    {
      "item": {
        "tag": "forge:gems/diamond"
      },
      "count": 16
    },
    {
      "item": {
        "tag": "forge:ingots/gold"
      },
      "count": 70
    },
    {
      "item": {
        "tag": "forge:ingots/netherite"
      },
      "count": 3
    },
    {
      "item": {
        "tag": "forge:ingots/iron"
      },
      "count": 250
    },
    {
      "item": {
        "tag": "forge:rods/blaze"
      },
      "count": 10
    }
  ],
  "result": {
    "type": "gun",
    "id": "wyyc1991:p50"
  },
  "type": "tacz:gun_smith_table_crafting"
}