{
	"format_version": "1.12.0",
	"minecraft:geometry": [
		{
			"description": {
				"identifier": "geometry.unknown",
				"texture_width": 32,
				"texture_height": 32,
				"visible_bounds_width": 2,
				"visible_bounds_height": 1.5,
				"visible_bounds_offset": [0, 0.25, 0]
			},
			"bones": [
				{
					"name": "bone",
					"pivot": [0, 0.0625, 1.09375],
					"cubes": [
						{
							"origin": [-0.6875, -0.96875, -0.03125],
							"size": [1.15625, 0.9375, 2.0625],
							"uv": {
								"north": {"uv": [15, 12], "uv_size": [1.25, 1]},
								"east": {"uv": [9, 3], "uv_size": [2, 1]},
								"south": {"uv": [15, 14], "uv_size": [1.25, 1]},
								"west": {"uv": [9, 5], "uv_size": [2, 1]},
								"up": {"uv": [6, 8], "uv_size": [1.25, 2]},
								"down": {"uv": [9, 2], "uv_size": [1.25, -2]}
							}
						},
						{
							"origin": [-0.40625, -0.84375, -0.04687],
							"size": [0.65625, 0.6875, 2.09375],
							"uv": {
								"north": {"uv": [5, 21], "uv_size": [0.75, 0.75]},
								"east": {"uv": [12, 9], "uv_size": [2, 0.75]},
								"south": {"uv": [21, 14], "uv_size": [0.75, 0.75]},
								"west": {"uv": [12, 11], "uv_size": [2, 0.75]},
								"up": {"uv": [9, 13], "uv_size": [0.75, 2]},
								"down": {"uv": [11, 15], "uv_size": [0.75, -2]}
							}
						},
						{
							"origin": [0.46875, -0.96875, -0.03125],
							"size": [0.21875, 0.40625, 2.0625],
							"uv": {
								"north": {"uv": [23, 20], "uv_size": [0.25, 0.5]},
								"east": {"uv": [18, 14], "uv_size": [2, 0.5]},
								"south": {"uv": [22, 23], "uv_size": [0.25, 0.5]},
								"west": {"uv": [0, 19], "uv_size": [2, 0.5]},
								"up": {"uv": [3, 22], "uv_size": [0.25, 2]},
								"down": {"uv": [22, 8], "uv_size": [0.25, -2]}
							}
						},
						{
							"origin": [0.46875, -0.5625, -0.03125],
							"size": [0.21875, 0.5, 0.25],
							"uv": {
								"north": {"uv": [24, 0], "uv_size": [0.25, 0.5]},
								"east": {"uv": [24, 6], "uv_size": [0.25, 0.5]},
								"south": {"uv": [7, 24], "uv_size": [0.25, 0.5]},
								"west": {"uv": [9, 24], "uv_size": [0.25, 0.5]},
								"up": {"uv": [6, 26], "uv_size": [0.25, 0.25]},
								"down": {"uv": [26, 6.25], "uv_size": [0.25, -0.25]}
							}
						},
						{
							"origin": [0.46875, -0.59375, 0.15625],
							"size": [0.21875, 0.09375, 0.1875],
							"inflate": -0.0001,
							"pivot": [0.5, -0.53125, 0.25],
							"rotation": [-45, 0, 0],
							"uv": {
								"north": {"uv": [26, 14], "uv_size": [0.25, 0.25]},
								"east": {"uv": [15, 26], "uv_size": [0.25, 0.25]},
								"south": {"uv": [17, 26], "uv_size": [0.25, 0.25]},
								"west": {"uv": [26, 21], "uv_size": [0.25, 0.25]},
								"up": {"uv": [26, 23], "uv_size": [0.25, 0.25]},
								"down": {"uv": [24, 26.25], "uv_size": [0.25, -0.25]}
							}
						},
						{
							"origin": [0.46875, -0.125, 0.15625],
							"size": [0.21875, 0.09375, 0.1875],
							"inflate": -0.0001,
							"pivot": [0.5, -0.09375, 0.25],
							"rotation": [45, 0, 0],
							"uv": {
								"north": {"uv": [26, 25], "uv_size": [0.25, 0.25]},
								"east": {"uv": [0, 27], "uv_size": [0.25, 0.25]},
								"south": {"uv": [2, 27], "uv_size": [0.25, 0.25]},
								"west": {"uv": [27, 2], "uv_size": [0.25, 0.25]},
								"up": {"uv": [4, 27], "uv_size": [0.25, 0.25]},
								"down": {"uv": [27, 4.25], "uv_size": [0.25, -0.25]}
							}
						},
						{
							"origin": [0.46875, -0.59375, 1.65625],
							"size": [0.21875, 0.09375, 0.1875],
							"inflate": -0.0001,
							"pivot": [0.5, -0.53125, 1.75],
							"rotation": [45, 0, 0],
							"uv": {
								"north": {"uv": [19, 27], "uv_size": [0.25, 0.25]},
								"east": {"uv": [21, 27], "uv_size": [0.25, 0.25]},
								"south": {"uv": [26, 27], "uv_size": [0.25, 0.25]},
								"west": {"uv": [28, 0], "uv_size": [0.25, 0.25]},
								"up": {"uv": [6, 28], "uv_size": [0.25, 0.25]},
								"down": {"uv": [28, 6.25], "uv_size": [0.25, -0.25]}
							}
						},
						{
							"origin": [0.46875, -0.125, 1.65625],
							"size": [0.21875, 0.09375, 0.1875],
							"inflate": -0.0001,
							"pivot": [0.5, -0.09375, 1.75],
							"rotation": [-45, 0, 0],
							"uv": {
								"north": {"uv": [27, 8], "uv_size": [0.25, 0.25]},
								"east": {"uv": [10, 27], "uv_size": [0.25, 0.25]},
								"south": {"uv": [27, 10], "uv_size": [0.25, 0.25]},
								"west": {"uv": [27, 12], "uv_size": [0.25, 0.25]},
								"up": {"uv": [27, 16], "uv_size": [0.25, 0.25]},
								"down": {"uv": [27, 18.25], "uv_size": [0.25, -0.25]}
							}
						},
						{
							"origin": [0.46875, -0.5625, 1.78125],
							"size": [0.21875, 0.5, 0.25],
							"uv": {
								"north": {"uv": [14, 24], "uv_size": [0.25, 0.5]},
								"east": {"uv": [24, 15], "uv_size": [0.25, 0.5]},
								"south": {"uv": [16, 24], "uv_size": [0.25, 0.5]},
								"west": {"uv": [18, 24], "uv_size": [0.25, 0.5]},
								"up": {"uv": [8, 26], "uv_size": [0.25, 0.25]},
								"down": {"uv": [13, 26.25], "uv_size": [0.25, -0.25]}
							}
						},
						{
							"origin": [0.3125, -0.0625, -0.03125],
							"size": [0.375, 0.34375, 2.0625],
							"uv": {
								"north": {"uv": [12, 23], "uv_size": [0.5, 0.25]},
								"east": {"uv": [21, 16], "uv_size": [2, 0.25]},
								"south": {"uv": [23, 13], "uv_size": [0.5, 0.25]},
								"west": {"uv": [20, 21], "uv_size": [2, 0.25]},
								"up": {"uv": [12, 17], "uv_size": [0.5, 2]},
								"down": {"uv": [17, 18], "uv_size": [0.5, -2]}
							}
						},
						{
							"origin": [0.3125, -0.21875, 0.84375],
							"size": [0.375, 0.15625, 0.3125],
							"uv": {
								"north": {"uv": [24, 22], "uv_size": [0.5, 0.25]},
								"east": {"uv": [8, 28], "uv_size": [0.25, 0.25]},
								"south": {"uv": [24, 24], "uv_size": [0.5, 0.25]},
								"west": {"uv": [12, 28], "uv_size": [0.25, 0.25]},
								"up": {"uv": [0, 25], "uv_size": [0.5, 0.25]},
								"down": {"uv": [2, 25.25], "uv_size": [0.5, -0.25]}
							}
						},
						{
							"origin": [0.3125, -0.20578, 1.10784],
							"size": [0.375, 0.1875, 0.09375],
							"pivot": [0.5, -0.12765, 1.15472],
							"rotation": [-30, 0, 0],
							"uv": {
								"north": {"uv": [25, 2], "uv_size": [0.5, 0.25]},
								"east": {"uv": [14, 28], "uv_size": [0.25, 0.25]},
								"south": {"uv": [4, 25], "uv_size": [0.5, 0.25]},
								"west": {"uv": [28, 14], "uv_size": [0.25, 0.25]},
								"up": {"uv": [25, 4], "uv_size": [0.5, 0.25]},
								"down": {"uv": [25, 8.25], "uv_size": [0.5, -0.25]}
							}
						},
						{
							"origin": [0.3125, -0.20578, 0.79841],
							"size": [0.375, 0.1875, 0.09375],
							"pivot": [0.5, -0.12765, 0.84528],
							"rotation": [30, 0, 0],
							"uv": {
								"north": {"uv": [25, 10], "uv_size": [0.5, 0.25]},
								"east": {"uv": [16, 28], "uv_size": [0.25, 0.25]},
								"south": {"uv": [11, 25], "uv_size": [0.5, 0.25]},
								"west": {"uv": [28, 20], "uv_size": [0.25, 0.25]},
								"up": {"uv": [25, 12], "uv_size": [0.5, 0.25]},
								"down": {"uv": [25, 17.25], "uv_size": [0.5, -0.25]}
							}
						},
						{
							"origin": [-0.6875, -0.03125, -0.03125],
							"size": [0.375, 0.3125, 2.0625],
							"uv": {
								"north": {"uv": [23, 18], "uv_size": [0.5, 0.25]},
								"east": {"uv": [22, 2], "uv_size": [2, 0.25]},
								"south": {"uv": [20, 23], "uv_size": [0.5, 0.25]},
								"west": {"uv": [22, 4], "uv_size": [2, 0.25]},
								"up": {"uv": [6, 18], "uv_size": [0.5, 2]},
								"down": {"uv": [18, 13], "uv_size": [0.5, -2]}
							}
						},
						{
							"origin": [-1.1875, -0.125, 0.875],
							"size": [1.90625, 0.25, 0.25],
							"pivot": [0.76563, 0, 1],
							"rotation": [-45, 0, 0],
							"uv": {
								"north": {"uv": [7, 22], "uv_size": [2, 0.25]},
								"east": {"uv": [28, 22], "uv_size": [0.25, 0.25]},
								"south": {"uv": [22, 9], "uv_size": [2, 0.25]},
								"west": {"uv": [23, 28], "uv_size": [0.25, 0.25]},
								"up": {"uv": [14, 22], "uv_size": [2, 0.25]},
								"down": {"uv": [17, 22.25], "uv_size": [2, -0.25]}
							}
						},
						{
							"origin": [-0.9375, -0.15625, 0.84375],
							"size": [0.25, 0.3125, 0.3125],
							"pivot": [-0.9375, 0, 1],
							"rotation": [-45, 0, 0],
							"uv": {
								"north": {"uv": [28, 24], "uv_size": [0.25, 0.25]},
								"east": {"uv": [28, 26], "uv_size": [0.25, 0.25]},
								"south": {"uv": [28, 28], "uv_size": [0.25, 0.25]},
								"west": {"uv": [0, 29], "uv_size": [0.25, 0.25]},
								"up": {"uv": [2, 29], "uv_size": [0.25, 0.25]},
								"down": {"uv": [29, 2.25], "uv_size": [0.25, -0.25]}
							}
						},
						{
							"origin": [-1.15625, -0.25, 0.875],
							"size": [0.25, 0.5, 0.25],
							"uv": {
								"north": {"uv": [25, 19], "uv_size": [0.25, 0.5]},
								"east": {"uv": [20, 25], "uv_size": [0.25, 0.5]},
								"south": {"uv": [22, 25], "uv_size": [0.25, 0.5]},
								"west": {"uv": [26, 0], "uv_size": [0.25, 0.5]},
								"up": {"uv": [4, 29], "uv_size": [0.25, 0.25]},
								"down": {"uv": [29, 4.25], "uv_size": [0.25, -0.25]}
							}
						},
						{
							"origin": [-1.15625, -0.0625, 0.625],
							"size": [0.25, 0.125, 0.75],
							"uv": {
								"north": {"uv": [29, 8], "uv_size": [0.25, 0.25]},
								"east": {"uv": [10, 22], "uv_size": [0.75, 0.25]},
								"south": {"uv": [10, 29], "uv_size": [0.25, 0.25]},
								"west": {"uv": [0, 23], "uv_size": [0.75, 0.25]},
								"up": {"uv": [5, 23], "uv_size": [0.25, 0.75]},
								"down": {"uv": [23, 11.75], "uv_size": [0.25, -0.75]}
							}
						},
						{
							"origin": [-1.15625, -0.03158, 0.65625],
							"size": [0.25, 0.1875, 0.3125],
							"pivot": [-1.04687, 0.06217, 0.78125],
							"rotation": [36.75, 0, 0],
							"uv": {
								"north": {"uv": [29, 10], "uv_size": [0.25, 0.25]},
								"east": {"uv": [29, 12], "uv_size": [0.25, 0.25]},
								"south": {"uv": [29, 16], "uv_size": [0.25, 0.25]},
								"west": {"uv": [18, 29], "uv_size": [0.25, 0.25]},
								"up": {"uv": [29, 18], "uv_size": [0.25, 0.25]},
								"down": {"uv": [20, 29.25], "uv_size": [0.25, -0.25]}
							}
						},
						{
							"origin": [-1.15625, -0.15592, 0.65625],
							"size": [0.25, 0.1875, 0.3125],
							"pivot": [-1.04687, -0.06217, 0.78125],
							"rotation": [-36.75, 0, 0],
							"uv": {
								"north": {"uv": [25, 29], "uv_size": [0.25, 0.25]},
								"east": {"uv": [30, 0], "uv_size": [0.25, 0.25]},
								"south": {"uv": [6, 30], "uv_size": [0.25, 0.25]},
								"west": {"uv": [30, 6], "uv_size": [0.25, 0.25]},
								"up": {"uv": [8, 30], "uv_size": [0.25, 0.25]},
								"down": {"uv": [12, 30.25], "uv_size": [0.25, -0.25]}
							}
						},
						{
							"origin": [-1.15625, -0.03158, 1.03125],
							"size": [0.25, 0.1875, 0.3125],
							"pivot": [-1.04687, 0.06217, 1.21875],
							"rotation": [-36.75, 0, 0],
							"uv": {
								"north": {"uv": [30, 24], "uv_size": [0.25, 0.25]},
								"east": {"uv": [30, 26], "uv_size": [0.25, 0.25]},
								"south": {"uv": [27, 30], "uv_size": [0.25, 0.25]},
								"west": {"uv": [30, 28], "uv_size": [0.25, 0.25]},
								"up": {"uv": [29, 30], "uv_size": [0.25, 0.25]},
								"down": {"uv": [0, 31.25], "uv_size": [0.25, -0.25]}
							}
						},
						{
							"origin": [-1.15625, -0.15592, 1.03125],
							"size": [0.25, 0.1875, 0.3125],
							"pivot": [-1.04687, -0.06217, 1.21875],
							"rotation": [36.75, 0, 0],
							"uv": {
								"north": {"uv": [14, 30], "uv_size": [0.25, 0.25]},
								"east": {"uv": [30, 14], "uv_size": [0.25, 0.25]},
								"south": {"uv": [16, 30], "uv_size": [0.25, 0.25]},
								"west": {"uv": [30, 20], "uv_size": [0.25, 0.25]},
								"up": {"uv": [22, 30], "uv_size": [0.25, 0.25]},
								"down": {"uv": [30, 22.25], "uv_size": [0.25, -0.25]}
							}
						}
					]
				},
				{
					"name": "octagon2",
					"parent": "bone",
					"pivot": [8, -9.59375, -7],
					"cubes": [
						{
							"origin": [-0.27183, -3.75, 0.34375],
							"size": [0.54366, 2.8125, 1.3125],
							"pivot": [0, -1.59375, 1],
							"rotation": [0, -45, 0],
							"uv": {
								"north": {"uv": [13, 13], "uv_size": [0.5, 2.75]},
								"east": {"uv": [0, 0], "uv_size": [1.25, 2.75]},
								"south": {"uv": [6, 14], "uv_size": [0.5, 2.75]},
								"west": {"uv": [3, 0], "uv_size": [1.25, 2.75]},
								"up": {"uv": [20, 3], "uv_size": [0.5, 1.25]},
								"down": {"uv": [20, 7.25], "uv_size": [0.5, -1.25]}
							}
						},
						{
							"origin": [-0.27183, -3.75, 0.34375],
							"size": [0.54366, 2.8125, 1.3125],
							"uv": {
								"north": {"uv": [0, 15], "uv_size": [0.5, 2.75]},
								"east": {"uv": [0, 4], "uv_size": [1.25, 2.75]},
								"south": {"uv": [15, 0], "uv_size": [0.5, 2.75]},
								"west": {"uv": [3, 4], "uv_size": [1.25, 2.75]},
								"up": {"uv": [20, 9], "uv_size": [0.5, 1.25]},
								"down": {"uv": [12, 21.25], "uv_size": [0.5, -1.25]}
							}
						},
						{
							"origin": [-0.65625, -3.75, 0.72817],
							"size": [1.3125, 2.8125, 0.54366],
							"pivot": [0, -1.59375, 1],
							"rotation": [0, -45, 0],
							"uv": {
								"north": {"uv": [6, 0], "uv_size": [1.25, 2.75]},
								"east": {"uv": [2, 15], "uv_size": [0.5, 2.75]},
								"south": {"uv": [6, 4], "uv_size": [1.25, 2.75]},
								"west": {"uv": [4, 15], "uv_size": [0.5, 2.75]},
								"up": {"uv": [20, 12], "uv_size": [1.25, 0.5]},
								"down": {"uv": [20, 19.5], "uv_size": [1.25, -0.5]}
							}
						},
						{
							"origin": [-0.65625, -3.75, 0.72817],
							"size": [1.3125, 2.8125, 0.54366],
							"uv": {
								"north": {"uv": [0, 8], "uv_size": [1.25, 2.75]},
								"east": {"uv": [15, 4], "uv_size": [0.5, 2.75]},
								"south": {"uv": [3, 8], "uv_size": [1.25, 2.75]},
								"west": {"uv": [15, 8], "uv_size": [0.5, 2.75]},
								"up": {"uv": [0, 21], "uv_size": [1.25, 0.5]},
								"down": {"uv": [21, 0.5], "uv_size": [1.25, -0.5]}
							}
						}
					]
				},
				{
					"name": "octagon",
					"parent": "bone",
					"pivot": [8, -12.21875, -7],
					"cubes": [
						{
							"origin": [-0.3236, -4.84375, 0.21875],
							"size": [0.64721, 1.125, 1.5625],
							"pivot": [0, -4.21875, 1],
							"rotation": [0, -45, 0],
							"uv": {
								"north": {"uv": [19, 0], "uv_size": [0.75, 1.25]},
								"east": {"uv": [9, 7], "uv_size": [1.5, 1.25]},
								"south": {"uv": [3, 19], "uv_size": [0.75, 1.25]},
								"west": {"uv": [9, 10], "uv_size": [1.5, 1.25]},
								"up": {"uv": [8, 16], "uv_size": [0.75, 1.5]},
								"down": {"uv": [10, 17.5], "uv_size": [0.75, -1.5]}
							}
						},
						{
							"origin": [-0.3236, -4.84375, 0.21875],
							"size": [0.64721, 1.125, 1.5625],
							"uv": {
								"north": {"uv": [8, 19], "uv_size": [0.75, 1.25]},
								"east": {"uv": [6, 11], "uv_size": [1.5, 1.25]},
								"south": {"uv": [10, 19], "uv_size": [0.75, 1.25]},
								"west": {"uv": [0, 12], "uv_size": [1.5, 1.25]},
								"up": {"uv": [15, 16], "uv_size": [0.75, 1.5]},
								"down": {"uv": [17, 1.5], "uv_size": [0.75, -1.5]}
							}
						},
						{
							"origin": [-0.78125, -4.84375, 0.6764],
							"size": [1.5625, 1.125, 0.64721],
							"pivot": [0, -4.21875, 1],
							"rotation": [0, -45, 0],
							"uv": {
								"north": {"uv": [12, 0], "uv_size": [1.5, 1.25]},
								"east": {"uv": [14, 19], "uv_size": [0.75, 1.25]},
								"south": {"uv": [3, 12], "uv_size": [1.5, 1.25]},
								"west": {"uv": [16, 19], "uv_size": [0.75, 1.25]},
								"up": {"uv": [17, 3], "uv_size": [1.5, 0.75]},
								"down": {"uv": [17, 5.75], "uv_size": [1.5, -0.75]}
							}
						},
						{
							"origin": [-0.78125, -4.84375, 0.6764],
							"size": [1.5625, 1.125, 0.64721],
							"uv": {
								"north": {"uv": [12, 3], "uv_size": [1.5, 1.25]},
								"east": {"uv": [19, 16], "uv_size": [0.75, 1.25]},
								"south": {"uv": [12, 6], "uv_size": [1.5, 1.25]},
								"west": {"uv": [18, 19], "uv_size": [0.75, 1.25]},
								"up": {"uv": [17, 7], "uv_size": [1.5, 0.75]},
								"down": {"uv": [17, 9.75], "uv_size": [1.5, -0.75]}
							}
						}
					]
				}
			]
		}
	]
}