{
	"format_version": "1.12.0",
	"minecraft:geometry": [
		{
			"description": {
				"identifier": "geometry.unknown",
				"texture_width": 128,
				"texture_height": 128,
				"visible_bounds_width": 3,
				"visible_bounds_height": 2.5,
				"visible_bounds_offset": [0, 0.75, 0]
			},
			"bones": [
				{
					"name": "xiaowoba_grip",
					"pivot": [0.00041, -1.51205, 1.07256],
					"cubes": [
						{
							"origin": [-0.75, -0.5, 0],
							"size": [1.5, 0.5, 1.53125],
							"uv": {
								"north": {"uv": [53, 24], "uv_size": [1.5, 0.5]},
								"east": {"uv": [30, 53], "uv_size": [1.5, 0.5]},
								"south": {"uv": [53, 30], "uv_size": [1.5, 0.5]},
								"west": {"uv": [32, 53], "uv_size": [1.5, 0.5]},
								"up": {"uv": [42, 3], "uv_size": [1.5, 1.5]},
								"down": {"uv": [6, 43.5], "uv_size": [1.5, -1.5]}
							}
						},
						{
							"origin": [-0.53125, 0, 0],
							"size": [1.09375, 0.21875, 1.53125],
							"uv": {
								"north": {"uv": [65, 60], "uv_size": [1, 0.25]},
								"east": {"uv": [33, 62], "uv_size": [1.5, 0.25]},
								"south": {"uv": [65, 61], "uv_size": [1, 0.25]},
								"west": {"uv": [35, 62], "uv_size": [1.5, 0.25]},
								"up": {"uv": [19, 44], "uv_size": [1, 1.5]},
								"down": {"uv": [29, 45.5], "uv_size": [1, -1.5]}
							}
						},
						{
							"origin": [-0.64599, -0.03014, 0],
							"size": [0.15625, 0.311, 1.53125],
							"pivot": [-0.66161, 0.11049, 0.76563],
							"rotation": [0, 0, 45],
							"uv": {
								"north": {"uv": [75, 20], "uv_size": [0.25, 0.25]},
								"east": {"uv": [62, 36], "uv_size": [1.5, 0.25]},
								"south": {"uv": [21, 75], "uv_size": [0.25, 0.25]},
								"west": {"uv": [37, 62], "uv_size": [1.5, 0.25]},
								"up": {"uv": [39, 62], "uv_size": [0.25, 1.5]},
								"down": {"uv": [40, 63.5], "uv_size": [0.25, -1.5]}
							}
						},
						{
							"origin": [0.48974, -0.03014, 0],
							"size": [0.15625, 0.311, 1.53125],
							"pivot": [0.66161, 0.11049, 0.76563],
							"rotation": [0, 0, -45],
							"uv": {
								"north": {"uv": [75, 21], "uv_size": [0.25, 0.25]},
								"east": {"uv": [62, 37], "uv_size": [1.5, 0.25]},
								"south": {"uv": [22, 75], "uv_size": [0.25, 0.25]},
								"west": {"uv": [41, 62], "uv_size": [1.5, 0.25]},
								"up": {"uv": [43, 62], "uv_size": [0.25, 1.5]},
								"down": {"uv": [62, 44.5], "uv_size": [0.25, -1.5]}
							}
						},
						{
							"origin": [0.32322, -0.91383, 0.09375],
							"size": [0.28125, 0.5, 1.4375],
							"pivot": [0.57322, -0.63258, 0.76563],
							"rotation": [0, 0, 45],
							"uv": {
								"north": {"uv": [52, 70], "uv_size": [0.25, 0.5]},
								"east": {"uv": [34, 53], "uv_size": [1.5, 0.5]},
								"south": {"uv": [70, 52], "uv_size": [0.25, 0.5]},
								"west": {"uv": [53, 37], "uv_size": [1.5, 0.5]},
								"up": {"uv": [53, 61], "uv_size": [0.25, 1.5]},
								"down": {"uv": [30, 63.5], "uv_size": [0.25, -1.5]}
							}
						},
						{
							"origin": [-0.60447, -0.91383, 0.09375],
							"size": [0.28125, 0.5, 1.4375],
							"pivot": [-0.57322, -0.63258, 0.76563],
							"rotation": [0, 0, -45],
							"uv": {
								"north": {"uv": [53, 70], "uv_size": [0.25, 0.5]},
								"east": {"uv": [39, 53], "uv_size": [1.5, 0.5]},
								"south": {"uv": [70, 53], "uv_size": [0.25, 0.5]},
								"west": {"uv": [53, 40], "uv_size": [1.5, 0.5]},
								"up": {"uv": [31, 62], "uv_size": [0.25, 1.5]},
								"down": {"uv": [32, 63.5], "uv_size": [0.25, -1.5]}
							}
						},
						{
							"origin": [-0.53125, -3.0625, 0.21875],
							"size": [1.0625, 2.8125, 1.09375],
							"pivot": [0, -0.75, 0.76563],
							"rotation": [17.5, 0, 0],
							"uv": {
								"north": {"uv": [13, 6], "uv_size": [1, 2.75]},
								"east": {"uv": [8, 20], "uv_size": [1, 2.75]},
								"south": {"uv": [39, 3], "uv_size": [1, 2.75]},
								"west": {"uv": [4, 39], "uv_size": [1, 2.75]},
								"up": {"uv": [14, 36], "uv_size": [1, 1]},
								"down": {"uv": [24, 45], "uv_size": [1, -1]}
							}
						},
						{
							"origin": [-0.5625, -3.0625, 0.21875],
							"size": [1.125, 2.8125, 0.1875],
							"pivot": [0, -0.75, 0.76563],
							"rotation": [17.5, 0, 0],
							"uv": {
								"north": {"uv": [4, 36], "uv_size": [1.25, 2.75]},
								"east": {"uv": [2, 55], "uv_size": [0.25, 2.75]},
								"south": {"uv": [36, 24], "uv_size": [1.25, 2.75]},
								"west": {"uv": [3, 55], "uv_size": [0.25, 2.75]},
								"up": {"uv": [64, 24], "uv_size": [1.25, 0.25]},
								"down": {"uv": [64, 25.25], "uv_size": [1.25, -0.25]}
							}
						},
						{
							"origin": [-0.5625, -1.34375, 0.40625],
							"size": [1.125, 1.09375, 0.71875],
							"pivot": [0, -0.75, 0.76563],
							"rotation": [17.5, 0, 0],
							"uv": {
								"north": {"uv": [49, 19], "uv_size": [1.25, 1]},
								"east": {"uv": [36, 53], "uv_size": [0.75, 1]},
								"south": {"uv": [20, 49], "uv_size": [1.25, 1]},
								"west": {"uv": [41, 53], "uv_size": [0.75, 1]},
								"up": {"uv": [51, 17], "uv_size": [1.25, 0.75]},
								"down": {"uv": [51, 18.75], "uv_size": [1.25, -0.75]}
							}
						},
						{
							"origin": [-0.5625, -1.75, 0.40625],
							"size": [1.125, 0.125, 0.71875],
							"pivot": [0, -0.75, 0.76563],
							"rotation": [17.5, 0, 0],
							"uv": {
								"north": {"uv": [64, 27], "uv_size": [1.25, 0.25]},
								"east": {"uv": [44, 68], "uv_size": [0.75, 0.25]},
								"south": {"uv": [28, 64], "uv_size": [1.25, 0.25]},
								"west": {"uv": [68, 44], "uv_size": [0.75, 0.25]},
								"up": {"uv": [51, 19], "uv_size": [1.25, 0.75]},
								"down": {"uv": [20, 51.75], "uv_size": [1.25, -0.75]}
							}
						},
						{
							"origin": [-0.5625, -2.15625, 0.40625],
							"size": [1.125, 0.125, 0.71875],
							"pivot": [0, -0.75, 0.76563],
							"rotation": [17.5, 0, 0],
							"uv": {
								"north": {"uv": [64, 28], "uv_size": [1.25, 0.25]},
								"east": {"uv": [45, 68], "uv_size": [0.75, 0.25]},
								"south": {"uv": [64, 29], "uv_size": [1.25, 0.25]},
								"west": {"uv": [68, 45], "uv_size": [0.75, 0.25]},
								"up": {"uv": [51, 20], "uv_size": [1.25, 0.75]},
								"down": {"uv": [51, 21.75], "uv_size": [1.25, -0.75]}
							}
						},
						{
							"origin": [-0.5625, -2.5625, 0.40625],
							"size": [1.125, 0.125, 0.71875],
							"pivot": [0, -0.75, 0.76563],
							"rotation": [17.5, 0, 0],
							"uv": {
								"north": {"uv": [30, 64], "uv_size": [1.25, 0.25]},
								"east": {"uv": [46, 68], "uv_size": [0.75, 0.25]},
								"south": {"uv": [64, 30], "uv_size": [1.25, 0.25]},
								"west": {"uv": [68, 46], "uv_size": [0.75, 0.25]},
								"up": {"uv": [22, 51], "uv_size": [1.25, 0.75]},
								"down": {"uv": [51, 23.75], "uv_size": [1.25, -0.75]}
							}
						},
						{
							"origin": [-0.5625, -3.0625, 0.40625],
							"size": [1.125, 0.21875, 0.71875],
							"pivot": [0, -0.75, 0.76563],
							"rotation": [17.5, 0, 0],
							"uv": {
								"north": {"uv": [64, 31], "uv_size": [1.25, 0.25]},
								"east": {"uv": [47, 68], "uv_size": [0.75, 0.25]},
								"south": {"uv": [32, 64], "uv_size": [1.25, 0.25]},
								"west": {"uv": [68, 47], "uv_size": [0.75, 0.25]},
								"up": {"uv": [51, 24], "uv_size": [1.25, 0.75]},
								"down": {"uv": [26, 51.75], "uv_size": [1.25, -0.75]}
							}
						},
						{
							"origin": [-0.5625, -3.0625, 1.125],
							"size": [1.125, 2.8125, 0.1875],
							"pivot": [0, -0.75, 0.76563],
							"rotation": [17.5, 0, 0],
							"uv": {
								"north": {"uv": [36, 27], "uv_size": [1.25, 2.75]},
								"east": {"uv": [55, 3], "uv_size": [0.25, 2.75]},
								"south": {"uv": [14, 37], "uv_size": [1.25, 2.75]},
								"west": {"uv": [5, 55], "uv_size": [0.25, 2.75]},
								"up": {"uv": [26, 64], "uv_size": [1.25, 0.25]},
								"down": {"uv": [64, 26.25], "uv_size": [1.25, -0.25]}
							}
						},
						{
							"origin": [-0.37488, -3.05307, 0.06116],
							"size": [0.75, 2.8125, 1.40625],
							"pivot": [0.00012, -0.74057, 0.79554],
							"rotation": [17.5, 0, 0],
							"uv": {
								"north": {"uv": [33, 42], "uv_size": [0.75, 2.75]},
								"east": {"uv": [7, 35], "uv_size": [1.5, 2.75]},
								"south": {"uv": [34, 42], "uv_size": [0.75, 2.75]},
								"west": {"uv": [12, 35], "uv_size": [1.5, 2.75]},
								"up": {"uv": [50, 3], "uv_size": [0.75, 1.5]},
								"down": {"uv": [4, 51.5], "uv_size": [0.75, -1.5]}
							}
						},
						{
							"origin": [0.18762, -3.05307, 0.02991],
							"size": [0.1875, 2.8125, 0.0625],
							"pivot": [0.56262, -0.74057, 0.79554],
							"rotation": [17.5, 0, 0],
							"uv": {
								"north": {"uv": [6, 55], "uv_size": [0.25, 2.75]},
								"east": {"uv": [55, 6], "uv_size": [0.25, 2.75]},
								"south": {"uv": [7, 55], "uv_size": [0.25, 2.75]},
								"west": {"uv": [9, 55], "uv_size": [0.25, 2.75]},
								"up": {"uv": [75, 22], "uv_size": [0.25, 0.25]},
								"down": {"uv": [23, 75.25], "uv_size": [0.25, -0.25]}
							}
						},
						{
							"origin": [-0.37488, -3.05307, 0.02991],
							"size": [0.1875, 2.8125, 0.0625],
							"pivot": [0.00012, -0.74057, 0.79554],
							"rotation": [17.5, 0, 0],
							"uv": {
								"north": {"uv": [55, 9], "uv_size": [0.25, 2.75]},
								"east": {"uv": [12, 55], "uv_size": [0.25, 2.75]},
								"south": {"uv": [55, 12], "uv_size": [0.25, 2.75]},
								"west": {"uv": [14, 55], "uv_size": [0.25, 2.75]},
								"up": {"uv": [75, 23], "uv_size": [0.25, 0.25]},
								"down": {"uv": [24, 75.25], "uv_size": [0.25, -0.25]}
							}
						},
						{
							"origin": [-0.18738, -3.05307, 0.02991],
							"size": [0.375, 0.21875, 1.46875],
							"pivot": [0.18762, -0.74057, 0.79554],
							"rotation": [17.5, 0, 0],
							"uv": {
								"north": {"uv": [55, 70], "uv_size": [0.5, 0.25]},
								"east": {"uv": [44, 62], "uv_size": [1.5, 0.25]},
								"south": {"uv": [70, 55], "uv_size": [0.5, 0.25]},
								"west": {"uv": [46, 62], "uv_size": [1.5, 0.25]},
								"up": {"uv": [42, 53], "uv_size": [0.5, 1.5]},
								"down": {"uv": [44, 54.5], "uv_size": [0.5, -1.5]}
							}
						},
						{
							"origin": [-0.18738, -2.55307, 0.02991],
							"size": [0.375, 0.125, 1.46875],
							"pivot": [0.18762, -0.74057, 0.79554],
							"rotation": [17.5, 0, 0],
							"uv": {
								"north": {"uv": [56, 70], "uv_size": [0.5, 0.25]},
								"east": {"uv": [48, 62], "uv_size": [1.5, 0.25]},
								"south": {"uv": [70, 56], "uv_size": [0.5, 0.25]},
								"west": {"uv": [50, 62], "uv_size": [1.5, 0.25]},
								"up": {"uv": [53, 44], "uv_size": [0.5, 1.5]},
								"down": {"uv": [53, 47.5], "uv_size": [0.5, -1.5]}
							}
						},
						{
							"origin": [-0.18738, -2.14682, 0.02991],
							"size": [0.375, 0.125, 1.46875],
							"pivot": [0.18762, -0.74057, 0.79554],
							"rotation": [17.5, 0, 0],
							"uv": {
								"north": {"uv": [57, 70], "uv_size": [0.5, 0.25]},
								"east": {"uv": [54, 62], "uv_size": [1.5, 0.25]},
								"south": {"uv": [70, 57], "uv_size": [0.5, 0.25]},
								"west": {"uv": [56, 62], "uv_size": [1.5, 0.25]},
								"up": {"uv": [48, 53], "uv_size": [0.5, 1.5]},
								"down": {"uv": [53, 50.5], "uv_size": [0.5, -1.5]}
							}
						},
						{
							"origin": [-0.18738, -1.74057, 0.02991],
							"size": [0.375, 0.125, 1.46875],
							"pivot": [0.18762, -0.74057, 0.79554],
							"rotation": [17.5, 0, 0],
							"uv": {
								"north": {"uv": [58, 70], "uv_size": [0.5, 0.25]},
								"east": {"uv": [58, 62], "uv_size": [1.5, 0.25]},
								"south": {"uv": [70, 58], "uv_size": [0.5, 0.25]},
								"west": {"uv": [60, 62], "uv_size": [1.5, 0.25]},
								"up": {"uv": [53, 51], "uv_size": [0.5, 1.5]},
								"down": {"uv": [52, 54.5], "uv_size": [0.5, -1.5]}
							}
						},
						{
							"origin": [-0.18738, -1.33432, 0.02991],
							"size": [0.375, 1.09375, 1.46875],
							"pivot": [0.18762, -0.74057, 0.79554],
							"rotation": [17.5, 0, 0],
							"uv": {
								"north": {"uv": [57, 45], "uv_size": [0.5, 1]},
								"east": {"uv": [27, 46], "uv_size": [1.5, 1]},
								"south": {"uv": [46, 57], "uv_size": [0.5, 1]},
								"west": {"uv": [31, 46], "uv_size": [1.5, 1]},
								"up": {"uv": [53, 53], "uv_size": [0.5, 1.5]},
								"down": {"uv": [0, 55.5], "uv_size": [0.5, -1.5]}
							}
						},
						{
							"origin": [0.18762, -2.65846, 1.28145],
							"size": [0.1875, 2.8125, 0.15625],
							"pivot": [0.00012, -0.34596, 2.04707],
							"rotation": [17.5, 0, 0],
							"uv": {
								"north": {"uv": [17, 55], "uv_size": [0.25, 2.75]},
								"east": {"uv": [18, 55], "uv_size": [0.25, 2.75]},
								"south": {"uv": [19, 55], "uv_size": [0.25, 2.75]},
								"west": {"uv": [55, 20], "uv_size": [0.25, 2.75]},
								"up": {"uv": [75, 24], "uv_size": [0.25, 0.25]},
								"down": {"uv": [25, 75.25], "uv_size": [0.25, -0.25]}
							}
						},
						{
							"origin": [-0.37512, -2.65846, 1.28145],
							"size": [0.1875, 2.8125, 0.15625],
							"pivot": [-0.00012, -0.34596, 2.04707],
							"rotation": [17.5, 0, 0],
							"uv": {
								"north": {"uv": [55, 23], "uv_size": [0.25, 2.75]},
								"east": {"uv": [25, 55], "uv_size": [0.25, 2.75]},
								"south": {"uv": [55, 26], "uv_size": [0.25, 2.75]},
								"west": {"uv": [37, 55], "uv_size": [0.25, 2.75]},
								"up": {"uv": [75, 25], "uv_size": [0.25, 0.25]},
								"down": {"uv": [26, 75.25], "uv_size": [0.25, -0.25]}
							}
						},
						{
							"origin": [-0.60327, -3.21477, 0.42216],
							"size": [0.265, 2.8125, 0.125],
							"pivot": [-0.46327, -1.80852, 0.42216],
							"rotation": [24.03208, 42.406, 16.73634],
							"uv": {
								"north": {"uv": [54, 26], "uv_size": [0.25, 2.75]},
								"east": {"uv": [30, 54], "uv_size": [0.25, 2.75]},
								"south": {"uv": [31, 54], "uv_size": [0.25, 2.75]},
								"west": {"uv": [32, 54], "uv_size": [0.25, 2.75]},
								"up": {"uv": [75, 2], "uv_size": [0.25, 0.25]},
								"down": {"uv": [3, 75.25], "uv_size": [0.25, -0.25]}
							}
						},
						{
							"origin": [0.33851, -3.21477, 0.42216],
							"size": [0.265, 2.8125, 0.125],
							"pivot": [0.46351, -1.80852, 0.42216],
							"rotation": [24.03208, -42.406, -16.73634],
							"uv": {
								"north": {"uv": [54, 45], "uv_size": [0.25, 2.75]},
								"east": {"uv": [47, 54], "uv_size": [0.25, 2.75]},
								"south": {"uv": [54, 49], "uv_size": [0.25, 2.75]},
								"west": {"uv": [54, 52], "uv_size": [0.25, 2.75]},
								"up": {"uv": [75, 5], "uv_size": [0.25, 0.25]},
								"down": {"uv": [6, 75.25], "uv_size": [0.25, -0.25]}
							}
						},
						{
							"origin": [-0.51072, -2.85611, 1.5597],
							"size": [0.265, 2.8125, 0.125],
							"pivot": [-0.38572, -1.44986, 1.5597],
							"rotation": [24.03208, -42.406, -16.73634],
							"uv": {
								"north": {"uv": [33, 54], "uv_size": [0.25, 2.75]},
								"east": {"uv": [34, 54], "uv_size": [0.25, 2.75]},
								"south": {"uv": [35, 54], "uv_size": [0.25, 2.75]},
								"west": {"uv": [36, 54], "uv_size": [0.25, 2.75]},
								"up": {"uv": [75, 3], "uv_size": [0.25, 0.25]},
								"down": {"uv": [4, 75.25], "uv_size": [0.25, -0.25]}
							}
						},
						{
							"origin": [0.24572, -2.85611, 1.5597],
							"size": [0.265, 2.8125, 0.125],
							"pivot": [0.38572, -1.44986, 1.5597],
							"rotation": [24.03208, 42.406, 16.73634],
							"uv": {
								"north": {"uv": [39, 54], "uv_size": [0.25, 2.75]},
								"east": {"uv": [40, 54], "uv_size": [0.25, 2.75]},
								"south": {"uv": [41, 54], "uv_size": [0.25, 2.75]},
								"west": {"uv": [54, 42], "uv_size": [0.25, 2.75]},
								"up": {"uv": [75, 4], "uv_size": [0.25, 0.25]},
								"down": {"uv": [5, 75.25], "uv_size": [0.25, -0.25]}
							}
						},
						{
							"origin": [-0.37488, -2.84596, 1.2502],
							"size": [0.75, 0.1875, 0.25],
							"pivot": [0.00012, -0.34596, 2.04707],
							"rotation": [17.5, 0, 0],
							"uv": {
								"north": {"uv": [42, 68], "uv_size": [0.75, 0.25]},
								"east": {"uv": [75, 10], "uv_size": [0.25, 0.25]},
								"south": {"uv": [68, 42], "uv_size": [0.75, 0.25]},
								"west": {"uv": [11, 75], "uv_size": [0.25, 0.25]},
								"up": {"uv": [43, 68], "uv_size": [0.75, 0.25]},
								"down": {"uv": [68, 43.25], "uv_size": [0.75, -0.25]}
							}
						},
						{
							"origin": [-0.625, -3.25, 0.21875],
							"size": [1.25, 0.1875, 1.09375],
							"pivot": [0, -0.75, 0.76563],
							"rotation": [17.5, 0, 0],
							"uv": {
								"north": {"uv": [64, 23], "uv_size": [1.25, 0.25]},
								"east": {"uv": [65, 56], "uv_size": [1, 0.25]},
								"south": {"uv": [24, 64], "uv_size": [1.25, 0.25]},
								"west": {"uv": [65, 57], "uv_size": [1, 0.25]},
								"up": {"uv": [15, 49], "uv_size": [1.25, 1]},
								"down": {"uv": [17, 50], "uv_size": [1.25, -1]}
							}
						},
						{
							"origin": [-0.37488, -3.24057, -0.03259],
							"size": [0.75, 0.1875, 0.25],
							"pivot": [0.00012, -0.74057, 0.79554],
							"rotation": [17.5, 0, 0],
							"uv": {
								"north": {"uv": [40, 68], "uv_size": [0.75, 0.25]},
								"east": {"uv": [75, 9], "uv_size": [0.25, 0.25]},
								"south": {"uv": [68, 40], "uv_size": [0.75, 0.25]},
								"west": {"uv": [10, 75], "uv_size": [0.25, 0.25]},
								"up": {"uv": [41, 68], "uv_size": [0.75, 0.25]},
								"down": {"uv": [68, 41.25], "uv_size": [0.75, -0.25]}
							}
						},
						{
							"origin": [0.22838, -3.03696, 1.51828],
							"size": [0.354, 0.1875, 0.1875],
							"pivot": [0.42613, -1.44321, 1.58078],
							"rotation": [24.03208, 42.406, 16.73634],
							"uv": {
								"north": {"uv": [75, 6], "uv_size": [0.25, 0.25]},
								"east": {"uv": [7, 75], "uv_size": [0.25, 0.25]},
								"south": {"uv": [75, 7], "uv_size": [0.25, 0.25]},
								"west": {"uv": [8, 75], "uv_size": [0.25, 0.25]},
								"up": {"uv": [75, 8], "uv_size": [0.25, 0.25]},
								"down": {"uv": [9, 75.25], "uv_size": [0.25, -0.25]}
							}
						},
						{
							"origin": [-0.63873, -3.40126, 0.36287],
							"size": [0.354, 0.1875, 0.1875],
							"pivot": [-0.44098, -1.80751, 0.42537],
							"rotation": [24.03208, 42.406, 16.73634],
							"uv": {
								"north": {"uv": [75, 14], "uv_size": [0.25, 0.25]},
								"east": {"uv": [15, 75], "uv_size": [0.25, 0.25]},
								"south": {"uv": [75, 15], "uv_size": [0.25, 0.25]},
								"west": {"uv": [16, 75], "uv_size": [0.25, 0.25]},
								"up": {"uv": [75, 16], "uv_size": [0.25, 0.25]},
								"down": {"uv": [17, 75.25], "uv_size": [0.25, -0.25]}
							}
						},
						{
							"origin": [0.28473, -3.40126, 0.36287],
							"size": [0.354, 0.1875, 0.1875],
							"pivot": [0.44098, -1.80751, 0.42537],
							"rotation": [24.03208, -42.406, -16.73634],
							"uv": {
								"north": {"uv": [75, 17], "uv_size": [0.25, 0.25]},
								"east": {"uv": [18, 75], "uv_size": [0.25, 0.25]},
								"south": {"uv": [75, 18], "uv_size": [0.25, 0.25]},
								"west": {"uv": [19, 75], "uv_size": [0.25, 0.25]},
								"up": {"uv": [75, 19], "uv_size": [0.25, 0.25]},
								"down": {"uv": [20, 75.25], "uv_size": [0.25, -0.25]}
							}
						},
						{
							"origin": [-0.58238, -3.03696, 1.51828],
							"size": [0.354, 0.1875, 0.1875],
							"pivot": [-0.42613, -1.44321, 1.58078],
							"rotation": [24.03208, -42.406, -16.73634],
							"uv": {
								"north": {"uv": [75, 11], "uv_size": [0.25, 0.25]},
								"east": {"uv": [12, 75], "uv_size": [0.25, 0.25]},
								"south": {"uv": [75, 12], "uv_size": [0.25, 0.25]},
								"west": {"uv": [13, 75], "uv_size": [0.25, 0.25]},
								"up": {"uv": [75, 13], "uv_size": [0.25, 0.25]},
								"down": {"uv": [14, 75.25], "uv_size": [0.25, -0.25]}
							}
						},
						{
							"origin": [-0.46875, -0.5, -0.28125],
							"size": [0.9375, 0.5, 0.28125],
							"uv": {
								"north": {"uv": [40, 57], "uv_size": [1, 0.5]},
								"east": {"uv": [42, 70], "uv_size": [0.25, 0.5]},
								"south": {"uv": [41, 57], "uv_size": [1, 0.5]},
								"west": {"uv": [70, 42], "uv_size": [0.25, 0.5]},
								"up": {"uv": [65, 44], "uv_size": [1, 0.25]},
								"down": {"uv": [65, 45.25], "uv_size": [1, -0.25]}
							}
						},
						{
							"origin": [-0.46875, -0.5, 1.53125],
							"size": [0.9375, 0.5, 0.28125],
							"uv": {
								"north": {"uv": [43, 57], "uv_size": [1, 0.5]},
								"east": {"uv": [51, 70], "uv_size": [0.25, 0.5]},
								"south": {"uv": [57, 43], "uv_size": [1, 0.5]},
								"west": {"uv": [70, 51], "uv_size": [0.25, 0.5]},
								"up": {"uv": [65, 54], "uv_size": [1, 0.25]},
								"down": {"uv": [65, 55.25], "uv_size": [1, -0.25]}
							}
						},
						{
							"origin": [-0.46875, -0.9069, 1.44617],
							"size": [0.9375, 0.53125, 0.28125],
							"pivot": [0, -0.56315, 1.58679],
							"rotation": [-37.5, 0, 0],
							"uv": {
								"north": {"uv": [57, 44], "uv_size": [1, 0.5]},
								"east": {"uv": [54, 70], "uv_size": [0.25, 0.5]},
								"south": {"uv": [45, 57], "uv_size": [1, 0.5]},
								"west": {"uv": [70, 54], "uv_size": [0.25, 0.5]},
								"up": {"uv": [65, 58], "uv_size": [1, 0.25]},
								"down": {"uv": [65, 59.25], "uv_size": [1, -0.25]}
							}
						},
						{
							"origin": [-0.78605, -0.5, -0.1201],
							"size": [0.397, 0.5, 0.1875],
							"pivot": [-0.62343, -0.25, -0.10447],
							"rotation": [0, 45, 0],
							"uv": {
								"north": {"uv": [65, 46], "uv_size": [0.5, 0.5]},
								"east": {"uv": [43, 70], "uv_size": [0.25, 0.5]},
								"south": {"uv": [47, 65], "uv_size": [0.5, 0.5]},
								"west": {"uv": [70, 43], "uv_size": [0.25, 0.5]},
								"up": {"uv": [44, 70], "uv_size": [0.5, 0.25]},
								"down": {"uv": [70, 44.25], "uv_size": [0.5, -0.25]}
							}
						},
						{
							"origin": [0.38905, -0.5, -0.1201],
							"size": [0.397, 0.5, 0.1875],
							"pivot": [0.62343, -0.25, -0.10447],
							"rotation": [0, -45, 0],
							"uv": {
								"north": {"uv": [65, 47], "uv_size": [0.5, 0.5]},
								"east": {"uv": [45, 70], "uv_size": [0.25, 0.5]},
								"south": {"uv": [65, 48], "uv_size": [0.5, 0.5]},
								"west": {"uv": [70, 45], "uv_size": [0.25, 0.5]},
								"up": {"uv": [46, 70], "uv_size": [0.5, 0.25]},
								"down": {"uv": [70, 46.25], "uv_size": [0.5, -0.25]}
							}
						},
						{
							"origin": [-0.78605, -0.5, 1.46385],
							"size": [0.397, 0.5, 0.1875],
							"pivot": [-0.62343, -0.25, 1.63572],
							"rotation": [0, -45, 0],
							"uv": {
								"north": {"uv": [52, 65], "uv_size": [0.5, 0.5]},
								"east": {"uv": [49, 70], "uv_size": [0.25, 0.5]},
								"south": {"uv": [65, 53], "uv_size": [0.5, 0.5]},
								"west": {"uv": [70, 49], "uv_size": [0.25, 0.5]},
								"up": {"uv": [50, 70], "uv_size": [0.5, 0.25]},
								"down": {"uv": [70, 50.25], "uv_size": [0.5, -0.25]}
							}
						},
						{
							"origin": [0.38905, -0.5, 1.46385],
							"size": [0.397, 0.5, 0.1875],
							"pivot": [0.62343, -0.25, 1.63572],
							"rotation": [0, 45, 0],
							"uv": {
								"north": {"uv": [50, 65], "uv_size": [0.5, 0.5]},
								"east": {"uv": [47, 70], "uv_size": [0.25, 0.5]},
								"south": {"uv": [51, 65], "uv_size": [0.5, 0.5]},
								"west": {"uv": [70, 47], "uv_size": [0.25, 0.5]},
								"up": {"uv": [48, 70], "uv_size": [0.5, 0.25]},
								"down": {"uv": [70, 48.25], "uv_size": [0.5, -0.25]}
							}
						}
					]
				}
			]
		}
	]
}