{
	"format_version": "1.12.0",
	"minecraft:geometry": [
		{
			"description": {
				"identifier": "geometry.unknown",
				"texture_width": 128,
				"texture_height": 64,
				"visible_bounds_width": 2,
				"visible_bounds_height": 1.5,
				"visible_bounds_offset": [0, 0.25, 0]
			},
			"bones": [
				{
					"name": "bone",
					"pivot": [-0.06362, 0.36221, -0.03179],
					"cubes": [
						{
							"origin": [0.375, -0.21875, -0.875],
							"size": [0.1875, 0.46875, 1.15625],
							"uv": {
								"north": {"uv": [13, 36.5], "uv_size": [0.25, -0.5]},
								"east": {"uv": [16, 13.5], "uv_size": [1.25, -0.5]},
								"south": {"uv": [36, 13.5], "uv_size": [0.25, -0.5]},
								"west": {"uv": [16, 15.5], "uv_size": [1.25, -0.5]},
								"up": {"uv": [23, 25], "uv_size": [0.25, 1.25]},
								"down": {"uv": [21, 26.25], "uv_size": [0.25, -1.25]}
							}
						},
						{
							"origin": [0.28125, 0, -0.875],
							"size": [0.09375, 0.34375, 1.15625],
							"uv": {
								"north": {"uv": [18, 43.25], "uv_size": [0.25, -0.25]},
								"east": {"uv": [16, 28.25], "uv_size": [1.25, -0.25]},
								"south": {"uv": [28, 43.25], "uv_size": [0.25, -0.25]},
								"west": {"uv": [28, 20.25], "uv_size": [1.25, -0.25]},
								"up": {"uv": [23, 28], "uv_size": [0.25, 1.25]},
								"down": {"uv": [21, 29.25], "uv_size": [0.25, -1.25]}
							}
						},
						{
							"origin": [0.21875, 0, -0.875],
							"size": [0.0625, 0.0625, 1.15625],
							"uv": {
								"north": {"uv": [0, 44.25], "uv_size": [0.25, -0.25]},
								"east": {"uv": [29, 13.25], "uv_size": [1.25, -0.25]},
								"south": {"uv": [44, 2.25], "uv_size": [0.25, -0.25]},
								"west": {"uv": [0, 30.25], "uv_size": [1.25, -0.25]},
								"up": {"uv": [12, 30], "uv_size": [0.25, 1.25]},
								"down": {"uv": [30, 5.25], "uv_size": [0.25, -1.25]}
							}
						},
						{
							"origin": [0.03125, 0.40625, -0.875],
							"size": [0.28125, 0.1875, 1.15625],
							"uv": {
								"north": {"uv": [34, 43.25], "uv_size": [0.25, -0.25]},
								"east": {"uv": [9, 29.25], "uv_size": [1.25, -0.25]},
								"south": {"uv": [43, 40.25], "uv_size": [0.25, -0.25]},
								"west": {"uv": [29, 11.25], "uv_size": [1.25, -0.25]},
								"up": {"uv": [29, 27], "uv_size": [0.25, 1.25]},
								"down": {"uv": [29, 23.25], "uv_size": [0.25, -1.25]}
							}
						},
						{
							"origin": [0.21875, 0, 0.375],
							"size": [0.0625, 0.0625, 0.46875],
							"uv": {
								"north": {"uv": [44, 32.25], "uv_size": [0.25, -0.25]},
								"east": {"uv": [4, 37.25], "uv_size": [0.5, -0.25]},
								"south": {"uv": [44, 34.25], "uv_size": [0.25, -0.25]},
								"west": {"uv": [8, 37.25], "uv_size": [0.5, -0.25]},
								"up": {"uv": [37, 10], "uv_size": [0.25, 0.5]},
								"down": {"uv": [37, 8.5], "uv_size": [0.25, -0.5]}
							}
						},
						{
							"origin": [-0.39062, 0.00019, 0.375],
							"size": [0.125, 0.3165, 0.46875],
							"uv": {
								"north": {"uv": [45, 0.25], "uv_size": [0.25, -0.25]},
								"east": {"uv": [38, 20.25], "uv_size": [0.5, -0.25]},
								"south": {"uv": [2, 45.25], "uv_size": [0.25, -0.25]},
								"west": {"uv": [21, 38.25], "uv_size": [0.5, -0.25]},
								"up": {"uv": [23, 38], "uv_size": [0.25, 0.5]},
								"down": {"uv": [38, 22.5], "uv_size": [0.25, -0.5]}
							}
						},
						{
							"origin": [-0.28125, 0, 0.375],
							"size": [0.0625, 0.0625, 0.46875],
							"uv": {
								"north": {"uv": [44, 42.25], "uv_size": [0.25, -0.25]},
								"east": {"uv": [14, 38.25], "uv_size": [0.5, -0.25]},
								"south": {"uv": [44, 44.25], "uv_size": [0.25, -0.25]},
								"west": {"uv": [38, 14.25], "uv_size": [0.5, -0.25]},
								"up": {"uv": [38, 18], "uv_size": [0.25, 0.5]},
								"down": {"uv": [38, 16.5], "uv_size": [0.25, -0.5]}
							}
						},
						{
							"origin": [0.26563, 0.00019, 0.375],
							"size": [0.125, 0.3165, 0.46875],
							"uv": {
								"north": {"uv": [44, 28.25], "uv_size": [0.25, -0.25]},
								"east": {"uv": [36, 33.25], "uv_size": [0.5, -0.25]},
								"south": {"uv": [44, 30.25], "uv_size": [0.25, -0.25]},
								"west": {"uv": [36, 35.25], "uv_size": [0.5, -0.25]},
								"up": {"uv": [2, 37], "uv_size": [0.25, 0.5]},
								"down": {"uv": [37, 0.5], "uv_size": [0.25, -0.5]}
							}
						},
						{
							"origin": [0.24066, 0.28488, 0.375],
							"size": [0.125, 0.1875, 0.46875],
							"pivot": [0.31878, 0.34738, 0.95313],
							"rotation": [0, 0, -30],
							"uv": {
								"north": {"uv": [26, 44.25], "uv_size": [0.25, -0.25]},
								"east": {"uv": [36, 27.25], "uv_size": [0.5, -0.25]},
								"south": {"uv": [44, 26.25], "uv_size": [0.25, -0.25]},
								"west": {"uv": [28, 36.25], "uv_size": [0.5, -0.25]},
								"up": {"uv": [36, 31], "uv_size": [0.25, 0.5]},
								"down": {"uv": [36, 29.5], "uv_size": [0.25, -0.5]}
							}
						},
						{
							"origin": [0.24066, 0.59012, 0.375],
							"size": [0.125, 0.1875, 0.46875],
							"pivot": [0.31878, 0.71512, 0.95313],
							"rotation": [0, 0, 30],
							"uv": {
								"north": {"uv": [24, 44.25], "uv_size": [0.25, -0.25]},
								"east": {"uv": [36, 23.25], "uv_size": [0.5, -0.25]},
								"south": {"uv": [44, 24.25], "uv_size": [0.25, -0.25]},
								"west": {"uv": [24, 36.25], "uv_size": [0.5, -0.25]},
								"up": {"uv": [26, 36], "uv_size": [0.25, 0.5]},
								"down": {"uv": [36, 25.5], "uv_size": [0.25, -0.5]}
							}
						},
						{
							"origin": [0.03125, 0.40625, 0.375],
							"size": [0.28125, 0.1875, 0.46875],
							"uv": {
								"north": {"uv": [22, 44.25], "uv_size": [0.25, -0.25]},
								"east": {"uv": [36, 17.25], "uv_size": [0.5, -0.25]},
								"south": {"uv": [44, 22.25], "uv_size": [0.25, -0.25]},
								"west": {"uv": [36, 19.25], "uv_size": [0.5, -0.25]},
								"up": {"uv": [22, 36], "uv_size": [0.25, 0.5]},
								"down": {"uv": [36, 21.5], "uv_size": [0.25, -0.5]}
							}
						},
						{
							"origin": [-0.36566, 0.28488, 0.375],
							"size": [0.125, 0.1875, 0.46875],
							"pivot": [-0.31878, 0.34738, 0.95313],
							"rotation": [0, 0, 30],
							"uv": {
								"north": {"uv": [40, 44.25], "uv_size": [0.25, -0.25]},
								"east": {"uv": [38, 6.25], "uv_size": [0.5, -0.25]},
								"south": {"uv": [42, 44.25], "uv_size": [0.25, -0.25]},
								"west": {"uv": [10, 38.25], "uv_size": [0.5, -0.25]},
								"up": {"uv": [38, 12], "uv_size": [0.25, 0.5]},
								"down": {"uv": [12, 38.5], "uv_size": [0.25, -0.5]}
							}
						},
						{
							"origin": [-0.36566, 0.59012, 0.375],
							"size": [0.125, 0.1875, 0.46875],
							"pivot": [-0.31878, 0.71512, 0.95313],
							"rotation": [0, 0, -30],
							"uv": {
								"north": {"uv": [38, 44.25], "uv_size": [0.25, -0.25]},
								"east": {"uv": [0, 38.25], "uv_size": [0.5, -0.25]},
								"south": {"uv": [44, 38.25], "uv_size": [0.25, -0.25]},
								"west": {"uv": [38, 2.25], "uv_size": [0.5, -0.25]},
								"up": {"uv": [6, 38], "uv_size": [0.25, 0.5]},
								"down": {"uv": [38, 4.5], "uv_size": [0.25, -0.5]}
							}
						},
						{
							"origin": [-0.3125, 0.59375, 0.375],
							"size": [0.625, 0.1875, 0.46875],
							"uv": {
								"north": {"uv": [9, 35.25], "uv_size": [0.75, -0.25]},
								"east": {"uv": [34, 37.25], "uv_size": [0.5, -0.25]},
								"south": {"uv": [35, 9.25], "uv_size": [0.75, -0.25]},
								"west": {"uv": [36, 37.25], "uv_size": [0.5, -0.25]},
								"up": {"uv": [19, 25], "uv_size": [0.75, 0.5]},
								"down": {"uv": [25, 18.5], "uv_size": [0.75, -0.5]}
							}
						},
						{
							"origin": [-0.3125, 0.40625, 0.375],
							"size": [0.28125, 0.1875, 0.46875],
							"uv": {
								"north": {"uv": [36, 44.25], "uv_size": [0.25, -0.25]},
								"east": {"uv": [17, 37.25], "uv_size": [0.5, -0.25]},
								"south": {"uv": [44, 36.25], "uv_size": [0.25, -0.25]},
								"west": {"uv": [19, 37.25], "uv_size": [0.5, -0.25]},
								"up": {"uv": [32, 37], "uv_size": [0.25, 0.5]},
								"down": {"uv": [30, 37.5], "uv_size": [0.25, -0.5]}
							}
						},
						{
							"origin": [-0.3125, 0.59375, -0.875],
							"size": [0.625, 0.1875, 1.15625],
							"uv": {
								"north": {"uv": [2, 35.25], "uv_size": [0.75, -0.25]},
								"east": {"uv": [32, 0.25], "uv_size": [1.25, -0.25]},
								"south": {"uv": [4, 35.25], "uv_size": [0.75, -0.25]},
								"west": {"uv": [32, 10.25], "uv_size": [1.25, -0.25]},
								"up": {"uv": [0, 16], "uv_size": [0.75, 1.25]},
								"down": {"uv": [8, 16.25], "uv_size": [0.75, -1.25]}
							}
						},
						{
							"origin": [-0.28125, 0, -0.875],
							"size": [0.0625, 0.0625, 1.15625],
							"uv": {
								"north": {"uv": [14, 44.25], "uv_size": [0.25, -0.25]},
								"east": {"uv": [21, 31.25], "uv_size": [1.25, -0.25]},
								"south": {"uv": [44, 14.25], "uv_size": [0.25, -0.25]},
								"west": {"uv": [31, 23.25], "uv_size": [1.25, -0.25]},
								"up": {"uv": [31, 28], "uv_size": [0.25, 1.25]},
								"down": {"uv": [31, 26.25], "uv_size": [0.25, -1.25]}
							}
						},
						{
							"origin": [-0.375, 0, -0.875],
							"size": [0.09375, 0.34375, 1.15625],
							"uv": {
								"north": {"uv": [12, 44.25], "uv_size": [0.25, -0.25]},
								"east": {"uv": [31, 2.25], "uv_size": [1.25, -0.25]},
								"south": {"uv": [44, 12.25], "uv_size": [0.25, -0.25]},
								"west": {"uv": [9, 31.25], "uv_size": [1.25, -0.25]},
								"up": {"uv": [31, 20], "uv_size": [0.25, 1.25]},
								"down": {"uv": [14, 32.25], "uv_size": [0.25, -1.25]}
							}
						},
						{
							"origin": [-0.36566, 0.28488, -0.875],
							"size": [0.125, 0.1875, 1.15625],
							"pivot": [-0.31878, 0.34738, -0.29687],
							"rotation": [0, 0, 30],
							"uv": {
								"north": {"uv": [44, 6.25], "uv_size": [0.25, -0.25]},
								"east": {"uv": [25, 30.25], "uv_size": [1.25, -0.25]},
								"south": {"uv": [10, 44.25], "uv_size": [0.25, -0.25]},
								"west": {"uv": [28, 30.25], "uv_size": [1.25, -0.25]},
								"up": {"uv": [31, 7], "uv_size": [0.25, 1.25]},
								"down": {"uv": [7, 32.25], "uv_size": [0.25, -1.25]}
							}
						},
						{
							"origin": [-0.3125, 0.40625, -0.875],
							"size": [0.28125, 0.1875, 1.15625],
							"uv": {
								"north": {"uv": [44, 4.25], "uv_size": [0.25, -0.25]},
								"east": {"uv": [30, 15.25], "uv_size": [1.25, -0.25]},
								"south": {"uv": [6, 44.25], "uv_size": [0.25, -0.25]},
								"west": {"uv": [16, 30.25], "uv_size": [1.25, -0.25]},
								"up": {"uv": [19, 30], "uv_size": [0.25, 1.25]},
								"down": {"uv": [30, 18.25], "uv_size": [0.25, -1.25]}
							}
						},
						{
							"origin": [0.24066, 0.28488, -0.875],
							"size": [0.125, 0.1875, 1.15625],
							"pivot": [0.31878, 0.34738, -0.29687],
							"rotation": [0, 0, -30],
							"uv": {
								"north": {"uv": [30, 43.25], "uv_size": [0.25, -0.25]},
								"east": {"uv": [28, 25.25], "uv_size": [1.25, -0.25]},
								"south": {"uv": [32, 43.25], "uv_size": [0.25, -0.25]},
								"west": {"uv": [29, 0.25], "uv_size": [1.25, -0.25]},
								"up": {"uv": [5, 29], "uv_size": [0.25, 1.25]},
								"down": {"uv": [3, 30.25], "uv_size": [0.25, -1.25]}
							}
						},
						{
							"origin": [0.24066, 0.59012, -0.875],
							"size": [0.125, 0.1875, 1.15625],
							"pivot": [0.31878, 0.71512, -0.29687],
							"rotation": [0, 0, 30],
							"uv": {
								"north": {"uv": [44, 16.25], "uv_size": [0.25, -0.25]},
								"east": {"uv": [31, 31.25], "uv_size": [1.25, -0.25]},
								"south": {"uv": [44, 18.25], "uv_size": [0.25, -0.25]},
								"west": {"uv": [0, 32.25], "uv_size": [1.25, -0.25]},
								"up": {"uv": [32, 4], "uv_size": [0.25, 1.25]},
								"down": {"uv": [3, 33.25], "uv_size": [0.25, -1.25]}
							}
						},
						{
							"origin": [-0.36566, 0.59012, -0.875],
							"size": [0.125, 0.1875, 1.15625],
							"pivot": [-0.31878, 0.71512, -0.29687],
							"rotation": [0, 0, -30],
							"uv": {
								"north": {"uv": [20, 44.25], "uv_size": [0.25, -0.25]},
								"east": {"uv": [32, 12.25], "uv_size": [1.25, -0.25]},
								"south": {"uv": [44, 20.25], "uv_size": [0.25, -0.25]},
								"west": {"uv": [16, 32.25], "uv_size": [1.25, -0.25]},
								"up": {"uv": [32, 17], "uv_size": [0.25, 1.25]},
								"down": {"uv": [5, 33.25], "uv_size": [0.25, -1.25]}
							}
						},
						{
							"origin": [-0.5, 0.17211, -0.875],
							"size": [0.125, 0.177, 1.15625],
							"pivot": [-0.4375, 0.28661, -0.29687],
							"rotation": [0, 0, 45],
							"uv": {
								"north": {"uv": [43, 10.25], "uv_size": [0.25, -0.25]},
								"east": {"uv": [28, 7.25], "uv_size": [1.25, -0.25]},
								"south": {"uv": [16, 43.25], "uv_size": [0.25, -0.25]},
								"west": {"uv": [28, 9.25], "uv_size": [1.25, -0.25]},
								"up": {"uv": [28, 15], "uv_size": [0.25, 1.25]},
								"down": {"uv": [14, 29.25], "uv_size": [0.25, -1.25]}
							}
						},
						{
							"origin": [-0.4375, 0.25, -0.875],
							"size": [0.0625, 0.125, 1.15625],
							"uv": {
								"north": {"uv": [8, 43.25], "uv_size": [0.25, -0.25]},
								"east": {"uv": [0, 28.25], "uv_size": [1.25, -0.25]},
								"south": {"uv": [43, 8.25], "uv_size": [0.25, -0.25]},
								"west": {"uv": [28, 2.25], "uv_size": [1.25, -0.25]},
								"up": {"uv": [7, 28], "uv_size": [0.25, 1.25]},
								"down": {"uv": [28, 5.25], "uv_size": [0.25, -1.25]}
							}
						},
						{
							"origin": [-0.375, -0.21875, -0.875],
							"size": [0.0625, 0.0625, 1.15625],
							"uv": {
								"north": {"uv": [2, 43.25], "uv_size": [0.25, -0.25]},
								"east": {"uv": [26, 23.25], "uv_size": [1.25, -0.25]},
								"south": {"uv": [4, 43.25], "uv_size": [0.25, -0.25]},
								"west": {"uv": [27, 18.25], "uv_size": [1.25, -0.25]},
								"up": {"uv": [27, 27], "uv_size": [0.25, 1.25]},
								"down": {"uv": [25, 28.25], "uv_size": [0.25, -1.25]}
							}
						},
						{
							"origin": [-0.5625, -0.21875, -0.875],
							"size": [0.1875, 0.46875, 1.15625],
							"uv": {
								"north": {"uv": [15, 36.5], "uv_size": [0.25, -0.5]},
								"east": {"uv": [4, 17.5], "uv_size": [1.25, -0.5]},
								"south": {"uv": [36, 15.5], "uv_size": [0.25, -0.5]},
								"west": {"uv": [16, 17.5], "uv_size": [1.25, -0.5]},
								"up": {"uv": [19, 27], "uv_size": [0.25, 1.25]},
								"down": {"uv": [12, 28.25], "uv_size": [0.25, -1.25]}
							}
						},
						{
							"origin": [0.3125, -0.21875, -0.875],
							"size": [0.0625, 0.0625, 1.15625],
							"uv": {
								"north": {"uv": [42, 42.25], "uv_size": [0.25, -0.25]},
								"east": {"uv": [26, 11.25], "uv_size": [1.25, -0.25]},
								"south": {"uv": [43, 0.25], "uv_size": [0.25, -0.25]},
								"west": {"uv": [26, 13.25], "uv_size": [1.25, -0.25]},
								"up": {"uv": [26, 20], "uv_size": [0.25, 1.25]},
								"down": {"uv": [26, 16.25], "uv_size": [0.25, -1.25]}
							}
						},
						{
							"origin": [0.375, 0.25, -0.875],
							"size": [0.0625, 0.125, 1.15625],
							"uv": {
								"north": {"uv": [42, 36.25], "uv_size": [0.25, -0.25]},
								"east": {"uv": [25, 25.25], "uv_size": [1.25, -0.25]},
								"south": {"uv": [38, 42.25], "uv_size": [0.25, -0.25]},
								"west": {"uv": [0, 26.25], "uv_size": [1.25, -0.25]},
								"up": {"uv": [5, 26], "uv_size": [0.25, 1.25]},
								"down": {"uv": [3, 27.25], "uv_size": [0.25, -1.25]}
							}
						},
						{
							"origin": [0.375, 0.17211, -0.875],
							"size": [0.125, 0.177, 1.15625],
							"pivot": [0.4375, 0.28661, -0.29687],
							"rotation": [0, 0, -45],
							"uv": {
								"north": {"uv": [42, 38.25], "uv_size": [0.25, -0.25]},
								"east": {"uv": [26, 0.25], "uv_size": [1.25, -0.25]},
								"south": {"uv": [40, 42.25], "uv_size": [0.25, -0.25]},
								"west": {"uv": [7, 26.25], "uv_size": [1.25, -0.25]},
								"up": {"uv": [10, 26], "uv_size": [0.25, 1.25]},
								"down": {"uv": [26, 9.25], "uv_size": [0.25, -1.25]}
							}
						},
						{
							"origin": [-0.125, 1, -2.1675],
							"size": [0.25, 0.25, 4.59375],
							"pivot": [0, 1.125, -2.21875],
							"rotation": [0, 0, -45],
							"uv": {
								"north": {"uv": [12, 48.25], "uv_size": [0.25, -0.25]},
								"east": {"uv": [8, 0.25], "uv_size": [4.5, -0.25]},
								"south": {"uv": [48, 12.25], "uv_size": [0.25, -0.25]},
								"west": {"uv": [8, 2.25], "uv_size": [4.5, -0.25]},
								"up": {"uv": [6, 9], "uv_size": [0.25, 4.5]},
								"down": {"uv": [4, 13.5], "uv_size": [0.25, -4.5]}
							}
						},
						{
							"origin": [0.53125, 1.09375, -1.53125],
							"size": [0.0625, 0.125, 0.125],
							"pivot": [0, 1.14063, -1.48437],
							"rotation": [-45, 0, 0],
							"uv": {
								"north": {"uv": [14.25, 48.25], "uv_size": [-0.25, -0.25]},
								"east": {"uv": [48.25, 18.25], "uv_size": [-0.25, -0.25]},
								"south": {"uv": [48.25, 16.25], "uv_size": [-0.25, -0.25]},
								"west": {"uv": [48.25, 14.25], "uv_size": [-0.25, -0.25]},
								"up": {"uv": [48.25, 20], "uv_size": [-0.25, 0.25]},
								"down": {"uv": [20.25, 48.25], "uv_size": [-0.25, -0.25]}
							}
						},
						{
							"origin": [-0.375, 0.4375, -0.6875],
							"size": [0.0625, 0.1875, 0.1875],
							"pivot": [0.21875, 0.54688, -0.57812],
							"rotation": [-45, 0, 0],
							"uv": {
								"north": {"uv": [22, 48.25], "uv_size": [0.25, -0.25]},
								"east": {"uv": [48, 22.25], "uv_size": [0.25, -0.25]},
								"south": {"uv": [24, 48.25], "uv_size": [0.25, -0.25]},
								"west": {"uv": [48, 24.25], "uv_size": [0.25, -0.25]},
								"up": {"uv": [48, 26], "uv_size": [0.25, 0.25]},
								"down": {"uv": [26, 48.25], "uv_size": [0.25, -0.25]}
							}
						},
						{
							"origin": [-0.59375, 0, -0.0625],
							"size": [0.03125, 0.1875, 0.1875],
							"pivot": [0.21875, 0.10938, 0.04688],
							"rotation": [-45, 0, 0],
							"uv": {
								"north": {"uv": [4, 49.25], "uv_size": [0.25, -0.25]},
								"east": {"uv": [8, 49.25], "uv_size": [0.25, -0.25]},
								"south": {"uv": [49, 8.25], "uv_size": [0.25, -0.25]},
								"west": {"uv": [49, 10.25], "uv_size": [0.25, -0.25]},
								"up": {"uv": [18, 49], "uv_size": [0.25, 0.25]},
								"down": {"uv": [16, 49.25], "uv_size": [0.25, -0.25]}
							}
						},
						{
							"origin": [-0.59375, 0, -0.6875],
							"size": [0.03125, 0.1875, 0.1875],
							"pivot": [0.21875, 0.10938, -0.57812],
							"rotation": [-45, 0, 0],
							"uv": {
								"north": {"uv": [48, 44.25], "uv_size": [0.25, -0.25]},
								"east": {"uv": [46, 48.25], "uv_size": [0.25, -0.25]},
								"south": {"uv": [48, 46.25], "uv_size": [0.25, -0.25]},
								"west": {"uv": [48, 48.25], "uv_size": [0.25, -0.25]},
								"up": {"uv": [2, 49], "uv_size": [0.25, 0.25]},
								"down": {"uv": [49, 0.25], "uv_size": [0.25, -0.25]}
							}
						},
						{
							"origin": [-0.5625, 0.03125, -0.65625],
							"size": [1.15625, 0.125, 0.125],
							"pivot": [0.25, 0.10938, -0.57812],
							"rotation": [-45, 0, 0],
							"uv": {
								"north": {"uv": [24, 32.25], "uv_size": [1.25, -0.25]},
								"east": {"uv": [28, 49.25], "uv_size": [0.25, -0.25]},
								"south": {"uv": [27, 32.25], "uv_size": [1.25, -0.25]},
								"west": {"uv": [30, 49.25], "uv_size": [0.25, -0.25]},
								"up": {"uv": [9, 33], "uv_size": [1.25, 0.25]},
								"down": {"uv": [33, 7.25], "uv_size": [1.25, -0.25]}
							}
						},
						{
							"origin": [-0.34375, 0.46875, -0.03125],
							"size": [0.71875, 0.125, 0.125],
							"pivot": [0.25, 0.54688, 0.04688],
							"rotation": [-45, 0, 0],
							"uv": {
								"north": {"uv": [32, 35.25], "uv_size": [0.75, -0.25]},
								"east": {"uv": [50, 2.25], "uv_size": [0.25, -0.25]},
								"south": {"uv": [34, 35.25], "uv_size": [0.75, -0.25]},
								"west": {"uv": [50, 4.25], "uv_size": [0.25, -0.25]},
								"up": {"uv": [36, 2], "uv_size": [0.75, 0.25]},
								"down": {"uv": [0, 36.25], "uv_size": [0.75, -0.25]}
							}
						},
						{
							"origin": [-0.34375, 0.46875, 0.5625],
							"size": [0.71875, 0.125, 0.125],
							"pivot": [0.25, 0.54688, 0.64063],
							"rotation": [-45, 0, 0],
							"uv": {
								"north": {"uv": [36, 4.25], "uv_size": [0.75, -0.25]},
								"east": {"uv": [6, 50.25], "uv_size": [0.25, -0.25]},
								"south": {"uv": [6, 36.25], "uv_size": [0.75, -0.25]},
								"west": {"uv": [50, 6.25], "uv_size": [0.25, -0.25]},
								"up": {"uv": [11, 36], "uv_size": [0.75, 0.25]},
								"down": {"uv": [36, 6.25], "uv_size": [0.75, -0.25]}
							}
						},
						{
							"origin": [-0.34375, 0.46875, -0.65625],
							"size": [0.71875, 0.125, 0.125],
							"pivot": [0.25, 0.54688, -0.57812],
							"rotation": [-45, 0, 0],
							"uv": {
								"north": {"uv": [35, 11.25], "uv_size": [0.75, -0.25]},
								"east": {"uv": [49, 40.25], "uv_size": [0.25, -0.25]},
								"south": {"uv": [18, 35.25], "uv_size": [0.75, -0.25]},
								"west": {"uv": [0, 50.25], "uv_size": [0.25, -0.25]},
								"up": {"uv": [30, 35], "uv_size": [0.75, 0.25]},
								"down": {"uv": [20, 35.25], "uv_size": [0.75, -0.25]}
							}
						},
						{
							"origin": [-0.5625, 0.03125, -0.03125],
							"size": [1.15625, 0.125, 0.125],
							"pivot": [0.25, 0.10938, 0.04688],
							"rotation": [-45, 0, 0],
							"uv": {
								"north": {"uv": [33, 14.25], "uv_size": [1.25, -0.25]},
								"east": {"uv": [32, 49.25], "uv_size": [0.25, -0.25]},
								"south": {"uv": [19, 33.25], "uv_size": [1.25, -0.25]},
								"west": {"uv": [34, 49.25], "uv_size": [0.25, -0.25]},
								"up": {"uv": [33, 25], "uv_size": [1.25, 0.25]},
								"down": {"uv": [33, 20.25], "uv_size": [1.25, -0.25]}
							}
						},
						{
							"origin": [-0.375, 0.4375, -0.0625],
							"size": [0.0625, 0.1875, 0.1875],
							"pivot": [0.21875, 0.54688, 0.04688],
							"rotation": [-45, 0, 0],
							"uv": {
								"north": {"uv": [48, 28.25], "uv_size": [0.25, -0.25]},
								"east": {"uv": [48, 30.25], "uv_size": [0.25, -0.25]},
								"south": {"uv": [48, 32.25], "uv_size": [0.25, -0.25]},
								"west": {"uv": [48, 34.25], "uv_size": [0.25, -0.25]},
								"up": {"uv": [48, 36], "uv_size": [0.25, 0.25]},
								"down": {"uv": [36, 48.25], "uv_size": [0.25, -0.25]}
							}
						},
						{
							"origin": [-0.375, 0.4375, 0.53125],
							"size": [0.0625, 0.1875, 0.1875],
							"pivot": [0.21875, 0.54688, 0.64063],
							"rotation": [-45, 0, 0],
							"uv": {
								"north": {"uv": [38, 48.25], "uv_size": [0.25, -0.25]},
								"east": {"uv": [48, 38.25], "uv_size": [0.25, -0.25]},
								"south": {"uv": [40, 48.25], "uv_size": [0.25, -0.25]},
								"west": {"uv": [42, 48.25], "uv_size": [0.25, -0.25]},
								"up": {"uv": [44, 48], "uv_size": [0.25, 0.25]},
								"down": {"uv": [48, 42.25], "uv_size": [0.25, -0.25]}
							}
						},
						{
							"origin": [0.33839, 1.20974, -0.17188],
							"size": [0, 0.78125, 0.25],
							"pivot": [0.33839, 1.60036, -0.04688],
							"rotation": [90, 0, -45],
							"uv": {
								"west": {"uv": [58, 0], "uv_size": [1.25, 4]}
							}
						},
						{
							"origin": [-0.33839, 1.20974, -0.17187],
							"size": [0, 0.78125, 0.25],
							"inflate": 0.0001,
							"pivot": [-0.33839, 1.60036, -0.04687],
							"rotation": [90, 0, 45],
							"uv": {
								"east": {"uv": [61.75, 0], "uv_size": [1.25, 4]}
							}
						}
					]
				},
				{
					"name": "octagon4",
					"parent": "bone",
					"pivot": [8, 9.125, -7.65625],
					"cubes": [
						{
							"origin": [-0.233, 1.59375, -0.875],
							"size": [0.46599, 0.09375, 1.71875],
							"pivot": [0, 1.125, 0.34375],
							"rotation": [0, 0, -45],
							"uv": {
								"north": {"uv": [38, 24.25], "uv_size": [0.5, -0.25]},
								"east": {"uv": [25, 2.25], "uv_size": [1.75, -0.25]},
								"south": {"uv": [25, 38.25], "uv_size": [0.5, -0.25]},
								"west": {"uv": [25, 4.25], "uv_size": [1.75, -0.25]},
								"up": {"uv": [2, 16], "uv_size": [0.5, 1.75]},
								"down": {"uv": [16, 1.75], "uv_size": [0.5, -1.75]}
							}
						},
						{
							"origin": [-0.233, 0.5625, -0.875],
							"size": [0.46599, 0.09375, 1.15625],
							"pivot": [0, 1.125, -0.21875],
							"rotation": [0, 0, 45],
							"uv": {
								"north": {"uv": [42, 34.25], "uv_size": [0.5, -0.25]},
								"east": {"uv": [30, 33.25], "uv_size": [1.25, -0.25]},
								"south": {"uv": [36, 42.25], "uv_size": [0.5, -0.25]},
								"west": {"uv": [33, 33.25], "uv_size": [1.25, -0.25]},
								"up": {"uv": [10, 21], "uv_size": [0.5, 1.25]},
								"down": {"uv": [8, 22.25], "uv_size": [0.5, -1.25]}
							}
						},
						{
							"origin": [-0.233, 0.5625, -0.875],
							"size": [0.46599, 0.09375, 1.15625],
							"uv": {
								"north": {"uv": [42, 30.25], "uv_size": [0.5, -0.25]},
								"east": {"uv": [33, 27.25], "uv_size": [1.25, -0.25]},
								"south": {"uv": [42, 32.25], "uv_size": [0.5, -0.25]},
								"west": {"uv": [33, 29.25], "uv_size": [1.25, -0.25]},
								"up": {"uv": [21, 6], "uv_size": [0.5, 1.25]},
								"down": {"uv": [6, 22.25], "uv_size": [0.5, -1.25]}
							}
						},
						{
							"origin": [0.46875, 0.892, -0.875],
							"size": [0.09375, 0.46599, 1.15625],
							"pivot": [0, 1.125, -0.21875],
							"rotation": [0, 0, 45],
							"uv": {
								"north": {"uv": [42, 26.5], "uv_size": [0.25, -0.5]},
								"east": {"uv": [20, 4.5], "uv_size": [1.25, -0.5]},
								"south": {"uv": [42, 28.5], "uv_size": [0.25, -0.5]},
								"west": {"uv": [21, 0.5], "uv_size": [1.25, -0.5]},
								"up": {"uv": [22, 33], "uv_size": [0.25, 1.25]},
								"down": {"uv": [12, 34.25], "uv_size": [0.25, -1.25]}
							}
						},
						{
							"origin": [0.46875, 0.892, 0.375],
							"size": [0.09375, 0.46599, 0.46875],
							"pivot": [0, 1.125, 0.34375],
							"rotation": [0, 0, 45],
							"uv": {
								"north": {"uv": [42, 22.5], "uv_size": [0.25, -0.5]},
								"east": {"uv": [34, 31.5], "uv_size": [0.5, -0.5]},
								"south": {"uv": [24, 42.5], "uv_size": [0.25, -0.5]},
								"west": {"uv": [35, 0.5], "uv_size": [0.5, -0.5]},
								"up": {"uv": [26, 42], "uv_size": [0.25, 0.5]},
								"down": {"uv": [42, 24.5], "uv_size": [0.25, -0.5]}
							}
						},
						{
							"origin": [-0.233, 0.5625, 0.375],
							"size": [0.46599, 0.09375, 0.46875],
							"uv": {
								"north": {"uv": [42, 18.25], "uv_size": [0.5, -0.25]},
								"east": {"uv": [20, 42.25], "uv_size": [0.5, -0.25]},
								"south": {"uv": [42, 20.25], "uv_size": [0.5, -0.25]},
								"west": {"uv": [22, 42.25], "uv_size": [0.5, -0.25]},
								"up": {"uv": [28, 34], "uv_size": [0.5, 0.5]},
								"down": {"uv": [26, 34.5], "uv_size": [0.5, -0.5]}
							}
						},
						{
							"origin": [-0.233, 0.5625, 0.375],
							"size": [0.46599, 0.09375, 0.46875],
							"pivot": [0, 1.125, 0.34375],
							"rotation": [0, 0, 45],
							"uv": {
								"north": {"uv": [42, 12.25], "uv_size": [0.5, -0.25]},
								"east": {"uv": [14, 42.25], "uv_size": [0.5, -0.25]},
								"south": {"uv": [42, 14.25], "uv_size": [0.5, -0.25]},
								"west": {"uv": [42, 16.25], "uv_size": [0.5, -0.25]},
								"up": {"uv": [24, 34], "uv_size": [0.5, 0.5]},
								"down": {"uv": [34, 22.5], "uv_size": [0.5, -0.5]}
							}
						},
						{
							"origin": [-0.233, 1.59375, -0.875],
							"size": [0.46599, 0.09375, 1.71875],
							"uv": {
								"north": {"uv": [38, 26.25], "uv_size": [0.5, -0.25]},
								"east": {"uv": [25, 6.25], "uv_size": [1.75, -0.25]},
								"south": {"uv": [27, 38.25], "uv_size": [0.5, -0.25]},
								"west": {"uv": [12, 25.25], "uv_size": [1.75, -0.25]},
								"up": {"uv": [16, 6], "uv_size": [0.5, 1.75]},
								"down": {"uv": [16, 4.75], "uv_size": [0.5, -1.75]}
							}
						},
						{
							"origin": [0.46875, 0.892, -0.875],
							"size": [0.09375, 0.46599, 1.71875],
							"pivot": [0, 1.125, 0.34375],
							"rotation": [0, 0, -45],
							"uv": {
								"north": {"uv": [38, 28.5], "uv_size": [0.25, -0.5]},
								"east": {"uv": [16, 9.5], "uv_size": [1.75, -0.5]},
								"south": {"uv": [38, 30.5], "uv_size": [0.25, -0.5]},
								"west": {"uv": [10, 16.5], "uv_size": [1.75, -0.5]},
								"up": {"uv": [17, 25], "uv_size": [0.25, 1.75]},
								"down": {"uv": [15, 26.75], "uv_size": [0.25, -1.75]}
							}
						},
						{
							"origin": [-0.5625, 0.892, -0.875],
							"size": [1.125, 0.46599, 1.71875],
							"uv": {
								"north": {"uv": [18, 0.5], "uv_size": [1.25, -0.5]},
								"east": {"uv": [16, 11.5], "uv_size": [1.75, -0.5]},
								"south": {"uv": [18, 2.5], "uv_size": [1.25, -0.5]},
								"west": {"uv": [13, 16.5], "uv_size": [1.75, -0.5]},
								"up": {"uv": [7, 6], "uv_size": [1.25, 1.75]},
								"down": {"uv": [4, 7.75], "uv_size": [1.25, -1.75]}
							}
						}
					]
				},
				{
					"name": "octagon5",
					"parent": "bone",
					"pivot": [8, 9.125, -6.65625],
					"cubes": [
						{
							"origin": [-0.19416, 0.65625, 1.34375],
							"size": [0.38833, 0.9375, 0.90625],
							"pivot": [0, 1.125, 0.59375],
							"rotation": [0, 0, -45],
							"uv": {
								"north": {"uv": [21, 3], "uv_size": [0.5, -1]},
								"east": {"uv": [8, 5], "uv_size": [1, -1]},
								"south": {"uv": [12, 22], "uv_size": [0.5, -1]},
								"west": {"uv": [10, 13], "uv_size": [1, -1]},
								"up": {"uv": [16, 21], "uv_size": [0.5, 1]},
								"down": {"uv": [14, 22], "uv_size": [0.5, -1]}
							}
						},
						{
							"origin": [-0.19416, 0.65625, 1.34375],
							"size": [0.38833, 0.9375, 0.90625],
							"uv": {
								"north": {"uv": [18, 22], "uv_size": [0.5, -1]},
								"east": {"uv": [12, 13], "uv_size": [1, -1]},
								"south": {"uv": [21, 20], "uv_size": [0.5, -1]},
								"west": {"uv": [8, 14], "uv_size": [1, -1]},
								"up": {"uv": [0, 22], "uv_size": [0.5, 1]},
								"down": {"uv": [20, 22], "uv_size": [0.5, -1]}
							}
						},
						{
							"origin": [-0.46875, 0.93084, 1.34375],
							"size": [0.9375, 0.38833, 0.90625],
							"pivot": [0, 1.125, 1.34375],
							"rotation": [0, 0, -45],
							"uv": {
								"north": {"uv": [2, 22.5], "uv_size": [1, -0.5]},
								"east": {"uv": [4, 22.5], "uv_size": [1, -0.5]},
								"south": {"uv": [22, 9.5], "uv_size": [1, -0.5]},
								"west": {"uv": [22, 11.5], "uv_size": [1, -0.5]},
								"up": {"uv": [14, 0], "uv_size": [1, 1]},
								"down": {"uv": [0, 15], "uv_size": [1, -1]}
							}
						},
						{
							"origin": [-0.46875, 0.93084, 1.34375],
							"size": [0.9375, 0.38833, 0.90625],
							"uv": {
								"north": {"uv": [22, 13.5], "uv_size": [1, -0.5]},
								"east": {"uv": [22, 15.5], "uv_size": [1, -0.5]},
								"south": {"uv": [22, 17.5], "uv_size": [1, -0.5]},
								"west": {"uv": [22, 21.5], "uv_size": [1, -0.5]},
								"up": {"uv": [14, 2], "uv_size": [1, 1]},
								"down": {"uv": [2, 15], "uv_size": [1, -1]}
							}
						}
					]
				},
				{
					"name": "octagon2",
					"parent": "bone",
					"pivot": [8, 9.125, -6.5625],
					"cubes": [
						{
							"origin": [0.0931, 0.77524, 2.25],
							"size": [0.38833, 0.125, 0.09375],
							"pivot": [0.28726, 0.83774, 2.29688],
							"rotation": [0, 0, -45],
							"uv": {
								"north": {"uv": [38, 32.25], "uv_size": [0.5, -0.25]},
								"east": {"uv": [4, 45.25], "uv_size": [0.25, -0.25]},
								"south": {"uv": [38, 34.25], "uv_size": [0.5, -0.25]},
								"west": {"uv": [8, 45.25], "uv_size": [0.25, -0.25]},
								"up": {"uv": [38, 38], "uv_size": [0.5, 0.25]},
								"down": {"uv": [38, 36.25], "uv_size": [0.5, -0.25]}
							}
						},
						{
							"origin": [0.34375, 0.93084, 1.25],
							"size": [0.125, 0.38833, 0.09375],
							"uv": {
								"north": {"uv": [6, 42.5], "uv_size": [0.25, -0.5]},
								"east": {"uv": [42, 6.5], "uv_size": [0.25, -0.5]},
								"south": {"uv": [10, 42.5], "uv_size": [0.25, -0.5]},
								"west": {"uv": [12, 42.5], "uv_size": [0.25, -0.5]},
								"up": {"uv": [50, 28], "uv_size": [0.25, 0.25]},
								"down": {"uv": [50, 26.25], "uv_size": [0.25, -0.25]}
							}
						},
						{
							"origin": [0.34375, 0.93084, 1.25],
							"size": [0.125, 0.38833, 0.09375],
							"pivot": [0, 1.125, 0.4375],
							"rotation": [0, 0, -45],
							"uv": {
								"north": {"uv": [41, 40.5], "uv_size": [0.25, -0.5]},
								"east": {"uv": [0, 42.5], "uv_size": [0.25, -0.5]},
								"south": {"uv": [42, 2.5], "uv_size": [0.25, -0.5]},
								"west": {"uv": [42, 4.5], "uv_size": [0.25, -0.5]},
								"up": {"uv": [26, 50], "uv_size": [0.25, 0.25]},
								"down": {"uv": [50, 24.25], "uv_size": [0.25, -0.25]}
							}
						},
						{
							"origin": [-0.19416, 1.46875, 1.25],
							"size": [0.38833, 0.125, 0.09375],
							"uv": {
								"north": {"uv": [28, 41.25], "uv_size": [0.5, -0.25]},
								"east": {"uv": [50, 22.25], "uv_size": [0.25, -0.25]},
								"south": {"uv": [30, 41.25], "uv_size": [0.5, -0.25]},
								"west": {"uv": [24, 50.25], "uv_size": [0.25, -0.25]},
								"up": {"uv": [34, 41], "uv_size": [0.5, 0.25]},
								"down": {"uv": [32, 41.25], "uv_size": [0.5, -0.25]}
							}
						},
						{
							"origin": [-0.19416, 0.65625, 1.25],
							"size": [0.38833, 0.125, 0.09375],
							"uv": {
								"north": {"uv": [41, 8.25], "uv_size": [0.5, -0.25]},
								"east": {"uv": [50, 20.25], "uv_size": [0.25, -0.25]},
								"south": {"uv": [41, 10.25], "uv_size": [0.5, -0.25]},
								"west": {"uv": [22, 50.25], "uv_size": [0.25, -0.25]},
								"up": {"uv": [18, 41], "uv_size": [0.5, 0.25]},
								"down": {"uv": [16, 41.25], "uv_size": [0.5, -0.25]}
							}
						},
						{
							"origin": [-0.19416, 0.65625, 1.25],
							"size": [0.38833, 0.125, 0.09375],
							"pivot": [0, 1.125, 0.4375],
							"rotation": [0, 0, 45],
							"uv": {
								"north": {"uv": [41, 0.25], "uv_size": [0.5, -0.25]},
								"east": {"uv": [50, 18.25], "uv_size": [0.25, -0.25]},
								"south": {"uv": [2, 41.25], "uv_size": [0.5, -0.25]},
								"west": {"uv": [20, 50.25], "uv_size": [0.25, -0.25]},
								"up": {"uv": [8, 41], "uv_size": [0.5, 0.25]},
								"down": {"uv": [4, 41.25], "uv_size": [0.5, -0.25]}
							}
						},
						{
							"origin": [-0.46875, 0.93084, 1.25],
							"size": [0.125, 0.38833, 0.09375],
							"uv": {
								"north": {"uv": [40, 36.5], "uv_size": [0.25, -0.5]},
								"east": {"uv": [37, 40.5], "uv_size": [0.25, -0.5]},
								"south": {"uv": [40, 38.5], "uv_size": [0.25, -0.5]},
								"west": {"uv": [39, 40.5], "uv_size": [0.25, -0.5]},
								"up": {"uv": [50, 16], "uv_size": [0.25, 0.25]},
								"down": {"uv": [50, 14.25], "uv_size": [0.25, -0.25]}
							}
						},
						{
							"origin": [-0.46875, 0.93084, 1.25],
							"size": [0.125, 0.38833, 0.09375],
							"pivot": [0, 1.125, 0.4375],
							"rotation": [0, 0, 45],
							"uv": {
								"north": {"uv": [40, 28.5], "uv_size": [0.25, -0.5]},
								"east": {"uv": [40, 30.5], "uv_size": [0.25, -0.5]},
								"south": {"uv": [40, 32.5], "uv_size": [0.25, -0.5]},
								"west": {"uv": [40, 34.5], "uv_size": [0.25, -0.5]},
								"up": {"uv": [14, 50], "uv_size": [0.25, 0.25]},
								"down": {"uv": [50, 12.25], "uv_size": [0.25, -0.25]}
							}
						},
						{
							"origin": [0.0931, 0.77524, 1.25],
							"size": [0.38833, 0.125, 0.09375],
							"pivot": [0.28726, 0.83774, 1.29688],
							"rotation": [0, 0, -45],
							"uv": {
								"north": {"uv": [24, 40.25], "uv_size": [0.5, -0.25]},
								"east": {"uv": [10, 50.25], "uv_size": [0.25, -0.25]},
								"south": {"uv": [40, 24.25], "uv_size": [0.5, -0.25]},
								"west": {"uv": [12, 50.25], "uv_size": [0.25, -0.25]},
								"up": {"uv": [40, 26], "uv_size": [0.5, 0.25]},
								"down": {"uv": [26, 40.25], "uv_size": [0.5, -0.25]}
							}
						},
						{
							"origin": [-0.46875, 0.93084, 2.25],
							"size": [0.125, 0.38833, 0.09375],
							"pivot": [0, 1.125, 1.4375],
							"rotation": [0, 0, 45],
							"uv": {
								"north": {"uv": [14, 40.5], "uv_size": [0.25, -0.5]},
								"east": {"uv": [40, 14.5], "uv_size": [0.25, -0.5]},
								"south": {"uv": [40, 16.5], "uv_size": [0.25, -0.5]},
								"west": {"uv": [40, 18.5], "uv_size": [0.25, -0.5]},
								"up": {"uv": [46, 4], "uv_size": [0.25, 0.25]},
								"down": {"uv": [46, 2.25], "uv_size": [0.25, -0.25]}
							}
						},
						{
							"origin": [-0.46875, 0.93084, 2.25],
							"size": [0.125, 0.38833, 0.09375],
							"uv": {
								"north": {"uv": [40, 6.5], "uv_size": [0.25, -0.5]},
								"east": {"uv": [10, 40.5], "uv_size": [0.25, -0.5]},
								"south": {"uv": [12, 40.5], "uv_size": [0.25, -0.5]},
								"west": {"uv": [40, 12.5], "uv_size": [0.25, -0.5]},
								"up": {"uv": [0, 46], "uv_size": [0.25, 0.25]},
								"down": {"uv": [45, 40.25], "uv_size": [0.25, -0.25]}
							}
						},
						{
							"origin": [-0.19416, 0.65625, 2.25],
							"size": [0.38833, 0.125, 0.09375],
							"pivot": [0, 1.125, 1.4375],
							"rotation": [0, 0, 45],
							"uv": {
								"north": {"uv": [0, 40.25], "uv_size": [0.5, -0.25]},
								"east": {"uv": [32, 45.25], "uv_size": [0.25, -0.25]},
								"south": {"uv": [40, 2.25], "uv_size": [0.5, -0.25]},
								"west": {"uv": [34, 45.25], "uv_size": [0.25, -0.25]},
								"up": {"uv": [6, 40], "uv_size": [0.5, 0.25]},
								"down": {"uv": [40, 4.25], "uv_size": [0.5, -0.25]}
							}
						},
						{
							"origin": [-0.19416, 0.65625, 2.25],
							"size": [0.38833, 0.125, 0.09375],
							"uv": {
								"north": {"uv": [39, 0.25], "uv_size": [0.5, -0.25]},
								"east": {"uv": [45, 8.25], "uv_size": [0.25, -0.25]},
								"south": {"uv": [2, 39.25], "uv_size": [0.5, -0.25]},
								"west": {"uv": [45, 10.25], "uv_size": [0.25, -0.25]},
								"up": {"uv": [8, 39], "uv_size": [0.5, 0.25]},
								"down": {"uv": [4, 39.25], "uv_size": [0.5, -0.25]}
							}
						},
						{
							"origin": [-0.19416, 1.46875, 2.25],
							"size": [0.38833, 0.125, 0.09375],
							"uv": {
								"north": {"uv": [20, 40.25], "uv_size": [0.5, -0.25]},
								"east": {"uv": [6, 46.25], "uv_size": [0.25, -0.25]},
								"south": {"uv": [40, 20.25], "uv_size": [0.5, -0.25]},
								"west": {"uv": [46, 6.25], "uv_size": [0.25, -0.25]},
								"up": {"uv": [40, 22], "uv_size": [0.5, 0.25]},
								"down": {"uv": [22, 40.25], "uv_size": [0.5, -0.25]}
							}
						},
						{
							"origin": [0.34375, 0.93084, 2.25],
							"size": [0.125, 0.38833, 0.09375],
							"pivot": [0, 1.125, 1.4375],
							"rotation": [0, 0, -45],
							"uv": {
								"north": {"uv": [39, 8.5], "uv_size": [0.25, -0.5]},
								"east": {"uv": [39, 10.5], "uv_size": [0.25, -0.5]},
								"south": {"uv": [16, 39.5], "uv_size": [0.25, -0.5]},
								"west": {"uv": [18, 39.5], "uv_size": [0.25, -0.5]},
								"up": {"uv": [18, 45], "uv_size": [0.25, 0.25]},
								"down": {"uv": [16, 45.25], "uv_size": [0.25, -0.25]}
							}
						},
						{
							"origin": [0.34375, 0.93084, 2.25],
							"size": [0.125, 0.38833, 0.09375],
							"uv": {
								"north": {"uv": [29, 39.5], "uv_size": [0.25, -0.5]},
								"east": {"uv": [31, 39.5], "uv_size": [0.25, -0.5]},
								"south": {"uv": [33, 39.5], "uv_size": [0.25, -0.5]},
								"west": {"uv": [35, 39.5], "uv_size": [0.25, -0.5]},
								"up": {"uv": [30, 45], "uv_size": [0.25, 0.25]},
								"down": {"uv": [28, 45.25], "uv_size": [0.25, -0.25]}
							}
						}
					]
				},
				{
					"name": "bone4",
					"parent": "octagon2",
					"pivot": [0, 0.87473, 2.24844],
					"rotation": [0, 0, 90],
					"cubes": [
						{
							"origin": [-0.22706, 0.55066, 2.20156],
							"size": [0.32583, 0.25, 0.09375],
							"pivot": [-0.0954, 0.67566, 2.24844],
							"rotation": [25, 0, -45],
							"uv": {
								"north": {"uv": [46, 24.25], "uv_size": [0.25, -0.25]},
								"east": {"uv": [26, 46.25], "uv_size": [0.25, -0.25]},
								"south": {"uv": [46, 26.25], "uv_size": [0.25, -0.25]},
								"west": {"uv": [46, 28.25], "uv_size": [0.25, -0.25]},
								"up": {"uv": [46, 32], "uv_size": [0.25, 0.25]},
								"down": {"uv": [46, 30.25], "uv_size": [0.25, -0.25]}
							}
						}
					]
				},
				{
					"name": "bone3",
					"parent": "octagon2",
					"pivot": [0.17697, 0.94803, 2.24844],
					"rotation": [0, 0, 45],
					"cubes": [
						{
							"origin": [-0.05925, 0.64606, 2.20156],
							"size": [0.32583, 0.25, 0.09375],
							"pivot": [0.10367, 0.77106, 2.24844],
							"rotation": [25, 0, -45],
							"uv": {
								"north": {"uv": [46, 18.25], "uv_size": [0.25, -0.25]},
								"east": {"uv": [20, 46.25], "uv_size": [0.25, -0.25]},
								"south": {"uv": [46, 20.25], "uv_size": [0.25, -0.25]},
								"west": {"uv": [22, 46.25], "uv_size": [0.25, -0.25]},
								"up": {"uv": [24, 46], "uv_size": [0.25, 0.25]},
								"down": {"uv": [46, 22.25], "uv_size": [0.25, -0.25]}
							}
						}
					]
				},
				{
					"name": "bone2",
					"parent": "octagon2",
					"pivot": [0.17697, 0.94803, 2.24844],
					"cubes": [
						{
							"origin": [0.01406, 0.82303, 2.20156],
							"size": [0.32583, 0.25, 0.09375],
							"pivot": [0.17697, 0.94803, 2.24844],
							"rotation": [25, 0, -45],
							"uv": {
								"north": {"uv": [10, 46.25], "uv_size": [0.25, -0.25]},
								"east": {"uv": [12, 46.25], "uv_size": [0.25, -0.25]},
								"south": {"uv": [46, 12.25], "uv_size": [0.25, -0.25]},
								"west": {"uv": [14, 46.25], "uv_size": [0.25, -0.25]},
								"up": {"uv": [46, 16], "uv_size": [0.25, 0.25]},
								"down": {"uv": [46, 14.25], "uv_size": [0.25, -0.25]}
							}
						}
					]
				},
				{
					"name": "bone5",
					"parent": "octagon2",
					"pivot": [0, 1.37527, 2.24844],
					"rotation": [0, 0, -90],
					"cubes": [
						{
							"origin": [-0.22706, 1.44934, 2.20156],
							"size": [0.32583, 0.25, 0.09375],
							"pivot": [-0.0954, 1.57434, 2.24844],
							"rotation": [-25, 0, 45],
							"uv": {
								"north": {"uv": [46, 34.25], "uv_size": [0.25, -0.25]},
								"east": {"uv": [36, 46.25], "uv_size": [0.25, -0.25]},
								"south": {"uv": [46, 36.25], "uv_size": [0.25, -0.25]},
								"west": {"uv": [38, 46.25], "uv_size": [0.25, -0.25]},
								"up": {"uv": [40, 46], "uv_size": [0.25, 0.25]},
								"down": {"uv": [46, 38.25], "uv_size": [0.25, -0.25]}
							}
						}
					]
				},
				{
					"name": "bone6",
					"parent": "octagon2",
					"pivot": [0.17697, 1.30197, 2.24844],
					"rotation": [0, 0, -45],
					"cubes": [
						{
							"origin": [-0.05925, 1.35394, 2.20156],
							"size": [0.32583, 0.25, 0.09375],
							"pivot": [0.10367, 1.47894, 2.24844],
							"rotation": [-25, 0, 45],
							"uv": {
								"north": {"uv": [42, 46.25], "uv_size": [0.25, -0.25]},
								"east": {"uv": [46, 42.25], "uv_size": [0.25, -0.25]},
								"south": {"uv": [44, 46.25], "uv_size": [0.25, -0.25]},
								"west": {"uv": [46, 44.25], "uv_size": [0.25, -0.25]},
								"up": {"uv": [47, 0], "uv_size": [0.25, 0.25]},
								"down": {"uv": [46, 46.25], "uv_size": [0.25, -0.25]}
							}
						}
					]
				},
				{
					"name": "bone7",
					"parent": "octagon2",
					"pivot": [0.17697, 1.30197, 2.24844],
					"cubes": [
						{
							"origin": [0.01406, 1.17697, 2.20156],
							"size": [0.32583, 0.25, 0.09375],
							"pivot": [0.17697, 1.30197, 2.24844],
							"rotation": [-25, 0, 45],
							"uv": {
								"north": {"uv": [2, 47.25], "uv_size": [0.25, -0.25]},
								"east": {"uv": [4, 47.25], "uv_size": [0.25, -0.25]},
								"south": {"uv": [8, 47.25], "uv_size": [0.25, -0.25]},
								"west": {"uv": [47, 8.25], "uv_size": [0.25, -0.25]},
								"up": {"uv": [16, 47], "uv_size": [0.25, 0.25]},
								"down": {"uv": [47, 10.25], "uv_size": [0.25, -0.25]}
							}
						}
					]
				},
				{
					"name": "bone8",
					"parent": "octagon2",
					"pivot": [0.17697, 0.94803, 2.24844],
					"rotation": [0, 0, -45],
					"cubes": [
						{
							"origin": [0.18187, 0.91843, 2.20156],
							"size": [0.32583, 0.25, 0.09375],
							"pivot": [0.37603, 1.04343, 2.24844],
							"rotation": [25, 0, -45],
							"uv": {
								"north": {"uv": [18, 47.25], "uv_size": [0.25, -0.25]},
								"east": {"uv": [28, 47.25], "uv_size": [0.25, -0.25]},
								"south": {"uv": [30, 47.25], "uv_size": [0.25, -0.25]},
								"west": {"uv": [32, 47.25], "uv_size": [0.25, -0.25]},
								"up": {"uv": [47, 40], "uv_size": [0.25, 0.25]},
								"down": {"uv": [34, 47.25], "uv_size": [0.25, -0.25]}
							}
						}
					]
				},
				{
					"name": "bone9",
					"parent": "octagon2",
					"pivot": [-0.17697, 0.94803, 2.24844],
					"rotation": [0, 0, 45],
					"cubes": [
						{
							"origin": [-0.5077, 0.91843, 2.20156],
							"size": [0.32583, 0.25, 0.09375],
							"pivot": [-0.37603, 1.04343, 2.24844],
							"rotation": [25, 0, 45],
							"uv": {
								"north": {"uv": [0, 48.25], "uv_size": [0.25, -0.25]},
								"east": {"uv": [48, 2.25], "uv_size": [0.25, -0.25]},
								"south": {"uv": [48, 4.25], "uv_size": [0.25, -0.25]},
								"west": {"uv": [6, 48.25], "uv_size": [0.25, -0.25]},
								"up": {"uv": [10, 48], "uv_size": [0.25, 0.25]},
								"down": {"uv": [48, 6.25], "uv_size": [0.25, -0.25]}
							}
						}
					]
				},
				{
					"name": "octagon6",
					"parent": "bone",
					"pivot": [8, 9.125, -9.5625],
					"cubes": [
						{
							"origin": [-0.22005, 0.59375, -2.15625],
							"size": [0.4401, 1.0625, 1.09375],
							"pivot": [0, 1.125, -1.5625],
							"rotation": [0, 0, -45],
							"uv": {
								"north": {"uv": [23, 3], "uv_size": [0.5, -1]},
								"east": {"uv": [14, 9], "uv_size": [1, -1]},
								"south": {"uv": [23, 5], "uv_size": [0.5, -1]},
								"west": {"uv": [10, 15], "uv_size": [1, -1]},
								"up": {"uv": [12, 23], "uv_size": [0.5, 1]},
								"down": {"uv": [23, 7], "uv_size": [0.5, -1]}
							}
						},
						{
							"origin": [-0.22005, 0.59375, -2.15625],
							"size": [0.4401, 1.0625, 1.09375],
							"uv": {
								"north": {"uv": [14, 24], "uv_size": [0.5, -1]},
								"east": {"uv": [14, 11], "uv_size": [1, -1]},
								"south": {"uv": [16, 24], "uv_size": [0.5, -1]},
								"west": {"uv": [12, 15], "uv_size": [1, -1]},
								"up": {"uv": [23, 19], "uv_size": [0.5, 1]},
								"down": {"uv": [18, 24], "uv_size": [0.5, -1]}
							}
						},
						{
							"origin": [-0.53125, 0.90495, -2.15625],
							"size": [1.0625, 0.4401, 1.09375],
							"pivot": [0, 1.125, -1.5625],
							"rotation": [0, 0, -45],
							"uv": {
								"north": {"uv": [20, 23.5], "uv_size": [1, -0.5]},
								"east": {"uv": [22, 23.5], "uv_size": [1, -0.5]},
								"south": {"uv": [0, 24.5], "uv_size": [1, -0.5]},
								"west": {"uv": [24, 0.5], "uv_size": [1, -0.5]},
								"up": {"uv": [14, 14], "uv_size": [1, 1]},
								"down": {"uv": [14, 13], "uv_size": [1, -1]}
							}
						},
						{
							"origin": [-0.53125, 0.90495, -2.15625],
							"size": [1.0625, 0.4401, 1.09375],
							"uv": {
								"north": {"uv": [2, 24.5], "uv_size": [1, -0.5]},
								"east": {"uv": [4, 24.5], "uv_size": [1, -0.5]},
								"south": {"uv": [6, 24.5], "uv_size": [1, -0.5]},
								"west": {"uv": [8, 24.5], "uv_size": [1, -0.5]},
								"up": {"uv": [6, 15], "uv_size": [1, 1]},
								"down": {"uv": [4, 16], "uv_size": [1, -1]}
							}
						}
					]
				},
				{
					"name": "octagon",
					"parent": "bone",
					"pivot": [8, 9.125, -9.8125],
					"cubes": [
						{
							"origin": [-0.24594, 0.53125, -2],
							"size": [0.49188, 1.1875, 0.375],
							"pivot": [0, 1.125, -1.8125],
							"rotation": [0, 0, -45],
							"uv": {
								"north": {"uv": [18, 5.25], "uv_size": [0.5, -1.25]},
								"east": {"uv": [7, 19.25], "uv_size": [0.5, -1.25]},
								"south": {"uv": [9, 19.25], "uv_size": [0.5, -1.25]},
								"west": {"uv": [11, 19.25], "uv_size": [0.5, -1.25]},
								"up": {"uv": [34, 2], "uv_size": [0.5, 0.5]},
								"down": {"uv": [0, 34.5], "uv_size": [0.5, -0.5]}
							}
						},
						{
							"origin": [-0.24594, 0.53125, -2],
							"size": [0.49188, 1.1875, 0.375],
							"uv": {
								"north": {"uv": [13, 19.25], "uv_size": [0.5, -1.25]},
								"east": {"uv": [0, 20.25], "uv_size": [0.5, -1.25]},
								"south": {"uv": [2, 20.25], "uv_size": [0.5, -1.25]},
								"west": {"uv": [4, 20.25], "uv_size": [0.5, -1.25]},
								"up": {"uv": [7, 34], "uv_size": [0.5, 0.5]},
								"down": {"uv": [34, 4.5], "uv_size": [0.5, -0.5]}
							}
						},
						{
							"origin": [-0.59375, 0.87906, -2],
							"size": [1.1875, 0.49188, 0.375],
							"pivot": [0, 1.125, -1.8125],
							"rotation": [0, 0, -45],
							"uv": {
								"north": {"uv": [18, 7.5], "uv_size": [1.25, -0.5]},
								"east": {"uv": [14, 34.5], "uv_size": [0.5, -0.5]},
								"south": {"uv": [19, 9.5], "uv_size": [1.25, -0.5]},
								"west": {"uv": [16, 34.5], "uv_size": [0.5, -0.5]},
								"up": {"uv": [19, 13], "uv_size": [1.25, 0.5]},
								"down": {"uv": [19, 11.5], "uv_size": [1.25, -0.5]}
							}
						},
						{
							"origin": [-0.59375, 0.87906, -2],
							"size": [1.1875, 0.49188, 0.375],
							"uv": {
								"north": {"uv": [15, 19.5], "uv_size": [1.25, -0.5]},
								"east": {"uv": [34, 16.5], "uv_size": [0.5, -0.5]},
								"south": {"uv": [19, 15.5], "uv_size": [1.25, -0.5]},
								"west": {"uv": [34, 18.5], "uv_size": [0.5, -0.5]},
								"up": {"uv": [18, 19], "uv_size": [1.25, 0.5]},
								"down": {"uv": [19, 17.5], "uv_size": [1.25, -0.5]}
							}
						}
					]
				},
				{
					"name": "bone10",
					"parent": "bone",
					"pivot": [0, 1.67188, -1.46228],
					"rotation": [0, 0, -90],
					"cubes": [
						{
							"origin": [-0.03125, 1.60938, -1.52478],
							"size": [0.0625, 0.125, 0.125],
							"pivot": [0, 1.67188, -1.46228],
							"rotation": [-45, 0, 0],
							"uv": {
								"north": {"uv": [14.25, 48.25], "uv_size": [-0.25, -0.25]},
								"east": {"uv": [48.25, 18.25], "uv_size": [-0.25, -0.25]},
								"south": {"uv": [48.25, 16.25], "uv_size": [-0.25, -0.25]},
								"west": {"uv": [48.25, 14.25], "uv_size": [-0.25, -0.25]},
								"up": {"uv": [48.25, 20], "uv_size": [-0.25, 0.25]},
								"down": {"uv": [20.25, 48.25], "uv_size": [-0.25, -0.25]}
							}
						}
					]
				},
				{
					"name": "octagon3",
					"parent": "bone",
					"pivot": [8, 9.125, -7.65625],
					"cubes": [
						{
							"origin": [-0.19416, 0.65625, -1.0625],
							"size": [0.38833, 0.9375, 2.3125],
							"pivot": [0, 1.125, -0.40625],
							"rotation": [0, 0, -45],
							"uv": {
								"north": {"uv": [24, 9], "uv_size": [0.5, -1]},
								"east": {"uv": [0, 1], "uv_size": [2.25, -1]},
								"south": {"uv": [10, 25], "uv_size": [0.5, -1]},
								"west": {"uv": [0, 3], "uv_size": [2.25, -1]},
								"up": {"uv": [0, 10], "uv_size": [0.5, 2.25]},
								"down": {"uv": [8, 11.25], "uv_size": [0.5, -2.25]}
							}
						},
						{
							"origin": [-0.19416, 0.65625, -1.0625],
							"size": [0.38833, 0.9375, 2.3125],
							"uv": {
								"north": {"uv": [24, 11], "uv_size": [0.5, -1]},
								"east": {"uv": [0, 5], "uv_size": [2.25, -1]},
								"south": {"uv": [24, 13], "uv_size": [0.5, -1]},
								"west": {"uv": [4, 1], "uv_size": [2.25, -1]},
								"up": {"uv": [10, 4], "uv_size": [0.5, 2.25]},
								"down": {"uv": [2, 12.25], "uv_size": [0.5, -2.25]}
							}
						},
						{
							"origin": [-0.46875, 0.93084, -1.0625],
							"size": [0.9375, 0.38833, 2.3125],
							"pivot": [0, 1.125, 0.34375],
							"rotation": [0, 0, -45],
							"uv": {
								"north": {"uv": [24, 14.5], "uv_size": [1, -0.5]},
								"east": {"uv": [10, 8.5], "uv_size": [2.25, -0.5]},
								"south": {"uv": [24, 16.5], "uv_size": [1, -0.5]},
								"west": {"uv": [10, 10.5], "uv_size": [2.25, -0.5]},
								"up": {"uv": [0, 6], "uv_size": [1, 2.25]},
								"down": {"uv": [4, 4.25], "uv_size": [1, -2.25]}
							}
						},
						{
							"origin": [-0.46875, 0.93084, -1.0625],
							"size": [0.9375, 0.38833, 2.3125],
							"uv": {
								"north": {"uv": [24, 21.5], "uv_size": [1, -0.5]},
								"east": {"uv": [12, 4.5], "uv_size": [2.25, -0.5]},
								"south": {"uv": [24, 23.5], "uv_size": [1, -0.5]},
								"west": {"uv": [12, 6.5], "uv_size": [2.25, -0.5]},
								"up": {"uv": [6, 2], "uv_size": [1, 2.25]},
								"down": {"uv": [2, 8.25], "uv_size": [1, -2.25]}
							}
						}
					]
				},
				{
					"name": "bone11",
					"parent": "bone",
					"pivot": [0, 1.69875, -0.35937],
					"cubes": [
						{
							"origin": [-0.03, 1.28125, -0.34375],
							"size": [0, 0.78125, 0.5],
							"pivot": [0, 1.71875, -0.09375],
							"rotation": [90, 0, -90],
							"uv": {
								"west": {"uv": [59.35156, 0], "uv_size": [2.5, 4]}
							}
						}
					]
				},
				{
					"name": "laser_beam",
					"pivot": [0, 1.11625, -2.15625]
				}
			]
		}
	]
}