{
	"format_version": "1.12.0",
	"minecraft:geometry": [
		{
			"description": {
				"identifier": "geometry.unknown",
				"texture_width": 64,
				"texture_height": 64,
				"visible_bounds_width": 2,
				"visible_bounds_height": 1.5,
				"visible_bounds_offset": [0, 0.25, 0]
			},
			"bones": [
				{
					"name": "bone3",
					"pivot": [0, 0.375, 0],
					"cubes": [
						{
							"origin": [-0.5625, -0.25, -0.6875],
							"size": [0.15625, 0.40625, 1.4375],
							"uv": {
								"north": {"uv": [6, 21], "uv_size": [0.25, 0.5]},
								"east": {"uv": [8, 2], "uv_size": [1.5, 0.5]},
								"south": {"uv": [21, 6], "uv_size": [0.25, 0.5]},
								"west": {"uv": [8, 4], "uv_size": [1.5, 0.5]},
								"up": {"uv": [16, 0], "uv_size": [0.25, 1.5]},
								"down": {"uv": [4, 17.5], "uv_size": [0.25, -1.5]}
							}
						},
						{
							"origin": [-0.5625, -0.22941, -0.78213],
							"size": [0.15625, 0.448, 0.1875],
							"pivot": [-0.48437, -0.02629, -0.68838],
							"rotation": [25, 0, 0],
							"uv": {
								"north": {"uv": [21, 15], "uv_size": [0.25, 0.5]},
								"east": {"uv": [16, 21], "uv_size": [0.25, 0.5]},
								"south": {"uv": [21, 17], "uv_size": [0.25, 0.5]},
								"west": {"uv": [21, 19], "uv_size": [0.25, 0.5]},
								"up": {"uv": [18, 26], "uv_size": [0.25, 0.25]},
								"down": {"uv": [26, 22.25], "uv_size": [0.25, -0.25]}
							}
						},
						{
							"origin": [0.40625, -0.22941, -0.78213],
							"size": [0.15625, 0.448, 0.1875],
							"pivot": [0.48438, -0.02629, -0.68838],
							"rotation": [25, 0, 0],
							"uv": {
								"north": {"uv": [21, 21], "uv_size": [0.25, 0.5]},
								"east": {"uv": [22, 0], "uv_size": [0.25, 0.5]},
								"south": {"uv": [22, 2], "uv_size": [0.25, 0.5]},
								"west": {"uv": [22, 8], "uv_size": [0.25, 0.5]},
								"up": {"uv": [24, 26], "uv_size": [0.25, 0.25]},
								"down": {"uv": [26, 24.25], "uv_size": [0.25, -0.25]}
							}
						},
						{
							"origin": [-0.59532, -0.2479, -0.6875],
							"size": [0.0625, 0.411, 1.4375],
							"pivot": [-0.56407, -0.04002, 0.03125],
							"rotation": [0, 0, -8.5],
							"uv": {
								"north": {"uv": [8, 21], "uv_size": [0.25, 0.5]},
								"east": {"uv": [0, 9], "uv_size": [1.5, 0.5]},
								"south": {"uv": [10, 21], "uv_size": [0.25, 0.5]},
								"west": {"uv": [3, 9], "uv_size": [1.5, 0.5]},
								"up": {"uv": [16, 5], "uv_size": [0.25, 1.5]},
								"down": {"uv": [6, 17.5], "uv_size": [0.25, -1.5]}
							}
						},
						{
							"origin": [-0.5, 0.15625, -0.875],
							"size": [1, 0.21875, 1.625],
							"uv": {
								"north": {"uv": [18, 9], "uv_size": [1, 0.25]},
								"east": {"uv": [2, 13], "uv_size": [1.75, 0.25]},
								"south": {"uv": [13, 18], "uv_size": [1, 0.25]},
								"west": {"uv": [13, 6], "uv_size": [1.75, 0.25]},
								"up": {"uv": [0, 0], "uv_size": [1, 1.75]},
								"down": {"uv": [2, 1.75], "uv_size": [1, -1.75]}
							}
						},
						{
							"origin": [-0.34375, 0.15625, -0.875],
							"size": [0.6875, 0.40625, 2.125],
							"uv": {
								"north": {"uv": [16, 8], "uv_size": [0.75, 0.5]},
								"east": {"uv": [4, 0], "uv_size": [2.25, 0.5]},
								"south": {"uv": [16, 10], "uv_size": [0.75, 0.5]},
								"west": {"uv": [4, 2], "uv_size": [2.25, 0.5]},
								"up": {"uv": [0, 3], "uv_size": [0.75, 2.25]},
								"down": {"uv": [2, 5.25], "uv_size": [0.75, -2.25]}
							}
						},
						{
							"origin": [0.34375, 0.40625, 1.03125],
							"size": [0.09375, 0.21875, 0.125],
							"uv": {
								"north": {"uv": [27, 20], "uv_size": [0.25, 0.25]},
								"east": {"uv": [22, 27], "uv_size": [0.25, 0.25]},
								"south": {"uv": [28, 0], "uv_size": [0.25, 0.25]},
								"west": {"uv": [28, 2], "uv_size": [0.25, 0.25]},
								"up": {"uv": [28, 8], "uv_size": [0.25, 0.25]},
								"down": {"uv": [28, 10.25], "uv_size": [0.25, -0.25]}
							}
						},
						{
							"origin": [0.4375, 0.40625, 1.03125],
							"size": [0.09375, 0.21875, 0.5625],
							"uv": {
								"north": {"uv": [12, 28], "uv_size": [0.25, 0.25]},
								"east": {"uv": [23, 6], "uv_size": [0.5, 0.25]},
								"south": {"uv": [28, 12], "uv_size": [0.25, 0.25]},
								"west": {"uv": [8, 23], "uv_size": [0.5, 0.25]},
								"up": {"uv": [10, 23], "uv_size": [0.25, 0.5]},
								"down": {"uv": [23, 14.5], "uv_size": [0.25, -0.5]}
							}
						},
						{
							"origin": [-0.55125, 0.40625, 1.5],
							"size": [0.02, 0.21875, 0.09375],
							"uv": {
								"north": {"uv": [31, 18], "uv_size": [0.25, 0.25]},
								"east": {"uv": [20, 31], "uv_size": [0.25, 0.25]},
								"south": {"uv": [31, 20], "uv_size": [0.25, 0.25]},
								"west": {"uv": [22, 31], "uv_size": [0.25, 0.25]},
								"up": {"uv": [32, 0], "uv_size": [0.25, 0.25]},
								"down": {"uv": [32, 2.25], "uv_size": [0.25, -0.25]}
							}
						},
						{
							"origin": [-0.55125, 0.40625, 1.34375],
							"size": [0.02, 0.21875, 0.09375],
							"uv": {
								"north": {"uv": [31, 6], "uv_size": [0.25, 0.25]},
								"east": {"uv": [8, 31], "uv_size": [0.25, 0.25]},
								"south": {"uv": [10, 31], "uv_size": [0.25, 0.25]},
								"west": {"uv": [31, 14], "uv_size": [0.25, 0.25]},
								"up": {"uv": [16, 31], "uv_size": [0.25, 0.25]},
								"down": {"uv": [31, 16.25], "uv_size": [0.25, -0.25]}
							}
						},
						{
							"origin": [-0.55125, 0.40625, 1.1875],
							"size": [0.02, 0.21875, 0.09375],
							"uv": {
								"north": {"uv": [30, 30], "uv_size": [0.25, 0.25]},
								"east": {"uv": [0, 31], "uv_size": [0.25, 0.25]},
								"south": {"uv": [2, 31], "uv_size": [0.25, 0.25]},
								"west": {"uv": [4, 31], "uv_size": [0.25, 0.25]},
								"up": {"uv": [31, 4], "uv_size": [0.25, 0.25]},
								"down": {"uv": [6, 31.25], "uv_size": [0.25, -0.25]}
							}
						},
						{
							"origin": [-0.55125, 0.40625, 1.03125],
							"size": [0.02, 0.21875, 0.09375],
							"uv": {
								"north": {"uv": [24, 30], "uv_size": [0.25, 0.25]},
								"east": {"uv": [30, 24], "uv_size": [0.25, 0.25]},
								"south": {"uv": [26, 30], "uv_size": [0.25, 0.25]},
								"west": {"uv": [30, 26], "uv_size": [0.25, 0.25]},
								"up": {"uv": [28, 30], "uv_size": [0.25, 0.25]},
								"down": {"uv": [30, 28.25], "uv_size": [0.25, -0.25]}
							}
						},
						{
							"origin": [-0.4375, 0.40625, 1.03125],
							"size": [0.09375, 0.21875, 0.125],
							"uv": {
								"north": {"uv": [30, 10], "uv_size": [0.25, 0.25]},
								"east": {"uv": [12, 30], "uv_size": [0.25, 0.25]},
								"south": {"uv": [30, 12], "uv_size": [0.25, 0.25]},
								"west": {"uv": [14, 30], "uv_size": [0.25, 0.25]},
								"up": {"uv": [18, 30], "uv_size": [0.25, 0.25]},
								"down": {"uv": [30, 22.25], "uv_size": [0.25, -0.25]}
							}
						},
						{
							"origin": [-0.53125, 0.40625, 1.03125],
							"size": [0.09375, 0.21875, 0.5625],
							"uv": {
								"north": {"uv": [30, 2], "uv_size": [0.25, 0.25]},
								"east": {"uv": [16, 23], "uv_size": [0.5, 0.25]},
								"south": {"uv": [30, 8], "uv_size": [0.25, 0.25]},
								"west": {"uv": [23, 16], "uv_size": [0.5, 0.25]},
								"up": {"uv": [23, 18], "uv_size": [0.25, 0.5]},
								"down": {"uv": [20, 23.5], "uv_size": [0.25, -0.5]}
							}
						},
						{
							"origin": [0.53125, 0.40625, 1.03125],
							"size": [0.02, 0.21875, 0.09375],
							"uv": {
								"north": {"uv": [14, 28], "uv_size": [0.25, 0.25]},
								"east": {"uv": [18, 28], "uv_size": [0.25, 0.25]},
								"south": {"uv": [28, 22], "uv_size": [0.25, 0.25]},
								"west": {"uv": [24, 28], "uv_size": [0.25, 0.25]},
								"up": {"uv": [28, 24], "uv_size": [0.25, 0.25]},
								"down": {"uv": [26, 28.25], "uv_size": [0.25, -0.25]}
							}
						},
						{
							"origin": [0.53125, 0.40625, 1.1875],
							"size": [0.02, 0.21875, 0.09375],
							"uv": {
								"north": {"uv": [28, 26], "uv_size": [0.25, 0.25]},
								"east": {"uv": [28, 28], "uv_size": [0.25, 0.25]},
								"south": {"uv": [0, 29], "uv_size": [0.25, 0.25]},
								"west": {"uv": [2, 29], "uv_size": [0.25, 0.25]},
								"up": {"uv": [4, 29], "uv_size": [0.25, 0.25]},
								"down": {"uv": [29, 4.25], "uv_size": [0.25, -0.25]}
							}
						},
						{
							"origin": [0.53125, 0.40625, 1.34375],
							"size": [0.02, 0.21875, 0.09375],
							"uv": {
								"north": {"uv": [29, 16], "uv_size": [0.25, 0.25]},
								"east": {"uv": [29, 18], "uv_size": [0.25, 0.25]},
								"south": {"uv": [20, 29], "uv_size": [0.25, 0.25]},
								"west": {"uv": [29, 20], "uv_size": [0.25, 0.25]},
								"up": {"uv": [22, 29], "uv_size": [0.25, 0.25]},
								"down": {"uv": [30, 0.25], "uv_size": [0.25, -0.25]}
							}
						},
						{
							"origin": [0.53125, 0.40625, 1.5],
							"size": [0.02, 0.21875, 0.09375],
							"uv": {
								"north": {"uv": [6, 29], "uv_size": [0.25, 0.25]},
								"east": {"uv": [29, 6], "uv_size": [0.25, 0.25]},
								"south": {"uv": [8, 29], "uv_size": [0.25, 0.25]},
								"west": {"uv": [10, 29], "uv_size": [0.25, 0.25]},
								"up": {"uv": [29, 14], "uv_size": [0.25, 0.25]},
								"down": {"uv": [16, 29.25], "uv_size": [0.25, -0.25]}
							}
						},
						{
							"origin": [-0.34375, 0.5625, 1.03125],
							"size": [0.6875, 0.09375, 0.21875],
							"uv": {
								"north": {"uv": [10, 19], "uv_size": [0.75, 0.25]},
								"east": {"uv": [10, 27], "uv_size": [0.25, 0.25]},
								"south": {"uv": [19, 16], "uv_size": [0.75, 0.25]},
								"west": {"uv": [27, 14], "uv_size": [0.25, 0.25]},
								"up": {"uv": [17, 19], "uv_size": [0.75, 0.25]},
								"down": {"uv": [19, 18.25], "uv_size": [0.75, -0.25]}
							}
						},
						{
							"origin": [-0.34375, 0.65625, 1.03125],
							"size": [0.6875, 0.09375, 0.125],
							"uv": {
								"north": {"uv": [20, 0], "uv_size": [0.75, 0.25]},
								"east": {"uv": [16, 27], "uv_size": [0.25, 0.25]},
								"south": {"uv": [20, 2], "uv_size": [0.75, 0.25]},
								"west": {"uv": [27, 16], "uv_size": [0.25, 0.25]},
								"up": {"uv": [20, 9], "uv_size": [0.75, 0.25]},
								"down": {"uv": [20, 11.25], "uv_size": [0.75, -0.25]}
							}
						},
						{
							"origin": [-0.34375, 0.63683, 1.10938],
							"size": [0.6875, 0.09375, 0.133],
							"pivot": [0, 0.68371, 1.15625],
							"rotation": [-45, 0, 0],
							"uv": {
								"north": {"uv": [12, 20], "uv_size": [0.75, 0.25]},
								"east": {"uv": [27, 18], "uv_size": [0.25, 0.25]},
								"south": {"uv": [20, 13], "uv_size": [0.75, 0.25]},
								"west": {"uv": [20, 27], "uv_size": [0.25, 0.25]},
								"up": {"uv": [14, 20], "uv_size": [0.75, 0.25]},
								"down": {"uv": [19, 20.25], "uv_size": [0.75, -0.25]}
							}
						},
						{
							"origin": [-0.34375, 0.5625, -0.3125],
							"size": [0.6875, 0.1875, 1.34375],
							"uv": {
								"north": {"uv": [15, 18], "uv_size": [0.75, 0.25]},
								"east": {"uv": [17, 3], "uv_size": [1.25, 0.25]},
								"south": {"uv": [0, 19], "uv_size": [0.75, 0.25]},
								"west": {"uv": [10, 17], "uv_size": [1.25, 0.25]},
								"up": {"uv": [4, 4], "uv_size": [0.75, 1.25]},
								"down": {"uv": [6, 5.25], "uv_size": [0.75, -1.25]}
							}
						},
						{
							"origin": [-0.42187, 0.56139, -0.875],
							"size": [0.15625, 0.15625, 0.375],
							"pivot": [-0.34375, 0.63951, -0.375],
							"rotation": [0, 0, -45],
							"uv": {
								"north": {"uv": [2, 27], "uv_size": [0.25, 0.25]},
								"east": {"uv": [22, 10], "uv_size": [0.5, 0.25]},
								"south": {"uv": [4, 27], "uv_size": [0.25, 0.25]},
								"west": {"uv": [12, 22], "uv_size": [0.5, 0.25]},
								"up": {"uv": [22, 12], "uv_size": [0.25, 0.5]},
								"down": {"uv": [14, 22.5], "uv_size": [0.25, -0.5]}
							}
						},
						{
							"origin": [0.26563, 0.56139, -0.3125],
							"size": [0.15625, 0.15625, 1.34375],
							"pivot": [0.34375, 0.63951, 0.1875],
							"rotation": [0, 0, 45],
							"uv": {
								"north": {"uv": [27, 6], "uv_size": [0.25, 0.25]},
								"east": {"uv": [18, 5], "uv_size": [1.25, 0.25]},
								"south": {"uv": [8, 27], "uv_size": [0.25, 0.25]},
								"west": {"uv": [18, 7], "uv_size": [1.25, 0.25]},
								"up": {"uv": [2, 18], "uv_size": [0.25, 1.25]},
								"down": {"uv": [8, 19.25], "uv_size": [0.25, -1.25]}
							}
						},
						{
							"origin": [0.26563, 0.56139, -0.875],
							"size": [0.15625, 0.15625, 0.375],
							"pivot": [0.34375, 0.63951, -0.375],
							"rotation": [0, 0, 45],
							"uv": {
								"north": {"uv": [27, 4], "uv_size": [0.25, 0.25]},
								"east": {"uv": [18, 22], "uv_size": [0.5, 0.25]},
								"south": {"uv": [6, 27], "uv_size": [0.25, 0.25]},
								"west": {"uv": [0, 23], "uv_size": [0.5, 0.25]},
								"up": {"uv": [2, 23], "uv_size": [0.25, 0.5]},
								"down": {"uv": [4, 23.5], "uv_size": [0.25, -0.5]}
							}
						},
						{
							"origin": [-0.42187, 0.56139, -0.875],
							"size": [0, 0.15625, 1.90625],
							"pivot": [-0.34375, 0.63951, -0.375],
							"rotation": [0, 0, -45],
							"uv": {
								"north": {"uv": [10, 15], "uv_size": [0, 0.25]},
								"east": {"uv": [8, 9], "uv_size": [2, 0.25]},
								"south": {"uv": [36, 33], "uv_size": [0, 0.25]},
								"west": {"uv": [0, 11], "uv_size": [2, 0.25]},
								"up": {"uv": [34, 36], "uv_size": [0, 2]},
								"down": {"uv": [35, 38], "uv_size": [0, -2]}
							}
						},
						{
							"origin": [0.42188, 0.56139, -0.875],
							"size": [0, 0.15625, 1.90625],
							"pivot": [0.34375, 0.63951, -0.375],
							"rotation": [0, 0, 45],
							"uv": {
								"north": {"uv": [36, 35], "uv_size": [0, 0.25]},
								"east": {"uv": [11, 0], "uv_size": [2, 0.25]},
								"south": {"uv": [0, 37], "uv_size": [0, 0.25]},
								"west": {"uv": [11, 2], "uv_size": [2, 0.25]},
								"up": {"uv": [1, 37], "uv_size": [0, 2]},
								"down": {"uv": [2, 39], "uv_size": [0, -2]}
							}
						},
						{
							"origin": [-0.45201, 0.63851, -0.875],
							"size": [0.90625, 0, 0.5625],
							"uv": {
								"north": {"uv": [9, 8], "uv_size": [1, 0]},
								"east": {"uv": [14, 5], "uv_size": [0.5, 0]},
								"south": {"uv": [18, 11], "uv_size": [1, 0]},
								"west": {"uv": [36, 32], "uv_size": [0.5, 0]},
								"up": {"uv": [6, 9], "uv_size": [1, 0.5]},
								"down": {"uv": [9, 6.5], "uv_size": [1, -0.5]}
							}
						},
						{
							"origin": [-0.34375, 0.5625, -0.875],
							"size": [0.6875, 0.1875, 0.375],
							"uv": {
								"north": {"uv": [4, 19], "uv_size": [0.75, 0.25]},
								"east": {"uv": [23, 4], "uv_size": [0.5, 0.25]},
								"south": {"uv": [6, 19], "uv_size": [0.75, 0.25]},
								"west": {"uv": [6, 23], "uv_size": [0.5, 0.25]},
								"up": {"uv": [13, 16], "uv_size": [0.75, 0.5]},
								"down": {"uv": [15, 16.5], "uv_size": [0.75, -0.5]}
							}
						},
						{
							"origin": [-0.42187, 0.56139, -0.3125],
							"size": [0.15625, 0.15625, 1.34375],
							"pivot": [-0.34375, 0.63951, 0.1875],
							"rotation": [0, 0, -45],
							"uv": {
								"north": {"uv": [26, 26], "uv_size": [0.25, 0.25]},
								"east": {"uv": [17, 12], "uv_size": [1.25, 0.25]},
								"south": {"uv": [0, 27], "uv_size": [0.25, 0.25]},
								"west": {"uv": [17, 14], "uv_size": [1.25, 0.25]},
								"up": {"uv": [17, 16], "uv_size": [0.25, 1.25]},
								"down": {"uv": [18, 1.25], "uv_size": [0.25, -1.25]}
							}
						},
						{
							"origin": [-0.625, 0.15625, -0.875],
							"size": [0.125, 0.09375, 1.625],
							"uv": {
								"north": {"uv": [26, 10], "uv_size": [0.25, 0.25]},
								"east": {"uv": [8, 13], "uv_size": [1.75, 0.25]},
								"south": {"uv": [12, 26], "uv_size": [0.25, 0.25]},
								"west": {"uv": [13, 11], "uv_size": [1.75, 0.25]},
								"up": {"uv": [13, 13], "uv_size": [0.25, 1.75]},
								"down": {"uv": [14, 1.75], "uv_size": [0.25, -1.75]}
							}
						},
						{
							"origin": [-0.5846, 0.18176, -0.875],
							"size": [0.125, 0.1765, 1.625],
							"pivot": [-0.5221, 0.26451, 0.03125],
							"rotation": [0, 0, 45],
							"uv": {
								"north": {"uv": [26, 12], "uv_size": [0.25, 0.25]},
								"east": {"uv": [14, 3], "uv_size": [1.75, 0.25]},
								"south": {"uv": [14, 26], "uv_size": [0.25, 0.25]},
								"west": {"uv": [5, 14], "uv_size": [1.75, 0.25]},
								"up": {"uv": [14, 8], "uv_size": [0.25, 1.75]},
								"down": {"uv": [11, 15.75], "uv_size": [0.25, -1.75]}
							}
						},
						{
							"origin": [0.40625, -0.25, -0.6875],
							"size": [0.15625, 0.40625, 1.4375],
							"uv": {
								"north": {"uv": [0, 21], "uv_size": [0.25, 0.5]},
								"east": {"uv": [0, 7], "uv_size": [1.5, 0.5]},
								"south": {"uv": [2, 21], "uv_size": [0.25, 0.5]},
								"west": {"uv": [3, 7], "uv_size": [1.5, 0.5]},
								"up": {"uv": [2, 15], "uv_size": [0.25, 1.5]},
								"down": {"uv": [8, 16.5], "uv_size": [0.25, -1.5]}
							}
						},
						{
							"origin": [0.53282, -0.2479, -0.6875],
							"size": [0.0625, 0.411, 1.4375],
							"pivot": [0.56407, -0.04002, 0.03125],
							"rotation": [0, 0, 8.5],
							"uv": {
								"north": {"uv": [4, 21], "uv_size": [0.25, 0.5]},
								"east": {"uv": [6, 7], "uv_size": [1.5, 0.5]},
								"south": {"uv": [21, 4], "uv_size": [0.25, 0.5]},
								"west": {"uv": [8, 0], "uv_size": [1.5, 0.5]},
								"up": {"uv": [15, 13], "uv_size": [0.25, 1.5]},
								"down": {"uv": [0, 17.5], "uv_size": [0.25, -1.5]}
							}
						},
						{
							"origin": [0.5, 0.15625, -0.875],
							"size": [0.125, 0.09375, 1.625],
							"uv": {
								"north": {"uv": [22, 25], "uv_size": [0.25, 0.25]},
								"east": {"uv": [3, 11], "uv_size": [1.75, 0.25]},
								"south": {"uv": [26, 0], "uv_size": [0.25, 0.25]},
								"west": {"uv": [11, 4], "uv_size": [1.75, 0.25]},
								"up": {"uv": [6, 11], "uv_size": [0.25, 1.75]},
								"down": {"uv": [11, 7.75], "uv_size": [0.25, -1.75]}
							}
						},
						{
							"origin": [0.4596, 0.18176, -0.875],
							"size": [0.125, 0.1765, 1.625],
							"pivot": [0.5221, 0.26451, 0.03125],
							"rotation": [0, 0, -45],
							"uv": {
								"north": {"uv": [26, 2], "uv_size": [0.25, 0.25]},
								"east": {"uv": [8, 11], "uv_size": [1.75, 0.25]},
								"south": {"uv": [26, 8], "uv_size": [0.25, 0.25]},
								"west": {"uv": [11, 9], "uv_size": [1.75, 0.25]},
								"up": {"uv": [11, 11], "uv_size": [0.25, 1.75]},
								"down": {"uv": [0, 14.75], "uv_size": [0.25, -1.75]}
							}
						},
						{
							"origin": [-0.0625, 0.34375, -0.93],
							"size": [0.125, 0.125, 0.03125],
							"pivot": [0, 0.40625, -0.95312],
							"rotation": [0, 0, 45],
							"uv": {
								"north": {"uv": [16, 35], "uv_size": [0.25, 0.25]},
								"east": {"uv": [35, 16], "uv_size": [0.25, 0.25]},
								"south": {"uv": [35, 18], "uv_size": [0.25, 0.25]},
								"west": {"uv": [20, 35], "uv_size": [0.25, 0.25]},
								"up": {"uv": [35, 20], "uv_size": [0.25, 0.25]},
								"down": {"uv": [22, 35.25], "uv_size": [0.25, -0.25]}
							}
						},
						{
							"origin": [0.09375, 0.28125, 1.22625],
							"size": [0.1875, 0.1875, 0.03125],
							"pivot": [0.1875, 0.375, 1.20313],
							"rotation": [0, 0, 45],
							"uv": {
								"north": {"uv": [36, 0], "uv_size": [0.25, 0.25]},
								"east": {"uv": [36, 2], "uv_size": [0.25, 0.25]},
								"south": {"uv": [36, 8], "uv_size": [0.25, 0.25]},
								"west": {"uv": [36, 10], "uv_size": [0.25, 0.25]},
								"up": {"uv": [12, 36], "uv_size": [0.25, 0.25]},
								"down": {"uv": [36, 12.25], "uv_size": [0.25, -0.25]}
							}
						},
						{
							"origin": [-0.28125, 0.28125, 1.22625],
							"size": [0.1875, 0.1875, 0.03125],
							"pivot": [-0.1875, 0.375, 1.20313],
							"rotation": [0, 0, -45],
							"uv": {
								"north": {"uv": [14, 36], "uv_size": [0.25, 0.25]},
								"east": {"uv": [18, 36], "uv_size": [0.25, 0.25]},
								"south": {"uv": [36, 22], "uv_size": [0.25, 0.25]},
								"west": {"uv": [24, 36], "uv_size": [0.25, 0.25]},
								"up": {"uv": [36, 24], "uv_size": [0.25, 0.25]},
								"down": {"uv": [26, 36.25], "uv_size": [0.25, -0.25]}
							}
						},
						{
							"origin": [-0.625, -0.125, -0.46875],
							"size": [0.03125, 0.1875, 0.1875],
							"pivot": [-0.60937, -0.03125, -0.375],
							"rotation": [45, 0, -8.5],
							"uv": {
								"north": {"uv": [36, 26], "uv_size": [0.25, 0.25]},
								"east": {"uv": [28, 36], "uv_size": [0.25, 0.25]},
								"south": {"uv": [36, 28], "uv_size": [0.25, 0.25]},
								"west": {"uv": [30, 36], "uv_size": [0.25, 0.25]},
								"up": {"uv": [36, 30], "uv_size": [0.25, 0.25]},
								"down": {"uv": [32, 36.25], "uv_size": [0.25, -0.25]}
							}
						},
						{
							"origin": [0.605, -0.25, -0.28125],
							"size": [0, 0.40625, 0.5625],
							"pivot": [0.625, 0, 0],
							"rotation": [0, 0, 8.5],
							"uv": {
								"west": {"uv": [35, 40], "uv_size": [5, 4]}
							}
						}
					]
				},
				{
					"name": "bone4",
					"parent": "bone3",
					"pivot": [-0.48437, -0.02629, -0.68838],
					"rotation": [0, 0, -8.5]
				},
				{
					"name": "octagon2",
					"parent": "bone3",
					"pivot": [8, -6.75, -7.5625],
					"cubes": [
						{
							"origin": [-0.12944, 0.75, 0.125],
							"size": [0.25888, 0.03125, 0.09375],
							"pivot": [0, 1.25, 0.4375],
							"rotation": [0, -45, 0],
							"uv": {
								"north": {"uv": [4, 33], "uv_size": [0.25, 0.25]},
								"east": {"uv": [33, 4], "uv_size": [0.25, 0.25]},
								"south": {"uv": [6, 33], "uv_size": [0.25, 0.25]},
								"west": {"uv": [33, 6], "uv_size": [0.25, 0.25]},
								"up": {"uv": [8, 33], "uv_size": [0.25, 0.25]},
								"down": {"uv": [10, 33.25], "uv_size": [0.25, -0.25]}
							}
						},
						{
							"origin": [-0.3125, 0.75, 0.30806],
							"size": [0.09375, 0.03125, 0.25888],
							"pivot": [0, 1.25, 0.4375],
							"rotation": [0, 45, 0],
							"uv": {
								"north": {"uv": [34, 12], "uv_size": [0.25, 0.25]},
								"east": {"uv": [14, 34], "uv_size": [0.25, 0.25]},
								"south": {"uv": [18, 34], "uv_size": [0.25, 0.25]},
								"west": {"uv": [34, 22], "uv_size": [0.25, 0.25]},
								"up": {"uv": [24, 34], "uv_size": [0.25, 0.25]},
								"down": {"uv": [34, 24.25], "uv_size": [0.25, -0.25]}
							}
						},
						{
							"origin": [-0.3125, 0.75, 0.30806],
							"size": [0.09375, 0.03125, 0.25888],
							"uv": {
								"north": {"uv": [22, 33], "uv_size": [0.25, 0.25]},
								"east": {"uv": [34, 0], "uv_size": [0.25, 0.25]},
								"south": {"uv": [34, 2], "uv_size": [0.25, 0.25]},
								"west": {"uv": [34, 8], "uv_size": [0.25, 0.25]},
								"up": {"uv": [34, 10], "uv_size": [0.25, 0.25]},
								"down": {"uv": [12, 34.25], "uv_size": [0.25, -0.25]}
							}
						},
						{
							"origin": [-0.12944, 0.75, 0.125],
							"size": [0.25888, 0.03125, 0.09375],
							"pivot": [0, 1.25, 0.4375],
							"rotation": [0, 45, 0],
							"uv": {
								"north": {"uv": [33, 14], "uv_size": [0.25, 0.25]},
								"east": {"uv": [16, 33], "uv_size": [0.25, 0.25]},
								"south": {"uv": [33, 16], "uv_size": [0.25, 0.25]},
								"west": {"uv": [33, 18], "uv_size": [0.25, 0.25]},
								"up": {"uv": [20, 33], "uv_size": [0.25, 0.25]},
								"down": {"uv": [33, 20.25], "uv_size": [0.25, -0.25]}
							}
						},
						{
							"origin": [-0.12944, 0.75, 0.125],
							"size": [0.25888, 0.03125, 0.09375],
							"uv": {
								"north": {"uv": [32, 8], "uv_size": [0.25, 0.25]},
								"east": {"uv": [32, 10], "uv_size": [0.25, 0.25]},
								"south": {"uv": [12, 32], "uv_size": [0.25, 0.25]},
								"west": {"uv": [32, 12], "uv_size": [0.25, 0.25]},
								"up": {"uv": [14, 32], "uv_size": [0.25, 0.25]},
								"down": {"uv": [18, 32.25], "uv_size": [0.25, -0.25]}
							}
						},
						{
							"origin": [-0.12944, 0.75, 0.65625],
							"size": [0.25888, 0.03125, 0.09375],
							"uv": {
								"north": {"uv": [26, 34], "uv_size": [0.25, 0.25]},
								"east": {"uv": [34, 26], "uv_size": [0.25, 0.25]},
								"south": {"uv": [28, 34], "uv_size": [0.25, 0.25]},
								"west": {"uv": [34, 28], "uv_size": [0.25, 0.25]},
								"up": {"uv": [30, 34], "uv_size": [0.25, 0.25]},
								"down": {"uv": [34, 30.25], "uv_size": [0.25, -0.25]}
							}
						},
						{
							"origin": [0.21875, 0.75, 0.30806],
							"size": [0.09375, 0.03125, 0.25888],
							"pivot": [0, 1.25, 0.4375],
							"rotation": [0, -45, 0],
							"uv": {
								"north": {"uv": [32, 22], "uv_size": [0.25, 0.25]},
								"east": {"uv": [24, 32], "uv_size": [0.25, 0.25]},
								"south": {"uv": [32, 24], "uv_size": [0.25, 0.25]},
								"west": {"uv": [26, 32], "uv_size": [0.25, 0.25]},
								"up": {"uv": [32, 26], "uv_size": [0.25, 0.25]},
								"down": {"uv": [28, 32.25], "uv_size": [0.25, -0.25]}
							}
						},
						{
							"origin": [0.0625, 0.75, 0.21431],
							"size": [0.15625, 0.03125, 0.44638],
							"pivot": [0, 1.25, 0.4375],
							"rotation": [0, -45, 0],
							"uv": {
								"north": {"uv": [32, 34], "uv_size": [0.25, 0.25]},
								"east": {"uv": [23, 20], "uv_size": [0.5, 0.25]},
								"south": {"uv": [34, 32], "uv_size": [0.25, 0.25]},
								"west": {"uv": [22, 23], "uv_size": [0.5, 0.25]},
								"up": {"uv": [24, 0], "uv_size": [0.25, 0.5]},
								"down": {"uv": [24, 2.5], "uv_size": [0.25, -0.5]}
							}
						},
						{
							"origin": [-0.0625, 0.76, 0.21431],
							"size": [0.125, 0, 0.44638],
							"pivot": [0, 1.25, 0.4375],
							"rotation": [0, -45, 0],
							"uv": {
								"north": {"uv": [3, 37], "uv_size": [0.25, 0]},
								"east": {"uv": [37, 4], "uv_size": [0.5, 0]},
								"south": {"uv": [5, 37], "uv_size": [0.25, 0]},
								"west": {"uv": [37, 5], "uv_size": [0.5, 0]},
								"up": {"uv": [14, 24], "uv_size": [0.25, 0.5]},
								"down": {"uv": [18, 24.5], "uv_size": [0.25, -0.5]}
							}
						},
						{
							"origin": [-0.21875, 0.75, 0.21431],
							"size": [0.15625, 0.03125, 0.44638],
							"pivot": [0, 1.25, 0.4375],
							"rotation": [0, -45, 0],
							"uv": {
								"north": {"uv": [34, 34], "uv_size": [0.25, 0.25]},
								"east": {"uv": [24, 8], "uv_size": [0.5, 0.25]},
								"south": {"uv": [0, 35], "uv_size": [0.25, 0.25]},
								"west": {"uv": [24, 10], "uv_size": [0.5, 0.25]},
								"up": {"uv": [12, 24], "uv_size": [0.25, 0.5]},
								"down": {"uv": [24, 12.5], "uv_size": [0.25, -0.5]}
							}
						},
						{
							"origin": [0.21875, 0.75, 0.30806],
							"size": [0.09375, 0.03125, 0.25888],
							"uv": {
								"north": {"uv": [32, 28], "uv_size": [0.25, 0.25]},
								"east": {"uv": [30, 32], "uv_size": [0.25, 0.25]},
								"south": {"uv": [32, 30], "uv_size": [0.25, 0.25]},
								"west": {"uv": [32, 32], "uv_size": [0.25, 0.25]},
								"up": {"uv": [0, 33], "uv_size": [0.25, 0.25]},
								"down": {"uv": [2, 33.25], "uv_size": [0.25, -0.25]}
							}
						}
					]
				},
				{
					"name": "octagon",
					"parent": "bone3",
					"pivot": [8, -7.59375, -8.4375],
					"cubes": [
						{
							"origin": [-0.07767, 0.21875, -0.92],
							"size": [0.15533, 0.375, 0.0625],
							"pivot": [0, 0.40625, -0.4375],
							"rotation": [0, 0, 45],
							"uv": {
								"north": {"uv": [24, 22], "uv_size": [0.25, 0.5]},
								"east": {"uv": [24, 24], "uv_size": [0.25, 0.5]},
								"south": {"uv": [0, 25], "uv_size": [0.25, 0.5]},
								"west": {"uv": [2, 25], "uv_size": [0.25, 0.5]},
								"up": {"uv": [2, 35], "uv_size": [0.25, 0.25]},
								"down": {"uv": [4, 35.25], "uv_size": [0.25, -0.25]}
							}
						},
						{
							"origin": [-0.07767, 0.21875, -0.92],
							"size": [0.15533, 0.375, 0.0625],
							"uv": {
								"north": {"uv": [4, 25], "uv_size": [0.25, 0.5]},
								"east": {"uv": [25, 4], "uv_size": [0.25, 0.5]},
								"south": {"uv": [6, 25], "uv_size": [0.25, 0.5]},
								"west": {"uv": [25, 6], "uv_size": [0.25, 0.5]},
								"up": {"uv": [35, 4], "uv_size": [0.25, 0.25]},
								"down": {"uv": [6, 35.25], "uv_size": [0.25, -0.25]}
							}
						},
						{
							"origin": [-0.1875, 0.32858, -0.92],
							"size": [0.375, 0.15533, 0.0625],
							"pivot": [0, 0.40625, -0.4375],
							"rotation": [0, 0, 45],
							"uv": {
								"north": {"uv": [8, 25], "uv_size": [0.5, 0.25]},
								"east": {"uv": [35, 6], "uv_size": [0.25, 0.25]},
								"south": {"uv": [10, 25], "uv_size": [0.5, 0.25]},
								"west": {"uv": [8, 35], "uv_size": [0.25, 0.25]},
								"up": {"uv": [25, 14], "uv_size": [0.5, 0.25]},
								"down": {"uv": [16, 25.25], "uv_size": [0.5, -0.25]}
							}
						},
						{
							"origin": [-0.1875, 0.32858, -0.92],
							"size": [0.375, 0.15533, 0.0625],
							"uv": {
								"north": {"uv": [25, 16], "uv_size": [0.5, 0.25]},
								"east": {"uv": [10, 35], "uv_size": [0.25, 0.25]},
								"south": {"uv": [25, 18], "uv_size": [0.5, 0.25]},
								"west": {"uv": [35, 14], "uv_size": [0.25, 0.25]},
								"up": {"uv": [20, 25], "uv_size": [0.5, 0.25]},
								"down": {"uv": [25, 20.25], "uv_size": [0.5, -0.25]}
							}
						}
					]
				},
				{
					"name": "laser_beam",
					"pivot": [0, 0.40625, -0.28125]
				}
			]
		}
	]
}