{
	"format_version": "1.21.0",
	"minecraft:geometry": [
		{
			"description": {
				"identifier": "geometry.unknown",
				"texture_width": 64,
				"texture_height": 64,
				"visible_bounds_width": 2,
				"visible_bounds_height": 1.5,
				"visible_bounds_offset": [0, 0.25, 0]
			},
			"bones": [
				{
					"name": "laser_ZenitPerst3",
					"pivot": [0, 0, 0.375],
					"cubes": [
						{
							"origin": [-0.3125, 0.625, -1.6875],
							"size": [0.1875, 0.1875, 0.21875],
							"pivot": [-0.21875, 0.71875, -1.57812],
							"rotation": [0, 0, -45],
							"uv": {
								"north": {"uv": [20, 46], "uv_size": [0.25, 0.25]},
								"east": {"uv": [46, 20], "uv_size": [0.25, 0.25]},
								"south": {"uv": [46, 22], "uv_size": [0.25, 0.25]},
								"west": {"uv": [24, 46], "uv_size": [0.25, 0.25]},
								"up": {"uv": [46, 24], "uv_size": [0.25, 0.25]},
								"down": {"uv": [26, 46.25], "uv_size": [0.25, -0.25]}
							}
						},
						{
							"origin": [0.8125, 0.40625, -2.9375],
							"size": [0.3125, 0.3125, 0.03125],
							"pivot": [0.96875, 0.5625, -2.82812],
							"rotation": [0, 0, -45],
							"uv": {
								"north": {"uv": [46, 26], "uv_size": [0.25, 0.25]},
								"east": {"uv": [28, 46], "uv_size": [0.25, 0.25]},
								"south": {"uv": [30, 46], "uv_size": [0.25, 0.25]},
								"west": {"uv": [46, 30], "uv_size": [0.25, 0.25]},
								"up": {"uv": [32, 46], "uv_size": [0.25, 0.25]},
								"down": {"uv": [46, 32.25], "uv_size": [0.25, -0.25]}
							}
						},
						{
							"origin": [-1.03125, 0.21875, -1.71875],
							"size": [0.5, 0.5, 0.03125],
							"pivot": [-0.78125, 0.46875, -1.57812],
							"rotation": [0, 0, -45],
							"uv": {
								"north": {"uv": [19, 26], "uv_size": [0.5, 0.5]},
								"east": {"uv": [0, 36], "uv_size": [0.25, 0.5]},
								"south": {"uv": [26, 20], "uv_size": [0.5, 0.5]},
								"west": {"uv": [2, 36], "uv_size": [0.25, 0.5]},
								"up": {"uv": [6, 36], "uv_size": [0.5, 0.25]},
								"down": {"uv": [36, 14.25], "uv_size": [0.5, -0.25]}
							}
						},
						{
							"origin": [0.3125, 0.5625, -1.78125],
							"size": [0.09375, 0.09375, 0.125],
							"pivot": [0.34375, 0.59375, -1.67187],
							"rotation": [0, 0, -45],
							"uv": {
								"north": {"uv": [34, 46], "uv_size": [0.25, 0.25]},
								"east": {"uv": [46, 34], "uv_size": [0.25, 0.25]},
								"south": {"uv": [36, 46], "uv_size": [0.25, 0.25]},
								"west": {"uv": [46, 36], "uv_size": [0.25, 0.25]},
								"up": {"uv": [38, 46], "uv_size": [0.25, 0.25]},
								"down": {"uv": [46, 38.25], "uv_size": [0.25, -0.25]}
							}
						},
						{
							"origin": [-0.375, 0.9375, -0.6875],
							"size": [0.1875, 0.0625, 0.1875],
							"pivot": [-0.26562, 0.96875, -0.57812],
							"rotation": [0, -45, 0],
							"uv": {
								"north": {"uv": [48, 20], "uv_size": [0.25, 0.25]},
								"east": {"uv": [48, 22], "uv_size": [0.25, 0.25]},
								"south": {"uv": [24, 48], "uv_size": [0.25, 0.25]},
								"west": {"uv": [48, 24], "uv_size": [0.25, 0.25]},
								"up": {"uv": [26, 48], "uv_size": [0.25, 0.25]},
								"down": {"uv": [48, 26.25], "uv_size": [0.25, -0.25]}
							}
						},
						{
							"origin": [0.5625, 0.9375, -0.5],
							"size": [0.1875, 0.0625, 0.1875],
							"pivot": [0.67188, 0.96875, -0.39062],
							"rotation": [0, -45, 0],
							"uv": {
								"north": {"uv": [28, 48], "uv_size": [0.25, 0.25]},
								"east": {"uv": [30, 48], "uv_size": [0.25, 0.25]},
								"south": {"uv": [48, 30], "uv_size": [0.25, 0.25]},
								"west": {"uv": [32, 48], "uv_size": [0.25, 0.25]},
								"up": {"uv": [48, 32], "uv_size": [0.25, 0.25]},
								"down": {"uv": [34, 48.25], "uv_size": [0.25, -0.25]}
							}
						},
						{
							"origin": [-0.15625, 0.9375, -0.96875],
							"size": [0.6875, 0.03125, 0.6875],
							"inflate": 0.0005,
							"uv": {
								"up": {"uv": [6, 54.75], "uv_size": [-5, -5]}
							}
						},
						{
							"origin": [-0.9375, 1.1875, -1.0625],
							"size": [0.3125, 0.03125, 0.3125],
							"uv": {
								"up": {"uv": [3, 55], "uv_size": [-2, 2], "uv_rotation": 90}
							}
						}
					]
				},
				{
					"name": "bone",
					"parent": "laser_ZenitPerst3",
					"pivot": [0, 0, 0.375],
					"cubes": [
						{
							"origin": [-1.09375, 0.15625, -1.46875],
							"size": [1.9375, 0.78125, 3.09375],
							"uv": {
								"north": {"uv": [0, 6], "uv_size": [2, 0.75]},
								"east": {"uv": [0, 4], "uv_size": [3, 0.75]},
								"south": {"uv": [6, 0], "uv_size": [2, 0.75]},
								"west": {"uv": [4, 4], "uv_size": [3, 0.75]},
								"up": {"uv": [0, 0], "uv_size": [2, 3]},
								"down": {"uv": [3, 3], "uv_size": [2, -3]}
							}
						},
						{
							"origin": [-0.28125, 0.9375, -1.125],
							"size": [0.96875, 0.03125, 1.34375],
							"uv": {
								"north": {"uv": [23, 0], "uv_size": [1, 0.25]},
								"east": {"uv": [21, 16], "uv_size": [1.25, 0.25]},
								"south": {"uv": [23, 7], "uv_size": [1, 0.25]},
								"west": {"uv": [18, 21], "uv_size": [1.25, 0.25]},
								"up": {"uv": [4, 8], "uv_size": [1, 1.25]},
								"down": {"uv": [6, 9.25], "uv_size": [1, -1.25]}
							}
						},
						{
							"origin": [0.15625, 0.375, 1.65625],
							"size": [0.3125, 0.3125, 0.0625],
							"pivot": [0.3125, 0.53125, 1.70313],
							"rotation": [0, 0, 45],
							"uv": {
								"north": {"uv": [37, 12], "uv_size": [0.25, 0.25]},
								"east": {"uv": [14, 37], "uv_size": [0.25, 0.25]},
								"south": {"uv": [16, 37], "uv_size": [0.25, 0.25]},
								"west": {"uv": [22, 37], "uv_size": [0.25, 0.25]},
								"up": {"uv": [37, 28], "uv_size": [0.25, 0.25]},
								"down": {"uv": [0, 38.25], "uv_size": [0.25, -0.25]}
							}
						},
						{
							"origin": [-1.28125, 0.03125, 0.09375],
							"size": [0.1875, 0.90625, 1.53125],
							"uv": {
								"north": {"uv": [9, 23], "uv_size": [0.25, 1]},
								"east": {"uv": [6, 2], "uv_size": [1.5, 1]},
								"south": {"uv": [23, 9], "uv_size": [0.25, 1]},
								"west": {"uv": [3, 6], "uv_size": [1.5, 1]},
								"up": {"uv": [16, 17], "uv_size": [0.25, 1.5]},
								"down": {"uv": [10, 19.5], "uv_size": [0.25, -1.5]}
							}
						},
						{
							"origin": [0.34375, -0.09375, 0.28125],
							"size": [0.34375, 0.25, 0.84375],
							"uv": {
								"north": {"uv": [2, 38], "uv_size": [0.25, 0.25]},
								"east": {"uv": [26, 24], "uv_size": [0.75, 0.25]},
								"south": {"uv": [6, 38], "uv_size": [0.25, 0.25]},
								"west": {"uv": [26, 26], "uv_size": [0.75, 0.25]},
								"up": {"uv": [27, 0], "uv_size": [0.25, 0.75]},
								"down": {"uv": [27, 2.75], "uv_size": [0.25, -0.75]}
							}
						},
						{
							"origin": [-1.28125, -0.09375, 0.09375],
							"size": [0.90625, 0.125, 0.875],
							"uv": {
								"north": {"uv": [11, 23], "uv_size": [1, 0.25]},
								"east": {"uv": [23, 11], "uv_size": [1, 0.25]},
								"south": {"uv": [23, 13], "uv_size": [1, 0.25]},
								"west": {"uv": [16, 23], "uv_size": [1, 0.25]},
								"up": {"uv": [8, 4], "uv_size": [1, 1]},
								"down": {"uv": [10, 5], "uv_size": [1, -1]}
							}
						},
						{
							"origin": [-1.09375, 0.03125, 0.09375],
							"size": [0.65625, 0.125, 1.53125],
							"uv": {
								"north": {"uv": [4, 27], "uv_size": [0.75, 0.25]},
								"east": {"uv": [18, 0], "uv_size": [1.5, 0.25]},
								"south": {"uv": [27, 4], "uv_size": [0.75, 0.25]},
								"west": {"uv": [18, 4], "uv_size": [1.5, 0.25]},
								"up": {"uv": [0, 10], "uv_size": [0.75, 1.5]},
								"down": {"uv": [2, 11.5], "uv_size": [0.75, -1.5]}
							}
						},
						{
							"origin": [-0.5, 0.05714, 0.9375],
							"size": [0.1875, 0.125, 0.6875],
							"pivot": [-0.4375, 0.11964, 1.28125],
							"rotation": [0, 0, -45],
							"uv": {
								"north": {"uv": [38, 14], "uv_size": [0.25, 0.25]},
								"east": {"uv": [27, 6], "uv_size": [0.75, 0.25]},
								"south": {"uv": [38, 16], "uv_size": [0.25, 0.25]},
								"west": {"uv": [8, 27], "uv_size": [0.75, 0.25]},
								"up": {"uv": [27, 8], "uv_size": [0.25, 0.75]},
								"down": {"uv": [10, 27.75], "uv_size": [0.25, -0.75]}
							}
						},
						{
							"origin": [-1.375, 0.3125, 0.09375],
							"size": [0.09375, 0.46875, 0.15625],
							"uv": {
								"north": {"uv": [33, 8], "uv_size": [0.25, 0.5]},
								"east": {"uv": [10, 33], "uv_size": [0.25, 0.5]},
								"south": {"uv": [33, 10], "uv_size": [0.25, 0.5]},
								"west": {"uv": [12, 33], "uv_size": [0.25, 0.5]},
								"up": {"uv": [18, 38], "uv_size": [0.25, 0.25]},
								"down": {"uv": [38, 18.25], "uv_size": [0.25, -0.25]}
							}
						},
						{
							"origin": [-1.375, 0.59375, 0.21875],
							"size": [0.09375, 0.1875, 0.09375],
							"pivot": [-1.32812, 0.70313, 0.32813],
							"rotation": [-45, 0, 0],
							"uv": {
								"north": {"uv": [20, 38], "uv_size": [0.25, 0.25]},
								"east": {"uv": [38, 20], "uv_size": [0.25, 0.25]},
								"south": {"uv": [38, 22], "uv_size": [0.25, 0.25]},
								"west": {"uv": [24, 38], "uv_size": [0.25, 0.25]},
								"up": {"uv": [38, 24], "uv_size": [0.25, 0.25]},
								"down": {"uv": [26, 38.25], "uv_size": [0.25, -0.25]}
							}
						},
						{
							"origin": [-1.375, 0.59375, 1.40625],
							"size": [0.09375, 0.1875, 0.09375],
							"pivot": [-1.32812, 0.70313, 1.39063],
							"rotation": [45, 0, 0],
							"uv": {
								"north": {"uv": [38, 26], "uv_size": [0.25, 0.25]},
								"east": {"uv": [28, 38], "uv_size": [0.25, 0.25]},
								"south": {"uv": [30, 38], "uv_size": [0.25, 0.25]},
								"west": {"uv": [38, 30], "uv_size": [0.25, 0.25]},
								"up": {"uv": [32, 38], "uv_size": [0.25, 0.25]},
								"down": {"uv": [38, 32.25], "uv_size": [0.25, -0.25]}
							}
						},
						{
							"origin": [-1.375, 0.28125, 0.21875],
							"size": [0.09375, 0.1875, 0.09375],
							"pivot": [-1.32812, 0.35938, 0.32813],
							"rotation": [45, 0, 0],
							"uv": {
								"north": {"uv": [34, 38], "uv_size": [0.25, 0.25]},
								"east": {"uv": [38, 34], "uv_size": [0.25, 0.25]},
								"south": {"uv": [36, 38], "uv_size": [0.25, 0.25]},
								"west": {"uv": [38, 36], "uv_size": [0.25, 0.25]},
								"up": {"uv": [38, 38], "uv_size": [0.25, 0.25]},
								"down": {"uv": [39, 0.25], "uv_size": [0.25, -0.25]}
							}
						},
						{
							"origin": [-1.375, 0.28125, 1.40625],
							"size": [0.09375, 0.1875, 0.09375],
							"pivot": [-1.32812, 0.35938, 1.39063],
							"rotation": [-45, 0, 0],
							"uv": {
								"north": {"uv": [39, 2], "uv_size": [0.25, 0.25]},
								"east": {"uv": [4, 39], "uv_size": [0.25, 0.25]},
								"south": {"uv": [39, 4], "uv_size": [0.25, 0.25]},
								"west": {"uv": [39, 6], "uv_size": [0.25, 0.25]},
								"up": {"uv": [8, 39], "uv_size": [0.25, 0.25]},
								"down": {"uv": [39, 8.25], "uv_size": [0.25, -0.25]}
							}
						},
						{
							"origin": [-1.375, 0.3125, 1.46875],
							"size": [0.09375, 0.46875, 0.15625],
							"uv": {
								"north": {"uv": [33, 12], "uv_size": [0.25, 0.5]},
								"east": {"uv": [14, 33], "uv_size": [0.25, 0.5]},
								"south": {"uv": [16, 33], "uv_size": [0.25, 0.5]},
								"west": {"uv": [22, 33], "uv_size": [0.25, 0.5]},
								"up": {"uv": [10, 39], "uv_size": [0.25, 0.25]},
								"down": {"uv": [39, 10.25], "uv_size": [0.25, -0.25]}
							}
						},
						{
							"origin": [-1.375, 0.125, 0.09375],
							"size": [0.09375, 0.1875, 1.53125],
							"uv": {
								"north": {"uv": [12, 39], "uv_size": [0.25, 0.25]},
								"east": {"uv": [18, 10], "uv_size": [1.5, 0.25]},
								"south": {"uv": [39, 12], "uv_size": [0.25, 0.25]},
								"west": {"uv": [18, 12], "uv_size": [1.5, 0.25]},
								"up": {"uv": [12, 18], "uv_size": [0.25, 1.5]},
								"down": {"uv": [18, 15.5], "uv_size": [0.25, -1.5]}
							}
						},
						{
							"origin": [-1.375, 0.75, 0.09375],
							"size": [0.09375, 0.09375, 1.53125],
							"uv": {
								"north": {"uv": [14, 39], "uv_size": [0.25, 0.25]},
								"east": {"uv": [18, 17], "uv_size": [1.5, 0.25]},
								"south": {"uv": [16, 39], "uv_size": [0.25, 0.25]},
								"west": {"uv": [0, 19], "uv_size": [1.5, 0.25]},
								"up": {"uv": [6, 19], "uv_size": [0.25, 1.5]},
								"down": {"uv": [19, 7.5], "uv_size": [0.25, -1.5]}
							}
						},
						{
							"origin": [-1.35558, 0.79688, 0.09375],
							"size": [0.09375, 0.132, 1.53125],
							"pivot": [-1.30871, 0.84375, 0.85938],
							"rotation": [0, 0, 45],
							"uv": {
								"north": {"uv": [22, 39], "uv_size": [0.25, 0.25]},
								"east": {"uv": [19, 2], "uv_size": [1.5, 0.25]},
								"south": {"uv": [39, 28], "uv_size": [0.25, 0.25]},
								"west": {"uv": [18, 19], "uv_size": [1.5, 0.25]},
								"up": {"uv": [14, 19], "uv_size": [0.25, 1.5]},
								"down": {"uv": [3, 21.5], "uv_size": [0.25, -1.5]}
							}
						},
						{
							"origin": [-1.35558, 0.03987, 0.09375],
							"size": [0.09375, 0.132, 1.53125],
							"pivot": [-1.30871, 0.125, 0.85938],
							"rotation": [0, 0, -45],
							"uv": {
								"north": {"uv": [0, 40], "uv_size": [0.25, 0.25]},
								"east": {"uv": [20, 14], "uv_size": [1.5, 0.25]},
								"south": {"uv": [2, 40], "uv_size": [0.25, 0.25]},
								"west": {"uv": [0, 21], "uv_size": [1.5, 0.25]},
								"up": {"uv": [8, 20], "uv_size": [0.25, 1.5]},
								"down": {"uv": [16, 21.5], "uv_size": [0.25, -1.5]}
							}
						},
						{
							"origin": [0.84375, 0.15625, -1.46875],
							"size": [0.46875, 0.78125, 1.15625],
							"uv": {
								"north": {"uv": [21, 0], "uv_size": [0.5, 0.75]},
								"east": {"uv": [10, 6], "uv_size": [1.25, 0.75]},
								"south": {"uv": [21, 4], "uv_size": [0.5, 0.75]},
								"west": {"uv": [10, 8], "uv_size": [1.25, 0.75]},
								"up": {"uv": [4, 13], "uv_size": [0.5, 1.25]},
								"down": {"uv": [13, 7.25], "uv_size": [0.5, -1.25]}
							}
						},
						{
							"origin": [0.84375, 0.15625, -1.65625],
							"size": [0.46875, 0.5625, 0.1875],
							"uv": {
								"north": {"uv": [18, 23], "uv_size": [0.5, 0.5]},
								"east": {"uv": [33, 28], "uv_size": [0.25, 0.5]},
								"south": {"uv": [24, 15], "uv_size": [0.5, 0.5]},
								"west": {"uv": [0, 34], "uv_size": [0.25, 0.5]},
								"up": {"uv": [2, 34], "uv_size": [0.5, 0.25]},
								"down": {"uv": [6, 34.25], "uv_size": [0.5, -0.25]}
							}
						},
						{
							"origin": [0.59375, 0.1875, -1.65625],
							"size": [0.5, 0.75, 0.1875],
							"uv": {
								"north": {"uv": [21, 6], "uv_size": [0.5, 0.75]},
								"east": {"uv": [27, 10], "uv_size": [0.25, 0.75]},
								"south": {"uv": [21, 8], "uv_size": [0.5, 0.75]},
								"west": {"uv": [12, 27], "uv_size": [0.25, 0.75]},
								"up": {"uv": [34, 14], "uv_size": [0.5, 0.25]},
								"down": {"uv": [34, 16.25], "uv_size": [0.5, -0.25]}
							}
						},
						{
							"origin": [0.375, 0.4375, -1.65625],
							"size": [0.21875, 0.5, 0.1875],
							"uv": {
								"north": {"uv": [18, 34], "uv_size": [0.25, 0.5]},
								"east": {"uv": [34, 18], "uv_size": [0.25, 0.5]},
								"south": {"uv": [20, 34], "uv_size": [0.25, 0.5]},
								"west": {"uv": [34, 20], "uv_size": [0.25, 0.5]},
								"up": {"uv": [6, 40], "uv_size": [0.25, 0.25]},
								"down": {"uv": [40, 14.25], "uv_size": [0.25, -0.25]}
							}
						},
						{
							"origin": [0.26674, 0.7721, -1.65625],
							"size": [0.177, 0.125, 0.1875],
							"pivot": [0.36049, 0.8346, -1.5625],
							"rotation": [0, 0, -45],
							"uv": {
								"north": {"uv": [40, 16], "uv_size": [0.25, 0.25]},
								"east": {"uv": [18, 40], "uv_size": [0.25, 0.25]},
								"south": {"uv": [40, 18], "uv_size": [0.25, 0.25]},
								"west": {"uv": [20, 40], "uv_size": [0.25, 0.25]},
								"up": {"uv": [40, 20], "uv_size": [0.25, 0.25]},
								"down": {"uv": [40, 22.25], "uv_size": [0.25, -0.25]}
							}
						},
						{
							"origin": [0.84375, 0.15625, -2.09375],
							"size": [0.46875, 0.5625, 0.3125],
							"uv": {
								"north": {"uv": [24, 17], "uv_size": [0.5, 0.5]},
								"east": {"uv": [34, 22], "uv_size": [0.25, 0.5]},
								"south": {"uv": [24, 19], "uv_size": [0.5, 0.5]},
								"west": {"uv": [24, 34], "uv_size": [0.25, 0.5]},
								"up": {"uv": [34, 24], "uv_size": [0.5, 0.25]},
								"down": {"uv": [26, 34.25], "uv_size": [0.5, -0.25]}
							}
						},
						{
							"origin": [1.05067, 0.60965, -2.09375],
							"size": [0.21875, 0.31, 0.3125],
							"pivot": [1.16004, 0.71653, -1.32812],
							"rotation": [0, 0, -45],
							"uv": {
								"north": {"uv": [24, 40], "uv_size": [0.25, 0.25]},
								"east": {"uv": [40, 24], "uv_size": [0.25, 0.25]},
								"south": {"uv": [26, 40], "uv_size": [0.25, 0.25]},
								"west": {"uv": [40, 26], "uv_size": [0.25, 0.25]},
								"up": {"uv": [28, 40], "uv_size": [0.25, 0.25]},
								"down": {"uv": [30, 40.25], "uv_size": [0.25, -0.25]}
							}
						},
						{
							"origin": [0.59375, 0.1875, -2.09375],
							"size": [0.5, 0.75, 0.3125],
							"uv": {
								"north": {"uv": [10, 21], "uv_size": [0.5, 0.75]},
								"east": {"uv": [27, 12], "uv_size": [0.25, 0.75]},
								"south": {"uv": [21, 10], "uv_size": [0.5, 0.75]},
								"west": {"uv": [14, 27], "uv_size": [0.25, 0.75]},
								"up": {"uv": [34, 26], "uv_size": [0.5, 0.25]},
								"down": {"uv": [28, 34.25], "uv_size": [0.5, -0.25]}
							}
						},
						{
							"origin": [0.46875, 1.03125, -2.40625],
							"size": [0.125, 0.03125, 0.34375],
							"uv": {
								"north": {"uv": [40, 30], "uv_size": [0.25, 0.25]},
								"east": {"uv": [32, 40], "uv_size": [0.25, 0.25]},
								"south": {"uv": [40, 32], "uv_size": [0.25, 0.25]},
								"west": {"uv": [34, 40], "uv_size": [0.25, 0.25]},
								"up": {"uv": [40, 34], "uv_size": [0.25, 0.25]},
								"down": {"uv": [36, 40.25], "uv_size": [0.25, -0.25]}
							}
						},
						{
							"origin": [1.34375, 0.09375, -2.34375],
							"size": [0.125, 0.03125, 0.25],
							"pivot": [1.40625, 0.10938, -2.17187],
							"rotation": [0, 12.5, 120],
							"uv": {
								"north": {"uv": [40, 36], "uv_size": [0.25, 0.25]},
								"east": {"uv": [38, 40], "uv_size": [0.25, 0.25]},
								"south": {"uv": [40, 38], "uv_size": [0.25, 0.25]},
								"west": {"uv": [40, 40], "uv_size": [0.25, 0.25]},
								"up": {"uv": [41, 0], "uv_size": [0.25, 0.25]},
								"down": {"uv": [41, 2.25], "uv_size": [0.25, -0.25]}
							}
						},
						{
							"origin": [1.28663, 0.09616, -2.13058],
							"size": [0.125, 0.03125, 0.21875],
							"pivot": [1.34913, 0.11178, -2.05246],
							"rotation": [-45, 12.5, 120],
							"uv": {
								"north": {"uv": [4, 41], "uv_size": [0.25, 0.25]},
								"east": {"uv": [41, 4], "uv_size": [0.25, 0.25]},
								"south": {"uv": [41, 6], "uv_size": [0.25, 0.25]},
								"west": {"uv": [8, 41], "uv_size": [0.25, 0.25]},
								"up": {"uv": [41, 8], "uv_size": [0.25, 0.25]},
								"down": {"uv": [10, 41.25], "uv_size": [0.25, -0.25]}
							}
						},
						{
							"origin": [1.31919, 0.17104, -2.74652],
							"size": [0.125, 0.03125, 0.4375],
							"pivot": [1.38169, 0.18666, -2.4184],
							"rotation": [35, 12.5, 120],
							"uv": {
								"north": {"uv": [41, 10], "uv_size": [0.25, 0.25]},
								"east": {"uv": [30, 34], "uv_size": [0.5, 0.25]},
								"south": {"uv": [12, 41], "uv_size": [0.25, 0.25]},
								"west": {"uv": [34, 30], "uv_size": [0.5, 0.25]},
								"up": {"uv": [32, 34], "uv_size": [0.25, 0.5]},
								"down": {"uv": [34, 32.5], "uv_size": [0.25, -0.5]}
							}
						},
						{
							"origin": [0.46875, 0.96954, -2.10101],
							"size": [0.125, 0.03125, 0.1875],
							"pivot": [0.53125, 0.98516, -2.00726],
							"rotation": [-45, 0, 0],
							"uv": {
								"north": {"uv": [41, 12], "uv_size": [0.25, 0.25]},
								"east": {"uv": [14, 41], "uv_size": [0.25, 0.25]},
								"south": {"uv": [16, 41], "uv_size": [0.25, 0.25]},
								"west": {"uv": [22, 41], "uv_size": [0.25, 0.25]},
								"up": {"uv": [41, 28], "uv_size": [0.25, 0.25]},
								"down": {"uv": [0, 42.25], "uv_size": [0.25, -0.25]}
							}
						},
						{
							"origin": [0.46875, 0.96954, -2.61774],
							"size": [0.125, 0.03125, 0.25],
							"pivot": [0.53125, 0.98516, -2.46149],
							"rotation": [45, 0, 0],
							"uv": {
								"north": {"uv": [2, 42], "uv_size": [0.25, 0.25]},
								"east": {"uv": [6, 42], "uv_size": [0.25, 0.25]},
								"south": {"uv": [42, 14], "uv_size": [0.25, 0.25]},
								"west": {"uv": [42, 16], "uv_size": [0.25, 0.25]},
								"up": {"uv": [18, 42], "uv_size": [0.25, 0.25]},
								"down": {"uv": [42, 18.25], "uv_size": [0.25, -0.25]}
							}
						},
						{
							"origin": [0.51129, 0.77827, -2.81937],
							"size": [0.125, 0.03125, 0.34375],
							"pivot": [0.57379, 0.7939, -2.60062],
							"rotation": [65.31374, -17.38772, -18.2489],
							"uv": {
								"north": {"uv": [20, 42], "uv_size": [0.25, 0.25]},
								"east": {"uv": [42, 20], "uv_size": [0.25, 0.25]},
								"south": {"uv": [42, 22], "uv_size": [0.25, 0.25]},
								"west": {"uv": [24, 42], "uv_size": [0.25, 0.25]},
								"up": {"uv": [42, 24], "uv_size": [0.25, 0.25]},
								"down": {"uv": [26, 42.25], "uv_size": [0.25, -0.25]}
							}
						},
						{
							"origin": [0.375, 0.4375, -2.09375],
							"size": [0.21875, 0.5, 0.3125],
							"uv": {
								"north": {"uv": [34, 34], "uv_size": [0.25, 0.5]},
								"east": {"uv": [35, 0], "uv_size": [0.25, 0.5]},
								"south": {"uv": [35, 2], "uv_size": [0.25, 0.5]},
								"west": {"uv": [4, 35], "uv_size": [0.25, 0.5]},
								"up": {"uv": [42, 26], "uv_size": [0.25, 0.25]},
								"down": {"uv": [28, 42.25], "uv_size": [0.25, -0.25]}
							}
						},
						{
							"origin": [1.01664, -0.03056, -2.09375],
							"size": [0.21875, 0.31, 0.3125],
							"pivot": [1.12601, 0.12444, -1.9375],
							"rotation": [0, 0, 45],
							"uv": {
								"north": {"uv": [30, 42], "uv_size": [0.25, 0.25]},
								"east": {"uv": [42, 30], "uv_size": [0.25, 0.25]},
								"south": {"uv": [32, 42], "uv_size": [0.25, 0.25]},
								"west": {"uv": [42, 32], "uv_size": [0.25, 0.25]},
								"up": {"uv": [34, 42], "uv_size": [0.25, 0.25]},
								"down": {"uv": [42, 34.25], "uv_size": [0.25, -0.25]}
							}
						},
						{
							"origin": [0.78125, -0.0625, -2.09375],
							"size": [0.3125, 0.21875, 0.3125],
							"uv": {
								"north": {"uv": [36, 42], "uv_size": [0.25, 0.25]},
								"east": {"uv": [42, 36], "uv_size": [0.25, 0.25]},
								"south": {"uv": [38, 42], "uv_size": [0.25, 0.25]},
								"west": {"uv": [42, 38], "uv_size": [0.25, 0.25]},
								"up": {"uv": [40, 42], "uv_size": [0.25, 0.25]},
								"down": {"uv": [42, 40.25], "uv_size": [0.25, -0.25]}
							}
						},
						{
							"origin": [0.60558, -0.04465, -2.09375],
							"size": [0.21875, 0.75, 0.3125],
							"pivot": [0.71496, 0.15847, -1.32812],
							"rotation": [0, 0, -45],
							"uv": {
								"north": {"uv": [16, 27], "uv_size": [0.25, 0.75]},
								"east": {"uv": [23, 27], "uv_size": [0.25, 0.75]},
								"south": {"uv": [0, 28], "uv_size": [0.25, 0.75]},
								"west": {"uv": [2, 28], "uv_size": [0.25, 0.75]},
								"up": {"uv": [42, 42], "uv_size": [0.25, 0.25]},
								"down": {"uv": [43, 0.25], "uv_size": [0.25, -0.25]}
							}
						},
						{
							"origin": [0.25, 0.46875, -2.09375],
							"size": [0.125, 0.34375, 0.3125],
							"uv": {
								"north": {"uv": [43, 2], "uv_size": [0.25, 0.25]},
								"east": {"uv": [4, 43], "uv_size": [0.25, 0.25]},
								"south": {"uv": [43, 4], "uv_size": [0.25, 0.25]},
								"west": {"uv": [43, 6], "uv_size": [0.25, 0.25]},
								"up": {"uv": [8, 43], "uv_size": [0.25, 0.25]},
								"down": {"uv": [43, 8.25], "uv_size": [0.25, -0.25]}
							}
						},
						{
							"origin": [0.26674, 0.7721, -2.09375],
							"size": [0.177, 0.125, 0.3125],
							"pivot": [0.36049, 0.8346, -2],
							"rotation": [0, 0, -45],
							"uv": {
								"north": {"uv": [10, 43], "uv_size": [0.25, 0.25]},
								"east": {"uv": [43, 10], "uv_size": [0.25, 0.25]},
								"south": {"uv": [12, 43], "uv_size": [0.25, 0.25]},
								"west": {"uv": [43, 12], "uv_size": [0.25, 0.25]},
								"up": {"uv": [14, 43], "uv_size": [0.25, 0.25]},
								"down": {"uv": [16, 43.25], "uv_size": [0.25, -0.25]}
							}
						},
						{
							"origin": [0.25, 0.46875, -1.65625],
							"size": [0.125, 0.34375, 0.1875],
							"uv": {
								"north": {"uv": [22, 43], "uv_size": [0.25, 0.25]},
								"east": {"uv": [43, 28], "uv_size": [0.25, 0.25]},
								"south": {"uv": [0, 44], "uv_size": [0.25, 0.25]},
								"west": {"uv": [2, 44], "uv_size": [0.25, 0.25]},
								"up": {"uv": [6, 44], "uv_size": [0.25, 0.25]},
								"down": {"uv": [44, 14.25], "uv_size": [0.25, -0.25]}
							}
						},
						{
							"origin": [0.78125, -0.0625, -1.65625],
							"size": [0.3125, 0.21875, 1.34375],
							"uv": {
								"north": {"uv": [44, 16], "uv_size": [0.25, 0.25]},
								"east": {"uv": [21, 18], "uv_size": [1.25, 0.25]},
								"south": {"uv": [18, 44], "uv_size": [0.25, 0.25]},
								"west": {"uv": [21, 20], "uv_size": [1.25, 0.25]},
								"up": {"uv": [5, 22], "uv_size": [0.25, 1.25]},
								"down": {"uv": [14, 23.25], "uv_size": [0.25, -1.25]}
							}
						},
						{
							"origin": [1.05067, -0.04465, -1.65625],
							"size": [0.21875, 0.31, 1.34375],
							"pivot": [1.16004, 0.15847, -0.89062],
							"rotation": [0, 0, 45],
							"uv": {
								"north": {"uv": [44, 18], "uv_size": [0.25, 0.25]},
								"east": {"uv": [22, 2], "uv_size": [1.25, 0.25]},
								"south": {"uv": [20, 44], "uv_size": [0.25, 0.25]},
								"west": {"uv": [21, 22], "uv_size": [1.25, 0.25]},
								"up": {"uv": [0, 23], "uv_size": [0.25, 1.25]},
								"down": {"uv": [2, 24.25], "uv_size": [0.25, -1.25]}
							}
						},
						{
							"origin": [1.05067, 0.60965, -1.65625],
							"size": [0.21875, 0.31, 0.1875],
							"pivot": [1.16004, 0.71653, -0.89062],
							"rotation": [0, 0, -45],
							"uv": {
								"north": {"uv": [44, 20], "uv_size": [0.25, 0.25]},
								"east": {"uv": [44, 22], "uv_size": [0.25, 0.25]},
								"south": {"uv": [24, 44], "uv_size": [0.25, 0.25]},
								"west": {"uv": [44, 24], "uv_size": [0.25, 0.25]},
								"up": {"uv": [26, 44], "uv_size": [0.25, 0.25]},
								"down": {"uv": [44, 26.25], "uv_size": [0.25, -0.25]}
							}
						},
						{
							"origin": [0.60558, -0.04465, -1.65625],
							"size": [0.21875, 0.75, 1.34375],
							"pivot": [0.71496, 0.15847, -0.89062],
							"rotation": [0, 0, -45],
							"uv": {
								"north": {"uv": [6, 28], "uv_size": [0.25, 0.75]},
								"east": {"uv": [10, 10], "uv_size": [1.25, 0.75]},
								"south": {"uv": [28, 14], "uv_size": [0.25, 0.75]},
								"west": {"uv": [11, 0], "uv_size": [1.25, 0.75]},
								"up": {"uv": [23, 4], "uv_size": [0.25, 1.25]},
								"down": {"uv": [7, 24.25], "uv_size": [0.25, -1.25]}
							}
						},
						{
							"origin": [0.73773, 0.15625, -0.48003],
							"size": [0.46875, 0.78125, 0.875],
							"inflate": -0.0001,
							"pivot": [0.97211, 0.54688, -0.2144],
							"rotation": [0, -32.5, 0],
							"uv": {
								"north": {"uv": [12, 21], "uv_size": [0.5, 0.75]},
								"east": {"uv": [11, 2], "uv_size": [1, 0.75]},
								"south": {"uv": [21, 12], "uv_size": [0.5, 0.75]},
								"west": {"uv": [4, 11], "uv_size": [1, 0.75]},
								"up": {"uv": [15.90625, 4], "uv_size": [0.59375, 1]},
								"down": {"uv": [10, 17], "uv_size": [0.5, -1]}
							}
						},
						{
							"origin": [-1.03125, -0.03125, -1.46875],
							"size": [0.53125, 0.1875, 2.40625],
							"uv": {
								"north": {"uv": [35, 4], "uv_size": [0.5, 0.25]},
								"east": {"uv": [13, 2], "uv_size": [2.5, 0.25]},
								"south": {"uv": [35, 6], "uv_size": [0.5, 0.25]},
								"west": {"uv": [13, 9], "uv_size": [2.5, 0.25]},
								"up": {"uv": [8, 8], "uv_size": [0.5, 2.5]},
								"down": {"uv": [9, 2.5], "uv_size": [0.5, -2.5]}
							}
						},
						{
							"origin": [-1.25, 0.1875, -1.46875],
							"size": [0.15625, 0.59375, 3.09375],
							"uv": {
								"north": {"uv": [8, 35], "uv_size": [0.25, 0.5]},
								"east": {"uv": [6, 6], "uv_size": [3, 0.5]},
								"south": {"uv": [35, 8], "uv_size": [0.25, 0.5]},
								"west": {"uv": [0, 8], "uv_size": [3, 0.5]},
								"up": {"uv": [6, 11], "uv_size": [0.25, 3]},
								"down": {"uv": [8, 15], "uv_size": [0.25, -3]}
							}
						},
						{
							"origin": [-1.2451, 0.76942, -1.46875],
							"size": [0.222, 0.15625, 3.09375],
							"pivot": [-1.07322, 0.84754, 0.07813],
							"rotation": [0, 0, -45],
							"uv": {
								"north": {"uv": [28, 44], "uv_size": [0.25, 0.25]},
								"east": {"uv": [12, 4], "uv_size": [3, 0.25]},
								"south": {"uv": [30, 44], "uv_size": [0.25, 0.25]},
								"west": {"uv": [10, 12], "uv_size": [3, 0.25]},
								"up": {"uv": [0, 13], "uv_size": [0.25, 3]},
								"down": {"uv": [2, 16], "uv_size": [0.25, -3]}
							}
						},
						{
							"origin": [-1.2451, 0.04308, -1.46875],
							"size": [0.31, 0.15625, 2.40625],
							"pivot": [-1.07322, 0.12121, 0.07813],
							"rotation": [0, 0, 45],
							"uv": {
								"north": {"uv": [44, 30], "uv_size": [0.25, 0.25]},
								"east": {"uv": [14, 0], "uv_size": [2.5, 0.25]},
								"south": {"uv": [32, 44], "uv_size": [0.25, 0.25]},
								"west": {"uv": [10, 14], "uv_size": [2.5, 0.25]},
								"up": {"uv": [14, 11], "uv_size": [0.25, 2.5]},
								"down": {"uv": [6, 17.5], "uv_size": [0.25, -2.5]}
							}
						},
						{
							"origin": [-0.59615, 0.04308, -1.46875],
							"size": [0.27875, 0.15625, 2.40625],
							"pivot": [-0.45803, 0.12121, 0.07813],
							"rotation": [0, 0, -45],
							"uv": {
								"north": {"uv": [44, 32], "uv_size": [0.25, 0.25]},
								"east": {"uv": [15, 6], "uv_size": [2.5, 0.25]},
								"south": {"uv": [34, 44], "uv_size": [0.25, 0.25]},
								"west": {"uv": [14, 15], "uv_size": [2.5, 0.25]},
								"up": {"uv": [4, 16], "uv_size": [0.25, 2.5]},
								"down": {"uv": [8, 18.5], "uv_size": [0.25, -2.5]}
							}
						}
					]
				},
				{
					"name": "octagon4",
					"parent": "laser_ZenitPerst3",
					"pivot": [-0.78125, 0.46671, -1.59362],
					"rotation": [-7.5, 0, 0],
					"cubes": [
						{
							"origin": [-0.96247, 0.03125, -1.6875],
							"size": [0.36244, 0.875, 0.21875],
							"pivot": [-0.78125, 0.46875, -1.57812],
							"rotation": [5.31847, 5.29571, -44.75386],
							"uv": {
								"north": {"uv": [20, 24], "uv_size": [0.25, 1]},
								"east": {"uv": [24, 21], "uv_size": [0.25, 1]},
								"south": {"uv": [22, 24], "uv_size": [0.25, 1]},
								"west": {"uv": [24, 23], "uv_size": [0.25, 1]},
								"up": {"uv": [44, 34], "uv_size": [0.25, 0.25]},
								"down": {"uv": [36, 44.25], "uv_size": [0.25, -0.25]}
							}
						},
						{
							"origin": [-0.96247, 0.03125, -1.6875],
							"size": [0.36244, 0.875, 0.21875],
							"pivot": [-0.78125, 0.46875, -1.57812],
							"rotation": [7.5, 0, 0],
							"uv": {
								"north": {"uv": [25, 0], "uv_size": [0.25, 1]},
								"east": {"uv": [25, 2], "uv_size": [0.25, 1]},
								"south": {"uv": [4, 25], "uv_size": [0.25, 1]},
								"west": {"uv": [25, 4], "uv_size": [0.25, 1]},
								"up": {"uv": [44, 36], "uv_size": [0.25, 0.25]},
								"down": {"uv": [38, 44.25], "uv_size": [0.25, -0.25]}
							}
						},
						{
							"origin": [-1.21875, 0.28753, -1.6875],
							"size": [0.875, 0.36244, 0.21875],
							"pivot": [-0.78125, 0.46875, -1.57812],
							"rotation": [5.31847, 5.29571, -44.75386],
							"uv": {
								"north": {"uv": [25, 6], "uv_size": [1, 0.25]},
								"east": {"uv": [44, 38], "uv_size": [0.25, 0.25]},
								"south": {"uv": [25, 8], "uv_size": [1, 0.25]},
								"west": {"uv": [40, 44], "uv_size": [0.25, 0.25]},
								"up": {"uv": [9, 25], "uv_size": [1, 0.25]},
								"down": {"uv": [25, 10.25], "uv_size": [1, -0.25]}
							}
						},
						{
							"origin": [-1.21875, 0.28753, -1.6875],
							"size": [0.875, 0.36244, 0.21875],
							"pivot": [-0.78125, 0.46875, -1.57812],
							"rotation": [7.5, 0, 0],
							"uv": {
								"north": {"uv": [11, 25], "uv_size": [1, 0.25]},
								"east": {"uv": [44, 40], "uv_size": [0.25, 0.25]},
								"south": {"uv": [25, 12], "uv_size": [1, 0.25]},
								"west": {"uv": [42, 44], "uv_size": [0.25, 0.25]},
								"up": {"uv": [13, 25], "uv_size": [1, 0.25]},
								"down": {"uv": [15, 25.25], "uv_size": [1, -0.25]}
							}
						}
					]
				},
				{
					"name": "octagon5",
					"parent": "laser_ZenitPerst3",
					"pivot": [0, 0, 0.375]
				},
				{
					"name": "octagon6",
					"parent": "laser_ZenitPerst3",
					"pivot": [-9.75, -7.53125, -8.90625],
					"cubes": [
						{
							"origin": [-1.53125, 0.33931, -1.21875],
							"size": [0.3125, 0.25888, 0.625],
							"pivot": [-1.75, 0.46875, -0.90625],
							"rotation": [-45, 0, 0],
							"uv": {
								"north": {"uv": [44, 42], "uv_size": [0.25, 0.25]},
								"east": {"uv": [28, 16], "uv_size": [0.75, 0.25]},
								"south": {"uv": [44, 44], "uv_size": [0.25, 0.25]},
								"west": {"uv": [18, 28], "uv_size": [0.75, 0.25]},
								"up": {"uv": [28, 18], "uv_size": [0.25, 0.75]},
								"down": {"uv": [20, 28.75], "uv_size": [0.25, -0.75]}
							}
						},
						{
							"origin": [-1.53125, 0.33931, -1.21875],
							"size": [0.3125, 0.25888, 0.625],
							"uv": {
								"north": {"uv": [45, 0], "uv_size": [0.25, 0.25]},
								"east": {"uv": [28, 20], "uv_size": [0.75, 0.25]},
								"south": {"uv": [45, 2], "uv_size": [0.25, 0.25]},
								"west": {"uv": [28, 22], "uv_size": [0.75, 0.25]},
								"up": {"uv": [28, 24], "uv_size": [0.25, 0.75]},
								"down": {"uv": [25, 28.75], "uv_size": [0.25, -0.75]}
							}
						},
						{
							"origin": [-1.53125, 0.15625, -1.03569],
							"size": [0.3125, 0.625, 0.25888],
							"pivot": [-1.75, 0.46875, -0.90625],
							"rotation": [-45, 0, 0],
							"uv": {
								"north": {"uv": [28, 26], "uv_size": [0.25, 0.75]},
								"east": {"uv": [27, 28], "uv_size": [0.25, 0.75]},
								"south": {"uv": [29, 0], "uv_size": [0.25, 0.75]},
								"west": {"uv": [29, 2], "uv_size": [0.25, 0.75]},
								"up": {"uv": [4, 45], "uv_size": [0.25, 0.25]},
								"down": {"uv": [45, 4.25], "uv_size": [0.25, -0.25]}
							}
						},
						{
							"origin": [-1.53125, 0.15625, -1.03569],
							"size": [0.3125, 0.625, 0.25888],
							"uv": {
								"north": {"uv": [4, 29], "uv_size": [0.25, 0.75]},
								"east": {"uv": [29, 4], "uv_size": [0.25, 0.75]},
								"south": {"uv": [29, 6], "uv_size": [0.25, 0.75]},
								"west": {"uv": [8, 29], "uv_size": [0.25, 0.75]},
								"up": {"uv": [45, 6], "uv_size": [0.25, 0.25]},
								"down": {"uv": [8, 45.25], "uv_size": [0.25, -0.25]}
							}
						}
					]
				},
				{
					"name": "octagon2",
					"parent": "laser_ZenitPerst3",
					"pivot": [-0.79687, 1.0625, -0.90625],
					"rotation": [0, 0, 90],
					"cubes": [
						{
							"origin": [-0.9375, 0.93306, -1.21875],
							"size": [0.28125, 0.25888, 0.625],
							"pivot": [-1.15625, 1.0625, -0.90625],
							"rotation": [-45, 0, 0],
							"uv": {
								"north": {"uv": [45, 8], "uv_size": [0.25, 0.25]},
								"east": {"uv": [29, 8], "uv_size": [0.75, 0.25]},
								"south": {"uv": [10, 45], "uv_size": [0.25, 0.25]},
								"west": {"uv": [10, 29], "uv_size": [0.75, 0.25]},
								"up": {"uv": [29, 10], "uv_size": [0.25, 0.75]},
								"down": {"uv": [12, 29.75], "uv_size": [0.25, -0.75]}
							}
						},
						{
							"origin": [-0.9375, 0.93306, -1.21875],
							"size": [0.28125, 0.25888, 0.625],
							"uv": {
								"north": {"uv": [45, 10], "uv_size": [0.25, 0.25]},
								"east": {"uv": [29, 12], "uv_size": [0.75, 0.25]},
								"south": {"uv": [12, 45], "uv_size": [0.25, 0.25]},
								"west": {"uv": [14, 29], "uv_size": [0.75, 0.25]},
								"up": {"uv": [16, 29], "uv_size": [0.25, 0.75]},
								"down": {"uv": [22, 29.75], "uv_size": [0.25, -0.75]}
							}
						},
						{
							"origin": [-0.9375, 0.75, -1.03569],
							"size": [0.28125, 0.625, 0.25888],
							"pivot": [-1.15625, 1.0625, -0.90625],
							"rotation": [-45, 0, 0],
							"uv": {
								"north": {"uv": [29, 28], "uv_size": [0.25, 0.75]},
								"east": {"uv": [0, 30], "uv_size": [0.25, 0.75]},
								"south": {"uv": [2, 30], "uv_size": [0.25, 0.75]},
								"west": {"uv": [6, 30], "uv_size": [0.25, 0.75]},
								"up": {"uv": [45, 12], "uv_size": [0.25, 0.25]},
								"down": {"uv": [14, 45.25], "uv_size": [0.25, -0.25]}
							}
						},
						{
							"origin": [-0.9375, 0.75, -1.03569],
							"size": [0.28125, 0.625, 0.25888],
							"uv": {
								"north": {"uv": [30, 14], "uv_size": [0.25, 0.75]},
								"east": {"uv": [30, 16], "uv_size": [0.25, 0.75]},
								"south": {"uv": [18, 30], "uv_size": [0.25, 0.75]},
								"west": {"uv": [30, 18], "uv_size": [0.25, 0.75]},
								"up": {"uv": [16, 45], "uv_size": [0.25, 0.25]},
								"down": {"uv": [22, 45.25], "uv_size": [0.25, -0.25]}
							}
						}
					]
				},
				{
					"name": "octagon7",
					"parent": "laser_ZenitPerst3",
					"pivot": [0.96875, 0.5625, -3.0625],
					"cubes": [
						{
							"origin": [0.81342, 0.1875, -2.90625],
							"size": [0.31066, 0.75, 0.34375],
							"pivot": [0.96875, 0.5625, -3.0625],
							"rotation": [0, 0, -45],
							"uv": {
								"north": {"uv": [20, 30], "uv_size": [0.25, 0.75]},
								"east": {"uv": [30, 20], "uv_size": [0.25, 0.75]},
								"south": {"uv": [30, 22], "uv_size": [0.25, 0.75]},
								"west": {"uv": [24, 30], "uv_size": [0.25, 0.75]},
								"up": {"uv": [45, 28], "uv_size": [0.25, 0.25]},
								"down": {"uv": [0, 46.25], "uv_size": [0.25, -0.25]}
							}
						},
						{
							"origin": [0.81342, 0.1875, -2.90625],
							"size": [0.31066, 0.75, 0.34375],
							"uv": {
								"north": {"uv": [30, 24], "uv_size": [0.25, 0.75]},
								"east": {"uv": [26, 30], "uv_size": [0.25, 0.75]},
								"south": {"uv": [30, 26], "uv_size": [0.25, 0.75]},
								"west": {"uv": [28, 30], "uv_size": [0.25, 0.75]},
								"up": {"uv": [2, 46], "uv_size": [0.25, 0.25]},
								"down": {"uv": [6, 46.25], "uv_size": [0.25, -0.25]}
							}
						},
						{
							"origin": [0.59375, 0.40717, -2.90625],
							"size": [0.75, 0.31066, 0.34375],
							"pivot": [0.96875, 0.5625, -3.0625],
							"rotation": [0, 0, -45],
							"uv": {
								"north": {"uv": [30, 30], "uv_size": [0.75, 0.25]},
								"east": {"uv": [46, 14], "uv_size": [0.25, 0.25]},
								"south": {"uv": [31, 0], "uv_size": [0.75, 0.25]},
								"west": {"uv": [46, 16], "uv_size": [0.25, 0.25]},
								"up": {"uv": [31, 2], "uv_size": [0.75, 0.25]},
								"down": {"uv": [4, 31.25], "uv_size": [0.75, -0.25]}
							}
						},
						{
							"origin": [0.59375, 0.40717, -2.90625],
							"size": [0.75, 0.31066, 0.34375],
							"uv": {
								"north": {"uv": [31, 4], "uv_size": [0.75, 0.25]},
								"east": {"uv": [18, 46], "uv_size": [0.25, 0.25]},
								"south": {"uv": [31, 6], "uv_size": [0.75, 0.25]},
								"west": {"uv": [46, 18], "uv_size": [0.25, 0.25]},
								"up": {"uv": [8, 31], "uv_size": [0.75, 0.25]},
								"down": {"uv": [31, 8.25], "uv_size": [0.75, -0.25]}
							}
						}
					]
				},
				{
					"name": "octagon8",
					"parent": "laser_ZenitPerst3",
					"pivot": [-7.03125, -7.4375, -10.15625],
					"cubes": [
						{
							"origin": [0.85225, 0.28125, -2.5625],
							"size": [0.233, 0.5625, 0.90625],
							"pivot": [0.96875, 0.5625, -2.15625],
							"rotation": [0, 0, -45],
							"uv": {
								"north": {"uv": [10, 35], "uv_size": [0.25, 0.5]},
								"east": {"uv": [16, 11], "uv_size": [1, 0.5]},
								"south": {"uv": [35, 10], "uv_size": [0.25, 0.5]},
								"west": {"uv": [12, 16], "uv_size": [1, 0.5]},
								"up": {"uv": [17, 25], "uv_size": [0.25, 1]},
								"down": {"uv": [24, 26], "uv_size": [0.25, -1]}
							}
						},
						{
							"origin": [0.85225, 0.28125, -2.5625],
							"size": [0.233, 0.5625, 0.90625],
							"uv": {
								"north": {"uv": [12, 35], "uv_size": [0.25, 0.5]},
								"east": {"uv": [16, 13], "uv_size": [1, 0.5]},
								"south": {"uv": [35, 12], "uv_size": [0.25, 0.5]},
								"west": {"uv": [0, 17], "uv_size": [1, 0.5]},
								"up": {"uv": [0, 26], "uv_size": [0.25, 1]},
								"down": {"uv": [2, 27], "uv_size": [0.25, -1]}
							}
						},
						{
							"origin": [0.6875, 0.446, -2.5625],
							"size": [0.5625, 0.233, 0.90625],
							"pivot": [0.96875, 0.5625, -2.15625],
							"rotation": [0, 0, -45],
							"uv": {
								"north": {"uv": [14, 35], "uv_size": [0.5, 0.25]},
								"east": {"uv": [6, 26], "uv_size": [1, 0.25]},
								"south": {"uv": [16, 35], "uv_size": [0.5, 0.25]},
								"west": {"uv": [26, 14], "uv_size": [1, 0.25]},
								"up": {"uv": [2, 17], "uv_size": [0.5, 1]},
								"down": {"uv": [17, 3], "uv_size": [0.5, -1]}
							}
						},
						{
							"origin": [0.6875, 0.446, -2.5625],
							"size": [0.5625, 0.233, 0.90625],
							"uv": {
								"north": {"uv": [22, 35], "uv_size": [0.5, 0.25]},
								"east": {"uv": [26, 16], "uv_size": [1, 0.25]},
								"south": {"uv": [35, 28], "uv_size": [0.5, 0.25]},
								"west": {"uv": [26, 18], "uv_size": [1, 0.25]},
								"up": {"uv": [17, 8], "uv_size": [0.5, 1]},
								"down": {"uv": [14, 18], "uv_size": [0.5, -1]}
							}
						}
					]
				},
				{
					"name": "octagon9",
					"parent": "laser_ZenitPerst3",
					"pivot": [-0.75, 0.3125, 2.125],
					"cubes": [
						{
							"origin": [-0.84061, 0.09375, 1.625],
							"size": [0.18122, 0.4375, 0.25],
							"pivot": [-0.75, 0.3125, 2.125],
							"rotation": [0, 0, -45],
							"uv": {
								"north": {"uv": [36, 16], "uv_size": [0.25, 0.5]},
								"east": {"uv": [18, 36], "uv_size": [0.25, 0.5]},
								"south": {"uv": [36, 18], "uv_size": [0.25, 0.5]},
								"west": {"uv": [20, 36], "uv_size": [0.25, 0.5]},
								"up": {"uv": [40, 46], "uv_size": [0.25, 0.25]},
								"down": {"uv": [46, 40.25], "uv_size": [0.25, -0.25]}
							}
						},
						{
							"origin": [-0.84061, 0.09375, 1.625],
							"size": [0.18122, 0.4375, 0.25],
							"uv": {
								"north": {"uv": [36, 20], "uv_size": [0.25, 0.5]},
								"east": {"uv": [36, 22], "uv_size": [0.25, 0.5]},
								"south": {"uv": [24, 36], "uv_size": [0.25, 0.5]},
								"west": {"uv": [36, 24], "uv_size": [0.25, 0.5]},
								"up": {"uv": [42, 46], "uv_size": [0.25, 0.25]},
								"down": {"uv": [46, 42.25], "uv_size": [0.25, -0.25]}
							}
						},
						{
							"origin": [-0.96875, 0.22189, 1.625],
							"size": [0.4375, 0.18122, 0.25],
							"pivot": [-0.75, 0.3125, 2.125],
							"rotation": [0, 0, -45],
							"uv": {
								"north": {"uv": [26, 36], "uv_size": [0.5, 0.25]},
								"east": {"uv": [44, 46], "uv_size": [0.25, 0.25]},
								"south": {"uv": [36, 26], "uv_size": [0.5, 0.25]},
								"west": {"uv": [46, 44], "uv_size": [0.25, 0.25]},
								"up": {"uv": [28, 36], "uv_size": [0.5, 0.25]},
								"down": {"uv": [30, 36.25], "uv_size": [0.5, -0.25]}
							}
						},
						{
							"origin": [-0.96875, 0.22189, 1.625],
							"size": [0.4375, 0.18122, 0.25],
							"uv": {
								"north": {"uv": [36, 30], "uv_size": [0.5, 0.25]},
								"east": {"uv": [46, 46], "uv_size": [0.25, 0.25]},
								"south": {"uv": [32, 36], "uv_size": [0.5, 0.25]},
								"west": {"uv": [47, 0], "uv_size": [0.25, 0.25]},
								"up": {"uv": [36, 32], "uv_size": [0.5, 0.25]},
								"down": {"uv": [34, 36.25], "uv_size": [0.5, -0.25]}
							}
						}
					]
				},
				{
					"name": "octagon",
					"parent": "laser_ZenitPerst3",
					"pivot": [0.3125, 0.53125, 2.125],
					"cubes": [
						{
							"origin": [0.15717, 0.15625, 1.625],
							"size": [0.31066, 0.75, 0.03125],
							"pivot": [0.3125, 0.53125, 2.125],
							"rotation": [0, 0, -45],
							"uv": {
								"north": {"uv": [10, 31], "uv_size": [0.25, 0.75]},
								"east": {"uv": [31, 10], "uv_size": [0.25, 0.75]},
								"south": {"uv": [12, 31], "uv_size": [0.25, 0.75]},
								"west": {"uv": [31, 12], "uv_size": [0.25, 0.75]},
								"up": {"uv": [47, 2], "uv_size": [0.25, 0.25]},
								"down": {"uv": [4, 47.25], "uv_size": [0.25, -0.25]}
							}
						},
						{
							"origin": [0.15717, 0.15625, 1.625],
							"size": [0.31066, 0.75, 0.03125],
							"uv": {
								"north": {"uv": [14, 31], "uv_size": [0.25, 0.75]},
								"east": {"uv": [16, 31], "uv_size": [0.25, 0.75]},
								"south": {"uv": [22, 31], "uv_size": [0.25, 0.75]},
								"west": {"uv": [31, 28], "uv_size": [0.25, 0.75]},
								"up": {"uv": [47, 4], "uv_size": [0.25, 0.25]},
								"down": {"uv": [47, 6.25], "uv_size": [0.25, -0.25]}
							}
						},
						{
							"origin": [-0.0625, 0.37592, 1.625],
							"size": [0.75, 0.31066, 0.03125],
							"pivot": [0.3125, 0.53125, 2.125],
							"rotation": [0, 0, -45],
							"uv": {
								"north": {"uv": [0, 32], "uv_size": [0.75, 0.25]},
								"east": {"uv": [8, 47], "uv_size": [0.25, 0.25]},
								"south": {"uv": [2, 32], "uv_size": [0.75, 0.25]},
								"west": {"uv": [47, 8], "uv_size": [0.25, 0.25]},
								"up": {"uv": [6, 32], "uv_size": [0.75, 0.25]},
								"down": {"uv": [32, 14.25], "uv_size": [0.75, -0.25]}
							}
						},
						{
							"origin": [-0.0625, 0.37592, 1.625],
							"size": [0.75, 0.31066, 0.03125],
							"uv": {
								"north": {"uv": [32, 16], "uv_size": [0.75, 0.25]},
								"east": {"uv": [10, 47], "uv_size": [0.25, 0.25]},
								"south": {"uv": [18, 32], "uv_size": [0.75, 0.25]},
								"west": {"uv": [47, 10], "uv_size": [0.25, 0.25]},
								"up": {"uv": [32, 18], "uv_size": [0.75, 0.25]},
								"down": {"uv": [20, 32.25], "uv_size": [0.75, -0.25]}
							}
						}
					]
				},
				{
					"name": "octagon3",
					"parent": "laser_ZenitPerst3",
					"pivot": [0.0625, 0.96875, 0.8375],
					"rotation": [90, 0, 0],
					"cubes": [
						{
							"origin": [-0.09283, 0.59375, 0.8125],
							"size": [0.31066, 0.75, 0.03125],
							"pivot": [0.0625, 0.96875, 1.3125],
							"rotation": [0, 0, -45],
							"uv": {
								"north": {"uv": [32, 20], "uv_size": [0.25, 0.75]},
								"east": {"uv": [32, 22], "uv_size": [0.25, 0.75]},
								"south": {"uv": [24, 32], "uv_size": [0.25, 0.75]},
								"west": {"uv": [32, 24], "uv_size": [0.25, 0.75]},
								"up": {"uv": [12, 47], "uv_size": [0.25, 0.25]},
								"down": {"uv": [47, 12.25], "uv_size": [0.25, -0.25]}
							}
						},
						{
							"origin": [-0.09283, 0.59375, 0.8125],
							"size": [0.31066, 0.75, 0.03125],
							"uv": {
								"north": {"uv": [26, 32], "uv_size": [0.25, 0.75]},
								"east": {"uv": [32, 26], "uv_size": [0.25, 0.75]},
								"south": {"uv": [28, 32], "uv_size": [0.25, 0.75]},
								"west": {"uv": [30, 32], "uv_size": [0.25, 0.75]},
								"up": {"uv": [14, 47], "uv_size": [0.25, 0.25]},
								"down": {"uv": [16, 47.25], "uv_size": [0.25, -0.25]}
							}
						},
						{
							"origin": [-0.3125, 0.81342, 0.8125],
							"size": [0.75, 0.31066, 0.03125],
							"pivot": [0.0625, 0.96875, 1.3125],
							"rotation": [0, 0, -45],
							"uv": {
								"north": {"uv": [32, 30], "uv_size": [0.75, 0.25]},
								"east": {"uv": [22, 47], "uv_size": [0.25, 0.25]},
								"south": {"uv": [32, 32], "uv_size": [0.75, 0.25]},
								"west": {"uv": [47, 28], "uv_size": [0.25, 0.25]},
								"up": {"uv": [33, 0], "uv_size": [0.75, 0.25]},
								"down": {"uv": [33, 2.25], "uv_size": [0.75, -0.25]}
							}
						},
						{
							"origin": [-0.3125, 0.81342, 0.8125],
							"size": [0.75, 0.31066, 0.03125],
							"uv": {
								"north": {"uv": [4, 33], "uv_size": [0.75, 0.25]},
								"east": {"uv": [0, 48], "uv_size": [0.25, 0.25]},
								"south": {"uv": [33, 4], "uv_size": [0.75, 0.25]},
								"west": {"uv": [2, 48], "uv_size": [0.25, 0.25]},
								"up": {"uv": [33, 6], "uv_size": [0.75, 0.25]},
								"down": {"uv": [8, 33.25], "uv_size": [0.75, -0.25]}
							}
						},
						{
							"origin": [-0.09375, 0.8125, 0.84375],
							"size": [0.3125, 0.3125, 0.0625],
							"pivot": [0.0625, 0.96875, 0.89063],
							"rotation": [0, 0, 45],
							"uv": {
								"north": {"uv": [6, 48], "uv_size": [0.25, 0.25]},
								"east": {"uv": [48, 14], "uv_size": [0.25, 0.25]},
								"south": {"uv": [48, 16], "uv_size": [0.25, 0.25]},
								"west": {"uv": [18, 48], "uv_size": [0.25, 0.25]},
								"up": {"uv": [48, 18], "uv_size": [0.25, 0.25]},
								"down": {"uv": [20, 48.25], "uv_size": [0.25, -0.25]}
							}
						}
					]
				},
				{
					"name": "bone3",
					"parent": "laser_ZenitPerst3",
					"pivot": [-0.875, 0.51563, 1.04688],
					"cubes": [
						{
							"origin": [-0.96875, 0.9375, 0.71875],
							"size": [0.21875, 0.0625, 0.59375],
							"pivot": [-0.875, 0.51563, 1.04688],
							"rotation": [0, 35, 0],
							"uv": {
								"north": {"uv": [48, 34], "uv_size": [0.25, 0.25]},
								"east": {"uv": [36, 34], "uv_size": [0.5, 0.25]},
								"south": {"uv": [36, 48], "uv_size": [0.25, 0.25]},
								"west": {"uv": [36, 36], "uv_size": [0.5, 0.25]},
								"up": {"uv": [37, 0], "uv_size": [0.25, 0.5]},
								"down": {"uv": [37, 2.5], "uv_size": [0.25, -0.5]}
							}
						},
						{
							"origin": [-1.0625, 0.9375, 0.8125],
							"size": [0.40625, 0.0625, 0.40625],
							"pivot": [-0.875, 0.51563, 1.04688],
							"rotation": [0, 35, 0],
							"uv": {
								"north": {"uv": [4, 37], "uv_size": [0.5, 0.25]},
								"east": {"uv": [37, 4], "uv_size": [0.5, 0.25]},
								"south": {"uv": [37, 6], "uv_size": [0.5, 0.25]},
								"west": {"uv": [8, 37], "uv_size": [0.5, 0.25]},
								"up": {"uv": [21, 26], "uv_size": [0.5, 0.5]},
								"down": {"uv": [26, 22.5], "uv_size": [0.5, -0.5]}
							}
						},
						{
							"origin": [-1, 1, 0.8125],
							"size": [0.28125, 0.21875, 0.40625],
							"pivot": [-0.875, 0.57813, 1.04688],
							"rotation": [0, 35, 0],
							"uv": {
								"north": {"uv": [48, 36], "uv_size": [0.25, 0.25]},
								"east": {"uv": [37, 8], "uv_size": [0.5, 0.25]},
								"south": {"uv": [38, 48], "uv_size": [0.25, 0.25]},
								"west": {"uv": [10, 37], "uv_size": [0.5, 0.25]},
								"up": {"uv": [36.25, 8.5], "uv_size": [1, 2]},
								"down": {"uv": [12, 37.5], "uv_size": [0.25, -0.5]}
							}
						},
						{
							"origin": [-1.18142, 0.9375, 0.84676],
							"size": [0.132, 0.0625, 0.09375],
							"pivot": [-1.10329, 0.96875, 0.89363],
							"rotation": [0, 80, 0],
							"uv": {
								"north": {"uv": [48, 38], "uv_size": [0.25, 0.25]},
								"east": {"uv": [40, 48], "uv_size": [0.25, 0.25]},
								"south": {"uv": [48, 40], "uv_size": [0.25, 0.25]},
								"west": {"uv": [42, 48], "uv_size": [0.25, 0.25]},
								"up": {"uv": [48, 42], "uv_size": [0.25, 0.25]},
								"down": {"uv": [44, 48.25], "uv_size": [0.25, -0.25]}
							}
						},
						{
							"origin": [-0.96977, 0.9375, 0.71504],
							"size": [0.132, 0.0625, 0.09375],
							"pivot": [-0.91589, 0.96875, 0.76191],
							"rotation": [0, -10, 0],
							"uv": {
								"north": {"uv": [48, 44], "uv_size": [0.25, 0.25]},
								"east": {"uv": [46, 48], "uv_size": [0.25, 0.25]},
								"south": {"uv": [48, 46], "uv_size": [0.25, 0.25]},
								"west": {"uv": [48, 48], "uv_size": [0.25, 0.25]},
								"up": {"uv": [49, 0], "uv_size": [0.25, 0.25]},
								"down": {"uv": [49, 2.25], "uv_size": [0.25, -0.25]}
							}
						},
						{
							"origin": [-0.9223, 0.9375, 1.21374],
							"size": [0.132, 0.0625, 0.09375],
							"pivot": [-0.8563, 0.96875, 1.26061],
							"rotation": [0, -10, 0],
							"uv": {
								"north": {"uv": [4, 49], "uv_size": [0.25, 0.25]},
								"east": {"uv": [49, 4], "uv_size": [0.25, 0.25]},
								"south": {"uv": [49, 6], "uv_size": [0.25, 0.25]},
								"west": {"uv": [8, 49], "uv_size": [0.25, 0.25]},
								"up": {"uv": [49, 8], "uv_size": [0.25, 0.25]},
								"down": {"uv": [10, 49.25], "uv_size": [0.25, -0.25]}
							}
						},
						{
							"origin": [-0.72095, 0.9375, 1.07275],
							"size": [0.132, 0.0625, 0.09375],
							"pivot": [-0.65495, 0.96875, 1.11963],
							"rotation": [0, 80, 0],
							"uv": {
								"north": {"uv": [49, 10], "uv_size": [0.25, 0.25]},
								"east": {"uv": [12, 49], "uv_size": [0.25, 0.25]},
								"south": {"uv": [49, 12], "uv_size": [0.25, 0.25]},
								"west": {"uv": [14, 49], "uv_size": [0.25, 0.25]},
								"up": {"uv": [16, 49], "uv_size": [0.25, 0.25]},
								"down": {"uv": [22, 49.25], "uv_size": [0.25, -0.25]}
							}
						}
					]
				},
				{
					"name": "laser_beam",
					"pivot": [-0.78125, 0.45313, -0.625]
				}
			]
		}
	]
}