{
	"format_version": "1.12.0",
	"minecraft:geometry": [
		{
			"description": {
				"identifier": "geometry.unknown",
				"texture_width": 128,
				"texture_height": 128,
				"visible_bounds_width": 3,
				"visible_bounds_height": 2.5,
				"visible_bounds_offset": [0, 0.75, 0]
			},
			"bones": [
				{
					"name": "muzzle_silencer_ks1",
					"pivot": [-0.00049, 0.03125, -1.02178],
					"cubes": [
						{
							"origin": [-0.43399, -0.71875, -1.49053],
							"size": [0.867, 1.5, 0.9375],
							"pivot": [-0.00049, 0.03125, -1.02178],
							"rotation": [0, 0, -120],
							"uv": {
								"north": {"uv": [35, 57], "uv_size": [0.75, 1.5]},
								"east": {"uv": [12, 44], "uv_size": [1, 1.5]},
								"south": {"uv": [36, 57], "uv_size": [0.75, 1.5]},
								"west": {"uv": [13, 44], "uv_size": [1, 1.5]},
								"up": {"uv": [24, 55], "uv_size": [0.75, 1]},
								"down": {"uv": [55, 29], "uv_size": [0.75, -1]}
							}
						},
						{
							"origin": [-0.43399, -0.71875, -1.49053],
							"size": [0.867, 1.5, 0.9375],
							"uv": {
								"north": {"uv": [57, 52], "uv_size": [0.75, 1.5]},
								"east": {"uv": [54, 55], "uv_size": [1, 1.5]},
								"south": {"uv": [54, 57], "uv_size": [0.75, 1.5]},
								"west": {"uv": [4, 56], "uv_size": [1, 1.5]},
								"up": {"uv": [55, 34], "uv_size": [0.75, 1]},
								"down": {"uv": [53, 59], "uv_size": [0.75, -1]}
							}
						},
						{
							"origin": [-0.43399, -0.71875, -1.49053],
							"size": [0.867, 1.5, 0.9375],
							"pivot": [-0.00049, 0.03125, -1.02178],
							"rotation": [0, 0, -60],
							"uv": {
								"north": {"uv": [57, 54], "uv_size": [0.75, 1.5]},
								"east": {"uv": [7, 56], "uv_size": [1, 1.5]},
								"south": {"uv": [57, 56], "uv_size": [0.75, 1.5]},
								"west": {"uv": [8, 56], "uv_size": [1, 1.5]},
								"up": {"uv": [2, 59], "uv_size": [0.75, 1]},
								"down": {"uv": [59, 4], "uv_size": [0.75, -1]}
							}
						}
					]
				},
				{
					"name": "octagon28",
					"parent": "muzzle_silencer_ks1",
					"pivot": [8, -7.96875, -8.49053],
					"cubes": [
						{
							"origin": [-0.36244, -0.84375, -1.83428],
							"size": [0.72488, 1.75, 0.34375],
							"pivot": [0, 0.03125, -0.49053],
							"rotation": [0, 0, 45],
							"uv": {
								"north": {"uv": [9, 56], "uv_size": [0.75, 1.75]},
								"east": {"uv": [5, 59], "uv_size": [0.25, 1.75]},
								"south": {"uv": [10, 56], "uv_size": [0.75, 1.75]},
								"west": {"uv": [24, 59], "uv_size": [0.25, 1.75]},
								"up": {"uv": [61, 46], "uv_size": [0.75, 0.25]},
								"down": {"uv": [47, 61.25], "uv_size": [0.75, -0.25]}
							}
						},
						{
							"origin": [-0.36244, -0.84375, -1.83428],
							"size": [0.72488, 1.75, 0.34375],
							"uv": {
								"north": {"uv": [14, 56], "uv_size": [0.75, 1.75]},
								"east": {"uv": [59, 25], "uv_size": [0.25, 1.75]},
								"south": {"uv": [15, 56], "uv_size": [0.75, 1.75]},
								"west": {"uv": [30, 59], "uv_size": [0.25, 1.75]},
								"up": {"uv": [61, 47], "uv_size": [0.75, 0.25]},
								"down": {"uv": [61, 50.25], "uv_size": [0.75, -0.25]}
							}
						},
						{
							"origin": [-0.875, -0.33119, -1.83428],
							"size": [1.75, 0.72488, 0.34375],
							"pivot": [0, 0.03125, -0.49053],
							"rotation": [0, 0, 45],
							"uv": {
								"north": {"uv": [55, 19], "uv_size": [1.75, 0.75]},
								"east": {"uv": [61, 51], "uv_size": [0.25, 0.75]},
								"south": {"uv": [31, 55], "uv_size": [1.75, 0.75]},
								"west": {"uv": [53, 61], "uv_size": [0.25, 0.75]},
								"up": {"uv": [60, 2], "uv_size": [1.75, 0.25]},
								"down": {"uv": [7, 60.25], "uv_size": [1.75, -0.25]}
							}
						},
						{
							"origin": [-0.875, -0.33119, -1.83428],
							"size": [1.75, 0.72488, 0.34375],
							"uv": {
								"north": {"uv": [56, 4], "uv_size": [1.75, 0.75]},
								"east": {"uv": [54, 61], "uv_size": [0.25, 0.75]},
								"south": {"uv": [56, 8], "uv_size": [1.75, 0.75]},
								"west": {"uv": [57, 61], "uv_size": [0.25, 0.75]},
								"up": {"uv": [9, 60], "uv_size": [1.75, 0.25]},
								"down": {"uv": [14, 60.25], "uv_size": [1.75, -0.25]}
							}
						}
					]
				},
				{
					"name": "octagon29",
					"parent": "muzzle_silencer_ks1",
					"pivot": [8, -7.96875, -6.99053],
					"cubes": [
						{
							"origin": [-0.36244, -0.84375, -0.55303],
							"size": [0.72488, 1.75, 0.5625],
							"pivot": [0, 0.03125, 1.00947],
							"rotation": [0, 0, 45],
							"uv": {
								"north": {"uv": [56, 15], "uv_size": [0.75, 1.75]},
								"east": {"uv": [4, 58], "uv_size": [0.5, 1.75]},
								"south": {"uv": [56, 17], "uv_size": [0.75, 1.75]},
								"west": {"uv": [7, 58], "uv_size": [0.5, 1.75]},
								"up": {"uv": [59, 46], "uv_size": [0.75, 0.5]},
								"down": {"uv": [59, 47.5], "uv_size": [0.75, -0.5]}
							}
						},
						{
							"origin": [-0.36244, -0.84375, -0.55303],
							"size": [0.72488, 1.75, 0.5625],
							"uv": {
								"north": {"uv": [37, 56], "uv_size": [0.75, 1.75]},
								"east": {"uv": [8, 58], "uv_size": [0.5, 1.75]},
								"south": {"uv": [48, 56], "uv_size": [0.75, 1.75]},
								"west": {"uv": [9, 58], "uv_size": [0.5, 1.75]},
								"up": {"uv": [2, 60], "uv_size": [0.75, 0.5]},
								"down": {"uv": [4, 60.5], "uv_size": [0.75, -0.5]}
							}
						},
						{
							"origin": [-0.875, -0.33119, -0.55303],
							"size": [1.75, 0.72488, 0.5625],
							"pivot": [0, 0.03125, 1.00947],
							"rotation": [0, 0, 45],
							"uv": {
								"north": {"uv": [56, 48], "uv_size": [1.75, 0.75]},
								"east": {"uv": [60, 8], "uv_size": [0.5, 0.75]},
								"south": {"uv": [56, 49], "uv_size": [1.75, 0.75]},
								"west": {"uv": [16, 60], "uv_size": [0.5, 0.75]},
								"up": {"uv": [58, 4], "uv_size": [1.75, 0.5]},
								"down": {"uv": [58, 8.5], "uv_size": [1.75, -0.5]}
							}
						},
						{
							"origin": [-0.875, -0.33119, -0.55303],
							"size": [1.75, 0.72488, 0.5625],
							"uv": {
								"north": {"uv": [56, 50], "uv_size": [1.75, 0.75]},
								"east": {"uv": [17, 60], "uv_size": [0.5, 0.75]},
								"south": {"uv": [56, 51], "uv_size": [1.75, 0.75]},
								"west": {"uv": [18, 60], "uv_size": [0.5, 0.75]},
								"up": {"uv": [14, 58], "uv_size": [1.75, 0.5]},
								"down": {"uv": [58, 20.5], "uv_size": [1.75, -0.5]}
							}
						}
					]
				},
				{
					"name": "octagon30",
					"parent": "muzzle_silencer_ks1",
					"pivot": [8, -7.96875, -10.33428],
					"cubes": [
						{
							"origin": [-0.29772, -0.6875, -2.20928],
							"size": [0.59544, 1.4375, 0.375],
							"pivot": [0, 0.03125, -2.33428],
							"rotation": [0, 0, 45],
							"uv": {
								"north": {"uv": [10, 58], "uv_size": [0.5, 1.5]},
								"east": {"uv": [58, 21], "uv_size": [0.5, 1.5]},
								"south": {"uv": [22, 58], "uv_size": [0.5, 1.5]},
								"west": {"uv": [23, 58], "uv_size": [0.5, 1.5]},
								"up": {"uv": [19, 60], "uv_size": [0.5, 0.5]},
								"down": {"uv": [20, 60.5], "uv_size": [0.5, -0.5]}
							}
						},
						{
							"origin": [-0.29772, -0.6875, -2.20928],
							"size": [0.59544, 1.4375, 0.375],
							"uv": {
								"north": {"uv": [58, 25], "uv_size": [0.5, 1.5]},
								"east": {"uv": [58, 31], "uv_size": [0.5, 1.5]},
								"south": {"uv": [58, 46], "uv_size": [0.5, 1.5]},
								"west": {"uv": [59, 1], "uv_size": [0.5, 1.5]},
								"up": {"uv": [60, 20], "uv_size": [0.5, 0.5]},
								"down": {"uv": [21, 60.5], "uv_size": [0.5, -0.5]}
							}
						},
						{
							"origin": [-0.71875, -0.26647, -2.20928],
							"size": [1.4375, 0.59544, 0.375],
							"pivot": [0, 0.03125, -2.33428],
							"rotation": [0, 0, 45],
							"uv": {
								"north": {"uv": [14, 59], "uv_size": [1.5, 0.5]},
								"east": {"uv": [22, 60], "uv_size": [0.5, 0.5]},
								"south": {"uv": [18, 59], "uv_size": [1.5, 0.5]},
								"west": {"uv": [23, 60], "uv_size": [0.5, 0.5]},
								"up": {"uv": [20, 59], "uv_size": [1.5, 0.5]},
								"down": {"uv": [59, 21.5], "uv_size": [1.5, -0.5]}
							}
						},
						{
							"origin": [-0.71875, -0.26647, -2.20928],
							"size": [1.4375, 0.59544, 0.375],
							"uv": {
								"north": {"uv": [59, 22], "uv_size": [1.5, 0.5]},
								"east": {"uv": [25, 60], "uv_size": [0.5, 0.5]},
								"south": {"uv": [59, 31], "uv_size": [1.5, 0.5]},
								"west": {"uv": [26, 60], "uv_size": [0.5, 0.5]},
								"up": {"uv": [59, 32], "uv_size": [1.5, 0.5]},
								"down": {"uv": [60, 1.5], "uv_size": [1.5, -0.5]}
							}
						}
					]
				},
				{
					"name": "octagon31",
					"parent": "muzzle_silencer_ks1",
					"pivot": [8, -7.96875, -10.70928],
					"cubes": [
						{
							"origin": [-0.36244, -0.84375, -4.74053],
							"size": [0.72488, 1.75, 2.53125],
							"pivot": [0, 0.03125, -2.70928],
							"rotation": [0, 0, 45],
							"uv": {
								"north": {"uv": [49, 56], "uv_size": [0.75, 1.75]},
								"east": {"uv": [39, 12], "uv_size": [2.5, 1.75]},
								"south": {"uv": [56, 52], "uv_size": [0.75, 1.75]},
								"west": {"uv": [39, 14], "uv_size": [2.5, 1.75]},
								"up": {"uv": [55, 25], "uv_size": [0.75, 2.5]},
								"down": {"uv": [55, 33.5], "uv_size": [0.75, -2.5]}
							}
						},
						{
							"origin": [-0.36244, -0.84375, -4.74053],
							"size": [0.72488, 1.75, 2.53125],
							"uv": {
								"north": {"uv": [56, 54], "uv_size": [0.75, 1.75]},
								"east": {"uv": [55, 20], "uv_size": [2.5, 1.75]},
								"south": {"uv": [56, 56], "uv_size": [0.75, 1.75]},
								"west": {"uv": [55, 46], "uv_size": [2.5, 1.75]},
								"up": {"uv": [38, 55], "uv_size": [0.75, 2.5]},
								"down": {"uv": [53, 57.5], "uv_size": [0.75, -2.5]}
							}
						},
						{
							"origin": [-0.875, -0.33119, -4.74053],
							"size": [1.75, 0.72488, 2.53125],
							"pivot": [0, 0.03125, -2.70928],
							"rotation": [0, 0, 45],
							"uv": {
								"north": {"uv": [57, 15], "uv_size": [1.75, 0.75]},
								"east": {"uv": [55, 22], "uv_size": [2.5, 0.75]},
								"south": {"uv": [57, 16], "uv_size": [1.75, 0.75]},
								"west": {"uv": [56, 1], "uv_size": [2.5, 0.75]},
								"up": {"uv": [12, 38], "uv_size": [1.75, 2.5]},
								"down": {"uv": [12, 43.5], "uv_size": [1.75, -2.5]}
							}
						},
						{
							"origin": [-0.875, -0.33119, -4.74053],
							"size": [1.75, 0.72488, 2.53125],
							"inflate": 0.0001,
							"uv": {
								"north": {"uv": [57, 17], "uv_size": [1.75, 0.75]},
								"east": {"uv": [56, 2], "uv_size": [2.5, 0.75]},
								"south": {"uv": [57, 18], "uv_size": [1.75, 0.75]},
								"west": {"uv": [56, 3], "uv_size": [2.5, 0.75]},
								"up": {"uv": [22, 55], "uv_size": [1.75, 2.5]},
								"down": {"uv": [33, 57.5], "uv_size": [1.75, -2.5]}
							}
						}
					]
				},
				{
					"name": "octagon32",
					"parent": "muzzle_silencer_ks1",
					"pivot": [8, -7.96875, -13.24053]
				},
				{
					"name": "octagon33",
					"parent": "muzzle_silencer_ks1",
					"pivot": [8, -8, -13.24053],
					"cubes": [
						{
							"origin": [-0.25888, -0.625, -5.05303],
							"size": [0.51776, 0.4375, 0.3125],
							"pivot": [0, 0, -5.24053],
							"rotation": [0, 0, 45],
							"uv": {
								"north": {"uv": [53, 60], "uv_size": [0.5, 0.5]},
								"east": {"uv": [61, 60], "uv_size": [0.25, 0.5]},
								"south": {"uv": [60, 55], "uv_size": [0.5, 0.5]},
								"west": {"uv": [61, 61], "uv_size": [0.25, 0.5]},
								"up": {"uv": [62, 1], "uv_size": [0.5, 0.25]},
								"down": {"uv": [62, 2.25], "uv_size": [0.5, -0.25]}
							}
						},
						{
							"origin": [-0.25888, 0.1875, -5.05303],
							"size": [0.51776, 0.4375, 0.3125],
							"uv": {
								"north": {"uv": [60, 56], "uv_size": [0.5, 0.5]},
								"east": {"uv": [5, 62], "uv_size": [0.25, 0.5]},
								"south": {"uv": [57, 60], "uv_size": [0.5, 0.5]},
								"west": {"uv": [7, 62], "uv_size": [0.25, 0.5]},
								"up": {"uv": [62, 7], "uv_size": [0.5, 0.25]},
								"down": {"uv": [8, 62.25], "uv_size": [0.5, -0.25]}
							}
						},
						{
							"origin": [-0.25888, -0.625, -5.05303],
							"size": [0.51776, 0.4375, 0.3125],
							"uv": {
								"north": {"uv": [60, 57], "uv_size": [0.5, 0.5]},
								"east": {"uv": [9, 62], "uv_size": [0.25, 0.5]},
								"south": {"uv": [60, 58], "uv_size": [0.5, 0.5]},
								"west": {"uv": [62, 9], "uv_size": [0.25, 0.5]},
								"up": {"uv": [62, 10], "uv_size": [0.5, 0.25]},
								"down": {"uv": [62, 11.25], "uv_size": [0.5, -0.25]}
							}
						},
						{
							"origin": [-0.13388, -0.59375, -5.05634],
							"size": [0.26776, 0.40625, 0.03125],
							"inflate": -0.0001,
							"uv": {
								"north": {"uv": [62, 12], "uv_size": [0.25, 0.5]},
								"east": {"uv": [62, 13], "uv_size": [0.25, 0.5]},
								"south": {"uv": [62, 14], "uv_size": [0.25, 0.5]},
								"west": {"uv": [16, 62], "uv_size": [0.25, 0.5]},
								"up": {"uv": [63, 9], "uv_size": [0.25, 0.25]},
								"down": {"uv": [63, 14.25], "uv_size": [0.25, -0.25]}
							}
						},
						{
							"origin": [-0.625, -0.25888, -5.05303],
							"size": [0.4375, 0.51776, 0.3125],
							"pivot": [0, 0, -5.24053],
							"rotation": [0, 0, 45],
							"uv": {
								"north": {"uv": [5, 61], "uv_size": [0.5, 0.5]},
								"east": {"uv": [17, 62], "uv_size": [0.25, 0.5]},
								"south": {"uv": [7, 61], "uv_size": [0.5, 0.5]},
								"west": {"uv": [18, 62], "uv_size": [0.25, 0.5]},
								"up": {"uv": [19, 62], "uv_size": [0.5, 0.25]},
								"down": {"uv": [62, 19.25], "uv_size": [0.5, -0.25]}
							}
						},
						{
							"origin": [-0.59375, -0.13388, -5.05634],
							"size": [0.40625, 0.26776, 0.03125],
							"inflate": -0.0001,
							"pivot": [0, 0, -5.20928],
							"rotation": [0, 0, 45],
							"uv": {
								"north": {"uv": [20, 62], "uv_size": [0.5, 0.25]},
								"east": {"uv": [16, 63], "uv_size": [0.25, 0.25]},
								"south": {"uv": [21, 62], "uv_size": [0.5, 0.25]},
								"west": {"uv": [17, 63], "uv_size": [0.25, 0.25]},
								"up": {"uv": [22, 62], "uv_size": [0.5, 0.25]},
								"down": {"uv": [23, 62.25], "uv_size": [0.5, -0.25]}
							}
						},
						{
							"origin": [0.1875, -0.13388, -5.05634],
							"size": [0.40625, 0.26776, 0.03125],
							"inflate": -0.0001,
							"pivot": [0, 0, -5.20928],
							"rotation": [0, 0, -45],
							"uv": {
								"north": {"uv": [25, 62], "uv_size": [0.5, 0.25]},
								"east": {"uv": [18, 63], "uv_size": [0.25, 0.25]},
								"south": {"uv": [26, 62], "uv_size": [0.5, 0.25]},
								"west": {"uv": [19, 63], "uv_size": [0.25, 0.25]},
								"up": {"uv": [62, 31], "uv_size": [0.5, 0.25]},
								"down": {"uv": [62, 32.25], "uv_size": [0.5, -0.25]}
							}
						},
						{
							"origin": [-0.25888, -0.625, -5.05303],
							"size": [0.51776, 0.4375, 0.3125],
							"pivot": [0, 0, -5.24053],
							"rotation": [0, 0, -45],
							"uv": {
								"north": {"uv": [8, 61], "uv_size": [0.5, 0.5]},
								"east": {"uv": [47, 62], "uv_size": [0.25, 0.5]},
								"south": {"uv": [9, 61], "uv_size": [0.5, 0.5]},
								"west": {"uv": [52, 62], "uv_size": [0.25, 0.5]},
								"up": {"uv": [53, 62], "uv_size": [0.5, 0.25]},
								"down": {"uv": [54, 62.25], "uv_size": [0.5, -0.25]}
							}
						},
						{
							"origin": [0.1875, -0.25888, -5.05303],
							"size": [0.4375, 0.51776, 0.3125],
							"uv": {
								"north": {"uv": [16, 61], "uv_size": [0.5, 0.5]},
								"east": {"uv": [62, 55], "uv_size": [0.25, 0.5]},
								"south": {"uv": [17, 61], "uv_size": [0.5, 0.5]},
								"west": {"uv": [62, 56], "uv_size": [0.25, 0.5]},
								"up": {"uv": [57, 62], "uv_size": [0.5, 0.25]},
								"down": {"uv": [62, 60.25], "uv_size": [0.5, -0.25]}
							}
						},
						{
							"origin": [0.1875, -0.25888, -5.05303],
							"size": [0.4375, 0.51776, 0.3125],
							"pivot": [0, 0, -5.24053],
							"rotation": [0, 0, -45],
							"uv": {
								"north": {"uv": [25, 61], "uv_size": [0.5, 0.5]},
								"east": {"uv": [62, 61], "uv_size": [0.25, 0.5]},
								"south": {"uv": [26, 61], "uv_size": [0.5, 0.5]},
								"west": {"uv": [63, 1], "uv_size": [0.25, 0.5]},
								"up": {"uv": [63, 2], "uv_size": [0.5, 0.25]},
								"down": {"uv": [5, 63.25], "uv_size": [0.5, -0.25]}
							}
						},
						{
							"origin": [-0.625, -0.25888, -5.05303],
							"size": [0.4375, 0.51776, 0.3125],
							"uv": {
								"north": {"uv": [61, 31], "uv_size": [0.5, 0.5]},
								"east": {"uv": [7, 63], "uv_size": [0.25, 0.5]},
								"south": {"uv": [61, 32], "uv_size": [0.5, 0.5]},
								"west": {"uv": [63, 7], "uv_size": [0.25, 0.5]},
								"up": {"uv": [8, 63], "uv_size": [0.5, 0.25]},
								"down": {"uv": [9, 63.25], "uv_size": [0.5, -0.25]}
							}
						}
					]
				}
			]
		}
	]
}