{
	"format_version": "1.12.0",
	"minecraft:geometry": [
		{
			"description": {
				"identifier": "geometry.unknown",
				"texture_width": 128,
				"texture_height": 64,
				"visible_bounds_width": 2,
				"visible_bounds_height": 1.5,
				"visible_bounds_offset": [0, 0.25, 0]
			},
			"bones": [
				{
					"name": "bone2",
					"pivot": [8, -8, -8.71875]
				},
				{
					"name": "dargon",
					"parent": "bone2",
					"pivot": [8, -8, -8.71875]
				},
				{
					"name": "octagon5",
					"parent": "dargon",
					"pivot": [8, -8, -8.71875],
					"cubes": [
						{
							"origin": [-0.18122, -0.4375, -0.34375],
							"size": [0.36244, 0.875, 0.34375],
							"pivot": [0, 0, -0.34375],
							"rotation": [0, 0, 45],
							"uv": {
								"north": {"uv": [14, 0], "uv_size": [0.5, 1]},
								"east": {"uv": [2, 14], "uv_size": [0.5, 1]},
								"south": {"uv": [4, 14], "uv_size": [0.5, 1]},
								"west": {"uv": [14, 6], "uv_size": [0.5, 1]},
								"up": {"uv": [12, 24], "uv_size": [0.5, 0.5]},
								"down": {"uv": [24, 16.5], "uv_size": [0.5, -0.5]}
							}
						},
						{
							"origin": [-0.18122, -0.4375, -0.34375],
							"size": [0.36244, 0.875, 0.34375],
							"uv": {
								"north": {"uv": [14, 8], "uv_size": [0.5, 1]},
								"east": {"uv": [11, 14], "uv_size": [0.5, 1]},
								"south": {"uv": [0, 15], "uv_size": [0.5, 1]},
								"west": {"uv": [15, 4], "uv_size": [0.5, 1]},
								"up": {"uv": [18, 24], "uv_size": [0.5, 0.5]},
								"down": {"uv": [24, 18.5], "uv_size": [0.5, -0.5]}
							}
						},
						{
							"origin": [-0.4375, -0.18122, -0.34375],
							"size": [0.875, 0.36244, 0.34375],
							"pivot": [0, 0, -0.34375],
							"rotation": [0, 0, 45],
							"uv": {
								"north": {"uv": [6, 15], "uv_size": [1, 0.5]},
								"east": {"uv": [20, 24], "uv_size": [0.5, 0.5]},
								"south": {"uv": [8, 15], "uv_size": [1, 0.5]},
								"west": {"uv": [24, 20], "uv_size": [0.5, 0.5]},
								"up": {"uv": [15, 13], "uv_size": [1, 0.5]},
								"down": {"uv": [15, 15.5], "uv_size": [1, -0.5]}
							}
						},
						{
							"origin": [-0.4375, -0.18122, -0.34375],
							"size": [0.875, 0.36244, 0.34375],
							"uv": {
								"north": {"uv": [16, 0], "uv_size": [1, 0.5]},
								"east": {"uv": [22, 24], "uv_size": [0.5, 0.5]},
								"south": {"uv": [2, 16], "uv_size": [1, 0.5]},
								"west": {"uv": [24, 22], "uv_size": [0.5, 0.5]},
								"up": {"uv": [16, 2], "uv_size": [1, 0.5]},
								"down": {"uv": [4, 16.5], "uv_size": [1, -0.5]}
							}
						}
					]
				},
				{
					"name": "octagon2",
					"parent": "dargon",
					"pivot": [8, -8, -9.0625],
					"cubes": [
						{
							"origin": [-0.18122, -0.4375, -0.6875],
							"size": [0.36244, 0.875, 0.28125],
							"pivot": [0, 0, -0.6875],
							"rotation": [0, 0, 45],
							"uv": {
								"north": {"uv": [16, 6], "uv_size": [0.5, 1]},
								"east": {"uv": [16, 8], "uv_size": [0.5, 1]},
								"south": {"uv": [10, 16], "uv_size": [0.5, 1]},
								"west": {"uv": [16, 10], "uv_size": [0.5, 1]},
								"up": {"uv": [24, 24], "uv_size": [0.5, 0.5]},
								"down": {"uv": [0, 25.5], "uv_size": [0.5, -0.5]}
							}
						},
						{
							"origin": [-0.18122, -0.4375, -0.6875],
							"size": [0.36244, 0.875, 0.28125],
							"uv": {
								"north": {"uv": [12, 16], "uv_size": [0.5, 1]},
								"east": {"uv": [0, 17], "uv_size": [0.5, 1]},
								"south": {"uv": [17, 4], "uv_size": [0.5, 1]},
								"west": {"uv": [6, 17], "uv_size": [0.5, 1]},
								"up": {"uv": [25, 4], "uv_size": [0.5, 0.5]},
								"down": {"uv": [6, 25.5], "uv_size": [0.5, -0.5]}
							}
						},
						{
							"origin": [-0.4375, -0.18122, -0.6875],
							"size": [0.875, 0.36244, 0.28125],
							"pivot": [0, 0, -0.6875],
							"rotation": [0, 0, 45],
							"uv": {
								"north": {"uv": [8, 17], "uv_size": [1, 0.5]},
								"east": {"uv": [8, 25], "uv_size": [0.5, 0.5]},
								"south": {"uv": [17, 12], "uv_size": [1, 0.5]},
								"west": {"uv": [25, 12], "uv_size": [0.5, 0.5]},
								"up": {"uv": [14, 17], "uv_size": [1, 0.5]},
								"down": {"uv": [17, 14.5], "uv_size": [1, -0.5]}
							}
						},
						{
							"origin": [-0.4375, -0.18122, -0.6875],
							"size": [0.875, 0.36244, 0.28125],
							"uv": {
								"north": {"uv": [16, 17], "uv_size": [1, 0.5]},
								"east": {"uv": [14, 25], "uv_size": [0.5, 0.5]},
								"south": {"uv": [18, 0], "uv_size": [1, 0.5]},
								"west": {"uv": [25, 14], "uv_size": [0.5, 0.5]},
								"up": {"uv": [2, 18], "uv_size": [1, 0.5]},
								"down": {"uv": [18, 2.5], "uv_size": [1, -0.5]}
							}
						}
					]
				},
				{
					"name": "octagon3",
					"parent": "dargon",
					"pivot": [0, 0, -1],
					"cubes": [
						{
							"origin": [-0.18122, -0.4375, -1.21875],
							"size": [0.36244, 0.875, 0.4375],
							"pivot": [0, 0, -1.0625],
							"rotation": [0, 0, 45],
							"uv": {
								"north": {"uv": [4, 18], "uv_size": [0.5, 1]},
								"east": {"uv": [18, 6], "uv_size": [0.5, 1]},
								"south": {"uv": [18, 8], "uv_size": [0.5, 1]},
								"west": {"uv": [10, 18], "uv_size": [0.5, 1]},
								"up": {"uv": [16, 25], "uv_size": [0.5, 0.5]},
								"down": {"uv": [26, 0.5], "uv_size": [0.5, -0.5]}
							}
						},
						{
							"origin": [-0.18122, -0.4375, -1.21875],
							"size": [0.36244, 0.875, 0.4375],
							"uv": {
								"north": {"uv": [18, 10], "uv_size": [0.5, 1]},
								"east": {"uv": [12, 18], "uv_size": [0.5, 1]},
								"south": {"uv": [18, 16], "uv_size": [0.5, 1]},
								"west": {"uv": [18, 18], "uv_size": [0.5, 1]},
								"up": {"uv": [2, 26], "uv_size": [0.5, 0.5]},
								"down": {"uv": [26, 2.5], "uv_size": [0.5, -0.5]}
							}
						},
						{
							"origin": [-0.4375, -0.18122, -1.21875],
							"size": [0.875, 0.36244, 0.4375],
							"pivot": [0, 0, -1.0625],
							"rotation": [0, 0, 45],
							"uv": {
								"north": {"uv": [0, 19], "uv_size": [1, 0.5]},
								"east": {"uv": [4, 26], "uv_size": [0.5, 0.5]},
								"south": {"uv": [19, 4], "uv_size": [1, 0.5]},
								"west": {"uv": [26, 6], "uv_size": [0.5, 0.5]},
								"up": {"uv": [6, 19], "uv_size": [1, 0.5]},
								"down": {"uv": [8, 19.5], "uv_size": [1, -0.5]}
							}
						},
						{
							"origin": [-0.4375, -0.18122, -1.21875],
							"size": [0.875, 0.36244, 0.4375],
							"uv": {
								"north": {"uv": [19, 12], "uv_size": [1, 0.5]},
								"east": {"uv": [26, 8], "uv_size": [0.5, 0.5]},
								"south": {"uv": [14, 19], "uv_size": [1, 0.5]},
								"west": {"uv": [10, 26], "uv_size": [0.5, 0.5]},
								"up": {"uv": [19, 14], "uv_size": [1, 0.5]},
								"down": {"uv": [16, 19.5], "uv_size": [1, -0.5]}
							}
						}
					]
				},
				{
					"name": "octagon4",
					"parent": "dargon",
					"pivot": [0, 0, -1.71875],
					"cubes": [
						{
							"origin": [-0.18122, 0.3125, -2.53125],
							"size": [0.36244, 0.125, 1.3125],
							"uv": {
								"north": {"uv": [26, 10], "uv_size": [0.5, 0.5]},
								"east": {"uv": [11, 0], "uv_size": [1.5, 0.5]},
								"south": {"uv": [12, 26], "uv_size": [0.5, 0.5]},
								"west": {"uv": [11, 9], "uv_size": [1.5, 0.5]},
								"up": {"uv": [11, 11], "uv_size": [0.5, 1.5]},
								"down": {"uv": [0, 13.5], "uv_size": [0.5, -1.5]}
							}
						},
						{
							"origin": [-0.18122, -0.4375, -2.53125],
							"size": [0.36244, 0.28125, 0.15625],
							"uv": {
								"north": {"uv": [26, 28], "uv_size": [0.5, 0.5]},
								"east": {"uv": [28, 26], "uv_size": [0.5, 0.5]},
								"south": {"uv": [28, 28], "uv_size": [0.5, 0.5]},
								"west": {"uv": [0, 29], "uv_size": [0.5, 0.5]},
								"up": {"uv": [29, 4], "uv_size": [0.5, 0.5]},
								"down": {"uv": [6, 29.5], "uv_size": [0.5, -0.5]}
							}
						},
						{
							"origin": [-0.18122, 0.15625, -1.65625],
							"size": [0.36244, 0.28125, 0.15625],
							"uv": {
								"north": {"uv": [36, 6], "uv_size": [0.5, 0.5]},
								"east": {"uv": [36, 8], "uv_size": [0.5, 0.5]},
								"south": {"uv": [10, 36], "uv_size": [0.5, 0.5]},
								"west": {"uv": [36, 10], "uv_size": [0.5, 0.5]},
								"up": {"uv": [12, 36], "uv_size": [0.5, 0.5]},
								"down": {"uv": [36, 16.5], "uv_size": [0.5, -0.5]}
							}
						},
						{
							"origin": [-0.18122, 0.15625, -2.09375],
							"size": [0.36244, 0.28125, 0.15625],
							"uv": {
								"north": {"uv": [35, 14], "uv_size": [0.5, 0.5]},
								"east": {"uv": [16, 35], "uv_size": [0.5, 0.5]},
								"south": {"uv": [36, 0], "uv_size": [0.5, 0.5]},
								"west": {"uv": [2, 36], "uv_size": [0.5, 0.5]},
								"up": {"uv": [36, 2], "uv_size": [0.5, 0.5]},
								"down": {"uv": [4, 36.5], "uv_size": [0.5, -0.5]}
							}
						},
						{
							"origin": [-0.18122, 0.15625, -2.53125],
							"size": [0.36244, 0.28125, 0.15625],
							"uv": {
								"north": {"uv": [0, 35], "uv_size": [0.5, 0.5]},
								"east": {"uv": [35, 4], "uv_size": [0.5, 0.5]},
								"south": {"uv": [6, 35], "uv_size": [0.5, 0.5]},
								"west": {"uv": [8, 35], "uv_size": [0.5, 0.5]},
								"up": {"uv": [35, 12], "uv_size": [0.5, 0.5]},
								"down": {"uv": [14, 35.5], "uv_size": [0.5, -0.5]}
							}
						},
						{
							"origin": [-0.18122, -0.4375, -2.375],
							"size": [0.36244, 0.125, 1.15625],
							"uv": {
								"north": {"uv": [32, 2], "uv_size": [0.5, 0.5]},
								"east": {"uv": [20, 6], "uv_size": [1, 0.5]},
								"south": {"uv": [4, 32], "uv_size": [0.5, 0.5]},
								"west": {"uv": [20, 8], "uv_size": [1, 0.5]},
								"up": {"uv": [10, 20], "uv_size": [0.5, 1]},
								"down": {"uv": [20, 11], "uv_size": [0.5, -1]}
							}
						},
						{
							"origin": [-0.18122, -0.4375, -2.09375],
							"size": [0.36244, 0.28125, 0.15625],
							"uv": {
								"north": {"uv": [31, 12], "uv_size": [0.5, 0.5]},
								"east": {"uv": [14, 31], "uv_size": [0.5, 0.5]},
								"south": {"uv": [31, 14], "uv_size": [0.5, 0.5]},
								"west": {"uv": [16, 31], "uv_size": [0.5, 0.5]},
								"up": {"uv": [32, 0], "uv_size": [0.5, 0.5]},
								"down": {"uv": [2, 32.5], "uv_size": [0.5, -0.5]}
							}
						},
						{
							"origin": [-0.18122, -0.4375, -1.65625],
							"size": [0.36244, 0.28125, 0.15625],
							"uv": {
								"north": {"uv": [6, 27], "uv_size": [0.5, 0.5]},
								"east": {"uv": [8, 27], "uv_size": [0.5, 0.5]},
								"south": {"uv": [27, 12], "uv_size": [0.5, 0.5]},
								"west": {"uv": [14, 27], "uv_size": [0.5, 0.5]},
								"up": {"uv": [27, 14], "uv_size": [0.5, 0.5]},
								"down": {"uv": [16, 27.5], "uv_size": [0.5, -0.5]}
							}
						},
						{
							"origin": [-0.4375, -0.18122, -2.09375],
							"size": [0.28125, 0.36244, 0.15625],
							"uv": {
								"north": {"uv": [10, 28], "uv_size": [0.5, 0.5]},
								"east": {"uv": [28, 10], "uv_size": [0.5, 0.5]},
								"south": {"uv": [12, 28], "uv_size": [0.5, 0.5]},
								"west": {"uv": [28, 16], "uv_size": [0.5, 0.5]},
								"up": {"uv": [18, 28], "uv_size": [0.5, 0.5]},
								"down": {"uv": [28, 18.5], "uv_size": [0.5, -0.5]}
							}
						},
						{
							"origin": [-0.4375, -0.18122, -2.53125],
							"size": [0.28125, 0.36244, 0.15625],
							"uv": {
								"north": {"uv": [20, 28], "uv_size": [0.5, 0.5]},
								"east": {"uv": [28, 20], "uv_size": [0.5, 0.5]},
								"south": {"uv": [22, 28], "uv_size": [0.5, 0.5]},
								"west": {"uv": [28, 22], "uv_size": [0.5, 0.5]},
								"up": {"uv": [24, 28], "uv_size": [0.5, 0.5]},
								"down": {"uv": [28, 24.5], "uv_size": [0.5, -0.5]}
							}
						},
						{
							"origin": [0.15625, -0.18122, -2.53125],
							"size": [0.28125, 0.36244, 0.15625],
							"uv": {
								"north": {"uv": [30, 10], "uv_size": [0.5, 0.5]},
								"east": {"uv": [12, 30], "uv_size": [0.5, 0.5]},
								"south": {"uv": [30, 16], "uv_size": [0.5, 0.5]},
								"west": {"uv": [18, 30], "uv_size": [0.5, 0.5]},
								"up": {"uv": [30, 18], "uv_size": [0.5, 0.5]},
								"down": {"uv": [20, 30.5], "uv_size": [0.5, -0.5]}
							}
						},
						{
							"origin": [0.15625, -0.18122, -2.09375],
							"size": [0.28125, 0.36244, 0.15625],
							"uv": {
								"north": {"uv": [2, 30], "uv_size": [0.5, 0.5]},
								"east": {"uv": [30, 2], "uv_size": [0.5, 0.5]},
								"south": {"uv": [4, 30], "uv_size": [0.5, 0.5]},
								"west": {"uv": [30, 6], "uv_size": [0.5, 0.5]},
								"up": {"uv": [30, 8], "uv_size": [0.5, 0.5]},
								"down": {"uv": [10, 30.5], "uv_size": [0.5, -0.5]}
							}
						},
						{
							"origin": [0.3125, -0.18122, -1.65625],
							"size": [0.125, 0.36244, 0.15625],
							"uv": {
								"north": {"uv": [8, 29], "uv_size": [0.5, 0.5]},
								"east": {"uv": [29, 12], "uv_size": [0.5, 0.5]},
								"south": {"uv": [14, 29], "uv_size": [0.5, 0.5]},
								"west": {"uv": [29, 14], "uv_size": [0.5, 0.5]},
								"up": {"uv": [16, 29], "uv_size": [0.5, 0.5]},
								"down": {"uv": [30, 0.5], "uv_size": [0.5, -0.5]}
							}
						},
						{
							"origin": [-0.4375, -0.18122, -2.09375],
							"size": [0.28125, 0.36244, 0.15625],
							"pivot": [0, 0, -1.75],
							"rotation": [0, 0, -45],
							"uv": {
								"north": {"uv": [28, 0], "uv_size": [0.5, 0.5]},
								"east": {"uv": [2, 28], "uv_size": [0.5, 0.5]},
								"south": {"uv": [28, 2], "uv_size": [0.5, 0.5]},
								"west": {"uv": [4, 28], "uv_size": [0.5, 0.5]},
								"up": {"uv": [28, 6], "uv_size": [0.5, 0.5]},
								"down": {"uv": [28, 8.5], "uv_size": [0.5, -0.5]}
							}
						},
						{
							"origin": [-0.4375, -0.18122, -1.65625],
							"size": [0.28125, 0.36244, 0.15625],
							"pivot": [0, 0, -1.3125],
							"rotation": [0, 0, -45],
							"uv": {
								"north": {"uv": [30, 20], "uv_size": [0.5, 0.5]},
								"east": {"uv": [22, 30], "uv_size": [0.5, 0.5]},
								"south": {"uv": [30, 22], "uv_size": [0.5, 0.5]},
								"west": {"uv": [24, 30], "uv_size": [0.5, 0.5]},
								"up": {"uv": [30, 24], "uv_size": [0.5, 0.5]},
								"down": {"uv": [26, 30.5], "uv_size": [0.5, -0.5]}
							}
						},
						{
							"origin": [-0.4375, -0.18122, -2.53125],
							"size": [0.28125, 0.36244, 0.15625],
							"pivot": [0, 0, -2.1875],
							"rotation": [0, 0, -45],
							"uv": {
								"north": {"uv": [30, 26], "uv_size": [0.5, 0.5]},
								"east": {"uv": [28, 30], "uv_size": [0.5, 0.5]},
								"south": {"uv": [30, 28], "uv_size": [0.5, 0.5]},
								"west": {"uv": [30, 30], "uv_size": [0.5, 0.5]},
								"up": {"uv": [0, 31], "uv_size": [0.5, 0.5]},
								"down": {"uv": [31, 4.5], "uv_size": [0.5, -0.5]}
							}
						},
						{
							"origin": [0.15625, -0.18122, -1.65625],
							"size": [0.28125, 0.36244, 0.15625],
							"pivot": [0, 0, -1.3125],
							"rotation": [0, 0, 45],
							"uv": {
								"north": {"uv": [26, 32], "uv_size": [0.5, 0.5]},
								"east": {"uv": [32, 26], "uv_size": [0.5, 0.5]},
								"south": {"uv": [28, 32], "uv_size": [0.5, 0.5]},
								"west": {"uv": [32, 28], "uv_size": [0.5, 0.5]},
								"up": {"uv": [30, 32], "uv_size": [0.5, 0.5]},
								"down": {"uv": [32, 30.5], "uv_size": [0.5, -0.5]}
							}
						},
						{
							"origin": [0.15625, -0.18122, -2.09375],
							"size": [0.28125, 0.36244, 0.15625],
							"pivot": [0, 0, -1.75],
							"rotation": [0, 0, 45],
							"uv": {
								"north": {"uv": [20, 32], "uv_size": [0.5, 0.5]},
								"east": {"uv": [32, 20], "uv_size": [0.5, 0.5]},
								"south": {"uv": [22, 32], "uv_size": [0.5, 0.5]},
								"west": {"uv": [32, 22], "uv_size": [0.5, 0.5]},
								"up": {"uv": [24, 32], "uv_size": [0.5, 0.5]},
								"down": {"uv": [32, 24.5], "uv_size": [0.5, -0.5]}
							}
						},
						{
							"origin": [0.3125, -0.18122, -2.375],
							"size": [0.125, 0.20619, 1.15625],
							"pivot": [0, 0, -2.03125],
							"rotation": [0, 0, 45],
							"uv": {
								"north": {"uv": [18, 32], "uv_size": [0.5, 0.5]},
								"east": {"uv": [12, 20], "uv_size": [1, 0.5]},
								"south": {"uv": [32, 18], "uv_size": [0.5, 0.5]},
								"west": {"uv": [20, 16], "uv_size": [1, 0.5]},
								"up": {"uv": [18, 20], "uv_size": [0.5, 1]},
								"down": {"uv": [20, 19], "uv_size": [0.5, -1]}
							}
						},
						{
							"origin": [0.15625, -0.18122, -2.53125],
							"size": [0.28125, 0.36244, 0.15625],
							"pivot": [0, 0, -2.1875],
							"rotation": [0, 0, 45],
							"uv": {
								"north": {"uv": [32, 6], "uv_size": [0.5, 0.5]},
								"east": {"uv": [32, 8], "uv_size": [0.5, 0.5]},
								"south": {"uv": [10, 32], "uv_size": [0.5, 0.5]},
								"west": {"uv": [32, 10], "uv_size": [0.5, 0.5]},
								"up": {"uv": [12, 32], "uv_size": [0.5, 0.5]},
								"down": {"uv": [32, 16.5], "uv_size": [0.5, -0.5]}
							}
						},
						{
							"origin": [-0.4375, -0.18122, -2.53125],
							"size": [0.28125, 0.36244, 0.15625],
							"pivot": [0, 0, -2.1875],
							"rotation": [0, 0, 45],
							"uv": {
								"north": {"uv": [34, 28], "uv_size": [0.5, 0.5]},
								"east": {"uv": [30, 34], "uv_size": [0.5, 0.5]},
								"south": {"uv": [34, 30], "uv_size": [0.5, 0.5]},
								"west": {"uv": [32, 34], "uv_size": [0.5, 0.5]},
								"up": {"uv": [34, 32], "uv_size": [0.5, 0.5]},
								"down": {"uv": [34, 34.5], "uv_size": [0.5, -0.5]}
							}
						},
						{
							"origin": [-0.4375, -0.18122, -1.65625],
							"size": [0.28125, 0.36244, 0.15625],
							"pivot": [0, 0, -1.3125],
							"rotation": [0, 0, 45],
							"uv": {
								"north": {"uv": [34, 22], "uv_size": [0.5, 0.5]},
								"east": {"uv": [24, 34], "uv_size": [0.5, 0.5]},
								"south": {"uv": [34, 24], "uv_size": [0.5, 0.5]},
								"west": {"uv": [26, 34], "uv_size": [0.5, 0.5]},
								"up": {"uv": [34, 26], "uv_size": [0.5, 0.5]},
								"down": {"uv": [28, 34.5], "uv_size": [0.5, -0.5]}
							}
						},
						{
							"origin": [-0.4375, -0.18122, -2.09375],
							"size": [0.28125, 0.36244, 0.15625],
							"pivot": [0, 0, -1.75],
							"rotation": [0, 0, 45],
							"uv": {
								"north": {"uv": [34, 16], "uv_size": [0.5, 0.5]},
								"east": {"uv": [18, 34], "uv_size": [0.5, 0.5]},
								"south": {"uv": [34, 18], "uv_size": [0.5, 0.5]},
								"west": {"uv": [20, 34], "uv_size": [0.5, 0.5]},
								"up": {"uv": [34, 20], "uv_size": [0.5, 0.5]},
								"down": {"uv": [22, 34.5], "uv_size": [0.5, -0.5]}
							}
						},
						{
							"origin": [0.15625, -0.18122, -1.65625],
							"size": [0.28125, 0.36244, 0.15625],
							"pivot": [0, 0, -1.3125],
							"rotation": [0, 0, -45],
							"uv": {
								"north": {"uv": [4, 34], "uv_size": [0.5, 0.5]},
								"east": {"uv": [34, 6], "uv_size": [0.5, 0.5]},
								"south": {"uv": [34, 8], "uv_size": [0.5, 0.5]},
								"west": {"uv": [10, 34], "uv_size": [0.5, 0.5]},
								"up": {"uv": [34, 10], "uv_size": [0.5, 0.5]},
								"down": {"uv": [12, 34.5], "uv_size": [0.5, -0.5]}
							}
						},
						{
							"origin": [0.15625, -0.18122, -2.09375],
							"size": [0.28125, 0.36244, 0.15625],
							"pivot": [0, 0, -1.75],
							"rotation": [0, 0, -45],
							"uv": {
								"north": {"uv": [14, 33], "uv_size": [0.5, 0.5]},
								"east": {"uv": [33, 14], "uv_size": [0.5, 0.5]},
								"south": {"uv": [16, 33], "uv_size": [0.5, 0.5]},
								"west": {"uv": [34, 0], "uv_size": [0.5, 0.5]},
								"up": {"uv": [2, 34], "uv_size": [0.5, 0.5]},
								"down": {"uv": [34, 2.5], "uv_size": [0.5, -0.5]}
							}
						},
						{
							"origin": [0.15625, -0.18122, -2.53125],
							"size": [0.28125, 0.36244, 0.15625],
							"pivot": [0, 0, -2.1875],
							"rotation": [0, 0, -45],
							"uv": {
								"north": {"uv": [32, 32], "uv_size": [0.5, 0.5]},
								"east": {"uv": [0, 33], "uv_size": [0.5, 0.5]},
								"south": {"uv": [33, 4], "uv_size": [0.5, 0.5]},
								"west": {"uv": [6, 33], "uv_size": [0.5, 0.5]},
								"up": {"uv": [8, 33], "uv_size": [0.5, 0.5]},
								"down": {"uv": [33, 12.5], "uv_size": [0.5, -0.5]}
							}
						},
						{
							"origin": [-0.4375, -0.18122, -2.375],
							"size": [0.125, 0.20619, 1.15625],
							"pivot": [0, 0, -2.03125],
							"rotation": [0, 0, -45],
							"uv": {
								"north": {"uv": [6, 31], "uv_size": [0.5, 0.5]},
								"east": {"uv": [20, 0], "uv_size": [1, 0.5]},
								"south": {"uv": [8, 31], "uv_size": [0.5, 0.5]},
								"west": {"uv": [2, 20], "uv_size": [1, 0.5]},
								"up": {"uv": [20, 2], "uv_size": [0.5, 1]},
								"down": {"uv": [4, 21], "uv_size": [0.5, -1]}
							}
						},
						{
							"origin": [0.3125, -0.02497, -2.375],
							"size": [0.125, 0.20619, 1.15625],
							"pivot": [0, 0, -2.03125],
							"rotation": [0, 0, -45],
							"uv": {
								"north": {"uv": [20, 36], "uv_size": [0.5, 0.5]},
								"east": {"uv": [8, 21], "uv_size": [1, 0.5]},
								"south": {"uv": [36, 20], "uv_size": [0.5, 0.5]},
								"west": {"uv": [21, 12], "uv_size": [1, 0.5]},
								"up": {"uv": [14, 21], "uv_size": [0.5, 1]},
								"down": {"uv": [21, 15], "uv_size": [0.5, -1]}
							}
						},
						{
							"origin": [-0.4375, -0.02497, -2.375],
							"size": [0.125, 0.20619, 1.15625],
							"pivot": [0, 0, -2.03125],
							"rotation": [0, 0, 45],
							"uv": {
								"north": {"uv": [18, 36], "uv_size": [0.5, 0.5]},
								"east": {"uv": [20, 20], "uv_size": [1, 0.5]},
								"south": {"uv": [36, 18], "uv_size": [0.5, 0.5]},
								"west": {"uv": [0, 21], "uv_size": [1, 0.5]},
								"up": {"uv": [21, 4], "uv_size": [0.5, 1]},
								"down": {"uv": [6, 22], "uv_size": [0.5, -1]}
							}
						},
						{
							"origin": [-0.4375, -0.18122, -1.65625],
							"size": [0.28125, 0.36244, 0.15625],
							"uv": {
								"north": {"uv": [26, 16], "uv_size": [0.5, 0.5]},
								"east": {"uv": [18, 26], "uv_size": [0.5, 0.5]},
								"south": {"uv": [26, 18], "uv_size": [0.5, 0.5]},
								"west": {"uv": [20, 26], "uv_size": [0.5, 0.5]},
								"up": {"uv": [26, 20], "uv_size": [0.5, 0.5]},
								"down": {"uv": [22, 26.5], "uv_size": [0.5, -0.5]}
							}
						},
						{
							"origin": [0.15625, -0.18122, -1.65625],
							"size": [0.28125, 0.36244, 0.15625],
							"uv": {
								"north": {"uv": [26.5, 16], "uv_size": [-0.5, 0.5]},
								"east": {"uv": [20.5, 26], "uv_size": [-0.5, 0.5]},
								"south": {"uv": [26.5, 18], "uv_size": [-0.5, 0.5]},
								"west": {"uv": [18.5, 26], "uv_size": [-0.5, 0.5]},
								"up": {"uv": [26.5, 20], "uv_size": [-0.5, 0.5]},
								"down": {"uv": [22.5, 26.5], "uv_size": [-0.5, -0.5]}
							}
						}
					]
				},
				{
					"name": "bone3",
					"parent": "dargon",
					"pivot": [0, 0, -2.57815],
					"cubes": [
						{
							"origin": [-0.21875, 0.2096, -2.76451],
							"size": [0.0625, 0.125, 0.177],
							"pivot": [-0.1875, 0.2721, -2.67076],
							"rotation": [45, 0, 0],
							"uv": {
								"north": {"uv": [8, 37], "uv_size": [0.5, 0.5]},
								"east": {"uv": [37, 12], "uv_size": [0.5, 0.5]},
								"south": {"uv": [14, 37], "uv_size": [0.5, 0.5]},
								"west": {"uv": [37, 14], "uv_size": [0.5, 0.5]},
								"up": {"uv": [16, 37], "uv_size": [0.5, 0.5]},
								"down": {"uv": [38, 0.5], "uv_size": [0.5, -0.5]}
							}
						},
						{
							"origin": [-0.21875, 0.09375, -2.78125],
							"size": [0.0625, 0.15625, 0.25],
							"uv": {
								"north": {"uv": [22, 36], "uv_size": [0.5, 0.5]},
								"east": {"uv": [36, 22], "uv_size": [0.5, 0.5]},
								"south": {"uv": [24, 36], "uv_size": [0.5, 0.5]},
								"west": {"uv": [36, 24], "uv_size": [0.5, 0.5]},
								"up": {"uv": [26, 36], "uv_size": [0.5, 0.5]},
								"down": {"uv": [36, 26.5], "uv_size": [0.5, -0.5]}
							}
						},
						{
							"origin": [-0.34375, 0.09375, -2.78125],
							"size": [0.15625, 0.0625, 0.25],
							"pivot": [-0.25, 0.15625, -2.65625],
							"rotation": [0, 0, -60],
							"uv": {
								"north": {"uv": [42, 8], "uv_size": [0.5, 0.5]},
								"east": {"uv": [10, 42], "uv_size": [0.5, 0.5]},
								"south": {"uv": [42, 10], "uv_size": [0.5, 0.5]},
								"west": {"uv": [12, 42], "uv_size": [0.5, 0.5]},
								"up": {"uv": [42, 16], "uv_size": [0.5, 0.5]},
								"down": {"uv": [18, 42.5], "uv_size": [0.5, -0.5]}
							}
						},
						{
							"origin": [0.1875, 0.09375, -2.78125],
							"size": [0.15625, 0.0625, 0.25],
							"pivot": [0.25, 0.15625, -2.65625],
							"rotation": [0, 0, 60],
							"uv": {
								"north": {"uv": [42, 18], "uv_size": [0.5, 0.5]},
								"east": {"uv": [20, 42], "uv_size": [0.5, 0.5]},
								"south": {"uv": [42, 20], "uv_size": [0.5, 0.5]},
								"west": {"uv": [22, 42], "uv_size": [0.5, 0.5]},
								"up": {"uv": [42, 22], "uv_size": [0.5, 0.5]},
								"down": {"uv": [24, 42.5], "uv_size": [0.5, -0.5]}
							}
						},
						{
							"origin": [-0.21875, 0.25, -2.65625],
							"size": [0.0625, 0.125, 0.125],
							"uv": {
								"north": {"uv": [34, 36], "uv_size": [0.5, 0.5]},
								"east": {"uv": [36, 34], "uv_size": [0.5, 0.5]},
								"south": {"uv": [36, 36], "uv_size": [0.5, 0.5]},
								"west": {"uv": [0, 37], "uv_size": [0.5, 0.5]},
								"up": {"uv": [37, 4], "uv_size": [0.5, 0.5]},
								"down": {"uv": [6, 37.5], "uv_size": [0.5, -0.5]}
							}
						},
						{
							"origin": [-0.35758, -0.03086, -2.76451],
							"size": [0.0625, 0.125, 0.177],
							"pivot": [-0.32633, 0.03164, -2.67076],
							"rotation": [45, 0, -120],
							"uv": {
								"north": {"uv": [38, 10], "uv_size": [0.5, 0.5]},
								"east": {"uv": [12, 38], "uv_size": [0.5, 0.5]},
								"south": {"uv": [38, 16], "uv_size": [0.5, 0.5]},
								"west": {"uv": [18, 38], "uv_size": [0.5, 0.5]},
								"up": {"uv": [38, 18], "uv_size": [0.5, 0.5]},
								"down": {"uv": [20, 38.5], "uv_size": [0.5, -0.5]}
							}
						},
						{
							"origin": [-0.32491, -0.09012, -2.78125],
							"size": [0.0625, 0.15625, 0.25],
							"pivot": [-0.29366, 0.0505, -2.65625],
							"rotation": [0, 0, -120],
							"uv": {
								"north": {"uv": [28, 36], "uv_size": [0.5, 0.5]},
								"east": {"uv": [36, 28], "uv_size": [0.5, 0.5]},
								"south": {"uv": [30, 36], "uv_size": [0.5, 0.5]},
								"west": {"uv": [36, 30], "uv_size": [0.5, 0.5]},
								"up": {"uv": [32, 36], "uv_size": [0.5, 0.5]},
								"down": {"uv": [36, 32.5], "uv_size": [0.5, -0.5]}
							}
						},
						{
							"origin": [-0.32491, 0.06613, -2.65625],
							"size": [0.0625, 0.125, 0.125],
							"pivot": [-0.29366, 0.0505, -2.65625],
							"rotation": [0, 0, -120],
							"uv": {
								"north": {"uv": [2, 38], "uv_size": [0.5, 0.5]},
								"east": {"uv": [38, 2], "uv_size": [0.5, 0.5]},
								"south": {"uv": [4, 38], "uv_size": [0.5, 0.5]},
								"west": {"uv": [38, 6], "uv_size": [0.5, 0.5]},
								"up": {"uv": [38, 8], "uv_size": [0.5, 0.5]},
								"down": {"uv": [10, 38.5], "uv_size": [0.5, -0.5]}
							}
						}
					]
				},
				{
					"name": "bone4",
					"parent": "dargon",
					"pivot": [0, 0, -2.57815],
					"cubes": [
						{
							"origin": [0.15625, 0.2096, -2.76451],
							"size": [0.0625, 0.125, 0.177],
							"pivot": [0.1875, 0.2721, -2.67076],
							"rotation": [45, 0, 0],
							"uv": {
								"north": {"uv": [38, 20], "uv_size": [0.5, 0.5]},
								"east": {"uv": [22, 38], "uv_size": [0.5, 0.5]},
								"south": {"uv": [38, 22], "uv_size": [0.5, 0.5]},
								"west": {"uv": [24, 38], "uv_size": [0.5, 0.5]},
								"up": {"uv": [38, 24], "uv_size": [0.5, 0.5]},
								"down": {"uv": [26, 38.5], "uv_size": [0.5, -0.5]}
							}
						},
						{
							"origin": [0.15625, 0.09375, -2.78125],
							"size": [0.0625, 0.15625, 0.25],
							"uv": {
								"north": {"uv": [38, 26], "uv_size": [0.5, 0.5]},
								"east": {"uv": [28, 38], "uv_size": [0.5, 0.5]},
								"south": {"uv": [38, 28], "uv_size": [0.5, 0.5]},
								"west": {"uv": [30, 38], "uv_size": [0.5, 0.5]},
								"up": {"uv": [38, 30], "uv_size": [0.5, 0.5]},
								"down": {"uv": [32, 38.5], "uv_size": [0.5, -0.5]}
							}
						},
						{
							"origin": [0.15625, 0.25, -2.65625],
							"size": [0.0625, 0.125, 0.125],
							"uv": {
								"north": {"uv": [38, 32], "uv_size": [0.5, 0.5]},
								"east": {"uv": [34, 38], "uv_size": [0.5, 0.5]},
								"south": {"uv": [38, 34], "uv_size": [0.5, 0.5]},
								"west": {"uv": [36, 38], "uv_size": [0.5, 0.5]},
								"up": {"uv": [38, 36], "uv_size": [0.5, 0.5]},
								"down": {"uv": [38, 38.5], "uv_size": [0.5, -0.5]}
							}
						},
						{
							"origin": [0.29508, -0.03086, -2.76451],
							"size": [0.0625, 0.125, 0.177],
							"pivot": [0.32633, 0.03164, -2.67076],
							"rotation": [45, 0, 120],
							"uv": {
								"north": {"uv": [0, 39], "uv_size": [0.5, 0.5]},
								"east": {"uv": [39, 4], "uv_size": [0.5, 0.5]},
								"south": {"uv": [6, 39], "uv_size": [0.5, 0.5]},
								"west": {"uv": [8, 39], "uv_size": [0.5, 0.5]},
								"up": {"uv": [39, 12], "uv_size": [0.5, 0.5]},
								"down": {"uv": [14, 39.5], "uv_size": [0.5, -0.5]}
							}
						},
						{
							"origin": [0.26241, -0.09012, -2.78125],
							"size": [0.0625, 0.15625, 0.25],
							"pivot": [0.29366, 0.0505, -2.65625],
							"rotation": [0, 0, 120],
							"uv": {
								"north": {"uv": [39, 14], "uv_size": [0.5, 0.5]},
								"east": {"uv": [16, 39], "uv_size": [0.5, 0.5]},
								"south": {"uv": [40, 0], "uv_size": [0.5, 0.5]},
								"west": {"uv": [2, 40], "uv_size": [0.5, 0.5]},
								"up": {"uv": [40, 2], "uv_size": [0.5, 0.5]},
								"down": {"uv": [4, 40.5], "uv_size": [0.5, -0.5]}
							}
						},
						{
							"origin": [0.26241, 0.06613, -2.65625],
							"size": [0.0625, 0.125, 0.125],
							"pivot": [0.29366, 0.0505, -2.65625],
							"rotation": [0, 0, 120],
							"uv": {
								"north": {"uv": [40, 6], "uv_size": [0.5, 0.5]},
								"east": {"uv": [40, 8], "uv_size": [0.5, 0.5]},
								"south": {"uv": [10, 40], "uv_size": [0.5, 0.5]},
								"west": {"uv": [40, 10], "uv_size": [0.5, 0.5]},
								"up": {"uv": [12, 40], "uv_size": [0.5, 0.5]},
								"down": {"uv": [40, 16.5], "uv_size": [0.5, -0.5]}
							}
						}
					]
				},
				{
					"name": "bone5",
					"parent": "dargon",
					"pivot": [0, 0, -2.57815],
					"rotation": [0, 0, 120],
					"cubes": [
						{
							"origin": [0.15625, 0.2096, -2.76451],
							"size": [0.0625, 0.125, 0.177],
							"pivot": [0.1875, 0.2721, -2.67076],
							"rotation": [45, 0, 0],
							"uv": {
								"north": {"uv": [18, 40], "uv_size": [0.5, 0.5]},
								"east": {"uv": [40, 18], "uv_size": [0.5, 0.5]},
								"south": {"uv": [20, 40], "uv_size": [0.5, 0.5]},
								"west": {"uv": [40, 20], "uv_size": [0.5, 0.5]},
								"up": {"uv": [22, 40], "uv_size": [0.5, 0.5]},
								"down": {"uv": [40, 22.5], "uv_size": [0.5, -0.5]}
							}
						},
						{
							"origin": [0.15625, 0.09375, -2.78125],
							"size": [0.0625, 0.15625, 0.25],
							"uv": {
								"north": {"uv": [24, 40], "uv_size": [0.5, 0.5]},
								"east": {"uv": [40, 24], "uv_size": [0.5, 0.5]},
								"south": {"uv": [26, 40], "uv_size": [0.5, 0.5]},
								"west": {"uv": [40, 26], "uv_size": [0.5, 0.5]},
								"up": {"uv": [28, 40], "uv_size": [0.5, 0.5]},
								"down": {"uv": [40, 28.5], "uv_size": [0.5, -0.5]}
							}
						},
						{
							"origin": [0.1785, 0.03125, -2.78125],
							"size": [0.0625, 0.1875, 0.25],
							"pivot": [0.1875, 0.17188, -2.65625],
							"rotation": [0, 0, -30],
							"uv": {
								"north": {"uv": [42, 24], "uv_size": [0.5, 0.5]},
								"east": {"uv": [26, 42], "uv_size": [0.5, 0.5]},
								"south": {"uv": [42, 26], "uv_size": [0.5, 0.5]},
								"west": {"uv": [28, 42], "uv_size": [0.5, 0.5]},
								"up": {"uv": [42, 28], "uv_size": [0.5, 0.5]},
								"down": {"uv": [30, 42.5], "uv_size": [0.5, -0.5]}
							}
						},
						{
							"origin": [0.15625, 0.25, -2.65625],
							"size": [0.0625, 0.125, 0.125],
							"uv": {
								"north": {"uv": [30, 40], "uv_size": [0.5, 0.5]},
								"east": {"uv": [40, 30], "uv_size": [0.5, 0.5]},
								"south": {"uv": [32, 40], "uv_size": [0.5, 0.5]},
								"west": {"uv": [40, 32], "uv_size": [0.5, 0.5]},
								"up": {"uv": [34, 40], "uv_size": [0.5, 0.5]},
								"down": {"uv": [40, 34.5], "uv_size": [0.5, -0.5]}
							}
						},
						{
							"origin": [0.29508, -0.03086, -2.76451],
							"size": [0.0625, 0.125, 0.177],
							"pivot": [0.32633, 0.03164, -2.67076],
							"rotation": [45, 0, 120],
							"uv": {
								"north": {"uv": [36, 40], "uv_size": [0.5, 0.5]},
								"east": {"uv": [40, 36], "uv_size": [0.5, 0.5]},
								"south": {"uv": [38, 40], "uv_size": [0.5, 0.5]},
								"west": {"uv": [40, 38], "uv_size": [0.5, 0.5]},
								"up": {"uv": [40, 40], "uv_size": [0.5, 0.5]},
								"down": {"uv": [0, 41.5], "uv_size": [0.5, -0.5]}
							}
						},
						{
							"origin": [0.26241, -0.09012, -2.78125],
							"size": [0.0625, 0.15625, 0.25],
							"pivot": [0.29366, 0.0505, -2.65625],
							"rotation": [0, 0, 120],
							"uv": {
								"north": {"uv": [41, 4], "uv_size": [0.5, 0.5]},
								"east": {"uv": [6, 41], "uv_size": [0.5, 0.5]},
								"south": {"uv": [8, 41], "uv_size": [0.5, 0.5]},
								"west": {"uv": [41, 12], "uv_size": [0.5, 0.5]},
								"up": {"uv": [14, 41], "uv_size": [0.5, 0.5]},
								"down": {"uv": [41, 14.5], "uv_size": [0.5, -0.5]}
							}
						},
						{
							"origin": [0.26241, 0.06613, -2.65625],
							"size": [0.0625, 0.125, 0.125],
							"pivot": [0.29366, 0.0505, -2.65625],
							"rotation": [0, 0, 120],
							"uv": {
								"north": {"uv": [16, 41], "uv_size": [0.5, 0.5]},
								"east": {"uv": [42, 0], "uv_size": [0.5, 0.5]},
								"south": {"uv": [2, 42], "uv_size": [0.5, 0.5]},
								"west": {"uv": [42, 2], "uv_size": [0.5, 0.5]},
								"up": {"uv": [4, 42], "uv_size": [0.5, 0.5]},
								"down": {"uv": [42, 6.5], "uv_size": [0.5, -0.5]}
							}
						}
					]
				},
				{
					"name": "octagon6",
					"parent": "dargon",
					"pivot": [0, 0, -0.84375],
					"cubes": [
						{
							"origin": [-0.16827, -0.40625, -0.78125],
							"size": [0.33655, 0.8125, 0.4375],
							"pivot": [0, 0, -0.84375],
							"rotation": [0, 0, 45],
							"uv": {
								"north": {"uv": [16, 21], "uv_size": [0.5, 1]},
								"east": {"uv": [22, 0], "uv_size": [0.5, 1]},
								"south": {"uv": [2, 22], "uv_size": [0.5, 1]},
								"west": {"uv": [22, 2], "uv_size": [0.5, 1]},
								"up": {"uv": [42, 30], "uv_size": [0.5, 0.5]},
								"down": {"uv": [32, 42.5], "uv_size": [0.5, -0.5]}
							}
						},
						{
							"origin": [-0.16827, -0.40625, -0.78125],
							"size": [0.33655, 0.8125, 0.4375],
							"uv": {
								"north": {"uv": [4, 22], "uv_size": [0.5, 1]},
								"east": {"uv": [22, 6], "uv_size": [0.5, 1]},
								"south": {"uv": [22, 8], "uv_size": [0.5, 1]},
								"west": {"uv": [10, 22], "uv_size": [0.5, 1]},
								"up": {"uv": [42, 32], "uv_size": [0.5, 0.5]},
								"down": {"uv": [34, 42.5], "uv_size": [0.5, -0.5]}
							}
						},
						{
							"origin": [-0.40625, -0.16827, -0.78125],
							"size": [0.8125, 0.33655, 0.4375],
							"pivot": [0, 0, -0.84375],
							"rotation": [0, 0, 45],
							"uv": {
								"north": {"uv": [22, 10], "uv_size": [1, 0.5]},
								"east": {"uv": [42, 34], "uv_size": [0.5, 0.5]},
								"south": {"uv": [12, 22], "uv_size": [1, 0.5]},
								"west": {"uv": [36, 42], "uv_size": [0.5, 0.5]},
								"up": {"uv": [22, 16], "uv_size": [1, 0.5]},
								"down": {"uv": [18, 22.5], "uv_size": [1, -0.5]}
							}
						},
						{
							"origin": [-0.40625, -0.16827, -0.78125],
							"size": [0.8125, 0.33655, 0.4375],
							"uv": {
								"north": {"uv": [22, 18], "uv_size": [1, 0.5]},
								"east": {"uv": [42, 36], "uv_size": [0.5, 0.5]},
								"south": {"uv": [20, 22], "uv_size": [1, 0.5]},
								"west": {"uv": [38, 42], "uv_size": [0.5, 0.5]},
								"up": {"uv": [22, 20], "uv_size": [1, 0.5]},
								"down": {"uv": [22, 22.5], "uv_size": [1, -0.5]}
							}
						}
					]
				},
				{
					"name": "waike",
					"parent": "bone2",
					"pivot": [0, 0, -0.34375],
					"cubes": [
						{
							"origin": [0.78125, -0.15625, -1.15625],
							"size": [0.03125, 0.3125, 0.40625],
							"uv": {
								"north": {"uv": [56, 56], "uv_size": [0.5, 0.5]},
								"east": {"uv": [0, 57], "uv_size": [0.5, 0.5]},
								"south": {"uv": [57, 4], "uv_size": [0.5, 0.5]},
								"west": {"uv": [6, 57], "uv_size": [0.5, 0.5]},
								"up": {"uv": [8, 57], "uv_size": [0.5, 0.5]},
								"down": {"uv": [57, 12.5], "uv_size": [0.5, -0.5]}
							}
						},
						{
							"origin": [0.5625, -0.15625, -0.53125],
							"size": [0.0625, 0.3125, 0.15625],
							"uv": {
								"north": {"uv": [58, 46], "uv_size": [0.5, 0.5]},
								"east": {"uv": [48, 58], "uv_size": [0.5, 0.5]},
								"south": {"uv": [58, 48], "uv_size": [0.5, 0.5]},
								"west": {"uv": [50, 58], "uv_size": [0.5, 0.5]},
								"up": {"uv": [58, 50], "uv_size": [0.5, 0.5]},
								"down": {"uv": [52, 58.5], "uv_size": [0.5, -0.5]}
							}
						},
						{
							"origin": [0.8125, -0.15625, -1.15625],
							"size": [0.03125, 0.3125, 0.09375],
							"uv": {
								"north": {"uv": [4, 58], "uv_size": [0.5, 0.5]},
								"east": {"uv": [58, 6], "uv_size": [0.5, 0.5]},
								"south": {"uv": [58, 8], "uv_size": [0.5, 0.5]},
								"west": {"uv": [10, 58], "uv_size": [0.5, 0.5]},
								"up": {"uv": [58, 10], "uv_size": [0.5, 0.5]},
								"down": {"uv": [12, 58.5], "uv_size": [0.5, -0.5]}
							}
						},
						{
							"origin": [0.8125, -0.15625, -1],
							"size": [0.03125, 0.3125, 0.0625],
							"uv": {
								"north": {"uv": [58, 16], "uv_size": [0.5, 0.5]},
								"east": {"uv": [18, 58], "uv_size": [0.5, 0.5]},
								"south": {"uv": [58, 18], "uv_size": [0.5, 0.5]},
								"west": {"uv": [20, 58], "uv_size": [0.5, 0.5]},
								"up": {"uv": [58, 20], "uv_size": [0.5, 0.5]},
								"down": {"uv": [22, 58.5], "uv_size": [0.5, -0.5]}
							}
						},
						{
							"origin": [0.8125, -0.15625, -0.875],
							"size": [0.03125, 0.3125, 0.0625],
							"uv": {
								"north": {"uv": [58, 22], "uv_size": [0.5, 0.5]},
								"east": {"uv": [24, 58], "uv_size": [0.5, 0.5]},
								"south": {"uv": [58, 24], "uv_size": [0.5, 0.5]},
								"west": {"uv": [26, 58], "uv_size": [0.5, 0.5]},
								"up": {"uv": [58, 26], "uv_size": [0.5, 0.5]},
								"down": {"uv": [28, 58.5], "uv_size": [0.5, -0.5]}
							}
						},
						{
							"origin": [0.78583, -0.15625, -0.7481],
							"size": [0.03125, 0.3125, 0.0625],
							"pivot": [0.80145, 0, -0.71685],
							"rotation": [0, -45, 0],
							"uv": {
								"north": {"uv": [58, 28], "uv_size": [0.5, 0.5]},
								"east": {"uv": [30, 58], "uv_size": [0.5, 0.5]},
								"south": {"uv": [58, 30], "uv_size": [0.5, 0.5]},
								"west": {"uv": [32, 58], "uv_size": [0.5, 0.5]},
								"up": {"uv": [58, 32], "uv_size": [0.5, 0.5]},
								"down": {"uv": [34, 58.5], "uv_size": [0.5, -0.5]}
							}
						},
						{
							"origin": [0.78583, -0.15625, -0.6231],
							"size": [0.03125, 0.3125, 0.0625],
							"pivot": [0.80145, 0, -0.71685],
							"rotation": [0, -45, 0],
							"uv": {
								"north": {"uv": [58, 34], "uv_size": [0.5, 0.5]},
								"east": {"uv": [36, 58], "uv_size": [0.5, 0.5]},
								"south": {"uv": [58, 36], "uv_size": [0.5, 0.5]},
								"west": {"uv": [38, 58], "uv_size": [0.5, 0.5]},
								"up": {"uv": [58, 38], "uv_size": [0.5, 0.5]},
								"down": {"uv": [40, 58.5], "uv_size": [0.5, -0.5]}
							}
						},
						{
							"origin": [0.78583, -0.15625, -0.4981],
							"size": [0.03125, 0.3125, 0.0625],
							"pivot": [0.80145, 0, -0.71685],
							"rotation": [0, -45, 0],
							"uv": {
								"north": {"uv": [58, 40], "uv_size": [0.5, 0.5]},
								"east": {"uv": [42, 58], "uv_size": [0.5, 0.5]},
								"south": {"uv": [58, 42], "uv_size": [0.5, 0.5]},
								"west": {"uv": [44, 58], "uv_size": [0.5, 0.5]},
								"up": {"uv": [58, 44], "uv_size": [0.5, 0.5]},
								"down": {"uv": [46, 58.5], "uv_size": [0.5, -0.5]}
							}
						},
						{
							"origin": [0.61095, -0.15625, -0.82054],
							"size": [0.0625, 0.3125, 0.40625],
							"pivot": [0.65782, 0, -0.61742],
							"rotation": [0, -45, 0],
							"uv": {
								"north": {"uv": [14, 57], "uv_size": [0.5, 0.5]},
								"east": {"uv": [57, 14], "uv_size": [0.5, 0.5]},
								"south": {"uv": [16, 57], "uv_size": [0.5, 0.5]},
								"west": {"uv": [58, 0], "uv_size": [0.5, 0.5]},
								"up": {"uv": [2, 58], "uv_size": [0.5, 0.5]},
								"down": {"uv": [58, 2.5], "uv_size": [0.5, -0.5]}
							}
						},
						{
							"origin": [-0.8125, -0.15625, -1.15625],
							"size": [0.03125, 0.3125, 0.40625],
							"uv": {
								"north": {"uv": [58, 52], "uv_size": [0.5, 0.5]},
								"east": {"uv": [54, 58], "uv_size": [0.5, 0.5]},
								"south": {"uv": [58, 54], "uv_size": [0.5, 0.5]},
								"west": {"uv": [56, 58], "uv_size": [0.5, 0.5]},
								"up": {"uv": [58, 56], "uv_size": [0.5, 0.5]},
								"down": {"uv": [58, 58.5], "uv_size": [0.5, -0.5]}
							}
						},
						{
							"origin": [-0.625, -0.15625, -0.53125],
							"size": [0.0625, 0.3125, 0.15625],
							"uv": {
								"north": {"uv": [0, 59], "uv_size": [0.5, 0.5]},
								"east": {"uv": [59, 4], "uv_size": [0.5, 0.5]},
								"south": {"uv": [6, 59], "uv_size": [0.5, 0.5]},
								"west": {"uv": [8, 59], "uv_size": [0.5, 0.5]},
								"up": {"uv": [59, 12], "uv_size": [0.5, 0.5]},
								"down": {"uv": [14, 59.5], "uv_size": [0.5, -0.5]}
							}
						},
						{
							"origin": [-0.84375, -0.15625, -1.15625],
							"size": [0.03125, 0.3125, 0.09375],
							"uv": {
								"north": {"uv": [59, 14], "uv_size": [0.5, 0.5]},
								"east": {"uv": [16, 59], "uv_size": [0.5, 0.5]},
								"south": {"uv": [60, 0], "uv_size": [0.5, 0.5]},
								"west": {"uv": [2, 60], "uv_size": [0.5, 0.5]},
								"up": {"uv": [60, 2], "uv_size": [0.5, 0.5]},
								"down": {"uv": [4, 60.5], "uv_size": [0.5, -0.5]}
							}
						},
						{
							"origin": [-0.84375, -0.15625, -1],
							"size": [0.03125, 0.3125, 0.0625],
							"uv": {
								"north": {"uv": [60, 6], "uv_size": [0.5, 0.5]},
								"east": {"uv": [60, 8], "uv_size": [0.5, 0.5]},
								"south": {"uv": [10, 60], "uv_size": [0.5, 0.5]},
								"west": {"uv": [60, 10], "uv_size": [0.5, 0.5]},
								"up": {"uv": [12, 60], "uv_size": [0.5, 0.5]},
								"down": {"uv": [60, 16.5], "uv_size": [0.5, -0.5]}
							}
						},
						{
							"origin": [-0.84375, -0.15625, -0.875],
							"size": [0.03125, 0.3125, 0.0625],
							"uv": {
								"north": {"uv": [18, 60], "uv_size": [0.5, 0.5]},
								"east": {"uv": [60, 18], "uv_size": [0.5, 0.5]},
								"south": {"uv": [20, 60], "uv_size": [0.5, 0.5]},
								"west": {"uv": [60, 20], "uv_size": [0.5, 0.5]},
								"up": {"uv": [22, 60], "uv_size": [0.5, 0.5]},
								"down": {"uv": [60, 22.5], "uv_size": [0.5, -0.5]}
							}
						},
						{
							"origin": [-0.81708, -0.15625, -0.7481],
							"size": [0.03125, 0.3125, 0.0625],
							"pivot": [-0.80145, 0, -0.71685],
							"rotation": [0, 45, 0],
							"uv": {
								"north": {"uv": [24, 60], "uv_size": [0.5, 0.5]},
								"east": {"uv": [60, 24], "uv_size": [0.5, 0.5]},
								"south": {"uv": [26, 60], "uv_size": [0.5, 0.5]},
								"west": {"uv": [60, 26], "uv_size": [0.5, 0.5]},
								"up": {"uv": [28, 60], "uv_size": [0.5, 0.5]},
								"down": {"uv": [60, 28.5], "uv_size": [0.5, -0.5]}
							}
						},
						{
							"origin": [-0.81708, -0.15625, -0.6231],
							"size": [0.03125, 0.3125, 0.0625],
							"pivot": [-0.80145, 0, -0.71685],
							"rotation": [0, 45, 0],
							"uv": {
								"north": {"uv": [30, 60], "uv_size": [0.5, 0.5]},
								"east": {"uv": [60, 30], "uv_size": [0.5, 0.5]},
								"south": {"uv": [32, 60], "uv_size": [0.5, 0.5]},
								"west": {"uv": [60, 32], "uv_size": [0.5, 0.5]},
								"up": {"uv": [34, 60], "uv_size": [0.5, 0.5]},
								"down": {"uv": [60, 34.5], "uv_size": [0.5, -0.5]}
							}
						},
						{
							"origin": [-0.81708, -0.15625, -0.4981],
							"size": [0.03125, 0.3125, 0.0625],
							"pivot": [-0.80145, 0, -0.71685],
							"rotation": [0, 45, 0],
							"uv": {
								"north": {"uv": [36, 60], "uv_size": [0.5, 0.5]},
								"east": {"uv": [60, 36], "uv_size": [0.5, 0.5]},
								"south": {"uv": [38, 60], "uv_size": [0.5, 0.5]},
								"west": {"uv": [60, 38], "uv_size": [0.5, 0.5]},
								"up": {"uv": [40, 60], "uv_size": [0.5, 0.5]},
								"down": {"uv": [60, 40.5], "uv_size": [0.5, -0.5]}
							}
						},
						{
							"origin": [-0.67345, -0.15625, -0.82054],
							"size": [0.0625, 0.3125, 0.40625],
							"pivot": [-0.65782, 0, -0.61742],
							"rotation": [0, 45, 0],
							"uv": {
								"north": {"uv": [42, 60], "uv_size": [0.5, 0.5]},
								"east": {"uv": [60, 42], "uv_size": [0.5, 0.5]},
								"south": {"uv": [44, 60], "uv_size": [0.5, 0.5]},
								"west": {"uv": [60, 44], "uv_size": [0.5, 0.5]},
								"up": {"uv": [46, 60], "uv_size": [0.5, 0.5]},
								"down": {"uv": [60, 46.5], "uv_size": [0.5, -0.5]}
							}
						}
					]
				},
				{
					"name": "octagon7",
					"parent": "waike",
					"pivot": [0, 0, -0.34375],
					"cubes": [
						{
							"origin": [-0.3236, -0.78125, -2.76375],
							"size": [0.64721, 0.09375, 2],
							"pivot": [0, 0, -1.28125],
							"rotation": [0, 0, 45],
							"uv": {
								"north": {"uv": [42, 38], "uv_size": [0.5, 0.5]},
								"east": {"uv": [0, 0], "uv_size": [2, 0.5]},
								"south": {"uv": [40, 42], "uv_size": [0.5, 0.5]},
								"west": {"uv": [0, 2], "uv_size": [2, 0.5]},
								"up": {"uv": [3, 0], "uv_size": [0.5, 2]},
								"down": {"uv": [3, 5], "uv_size": [0.5, -2]}
							}
						},
						{
							"origin": [0.6875, -0.3236, -2.76375],
							"size": [0.09375, 0.64721, 2],
							"uv": {
								"north": {"uv": [43, 14], "uv_size": [0.5, 0.5]},
								"east": {"uv": [8, 0], "uv_size": [2, 0.5]},
								"south": {"uv": [16, 43], "uv_size": [0.5, 0.5]},
								"west": {"uv": [9, 4], "uv_size": [2, 0.5]},
								"up": {"uv": [7, 9], "uv_size": [0.5, 2]},
								"down": {"uv": [9, 11], "uv_size": [0.5, -2]}
							}
						},
						{
							"origin": [0.6875, -0.3236, -2.76375],
							"size": [0.09375, 0.64721, 1.4375],
							"pivot": [0, 0, -1.28125],
							"rotation": [0, 0, -45],
							"uv": {
								"north": {"uv": [43, 12], "uv_size": [0.5, 0.5]},
								"east": {"uv": [2, 12], "uv_size": [1.5, 0.5]},
								"south": {"uv": [14, 43], "uv_size": [0.5, 0.5]},
								"west": {"uv": [12, 4], "uv_size": [1.5, 0.5]},
								"up": {"uv": [12, 6], "uv_size": [0.5, 1.5]},
								"down": {"uv": [7, 13.5], "uv_size": [0.5, -1.5]}
							}
						},
						{
							"origin": [-0.78125, -0.3236, -2.76375],
							"size": [0.09375, 0.64721, 1.4375],
							"pivot": [0, 0, -1.28125],
							"rotation": [0, 0, 45],
							"uv": {
								"north": {"uv": [54, 56], "uv_size": [0.5, 0.5]},
								"east": {"uv": [13, 2], "uv_size": [1.5, 0.5]},
								"south": {"uv": [56, 54], "uv_size": [0.5, 0.5]},
								"west": {"uv": [13, 11], "uv_size": [1.5, 0.5]},
								"up": {"uv": [9, 12], "uv_size": [0.5, 1.5]},
								"down": {"uv": [13, 14.5], "uv_size": [0.5, -1.5]}
							}
						},
						{
							"origin": [0.68111, 0.02654, -0.8575],
							"size": [0.09375, 0.24096, 0.09375],
							"pivot": [-0.00639, 0.00639, -1.28125],
							"rotation": [0, 0, -45],
							"uv": {
								"north": {"uv": [30, 56], "uv_size": [0.5, 0.5]},
								"east": {"uv": [56, 30], "uv_size": [0.5, 0.5]},
								"south": {"uv": [32, 56], "uv_size": [0.5, 0.5]},
								"west": {"uv": [56, 32], "uv_size": [0.5, 0.5]},
								"up": {"uv": [34, 56], "uv_size": [0.5, 0.5]},
								"down": {"uv": [56, 34.5], "uv_size": [0.5, -0.5]}
							}
						},
						{
							"origin": [-0.39723, 0.43821, -1.1075],
							"size": [0.09375, 0.045, 0.125],
							"pivot": [-0.35036, 0.68821, -1.01375],
							"rotation": [45, 0, 45],
							"uv": {
								"north": {"uv": [62, 28], "uv_size": [0.5, 0.5]},
								"east": {"uv": [30, 62], "uv_size": [0.5, 0.5]},
								"south": {"uv": [62, 30], "uv_size": [0.5, 0.5]},
								"west": {"uv": [32, 62], "uv_size": [0.5, 0.5]},
								"up": {"uv": [62, 32], "uv_size": [0.5, 0.5]},
								"down": {"uv": [34, 62.5], "uv_size": [0.5, -0.5]}
							}
						},
						{
							"origin": [-0.39723, 0.68821, -0.955],
							"size": [0.09375, 0.0625, 0.125],
							"pivot": [-0.35036, 0.68821, -0.8925],
							"rotation": [-45, 0, 45],
							"uv": {
								"north": {"uv": [62, 22], "uv_size": [0.5, 0.5]},
								"east": {"uv": [24, 62], "uv_size": [0.5, 0.5]},
								"south": {"uv": [62, 24], "uv_size": [0.5, 0.5]},
								"west": {"uv": [26, 62], "uv_size": [0.5, 0.5]},
								"up": {"uv": [62, 26], "uv_size": [0.5, 0.5]},
								"down": {"uv": [28, 62.5], "uv_size": [0.5, -0.5]}
							}
						},
						{
							"origin": [-0.78125, -0.3236, -1.32625],
							"size": [0.09375, 0.36596, 0.5625],
							"pivot": [0, 0, -1.28125],
							"rotation": [0, 0, 45],
							"uv": {
								"north": {"uv": [62, 16], "uv_size": [0.5, 0.5]},
								"east": {"uv": [18, 62], "uv_size": [0.5, 0.5]},
								"south": {"uv": [62, 18], "uv_size": [0.5, 0.5]},
								"west": {"uv": [20, 62], "uv_size": [0.5, 0.5]},
								"up": {"uv": [62, 20], "uv_size": [0.5, 0.5]},
								"down": {"uv": [22, 62.5], "uv_size": [0.5, -0.5]}
							}
						},
						{
							"origin": [-0.39723, 0.43821, -1.205],
							"size": [0.09375, 0.045, 0.125],
							"pivot": [-0.35036, 0.68821, -1.17375],
							"rotation": [-45, 0, 45],
							"uv": {
								"north": {"uv": [4, 62], "uv_size": [0.5, 0.5]},
								"east": {"uv": [62, 6], "uv_size": [0.5, 0.5]},
								"south": {"uv": [62, 8], "uv_size": [0.5, 0.5]},
								"west": {"uv": [10, 62], "uv_size": [0.5, 0.5]},
								"up": {"uv": [62, 10], "uv_size": [0.5, 0.5]},
								"down": {"uv": [12, 62.5], "uv_size": [0.5, -0.5]}
							}
						},
						{
							"origin": [-0.39723, 0.68821, -1.3575],
							"size": [0.09375, 0.0625, 0.125],
							"pivot": [-0.35036, 0.68821, -1.295],
							"rotation": [45, 0, 45],
							"uv": {
								"north": {"uv": [14, 61], "uv_size": [0.5, 0.5]},
								"east": {"uv": [61, 14], "uv_size": [0.5, 0.5]},
								"south": {"uv": [16, 61], "uv_size": [0.5, 0.5]},
								"west": {"uv": [62, 0], "uv_size": [0.5, 0.5]},
								"up": {"uv": [2, 62], "uv_size": [0.5, 0.5]},
								"down": {"uv": [62, 2.5], "uv_size": [0.5, -0.5]}
							}
						},
						{
							"origin": [-0.78125, 0.27015, -1.32625],
							"size": [0.09375, 0.05346, 0.5625],
							"pivot": [0, 0, -1.28125],
							"rotation": [0, 0, 45],
							"uv": {
								"north": {"uv": [60, 60], "uv_size": [0.5, 0.5]},
								"east": {"uv": [0, 61], "uv_size": [0.5, 0.5]},
								"south": {"uv": [61, 4], "uv_size": [0.5, 0.5]},
								"west": {"uv": [6, 61], "uv_size": [0.5, 0.5]},
								"up": {"uv": [8, 61], "uv_size": [0.5, 0.5]},
								"down": {"uv": [61, 12.5], "uv_size": [0.5, -0.5]}
							}
						},
						{
							"origin": [-0.77486, 0.02654, -0.8575],
							"size": [0.09375, 0.24096, 0.09375],
							"pivot": [0.00639, 0.00639, -1.28125],
							"rotation": [0, 0, 45],
							"uv": {
								"north": {"uv": [54, 60], "uv_size": [0.5, 0.5]},
								"east": {"uv": [60, 54], "uv_size": [0.5, 0.5]},
								"south": {"uv": [56, 60], "uv_size": [0.5, 0.5]},
								"west": {"uv": [60, 56], "uv_size": [0.5, 0.5]},
								"up": {"uv": [58, 60], "uv_size": [0.5, 0.5]},
								"down": {"uv": [60, 58.5], "uv_size": [0.5, -0.5]}
							}
						},
						{
							"origin": [0.6875, -0.3236, -1.32625],
							"size": [0.09375, 0.36596, 0.5625],
							"pivot": [0, 0, -1.28125],
							"rotation": [0, 0, -45],
							"uv": {
								"north": {"uv": [18, 56], "uv_size": [0.5, 0.5]},
								"east": {"uv": [56, 18], "uv_size": [0.5, 0.5]},
								"south": {"uv": [20, 56], "uv_size": [0.5, 0.5]},
								"west": {"uv": [56, 20], "uv_size": [0.5, 0.5]},
								"up": {"uv": [22, 56], "uv_size": [0.5, 0.5]},
								"down": {"uv": [56, 22.5], "uv_size": [0.5, -0.5]}
							}
						},
						{
							"origin": [0.6875, 0.27015, -1.32625],
							"size": [0.09375, 0.05346, 0.5625],
							"pivot": [0, 0, -1.28125],
							"rotation": [0, 0, -45],
							"uv": {
								"north": {"uv": [24, 56], "uv_size": [0.5, 0.5]},
								"east": {"uv": [56, 24], "uv_size": [0.5, 0.5]},
								"south": {"uv": [26, 56], "uv_size": [0.5, 0.5]},
								"west": {"uv": [56, 26], "uv_size": [0.5, 0.5]},
								"up": {"uv": [28, 56], "uv_size": [0.5, 0.5]},
								"down": {"uv": [56, 28.5], "uv_size": [0.5, -0.5]}
							}
						},
						{
							"origin": [0.30348, 0.68821, -1.3575],
							"size": [0.09375, 0.0625, 0.125],
							"pivot": [0.35036, 0.68821, -1.295],
							"rotation": [45, 0, -45],
							"uv": {
								"north": {"uv": [36, 56], "uv_size": [0.5, 0.5]},
								"east": {"uv": [56, 36], "uv_size": [0.5, 0.5]},
								"south": {"uv": [38, 56], "uv_size": [0.5, 0.5]},
								"west": {"uv": [56, 38], "uv_size": [0.5, 0.5]},
								"up": {"uv": [40, 56], "uv_size": [0.5, 0.5]},
								"down": {"uv": [56, 40.5], "uv_size": [0.5, -0.5]}
							}
						},
						{
							"origin": [0.30348, 0.43821, -1.205],
							"size": [0.09375, 0.045, 0.125],
							"pivot": [0.35036, 0.68821, -1.17375],
							"rotation": [-45, 0, -45],
							"uv": {
								"north": {"uv": [48, 56], "uv_size": [0.5, 0.5]},
								"east": {"uv": [56, 48], "uv_size": [0.5, 0.5]},
								"south": {"uv": [50, 56], "uv_size": [0.5, 0.5]},
								"west": {"uv": [56, 50], "uv_size": [0.5, 0.5]},
								"up": {"uv": [52, 56], "uv_size": [0.5, 0.5]},
								"down": {"uv": [56, 52.5], "uv_size": [0.5, -0.5]}
							}
						},
						{
							"origin": [0.30348, 0.43821, -1.1075],
							"size": [0.09375, 0.045, 0.125],
							"pivot": [0.35036, 0.68821, -1.01375],
							"rotation": [45, 0, -45],
							"uv": {
								"north": {"uv": [48, 60], "uv_size": [0.5, 0.5]},
								"east": {"uv": [60, 48], "uv_size": [0.5, 0.5]},
								"south": {"uv": [50, 60], "uv_size": [0.5, 0.5]},
								"west": {"uv": [60, 50], "uv_size": [0.5, 0.5]},
								"up": {"uv": [52, 60], "uv_size": [0.5, 0.5]},
								"down": {"uv": [60, 52.5], "uv_size": [0.5, -0.5]}
							}
						},
						{
							"origin": [0.30348, 0.68821, -0.955],
							"size": [0.09375, 0.0625, 0.125],
							"pivot": [0.35036, 0.68821, -0.8925],
							"rotation": [-45, 0, -45],
							"uv": {
								"north": {"uv": [42, 56], "uv_size": [0.5, 0.5]},
								"east": {"uv": [56, 42], "uv_size": [0.5, 0.5]},
								"south": {"uv": [44, 56], "uv_size": [0.5, 0.5]},
								"west": {"uv": [56, 44], "uv_size": [0.5, 0.5]},
								"up": {"uv": [46, 56], "uv_size": [0.5, 0.5]},
								"down": {"uv": [56, 46.5], "uv_size": [0.5, -0.5]}
							}
						},
						{
							"origin": [-0.3236, -0.78125, -2.76375],
							"size": [0.64721, 0.09375, 2],
							"pivot": [0, 0, -1.28125],
							"rotation": [0, 0, -45],
							"uv": {
								"north": {"uv": [6, 43], "uv_size": [0.5, 0.5]},
								"east": {"uv": [7, 7], "uv_size": [2, 0.5]},
								"south": {"uv": [8, 43], "uv_size": [0.5, 0.5]},
								"west": {"uv": [0, 8], "uv_size": [2, 0.5]},
								"up": {"uv": [5, 8], "uv_size": [0.5, 2]},
								"down": {"uv": [3, 11], "uv_size": [0.5, -2]}
							}
						},
						{
							"origin": [-0.3236, 0.6875, -2.76375],
							"size": [0.64721, 0.09375, 2],
							"uv": {
								"north": {"uv": [42, 40], "uv_size": [0.5, 0.5]},
								"east": {"uv": [0, 4], "uv_size": [2, 0.5]},
								"south": {"uv": [42, 42], "uv_size": [0.5, 0.5]},
								"west": {"uv": [5, 0], "uv_size": [2, 0.5]},
								"up": {"uv": [5, 2], "uv_size": [0.5, 2]},
								"down": {"uv": [5, 7], "uv_size": [0.5, -2]}
							}
						},
						{
							"origin": [-0.3236, -0.78125, -2.76375],
							"size": [0.64721, 0.09375, 2],
							"uv": {
								"north": {"uv": [44, 0], "uv_size": [0.5, 0.5]},
								"east": {"uv": [0, 10], "uv_size": [2, 0.5]},
								"south": {"uv": [2, 44], "uv_size": [0.5, 0.5]},
								"west": {"uv": [10, 2], "uv_size": [2, 0.5]},
								"up": {"uv": [10, 6], "uv_size": [0.5, 2]},
								"down": {"uv": [5, 13], "uv_size": [0.5, -2]}
							}
						},
						{
							"origin": [-0.78125, -0.3236, -2.76375],
							"size": [0.09375, 0.64721, 2],
							"uv": {
								"north": {"uv": [0, 43], "uv_size": [0.5, 0.5]},
								"east": {"uv": [0, 6], "uv_size": [2, 0.5]},
								"south": {"uv": [43, 4], "uv_size": [0.5, 0.5]},
								"west": {"uv": [7, 2], "uv_size": [2, 0.5]},
								"up": {"uv": [3, 6], "uv_size": [0.5, 2]},
								"down": {"uv": [7, 6], "uv_size": [0.5, -2]}
							}
						}
					]
				},
				{
					"name": "bone24",
					"parent": "octagon7",
					"pivot": [0, 0, -0.70391]
				},
				{
					"name": "bone19",
					"parent": "bone24",
					"pivot": [0, 0, -0.70391],
					"cubes": [
						{
							"origin": [-0.31917, 0.54473, -0.86146],
							"size": [0.09375, 0.08471, 0.40625],
							"pivot": [-0.27229, 0.58709, -0.67396],
							"rotation": [-16, 45, 45],
							"uv": {
								"north": {"uv": [16, 53], "uv_size": [0.5, 0.5]},
								"east": {"uv": [54, 0], "uv_size": [0.5, 0.5]},
								"south": {"uv": [2, 54], "uv_size": [0.5, 0.5]},
								"west": {"uv": [54, 2], "uv_size": [0.5, 0.5]},
								"up": {"uv": [4, 54], "uv_size": [0.5, 0.5]},
								"down": {"uv": [54, 6.5], "uv_size": [0.5, -0.5]}
							}
						}
					]
				},
				{
					"name": "bone15",
					"parent": "bone24",
					"pivot": [0, 0, -0.70391],
					"cubes": [
						{
							"origin": [0.40399, 0.22101, -0.86016],
							"size": [0.09375, 0.45971, 0.4375],
							"pivot": [0.45086, 0.45086, -0.70391],
							"rotation": [0, -45, -45],
							"uv": {
								"north": {"uv": [50, 20], "uv_size": [0.5, 0.5]},
								"east": {"uv": [22, 50], "uv_size": [0.5, 0.5]},
								"south": {"uv": [50, 22], "uv_size": [0.5, 0.5]},
								"west": {"uv": [24, 50], "uv_size": [0.5, 0.5]},
								"up": {"uv": [50, 24], "uv_size": [0.5, 0.5]},
								"down": {"uv": [26, 50.5], "uv_size": [0.5, -0.5]}
							}
						}
					]
				},
				{
					"name": "bone16",
					"parent": "bone24",
					"pivot": [0, 0, -0.34375],
					"rotation": [0, 0, -45],
					"cubes": [
						{
							"origin": [0.40399, 0.22101, -0.86016],
							"size": [0.09375, 0.45971, 0.4375],
							"pivot": [0.45086, 0.45086, -0.70391],
							"rotation": [0, -45, -45],
							"uv": {
								"north": {"uv": [50, 26], "uv_size": [0.5, 0.5]},
								"east": {"uv": [28, 50], "uv_size": [0.5, 0.5]},
								"south": {"uv": [50, 28], "uv_size": [0.5, 0.5]},
								"west": {"uv": [30, 50], "uv_size": [0.5, 0.5]},
								"up": {"uv": [50, 30], "uv_size": [0.5, 0.5]},
								"down": {"uv": [32, 50.5], "uv_size": [0.5, -0.5]}
							}
						}
					]
				},
				{
					"name": "bone18",
					"parent": "bone24",
					"pivot": [-0.09375, 0, -0.34375],
					"rotation": [0, 0, 45],
					"cubes": [
						{
							"origin": [-0.66142, 0.29623, -0.86146],
							"size": [0.09375, 0.08471, 0.40625],
							"pivot": [-0.61455, 0.33858, -0.67396],
							"rotation": [16, 45, 45],
							"uv": {
								"north": {"uv": [50, 38], "uv_size": [0.5, 0.5]},
								"east": {"uv": [40, 50], "uv_size": [0.5, 0.5]},
								"south": {"uv": [50, 40], "uv_size": [0.5, 0.5]},
								"west": {"uv": [42, 50], "uv_size": [0.5, 0.5]},
								"up": {"uv": [50, 42], "uv_size": [0.5, 0.5]},
								"down": {"uv": [44, 50.5], "uv_size": [0.5, -0.5]}
							}
						}
					]
				},
				{
					"name": "bone17",
					"parent": "bone24",
					"pivot": [0, 0, -0.70391],
					"cubes": [
						{
							"origin": [-0.49774, 0.22101, -0.86016],
							"size": [0.09375, 0.45971, 0.4375],
							"pivot": [-0.45086, 0.45086, -0.70391],
							"rotation": [0, 45, 45],
							"uv": {
								"north": {"uv": [50, 32], "uv_size": [0.5, 0.5]},
								"east": {"uv": [34, 50], "uv_size": [0.5, 0.5]},
								"south": {"uv": [50, 34], "uv_size": [0.5, 0.5]},
								"west": {"uv": [36, 50], "uv_size": [0.5, 0.5]},
								"up": {"uv": [50, 36], "uv_size": [0.5, 0.5]},
								"down": {"uv": [38, 50.5], "uv_size": [0.5, -0.5]}
							}
						}
					]
				},
				{
					"name": "bone20",
					"parent": "bone24",
					"pivot": [0, 0, -0.70391],
					"cubes": [
						{
							"origin": [0.22542, 0.54473, -0.86146],
							"size": [0.09375, 0.08471, 0.40625],
							"pivot": [0.27229, 0.58709, -0.67396],
							"rotation": [-16, -45, -45],
							"uv": {
								"north": {"uv": [50, 44], "uv_size": [0.5, 0.5]},
								"east": {"uv": [46, 50], "uv_size": [0.5, 0.5]},
								"south": {"uv": [50, 46], "uv_size": [0.5, 0.5]},
								"west": {"uv": [48, 50], "uv_size": [0.5, 0.5]},
								"up": {"uv": [50, 48], "uv_size": [0.5, 0.5]},
								"down": {"uv": [50, 50.5], "uv_size": [0.5, -0.5]}
							}
						}
					]
				},
				{
					"name": "bone21",
					"parent": "bone24",
					"pivot": [0.09375, 0, -0.34375],
					"rotation": [0, 0, -45],
					"cubes": [
						{
							"origin": [0.56767, 0.29623, -0.86146],
							"size": [0.09375, 0.08471, 0.40625],
							"pivot": [0.61455, 0.33858, -0.67396],
							"rotation": [16, -45, -45],
							"uv": {
								"north": {"uv": [0, 51], "uv_size": [0.5, 0.5]},
								"east": {"uv": [51, 4], "uv_size": [0.5, 0.5]},
								"south": {"uv": [6, 51], "uv_size": [0.5, 0.5]},
								"west": {"uv": [8, 51], "uv_size": [0.5, 0.5]},
								"up": {"uv": [51, 12], "uv_size": [0.5, 0.5]},
								"down": {"uv": [14, 51.5], "uv_size": [0.5, -0.5]}
							}
						}
					]
				},
				{
					"name": "bone25",
					"parent": "octagon7",
					"pivot": [0, 0, -0.70391]
				},
				{
					"name": "bone26",
					"parent": "bone25",
					"pivot": [0, 0, -0.70391],
					"cubes": [
						{
							"origin": [-0.31917, -0.62944, -0.86146],
							"size": [0.09375, 0.08471, 0.40625],
							"pivot": [-0.27229, -0.58709, -0.67396],
							"rotation": [16, 45, -45],
							"uv": {
								"north": {"uv": [51, 14], "uv_size": [0.5, 0.5]},
								"east": {"uv": [16, 51], "uv_size": [0.5, 0.5]},
								"south": {"uv": [52, 0], "uv_size": [0.5, 0.5]},
								"west": {"uv": [2, 52], "uv_size": [0.5, 0.5]},
								"up": {"uv": [52, 2], "uv_size": [0.5, 0.5]},
								"down": {"uv": [4, 52.5], "uv_size": [0.5, -0.5]}
							}
						}
					]
				},
				{
					"name": "bone27",
					"parent": "bone25",
					"pivot": [0, 0, -0.70391],
					"cubes": [
						{
							"origin": [0.40399, -0.68072, -0.86016],
							"size": [0.09375, 0.45971, 0.4375],
							"pivot": [0.45086, -0.45086, -0.70391],
							"rotation": [0, -45, 45],
							"uv": {
								"north": {"uv": [52, 6], "uv_size": [0.5, 0.5]},
								"east": {"uv": [52, 8], "uv_size": [0.5, 0.5]},
								"south": {"uv": [10, 52], "uv_size": [0.5, 0.5]},
								"west": {"uv": [52, 10], "uv_size": [0.5, 0.5]},
								"up": {"uv": [12, 52], "uv_size": [0.5, 0.5]},
								"down": {"uv": [52, 16.5], "uv_size": [0.5, -0.5]}
							}
						}
					]
				},
				{
					"name": "bone28",
					"parent": "bone25",
					"pivot": [0, 0, -0.34375],
					"rotation": [0, 0, 45],
					"cubes": [
						{
							"origin": [0.40399, -0.68072, -0.86016],
							"size": [0.09375, 0.45971, 0.4375],
							"pivot": [0.45086, -0.45086, -0.70391],
							"rotation": [0, -45, 45],
							"uv": {
								"north": {"uv": [18, 52], "uv_size": [0.5, 0.5]},
								"east": {"uv": [52, 18], "uv_size": [0.5, 0.5]},
								"south": {"uv": [20, 52], "uv_size": [0.5, 0.5]},
								"west": {"uv": [52, 20], "uv_size": [0.5, 0.5]},
								"up": {"uv": [22, 52], "uv_size": [0.5, 0.5]},
								"down": {"uv": [52, 22.5], "uv_size": [0.5, -0.5]}
							}
						}
					]
				},
				{
					"name": "bone29",
					"parent": "bone25",
					"pivot": [-0.09375, 0, -0.34375],
					"rotation": [0, 0, -45],
					"cubes": [
						{
							"origin": [-0.66142, -0.38094, -0.86146],
							"size": [0.09375, 0.08471, 0.40625],
							"pivot": [-0.61455, -0.33858, -0.67396],
							"rotation": [-16, 45, -45],
							"uv": {
								"north": {"uv": [24, 52], "uv_size": [0.5, 0.5]},
								"east": {"uv": [52, 24], "uv_size": [0.5, 0.5]},
								"south": {"uv": [26, 52], "uv_size": [0.5, 0.5]},
								"west": {"uv": [52, 26], "uv_size": [0.5, 0.5]},
								"up": {"uv": [28, 52], "uv_size": [0.5, 0.5]},
								"down": {"uv": [52, 28.5], "uv_size": [0.5, -0.5]}
							}
						}
					]
				},
				{
					"name": "bone30",
					"parent": "bone25",
					"pivot": [0, 0, -0.70391],
					"cubes": [
						{
							"origin": [-0.49774, -0.68072, -0.86016],
							"size": [0.09375, 0.45971, 0.4375],
							"pivot": [-0.45086, -0.45086, -0.70391],
							"rotation": [0, 45, -45],
							"uv": {
								"north": {"uv": [30, 52], "uv_size": [0.5, 0.5]},
								"east": {"uv": [52, 30], "uv_size": [0.5, 0.5]},
								"south": {"uv": [32, 52], "uv_size": [0.5, 0.5]},
								"west": {"uv": [52, 32], "uv_size": [0.5, 0.5]},
								"up": {"uv": [34, 52], "uv_size": [0.5, 0.5]},
								"down": {"uv": [52, 34.5], "uv_size": [0.5, -0.5]}
							}
						}
					]
				},
				{
					"name": "bone33",
					"parent": "bone25",
					"pivot": [0.09375, 0, -0.34375],
					"rotation": [0, 0, 45],
					"cubes": [
						{
							"origin": [0.56767, -0.38094, -0.86146],
							"size": [0.09375, 0.08471, 0.40625],
							"pivot": [0.61455, -0.33858, -0.67396],
							"rotation": [-16, -45, 45],
							"uv": {
								"north": {"uv": [48, 52], "uv_size": [0.5, 0.5]},
								"east": {"uv": [52, 48], "uv_size": [0.5, 0.5]},
								"south": {"uv": [50, 52], "uv_size": [0.5, 0.5]},
								"west": {"uv": [52, 50], "uv_size": [0.5, 0.5]},
								"up": {"uv": [52, 52], "uv_size": [0.5, 0.5]},
								"down": {"uv": [0, 53.5], "uv_size": [0.5, -0.5]}
							}
						}
					]
				},
				{
					"name": "bone34",
					"parent": "bone25",
					"pivot": [0, 0, -0.70391],
					"cubes": [
						{
							"origin": [0.22542, -0.62944, -0.86146],
							"size": [0.09375, 0.08471, 0.40625],
							"pivot": [0.27229, -0.58709, -0.67396],
							"rotation": [16, -45, 45],
							"uv": {
								"north": {"uv": [53, 4], "uv_size": [0.5, 0.5]},
								"east": {"uv": [6, 53], "uv_size": [0.5, 0.5]},
								"south": {"uv": [8, 53], "uv_size": [0.5, 0.5]},
								"west": {"uv": [53, 12], "uv_size": [0.5, 0.5]},
								"up": {"uv": [14, 53], "uv_size": [0.5, 0.5]},
								"down": {"uv": [53, 14.5], "uv_size": [0.5, -0.5]}
							}
						}
					]
				},
				{
					"name": "bone22",
					"parent": "octagon7",
					"pivot": [0, 0, -0.34375],
					"rotation": [0, 0, 90]
				},
				{
					"name": "bone23",
					"parent": "bone22",
					"pivot": [0, 0, -0.70391],
					"cubes": [
						{
							"origin": [-0.31917, 0.54473, -0.86146],
							"size": [0.09375, 0.08471, 0.40625],
							"pivot": [-0.27229, 0.58709, -0.67396],
							"rotation": [-16, 45, 45],
							"uv": {
								"north": {"uv": [54, 8], "uv_size": [0.5, 0.5]},
								"east": {"uv": [10, 54], "uv_size": [0.5, 0.5]},
								"south": {"uv": [54, 10], "uv_size": [0.5, 0.5]},
								"west": {"uv": [12, 54], "uv_size": [0.5, 0.5]},
								"up": {"uv": [54, 16], "uv_size": [0.5, 0.5]},
								"down": {"uv": [18, 54.5], "uv_size": [0.5, -0.5]}
							}
						}
					]
				},
				{
					"name": "bone35",
					"parent": "bone22",
					"pivot": [0, 0, -0.70391],
					"cubes": [
						{
							"origin": [0.22542, 0.54473, -0.86146],
							"size": [0.09375, 0.08471, 0.40625],
							"pivot": [0.27229, 0.58709, -0.67396],
							"rotation": [-16, -45, -45],
							"uv": {
								"north": {"uv": [54, 18], "uv_size": [0.5, 0.5]},
								"east": {"uv": [20, 54], "uv_size": [0.5, 0.5]},
								"south": {"uv": [54, 20], "uv_size": [0.5, 0.5]},
								"west": {"uv": [22, 54], "uv_size": [0.5, 0.5]},
								"up": {"uv": [54, 22], "uv_size": [0.5, 0.5]},
								"down": {"uv": [24, 54.5], "uv_size": [0.5, -0.5]}
							}
						}
					]
				},
				{
					"name": "bone36",
					"parent": "bone22",
					"pivot": [0.09375, 0, -0.34375],
					"rotation": [0, 0, -45],
					"cubes": [
						{
							"origin": [0.56767, 0.29623, -0.86146],
							"size": [0.09375, 0.08471, 0.40625],
							"pivot": [0.61455, 0.33858, -0.67396],
							"rotation": [16, -45, -45],
							"uv": {
								"north": {"uv": [54, 24], "uv_size": [0.5, 0.5]},
								"east": {"uv": [26, 54], "uv_size": [0.5, 0.5]},
								"south": {"uv": [54, 26], "uv_size": [0.5, 0.5]},
								"west": {"uv": [28, 54], "uv_size": [0.5, 0.5]},
								"up": {"uv": [54, 28], "uv_size": [0.5, 0.5]},
								"down": {"uv": [30, 54.5], "uv_size": [0.5, -0.5]}
							}
						}
					]
				},
				{
					"name": "bone37",
					"parent": "bone22",
					"pivot": [0, 0, -0.34375],
					"rotation": [0, 0, -45],
					"cubes": [
						{
							"origin": [0.40399, 0.22101, -0.86016],
							"size": [0.09375, 0.45971, 0.4375],
							"pivot": [0.45086, 0.45086, -0.70391],
							"rotation": [0, -45, -45],
							"uv": {
								"north": {"uv": [54, 30], "uv_size": [0.5, 0.5]},
								"east": {"uv": [32, 54], "uv_size": [0.5, 0.5]},
								"south": {"uv": [54, 32], "uv_size": [0.5, 0.5]},
								"west": {"uv": [34, 54], "uv_size": [0.5, 0.5]},
								"up": {"uv": [54, 34], "uv_size": [0.5, 0.5]},
								"down": {"uv": [36, 54.5], "uv_size": [0.5, -0.5]}
							}
						}
					]
				},
				{
					"name": "bone38",
					"parent": "bone22",
					"pivot": [-0.09375, 0, -0.34375],
					"rotation": [0, 0, 45],
					"cubes": [
						{
							"origin": [-0.66142, 0.29623, -0.86146],
							"size": [0.09375, 0.08471, 0.40625],
							"pivot": [-0.61455, 0.33858, -0.67396],
							"rotation": [16, 45, 45],
							"uv": {
								"north": {"uv": [54, 36], "uv_size": [0.5, 0.5]},
								"east": {"uv": [38, 54], "uv_size": [0.5, 0.5]},
								"south": {"uv": [54, 38], "uv_size": [0.5, 0.5]},
								"west": {"uv": [40, 54], "uv_size": [0.5, 0.5]},
								"up": {"uv": [54, 40], "uv_size": [0.5, 0.5]},
								"down": {"uv": [42, 54.5], "uv_size": [0.5, -0.5]}
							}
						}
					]
				},
				{
					"name": "bone39",
					"parent": "octagon7",
					"pivot": [0, 0, -0.34375],
					"rotation": [0, 0, -90]
				},
				{
					"name": "bone40",
					"parent": "bone39",
					"pivot": [0, 0, -0.70391],
					"cubes": [
						{
							"origin": [0.22542, 0.54473, -0.86146],
							"size": [0.09375, 0.08471, 0.40625],
							"pivot": [0.27229, 0.58709, -0.67396],
							"rotation": [-16, -45, -45],
							"uv": {
								"north": {"uv": [54, 42], "uv_size": [0.5, 0.5]},
								"east": {"uv": [44, 54], "uv_size": [0.5, 0.5]},
								"south": {"uv": [54, 44], "uv_size": [0.5, 0.5]},
								"west": {"uv": [46, 54], "uv_size": [0.5, 0.5]},
								"up": {"uv": [54, 46], "uv_size": [0.5, 0.5]},
								"down": {"uv": [48, 54.5], "uv_size": [0.5, -0.5]}
							}
						}
					]
				},
				{
					"name": "bone41",
					"parent": "bone39",
					"pivot": [0, 0, -0.70391],
					"cubes": [
						{
							"origin": [-0.31917, 0.54473, -0.86146],
							"size": [0.09375, 0.08471, 0.40625],
							"pivot": [-0.27229, 0.58709, -0.67396],
							"rotation": [-16, 45, 45],
							"uv": {
								"north": {"uv": [54, 48], "uv_size": [0.5, 0.5]},
								"east": {"uv": [50, 54], "uv_size": [0.5, 0.5]},
								"south": {"uv": [54, 50], "uv_size": [0.5, 0.5]},
								"west": {"uv": [52, 54], "uv_size": [0.5, 0.5]},
								"up": {"uv": [54, 52], "uv_size": [0.5, 0.5]},
								"down": {"uv": [54, 54.5], "uv_size": [0.5, -0.5]}
							}
						}
					]
				},
				{
					"name": "bone42",
					"parent": "bone39",
					"pivot": [-0.09375, 0, -0.34375],
					"rotation": [0, 0, 45],
					"cubes": [
						{
							"origin": [-0.66142, 0.29623, -0.86146],
							"size": [0.09375, 0.08471, 0.40625],
							"pivot": [-0.61455, 0.33858, -0.67396],
							"rotation": [16, 45, 45],
							"uv": {
								"north": {"uv": [0, 55], "uv_size": [0.5, 0.5]},
								"east": {"uv": [55, 4], "uv_size": [0.5, 0.5]},
								"south": {"uv": [6, 55], "uv_size": [0.5, 0.5]},
								"west": {"uv": [8, 55], "uv_size": [0.5, 0.5]},
								"up": {"uv": [55, 12], "uv_size": [0.5, 0.5]},
								"down": {"uv": [14, 55.5], "uv_size": [0.5, -0.5]}
							}
						}
					]
				},
				{
					"name": "bone43",
					"parent": "bone39",
					"pivot": [0, 0, -0.34375],
					"rotation": [0, 0, 45],
					"cubes": [
						{
							"origin": [-0.49774, 0.22101, -0.86016],
							"size": [0.09375, 0.45971, 0.4375],
							"pivot": [-0.45086, 0.45086, -0.70391],
							"rotation": [0, 45, 45],
							"uv": {
								"north": {"uv": [55, 14], "uv_size": [0.5, 0.5]},
								"east": {"uv": [16, 55], "uv_size": [0.5, 0.5]},
								"south": {"uv": [56, 0], "uv_size": [0.5, 0.5]},
								"west": {"uv": [2, 56], "uv_size": [0.5, 0.5]},
								"up": {"uv": [56, 2], "uv_size": [0.5, 0.5]},
								"down": {"uv": [4, 56.5], "uv_size": [0.5, -0.5]}
							}
						}
					]
				},
				{
					"name": "bone44",
					"parent": "bone39",
					"pivot": [0.09375, 0, -0.34375],
					"rotation": [0, 0, -45],
					"cubes": [
						{
							"origin": [0.56767, 0.29623, -0.86146],
							"size": [0.09375, 0.08471, 0.40625],
							"pivot": [0.61455, 0.33858, -0.67396],
							"rotation": [16, -45, -45],
							"uv": {
								"north": {"uv": [56, 6], "uv_size": [0.5, 0.5]},
								"east": {"uv": [56, 8], "uv_size": [0.5, 0.5]},
								"south": {"uv": [10, 56], "uv_size": [0.5, 0.5]},
								"west": {"uv": [56, 10], "uv_size": [0.5, 0.5]},
								"up": {"uv": [12, 56], "uv_size": [0.5, 0.5]},
								"down": {"uv": [56, 16.5], "uv_size": [0.5, -0.5]}
							}
						}
					]
				},
				{
					"name": "bone8",
					"parent": "waike",
					"pivot": [0, 0, -2.65625],
					"cubes": [
						{
							"origin": [0.65625, 0.15625, -2.76375],
							"size": [0.0625, 0.0625, 0.25],
							"pivot": [0.6875, 0.1875, -2.65625],
							"rotation": [0, 0, -45],
							"uv": {
								"north": {"uv": [28, 44], "uv_size": [0.5, 0.5]},
								"east": {"uv": [44, 28], "uv_size": [0.5, 0.5]},
								"south": {"uv": [30, 44], "uv_size": [0.5, 0.5]},
								"west": {"uv": [44, 30], "uv_size": [0.5, 0.5]},
								"up": {"uv": [32, 44], "uv_size": [0.5, 0.5]},
								"down": {"uv": [44, 32.5], "uv_size": [0.5, -0.5]}
							}
						},
						{
							"origin": [0.65625, -0.21875, -2.76375],
							"size": [0.0625, 0.0625, 0.25],
							"pivot": [0.6875, -0.1875, -2.65625],
							"rotation": [0, 0, 45],
							"uv": {
								"north": {"uv": [34, 44], "uv_size": [0.5, 0.5]},
								"east": {"uv": [44, 34], "uv_size": [0.5, 0.5]},
								"south": {"uv": [36, 44], "uv_size": [0.5, 0.5]},
								"west": {"uv": [44, 36], "uv_size": [0.5, 0.5]},
								"up": {"uv": [38, 44], "uv_size": [0.5, 0.5]},
								"down": {"uv": [44, 38.5], "uv_size": [0.5, -0.5]}
							}
						},
						{
							"origin": [0.65625, -0.03125, -2.76375],
							"size": [0.0625, 0.0625, 0.25],
							"pivot": [0.6875, 0, -2.65625],
							"rotation": [0, 0, -45],
							"uv": {
								"north": {"uv": [40, 44], "uv_size": [0.5, 0.5]},
								"east": {"uv": [44, 40], "uv_size": [0.5, 0.5]},
								"south": {"uv": [42, 44], "uv_size": [0.5, 0.5]},
								"west": {"uv": [44, 42], "uv_size": [0.5, 0.5]},
								"up": {"uv": [44, 44], "uv_size": [0.5, 0.5]},
								"down": {"uv": [0, 45.5], "uv_size": [0.5, -0.5]}
							}
						}
					]
				},
				{
					"name": "bone9",
					"parent": "waike",
					"pivot": [0, 0, -2.65625],
					"rotation": [0, 0, 45],
					"cubes": [
						{
							"origin": [0.65625, 0.15625, -2.76375],
							"size": [0.0625, 0.0625, 0.25],
							"pivot": [0.6875, 0.1875, -2.65625],
							"rotation": [0, 0, -45],
							"uv": {
								"north": {"uv": [45, 4], "uv_size": [0.5, 0.5]},
								"east": {"uv": [6, 45], "uv_size": [0.5, 0.5]},
								"south": {"uv": [8, 45], "uv_size": [0.5, 0.5]},
								"west": {"uv": [45, 12], "uv_size": [0.5, 0.5]},
								"up": {"uv": [14, 45], "uv_size": [0.5, 0.5]},
								"down": {"uv": [45, 14.5], "uv_size": [0.5, -0.5]}
							}
						},
						{
							"origin": [0.65625, -0.21875, -2.76375],
							"size": [0.0625, 0.0625, 0.25],
							"pivot": [0.6875, -0.1875, -2.65625],
							"rotation": [0, 0, 45],
							"uv": {
								"north": {"uv": [16, 45], "uv_size": [0.5, 0.5]},
								"east": {"uv": [46, 0], "uv_size": [0.5, 0.5]},
								"south": {"uv": [2, 46], "uv_size": [0.5, 0.5]},
								"west": {"uv": [46, 2], "uv_size": [0.5, 0.5]},
								"up": {"uv": [4, 46], "uv_size": [0.5, 0.5]},
								"down": {"uv": [46, 6.5], "uv_size": [0.5, -0.5]}
							}
						},
						{
							"origin": [0.65625, -0.03125, -2.76375],
							"size": [0.0625, 0.0625, 0.25],
							"pivot": [0.6875, 0, -2.65625],
							"rotation": [0, 0, -45],
							"uv": {
								"north": {"uv": [46, 8], "uv_size": [0.5, 0.5]},
								"east": {"uv": [10, 46], "uv_size": [0.5, 0.5]},
								"south": {"uv": [46, 10], "uv_size": [0.5, 0.5]},
								"west": {"uv": [12, 46], "uv_size": [0.5, 0.5]},
								"up": {"uv": [46, 16], "uv_size": [0.5, 0.5]},
								"down": {"uv": [18, 46.5], "uv_size": [0.5, -0.5]}
							}
						}
					]
				},
				{
					"name": "bone10",
					"parent": "waike",
					"pivot": [0, 0, -2.65625],
					"rotation": [0, 0, 45],
					"cubes": [
						{
							"origin": [-0.71875, 0.15625, -2.76375],
							"size": [0.0625, 0.0625, 0.25],
							"pivot": [-0.6875, 0.1875, -2.65625],
							"rotation": [0, 0, 45],
							"uv": {
								"north": {"uv": [46, 18], "uv_size": [0.5, 0.5]},
								"east": {"uv": [20, 46], "uv_size": [0.5, 0.5]},
								"south": {"uv": [46, 20], "uv_size": [0.5, 0.5]},
								"west": {"uv": [22, 46], "uv_size": [0.5, 0.5]},
								"up": {"uv": [46, 22], "uv_size": [0.5, 0.5]},
								"down": {"uv": [24, 46.5], "uv_size": [0.5, -0.5]}
							}
						},
						{
							"origin": [-0.71875, -0.21875, -2.76375],
							"size": [0.0625, 0.0625, 0.25],
							"pivot": [-0.6875, -0.1875, -2.65625],
							"rotation": [0, 0, -45],
							"uv": {
								"north": {"uv": [46, 24], "uv_size": [0.5, 0.5]},
								"east": {"uv": [26, 46], "uv_size": [0.5, 0.5]},
								"south": {"uv": [46, 26], "uv_size": [0.5, 0.5]},
								"west": {"uv": [28, 46], "uv_size": [0.5, 0.5]},
								"up": {"uv": [46, 28], "uv_size": [0.5, 0.5]},
								"down": {"uv": [30, 46.5], "uv_size": [0.5, -0.5]}
							}
						},
						{
							"origin": [-0.71875, -0.03125, -2.76375],
							"size": [0.0625, 0.0625, 0.25],
							"pivot": [-0.6875, 0, -2.65625],
							"rotation": [0, 0, 45],
							"uv": {
								"north": {"uv": [46, 30], "uv_size": [0.5, 0.5]},
								"east": {"uv": [32, 46], "uv_size": [0.5, 0.5]},
								"south": {"uv": [46, 32], "uv_size": [0.5, 0.5]},
								"west": {"uv": [34, 46], "uv_size": [0.5, 0.5]},
								"up": {"uv": [46, 34], "uv_size": [0.5, 0.5]},
								"down": {"uv": [36, 46.5], "uv_size": [0.5, -0.5]}
							}
						}
					]
				},
				{
					"name": "bone11",
					"parent": "waike",
					"pivot": [0, 0, -2.65625],
					"rotation": [0, 0, 90],
					"cubes": [
						{
							"origin": [0.65625, 0.15625, -2.76375],
							"size": [0.0625, 0.0625, 0.25],
							"pivot": [0.6875, 0.1875, -2.65625],
							"rotation": [0, 0, -45],
							"uv": {
								"north": {"uv": [46, 36], "uv_size": [0.5, 0.5]},
								"east": {"uv": [38, 46], "uv_size": [0.5, 0.5]},
								"south": {"uv": [46, 38], "uv_size": [0.5, 0.5]},
								"west": {"uv": [40, 46], "uv_size": [0.5, 0.5]},
								"up": {"uv": [46, 40], "uv_size": [0.5, 0.5]},
								"down": {"uv": [42, 46.5], "uv_size": [0.5, -0.5]}
							}
						},
						{
							"origin": [0.65625, -0.21875, -2.76375],
							"size": [0.0625, 0.0625, 0.25],
							"pivot": [0.6875, -0.1875, -2.65625],
							"rotation": [0, 0, 45],
							"uv": {
								"north": {"uv": [46, 42], "uv_size": [0.5, 0.5]},
								"east": {"uv": [44, 46], "uv_size": [0.5, 0.5]},
								"south": {"uv": [46, 44], "uv_size": [0.5, 0.5]},
								"west": {"uv": [46, 46], "uv_size": [0.5, 0.5]},
								"up": {"uv": [0, 47], "uv_size": [0.5, 0.5]},
								"down": {"uv": [47, 4.5], "uv_size": [0.5, -0.5]}
							}
						},
						{
							"origin": [0.65625, -0.03125, -2.76375],
							"size": [0.0625, 0.0625, 0.25],
							"pivot": [0.6875, 0, -2.65625],
							"rotation": [0, 0, -45],
							"uv": {
								"north": {"uv": [6, 47], "uv_size": [0.5, 0.5]},
								"east": {"uv": [8, 47], "uv_size": [0.5, 0.5]},
								"south": {"uv": [47, 12], "uv_size": [0.5, 0.5]},
								"west": {"uv": [14, 47], "uv_size": [0.5, 0.5]},
								"up": {"uv": [47, 14], "uv_size": [0.5, 0.5]},
								"down": {"uv": [16, 47.5], "uv_size": [0.5, -0.5]}
							}
						}
					]
				},
				{
					"name": "bone12",
					"parent": "waike",
					"pivot": [0, 0, -2.65625],
					"rotation": [0, 0, 90],
					"cubes": [
						{
							"origin": [-0.71875, 0.15625, -2.76375],
							"size": [0.0625, 0.0625, 0.25],
							"pivot": [-0.6875, 0.1875, -2.65625],
							"rotation": [0, 0, 45],
							"uv": {
								"north": {"uv": [48, 0], "uv_size": [0.5, 0.5]},
								"east": {"uv": [2, 48], "uv_size": [0.5, 0.5]},
								"south": {"uv": [48, 2], "uv_size": [0.5, 0.5]},
								"west": {"uv": [4, 48], "uv_size": [0.5, 0.5]},
								"up": {"uv": [48, 6], "uv_size": [0.5, 0.5]},
								"down": {"uv": [48, 8.5], "uv_size": [0.5, -0.5]}
							}
						},
						{
							"origin": [-0.71875, -0.21875, -2.76375],
							"size": [0.0625, 0.0625, 0.25],
							"pivot": [-0.6875, -0.1875, -2.65625],
							"rotation": [0, 0, -45],
							"uv": {
								"north": {"uv": [10, 48], "uv_size": [0.5, 0.5]},
								"east": {"uv": [48, 10], "uv_size": [0.5, 0.5]},
								"south": {"uv": [12, 48], "uv_size": [0.5, 0.5]},
								"west": {"uv": [48, 16], "uv_size": [0.5, 0.5]},
								"up": {"uv": [18, 48], "uv_size": [0.5, 0.5]},
								"down": {"uv": [48, 18.5], "uv_size": [0.5, -0.5]}
							}
						},
						{
							"origin": [-0.71875, -0.03125, -2.76375],
							"size": [0.0625, 0.0625, 0.25],
							"pivot": [-0.6875, 0, -2.65625],
							"rotation": [0, 0, 45],
							"uv": {
								"north": {"uv": [20, 48], "uv_size": [0.5, 0.5]},
								"east": {"uv": [48, 20], "uv_size": [0.5, 0.5]},
								"south": {"uv": [22, 48], "uv_size": [0.5, 0.5]},
								"west": {"uv": [48, 22], "uv_size": [0.5, 0.5]},
								"up": {"uv": [24, 48], "uv_size": [0.5, 0.5]},
								"down": {"uv": [48, 24.5], "uv_size": [0.5, -0.5]}
							}
						}
					]
				},
				{
					"name": "bone13",
					"parent": "waike",
					"pivot": [0, 0, -2.65625],
					"rotation": [0, 0, 135],
					"cubes": [
						{
							"origin": [0.65625, 0.15625, -2.76375],
							"size": [0.0625, 0.0625, 0.25],
							"pivot": [0.6875, 0.1875, -2.65625],
							"rotation": [0, 0, -45],
							"uv": {
								"north": {"uv": [26, 48], "uv_size": [0.5, 0.5]},
								"east": {"uv": [48, 26], "uv_size": [0.5, 0.5]},
								"south": {"uv": [28, 48], "uv_size": [0.5, 0.5]},
								"west": {"uv": [48, 28], "uv_size": [0.5, 0.5]},
								"up": {"uv": [30, 48], "uv_size": [0.5, 0.5]},
								"down": {"uv": [48, 30.5], "uv_size": [0.5, -0.5]}
							}
						},
						{
							"origin": [0.65625, -0.21875, -2.76375],
							"size": [0.0625, 0.0625, 0.25],
							"pivot": [0.6875, -0.1875, -2.65625],
							"rotation": [0, 0, 45],
							"uv": {
								"north": {"uv": [32, 48], "uv_size": [0.5, 0.5]},
								"east": {"uv": [48, 32], "uv_size": [0.5, 0.5]},
								"south": {"uv": [34, 48], "uv_size": [0.5, 0.5]},
								"west": {"uv": [48, 34], "uv_size": [0.5, 0.5]},
								"up": {"uv": [36, 48], "uv_size": [0.5, 0.5]},
								"down": {"uv": [48, 36.5], "uv_size": [0.5, -0.5]}
							}
						},
						{
							"origin": [0.65625, -0.03125, -2.76375],
							"size": [0.0625, 0.0625, 0.25],
							"pivot": [0.6875, 0, -2.65625],
							"rotation": [0, 0, -45],
							"uv": {
								"north": {"uv": [38, 48], "uv_size": [0.5, 0.5]},
								"east": {"uv": [48, 38], "uv_size": [0.5, 0.5]},
								"south": {"uv": [40, 48], "uv_size": [0.5, 0.5]},
								"west": {"uv": [48, 40], "uv_size": [0.5, 0.5]},
								"up": {"uv": [42, 48], "uv_size": [0.5, 0.5]},
								"down": {"uv": [48, 42.5], "uv_size": [0.5, -0.5]}
							}
						}
					]
				},
				{
					"name": "bone14",
					"parent": "waike",
					"pivot": [0, 0, -2.65625],
					"rotation": [0, 0, 135],
					"cubes": [
						{
							"origin": [-0.71875, 0.15625, -2.76375],
							"size": [0.0625, 0.0625, 0.25],
							"pivot": [-0.6875, 0.1875, -2.65625],
							"rotation": [0, 0, 45],
							"uv": {
								"north": {"uv": [44, 48], "uv_size": [0.5, 0.5]},
								"east": {"uv": [48, 44], "uv_size": [0.5, 0.5]},
								"south": {"uv": [46, 48], "uv_size": [0.5, 0.5]},
								"west": {"uv": [48, 46], "uv_size": [0.5, 0.5]},
								"up": {"uv": [48, 48], "uv_size": [0.5, 0.5]},
								"down": {"uv": [0, 49.5], "uv_size": [0.5, -0.5]}
							}
						},
						{
							"origin": [-0.71875, -0.21875, -2.76375],
							"size": [0.0625, 0.0625, 0.25],
							"pivot": [-0.6875, -0.1875, -2.65625],
							"rotation": [0, 0, -45],
							"uv": {
								"north": {"uv": [49, 4], "uv_size": [0.5, 0.5]},
								"east": {"uv": [6, 49], "uv_size": [0.5, 0.5]},
								"south": {"uv": [8, 49], "uv_size": [0.5, 0.5]},
								"west": {"uv": [49, 12], "uv_size": [0.5, 0.5]},
								"up": {"uv": [14, 49], "uv_size": [0.5, 0.5]},
								"down": {"uv": [49, 14.5], "uv_size": [0.5, -0.5]}
							}
						},
						{
							"origin": [-0.71875, -0.03125, -2.76375],
							"size": [0.0625, 0.0625, 0.25],
							"pivot": [-0.6875, 0, -2.65625],
							"rotation": [0, 0, 45],
							"uv": {
								"north": {"uv": [16, 49], "uv_size": [0.5, 0.5]},
								"east": {"uv": [50, 0], "uv_size": [0.5, 0.5]},
								"south": {"uv": [2, 50], "uv_size": [0.5, 0.5]},
								"west": {"uv": [50, 2], "uv_size": [0.5, 0.5]},
								"up": {"uv": [4, 50], "uv_size": [0.5, 0.5]},
								"down": {"uv": [50, 6.5], "uv_size": [0.5, -0.5]}
							}
						}
					]
				},
				{
					"name": "bone7",
					"parent": "waike",
					"pivot": [0, 0, -2.65625],
					"cubes": [
						{
							"origin": [-0.71875, 0.15625, -2.76375],
							"size": [0.0625, 0.0625, 0.25],
							"pivot": [-0.6875, 0.1875, -2.65625],
							"rotation": [0, 0, 45],
							"uv": {
								"north": {"uv": [44, 2], "uv_size": [0.5, 0.5]},
								"east": {"uv": [4, 44], "uv_size": [0.5, 0.5]},
								"south": {"uv": [44, 6], "uv_size": [0.5, 0.5]},
								"west": {"uv": [44, 8], "uv_size": [0.5, 0.5]},
								"up": {"uv": [10, 44], "uv_size": [0.5, 0.5]},
								"down": {"uv": [44, 10.5], "uv_size": [0.5, -0.5]}
							}
						},
						{
							"origin": [-0.71875, -0.21875, -2.76375],
							"size": [0.0625, 0.0625, 0.25],
							"pivot": [-0.6875, -0.1875, -2.65625],
							"rotation": [0, 0, -45],
							"uv": {
								"north": {"uv": [22, 44], "uv_size": [0.5, 0.5]},
								"east": {"uv": [44, 22], "uv_size": [0.5, 0.5]},
								"south": {"uv": [24, 44], "uv_size": [0.5, 0.5]},
								"west": {"uv": [44, 24], "uv_size": [0.5, 0.5]},
								"up": {"uv": [26, 44], "uv_size": [0.5, 0.5]},
								"down": {"uv": [44, 26.5], "uv_size": [0.5, -0.5]}
							}
						},
						{
							"origin": [-0.71875, -0.03125, -2.76375],
							"size": [0.0625, 0.0625, 0.25],
							"pivot": [-0.6875, 0, -2.65625],
							"rotation": [0, 0, 45],
							"uv": {
								"north": {"uv": [12, 44], "uv_size": [0.5, 0.5]},
								"east": {"uv": [44, 16], "uv_size": [0.5, 0.5]},
								"south": {"uv": [18, 44], "uv_size": [0.5, 0.5]},
								"west": {"uv": [44, 18], "uv_size": [0.5, 0.5]},
								"up": {"uv": [20, 44], "uv_size": [0.5, 0.5]},
								"down": {"uv": [44, 20.5], "uv_size": [0.5, -0.5]}
							}
						}
					]
				},
				{
					"name": "octagon",
					"parent": "waike",
					"pivot": [8, -8, -8.0625],
					"cubes": [
						{
							"origin": [-0.233, -0.5625, -0.5625],
							"size": [0.46599, 1.125, 0.46875],
							"pivot": [0, 0, -0.0625],
							"rotation": [0, 0, 45],
							"uv": {
								"north": {"uv": [0, 23], "uv_size": [0.5, 1]},
								"east": {"uv": [23, 4], "uv_size": [0.5, 1]},
								"south": {"uv": [6, 23], "uv_size": [0.5, 1]},
								"west": {"uv": [8, 23], "uv_size": [0.5, 1]},
								"up": {"uv": [50, 8], "uv_size": [0.5, 0.5]},
								"down": {"uv": [10, 50.5], "uv_size": [0.5, -0.5]}
							}
						},
						{
							"origin": [-0.233, -0.5625, -0.5625],
							"size": [0.46599, 1.125, 0.46875],
							"uv": {
								"north": {"uv": [23, 12], "uv_size": [0.5, 1]},
								"east": {"uv": [14, 23], "uv_size": [0.5, 1]},
								"south": {"uv": [23, 14], "uv_size": [0.5, 1]},
								"west": {"uv": [16, 23], "uv_size": [0.5, 1]},
								"up": {"uv": [50, 10], "uv_size": [0.5, 0.5]},
								"down": {"uv": [12, 50.5], "uv_size": [0.5, -0.5]}
							}
						},
						{
							"origin": [-0.5625, -0.233, -0.5625],
							"size": [1.125, 0.46599, 0.46875],
							"pivot": [0, 0, -0.0625],
							"rotation": [0, 0, 45],
							"uv": {
								"north": {"uv": [24, 0], "uv_size": [1, 0.5]},
								"east": {"uv": [50, 16], "uv_size": [0.5, 0.5]},
								"south": {"uv": [2, 24], "uv_size": [1, 0.5]},
								"west": {"uv": [18, 50], "uv_size": [0.5, 0.5]},
								"up": {"uv": [24, 2], "uv_size": [1, 0.5]},
								"down": {"uv": [4, 24.5], "uv_size": [1, -0.5]}
							}
						},
						{
							"origin": [-0.5625, -0.233, -0.5625],
							"size": [1.125, 0.46599, 0.46875],
							"uv": {
								"north": {"uv": [24, 6], "uv_size": [1, 0.5]},
								"east": {"uv": [50, 18], "uv_size": [0.5, 0.5]},
								"south": {"uv": [24, 8], "uv_size": [1, 0.5]},
								"west": {"uv": [20, 50], "uv_size": [0.5, 0.5]},
								"up": {"uv": [10, 24], "uv_size": [1, 0.5]},
								"down": {"uv": [24, 10.5], "uv_size": [1, -0.5]}
							}
						}
					]
				},
				{
					"name": "bone",
					"parent": "bone2",
					"pivot": [0, 0, -0.3125],
					"cubes": [
						{
							"origin": [0.79, -0.3125, -2.5],
							"size": [0, 0.625, 1.15625],
							"uv": {
								"west": {"uv": [65, 0], "uv_size": [11.5, 6.5]}
							}
						},
						{
							"origin": [0.79, -0.3125, -2.5],
							"size": [0, 0.625, 1.15625],
							"pivot": [0, 0, -0.3125],
							"rotation": [0, 0, -45],
							"uv": {
								"west": {"uv": [65, 10], "uv_size": [11.5, 6.5]}
							}
						},
						{
							"origin": [0.785, -0.3125, -2.5],
							"size": [0, 0.625, 1.15625],
							"uv": {
								"west": {"uv": [80, 0], "uv_size": [11.5, 6.5]}
							}
						},
						{
							"origin": [0.785, -0.3125, -2.5],
							"size": [0, 0.625, 1.15625],
							"pivot": [0, 0, -0.3125],
							"rotation": [0, 0, -45],
							"uv": {
								"west": {"uv": [80, 10], "uv_size": [11.5, 6.5]}
							}
						},
						{
							"origin": [-0.79, -0.3125, -2.5],
							"size": [0, 0.625, 1.15625],
							"uv": {
								"east": {"uv": [76.5, 0], "uv_size": [-11.5, 6.5]}
							}
						},
						{
							"origin": [-0.79, -0.3125, -2.5],
							"size": [0, 0.625, 1.15625],
							"pivot": [0, 0, -0.3125],
							"rotation": [0, 0, 45],
							"uv": {
								"east": {"uv": [76.5, 10], "uv_size": [-11.5, 6.5]}
							}
						},
						{
							"origin": [-0.785, -0.3125, -2.5],
							"size": [0, 0.625, 1.15625],
							"uv": {
								"east": {"uv": [91.5, 0], "uv_size": [-11.5, 6.5]}
							}
						},
						{
							"origin": [-0.785, -0.3125, -2.5],
							"size": [0, 0.625, 1.15625],
							"pivot": [0, 0, -0.3125],
							"rotation": [0, 0, 45],
							"uv": {
								"east": {"uv": [91.5, 10], "uv_size": [-11.5, 6.5]}
							}
						},
						{
							"origin": [0.79, -0.3125, -2.5],
							"size": [0, 0.625, 1.15625],
							"pivot": [0, 0, -0.3125],
							"rotation": [0, 0, 45],
							"uv": {
								"west": {"uv": [65, 16.5], "uv_size": [11.5, -6.5]}
							}
						},
						{
							"origin": [-0.79, -0.3125, -2.5],
							"size": [0, 0.625, 1.15625],
							"pivot": [0, 0, -0.3125],
							"rotation": [0, 0, -45],
							"uv": {
								"east": {"uv": [76.5, 16.5], "uv_size": [-11.5, -6.5]}
							}
						},
						{
							"origin": [-0.785, -0.3125, -2.5],
							"size": [0, 0.625, 1.15625],
							"pivot": [0, 0, -0.3125],
							"rotation": [0, 0, -45],
							"uv": {
								"east": {"uv": [91.5, 16.5], "uv_size": [-11.5, -6.5]}
							}
						},
						{
							"origin": [0.785, -0.3125, -2.5],
							"size": [0, 0.625, 1.15625],
							"pivot": [0, 0, -0.3125],
							"rotation": [0, 0, 45],
							"uv": {
								"west": {"uv": [80, 16.5], "uv_size": [11.5, -6.5]}
							}
						},
						{
							"origin": [0.79, -0.3125, -2.5],
							"size": [0, 0.625, 1.15625],
							"pivot": [0, 0, -0.3125],
							"rotation": [0, 0, -90],
							"uv": {
								"west": {"uv": [65, 0], "uv_size": [11.5, 6.5]}
							}
						},
						{
							"origin": [0.785, -0.3125, -2.5],
							"size": [0, 0.625, 1.15625],
							"pivot": [0, 0, -0.3125],
							"rotation": [0, 0, -90],
							"uv": {
								"west": {"uv": [80, 0], "uv_size": [11.5, 6.5]}
							}
						},
						{
							"origin": [0.785, -0.3125, -2.5],
							"size": [0, 0.625, 1.15625],
							"pivot": [0, 0, -0.3125],
							"rotation": [0, 0, 90],
							"uv": {
								"west": {"uv": [80, 6.5], "uv_size": [11.5, -6.5]}
							}
						},
						{
							"origin": [0.79, -0.3125, -2.5],
							"size": [0, 0.625, 1.15625],
							"pivot": [0, 0, -0.3125],
							"rotation": [0, 0, 90],
							"uv": {
								"west": {"uv": [65, 6.5], "uv_size": [11.5, -6.5]}
							}
						}
					]
				}
			]
		}
	]
}