{
	"format_version": "1.12.0",
	"minecraft:geometry": [
		{
			"description": {
				"identifier": "geometry.unknown",
				"texture_width": 64,
				"texture_height": 64,
				"visible_bounds_width": 3,
				"visible_bounds_height": 1.5,
				"visible_bounds_offset": [0, 0.25, 0]
			},
			"bones": [
				{
					"name": "Barrel_Suppressor",
					"pivot": [0.99219, -1, -14.5],
					"cubes": [
						{
							"origin": [-0.49969, 0.3125, -25],
							"size": [0.98376, 0.875, 25],
							"pivot": [-0.00781, 0, -13.5],
							"rotation": [0, 0, 45],
							"uv": {
								"north": {"uv": [2, 30], "uv_size": [1, 1]},
								"east": {"uv": [0, 0], "uv_size": [25, 1]},
								"south": {"uv": [30, 4], "uv_size": [1, 1]},
								"west": {"uv": [0, 2], "uv_size": [25, 1]},
								"up": {"uv": [0, 4], "uv_size": [1, 25]},
								"down": {"uv": [2, 29], "uv_size": [1, -25]}
							}
						},
						{
							"origin": [-0.49969, 0.3125, -25],
							"size": [0.98376, 0.875, 25],
							"uv": {
								"north": {"uv": [30, 6], "uv_size": [1, 1]},
								"east": {"uv": [4, 4], "uv_size": [25, 1]},
								"south": {"uv": [30, 28], "uv_size": [1, 1]},
								"west": {"uv": [4, 6], "uv_size": [25, 1]},
								"up": {"uv": [4, 8], "uv_size": [1, 25]},
								"down": {"uv": [6, 33], "uv_size": [1, -25]}
							}
						},
						{
							"origin": [-0.49969, -1.1875, -25],
							"size": [0.98376, 0.875, 25],
							"uv": {
								"north": {"uv": [30, 30], "uv_size": [1, 1]},
								"east": {"uv": [8, 8], "uv_size": [25, 1]},
								"south": {"uv": [2, 32], "uv_size": [1, 1]},
								"west": {"uv": [8, 10], "uv_size": [25, 1]},
								"up": {"uv": [8, 12], "uv_size": [1, 25]},
								"down": {"uv": [10, 37], "uv_size": [1, -25]}
							}
						},
						{
							"origin": [-1.19531, -0.49188, -25],
							"size": [0.875, 0.98376, 25],
							"pivot": [-0.00781, 0, -13.5],
							"rotation": [0, 0, 45],
							"uv": {
								"north": {"uv": [32, 4], "uv_size": [1, 1]},
								"east": {"uv": [12, 12], "uv_size": [25, 1]},
								"south": {"uv": [32, 6], "uv_size": [1, 1]},
								"west": {"uv": [12, 14], "uv_size": [25, 1]},
								"up": {"uv": [12, 16], "uv_size": [1, 25]},
								"down": {"uv": [14, 41], "uv_size": [1, -25]}
							}
						},
						{
							"origin": [-0.49969, -1.1875, -25],
							"size": [0.98376, 0.875, 25],
							"pivot": [-0.00781, 0, -13.5],
							"rotation": [0, 0, -45],
							"uv": {
								"north": {"uv": [32, 28], "uv_size": [1, 1]},
								"east": {"uv": [16, 16], "uv_size": [25, 1]},
								"south": {"uv": [30, 32], "uv_size": [1, 1]},
								"west": {"uv": [16, 18], "uv_size": [25, 1]},
								"up": {"uv": [16, 20], "uv_size": [1, 25]},
								"down": {"uv": [18, 45], "uv_size": [1, -25]}
							}
						},
						{
							"origin": [-1.19531, -0.49188, -25],
							"size": [0.875, 0.98376, 25],
							"pivot": [-0.00781, 0, -13.5],
							"rotation": [0, 0, -45],
							"uv": {
								"north": {"uv": [32, 30], "uv_size": [1, 1]},
								"east": {"uv": [20, 20], "uv_size": [25, 1]},
								"south": {"uv": [32, 32], "uv_size": [1, 1]},
								"west": {"uv": [20, 22], "uv_size": [25, 1]},
								"up": {"uv": [20, 24], "uv_size": [1, 25]},
								"down": {"uv": [22, 49], "uv_size": [1, -25]}
							}
						},
						{
							"origin": [-1.19531, -0.49188, -25],
							"size": [0.875, 0.98376, 25],
							"uv": {
								"north": {"uv": [2, 34], "uv_size": [1, 1]},
								"east": {"uv": [24, 24], "uv_size": [25, 1]},
								"south": {"uv": [4, 34], "uv_size": [1, 1]},
								"west": {"uv": [26, 0], "uv_size": [25, 1]},
								"up": {"uv": [24, 26], "uv_size": [1, 25]},
								"down": {"uv": [26, 51], "uv_size": [1, -25]}
							}
						},
						{
							"origin": [0.30469, -0.49188, -25],
							"size": [0.90625, 0.98376, 25],
							"uv": {
								"north": {"uv": [34, 4], "uv_size": [1, 1]},
								"east": {"uv": [26, 2], "uv_size": [25, 1]},
								"south": {"uv": [6, 34], "uv_size": [1, 1]},
								"west": {"uv": [28, 26], "uv_size": [25, 1]},
								"up": {"uv": [28, 28], "uv_size": [1, 25]},
								"down": {"uv": [0, 55], "uv_size": [1, -25]}
							}
						},
						{
							"origin": [0.30469, -0.46599, -25.125],
							"size": [0.8125, 0.93198, 0.125],
							"uv": {
								"north": {"uv": [34, 6], "uv_size": [0.75, 1]},
								"east": {"uv": [36, 28], "uv_size": [0.25, 1]},
								"south": {"uv": [34, 8], "uv_size": [0.75, 1]},
								"west": {"uv": [30, 36], "uv_size": [0.25, 1]},
								"up": {"uv": [38, 10], "uv_size": [0.75, 0.25]},
								"down": {"uv": [38, 12.25], "uv_size": [0.75, -0.25]}
							}
						},
						{
							"origin": [-1.13281, -0.46599, -25.125],
							"size": [0.8125, 0.93198, 0.125],
							"uv": {
								"north": {"uv": [34, 10], "uv_size": [0.75, 1]},
								"east": {"uv": [36, 30], "uv_size": [0.25, 1]},
								"south": {"uv": [34, 28], "uv_size": [0.75, 1]},
								"west": {"uv": [32, 36], "uv_size": [0.25, 1]},
								"up": {"uv": [38, 14], "uv_size": [0.75, 0.25]},
								"down": {"uv": [38, 28.25], "uv_size": [0.75, -0.25]}
							}
						},
						{
							"origin": [-1.13281, -0.46599, -25.125],
							"size": [0.8125, 0.93198, 0.125],
							"pivot": [-0.00781, 0, -25.125],
							"rotation": [0, 0, -45],
							"uv": {
								"north": {"uv": [30, 34], "uv_size": [0.75, 1]},
								"east": {"uv": [36, 32], "uv_size": [0.25, 1]},
								"south": {"uv": [34, 30], "uv_size": [0.75, 1]},
								"west": {"uv": [34, 36], "uv_size": [0.25, 1]},
								"up": {"uv": [30, 38], "uv_size": [0.75, 0.25]},
								"down": {"uv": [38, 30.25], "uv_size": [0.75, -0.25]}
							}
						},
						{
							"origin": [-0.4738, -1.125, -25.125],
							"size": [0.93198, 0.8125, 0.125],
							"pivot": [-0.00781, 0, -25.125],
							"rotation": [0, 0, -45],
							"uv": {
								"north": {"uv": [32, 34], "uv_size": [1, 0.75]},
								"east": {"uv": [32, 38], "uv_size": [0.25, 0.75]},
								"south": {"uv": [34, 32], "uv_size": [1, 0.75]},
								"west": {"uv": [38, 32], "uv_size": [0.25, 0.75]},
								"up": {"uv": [36, 34], "uv_size": [1, 0.25]},
								"down": {"uv": [36, 36.25], "uv_size": [1, -0.25]}
							}
						},
						{
							"origin": [-1.13281, -0.46599, -25.125],
							"size": [0.8125, 0.93198, 0.125],
							"pivot": [-0.00781, 0, -25.125],
							"rotation": [0, 0, 45],
							"uv": {
								"north": {"uv": [34, 34], "uv_size": [0.75, 1]},
								"east": {"uv": [2, 38], "uv_size": [0.25, 1]},
								"south": {"uv": [2, 36], "uv_size": [0.75, 1]},
								"west": {"uv": [4, 38], "uv_size": [0.25, 1]},
								"up": {"uv": [34, 38], "uv_size": [0.75, 0.25]},
								"down": {"uv": [38, 34.25], "uv_size": [0.75, -0.25]}
							}
						},
						{
							"origin": [-0.4738, -1.125, -25.125],
							"size": [0.93198, 0.8125, 0.125],
							"uv": {
								"north": {"uv": [4, 36], "uv_size": [1, 0.75]},
								"east": {"uv": [36, 38], "uv_size": [0.25, 0.75]},
								"south": {"uv": [36, 4], "uv_size": [1, 0.75]},
								"west": {"uv": [38, 36], "uv_size": [0.25, 0.75]},
								"up": {"uv": [38, 4], "uv_size": [1, 0.25]},
								"down": {"uv": [6, 38.25], "uv_size": [1, -0.25]}
							}
						},
						{
							"origin": [-0.4738, 0.3125, -25.125],
							"size": [0.93198, 0.8125, 0.125],
							"uv": {
								"north": {"uv": [6, 36], "uv_size": [1, 0.75]},
								"east": {"uv": [38, 38], "uv_size": [0.25, 0.75]},
								"south": {"uv": [36, 6], "uv_size": [1, 0.75]},
								"west": {"uv": [2, 40], "uv_size": [0.25, 0.75]},
								"up": {"uv": [38, 6], "uv_size": [1, 0.25]},
								"down": {"uv": [8, 38.25], "uv_size": [1, -0.25]}
							}
						},
						{
							"origin": [-0.4738, 0.3125, -25.125],
							"size": [0.93198, 0.8125, 0.125],
							"pivot": [-0.00781, 0, -25.125],
							"rotation": [0, 0, 45],
							"uv": {
								"north": {"uv": [36, 8], "uv_size": [1, 0.75]},
								"east": {"uv": [4, 40], "uv_size": [0.25, 0.75]},
								"south": {"uv": [36, 10], "uv_size": [1, 0.75]},
								"west": {"uv": [40, 4], "uv_size": [0.25, 0.75]},
								"up": {"uv": [38, 8], "uv_size": [1, 0.25]},
								"down": {"uv": [10, 38.25], "uv_size": [1, -0.25]}
							}
						}
					]
				}
			]
		}
	]
}