{
	"format_version": "1.12.0",
	"minecraft:geometry": [
		{
			"description": {
				"identifier": "geometry.unknown",
				"texture_width": 64,
				"texture_height": 64,
				"visible_bounds_width": 2,
				"visible_bounds_height": 1.5,
				"visible_bounds_offset": [0, 0.25, 0]
			},
			"bones": [
				{
					"name": "x",
					"pivot": [-0.00317, 0.03811, -1.54452],
					"cubes": [
						{
							"origin": [-0.5625, -0.5, -3.0625],
							"size": [1.125, 0.25, 2.09375],
							"uv": {
								"north": {"uv": [12, 9], "uv_size": [1.25, 0.25]},
								"east": {"uv": [3, 0], "uv_size": [2, 0.25]},
								"south": {"uv": [12, 11], "uv_size": [1.25, 0.25]},
								"west": {"uv": [3, 2], "uv_size": [2, 0.25]},
								"up": {"uv": [0, 0], "uv_size": [1.25, 2]},
								"down": {"uv": [0, 5], "uv_size": [1.25, -2]}
							}
						},
						{
							"origin": [-0.46875, -0.25, -3.0625],
							"size": [0.21875, 0.375, 0.15625],
							"uv": {
								"north": {"uv": [14, 21], "uv_size": [0.25, 0.5]},
								"east": {"uv": [2, 22], "uv_size": [0.25, 0.5]},
								"south": {"uv": [22, 2], "uv_size": [0.25, 0.5]},
								"west": {"uv": [22, 6], "uv_size": [0.25, 0.5]},
								"up": {"uv": [30, 26], "uv_size": [0.25, 0.25]},
								"down": {"uv": [28, 30.25], "uv_size": [0.25, -0.25]}
							}
						},
						{
							"origin": [-0.25, -0.375, -3.0625],
							"size": [0.125, 0.25, 0.15625],
							"pivot": [-0.23437, -0.28125, -2.98437],
							"rotation": [0, 0, -45],
							"uv": {
								"north": {"uv": [30, 28], "uv_size": [0.25, 0.25]},
								"east": {"uv": [30, 30], "uv_size": [0.25, 0.25]},
								"south": {"uv": [0, 31], "uv_size": [0.25, 0.25]},
								"west": {"uv": [31, 0], "uv_size": [0.25, 0.25]},
								"up": {"uv": [4, 31], "uv_size": [0.25, 0.25]},
								"down": {"uv": [31, 4.25], "uv_size": [0.25, -0.25]}
							}
						},
						{
							"origin": [0.125, 0.125, -3.0625],
							"size": [0.0625, 0.25, 0.15625],
							"pivot": [0.23438, 0.28125, -2.98437],
							"rotation": [0, 0, -45],
							"uv": {
								"north": {"uv": [6, 31], "uv_size": [0.25, 0.25]},
								"east": {"uv": [31, 8], "uv_size": [0.25, 0.25]},
								"south": {"uv": [10, 31], "uv_size": [0.25, 0.25]},
								"west": {"uv": [31, 10], "uv_size": [0.25, 0.25]},
								"up": {"uv": [12, 31], "uv_size": [0.25, 0.25]},
								"down": {"uv": [14, 31.25], "uv_size": [0.25, -0.25]}
							}
						},
						{
							"origin": [-0.1875, 0.125, -3.0625],
							"size": [0.0625, 0.25, 0.15625],
							"pivot": [-0.23437, 0.28125, -2.98437],
							"rotation": [0, 0, 45],
							"uv": {
								"north": {"uv": [2, 32], "uv_size": [0.25, 0.25]},
								"east": {"uv": [32, 2], "uv_size": [0.25, 0.25]},
								"south": {"uv": [32, 6], "uv_size": [0.25, 0.25]},
								"west": {"uv": [8, 32], "uv_size": [0.25, 0.25]},
								"up": {"uv": [32, 12], "uv_size": [0.25, 0.25]},
								"down": {"uv": [32, 14.25], "uv_size": [0.25, -0.25]}
							}
						},
						{
							"origin": [0.125, -0.375, -3.0625],
							"size": [0.125, 0.25, 0.15625],
							"pivot": [0.23438, -0.28125, -2.98437],
							"rotation": [0, 0, 45],
							"uv": {
								"north": {"uv": [16, 32], "uv_size": [0.25, 0.25]},
								"east": {"uv": [32, 16], "uv_size": [0.25, 0.25]},
								"south": {"uv": [18, 32], "uv_size": [0.25, 0.25]},
								"west": {"uv": [32, 18], "uv_size": [0.25, 0.25]},
								"up": {"uv": [20, 32], "uv_size": [0.25, 0.25]},
								"down": {"uv": [32, 20.25], "uv_size": [0.25, -0.25]}
							}
						},
						{
							"origin": [0.25, -0.25, -3.0625],
							"size": [0.21875, 0.375, 0.15625],
							"uv": {
								"north": {"uv": [8, 22], "uv_size": [0.25, 0.5]},
								"east": {"uv": [22, 12], "uv_size": [0.25, 0.5]},
								"south": {"uv": [22, 14], "uv_size": [0.25, 0.5]},
								"west": {"uv": [16, 22], "uv_size": [0.25, 0.5]},
								"up": {"uv": [22, 32], "uv_size": [0.25, 0.25]},
								"down": {"uv": [32, 22.25], "uv_size": [0.25, -0.25]}
							}
						},
						{
							"origin": [0.27054, -0.42955, -1.02935],
							"size": [0.34375, 0.25, 0.1875],
							"pivot": [0.47366, -0.32017, -0.9356],
							"rotation": [0, 45, 30],
							"uv": {
								"north": {"uv": [24, 32], "uv_size": [0.25, 0.25]},
								"east": {"uv": [32, 24], "uv_size": [0.25, 0.25]},
								"south": {"uv": [26, 32], "uv_size": [0.25, 0.25]},
								"west": {"uv": [32, 26], "uv_size": [0.25, 0.25]},
								"up": {"uv": [28, 32], "uv_size": [0.25, 0.25]},
								"down": {"uv": [32, 28.25], "uv_size": [0.25, -0.25]}
							}
						},
						{
							"origin": [-0.61429, -0.42955, -1.02935],
							"size": [0.34375, 0.25, 0.1875],
							"pivot": [-0.47366, -0.32017, -0.9356],
							"rotation": [0, -45, -30],
							"uv": {
								"north": {"uv": [30, 32], "uv_size": [0.25, 0.25]},
								"east": {"uv": [32, 30], "uv_size": [0.25, 0.25]},
								"south": {"uv": [32, 32], "uv_size": [0.25, 0.25]},
								"west": {"uv": [0, 33], "uv_size": [0.25, 0.25]},
								"up": {"uv": [33, 0], "uv_size": [0.25, 0.25]},
								"down": {"uv": [4, 33.25], "uv_size": [0.25, -0.25]}
							}
						},
						{
							"origin": [0.25869, -0.35582, -3.0625],
							"size": [0.21875, 0.798, 0.15625],
							"pivot": [0.27431, 0.11293, -3.01562],
							"rotation": [0, 0, -30.55],
							"uv": {
								"north": {"uv": [0, 15], "uv_size": [0.25, 0.75]},
								"east": {"uv": [15, 0], "uv_size": [0.25, 0.75]},
								"south": {"uv": [4, 15], "uv_size": [0.25, 0.75]},
								"west": {"uv": [15, 4], "uv_size": [0.25, 0.75]},
								"up": {"uv": [33, 4], "uv_size": [0.25, 0.25]},
								"down": {"uv": [6, 33.25], "uv_size": [0.25, -0.25]}
							}
						},
						{
							"origin": [0.125, 0.125, -2.6875],
							"size": [0.0625, 0.25, 0.15625],
							"pivot": [0.23438, 0.28125, -2.60937],
							"rotation": [0, 0, -45],
							"uv": {
								"north": {"uv": [33, 8], "uv_size": [0.25, 0.25]},
								"east": {"uv": [10, 33], "uv_size": [0.25, 0.25]},
								"south": {"uv": [33, 10], "uv_size": [0.25, 0.25]},
								"west": {"uv": [12, 33], "uv_size": [0.25, 0.25]},
								"up": {"uv": [14, 33], "uv_size": [0.25, 0.25]},
								"down": {"uv": [2, 34.25], "uv_size": [0.25, -0.25]}
							}
						},
						{
							"origin": [-0.1875, 0.125, -2.6875],
							"size": [0.0625, 0.25, 0.15625],
							"pivot": [-0.23437, 0.28125, -2.60937],
							"rotation": [0, 0, 45],
							"uv": {
								"north": {"uv": [34, 2], "uv_size": [0.25, 0.25]},
								"east": {"uv": [34, 6], "uv_size": [0.25, 0.25]},
								"south": {"uv": [8, 34], "uv_size": [0.25, 0.25]},
								"west": {"uv": [34, 12], "uv_size": [0.25, 0.25]},
								"up": {"uv": [34, 14], "uv_size": [0.25, 0.25]},
								"down": {"uv": [16, 34.25], "uv_size": [0.25, -0.25]}
							}
						},
						{
							"origin": [0.125, -0.375, -2.6875],
							"size": [0.125, 0.25, 0.15625],
							"pivot": [0.23438, -0.28125, -2.60937],
							"rotation": [0, 0, 45],
							"uv": {
								"north": {"uv": [34, 16], "uv_size": [0.25, 0.25]},
								"east": {"uv": [18, 34], "uv_size": [0.25, 0.25]},
								"south": {"uv": [34, 18], "uv_size": [0.25, 0.25]},
								"west": {"uv": [20, 34], "uv_size": [0.25, 0.25]},
								"up": {"uv": [34, 20], "uv_size": [0.25, 0.25]},
								"down": {"uv": [22, 34.25], "uv_size": [0.25, -0.25]}
							}
						},
						{
							"origin": [-0.25, -0.375, -1.5625],
							"size": [0.125, 0.25, 0.15625],
							"pivot": [-0.23437, -0.28125, -1.48437],
							"rotation": [0, 0, -45],
							"uv": {
								"north": {"uv": [34, 22], "uv_size": [0.25, 0.25]},
								"east": {"uv": [24, 34], "uv_size": [0.25, 0.25]},
								"south": {"uv": [34, 24], "uv_size": [0.25, 0.25]},
								"west": {"uv": [26, 34], "uv_size": [0.25, 0.25]},
								"up": {"uv": [34, 26], "uv_size": [0.25, 0.25]},
								"down": {"uv": [28, 34.25], "uv_size": [0.25, -0.25]}
							}
						},
						{
							"origin": [-0.25, -0.375, -1.9375],
							"size": [0.125, 0.25, 0.15625],
							"pivot": [-0.23437, -0.28125, -1.85937],
							"rotation": [0, 0, -45],
							"uv": {
								"north": {"uv": [34, 28], "uv_size": [0.25, 0.25]},
								"east": {"uv": [30, 34], "uv_size": [0.25, 0.25]},
								"south": {"uv": [34, 30], "uv_size": [0.25, 0.25]},
								"west": {"uv": [32, 34], "uv_size": [0.25, 0.25]},
								"up": {"uv": [34, 32], "uv_size": [0.25, 0.25]},
								"down": {"uv": [34, 34.25], "uv_size": [0.25, -0.25]}
							}
						},
						{
							"origin": [-0.25, -0.375, -2.3125],
							"size": [0.125, 0.25, 0.15625],
							"pivot": [-0.23437, -0.28125, -2.23437],
							"rotation": [0, 0, -45],
							"uv": {
								"north": {"uv": [0, 35], "uv_size": [0.25, 0.25]},
								"east": {"uv": [35, 0], "uv_size": [0.25, 0.25]},
								"south": {"uv": [4, 35], "uv_size": [0.25, 0.25]},
								"west": {"uv": [35, 4], "uv_size": [0.25, 0.25]},
								"up": {"uv": [6, 35], "uv_size": [0.25, 0.25]},
								"down": {"uv": [35, 8.25], "uv_size": [0.25, -0.25]}
							}
						},
						{
							"origin": [-0.25, -0.375, -2.6875],
							"size": [0.125, 0.25, 0.15625],
							"pivot": [-0.23437, -0.28125, -2.60937],
							"rotation": [0, 0, -45],
							"uv": {
								"north": {"uv": [10, 35], "uv_size": [0.25, 0.25]},
								"east": {"uv": [35, 10], "uv_size": [0.25, 0.25]},
								"south": {"uv": [12, 35], "uv_size": [0.25, 0.25]},
								"west": {"uv": [14, 35], "uv_size": [0.25, 0.25]},
								"up": {"uv": [2, 36], "uv_size": [0.25, 0.25]},
								"down": {"uv": [36, 2.25], "uv_size": [0.25, -0.25]}
							}
						},
						{
							"origin": [0.25, -0.25, -2.6875],
							"size": [0.21875, 0.375, 0.15625],
							"uv": {
								"north": {"uv": [22, 16], "uv_size": [0.25, 0.5]},
								"east": {"uv": [18, 22], "uv_size": [0.25, 0.5]},
								"south": {"uv": [22, 18], "uv_size": [0.25, 0.5]},
								"west": {"uv": [20, 22], "uv_size": [0.25, 0.5]},
								"up": {"uv": [36, 6], "uv_size": [0.25, 0.25]},
								"down": {"uv": [8, 36.25], "uv_size": [0.25, -0.25]}
							}
						},
						{
							"origin": [-0.46875, -0.25, -2.6875],
							"size": [0.21875, 0.375, 0.15625],
							"uv": {
								"north": {"uv": [22, 20], "uv_size": [0.25, 0.5]},
								"east": {"uv": [22, 22], "uv_size": [0.25, 0.5]},
								"south": {"uv": [0, 23], "uv_size": [0.25, 0.5]},
								"west": {"uv": [23, 0], "uv_size": [0.25, 0.5]},
								"up": {"uv": [36, 12], "uv_size": [0.25, 0.25]},
								"down": {"uv": [36, 14.25], "uv_size": [0.25, -0.25]}
							}
						},
						{
							"origin": [-0.47744, -0.35582, -2.6875],
							"size": [0.21875, 0.798, 0.15625],
							"pivot": [-0.27431, 0.11293, -2.64062],
							"rotation": [0, 0, 30.55],
							"uv": {
								"north": {"uv": [6, 15], "uv_size": [0.25, 0.75]},
								"east": {"uv": [15, 8], "uv_size": [0.25, 0.75]},
								"south": {"uv": [10, 15], "uv_size": [0.25, 0.75]},
								"west": {"uv": [15, 10], "uv_size": [0.25, 0.75]},
								"up": {"uv": [16, 36], "uv_size": [0.25, 0.25]},
								"down": {"uv": [36, 16.25], "uv_size": [0.25, -0.25]}
							}
						},
						{
							"origin": [-0.28125, 0.25, -2.6875],
							"size": [0.5625, 0.25, 0.15625],
							"uv": {
								"north": {"uv": [4, 23], "uv_size": [0.5, 0.25]},
								"east": {"uv": [18, 36], "uv_size": [0.25, 0.25]},
								"south": {"uv": [23, 4], "uv_size": [0.5, 0.25]},
								"west": {"uv": [36, 18], "uv_size": [0.25, 0.25]},
								"up": {"uv": [6, 23], "uv_size": [0.5, 0.25]},
								"down": {"uv": [23, 8.25], "uv_size": [0.5, -0.25]}
							}
						},
						{
							"origin": [0.25869, -0.35582, -2.6875],
							"size": [0.21875, 0.798, 0.15625],
							"pivot": [0.27431, 0.11293, -2.64062],
							"rotation": [0, 0, -30.55],
							"uv": {
								"north": {"uv": [12, 15], "uv_size": [0.25, 0.75]},
								"east": {"uv": [14, 15], "uv_size": [0.25, 0.75]},
								"south": {"uv": [2, 16], "uv_size": [0.25, 0.75]},
								"west": {"uv": [16, 2], "uv_size": [0.25, 0.75]},
								"up": {"uv": [20, 36], "uv_size": [0.25, 0.25]},
								"down": {"uv": [36, 20.25], "uv_size": [0.25, -0.25]}
							}
						},
						{
							"origin": [0.125, 0.125, -2.3125],
							"size": [0.0625, 0.25, 0.15625],
							"pivot": [0.23438, 0.28125, -2.23437],
							"rotation": [0, 0, -45],
							"uv": {
								"north": {"uv": [22, 36], "uv_size": [0.25, 0.25]},
								"east": {"uv": [36, 22], "uv_size": [0.25, 0.25]},
								"south": {"uv": [24, 36], "uv_size": [0.25, 0.25]},
								"west": {"uv": [36, 24], "uv_size": [0.25, 0.25]},
								"up": {"uv": [26, 36], "uv_size": [0.25, 0.25]},
								"down": {"uv": [36, 26.25], "uv_size": [0.25, -0.25]}
							}
						},
						{
							"origin": [-0.1875, 0.125, -2.3125],
							"size": [0.0625, 0.25, 0.15625],
							"pivot": [-0.23437, 0.28125, -2.23437],
							"rotation": [0, 0, 45],
							"uv": {
								"north": {"uv": [28, 36], "uv_size": [0.25, 0.25]},
								"east": {"uv": [36, 28], "uv_size": [0.25, 0.25]},
								"south": {"uv": [30, 36], "uv_size": [0.25, 0.25]},
								"west": {"uv": [36, 30], "uv_size": [0.25, 0.25]},
								"up": {"uv": [32, 36], "uv_size": [0.25, 0.25]},
								"down": {"uv": [36, 32.25], "uv_size": [0.25, -0.25]}
							}
						},
						{
							"origin": [0.125, -0.375, -2.3125],
							"size": [0.125, 0.25, 0.15625],
							"pivot": [0.23438, -0.28125, -2.23437],
							"rotation": [0, 0, 45],
							"uv": {
								"north": {"uv": [34, 36], "uv_size": [0.25, 0.25]},
								"east": {"uv": [36, 34], "uv_size": [0.25, 0.25]},
								"south": {"uv": [36, 36], "uv_size": [0.25, 0.25]},
								"west": {"uv": [0, 37], "uv_size": [0.25, 0.25]},
								"up": {"uv": [37, 0], "uv_size": [0.25, 0.25]},
								"down": {"uv": [4, 37.25], "uv_size": [0.25, -0.25]}
							}
						},
						{
							"origin": [0.25, -0.25, -2.3125],
							"size": [0.21875, 0.375, 0.15625],
							"uv": {
								"north": {"uv": [10, 23], "uv_size": [0.25, 0.5]},
								"east": {"uv": [23, 10], "uv_size": [0.25, 0.5]},
								"south": {"uv": [12, 23], "uv_size": [0.25, 0.5]},
								"west": {"uv": [14, 23], "uv_size": [0.25, 0.5]},
								"up": {"uv": [37, 4], "uv_size": [0.25, 0.25]},
								"down": {"uv": [6, 37.25], "uv_size": [0.25, -0.25]}
							}
						},
						{
							"origin": [-0.46875, -0.25, -2.3125],
							"size": [0.21875, 0.375, 0.15625],
							"uv": {
								"north": {"uv": [2, 24], "uv_size": [0.25, 0.5]},
								"east": {"uv": [24, 2], "uv_size": [0.25, 0.5]},
								"south": {"uv": [24, 6], "uv_size": [0.25, 0.5]},
								"west": {"uv": [8, 24], "uv_size": [0.25, 0.5]},
								"up": {"uv": [37, 8], "uv_size": [0.25, 0.25]},
								"down": {"uv": [10, 37.25], "uv_size": [0.25, -0.25]}
							}
						},
						{
							"origin": [-0.47744, -0.35582, -2.3125],
							"size": [0.21875, 0.798, 0.15625],
							"pivot": [-0.27431, 0.11293, -2.26562],
							"rotation": [0, 0, 30.55],
							"uv": {
								"north": {"uv": [16, 6], "uv_size": [0.25, 0.75]},
								"east": {"uv": [8, 16], "uv_size": [0.25, 0.75]},
								"south": {"uv": [16, 12], "uv_size": [0.25, 0.75]},
								"west": {"uv": [16, 14], "uv_size": [0.25, 0.75]},
								"up": {"uv": [37, 10], "uv_size": [0.25, 0.25]},
								"down": {"uv": [12, 37.25], "uv_size": [0.25, -0.25]}
							}
						},
						{
							"origin": [-0.28125, 0.25, -2.3125],
							"size": [0.5625, 0.25, 0.15625],
							"uv": {
								"north": {"uv": [24, 12], "uv_size": [0.5, 0.25]},
								"east": {"uv": [14, 37], "uv_size": [0.25, 0.25]},
								"south": {"uv": [24, 14], "uv_size": [0.5, 0.25]},
								"west": {"uv": [2, 38], "uv_size": [0.25, 0.25]},
								"up": {"uv": [16, 24], "uv_size": [0.5, 0.25]},
								"down": {"uv": [24, 16.25], "uv_size": [0.5, -0.25]}
							}
						},
						{
							"origin": [0.25869, -0.35582, -2.3125],
							"size": [0.21875, 0.798, 0.15625],
							"pivot": [0.27431, 0.11293, -2.26562],
							"rotation": [0, 0, -30.55],
							"uv": {
								"north": {"uv": [16, 16], "uv_size": [0.25, 0.75]},
								"east": {"uv": [0, 17], "uv_size": [0.25, 0.75]},
								"south": {"uv": [17, 0], "uv_size": [0.25, 0.75]},
								"west": {"uv": [4, 17], "uv_size": [0.25, 0.75]},
								"up": {"uv": [38, 2], "uv_size": [0.25, 0.25]},
								"down": {"uv": [38, 6.25], "uv_size": [0.25, -0.25]}
							}
						},
						{
							"origin": [0.125, 0.125, -1.9375],
							"size": [0.0625, 0.25, 0.15625],
							"pivot": [0.23438, 0.28125, -1.85937],
							"rotation": [0, 0, -45],
							"uv": {
								"north": {"uv": [8, 38], "uv_size": [0.25, 0.25]},
								"east": {"uv": [38, 12], "uv_size": [0.25, 0.25]},
								"south": {"uv": [38, 14], "uv_size": [0.25, 0.25]},
								"west": {"uv": [16, 38], "uv_size": [0.25, 0.25]},
								"up": {"uv": [38, 16], "uv_size": [0.25, 0.25]},
								"down": {"uv": [18, 38.25], "uv_size": [0.25, -0.25]}
							}
						},
						{
							"origin": [-0.1875, 0.125, -1.9375],
							"size": [0.0625, 0.25, 0.15625],
							"pivot": [-0.23437, 0.28125, -1.85937],
							"rotation": [0, 0, 45],
							"uv": {
								"north": {"uv": [38, 18], "uv_size": [0.25, 0.25]},
								"east": {"uv": [20, 38], "uv_size": [0.25, 0.25]},
								"south": {"uv": [38, 20], "uv_size": [0.25, 0.25]},
								"west": {"uv": [22, 38], "uv_size": [0.25, 0.25]},
								"up": {"uv": [38, 22], "uv_size": [0.25, 0.25]},
								"down": {"uv": [24, 38.25], "uv_size": [0.25, -0.25]}
							}
						},
						{
							"origin": [0.125, -0.375, -1.9375],
							"size": [0.125, 0.25, 0.15625],
							"pivot": [0.23438, -0.28125, -1.85937],
							"rotation": [0, 0, 45],
							"uv": {
								"north": {"uv": [38, 24], "uv_size": [0.25, 0.25]},
								"east": {"uv": [26, 38], "uv_size": [0.25, 0.25]},
								"south": {"uv": [38, 26], "uv_size": [0.25, 0.25]},
								"west": {"uv": [28, 38], "uv_size": [0.25, 0.25]},
								"up": {"uv": [38, 28], "uv_size": [0.25, 0.25]},
								"down": {"uv": [30, 38.25], "uv_size": [0.25, -0.25]}
							}
						},
						{
							"origin": [0.25, -0.25, -1.9375],
							"size": [0.21875, 0.375, 0.15625],
							"uv": {
								"north": {"uv": [18, 24], "uv_size": [0.25, 0.5]},
								"east": {"uv": [24, 18], "uv_size": [0.25, 0.5]},
								"south": {"uv": [20, 24], "uv_size": [0.25, 0.5]},
								"west": {"uv": [24, 20], "uv_size": [0.25, 0.5]},
								"up": {"uv": [38, 30], "uv_size": [0.25, 0.25]},
								"down": {"uv": [32, 38.25], "uv_size": [0.25, -0.25]}
							}
						},
						{
							"origin": [-0.46875, -0.25, -1.9375],
							"size": [0.21875, 0.375, 0.15625],
							"uv": {
								"north": {"uv": [22, 24], "uv_size": [0.25, 0.5]},
								"east": {"uv": [24, 22], "uv_size": [0.25, 0.5]},
								"south": {"uv": [24, 24], "uv_size": [0.25, 0.5]},
								"west": {"uv": [0, 25], "uv_size": [0.25, 0.5]},
								"up": {"uv": [38, 32], "uv_size": [0.25, 0.25]},
								"down": {"uv": [34, 38.25], "uv_size": [0.25, -0.25]}
							}
						},
						{
							"origin": [-0.47744, -0.35582, -1.9375],
							"size": [0.21875, 0.798, 0.15625],
							"pivot": [-0.27431, 0.11293, -1.89062],
							"rotation": [0, 0, 30.55],
							"uv": {
								"north": {"uv": [17, 4], "uv_size": [0.25, 0.75]},
								"east": {"uv": [6, 17], "uv_size": [0.25, 0.75]},
								"south": {"uv": [17, 8], "uv_size": [0.25, 0.75]},
								"west": {"uv": [10, 17], "uv_size": [0.25, 0.75]},
								"up": {"uv": [38, 34], "uv_size": [0.25, 0.25]},
								"down": {"uv": [36, 38.25], "uv_size": [0.25, -0.25]}
							}
						},
						{
							"origin": [-0.28125, 0.25, -1.9375],
							"size": [0.5625, 0.25, 0.15625],
							"uv": {
								"north": {"uv": [25, 0], "uv_size": [0.5, 0.25]},
								"east": {"uv": [38, 36], "uv_size": [0.25, 0.25]},
								"south": {"uv": [4, 25], "uv_size": [0.5, 0.25]},
								"west": {"uv": [38, 38], "uv_size": [0.25, 0.25]},
								"up": {"uv": [25, 4], "uv_size": [0.5, 0.25]},
								"down": {"uv": [6, 25.25], "uv_size": [0.5, -0.25]}
							}
						},
						{
							"origin": [0.25869, -0.35582, -1.9375],
							"size": [0.21875, 0.798, 0.15625],
							"pivot": [0.27431, 0.11293, -1.89062],
							"rotation": [0, 0, -30.55],
							"uv": {
								"north": {"uv": [17, 10], "uv_size": [0.25, 0.75]},
								"east": {"uv": [12, 17], "uv_size": [0.25, 0.75]},
								"south": {"uv": [14, 17], "uv_size": [0.25, 0.75]},
								"west": {"uv": [2, 18], "uv_size": [0.25, 0.75]},
								"up": {"uv": [0, 39], "uv_size": [0.25, 0.25]},
								"down": {"uv": [39, 0.25], "uv_size": [0.25, -0.25]}
							}
						},
						{
							"origin": [0.125, 0.125, -1.5625],
							"size": [0.0625, 0.25, 0.15625],
							"pivot": [0.23438, 0.28125, -1.48437],
							"rotation": [0, 0, -45],
							"uv": {
								"north": {"uv": [4, 39], "uv_size": [0.25, 0.25]},
								"east": {"uv": [39, 4], "uv_size": [0.25, 0.25]},
								"south": {"uv": [6, 39], "uv_size": [0.25, 0.25]},
								"west": {"uv": [39, 8], "uv_size": [0.25, 0.25]},
								"up": {"uv": [10, 39], "uv_size": [0.25, 0.25]},
								"down": {"uv": [39, 10.25], "uv_size": [0.25, -0.25]}
							}
						},
						{
							"origin": [-0.1875, 0.125, -1.5625],
							"size": [0.0625, 0.25, 0.15625],
							"pivot": [-0.23437, 0.28125, -1.48437],
							"rotation": [0, 0, 45],
							"uv": {
								"north": {"uv": [12, 39], "uv_size": [0.25, 0.25]},
								"east": {"uv": [14, 39], "uv_size": [0.25, 0.25]},
								"south": {"uv": [2, 40], "uv_size": [0.25, 0.25]},
								"west": {"uv": [40, 2], "uv_size": [0.25, 0.25]},
								"up": {"uv": [40, 6], "uv_size": [0.25, 0.25]},
								"down": {"uv": [8, 40.25], "uv_size": [0.25, -0.25]}
							}
						},
						{
							"origin": [0.125, -0.375, -1.5625],
							"size": [0.125, 0.25, 0.15625],
							"pivot": [0.23438, -0.28125, -1.48437],
							"rotation": [0, 0, 45],
							"uv": {
								"north": {"uv": [40, 12], "uv_size": [0.25, 0.25]},
								"east": {"uv": [40, 14], "uv_size": [0.25, 0.25]},
								"south": {"uv": [16, 40], "uv_size": [0.25, 0.25]},
								"west": {"uv": [40, 16], "uv_size": [0.25, 0.25]},
								"up": {"uv": [18, 40], "uv_size": [0.25, 0.25]},
								"down": {"uv": [40, 18.25], "uv_size": [0.25, -0.25]}
							}
						},
						{
							"origin": [0.25, -0.25, -1.5625],
							"size": [0.21875, 0.375, 0.15625],
							"uv": {
								"north": {"uv": [25, 8], "uv_size": [0.25, 0.5]},
								"east": {"uv": [10, 25], "uv_size": [0.25, 0.5]},
								"south": {"uv": [25, 10], "uv_size": [0.25, 0.5]},
								"west": {"uv": [12, 25], "uv_size": [0.25, 0.5]},
								"up": {"uv": [20, 40], "uv_size": [0.25, 0.25]},
								"down": {"uv": [40, 20.25], "uv_size": [0.25, -0.25]}
							}
						},
						{
							"origin": [-0.46875, -0.25, -1.5625],
							"size": [0.21875, 0.375, 0.15625],
							"uv": {
								"north": {"uv": [14, 25], "uv_size": [0.25, 0.5]},
								"east": {"uv": [2, 26], "uv_size": [0.25, 0.5]},
								"south": {"uv": [26, 2], "uv_size": [0.25, 0.5]},
								"west": {"uv": [26, 6], "uv_size": [0.25, 0.5]},
								"up": {"uv": [22, 40], "uv_size": [0.25, 0.25]},
								"down": {"uv": [40, 22.25], "uv_size": [0.25, -0.25]}
							}
						},
						{
							"origin": [-0.47744, -0.35582, -1.5625],
							"size": [0.21875, 0.798, 0.15625],
							"pivot": [-0.27431, 0.11293, -1.51562],
							"rotation": [0, 0, 30.55],
							"uv": {
								"north": {"uv": [18, 2], "uv_size": [0.25, 0.75]},
								"east": {"uv": [18, 6], "uv_size": [0.25, 0.75]},
								"south": {"uv": [8, 18], "uv_size": [0.25, 0.75]},
								"west": {"uv": [18, 12], "uv_size": [0.25, 0.75]},
								"up": {"uv": [24, 40], "uv_size": [0.25, 0.25]},
								"down": {"uv": [40, 24.25], "uv_size": [0.25, -0.25]}
							}
						},
						{
							"origin": [-0.28125, 0.25, -1.5625],
							"size": [0.5625, 0.25, 0.15625],
							"uv": {
								"north": {"uv": [8, 26], "uv_size": [0.5, 0.25]},
								"east": {"uv": [26, 40], "uv_size": [0.25, 0.25]},
								"south": {"uv": [26, 12], "uv_size": [0.5, 0.25]},
								"west": {"uv": [40, 26], "uv_size": [0.25, 0.25]},
								"up": {"uv": [26, 14], "uv_size": [0.5, 0.25]},
								"down": {"uv": [16, 26.25], "uv_size": [0.5, -0.25]}
							}
						},
						{
							"origin": [-0.1875, 0.09375, -1.1875],
							"size": [0.0625, 0.28125, 0.125],
							"pivot": [-0.23437, 0.28125, -1.10937],
							"rotation": [0, 0, 45],
							"uv": {
								"north": {"uv": [28, 40], "uv_size": [0.25, 0.25]},
								"east": {"uv": [40, 28], "uv_size": [0.25, 0.25]},
								"south": {"uv": [30, 40], "uv_size": [0.25, 0.25]},
								"west": {"uv": [40, 30], "uv_size": [0.25, 0.25]},
								"up": {"uv": [32, 40], "uv_size": [0.25, 0.25]},
								"down": {"uv": [40, 32.25], "uv_size": [0.25, -0.25]}
							}
						},
						{
							"origin": [-0.46875, -0.25, -1.1875],
							"size": [0.21875, 0.375, 0.125],
							"uv": {
								"north": {"uv": [26, 16], "uv_size": [0.25, 0.5]},
								"east": {"uv": [18, 26], "uv_size": [0.25, 0.5]},
								"south": {"uv": [26, 18], "uv_size": [0.25, 0.5]},
								"west": {"uv": [20, 26], "uv_size": [0.25, 0.5]},
								"up": {"uv": [34, 40], "uv_size": [0.25, 0.25]},
								"down": {"uv": [40, 34.25], "uv_size": [0.25, -0.25]}
							}
						},
						{
							"origin": [-0.25, -0.375, -1.1875],
							"size": [0.125, 0.25, 0.125],
							"pivot": [-0.23437, -0.28125, -1.10937],
							"rotation": [0, 0, -45],
							"uv": {
								"north": {"uv": [36, 40], "uv_size": [0.25, 0.25]},
								"east": {"uv": [40, 36], "uv_size": [0.25, 0.25]},
								"south": {"uv": [38, 40], "uv_size": [0.25, 0.25]},
								"west": {"uv": [40, 38], "uv_size": [0.25, 0.25]},
								"up": {"uv": [40, 40], "uv_size": [0.25, 0.25]},
								"down": {"uv": [0, 41.25], "uv_size": [0.25, -0.25]}
							}
						},
						{
							"origin": [0.125, -0.375, -1.1875],
							"size": [0.125, 0.25, 0.15625],
							"pivot": [0.23438, -0.28125, -1.10937],
							"rotation": [0, 0, 45],
							"uv": {
								"north": {"uv": [41, 0], "uv_size": [0.25, 0.25]},
								"east": {"uv": [4, 41], "uv_size": [0.25, 0.25]},
								"south": {"uv": [41, 4], "uv_size": [0.25, 0.25]},
								"west": {"uv": [6, 41], "uv_size": [0.25, 0.25]},
								"up": {"uv": [41, 8], "uv_size": [0.25, 0.25]},
								"down": {"uv": [10, 41.25], "uv_size": [0.25, -0.25]}
							}
						},
						{
							"origin": [0.25, -0.25, -1.1875],
							"size": [0.21875, 0.375, 0.125],
							"uv": {
								"north": {"uv": [26, 20], "uv_size": [0.25, 0.5]},
								"east": {"uv": [22, 26], "uv_size": [0.25, 0.5]},
								"south": {"uv": [26, 22], "uv_size": [0.25, 0.5]},
								"west": {"uv": [24, 26], "uv_size": [0.25, 0.5]},
								"up": {"uv": [41, 10], "uv_size": [0.25, 0.25]},
								"down": {"uv": [12, 41.25], "uv_size": [0.25, -0.25]}
							}
						},
						{
							"origin": [0.125, 0.09375, -1.1875],
							"size": [0.0625, 0.28125, 0.125],
							"pivot": [0.23438, 0.28125, -1.10937],
							"rotation": [0, 0, -45],
							"uv": {
								"north": {"uv": [14, 41], "uv_size": [0.25, 0.25]},
								"east": {"uv": [2, 42], "uv_size": [0.25, 0.25]},
								"south": {"uv": [42, 2], "uv_size": [0.25, 0.25]},
								"west": {"uv": [42, 6], "uv_size": [0.25, 0.25]},
								"up": {"uv": [8, 42], "uv_size": [0.25, 0.25]},
								"down": {"uv": [42, 12.25], "uv_size": [0.25, -0.25]}
							}
						},
						{
							"origin": [-0.28125, 0.25, -1.1875],
							"size": [0.5625, 0.25, 0.125],
							"uv": {
								"north": {"uv": [26, 24], "uv_size": [0.5, 0.25]},
								"east": {"uv": [42, 14], "uv_size": [0.25, 0.25]},
								"south": {"uv": [26, 26], "uv_size": [0.5, 0.25]},
								"west": {"uv": [16, 42], "uv_size": [0.25, 0.25]},
								"up": {"uv": [0, 27], "uv_size": [0.5, 0.25]},
								"down": {"uv": [27, 0.25], "uv_size": [0.5, -0.25]}
							}
						},
						{
							"origin": [0.25869, -0.35582, -1.5625],
							"size": [0.21875, 0.798, 0.15625],
							"pivot": [0.27431, 0.11293, -1.51562],
							"rotation": [0, 0, -30.55],
							"uv": {
								"north": {"uv": [18, 14], "uv_size": [0.25, 0.75]},
								"east": {"uv": [16, 18], "uv_size": [0.25, 0.75]},
								"south": {"uv": [18, 16], "uv_size": [0.25, 0.75]},
								"west": {"uv": [18, 18], "uv_size": [0.25, 0.75]},
								"up": {"uv": [42, 16], "uv_size": [0.25, 0.25]},
								"down": {"uv": [18, 42.25], "uv_size": [0.25, -0.25]}
							}
						},
						{
							"origin": [0.1875, 0.1875, -1.1875],
							"size": [0.09375, 0.09375, 0.125],
							"pivot": [0.23438, 0.20313, -1.125],
							"rotation": [0, 0, 17.5],
							"uv": {
								"north": {"uv": [42, 18], "uv_size": [0.25, 0.25]},
								"east": {"uv": [20, 42], "uv_size": [0.25, 0.25]},
								"south": {"uv": [42, 20], "uv_size": [0.25, 0.25]},
								"west": {"uv": [22, 42], "uv_size": [0.25, 0.25]},
								"up": {"uv": [42, 22], "uv_size": [0.25, 0.25]},
								"down": {"uv": [24, 42.25], "uv_size": [0.25, -0.25]}
							}
						},
						{
							"origin": [-0.28125, 0.1875, -1.1875],
							"size": [0.09375, 0.09375, 0.125],
							"pivot": [-0.23437, 0.20313, -1.125],
							"rotation": [0, 0, -17.5],
							"uv": {
								"north": {"uv": [42, 24], "uv_size": [0.25, 0.25]},
								"east": {"uv": [26, 42], "uv_size": [0.25, 0.25]},
								"south": {"uv": [42, 26], "uv_size": [0.25, 0.25]},
								"west": {"uv": [28, 42], "uv_size": [0.25, 0.25]},
								"up": {"uv": [42, 28], "uv_size": [0.25, 0.25]},
								"down": {"uv": [30, 42.25], "uv_size": [0.25, -0.25]}
							}
						},
						{
							"origin": [0.32119, 0.20668, -1.1875],
							"size": [0.15625, 0.2355, 0.125],
							"pivot": [0.27431, 0.11293, -1.14062],
							"rotation": [0, 0, -30.55],
							"uv": {
								"north": {"uv": [42, 30], "uv_size": [0.25, 0.25]},
								"east": {"uv": [32, 42], "uv_size": [0.25, 0.25]},
								"south": {"uv": [42, 32], "uv_size": [0.25, 0.25]},
								"west": {"uv": [34, 42], "uv_size": [0.25, 0.25]},
								"up": {"uv": [42, 34], "uv_size": [0.25, 0.25]},
								"down": {"uv": [36, 42.25], "uv_size": [0.25, -0.25]}
							}
						},
						{
							"origin": [-0.47744, -0.35582, -1.1875],
							"size": [0.21875, 0.45425, 0.125],
							"pivot": [-0.27431, 0.11293, -1.14062],
							"rotation": [0, 0, 30.55],
							"uv": {
								"north": {"uv": [4, 27], "uv_size": [0.25, 0.5]},
								"east": {"uv": [27, 4], "uv_size": [0.25, 0.5]},
								"south": {"uv": [6, 27], "uv_size": [0.25, 0.5]},
								"west": {"uv": [27, 8], "uv_size": [0.25, 0.5]},
								"up": {"uv": [42, 36], "uv_size": [0.25, 0.25]},
								"down": {"uv": [38, 42.25], "uv_size": [0.25, -0.25]}
							}
						},
						{
							"origin": [-0.47744, 0.20668, -1.1875],
							"size": [0.15625, 0.2355, 0.125],
							"pivot": [-0.27431, 0.11293, -1.14062],
							"rotation": [0, 0, 30.55],
							"uv": {
								"north": {"uv": [42, 38], "uv_size": [0.25, 0.25]},
								"east": {"uv": [40, 42], "uv_size": [0.25, 0.25]},
								"south": {"uv": [42, 40], "uv_size": [0.25, 0.25]},
								"west": {"uv": [42, 42], "uv_size": [0.25, 0.25]},
								"up": {"uv": [0, 43], "uv_size": [0.25, 0.25]},
								"down": {"uv": [43, 0.25], "uv_size": [0.25, -0.25]}
							}
						},
						{
							"origin": [0.25869, -0.35582, -1.1875],
							"size": [0.21875, 0.45425, 0.125],
							"pivot": [0.27431, 0.11293, -1.14062],
							"rotation": [0, 0, -30.55],
							"uv": {
								"north": {"uv": [10, 27], "uv_size": [0.25, 0.5]},
								"east": {"uv": [27, 10], "uv_size": [0.25, 0.5]},
								"south": {"uv": [12, 27], "uv_size": [0.25, 0.5]},
								"west": {"uv": [14, 27], "uv_size": [0.25, 0.5]},
								"up": {"uv": [4, 43], "uv_size": [0.25, 0.25]},
								"down": {"uv": [43, 4.25], "uv_size": [0.25, -0.25]}
							}
						},
						{
							"origin": [0.10244, -0.35582, -1.0625],
							"size": [0.375, 0.2355, 0.09375],
							"pivot": [0.27431, 0.11293, -1.14062],
							"rotation": [0, 0, -30.55],
							"uv": {
								"north": {"uv": [2, 28], "uv_size": [0.5, 0.25]},
								"east": {"uv": [6, 43], "uv_size": [0.25, 0.25]},
								"south": {"uv": [28, 2], "uv_size": [0.5, 0.25]},
								"west": {"uv": [43, 8], "uv_size": [0.25, 0.25]},
								"up": {"uv": [28, 6], "uv_size": [0.5, 0.25]},
								"down": {"uv": [8, 28.25], "uv_size": [0.5, -0.25]}
							}
						},
						{
							"origin": [-0.47744, -0.35582, -1.0625],
							"size": [0.375, 0.2355, 0.09375],
							"pivot": [-0.27431, 0.11293, -1.14062],
							"rotation": [0, 0, 30.55],
							"uv": {
								"north": {"uv": [28, 12], "uv_size": [0.5, 0.25]},
								"east": {"uv": [10, 43], "uv_size": [0.25, 0.25]},
								"south": {"uv": [28, 14], "uv_size": [0.5, 0.25]},
								"west": {"uv": [43, 10], "uv_size": [0.25, 0.25]},
								"up": {"uv": [16, 28], "uv_size": [0.5, 0.25]},
								"down": {"uv": [28, 16.25], "uv_size": [0.5, -0.25]}
							}
						},
						{
							"origin": [-0.47744, -0.35582, -3.0625],
							"size": [0.21875, 0.798, 0.15625],
							"pivot": [-0.27431, 0.11293, -3.01562],
							"rotation": [0, 0, 30.55],
							"uv": {
								"north": {"uv": [0, 19], "uv_size": [0.25, 0.75]},
								"east": {"uv": [19, 0], "uv_size": [0.25, 0.75]},
								"south": {"uv": [4, 19], "uv_size": [0.25, 0.75]},
								"west": {"uv": [19, 4], "uv_size": [0.25, 0.75]},
								"up": {"uv": [12, 43], "uv_size": [0.25, 0.25]},
								"down": {"uv": [14, 43.25], "uv_size": [0.25, -0.25]}
							}
						},
						{
							"origin": [-0.28125, 0.25, -3.0625],
							"size": [0.5625, 0.25, 0.15625],
							"uv": {
								"north": {"uv": [18, 28], "uv_size": [0.5, 0.25]},
								"east": {"uv": [2, 44], "uv_size": [0.25, 0.25]},
								"south": {"uv": [28, 18], "uv_size": [0.5, 0.25]},
								"west": {"uv": [44, 2], "uv_size": [0.25, 0.25]},
								"up": {"uv": [20, 28], "uv_size": [0.5, 0.25]},
								"down": {"uv": [28, 20.25], "uv_size": [0.5, -0.25]}
							}
						},
						{
							"origin": [0.5625, -0.28125, -3.0625],
							"size": [0.125, 0.09375, 2.09375],
							"uv": {
								"north": {"uv": [44, 6], "uv_size": [0.25, 0.25]},
								"east": {"uv": [3, 4], "uv_size": [2, 0.25]},
								"south": {"uv": [8, 44], "uv_size": [0.25, 0.25]},
								"west": {"uv": [0, 6], "uv_size": [2, 0.25]},
								"up": {"uv": [6, 0], "uv_size": [0.25, 2]},
								"down": {"uv": [3, 8], "uv_size": [0.25, -2]}
							}
						},
						{
							"origin": [0.51619, -0.48535, -3.0625],
							"size": [0.125, 0.25, 2.09375],
							"pivot": [0.57869, -0.34472, -2.01562],
							"rotation": [0, 0, 30],
							"uv": {
								"north": {"uv": [44, 12], "uv_size": [0.25, 0.25]},
								"east": {"uv": [6, 3], "uv_size": [2, 0.25]},
								"south": {"uv": [44, 14], "uv_size": [0.25, 0.25]},
								"west": {"uv": [5, 6], "uv_size": [2, 0.25]},
								"up": {"uv": [0, 8], "uv_size": [0.25, 2]},
								"down": {"uv": [8, 2], "uv_size": [0.25, -2]}
							}
						},
						{
							"origin": [-0.6875, -0.28125, -3.0625],
							"size": [0.09375, 0.09375, 2.09375],
							"uv": {
								"north": {"uv": [16, 44], "uv_size": [0.25, 0.25]},
								"east": {"uv": [5, 8], "uv_size": [2, 0.25]},
								"south": {"uv": [44, 16], "uv_size": [0.25, 0.25]},
								"west": {"uv": [8, 5], "uv_size": [2, 0.25]},
								"up": {"uv": [8, 7], "uv_size": [0.25, 2]},
								"down": {"uv": [2, 11], "uv_size": [0.25, -2]}
							}
						},
						{
							"origin": [-0.64119, -0.48535, -3.0625],
							"size": [0.125, 0.25, 2.09375],
							"pivot": [-0.57869, -0.34472, -2.01562],
							"rotation": [0, 0, -30],
							"uv": {
								"north": {"uv": [18, 44], "uv_size": [0.25, 0.25]},
								"east": {"uv": [9, 3], "uv_size": [2, 0.25]},
								"south": {"uv": [44, 18], "uv_size": [0.25, 0.25]},
								"west": {"uv": [10, 0], "uv_size": [2, 0.25]},
								"up": {"uv": [4, 10], "uv_size": [0.25, 2]},
								"down": {"uv": [6, 12], "uv_size": [0.25, -2]}
							}
						},
						{
							"origin": [-0.28125, -0.5, -0.40625],
							"size": [0.5625, 1, 0.40625],
							"uv": {
								"north": {"uv": [10, 7], "uv_size": [0.5, 1]},
								"east": {"uv": [8, 10], "uv_size": [0.5, 1]},
								"south": {"uv": [10, 9], "uv_size": [0.5, 1]},
								"west": {"uv": [0, 11], "uv_size": [0.5, 1]},
								"up": {"uv": [0, 13], "uv_size": [0.5, 0.5]},
								"down": {"uv": [13, 0.5], "uv_size": [0.5, -0.5]}
							}
						},
						{
							"origin": [0.34375, -0.21875, -0.3125],
							"size": [0.15625, 0.8125, 0.15625],
							"pivot": [0.4375, 0, -0.25],
							"rotation": [0, 45, -30],
							"uv": {
								"north": {"uv": [6, 19], "uv_size": [0.25, 0.75]},
								"east": {"uv": [19, 8], "uv_size": [0.25, 0.75]},
								"south": {"uv": [10, 19], "uv_size": [0.25, 0.75]},
								"west": {"uv": [19, 10], "uv_size": [0.25, 0.75]},
								"up": {"uv": [20, 44], "uv_size": [0.25, 0.25]},
								"down": {"uv": [44, 20.25], "uv_size": [0.25, -0.25]}
							}
						},
						{
							"origin": [-0.5, -0.21875, -0.3125],
							"size": [0.15625, 0.8125, 0.15625],
							"pivot": [-0.4375, 0, -0.25],
							"rotation": [0, -45, 30],
							"uv": {
								"north": {"uv": [12, 19], "uv_size": [0.25, 0.75]},
								"east": {"uv": [14, 19], "uv_size": [0.25, 0.75]},
								"south": {"uv": [2, 20], "uv_size": [0.25, 0.75]},
								"west": {"uv": [20, 2], "uv_size": [0.25, 0.75]},
								"up": {"uv": [22, 44], "uv_size": [0.25, 0.25]},
								"down": {"uv": [44, 22.25], "uv_size": [0.25, -0.25]}
							}
						},
						{
							"origin": [-0.28125, -0.5, -1.0625],
							"size": [0.5625, 0.4375, 0.65625],
							"uv": {
								"north": {"uv": [4, 13], "uv_size": [0.5, 0.5]},
								"east": {"uv": [11, 5], "uv_size": [0.75, 0.5]},
								"south": {"uv": [13, 4], "uv_size": [0.5, 0.5]},
								"west": {"uv": [10, 11], "uv_size": [0.75, 0.5]},
								"up": {"uv": [2, 12], "uv_size": [0.5, 0.75]},
								"down": {"uv": [12, 2.75], "uv_size": [0.5, -0.75]}
							}
						},
						{
							"origin": [-0.28125, 0.375, -1.0625],
							"size": [0.5625, 0.125, 0.65625],
							"uv": {
								"north": {"uv": [22, 28], "uv_size": [0.5, 0.25]},
								"east": {"uv": [20, 6], "uv_size": [0.75, 0.25]},
								"south": {"uv": [28, 22], "uv_size": [0.5, 0.25]},
								"west": {"uv": [8, 20], "uv_size": [0.75, 0.25]},
								"up": {"uv": [12, 7], "uv_size": [0.5, 0.75]},
								"down": {"uv": [8, 12.75], "uv_size": [0.5, -0.75]}
							}
						},
						{
							"origin": [0.20816, -0.10583, -0.85179],
							"size": [0.125, 0.09375, 0.1875],
							"pivot": [0.27066, 0.39417, -0.72679],
							"rotation": [42.5, 0, -30],
							"uv": {
								"north": {"uv": [24, 44], "uv_size": [0.25, 0.25]},
								"east": {"uv": [44, 24], "uv_size": [0.25, 0.25]},
								"south": {"uv": [26, 44], "uv_size": [0.25, 0.25]},
								"west": {"uv": [44, 26], "uv_size": [0.25, 0.25]},
								"up": {"uv": [28, 44], "uv_size": [0.25, 0.25]},
								"down": {"uv": [44, 28.25], "uv_size": [0.25, -0.25]}
							}
						},
						{
							"origin": [0.20816, -0.10583, -0.80446],
							"size": [0.125, 0.09375, 0.1875],
							"pivot": [0.27066, 0.39417, -0.74196],
							"rotation": [-42.5, 0, -30],
							"uv": {
								"north": {"uv": [30, 44], "uv_size": [0.25, 0.25]},
								"east": {"uv": [44, 30], "uv_size": [0.25, 0.25]},
								"south": {"uv": [32, 44], "uv_size": [0.25, 0.25]},
								"west": {"uv": [44, 32], "uv_size": [0.25, 0.25]},
								"up": {"uv": [34, 44], "uv_size": [0.25, 0.25]},
								"down": {"uv": [44, 34.25], "uv_size": [0.25, -0.25]}
							}
						},
						{
							"origin": [-0.33316, -0.10583, -0.85179],
							"size": [0.125, 0.09375, 0.1875],
							"pivot": [-0.27066, 0.39417, -0.72679],
							"rotation": [42.5, 0, 30],
							"uv": {
								"north": {"uv": [36, 44], "uv_size": [0.25, 0.25]},
								"east": {"uv": [44, 36], "uv_size": [0.25, 0.25]},
								"south": {"uv": [38, 44], "uv_size": [0.25, 0.25]},
								"west": {"uv": [44, 38], "uv_size": [0.25, 0.25]},
								"up": {"uv": [40, 44], "uv_size": [0.25, 0.25]},
								"down": {"uv": [44, 40.25], "uv_size": [0.25, -0.25]}
							}
						},
						{
							"origin": [-0.33316, -0.10583, -0.80446],
							"size": [0.125, 0.09375, 0.1875],
							"pivot": [-0.27066, 0.39417, -0.74196],
							"rotation": [-42.5, 0, 30],
							"uv": {
								"north": {"uv": [42, 44], "uv_size": [0.25, 0.25]},
								"east": {"uv": [44, 42], "uv_size": [0.25, 0.25]},
								"south": {"uv": [44, 44], "uv_size": [0.25, 0.25]},
								"west": {"uv": [0, 45], "uv_size": [0.25, 0.25]},
								"up": {"uv": [45, 0], "uv_size": [0.25, 0.25]},
								"down": {"uv": [4, 45.25], "uv_size": [0.25, -0.25]}
							}
						},
						{
							"origin": [-0.37807, 0.31969, -1.08713],
							"size": [0.125, 0.09375, 0.21875],
							"pivot": [-0.31557, 0.31969, -0.99338],
							"rotation": [42.5, 0, 30.55],
							"uv": {
								"north": {"uv": [45, 4], "uv_size": [0.25, 0.25]},
								"east": {"uv": [6, 45], "uv_size": [0.25, 0.25]},
								"south": {"uv": [45, 8], "uv_size": [0.25, 0.25]},
								"west": {"uv": [10, 45], "uv_size": [0.25, 0.25]},
								"up": {"uv": [45, 10], "uv_size": [0.25, 0.25]},
								"down": {"uv": [12, 45.25], "uv_size": [0.25, -0.25]}
							}
						},
						{
							"origin": [-0.37807, 0.31969, -0.60037],
							"size": [0.125, 0.09375, 0.21875],
							"pivot": [-0.31557, 0.31969, -0.47537],
							"rotation": [-42.5, 0, 30.55],
							"uv": {
								"north": {"uv": [14, 45], "uv_size": [0.25, 0.25]},
								"east": {"uv": [2, 46], "uv_size": [0.25, 0.25]},
								"south": {"uv": [46, 2], "uv_size": [0.25, 0.25]},
								"west": {"uv": [46, 6], "uv_size": [0.25, 0.25]},
								"up": {"uv": [8, 46], "uv_size": [0.25, 0.25]},
								"down": {"uv": [46, 12.25], "uv_size": [0.25, -0.25]}
							}
						},
						{
							"origin": [0.25307, 0.31969, -1.08713],
							"size": [0.125, 0.09375, 0.21875],
							"pivot": [0.31557, 0.31969, -0.99338],
							"rotation": [42.5, 0, -30.55],
							"uv": {
								"north": {"uv": [46, 14], "uv_size": [0.25, 0.25]},
								"east": {"uv": [16, 46], "uv_size": [0.25, 0.25]},
								"south": {"uv": [46, 16], "uv_size": [0.25, 0.25]},
								"west": {"uv": [18, 46], "uv_size": [0.25, 0.25]},
								"up": {"uv": [46, 18], "uv_size": [0.25, 0.25]},
								"down": {"uv": [20, 46.25], "uv_size": [0.25, -0.25]}
							}
						},
						{
							"origin": [0.25307, 0.31969, -0.60037],
							"size": [0.125, 0.09375, 0.21875],
							"pivot": [0.31557, 0.31969, -0.47537],
							"rotation": [-42.5, 0, -30.55],
							"uv": {
								"north": {"uv": [46, 20], "uv_size": [0.25, 0.25]},
								"east": {"uv": [22, 46], "uv_size": [0.25, 0.25]},
								"south": {"uv": [46, 22], "uv_size": [0.25, 0.25]},
								"west": {"uv": [24, 46], "uv_size": [0.25, 0.25]},
								"up": {"uv": [46, 24], "uv_size": [0.25, 0.25]},
								"down": {"uv": [26, 46.25], "uv_size": [0.25, -0.25]}
							}
						},
						{
							"origin": [0.29105, 0.15748, -0.40625],
							"size": [0.15625, 0.23425, 0.40625],
							"pivot": [0.16605, 0.14185, -0.48437],
							"rotation": [0, 0, -30.55],
							"uv": {
								"north": {"uv": [46, 32], "uv_size": [0.25, 0.25]},
								"east": {"uv": [24, 28], "uv_size": [0.5, 0.25]},
								"south": {"uv": [34, 46], "uv_size": [0.25, 0.25]},
								"west": {"uv": [28, 24], "uv_size": [0.5, 0.25]},
								"up": {"uv": [26, 28], "uv_size": [0.25, 0.5]},
								"down": {"uv": [28, 26.5], "uv_size": [0.25, -0.5]}
							}
						},
						{
							"origin": [-0.4473, 0.15748, -0.40625],
							"size": [0.15625, 0.23425, 0.40625],
							"pivot": [-0.16605, 0.14185, -0.48437],
							"rotation": [0, 0, 30.55],
							"uv": {
								"north": {"uv": [46, 34], "uv_size": [0.25, 0.25]},
								"east": {"uv": [28, 28], "uv_size": [0.5, 0.25]},
								"south": {"uv": [36, 46], "uv_size": [0.25, 0.25]},
								"west": {"uv": [0, 29], "uv_size": [0.5, 0.25]},
								"up": {"uv": [29, 0], "uv_size": [0.25, 0.5]},
								"down": {"uv": [4, 29.5], "uv_size": [0.25, -0.5]}
							}
						},
						{
							"origin": [0.3223, 0.28248, -1.0625],
							"size": [0.125, 0.10925, 0.65625],
							"pivot": [0.16605, 0.14185, -0.89063],
							"rotation": [0, 0, -30.55],
							"uv": {
								"north": {"uv": [46, 36], "uv_size": [0.25, 0.25]},
								"east": {"uv": [20, 12], "uv_size": [0.75, 0.25]},
								"south": {"uv": [38, 46], "uv_size": [0.25, 0.25]},
								"west": {"uv": [20, 14], "uv_size": [0.75, 0.25]},
								"up": {"uv": [16, 20], "uv_size": [0.25, 0.75]},
								"down": {"uv": [20, 16.75], "uv_size": [0.25, -0.75]}
							}
						},
						{
							"origin": [-0.4473, 0.28248, -1.0625],
							"size": [0.125, 0.10925, 0.65625],
							"pivot": [-0.16605, 0.14185, -0.89063],
							"rotation": [0, 0, 30.55],
							"uv": {
								"north": {"uv": [46, 38], "uv_size": [0.25, 0.25]},
								"east": {"uv": [18, 20], "uv_size": [0.75, 0.25]},
								"south": {"uv": [40, 46], "uv_size": [0.25, 0.25]},
								"west": {"uv": [20, 18], "uv_size": [0.75, 0.25]},
								"up": {"uv": [20, 20], "uv_size": [0.25, 0.75]},
								"down": {"uv": [0, 21.75], "uv_size": [0.25, -0.75]}
							}
						},
						{
							"origin": [0.28793, -0.18486, -0.40625],
							"size": [0.15625, 0.23425, 0.40625],
							"pivot": [0.16293, 0.14327, -0.48438],
							"rotation": [0, 0, -30],
							"uv": {
								"north": {"uv": [46, 40], "uv_size": [0.25, 0.25]},
								"east": {"uv": [29, 4], "uv_size": [0.5, 0.25]},
								"south": {"uv": [42, 46], "uv_size": [0.25, 0.25]},
								"west": {"uv": [6, 29], "uv_size": [0.5, 0.25]},
								"up": {"uv": [29, 8], "uv_size": [0.25, 0.5]},
								"down": {"uv": [10, 29.5], "uv_size": [0.25, -0.5]}
							}
						},
						{
							"origin": [0.10043, -0.18486, -1.0625],
							"size": [0.34375, 0.10925, 0.65625],
							"pivot": [0.16293, 0.14327, -0.89062],
							"rotation": [0, 0, -30],
							"uv": {
								"north": {"uv": [46, 42], "uv_size": [0.25, 0.25]},
								"east": {"uv": [21, 0], "uv_size": [0.75, 0.25]},
								"south": {"uv": [44, 46], "uv_size": [0.25, 0.25]},
								"west": {"uv": [4, 21], "uv_size": [0.75, 0.25]},
								"up": {"uv": [21, 4], "uv_size": [0.25, 0.75]},
								"down": {"uv": [6, 21.75], "uv_size": [0.25, -0.75]}
							}
						},
						{
							"origin": [-0.44418, -0.18486, -1.0625],
							"size": [0.34375, 0.10925, 0.65625],
							"pivot": [-0.16293, 0.14327, -0.89062],
							"rotation": [0, 0, 30],
							"uv": {
								"north": {"uv": [46, 44], "uv_size": [0.25, 0.25]},
								"east": {"uv": [21, 8], "uv_size": [0.75, 0.25]},
								"south": {"uv": [46, 46], "uv_size": [0.25, 0.25]},
								"west": {"uv": [10, 21], "uv_size": [0.75, 0.25]},
								"up": {"uv": [21, 10], "uv_size": [0.25, 0.75]},
								"down": {"uv": [12, 21.75], "uv_size": [0.25, -0.75]}
							}
						},
						{
							"origin": [0.10043, -0.39314, -0.40625],
							"size": [0.34375, 0.578, 0.40625],
							"pivot": [0.16293, -0.14327, -0.48438],
							"rotation": [0, 0, 30],
							"uv": {
								"north": {"uv": [29, 10], "uv_size": [0.25, 0.5]},
								"east": {"uv": [6, 13], "uv_size": [0.5, 0.5]},
								"south": {"uv": [12, 29], "uv_size": [0.25, 0.5]},
								"west": {"uv": [10, 13], "uv_size": [0.5, 0.5]},
								"up": {"uv": [14, 29], "uv_size": [0.25, 0.5]},
								"down": {"uv": [2, 30.5], "uv_size": [0.25, -0.5]}
							}
						},
						{
							"origin": [-0.44418, -0.39314, -0.96875],
							"size": [0.125, 0.578, 0.5625],
							"pivot": [-0.16293, -0.14327, -0.89063],
							"rotation": [0, 0, -30],
							"uv": {
								"north": {"uv": [30, 2], "uv_size": [0.25, 0.5]},
								"east": {"uv": [12, 13], "uv_size": [0.5, 0.5]},
								"south": {"uv": [30, 6], "uv_size": [0.25, 0.5]},
								"west": {"uv": [2, 14], "uv_size": [0.5, 0.5]},
								"up": {"uv": [8, 30], "uv_size": [0.25, 0.5]},
								"down": {"uv": [30, 12.5], "uv_size": [0.25, -0.5]}
							}
						},
						{
							"origin": [-0.44418, -0.18486, -0.40625],
							"size": [0.15625, 0.23425, 0.40625],
							"pivot": [-0.16293, 0.14327, -0.48438],
							"rotation": [0, 0, 30],
							"uv": {
								"north": {"uv": [0, 47], "uv_size": [0.25, 0.25]},
								"east": {"uv": [30, 14], "uv_size": [0.5, 0.25]},
								"south": {"uv": [47, 0], "uv_size": [0.25, 0.25]},
								"west": {"uv": [16, 30], "uv_size": [0.5, 0.25]},
								"up": {"uv": [30, 16], "uv_size": [0.25, 0.5]},
								"down": {"uv": [18, 30.5], "uv_size": [0.25, -0.5]}
							}
						},
						{
							"origin": [-0.44418, -0.39314, -0.40625],
							"size": [0.34375, 0.578, 0.40625],
							"pivot": [-0.16293, -0.14327, -0.48438],
							"rotation": [0, 0, -30],
							"uv": {
								"north": {"uv": [30, 18], "uv_size": [0.25, 0.5]},
								"east": {"uv": [14, 2], "uv_size": [0.5, 0.5]},
								"south": {"uv": [20, 30], "uv_size": [0.25, 0.5]},
								"west": {"uv": [14, 6], "uv_size": [0.5, 0.5]},
								"up": {"uv": [30, 20], "uv_size": [0.25, 0.5]},
								"down": {"uv": [22, 30.5], "uv_size": [0.25, -0.5]}
							}
						},
						{
							"origin": [0.31918, -0.39314, -0.96875],
							"size": [0.125, 0.578, 0.5625],
							"pivot": [0.16293, -0.14327, -0.89063],
							"rotation": [0, 0, 30],
							"uv": {
								"north": {"uv": [30, 22], "uv_size": [0.25, 0.5]},
								"east": {"uv": [8, 14], "uv_size": [0.5, 0.5]},
								"south": {"uv": [24, 30], "uv_size": [0.25, 0.5]},
								"west": {"uv": [14, 13], "uv_size": [0.5, 0.5]},
								"up": {"uv": [30, 24], "uv_size": [0.25, 0.5]},
								"down": {"uv": [26, 30.5], "uv_size": [0.25, -0.5]}
							}
						}
					]
				}
			]
		}
	]
}