{
	"format_version": "1.12.0",
	"minecraft:geometry": [
		{
			"description": {
				"identifier": "geometry.unknown",
				"texture_width": 128,
				"texture_height": 64,
				"visible_bounds_width": 2,
				"visible_bounds_height": 1.5,
				"visible_bounds_offset": [0, 0.25, 0]
			},
			"bones": [
				{
					"name": "bone2",
					"pivot": [8, -8, -8.71875]
				},
				{
					"name": "dargon",
					"parent": "bone2",
					"pivot": [8, -8, -8.71875]
				},
				{
					"name": "octagon5",
					"parent": "dargon",
					"pivot": [8, -8, -8.71875],
					"cubes": [
						{
							"origin": [-0.18122, -0.4375, -0.34375],
							"size": [0.36244, 0.875, 0.34375],
							"pivot": [0, 0, -0.34375],
							"rotation": [0, 0, 45],
							"uv": {
								"north": {"uv": [14, 0], "uv_size": [0.5, 1]},
								"east": {"uv": [2, 14], "uv_size": [0.5, 1]},
								"south": {"uv": [4, 14], "uv_size": [0.5, 1]},
								"west": {"uv": [14, 6], "uv_size": [0.5, 1]},
								"up": {"uv": [12, 24], "uv_size": [0.5, 0.5]},
								"down": {"uv": [24, 16.5], "uv_size": [0.5, -0.5]}
							}
						},
						{
							"origin": [-0.18122, -0.4375, -0.34375],
							"size": [0.36244, 0.875, 0.34375],
							"uv": {
								"north": {"uv": [14, 8], "uv_size": [0.5, 1]},
								"east": {"uv": [11, 14], "uv_size": [0.5, 1]},
								"south": {"uv": [0, 15], "uv_size": [0.5, 1]},
								"west": {"uv": [15, 4], "uv_size": [0.5, 1]},
								"up": {"uv": [18, 24], "uv_size": [0.5, 0.5]},
								"down": {"uv": [24, 18.5], "uv_size": [0.5, -0.5]}
							}
						},
						{
							"origin": [-0.4375, -0.18122, -0.34375],
							"size": [0.875, 0.36244, 0.34375],
							"pivot": [0, 0, -0.34375],
							"rotation": [0, 0, 45],
							"uv": {
								"north": {"uv": [6, 15], "uv_size": [1, 0.5]},
								"east": {"uv": [20, 24], "uv_size": [0.5, 0.5]},
								"south": {"uv": [8, 15], "uv_size": [1, 0.5]},
								"west": {"uv": [24, 20], "uv_size": [0.5, 0.5]},
								"up": {"uv": [15, 13], "uv_size": [1, 0.5]},
								"down": {"uv": [15, 15.5], "uv_size": [1, -0.5]}
							}
						},
						{
							"origin": [-0.4375, -0.18122, -0.34375],
							"size": [0.875, 0.36244, 0.34375],
							"uv": {
								"north": {"uv": [16, 0], "uv_size": [1, 0.5]},
								"east": {"uv": [22, 24], "uv_size": [0.5, 0.5]},
								"south": {"uv": [2, 16], "uv_size": [1, 0.5]},
								"west": {"uv": [24, 22], "uv_size": [0.5, 0.5]},
								"up": {"uv": [16, 2], "uv_size": [1, 0.5]},
								"down": {"uv": [4, 16.5], "uv_size": [1, -0.5]}
							}
						}
					]
				},
				{
					"name": "octagon2",
					"parent": "dargon",
					"pivot": [8, -8, -9.0625],
					"cubes": [
						{
							"origin": [-0.18122, -0.4375, -0.6875],
							"size": [0.36244, 0.875, 0.28125],
							"pivot": [0, 0, -0.6875],
							"rotation": [0, 0, 45],
							"uv": {
								"north": {"uv": [16, 6], "uv_size": [0.5, 1]},
								"east": {"uv": [16, 8], "uv_size": [0.5, 1]},
								"south": {"uv": [10, 16], "uv_size": [0.5, 1]},
								"west": {"uv": [16, 10], "uv_size": [0.5, 1]},
								"up": {"uv": [24, 24], "uv_size": [0.5, 0.5]},
								"down": {"uv": [0, 25.5], "uv_size": [0.5, -0.5]}
							}
						},
						{
							"origin": [-0.18122, -0.4375, -0.6875],
							"size": [0.36244, 0.875, 0.28125],
							"uv": {
								"north": {"uv": [12, 16], "uv_size": [0.5, 1]},
								"east": {"uv": [0, 17], "uv_size": [0.5, 1]},
								"south": {"uv": [17, 4], "uv_size": [0.5, 1]},
								"west": {"uv": [6, 17], "uv_size": [0.5, 1]},
								"up": {"uv": [25, 4], "uv_size": [0.5, 0.5]},
								"down": {"uv": [6, 25.5], "uv_size": [0.5, -0.5]}
							}
						},
						{
							"origin": [-0.4375, -0.18122, -0.6875],
							"size": [0.875, 0.36244, 0.28125],
							"pivot": [0, 0, -0.6875],
							"rotation": [0, 0, 45],
							"uv": {
								"north": {"uv": [8, 17], "uv_size": [1, 0.5]},
								"east": {"uv": [8, 25], "uv_size": [0.5, 0.5]},
								"south": {"uv": [17, 12], "uv_size": [1, 0.5]},
								"west": {"uv": [25, 12], "uv_size": [0.5, 0.5]},
								"up": {"uv": [14, 17], "uv_size": [1, 0.5]},
								"down": {"uv": [17, 14.5], "uv_size": [1, -0.5]}
							}
						},
						{
							"origin": [-0.4375, -0.18122, -0.6875],
							"size": [0.875, 0.36244, 0.28125],
							"uv": {
								"north": {"uv": [16, 17], "uv_size": [1, 0.5]},
								"east": {"uv": [14, 25], "uv_size": [0.5, 0.5]},
								"south": {"uv": [18, 0], "uv_size": [1, 0.5]},
								"west": {"uv": [25, 14], "uv_size": [0.5, 0.5]},
								"up": {"uv": [2, 18], "uv_size": [1, 0.5]},
								"down": {"uv": [18, 2.5], "uv_size": [1, -0.5]}
							}
						}
					]
				},
				{
					"name": "octagon3",
					"parent": "dargon",
					"pivot": [0, 0, -1],
					"cubes": [
						{
							"origin": [-0.18122, -0.4375, -1.21875],
							"size": [0.36244, 0.875, 0.4375],
							"pivot": [0, 0, -1.0625],
							"rotation": [0, 0, 45],
							"uv": {
								"north": {"uv": [4, 18], "uv_size": [0.5, 1]},
								"east": {"uv": [18, 6], "uv_size": [0.5, 1]},
								"south": {"uv": [18, 8], "uv_size": [0.5, 1]},
								"west": {"uv": [10, 18], "uv_size": [0.5, 1]},
								"up": {"uv": [16, 25], "uv_size": [0.5, 0.5]},
								"down": {"uv": [26, 0.5], "uv_size": [0.5, -0.5]}
							}
						},
						{
							"origin": [-0.18122, -0.4375, -1.21875],
							"size": [0.36244, 0.875, 0.4375],
							"uv": {
								"north": {"uv": [18, 10], "uv_size": [0.5, 1]},
								"east": {"uv": [12, 18], "uv_size": [0.5, 1]},
								"south": {"uv": [18, 16], "uv_size": [0.5, 1]},
								"west": {"uv": [18, 18], "uv_size": [0.5, 1]},
								"up": {"uv": [2, 26], "uv_size": [0.5, 0.5]},
								"down": {"uv": [26, 2.5], "uv_size": [0.5, -0.5]}
							}
						},
						{
							"origin": [-0.4375, -0.18122, -1.21875],
							"size": [0.875, 0.36244, 0.4375],
							"pivot": [0, 0, -1.0625],
							"rotation": [0, 0, 45],
							"uv": {
								"north": {"uv": [0, 19], "uv_size": [1, 0.5]},
								"east": {"uv": [4, 26], "uv_size": [0.5, 0.5]},
								"south": {"uv": [19, 4], "uv_size": [1, 0.5]},
								"west": {"uv": [26, 6], "uv_size": [0.5, 0.5]},
								"up": {"uv": [6, 19], "uv_size": [1, 0.5]},
								"down": {"uv": [8, 19.5], "uv_size": [1, -0.5]}
							}
						},
						{
							"origin": [-0.4375, -0.18122, -1.21875],
							"size": [0.875, 0.36244, 0.4375],
							"uv": {
								"north": {"uv": [19, 12], "uv_size": [1, 0.5]},
								"east": {"uv": [26, 8], "uv_size": [0.5, 0.5]},
								"south": {"uv": [14, 19], "uv_size": [1, 0.5]},
								"west": {"uv": [10, 26], "uv_size": [0.5, 0.5]},
								"up": {"uv": [19, 14], "uv_size": [1, 0.5]},
								"down": {"uv": [16, 19.5], "uv_size": [1, -0.5]}
							}
						}
					]
				},
				{
					"name": "octagon4",
					"parent": "dargon",
					"pivot": [0, 0, -1.71875],
					"cubes": [
						{
							"origin": [-0.18122, 0.3125, -2.53125],
							"size": [0.36244, 0.125, 1.3125],
							"uv": {
								"north": {"uv": [26, 10], "uv_size": [0.5, 0.5]},
								"east": {"uv": [11, 0], "uv_size": [1.5, 0.5]},
								"south": {"uv": [12, 26], "uv_size": [0.5, 0.5]},
								"west": {"uv": [11, 9], "uv_size": [1.5, 0.5]},
								"up": {"uv": [11, 11], "uv_size": [0.5, 1.5]},
								"down": {"uv": [0, 13.5], "uv_size": [0.5, -1.5]}
							}
						},
						{
							"origin": [-0.18122, -0.4375, -2.53125],
							"size": [0.36244, 0.28125, 0.15625],
							"uv": {
								"north": {"uv": [26, 28], "uv_size": [0.5, 0.5]},
								"east": {"uv": [28, 26], "uv_size": [0.5, 0.5]},
								"south": {"uv": [28, 28], "uv_size": [0.5, 0.5]},
								"west": {"uv": [0, 29], "uv_size": [0.5, 0.5]},
								"up": {"uv": [29, 4], "uv_size": [0.5, 0.5]},
								"down": {"uv": [6, 29.5], "uv_size": [0.5, -0.5]}
							}
						},
						{
							"origin": [-0.18122, 0.15625, -1.65625],
							"size": [0.36244, 0.28125, 0.15625],
							"uv": {
								"north": {"uv": [36, 6], "uv_size": [0.5, 0.5]},
								"east": {"uv": [36, 8], "uv_size": [0.5, 0.5]},
								"south": {"uv": [10, 36], "uv_size": [0.5, 0.5]},
								"west": {"uv": [36, 10], "uv_size": [0.5, 0.5]},
								"up": {"uv": [12, 36], "uv_size": [0.5, 0.5]},
								"down": {"uv": [36, 16.5], "uv_size": [0.5, -0.5]}
							}
						},
						{
							"origin": [-0.18122, 0.15625, -2.09375],
							"size": [0.36244, 0.28125, 0.15625],
							"uv": {
								"north": {"uv": [35, 14], "uv_size": [0.5, 0.5]},
								"east": {"uv": [16, 35], "uv_size": [0.5, 0.5]},
								"south": {"uv": [36, 0], "uv_size": [0.5, 0.5]},
								"west": {"uv": [2, 36], "uv_size": [0.5, 0.5]},
								"up": {"uv": [36, 2], "uv_size": [0.5, 0.5]},
								"down": {"uv": [4, 36.5], "uv_size": [0.5, -0.5]}
							}
						},
						{
							"origin": [-0.18122, 0.15625, -2.53125],
							"size": [0.36244, 0.28125, 0.15625],
							"uv": {
								"north": {"uv": [0, 35], "uv_size": [0.5, 0.5]},
								"east": {"uv": [35, 4], "uv_size": [0.5, 0.5]},
								"south": {"uv": [6, 35], "uv_size": [0.5, 0.5]},
								"west": {"uv": [8, 35], "uv_size": [0.5, 0.5]},
								"up": {"uv": [35, 12], "uv_size": [0.5, 0.5]},
								"down": {"uv": [14, 35.5], "uv_size": [0.5, -0.5]}
							}
						},
						{
							"origin": [-0.18122, -0.4375, -2.375],
							"size": [0.36244, 0.125, 1.15625],
							"uv": {
								"north": {"uv": [32, 2], "uv_size": [0.5, 0.5]},
								"east": {"uv": [20, 6], "uv_size": [1, 0.5]},
								"south": {"uv": [4, 32], "uv_size": [0.5, 0.5]},
								"west": {"uv": [20, 8], "uv_size": [1, 0.5]},
								"up": {"uv": [10, 20], "uv_size": [0.5, 1]},
								"down": {"uv": [20, 11], "uv_size": [0.5, -1]}
							}
						},
						{
							"origin": [-0.18122, -0.4375, -2.09375],
							"size": [0.36244, 0.28125, 0.15625],
							"uv": {
								"north": {"uv": [31, 12], "uv_size": [0.5, 0.5]},
								"east": {"uv": [14, 31], "uv_size": [0.5, 0.5]},
								"south": {"uv": [31, 14], "uv_size": [0.5, 0.5]},
								"west": {"uv": [16, 31], "uv_size": [0.5, 0.5]},
								"up": {"uv": [32, 0], "uv_size": [0.5, 0.5]},
								"down": {"uv": [2, 32.5], "uv_size": [0.5, -0.5]}
							}
						},
						{
							"origin": [-0.18122, -0.4375, -1.65625],
							"size": [0.36244, 0.28125, 0.15625],
							"uv": {
								"north": {"uv": [6, 27], "uv_size": [0.5, 0.5]},
								"east": {"uv": [8, 27], "uv_size": [0.5, 0.5]},
								"south": {"uv": [27, 12], "uv_size": [0.5, 0.5]},
								"west": {"uv": [14, 27], "uv_size": [0.5, 0.5]},
								"up": {"uv": [27, 14], "uv_size": [0.5, 0.5]},
								"down": {"uv": [16, 27.5], "uv_size": [0.5, -0.5]}
							}
						},
						{
							"origin": [-0.4375, -0.18122, -2.09375],
							"size": [0.28125, 0.36244, 0.15625],
							"uv": {
								"north": {"uv": [10, 28], "uv_size": [0.5, 0.5]},
								"east": {"uv": [28, 10], "uv_size": [0.5, 0.5]},
								"south": {"uv": [12, 28], "uv_size": [0.5, 0.5]},
								"west": {"uv": [28, 16], "uv_size": [0.5, 0.5]},
								"up": {"uv": [18, 28], "uv_size": [0.5, 0.5]},
								"down": {"uv": [28, 18.5], "uv_size": [0.5, -0.5]}
							}
						},
						{
							"origin": [-0.4375, -0.18122, -2.53125],
							"size": [0.28125, 0.36244, 0.15625],
							"uv": {
								"north": {"uv": [20, 28], "uv_size": [0.5, 0.5]},
								"east": {"uv": [28, 20], "uv_size": [0.5, 0.5]},
								"south": {"uv": [22, 28], "uv_size": [0.5, 0.5]},
								"west": {"uv": [28, 22], "uv_size": [0.5, 0.5]},
								"up": {"uv": [24, 28], "uv_size": [0.5, 0.5]},
								"down": {"uv": [28, 24.5], "uv_size": [0.5, -0.5]}
							}
						},
						{
							"origin": [0.15625, -0.18122, -2.53125],
							"size": [0.28125, 0.36244, 0.15625],
							"uv": {
								"north": {"uv": [30, 10], "uv_size": [0.5, 0.5]},
								"east": {"uv": [12, 30], "uv_size": [0.5, 0.5]},
								"south": {"uv": [30, 16], "uv_size": [0.5, 0.5]},
								"west": {"uv": [18, 30], "uv_size": [0.5, 0.5]},
								"up": {"uv": [30, 18], "uv_size": [0.5, 0.5]},
								"down": {"uv": [20, 30.5], "uv_size": [0.5, -0.5]}
							}
						},
						{
							"origin": [0.15625, -0.18122, -2.09375],
							"size": [0.28125, 0.36244, 0.15625],
							"uv": {
								"north": {"uv": [2, 30], "uv_size": [0.5, 0.5]},
								"east": {"uv": [30, 2], "uv_size": [0.5, 0.5]},
								"south": {"uv": [4, 30], "uv_size": [0.5, 0.5]},
								"west": {"uv": [30, 6], "uv_size": [0.5, 0.5]},
								"up": {"uv": [30, 8], "uv_size": [0.5, 0.5]},
								"down": {"uv": [10, 30.5], "uv_size": [0.5, -0.5]}
							}
						},
						{
							"origin": [0.3125, -0.18122, -1.65625],
							"size": [0.125, 0.36244, 0.15625],
							"uv": {
								"north": {"uv": [8, 29], "uv_size": [0.5, 0.5]},
								"east": {"uv": [29, 12], "uv_size": [0.5, 0.5]},
								"south": {"uv": [14, 29], "uv_size": [0.5, 0.5]},
								"west": {"uv": [29, 14], "uv_size": [0.5, 0.5]},
								"up": {"uv": [16, 29], "uv_size": [0.5, 0.5]},
								"down": {"uv": [30, 0.5], "uv_size": [0.5, -0.5]}
							}
						},
						{
							"origin": [-0.4375, -0.18122, -2.09375],
							"size": [0.28125, 0.36244, 0.15625],
							"pivot": [0, 0, -1.75],
							"rotation": [0, 0, -45],
							"uv": {
								"north": {"uv": [28, 0], "uv_size": [0.5, 0.5]},
								"east": {"uv": [2, 28], "uv_size": [0.5, 0.5]},
								"south": {"uv": [28, 2], "uv_size": [0.5, 0.5]},
								"west": {"uv": [4, 28], "uv_size": [0.5, 0.5]},
								"up": {"uv": [28, 6], "uv_size": [0.5, 0.5]},
								"down": {"uv": [28, 8.5], "uv_size": [0.5, -0.5]}
							}
						},
						{
							"origin": [-0.4375, -0.18122, -1.65625],
							"size": [0.28125, 0.36244, 0.15625],
							"pivot": [0, 0, -1.3125],
							"rotation": [0, 0, -45],
							"uv": {
								"north": {"uv": [30, 20], "uv_size": [0.5, 0.5]},
								"east": {"uv": [22, 30], "uv_size": [0.5, 0.5]},
								"south": {"uv": [30, 22], "uv_size": [0.5, 0.5]},
								"west": {"uv": [24, 30], "uv_size": [0.5, 0.5]},
								"up": {"uv": [30, 24], "uv_size": [0.5, 0.5]},
								"down": {"uv": [26, 30.5], "uv_size": [0.5, -0.5]}
							}
						},
						{
							"origin": [-0.4375, -0.18122, -2.53125],
							"size": [0.28125, 0.36244, 0.15625],
							"pivot": [0, 0, -2.1875],
							"rotation": [0, 0, -45],
							"uv": {
								"north": {"uv": [30, 26], "uv_size": [0.5, 0.5]},
								"east": {"uv": [28, 30], "uv_size": [0.5, 0.5]},
								"south": {"uv": [30, 28], "uv_size": [0.5, 0.5]},
								"west": {"uv": [30, 30], "uv_size": [0.5, 0.5]},
								"up": {"uv": [0, 31], "uv_size": [0.5, 0.5]},
								"down": {"uv": [31, 4.5], "uv_size": [0.5, -0.5]}
							}
						},
						{
							"origin": [0.15625, -0.18122, -1.65625],
							"size": [0.28125, 0.36244, 0.15625],
							"pivot": [0, 0, -1.3125],
							"rotation": [0, 0, 45],
							"uv": {
								"north": {"uv": [26, 32], "uv_size": [0.5, 0.5]},
								"east": {"uv": [32, 26], "uv_size": [0.5, 0.5]},
								"south": {"uv": [28, 32], "uv_size": [0.5, 0.5]},
								"west": {"uv": [32, 28], "uv_size": [0.5, 0.5]},
								"up": {"uv": [30, 32], "uv_size": [0.5, 0.5]},
								"down": {"uv": [32, 30.5], "uv_size": [0.5, -0.5]}
							}
						},
						{
							"origin": [0.15625, -0.18122, -2.09375],
							"size": [0.28125, 0.36244, 0.15625],
							"pivot": [0, 0, -1.75],
							"rotation": [0, 0, 45],
							"uv": {
								"north": {"uv": [20, 32], "uv_size": [0.5, 0.5]},
								"east": {"uv": [32, 20], "uv_size": [0.5, 0.5]},
								"south": {"uv": [22, 32], "uv_size": [0.5, 0.5]},
								"west": {"uv": [32, 22], "uv_size": [0.5, 0.5]},
								"up": {"uv": [24, 32], "uv_size": [0.5, 0.5]},
								"down": {"uv": [32, 24.5], "uv_size": [0.5, -0.5]}
							}
						},
						{
							"origin": [0.3125, -0.18122, -2.375],
							"size": [0.125, 0.20619, 1.15625],
							"pivot": [0, 0, -2.03125],
							"rotation": [0, 0, 45],
							"uv": {
								"north": {"uv": [18, 32], "uv_size": [0.5, 0.5]},
								"east": {"uv": [12, 20], "uv_size": [1, 0.5]},
								"south": {"uv": [32, 18], "uv_size": [0.5, 0.5]},
								"west": {"uv": [20, 16], "uv_size": [1, 0.5]},
								"up": {"uv": [18, 20], "uv_size": [0.5, 1]},
								"down": {"uv": [20, 19], "uv_size": [0.5, -1]}
							}
						},
						{
							"origin": [0.15625, -0.18122, -2.53125],
							"size": [0.28125, 0.36244, 0.15625],
							"pivot": [0, 0, -2.1875],
							"rotation": [0, 0, 45],
							"uv": {
								"north": {"uv": [32, 6], "uv_size": [0.5, 0.5]},
								"east": {"uv": [32, 8], "uv_size": [0.5, 0.5]},
								"south": {"uv": [10, 32], "uv_size": [0.5, 0.5]},
								"west": {"uv": [32, 10], "uv_size": [0.5, 0.5]},
								"up": {"uv": [12, 32], "uv_size": [0.5, 0.5]},
								"down": {"uv": [32, 16.5], "uv_size": [0.5, -0.5]}
							}
						},
						{
							"origin": [-0.4375, -0.18122, -2.53125],
							"size": [0.28125, 0.36244, 0.15625],
							"pivot": [0, 0, -2.1875],
							"rotation": [0, 0, 45],
							"uv": {
								"north": {"uv": [34, 28], "uv_size": [0.5, 0.5]},
								"east": {"uv": [30, 34], "uv_size": [0.5, 0.5]},
								"south": {"uv": [34, 30], "uv_size": [0.5, 0.5]},
								"west": {"uv": [32, 34], "uv_size": [0.5, 0.5]},
								"up": {"uv": [34, 32], "uv_size": [0.5, 0.5]},
								"down": {"uv": [34, 34.5], "uv_size": [0.5, -0.5]}
							}
						},
						{
							"origin": [-0.4375, -0.18122, -1.65625],
							"size": [0.28125, 0.36244, 0.15625],
							"pivot": [0, 0, -1.3125],
							"rotation": [0, 0, 45],
							"uv": {
								"north": {"uv": [34, 22], "uv_size": [0.5, 0.5]},
								"east": {"uv": [24, 34], "uv_size": [0.5, 0.5]},
								"south": {"uv": [34, 24], "uv_size": [0.5, 0.5]},
								"west": {"uv": [26, 34], "uv_size": [0.5, 0.5]},
								"up": {"uv": [34, 26], "uv_size": [0.5, 0.5]},
								"down": {"uv": [28, 34.5], "uv_size": [0.5, -0.5]}
							}
						},
						{
							"origin": [-0.4375, -0.18122, -2.09375],
							"size": [0.28125, 0.36244, 0.15625],
							"pivot": [0, 0, -1.75],
							"rotation": [0, 0, 45],
							"uv": {
								"north": {"uv": [34, 16], "uv_size": [0.5, 0.5]},
								"east": {"uv": [18, 34], "uv_size": [0.5, 0.5]},
								"south": {"uv": [34, 18], "uv_size": [0.5, 0.5]},
								"west": {"uv": [20, 34], "uv_size": [0.5, 0.5]},
								"up": {"uv": [34, 20], "uv_size": [0.5, 0.5]},
								"down": {"uv": [22, 34.5], "uv_size": [0.5, -0.5]}
							}
						},
						{
							"origin": [0.15625, -0.18122, -1.65625],
							"size": [0.28125, 0.36244, 0.15625],
							"pivot": [0, 0, -1.3125],
							"rotation": [0, 0, -45],
							"uv": {
								"north": {"uv": [4, 34], "uv_size": [0.5, 0.5]},
								"east": {"uv": [34, 6], "uv_size": [0.5, 0.5]},
								"south": {"uv": [34, 8], "uv_size": [0.5, 0.5]},
								"west": {"uv": [10, 34], "uv_size": [0.5, 0.5]},
								"up": {"uv": [34, 10], "uv_size": [0.5, 0.5]},
								"down": {"uv": [12, 34.5], "uv_size": [0.5, -0.5]}
							}
						},
						{
							"origin": [0.15625, -0.18122, -2.09375],
							"size": [0.28125, 0.36244, 0.15625],
							"pivot": [0, 0, -1.75],
							"rotation": [0, 0, -45],
							"uv": {
								"north": {"uv": [14, 33], "uv_size": [0.5, 0.5]},
								"east": {"uv": [33, 14], "uv_size": [0.5, 0.5]},
								"south": {"uv": [16, 33], "uv_size": [0.5, 0.5]},
								"west": {"uv": [34, 0], "uv_size": [0.5, 0.5]},
								"up": {"uv": [2, 34], "uv_size": [0.5, 0.5]},
								"down": {"uv": [34, 2.5], "uv_size": [0.5, -0.5]}
							}
						},
						{
							"origin": [0.15625, -0.18122, -2.53125],
							"size": [0.28125, 0.36244, 0.15625],
							"pivot": [0, 0, -2.1875],
							"rotation": [0, 0, -45],
							"uv": {
								"north": {"uv": [32, 32], "uv_size": [0.5, 0.5]},
								"east": {"uv": [0, 33], "uv_size": [0.5, 0.5]},
								"south": {"uv": [33, 4], "uv_size": [0.5, 0.5]},
								"west": {"uv": [6, 33], "uv_size": [0.5, 0.5]},
								"up": {"uv": [8, 33], "uv_size": [0.5, 0.5]},
								"down": {"uv": [33, 12.5], "uv_size": [0.5, -0.5]}
							}
						},
						{
							"origin": [-0.4375, -0.18122, -2.375],
							"size": [0.125, 0.20619, 1.15625],
							"pivot": [0, 0, -2.03125],
							"rotation": [0, 0, -45],
							"uv": {
								"north": {"uv": [6, 31], "uv_size": [0.5, 0.5]},
								"east": {"uv": [20, 0], "uv_size": [1, 0.5]},
								"south": {"uv": [8, 31], "uv_size": [0.5, 0.5]},
								"west": {"uv": [2, 20], "uv_size": [1, 0.5]},
								"up": {"uv": [20, 2], "uv_size": [0.5, 1]},
								"down": {"uv": [4, 21], "uv_size": [0.5, -1]}
							}
						},
						{
							"origin": [0.3125, -0.02497, -2.375],
							"size": [0.125, 0.20619, 1.15625],
							"pivot": [0, 0, -2.03125],
							"rotation": [0, 0, -45],
							"uv": {
								"north": {"uv": [20, 36], "uv_size": [0.5, 0.5]},
								"east": {"uv": [8, 21], "uv_size": [1, 0.5]},
								"south": {"uv": [36, 20], "uv_size": [0.5, 0.5]},
								"west": {"uv": [21, 12], "uv_size": [1, 0.5]},
								"up": {"uv": [14, 21], "uv_size": [0.5, 1]},
								"down": {"uv": [21, 15], "uv_size": [0.5, -1]}
							}
						},
						{
							"origin": [-0.4375, -0.02497, -2.375],
							"size": [0.125, 0.20619, 1.15625],
							"pivot": [0, 0, -2.03125],
							"rotation": [0, 0, 45],
							"uv": {
								"north": {"uv": [18, 36], "uv_size": [0.5, 0.5]},
								"east": {"uv": [20, 20], "uv_size": [1, 0.5]},
								"south": {"uv": [36, 18], "uv_size": [0.5, 0.5]},
								"west": {"uv": [0, 21], "uv_size": [1, 0.5]},
								"up": {"uv": [21, 4], "uv_size": [0.5, 1]},
								"down": {"uv": [6, 22], "uv_size": [0.5, -1]}
							}
						},
						{
							"origin": [-0.4375, -0.18122, -1.65625],
							"size": [0.28125, 0.36244, 0.15625],
							"uv": {
								"north": {"uv": [26, 16], "uv_size": [0.5, 0.5]},
								"east": {"uv": [18, 26], "uv_size": [0.5, 0.5]},
								"south": {"uv": [26, 18], "uv_size": [0.5, 0.5]},
								"west": {"uv": [20, 26], "uv_size": [0.5, 0.5]},
								"up": {"uv": [26, 20], "uv_size": [0.5, 0.5]},
								"down": {"uv": [22, 26.5], "uv_size": [0.5, -0.5]}
							}
						},
						{
							"origin": [0.15625, -0.18122, -1.65625],
							"size": [0.28125, 0.36244, 0.15625],
							"uv": {
								"north": {"uv": [26.5, 16], "uv_size": [-0.5, 0.5]},
								"east": {"uv": [20.5, 26], "uv_size": [-0.5, 0.5]},
								"south": {"uv": [26.5, 18], "uv_size": [-0.5, 0.5]},
								"west": {"uv": [18.5, 26], "uv_size": [-0.5, 0.5]},
								"up": {"uv": [26.5, 20], "uv_size": [-0.5, 0.5]},
								"down": {"uv": [22.5, 26.5], "uv_size": [-0.5, -0.5]}
							}
						}
					]
				},
				{
					"name": "bone3",
					"parent": "dargon",
					"pivot": [0, 0, -2.57815],
					"cubes": [
						{
							"origin": [-0.21875, 0.2096, -2.76451],
							"size": [0.0625, 0.125, 0.177],
							"pivot": [-0.1875, 0.2721, -2.67076],
							"rotation": [45, 0, 0],
							"uv": {
								"north": {"uv": [8, 37], "uv_size": [0.5, 0.5]},
								"east": {"uv": [37, 12], "uv_size": [0.5, 0.5]},
								"south": {"uv": [14, 37], "uv_size": [0.5, 0.5]},
								"west": {"uv": [37, 14], "uv_size": [0.5, 0.5]},
								"up": {"uv": [16, 37], "uv_size": [0.5, 0.5]},
								"down": {"uv": [38, 0.5], "uv_size": [0.5, -0.5]}
							}
						},
						{
							"origin": [-0.21875, 0.09375, -2.78125],
							"size": [0.0625, 0.15625, 0.25],
							"uv": {
								"north": {"uv": [22, 36], "uv_size": [0.5, 0.5]},
								"east": {"uv": [36, 22], "uv_size": [0.5, 0.5]},
								"south": {"uv": [24, 36], "uv_size": [0.5, 0.5]},
								"west": {"uv": [36, 24], "uv_size": [0.5, 0.5]},
								"up": {"uv": [26, 36], "uv_size": [0.5, 0.5]},
								"down": {"uv": [36, 26.5], "uv_size": [0.5, -0.5]}
							}
						},
						{
							"origin": [-0.34375, 0.09375, -2.78125],
							"size": [0.15625, 0.0625, 0.25],
							"pivot": [-0.25, 0.15625, -2.65625],
							"rotation": [0, 0, -60],
							"uv": {
								"north": {"uv": [42, 8], "uv_size": [0.5, 0.5]},
								"east": {"uv": [10, 42], "uv_size": [0.5, 0.5]},
								"south": {"uv": [42, 10], "uv_size": [0.5, 0.5]},
								"west": {"uv": [12, 42], "uv_size": [0.5, 0.5]},
								"up": {"uv": [42, 16], "uv_size": [0.5, 0.5]},
								"down": {"uv": [18, 42.5], "uv_size": [0.5, -0.5]}
							}
						},
						{
							"origin": [0.1875, 0.09375, -2.78125],
							"size": [0.15625, 0.0625, 0.25],
							"pivot": [0.25, 0.15625, -2.65625],
							"rotation": [0, 0, 60],
							"uv": {
								"north": {"uv": [42, 18], "uv_size": [0.5, 0.5]},
								"east": {"uv": [20, 42], "uv_size": [0.5, 0.5]},
								"south": {"uv": [42, 20], "uv_size": [0.5, 0.5]},
								"west": {"uv": [22, 42], "uv_size": [0.5, 0.5]},
								"up": {"uv": [42, 22], "uv_size": [0.5, 0.5]},
								"down": {"uv": [24, 42.5], "uv_size": [0.5, -0.5]}
							}
						},
						{
							"origin": [-0.21875, 0.25, -2.65625],
							"size": [0.0625, 0.125, 0.125],
							"uv": {
								"north": {"uv": [34, 36], "uv_size": [0.5, 0.5]},
								"east": {"uv": [36, 34], "uv_size": [0.5, 0.5]},
								"south": {"uv": [36, 36], "uv_size": [0.5, 0.5]},
								"west": {"uv": [0, 37], "uv_size": [0.5, 0.5]},
								"up": {"uv": [37, 4], "uv_size": [0.5, 0.5]},
								"down": {"uv": [6, 37.5], "uv_size": [0.5, -0.5]}
							}
						},
						{
							"origin": [-0.35758, -0.03086, -2.76451],
							"size": [0.0625, 0.125, 0.177],
							"pivot": [-0.32633, 0.03164, -2.67076],
							"rotation": [45, 0, -120],
							"uv": {
								"north": {"uv": [38, 10], "uv_size": [0.5, 0.5]},
								"east": {"uv": [12, 38], "uv_size": [0.5, 0.5]},
								"south": {"uv": [38, 16], "uv_size": [0.5, 0.5]},
								"west": {"uv": [18, 38], "uv_size": [0.5, 0.5]},
								"up": {"uv": [38, 18], "uv_size": [0.5, 0.5]},
								"down": {"uv": [20, 38.5], "uv_size": [0.5, -0.5]}
							}
						},
						{
							"origin": [-0.32491, -0.09012, -2.78125],
							"size": [0.0625, 0.15625, 0.25],
							"pivot": [-0.29366, 0.0505, -2.65625],
							"rotation": [0, 0, -120],
							"uv": {
								"north": {"uv": [28, 36], "uv_size": [0.5, 0.5]},
								"east": {"uv": [36, 28], "uv_size": [0.5, 0.5]},
								"south": {"uv": [30, 36], "uv_size": [0.5, 0.5]},
								"west": {"uv": [36, 30], "uv_size": [0.5, 0.5]},
								"up": {"uv": [32, 36], "uv_size": [0.5, 0.5]},
								"down": {"uv": [36, 32.5], "uv_size": [0.5, -0.5]}
							}
						},
						{
							"origin": [-0.32491, 0.06613, -2.65625],
							"size": [0.0625, 0.125, 0.125],
							"pivot": [-0.29366, 0.0505, -2.65625],
							"rotation": [0, 0, -120],
							"uv": {
								"north": {"uv": [2, 38], "uv_size": [0.5, 0.5]},
								"east": {"uv": [38, 2], "uv_size": [0.5, 0.5]},
								"south": {"uv": [4, 38], "uv_size": [0.5, 0.5]},
								"west": {"uv": [38, 6], "uv_size": [0.5, 0.5]},
								"up": {"uv": [38, 8], "uv_size": [0.5, 0.5]},
								"down": {"uv": [10, 38.5], "uv_size": [0.5, -0.5]}
							}
						}
					]
				},
				{
					"name": "bone4",
					"parent": "dargon",
					"pivot": [0, 0, -2.57815],
					"cubes": [
						{
							"origin": [0.15625, 0.2096, -2.76451],
							"size": [0.0625, 0.125, 0.177],
							"pivot": [0.1875, 0.2721, -2.67076],
							"rotation": [45, 0, 0],
							"uv": {
								"north": {"uv": [38, 20], "uv_size": [0.5, 0.5]},
								"east": {"uv": [22, 38], "uv_size": [0.5, 0.5]},
								"south": {"uv": [38, 22], "uv_size": [0.5, 0.5]},
								"west": {"uv": [24, 38], "uv_size": [0.5, 0.5]},
								"up": {"uv": [38, 24], "uv_size": [0.5, 0.5]},
								"down": {"uv": [26, 38.5], "uv_size": [0.5, -0.5]}
							}
						},
						{
							"origin": [0.15625, 0.09375, -2.78125],
							"size": [0.0625, 0.15625, 0.25],
							"uv": {
								"north": {"uv": [38, 26], "uv_size": [0.5, 0.5]},
								"east": {"uv": [28, 38], "uv_size": [0.5, 0.5]},
								"south": {"uv": [38, 28], "uv_size": [0.5, 0.5]},
								"west": {"uv": [30, 38], "uv_size": [0.5, 0.5]},
								"up": {"uv": [38, 30], "uv_size": [0.5, 0.5]},
								"down": {"uv": [32, 38.5], "uv_size": [0.5, -0.5]}
							}
						},
						{
							"origin": [0.15625, 0.25, -2.65625],
							"size": [0.0625, 0.125, 0.125],
							"uv": {
								"north": {"uv": [38, 32], "uv_size": [0.5, 0.5]},
								"east": {"uv": [34, 38], "uv_size": [0.5, 0.5]},
								"south": {"uv": [38, 34], "uv_size": [0.5, 0.5]},
								"west": {"uv": [36, 38], "uv_size": [0.5, 0.5]},
								"up": {"uv": [38, 36], "uv_size": [0.5, 0.5]},
								"down": {"uv": [38, 38.5], "uv_size": [0.5, -0.5]}
							}
						},
						{
							"origin": [0.29508, -0.03086, -2.76451],
							"size": [0.0625, 0.125, 0.177],
							"pivot": [0.32633, 0.03164, -2.67076],
							"rotation": [45, 0, 120],
							"uv": {
								"north": {"uv": [0, 39], "uv_size": [0.5, 0.5]},
								"east": {"uv": [39, 4], "uv_size": [0.5, 0.5]},
								"south": {"uv": [6, 39], "uv_size": [0.5, 0.5]},
								"west": {"uv": [8, 39], "uv_size": [0.5, 0.5]},
								"up": {"uv": [39, 12], "uv_size": [0.5, 0.5]},
								"down": {"uv": [14, 39.5], "uv_size": [0.5, -0.5]}
							}
						},
						{
							"origin": [0.26241, -0.09012, -2.78125],
							"size": [0.0625, 0.15625, 0.25],
							"pivot": [0.29366, 0.0505, -2.65625],
							"rotation": [0, 0, 120],
							"uv": {
								"north": {"uv": [39, 14], "uv_size": [0.5, 0.5]},
								"east": {"uv": [16, 39], "uv_size": [0.5, 0.5]},
								"south": {"uv": [40, 0], "uv_size": [0.5, 0.5]},
								"west": {"uv": [2, 40], "uv_size": [0.5, 0.5]},
								"up": {"uv": [40, 2], "uv_size": [0.5, 0.5]},
								"down": {"uv": [4, 40.5], "uv_size": [0.5, -0.5]}
							}
						},
						{
							"origin": [0.26241, 0.06613, -2.65625],
							"size": [0.0625, 0.125, 0.125],
							"pivot": [0.29366, 0.0505, -2.65625],
							"rotation": [0, 0, 120],
							"uv": {
								"north": {"uv": [40, 6], "uv_size": [0.5, 0.5]},
								"east": {"uv": [40, 8], "uv_size": [0.5, 0.5]},
								"south": {"uv": [10, 40], "uv_size": [0.5, 0.5]},
								"west": {"uv": [40, 10], "uv_size": [0.5, 0.5]},
								"up": {"uv": [12, 40], "uv_size": [0.5, 0.5]},
								"down": {"uv": [40, 16.5], "uv_size": [0.5, -0.5]}
							}
						}
					]
				},
				{
					"name": "bone5",
					"parent": "dargon",
					"pivot": [0, 0, -2.57815],
					"rotation": [0, 0, 120],
					"cubes": [
						{
							"origin": [0.15625, 0.2096, -2.76451],
							"size": [0.0625, 0.125, 0.177],
							"pivot": [0.1875, 0.2721, -2.67076],
							"rotation": [45, 0, 0],
							"uv": {
								"north": {"uv": [18, 40], "uv_size": [0.5, 0.5]},
								"east": {"uv": [40, 18], "uv_size": [0.5, 0.5]},
								"south": {"uv": [20, 40], "uv_size": [0.5, 0.5]},
								"west": {"uv": [40, 20], "uv_size": [0.5, 0.5]},
								"up": {"uv": [22, 40], "uv_size": [0.5, 0.5]},
								"down": {"uv": [40, 22.5], "uv_size": [0.5, -0.5]}
							}
						},
						{
							"origin": [0.15625, 0.09375, -2.78125],
							"size": [0.0625, 0.15625, 0.25],
							"uv": {
								"north": {"uv": [24, 40], "uv_size": [0.5, 0.5]},
								"east": {"uv": [40, 24], "uv_size": [0.5, 0.5]},
								"south": {"uv": [26, 40], "uv_size": [0.5, 0.5]},
								"west": {"uv": [40, 26], "uv_size": [0.5, 0.5]},
								"up": {"uv": [28, 40], "uv_size": [0.5, 0.5]},
								"down": {"uv": [40, 28.5], "uv_size": [0.5, -0.5]}
							}
						},
						{
							"origin": [0.1785, 0.03125, -2.78125],
							"size": [0.0625, 0.1875, 0.25],
							"pivot": [0.1875, 0.17188, -2.65625],
							"rotation": [0, 0, -30],
							"uv": {
								"north": {"uv": [42, 24], "uv_size": [0.5, 0.5]},
								"east": {"uv": [26, 42], "uv_size": [0.5, 0.5]},
								"south": {"uv": [42, 26], "uv_size": [0.5, 0.5]},
								"west": {"uv": [28, 42], "uv_size": [0.5, 0.5]},
								"up": {"uv": [42, 28], "uv_size": [0.5, 0.5]},
								"down": {"uv": [30, 42.5], "uv_size": [0.5, -0.5]}
							}
						},
						{
							"origin": [0.15625, 0.25, -2.65625],
							"size": [0.0625, 0.125, 0.125],
							"uv": {
								"north": {"uv": [30, 40], "uv_size": [0.5, 0.5]},
								"east": {"uv": [40, 30], "uv_size": [0.5, 0.5]},
								"south": {"uv": [32, 40], "uv_size": [0.5, 0.5]},
								"west": {"uv": [40, 32], "uv_size": [0.5, 0.5]},
								"up": {"uv": [34, 40], "uv_size": [0.5, 0.5]},
								"down": {"uv": [40, 34.5], "uv_size": [0.5, -0.5]}
							}
						},
						{
							"origin": [0.29508, -0.03086, -2.76451],
							"size": [0.0625, 0.125, 0.177],
							"pivot": [0.32633, 0.03164, -2.67076],
							"rotation": [45, 0, 120],
							"uv": {
								"north": {"uv": [36, 40], "uv_size": [0.5, 0.5]},
								"east": {"uv": [40, 36], "uv_size": [0.5, 0.5]},
								"south": {"uv": [38, 40], "uv_size": [0.5, 0.5]},
								"west": {"uv": [40, 38], "uv_size": [0.5, 0.5]},
								"up": {"uv": [40, 40], "uv_size": [0.5, 0.5]},
								"down": {"uv": [0, 41.5], "uv_size": [0.5, -0.5]}
							}
						},
						{
							"origin": [0.26241, -0.09012, -2.78125],
							"size": [0.0625, 0.15625, 0.25],
							"pivot": [0.29366, 0.0505, -2.65625],
							"rotation": [0, 0, 120],
							"uv": {
								"north": {"uv": [41, 4], "uv_size": [0.5, 0.5]},
								"east": {"uv": [6, 41], "uv_size": [0.5, 0.5]},
								"south": {"uv": [8, 41], "uv_size": [0.5, 0.5]},
								"west": {"uv": [41, 12], "uv_size": [0.5, 0.5]},
								"up": {"uv": [14, 41], "uv_size": [0.5, 0.5]},
								"down": {"uv": [41, 14.5], "uv_size": [0.5, -0.5]}
							}
						},
						{
							"origin": [0.26241, 0.06613, -2.65625],
							"size": [0.0625, 0.125, 0.125],
							"pivot": [0.29366, 0.0505, -2.65625],
							"rotation": [0, 0, 120],
							"uv": {
								"north": {"uv": [16, 41], "uv_size": [0.5, 0.5]},
								"east": {"uv": [42, 0], "uv_size": [0.5, 0.5]},
								"south": {"uv": [2, 42], "uv_size": [0.5, 0.5]},
								"west": {"uv": [42, 2], "uv_size": [0.5, 0.5]},
								"up": {"uv": [4, 42], "uv_size": [0.5, 0.5]},
								"down": {"uv": [42, 6.5], "uv_size": [0.5, -0.5]}
							}
						}
					]
				},
				{
					"name": "octagon6",
					"parent": "dargon",
					"pivot": [0, 0, -0.84375],
					"cubes": [
						{
							"origin": [-0.16827, -0.40625, -0.78125],
							"size": [0.33654, 0.8125, 0.4375],
							"pivot": [0, 0, -0.84375],
							"rotation": [0, 0, 45],
							"uv": {
								"north": {"uv": [16, 21], "uv_size": [0.5, 1]},
								"east": {"uv": [22, 0], "uv_size": [0.5, 1]},
								"south": {"uv": [2, 22], "uv_size": [0.5, 1]},
								"west": {"uv": [22, 2], "uv_size": [0.5, 1]},
								"up": {"uv": [42, 30], "uv_size": [0.5, 0.5]},
								"down": {"uv": [32, 42.5], "uv_size": [0.5, -0.5]}
							}
						},
						{
							"origin": [-0.16827, -0.40625, -0.78125],
							"size": [0.33654, 0.8125, 0.4375],
							"uv": {
								"north": {"uv": [4, 22], "uv_size": [0.5, 1]},
								"east": {"uv": [22, 6], "uv_size": [0.5, 1]},
								"south": {"uv": [22, 8], "uv_size": [0.5, 1]},
								"west": {"uv": [10, 22], "uv_size": [0.5, 1]},
								"up": {"uv": [42, 32], "uv_size": [0.5, 0.5]},
								"down": {"uv": [34, 42.5], "uv_size": [0.5, -0.5]}
							}
						},
						{
							"origin": [-0.40625, -0.16827, -0.78125],
							"size": [0.8125, 0.33654, 0.4375],
							"pivot": [0, 0, -0.84375],
							"rotation": [0, 0, 45],
							"uv": {
								"north": {"uv": [22, 10], "uv_size": [1, 0.5]},
								"east": {"uv": [42, 34], "uv_size": [0.5, 0.5]},
								"south": {"uv": [12, 22], "uv_size": [1, 0.5]},
								"west": {"uv": [36, 42], "uv_size": [0.5, 0.5]},
								"up": {"uv": [22, 16], "uv_size": [1, 0.5]},
								"down": {"uv": [18, 22.5], "uv_size": [1, -0.5]}
							}
						},
						{
							"origin": [-0.40625, -0.16827, -0.78125],
							"size": [0.8125, 0.33654, 0.4375],
							"uv": {
								"north": {"uv": [22, 18], "uv_size": [1, 0.5]},
								"east": {"uv": [42, 36], "uv_size": [0.5, 0.5]},
								"south": {"uv": [20, 22], "uv_size": [1, 0.5]},
								"west": {"uv": [38, 42], "uv_size": [0.5, 0.5]},
								"up": {"uv": [22, 20], "uv_size": [1, 0.5]},
								"down": {"uv": [22, 22.5], "uv_size": [1, -0.5]}
							}
						}
					]
				}
			]
		}
	]
}