{
	"format_version": "1.12.0",
	"minecraft:geometry": [
		{
			"description": {
				"identifier": "geometry.unknown",
				"texture_width": 128,
				"texture_height": 128,
				"visible_bounds_width": 13,
				"visible_bounds_height": 10,
				"visible_bounds_offset": [0, 1, 0]
			},
			"bones": [
				{
					"name": "scope_body",
					"pivot": [-3, -17.53125, -0.9375],
					"cubes": [
						{
							"origin": [-6.34375, -0.125, -1.25],
							"size": [0, 0.8125, 1.0625],
							"inflate": 0.0001,
							"uv": {
								"east": {"uv": [0, 77], "uv_size": [4, 4]}
							}
						}
					]
				},
				{
					"name": "bone6",
					"parent": "scope_body",
					"pivot": [-5.5, -0.9375, -0.71875],
					"cubes": [
						{
							"origin": [-6.3125, -1.53125, -1.8125],
							"size": [1.3125, 2.46875, 3.0625],
							"uv": {
								"north": {"uv": [2, 14], "uv_size": [1.25, 2.5]},
								"east": {"uv": [0, 0], "uv_size": [3, 2.5]},
								"south": {"uv": [5, 14], "uv_size": [1.25, 2.5]},
								"west": {"uv": [0, 4], "uv_size": [3, 2.5]},
								"up": {"uv": [4, 0], "uv_size": [1.25, 3]},
								"down": {"uv": [4, 7], "uv_size": [1.25, -3]}
							}
						},
						{
							"origin": [-5, -0.5625, -0.59375],
							"size": [0.25, 1.15625, 1.4375],
							"uv": {
								"north": {"uv": [44, 34], "uv_size": [0.25, 1.25]},
								"east": {"uv": [13, 18], "uv_size": [1.5, 1.25]},
								"south": {"uv": [44, 37], "uv_size": [0.25, 1.25]},
								"west": {"uv": [19, 14], "uv_size": [1.5, 1.25]},
								"up": {"uv": [10, 42], "uv_size": [0.25, 1.5]},
								"down": {"uv": [14, 43.5], "uv_size": [0.25, -1.5]}
							}
						},
						{
							"origin": [-6.09375, 0.03125, 2.71],
							"size": [0.875, 0.28125, 0.25],
							"uv": {
								"north": {"uv": [45, 13], "uv_size": [1, 0.25]},
								"east": {"uv": [32, 57], "uv_size": [0.25, 0.25]},
								"south": {"uv": [45, 28], "uv_size": [1, 0.25]},
								"west": {"uv": [34, 57], "uv_size": [0.25, 0.25]},
								"up": {"uv": [32, 45], "uv_size": [1, 0.25]},
								"down": {"uv": [34, 45.25], "uv_size": [1, -0.25]}
							}
						},
						{
							"origin": [-6.3125, -1.03125, 1.25],
							"size": [1.3125, 1.4375, 1.46],
							"uv": {
								"north": {"uv": [19, 17], "uv_size": [1.25, 1.5]},
								"east": {"uv": [16, 14], "uv_size": [1.5, 1.5]},
								"south": {"uv": [20, 0], "uv_size": [1.25, 1.5]},
								"west": {"uv": [17, 2], "uv_size": [1.5, 1.5]},
								"up": {"uv": [20, 3], "uv_size": [1.25, 1.5]},
								"down": {"uv": [10, 21.5], "uv_size": [1.25, -1.5]}
							}
						},
						{
							"origin": [-5.25, -0.8125, 2.71],
							"size": [0.15625, 1, 0.25],
							"uv": {
								"north": {"uv": [29, 6], "uv_size": [1.25, 1]},
								"east": {"uv": [36, 45], "uv_size": [0.25, 1]},
								"south": {"uv": [15, 29], "uv_size": [0.25, 1]},
								"west": {"uv": [38, 45], "uv_size": [0.25, 1]},
								"up": {"uv": [44, 40], "uv_size": [1.25, 0.25]},
								"down": {"uv": [41, 44.25], "uv_size": [1.25, -0.25]}
							}
						},
						{
							"origin": [-6.21875, -0.8125, 2.71],
							"size": [0.15625, 1, 0.25],
							"uv": {
								"north": {"uv": [29, 6], "uv_size": [1.25, 1]},
								"east": {"uv": [37, 45], "uv_size": [0.25, 1]},
								"south": {"uv": [16, 29], "uv_size": [0.25, 1]},
								"west": {"uv": [39, 45], "uv_size": [0.25, 1]},
								"up": {"uv": [44, 40], "uv_size": [1.25, 0.25]},
								"down": {"uv": [41, 44.25], "uv_size": [1.25, -0.25]}
							}
						},
						{
							"origin": [-6.09375, -0.9375, 2.71],
							"size": [0.875, 0.3125, 0.25],
							"uv": {
								"north": {"uv": [0, 46], "uv_size": [1, 0.25]},
								"east": {"uv": [36, 57], "uv_size": [0.25, 0.25]},
								"south": {"uv": [2, 46], "uv_size": [1, 0.25]},
								"west": {"uv": [57, 38], "uv_size": [0.25, 0.25]},
								"up": {"uv": [4, 46], "uv_size": [1, 0.25]},
								"down": {"uv": [8, 46.25], "uv_size": [1, -0.25]}
							}
						},
						{
							"origin": [-6.14867, 0.10669, 2.71],
							"size": [0.125, 0.177, 0.25],
							"pivot": [-6.08617, 0.23169, 2.78813],
							"rotation": [0, 0, 45],
							"uv": {
								"north": {"uv": [57, 40], "uv_size": [0.25, 0.25]},
								"east": {"uv": [57, 42], "uv_size": [0.25, 0.25]},
								"south": {"uv": [57, 46], "uv_size": [0.25, 0.25]},
								"west": {"uv": [52, 57], "uv_size": [0.25, 0.25]},
								"up": {"uv": [0, 58], "uv_size": [0.25, 0.25]},
								"down": {"uv": [58, 0.25], "uv_size": [0.25, -0.25]}
							}
						},
						{
							"origin": [-5.28883, 0.10669, 2.71],
							"size": [0.125, 0.177, 0.25],
							"pivot": [-5.22633, 0.23169, 2.78813],
							"rotation": [0, 0, -45],
							"uv": {
								"north": {"uv": [2, 58], "uv_size": [0.25, 0.25]},
								"east": {"uv": [4, 58], "uv_size": [0.25, 0.25]},
								"south": {"uv": [6, 58], "uv_size": [0.25, 0.25]},
								"west": {"uv": [8, 58], "uv_size": [0.25, 0.25]},
								"up": {"uv": [10, 58], "uv_size": [0.25, 0.25]},
								"down": {"uv": [58, 10.25], "uv_size": [0.25, -0.25]}
							}
						},
						{
							"origin": [-6.14867, -0.90869, 2.71],
							"size": [0.125, 0.177, 0.25],
							"pivot": [-6.08617, -0.85669, 2.78813],
							"rotation": [0, 0, -45],
							"uv": {
								"north": {"uv": [14, 58], "uv_size": [0.25, 0.25]},
								"east": {"uv": [58, 14], "uv_size": [0.25, 0.25]},
								"south": {"uv": [16, 58], "uv_size": [0.25, 0.25]},
								"west": {"uv": [58, 16], "uv_size": [0.25, 0.25]},
								"up": {"uv": [18, 58], "uv_size": [0.25, 0.25]},
								"down": {"uv": [58, 18.25], "uv_size": [0.25, -0.25]}
							}
						},
						{
							"origin": [-5.28883, -0.90869, 2.71],
							"size": [0.125, 0.177, 0.25],
							"pivot": [-5.22633, -0.85669, 2.78813],
							"rotation": [0, 0, 45],
							"uv": {
								"north": {"uv": [20, 58], "uv_size": [0.25, 0.25]},
								"east": {"uv": [22, 58], "uv_size": [0.25, 0.25]},
								"south": {"uv": [24, 58], "uv_size": [0.25, 0.25]},
								"west": {"uv": [26, 58], "uv_size": [0.25, 0.25]},
								"up": {"uv": [28, 58], "uv_size": [0.25, 0.25]},
								"down": {"uv": [58, 28.25], "uv_size": [0.25, -0.25]}
							}
						},
						{
							"origin": [-6.3125, -2.0625, -1.8125],
							"size": [1.3125, 0.53125, 2.42875],
							"uv": {
								"north": {"uv": [35, 8], "uv_size": [1.25, 0.5]},
								"east": {"uv": [29, 16], "uv_size": [2.5, 0.5]},
								"south": {"uv": [35, 10], "uv_size": [1.25, 0.5]},
								"west": {"uv": [23, 29], "uv_size": [2.5, 0.5]},
								"up": {"uv": [8, 14], "uv_size": [1.25, 2.5]},
								"down": {"uv": [11, 16.5], "uv_size": [1.25, -2.5]}
							}
						},
						{
							"origin": [-6.3125, -1.53125, 1.25],
							"size": [1.3125, 0.5, 0.96],
							"uv": {
								"north": {"uv": [35, 12], "uv_size": [1.25, 0.5]},
								"east": {"uv": [36, 32], "uv_size": [1, 0.5]},
								"south": {"uv": [35, 16], "uv_size": [1.25, 0.5]},
								"west": {"uv": [35, 36], "uv_size": [1, 0.5]},
								"up": {"uv": [29, 24], "uv_size": [1.25, 1]},
								"down": {"uv": [29, 27], "uv_size": [1.25, -1]}
							}
						},
						{
							"origin": [-6.3125, -1.4277, 1.96],
							"size": [1.3125, 0.705, 0.5],
							"inflate": 0.0001,
							"pivot": [-5.65625, -1.1777, 2.21],
							"rotation": [-45, 0, 0],
							"uv": {
								"north": {"uv": [31, 30], "uv_size": [1.25, 0.75]},
								"east": {"uv": [19, 42], "uv_size": [0.5, 0.75]},
								"south": {"uv": [0, 32], "uv_size": [1.25, 0.75]},
								"west": {"uv": [21, 42], "uv_size": [0.5, 0.75]},
								"up": {"uv": [26, 35], "uv_size": [1.25, 0.5]},
								"down": {"uv": [35, 34.5], "uv_size": [1.25, -0.5]}
							}
						},
						{
							"origin": [-6.3125, -1.88012, 0.35529],
							"size": [1.3125, 0.375, 0.7725],
							"inflate": 0.0001,
							"pivot": [-5.65625, -1.64575, 0.71029],
							"rotation": [45, 0, 0],
							"uv": {
								"north": {"uv": [0, 36], "uv_size": [1.25, 0.5]},
								"east": {"uv": [42, 22], "uv_size": [0.75, 0.5]},
								"south": {"uv": [3, 36], "uv_size": [1.25, 0.5]},
								"west": {"uv": [42, 24], "uv_size": [0.75, 0.5]},
								"up": {"uv": [3, 32], "uv_size": [1.25, 0.75]},
								"down": {"uv": [32, 6.75], "uv_size": [1.25, -0.75]}
							}
						},
						{
							"origin": [-6.3125, 0.19606, 1.11926],
							"size": [1.3125, 0.5, 1.555],
							"inflate": 0.0001,
							"pivot": [-5.65625, 0.44606, 1.86926],
							"rotation": [-20, 0, 0],
							"uv": {
								"north": {"uv": [36, 14], "uv_size": [1.25, 0.5]},
								"east": {"uv": [32, 12], "uv_size": [1.5, 0.5]},
								"south": {"uv": [16, 36], "uv_size": [1.25, 0.5]},
								"west": {"uv": [31, 32], "uv_size": [1.5, 0.5]},
								"up": {"uv": [16, 20], "uv_size": [1.25, 1.5]},
								"down": {"uv": [19, 21.5], "uv_size": [1.25, -1.5]}
							}
						},
						{
							"origin": [-6.24242, 0.85669, -1.8125],
							"size": [0.125, 0.177, 1.5625],
							"pivot": [-6.17992, 0.98169, -0.28125],
							"rotation": [0, 0, 45],
							"uv": {
								"north": {"uv": [58, 30], "uv_size": [0.25, 0.25]},
								"east": {"uv": [42, 26], "uv_size": [1.5, 0.25]},
								"south": {"uv": [58, 32], "uv_size": [0.25, 0.25]},
								"west": {"uv": [27, 42], "uv_size": [1.5, 0.25]},
								"up": {"uv": [42, 34], "uv_size": [0.25, 1.5]},
								"down": {"uv": [42, 38.5], "uv_size": [0.25, -1.5]}
							}
						},
						{
							"origin": [-5.19508, 0.85669, -1.8125],
							"size": [0.125, 0.177, 1.5625],
							"pivot": [-5.13258, 0.98169, -0.28125],
							"rotation": [0, 0, -45],
							"uv": {
								"north": {"uv": [58, 34], "uv_size": [0.25, 0.25]},
								"east": {"uv": [42, 28], "uv_size": [1.5, 0.25]},
								"south": {"uv": [58, 36], "uv_size": [0.25, 0.25]},
								"west": {"uv": [41, 42], "uv_size": [1.5, 0.25]},
								"up": {"uv": [0, 43], "uv_size": [0.25, 1.5]},
								"down": {"uv": [2, 44.5], "uv_size": [0.25, -1.5]}
							}
						},
						{
							"origin": [-6.24242, -2.15869, -1.96875],
							"size": [0.125, 0.177, 2.59375],
							"pivot": [-6.17992, -2.10669, -0.28125],
							"rotation": [0, 0, -45],
							"uv": {
								"north": {"uv": [38, 58], "uv_size": [0.25, 0.25]},
								"east": {"uv": [36, 18], "uv_size": [2.5, 0.25]},
								"south": {"uv": [40, 58], "uv_size": [0.25, 0.25]},
								"west": {"uv": [19, 36], "uv_size": [2.5, 0.25]},
								"up": {"uv": [8, 36], "uv_size": [0.25, 2.5]},
								"down": {"uv": [12, 38.5], "uv_size": [0.25, -2.5]}
							}
						},
						{
							"origin": [-5.19508, -2.15869, -1.96875],
							"size": [0.125, 0.177, 2.59375],
							"pivot": [-5.13258, -2.10669, -0.28125],
							"rotation": [0, 0, 45],
							"uv": {
								"north": {"uv": [42, 58], "uv_size": [0.25, 0.25]},
								"east": {"uv": [36, 20], "uv_size": [2.5, 0.25]},
								"south": {"uv": [44, 58], "uv_size": [0.25, 0.25]},
								"west": {"uv": [36, 24], "uv_size": [2.5, 0.25]},
								"up": {"uv": [23, 36], "uv_size": [0.25, 2.5]},
								"down": {"uv": [29, 38.5], "uv_size": [0.25, -2.5]}
							}
						},
						{
							"origin": [-6.1875, 0.9375, -1.8125],
							"size": [1.0625, 0.125, 1.5625],
							"uv": {
								"north": {"uv": [46, 10], "uv_size": [1, 0.25]},
								"east": {"uv": [43, 11], "uv_size": [1.5, 0.25]},
								"south": {"uv": [46, 15], "uv_size": [1, 0.25]},
								"west": {"uv": [43, 15], "uv_size": [1.5, 0.25]},
								"up": {"uv": [8, 21], "uv_size": [1, 1.5]},
								"down": {"uv": [22, 18.5], "uv_size": [1, -1.5]}
							}
						},
						{
							"origin": [-6.3125, -2.0625, -1.96875],
							"size": [1.3125, 1.84375, 0.15625],
							"uv": {
								"north": {"uv": [17, 5], "uv_size": [1.25, 1.75]},
								"east": {"uv": [38, 32], "uv_size": [0.25, 1.75]},
								"south": {"uv": [16, 17], "uv_size": [1.25, 1.75]},
								"west": {"uv": [35, 38], "uv_size": [0.25, 1.75]},
								"up": {"uv": [44, 42], "uv_size": [1.25, 0.25]},
								"down": {"uv": [44, 44.25], "uv_size": [1.25, -0.25]}
							}
						},
						{
							"origin": [-6.3125, -0.23389, -1.89396],
							"size": [1.3125, 1.15625, 0.15625],
							"inflate": 0.0001,
							"pivot": [-5.65625, 0.34423, -1.81583],
							"rotation": [-7.5, 0, 0],
							"uv": {
								"north": {"uv": [13, 21], "uv_size": [1.25, 1.25]},
								"east": {"uv": [6, 45], "uv_size": [0.25, 1.25]},
								"south": {"uv": [22, 14], "uv_size": [1.25, 1.25]},
								"west": {"uv": [10, 45], "uv_size": [0.25, 1.25]},
								"up": {"uv": [45, 0], "uv_size": [1.25, 0.25]},
								"down": {"uv": [12, 45.25], "uv_size": [1.25, -0.25]}
							}
						},
						{
							"origin": [-5.90625, 0.9375, 0],
							"size": [0.5, 0.125, 1],
							"uv": {
								"north": {"uv": [16, 54], "uv_size": [0.5, 0.25]},
								"east": {"uv": [17, 46], "uv_size": [1, 0.25]},
								"south": {"uv": [54, 16], "uv_size": [0.5, 0.25]},
								"west": {"uv": [46, 17], "uv_size": [1, 0.25]},
								"up": {"uv": [37, 0], "uv_size": [0.5, 1]},
								"down": {"uv": [37, 3], "uv_size": [0.5, -1]}
							}
						},
						{
							"origin": [-5.59083, 0.9375, -0.10669],
							"size": [0.177, 0.125, 0.125],
							"pivot": [-5.53883, 1, -0.04419],
							"rotation": [0, -45, 0],
							"uv": {
								"north": {"uv": [58, 44], "uv_size": [0.25, 0.25]},
								"east": {"uv": [46, 58], "uv_size": [0.25, 0.25]},
								"south": {"uv": [48, 58], "uv_size": [0.25, 0.25]},
								"west": {"uv": [58, 48], "uv_size": [0.25, 0.25]},
								"up": {"uv": [50, 58], "uv_size": [0.25, 0.25]},
								"down": {"uv": [58, 50.25], "uv_size": [0.25, -0.25]}
							}
						},
						{
							"origin": [-5.89867, 0.9375, -0.10669],
							"size": [0.177, 0.125, 0.125],
							"pivot": [-5.77367, 1, -0.04419],
							"rotation": [0, 45, 0],
							"uv": {
								"north": {"uv": [58, 52], "uv_size": [0.25, 0.25]},
								"east": {"uv": [54, 58], "uv_size": [0.25, 0.25]},
								"south": {"uv": [58, 54], "uv_size": [0.25, 0.25]},
								"west": {"uv": [56, 58], "uv_size": [0.25, 0.25]},
								"up": {"uv": [58, 56], "uv_size": [0.25, 0.25]},
								"down": {"uv": [58, 58.25], "uv_size": [0.25, -0.25]}
							}
						},
						{
							"origin": [-5.59083, 0.9375, 0.98169],
							"size": [0.177, 0.125, 0.125],
							"pivot": [-5.53883, 1, 1.04419],
							"rotation": [0, 45, 0],
							"uv": {
								"north": {"uv": [59, 2], "uv_size": [0.25, 0.25]},
								"east": {"uv": [59, 4], "uv_size": [0.25, 0.25]},
								"south": {"uv": [59, 6], "uv_size": [0.25, 0.25]},
								"west": {"uv": [59, 8], "uv_size": [0.25, 0.25]},
								"up": {"uv": [12, 59], "uv_size": [0.25, 0.25]},
								"down": {"uv": [59, 12.25], "uv_size": [0.25, -0.25]}
							}
						},
						{
							"origin": [-5.89867, 0.9375, 0.98169],
							"size": [0.177, 0.125, 0.125],
							"pivot": [-5.77367, 1, 1.04419],
							"rotation": [0, -45, 0],
							"uv": {
								"north": {"uv": [59, 20], "uv_size": [0.25, 0.25]},
								"east": {"uv": [59, 22], "uv_size": [0.25, 0.25]},
								"south": {"uv": [59, 24], "uv_size": [0.25, 0.25]},
								"west": {"uv": [59, 26], "uv_size": [0.25, 0.25]},
								"up": {"uv": [30, 59], "uv_size": [0.25, 0.25]},
								"down": {"uv": [32, 59.25], "uv_size": [0.25, -0.25]}
							}
						},
						{
							"origin": [-5.78125, 0.9375, -0.125],
							"size": [0.25, 0.125, 0.125],
							"uv": {
								"north": {"uv": [34, 59], "uv_size": [0.25, 0.25]},
								"east": {"uv": [36, 59], "uv_size": [0.25, 0.25]},
								"south": {"uv": [59, 38], "uv_size": [0.25, 0.25]},
								"west": {"uv": [59, 40], "uv_size": [0.25, 0.25]},
								"up": {"uv": [59, 42], "uv_size": [0.25, 0.25]},
								"down": {"uv": [59, 46.25], "uv_size": [0.25, -0.25]}
							}
						},
						{
							"origin": [-5.78125, 0.9375, 1],
							"size": [0.25, 0.125, 0.125],
							"uv": {
								"north": {"uv": [52, 59], "uv_size": [0.25, 0.25]},
								"east": {"uv": [0, 60], "uv_size": [0.25, 0.25]},
								"south": {"uv": [60, 0], "uv_size": [0.25, 0.25]},
								"west": {"uv": [2, 60], "uv_size": [0.25, 0.25]},
								"up": {"uv": [4, 60], "uv_size": [0.25, 0.25]},
								"down": {"uv": [6, 60.25], "uv_size": [0.25, -0.25]}
							}
						},
						{
							"origin": [-6.1875, -2.1875, -1.96875],
							"size": [1.0625, 0.125, 2.59375],
							"uv": {
								"north": {"uv": [19, 46], "uv_size": [1, 0.25]},
								"east": {"uv": [36, 26], "uv_size": [2.5, 0.25]},
								"south": {"uv": [46, 19], "uv_size": [1, 0.25]},
								"west": {"uv": [36, 30], "uv_size": [2.5, 0.25]},
								"up": {"uv": [14, 14], "uv_size": [1, 2.5]},
								"down": {"uv": [15, 4.5], "uv_size": [1, -2.5]}
							}
						},
						{
							"origin": [-6.1875, 0, -1.9375],
							"size": [1.0625, 0.8125, 0.0625],
							"inflate": 0.0001,
							"pivot": [-5.65625, 0.40625, -1.90625],
							"rotation": [-7.5, 0, 0],
							"uv": {
								"north": {"uv": [15, 6], "uv_size": [1, 0.75]},
								"east": {"uv": [4, 48], "uv_size": [0.25, 0.75]},
								"south": {"uv": [33, 16], "uv_size": [1, 0.75]},
								"west": {"uv": [6, 48], "uv_size": [0.25, 0.75]},
								"up": {"uv": [21, 46], "uv_size": [1, 0.25]},
								"down": {"uv": [23, 46.25], "uv_size": [1, -0.25]}
							}
						},
						{
							"origin": [-6.0625, 0.8125, -1.9375],
							"size": [0.8125, 0.125, 0.0625],
							"pivot": [-5.65625, 0.40625, -1.90625],
							"rotation": [-7.5, 0, 0],
							"uv": {
								"north": {"uv": [8, 48], "uv_size": [0.75, 0.25]},
								"east": {"uv": [8, 60], "uv_size": [0.25, 0.25]},
								"south": {"uv": [10, 48], "uv_size": [0.75, 0.25]},
								"west": {"uv": [10, 60], "uv_size": [0.25, 0.25]},
								"up": {"uv": [48, 10], "uv_size": [0.75, 0.25]},
								"down": {"uv": [14, 48.25], "uv_size": [0.75, -0.25]}
							}
						},
						{
							"origin": [-6.31916, 0.31786, -1.9375],
							"size": [0.125, 0.177, 0.0625],
							"pivot": [-5.65625, 0.40625, -1.90625],
							"rotation": [-5.31847, 5.29571, 44.75386],
							"uv": {
								"north": {"uv": [60, 10], "uv_size": [0.25, 0.25]},
								"east": {"uv": [14, 60], "uv_size": [0.25, 0.25]},
								"south": {"uv": [60, 14], "uv_size": [0.25, 0.25]},
								"west": {"uv": [16, 60], "uv_size": [0.25, 0.25]},
								"up": {"uv": [60, 16], "uv_size": [0.25, 0.25]},
								"down": {"uv": [18, 60.25], "uv_size": [0.25, -0.25]}
							}
						},
						{
							"origin": [-5.11834, 0.31786, -1.9375],
							"size": [0.125, 0.177, 0.0625],
							"pivot": [-5.65625, 0.40625, -1.90625],
							"rotation": [-5.31847, -5.29571, -44.75386],
							"uv": {
								"north": {"uv": [60, 18], "uv_size": [0.25, 0.25]},
								"east": {"uv": [20, 60], "uv_size": [0.25, 0.25]},
								"south": {"uv": [22, 60], "uv_size": [0.25, 0.25]},
								"west": {"uv": [24, 60], "uv_size": [0.25, 0.25]},
								"up": {"uv": [26, 60], "uv_size": [0.25, 0.25]},
								"down": {"uv": [28, 60.25], "uv_size": [0.25, -0.25]}
							}
						},
						{
							"origin": [-6.16161, -0.4375, -2.03125],
							"size": [0.125, 0.177, 0.0625],
							"pivot": [-6.09911, -0.375, -2],
							"rotation": [0, 0, 45],
							"uv": {
								"north": {"uv": [60, 28], "uv_size": [0.25, 0.25]},
								"east": {"uv": [60, 30], "uv_size": [0.25, 0.25]},
								"south": {"uv": [60, 32], "uv_size": [0.25, 0.25]},
								"west": {"uv": [60, 34], "uv_size": [0.25, 0.25]},
								"up": {"uv": [60, 36], "uv_size": [0.25, 0.25]},
								"down": {"uv": [38, 60.25], "uv_size": [0.25, -0.25]}
							}
						},
						{
							"origin": [-6.0625, -0.375, -2.03125],
							"size": [0.8125, 0.125, 0.0625],
							"uv": {
								"north": {"uv": [48, 14], "uv_size": [0.75, 0.25]},
								"east": {"uv": [40, 60], "uv_size": [0.25, 0.25]},
								"south": {"uv": [16, 48], "uv_size": [0.75, 0.25]},
								"west": {"uv": [42, 60], "uv_size": [0.25, 0.25]},
								"up": {"uv": [48, 16], "uv_size": [0.75, 0.25]},
								"down": {"uv": [18, 48.25], "uv_size": [0.75, -0.25]}
							}
						},
						{
							"origin": [-5.27589, -0.4375, -2.03125],
							"size": [0.125, 0.177, 0.0625],
							"pivot": [-5.21339, -0.375, -2],
							"rotation": [0, 0, -45],
							"uv": {
								"north": {"uv": [44, 60], "uv_size": [0.25, 0.25]},
								"east": {"uv": [60, 44], "uv_size": [0.25, 0.25]},
								"south": {"uv": [46, 60], "uv_size": [0.25, 0.25]},
								"west": {"uv": [48, 60], "uv_size": [0.25, 0.25]},
								"up": {"uv": [60, 48], "uv_size": [0.25, 0.25]},
								"down": {"uv": [50, 60.25], "uv_size": [0.25, -0.25]}
							}
						},
						{
							"origin": [-5.11834, 0.31764, -1.9375],
							"size": [0.125, 0.177, 0.0625],
							"pivot": [-5.65625, 0.40625, -1.90625],
							"rotation": [-5.31847, 5.29571, 44.75386],
							"uv": {
								"north": {"uv": [60, 50], "uv_size": [0.25, 0.25]},
								"east": {"uv": [60, 52], "uv_size": [0.25, 0.25]},
								"south": {"uv": [54, 60], "uv_size": [0.25, 0.25]},
								"west": {"uv": [60, 54], "uv_size": [0.25, 0.25]},
								"up": {"uv": [56, 60], "uv_size": [0.25, 0.25]},
								"down": {"uv": [60, 56.25], "uv_size": [0.25, -0.25]}
							}
						},
						{
							"origin": [-6.0625, -0.125, -1.9375],
							"size": [0.8125, 0.125, 0.0625],
							"pivot": [-5.65625, 0.40625, -1.90625],
							"rotation": [-7.5, 0, 0],
							"uv": {
								"north": {"uv": [48, 18], "uv_size": [0.75, 0.25]},
								"east": {"uv": [58, 60], "uv_size": [0.25, 0.25]},
								"south": {"uv": [20, 48], "uv_size": [0.75, 0.25]},
								"west": {"uv": [60, 58], "uv_size": [0.25, 0.25]},
								"up": {"uv": [22, 48], "uv_size": [0.75, 0.25]},
								"down": {"uv": [24, 48.25], "uv_size": [0.75, -0.25]}
							}
						},
						{
							"origin": [-6.31916, 0.31764, -1.9375],
							"size": [0.125, 0.177, 0.0625],
							"pivot": [-5.65625, 0.40625, -1.90625],
							"rotation": [-5.31847, -5.29571, -44.75386],
							"uv": {
								"north": {"uv": [60, 60], "uv_size": [0.25, 0.25]},
								"east": {"uv": [61, 2], "uv_size": [0.25, 0.25]},
								"south": {"uv": [61, 4], "uv_size": [0.25, 0.25]},
								"west": {"uv": [61, 6], "uv_size": [0.25, 0.25]},
								"up": {"uv": [61, 8], "uv_size": [0.25, 0.25]},
								"down": {"uv": [12, 61.25], "uv_size": [0.25, -0.25]}
							}
						},
						{
							"origin": [-6.16161, -2.052, -2.03125],
							"size": [0.125, 0.177, 0.0625],
							"pivot": [-6.09911, -1.9375, -2],
							"rotation": [0, 0, -45],
							"uv": {
								"north": {"uv": [61, 12], "uv_size": [0.25, 0.25]},
								"east": {"uv": [61, 20], "uv_size": [0.25, 0.25]},
								"south": {"uv": [61, 22], "uv_size": [0.25, 0.25]},
								"west": {"uv": [61, 24], "uv_size": [0.25, 0.25]},
								"up": {"uv": [61, 26], "uv_size": [0.25, 0.25]},
								"down": {"uv": [30, 61.25], "uv_size": [0.25, -0.25]}
							}
						},
						{
							"origin": [-6.0625, -2.0625, -2.03125],
							"size": [0.8125, 0.125, 0.0625],
							"uv": {
								"north": {"uv": [26, 48], "uv_size": [0.75, 0.25]},
								"east": {"uv": [32, 61], "uv_size": [0.25, 0.25]},
								"south": {"uv": [28, 48], "uv_size": [0.75, 0.25]},
								"west": {"uv": [34, 61], "uv_size": [0.25, 0.25]},
								"up": {"uv": [48, 29], "uv_size": [0.75, 0.25]},
								"down": {"uv": [48, 31.25], "uv_size": [0.75, -0.25]}
							}
						},
						{
							"origin": [-5.27589, -2.052, -2.03125],
							"size": [0.125, 0.177, 0.0625],
							"pivot": [-5.21339, -1.9375, -2],
							"rotation": [0, 0, 45],
							"uv": {
								"north": {"uv": [36, 61], "uv_size": [0.25, 0.25]},
								"east": {"uv": [61, 38], "uv_size": [0.25, 0.25]},
								"south": {"uv": [61, 40], "uv_size": [0.25, 0.25]},
								"west": {"uv": [61, 42], "uv_size": [0.25, 0.25]},
								"up": {"uv": [61, 46], "uv_size": [0.25, 0.25]},
								"down": {"uv": [52, 61.25], "uv_size": [0.25, -0.25]}
							}
						},
						{
							"origin": [-6.1875, -1.9375, -2.03125],
							"size": [1.0625, 1.5625, 0.0625],
							"inflate": 0.0001,
							"uv": {
								"north": {"uv": [22, 20], "uv_size": [1, 1.5]},
								"east": {"uv": [4, 43], "uv_size": [0.25, 1.5]},
								"south": {"uv": [0, 23], "uv_size": [1, 1.5]},
								"west": {"uv": [8, 43], "uv_size": [0.25, 1.5]},
								"up": {"uv": [25, 46], "uv_size": [1, 0.25]},
								"down": {"uv": [27, 46.25], "uv_size": [1, -0.25]}
							}
						},
						{
							"origin": [-6.375, -1.375, -1.78125],
							"size": [0.0625, 0.4375, 0.34375],
							"uv": {
								"north": {"uv": [54, 56], "uv_size": [0.25, 0.5]},
								"east": {"uv": [56, 54], "uv_size": [0.25, 0.5]},
								"south": {"uv": [56, 56], "uv_size": [0.25, 0.5]},
								"west": {"uv": [57, 2], "uv_size": [0.25, 0.5]},
								"up": {"uv": [42, 66], "uv_size": [0.25, 0.25]},
								"down": {"uv": [44, 66.25], "uv_size": [0.25, -0.25]}
							}
						},
						{
							"origin": [-6.375, -1.10937, -1.71006],
							"size": [0.0625, 0.486, 0.34375],
							"pivot": [-6.46875, -0.9375, -1.53818],
							"rotation": [-45, 0, 0],
							"uv": {
								"north": {"uv": [57, 4], "uv_size": [0.25, 0.5]},
								"east": {"uv": [57, 6], "uv_size": [0.25, 0.5]},
								"south": {"uv": [57, 8], "uv_size": [0.25, 0.5]},
								"west": {"uv": [12, 57], "uv_size": [0.25, 0.5]},
								"up": {"uv": [66, 44], "uv_size": [0.25, 0.25]},
								"down": {"uv": [46, 66.25], "uv_size": [0.25, -0.25]}
							}
						},
						{
							"origin": [-6.375, -1.68913, -1.71006],
							"size": [0.0625, 0.48601, 0.34375],
							"pivot": [-6.46875, -1.375, -1.53818],
							"rotation": [45, 0, 0],
							"uv": {
								"north": {"uv": [57, 12], "uv_size": [0.25, 0.5]},
								"east": {"uv": [57, 20], "uv_size": [0.25, 0.5]},
								"south": {"uv": [57, 22], "uv_size": [0.25, 0.5]},
								"west": {"uv": [57, 24], "uv_size": [0.25, 0.5]},
								"up": {"uv": [48, 66], "uv_size": [0.25, 0.25]},
								"down": {"uv": [66, 48.25], "uv_size": [0.25, -0.25]}
							}
						},
						{
							"origin": [-6.375, -1.40625, -0.5625],
							"size": [0.0625, 0.5, 0.855],
							"uv": {
								"north": {"uv": [57, 26], "uv_size": [0.25, 0.5]},
								"east": {"uv": [39, 43], "uv_size": [0.75, 0.5]},
								"south": {"uv": [30, 57], "uv_size": [0.25, 0.5]},
								"west": {"uv": [30, 44], "uv_size": [0.75, 0.5]},
								"up": {"uv": [50, 50], "uv_size": [0.25, 0.75]},
								"down": {"uv": [51, 2.75], "uv_size": [0.25, -0.75]}
							}
						},
						{
							"origin": [-6.375, -1.04646, -0.64233],
							"size": [0.0625, 0.3125, 0.91],
							"pivot": [-6.46875, -0.89021, -0.20483],
							"rotation": [-20, 0, 0],
							"uv": {
								"north": {"uv": [50, 66], "uv_size": [0.25, 0.25]},
								"east": {"uv": [31, 47], "uv_size": [1, 0.25]},
								"south": {"uv": [66, 50], "uv_size": [0.25, 0.25]},
								"west": {"uv": [33, 47], "uv_size": [1, 0.25]},
								"up": {"uv": [35, 47], "uv_size": [0.25, 1]},
								"down": {"uv": [37, 48], "uv_size": [0.25, -1]}
							}
						},
						{
							"origin": [-6.375, -1.57854, -0.64233],
							"size": [0.0625, 0.3125, 0.91],
							"pivot": [-6.46875, -1.42229, -0.20483],
							"rotation": [20, 0, 0],
							"uv": {
								"north": {"uv": [66, 52], "uv_size": [0.25, 0.25]},
								"east": {"uv": [47, 40], "uv_size": [1, 0.25]},
								"south": {"uv": [54, 66], "uv_size": [0.25, 0.25]},
								"west": {"uv": [47, 42], "uv_size": [1, 0.25]},
								"up": {"uv": [47, 44], "uv_size": [0.25, 1]},
								"down": {"uv": [0, 49], "uv_size": [0.25, -1]}
							}
						},
						{
							"origin": [-6.375, -1.71875, -1.4375],
							"size": [0.0625, 1.125, 0.875],
							"inflate": 0.0001,
							"uv": {
								"north": {"uv": [15, 45], "uv_size": [0.25, 1.25]},
								"east": {"uv": [22, 31], "uv_size": [1, 1.25]},
								"south": {"uv": [45, 25], "uv_size": [0.25, 1.25]},
								"west": {"uv": [24, 31], "uv_size": [1, 1.25]},
								"up": {"uv": [48, 0], "uv_size": [0.25, 1]},
								"down": {"uv": [2, 49], "uv_size": [0.25, -1]}
							}
						},
						{
							"origin": [-6.0625, -0.625, 2.84375],
							"size": [0.8125, 0.65625, 0.03125],
							"uv": {
								"south": {"uv": [0, 70], "uv_size": [8, 6]}
							}
						},
						{
							"origin": [-5.6875, 0.52145, 1.90625],
							"size": [0.5625, 0.2071, 0.5],
							"pivot": [-5.625, 0.625, 2.15625],
							"rotation": [-45, 20, 90],
							"uv": {
								"north": {"uv": [4, 56], "uv_size": [0.5, 0.25]},
								"east": {"uv": [6, 56], "uv_size": [0.5, 0.25]},
								"south": {"uv": [8, 56], "uv_size": [0.5, 0.25]},
								"west": {"uv": [10, 56], "uv_size": [0.5, 0.25]},
								"up": {"uv": [47, 6], "uv_size": [0.5, 0.5]},
								"down": {"uv": [47, 8.5], "uv_size": [0.5, -0.5]}
							}
						},
						{
							"origin": [-5.6875, 0.52145, 1.90625],
							"size": [0.5625, 0.2071, 0.5],
							"pivot": [-5.625, 0.625, 2.15625],
							"rotation": [0, 20, 90],
							"uv": {
								"north": {"uv": [56, 10], "uv_size": [0.5, 0.25]},
								"east": {"uv": [14, 56], "uv_size": [0.5, 0.25]},
								"south": {"uv": [56, 14], "uv_size": [0.5, 0.25]},
								"west": {"uv": [16, 56], "uv_size": [0.5, 0.25]},
								"up": {"uv": [12, 47], "uv_size": [0.5, 0.5]},
								"down": {"uv": [47, 12.5], "uv_size": [0.5, -0.5]}
							}
						},
						{
							"origin": [-5.6875, 0.375, 2.0527],
							"size": [0.5625, 0.5, 0.2071],
							"pivot": [-5.625, 0.625, 2.15625],
							"rotation": [-45, 20, 90],
							"uv": {
								"north": {"uv": [47, 21], "uv_size": [0.5, 0.5]},
								"east": {"uv": [56, 16], "uv_size": [0.25, 0.5]},
								"south": {"uv": [47, 23], "uv_size": [0.5, 0.5]},
								"west": {"uv": [18, 56], "uv_size": [0.25, 0.5]},
								"up": {"uv": [56, 18], "uv_size": [0.5, 0.25]},
								"down": {"uv": [20, 56.25], "uv_size": [0.5, -0.25]}
							}
						},
						{
							"origin": [-5.6875, 0.375, 2.0527],
							"size": [0.5625, 0.5, 0.2071],
							"pivot": [-5.625, 0.625, 2.15625],
							"rotation": [0, 20, 90],
							"uv": {
								"north": {"uv": [47, 25], "uv_size": [0.5, 0.5]},
								"east": {"uv": [22, 56], "uv_size": [0.25, 0.5]},
								"south": {"uv": [47, 27], "uv_size": [0.5, 0.5]},
								"west": {"uv": [24, 56], "uv_size": [0.25, 0.5]},
								"up": {"uv": [26, 56], "uv_size": [0.5, 0.25]},
								"down": {"uv": [28, 56.25], "uv_size": [0.5, -0.25]}
							}
						}
					]
				},
				{
					"name": "octagon3",
					"parent": "bone6",
					"pivot": [-5.65625, -1.64062, 1.6875],
					"cubes": [
						{
							"origin": [-5.86336, -1.75, 1.1875],
							"size": [0.41422, 0.21875, 1],
							"pivot": [-5.65625, -1.65625, 1.6875],
							"rotation": [0, -45, 0],
							"uv": {
								"north": {"uv": [18, 54], "uv_size": [0.5, 0.25]},
								"east": {"uv": [29, 46], "uv_size": [1, 0.25]},
								"south": {"uv": [54, 18], "uv_size": [0.5, 0.25]},
								"west": {"uv": [46, 30], "uv_size": [1, 0.25]},
								"up": {"uv": [37, 4], "uv_size": [0.5, 1]},
								"down": {"uv": [6, 38], "uv_size": [0.5, -1]}
							}
						},
						{
							"origin": [-5.86336, -1.75, 1.1875],
							"size": [0.41422, 0.21875, 1],
							"uv": {
								"north": {"uv": [20, 54], "uv_size": [0.5, 0.25]},
								"east": {"uv": [46, 32], "uv_size": [1, 0.25]},
								"south": {"uv": [22, 54], "uv_size": [0.5, 0.25]},
								"west": {"uv": [46, 34], "uv_size": [1, 0.25]},
								"up": {"uv": [37, 6], "uv_size": [0.5, 1]},
								"down": {"uv": [10, 38], "uv_size": [0.5, -1]}
							}
						},
						{
							"origin": [-6.15625, -1.75, 1.48039],
							"size": [1, 0.21875, 0.41422],
							"pivot": [-5.65625, -1.65625, 1.6875],
							"rotation": [0, -45, 0],
							"uv": {
								"north": {"uv": [46, 36], "uv_size": [1, 0.25]},
								"east": {"uv": [24, 54], "uv_size": [0.5, 0.25]},
								"south": {"uv": [46, 38], "uv_size": [1, 0.25]},
								"west": {"uv": [26, 54], "uv_size": [0.5, 0.25]},
								"up": {"uv": [14, 37], "uv_size": [1, 0.5]},
								"down": {"uv": [37, 22.5], "uv_size": [1, -0.5]}
							}
						},
						{
							"origin": [-6.15625, -1.75, 1.48039],
							"size": [1, 0.21875, 0.41422],
							"uv": {
								"north": {"uv": [40, 46], "uv_size": [1, 0.25]},
								"east": {"uv": [28, 54], "uv_size": [0.5, 0.25]},
								"south": {"uv": [42, 46], "uv_size": [1, 0.25]},
								"west": {"uv": [54, 28], "uv_size": [0.5, 0.25]},
								"up": {"uv": [25, 37], "uv_size": [1, 0.5]},
								"down": {"uv": [27, 37.5], "uv_size": [1, -0.5]}
							}
						}
					]
				},
				{
					"name": "octagon8",
					"parent": "bone6",
					"pivot": [-5.65625, 0.8125, 0.375]
				},
				{
					"name": "bone7",
					"parent": "bone6",
					"pivot": [-6.40625, 0.375, 0.625],
					"cubes": [
						{
							"origin": [-6.40625, 0.125, 0.28125],
							"size": [0.09375, 0.46875, 0.6875],
							"uv": {
								"north": {"uv": [54, 30], "uv_size": [0.25, 0.5]},
								"east": {"uv": [12, 43], "uv_size": [0.75, 0.5]},
								"south": {"uv": [54, 32], "uv_size": [0.25, 0.5]},
								"west": {"uv": [16, 43], "uv_size": [0.75, 0.5]},
								"up": {"uv": [48, 33], "uv_size": [0.25, 0.75]},
								"down": {"uv": [48, 35.75], "uv_size": [0.25, -0.75]}
							}
						},
						{
							"origin": [-6.40625, 0.25, 0.96875],
							"size": [0.09375, 0.21875, 0.125],
							"uv": {
								"north": {"uv": [0, 62], "uv_size": [0.25, 0.25]},
								"east": {"uv": [62, 0], "uv_size": [0.25, 0.25]},
								"south": {"uv": [2, 62], "uv_size": [0.25, 0.25]},
								"west": {"uv": [4, 62], "uv_size": [0.25, 0.25]},
								"up": {"uv": [6, 62], "uv_size": [0.25, 0.25]},
								"down": {"uv": [8, 62.25], "uv_size": [0.25, -0.25]}
							}
						},
						{
							"origin": [-6.40625, 0.40625, 0.89086],
							"size": [0.09375, 0.125, 0.177],
							"pivot": [-6.35938, 0.46875, 1.00536],
							"rotation": [-45, 0, 0],
							"uv": {
								"north": {"uv": [10, 62], "uv_size": [0.25, 0.25]},
								"east": {"uv": [62, 10], "uv_size": [0.25, 0.25]},
								"south": {"uv": [14, 62], "uv_size": [0.25, 0.25]},
								"west": {"uv": [62, 14], "uv_size": [0.25, 0.25]},
								"up": {"uv": [16, 62], "uv_size": [0.25, 0.25]},
								"down": {"uv": [62, 16.25], "uv_size": [0.25, -0.25]}
							}
						},
						{
							"origin": [-6.40625, 0.1875, 0.89086],
							"size": [0.09375, 0.125, 0.177],
							"pivot": [-6.35938, 0.25, 1.00536],
							"rotation": [45, 0, 0],
							"uv": {
								"north": {"uv": [18, 62], "uv_size": [0.25, 0.25]},
								"east": {"uv": [62, 18], "uv_size": [0.25, 0.25]},
								"south": {"uv": [20, 62], "uv_size": [0.25, 0.25]},
								"west": {"uv": [22, 62], "uv_size": [0.25, 0.25]},
								"up": {"uv": [24, 62], "uv_size": [0.25, 0.25]},
								"down": {"uv": [26, 62.25], "uv_size": [0.25, -0.25]}
							}
						},
						{
							"origin": [-6.40625, 0.25, 0.15625],
							"size": [0.09375, 0.21875, 0.125],
							"uv": {
								"north": {"uv": [28, 62], "uv_size": [0.25, 0.25]},
								"east": {"uv": [62, 28], "uv_size": [0.25, 0.25]},
								"south": {"uv": [62, 30], "uv_size": [0.25, 0.25]},
								"west": {"uv": [62, 32], "uv_size": [0.25, 0.25]},
								"up": {"uv": [62, 34], "uv_size": [0.25, 0.25]},
								"down": {"uv": [62, 36.25], "uv_size": [0.25, -0.25]}
							}
						},
						{
							"origin": [-6.40625, 0.40625, 0.18214],
							"size": [0.09375, 0.125, 0.177],
							"pivot": [-6.35938, 0.46875, 0.24464],
							"rotation": [45, 0, 0],
							"uv": {
								"north": {"uv": [38, 62], "uv_size": [0.25, 0.25]},
								"east": {"uv": [40, 62], "uv_size": [0.25, 0.25]},
								"south": {"uv": [42, 62], "uv_size": [0.25, 0.25]},
								"west": {"uv": [44, 62], "uv_size": [0.25, 0.25]},
								"up": {"uv": [62, 44], "uv_size": [0.25, 0.25]},
								"down": {"uv": [46, 62.25], "uv_size": [0.25, -0.25]}
							}
						},
						{
							"origin": [-6.40625, 0.1875, 0.18214],
							"size": [0.09375, 0.125, 0.177],
							"pivot": [-6.35938, 0.25, 0.24464],
							"rotation": [-45, 0, 0],
							"uv": {
								"north": {"uv": [48, 62], "uv_size": [0.25, 0.25]},
								"east": {"uv": [62, 48], "uv_size": [0.25, 0.25]},
								"south": {"uv": [50, 62], "uv_size": [0.25, 0.25]},
								"west": {"uv": [62, 50], "uv_size": [0.25, 0.25]},
								"up": {"uv": [62, 52], "uv_size": [0.25, 0.25]},
								"down": {"uv": [54, 62.25], "uv_size": [0.25, -0.25]}
							}
						}
					]
				},
				{
					"name": "octagon12",
					"parent": "bone6",
					"pivot": [1.65625, -9.15625, -8.09375],
					"cubes": [
						{
							"origin": [-6.40625, -1.2598, -0.34375],
							"size": [0.5625, 0.2071, 0.5],
							"pivot": [-6.34375, -1.15625, -0.09375],
							"rotation": [-45, 0, 0],
							"uv": {
								"north": {"uv": [4, 56], "uv_size": [0.5, 0.25]},
								"east": {"uv": [6, 56], "uv_size": [0.5, 0.25]},
								"south": {"uv": [8, 56], "uv_size": [0.5, 0.25]},
								"west": {"uv": [10, 56], "uv_size": [0.5, 0.25]},
								"up": {"uv": [47, 6], "uv_size": [0.5, 0.5]},
								"down": {"uv": [47, 8.5], "uv_size": [0.5, -0.5]}
							}
						},
						{
							"origin": [-6.40625, -1.2598, -0.34375],
							"size": [0.5625, 0.2071, 0.5],
							"uv": {
								"north": {"uv": [56, 10], "uv_size": [0.5, 0.25]},
								"east": {"uv": [14, 56], "uv_size": [0.5, 0.25]},
								"south": {"uv": [56, 14], "uv_size": [0.5, 0.25]},
								"west": {"uv": [16, 56], "uv_size": [0.5, 0.25]},
								"up": {"uv": [12, 47], "uv_size": [0.5, 0.5]},
								"down": {"uv": [47, 12.5], "uv_size": [0.5, -0.5]}
							}
						},
						{
							"origin": [-6.40625, -1.40625, -0.1973],
							"size": [0.5625, 0.5, 0.2071],
							"pivot": [-6.34375, -1.15625, -0.09375],
							"rotation": [-45, 0, 0],
							"uv": {
								"north": {"uv": [47, 21], "uv_size": [0.5, 0.5]},
								"east": {"uv": [56, 16], "uv_size": [0.25, 0.5]},
								"south": {"uv": [47, 23], "uv_size": [0.5, 0.5]},
								"west": {"uv": [18, 56], "uv_size": [0.25, 0.5]},
								"up": {"uv": [56, 18], "uv_size": [0.5, 0.25]},
								"down": {"uv": [20, 56.25], "uv_size": [0.5, -0.25]}
							}
						},
						{
							"origin": [-6.40625, -1.40625, -0.1973],
							"size": [0.5625, 0.5, 0.2071],
							"uv": {
								"north": {"uv": [47, 25], "uv_size": [0.5, 0.5]},
								"east": {"uv": [22, 56], "uv_size": [0.25, 0.5]},
								"south": {"uv": [47, 27], "uv_size": [0.5, 0.5]},
								"west": {"uv": [24, 56], "uv_size": [0.25, 0.5]},
								"up": {"uv": [26, 56], "uv_size": [0.5, 0.25]},
								"down": {"uv": [28, 56.25], "uv_size": [0.5, -0.25]}
							}
						},
						{
							"origin": [-6.40625, -0.9375, -0.5],
							"size": [0.03125, 0.125, 0.125],
							"pivot": [-6.39063, -0.875, -0.4375],
							"rotation": [45, 0, 0],
							"uv": {
								"north": {"uv": [10, 66], "uv_size": [0.25, 0.25]},
								"east": {"uv": [66, 10], "uv_size": [0.25, 0.25]},
								"south": {"uv": [14, 66], "uv_size": [0.25, 0.25]},
								"west": {"uv": [66, 14], "uv_size": [0.25, 0.25]},
								"up": {"uv": [16, 66], "uv_size": [0.25, 0.25]},
								"down": {"uv": [66, 16.25], "uv_size": [0.25, -0.25]}
							}
						},
						{
							"origin": [-6.40625, -1.375, -0.8125],
							"size": [0.03125, 0.4375, 0.25],
							"uv": {
								"north": {"uv": [56, 28], "uv_size": [0.25, 0.5]},
								"east": {"uv": [56, 30], "uv_size": [0.25, 0.5]},
								"south": {"uv": [56, 32], "uv_size": [0.25, 0.5]},
								"west": {"uv": [56, 34], "uv_size": [0.25, 0.5]},
								"up": {"uv": [18, 66], "uv_size": [0.25, 0.25]},
								"down": {"uv": [66, 18.25], "uv_size": [0.25, -0.25]}
							}
						},
						{
							"origin": [-6.40625, -1.375, -1.5625],
							"size": [0.03125, 0.4375, 0.25],
							"uv": {
								"north": {"uv": [56, 36], "uv_size": [0.25, 0.5]},
								"east": {"uv": [38, 56], "uv_size": [0.25, 0.5]},
								"south": {"uv": [40, 56], "uv_size": [0.25, 0.5]},
								"west": {"uv": [42, 56], "uv_size": [0.25, 0.5]},
								"up": {"uv": [20, 66], "uv_size": [0.25, 0.25]},
								"down": {"uv": [22, 66.25], "uv_size": [0.25, -0.25]}
							}
						},
						{
							"origin": [-6.40625, -1.125, -1.28125],
							"size": [0.03125, 0.25, 0.4375],
							"uv": {
								"north": {"uv": [24, 66], "uv_size": [0.25, 0.25]},
								"east": {"uv": [44, 56], "uv_size": [0.5, 0.25]},
								"south": {"uv": [26, 66], "uv_size": [0.25, 0.25]},
								"west": {"uv": [56, 44], "uv_size": [0.5, 0.25]},
								"up": {"uv": [46, 56], "uv_size": [0.25, 0.5]},
								"down": {"uv": [48, 56.5], "uv_size": [0.25, -0.5]}
							}
						},
						{
							"origin": [-6.40625, -1.4375, -1.28125],
							"size": [0.03125, 0.25, 0.4375],
							"uv": {
								"north": {"uv": [28, 66], "uv_size": [0.25, 0.25]},
								"east": {"uv": [56, 48], "uv_size": [0.5, 0.25]},
								"south": {"uv": [66, 28], "uv_size": [0.25, 0.25]},
								"west": {"uv": [50, 56], "uv_size": [0.5, 0.25]},
								"up": {"uv": [56, 50], "uv_size": [0.25, 0.5]},
								"down": {"uv": [56, 52.5], "uv_size": [0.25, -0.5]}
							}
						},
						{
							"origin": [-6.40625, -1.5, -0.5],
							"size": [0.03125, 0.125, 0.125],
							"pivot": [-6.39063, -1.4375, -0.4375],
							"rotation": [45, 0, 0],
							"uv": {
								"north": {"uv": [66, 30], "uv_size": [0.25, 0.25]},
								"east": {"uv": [66, 32], "uv_size": [0.25, 0.25]},
								"south": {"uv": [66, 34], "uv_size": [0.25, 0.25]},
								"west": {"uv": [66, 36], "uv_size": [0.25, 0.25]},
								"up": {"uv": [38, 66], "uv_size": [0.25, 0.25]},
								"down": {"uv": [40, 66.25], "uv_size": [0.25, -0.25]}
							}
						}
					]
				},
				{
					"name": "bone8",
					"parent": "scope_body",
					"pivot": [-2.6875, -17.53125, -0.6875],
					"cubes": [
						{
							"origin": [-0.375, 0.8125, -2.0625],
							"size": [0.15625, 0.28125, 0.28125],
							"pivot": [0, 0.95313, -1.92187],
							"rotation": [45, 0, 0],
							"uv": {
								"north": {"uv": [54, 64], "uv_size": [0.25, 0.25]},
								"east": {"uv": [64, 54], "uv_size": [0.25, 0.25]},
								"south": {"uv": [56, 64], "uv_size": [0.25, 0.25]},
								"west": {"uv": [64, 56], "uv_size": [0.25, 0.25]},
								"up": {"uv": [58, 64], "uv_size": [0.25, 0.25]},
								"down": {"uv": [64, 58.25], "uv_size": [0.25, -0.25]}
							}
						},
						{
							"origin": [-1.21875, -0.5625, -0.5],
							"size": [0.59375, 1.1875, 1],
							"uv": {
								"north": {"uv": [31, 36], "uv_size": [0.5, 1.25]},
								"east": {"uv": [16, 31], "uv_size": [1, 1.25]},
								"south": {"uv": [33, 36], "uv_size": [0.5, 1.25]},
								"west": {"uv": [18, 31], "uv_size": [1, 1.25]},
								"up": {"uv": [38, 16], "uv_size": [0.5, 1]},
								"down": {"uv": [20, 39], "uv_size": [0.5, -1]}
							}
						},
						{
							"origin": [0.21875, 0.8125, -2.0625],
							"size": [0.15625, 0.28125, 0.28125],
							"pivot": [0.59375, 0.95313, -1.92187],
							"rotation": [45, 0, 0],
							"uv": {
								"north": {"uv": [60, 64], "uv_size": [0.25, 0.25]},
								"east": {"uv": [64, 60], "uv_size": [0.25, 0.25]},
								"south": {"uv": [62, 64], "uv_size": [0.25, 0.25]},
								"west": {"uv": [64, 62], "uv_size": [0.25, 0.25]},
								"up": {"uv": [64, 64], "uv_size": [0.25, 0.25]},
								"down": {"uv": [65, 2.25], "uv_size": [0.25, -0.25]}
							}
						},
						{
							"origin": [-0.6875, 0.625, -0.3125],
							"size": [1.375, 0.21875, 0.21875],
							"pivot": [0.59375, 0.73438, -0.20312],
							"rotation": [45, 0, 0],
							"uv": {
								"north": {"uv": [43, 17], "uv_size": [1.5, 0.25]},
								"east": {"uv": [65, 4], "uv_size": [0.25, 0.25]},
								"south": {"uv": [43, 19], "uv_size": [1.5, 0.25]},
								"west": {"uv": [65, 6], "uv_size": [0.25, 0.25]},
								"up": {"uv": [43, 30], "uv_size": [1.5, 0.25]},
								"down": {"uv": [43, 32.25], "uv_size": [1.5, -0.25]}
							}
						},
						{
							"origin": [-0.6875, 0.625, 0.09375],
							"size": [1.375, 0.21875, 0.21875],
							"pivot": [0.59375, 0.73438, 0.20313],
							"rotation": [45, 0, 0],
							"uv": {
								"north": {"uv": [33, 43], "uv_size": [1.5, 0.25]},
								"east": {"uv": [65, 8], "uv_size": [0.25, 0.25]},
								"south": {"uv": [36, 43], "uv_size": [1.5, 0.25]},
								"west": {"uv": [12, 65], "uv_size": [0.25, 0.25]},
								"up": {"uv": [44, 2], "uv_size": [1.5, 0.25]},
								"down": {"uv": [44, 4.25], "uv_size": [1.5, -0.25]}
							}
						},
						{
							"origin": [-0.6875, -0.78125, -0.3125],
							"size": [1.375, 0.21875, 0.21875],
							"pivot": [0.59375, -0.67187, -0.20312],
							"rotation": [45, 0, 0],
							"uv": {
								"north": {"uv": [44, 6], "uv_size": [1.5, 0.25]},
								"east": {"uv": [65, 12], "uv_size": [0.25, 0.25]},
								"south": {"uv": [44, 8], "uv_size": [1.5, 0.25]},
								"west": {"uv": [65, 20], "uv_size": [0.25, 0.25]},
								"up": {"uv": [18, 44], "uv_size": [1.5, 0.25]},
								"down": {"uv": [21, 44.25], "uv_size": [1.5, -0.25]}
							}
						},
						{
							"origin": [-0.6875, -0.78125, 0.09375],
							"size": [1.375, 0.21875, 0.21875],
							"pivot": [0.59375, -0.67187, 0.20313],
							"rotation": [45, 0, 0],
							"uv": {
								"north": {"uv": [44, 21], "uv_size": [1.5, 0.25]},
								"east": {"uv": [65, 22], "uv_size": [0.25, 0.25]},
								"south": {"uv": [44, 23], "uv_size": [1.5, 0.25]},
								"west": {"uv": [65, 24], "uv_size": [0.25, 0.25]},
								"up": {"uv": [24, 44], "uv_size": [1.5, 0.25]},
								"down": {"uv": [27, 44.25], "uv_size": [1.5, -0.25]}
							}
						},
						{
							"origin": [-0.375, 0.8125, 2.28125],
							"size": [0.15625, 0.28125, 0.28125],
							"pivot": [0, 0.95313, 2.42188],
							"rotation": [45, 0, 0],
							"uv": {
								"north": {"uv": [65, 26], "uv_size": [0.25, 0.25]},
								"east": {"uv": [30, 65], "uv_size": [0.25, 0.25]},
								"south": {"uv": [32, 65], "uv_size": [0.25, 0.25]},
								"west": {"uv": [34, 65], "uv_size": [0.25, 0.25]},
								"up": {"uv": [36, 65], "uv_size": [0.25, 0.25]},
								"down": {"uv": [65, 38.25], "uv_size": [0.25, -0.25]}
							}
						},
						{
							"origin": [-0.21875, 0.96875, 2.3125],
							"size": [0.4375, 0.1875, 0.21875],
							"uv": {
								"north": {"uv": [55, 38], "uv_size": [0.5, 0.25]},
								"east": {"uv": [65, 40], "uv_size": [0.25, 0.25]},
								"south": {"uv": [55, 40], "uv_size": [0.5, 0.25]},
								"west": {"uv": [65, 42], "uv_size": [0.25, 0.25]},
								"up": {"uv": [55, 42], "uv_size": [0.5, 0.25]},
								"down": {"uv": [55, 46.25], "uv_size": [0.5, -0.25]}
							}
						},
						{
							"origin": [0.21875, 0.8125, 2.28125],
							"size": [0.15625, 0.28125, 0.28125],
							"pivot": [0.59375, 0.95313, 2.42188],
							"rotation": [45, 0, 0],
							"uv": {
								"north": {"uv": [65, 46], "uv_size": [0.25, 0.25]},
								"east": {"uv": [52, 65], "uv_size": [0.25, 0.25]},
								"south": {"uv": [0, 66], "uv_size": [0.25, 0.25]},
								"west": {"uv": [66, 0], "uv_size": [0.25, 0.25]},
								"up": {"uv": [2, 66], "uv_size": [0.25, 0.25]},
								"down": {"uv": [4, 66.25], "uv_size": [0.25, -0.25]}
							}
						},
						{
							"origin": [-0.21875, 0.90625, -2.03125],
							"size": [0.4375, 0.21875, 0.21875],
							"uv": {
								"north": {"uv": [52, 55], "uv_size": [0.5, 0.25]},
								"east": {"uv": [6, 66], "uv_size": [0.25, 0.25]},
								"south": {"uv": [0, 56], "uv_size": [0.5, 0.25]},
								"west": {"uv": [8, 66], "uv_size": [0.25, 0.25]},
								"up": {"uv": [56, 0], "uv_size": [0.5, 0.25]},
								"down": {"uv": [2, 56.25], "uv_size": [0.5, -0.25]}
							}
						}
					]
				},
				{
					"name": "scope_body2",
					"parent": "bone8",
					"pivot": [0, -1.53125, 0.15625]
				},
				{
					"name": "octagon9",
					"parent": "scope_body2",
					"pivot": [0, -0.875, 1.59375]
				},
				{
					"name": "octagon10",
					"parent": "scope_body2",
					"pivot": [0.73437, -1.3125, 1.28125]
				},
				{
					"name": "octagon11",
					"parent": "scope_body2",
					"pivot": [0.73437, -1.3125, 1.28125]
				},
				{
					"name": "ocular3",
					"parent": "scope_body2",
					"pivot": [0, 0.03125, 1.72991],
					"cubes": [
						{
							"origin": [0.6875, -0.3053, -2.28125],
							"size": [0.125, 0.6731, 4.9375],
							"uv": {
								"north": {"uv": [48, 37], "uv_size": [0.25, 0.75]},
								"east": {"uv": [7, 0], "uv_size": [5, 0.75]},
								"south": {"uv": [39, 48], "uv_size": [0.25, 0.75]},
								"west": {"uv": [7, 2], "uv_size": [5, 0.75]},
								"up": {"uv": [27, 29], "uv_size": [0.25, 5]},
								"down": {"uv": [29, 33], "uv_size": [0.25, -5]}
							}
						},
						{
							"origin": [0.6875, -0.3053, -2.28125],
							"size": [0.125, 0.6731, 4.9375],
							"pivot": [0, 0.03125, 1.53125],
							"rotation": [0, 0, 45],
							"uv": {
								"north": {"uv": [41, 48], "uv_size": [0.25, 0.75]},
								"east": {"uv": [7, 4], "uv_size": [5, 0.75]},
								"south": {"uv": [43, 48], "uv_size": [0.25, 0.75]},
								"west": {"uv": [7, 6], "uv_size": [5, 0.75]},
								"up": {"uv": [8, 30], "uv_size": [0.25, 5]},
								"down": {"uv": [30, 13], "uv_size": [0.25, -5]}
							}
						},
						{
							"origin": [-0.33655, 0.71875, -2.28125],
							"size": [0.6731, 0.125, 4.9375],
							"uv": {
								"north": {"uv": [45, 48], "uv_size": [0.75, 0.25]},
								"east": {"uv": [30, 14], "uv_size": [5, 0.25]},
								"south": {"uv": [48, 46], "uv_size": [0.75, 0.25]},
								"west": {"uv": [30, 18], "uv_size": [5, 0.25]},
								"up": {"uv": [0, 8], "uv_size": [0.75, 5]},
								"down": {"uv": [2, 13], "uv_size": [0.75, -5]}
							}
						},
						{
							"origin": [-0.33655, -0.78125, -2.28125],
							"size": [0.6731, 0.125, 4.9375],
							"uv": {
								"north": {"uv": [47, 48], "uv_size": [0.75, 0.25]},
								"east": {"uv": [30, 20], "uv_size": [5, 0.25]},
								"south": {"uv": [49, 2], "uv_size": [0.75, 0.25]},
								"west": {"uv": [31, 0], "uv_size": [5, 0.25]},
								"up": {"uv": [4, 8], "uv_size": [0.75, 5]},
								"down": {"uv": [6, 13], "uv_size": [0.75, -5]}
							}
						},
						{
							"origin": [-0.33655, 0.71875, -2.28125],
							"size": [0.6731, 0.125, 4.9375],
							"pivot": [0, 0.03125, 1.53125],
							"rotation": [0, 0, 45],
							"uv": {
								"north": {"uv": [49, 4], "uv_size": [0.75, 0.25]},
								"east": {"uv": [31, 2], "uv_size": [5, 0.25]},
								"south": {"uv": [49, 6], "uv_size": [0.75, 0.25]},
								"west": {"uv": [31, 4], "uv_size": [5, 0.25]},
								"up": {"uv": [8, 8], "uv_size": [0.75, 5]},
								"down": {"uv": [10, 13], "uv_size": [0.75, -5]}
							}
						},
						{
							"origin": [-0.8125, -0.3053, -2.28125],
							"size": [0.125, 0.6731, 4.9375],
							"pivot": [0, 0.03125, 1.53125],
							"rotation": [0, 0, -45],
							"uv": {
								"north": {"uv": [49, 8], "uv_size": [0.25, 0.75]},
								"east": {"uv": [12, 8], "uv_size": [5, 0.75]},
								"south": {"uv": [12, 49], "uv_size": [0.25, 0.75]},
								"west": {"uv": [12, 10], "uv_size": [5, 0.75]},
								"up": {"uv": [12, 30], "uv_size": [0.25, 5]},
								"down": {"uv": [20, 35], "uv_size": [0.25, -5]}
							}
						},
						{
							"origin": [-0.8125, -0.3053, -2.28125],
							"size": [0.125, 0.6731, 4.9375],
							"uv": {
								"north": {"uv": [49, 12], "uv_size": [0.25, 0.75]},
								"east": {"uv": [12, 12], "uv_size": [5, 0.75]},
								"south": {"uv": [49, 20], "uv_size": [0.25, 0.75]},
								"west": {"uv": [13, 0], "uv_size": [5, 0.75]},
								"up": {"uv": [10, 31], "uv_size": [0.25, 5]},
								"down": {"uv": [14, 36], "uv_size": [0.25, -5]}
							}
						},
						{
							"origin": [-0.33655, 0.71875, -2.28125],
							"size": [0.6731, 0.125, 4.9375],
							"pivot": [0, 0.03125, 1.53125],
							"rotation": [0, 0, -45],
							"uv": {
								"north": {"uv": [49, 22], "uv_size": [0.75, 0.25]},
								"east": {"uv": [31, 22], "uv_size": [5, 0.25]},
								"south": {"uv": [49, 24], "uv_size": [0.75, 0.25]},
								"west": {"uv": [31, 28], "uv_size": [5, 0.25]},
								"up": {"uv": [13, 2], "uv_size": [0.75, 5]},
								"down": {"uv": [0, 19], "uv_size": [0.75, -5]}
							}
						}
					]
				},
				{
					"name": "octagon13",
					"parent": "bone8",
					"pivot": [-0.6875, 0.84375, 2.15625],
					"cubes": [
						{
							"origin": [-0.79105, 0.9375, 0.9375],
							"size": [0.2071, 0.15625, 1.71875],
							"pivot": [-0.6875, 0.84375, 2.15625],
							"rotation": [0, 0, 45],
							"uv": {
								"north": {"uv": [62, 54], "uv_size": [0.25, 0.25]},
								"east": {"uv": [37, 38], "uv_size": [1.75, 0.25]},
								"south": {"uv": [56, 62], "uv_size": [0.25, 0.25]},
								"west": {"uv": [39, 0], "uv_size": [1.75, 0.25]},
								"up": {"uv": [39, 2], "uv_size": [0.25, 1.75]},
								"down": {"uv": [39, 6.75], "uv_size": [0.25, -1.75]}
							}
						},
						{
							"origin": [-0.79105, 0.96875, 0.9375],
							"size": [0.2071, 0.125, 1.71875],
							"uv": {
								"north": {"uv": [62, 56], "uv_size": [0.25, 0.25]},
								"east": {"uv": [39, 14], "uv_size": [1.75, 0.25]},
								"south": {"uv": [58, 62], "uv_size": [0.25, 0.25]},
								"west": {"uv": [39, 22], "uv_size": [1.75, 0.25]},
								"up": {"uv": [6, 39], "uv_size": [0.25, 1.75]},
								"down": {"uv": [10, 40.75], "uv_size": [0.25, -1.75]}
							}
						},
						{
							"origin": [-0.9375, 0.7402, 0.9375],
							"size": [0.21875, 0.2071, 1.71875],
							"pivot": [-0.6875, 0.84375, 2.15625],
							"rotation": [0, 0, 45],
							"uv": {
								"north": {"uv": [62, 58], "uv_size": [0.25, 0.25]},
								"east": {"uv": [25, 39], "uv_size": [1.75, 0.25]},
								"south": {"uv": [60, 62], "uv_size": [0.25, 0.25]},
								"west": {"uv": [31, 39], "uv_size": [1.75, 0.25]},
								"up": {"uv": [14, 39], "uv_size": [0.25, 1.75]},
								"down": {"uv": [0, 41.75], "uv_size": [0.25, -1.75]}
							}
						},
						{
							"origin": [-0.9375, 0.3652, 0.9375],
							"size": [0.5, 0.5821, 1.71875],
							"uv": {
								"north": {"uv": [44, 46], "uv_size": [0.5, 0.5]},
								"east": {"uv": [32, 8], "uv_size": [1.75, 0.5]},
								"south": {"uv": [46, 46], "uv_size": [0.5, 0.5]},
								"west": {"uv": [32, 10], "uv_size": [1.75, 0.5]},
								"up": {"uv": [6, 32], "uv_size": [0.5, 1.75]},
								"down": {"uv": [32, 25.75], "uv_size": [0.5, -1.75]}
							}
						}
					]
				},
				{
					"name": "octagon14",
					"parent": "bone8",
					"pivot": [0, 1.34375, 1.75],
					"cubes": [
						{
							"origin": [-0.14239, 0.96875, 1.40625],
							"size": [0.28478, 0.15625, 0.6875],
							"pivot": [0, 1.34375, 1.75],
							"rotation": [0, -45, 0],
							"uv": {
								"north": {"uv": [62, 60], "uv_size": [0.25, 0.25]},
								"east": {"uv": [49, 26], "uv_size": [0.75, 0.25]},
								"south": {"uv": [62, 62], "uv_size": [0.25, 0.25]},
								"west": {"uv": [30, 49], "uv_size": [0.75, 0.25]},
								"up": {"uv": [32, 49], "uv_size": [0.25, 0.75]},
								"down": {"uv": [34, 49.75], "uv_size": [0.25, -0.75]}
							}
						},
						{
							"origin": [-0.14239, 0.96875, 1.40625],
							"size": [0.28478, 0.15625, 0.6875],
							"uv": {
								"north": {"uv": [63, 2], "uv_size": [0.25, 0.25]},
								"east": {"uv": [36, 49], "uv_size": [0.75, 0.25]},
								"south": {"uv": [63, 4], "uv_size": [0.25, 0.25]},
								"west": {"uv": [49, 39], "uv_size": [0.75, 0.25]},
								"up": {"uv": [49, 41], "uv_size": [0.25, 0.75]},
								"down": {"uv": [49, 43.75], "uv_size": [0.25, -0.75]}
							}
						},
						{
							"origin": [-0.34375, 0.96875, 1.60761],
							"size": [0.6875, 0.15625, 0.28478],
							"pivot": [0, 1.34375, 1.75],
							"rotation": [0, -45, 0],
							"uv": {
								"north": {"uv": [49, 48], "uv_size": [0.75, 0.25]},
								"east": {"uv": [63, 6], "uv_size": [0.25, 0.25]},
								"south": {"uv": [0, 50], "uv_size": [0.75, 0.25]},
								"west": {"uv": [63, 8], "uv_size": [0.25, 0.25]},
								"up": {"uv": [50, 0], "uv_size": [0.75, 0.25]},
								"down": {"uv": [2, 50.25], "uv_size": [0.75, -0.25]}
							}
						},
						{
							"origin": [-0.34375, 0.96875, 1.60761],
							"size": [0.6875, 0.15625, 0.28478],
							"uv": {
								"north": {"uv": [4, 50], "uv_size": [0.75, 0.25]},
								"east": {"uv": [12, 63], "uv_size": [0.25, 0.25]},
								"south": {"uv": [6, 50], "uv_size": [0.75, 0.25]},
								"west": {"uv": [63, 12], "uv_size": [0.25, 0.25]},
								"up": {"uv": [8, 50], "uv_size": [0.75, 0.25]},
								"down": {"uv": [10, 50.25], "uv_size": [0.75, -0.25]}
							}
						}
					]
				},
				{
					"name": "octagon15",
					"parent": "bone8",
					"pivot": [-0.6875, 0.84375, 1.1875],
					"cubes": [
						{
							"origin": [-0.79105, 0.59375, 0.71875],
							"size": [0.2071, 0.5, 0.21875],
							"pivot": [-0.6875, 0.84375, 1.1875],
							"rotation": [0, 0, 45],
							"uv": {
								"north": {"uv": [54, 34], "uv_size": [0.25, 0.5]},
								"east": {"uv": [54, 36], "uv_size": [0.25, 0.5]},
								"south": {"uv": [38, 54], "uv_size": [0.25, 0.5]},
								"west": {"uv": [40, 54], "uv_size": [0.25, 0.5]},
								"up": {"uv": [63, 20], "uv_size": [0.25, 0.25]},
								"down": {"uv": [63, 22.25], "uv_size": [0.25, -0.25]}
							}
						},
						{
							"origin": [-0.79105, 0.59375, 0.71875],
							"size": [0.2071, 0.5, 0.21875],
							"uv": {
								"north": {"uv": [42, 54], "uv_size": [0.25, 0.5]},
								"east": {"uv": [44, 54], "uv_size": [0.25, 0.5]},
								"south": {"uv": [54, 44], "uv_size": [0.25, 0.5]},
								"west": {"uv": [46, 54], "uv_size": [0.25, 0.5]},
								"up": {"uv": [63, 24], "uv_size": [0.25, 0.25]},
								"down": {"uv": [63, 26.25], "uv_size": [0.25, -0.25]}
							}
						},
						{
							"origin": [-0.9375, 0.7402, 0.71875],
							"size": [0.5, 0.2071, 0.21875],
							"pivot": [-0.6875, 0.84375, 1.1875],
							"rotation": [0, 0, 45],
							"uv": {
								"north": {"uv": [48, 54], "uv_size": [0.5, 0.25]},
								"east": {"uv": [30, 63], "uv_size": [0.25, 0.25]},
								"south": {"uv": [54, 48], "uv_size": [0.5, 0.25]},
								"west": {"uv": [32, 63], "uv_size": [0.25, 0.25]},
								"up": {"uv": [50, 54], "uv_size": [0.5, 0.25]},
								"down": {"uv": [54, 50.25], "uv_size": [0.5, -0.25]}
							}
						},
						{
							"origin": [-0.9375, 0.7402, 0.71875],
							"size": [0.5, 0.2071, 0.21875],
							"uv": {
								"north": {"uv": [54, 52], "uv_size": [0.5, 0.25]},
								"east": {"uv": [34, 63], "uv_size": [0.25, 0.25]},
								"south": {"uv": [54, 54], "uv_size": [0.5, 0.25]},
								"west": {"uv": [36, 63], "uv_size": [0.25, 0.25]},
								"up": {"uv": [55, 2], "uv_size": [0.5, 0.25]},
								"down": {"uv": [55, 4.25], "uv_size": [0.5, -0.25]}
							}
						}
					]
				},
				{
					"name": "octagon16",
					"parent": "bone8",
					"pivot": [0, 0.03125, -1.65625],
					"cubes": [
						{
							"origin": [-0.38833, -0.90625, -2.15625],
							"size": [0.77666, 1.875, 1],
							"pivot": [0, 0.03125, -1.65625],
							"rotation": [0, 0, 45],
							"uv": {
								"north": {"uv": [23, 0], "uv_size": [0.75, 2]},
								"east": {"uv": [2, 18], "uv_size": [1, 2]},
								"south": {"uv": [23, 3], "uv_size": [0.75, 2]},
								"west": {"uv": [4, 18], "uv_size": [1, 2]},
								"up": {"uv": [0, 34], "uv_size": [0.75, 1]},
								"down": {"uv": [2, 35], "uv_size": [0.75, -1]}
							}
						},
						{
							"origin": [0.6875, -0.35708, 0.9375],
							"size": [0.25, 0.77666, 1.71875],
							"uv": {
								"north": {"uv": [50, 10], "uv_size": [0.25, 0.75]},
								"east": {"uv": [24, 12], "uv_size": [1.75, 0.75]},
								"south": {"uv": [14, 50], "uv_size": [0.25, 0.75]},
								"west": {"uv": [25, 0], "uv_size": [1.75, 0.75]},
								"up": {"uv": [2, 40], "uv_size": [0.25, 1.75]},
								"down": {"uv": [4, 41.75], "uv_size": [0.25, -1.75]}
							}
						},
						{
							"origin": [0.6875, -0.35708, 0.9375],
							"size": [0.25, 0.77666, 1.71875],
							"pivot": [0, 0.03125, 1.4375],
							"rotation": [0, 0, 45],
							"uv": {
								"north": {"uv": [50, 14], "uv_size": [0.25, 0.75]},
								"east": {"uv": [25, 2], "uv_size": [1.75, 0.75]},
								"south": {"uv": [16, 50], "uv_size": [0.25, 0.75]},
								"west": {"uv": [25, 4], "uv_size": [1.75, 0.75]},
								"up": {"uv": [8, 40], "uv_size": [0.25, 1.75]},
								"down": {"uv": [40, 9.75], "uv_size": [0.25, -1.75]}
							}
						},
						{
							"origin": [-0.38833, 0.71875, 0.9375],
							"size": [0.77666, 0.25, 1.71875],
							"pivot": [0, 0.03125, 1.4375],
							"rotation": [0, 0, -45],
							"uv": {
								"north": {"uv": [51, 12], "uv_size": [0.75, 0.25]},
								"east": {"uv": [41, 2], "uv_size": [1.75, 0.25]},
								"south": {"uv": [51, 20], "uv_size": [0.75, 0.25]},
								"west": {"uv": [41, 4], "uv_size": [1.75, 0.25]},
								"up": {"uv": [8, 27], "uv_size": [0.75, 1.75]},
								"down": {"uv": [10, 29.75], "uv_size": [0.75, -1.75]}
							}
						},
						{
							"origin": [-0.9375, -0.35708, 0.9375],
							"size": [0.25, 0.77666, 1.71875],
							"uv": {
								"north": {"uv": [51, 8], "uv_size": [0.25, 0.75]},
								"east": {"uv": [28, 0], "uv_size": [1.75, 0.75]},
								"south": {"uv": [12, 51], "uv_size": [0.25, 0.75]},
								"west": {"uv": [28, 2], "uv_size": [1.75, 0.75]},
								"up": {"uv": [40, 37], "uv_size": [0.25, 1.75]},
								"down": {"uv": [39, 41.75], "uv_size": [0.25, -1.75]}
							}
						},
						{
							"origin": [-0.9375, -0.35708, 0.9375],
							"size": [0.25, 0.77666, 1.71875],
							"pivot": [0, 0.03125, 1.4375],
							"rotation": [0, 0, -45],
							"uv": {
								"north": {"uv": [51, 4], "uv_size": [0.25, 0.75]},
								"east": {"uv": [27, 14], "uv_size": [1.75, 0.75]},
								"south": {"uv": [51, 6], "uv_size": [0.25, 0.75]},
								"west": {"uv": [26, 27], "uv_size": [1.75, 0.75]},
								"up": {"uv": [40, 34], "uv_size": [0.25, 1.75]},
								"down": {"uv": [37, 41.75], "uv_size": [0.25, -1.75]}
							}
						},
						{
							"origin": [-0.38833, 0.71875, 0.9375],
							"size": [0.77666, 0.25, 1.71875],
							"uv": {
								"north": {"uv": [50, 16], "uv_size": [0.75, 0.25]},
								"east": {"uv": [40, 11], "uv_size": [1.75, 0.25]},
								"south": {"uv": [18, 50], "uv_size": [0.75, 0.25]},
								"west": {"uv": [40, 16], "uv_size": [1.75, 0.25]},
								"up": {"uv": [25, 14], "uv_size": [0.75, 1.75]},
								"down": {"uv": [18, 26.75], "uv_size": [0.75, -1.75]}
							}
						},
						{
							"origin": [-0.38833, -0.90625, 0.9375],
							"size": [0.77666, 0.25, 1.71875],
							"uv": {
								"north": {"uv": [14, 54], "uv_size": [0.75, 0.25]},
								"east": {"uv": [42, 0], "uv_size": [1.75, 0.25]},
								"south": {"uv": [54, 14], "uv_size": [0.75, 0.25]},
								"west": {"uv": [42, 13], "uv_size": [1.75, 0.25]},
								"up": {"uv": [4, 29], "uv_size": [0.75, 1.75]},
								"down": {"uv": [6, 30.75], "uv_size": [0.75, -1.75]}
							}
						},
						{
							"origin": [-0.38833, 0.71875, 0.9375],
							"size": [0.77666, 0.25, 1.71875],
							"pivot": [0, 0.03125, 1.4375],
							"rotation": [0, 0, 45],
							"uv": {
								"north": {"uv": [50, 18], "uv_size": [0.75, 0.25]},
								"east": {"uv": [40, 18], "uv_size": [1.75, 0.25]},
								"south": {"uv": [20, 50], "uv_size": [0.75, 0.25]},
								"west": {"uv": [20, 40], "uv_size": [1.75, 0.25]},
								"up": {"uv": [20, 25], "uv_size": [0.75, 1.75]},
								"down": {"uv": [22, 26.75], "uv_size": [0.75, -1.75]}
							}
						},
						{
							"origin": [-0.38833, -0.90625, -2.15625],
							"size": [0.77666, 1.875, 1],
							"uv": {
								"north": {"uv": [10, 23], "uv_size": [0.75, 2]},
								"east": {"uv": [6, 18], "uv_size": [1, 2]},
								"south": {"uv": [16, 23], "uv_size": [0.75, 2]},
								"west": {"uv": [8, 18], "uv_size": [1, 2]},
								"up": {"uv": [4, 34], "uv_size": [0.75, 1]},
								"down": {"uv": [16, 35], "uv_size": [0.75, -1]}
							}
						},
						{
							"origin": [-0.9375, -0.35708, -2.15625],
							"size": [1.875, 0.77666, 1],
							"pivot": [0, 0.03125, -1.65625],
							"rotation": [0, 0, 45],
							"uv": {
								"north": {"uv": [23, 6], "uv_size": [2, 0.75]},
								"east": {"uv": [18, 34], "uv_size": [1, 0.75]},
								"south": {"uv": [18, 23], "uv_size": [2, 0.75]},
								"west": {"uv": [22, 34], "uv_size": [1, 0.75]},
								"up": {"uv": [18, 8], "uv_size": [2, 1]},
								"down": {"uv": [10, 19], "uv_size": [2, -1]}
							}
						},
						{
							"origin": [-0.9375, -0.35708, -2.15625],
							"size": [1.875, 0.77666, 1],
							"uv": {
								"north": {"uv": [21, 23], "uv_size": [2, 0.75]},
								"east": {"uv": [24, 34], "uv_size": [1, 0.75]},
								"south": {"uv": [2, 24], "uv_size": [2, 0.75]},
								"west": {"uv": [34, 24], "uv_size": [1, 0.75]},
								"up": {"uv": [18, 10], "uv_size": [2, 1]},
								"down": {"uv": [18, 13], "uv_size": [2, -1]}
							}
						}
					]
				},
				{
					"name": "bone9",
					"parent": "bone8",
					"pivot": [0, 1.03125, -1.9175],
					"rotation": [-147.5, 0, 0],
					"cubes": [
						{
							"origin": [-0.9375, -0.35708, -2.34375],
							"size": [1.875, 0.77666, 0.1875],
							"pivot": [0, 0.03125, -2.65625],
							"rotation": [0, 0, 45],
							"uv": {
								"north": {"uv": [5, 24], "uv_size": [2, 0.75]},
								"east": {"uv": [22, 50], "uv_size": [0.25, 0.75]},
								"south": {"uv": [24, 8], "uv_size": [2, 0.75]},
								"west": {"uv": [24, 50], "uv_size": [0.25, 0.75]},
								"up": {"uv": [37, 28], "uv_size": [2, 0.25]},
								"down": {"uv": [37, 36.25], "uv_size": [2, -0.25]}
							}
						},
						{
							"origin": [-0.9375, -0.35708, -2.34375],
							"size": [1.875, 0.77666, 0.1875],
							"uv": {
								"north": {"uv": [24, 10], "uv_size": [2, 0.75]},
								"east": {"uv": [26, 50], "uv_size": [0.25, 0.75]},
								"south": {"uv": [12, 24], "uv_size": [2, 0.75]},
								"west": {"uv": [28, 50], "uv_size": [0.25, 0.75]},
								"up": {"uv": [0, 38], "uv_size": [2, 0.25]},
								"down": {"uv": [3, 38.25], "uv_size": [2, -0.25]}
							}
						},
						{
							"origin": [-0.38833, -0.90625, -2.34375],
							"size": [0.77666, 1.875, 0.1875],
							"uv": {
								"north": {"uv": [8, 24], "uv_size": [0.75, 2]},
								"east": {"uv": [38, 8], "uv_size": [0.25, 2]},
								"south": {"uv": [24, 17], "uv_size": [0.75, 2]},
								"west": {"uv": [38, 11], "uv_size": [0.25, 2]},
								"up": {"uv": [50, 28], "uv_size": [0.75, 0.25]},
								"down": {"uv": [50, 30.25], "uv_size": [0.75, -0.25]}
							}
						},
						{
							"origin": [-0.38833, -0.90625, -2.34375],
							"size": [0.77666, 1.875, 0.1875],
							"pivot": [0, 0.03125, -2.65625],
							"rotation": [0, 0, 45],
							"uv": {
								"north": {"uv": [24, 20], "uv_size": [0.75, 2]},
								"east": {"uv": [16, 38], "uv_size": [0.25, 2]},
								"south": {"uv": [24, 23], "uv_size": [0.75, 2]},
								"west": {"uv": [18, 38], "uv_size": [0.25, 2]},
								"up": {"uv": [50, 32], "uv_size": [0.75, 0.25]},
								"down": {"uv": [50, 34.25], "uv_size": [0.75, -0.25]}
							}
						},
						{
							"origin": [-0.13833, -1.125, -2.34375],
							"size": [0.27666, 0.21875, 0.1875],
							"pivot": [0, 0.03125, -2.65625],
							"rotation": [0, 0, 45],
							"uv": {
								"north": {"uv": [63, 38], "uv_size": [0.25, 0.25]},
								"east": {"uv": [63, 40], "uv_size": [0.25, 0.25]},
								"south": {"uv": [63, 42], "uv_size": [0.25, 0.25]},
								"west": {"uv": [63, 46], "uv_size": [0.25, 0.25]},
								"up": {"uv": [52, 63], "uv_size": [0.25, 0.25]},
								"down": {"uv": [0, 64.25], "uv_size": [0.25, -0.25]}
							}
						},
						{
							"origin": [-0.68037, -0.91049, -2.34375],
							"size": [0.08915, 0.25, 0.1875],
							"pivot": [-0.63579, -0.80111, -2.25],
							"rotation": [0, 0, 67.5],
							"uv": {
								"north": {"uv": [64, 0], "uv_size": [0.25, 0.25]},
								"east": {"uv": [2, 64], "uv_size": [0.25, 0.25]},
								"south": {"uv": [4, 64], "uv_size": [0.25, 0.25]},
								"west": {"uv": [6, 64], "uv_size": [0.25, 0.25]},
								"up": {"uv": [8, 64], "uv_size": [0.25, 0.25]},
								"down": {"uv": [10, 64.25], "uv_size": [0.25, -0.25]}
							}
						},
						{
							"origin": [-0.87694, -0.71392, -2.34375],
							"size": [0.08915, 0.25, 0.1875],
							"pivot": [-0.83236, -0.60454, -2.25],
							"rotation": [0, 0, 22.5],
							"uv": {
								"north": {"uv": [64, 10], "uv_size": [0.25, 0.25]},
								"east": {"uv": [14, 64], "uv_size": [0.25, 0.25]},
								"south": {"uv": [64, 14], "uv_size": [0.25, 0.25]},
								"west": {"uv": [16, 64], "uv_size": [0.25, 0.25]},
								"up": {"uv": [64, 16], "uv_size": [0.25, 0.25]},
								"down": {"uv": [18, 64.25], "uv_size": [0.25, -0.25]}
							}
						},
						{
							"origin": [-0.1875, 0.96875, -2.34375],
							"size": [0.40625, 0.125, 0.4375],
							"uv": {
								"north": {"uv": [55, 6], "uv_size": [0.5, 0.25]},
								"east": {"uv": [55, 8], "uv_size": [0.5, 0.25]},
								"south": {"uv": [12, 55], "uv_size": [0.5, 0.25]},
								"west": {"uv": [55, 12], "uv_size": [0.5, 0.25]},
								"up": {"uv": [47, 2], "uv_size": [0.5, 0.5]},
								"down": {"uv": [47, 4.5], "uv_size": [0.5, -0.5]}
							}
						}
					]
				},
				{
					"name": "octagon17",
					"parent": "bone8",
					"pivot": [0, 1.0625, 2.4225],
					"rotation": [132.5, 0, 0],
					"cubes": [
						{
							"origin": [-0.33655, -0.78125, 2.8125],
							"size": [0.6731, 1.625, 0.1875],
							"pivot": [0, 0.03125, 2.90625],
							"rotation": [0, 0, 45],
							"uv": {
								"north": {"uv": [0, 26], "uv_size": [0.75, 1.75]},
								"east": {"uv": [12, 40], "uv_size": [0.25, 1.75]},
								"south": {"uv": [2, 26], "uv_size": [0.75, 1.75]},
								"west": {"uv": [23, 40], "uv_size": [0.25, 1.75]},
								"up": {"uv": [50, 36], "uv_size": [0.75, 0.25]},
								"down": {"uv": [38, 50.25], "uv_size": [0.75, -0.25]}
							}
						},
						{
							"origin": [-0.33655, -0.78125, 2.8125],
							"size": [0.6731, 1.625, 0.1875],
							"uv": {
								"north": {"uv": [4, 26], "uv_size": [0.75, 1.75]},
								"east": {"uv": [40, 24], "uv_size": [0.25, 1.75]},
								"south": {"uv": [6, 26], "uv_size": [0.75, 1.75]},
								"west": {"uv": [40, 27], "uv_size": [0.25, 1.75]},
								"up": {"uv": [40, 50], "uv_size": [0.75, 0.25]},
								"down": {"uv": [42, 50.25], "uv_size": [0.75, -0.25]}
							}
						},
						{
							"origin": [-0.8125, -0.3053, 2.8125],
							"size": [1.625, 0.6731, 0.1875],
							"pivot": [0, 0.03125, 2.90625],
							"rotation": [0, 0, 45],
							"uv": {
								"north": {"uv": [26, 6], "uv_size": [1.75, 0.75]},
								"east": {"uv": [44, 50], "uv_size": [0.25, 0.75]},
								"south": {"uv": [10, 26], "uv_size": [1.75, 0.75]},
								"west": {"uv": [50, 45], "uv_size": [0.25, 0.75]},
								"up": {"uv": [40, 20], "uv_size": [1.75, 0.25]},
								"down": {"uv": [28, 40.25], "uv_size": [1.75, -0.25]}
							}
						},
						{
							"origin": [0.8125, -0.0553, 2.8125],
							"size": [0.1875, 0.1731, 0.1875],
							"pivot": [0, 0.03125, 2.90625],
							"rotation": [0, 0, 45],
							"uv": {
								"north": {"uv": [64, 18], "uv_size": [0.25, 0.25]},
								"east": {"uv": [20, 64], "uv_size": [0.25, 0.25]},
								"south": {"uv": [22, 64], "uv_size": [0.25, 0.25]},
								"west": {"uv": [24, 64], "uv_size": [0.25, 0.25]},
								"up": {"uv": [26, 64], "uv_size": [0.25, 0.25]},
								"down": {"uv": [28, 64.25], "uv_size": [0.25, -0.25]}
							}
						},
						{
							"origin": [0.57078, -0.5829, 2.8125],
							"size": [0.21875, 0.07935, 0.1875],
							"pivot": [0.69578, -0.54323, 2.90625],
							"rotation": [0, 0, 67.5],
							"uv": {
								"north": {"uv": [64, 28], "uv_size": [0.25, 0.25]},
								"east": {"uv": [64, 30], "uv_size": [0.25, 0.25]},
								"south": {"uv": [64, 32], "uv_size": [0.25, 0.25]},
								"west": {"uv": [64, 34], "uv_size": [0.25, 0.25]},
								"up": {"uv": [64, 36], "uv_size": [0.25, 0.25]},
								"down": {"uv": [38, 64.25], "uv_size": [0.25, -0.25]}
							}
						},
						{
							"origin": [0.44948, -0.7042, 2.8125],
							"size": [0.21875, 0.07935, 0.1875],
							"pivot": [0.57448, -0.66453, 2.90625],
							"rotation": [0, 0, 22.5],
							"uv": {
								"north": {"uv": [40, 64], "uv_size": [0.25, 0.25]},
								"east": {"uv": [42, 64], "uv_size": [0.25, 0.25]},
								"south": {"uv": [44, 64], "uv_size": [0.25, 0.25]},
								"west": {"uv": [64, 44], "uv_size": [0.25, 0.25]},
								"up": {"uv": [46, 64], "uv_size": [0.25, 0.25]},
								"down": {"uv": [48, 64.25], "uv_size": [0.25, -0.25]}
							}
						},
						{
							"origin": [-0.8125, -0.3053, 2.8125],
							"size": [1.625, 0.6731, 0.1875],
							"uv": {
								"north": {"uv": [13, 26], "uv_size": [1.75, 0.75]},
								"east": {"uv": [46, 50], "uv_size": [0.25, 0.75]},
								"south": {"uv": [26, 17], "uv_size": [1.75, 0.75]},
								"west": {"uv": [48, 50], "uv_size": [0.25, 0.75]},
								"up": {"uv": [40, 30], "uv_size": [1.75, 0.25]},
								"down": {"uv": [40, 32.25], "uv_size": [1.75, -0.25]}
							}
						},
						{
							"origin": [-0.21875, 0.84375, 2.71875],
							"size": [0.4375, 0.25, 0.21875],
							"uv": {
								"north": {"uv": [55, 20], "uv_size": [0.5, 0.25]},
								"east": {"uv": [64, 48], "uv_size": [0.25, 0.25]},
								"south": {"uv": [55, 22], "uv_size": [0.5, 0.25]},
								"west": {"uv": [50, 64], "uv_size": [0.25, 0.25]},
								"up": {"uv": [55, 24], "uv_size": [0.5, 0.25]},
								"down": {"uv": [55, 26.25], "uv_size": [0.5, -0.25]}
							}
						},
						{
							"origin": [-0.21875, 0.96875, 2.4375],
							"size": [0.4375, 0.125, 0.28125],
							"uv": {
								"north": {"uv": [30, 55], "uv_size": [0.5, 0.25]},
								"east": {"uv": [64, 50], "uv_size": [0.25, 0.25]},
								"south": {"uv": [32, 55], "uv_size": [0.5, 0.25]},
								"west": {"uv": [64, 52], "uv_size": [0.25, 0.25]},
								"up": {"uv": [34, 55], "uv_size": [0.5, 0.25]},
								"down": {"uv": [36, 55.25], "uv_size": [0.5, -0.25]}
							}
						}
					]
				},
				{
					"name": "octagon18",
					"parent": "bone8",
					"pivot": [0, 0.03125, 0],
					"cubes": [
						{
							"origin": [-0.36244, -0.84375, -0.5],
							"size": [0.72488, 1.75, 1],
							"pivot": [0, 0.03125, 0],
							"rotation": [0, 0, 45],
							"uv": {
								"north": {"uv": [16, 26], "uv_size": [0.75, 1.75]},
								"east": {"uv": [0, 20], "uv_size": [1, 1.75]},
								"south": {"uv": [26, 19], "uv_size": [0.75, 1.75]},
								"west": {"uv": [2, 21], "uv_size": [1, 1.75]},
								"up": {"uv": [34, 26], "uv_size": [0.75, 1]},
								"down": {"uv": [29, 35], "uv_size": [0.75, -1]}
							}
						},
						{
							"origin": [-0.36244, -0.84375, -0.5],
							"size": [0.72488, 1.75, 1],
							"uv": {
								"north": {"uv": [26, 22], "uv_size": [0.75, 1.75]},
								"east": {"uv": [4, 21], "uv_size": [1, 1.75]},
								"south": {"uv": [24, 26], "uv_size": [0.75, 1.75]},
								"west": {"uv": [6, 21], "uv_size": [1, 1.75]},
								"up": {"uv": [34, 30], "uv_size": [0.75, 1]},
								"down": {"uv": [31, 35], "uv_size": [0.75, -1]}
							}
						},
						{
							"origin": [-0.875, -0.33119, -0.5],
							"size": [1.75, 0.72488, 1],
							"pivot": [0, 0.03125, 0],
							"rotation": [0, 0, 45],
							"uv": {
								"north": {"uv": [26, 25], "uv_size": [1.75, 0.75]},
								"east": {"uv": [34, 32], "uv_size": [1, 0.75]},
								"south": {"uv": [27, 8], "uv_size": [1.75, 0.75]},
								"west": {"uv": [33, 34], "uv_size": [1, 0.75]},
								"up": {"uv": [20, 6], "uv_size": [1.75, 1]},
								"down": {"uv": [21, 9], "uv_size": [1.75, -1]}
							}
						},
						{
							"origin": [-0.875, -0.33119, -0.5],
							"size": [1.75, 0.72488, 1],
							"uv": {
								"north": {"uv": [27, 10], "uv_size": [1.75, 0.75]},
								"east": {"uv": [6, 35], "uv_size": [1, 0.75]},
								"south": {"uv": [27, 12], "uv_size": [1.75, 0.75]},
								"west": {"uv": [35, 6], "uv_size": [1, 0.75]},
								"up": {"uv": [21, 10], "uv_size": [1.75, 1]},
								"down": {"uv": [21, 13], "uv_size": [1.75, -1]}
							}
						}
					]
				},
				{
					"name": "ocular",
					"pivot": [0, 0.03125, 2.67188],
					"cubes": [
						{
							"origin": [-0.8125, -0.3053, 2.65625],
							"size": [1.625, 0.6731, 0.03125],
							"inflate": -0.0001,
							"uv": {
								"north": {"uv": [28, 4], "uv_size": [1.75, 0.75]},
								"east": {"uv": [51, 22], "uv_size": [0.25, 0.75]},
								"south": {"uv": [12, 28], "uv_size": [1.75, 0.75]},
								"west": {"uv": [51, 24], "uv_size": [0.25, 0.75]},
								"up": {"uv": [41, 6], "uv_size": [1.75, 0.25]},
								"down": {"uv": [16, 41.25], "uv_size": [1.75, -0.25]}
							}
						},
						{
							"origin": [-0.33655, -0.78125, 2.65625],
							"size": [0.6731, 1.625, 0.03125],
							"inflate": -0.0001,
							"pivot": [0, 0.03125, 1.40625],
							"rotation": [0, 0, 45],
							"uv": {
								"north": {"uv": [18, 28], "uv_size": [0.75, 1.75]},
								"east": {"uv": [25, 41], "uv_size": [0.25, 1.75]},
								"south": {"uv": [28, 19], "uv_size": [0.75, 1.75]},
								"west": {"uv": [31, 41], "uv_size": [0.25, 1.75]},
								"up": {"uv": [51, 26], "uv_size": [0.75, 0.25]},
								"down": {"uv": [30, 51.25], "uv_size": [0.75, -0.25]}
							}
						},
						{
							"origin": [-0.8125, -0.3053, 2.65625],
							"size": [1.625, 0.6731, 0.03125],
							"inflate": -0.0001,
							"pivot": [0, 0.03125, 1.40625],
							"rotation": [0, 0, 45],
							"uv": {
								"north": {"uv": [20, 28], "uv_size": [1.75, 0.75]},
								"east": {"uv": [32, 51], "uv_size": [0.25, 0.75]},
								"south": {"uv": [28, 22], "uv_size": [1.75, 0.75]},
								"west": {"uv": [34, 51], "uv_size": [0.25, 0.75]},
								"up": {"uv": [33, 41], "uv_size": [1.75, 0.25]},
								"down": {"uv": [41, 40.25], "uv_size": [1.75, -0.25]}
							}
						},
						{
							"origin": [-0.33655, -0.78125, 2.65625],
							"size": [0.6731, 1.625, 0.03125],
							"inflate": -0.0001,
							"uv": {
								"north": {"uv": [0, 29], "uv_size": [0.75, 1.75]},
								"east": {"uv": [6, 42], "uv_size": [0.25, 1.75]},
								"south": {"uv": [2, 29], "uv_size": [0.75, 1.75]},
								"west": {"uv": [42, 8], "uv_size": [0.25, 1.75]},
								"up": {"uv": [36, 51], "uv_size": [0.75, 0.25]},
								"down": {"uv": [51, 38.25], "uv_size": [0.75, -0.25]}
							}
						}
					]
				},
				{
					"name": "ocular_ring",
					"pivot": [0, 0.03125, 1.53125],
					"cubes": [
						{
							"origin": [-0.33655, 0.71875, 2.65625],
							"size": [0.6731, 0.125, 0.15625],
							"pivot": [0, 0.03125, 1.53125],
							"rotation": [0, 0, 45],
							"uv": {
								"north": {"uv": [46, 52], "uv_size": [0.75, 0.25]},
								"east": {"uv": [12, 67], "uv_size": [0.25, 0.25]},
								"south": {"uv": [48, 52], "uv_size": [0.75, 0.25]},
								"west": {"uv": [67, 12], "uv_size": [0.25, 0.25]},
								"up": {"uv": [52, 49], "uv_size": [0.75, 0.25]},
								"down": {"uv": [50, 52.25], "uv_size": [0.75, -0.25]}
							}
						},
						{
							"origin": [-0.33655, 0.71875, 2.65625],
							"size": [0.6731, 0.125, 0.15625],
							"uv": {
								"north": {"uv": [52, 51], "uv_size": [0.75, 0.25]},
								"east": {"uv": [67, 20], "uv_size": [0.25, 0.25]},
								"south": {"uv": [53, 2], "uv_size": [0.75, 0.25]},
								"west": {"uv": [67, 22], "uv_size": [0.25, 0.25]},
								"up": {"uv": [53, 4], "uv_size": [0.75, 0.25]},
								"down": {"uv": [53, 6.25], "uv_size": [0.75, -0.25]}
							}
						},
						{
							"origin": [-0.33655, 0.71875, 2.65625],
							"size": [0.6731, 0.125, 0.15625],
							"pivot": [0, 0.03125, 1.53125],
							"rotation": [0, 0, -45],
							"uv": {
								"north": {"uv": [53, 8], "uv_size": [0.75, 0.25]},
								"east": {"uv": [67, 24], "uv_size": [0.25, 0.25]},
								"south": {"uv": [12, 53], "uv_size": [0.75, 0.25]},
								"west": {"uv": [67, 26], "uv_size": [0.25, 0.25]},
								"up": {"uv": [53, 12], "uv_size": [0.75, 0.25]},
								"down": {"uv": [53, 20.25], "uv_size": [0.75, -0.25]}
							}
						},
						{
							"origin": [-0.8125, -0.3053, 2.65625],
							"size": [0.125, 0.6731, 0.15625],
							"uv": {
								"north": {"uv": [53, 22], "uv_size": [0.25, 0.75]},
								"east": {"uv": [53, 24], "uv_size": [0.25, 0.75]},
								"south": {"uv": [53, 26], "uv_size": [0.25, 0.75]},
								"west": {"uv": [30, 53], "uv_size": [0.25, 0.75]},
								"up": {"uv": [30, 67], "uv_size": [0.25, 0.25]},
								"down": {"uv": [32, 67.25], "uv_size": [0.25, -0.25]}
							}
						},
						{
							"origin": [-0.8125, -0.3053, 2.65625],
							"size": [0.125, 0.6731, 0.15625],
							"pivot": [0, 0.03125, 1.53125],
							"rotation": [0, 0, -45],
							"uv": {
								"north": {"uv": [32, 53], "uv_size": [0.25, 0.75]},
								"east": {"uv": [34, 53], "uv_size": [0.25, 0.75]},
								"south": {"uv": [36, 53], "uv_size": [0.25, 0.75]},
								"west": {"uv": [53, 38], "uv_size": [0.25, 0.75]},
								"up": {"uv": [34, 67], "uv_size": [0.25, 0.25]},
								"down": {"uv": [36, 67.25], "uv_size": [0.25, -0.25]}
							}
						},
						{
							"origin": [-0.33655, -0.78125, 2.65625],
							"size": [0.6731, 0.125, 0.15625],
							"uv": {
								"north": {"uv": [53, 40], "uv_size": [0.75, 0.25]},
								"east": {"uv": [67, 38], "uv_size": [0.25, 0.25]},
								"south": {"uv": [53, 42], "uv_size": [0.75, 0.25]},
								"west": {"uv": [67, 40], "uv_size": [0.25, 0.25]},
								"up": {"uv": [53, 46], "uv_size": [0.75, 0.25]},
								"down": {"uv": [52, 53.25], "uv_size": [0.75, -0.25]}
							}
						},
						{
							"origin": [0.6875, -0.3053, 2.65625],
							"size": [0.125, 0.6731, 0.15625],
							"pivot": [0, 0.03125, 1.53125],
							"rotation": [0, 0, 45],
							"uv": {
								"north": {"uv": [0, 54], "uv_size": [0.25, 0.75]},
								"east": {"uv": [54, 0], "uv_size": [0.25, 0.75]},
								"south": {"uv": [2, 54], "uv_size": [0.25, 0.75]},
								"west": {"uv": [4, 54], "uv_size": [0.25, 0.75]},
								"up": {"uv": [67, 42], "uv_size": [0.25, 0.25]},
								"down": {"uv": [67, 46.25], "uv_size": [0.25, -0.25]}
							}
						},
						{
							"origin": [0.6875, -0.3053, 2.65625],
							"size": [0.125, 0.6731, 0.15625],
							"uv": {
								"north": {"uv": [6, 54], "uv_size": [0.25, 0.75]},
								"east": {"uv": [8, 54], "uv_size": [0.25, 0.75]},
								"south": {"uv": [10, 54], "uv_size": [0.25, 0.75]},
								"west": {"uv": [54, 10], "uv_size": [0.25, 0.75]},
								"up": {"uv": [52, 67], "uv_size": [0.25, 0.25]},
								"down": {"uv": [0, 68.25], "uv_size": [0.25, -0.25]}
							}
						}
					]
				},
				{
					"name": "divisions",
					"pivot": [0, 0, 0]
				},
				{
					"name": "division",
					"parent": "divisions",
					"pivot": [-0.03125, -1.77791, -58.69911]
				},
				{
					"name": "division_bg",
					"parent": "division",
					"pivot": [-0.03125, 0, -110.9375],
					"cubes": [
						{
							"origin": [-5.40188, -27, -110.4375],
							"size": [10.74126, 1, 0],
							"uv": {
								"south": {"uv": [1, 100], "uv_size": [1, 1]}
							}
						},
						{
							"origin": [-5.40188, 26, -110.4375],
							"size": [10.74126, 1, 0],
							"uv": {
								"south": {"uv": [1, 100], "uv_size": [1, 1]}
							}
						},
						{
							"origin": [-5.40188, 26, -110.4375],
							"size": [10.74126, 5, 0],
							"pivot": [-0.03125, 0, -110.9375],
							"rotation": [0, 0, -22.5],
							"uv": {
								"south": {"uv": [1, 100], "uv_size": [1, 1]}
							}
						},
						{
							"origin": [-5.40188, 26, -110.4375],
							"size": [10.74126, 6, 0],
							"pivot": [-0.03125, 0, -110.9375],
							"rotation": [0, 0, -67.5],
							"uv": {
								"south": {"uv": [1, 100], "uv_size": [1, 1]}
							}
						},
						{
							"origin": [-7.40188, 26, -110.4375],
							"size": [14.74126, 12, 0],
							"pivot": [-0.03125, 0, -110.9375],
							"rotation": [0, 0, -45],
							"uv": {
								"south": {"uv": [1, 100], "uv_size": [1, 1]}
							}
						},
						{
							"origin": [-7.40188, 26, -110.4375],
							"size": [14.74126, 12, 0],
							"pivot": [-0.03125, 0, -110.9375],
							"rotation": [0, 0, 45],
							"uv": {
								"south": {"uv": [1, 100], "uv_size": [-1, 1]}
							}
						},
						{
							"origin": [-5.40188, 26, -110.4375],
							"size": [10.74126, 5, 0],
							"pivot": [-0.03125, 0, -110.9375],
							"rotation": [0, 0, 22.5],
							"uv": {
								"south": {"uv": [1, 100], "uv_size": [-1, 1]}
							}
						},
						{
							"origin": [-5.40188, 26, -110.4375],
							"size": [10.74126, 6, 0],
							"pivot": [-0.03125, 0, -110.9375],
							"rotation": [0, 0, 67.5],
							"uv": {
								"south": {"uv": [1, 100], "uv_size": [-1, 1]}
							}
						},
						{
							"origin": [-7.40188, 26, -110.4375],
							"size": [14.74126, 12, 0],
							"pivot": [-0.03125, 0, -110.9375],
							"rotation": [0, 0, 135],
							"uv": {
								"south": {"uv": [1, 100], "uv_size": [1, 1]}
							}
						},
						{
							"origin": [-5.40188, 26, -110.4375],
							"size": [10.74126, 5, 0],
							"pivot": [-0.03125, 0, -110.9375],
							"rotation": [0, 0, 157.5],
							"uv": {
								"south": {"uv": [1, 100], "uv_size": [1, 1]}
							}
						},
						{
							"origin": [-5.40188, 26, -110.4375],
							"size": [10.74126, 6, 0],
							"pivot": [-0.03125, 0, -110.9375],
							"rotation": [0, 0, 112.5],
							"uv": {
								"south": {"uv": [1, 100], "uv_size": [1, 1]}
							}
						},
						{
							"origin": [-5.40188, 26, -110.4375],
							"size": [10.74126, 5, 0],
							"pivot": [-0.03125, 0, -110.9375],
							"rotation": [0, 0, -157.5],
							"uv": {
								"south": {"uv": [1, 100], "uv_size": [-1, 1]}
							}
						},
						{
							"origin": [-7.40188, 26, -110.4375],
							"size": [14.74126, 12, 0],
							"pivot": [-0.03125, 0, -110.9375],
							"rotation": [0, 0, -135],
							"uv": {
								"south": {"uv": [1, 100], "uv_size": [-1, 1]}
							}
						},
						{
							"origin": [-5.40188, 26, -110.4375],
							"size": [10.74126, 6, 0],
							"pivot": [-0.03125, 0, -110.9375],
							"rotation": [0, 0, -112.5],
							"uv": {
								"south": {"uv": [1, 100], "uv_size": [-1, 1]}
							}
						},
						{
							"origin": [-5.40188, 26, -110.4375],
							"size": [10.74126, 1, 0],
							"pivot": [-0.03125, 0, -110.9375],
							"rotation": [0, 0, -112.5],
							"uv": {
								"south": {"uv": [1, 100], "uv_size": [1, 1]}
							}
						},
						{
							"origin": [-5.40188, -27, -110.4375],
							"size": [10.74126, 1, 0],
							"pivot": [-0.03125, 0, -110.9375],
							"rotation": [0, 0, -90],
							"uv": {
								"south": {"uv": [1, 100], "uv_size": [1, 1]}
							}
						},
						{
							"origin": [-5.40188, 26, -110.4375],
							"size": [10.74126, 1, 0],
							"pivot": [-0.03125, 0, -110.9375],
							"rotation": [0, 0, -90],
							"uv": {
								"south": {"uv": [1, 100], "uv_size": [1, 1]}
							}
						},
						{
							"origin": [-5.40188, 26, -110.4375],
							"size": [10.74126, 1, 0],
							"pivot": [-0.03125, 0, -110.9375],
							"rotation": [0, 0, -157.5],
							"uv": {
								"south": {"uv": [1, 100], "uv_size": [1, 1]}
							}
						},
						{
							"origin": [-5.40188, 26, -110.4375],
							"size": [10.74126, 1, 0],
							"pivot": [-0.03125, 0, -110.9375],
							"rotation": [0, 0, -135],
							"uv": {
								"south": {"uv": [1, 100], "uv_size": [1, 1]}
							}
						},
						{
							"origin": [-5.40188, -27, -110.4375],
							"size": [10.74126, 1, 0],
							"pivot": [-0.03125, 0, -110.9375],
							"rotation": [0, 0, -12.5],
							"uv": {
								"south": {"uv": [1, 100], "uv_size": [1, 1]}
							}
						},
						{
							"origin": [-5.40188, 26, -110.4375],
							"size": [10.74126, 1, 0],
							"pivot": [-0.03125, 0, -110.9375],
							"rotation": [0, 0, -12.5],
							"uv": {
								"south": {"uv": [1, 100], "uv_size": [1, 1]}
							}
						},
						{
							"origin": [-5.40188, -27, -110.4375],
							"size": [10.74126, 1, 0],
							"pivot": [-0.03125, 0, -110.9375],
							"rotation": [0, 0, -35],
							"uv": {
								"south": {"uv": [1, 100], "uv_size": [1, 1]}
							}
						},
						{
							"origin": [-5.40188, 26, -110.4375],
							"size": [10.74126, 1, 0],
							"pivot": [-0.03125, 0, -110.9375],
							"rotation": [0, 0, -35],
							"uv": {
								"south": {"uv": [1, 100], "uv_size": [1, 1]}
							}
						},
						{
							"origin": [-5.40188, -27, -110.4375],
							"size": [10.74126, 1, 0],
							"pivot": [-0.03125, 0, -110.9375],
							"rotation": [0, 0, -80],
							"uv": {
								"south": {"uv": [1, 100], "uv_size": [1, 1]}
							}
						},
						{
							"origin": [-5.40188, 26, -110.4375],
							"size": [10.74126, 1, 0],
							"pivot": [-0.03125, 0, -110.9375],
							"rotation": [0, 0, -80],
							"uv": {
								"south": {"uv": [1, 100], "uv_size": [1, 1]}
							}
						},
						{
							"origin": [-5.40188, -27, -110.4375],
							"size": [10.74126, 1, 0],
							"pivot": [-0.03125, 0, -110.9375],
							"rotation": [0, 0, -57.5],
							"uv": {
								"south": {"uv": [1, 100], "uv_size": [1, 1]}
							}
						},
						{
							"origin": [-5.40188, 26, -110.4375],
							"size": [10.74126, 1, 0],
							"pivot": [-0.03125, 0, -110.9375],
							"rotation": [0, 0, -57.5],
							"uv": {
								"south": {"uv": [1, 100], "uv_size": [1, 1]}
							}
						},
						{
							"origin": [-5.40188, -27, -110.4375],
							"size": [10.74126, 1, 0],
							"pivot": [-0.03125, 0, -110.9375],
							"rotation": [0, 0, -125],
							"uv": {
								"south": {"uv": [1, 100], "uv_size": [1, 1]}
							}
						},
						{
							"origin": [-5.40188, -27, -110.4375],
							"size": [10.74126, 1, 0],
							"pivot": [-0.03125, 0, -110.9375],
							"rotation": [0, 0, -102.5],
							"uv": {
								"south": {"uv": [1, 100], "uv_size": [1, 1]}
							}
						},
						{
							"origin": [-5.40188, 26, -110.4375],
							"size": [10.74126, 1, 0],
							"pivot": [-0.03125, 0, -110.9375],
							"rotation": [0, 0, -102.5],
							"uv": {
								"south": {"uv": [1, 100], "uv_size": [1, 1]}
							}
						},
						{
							"origin": [-5.40188, -27, -110.4375],
							"size": [10.74126, 1, 0],
							"pivot": [-0.03125, 0, -110.9375],
							"rotation": [0, 0, -170],
							"uv": {
								"south": {"uv": [1, 100], "uv_size": [1, 1]}
							}
						},
						{
							"origin": [-5.40188, 26, -110.4375],
							"size": [10.74126, 1, 0],
							"pivot": [-0.03125, 0, -110.9375],
							"rotation": [0, 0, -170],
							"uv": {
								"south": {"uv": [1, 100], "uv_size": [1, 1]}
							}
						},
						{
							"origin": [-5.40188, -27, -110.4375],
							"size": [10.74126, 1, 0],
							"pivot": [-0.03125, 0, -110.9375],
							"rotation": [0, 0, -147.5],
							"uv": {
								"south": {"uv": [1, 100], "uv_size": [1, 1]}
							}
						},
						{
							"origin": [26.96875, -64, -110.4375],
							"size": [64, 128, 0],
							"uv": {
								"south": {"uv": [1, 100], "uv_size": [1, 1]}
							}
						},
						{
							"origin": [-91.03125, -64, -110.4375],
							"size": [64, 128, 0],
							"uv": {
								"south": {"uv": [1, 100], "uv_size": [1, 1]}
							}
						},
						{
							"origin": [-27.03125, 26, -110.4375],
							"size": [54, 38, 0],
							"uv": {
								"south": {"uv": [1, 100], "uv_size": [1, 1]}
							}
						},
						{
							"origin": [-27.03125, -64, -110.4375],
							"size": [54, 38, 0],
							"uv": {
								"south": {"uv": [1, 100], "uv_size": [1, 1]}
							}
						}
					]
				},
				{
					"name": "scope_division_illuminated",
					"parent": "division",
					"pivot": [-0.03125, 0.0625, -80.9375],
					"cubes": [
						{
							"origin": [-0.53125, -0.5, -81.0625],
							"size": [1, 1, 0],
							"inflate": 1,
							"uv": {
								"south": {"uv": [77.40625, 0], "uv_size": [34.75, 34.75]}
							}
						}
					]
				},
				{
					"name": "scope_view",
					"pivot": [0, 0.0375, 6.04375]
				}
			]
		}
	]
}