{
	"format_version": "1.12.0",
	"minecraft:geometry": [
		{
			"description": {
				"identifier": "geometry.unknown",
				"texture_width": 128,
				"texture_height": 128,
				"visible_bounds_width": 13,
				"visible_bounds_height": 9,
				"visible_bounds_offset": [0, 0.5, 0]
			},
			"bones": [
				{
					"name": "scope_body",
					"pivot": [0, -0.1875, -1.1875],
					"cubes": [
						{
							"origin": [-0.71875, 1.03125, -2],
							"size": [1.4375, 0.6875, 2.75],
							"uv": {
								"north": {"uv": [24, 10], "uv_size": [1.5, 0.75]},
								"east": {"uv": [12, 16], "uv_size": [2.75, 0.75]},
								"south": {"uv": [18, 24], "uv_size": [1.5, 0.75]},
								"west": {"uv": [16, 12], "uv_size": [2.75, 0.75]},
								"up": {"uv": [0, 0], "uv_size": [1.5, 2.75]},
								"down": {"uv": [3, 2.75], "uv_size": [1.5, -2.75]}
							}
						},
						{
							"origin": [-0.5625, 1.71875, -0.21875],
							"size": [1.125, 0.375, 0.46875],
							"uv": {
								"north": {"uv": [33, 10], "uv_size": [1.25, 0.5]},
								"east": {"uv": [10, 41], "uv_size": [0.5, 0.5]},
								"south": {"uv": [33, 18], "uv_size": [1.25, 0.5]},
								"west": {"uv": [12, 41], "uv_size": [0.5, 0.5]},
								"up": {"uv": [33, 27], "uv_size": [1.25, 0.5]},
								"down": {"uv": [29, 33.5], "uv_size": [1.25, -0.5]}
							}
						},
						{
							"origin": [-0.78125, 0.78125, 0.25],
							"size": [1.5625, 1.1875, 0.5],
							"uv": {
								"north": {"uv": [12, 18], "uv_size": [1.5, 1.25]},
								"east": {"uv": [33, 29], "uv_size": [0.5, 1.25]},
								"south": {"uv": [18, 14], "uv_size": [1.5, 1.25]},
								"west": {"uv": [32, 33], "uv_size": [0.5, 1.25]},
								"up": {"uv": [27, 15], "uv_size": [1.5, 0.5]},
								"down": {"uv": [27, 17.5], "uv_size": [1.5, -0.5]}
							}
						},
						{
							"origin": [-0.90625, 1.125, -0.25],
							"size": [1.8125, 0.5, 1],
							"uv": {
								"north": {"uv": [25, 21], "uv_size": [1.75, 0.5]},
								"east": {"uv": [36, 10], "uv_size": [1, 0.5]},
								"south": {"uv": [25, 23], "uv_size": [1.75, 0.5]},
								"west": {"uv": [36, 27], "uv_size": [1, 0.5]},
								"up": {"uv": [19, 0], "uv_size": [1.75, 1]},
								"down": {"uv": [0, 21], "uv_size": [1.75, -1]}
							}
						},
						{
							"origin": [0.54643, 1.57404, -0.25],
							"size": [0.34375, 0.125, 1],
							"pivot": [0.78081, 1.63654, 0.25],
							"rotation": [0, 0, 35],
							"uv": {
								"north": {"uv": [12, 55], "uv_size": [0.25, 0.25]},
								"east": {"uv": [14, 41], "uv_size": [1, 0.25]},
								"south": {"uv": [14, 55], "uv_size": [0.25, 0.25]},
								"west": {"uv": [41, 14], "uv_size": [1, 0.25]},
								"up": {"uv": [16, 41], "uv_size": [0.25, 1]},
								"down": {"uv": [41, 17], "uv_size": [0.25, -1]}
							}
						},
						{
							"origin": [0.48383, 1.07292, -0.25],
							"size": [0.40625, 0.125, 1],
							"pivot": [0.78071, 1.13542, 0.25],
							"rotation": [0, 0, -25],
							"uv": {
								"north": {"uv": [42, 46], "uv_size": [0.5, 0.25]},
								"east": {"uv": [41, 18], "uv_size": [1, 0.25]},
								"south": {"uv": [46, 42], "uv_size": [0.5, 0.25]},
								"west": {"uv": [41, 20], "uv_size": [1, 0.25]},
								"up": {"uv": [37, 24], "uv_size": [0.5, 1]},
								"down": {"uv": [26, 38], "uv_size": [0.5, -1]}
							}
						},
						{
							"origin": [-0.89018, 1.57404, -0.25],
							"size": [0.34375, 0.125, 1],
							"pivot": [-0.78081, 1.63654, 0.25],
							"rotation": [0, 0, -35],
							"uv": {
								"north": {"uv": [55, 14], "uv_size": [0.25, 0.25]},
								"east": {"uv": [22, 41], "uv_size": [1, 0.25]},
								"south": {"uv": [16, 55], "uv_size": [0.25, 0.25]},
								"west": {"uv": [41, 22], "uv_size": [1, 0.25]},
								"up": {"uv": [24, 41], "uv_size": [0.25, 1]},
								"down": {"uv": [41, 25], "uv_size": [0.25, -1]}
							}
						},
						{
							"origin": [-0.89008, 1.07292, -0.25],
							"size": [0.40625, 0.125, 1],
							"pivot": [-0.78071, 1.13542, 0.25],
							"rotation": [0, 0, 25],
							"uv": {
								"north": {"uv": [44, 46], "uv_size": [0.5, 0.25]},
								"east": {"uv": [26, 41], "uv_size": [1, 0.25]},
								"south": {"uv": [46, 44], "uv_size": [0.5, 0.25]},
								"west": {"uv": [41, 26], "uv_size": [1, 0.25]},
								"up": {"uv": [28, 37], "uv_size": [0.5, 1]},
								"down": {"uv": [33, 38], "uv_size": [0.5, -1]}
							}
						},
						{
							"origin": [0.70347, 1.56589, 0.25],
							"size": [0.15625, 0.28125, 0.5],
							"pivot": [0.78159, 1.67527, 0.5],
							"rotation": [0, 0, -32.5],
							"uv": {
								"north": {"uv": [55, 16], "uv_size": [0.25, 0.25]},
								"east": {"uv": [46, 46], "uv_size": [0.5, 0.25]},
								"south": {"uv": [55, 18], "uv_size": [0.25, 0.25]},
								"west": {"uv": [10, 47], "uv_size": [0.5, 0.25]},
								"up": {"uv": [12, 47], "uv_size": [0.25, 0.5]},
								"down": {"uv": [14, 47.5], "uv_size": [0.25, -0.5]}
							}
						},
						{
							"origin": [-0.85972, 1.56589, 0.25],
							"size": [0.15625, 0.25, 0.5],
							"pivot": [-0.78159, 1.67527, 0.5],
							"rotation": [0, 0, 32.5],
							"uv": {
								"north": {"uv": [55, 22], "uv_size": [0.25, 0.25]},
								"east": {"uv": [47, 20], "uv_size": [0.5, 0.25]},
								"south": {"uv": [24, 55], "uv_size": [0.25, 0.25]},
								"west": {"uv": [22, 47], "uv_size": [0.5, 0.25]},
								"up": {"uv": [47, 22], "uv_size": [0.25, 0.5]},
								"down": {"uv": [24, 47.5], "uv_size": [0.25, -0.5]}
							}
						},
						{
							"origin": [-0.65625, 0.65625, 0.25],
							"size": [1.3125, 1.4375, 0.5],
							"uv": {
								"north": {"uv": [18, 17], "uv_size": [1.25, 1.5]},
								"east": {"uv": [27, 27], "uv_size": [0.5, 1.5]},
								"south": {"uv": [19, 8], "uv_size": [1.25, 1.5]},
								"west": {"uv": [8, 28], "uv_size": [0.5, 1.5]},
								"up": {"uv": [0, 34], "uv_size": [1.25, 0.5]},
								"down": {"uv": [3, 34.5], "uv_size": [1.25, -0.5]}
							}
						},
						{
							"origin": [0.59487, 1.95044, 0.25],
							"size": [0.1788, 0.125, 0.5],
							"pivot": [0.64867, 2.01294, 0.5],
							"rotation": [0, 0, 45],
							"uv": {
								"north": {"uv": [55, 24], "uv_size": [0.25, 0.25]},
								"east": {"uv": [47, 24], "uv_size": [0.5, 0.25]},
								"south": {"uv": [26, 55], "uv_size": [0.25, 0.25]},
								"west": {"uv": [26, 47], "uv_size": [0.5, 0.25]},
								"up": {"uv": [47, 26], "uv_size": [0.25, 0.5]},
								"down": {"uv": [28, 47.5], "uv_size": [0.25, -0.5]}
							}
						},
						{
							"origin": [-0.85972, 0.93411, 0.25],
							"size": [0.15625, 0.25, 0.5],
							"pivot": [-0.78159, 1.07473, 0.5],
							"rotation": [0, 0, -32.5],
							"uv": {
								"north": {"uv": [55, 26], "uv_size": [0.25, 0.25]},
								"east": {"uv": [47, 28], "uv_size": [0.5, 0.25]},
								"south": {"uv": [28, 55], "uv_size": [0.25, 0.25]},
								"west": {"uv": [30, 47], "uv_size": [0.5, 0.25]},
								"up": {"uv": [47, 30], "uv_size": [0.25, 0.5]},
								"down": {"uv": [32, 47.5], "uv_size": [0.25, -0.5]}
							}
						},
						{
							"origin": [-0.77367, 0.67456, 0.25],
							"size": [0.1788, 0.125, 0.5],
							"pivot": [-0.64867, 0.73706, 0.5],
							"rotation": [0, 0, 45],
							"uv": {
								"north": {"uv": [55, 28], "uv_size": [0.25, 0.25]},
								"east": {"uv": [47, 32], "uv_size": [0.5, 0.25]},
								"south": {"uv": [30, 55], "uv_size": [0.25, 0.25]},
								"west": {"uv": [34, 47], "uv_size": [0.5, 0.25]},
								"up": {"uv": [47, 34], "uv_size": [0.25, 0.5]},
								"down": {"uv": [47, 36.5], "uv_size": [0.25, -0.5]}
							}
						},
						{
							"origin": [0.70347, 0.93411, 0.25],
							"size": [0.15625, 0.25, 0.5],
							"pivot": [0.78159, 1.07473, 0.5],
							"rotation": [0, 0, 32.5],
							"uv": {
								"north": {"uv": [55, 30], "uv_size": [0.25, 0.25]},
								"east": {"uv": [47, 38], "uv_size": [0.5, 0.25]},
								"south": {"uv": [32, 55], "uv_size": [0.25, 0.25]},
								"west": {"uv": [47, 40], "uv_size": [0.5, 0.25]},
								"up": {"uv": [0, 48], "uv_size": [0.25, 0.5]},
								"down": {"uv": [48, 0.5], "uv_size": [0.25, -0.5]}
							}
						},
						{
							"origin": [0.59487, 0.67456, 0.25],
							"size": [0.1788, 0.125, 0.5],
							"pivot": [0.64867, 0.73706, 0.5],
							"rotation": [0, 0, -45],
							"uv": {
								"north": {"uv": [55, 32], "uv_size": [0.25, 0.25]},
								"east": {"uv": [2, 48], "uv_size": [0.5, 0.25]},
								"south": {"uv": [34, 55], "uv_size": [0.25, 0.25]},
								"west": {"uv": [48, 2], "uv_size": [0.5, 0.25]},
								"up": {"uv": [4, 48], "uv_size": [0.25, 0.5]},
								"down": {"uv": [48, 4.5], "uv_size": [0.25, -0.5]}
							}
						},
						{
							"origin": [-0.77367, 1.95044, 0.25],
							"size": [0.1788, 0.125, 0.5],
							"pivot": [-0.64867, 2.01294, 0.5],
							"rotation": [0, 0, -45],
							"uv": {
								"north": {"uv": [55, 34], "uv_size": [0.25, 0.25]},
								"east": {"uv": [6, 48], "uv_size": [0.5, 0.25]},
								"south": {"uv": [55, 36], "uv_size": [0.25, 0.25]},
								"west": {"uv": [48, 6], "uv_size": [0.5, 0.25]},
								"up": {"uv": [8, 48], "uv_size": [0.25, 0.5]},
								"down": {"uv": [48, 8.5], "uv_size": [0.25, -0.5]}
							}
						},
						{
							"origin": [-0.5625, 1.7124, -0.35755],
							"size": [1.125, 0.375, 0.1875],
							"pivot": [0, 1.8999, -0.27943],
							"rotation": [-40, 0, 0],
							"uv": {
								"north": {"uv": [34, 4], "uv_size": [1.25, 0.5]},
								"east": {"uv": [48, 10], "uv_size": [0.25, 0.5]},
								"south": {"uv": [34, 6], "uv_size": [1.25, 0.5]},
								"west": {"uv": [48, 12], "uv_size": [0.25, 0.5]},
								"up": {"uv": [40, 38], "uv_size": [1.25, 0.25]},
								"down": {"uv": [40, 40.25], "uv_size": [1.25, -0.25]}
							}
						},
						{
							"origin": [-0.34375, 0.65625, -2],
							"size": [0.6875, 1.4375, 2.75],
							"uv": {
								"north": {"uv": [25, 2], "uv_size": [0.75, 1.5]},
								"east": {"uv": [0, 4], "uv_size": [2.75, 1.5]},
								"south": {"uv": [25, 5], "uv_size": [0.75, 1.5]},
								"west": {"uv": [4, 4], "uv_size": [2.75, 1.5]},
								"up": {"uv": [0, 15], "uv_size": [0.75, 2.75]},
								"down": {"uv": [16, 18.75], "uv_size": [0.75, -2.75]}
							}
						},
						{
							"origin": [-0.64013, 0.69022, -2],
							"size": [1.5, 0.53, 2.75],
							"pivot": [-0.45263, 1.03397, -1.09375],
							"rotation": [0, 0, -45],
							"uv": {
								"north": {"uv": [28, 0], "uv_size": [1.5, 0.5]},
								"east": {"uv": [3, 20], "uv_size": [2.75, 0.5]},
								"south": {"uv": [28, 8], "uv_size": [1.5, 0.5]},
								"west": {"uv": [20, 11], "uv_size": [2.75, 0.5]},
								"up": {"uv": [6, 0], "uv_size": [1.5, 2.75]},
								"down": {"uv": [0, 9.75], "uv_size": [1.5, -2.75]}
							}
						},
						{
							"origin": [-0.85987, 0.69022, -2],
							"size": [1.5, 0.53, 2.75],
							"pivot": [0.45263, 1.03397, -1.09375],
							"rotation": [0, 0, 45],
							"uv": {
								"north": {"uv": [10, 28], "uv_size": [1.5, 0.5]},
								"east": {"uv": [15, 20], "uv_size": [2.75, 0.5]},
								"south": {"uv": [20, 28], "uv_size": [1.5, 0.5]},
								"west": {"uv": [19, 20], "uv_size": [2.75, 0.5]},
								"up": {"uv": [3, 7], "uv_size": [1.5, 2.75]},
								"down": {"uv": [6, 9.75], "uv_size": [1.5, -2.75]}
							}
						},
						{
							"origin": [-0.53125, -0.21875, -2.59375],
							"size": [1.0625, 0.4375, 2.8125],
							"uv": {
								"north": {"uv": [37, 34], "uv_size": [1, 0.5]},
								"east": {"uv": [21, 2], "uv_size": [2.75, 0.5]},
								"south": {"uv": [35, 37], "uv_size": [1, 0.5]},
								"west": {"uv": [21, 4], "uv_size": [2.75, 0.5]},
								"up": {"uv": [9, 0], "uv_size": [1, 2.75]},
								"down": {"uv": [9, 6.75], "uv_size": [1, -2.75]}
							}
						},
						{
							"origin": [-0.125, 0.28125, -2.59375],
							"size": [0.25, 0.0625, 3.34375],
							"uv": {
								"north": {"uv": [55, 38], "uv_size": [0.25, 0.25]},
								"east": {"uv": [25, 25], "uv_size": [3.25, 0.25]},
								"south": {"uv": [55, 40], "uv_size": [0.25, 0.25]},
								"west": {"uv": [27, 2], "uv_size": [3.25, 0.25]},
								"up": {"uv": [18, 26], "uv_size": [0.25, 3.25]},
								"down": {"uv": [27, 13.25], "uv_size": [0.25, -3.25]}
							}
						},
						{
							"origin": [-0.15625, 0.21875, 0.21875],
							"size": [0.3125, 0.0625, 0.53125],
							"uv": {
								"north": {"uv": [0, 56], "uv_size": [0.25, 0.25]},
								"east": {"uv": [27, 4], "uv_size": [3.25, 0.25]},
								"south": {"uv": [56, 0], "uv_size": [0.25, 0.25]},
								"west": {"uv": [27, 6], "uv_size": [3.25, 0.25]},
								"up": {"uv": [23, 27], "uv_size": [0.25, 3.25]},
								"down": {"uv": [25, 30.25], "uv_size": [0.25, -3.25]}
							}
						},
						{
							"origin": [-0.1875, 0.23169, 0.21875],
							"size": [0.0625, 0.0885, 0.53125],
							"pivot": [-0.15625, 0.26294, -0.92187],
							"rotation": [0, 0, -45],
							"uv": {
								"north": {"uv": [2, 56], "uv_size": [0.25, 0.25]},
								"east": {"uv": [18, 48], "uv_size": [0.5, 0.25]},
								"south": {"uv": [56, 2], "uv_size": [0.25, 0.25]},
								"west": {"uv": [20, 48], "uv_size": [0.5, 0.25]},
								"up": {"uv": [36, 48], "uv_size": [0.25, 0.5]},
								"down": {"uv": [38, 48.5], "uv_size": [0.25, -0.5]}
							}
						},
						{
							"origin": [0.125, 0.23169, 0.21875],
							"size": [0.0625, 0.0885, 0.53125],
							"pivot": [0.15625, 0.26294, -0.92187],
							"rotation": [0, 0, 45],
							"uv": {
								"north": {"uv": [4, 56], "uv_size": [0.25, 0.25]},
								"east": {"uv": [40, 48], "uv_size": [0.5, 0.25]},
								"south": {"uv": [56, 4], "uv_size": [0.25, 0.25]},
								"west": {"uv": [42, 48], "uv_size": [0.5, 0.25]},
								"up": {"uv": [48, 42], "uv_size": [0.25, 0.5]},
								"down": {"uv": [44, 48.5], "uv_size": [0.25, -0.5]}
							}
						},
						{
							"origin": [-0.125, 0.59375, -2],
							"size": [0.25, 0.0625, 2.75],
							"uv": {
								"north": {"uv": [6, 56], "uv_size": [0.25, 0.25]},
								"east": {"uv": [28, 21], "uv_size": [2.75, 0.25]},
								"south": {"uv": [56, 6], "uv_size": [0.25, 0.25]},
								"west": {"uv": [28, 23], "uv_size": [2.75, 0.25]},
								"up": {"uv": [6, 29], "uv_size": [0.25, 2.75]},
								"down": {"uv": [29, 12.75], "uv_size": [0.25, -2.75]}
							}
						},
						{
							"origin": [0.125, 0.28125, -2],
							"size": [0.09375, 0.375, 2.75],
							"uv": {
								"north": {"uv": [48, 44], "uv_size": [0.25, 0.5]},
								"east": {"uv": [21, 6], "uv_size": [2.75, 0.5]},
								"south": {"uv": [46, 48], "uv_size": [0.25, 0.5]},
								"west": {"uv": [7, 21], "uv_size": [2.75, 0.5]},
								"up": {"uv": [29, 27], "uv_size": [0.25, 2.75]},
								"down": {"uv": [0, 32.75], "uv_size": [0.25, -2.75]}
							}
						},
						{
							"origin": [-0.21875, 0.28125, -2],
							"size": [0.09375, 0.375, 2.75],
							"uv": {
								"north": {"uv": [48, 46], "uv_size": [0.25, 0.5]},
								"east": {"uv": [11, 21], "uv_size": [2.75, 0.5]},
								"south": {"uv": [48, 48], "uv_size": [0.25, 0.5]},
								"west": {"uv": [21, 13], "uv_size": [2.75, 0.5]},
								"up": {"uv": [2, 30], "uv_size": [0.25, 2.75]},
								"down": {"uv": [4, 32.75], "uv_size": [0.25, -2.75]}
							}
						},
						{
							"origin": [-0.21875, 0.28125, -2.59375],
							"size": [0.09375, 0.09375, 0.59375],
							"uv": {
								"north": {"uv": [8, 56], "uv_size": [0.25, 0.25]},
								"east": {"uv": [10, 49], "uv_size": [0.5, 0.25]},
								"south": {"uv": [56, 8], "uv_size": [0.25, 0.25]},
								"west": {"uv": [12, 49], "uv_size": [0.5, 0.25]},
								"up": {"uv": [14, 49], "uv_size": [0.25, 0.5]},
								"down": {"uv": [49, 14.5], "uv_size": [0.25, -0.5]}
							}
						},
						{
							"origin": [0.125, 0.28125, -2.59375],
							"size": [0.09375, 0.09375, 0.59375],
							"uv": {
								"north": {"uv": [56, 10], "uv_size": [0.25, 0.25]},
								"east": {"uv": [16, 49], "uv_size": [0.5, 0.25]},
								"south": {"uv": [56, 12], "uv_size": [0.25, 0.25]},
								"west": {"uv": [49, 16], "uv_size": [0.5, 0.25]},
								"up": {"uv": [49, 18], "uv_size": [0.25, 0.5]},
								"down": {"uv": [49, 20.5], "uv_size": [0.25, -0.5]}
							}
						},
						{
							"origin": [-0.21875, 0.27966, -2.5887],
							"size": [0.09375, 0.1875, 0.625],
							"pivot": [-0.17187, 0.40466, -2.29182],
							"rotation": [17.5, 0, 0],
							"uv": {
								"north": {"uv": [18, 56], "uv_size": [0.25, 0.25]},
								"east": {"uv": [43, 24], "uv_size": [0.75, 0.25]},
								"south": {"uv": [20, 56], "uv_size": [0.25, 0.25]},
								"west": {"uv": [26, 43], "uv_size": [0.75, 0.25]},
								"up": {"uv": [43, 26], "uv_size": [0.25, 0.75]},
								"down": {"uv": [28, 43.75], "uv_size": [0.25, -0.75]}
							}
						},
						{
							"origin": [0.125, 0.27966, -2.5887],
							"size": [0.09375, 0.1875, 0.625],
							"pivot": [0.17188, 0.40466, -2.29182],
							"rotation": [17.5, 0, 0],
							"uv": {
								"north": {"uv": [36, 56], "uv_size": [0.25, 0.25]},
								"east": {"uv": [43, 28], "uv_size": [0.75, 0.25]},
								"south": {"uv": [38, 56], "uv_size": [0.25, 0.25]},
								"west": {"uv": [30, 43], "uv_size": [0.75, 0.25]},
								"up": {"uv": [43, 30], "uv_size": [0.25, 0.75]},
								"down": {"uv": [32, 43.75], "uv_size": [0.25, -0.75]}
							}
						},
						{
							"origin": [-0.46875, 0.21875, -2.59375],
							"size": [0.9375, 0.0625, 2.8125],
							"uv": {
								"north": {"uv": [28, 41], "uv_size": [1, 0.25]},
								"east": {"uv": [29, 19], "uv_size": [2.75, 0.25]},
								"south": {"uv": [41, 28], "uv_size": [1, 0.25]},
								"west": {"uv": [10, 30], "uv_size": [2.75, 0.25]},
								"up": {"uv": [9, 8], "uv_size": [1, 2.75]},
								"down": {"uv": [0, 13.75], "uv_size": [1, -2.75]}
							}
						},
						{
							"origin": [-0.49621, 0.17835, -2.59375],
							"size": [0.0625, 0.0885, 2.8125],
							"pivot": [-0.46496, 0.24085, -1.1875],
							"rotation": [0, 0, 45],
							"uv": {
								"north": {"uv": [40, 56], "uv_size": [0.25, 0.25]},
								"east": {"uv": [14, 30], "uv_size": [2.75, 0.25]},
								"south": {"uv": [42, 56], "uv_size": [0.25, 0.25]},
								"west": {"uv": [30, 14], "uv_size": [2.75, 0.25]},
								"up": {"uv": [20, 30], "uv_size": [0.25, 2.75]},
								"down": {"uv": [27, 32.75], "uv_size": [0.25, -2.75]}
							}
						},
						{
							"origin": [0.43371, 0.17835, -2.59375],
							"size": [0.0625, 0.0885, 2.8125],
							"pivot": [0.46496, 0.24085, -1.1875],
							"rotation": [0, 0, -45],
							"uv": {
								"north": {"uv": [56, 42], "uv_size": [0.25, 0.25]},
								"east": {"uv": [30, 16], "uv_size": [2.75, 0.25]},
								"south": {"uv": [44, 56], "uv_size": [0.25, 0.25]},
								"west": {"uv": [30, 25], "uv_size": [2.75, 0.25]},
								"up": {"uv": [8, 31], "uv_size": [0.25, 2.75]},
								"down": {"uv": [31, 10.75], "uv_size": [0.25, -2.75]}
							}
						},
						{
							"origin": [0.125, 0.41697, -2],
							"size": [0.0625, 0.10355, 2.75],
							"pivot": [0, 0.46875, 0.25],
							"rotation": [0, 0, 45],
							"uv": {
								"north": {"uv": [56, 44], "uv_size": [0.25, 0.25]},
								"east": {"uv": [31, 0], "uv_size": [2.75, 0.25]},
								"south": {"uv": [46, 56], "uv_size": [0.25, 0.25]},
								"west": {"uv": [31, 12], "uv_size": [2.75, 0.25]},
								"up": {"uv": [18, 31], "uv_size": [0.25, 2.75]},
								"down": {"uv": [31, 29.75], "uv_size": [0.25, -2.75]}
							}
						},
						{
							"origin": [-0.1875, 0.41697, -2],
							"size": [0.0625, 0.10355, 2.75],
							"pivot": [0, 0.46875, 0.25],
							"rotation": [0, 0, 45],
							"uv": {
								"north": {"uv": [56, 46], "uv_size": [0.25, 0.25]},
								"east": {"uv": [29, 31], "uv_size": [2.75, 0.25]},
								"south": {"uv": [48, 56], "uv_size": [0.25, 0.25]},
								"west": {"uv": [32, 2], "uv_size": [2.75, 0.25]},
								"up": {"uv": [32, 4], "uv_size": [0.25, 2.75]},
								"down": {"uv": [10, 34.75], "uv_size": [0.25, -2.75]}
							}
						},
						{
							"origin": [-0.1875, 0.41697, -2],
							"size": [0.0625, 0.10355, 2.75],
							"pivot": [0, 0.46875, 0.25],
							"rotation": [0, 0, -45],
							"uv": {
								"north": {"uv": [56, 48], "uv_size": [0.25, 0.25]},
								"east": {"uv": [12, 32], "uv_size": [2.75, 0.25]},
								"south": {"uv": [50, 56], "uv_size": [0.25, 0.25]},
								"west": {"uv": [32, 21], "uv_size": [2.75, 0.25]},
								"up": {"uv": [16, 32], "uv_size": [0.25, 2.75]},
								"down": {"uv": [22, 34.75], "uv_size": [0.25, -2.75]}
							}
						},
						{
							"origin": [0.125, 0.41697, -2],
							"size": [0.0625, 0.10355, 2.75],
							"pivot": [0, 0.46875, 0.25],
							"rotation": [0, 0, -45],
							"uv": {
								"north": {"uv": [56, 50], "uv_size": [0.25, 0.25]},
								"east": {"uv": [32, 23], "uv_size": [2.75, 0.25]},
								"south": {"uv": [52, 56], "uv_size": [0.25, 0.25]},
								"west": {"uv": [33, 8], "uv_size": [2.75, 0.25]},
								"up": {"uv": [24, 32], "uv_size": [0.25, 2.75]},
								"down": {"uv": [6, 35.75], "uv_size": [0.25, -2.75]}
							}
						},
						{
							"origin": [0.53125, -0.0625, -2.3125],
							"size": [0.125, 0.1875, 0.1875],
							"pivot": [0.59375, 0.03125, -2.21875],
							"rotation": [45, 0, 0],
							"uv": {
								"north": {"uv": [26, 61], "uv_size": [0.25, 0.25]},
								"east": {"uv": [61, 26], "uv_size": [0.25, 0.25]},
								"south": {"uv": [28, 61], "uv_size": [0.25, 0.25]},
								"west": {"uv": [61, 28], "uv_size": [0.25, 0.25]},
								"up": {"uv": [30, 61], "uv_size": [0.25, 0.25]},
								"down": {"uv": [61, 30.25], "uv_size": [0.25, -0.25]}
							}
						},
						{
							"origin": [0.53125, -0.0625, -0.25],
							"size": [0.125, 0.1875, 0.1875],
							"pivot": [0.59375, 0.03125, -0.15625],
							"rotation": [45, 0, 0],
							"uv": {
								"north": {"uv": [62, 8], "uv_size": [0.25, 0.25]},
								"east": {"uv": [62, 10], "uv_size": [0.25, 0.25]},
								"south": {"uv": [62, 12], "uv_size": [0.25, 0.25]},
								"west": {"uv": [18, 62], "uv_size": [0.25, 0.25]},
								"up": {"uv": [20, 62], "uv_size": [0.25, 0.25]},
								"down": {"uv": [36, 62.25], "uv_size": [0.25, -0.25]}
							}
						},
						{
							"origin": [0.59375, 1.84375, 0.21875],
							"size": [0.125, 0.125, 0.5625],
							"pivot": [0.65625, 1.90625, 0.76563],
							"rotation": [0, 0, 45],
							"uv": {
								"north": {"uv": [48, 62], "uv_size": [0.25, 0.25]},
								"east": {"uv": [38, 54], "uv_size": [0.5, 0.25]},
								"south": {"uv": [62, 48], "uv_size": [0.25, 0.25]},
								"west": {"uv": [40, 54], "uv_size": [0.5, 0.25]},
								"up": {"uv": [42, 54], "uv_size": [0.25, 0.5]},
								"down": {"uv": [54, 42.5], "uv_size": [0.25, -0.5]}
							}
						},
						{
							"origin": [-0.71875, 1.84375, 0.21875],
							"size": [0.125, 0.125, 0.5625],
							"pivot": [-0.65625, 1.90625, 0.76563],
							"rotation": [0, 0, -45],
							"uv": {
								"north": {"uv": [50, 62], "uv_size": [0.25, 0.25]},
								"east": {"uv": [44, 54], "uv_size": [0.5, 0.25]},
								"south": {"uv": [62, 50], "uv_size": [0.25, 0.25]},
								"west": {"uv": [54, 44], "uv_size": [0.5, 0.25]},
								"up": {"uv": [46, 54], "uv_size": [0.25, 0.5]},
								"down": {"uv": [54, 46.5], "uv_size": [0.25, -0.5]}
							}
						},
						{
							"origin": [0.59375, 0.78125, 0.21875],
							"size": [0.125, 0.125, 0.5625],
							"pivot": [0.65625, 0.84375, 0.76563],
							"rotation": [0, 0, 45],
							"uv": {
								"north": {"uv": [52, 62], "uv_size": [0.25, 0.25]},
								"east": {"uv": [48, 54], "uv_size": [0.5, 0.25]},
								"south": {"uv": [62, 52], "uv_size": [0.25, 0.25]},
								"west": {"uv": [54, 48], "uv_size": [0.5, 0.25]},
								"up": {"uv": [50, 54], "uv_size": [0.25, 0.5]},
								"down": {"uv": [54, 50.5], "uv_size": [0.25, -0.5]}
							}
						},
						{
							"origin": [-0.71875, 0.78125, 0.21875],
							"size": [0.125, 0.125, 0.5625],
							"pivot": [-0.65625, 0.84375, 0.76563],
							"rotation": [0, 0, -45],
							"uv": {
								"north": {"uv": [54, 62], "uv_size": [0.25, 0.25]},
								"east": {"uv": [52, 54], "uv_size": [0.5, 0.25]},
								"south": {"uv": [62, 54], "uv_size": [0.25, 0.25]},
								"west": {"uv": [54, 52], "uv_size": [0.5, 0.25]},
								"up": {"uv": [54, 54], "uv_size": [0.25, 0.5]},
								"down": {"uv": [10, 55.5], "uv_size": [0.25, -0.5]}
							}
						},
						{
							"origin": [0.71875, 0.78125, -1.65625],
							"size": [0.03125, 0.875, 0.875],
							"uv": {
								"west": {"uv": [1, 80], "uv_size": [10, 10]}
							}
						}
					]
				},
				{
					"name": "octagon3",
					"parent": "scope_body",
					"pivot": [0, 1.375, -3.0625],
					"cubes": [
						{
							"origin": [-0.28477, 0.6875, -3.53125],
							"size": [0.56954, 0.125, 4.875],
							"pivot": [0, 1.375, -3.0625],
							"rotation": [0, 0, 45],
							"uv": {
								"north": {"uv": [24, 45], "uv_size": [0.5, 0.25]},
								"east": {"uv": [21, 15], "uv_size": [5, 0.25]},
								"south": {"uv": [45, 24], "uv_size": [0.5, 0.25]},
								"west": {"uv": [21, 17], "uv_size": [5, 0.25]},
								"up": {"uv": [11, 0], "uv_size": [0.5, 5]},
								"down": {"uv": [2, 16], "uv_size": [0.5, -5]}
							}
						},
						{
							"origin": [-0.28477, 1.9375, -3.53125],
							"size": [0.56954, 0.125, 4.875],
							"uv": {
								"north": {"uv": [26, 45], "uv_size": [0.5, 0.25]},
								"east": {"uv": [0, 22], "uv_size": [5, 0.25]},
								"south": {"uv": [45, 26], "uv_size": [0.5, 0.25]},
								"west": {"uv": [22, 0], "uv_size": [5, 0.25]},
								"up": {"uv": [4, 11], "uv_size": [0.5, 5]},
								"down": {"uv": [6, 16], "uv_size": [0.5, -5]}
							}
						},
						{
							"origin": [-0.28477, 0.6875, -3.53125],
							"size": [0.56954, 0.125, 4.875],
							"uv": {
								"north": {"uv": [28, 45], "uv_size": [0.5, 0.25]},
								"east": {"uv": [22, 8], "uv_size": [5, 0.25]},
								"south": {"uv": [45, 28], "uv_size": [0.5, 0.25]},
								"west": {"uv": [15, 22], "uv_size": [5, 0.25]},
								"up": {"uv": [11, 6], "uv_size": [0.5, 5]},
								"down": {"uv": [8, 17], "uv_size": [0.5, -5]}
							}
						},
						{
							"origin": [-0.6875, 1.09023, -3.53125],
							"size": [0.125, 0.56954, 4.875],
							"pivot": [0, 1.375, -3.0625],
							"rotation": [0, 0, 45],
							"uv": {
								"north": {"uv": [30, 45], "uv_size": [0.25, 0.5]},
								"east": {"uv": [10, 12], "uv_size": [5, 0.5]},
								"south": {"uv": [45, 30], "uv_size": [0.25, 0.5]},
								"west": {"uv": [13, 0], "uv_size": [5, 0.5]},
								"up": {"uv": [21, 22], "uv_size": [0.25, 5]},
								"down": {"uv": [6, 28], "uv_size": [0.25, -5]}
							}
						},
						{
							"origin": [-0.28477, 0.6875, -3.53125],
							"size": [0.56954, 0.125, 4.875],
							"pivot": [0, 1.375, -3.0625],
							"rotation": [0, 0, -45],
							"uv": {
								"north": {"uv": [32, 45], "uv_size": [0.5, 0.25]},
								"east": {"uv": [8, 23], "uv_size": [5, 0.25]},
								"south": {"uv": [45, 32], "uv_size": [0.5, 0.25]},
								"west": {"uv": [23, 19], "uv_size": [5, 0.25]},
								"up": {"uv": [13, 2], "uv_size": [0.5, 5]},
								"down": {"uv": [10, 19], "uv_size": [0.5, -5]}
							}
						},
						{
							"origin": [0.5625, 1.09023, -3.53125],
							"size": [0.125, 0.56954, 4.875],
							"uv": {
								"north": {"uv": [34, 45], "uv_size": [0.25, 0.5]},
								"east": {"uv": [13, 8], "uv_size": [5, 0.5]},
								"south": {"uv": [45, 34], "uv_size": [0.25, 0.5]},
								"west": {"uv": [13, 10], "uv_size": [5, 0.5]},
								"up": {"uv": [23, 21], "uv_size": [0.25, 5]},
								"down": {"uv": [0, 29], "uv_size": [0.25, -5]}
							}
						},
						{
							"origin": [0.5625, 1.09023, -3.53125],
							"size": [0.125, 0.56954, 4.875],
							"pivot": [0, 1.375, -3.0625],
							"rotation": [0, 0, -45],
							"uv": {
								"north": {"uv": [45, 36], "uv_size": [0.25, 0.5]},
								"east": {"uv": [12, 14], "uv_size": [5, 0.5]},
								"south": {"uv": [45, 38], "uv_size": [0.25, 0.5]},
								"west": {"uv": [15, 2], "uv_size": [5, 0.5]},
								"up": {"uv": [2, 24], "uv_size": [0.25, 5]},
								"down": {"uv": [4, 29], "uv_size": [0.25, -5]}
							}
						},
						{
							"origin": [-0.6875, 1.09023, -3.53125],
							"size": [0.125, 0.56954, 4.875],
							"uv": {
								"north": {"uv": [45, 40], "uv_size": [0.25, 0.5]},
								"east": {"uv": [15, 4], "uv_size": [5, 0.5]},
								"south": {"uv": [0, 46], "uv_size": [0.25, 0.5]},
								"west": {"uv": [15, 6], "uv_size": [5, 0.5]},
								"up": {"uv": [14, 24], "uv_size": [0.25, 5]},
								"down": {"uv": [16, 29], "uv_size": [0.25, -5]}
							}
						}
					]
				},
				{
					"name": "octagon5",
					"parent": "scope_body",
					"pivot": [0, 0.46875, 0.25]
				},
				{
					"name": "octagon6",
					"parent": "scope_body",
					"pivot": [0, 2.15625, 0.15625],
					"cubes": [
						{
							"origin": [-0.233, 2.25, -0.40625],
							"size": [0.46599, 0.40625, 1.125],
							"pivot": [0, 2.15625, 0.15625],
							"rotation": [0, -45, 0],
							"uv": {
								"north": {"uv": [30, 41], "uv_size": [0.5, 0.5]},
								"east": {"uv": [12, 34], "uv_size": [1.25, 0.5]},
								"south": {"uv": [41, 30], "uv_size": [0.5, 0.5]},
								"west": {"uv": [34, 14], "uv_size": [1.25, 0.5]},
								"up": {"uv": [20, 34], "uv_size": [0.5, 1.25]},
								"down": {"uv": [26, 35.25], "uv_size": [0.5, -1.25]}
							}
						},
						{
							"origin": [-0.233, 2.25, -0.40625],
							"size": [0.46599, 0.40625, 1.125],
							"uv": {
								"north": {"uv": [32, 41], "uv_size": [0.5, 0.5]},
								"east": {"uv": [34, 16], "uv_size": [1.25, 0.5]},
								"south": {"uv": [41, 32], "uv_size": [0.5, 0.5]},
								"west": {"uv": [34, 25], "uv_size": [1.25, 0.5]},
								"up": {"uv": [34, 32], "uv_size": [0.5, 1.25]},
								"down": {"uv": [8, 36.25], "uv_size": [0.5, -1.25]}
							}
						},
						{
							"origin": [-0.5625, 2.25, -0.07675],
							"size": [1.125, 0.40625, 0.46599],
							"pivot": [0, 2.15625, 0.15625],
							"rotation": [0, -45, 0],
							"uv": {
								"north": {"uv": [35, 0], "uv_size": [1.25, 0.5]},
								"east": {"uv": [34, 41], "uv_size": [0.5, 0.5]},
								"south": {"uv": [35, 12], "uv_size": [1.25, 0.5]},
								"west": {"uv": [41, 34], "uv_size": [0.5, 0.5]},
								"up": {"uv": [28, 35], "uv_size": [1.25, 0.5]},
								"down": {"uv": [35, 29.5], "uv_size": [1.25, -0.5]}
							}
						},
						{
							"origin": [-0.5625, 2.25, -0.07675],
							"size": [1.125, 0.40625, 0.46599],
							"uv": {
								"north": {"uv": [34, 35], "uv_size": [1.25, 0.5]},
								"east": {"uv": [41, 36], "uv_size": [0.5, 0.5]},
								"south": {"uv": [0, 36], "uv_size": [1.25, 0.5]},
								"west": {"uv": [0, 42], "uv_size": [0.5, 0.5]},
								"up": {"uv": [36, 2], "uv_size": [1.25, 0.5]},
								"down": {"uv": [3, 36.5], "uv_size": [1.25, -0.5]}
							}
						}
					]
				},
				{
					"name": "octagon7",
					"parent": "scope_body",
					"pivot": [0, 2.125, 0.15625],
					"cubes": [
						{
							"origin": [-0.20711, 2.03125, -0.34375],
							"size": [0.41421, 0.21875, 1],
							"pivot": [0, 2.125, 0.15625],
							"rotation": [0, -45, 0],
							"uv": {
								"north": {"uv": [22, 49], "uv_size": [0.5, 0.25]},
								"east": {"uv": [42, 0], "uv_size": [1, 0.25]},
								"south": {"uv": [49, 22], "uv_size": [0.5, 0.25]},
								"west": {"uv": [2, 42], "uv_size": [1, 0.25]},
								"up": {"uv": [37, 36], "uv_size": [0.5, 1]},
								"down": {"uv": [0, 39], "uv_size": [0.5, -1]}
							}
						},
						{
							"origin": [-0.20711, 2.03125, -0.34375],
							"size": [0.41421, 0.21875, 1],
							"uv": {
								"north": {"uv": [24, 49], "uv_size": [0.5, 0.25]},
								"east": {"uv": [4, 42], "uv_size": [1, 0.25]},
								"south": {"uv": [49, 24], "uv_size": [0.5, 0.25]},
								"west": {"uv": [6, 42], "uv_size": [1, 0.25]},
								"up": {"uv": [38, 0], "uv_size": [0.5, 1]},
								"down": {"uv": [2, 39], "uv_size": [0.5, -1]}
							}
						},
						{
							"origin": [-0.5, 2.03125, -0.05086],
							"size": [1, 0.21875, 0.41421],
							"pivot": [0, 2.125, 0.15625],
							"rotation": [0, -45, 0],
							"uv": {
								"north": {"uv": [8, 42], "uv_size": [1, 0.25]},
								"east": {"uv": [26, 49], "uv_size": [0.5, 0.25]},
								"south": {"uv": [42, 10], "uv_size": [1, 0.25]},
								"west": {"uv": [49, 26], "uv_size": [0.5, 0.25]},
								"up": {"uv": [4, 38], "uv_size": [1, 0.5]},
								"down": {"uv": [8, 38.5], "uv_size": [1, -0.5]}
							}
						},
						{
							"origin": [-0.5, 2.03125, -0.05086],
							"size": [1, 0.21875, 0.41421],
							"uv": {
								"north": {"uv": [42, 12], "uv_size": [1, 0.25]},
								"east": {"uv": [28, 49], "uv_size": [0.5, 0.25]},
								"south": {"uv": [18, 42], "uv_size": [1, 0.25]},
								"west": {"uv": [49, 28], "uv_size": [0.5, 0.25]},
								"up": {"uv": [38, 10], "uv_size": [1, 0.5]},
								"down": {"uv": [38, 12.5], "uv_size": [1, -0.5]}
							}
						}
					]
				},
				{
					"name": "octagon8",
					"parent": "scope_body",
					"pivot": [0, 2.5, -0.9375],
					"cubes": [
						{
							"origin": [-0.12944, 2.09375, -1.25],
							"size": [0.25888, 0.59375, 0.625],
							"pivot": [0, 2.5, -0.9375],
							"rotation": [0, -45, 0],
							"uv": {
								"north": {"uv": [30, 49], "uv_size": [0.25, 0.5]},
								"east": {"uv": [32, 39], "uv_size": [0.75, 0.5]},
								"south": {"uv": [49, 30], "uv_size": [0.25, 0.5]},
								"west": {"uv": [34, 39], "uv_size": [0.75, 0.5]},
								"up": {"uv": [43, 32], "uv_size": [0.25, 0.75]},
								"down": {"uv": [34, 43.75], "uv_size": [0.25, -0.75]}
							}
						},
						{
							"origin": [-0.12944, 2.09375, -1.25],
							"size": [0.25888, 0.59375, 0.625],
							"uv": {
								"north": {"uv": [32, 49], "uv_size": [0.25, 0.5]},
								"east": {"uv": [39, 34], "uv_size": [0.75, 0.5]},
								"south": {"uv": [49, 32], "uv_size": [0.25, 0.5]},
								"west": {"uv": [39, 36], "uv_size": [0.75, 0.5]},
								"up": {"uv": [43, 34], "uv_size": [0.25, 0.75]},
								"down": {"uv": [43, 36.75], "uv_size": [0.25, -0.75]}
							}
						},
						{
							"origin": [-0.3125, 2.09375, -1.06694],
							"size": [0.625, 0.59375, 0.25888],
							"pivot": [0, 2.5, -0.9375],
							"rotation": [0, -45, 0],
							"uv": {
								"north": {"uv": [0, 40], "uv_size": [0.75, 0.5]},
								"east": {"uv": [34, 49], "uv_size": [0.25, 0.5]},
								"south": {"uv": [40, 0], "uv_size": [0.75, 0.5]},
								"west": {"uv": [49, 34], "uv_size": [0.25, 0.5]},
								"up": {"uv": [43, 38], "uv_size": [0.75, 0.25]},
								"down": {"uv": [43, 40.25], "uv_size": [0.75, -0.25]}
							}
						},
						{
							"origin": [-0.3125, 2.09375, -1.06694],
							"size": [0.625, 0.59375, 0.25888],
							"uv": {
								"north": {"uv": [2, 40], "uv_size": [0.75, 0.5]},
								"east": {"uv": [49, 36], "uv_size": [0.25, 0.5]},
								"south": {"uv": [4, 40], "uv_size": [0.75, 0.5]},
								"west": {"uv": [49, 38], "uv_size": [0.25, 0.5]},
								"up": {"uv": [0, 44], "uv_size": [0.75, 0.25]},
								"down": {"uv": [44, 0.25], "uv_size": [0.75, -0.25]}
							}
						}
					]
				},
				{
					"name": "rail3",
					"parent": "scope_body",
					"pivot": [0.6875, 1.98688, -1.75],
					"rotation": [0, 0, 45],
					"cubes": [
						{
							"origin": [0.3125, 1.80469, -3.125],
							"size": [0.625, 0.21875, 0.40625],
							"uv": {
								"north": {"uv": [2, 44], "uv_size": [0.75, 0.25]},
								"east": {"uv": [49, 40], "uv_size": [0.5, 0.25]},
								"south": {"uv": [44, 2], "uv_size": [0.75, 0.25]},
								"west": {"uv": [0, 50], "uv_size": [0.5, 0.25]},
								"up": {"uv": [6, 40], "uv_size": [0.75, 0.5]},
								"down": {"uv": [8, 40.5], "uv_size": [0.75, -0.5]}
							}
						},
						{
							"origin": [0.3125, 1.80469, -2.71875],
							"size": [0.625, 0.0625, 1.25],
							"uv": {
								"north": {"uv": [4, 44], "uv_size": [0.75, 0.25]},
								"east": {"uv": [41, 2], "uv_size": [1.25, 0.25]},
								"south": {"uv": [44, 4], "uv_size": [0.75, 0.25]},
								"west": {"uv": [41, 4], "uv_size": [1.25, 0.25]},
								"up": {"uv": [8, 25], "uv_size": [0.75, 1.25]},
								"down": {"uv": [10, 26.25], "uv_size": [0.75, -1.25]}
							}
						},
						{
							"origin": [0.3125, 1.80469, -1.46875],
							"size": [0.625, 0.21875, 0.40625],
							"uv": {
								"north": {"uv": [6, 44], "uv_size": [0.75, 0.25]},
								"east": {"uv": [50, 0], "uv_size": [0.5, 0.25]},
								"south": {"uv": [44, 6], "uv_size": [0.75, 0.25]},
								"west": {"uv": [2, 50], "uv_size": [0.5, 0.25]},
								"up": {"uv": [40, 10], "uv_size": [0.75, 0.5]},
								"down": {"uv": [40, 12.5], "uv_size": [0.75, -0.5]}
							}
						},
						{
							"origin": [0.3125, 1.80469, -1.96875],
							"size": [0.625, 0.21875, 0.25],
							"uv": {
								"north": {"uv": [8, 44], "uv_size": [0.75, 0.25]},
								"east": {"uv": [56, 52], "uv_size": [0.25, 0.25]},
								"south": {"uv": [44, 8], "uv_size": [0.75, 0.25]},
								"west": {"uv": [54, 56], "uv_size": [0.25, 0.25]},
								"up": {"uv": [44, 10], "uv_size": [0.75, 0.25]},
								"down": {"uv": [44, 12.25], "uv_size": [0.75, -0.25]}
							}
						},
						{
							"origin": [0.3125, 1.80469, -2.46875],
							"size": [0.625, 0.21875, 0.25],
							"uv": {
								"north": {"uv": [18, 44], "uv_size": [0.75, 0.25]},
								"east": {"uv": [56, 54], "uv_size": [0.25, 0.25]},
								"south": {"uv": [20, 44], "uv_size": [0.75, 0.25]},
								"west": {"uv": [56, 56], "uv_size": [0.25, 0.25]},
								"up": {"uv": [36, 44], "uv_size": [0.75, 0.25]},
								"down": {"uv": [38, 44.25], "uv_size": [0.75, -0.25]}
							}
						},
						{
							"origin": [0.22788, 1.89464, -3.125],
							"size": [0, 0.1875, 2.0625],
							"pivot": [0.31628, 1.98839, -1],
							"rotation": [0, 0, -45],
							"uv": {
								"north": {"uv": [8, 4], "uv_size": [0, 0.25]},
								"east": {"uv": [38, 17], "uv_size": [2, 0.25]},
								"south": {"uv": [15, 18], "uv_size": [0, 0.25]},
								"west": {"uv": [38, 19], "uv_size": [2, 0.25]},
								"up": {"uv": [56, 62], "uv_size": [0, 2]},
								"down": {"uv": [62, 58], "uv_size": [0, -2]}
							}
						},
						{
							"origin": [0.84532, 1.89464, -1.96875],
							"size": [0.1768, 0.1875, 0.25],
							"pivot": [0.93372, 1.98839, -2.34375],
							"rotation": [0, 0, 45],
							"uv": {
								"north": {"uv": [10, 57], "uv_size": [0.25, 0.25]},
								"east": {"uv": [12, 57], "uv_size": [0.25, 0.25]},
								"south": {"uv": [14, 57], "uv_size": [0.25, 0.25]},
								"west": {"uv": [57, 14], "uv_size": [0.25, 0.25]},
								"up": {"uv": [16, 57], "uv_size": [0.25, 0.25]},
								"down": {"uv": [57, 16.25], "uv_size": [0.25, -0.25]}
							}
						},
						{
							"origin": [0.84532, 1.89464, -2.46875],
							"size": [0.1768, 0.1875, 0.25],
							"pivot": [0.93372, 1.98839, -2.84375],
							"rotation": [0, 0, 45],
							"uv": {
								"north": {"uv": [57, 18], "uv_size": [0.25, 0.25]},
								"east": {"uv": [57, 20], "uv_size": [0.25, 0.25]},
								"south": {"uv": [22, 57], "uv_size": [0.25, 0.25]},
								"west": {"uv": [57, 22], "uv_size": [0.25, 0.25]},
								"up": {"uv": [24, 57], "uv_size": [0.25, 0.25]},
								"down": {"uv": [57, 24.25], "uv_size": [0.25, -0.25]}
							}
						},
						{
							"origin": [0.22788, 1.89464, -2.46875],
							"size": [0.1768, 0.1875, 0.25],
							"pivot": [0.31628, 1.98839, -2.84375],
							"rotation": [0, 0, -45],
							"uv": {
								"north": {"uv": [26, 57], "uv_size": [0.25, 0.25]},
								"east": {"uv": [57, 26], "uv_size": [0.25, 0.25]},
								"south": {"uv": [28, 57], "uv_size": [0.25, 0.25]},
								"west": {"uv": [57, 28], "uv_size": [0.25, 0.25]},
								"up": {"uv": [30, 57], "uv_size": [0.25, 0.25]},
								"down": {"uv": [57, 30.25], "uv_size": [0.25, -0.25]}
							}
						},
						{
							"origin": [0.22788, 1.89464, -1.96875],
							"size": [0.1768, 0.1875, 0.25],
							"pivot": [0.31628, 1.98839, -2.34375],
							"rotation": [0, 0, -45],
							"uv": {
								"north": {"uv": [32, 57], "uv_size": [0.25, 0.25]},
								"east": {"uv": [57, 32], "uv_size": [0.25, 0.25]},
								"south": {"uv": [34, 57], "uv_size": [0.25, 0.25]},
								"west": {"uv": [57, 34], "uv_size": [0.25, 0.25]},
								"up": {"uv": [57, 36], "uv_size": [0.25, 0.25]},
								"down": {"uv": [57, 38.25], "uv_size": [0.25, -0.25]}
							}
						},
						{
							"origin": [0.84532, 1.89464, -1.46875],
							"size": [0.1768, 0.1875, 0.40625],
							"pivot": [0.93372, 1.98839, -1.6875],
							"rotation": [0, 0, 45],
							"uv": {
								"north": {"uv": [57, 40], "uv_size": [0.25, 0.25]},
								"east": {"uv": [50, 2], "uv_size": [0.5, 0.25]},
								"south": {"uv": [0, 58], "uv_size": [0.25, 0.25]},
								"west": {"uv": [4, 50], "uv_size": [0.5, 0.25]},
								"up": {"uv": [50, 4], "uv_size": [0.25, 0.5]},
								"down": {"uv": [6, 50.5], "uv_size": [0.25, -0.5]}
							}
						},
						{
							"origin": [0.22788, 1.89464, -1.46875],
							"size": [0.1768, 0.1875, 0.40625],
							"pivot": [0.31628, 1.98839, -1.6875],
							"rotation": [0, 0, -45],
							"uv": {
								"north": {"uv": [58, 0], "uv_size": [0.25, 0.25]},
								"east": {"uv": [50, 6], "uv_size": [0.5, 0.25]},
								"south": {"uv": [2, 58], "uv_size": [0.25, 0.25]},
								"west": {"uv": [8, 50], "uv_size": [0.5, 0.25]},
								"up": {"uv": [50, 8], "uv_size": [0.25, 0.5]},
								"down": {"uv": [50, 10.5], "uv_size": [0.25, -0.5]}
							}
						},
						{
							"origin": [0.1875, 1.99219, -3.125],
							"size": [0.875, 0, 2.0625],
							"uv": {
								"north": {"uv": [0, 19], "uv_size": [1, 0]},
								"east": {"uv": [30, 18], "uv_size": [2, 0]},
								"south": {"uv": [10, 20], "uv_size": [1, 0]},
								"west": {"uv": [33, 20], "uv_size": [2, 0]},
								"up": {"uv": [2, 17], "uv_size": [1, 2]},
								"down": {"uv": [4, 19], "uv_size": [1, -2]}
							}
						},
						{
							"origin": [0.84532, 1.89464, -3.125],
							"size": [0.1768, 0.1875, 0.40625],
							"pivot": [0.93372, 1.98839, -2.71875],
							"rotation": [0, 0, 45],
							"uv": {
								"north": {"uv": [58, 2], "uv_size": [0.25, 0.25]},
								"east": {"uv": [50, 12], "uv_size": [0.5, 0.25]},
								"south": {"uv": [4, 58], "uv_size": [0.25, 0.25]},
								"west": {"uv": [18, 50], "uv_size": [0.5, 0.25]},
								"up": {"uv": [20, 50], "uv_size": [0.25, 0.5]},
								"down": {"uv": [36, 50.5], "uv_size": [0.25, -0.5]}
							}
						},
						{
							"origin": [0.22788, 1.89464, -3.125],
							"size": [0.1768, 0.1875, 0.40625],
							"pivot": [0.31628, 1.98839, -2.71875],
							"rotation": [0, 0, -45],
							"uv": {
								"north": {"uv": [58, 4], "uv_size": [0.25, 0.25]},
								"east": {"uv": [38, 50], "uv_size": [0.5, 0.25]},
								"south": {"uv": [6, 58], "uv_size": [0.25, 0.25]},
								"west": {"uv": [40, 50], "uv_size": [0.5, 0.25]},
								"up": {"uv": [42, 50], "uv_size": [0.25, 0.5]},
								"down": {"uv": [50, 42.5], "uv_size": [0.25, -0.5]}
							}
						},
						{
							"origin": [0.3125, 1.99219, -3.125],
							"size": [0.09375, 0.125, 0.40625],
							"uv": {
								"north": {"uv": [58, 6], "uv_size": [0.25, 0.25]},
								"east": {"uv": [44, 50], "uv_size": [0.5, 0.25]},
								"south": {"uv": [8, 58], "uv_size": [0.25, 0.25]},
								"west": {"uv": [50, 44], "uv_size": [0.5, 0.25]},
								"up": {"uv": [46, 50], "uv_size": [0.25, 0.5]},
								"down": {"uv": [50, 46.5], "uv_size": [0.25, -0.5]}
							}
						},
						{
							"origin": [0.84375, 1.99219, -1.46875],
							"size": [0.09375, 0.125, 0.40625],
							"uv": {
								"north": {"uv": [58, 8], "uv_size": [0.25, 0.25]},
								"east": {"uv": [48, 50], "uv_size": [0.5, 0.25]},
								"south": {"uv": [58, 10], "uv_size": [0.25, 0.25]},
								"west": {"uv": [50, 48], "uv_size": [0.5, 0.25]},
								"up": {"uv": [50, 50], "uv_size": [0.25, 0.5]},
								"down": {"uv": [10, 51.5], "uv_size": [0.25, -0.5]}
							}
						},
						{
							"origin": [0.3125, 1.99219, -1.46875],
							"size": [0.09375, 0.125, 0.40625],
							"uv": {
								"north": {"uv": [58, 12], "uv_size": [0.25, 0.25]},
								"east": {"uv": [12, 51], "uv_size": [0.5, 0.25]},
								"south": {"uv": [18, 58], "uv_size": [0.25, 0.25]},
								"west": {"uv": [14, 51], "uv_size": [0.5, 0.25]},
								"up": {"uv": [51, 14], "uv_size": [0.25, 0.5]},
								"down": {"uv": [16, 51.5], "uv_size": [0.25, -0.5]}
							}
						},
						{
							"origin": [0.84375, 1.99219, -1.96875],
							"size": [0.09375, 0.125, 0.25],
							"uv": {
								"north": {"uv": [20, 58], "uv_size": [0.25, 0.25]},
								"east": {"uv": [36, 58], "uv_size": [0.25, 0.25]},
								"south": {"uv": [38, 58], "uv_size": [0.25, 0.25]},
								"west": {"uv": [40, 58], "uv_size": [0.25, 0.25]},
								"up": {"uv": [42, 58], "uv_size": [0.25, 0.25]},
								"down": {"uv": [58, 42.25], "uv_size": [0.25, -0.25]}
							}
						},
						{
							"origin": [0.3125, 1.99219, -1.96875],
							"size": [0.09375, 0.125, 0.25],
							"uv": {
								"north": {"uv": [44, 58], "uv_size": [0.25, 0.25]},
								"east": {"uv": [58, 44], "uv_size": [0.25, 0.25]},
								"south": {"uv": [46, 58], "uv_size": [0.25, 0.25]},
								"west": {"uv": [58, 46], "uv_size": [0.25, 0.25]},
								"up": {"uv": [48, 58], "uv_size": [0.25, 0.25]},
								"down": {"uv": [58, 48.25], "uv_size": [0.25, -0.25]}
							}
						},
						{
							"origin": [0.84375, 1.99219, -2.46875],
							"size": [0.09375, 0.125, 0.25],
							"uv": {
								"north": {"uv": [50, 58], "uv_size": [0.25, 0.25]},
								"east": {"uv": [58, 50], "uv_size": [0.25, 0.25]},
								"south": {"uv": [52, 58], "uv_size": [0.25, 0.25]},
								"west": {"uv": [58, 52], "uv_size": [0.25, 0.25]},
								"up": {"uv": [54, 58], "uv_size": [0.25, 0.25]},
								"down": {"uv": [58, 54.25], "uv_size": [0.25, -0.25]}
							}
						},
						{
							"origin": [0.3125, 1.99219, -2.46875],
							"size": [0.09375, 0.125, 0.25],
							"uv": {
								"north": {"uv": [56, 58], "uv_size": [0.25, 0.25]},
								"east": {"uv": [58, 56], "uv_size": [0.25, 0.25]},
								"south": {"uv": [58, 58], "uv_size": [0.25, 0.25]},
								"west": {"uv": [10, 59], "uv_size": [0.25, 0.25]},
								"up": {"uv": [12, 59], "uv_size": [0.25, 0.25]},
								"down": {"uv": [14, 59.25], "uv_size": [0.25, -0.25]}
							}
						},
						{
							"origin": [0.84375, 1.99219, -3.125],
							"size": [0.09375, 0.125, 0.40625],
							"uv": {
								"north": {"uv": [59, 14], "uv_size": [0.25, 0.25]},
								"east": {"uv": [51, 16], "uv_size": [0.5, 0.25]},
								"south": {"uv": [16, 59], "uv_size": [0.25, 0.25]},
								"west": {"uv": [51, 18], "uv_size": [0.5, 0.25]},
								"up": {"uv": [51, 20], "uv_size": [0.25, 0.5]},
								"down": {"uv": [22, 51.5], "uv_size": [0.25, -0.5]}
							}
						},
						{
							"origin": [1.02212, 1.89464, -3.125],
							"size": [0, 0.1875, 2.0625],
							"pivot": [0.93372, 1.98839, -1],
							"rotation": [0, 0, 45],
							"uv": {
								"north": {"uv": [20, 26], "uv_size": [0, 0.25]},
								"east": {"uv": [38, 21], "uv_size": [2, 0.25]},
								"south": {"uv": [13, 28], "uv_size": [0, 0.25]},
								"west": {"uv": [38, 26], "uv_size": [2, 0.25]},
								"up": {"uv": [57, 62], "uv_size": [0, 2]},
								"down": {"uv": [58, 64], "uv_size": [0, -2]}
							}
						}
					]
				},
				{
					"name": "rail2",
					"parent": "scope_body",
					"pivot": [-0.6875, 1.98688, -1.75],
					"rotation": [0, 0, -45],
					"cubes": [
						{
							"origin": [-0.9375, 1.80469, -3.125],
							"size": [0.625, 0.21875, 0.40625],
							"uv": {
								"north": {"uv": [40, 44], "uv_size": [0.75, 0.25]},
								"east": {"uv": [51, 22], "uv_size": [0.5, 0.25]},
								"south": {"uv": [42, 44], "uv_size": [0.75, 0.25]},
								"west": {"uv": [24, 51], "uv_size": [0.5, 0.25]},
								"up": {"uv": [18, 40], "uv_size": [0.75, 0.5]},
								"down": {"uv": [20, 40.5], "uv_size": [0.75, -0.5]}
							}
						},
						{
							"origin": [-0.9375, 1.80469, -2.71875],
							"size": [0.625, 0.0625, 1.25],
							"uv": {
								"north": {"uv": [44, 42], "uv_size": [0.75, 0.25]},
								"east": {"uv": [41, 6], "uv_size": [1.25, 0.25]},
								"south": {"uv": [44, 44], "uv_size": [0.75, 0.25]},
								"west": {"uv": [41, 8], "uv_size": [1.25, 0.25]},
								"up": {"uv": [12, 25], "uv_size": [0.75, 1.25]},
								"down": {"uv": [25, 13.25], "uv_size": [0.75, -1.25]}
							}
						},
						{
							"origin": [-0.9375, 1.80469, -1.46875],
							"size": [0.625, 0.21875, 0.40625],
							"uv": {
								"north": {"uv": [10, 45], "uv_size": [0.75, 0.25]},
								"east": {"uv": [51, 24], "uv_size": [0.5, 0.25]},
								"south": {"uv": [12, 45], "uv_size": [0.75, 0.25]},
								"west": {"uv": [26, 51], "uv_size": [0.5, 0.25]},
								"up": {"uv": [36, 40], "uv_size": [0.75, 0.5]},
								"down": {"uv": [38, 40.5], "uv_size": [0.75, -0.5]}
							}
						},
						{
							"origin": [-0.9375, 1.80469, -1.96875],
							"size": [0.625, 0.21875, 0.25],
							"uv": {
								"north": {"uv": [14, 45], "uv_size": [0.75, 0.25]},
								"east": {"uv": [59, 16], "uv_size": [0.25, 0.25]},
								"south": {"uv": [45, 14], "uv_size": [0.75, 0.25]},
								"west": {"uv": [59, 18], "uv_size": [0.25, 0.25]},
								"up": {"uv": [16, 45], "uv_size": [0.75, 0.25]},
								"down": {"uv": [45, 16.25], "uv_size": [0.75, -0.25]}
							}
						},
						{
							"origin": [-0.9375, 1.80469, -2.46875],
							"size": [0.625, 0.21875, 0.25],
							"uv": {
								"north": {"uv": [45, 18], "uv_size": [0.75, 0.25]},
								"east": {"uv": [59, 20], "uv_size": [0.25, 0.25]},
								"south": {"uv": [45, 20], "uv_size": [0.75, 0.25]},
								"west": {"uv": [22, 59], "uv_size": [0.25, 0.25]},
								"up": {"uv": [22, 45], "uv_size": [0.75, 0.25]},
								"down": {"uv": [45, 22.25], "uv_size": [0.75, -0.25]}
							}
						},
						{
							"origin": [-0.22788, 1.89464, -3.125],
							"size": [0, 0.1875, 2.0625],
							"pivot": [-0.31628, 1.98839, -1],
							"rotation": [0, 0, 45],
							"uv": {
								"north": {"uv": [22, 30], "uv_size": [0, 0.25]},
								"east": {"uv": [38, 28], "uv_size": [2, 0.25]},
								"south": {"uv": [26, 32], "uv_size": [0, 0.25]},
								"west": {"uv": [38, 30], "uv_size": [2, 0.25]},
								"up": {"uv": [59, 62], "uv_size": [0, 2]},
								"down": {"uv": [62, 61], "uv_size": [0, -2]}
							}
						},
						{
							"origin": [-1.02212, 1.89464, -1.96875],
							"size": [0.1768, 0.1875, 0.25],
							"pivot": [-0.93372, 1.98839, -2.34375],
							"rotation": [0, 0, -45],
							"uv": {
								"north": {"uv": [59, 22], "uv_size": [0.25, 0.25]},
								"east": {"uv": [24, 59], "uv_size": [0.25, 0.25]},
								"south": {"uv": [59, 24], "uv_size": [0.25, 0.25]},
								"west": {"uv": [26, 59], "uv_size": [0.25, 0.25]},
								"up": {"uv": [59, 26], "uv_size": [0.25, 0.25]},
								"down": {"uv": [28, 59.25], "uv_size": [0.25, -0.25]}
							}
						},
						{
							"origin": [-1.02212, 1.89464, -2.46875],
							"size": [0.1768, 0.1875, 0.25],
							"pivot": [-0.93372, 1.98839, -2.84375],
							"rotation": [0, 0, -45],
							"uv": {
								"north": {"uv": [59, 28], "uv_size": [0.25, 0.25]},
								"east": {"uv": [30, 59], "uv_size": [0.25, 0.25]},
								"south": {"uv": [59, 30], "uv_size": [0.25, 0.25]},
								"west": {"uv": [32, 59], "uv_size": [0.25, 0.25]},
								"up": {"uv": [59, 32], "uv_size": [0.25, 0.25]},
								"down": {"uv": [34, 59.25], "uv_size": [0.25, -0.25]}
							}
						},
						{
							"origin": [-0.40468, 1.89464, -2.46875],
							"size": [0.1768, 0.1875, 0.25],
							"pivot": [-0.31628, 1.98839, -2.84375],
							"rotation": [0, 0, 45],
							"uv": {
								"north": {"uv": [59, 34], "uv_size": [0.25, 0.25]},
								"east": {"uv": [59, 36], "uv_size": [0.25, 0.25]},
								"south": {"uv": [59, 38], "uv_size": [0.25, 0.25]},
								"west": {"uv": [59, 40], "uv_size": [0.25, 0.25]},
								"up": {"uv": [0, 60], "uv_size": [0.25, 0.25]},
								"down": {"uv": [60, 0.25], "uv_size": [0.25, -0.25]}
							}
						},
						{
							"origin": [-0.40468, 1.89464, -1.96875],
							"size": [0.1768, 0.1875, 0.25],
							"pivot": [-0.31628, 1.98839, -2.34375],
							"rotation": [0, 0, 45],
							"uv": {
								"north": {"uv": [2, 60], "uv_size": [0.25, 0.25]},
								"east": {"uv": [60, 2], "uv_size": [0.25, 0.25]},
								"south": {"uv": [4, 60], "uv_size": [0.25, 0.25]},
								"west": {"uv": [60, 4], "uv_size": [0.25, 0.25]},
								"up": {"uv": [6, 60], "uv_size": [0.25, 0.25]},
								"down": {"uv": [60, 6.25], "uv_size": [0.25, -0.25]}
							}
						},
						{
							"origin": [-1.02212, 1.89464, -1.46875],
							"size": [0.1768, 0.1875, 0.40625],
							"pivot": [-0.93372, 1.98839, -1.6875],
							"rotation": [0, 0, -45],
							"uv": {
								"north": {"uv": [8, 60], "uv_size": [0.25, 0.25]},
								"east": {"uv": [51, 26], "uv_size": [0.5, 0.25]},
								"south": {"uv": [60, 8], "uv_size": [0.25, 0.25]},
								"west": {"uv": [28, 51], "uv_size": [0.5, 0.25]},
								"up": {"uv": [51, 28], "uv_size": [0.25, 0.5]},
								"down": {"uv": [30, 51.5], "uv_size": [0.25, -0.5]}
							}
						},
						{
							"origin": [-0.40468, 1.89464, -1.46875],
							"size": [0.1768, 0.1875, 0.40625],
							"pivot": [-0.31628, 1.98839, -1.6875],
							"rotation": [0, 0, 45],
							"uv": {
								"north": {"uv": [60, 10], "uv_size": [0.25, 0.25]},
								"east": {"uv": [51, 30], "uv_size": [0.5, 0.25]},
								"south": {"uv": [60, 12], "uv_size": [0.25, 0.25]},
								"west": {"uv": [32, 51], "uv_size": [0.5, 0.25]},
								"up": {"uv": [51, 32], "uv_size": [0.25, 0.5]},
								"down": {"uv": [34, 51.5], "uv_size": [0.25, -0.5]}
							}
						},
						{
							"origin": [-1.0625, 1.99219, -3.125],
							"size": [0.875, 0, 2.0625],
							"uv": {
								"north": {"uv": [21, 19], "uv_size": [1, 0]},
								"east": {"uv": [60, 62], "uv_size": [2, 0]},
								"south": {"uv": [22, 10], "uv_size": [1, 0]},
								"west": {"uv": [10, 63], "uv_size": [2, 0]},
								"up": {"uv": [6, 17], "uv_size": [1, 2]},
								"down": {"uv": [8, 20], "uv_size": [1, -2]}
							}
						},
						{
							"origin": [-1.02212, 1.89464, -3.125],
							"size": [0.1768, 0.1875, 0.40625],
							"pivot": [-0.93372, 1.98839, -2.71875],
							"rotation": [0, 0, -45],
							"uv": {
								"north": {"uv": [18, 60], "uv_size": [0.25, 0.25]},
								"east": {"uv": [51, 34], "uv_size": [0.5, 0.25]},
								"south": {"uv": [20, 60], "uv_size": [0.25, 0.25]},
								"west": {"uv": [51, 36], "uv_size": [0.5, 0.25]},
								"up": {"uv": [51, 38], "uv_size": [0.25, 0.5]},
								"down": {"uv": [51, 40.5], "uv_size": [0.25, -0.5]}
							}
						},
						{
							"origin": [-0.40468, 1.89464, -3.125],
							"size": [0.1768, 0.1875, 0.40625],
							"pivot": [-0.31628, 1.98839, -2.71875],
							"rotation": [0, 0, 45],
							"uv": {
								"north": {"uv": [36, 60], "uv_size": [0.25, 0.25]},
								"east": {"uv": [0, 52], "uv_size": [0.5, 0.25]},
								"south": {"uv": [38, 60], "uv_size": [0.25, 0.25]},
								"west": {"uv": [52, 0], "uv_size": [0.5, 0.25]},
								"up": {"uv": [2, 52], "uv_size": [0.25, 0.5]},
								"down": {"uv": [52, 2.5], "uv_size": [0.25, -0.5]}
							}
						},
						{
							"origin": [-0.40625, 1.99219, -3.125],
							"size": [0.09375, 0.125, 0.40625],
							"uv": {
								"north": {"uv": [40, 60], "uv_size": [0.25, 0.25]},
								"east": {"uv": [4, 52], "uv_size": [0.5, 0.25]},
								"south": {"uv": [42, 60], "uv_size": [0.25, 0.25]},
								"west": {"uv": [52, 4], "uv_size": [0.5, 0.25]},
								"up": {"uv": [6, 52], "uv_size": [0.25, 0.5]},
								"down": {"uv": [52, 6.5], "uv_size": [0.25, -0.5]}
							}
						},
						{
							"origin": [-0.9375, 1.99219, -1.46875],
							"size": [0.09375, 0.125, 0.40625],
							"uv": {
								"north": {"uv": [60, 42], "uv_size": [0.25, 0.25]},
								"east": {"uv": [8, 52], "uv_size": [0.5, 0.25]},
								"south": {"uv": [44, 60], "uv_size": [0.25, 0.25]},
								"west": {"uv": [52, 8], "uv_size": [0.5, 0.25]},
								"up": {"uv": [52, 10], "uv_size": [0.25, 0.5]},
								"down": {"uv": [52, 12.5], "uv_size": [0.25, -0.5]}
							}
						},
						{
							"origin": [-0.40625, 1.99219, -1.46875],
							"size": [0.09375, 0.125, 0.40625],
							"uv": {
								"north": {"uv": [60, 44], "uv_size": [0.25, 0.25]},
								"east": {"uv": [18, 52], "uv_size": [0.5, 0.25]},
								"south": {"uv": [46, 60], "uv_size": [0.25, 0.25]},
								"west": {"uv": [20, 52], "uv_size": [0.5, 0.25]},
								"up": {"uv": [36, 52], "uv_size": [0.25, 0.5]},
								"down": {"uv": [38, 52.5], "uv_size": [0.25, -0.5]}
							}
						},
						{
							"origin": [-0.9375, 1.99219, -1.96875],
							"size": [0.09375, 0.125, 0.25],
							"uv": {
								"north": {"uv": [60, 46], "uv_size": [0.25, 0.25]},
								"east": {"uv": [48, 60], "uv_size": [0.25, 0.25]},
								"south": {"uv": [60, 48], "uv_size": [0.25, 0.25]},
								"west": {"uv": [50, 60], "uv_size": [0.25, 0.25]},
								"up": {"uv": [60, 50], "uv_size": [0.25, 0.25]},
								"down": {"uv": [52, 60.25], "uv_size": [0.25, -0.25]}
							}
						},
						{
							"origin": [-0.40625, 1.99219, -1.96875],
							"size": [0.09375, 0.125, 0.25],
							"uv": {
								"north": {"uv": [60, 52], "uv_size": [0.25, 0.25]},
								"east": {"uv": [54, 60], "uv_size": [0.25, 0.25]},
								"south": {"uv": [60, 54], "uv_size": [0.25, 0.25]},
								"west": {"uv": [56, 60], "uv_size": [0.25, 0.25]},
								"up": {"uv": [60, 56], "uv_size": [0.25, 0.25]},
								"down": {"uv": [58, 60.25], "uv_size": [0.25, -0.25]}
							}
						},
						{
							"origin": [-0.9375, 1.99219, -2.46875],
							"size": [0.09375, 0.125, 0.25],
							"uv": {
								"north": {"uv": [60, 58], "uv_size": [0.25, 0.25]},
								"east": {"uv": [60, 60], "uv_size": [0.25, 0.25]},
								"south": {"uv": [10, 61], "uv_size": [0.25, 0.25]},
								"west": {"uv": [12, 61], "uv_size": [0.25, 0.25]},
								"up": {"uv": [14, 61], "uv_size": [0.25, 0.25]},
								"down": {"uv": [61, 14.25], "uv_size": [0.25, -0.25]}
							}
						},
						{
							"origin": [-0.40625, 1.99219, -2.46875],
							"size": [0.09375, 0.125, 0.25],
							"uv": {
								"north": {"uv": [16, 61], "uv_size": [0.25, 0.25]},
								"east": {"uv": [61, 16], "uv_size": [0.25, 0.25]},
								"south": {"uv": [61, 18], "uv_size": [0.25, 0.25]},
								"west": {"uv": [61, 20], "uv_size": [0.25, 0.25]},
								"up": {"uv": [22, 61], "uv_size": [0.25, 0.25]},
								"down": {"uv": [61, 22.25], "uv_size": [0.25, -0.25]}
							}
						},
						{
							"origin": [-0.9375, 1.99219, -3.125],
							"size": [0.09375, 0.125, 0.40625],
							"uv": {
								"north": {"uv": [24, 61], "uv_size": [0.25, 0.25]},
								"east": {"uv": [40, 52], "uv_size": [0.5, 0.25]},
								"south": {"uv": [61, 24], "uv_size": [0.25, 0.25]},
								"west": {"uv": [42, 52], "uv_size": [0.5, 0.25]},
								"up": {"uv": [52, 42], "uv_size": [0.25, 0.5]},
								"down": {"uv": [44, 52.5], "uv_size": [0.25, -0.5]}
							}
						},
						{
							"origin": [-1.02212, 1.89464, -3.125],
							"size": [0, 0.1875, 2.0625],
							"pivot": [-0.93372, 1.98839, -1],
							"rotation": [0, 0, -45],
							"uv": {
								"north": {"uv": [15, 34], "uv_size": [0, 0.25]},
								"east": {"uv": [38, 32], "uv_size": [2, 0.25]},
								"south": {"uv": [30, 37], "uv_size": [0, 0.25]},
								"west": {"uv": [37, 38], "uv_size": [2, 0.25]},
								"up": {"uv": [13, 63], "uv_size": [0, 2]},
								"down": {"uv": [14, 65], "uv_size": [0, -2]}
							}
						}
					]
				},
				{
					"name": "octagon9",
					"parent": "scope_body",
					"pivot": [-0.1875, 1.40625, -0.625],
					"cubes": [
						{
							"origin": [0.71875, 1.31564, -0.84375],
							"size": [0.15625, 0.18122, 0.4375],
							"pivot": [-0.1875, 1.40625, -0.625],
							"rotation": [-45, 0, 0],
							"uv": {
								"north": {"uv": [32, 61], "uv_size": [0.25, 0.25]},
								"east": {"uv": [52, 44], "uv_size": [0.5, 0.25]},
								"south": {"uv": [61, 32], "uv_size": [0.25, 0.25]},
								"west": {"uv": [46, 52], "uv_size": [0.5, 0.25]},
								"up": {"uv": [52, 46], "uv_size": [0.25, 0.5]},
								"down": {"uv": [48, 52.5], "uv_size": [0.25, -0.5]}
							}
						},
						{
							"origin": [0.71875, 1.31564, -0.84375],
							"size": [0.15625, 0.18122, 0.4375],
							"uv": {
								"north": {"uv": [34, 61], "uv_size": [0.25, 0.25]},
								"east": {"uv": [52, 48], "uv_size": [0.5, 0.25]},
								"south": {"uv": [61, 34], "uv_size": [0.25, 0.25]},
								"west": {"uv": [50, 52], "uv_size": [0.5, 0.25]},
								"up": {"uv": [52, 50], "uv_size": [0.25, 0.5]},
								"down": {"uv": [52, 52.5], "uv_size": [0.25, -0.5]}
							}
						},
						{
							"origin": [0.71875, 1.1875, -0.71561],
							"size": [0.15625, 0.4375, 0.18122],
							"pivot": [-0.1875, 1.40625, -0.625],
							"rotation": [-45, 0, 0],
							"uv": {
								"north": {"uv": [10, 53], "uv_size": [0.25, 0.5]},
								"east": {"uv": [12, 53], "uv_size": [0.25, 0.5]},
								"south": {"uv": [14, 53], "uv_size": [0.25, 0.5]},
								"west": {"uv": [53, 14], "uv_size": [0.25, 0.5]},
								"up": {"uv": [61, 36], "uv_size": [0.25, 0.25]},
								"down": {"uv": [61, 38.25], "uv_size": [0.25, -0.25]}
							}
						},
						{
							"origin": [0.71875, 1.1875, -0.71561],
							"size": [0.15625, 0.4375, 0.18122],
							"uv": {
								"north": {"uv": [16, 53], "uv_size": [0.25, 0.5]},
								"east": {"uv": [53, 16], "uv_size": [0.25, 0.5]},
								"south": {"uv": [53, 18], "uv_size": [0.25, 0.5]},
								"west": {"uv": [53, 20], "uv_size": [0.25, 0.5]},
								"up": {"uv": [61, 40], "uv_size": [0.25, 0.25]},
								"down": {"uv": [0, 62.25], "uv_size": [0.25, -0.25]}
							}
						}
					]
				},
				{
					"name": "octagon",
					"parent": "scope_body",
					"pivot": [0.73438, 0.03125, -0.0625],
					"cubes": [
						{
							"origin": [0.65625, -0.05936, -0.375],
							"size": [0.15625, 0.18122, 0.4375],
							"pivot": [1.03125, 0.03125, -0.15625],
							"rotation": [-45, 0, 0],
							"uv": {
								"north": {"uv": [62, 0], "uv_size": [0.25, 0.25]},
								"east": {"uv": [22, 53], "uv_size": [0.5, 0.25]},
								"south": {"uv": [2, 62], "uv_size": [0.25, 0.25]},
								"west": {"uv": [53, 22], "uv_size": [0.5, 0.25]},
								"up": {"uv": [24, 53], "uv_size": [0.25, 0.5]},
								"down": {"uv": [53, 24.5], "uv_size": [0.25, -0.5]}
							}
						},
						{
							"origin": [0.65625, -0.05936, -0.375],
							"size": [0.15625, 0.18122, 0.4375],
							"uv": {
								"north": {"uv": [62, 2], "uv_size": [0.25, 0.25]},
								"east": {"uv": [26, 53], "uv_size": [0.5, 0.25]},
								"south": {"uv": [4, 62], "uv_size": [0.25, 0.25]},
								"west": {"uv": [53, 26], "uv_size": [0.5, 0.25]},
								"up": {"uv": [28, 53], "uv_size": [0.25, 0.5]},
								"down": {"uv": [53, 28.5], "uv_size": [0.25, -0.5]}
							}
						},
						{
							"origin": [0.65625, -0.1875, -0.24686],
							"size": [0.15625, 0.4375, 0.18122],
							"pivot": [1.03125, 0.03125, -0.15625],
							"rotation": [-45, 0, 0],
							"uv": {
								"north": {"uv": [30, 53], "uv_size": [0.25, 0.5]},
								"east": {"uv": [53, 30], "uv_size": [0.25, 0.5]},
								"south": {"uv": [32, 53], "uv_size": [0.25, 0.5]},
								"west": {"uv": [53, 32], "uv_size": [0.25, 0.5]},
								"up": {"uv": [62, 4], "uv_size": [0.25, 0.25]},
								"down": {"uv": [6, 62.25], "uv_size": [0.25, -0.25]}
							}
						},
						{
							"origin": [0.65625, -0.1875, -0.24686],
							"size": [0.15625, 0.4375, 0.18122],
							"uv": {
								"north": {"uv": [34, 53], "uv_size": [0.25, 0.5]},
								"east": {"uv": [53, 34], "uv_size": [0.25, 0.5]},
								"south": {"uv": [53, 36], "uv_size": [0.25, 0.5]},
								"west": {"uv": [53, 38], "uv_size": [0.25, 0.5]},
								"up": {"uv": [62, 6], "uv_size": [0.25, 0.25]},
								"down": {"uv": [8, 62.25], "uv_size": [0.25, -0.25]}
							}
						}
					]
				},
				{
					"name": "octagon2",
					"parent": "scope_body",
					"pivot": [0.73438, 0.03125, -0.0625],
					"cubes": [
						{
							"origin": [0.65625, -0.05936, -2.4375],
							"size": [0.15625, 0.18122, 0.4375],
							"pivot": [1.03125, 0.03125, -2.21875],
							"rotation": [-45, 0, 0],
							"uv": {
								"north": {"uv": [38, 62], "uv_size": [0.25, 0.25]},
								"east": {"uv": [53, 40], "uv_size": [0.5, 0.25]},
								"south": {"uv": [40, 62], "uv_size": [0.25, 0.25]},
								"west": {"uv": [0, 54], "uv_size": [0.5, 0.25]},
								"up": {"uv": [54, 0], "uv_size": [0.25, 0.5]},
								"down": {"uv": [2, 54.5], "uv_size": [0.25, -0.5]}
							}
						},
						{
							"origin": [0.65625, -0.05936, -2.4375],
							"size": [0.15625, 0.18122, 0.4375],
							"uv": {
								"north": {"uv": [42, 62], "uv_size": [0.25, 0.25]},
								"east": {"uv": [54, 2], "uv_size": [0.5, 0.25]},
								"south": {"uv": [62, 42], "uv_size": [0.25, 0.25]},
								"west": {"uv": [4, 54], "uv_size": [0.5, 0.25]},
								"up": {"uv": [54, 4], "uv_size": [0.25, 0.5]},
								"down": {"uv": [6, 54.5], "uv_size": [0.25, -0.5]}
							}
						},
						{
							"origin": [0.65625, -0.1875, -2.30936],
							"size": [0.15625, 0.4375, 0.18122],
							"pivot": [1.03125, 0.03125, -2.21875],
							"rotation": [-45, 0, 0],
							"uv": {
								"north": {"uv": [54, 6], "uv_size": [0.25, 0.5]},
								"east": {"uv": [8, 54], "uv_size": [0.25, 0.5]},
								"south": {"uv": [54, 8], "uv_size": [0.25, 0.5]},
								"west": {"uv": [54, 10], "uv_size": [0.25, 0.5]},
								"up": {"uv": [44, 62], "uv_size": [0.25, 0.25]},
								"down": {"uv": [62, 44.25], "uv_size": [0.25, -0.25]}
							}
						},
						{
							"origin": [0.65625, -0.1875, -2.30936],
							"size": [0.15625, 0.4375, 0.18122],
							"uv": {
								"north": {"uv": [54, 12], "uv_size": [0.25, 0.5]},
								"east": {"uv": [18, 54], "uv_size": [0.25, 0.5]},
								"south": {"uv": [20, 54], "uv_size": [0.25, 0.5]},
								"west": {"uv": [36, 54], "uv_size": [0.25, 0.5]},
								"up": {"uv": [46, 62], "uv_size": [0.25, 0.25]},
								"down": {"uv": [62, 46.25], "uv_size": [0.25, -0.25]}
							}
						}
					]
				},
				{
					"name": "ocular2",
					"parent": "scope_body",
					"pivot": [0, 1.375, -3.15625],
					"cubes": [
						{
							"origin": [-0.375, 0.78125, -3.15625],
							"size": [0.75, 1.1875, 0],
							"pivot": [0, 1.375, -3.15625],
							"rotation": [0, 0, -45],
							"uv": {
								"north": {"uv": [36, 21], "uv_size": [0.5, 1.25]},
								"east": {"uv": [63, 23], "uv_size": [0, 1.25]},
								"west": {"uv": [25, 63], "uv_size": [0, 1.25]},
								"up": {"uv": [26, 63], "uv_size": [0.5, 0]},
								"down": {"uv": [63, 26], "uv_size": [0.5, 0]}
							}
						},
						{
							"origin": [0.375, 0.96875, -3.15625],
							"size": [0.1875, 0.8125, 0],
							"pivot": [0, 1.375, -3.15625],
							"rotation": [0, 0, -45],
							"uv": {
								"north": {"uv": [37, 21], "uv_size": [0.5, 1.25]},
								"east": {"uv": [63, 23], "uv_size": [0, 1.25]},
								"west": {"uv": [25, 63], "uv_size": [0, 1.25]},
								"up": {"uv": [26, 63], "uv_size": [0.5, 0]},
								"down": {"uv": [63, 26], "uv_size": [0.5, 0]}
							}
						},
						{
							"origin": [-0.5625, 0.96875, -3.15625],
							"size": [0.1875, 0.8125, 0],
							"pivot": [0, 1.375, -3.15625],
							"rotation": [0, 0, -45],
							"uv": {
								"north": {"uv": [35, 21], "uv_size": [0.5, 1.25]},
								"east": {"uv": [63, 23], "uv_size": [0, 1.25]},
								"west": {"uv": [25, 63], "uv_size": [0, 1.25]},
								"up": {"uv": [26, 63], "uv_size": [0.5, 0]},
								"down": {"uv": [63, 26], "uv_size": [0.5, 0]}
							}
						}
					]
				},
				{
					"name": "ocular_ring",
					"pivot": [0, 0, 0]
				},
				{
					"name": "octagon4",
					"parent": "ocular_ring",
					"pivot": [0, 1.375, 1.6875],
					"cubes": [
						{
							"origin": [-0.29772, 1.96875, 1.34375],
							"size": [0.59543, 0.125, 0.6875],
							"pivot": [0, 1.375, 1.6875],
							"rotation": [0, 0, 45],
							"uv": {
								"north": {"uv": [46, 0], "uv_size": [0.5, 0.25]},
								"east": {"uv": [20, 42], "uv_size": [0.75, 0.25]},
								"south": {"uv": [2, 46], "uv_size": [0.5, 0.25]},
								"west": {"uv": [36, 42], "uv_size": [0.75, 0.25]},
								"up": {"uv": [18, 38], "uv_size": [0.5, 0.75]},
								"down": {"uv": [39, 2.75], "uv_size": [0.5, -0.75]}
							}
						},
						{
							"origin": [-0.71875, 1.07728, 1.34375],
							"size": [0.125, 0.59543, 0.6875],
							"pivot": [0, 1.375, 1.6875],
							"rotation": [0, 0, -45],
							"uv": {
								"north": {"uv": [46, 2], "uv_size": [0.25, 0.5]},
								"east": {"uv": [39, 4], "uv_size": [0.75, 0.5]},
								"south": {"uv": [4, 46], "uv_size": [0.25, 0.5]},
								"west": {"uv": [39, 6], "uv_size": [0.75, 0.5]},
								"up": {"uv": [38, 42], "uv_size": [0.25, 0.75]},
								"down": {"uv": [40, 42.75], "uv_size": [0.25, -0.75]}
							}
						},
						{
							"origin": [-0.71875, 1.07728, 1.34375],
							"size": [0.125, 0.59543, 0.6875],
							"uv": {
								"north": {"uv": [46, 4], "uv_size": [0.25, 0.5]},
								"east": {"uv": [39, 8], "uv_size": [0.75, 0.5]},
								"south": {"uv": [6, 46], "uv_size": [0.25, 0.5]},
								"west": {"uv": [10, 39], "uv_size": [0.75, 0.5]},
								"up": {"uv": [42, 42], "uv_size": [0.25, 0.75]},
								"down": {"uv": [10, 43.75], "uv_size": [0.25, -0.75]}
							}
						},
						{
							"origin": [-0.29772, 1.96875, 1.34375],
							"size": [0.59543, 0.125, 0.6875],
							"pivot": [0, 1.375, 1.6875],
							"rotation": [0, 0, -45],
							"uv": {
								"north": {"uv": [46, 6], "uv_size": [0.5, 0.25]},
								"east": {"uv": [12, 43], "uv_size": [0.75, 0.25]},
								"south": {"uv": [8, 46], "uv_size": [0.5, 0.25]},
								"west": {"uv": [14, 43], "uv_size": [0.75, 0.25]},
								"up": {"uv": [12, 39], "uv_size": [0.5, 0.75]},
								"down": {"uv": [14, 39.75], "uv_size": [0.5, -0.75]}
							}
						},
						{
							"origin": [-0.29772, 1.96875, 1.34375],
							"size": [0.59543, 0.125, 0.6875],
							"uv": {
								"north": {"uv": [46, 8], "uv_size": [0.5, 0.25]},
								"east": {"uv": [43, 14], "uv_size": [0.75, 0.25]},
								"south": {"uv": [46, 10], "uv_size": [0.5, 0.25]},
								"west": {"uv": [16, 43], "uv_size": [0.75, 0.25]},
								"up": {"uv": [39, 14], "uv_size": [0.5, 0.75]},
								"down": {"uv": [16, 39.75], "uv_size": [0.5, -0.75]}
							}
						},
						{
							"origin": [-0.29772, 0.65625, 1.34375],
							"size": [0.59543, 0.125, 0.6875],
							"uv": {
								"north": {"uv": [46, 12], "uv_size": [0.5, 0.25]},
								"east": {"uv": [43, 16], "uv_size": [0.75, 0.25]},
								"south": {"uv": [18, 46], "uv_size": [0.5, 0.25]},
								"west": {"uv": [43, 18], "uv_size": [0.75, 0.25]},
								"up": {"uv": [22, 39], "uv_size": [0.5, 0.75]},
								"down": {"uv": [39, 23.75], "uv_size": [0.5, -0.75]}
							}
						},
						{
							"origin": [0.59375, 1.07728, 1.34375],
							"size": [0.125, 0.59543, 0.6875],
							"pivot": [0, 1.375, 1.6875],
							"rotation": [0, 0, 45],
							"uv": {
								"north": {"uv": [20, 46], "uv_size": [0.25, 0.5]},
								"east": {"uv": [24, 39], "uv_size": [0.75, 0.5]},
								"south": {"uv": [36, 46], "uv_size": [0.25, 0.5]},
								"west": {"uv": [26, 39], "uv_size": [0.75, 0.5]},
								"up": {"uv": [43, 20], "uv_size": [0.25, 0.75]},
								"down": {"uv": [22, 43.75], "uv_size": [0.25, -0.75]}
							}
						},
						{
							"origin": [0.59375, 1.07728, 1.34375],
							"size": [0.125, 0.59543, 0.6875],
							"uv": {
								"north": {"uv": [38, 46], "uv_size": [0.25, 0.5]},
								"east": {"uv": [28, 39], "uv_size": [0.75, 0.5]},
								"south": {"uv": [40, 46], "uv_size": [0.25, 0.5]},
								"west": {"uv": [30, 39], "uv_size": [0.75, 0.5]},
								"up": {"uv": [43, 22], "uv_size": [0.25, 0.75]},
								"down": {"uv": [24, 43.75], "uv_size": [0.25, -0.75]}
							}
						}
					]
				},
				{
					"name": "ocular",
					"pivot": [0, 1.375, 1.71875],
					"cubes": [
						{
							"origin": [-0.25, 0.78125, 1.71875],
							"size": [0.5, 1.1875, 0],
							"uv": {
								"north": {"uv": [24, 36], "uv_size": [0.5, 1.25]},
								"east": {"uv": [63, 27], "uv_size": [0, 1.25]},
								"south": {"uv": [31, 36], "uv_size": [0.5, 1.25]},
								"west": {"uv": [28, 63], "uv_size": [0, 1.25]},
								"up": {"uv": [29, 63], "uv_size": [0.5, 0]},
								"down": {"uv": [63, 30], "uv_size": [0.5, 0]}
							}
						},
						{
							"origin": [-0.25, 0.78125, 1.71875],
							"size": [0.5, 1.1875, 0],
							"pivot": [0, 1.375, 1.71875],
							"rotation": [0, 0, 90],
							"uv": {
								"north": {"uv": [36, 31], "uv_size": [0.5, 1.25]},
								"east": {"uv": [31, 63], "uv_size": [0, 1.25]},
								"south": {"uv": [37, 4], "uv_size": [0.5, 1.25]},
								"west": {"uv": [63, 31], "uv_size": [0, 1.25]},
								"up": {"uv": [32, 63], "uv_size": [0.5, 0]},
								"down": {"uv": [34, 63], "uv_size": [0.5, 0]}
							}
						},
						{
							"origin": [-0.25, 0.78125, 1.71875],
							"size": [0.5, 1.1875, 0],
							"pivot": [0, 1.375, 1.71875],
							"rotation": [0, 0, 45],
							"uv": {
								"north": {"uv": [6, 37], "uv_size": [0.5, 1.25]},
								"east": {"uv": [63, 34], "uv_size": [0, 1.25]},
								"south": {"uv": [37, 7], "uv_size": [0.5, 1.25]},
								"west": {"uv": [63, 37], "uv_size": [0, 1.25]},
								"up": {"uv": [63, 40], "uv_size": [0.5, 0]},
								"down": {"uv": [63, 41], "uv_size": [0.5, 0]}
							}
						},
						{
							"origin": [-0.25, 0.78125, 1.71875],
							"size": [0.5, 1.1875, 0],
							"pivot": [0, 1.375, 1.71875],
							"rotation": [0, 0, -45],
							"uv": {
								"north": {"uv": [37, 14], "uv_size": [0.5, 1.25]},
								"east": {"uv": [63, 56], "uv_size": [0, 1.25]},
								"south": {"uv": [20, 37], "uv_size": [0.5, 1.25]},
								"west": {"uv": [63, 59], "uv_size": [0, 1.25]},
								"up": {"uv": [60, 63], "uv_size": [0.5, 0]},
								"down": {"uv": [62, 63], "uv_size": [0.5, 0]}
							}
						}
					]
				},
				{
					"name": "divisions",
					"pivot": [0, -0.21875, 0]
				},
				{
					"name": "division",
					"parent": "divisions",
					"pivot": [0, -0.40291, -57.76161]
				},
				{
					"name": "division_bg",
					"parent": "division",
					"pivot": [0, 1.375, -110],
					"cubes": [
						{
							"origin": [-5.37063, -25.625, -109.5],
							"size": [10.74126, 1, 0],
							"uv": {
								"south": {"uv": [1, 100], "uv_size": [1, 1]}
							}
						},
						{
							"origin": [-5.37063, 27.375, -109.5],
							"size": [10.74126, 1, 0],
							"uv": {
								"south": {"uv": [1, 100], "uv_size": [1, 1]}
							}
						},
						{
							"origin": [-5.37063, 27.375, -109.5],
							"size": [10.74126, 5, 0],
							"pivot": [0, 1.375, -110],
							"rotation": [0, 0, -22.5],
							"uv": {
								"south": {"uv": [1, 100], "uv_size": [1, 1]}
							}
						},
						{
							"origin": [-5.37063, 27.375, -109.5],
							"size": [10.74126, 6, 0],
							"pivot": [0, 1.375, -110],
							"rotation": [0, 0, -67.5],
							"uv": {
								"south": {"uv": [1, 100], "uv_size": [1, 1]}
							}
						},
						{
							"origin": [-7.37063, 27.375, -109.5],
							"size": [14.74126, 12, 0],
							"pivot": [0, 1.375, -110],
							"rotation": [0, 0, -45],
							"uv": {
								"south": {"uv": [1, 100], "uv_size": [1, 1]}
							}
						},
						{
							"origin": [-7.37063, 27.375, -109.5],
							"size": [14.74126, 12, 0],
							"pivot": [0, 1.375, -110],
							"rotation": [0, 0, 45],
							"uv": {
								"south": {"uv": [1, 100], "uv_size": [-1, 1]}
							}
						},
						{
							"origin": [-5.37063, 27.375, -109.5],
							"size": [10.74126, 5, 0],
							"pivot": [0, 1.375, -110],
							"rotation": [0, 0, 22.5],
							"uv": {
								"south": {"uv": [1, 100], "uv_size": [-1, 1]}
							}
						},
						{
							"origin": [-5.37063, 27.375, -109.5],
							"size": [10.74126, 6, 0],
							"pivot": [0, 1.375, -110],
							"rotation": [0, 0, 67.5],
							"uv": {
								"south": {"uv": [1, 100], "uv_size": [-1, 1]}
							}
						},
						{
							"origin": [-7.37063, 27.375, -109.5],
							"size": [14.74126, 12, 0],
							"pivot": [0, 1.375, -110],
							"rotation": [0, 0, 135],
							"uv": {
								"south": {"uv": [1, 100], "uv_size": [1, 1]}
							}
						},
						{
							"origin": [-5.37063, 27.375, -109.5],
							"size": [10.74126, 5, 0],
							"pivot": [0, 1.375, -110],
							"rotation": [0, 0, 157.5],
							"uv": {
								"south": {"uv": [1, 100], "uv_size": [1, 1]}
							}
						},
						{
							"origin": [-5.37063, 27.375, -109.5],
							"size": [10.74126, 6, 0],
							"pivot": [0, 1.375, -110],
							"rotation": [0, 0, 112.5],
							"uv": {
								"south": {"uv": [1, 100], "uv_size": [1, 1]}
							}
						},
						{
							"origin": [-5.37063, 27.375, -109.5],
							"size": [10.74126, 5, 0],
							"pivot": [0, 1.375, -110],
							"rotation": [0, 0, -157.5],
							"uv": {
								"south": {"uv": [1, 100], "uv_size": [-1, 1]}
							}
						},
						{
							"origin": [-7.37063, 27.375, -109.5],
							"size": [14.74126, 12, 0],
							"pivot": [0, 1.375, -110],
							"rotation": [0, 0, -135],
							"uv": {
								"south": {"uv": [1, 100], "uv_size": [-1, 1]}
							}
						},
						{
							"origin": [-5.37063, 27.375, -109.5],
							"size": [10.74126, 6, 0],
							"pivot": [0, 1.375, -110],
							"rotation": [0, 0, -112.5],
							"uv": {
								"south": {"uv": [1, 100], "uv_size": [-1, 1]}
							}
						},
						{
							"origin": [-5.37063, 27.375, -109.5],
							"size": [10.74126, 1, 0],
							"pivot": [0, 1.375, -110],
							"rotation": [0, 0, -112.5],
							"uv": {
								"south": {"uv": [1, 100], "uv_size": [1, 1]}
							}
						},
						{
							"origin": [-5.37063, -25.625, -109.5],
							"size": [10.74126, 1, 0],
							"pivot": [0, 1.375, -110],
							"rotation": [0, 0, -90],
							"uv": {
								"south": {"uv": [1, 100], "uv_size": [1, 1]}
							}
						},
						{
							"origin": [-5.37063, 27.375, -109.5],
							"size": [10.74126, 1, 0],
							"pivot": [0, 1.375, -110],
							"rotation": [0, 0, -90],
							"uv": {
								"south": {"uv": [1, 100], "uv_size": [1, 1]}
							}
						},
						{
							"origin": [-5.37063, 27.375, -109.5],
							"size": [10.74126, 1, 0],
							"pivot": [0, 1.375, -110],
							"rotation": [0, 0, -157.5],
							"uv": {
								"south": {"uv": [1, 100], "uv_size": [1, 1]}
							}
						},
						{
							"origin": [-5.37063, 27.375, -109.5],
							"size": [10.74126, 1, 0],
							"pivot": [0, 1.375, -110],
							"rotation": [0, 0, -135],
							"uv": {
								"south": {"uv": [1, 100], "uv_size": [1, 1]}
							}
						},
						{
							"origin": [-5.37063, -25.625, -109.5],
							"size": [10.74126, 1, 0],
							"pivot": [0, 1.375, -110],
							"rotation": [0, 0, -12.5],
							"uv": {
								"south": {"uv": [1, 100], "uv_size": [1, 1]}
							}
						},
						{
							"origin": [-5.37063, 27.375, -109.5],
							"size": [10.74126, 1, 0],
							"pivot": [0, 1.375, -110],
							"rotation": [0, 0, -12.5],
							"uv": {
								"south": {"uv": [1, 100], "uv_size": [1, 1]}
							}
						},
						{
							"origin": [-5.37063, -25.625, -109.5],
							"size": [10.74126, 1, 0],
							"pivot": [0, 1.375, -110],
							"rotation": [0, 0, -35],
							"uv": {
								"south": {"uv": [1, 100], "uv_size": [1, 1]}
							}
						},
						{
							"origin": [-5.37063, 27.375, -109.5],
							"size": [10.74126, 1, 0],
							"pivot": [0, 1.375, -110],
							"rotation": [0, 0, -35],
							"uv": {
								"south": {"uv": [1, 100], "uv_size": [1, 1]}
							}
						},
						{
							"origin": [-5.37063, -25.625, -109.5],
							"size": [10.74126, 1, 0],
							"pivot": [0, 1.375, -110],
							"rotation": [0, 0, -80],
							"uv": {
								"south": {"uv": [1, 100], "uv_size": [1, 1]}
							}
						},
						{
							"origin": [-5.37063, 27.375, -109.5],
							"size": [10.74126, 1, 0],
							"pivot": [0, 1.375, -110],
							"rotation": [0, 0, -80],
							"uv": {
								"south": {"uv": [1, 100], "uv_size": [1, 1]}
							}
						},
						{
							"origin": [-5.37063, -25.625, -109.5],
							"size": [10.74126, 1, 0],
							"pivot": [0, 1.375, -110],
							"rotation": [0, 0, -57.5],
							"uv": {
								"south": {"uv": [1, 100], "uv_size": [1, 1]}
							}
						},
						{
							"origin": [-5.37063, 27.375, -109.5],
							"size": [10.74126, 1, 0],
							"pivot": [0, 1.375, -110],
							"rotation": [0, 0, -57.5],
							"uv": {
								"south": {"uv": [1, 100], "uv_size": [1, 1]}
							}
						},
						{
							"origin": [-5.37063, -25.625, -109.5],
							"size": [10.74126, 1, 0],
							"pivot": [0, 1.375, -110],
							"rotation": [0, 0, -125],
							"uv": {
								"south": {"uv": [1, 100], "uv_size": [1, 1]}
							}
						},
						{
							"origin": [-5.37063, -25.625, -109.5],
							"size": [10.74126, 1, 0],
							"pivot": [0, 1.375, -110],
							"rotation": [0, 0, -102.5],
							"uv": {
								"south": {"uv": [1, 100], "uv_size": [1, 1]}
							}
						},
						{
							"origin": [-5.37063, 27.375, -109.5],
							"size": [10.74126, 1, 0],
							"pivot": [0, 1.375, -110],
							"rotation": [0, 0, -102.5],
							"uv": {
								"south": {"uv": [1, 100], "uv_size": [1, 1]}
							}
						},
						{
							"origin": [-5.37063, -25.625, -109.5],
							"size": [10.74126, 1, 0],
							"pivot": [0, 1.375, -110],
							"rotation": [0, 0, -170],
							"uv": {
								"south": {"uv": [1, 100], "uv_size": [1, 1]}
							}
						},
						{
							"origin": [-5.37063, 27.375, -109.5],
							"size": [10.74126, 1, 0],
							"pivot": [0, 1.375, -110],
							"rotation": [0, 0, -170],
							"uv": {
								"south": {"uv": [1, 100], "uv_size": [1, 1]}
							}
						},
						{
							"origin": [-5.37063, -25.625, -109.5],
							"size": [10.74126, 1, 0],
							"pivot": [0, 1.375, -110],
							"rotation": [0, 0, -147.5],
							"uv": {
								"south": {"uv": [1, 100], "uv_size": [1, 1]}
							}
						},
						{
							"origin": [27, -62.625, -109.5],
							"size": [64, 128, 0],
							"uv": {
								"south": {"uv": [1, 100], "uv_size": [1, 1]}
							}
						},
						{
							"origin": [-91, -62.625, -109.5],
							"size": [64, 128, 0],
							"uv": {
								"south": {"uv": [1, 100], "uv_size": [1, 1]}
							}
						},
						{
							"origin": [-27, 27.375, -109.5],
							"size": [54, 38, 0],
							"uv": {
								"south": {"uv": [1, 100], "uv_size": [1, 1]}
							}
						},
						{
							"origin": [-27, -62.625, -109.5],
							"size": [54, 38, 0],
							"uv": {
								"south": {"uv": [1, 100], "uv_size": [1, 1]}
							}
						}
					]
				},
				{
					"name": "scope_division_illuminated",
					"parent": "division",
					"pivot": [0, 1.4375, -80],
					"cubes": [
						{
							"origin": [-0.5, 0.875, -80.125],
							"size": [1, 1, 0],
							"inflate": 1,
							"uv": {
								"south": {"uv": [77.40625, 0], "uv_size": [34.75, 34.75]}
							}
						}
					]
				},
				{
					"name": "scope_view",
					"pivot": [0, 1.38125, 6.0125]
				}
			]
		}
	]
}