{
	"format_version": "1.12.0",
	"minecraft:geometry": [
		{
			"description": {
				"identifier": "geometry.DM",
				"texture_width": 256,
				"texture_height": 128,
				"visible_bounds_width": 6,
				"visible_bounds_height": 1.5,
				"visible_bounds_offset": [0, 0.25, 0]
			},
			"bones": [
				{
					"name": "scope_body",
					"pivot": [0, -0.15625, -1.65625],
					"cubes": [
						{
							"origin": [0.6875, 0, -0.0625],
							"size": [0.15625, 0.15625, 0.15625],
							"pivot": [0, 0.0625, 0],
							"rotation": [-45, 0, 0],
							"uv": {
								"north": {"uv": [38, 46], "uv_size": [0.5, 0.5]},
								"east": {"uv": [46, 38], "uv_size": [0.5, 0.5]},
								"south": {"uv": [40, 46], "uv_size": [0.5, 0.5]},
								"west": {"uv": [46, 40], "uv_size": [0.5, 0.5]},
								"up": {"uv": [42, 46], "uv_size": [0.5, 0.5]},
								"down": {"uv": [46, 42.5], "uv_size": [0.5, -0.5]}
							}
						},
						{
							"origin": [0.90625, 0.34375, -0.375],
							"size": [0.0625, 0.34375, 0.5625],
							"uv": {
								"north": {"uv": [28, 46], "uv_size": [0.5, 0.5]},
								"east": {"uv": [46, 28], "uv_size": [0.5, 0.5]},
								"south": {"uv": [30, 46], "uv_size": [0.5, 0.5]},
								"west": {"uv": [48, 34], "uv_size": [5, 1]},
								"up": {"uv": [36, 46], "uv_size": [0.5, 0.5]},
								"down": {"uv": [46, 36.5], "uv_size": [0.5, -0.5]}
							}
						},
						{
							"origin": [-0.5, 0.65625, -1.0625],
							"size": [1, 0.3125, 1],
							"uv": {
								"north": {"uv": [6, 34], "uv_size": [1, 0.5]},
								"east": {"uv": [34, 8], "uv_size": [1, 0.5]},
								"south": {"uv": [20, 34], "uv_size": [1, 0.5]},
								"west": {"uv": [34, 22], "uv_size": [1, 0.5]},
								"up": {"uv": [6, 22], "uv_size": [1, 1]},
								"down": {"uv": [8, 23], "uv_size": [1, -1]}
							}
						},
						{
							"origin": [-1, 0.25, -3.40625],
							"size": [2, 0.125, 0.125],
							"pivot": [0, 0.3125, -3.34375],
							"rotation": [45, 0, 0],
							"uv": {
								"north": {"uv": [22, 8], "uv_size": [2, 0.5]},
								"east": {"uv": [44, 46], "uv_size": [0.5, 0.5]},
								"south": {"uv": [10, 22], "uv_size": [2, 0.5]},
								"west": {"uv": [46, 44], "uv_size": [0.5, 0.5]},
								"up": {"uv": [22, 10], "uv_size": [2, 0.5]},
								"down": {"uv": [13, 22.5], "uv_size": [2, -0.5]}
							}
						},
						{
							"origin": [-1, 0.25, -1.96875],
							"size": [2, 0.125, 0.125],
							"pivot": [0, 0.3125, -1.90625],
							"rotation": [45, 0, 0],
							"uv": {
								"north": {"uv": [20, 22], "uv_size": [2, 0.5]},
								"east": {"uv": [46, 46], "uv_size": [0.5, 0.5]},
								"south": {"uv": [2, 23], "uv_size": [2, 0.5]},
								"west": {"uv": [0, 47], "uv_size": [0.5, 0.5]},
								"up": {"uv": [23, 12], "uv_size": [2, 0.5]},
								"down": {"uv": [23, 14.5], "uv_size": [2, -0.5]}
							}
						},
						{
							"origin": [0.53125, 1.002, -0.71875],
							"size": [0.3125, 0, 0.3125],
							"uv": {
								"north": {"uv": [0, 0], "uv_size": [0.3125, 0]},
								"east": {"uv": [0, 0], "uv_size": [0.3125, 0]},
								"south": {"uv": [0, 0], "uv_size": [0.3125, 0]},
								"west": {"uv": [0, 0], "uv_size": [0.3125, 0]},
								"up": {"uv": [8, 52], "uv_size": [-5, -5]},
								"down": {"uv": [7.5625, 48.625], "uv_size": [-0.3125, -0.3125]}
							}
						},
						{
							"origin": [0.53125, 1.002, -0.71875],
							"size": [0.3125, 0, 0.3125],
							"pivot": [0, 0.8125, -0.56245],
							"rotation": [0, 45, 0],
							"uv": {
								"north": {"uv": [0, 0], "uv_size": [0.3125, 0]},
								"east": {"uv": [0, 0], "uv_size": [0.3125, 0]},
								"south": {"uv": [0, 0], "uv_size": [0.3125, 0]},
								"west": {"uv": [0, 0], "uv_size": [0.3125, 0]},
								"up": {"uv": [14, 52], "uv_size": [-5, -5]},
								"down": {"uv": [7.5625, 48.625], "uv_size": [-0.3125, -0.3125]}
							}
						},
						{
							"origin": [0.53125, 1.002, -0.71875],
							"size": [0.3125, 0, 0.3125],
							"pivot": [0, 0.8125, -0.56245],
							"rotation": [0, -45, 0],
							"uv": {
								"north": {"uv": [0, 0], "uv_size": [0.3125, 0]},
								"east": {"uv": [0, 0], "uv_size": [0.3125, 0]},
								"south": {"uv": [0, 0], "uv_size": [0.3125, 0]},
								"west": {"uv": [0, 0], "uv_size": [0.3125, 0]},
								"up": {"uv": [20, 52], "uv_size": [-5, -5]},
								"down": {"uv": [7.5625, 48.625], "uv_size": [-0.3125, -0.3125]}
							}
						},
						{
							"origin": [0.53125, 1.002, -0.71875],
							"size": [0.3125, 0, 0.3125],
							"pivot": [0, 0.8125, -0.56245],
							"rotation": [0, -90, 0],
							"uv": {
								"north": {"uv": [0, 0], "uv_size": [0.3125, 0]},
								"east": {"uv": [0, 0], "uv_size": [0.3125, 0]},
								"south": {"uv": [0, 0], "uv_size": [0.3125, 0]},
								"west": {"uv": [0, 0], "uv_size": [0.3125, 0]},
								"up": {"uv": [26, 52], "uv_size": [-5, -5]},
								"down": {"uv": [7.5625, 48.625], "uv_size": [-0.3125, -0.3125]}
							}
						},
						{
							"origin": [0.53125, 1.002, -0.71875],
							"size": [0.3125, 0, 0.3125],
							"pivot": [0, 0.8125, -0.56245],
							"rotation": [0, -135, 0],
							"uv": {
								"north": {"uv": [0, 0], "uv_size": [0.3125, 0]},
								"east": {"uv": [0, 0], "uv_size": [0.3125, 0]},
								"south": {"uv": [0, 0], "uv_size": [0.3125, 0]},
								"west": {"uv": [0, 0], "uv_size": [0.3125, 0]},
								"up": {"uv": [32, 52], "uv_size": [-5, -5]},
								"down": {"uv": [7.5625, 48.625], "uv_size": [-0.3125, -0.3125]}
							}
						},
						{
							"origin": [0.53125, 1.002, -0.71875],
							"size": [0.3125, 0, 0.3125],
							"pivot": [0, 0.8125, -0.56245],
							"rotation": [0, 180, 0],
							"uv": {
								"north": {"uv": [0, 0], "uv_size": [0.3125, 0]},
								"east": {"uv": [0, 0], "uv_size": [0.3125, 0]},
								"south": {"uv": [0, 0], "uv_size": [0.3125, 0]},
								"west": {"uv": [0, 0], "uv_size": [0.3125, 0]},
								"up": {"uv": [38, 52], "uv_size": [-5, -5]},
								"down": {"uv": [7.5625, 48.625], "uv_size": [-0.3125, -0.3125]}
							}
						},
						{
							"origin": [1, 0.53125, -3.46875],
							"size": [0, 0.375, 0.59375],
							"uv": {
								"north": {"uv": [0, 0], "uv_size": [0, 0.375]},
								"east": {"uv": [14.75, 103.73438], "uv_size": [0.59375, 0.375]},
								"south": {"uv": [0, 0], "uv_size": [0, 0.375]},
								"west": {"uv": [55, 1], "uv_size": [5.5, 3.5]},
								"up": {"uv": [0, 0.59375], "uv_size": [0, -0.59375]},
								"down": {"uv": [0, 0.59375], "uv_size": [0, -0.59375]}
							}
						},
						{
							"origin": [1, 0.1875, -3.25],
							"size": [0, 0.375, 1.25],
							"uv": {
								"north": {"uv": [0, 0], "uv_size": [0, 0.375]},
								"east": {"uv": [14.75, 103.73438], "uv_size": [0.59375, 0.375]},
								"south": {"uv": [0, 0], "uv_size": [0, 0.375]},
								"west": {"uv": [55, 6], "uv_size": [5.5, 3.5]},
								"up": {"uv": [0, 0.59375], "uv_size": [0, -0.59375]},
								"down": {"uv": [0, 0.59375], "uv_size": [0, -0.59375]}
							}
						},
						{
							"origin": [0.91, 0.3125, -1.21875],
							"size": [0, 0.375, 0.25],
							"uv": {
								"north": {"uv": [0, 0], "uv_size": [0, 2]},
								"east": {"uv": [4.09375, 98.29688], "uv_size": [2, 2]},
								"south": {"uv": [0, 0], "uv_size": [0, 2]},
								"west": {"uv": [56, 11], "uv_size": [2.5, 3.75]},
								"up": {"uv": [0, 2], "uv_size": [0, -2]},
								"down": {"uv": [0, 2], "uv_size": [0, -2]}
							}
						},
						{
							"origin": [-0.1875, 0.97, 0.375],
							"size": [0.375, 0, 0.375],
							"uv": {
								"north": {"uv": [0, 0], "uv_size": [0.375, 0]},
								"east": {"uv": [0, 0], "uv_size": [0.375, 0]},
								"south": {"uv": [0, 0], "uv_size": [0.375, 0]},
								"west": {"uv": [0, 0], "uv_size": [0.375, 0]},
								"up": {"uv": [67, 17], "uv_size": [-5, -5]},
								"down": {"uv": [9.70313, 109.09375], "uv_size": [-0.375, -0.375]}
							}
						},
						{
							"origin": [-0.5, 0.28125, 1.1],
							"size": [1, 0.3125, 0],
							"uv": {
								"east": {"uv": [0, 0], "uv_size": [0, 0.3125]},
								"south": {"uv": [71, 15], "uv_size": [8, 2.5]},
								"west": {"uv": [0, 0], "uv_size": [0, 0.3125]},
								"up": {"uv": [1.125, 0], "uv_size": [-1.125, 0]},
								"down": {"uv": [1.125, 0], "uv_size": [-1.125, 0]}
							}
						}
					]
				},
				{
					"name": "bone",
					"parent": "scope_body",
					"pivot": [0, -0.15625, -1.65625],
					"cubes": [
						{
							"origin": [0.375, -0.0625, -3.375],
							"size": [0.3125, 0.25, 3.6875],
							"uv": {
								"north": {"uv": [26, 34], "uv_size": [0.5, 0.5]},
								"east": {"uv": [8, 6], "uv_size": [3.5, 0.5]},
								"south": {"uv": [34, 26], "uv_size": [0.5, 0.5]},
								"west": {"uv": [8, 8], "uv_size": [3.5, 0.5]},
								"up": {"uv": [2, 9], "uv_size": [0.5, 3.5]},
								"down": {"uv": [4, 12.5], "uv_size": [0.5, -3.5]}
							}
						},
						{
							"origin": [0.375, -0.15625, -3.375],
							"size": [0.21875, 0.09375, 3.6875],
							"uv": {
								"north": {"uv": [30, 34], "uv_size": [0.5, 0.5]},
								"east": {"uv": [6, 12], "uv_size": [3.5, 0.5]},
								"south": {"uv": [0, 35], "uv_size": [0.5, 0.5]},
								"west": {"uv": [13, 6], "uv_size": [3.5, 0.5]},
								"up": {"uv": [13, 8], "uv_size": [0.5, 3.5]},
								"down": {"uv": [13, 16.5], "uv_size": [0.5, -3.5]}
							}
						},
						{
							"origin": [0.54474, -0.13147, -3.375],
							"size": [0.1325, 0.09375, 3.6875],
							"pivot": [0.59911, -0.0846, -1.53125],
							"rotation": [0, 0, -45],
							"uv": {
								"north": {"uv": [2, 35], "uv_size": [0.5, 0.5]},
								"east": {"uv": [2, 14], "uv_size": [3.5, 0.5]},
								"south": {"uv": [4, 35], "uv_size": [0.5, 0.5]},
								"west": {"uv": [7, 15], "uv_size": [3.5, 0.5]},
								"up": {"uv": [15, 8], "uv_size": [0.5, 3.5]},
								"down": {"uv": [15, 16.5], "uv_size": [0.5, -3.5]}
							}
						},
						{
							"origin": [-0.59375, -0.15625, -3.375],
							"size": [0.21875, 0.09375, 3.6875],
							"uv": {
								"north": {"uv": [8, 35], "uv_size": [0.5, 0.5]},
								"east": {"uv": [16, 2], "uv_size": [3.5, 0.5]},
								"south": {"uv": [10, 35], "uv_size": [0.5, 0.5]},
								"west": {"uv": [16, 4], "uv_size": [3.5, 0.5]},
								"up": {"uv": [17, 8], "uv_size": [0.5, 3.5]},
								"down": {"uv": [9, 20.5], "uv_size": [0.5, -3.5]}
							}
						},
						{
							"origin": [-0.67724, -0.13147, -3.375],
							"size": [0.1325, 0.09375, 3.6875],
							"pivot": [-0.59911, -0.0846, -1.53125],
							"rotation": [0, 0, 45],
							"uv": {
								"north": {"uv": [35, 4], "uv_size": [0.5, 0.5]},
								"east": {"uv": [0, 16], "uv_size": [3.5, 0.5]},
								"south": {"uv": [35, 6], "uv_size": [0.5, 0.5]},
								"west": {"uv": [16, 0], "uv_size": [3.5, 0.5]},
								"up": {"uv": [5, 16], "uv_size": [0.5, 3.5]},
								"down": {"uv": [7, 20.5], "uv_size": [0.5, -3.5]}
							}
						},
						{
							"origin": [-0.375, 0.0625, -3.375],
							"size": [0.75, 0.125, 3.6875],
							"uv": {
								"north": {"uv": [28, 28], "uv_size": [1, 0.5]},
								"east": {"uv": [11, 2], "uv_size": [3.5, 0.5]},
								"south": {"uv": [0, 29], "uv_size": [1, 0.5]},
								"west": {"uv": [11, 4], "uv_size": [3.5, 0.5]},
								"up": {"uv": [0, 6], "uv_size": [1, 3.5]},
								"down": {"uv": [6, 3.5], "uv_size": [1, -3.5]}
							}
						},
						{
							"origin": [-0.96875, 0.21986, -3.45312],
							"size": [1.9375, 0.221, 0.15625],
							"pivot": [0, 0.29799, -3.375],
							"rotation": [45, 0, 0],
							"uv": {
								"north": {"uv": [14, 18], "uv_size": [2, 0.5]},
								"east": {"uv": [35, 10], "uv_size": [0.5, 0.5]},
								"south": {"uv": [19, 8], "uv_size": [2, 0.5]},
								"west": {"uv": [12, 35], "uv_size": [0.5, 0.5]},
								"up": {"uv": [19, 10], "uv_size": [2, 0.5]},
								"down": {"uv": [17, 19.5], "uv_size": [2, -0.5]}
							}
						},
						{
							"origin": [-0.96875, 0.1875, -3.375],
							"size": [1.9375, 0.15625, 1.59375],
							"uv": {
								"north": {"uv": [0, 20], "uv_size": [2, 0.5]},
								"east": {"uv": [16, 23], "uv_size": [1.5, 0.5]},
								"south": {"uv": [11, 20], "uv_size": [2, 0.5]},
								"west": {"uv": [23, 16], "uv_size": [1.5, 0.5]},
								"up": {"uv": [2, 6], "uv_size": [2, 1.5]},
								"down": {"uv": [5, 7.5], "uv_size": [2, -1.5]}
							}
						},
						{
							"origin": [-0.96875, 0.34375, -3.53125],
							"size": [1.9375, 0.25, 1.75],
							"uv": {
								"north": {"uv": [20, 12], "uv_size": [2, 0.5]},
								"east": {"uv": [14, 20], "uv_size": [2, 0.5]},
								"south": {"uv": [20, 14], "uv_size": [2, 0.5]},
								"west": {"uv": [20, 16], "uv_size": [2, 0.5]},
								"up": {"uv": [0, 0], "uv_size": [2, 2]},
								"down": {"uv": [0, 5], "uv_size": [2, -2]}
							}
						},
						{
							"origin": [-0.96875, 0.59375, -3.53125],
							"size": [0.09375, 0.25, 1.59375],
							"uv": {
								"north": {"uv": [35, 12], "uv_size": [0.5, 0.5]},
								"east": {"uv": [23, 18], "uv_size": [1.5, 0.5]},
								"south": {"uv": [14, 35], "uv_size": [0.5, 0.5]},
								"west": {"uv": [23, 20], "uv_size": [1.5, 0.5]},
								"up": {"uv": [23, 22], "uv_size": [0.5, 1.5]},
								"down": {"uv": [0, 25.5], "uv_size": [0.5, -1.5]}
							}
						},
						{
							"origin": [-0.875, 0.59375, -3.53125],
							"size": [0.125, 0.15625, 1.59375],
							"uv": {
								"north": {"uv": [38, 38], "uv_size": [0.5, 0.5]},
								"east": {"uv": [7, 24], "uv_size": [1.5, 0.5]},
								"south": {"uv": [0, 39], "uv_size": [0.5, 0.5]},
								"west": {"uv": [10, 24], "uv_size": [1.5, 0.5]},
								"up": {"uv": [13, 24], "uv_size": [0.5, 1.5]},
								"down": {"uv": [19, 25.5], "uv_size": [0.5, -1.5]}
							}
						},
						{
							"origin": [-0.75, 0.59375, -2.1875],
							"size": [1.5, 0.15625, 0.25],
							"uv": {
								"north": {"uv": [27, 0], "uv_size": [1.5, 0.5]},
								"east": {"uv": [14, 41], "uv_size": [0.5, 0.5]},
								"south": {"uv": [27, 2], "uv_size": [1.5, 0.5]},
								"west": {"uv": [41, 14], "uv_size": [0.5, 0.5]},
								"up": {"uv": [3, 27], "uv_size": [1.5, 0.5]},
								"down": {"uv": [27, 9.5], "uv_size": [1.5, -0.5]}
							}
						},
						{
							"origin": [-0.90625, 0.1875, -1.78125],
							"size": [1.8125, 0.5625, 2.125],
							"uv": {
								"north": {"uv": [3, 21], "uv_size": [2, 0.5]},
								"east": {"uv": [21, 4], "uv_size": [2, 0.5]},
								"south": {"uv": [21, 6], "uv_size": [2, 0.5]},
								"west": {"uv": [17, 21], "uv_size": [2, 0.5]},
								"up": {"uv": [3, 0], "uv_size": [2, 2]},
								"down": {"uv": [3, 5], "uv_size": [2, -2]}
							}
						},
						{
							"origin": [-0.625, 0.1875, 0.34375],
							"size": [1.25, 0.5625, 0.75],
							"uv": {
								"north": {"uv": [28, 13], "uv_size": [1.5, 0.5]},
								"east": {"uv": [4, 33], "uv_size": [1, 0.5]},
								"south": {"uv": [21, 28], "uv_size": [1.5, 0.5]},
								"west": {"uv": [33, 4], "uv_size": [1, 0.5]},
								"up": {"uv": [18, 6], "uv_size": [1.5, 1]},
								"down": {"uv": [11, 19], "uv_size": [1.5, -1]}
							}
						},
						{
							"origin": [-0.5, 0.75, 0.34375],
							"size": [1, 0.21875, 0.75],
							"uv": {
								"north": {"uv": [16, 33], "uv_size": [1, 0.5]},
								"east": {"uv": [33, 16], "uv_size": [1, 0.5]},
								"south": {"uv": [18, 33], "uv_size": [1, 0.5]},
								"west": {"uv": [33, 18], "uv_size": [1, 0.5]},
								"up": {"uv": [3, 18], "uv_size": [1, 1]},
								"down": {"uv": [0, 23], "uv_size": [1, -1]}
							}
						},
						{
							"origin": [-0.77288, 0.1875, 0.26878],
							"size": [0.28125, 0.5625, 0.8],
							"pivot": [-0.63226, 0.46875, 0.67503],
							"rotation": [0, 20.5, 0],
							"uv": {
								"north": {"uv": [30, 42], "uv_size": [0.5, 0.5]},
								"east": {"uv": [33, 6], "uv_size": [1, 0.5]},
								"south": {"uv": [42, 34], "uv_size": [0.5, 0.5]},
								"west": {"uv": [8, 33], "uv_size": [1, 0.5]},
								"up": {"uv": [10, 33], "uv_size": [0.5, 1]},
								"down": {"uv": [33, 11], "uv_size": [0.5, -1]}
							}
						},
						{
							"origin": [0.49163, 0.1875, 0.26878],
							"size": [0.28125, 0.5625, 0.8],
							"pivot": [0.63226, 0.46875, 0.67503],
							"rotation": [0, -20.5, 0],
							"uv": {
								"north": {"uv": [36, 42], "uv_size": [0.5, 0.5]},
								"east": {"uv": [12, 33], "uv_size": [1, 0.5]},
								"south": {"uv": [42, 36], "uv_size": [0.5, 0.5]},
								"west": {"uv": [33, 12], "uv_size": [1, 0.5]},
								"up": {"uv": [14, 33], "uv_size": [0.5, 1]},
								"down": {"uv": [33, 15], "uv_size": [0.5, -1]}
							}
						},
						{
							"origin": [0.36774, 0.75, 0.26983],
							"size": [0.28125, 0.21875, 0.8],
							"pivot": [0.50836, 0.79688, 0.66983],
							"rotation": [0, -20.5, 0],
							"uv": {
								"north": {"uv": [38, 42], "uv_size": [0.5, 0.5]},
								"east": {"uv": [33, 20], "uv_size": [1, 0.5]},
								"south": {"uv": [42, 38], "uv_size": [0.5, 0.5]},
								"west": {"uv": [22, 33], "uv_size": [1, 0.5]},
								"up": {"uv": [24, 33], "uv_size": [0.5, 1]},
								"down": {"uv": [33, 25], "uv_size": [0.5, -1]}
							}
						},
						{
							"origin": [-0.6468, 0.75, 0.26944],
							"size": [0.28125, 0.21875, 0.8],
							"pivot": [-0.50617, 0.46875, 0.67569],
							"rotation": [0, 20.5, 0],
							"uv": {
								"north": {"uv": [40, 42], "uv_size": [0.5, 0.5]},
								"east": {"uv": [33, 31], "uv_size": [1, 0.5]},
								"south": {"uv": [42, 40], "uv_size": [0.5, 0.5]},
								"west": {"uv": [33, 33], "uv_size": [1, 0.5]},
								"up": {"uv": [34, 0], "uv_size": [0.5, 1]},
								"down": {"uv": [34, 3], "uv_size": [0.5, -1]}
							}
						},
						{
							"origin": [-0.78125, 0.75, -1.78125],
							"size": [1.5625, 0.1875, 0.8125],
							"uv": {
								"north": {"uv": [12, 27], "uv_size": [1.5, 0.5]},
								"east": {"uv": [31, 16], "uv_size": [1, 0.5]},
								"south": {"uv": [15, 27], "uv_size": [1.5, 0.5]},
								"west": {"uv": [18, 31], "uv_size": [1, 0.5]},
								"up": {"uv": [17, 13], "uv_size": [1.5, 1]},
								"down": {"uv": [17, 16], "uv_size": [1.5, -1]}
							}
						},
						{
							"origin": [-0.25, 0.65625, -1.8125],
							"size": [0.5, 0.28125, 0.09375],
							"pivot": [0, 0.84375, -1.82812],
							"rotation": [-22.5, 0, 0],
							"uv": {
								"north": {"uv": [34, 43], "uv_size": [1.5, 1]},
								"east": {"uv": [44, 0], "uv_size": [0.5, 0.5]},
								"south": {"uv": [44, 2], "uv_size": [0.5, 0.5]},
								"west": {"uv": [6, 44], "uv_size": [0.5, 0.5]},
								"up": {"uv": [44, 8], "uv_size": [0.5, 0.5]},
								"down": {"uv": [20, 44.5], "uv_size": [0.5, -0.5]}
							}
						},
						{
							"origin": [-0.86945, 0.74499, -0.96875],
							"size": [1.738, 0.0625, 0.8125],
							"uv": {
								"north": {"uv": [28, 6], "uv_size": [1.5, 0.5]},
								"east": {"uv": [0, 33], "uv_size": [1, 0.5]},
								"south": {"uv": [28, 11], "uv_size": [1.5, 0.5]},
								"west": {"uv": [2, 33], "uv_size": [1, 0.5]},
								"up": {"uv": [17, 17], "uv_size": [1.5, 1]},
								"down": {"uv": [0, 19], "uv_size": [1.5, -1]}
							}
						},
						{
							"origin": [-0.84795, 0.69527, -1.78125],
							"size": [0.125, 0.225, 0.8125],
							"pivot": [-0.78545, 0.82027, -1.375],
							"rotation": [0, 0, 33.25],
							"uv": {
								"north": {"uv": [16, 41], "uv_size": [0.5, 0.5]},
								"east": {"uv": [31, 18], "uv_size": [1, 0.5]},
								"south": {"uv": [41, 16], "uv_size": [0.5, 0.5]},
								"west": {"uv": [31, 20], "uv_size": [1, 0.5]},
								"up": {"uv": [23, 31], "uv_size": [0.5, 1]},
								"down": {"uv": [25, 32], "uv_size": [0.5, -1]}
							}
						},
						{
							"origin": [0.72295, 0.69527, -1.78125],
							"size": [0.125, 0.225, 0.8125],
							"pivot": [0.78545, 0.82027, -1.375],
							"rotation": [0, 0, -33.25],
							"uv": {
								"north": {"uv": [18, 41], "uv_size": [0.5, 0.5]},
								"east": {"uv": [31, 25], "uv_size": [1, 0.5]},
								"south": {"uv": [41, 18], "uv_size": [0.5, 0.5]},
								"west": {"uv": [32, 0], "uv_size": [1, 0.5]},
								"up": {"uv": [32, 2], "uv_size": [0.5, 1]},
								"down": {"uv": [6, 33], "uv_size": [0.5, -1]}
							}
						},
						{
							"origin": [0.72295, 0.69527, -0.96875],
							"size": [0.125, 0.06875, 0.8125],
							"pivot": [0.78545, 0.82027, -0.5625],
							"rotation": [0, 0, -33.25],
							"uv": {
								"north": {"uv": [26, 42], "uv_size": [0.5, 0.5]},
								"east": {"uv": [32, 8], "uv_size": [1, 0.5]},
								"south": {"uv": [42, 26], "uv_size": [0.5, 0.5]},
								"west": {"uv": [20, 32], "uv_size": [1, 0.5]},
								"up": {"uv": [32, 22], "uv_size": [0.5, 1]},
								"down": {"uv": [27, 33], "uv_size": [0.5, -1]}
							}
						},
						{
							"origin": [-0.84795, 0.69527, -0.96875],
							"size": [0.125, 0.06875, 0.8125],
							"pivot": [-0.78545, 0.82027, -0.5625],
							"rotation": [0, 0, 33.25],
							"uv": {
								"north": {"uv": [28, 42], "uv_size": [0.5, 0.5]},
								"east": {"uv": [32, 27], "uv_size": [1, 0.5]},
								"south": {"uv": [42, 28], "uv_size": [0.5, 0.5]},
								"west": {"uv": [29, 32], "uv_size": [1, 0.5]},
								"up": {"uv": [32, 29], "uv_size": [0.5, 1]},
								"down": {"uv": [31, 33], "uv_size": [0.5, -1]}
							}
						},
						{
							"origin": [-0.84795, 0.69527, -0.15625],
							"size": [0.125, 0.225, 0.5],
							"pivot": [-0.78545, 0.82027, -0.0625],
							"rotation": [0, 0, 33.25],
							"uv": {
								"north": {"uv": [42, 0], "uv_size": [0.5, 0.5]},
								"east": {"uv": [42, 2], "uv_size": [0.5, 0.5]},
								"south": {"uv": [6, 42], "uv_size": [0.5, 0.5]},
								"west": {"uv": [42, 8], "uv_size": [0.5, 0.5]},
								"up": {"uv": [20, 42], "uv_size": [0.5, 0.5]},
								"down": {"uv": [42, 22.5], "uv_size": [0.5, -0.5]}
							}
						},
						{
							"origin": [-0.78125, 0.75, -0.15625],
							"size": [1.5625, 0.1875, 0.5],
							"uv": {
								"north": {"uv": [18, 27], "uv_size": [1.5, 0.5]},
								"east": {"uv": [41, 32], "uv_size": [0.5, 0.5]},
								"south": {"uv": [27, 24], "uv_size": [1.5, 0.5]},
								"west": {"uv": [34, 41], "uv_size": [0.5, 0.5]},
								"up": {"uv": [25, 27], "uv_size": [1.5, 0.5]},
								"down": {"uv": [6, 28.5], "uv_size": [1.5, -0.5]}
							}
						},
						{
							"origin": [0.72295, 0.69527, -0.15625],
							"size": [0.125, 0.225, 0.5],
							"pivot": [0.78545, 0.82027, -0.0625],
							"rotation": [0, 0, -33.25],
							"uv": {
								"north": {"uv": [41, 20], "uv_size": [0.5, 0.5]},
								"east": {"uv": [22, 41], "uv_size": [0.5, 0.5]},
								"south": {"uv": [24, 41], "uv_size": [0.5, 0.5]},
								"west": {"uv": [41, 24], "uv_size": [0.5, 0.5]},
								"up": {"uv": [41, 30], "uv_size": [0.5, 0.5]},
								"down": {"uv": [32, 41.5], "uv_size": [0.5, -0.5]}
							}
						},
						{
							"origin": [-0.5, 0.46764, -2.26562],
							"size": [1, 0.25, 0.15625],
							"pivot": [0, 0.63951, -2.1875],
							"rotation": [-45, 0, 0],
							"uv": {
								"north": {"uv": [31, 12], "uv_size": [1, 0.5]},
								"east": {"uv": [40, 26], "uv_size": [0.5, 0.5]},
								"south": {"uv": [14, 31], "uv_size": [1, 0.5]},
								"west": {"uv": [28, 40], "uv_size": [0.5, 0.5]},
								"up": {"uv": [31, 14], "uv_size": [1, 0.5]},
								"down": {"uv": [16, 31.5], "uv_size": [1, -0.5]}
							}
						},
						{
							"origin": [-1.05073, 0.59375, -2.49291],
							"size": [0.8125, 0.15625, 0.21875],
							"pivot": [-0.64448, 0.64465, -2.35552],
							"rotation": [0, -57.5, 0],
							"uv": {
								"north": {"uv": [6, 30], "uv_size": [1, 0.5]},
								"east": {"uv": [39, 14], "uv_size": [0.5, 0.5]},
								"south": {"uv": [30, 8], "uv_size": [1, 0.5]},
								"west": {"uv": [16, 39], "uv_size": [0.5, 0.5]},
								"up": {"uv": [21, 30], "uv_size": [1, 0.5]},
								"down": {"uv": [30, 23.5], "uv_size": [1, -0.5]}
							}
						},
						{
							"origin": [-1.05073, 0.37199, -2.52716],
							"size": [0.8125, 0.25, 0.15625],
							"pivot": [-0.64448, 0.64465, -2.35552],
							"rotation": [-45, -57.5, 0],
							"uv": {
								"north": {"uv": [28, 30], "uv_size": [1, 0.5]},
								"east": {"uv": [39, 24], "uv_size": [0.5, 0.5]},
								"south": {"uv": [30, 28], "uv_size": [1, 0.5]},
								"west": {"uv": [39, 30], "uv_size": [0.5, 0.5]},
								"up": {"uv": [30, 30], "uv_size": [1, 0.5]},
								"down": {"uv": [0, 31.5], "uv_size": [1, -0.5]}
							}
						},
						{
							"origin": [0.45698, 0.59375, -2.27416],
							"size": [0.375, 0.15625, 0.15625],
							"pivot": [0.64448, 0.64465, -2.35552],
							"rotation": [0, 57.5, 0],
							"uv": {
								"north": {"uv": [40, 2], "uv_size": [0.5, 0.5]},
								"east": {"uv": [6, 40], "uv_size": [0.5, 0.5]},
								"south": {"uv": [40, 8], "uv_size": [0.5, 0.5]},
								"west": {"uv": [20, 40], "uv_size": [0.5, 0.5]},
								"up": {"uv": [40, 22], "uv_size": [0.5, 0.5]},
								"down": {"uv": [26, 40.5], "uv_size": [0.5, -0.5]}
							}
						},
						{
							"origin": [0.23823, 0.59375, -2.49291],
							"size": [0.8125, 0.15625, 0.21875],
							"pivot": [0.64448, 0.64465, -2.35552],
							"rotation": [0, 57.5, 0],
							"uv": {
								"north": {"uv": [8, 31], "uv_size": [1, 0.5]},
								"east": {"uv": [34, 39], "uv_size": [0.5, 0.5]},
								"south": {"uv": [10, 31], "uv_size": [1, 0.5]},
								"west": {"uv": [40, 0], "uv_size": [0.5, 0.5]},
								"up": {"uv": [31, 10], "uv_size": [1, 0.5]},
								"down": {"uv": [12, 31.5], "uv_size": [1, -0.5]}
							}
						},
						{
							"origin": [0.23823, 0.37199, -2.52716],
							"size": [0.8125, 0.25, 0.15625],
							"pivot": [0.64448, 0.64465, -2.35552],
							"rotation": [-45, 57.5, 0],
							"uv": {
								"north": {"uv": [2, 31], "uv_size": [1, 0.5]},
								"east": {"uv": [32, 39], "uv_size": [0.5, 0.5]},
								"south": {"uv": [4, 31], "uv_size": [1, 0.5]},
								"west": {"uv": [39, 32], "uv_size": [0.5, 0.5]},
								"up": {"uv": [31, 4], "uv_size": [1, 0.5]},
								"down": {"uv": [31, 6.5], "uv_size": [1, -0.5]}
							}
						},
						{
							"origin": [-0.83198, 0.59375, -2.27416],
							"size": [0.375, 0.15625, 0.15625],
							"pivot": [-0.64448, 0.64465, -2.35552],
							"rotation": [0, -57.5, 0],
							"uv": {
								"north": {"uv": [39, 16], "uv_size": [0.5, 0.5]},
								"east": {"uv": [18, 39], "uv_size": [0.5, 0.5]},
								"south": {"uv": [39, 18], "uv_size": [0.5, 0.5]},
								"west": {"uv": [39, 20], "uv_size": [0.5, 0.5]},
								"up": {"uv": [22, 39], "uv_size": [0.5, 0.5]},
								"down": {"uv": [24, 39.5], "uv_size": [0.5, -0.5]}
							}
						},
						{
							"origin": [-0.82813, 0.46764, -3.53125],
							"size": [0.15625, 0.25, 1.59375],
							"pivot": [-0.75, 0.63951, -2.73437],
							"rotation": [0, 0, -45],
							"uv": {
								"north": {"uv": [8, 39], "uv_size": [0.5, 0.5]},
								"east": {"uv": [15, 25], "uv_size": [1.5, 0.5]},
								"south": {"uv": [10, 39], "uv_size": [0.5, 0.5]},
								"west": {"uv": [25, 22], "uv_size": [1.5, 0.5]},
								"up": {"uv": [23, 25], "uv_size": [0.5, 1.5]},
								"down": {"uv": [25, 25.5], "uv_size": [0.5, -1.5]}
							}
						},
						{
							"origin": [0.67187, 0.46764, -3.53125],
							"size": [0.15625, 0.25, 1.59375],
							"pivot": [0.75, 0.63951, -2.73437],
							"rotation": [0, 0, 45],
							"uv": {
								"north": {"uv": [39, 10], "uv_size": [0.5, 0.5]},
								"east": {"uv": [26, 4], "uv_size": [1.5, 0.5]},
								"south": {"uv": [12, 39], "uv_size": [0.5, 0.5]},
								"west": {"uv": [7, 26], "uv_size": [1.5, 0.5]},
								"up": {"uv": [10, 26], "uv_size": [0.5, 1.5]},
								"down": {"uv": [26, 13.5], "uv_size": [0.5, -1.5]}
							}
						},
						{
							"origin": [0.75, 0.59375, -3.53125],
							"size": [0.125, 0.15625, 1.59375],
							"uv": {
								"north": {"uv": [39, 4], "uv_size": [0.5, 0.5]},
								"east": {"uv": [2, 25], "uv_size": [1.5, 0.5]},
								"south": {"uv": [39, 6], "uv_size": [0.5, 0.5]},
								"west": {"uv": [25, 7], "uv_size": [1.5, 0.5]},
								"up": {"uv": [21, 24], "uv_size": [0.5, 1.5]},
								"down": {"uv": [25, 10.5], "uv_size": [0.5, -1.5]}
							}
						},
						{
							"origin": [-0.875, 0.56139, -2.01562],
							"size": [1.75, 0.15625, 0.22],
							"pivot": [-0.82813, 0.63951, -1.9375],
							"rotation": [-45, 0, 0],
							"uv": {
								"north": {"uv": [20, 18], "uv_size": [2, 0.5]},
								"east": {"uv": [2, 39], "uv_size": [0.5, 0.5]},
								"south": {"uv": [20, 20], "uv_size": [2, 0.5]},
								"west": {"uv": [4, 39], "uv_size": [0.5, 0.5]},
								"up": {"uv": [21, 0], "uv_size": [2, 0.5]},
								"down": {"uv": [21, 2.5], "uv_size": [2, -0.5]}
							}
						},
						{
							"origin": [0.875, 0.84375, -3.53125],
							"size": [0.09375, 0.96875, 0.625],
							"uv": {
								"north": {"uv": [24, 29], "uv_size": [0.5, 1]},
								"east": {"uv": [26, 29], "uv_size": [0.5, 1]},
								"south": {"uv": [30, 0], "uv_size": [0.5, 1]},
								"west": {"uv": [30, 2], "uv_size": [0.5, 1]},
								"up": {"uv": [10, 37], "uv_size": [0.5, 0.5]},
								"down": {"uv": [37, 10.5], "uv_size": [0.5, -0.5]}
							}
						},
						{
							"origin": [0.875, 0.7654, -3.02663],
							"size": [0.09375, 1.03125, 0.25],
							"pivot": [0.92187, 1.31228, -2.90163],
							"rotation": [15, 0, 0],
							"uv": {
								"north": {"uv": [17, 29], "uv_size": [0.5, 1]},
								"east": {"uv": [29, 17], "uv_size": [0.5, 1]},
								"south": {"uv": [19, 29], "uv_size": [0.5, 1]},
								"west": {"uv": [29, 19], "uv_size": [0.5, 1]},
								"up": {"uv": [37, 6], "uv_size": [0.5, 0.5]},
								"down": {"uv": [8, 37.5], "uv_size": [0.5, -0.5]}
							}
						},
						{
							"origin": [0.875, 0.59107, -2.01405],
							"size": [0.09375, 0.22, 0.15625],
							"pivot": [0.92187, 0.73169, -1.93593],
							"rotation": [45, 0, 0],
							"uv": {
								"north": {"uv": [36, 34], "uv_size": [0.5, 0.5]},
								"east": {"uv": [36, 36], "uv_size": [0.5, 0.5]},
								"south": {"uv": [0, 37], "uv_size": [0.5, 0.5]},
								"west": {"uv": [2, 37], "uv_size": [0.5, 0.5]},
								"up": {"uv": [4, 37], "uv_size": [0.5, 0.5]},
								"down": {"uv": [37, 4.5], "uv_size": [0.5, -0.5]}
							}
						},
						{
							"origin": [0.875, 0.59375, -3.53125],
							"size": [0.09375, 0.25, 1.59375],
							"uv": {
								"north": {"uv": [36, 28], "uv_size": [0.5, 0.5]},
								"east": {"uv": [24, 0], "uv_size": [1.5, 0.5]},
								"south": {"uv": [30, 36], "uv_size": [0.5, 0.5]},
								"west": {"uv": [24, 2], "uv_size": [1.5, 0.5]},
								"up": {"uv": [24, 4], "uv_size": [0.5, 1.5]},
								"down": {"uv": [5, 25.5], "uv_size": [0.5, -1.5]}
							}
						},
						{
							"origin": [-0.96875, 0.59107, -2.01405],
							"size": [0.09375, 0.22, 0.15625],
							"pivot": [-0.92188, 0.73169, -1.93593],
							"rotation": [45, 0, 0],
							"uv": {
								"north": {"uv": [32, 35], "uv_size": [0.5, 0.5]},
								"east": {"uv": [35, 32], "uv_size": [0.5, 0.5]},
								"south": {"uv": [34, 35], "uv_size": [0.5, 0.5]},
								"west": {"uv": [36, 0], "uv_size": [0.5, 0.5]},
								"up": {"uv": [36, 2], "uv_size": [0.5, 0.5]},
								"down": {"uv": [6, 36.5], "uv_size": [0.5, -0.5]}
							}
						},
						{
							"origin": [-0.96875, 0.59375, -1.9375],
							"size": [0.09375, 0.09375, 0.15625],
							"uv": {
								"north": {"uv": [36, 8], "uv_size": [0.5, 0.5]},
								"east": {"uv": [20, 36], "uv_size": [0.5, 0.5]},
								"south": {"uv": [36, 22], "uv_size": [0.5, 0.5]},
								"west": {"uv": [26, 36], "uv_size": [0.5, 0.5]},
								"up": {"uv": [36, 26], "uv_size": [0.5, 0.5]},
								"down": {"uv": [28, 36.5], "uv_size": [0.5, -0.5]}
							}
						},
						{
							"origin": [0.875, 0.59375, -1.9375],
							"size": [0.09375, 0.09375, 0.15625],
							"uv": {
								"north": {"uv": [12, 37], "uv_size": [0.5, 0.5]},
								"east": {"uv": [37, 12], "uv_size": [0.5, 0.5]},
								"south": {"uv": [14, 37], "uv_size": [0.5, 0.5]},
								"west": {"uv": [37, 14], "uv_size": [0.5, 0.5]},
								"up": {"uv": [16, 37], "uv_size": [0.5, 0.5]},
								"down": {"uv": [37, 16.5], "uv_size": [0.5, -0.5]}
							}
						},
						{
							"origin": [-0.96875, 0.84375, -3.53125],
							"size": [0.09375, 0.96875, 0.625],
							"uv": {
								"north": {"uv": [2, 29], "uv_size": [0.5, 1]},
								"east": {"uv": [4, 29], "uv_size": [0.5, 1]},
								"south": {"uv": [29, 4], "uv_size": [0.5, 1]},
								"west": {"uv": [9, 29], "uv_size": [0.5, 1]},
								"up": {"uv": [35, 14], "uv_size": [0.5, 0.5]},
								"down": {"uv": [16, 35.5], "uv_size": [0.5, -0.5]}
							}
						},
						{
							"origin": [-0.85073, 1.70807, -3.53125],
							"size": [0.09375, 0.077, 0.625],
							"pivot": [-0.80386, 1.87994, -3.21875],
							"rotation": [0, 0, 52.5],
							"uv": {
								"north": {"uv": [35, 18], "uv_size": [0.5, 0.5]},
								"east": {"uv": [35, 20], "uv_size": [0.5, 0.5]},
								"south": {"uv": [22, 35], "uv_size": [0.5, 0.5]},
								"west": {"uv": [24, 35], "uv_size": [0.5, 0.5]},
								"up": {"uv": [35, 24], "uv_size": [0.5, 0.5]},
								"down": {"uv": [35, 30.5], "uv_size": [0.5, -0.5]}
							}
						},
						{
							"origin": [0.71342, 1.7415, -3.04929],
							"size": [0.09375, 0.3125, 0.09375],
							"pivot": [0.76029, 1.91337, -3.00242],
							"rotation": [17.5, 0, -52.5],
							"uv": {
								"north": {"uv": [28, 38], "uv_size": [0.5, 0.5]},
								"east": {"uv": [38, 28], "uv_size": [0.5, 0.5]},
								"south": {"uv": [30, 38], "uv_size": [0.5, 0.5]},
								"west": {"uv": [38, 34], "uv_size": [0.5, 0.5]},
								"up": {"uv": [36, 38], "uv_size": [0.5, 0.5]},
								"down": {"uv": [38, 36.5], "uv_size": [0.5, -0.5]}
							}
						},
						{
							"origin": [0.75698, 1.70807, -3.53125],
							"size": [0.09375, 0.077, 0.625],
							"pivot": [0.80386, 1.87994, -3.21875],
							"rotation": [0, 0, -52.5],
							"uv": {
								"north": {"uv": [6, 38], "uv_size": [0.5, 0.5]},
								"east": {"uv": [38, 8], "uv_size": [0.5, 0.5]},
								"south": {"uv": [20, 38], "uv_size": [0.5, 0.5]},
								"west": {"uv": [38, 22], "uv_size": [0.5, 0.5]},
								"up": {"uv": [26, 38], "uv_size": [0.5, 0.5]},
								"down": {"uv": [38, 26.5], "uv_size": [0.5, -0.5]}
							}
						},
						{
							"origin": [-0.85073, 1.77057, -3.4375],
							"size": [0.09375, 0.3125, 0.4375],
							"pivot": [-0.80386, 1.87994, -3.21875],
							"rotation": [0, 0, 52.5],
							"uv": {
								"north": {"uv": [18, 37], "uv_size": [0.5, 0.5]},
								"east": {"uv": [37, 18], "uv_size": [0.5, 0.5]},
								"south": {"uv": [37, 20], "uv_size": [0.5, 0.5]},
								"west": {"uv": [22, 37], "uv_size": [0.5, 0.5]},
								"up": {"uv": [24, 37], "uv_size": [0.5, 0.5]},
								"down": {"uv": [37, 24.5], "uv_size": [0.5, -0.5]}
							}
						},
						{
							"origin": [0.71342, 1.7415, -3.48196],
							"size": [0.09375, 0.3125, 0.09375],
							"pivot": [0.76029, 1.91337, -3.43508],
							"rotation": [-17.5, 0, -52.5],
							"uv": {
								"north": {"uv": [41, 6], "uv_size": [0.5, 0.5]},
								"east": {"uv": [8, 41], "uv_size": [0.5, 0.5]},
								"south": {"uv": [10, 41], "uv_size": [0.5, 0.5]},
								"west": {"uv": [41, 10], "uv_size": [0.5, 0.5]},
								"up": {"uv": [12, 41], "uv_size": [0.5, 0.5]},
								"down": {"uv": [41, 12.5], "uv_size": [0.5, -0.5]}
							}
						},
						{
							"origin": [0.75698, 1.77057, -3.4375],
							"size": [0.09375, 0.3125, 0.4375],
							"pivot": [0.80386, 1.87994, -3.21875],
							"rotation": [0, 0, -52.5],
							"uv": {
								"north": {"uv": [40, 38], "uv_size": [0.5, 0.5]},
								"east": {"uv": [40, 40], "uv_size": [0.5, 0.5]},
								"south": {"uv": [0, 41], "uv_size": [0.5, 0.5]},
								"west": {"uv": [2, 41], "uv_size": [0.5, 0.5]},
								"up": {"uv": [4, 41], "uv_size": [0.5, 0.5]},
								"down": {"uv": [41, 4.5], "uv_size": [0.5, -0.5]}
							}
						},
						{
							"origin": [-0.80717, 1.7415, -3.04929],
							"size": [0.09375, 0.3125, 0.09375],
							"pivot": [-0.76029, 1.91337, -3.00242],
							"rotation": [17.5, 0, 52.5],
							"uv": {
								"north": {"uv": [37, 30], "uv_size": [0.5, 0.5]},
								"east": {"uv": [32, 37], "uv_size": [0.5, 0.5]},
								"south": {"uv": [37, 32], "uv_size": [0.5, 0.5]},
								"west": {"uv": [34, 37], "uv_size": [0.5, 0.5]},
								"up": {"uv": [38, 0], "uv_size": [0.5, 0.5]},
								"down": {"uv": [38, 2.5], "uv_size": [0.5, -0.5]}
							}
						},
						{
							"origin": [-0.80717, 1.7415, -3.48196],
							"size": [0.09375, 0.3125, 0.09375],
							"pivot": [-0.76029, 1.91337, -3.43508],
							"rotation": [-17.5, 0, 52.5],
							"uv": {
								"north": {"uv": [40, 28], "uv_size": [0.5, 0.5]},
								"east": {"uv": [30, 40], "uv_size": [0.5, 0.5]},
								"south": {"uv": [40, 34], "uv_size": [0.5, 0.5]},
								"west": {"uv": [36, 40], "uv_size": [0.5, 0.5]},
								"up": {"uv": [40, 36], "uv_size": [0.5, 0.5]},
								"down": {"uv": [38, 40.5], "uv_size": [0.5, -0.5]}
							}
						},
						{
							"origin": [-0.96875, 0.7654, -3.02663],
							"size": [0.09375, 1.03125, 0.25],
							"pivot": [-0.92188, 1.31228, -2.90163],
							"rotation": [15, 0, 0],
							"uv": {
								"north": {"uv": [11, 29], "uv_size": [0.5, 1]},
								"east": {"uv": [13, 29], "uv_size": [0.5, 1]},
								"south": {"uv": [15, 29], "uv_size": [0.5, 1]},
								"west": {"uv": [29, 15], "uv_size": [0.5, 1]},
								"up": {"uv": [35, 16], "uv_size": [0.5, 0.5]},
								"down": {"uv": [18, 35.5], "uv_size": [0.5, -0.5]}
							}
						},
						{
							"origin": [-0.6875, -0.0625, -3.375],
							"size": [0.3125, 0.25, 3.6875],
							"uv": {
								"north": {"uv": [28, 34], "uv_size": [0.5, 0.5]},
								"east": {"uv": [6, 10], "uv_size": [3.5, 0.5]},
								"south": {"uv": [34, 28], "uv_size": [0.5, 0.5]},
								"west": {"uv": [11, 0], "uv_size": [3.5, 0.5]},
								"up": {"uv": [0, 11], "uv_size": [0.5, 3.5]},
								"down": {"uv": [11, 13.5], "uv_size": [0.5, -3.5]}
							}
						}
					]
				},
				{
					"name": "octagon2",
					"parent": "scope_body",
					"pivot": [-8, -7.5, -8.5625],
					"cubes": [
						{
							"origin": [-0.36244, 0.8125, -0.0625],
							"size": [0.72488, 0.1875, 0.375],
							"pivot": [0, 0.5, -0.5625],
							"rotation": [0, 45, 0],
							"uv": {
								"north": {"uv": [42, 42], "uv_size": [0.5, 0.5]},
								"east": {"uv": [0, 43], "uv_size": [0.5, 0.5]},
								"south": {"uv": [2, 43], "uv_size": [0.5, 0.5]},
								"west": {"uv": [4, 43], "uv_size": [0.5, 0.5]},
								"up": {"uv": [43, 4], "uv_size": [0.5, 0.5]},
								"down": {"uv": [43, 6.5], "uv_size": [0.5, -0.5]}
							}
						},
						{
							"origin": [-0.36244, 0.8125, -1.4375],
							"size": [0.72488, 0.1875, 0.375],
							"uv": {
								"north": {"uv": [8, 43], "uv_size": [0.5, 0.5]},
								"east": {"uv": [10, 43], "uv_size": [0.5, 0.5]},
								"south": {"uv": [43, 10], "uv_size": [0.5, 0.5]},
								"west": {"uv": [12, 43], "uv_size": [0.5, 0.5]},
								"up": {"uv": [43, 12], "uv_size": [0.5, 0.5]},
								"down": {"uv": [14, 43.5], "uv_size": [0.5, -0.5]}
							}
						},
						{
							"origin": [-0.36244, 0.8125, -0.0625],
							"size": [0.72488, 0.1875, 0.375],
							"uv": {
								"north": {"uv": [4, 45], "uv_size": [0.5, 0.5]},
								"east": {"uv": [45, 4], "uv_size": [0.5, 0.5]},
								"south": {"uv": [45, 6], "uv_size": [0.5, 0.5]},
								"west": {"uv": [8, 45], "uv_size": [0.5, 0.5]},
								"up": {"uv": [10, 45], "uv_size": [0.5, 0.5]},
								"down": {"uv": [45, 10.5], "uv_size": [0.5, -0.5]}
							}
						},
						{
							"origin": [0.5, 0.8125, -0.92494],
							"size": [0.375, 0.1875, 0.72488],
							"pivot": [0, 0.5, -0.5625],
							"rotation": [0, 45, 0],
							"uv": {
								"north": {"uv": [43, 14], "uv_size": [0.5, 0.5]},
								"east": {"uv": [16, 43], "uv_size": [0.5, 0.5]},
								"south": {"uv": [43, 16], "uv_size": [0.5, 0.5]},
								"west": {"uv": [18, 43], "uv_size": [0.5, 0.5]},
								"up": {"uv": [43, 18], "uv_size": [0.5, 0.5]},
								"down": {"uv": [43, 20.5], "uv_size": [0.5, -0.5]}
							}
						},
						{
							"origin": [-0.36244, 0.8125, -0.0625],
							"size": [0.72488, 0.1875, 0.375],
							"pivot": [0, 0.5, -0.5625],
							"rotation": [0, -45, 0],
							"uv": {
								"north": {"uv": [44, 40], "uv_size": [0.5, 0.5]},
								"east": {"uv": [42, 44], "uv_size": [0.5, 0.5]},
								"south": {"uv": [44, 42], "uv_size": [0.5, 0.5]},
								"west": {"uv": [44, 44], "uv_size": [0.5, 0.5]},
								"up": {"uv": [0, 45], "uv_size": [0.5, 0.5]},
								"down": {"uv": [2, 45.5], "uv_size": [0.5, -0.5]}
							}
						},
						{
							"origin": [-0.875, 0.8125, -0.92494],
							"size": [0.375, 0.1875, 0.72488],
							"uv": {
								"north": {"uv": [44, 34], "uv_size": [0.5, 0.5]},
								"east": {"uv": [36, 44], "uv_size": [0.5, 0.5]},
								"south": {"uv": [44, 36], "uv_size": [0.5, 0.5]},
								"west": {"uv": [38, 44], "uv_size": [0.5, 0.5]},
								"up": {"uv": [44, 38], "uv_size": [0.5, 0.5]},
								"down": {"uv": [40, 44.5], "uv_size": [0.5, -0.5]}
							}
						},
						{
							"origin": [-0.875, 0.8125, -0.92494],
							"size": [0.375, 0.1875, 0.72488],
							"pivot": [0, 0.5, -0.5625],
							"rotation": [0, -45, 0],
							"uv": {
								"north": {"uv": [44, 22], "uv_size": [0.5, 0.5]},
								"east": {"uv": [26, 44], "uv_size": [0.5, 0.5]},
								"south": {"uv": [44, 26], "uv_size": [0.5, 0.5]},
								"west": {"uv": [28, 44], "uv_size": [0.5, 0.5]},
								"up": {"uv": [44, 28], "uv_size": [0.5, 0.5]},
								"down": {"uv": [30, 44.5], "uv_size": [0.5, -0.5]}
							}
						},
						{
							"origin": [0.5, 0.8125, -0.92494],
							"size": [0.375, 0.1875, 0.72488],
							"uv": {
								"north": {"uv": [22, 43], "uv_size": [0.5, 0.5]},
								"east": {"uv": [24, 43], "uv_size": [0.5, 0.5]},
								"south": {"uv": [43, 24], "uv_size": [0.5, 0.5]},
								"west": {"uv": [43, 30], "uv_size": [0.5, 0.5]},
								"up": {"uv": [32, 43], "uv_size": [0.5, 0.5]},
								"down": {"uv": [43, 32.5], "uv_size": [0.5, -0.5]}
							}
						}
					]
				},
				{
					"name": "octagon3",
					"parent": "scope_body",
					"pivot": [8, -7.375, -8.5625]
				},
				{
					"name": "octagon",
					"parent": "scope_body",
					"pivot": [7.96875, -9.28125, -8.5625],
					"cubes": [
						{
							"origin": [0.90625, 0.42233, -1.59375],
							"size": [0.0625, 0.15534, 0.375],
							"pivot": [0.5625, 0.5, -1.40625],
							"rotation": [-45, 0, 0],
							"uv": {
								"north": {"uv": [12, 45], "uv_size": [0.5, 0.5]},
								"east": {"uv": [45, 12], "uv_size": [0.5, 0.5]},
								"south": {"uv": [14, 45], "uv_size": [0.5, 0.5]},
								"west": {"uv": [45, 14], "uv_size": [0.5, 0.5]},
								"up": {"uv": [16, 45], "uv_size": [0.5, 0.5]},
								"down": {"uv": [45, 16.5], "uv_size": [0.5, -0.5]}
							}
						},
						{
							"origin": [0.90625, 0.42233, -1.59375],
							"size": [0.0625, 0.15534, 0.375],
							"uv": {
								"north": {"uv": [18, 45], "uv_size": [0.5, 0.5]},
								"east": {"uv": [45, 18], "uv_size": [0.5, 0.5]},
								"south": {"uv": [45, 20], "uv_size": [0.5, 0.5]},
								"west": {"uv": [22, 45], "uv_size": [0.5, 0.5]},
								"up": {"uv": [24, 45], "uv_size": [0.5, 0.5]},
								"down": {"uv": [45, 24.5], "uv_size": [0.5, -0.5]}
							}
						},
						{
							"origin": [0.90625, 0.3125, -1.48392],
							"size": [0.0625, 0.375, 0.15534],
							"pivot": [0.5625, 0.5, -1.40625],
							"rotation": [-45, 0, 0],
							"uv": {
								"north": {"uv": [45, 30], "uv_size": [0.5, 0.5]},
								"east": {"uv": [32, 45], "uv_size": [0.5, 0.5]},
								"south": {"uv": [45, 32], "uv_size": [0.5, 0.5]},
								"west": {"uv": [34, 45], "uv_size": [0.5, 0.5]},
								"up": {"uv": [46, 0], "uv_size": [0.5, 0.5]},
								"down": {"uv": [46, 2.5], "uv_size": [0.5, -0.5]}
							}
						},
						{
							"origin": [0.90625, 0.3125, -1.48392],
							"size": [0.0625, 0.375, 0.15534],
							"uv": {
								"north": {"uv": [6, 46], "uv_size": [0.5, 0.5]},
								"east": {"uv": [46, 8], "uv_size": [0.5, 0.5]},
								"south": {"uv": [20, 46], "uv_size": [0.5, 0.5]},
								"west": {"uv": [46, 22], "uv_size": [0.5, 0.5]},
								"up": {"uv": [26, 46], "uv_size": [0.5, 0.5]},
								"down": {"uv": [46, 26.5], "uv_size": [0.5, -0.5]}
							}
						}
					]
				},
				{
					"name": "bone2",
					"parent": "scope_body",
					"pivot": [0.71222, 0.85938, 0.56265],
					"cubes": [
						{
							"origin": [0.55, 0.75, 0.34375],
							"size": [0, 0.21875, 0.40625],
							"pivot": [0.59375, 0.84375, 0.96875],
							"rotation": [0, -20.5, 0],
							"uv": {
								"north": {"uv": [0, 0], "uv_size": [0, 2]},
								"east": {"uv": [8.70313, 91.92188], "uv_size": [2, 2]},
								"south": {"uv": [0, 0], "uv_size": [0, 2]},
								"west": {"uv": [71, 9.5], "uv_size": [8, 4]},
								"up": {"uv": [0, 2], "uv_size": [0, -2]},
								"down": {"uv": [0, 2], "uv_size": [0, -2]}
							}
						}
					]
				},
				{
					"name": "ocular",
					"pivot": [0, 0, -1.65625],
					"cubes": [
						{
							"origin": [-0.875, 0.5625, -3.21875],
							"size": [1.75, 1.3125, 0],
							"uv": {
								"north": {"uv": [8, 0], "uv_size": [2, 1.5]},
								"east": {"uv": [12, 15], "uv_size": [0, 1.5]},
								"south": {"uv": [8, 3], "uv_size": [2, 1.5]},
								"west": {"uv": [2, 47], "uv_size": [0, 1.5]},
								"up": {"uv": [7, 14], "uv_size": [2, 0]},
								"down": {"uv": [3, 47], "uv_size": [2, 0]}
							}
						},
						{
							"origin": [-0.75, 1.875, -3.21875],
							"size": [1.5, 0.09375, 0],
							"uv": {
								"north": {"uv": [28, 21], "uv_size": [1.5, 0.5]},
								"east": {"uv": [18, 25], "uv_size": [0, 0.5]},
								"south": {"uv": [28, 26], "uv_size": [1.5, 0.5]},
								"west": {"uv": [47, 4], "uv_size": [0, 0.5]},
								"up": {"uv": [47, 6], "uv_size": [1.5, 0]},
								"down": {"uv": [47, 7], "uv_size": [1.5, 0]}
							}
						}
					]
				},
				{
					"name": "division",
					"pivot": [0, -0.34375, 0]
				},
				{
					"name": "division_illuminated",
					"parent": "division",
					"pivot": [0, -0.34375, 0],
					"cubes": [
						{
							"origin": [-0.65625, 0.72, -55.7],
							"size": [1.3125, 1.3125, 0.3],
							"uv": {
								"south": {"uv": [181.5, 53], "uv_size": [20, 20]}
							}
						}
					]
				},
				{
					"name": "scope_view",
					"pivot": [0, 1.5, 6.75]
				}
			]
		}
	]
}