{
	"format_version": "1.12.0",
	"minecraft:geometry": [
		{
			"description": {
				"identifier": "geometry.unknown",
				"texture_width": 256,
				"texture_height": 128,
				"visible_bounds_width": 6,
				"visible_bounds_height": 1.5,
				"visible_bounds_offset": [0, 0.25, 0]
			},
			"bones": [
				{
					"name": "scope_body",
					"pivot": [0, -0.25, -1.375],
					"cubes": [
						{
							"origin": [0.34375, -0.25, -3.40625],
							"size": [0.1875, 0.34375, 3.625],
							"uv": {
								"north": {"uv": [42, 47], "uv_size": [0.5, 0.5]},
								"east": {"uv": [19, 13], "uv_size": [3.5, 0.5]},
								"south": {"uv": [44, 47], "uv_size": [0.5, 0.5]},
								"west": {"uv": [21, 15], "uv_size": [3.5, 0.5]},
								"up": {"uv": [21, 20], "uv_size": [0.5, 3.5]},
								"down": {"uv": [2, 25.5], "uv_size": [0.5, -3.5]}
							}
						},
						{
							"origin": [-0.34375, -0.03125, -3.40625],
							"size": [0.6875, 0.125, 3.625],
							"uv": {
								"north": {"uv": [48, 43], "uv_size": [0.5, 0.5]},
								"east": {"uv": [22, 17], "uv_size": [3.5, 0.5]},
								"south": {"uv": [48, 45], "uv_size": [0.5, 0.5]},
								"west": {"uv": [23, 0], "uv_size": [3.5, 0.5]},
								"up": {"uv": [11, 23], "uv_size": [0.5, 3.5]},
								"down": {"uv": [13, 26.5], "uv_size": [0.5, -3.5]}
							}
						},
						{
							"origin": [-0.46875, 0.09375, -3.40625],
							"size": [0.9375, 0.0625, 3.625],
							"uv": {
								"north": {"uv": [13, 41], "uv_size": [1, 0.5]},
								"east": {"uv": [23, 2], "uv_size": [3.5, 0.5]},
								"south": {"uv": [41, 13], "uv_size": [1, 0.5]},
								"west": {"uv": [23, 11], "uv_size": [3.5, 0.5]},
								"up": {"uv": [11, 0], "uv_size": [1, 3.5]},
								"down": {"uv": [5, 14.5], "uv_size": [1, -3.5]}
							}
						},
						{
							"origin": [-0.40625, 0.3125, -1.59375],
							"size": [0.1875, 0.09375, 0.53125],
							"uv": {
								"north": {"uv": [4, 49], "uv_size": [0.5, 0.5]},
								"east": {"uv": [49, 4], "uv_size": [0.5, 0.5]},
								"south": {"uv": [6, 49], "uv_size": [0.5, 0.5]},
								"west": {"uv": [49, 6], "uv_size": [0.5, 0.5]},
								"up": {"uv": [8, 49], "uv_size": [0.5, 0.5]},
								"down": {"uv": [49, 8.5], "uv_size": [0.5, -0.5]}
							}
						},
						{
							"origin": [0.21875, 0.3125, -1.59375],
							"size": [0.1875, 0.09375, 0.53125],
							"uv": {
								"north": {"uv": [52, 36], "uv_size": [0.5, 0.5]},
								"east": {"uv": [52, 38], "uv_size": [0.5, 0.5]},
								"south": {"uv": [52, 42], "uv_size": [0.5, 0.5]},
								"west": {"uv": [52, 44], "uv_size": [0.5, 0.5]},
								"up": {"uv": [46, 52], "uv_size": [0.5, 0.5]},
								"down": {"uv": [52, 46.5], "uv_size": [0.5, -0.5]}
							}
						},
						{
							"origin": [-0.53125, 0.15625, -3.40625],
							"size": [1.0625, 0.15625, 3.625],
							"uv": {
								"north": {"uv": [40, 41], "uv_size": [1, 0.5]},
								"east": {"uv": [24, 8], "uv_size": [3.5, 0.5]},
								"south": {"uv": [42, 0], "uv_size": [1, 0.5]},
								"west": {"uv": [24, 13], "uv_size": [3.5, 0.5]},
								"up": {"uv": [7, 11], "uv_size": [1, 3.5]},
								"down": {"uv": [9, 14.5], "uv_size": [1, -3.5]}
							}
						},
						{
							"origin": [0.53125, 0.15625, -3.40625],
							"size": [0.21875, 0.15625, 1.34375],
							"uv": {
								"north": {"uv": [10, 49], "uv_size": [0.5, 0.5]},
								"east": {"uv": [36, 33], "uv_size": [1.5, 0.5]},
								"south": {"uv": [12, 49], "uv_size": [0.5, 0.5]},
								"west": {"uv": [0, 37], "uv_size": [1.5, 0.5]},
								"up": {"uv": [37, 0], "uv_size": [0.5, 1.5]},
								"down": {"uv": [3, 38.5], "uv_size": [0.5, -1.5]}
							}
						},
						{
							"origin": [0.44982, 0.15625, -2.13595],
							"size": [0.21875, 0.15625, 0.5],
							"pivot": [0.55919, 0.23438, -1.93283],
							"rotation": [0, -27.5, 0],
							"uv": {
								"north": {"uv": [49, 12], "uv_size": [0.5, 0.5]},
								"east": {"uv": [14, 49], "uv_size": [0.5, 0.5]},
								"south": {"uv": [16, 49], "uv_size": [0.5, 0.5]},
								"west": {"uv": [49, 16], "uv_size": [0.5, 0.5]},
								"up": {"uv": [49, 18], "uv_size": [0.5, 0.5]},
								"down": {"uv": [49, 20.5], "uv_size": [0.5, -0.5]}
							}
						},
						{
							"origin": [-0.49621, 0.05335, -3.40625],
							"size": [0.0625, 0.088, 3.625],
							"pivot": [-0.46496, 0.11585, -1.59375],
							"rotation": [0, 0, 45],
							"uv": {
								"north": {"uv": [46, 48], "uv_size": [0.5, 0.5]},
								"east": {"uv": [23, 19], "uv_size": [3.5, 0.5]},
								"south": {"uv": [48, 47], "uv_size": [0.5, 0.5]},
								"west": {"uv": [23, 21], "uv_size": [3.5, 0.5]},
								"up": {"uv": [15, 23], "uv_size": [0.5, 3.5]},
								"down": {"uv": [23, 26.5], "uv_size": [0.5, -3.5]}
							}
						},
						{
							"origin": [0.43371, 0.05335, -3.40625],
							"size": [0.0625, 0.088, 3.625],
							"pivot": [0.46496, 0.11585, -1.59375],
							"rotation": [0, 0, -45],
							"uv": {
								"north": {"uv": [2, 49], "uv_size": [0.5, 0.5]},
								"east": {"uv": [24, 4], "uv_size": [3.5, 0.5]},
								"south": {"uv": [49, 2], "uv_size": [0.5, 0.5]},
								"west": {"uv": [24, 6], "uv_size": [3.5, 0.5]},
								"up": {"uv": [0, 24], "uv_size": [0.5, 3.5]},
								"down": {"uv": [17, 28.5], "uv_size": [0.5, -3.5]}
							}
						},
						{
							"origin": [-0.53125, -0.25, -1.6875],
							"size": [0.1875, 0.34375, 1.90625],
							"uv": {
								"north": {"uv": [0, 48], "uv_size": [0.5, 0.5]},
								"east": {"uv": [12, 33], "uv_size": [2, 0.5]},
								"south": {"uv": [48, 0], "uv_size": [0.5, 0.5]},
								"west": {"uv": [33, 12], "uv_size": [2, 0.5]},
								"up": {"uv": [21, 33], "uv_size": [0.5, 2]},
								"down": {"uv": [25, 35], "uv_size": [0.5, -2]}
							}
						},
						{
							"origin": [-0.53125, -0.25, -3.40625],
							"size": [0.1875, 0.34375, 0.65625],
							"uv": {
								"north": {"uv": [48, 10], "uv_size": [0.5, 0.5]},
								"east": {"uv": [48, 14], "uv_size": [0.5, 0.5]},
								"south": {"uv": [18, 48], "uv_size": [0.5, 0.5]},
								"west": {"uv": [20, 48], "uv_size": [0.5, 0.5]},
								"up": {"uv": [22, 48], "uv_size": [0.5, 0.5]},
								"down": {"uv": [48, 30.5], "uv_size": [0.5, -0.5]}
							}
						},
						{
							"origin": [-0.53125, -0.03125, -2.75],
							"size": [0.1875, 0.125, 1.0625],
							"uv": {
								"north": {"uv": [48, 36], "uv_size": [0.5, 0.5]},
								"east": {"uv": [5, 41], "uv_size": [1, 0.5]},
								"south": {"uv": [48, 38], "uv_size": [0.5, 0.5]},
								"west": {"uv": [7, 41], "uv_size": [1, 0.5]},
								"up": {"uv": [9, 41], "uv_size": [0.5, 1]},
								"down": {"uv": [11, 42], "uv_size": [0.5, -1]}
							}
						},
						{
							"origin": [-0.625, -0.125, -3.15625],
							"size": [1.1875, 0.15625, 0.15625],
							"pivot": [-0.14062, -0.0625, -3.09375],
							"rotation": [45, 0, 0],
							"uv": {
								"north": {"uv": [15, 41], "uv_size": [1, 0.5]},
								"east": {"uv": [49, 22], "uv_size": [0.5, 0.5]},
								"south": {"uv": [17, 41], "uv_size": [1, 0.5]},
								"west": {"uv": [24, 49], "uv_size": [0.5, 0.5]},
								"up": {"uv": [41, 20], "uv_size": [1, 0.5]},
								"down": {"uv": [26, 41.5], "uv_size": [1, -0.5]}
							}
						},
						{
							"origin": [-0.625, -0.125, -1.4375],
							"size": [1.1875, 0.15625, 0.15625],
							"pivot": [-0.14062, -0.0625, -1.375],
							"rotation": [45, 0, 0],
							"uv": {
								"north": {"uv": [28, 41], "uv_size": [1, 0.5]},
								"east": {"uv": [51, 20], "uv_size": [0.5, 0.5]},
								"south": {"uv": [41, 28], "uv_size": [1, 0.5]},
								"west": {"uv": [51, 22], "uv_size": [0.5, 0.5]},
								"up": {"uv": [30, 41], "uv_size": [1, 0.5]},
								"down": {"uv": [41, 30.5], "uv_size": [1, -0.5]}
							}
						},
						{
							"origin": [-0.625, -0.125, -0.1875],
							"size": [1.1875, 0.15625, 0.15625],
							"pivot": [-0.14062, -0.0625, -0.125],
							"rotation": [45, 0, 0],
							"uv": {
								"north": {"uv": [32, 41], "uv_size": [1, 0.5]},
								"east": {"uv": [22, 52], "uv_size": [0.5, 0.5]},
								"south": {"uv": [34, 41], "uv_size": [1, 0.5]},
								"west": {"uv": [52, 30], "uv_size": [0.5, 0.5]},
								"up": {"uv": [36, 41], "uv_size": [1, 0.5]},
								"down": {"uv": [38, 41.5], "uv_size": [1, -0.5]}
							}
						},
						{
							"origin": [-0.125, 0.3125, -2.5625],
							"size": [0.25, 0.09375, 0.25],
							"pivot": [0, 0.35938, -2.4375],
							"rotation": [0, 45, 0],
							"uv": {
								"north": {"uv": [52, 48], "uv_size": [0.5, 0.5]},
								"east": {"uv": [50, 52], "uv_size": [0.5, 0.5]},
								"south": {"uv": [52, 50], "uv_size": [0.5, 0.5]},
								"west": {"uv": [52, 52], "uv_size": [0.5, 0.5]},
								"up": {"uv": [2, 53], "uv_size": [0.5, 0.5]},
								"down": {"uv": [53, 2.5], "uv_size": [0.5, -0.5]}
							}
						},
						{
							"origin": [-0.125, 0.3125, -0.84375],
							"size": [0.25, 0.09375, 0.25],
							"pivot": [0, 0.35938, -0.71875],
							"rotation": [0, 45, 0],
							"uv": {
								"north": {"uv": [4, 53], "uv_size": [0.5, 0.5]},
								"east": {"uv": [53, 4], "uv_size": [0.5, 0.5]},
								"south": {"uv": [6, 53], "uv_size": [0.5, 0.5]},
								"west": {"uv": [53, 6], "uv_size": [0.5, 0.5]},
								"up": {"uv": [8, 53], "uv_size": [0.5, 0.5]},
								"down": {"uv": [53, 8.5], "uv_size": [0.5, -0.5]}
							}
						},
						{
							"origin": [-0.75, 0.40625, -1.0625],
							"size": [1.5, 0.25, 1.90625],
							"uv": {
								"north": {"uv": [37, 3], "uv_size": [1.5, 0.5]},
								"east": {"uv": [27, 33], "uv_size": [2, 0.5]},
								"south": {"uv": [5, 37], "uv_size": [1.5, 0.5]},
								"west": {"uv": [30, 33], "uv_size": [2, 0.5]},
								"up": {"uv": [11, 11], "uv_size": [1.5, 2]},
								"down": {"uv": [0, 15], "uv_size": [1.5, -2]}
							}
						},
						{
							"origin": [-0.75, 0.58175, 0.84375],
							"size": [1.5, 0.387, 0.25],
							"uv": {
								"north": {"uv": [37, 37], "uv_size": [1.5, 0.5]},
								"east": {"uv": [54, 0], "uv_size": [0.5, 0.5]},
								"south": {"uv": [38, 14], "uv_size": [1.5, 0.5]},
								"west": {"uv": [54, 10], "uv_size": [0.5, 0.5]},
								"up": {"uv": [38, 20], "uv_size": [1.5, 0.5]},
								"down": {"uv": [21, 38.5], "uv_size": [1.5, -0.5]}
							}
						},
						{
							"origin": [-0.75, 0.45817, 0.75841],
							"size": [1.5, 0.21875, 0.305],
							"pivot": [0, 0.56754, 0.88341],
							"rotation": [35, 0, 0],
							"uv": {
								"north": {"uv": [24, 38], "uv_size": [1.5, 0.5]},
								"east": {"uv": [54, 14], "uv_size": [0.5, 0.5]},
								"south": {"uv": [38, 29], "uv_size": [1.5, 0.5]},
								"west": {"uv": [18, 54], "uv_size": [0.5, 0.5]},
								"up": {"uv": [38, 31], "uv_size": [1.5, 0.5]},
								"down": {"uv": [0, 39.5], "uv_size": [1.5, -0.5]}
							}
						},
						{
							"origin": [-0.75, 1.15689, -0.15398],
							"size": [1.5, 0.34375, 1.09375],
							"uv": {
								"north": {"uv": [37, 23], "uv_size": [1.5, 0.5]},
								"east": {"uv": [42, 10], "uv_size": [1, 0.5]},
								"south": {"uv": [37, 25], "uv_size": [1.5, 0.5]},
								"west": {"uv": [42, 15], "uv_size": [1, 0.5]},
								"up": {"uv": [28, 10], "uv_size": [1.5, 1]},
								"down": {"uv": [28, 20], "uv_size": [1.5, -1]}
							}
						},
						{
							"origin": [-0.75, 0.96875, -0.40175],
							"size": [1.5, 0.125, 1.4955],
							"uv": {
								"north": {"uv": [40, 22], "uv_size": [1.5, 0.5]},
								"east": {"uv": [23, 40], "uv_size": [1.5, 0.5]},
								"south": {"uv": [40, 24], "uv_size": [1.5, 0.5]},
								"west": {"uv": [40, 26], "uv_size": [1.5, 0.5]},
								"up": {"uv": [8, 16], "uv_size": [1.5, 1.5]},
								"down": {"uv": [16, 9.5], "uv_size": [1.5, -1.5]}
							}
						},
						{
							"origin": [-0.75, 1.04999, -0.27539],
							"size": [1.5, 0.407, 0.125],
							"pivot": [0, 1.29999, -0.15039],
							"rotation": [-37.5, 0, 0],
							"uv": {
								"north": {"uv": [39, 0], "uv_size": [1.5, 0.5]},
								"east": {"uv": [54, 30], "uv_size": [0.5, 0.5]},
								"south": {"uv": [5, 39], "uv_size": [1.5, 0.5]},
								"west": {"uv": [54, 36], "uv_size": [0.5, 0.5]},
								"up": {"uv": [8, 39], "uv_size": [1.5, 0.5]},
								"down": {"uv": [11, 39.5], "uv_size": [1.5, -0.5]}
							}
						},
						{
							"origin": [-0.75, 1.14374, -0.15039],
							"size": [1.5, 0.157, 0.09375],
							"pivot": [0, 1.29999, -0.15039],
							"rotation": [-37.5, 0, 0],
							"uv": {
								"north": {"uv": [27, 39], "uv_size": [1.5, 0.5]},
								"east": {"uv": [54, 38], "uv_size": [0.5, 0.5]},
								"south": {"uv": [30, 39], "uv_size": [1.5, 0.5]},
								"west": {"uv": [54, 42], "uv_size": [0.5, 0.5]},
								"up": {"uv": [33, 39], "uv_size": [1.5, 0.5]},
								"down": {"uv": [39, 33.5], "uv_size": [1.5, -0.5]}
							}
						},
						{
							"origin": [-0.75, 1.09375, -0.40175],
							"size": [1.5, 0.084, 1.34375],
							"uv": {
								"north": {"uv": [39, 11], "uv_size": [1.5, 0.5]},
								"east": {"uv": [14, 39], "uv_size": [1.5, 0.5]},
								"south": {"uv": [39, 16], "uv_size": [1.5, 0.5]},
								"west": {"uv": [17, 39], "uv_size": [1.5, 0.5]},
								"up": {"uv": [16, 3], "uv_size": [1.5, 1.5]},
								"down": {"uv": [5, 17.5], "uv_size": [1.5, -1.5]}
							}
						},
						{
							"origin": [-0.75, 1.26941, 0.90948],
							"size": [1.5, 0.218, 0.125],
							"pivot": [0, 1.37916, 0.97198],
							"rotation": [45, 0, 0],
							"uv": {
								"north": {"uv": [40, 6], "uv_size": [1.5, 0.5]},
								"east": {"uv": [54, 46], "uv_size": [0.5, 0.5]},
								"south": {"uv": [40, 8], "uv_size": [1.5, 0.5]},
								"west": {"uv": [54, 48], "uv_size": [0.5, 0.5]},
								"up": {"uv": [40, 18], "uv_size": [1.5, 0.5]},
								"down": {"uv": [20, 40.5], "uv_size": [1.5, -0.5]}
							}
						},
						{
							"origin": [-0.75, 1.09375, 0.93753],
							"size": [1.5, 0.252, 0.15625],
							"uv": {
								"north": {"uv": [36, 39], "uv_size": [1.5, 0.5]},
								"east": {"uv": [54, 44], "uv_size": [0.5, 0.5]},
								"south": {"uv": [39, 39], "uv_size": [1.5, 0.5]},
								"west": {"uv": [46, 54], "uv_size": [0.5, 0.5]},
								"up": {"uv": [40, 2], "uv_size": [1.5, 0.5]},
								"down": {"uv": [40, 4.5], "uv_size": [1.5, -0.5]}
							}
						},
						{
							"origin": [0.28125, 0.65625, -2.03125],
							"size": [0.46875, 0.3125, 2.875],
							"uv": {
								"north": {"uv": [20, 54], "uv_size": [0.5, 0.5]},
								"east": {"uv": [29, 6], "uv_size": [3, 0.5]},
								"south": {"uv": [22, 54], "uv_size": [0.5, 0.5]},
								"west": {"uv": [29, 8], "uv_size": [3, 0.5]},
								"up": {"uv": [0, 29], "uv_size": [0.5, 3]},
								"down": {"uv": [25, 32], "uv_size": [0.5, -3]}
							}
						},
						{
							"origin": [-0.75, 0.65625, -2],
							"size": [0.46875, 0.3125, 2.84375],
							"uv": {
								"north": {"uv": [53, 28], "uv_size": [0.5, 0.5]},
								"east": {"uv": [28, 21], "uv_size": [3, 0.5]},
								"south": {"uv": [30, 53], "uv_size": [0.5, 0.5]},
								"west": {"uv": [29, 4], "uv_size": [3, 0.5]},
								"up": {"uv": [15, 28], "uv_size": [0.5, 3]},
								"down": {"uv": [23, 31], "uv_size": [0.5, -3]}
							}
						},
						{
							"origin": [-0.75, 0.40625, -2],
							"size": [1.5, 0.25, 0.40625],
							"uv": {
								"north": {"uv": [37, 5], "uv_size": [1.5, 0.5]},
								"east": {"uv": [10, 53], "uv_size": [0.5, 0.5]},
								"south": {"uv": [37, 7], "uv_size": [1.5, 0.5]},
								"west": {"uv": [12, 53], "uv_size": [0.5, 0.5]},
								"up": {"uv": [8, 37], "uv_size": [1.5, 0.5]},
								"down": {"uv": [37, 9.5], "uv_size": [1.5, -0.5]}
							}
						},
						{
							"origin": [0.67821, 0.40625, -2.04536],
							"size": [0.15625, 0.5625, 0.40625],
							"pivot": [0.75634, 0.53125, -1.84223],
							"rotation": [0, -22.5, 0],
							"uv": {
								"north": {"uv": [53, 12], "uv_size": [0.5, 0.5]},
								"east": {"uv": [14, 53], "uv_size": [0.5, 0.5]},
								"south": {"uv": [16, 53], "uv_size": [0.5, 0.5]},
								"west": {"uv": [53, 16], "uv_size": [0.5, 0.5]},
								"up": {"uv": [53, 18], "uv_size": [0.5, 0.5]},
								"down": {"uv": [53, 20.5], "uv_size": [0.5, -0.5]}
							}
						},
						{
							"origin": [-0.83446, 0.40625, -2.04536],
							"size": [0.15625, 0.5625, 0.40625],
							"pivot": [-0.75634, 0.53125, -1.84223],
							"rotation": [0, 22.5, 0],
							"uv": {
								"north": {"uv": [32, 53], "uv_size": [0.5, 0.5]},
								"east": {"uv": [53, 32], "uv_size": [0.5, 0.5]},
								"south": {"uv": [34, 53], "uv_size": [0.5, 0.5]},
								"west": {"uv": [53, 34], "uv_size": [0.5, 0.5]},
								"up": {"uv": [36, 53], "uv_size": [0.5, 0.5]},
								"down": {"uv": [38, 53.5], "uv_size": [0.5, -0.5]}
							}
						},
						{
							"origin": [-0.90625, 0.40625, -3.40625],
							"size": [1.8125, 0.5625, 1.40625],
							"uv": {
								"north": {"uv": [33, 33], "uv_size": [2, 0.5]},
								"east": {"uv": [11, 37], "uv_size": [1.5, 0.5]},
								"south": {"uv": [15, 34], "uv_size": [2, 0.5]},
								"west": {"uv": [37, 18], "uv_size": [1.5, 0.5]},
								"up": {"uv": [13, 0], "uv_size": [2, 1.5]},
								"down": {"uv": [13, 4.5], "uv_size": [2, -1.5]}
							}
						},
						{
							"origin": [-1.28125, 3.233, -6.3125],
							"size": [2.5625, 0.125, 3.0625],
							"uv": {
								"north": {"uv": [32, 21], "uv_size": [2.5, 0.5]},
								"east": {"uv": [29, 12], "uv_size": [3, 0.5]},
								"south": {"uv": [0, 33], "uv_size": [2.5, 0.5]},
								"west": {"uv": [27, 29], "uv_size": [3, 0.5]},
								"up": {"uv": [0, 0], "uv_size": [2.5, 3]},
								"down": {"uv": [0, 7], "uv_size": [2.5, -3]}
							}
						},
						{
							"origin": [1.0625, 3.233, -3.25],
							"size": [0.21875, 0.125, 0.28125],
							"uv": {
								"north": {"uv": [55, 8], "uv_size": [0.5, 0.5]},
								"east": {"uv": [10, 55], "uv_size": [0.5, 0.5]},
								"south": {"uv": [12, 55], "uv_size": [0.5, 0.5]},
								"west": {"uv": [55, 12], "uv_size": [0.5, 0.5]},
								"up": {"uv": [14, 55], "uv_size": [0.5, 0.5]},
								"down": {"uv": [16, 55.5], "uv_size": [0.5, -0.5]}
							}
						},
						{
							"origin": [0.95772, 3.233, -3.21415],
							"size": [0.3125, 0.125, 0.15625],
							"pivot": [1.09835, 3.2955, -3.19853],
							"rotation": [0, -60, 0],
							"uv": {
								"north": {"uv": [55, 16], "uv_size": [0.5, 0.5]},
								"east": {"uv": [55, 18], "uv_size": [0.5, 0.5]},
								"south": {"uv": [55, 20], "uv_size": [0.5, 0.5]},
								"west": {"uv": [55, 22], "uv_size": [0.5, 0.5]},
								"up": {"uv": [24, 55], "uv_size": [0.5, 0.5]},
								"down": {"uv": [55, 24.5], "uv_size": [0.5, -0.5]}
							}
						},
						{
							"origin": [0.90625, 0.875, -6.3125],
							"size": [0.375, 0.125, 4.21875],
							"uv": {
								"north": {"uv": [55, 4], "uv_size": [0.5, 0.5]},
								"east": {"uv": [18, 11], "uv_size": [4, 0.5]},
								"south": {"uv": [6, 55], "uv_size": [0.5, 0.5]},
								"west": {"uv": [17, 18], "uv_size": [4, 0.5]},
								"up": {"uv": [0, 19], "uv_size": [0.5, 4]},
								"down": {"uv": [19, 4], "uv_size": [0.5, -4]}
							}
						},
						{
							"origin": [-0.90625, 0.875, -6.3125],
							"size": [1.8125, 0.125, 3.09375],
							"uv": {
								"north": {"uv": [29, 35], "uv_size": [2, 0.5]},
								"east": {"uv": [17, 30], "uv_size": [3, 0.5]},
								"south": {"uv": [35, 29], "uv_size": [2, 0.5]},
								"west": {"uv": [30, 23], "uv_size": [3, 0.5]},
								"up": {"uv": [4, 0], "uv_size": [2, 3]},
								"down": {"uv": [4, 7], "uv_size": [2, -3]}
							}
						},
						{
							"origin": [-1.25, 0.96875, -5.625],
							"size": [2.5, 0.0625, 0.71875],
							"uv": {
								"north": {"uv": [26.76563, 103.875], "uv_size": [2, 0.5]},
								"east": {"uv": [14.76563, 98.875], "uv_size": [3, 0.5]},
								"south": {"uv": [32.76563, 97.875], "uv_size": [2, 0.5]},
								"west": {"uv": [27.76563, 91.875], "uv_size": [3, 0.5]},
								"up": {"uv": [20.78125, 74.70313], "uv_size": [2, 3]},
								"down": {"uv": [1.76563, 75.875], "uv_size": [2, -3]}
							}
						},
						{
							"origin": [-1.25, 3.21875, -5.625],
							"size": [2.5, 0.0625, 0.71875],
							"uv": {
								"north": {"uv": [26.76563, 103.875], "uv_size": [2, 0.5]},
								"east": {"uv": [14.76563, 98.875], "uv_size": [3, 0.5]},
								"south": {"uv": [32.76563, 97.875], "uv_size": [2, 0.5]},
								"west": {"uv": [27.76563, 91.875], "uv_size": [3, 0.5]},
								"up": {"uv": [1.76563, 68.875], "uv_size": [2, 3]},
								"down": {"uv": [20.78125, 81.70313], "uv_size": [2, -3]}
							}
						},
						{
							"origin": [1.18214, 0.98928, -6.3125],
							"size": [0.5625, 0.125, 4.21875],
							"pivot": [1.36964, 1.05178, -4.15625],
							"rotation": [0, 0, -45],
							"uv": {
								"north": {"uv": [52, 54], "uv_size": [0.5, 0.5]},
								"east": {"uv": [11, 16], "uv_size": [4, 0.5]},
								"south": {"uv": [54, 52], "uv_size": [0.5, 0.5]},
								"west": {"uv": [16, 16], "uv_size": [4, 0.5]},
								"up": {"uv": [3, 17], "uv_size": [0.5, 4]},
								"down": {"uv": [11, 22], "uv_size": [0.5, -4]}
							}
						},
						{
							"origin": [-1.27022, 3.233, -3.21415],
							"size": [0.3125, 0.125, 0.15625],
							"pivot": [-1.09835, 3.2955, -3.19853],
							"rotation": [0, 60, 0],
							"uv": {
								"north": {"uv": [44, 55], "uv_size": [0.5, 0.5]},
								"east": {"uv": [48, 55], "uv_size": [0.5, 0.5]},
								"south": {"uv": [0, 56], "uv_size": [0.5, 0.5]},
								"west": {"uv": [56, 0], "uv_size": [0.5, 0.5]},
								"up": {"uv": [56, 10], "uv_size": [0.5, 0.5]},
								"down": {"uv": [56, 14.5], "uv_size": [0.5, -0.5]}
							}
						},
						{
							"origin": [-1.28125, 3.233, -3.25],
							"size": [0.21875, 0.125, 0.28125],
							"uv": {
								"north": {"uv": [55, 34], "uv_size": [0.5, 0.5]},
								"east": {"uv": [36, 55], "uv_size": [0.5, 0.5]},
								"south": {"uv": [38, 55], "uv_size": [0.5, 0.5]},
								"west": {"uv": [40, 55], "uv_size": [0.5, 0.5]},
								"up": {"uv": [55, 40], "uv_size": [0.5, 0.5]},
								"down": {"uv": [42, 55.5], "uv_size": [0.5, -0.5]}
							}
						},
						{
							"origin": [-1.74464, 3.11872, -6.3125],
							"size": [0.5625, 0.125, 3.34375],
							"pivot": [-1.36964, 3.18122, -4.15625],
							"rotation": [0, 0, -45],
							"uv": {
								"north": {"uv": [55, 32], "uv_size": [0.5, 0.5]},
								"east": {"uv": [28, 0], "uv_size": [3.5, 0.5]},
								"south": {"uv": [34, 55], "uv_size": [0.5, 0.5]},
								"west": {"uv": [28, 2], "uv_size": [3.5, 0.5]},
								"up": {"uv": [11, 28], "uv_size": [0.5, 3.5]},
								"down": {"uv": [13, 31.5], "uv_size": [0.5, -3.5]}
							}
						},
						{
							"origin": [-1.679, 2.304, -6.3125],
							"size": [0.125, 0.65625, 3.34375],
							"uv": {
								"north": {"uv": [30, 55], "uv_size": [0.5, 0.5]},
								"east": {"uv": [27, 17], "uv_size": [3.5, 0.5]},
								"south": {"uv": [32, 55], "uv_size": [0.5, 0.5]},
								"west": {"uv": [25, 27], "uv_size": [3.5, 0.5]},
								"up": {"uv": [4, 28], "uv_size": [0.5, 3.5]},
								"down": {"uv": [6, 31.5], "uv_size": [0.5, -3.5]}
							}
						},
						{
							"origin": [-1.679, 1.98189, -3.29684],
							"size": [0.125, 0.65625, 1.09375],
							"inflate": 0.0001,
							"pivot": [-1.6165, 2.31001, -2.64059],
							"rotation": [-37.5, 0, 0],
							"uv": {
								"north": {"uv": [28, 55], "uv_size": [0.5, 0.5]},
								"east": {"uv": [8, 43], "uv_size": [1, 0.5]},
								"south": {"uv": [55, 28], "uv_size": [0.5, 0.5]},
								"west": {"uv": [43, 8], "uv_size": [1, 0.5]},
								"up": {"uv": [10, 43], "uv_size": [0.5, 1]},
								"down": {"uv": [12, 44], "uv_size": [0.5, -1]}
							}
						},
						{
							"origin": [-1.679, 1.27275, -6.3125],
							"size": [0.125, 1.03125, 4.21875],
							"uv": {
								"north": {"uv": [6, 43], "uv_size": [0.5, 1]},
								"east": {"uv": [10, 6], "uv_size": [4, 1]},
								"south": {"uv": [43, 6], "uv_size": [0.5, 1]},
								"west": {"uv": [0, 11], "uv_size": [4, 1]},
								"up": {"uv": [21, 0], "uv_size": [0.5, 4]},
								"down": {"uv": [5, 25], "uv_size": [0.5, -4]}
							}
						},
						{
							"origin": [-1.554, 1.27275, -5.625],
							"size": [0.03125, 1.65625, 0.71875],
							"uv": {
								"north": {"uv": [3.76563, 111.875], "uv_size": [0.5, 1]},
								"east": {"uv": [7.76563, 74.875], "uv_size": [4, 1]},
								"south": {"uv": [40.76563, 74.875], "uv_size": [0.5, 1]},
								"west": {"uv": [16.78125, 85.70313], "uv_size": [4, 1]},
								"up": {"uv": [18.76563, 68.875], "uv_size": [0.5, 4]},
								"down": {"uv": [2.76563, 93.875], "uv_size": [0.5, -4]}
							}
						},
						{
							"origin": [-1.28125, 0.875, -6.3125],
							"size": [0.375, 0.125, 4.21875],
							"uv": {
								"north": {"uv": [18, 56], "uv_size": [0.5, 0.5]},
								"east": {"uv": [19, 7], "uv_size": [4, 0.5]},
								"south": {"uv": [20, 56], "uv_size": [0.5, 0.5]},
								"west": {"uv": [19, 9], "uv_size": [4, 0.5]},
								"up": {"uv": [7, 21], "uv_size": [0.5, 4]},
								"down": {"uv": [9, 25], "uv_size": [0.5, -4]}
							}
						},
						{
							"origin": [-1.74464, 0.98928, -6.3125],
							"size": [0.5625, 0.125, 4.21875],
							"pivot": [-1.36964, 1.05178, -4.15625],
							"rotation": [0, 0, 45],
							"uv": {
								"north": {"uv": [26, 55], "uv_size": [0.5, 0.5]},
								"east": {"uv": [5, 19], "uv_size": [4, 0.5]},
								"south": {"uv": [55, 26], "uv_size": [0.5, 0.5]},
								"west": {"uv": [19, 5], "uv_size": [4, 0.5]},
								"up": {"uv": [17, 20], "uv_size": [0.5, 4]},
								"down": {"uv": [19, 24], "uv_size": [0.5, -4]}
							}
						},
						{
							"origin": [-1.74464, 1.11428, -5.625],
							"size": [0.5625, 0.03125, 0.71875],
							"pivot": [-1.36964, 1.05178, -4.15625],
							"rotation": [0, 0, 45],
							"uv": {
								"north": {"uv": [23.76563, 123.875], "uv_size": [0.5, 0.5]},
								"east": {"uv": [2.76563, 87.875], "uv_size": [4, 0.5]},
								"south": {"uv": [52.76563, 94.875], "uv_size": [0.5, 0.5]},
								"west": {"uv": [16.76563, 73.875], "uv_size": [4, 0.5]},
								"up": {"uv": [33.78125, 94.70313], "uv_size": [0.5, 4]},
								"down": {"uv": [16.76563, 92.875], "uv_size": [0.5, -4]}
							}
						},
						{
							"origin": [1.18214, 3.10447, -5.625],
							"size": [0.5625, 0.03125, 0.71875],
							"pivot": [1.36964, 3.19822, -4.15625],
							"rotation": [0, 0, 45],
							"uv": {
								"north": {"uv": [24.26563, 124.375], "uv_size": [-0.5, -0.5]},
								"east": {"uv": [20.76563, 74.375], "uv_size": [-4, -0.5]},
								"south": {"uv": [53.26563, 95.375], "uv_size": [-0.5, -0.5]},
								"west": {"uv": [6.76563, 88.375], "uv_size": [-4, -0.5]},
								"up": {"uv": [17.26563, 88.875], "uv_size": [-0.5, 4]},
								"down": {"uv": [34.28125, 98.70313], "uv_size": [-0.5, -4]}
							}
						},
						{
							"origin": [1.52275, 1.27275, -5.625],
							"size": [0.03125, 1.65625, 0.71875],
							"uv": {
								"north": {"uv": [4.26563, 111.875], "uv_size": [-0.5, 1]},
								"east": {"uv": [20.78125, 85.70313], "uv_size": [-4, 1]},
								"south": {"uv": [41.26563, 74.875], "uv_size": [-0.5, 1]},
								"west": {"uv": [11.76563, 74.875], "uv_size": [-4, 1]},
								"up": {"uv": [19.26563, 68.875], "uv_size": [-0.5, 4]},
								"down": {"uv": [3.26563, 93.875], "uv_size": [-0.5, -4]}
							}
						},
						{
							"origin": [1.18214, 1.11428, -5.625],
							"size": [0.5625, 0.03125, 0.71875],
							"pivot": [1.36964, 1.05178, -4.15625],
							"rotation": [0, 0, -45],
							"uv": {
								"north": {"uv": [24.26563, 123.875], "uv_size": [-0.5, 0.5]},
								"east": {"uv": [20.76563, 73.875], "uv_size": [-4, 0.5]},
								"south": {"uv": [53.26563, 94.875], "uv_size": [-0.5, 0.5]},
								"west": {"uv": [6.76563, 87.875], "uv_size": [-4, 0.5]},
								"up": {"uv": [34.28125, 94.70313], "uv_size": [-0.5, 4]},
								"down": {"uv": [17.26563, 92.875], "uv_size": [-0.5, -4]}
							}
						},
						{
							"origin": [-1.74464, 3.10447, -5.625],
							"size": [0.5625, 0.03125, 0.71875],
							"pivot": [-1.36964, 3.19822, -4.15625],
							"rotation": [0, 0, -45],
							"uv": {
								"north": {"uv": [23.76563, 124.375], "uv_size": [0.5, -0.5]},
								"east": {"uv": [2.76563, 88.375], "uv_size": [4, -0.5]},
								"south": {"uv": [52.76563, 95.375], "uv_size": [0.5, -0.5]},
								"west": {"uv": [16.76563, 74.375], "uv_size": [4, -0.5]},
								"up": {"uv": [16.76563, 88.875], "uv_size": [0.5, 4]},
								"down": {"uv": [33.78125, 98.70313], "uv_size": [0.5, -4]}
							}
						},
						{
							"origin": [1.18214, 3.11872, -6.3125],
							"size": [0.5625, 0.125, 3.34375],
							"pivot": [1.36964, 3.18122, -4.15625],
							"rotation": [0, 0, 45],
							"uv": {
								"north": {"uv": [55, 2], "uv_size": [0.5, 0.5]},
								"east": {"uv": [4, 26], "uv_size": [3.5, 0.5]},
								"south": {"uv": [4, 55], "uv_size": [0.5, 0.5]},
								"west": {"uv": [26, 15], "uv_size": [3.5, 0.5]},
								"up": {"uv": [9, 26], "uv_size": [0.5, 3.5]},
								"down": {"uv": [2, 30.5], "uv_size": [0.5, -3.5]}
							}
						},
						{
							"origin": [1.554, 1.27275, -6.3125],
							"size": [0.125, 1.03125, 4.21875],
							"uv": {
								"north": {"uv": [42, 39], "uv_size": [0.5, 1]},
								"east": {"uv": [3, 9], "uv_size": [4, 1]},
								"south": {"uv": [42, 41], "uv_size": [0.5, 1]},
								"west": {"uv": [8, 9], "uv_size": [4, 1]},
								"up": {"uv": [13, 18], "uv_size": [0.5, 4]},
								"down": {"uv": [15, 22], "uv_size": [0.5, -4]}
							}
						},
						{
							"origin": [1.679, 1.429, -5.6875],
							"size": [0.125, 0.875, 2.3125],
							"uv": {
								"north": {"uv": [43, 12], "uv_size": [0.5, 1]},
								"east": {"uv": [11, 14], "uv_size": [2.5, 1]},
								"south": {"uv": [14, 43], "uv_size": [0.5, 1]},
								"west": {"uv": [14, 12], "uv_size": [2.5, 1]},
								"up": {"uv": [19, 32], "uv_size": [0.5, 2.5]},
								"down": {"uv": [23, 34.5], "uv_size": [0.5, -2.5]}
							}
						},
						{
							"origin": [-1.59028, 2.81995, -5.6875],
							"size": [0.09375, 0.6875, 0.5],
							"pivot": [-1.52778, 3.14807, -5.4375],
							"rotation": [0, 0, 45],
							"uv": {
								"north": {"uv": [59, 8], "uv_size": [0.5, 0.5]},
								"east": {"uv": [10, 59], "uv_size": [0.5, 0.5]},
								"south": {"uv": [12, 59], "uv_size": [0.5, 0.5]},
								"west": {"uv": [59, 12], "uv_size": [0.5, 0.5]},
								"up": {"uv": [14, 59], "uv_size": [0.5, 0.5]},
								"down": {"uv": [16, 59.5], "uv_size": [0.5, -0.5]}
							}
						},
						{
							"origin": [-1.804, 1.91919, -5.4375],
							"size": [0.125, 0.9375, 0.5],
							"pivot": [-1.7415, 2.60669, -5.1875],
							"rotation": [45, 0, 0],
							"uv": {
								"north": {"uv": [43, 25], "uv_size": [0.5, 1]},
								"east": {"uv": [27, 43], "uv_size": [0.5, 1]},
								"south": {"uv": [43, 27], "uv_size": [0.5, 1]},
								"west": {"uv": [29, 43], "uv_size": [0.5, 1]},
								"up": {"uv": [59, 6], "uv_size": [0.5, 0.5]},
								"down": {"uv": [8, 59.5], "uv_size": [0.5, -0.5]}
							}
						},
						{
							"origin": [-1.804, 2.304, -5.6875],
							"size": [0.125, 0.65625, 0.5],
							"uv": {
								"north": {"uv": [58, 58], "uv_size": [0.5, 0.5]},
								"east": {"uv": [2, 59], "uv_size": [0.5, 0.5]},
								"south": {"uv": [59, 2], "uv_size": [0.5, 0.5]},
								"west": {"uv": [4, 59], "uv_size": [0.5, 0.5]},
								"up": {"uv": [59, 4], "uv_size": [0.5, 0.5]},
								"down": {"uv": [6, 59.5], "uv_size": [0.5, -0.5]}
							}
						},
						{
							"origin": [-1.804, 1.96367, -5.30597],
							"size": [0.15625, 0.265, 0.1875],
							"pivot": [-1.7415, 1.36836, -4.53125],
							"rotation": [45, 0, 0],
							"uv": {
								"north": {"uv": [52, 58], "uv_size": [0.5, 0.5]},
								"east": {"uv": [58, 52], "uv_size": [0.5, 0.5]},
								"south": {"uv": [54, 58], "uv_size": [0.5, 0.5]},
								"west": {"uv": [58, 54], "uv_size": [0.5, 0.5]},
								"up": {"uv": [56, 58], "uv_size": [0.5, 0.5]},
								"down": {"uv": [58, 56.5], "uv_size": [0.5, -0.5]}
							}
						},
						{
							"origin": [-1.804, 1.2415, -5.5],
							"size": [0.15625, 0.1875, 1.9375],
							"uv": {
								"north": {"uv": [50, 58], "uv_size": [0.5, 0.5]},
								"east": {"uv": [36, 12], "uv_size": [2, 0.5]},
								"south": {"uv": [58, 50], "uv_size": [0.5, 0.5]},
								"west": {"uv": [36, 16], "uv_size": [2, 0.5]},
								"up": {"uv": [17, 36], "uv_size": [0.5, 2]},
								"down": {"uv": [19, 38], "uv_size": [0.5, -2]}
							}
						},
						{
							"origin": [-1.804, 1.96367, -3.94403],
							"size": [0.15625, 0.265, 0.1875],
							"pivot": [-1.7415, 1.36836, -4.53125],
							"rotation": [-45, 0, 0],
							"uv": {
								"north": {"uv": [58, 38], "uv_size": [0.5, 0.5]},
								"east": {"uv": [58, 42], "uv_size": [0.5, 0.5]},
								"south": {"uv": [58, 44], "uv_size": [0.5, 0.5]},
								"west": {"uv": [46, 58], "uv_size": [0.5, 0.5]},
								"up": {"uv": [58, 46], "uv_size": [0.5, 0.5]},
								"down": {"uv": [58, 48.5], "uv_size": [0.5, -0.5]}
							}
						},
						{
							"origin": [-1.804, 1.44641, -3.45661],
							"size": [0.125, 0.53125, 0.1875],
							"pivot": [-1.7415, 1.72766, -3.36286],
							"rotation": [-20.5, 0, 0],
							"uv": {
								"north": {"uv": [58, 14], "uv_size": [0.5, 0.5]},
								"east": {"uv": [18, 58], "uv_size": [0.5, 0.5]},
								"south": {"uv": [20, 58], "uv_size": [0.5, 0.5]},
								"west": {"uv": [22, 58], "uv_size": [0.5, 0.5]},
								"up": {"uv": [58, 30], "uv_size": [0.5, 0.5]},
								"down": {"uv": [58, 36.5], "uv_size": [0.5, -0.5]}
							}
						},
						{
							"origin": [-1.804, 2.07767, -3.46875],
							"size": [0.125, 0.1875, 0.265],
							"pivot": [-1.7415, 2.17142, -3.375],
							"rotation": [-45, 0, 0],
							"uv": {
								"north": {"uv": [42, 57], "uv_size": [0.5, 0.5]},
								"east": {"uv": [44, 57], "uv_size": [0.5, 0.5]},
								"south": {"uv": [48, 57], "uv_size": [0.5, 0.5]},
								"west": {"uv": [0, 58], "uv_size": [0.5, 0.5]},
								"up": {"uv": [58, 0], "uv_size": [0.5, 0.5]},
								"down": {"uv": [58, 10.5], "uv_size": [0.5, -0.5]}
							}
						},
						{
							"origin": [-1.804, 1.429, -5.6875],
							"size": [0.125, 0.875, 2.3125],
							"uv": {
								"north": {"uv": [43, 23], "uv_size": [0.5, 1]},
								"east": {"uv": [15, 6], "uv_size": [2.5, 1]},
								"south": {"uv": [25, 43], "uv_size": [0.5, 1]},
								"west": {"uv": [15, 14], "uv_size": [2.5, 1]},
								"up": {"uv": [33, 6], "uv_size": [0.5, 2.5]},
								"down": {"uv": [10, 35.5], "uv_size": [0.5, -2.5]}
							}
						},
						{
							"origin": [1.679, 2.304, -5.6875],
							"size": [0.125, 0.65625, 0.5],
							"uv": {
								"north": {"uv": [57, 22], "uv_size": [0.5, 0.5]},
								"east": {"uv": [24, 57], "uv_size": [0.5, 0.5]},
								"south": {"uv": [57, 24], "uv_size": [0.5, 0.5]},
								"west": {"uv": [26, 57], "uv_size": [0.5, 0.5]},
								"up": {"uv": [57, 26], "uv_size": [0.5, 0.5]},
								"down": {"uv": [28, 57.5], "uv_size": [0.5, -0.5]}
							}
						},
						{
							"origin": [1.679, 1.91919, -5.4375],
							"size": [0.125, 0.9375, 0.5],
							"pivot": [1.7415, 2.60669, -5.1875],
							"rotation": [45, 0, 0],
							"uv": {
								"north": {"uv": [16, 43], "uv_size": [0.5, 1]},
								"east": {"uv": [43, 17], "uv_size": [0.5, 1]},
								"south": {"uv": [43, 19], "uv_size": [0.5, 1]},
								"west": {"uv": [43, 21], "uv_size": [0.5, 1]},
								"up": {"uv": [40, 57], "uv_size": [0.5, 0.5]},
								"down": {"uv": [57, 40.5], "uv_size": [0.5, -0.5]}
							}
						},
						{
							"origin": [-1.31714, 3.32138, -5.6875],
							"size": [2.635, 0.125, 0.5],
							"uv": {
								"north": {"uv": [33, 0], "uv_size": [2.5, 0.5]},
								"east": {"uv": [36, 57], "uv_size": [0.5, 0.5]},
								"south": {"uv": [33, 2], "uv_size": [2.5, 0.5]},
								"west": {"uv": [38, 57], "uv_size": [0.5, 0.5]},
								"up": {"uv": [4, 33], "uv_size": [2.5, 0.5]},
								"down": {"uv": [33, 4.5], "uv_size": [2.5, -0.5]}
							}
						},
						{
							"origin": [1.49653, 2.81995, -5.6875],
							"size": [0.09375, 0.6875, 0.5],
							"pivot": [1.52778, 3.14807, -5.4375],
							"rotation": [0, 0, -45],
							"uv": {
								"north": {"uv": [57, 28], "uv_size": [0.5, 0.5]},
								"east": {"uv": [30, 57], "uv_size": [0.5, 0.5]},
								"south": {"uv": [32, 57], "uv_size": [0.5, 0.5]},
								"west": {"uv": [57, 32], "uv_size": [0.5, 0.5]},
								"up": {"uv": [34, 57], "uv_size": [0.5, 0.5]},
								"down": {"uv": [57, 34.5], "uv_size": [0.5, -0.5]}
							}
						},
						{
							"origin": [-1.804, 1.929, -3.375],
							"size": [0.125, 0.1875, 0.1875],
							"uv": {
								"north": {"uv": [56, 54], "uv_size": [0.5, 0.5]},
								"east": {"uv": [56, 56], "uv_size": [0.5, 0.5]},
								"south": {"uv": [2, 57], "uv_size": [0.5, 0.5]},
								"west": {"uv": [57, 2], "uv_size": [0.5, 0.5]},
								"up": {"uv": [4, 57], "uv_size": [0.5, 0.5]},
								"down": {"uv": [57, 4.5], "uv_size": [0.5, -0.5]}
							}
						},
						{
							"origin": [1.679, 1.929, -3.375],
							"size": [0.125, 0.1875, 0.1875],
							"uv": {
								"north": {"uv": [59, 16], "uv_size": [0.5, 0.5]},
								"east": {"uv": [59, 18], "uv_size": [0.5, 0.5]},
								"south": {"uv": [59, 20], "uv_size": [0.5, 0.5]},
								"west": {"uv": [59, 22], "uv_size": [0.5, 0.5]},
								"up": {"uv": [24, 59], "uv_size": [0.5, 0.5]},
								"down": {"uv": [59, 24.5], "uv_size": [0.5, -0.5]}
							}
						},
						{
							"origin": [1.679, 1.44641, -3.45661],
							"size": [0.125, 0.53125, 0.1875],
							"pivot": [1.7415, 1.72766, -3.36286],
							"rotation": [-20.5, 0, 0],
							"uv": {
								"north": {"uv": [57, 12], "uv_size": [0.5, 0.5]},
								"east": {"uv": [14, 57], "uv_size": [0.5, 0.5]},
								"south": {"uv": [16, 57], "uv_size": [0.5, 0.5]},
								"west": {"uv": [57, 16], "uv_size": [0.5, 0.5]},
								"up": {"uv": [57, 18], "uv_size": [0.5, 0.5]},
								"down": {"uv": [57, 20.5], "uv_size": [0.5, -0.5]}
							}
						},
						{
							"origin": [1.679, 2.07767, -3.46875],
							"size": [0.125, 0.1875, 0.265],
							"pivot": [1.7415, 2.17142, -3.375],
							"rotation": [-45, 0, 0],
							"uv": {
								"north": {"uv": [6, 57], "uv_size": [0.5, 0.5]},
								"east": {"uv": [57, 6], "uv_size": [0.5, 0.5]},
								"south": {"uv": [8, 57], "uv_size": [0.5, 0.5]},
								"west": {"uv": [57, 8], "uv_size": [0.5, 0.5]},
								"up": {"uv": [10, 57], "uv_size": [0.5, 0.5]},
								"down": {"uv": [12, 57.5], "uv_size": [0.5, -0.5]}
							}
						},
						{
							"origin": [1.64775, 1.96367, -5.30597],
							"size": [0.15625, 0.265, 0.1875],
							"pivot": [1.7415, 1.36836, -4.53125],
							"rotation": [45, 0, 0],
							"uv": {
								"north": {"uv": [22, 56], "uv_size": [0.5, 0.5]},
								"east": {"uv": [56, 30], "uv_size": [0.5, 0.5]},
								"south": {"uv": [56, 36], "uv_size": [0.5, 0.5]},
								"west": {"uv": [56, 38], "uv_size": [0.5, 0.5]},
								"up": {"uv": [56, 42], "uv_size": [0.5, 0.5]},
								"down": {"uv": [56, 44.5], "uv_size": [0.5, -0.5]}
							}
						},
						{
							"origin": [1.64775, 1.96367, -3.94403],
							"size": [0.15625, 0.265, 0.1875],
							"pivot": [1.7415, 1.36836, -4.53125],
							"rotation": [-45, 0, 0],
							"uv": {
								"north": {"uv": [56, 48], "uv_size": [0.5, 0.5]},
								"east": {"uv": [50, 56], "uv_size": [0.5, 0.5]},
								"south": {"uv": [56, 50], "uv_size": [0.5, 0.5]},
								"west": {"uv": [52, 56], "uv_size": [0.5, 0.5]},
								"up": {"uv": [56, 52], "uv_size": [0.5, 0.5]},
								"down": {"uv": [54, 56.5], "uv_size": [0.5, -0.5]}
							}
						},
						{
							"origin": [1.64775, 1.2415, -5.5],
							"size": [0.15625, 0.1875, 1.9375],
							"uv": {
								"north": {"uv": [46, 56], "uv_size": [0.5, 0.5]},
								"east": {"uv": [35, 31], "uv_size": [2, 0.5]},
								"south": {"uv": [56, 46], "uv_size": [0.5, 0.5]},
								"west": {"uv": [32, 35], "uv_size": [2, 0.5]},
								"up": {"uv": [35, 35], "uv_size": [0.5, 2]},
								"down": {"uv": [15, 38], "uv_size": [0.5, -2]}
							}
						},
						{
							"origin": [1.554, 2.304, -6.3125],
							"size": [0.125, 0.65625, 3.34375],
							"uv": {
								"north": {"uv": [54, 54], "uv_size": [0.5, 0.5]},
								"east": {"uv": [25, 23], "uv_size": [3.5, 0.5]},
								"south": {"uv": [2, 55], "uv_size": [0.5, 0.5]},
								"west": {"uv": [25, 25], "uv_size": [3.5, 0.5]},
								"up": {"uv": [19, 25], "uv_size": [0.5, 3.5]},
								"down": {"uv": [21, 28.5], "uv_size": [0.5, -3.5]}
							}
						},
						{
							"origin": [1.554, 1.98189, -3.29684],
							"size": [0.125, 0.65625, 1.09375],
							"inflate": 0.0001,
							"pivot": [1.679, 2.31001, -2.64059],
							"rotation": [-37.5, 0, 0],
							"uv": {
								"north": {"uv": [55, 6], "uv_size": [0.5, 0.5]},
								"east": {"uv": [2, 43], "uv_size": [1, 0.5]},
								"south": {"uv": [8, 55], "uv_size": [0.5, 0.5]},
								"west": {"uv": [43, 2], "uv_size": [1, 0.5]},
								"up": {"uv": [4, 43], "uv_size": [0.5, 1]},
								"down": {"uv": [43, 5], "uv_size": [0.5, -1]}
							}
						},
						{
							"origin": [-0.28125, 0.52082, -2.0355],
							"size": [0.5625, 0.34375, 1.625],
							"pivot": [0, 0.64582, -1.223],
							"rotation": [-7.5, 0, 0],
							"uv": {
								"north": {"uv": [50, 54], "uv_size": [0.5, 0.5]},
								"east": {"uv": [40, 35], "uv_size": [1.5, 0.5]},
								"south": {"uv": [54, 50], "uv_size": [0.5, 0.5]},
								"west": {"uv": [40, 37], "uv_size": [1.5, 0.5]},
								"up": {"uv": [3, 40], "uv_size": [0.5, 1.5]},
								"down": {"uv": [0, 42.5], "uv_size": [0.5, -1.5]}
							}
						},
						{
							"origin": [-0.28125, 0.40625, -0.40175],
							"size": [0.5625, 0.5625, 1.21875],
							"uv": {
								"north": {"uv": [48, 53], "uv_size": [0.5, 0.5]},
								"east": {"uv": [19, 42], "uv_size": [1, 0.5]},
								"south": {"uv": [0, 54], "uv_size": [0.5, 0.5]},
								"west": {"uv": [21, 42], "uv_size": [1, 0.5]},
								"up": {"uv": [23, 42], "uv_size": [0.5, 1]},
								"down": {"uv": [42, 33], "uv_size": [0.5, -1]}
							}
						},
						{
							"origin": [-0.625, 0.40625, -2],
							"size": [1.25, 0.25, 1.40625],
							"uv": {
								"north": {"uv": [37, 27], "uv_size": [1.5, 0.5]},
								"east": {"uv": [29, 37], "uv_size": [1.5, 0.5]},
								"south": {"uv": [32, 37], "uv_size": [1.5, 0.5]},
								"west": {"uv": [37, 35], "uv_size": [1.5, 0.5]},
								"up": {"uv": [0, 16], "uv_size": [1.5, 1.5]},
								"down": {"uv": [16, 1.5], "uv_size": [1.5, -1.5]}
							}
						},
						{
							"origin": [-0.90625, 0.6875, -5.1875],
							"size": [1.8125, 0.28125, 1.78125],
							"uv": {
								"north": {"uv": [34, 23], "uv_size": [2, 0.5]},
								"east": {"uv": [34, 25], "uv_size": [2, 0.5]},
								"south": {"uv": [34, 27], "uv_size": [2, 0.5]},
								"west": {"uv": [0, 35], "uv_size": [2, 0.5]},
								"up": {"uv": [7, 6], "uv_size": [2, 2]},
								"down": {"uv": [0, 10], "uv_size": [2, -2]}
							}
						},
						{
							"origin": [0.53125, 0.5213, -5.19278],
							"size": [0.375, 0.28125, 1.8125],
							"pivot": [0.71875, 0.66192, -4.2709],
							"rotation": [-7.5, 0, 0],
							"uv": {
								"north": {"uv": [40, 53], "uv_size": [0.5, 0.5]},
								"east": {"uv": [3, 35], "uv_size": [2, 0.5]},
								"south": {"uv": [53, 40], "uv_size": [0.5, 0.5]},
								"west": {"uv": [6, 35], "uv_size": [2, 0.5]},
								"up": {"uv": [35, 6], "uv_size": [0.5, 2]},
								"down": {"uv": [35, 11], "uv_size": [0.5, -2]}
							}
						},
						{
							"origin": [-0.90625, 0.5213, -5.19278],
							"size": [0.375, 0.28125, 1.8125],
							"pivot": [-0.71875, 0.66192, -4.2709],
							"rotation": [-7.5, 0, 0],
							"uv": {
								"north": {"uv": [42, 53], "uv_size": [0.5, 0.5]},
								"east": {"uv": [12, 35], "uv_size": [2, 0.5]},
								"south": {"uv": [44, 53], "uv_size": [0.5, 0.5]},
								"west": {"uv": [35, 14], "uv_size": [2, 0.5]},
								"up": {"uv": [35, 18], "uv_size": [0.5, 2]},
								"down": {"uv": [27, 37], "uv_size": [0.5, -2]}
							}
						},
						{
							"origin": [1.53125, 1.875, -3.5625],
							"size": [0.3125, 0.28125, 0.28125],
							"pivot": [1.8125, 2, -3.4375],
							"rotation": [45, 0, 0],
							"uv": {
								"north": {"uv": [60, 54], "uv_size": [0.5, 0.5]},
								"east": {"uv": [56, 60], "uv_size": [0.5, 0.5]},
								"south": {"uv": [60, 56], "uv_size": [0.5, 0.5]},
								"west": {"uv": [58, 60], "uv_size": [0.5, 0.5]},
								"up": {"uv": [60, 58], "uv_size": [0.5, 0.5]},
								"down": {"uv": [60, 60.5], "uv_size": [0.5, -0.5]}
							}
						},
						{
							"origin": [-1.84375, 1.875, -3.5625],
							"size": [0.3125, 0.28125, 0.28125],
							"pivot": [-1.8125, 2, -3.4375],
							"rotation": [45, 0, 0],
							"uv": {
								"north": {"uv": [2, 61], "uv_size": [0.5, 0.5]},
								"east": {"uv": [61, 2], "uv_size": [0.5, 0.5]},
								"south": {"uv": [4, 61], "uv_size": [0.5, 0.5]},
								"west": {"uv": [61, 4], "uv_size": [0.5, 0.5]},
								"up": {"uv": [6, 61], "uv_size": [0.5, 0.5]},
								"down": {"uv": [61, 6.5], "uv_size": [0.5, -0.5]}
							}
						},
						{
							"origin": [0.1875, 1.53125, 0.3125],
							"size": [0.125, 0.01, 0.125],
							"pivot": [0.25, 1.54688, 0.375],
							"rotation": [0, 45, 0],
							"uv": {
								"north": {"uv": [64, 42], "uv_size": [0.5, 0.5]},
								"east": {"uv": [64, 44], "uv_size": [0.5, 0.5]},
								"south": {"uv": [46, 64], "uv_size": [0.5, 0.5]},
								"west": {"uv": [64, 46], "uv_size": [0.5, 0.5]},
								"up": {"uv": [64, 48], "uv_size": [0.5, 0.5]},
								"down": {"uv": [50, 64.5], "uv_size": [0.5, -0.5]}
							}
						},
						{
							"origin": [0.40625, 1.5, -0.09375],
							"size": [0.1875, 0.03125, 0.1875],
							"pivot": [0.5, 1.51563, 0],
							"rotation": [0, 45, 0],
							"uv": {
								"north": {"uv": [64, 56], "uv_size": [0.5, 0.5]},
								"east": {"uv": [58, 64], "uv_size": [0.5, 0.5]},
								"south": {"uv": [64, 58], "uv_size": [0.5, 0.5]},
								"west": {"uv": [60, 64], "uv_size": [0.5, 0.5]},
								"up": {"uv": [64, 60], "uv_size": [0.5, 0.5]},
								"down": {"uv": [62, 64.5], "uv_size": [0.5, -0.5]}
							}
						},
						{
							"origin": [-0.59375, 1.5, -0.09375],
							"size": [0.1875, 0.03125, 0.1875],
							"pivot": [-0.5, 1.51563, 0],
							"rotation": [0, -45, 0],
							"uv": {
								"north": {"uv": [64, 62], "uv_size": [0.5, 0.5]},
								"east": {"uv": [64, 64], "uv_size": [0.5, 0.5]},
								"south": {"uv": [2, 65], "uv_size": [0.5, 0.5]},
								"west": {"uv": [65, 2], "uv_size": [0.5, 0.5]},
								"up": {"uv": [4, 65], "uv_size": [0.5, 0.5]},
								"down": {"uv": [65, 4.5], "uv_size": [0.5, -0.5]}
							}
						},
						{
							"origin": [0.40625, 1.5, 0.59375],
							"size": [0.1875, 0.03125, 0.1875],
							"pivot": [0.5, 1.51563, 0.6875],
							"rotation": [0, 45, 0],
							"uv": {
								"north": {"uv": [65, 12], "uv_size": [0.5, 0.5]},
								"east": {"uv": [14, 65], "uv_size": [0.5, 0.5]},
								"south": {"uv": [16, 65], "uv_size": [0.5, 0.5]},
								"west": {"uv": [65, 16], "uv_size": [0.5, 0.5]},
								"up": {"uv": [65, 18], "uv_size": [0.5, 0.5]},
								"down": {"uv": [65, 20.5], "uv_size": [0.5, -0.5]}
							}
						},
						{
							"origin": [-0.59375, 1.5, 0.59375],
							"size": [0.1875, 0.03125, 0.1875],
							"pivot": [-0.5, 1.51563, 0.6875],
							"rotation": [0, -45, 0],
							"uv": {
								"north": {"uv": [6, 65], "uv_size": [0.5, 0.5]},
								"east": {"uv": [65, 6], "uv_size": [0.5, 0.5]},
								"south": {"uv": [8, 65], "uv_size": [0.5, 0.5]},
								"west": {"uv": [65, 8], "uv_size": [0.5, 0.5]},
								"up": {"uv": [10, 65], "uv_size": [0.5, 0.5]},
								"down": {"uv": [12, 65.5], "uv_size": [0.5, -0.5]}
							}
						},
						{
							"origin": [-0.3125, 1.53125, 0.3125],
							"size": [0.125, 0.01, 0.125],
							"pivot": [-0.25, 1.54688, 0.375],
							"rotation": [0, -45, 0],
							"uv": {
								"north": {"uv": [64, 50], "uv_size": [0.5, 0.5]},
								"east": {"uv": [52, 64], "uv_size": [0.5, 0.5]},
								"south": {"uv": [64, 52], "uv_size": [0.5, 0.5]},
								"west": {"uv": [54, 64], "uv_size": [0.5, 0.5]},
								"up": {"uv": [64, 54], "uv_size": [0.5, 0.5]},
								"down": {"uv": [56, 64.5], "uv_size": [0.5, -0.5]}
							}
						},
						{
							"origin": [-1.28125, 0.8125, 0.21875],
							"size": [0.03125, 0.25, 0.25],
							"pivot": [-1.3125, 0.9375, 0.34375],
							"rotation": [45, 0, 0],
							"uv": {
								"north": {"uv": [68, 42], "uv_size": [0.5, 0.5]},
								"east": {"uv": [68, 44], "uv_size": [0.5, 0.5]},
								"south": {"uv": [46, 68], "uv_size": [0.5, 0.5]},
								"west": {"uv": [68, 46], "uv_size": [0.5, 0.5]},
								"up": {"uv": [68, 48], "uv_size": [0.5, 0.5]},
								"down": {"uv": [50, 68.5], "uv_size": [0.5, -0.5]}
							}
						},
						{
							"origin": [-0.28125, 0.71875, 1.13],
							"size": [0.5625, 0.5625, 0],
							"uv": {
								"east": {"uv": [0, 0], "uv_size": [0, 0.5625]},
								"south": {"uv": [70, 1], "uv_size": [5, 5]},
								"west": {"uv": [0, 0], "uv_size": [0, 0.5625]},
								"up": {"uv": [0.5625, 0], "uv_size": [-0.5625, 0]},
								"down": {"uv": [0.5625, 0], "uv_size": [-0.5625, 0]}
							}
						},
						{
							"origin": [0.76, 0.53125, 0.6875],
							"size": [0, 0.3125, 0.3125],
							"uv": {
								"north": {"uv": [0, 0], "uv_size": [0, 0.4375]},
								"south": {"uv": [0, 0], "uv_size": [0, 0.4375]},
								"west": {"uv": [70, 10.96875], "uv_size": [2.5, 2.5]},
								"up": {"uv": [0, 0.4375], "uv_size": [0, -0.4375]},
								"down": {"uv": [0, 0.4375], "uv_size": [0, -0.4375]}
							}
						},
						{
							"origin": [-0.76, 0.53125, -0.28125],
							"size": [0, 0.3125, 0.3125],
							"uv": {
								"north": {"uv": [0, 0], "uv_size": [0, 0.4375]},
								"east": {"uv": [72.5, 7], "uv_size": [-2.5, 2.5]},
								"south": {"uv": [0, 0], "uv_size": [0, 0.4375]},
								"west": {"uv": [76.5, 7], "uv_size": [-2.5, 2.5]},
								"up": {"uv": [0, 0.4375], "uv_size": [0, -0.4375]},
								"down": {"uv": [0, 0.4375], "uv_size": [0, -0.4375]}
							}
						},
						{
							"origin": [-0.76, 0.53125, 0.65625],
							"size": [0, 0.3125, 0.3125],
							"uv": {
								"north": {"uv": [0, 0], "uv_size": [0, 0.4375]},
								"east": {"uv": [72.5, 11], "uv_size": [-2.5, 2.5]},
								"south": {"uv": [0, 0], "uv_size": [0, 0.4375]},
								"up": {"uv": [0, 0.4375], "uv_size": [0, -0.4375]},
								"down": {"uv": [0, 0.4375], "uv_size": [0, -0.4375]}
							}
						},
						{
							"origin": [0.76, 0.53125, -0.28125],
							"size": [0, 0.3125, 0.3125],
							"uv": {
								"north": {"uv": [0, 0], "uv_size": [0, 0.4375]},
								"east": {"uv": [74, 7], "uv_size": [2.5, 2.5]},
								"south": {"uv": [0, 0], "uv_size": [0, 0.4375]},
								"west": {"uv": [70, 7], "uv_size": [2.5, 2.5]},
								"up": {"uv": [0, 0.4375], "uv_size": [0, -0.4375]},
								"down": {"uv": [0, 0.4375], "uv_size": [0, -0.4375]}
							}
						},
						{
							"origin": [-1.0625, 0.78125, 0.84375],
							"size": [0.28125, 0.28125, 0],
							"uv": {
								"east": {"uv": [0, 0], "uv_size": [0, 0.28125]},
								"south": {"uv": [75, 1], "uv_size": [2.5, 2.5]},
								"west": {"uv": [0, 0], "uv_size": [0, 0.28125]},
								"up": {"uv": [0.28125, 0], "uv_size": [-0.28125, 0]},
								"down": {"uv": [0.28125, 0], "uv_size": [-0.28125, 0]}
							}
						},
						{
							"origin": [-1.0625, 0.78125, 0.84375],
							"size": [0.28125, 0.28125, 0],
							"pivot": [-1.2031, 0.9375, 0.3438],
							"rotation": [45, 0, 0],
							"uv": {
								"east": {"uv": [0, 0], "uv_size": [0, 0.28125]},
								"south": {"uv": [80, 1], "uv_size": [2.5, 2.5]},
								"west": {"uv": [0, 0], "uv_size": [0, 0.28125]},
								"up": {"uv": [0.28125, 0], "uv_size": [-0.28125, 0]},
								"down": {"uv": [0.28125, 0], "uv_size": [-0.28125, 0]}
							}
						},
						{
							"origin": [-1.0625, 0.78125, 0.84375],
							"size": [0.28125, 0.28125, 0],
							"pivot": [-1.2031, 0.9375, 0.3438],
							"rotation": [90, 0, 0],
							"uv": {
								"east": {"uv": [0, 0], "uv_size": [0, 0.28125]},
								"south": {"uv": [84, 1], "uv_size": [2.5, 2.5]},
								"west": {"uv": [0, 0], "uv_size": [0, 0.28125]},
								"up": {"uv": [0.28125, 0], "uv_size": [-0.28125, 0]},
								"down": {"uv": [0.28125, 0], "uv_size": [-0.28125, 0]}
							}
						},
						{
							"origin": [-1.0625, 0.78125, 0.84375],
							"size": [0.28125, 0.28125, 0],
							"pivot": [-1.2031, 0.9375, 0.3438],
							"rotation": [135, 0, 0],
							"uv": {
								"east": {"uv": [0, 0], "uv_size": [0, 0.28125]},
								"south": {"uv": [80, 5], "uv_size": [2.5, 2.5]},
								"west": {"uv": [0, 0], "uv_size": [0, 0.28125]},
								"up": {"uv": [0.28125, 0], "uv_size": [-0.28125, 0]},
								"down": {"uv": [0.28125, 0], "uv_size": [-0.28125, 0]}
							}
						},
						{
							"origin": [-1.0625, 0.78125, 0.84375],
							"size": [0.28125, 0.28125, 0],
							"pivot": [-1.2031, 0.9375, 0.3438],
							"rotation": [180, 0, 0],
							"uv": {
								"east": {"uv": [0, 0], "uv_size": [0, 0.28125]},
								"south": {"uv": [80, 9], "uv_size": [2.5, 2.5]},
								"west": {"uv": [0, 0], "uv_size": [0, 0.28125]},
								"up": {"uv": [0.28125, 0], "uv_size": [-0.28125, 0]},
								"down": {"uv": [0.28125, 0], "uv_size": [-0.28125, 0]}
							}
						},
						{
							"origin": [-1.0625, 0.78125, 0.84375],
							"size": [0.28125, 0.28125, 0],
							"pivot": [-1.2031, 0.9375, 0.3438],
							"rotation": [-135, 0, 0],
							"uv": {
								"east": {"uv": [0, 0], "uv_size": [0, 0.28125]},
								"south": {"uv": [75, 9], "uv_size": [2.5, 2.5]},
								"west": {"uv": [0, 0], "uv_size": [0, 0.28125]},
								"up": {"uv": [0.28125, 0], "uv_size": [-0.28125, 0]},
								"down": {"uv": [0.28125, 0], "uv_size": [-0.28125, 0]}
							}
						},
						{
							"origin": [-1.0625, 0.78125, 0.84375],
							"size": [0.28125, 0.28125, 0],
							"pivot": [-1.2031, 0.9375, 0.3438],
							"rotation": [-45, 0, 0],
							"uv": {
								"east": {"uv": [0, 0], "uv_size": [0, 0.28125]},
								"south": {"uv": [75, 13], "uv_size": [2.5, 2.5]},
								"west": {"uv": [0, 0], "uv_size": [0, 0.28125]},
								"up": {"uv": [0.28125, 0], "uv_size": [-0.28125, 0]},
								"down": {"uv": [0.28125, 0], "uv_size": [-0.28125, 0]}
							}
						},
						{
							"origin": [1.84375, 1.4375, -4.53125],
							"size": [0, 0.75, 0.75],
							"uv": {
								"north": {"uv": [0, 0], "uv_size": [0, 0.75]},
								"south": {"uv": [0, 0], "uv_size": [0, 0.75]},
								"west": {"uv": [70, 18], "uv_size": [5, 5]},
								"up": {"uv": [0, 0.75], "uv_size": [0, -0.75]},
								"down": {"uv": [0, 0.75], "uv_size": [0, -0.75]}
							}
						},
						{
							"origin": [-1.84375, 1.4375, -4.53125],
							"size": [0, 0.75, 0.75],
							"uv": {
								"north": {"uv": [0, 0], "uv_size": [0, 0.75]},
								"east": {"uv": [75, 18], "uv_size": [-5, 5]},
								"south": {"uv": [0, 0], "uv_size": [0, 0.75]},
								"up": {"uv": [0, 0.75], "uv_size": [0, -0.75]},
								"down": {"uv": [0, 0.75], "uv_size": [0, -0.75]}
							}
						}
					]
				},
				{
					"name": "octagon7",
					"parent": "scope_body",
					"pivot": [7.71875, -8.03125, -11.09375],
					"cubes": [
						{
							"origin": [-0.78125, -0.10892, -3.28125],
							"size": [0.21875, 0.15533, 0.375],
							"pivot": [-0.28125, -0.03125, -3.09375],
							"rotation": [-45, 0, 0],
							"uv": {
								"north": {"uv": [49, 24], "uv_size": [0.5, 0.5]},
								"east": {"uv": [26, 49], "uv_size": [0.5, 0.5]},
								"south": {"uv": [49, 26], "uv_size": [0.5, 0.5]},
								"west": {"uv": [28, 49], "uv_size": [0.5, 0.5]},
								"up": {"uv": [49, 28], "uv_size": [0.5, 0.5]},
								"down": {"uv": [30, 49.5], "uv_size": [0.5, -0.5]}
							}
						},
						{
							"origin": [-0.78125, -0.10892, -3.28125],
							"size": [0.21875, 0.15533, 0.375],
							"uv": {
								"north": {"uv": [32, 49], "uv_size": [0.5, 0.5]},
								"east": {"uv": [49, 32], "uv_size": [0.5, 0.5]},
								"south": {"uv": [34, 49], "uv_size": [0.5, 0.5]},
								"west": {"uv": [49, 34], "uv_size": [0.5, 0.5]},
								"up": {"uv": [36, 49], "uv_size": [0.5, 0.5]},
								"down": {"uv": [38, 49.5], "uv_size": [0.5, -0.5]}
							}
						},
						{
							"origin": [-0.78125, -0.21875, -3.17142],
							"size": [0.21875, 0.375, 0.15533],
							"pivot": [-0.28125, -0.03125, -3.09375],
							"rotation": [-45, 0, 0],
							"uv": {
								"north": {"uv": [40, 49], "uv_size": [0.5, 0.5]},
								"east": {"uv": [49, 40], "uv_size": [0.5, 0.5]},
								"south": {"uv": [42, 49], "uv_size": [0.5, 0.5]},
								"west": {"uv": [44, 49], "uv_size": [0.5, 0.5]},
								"up": {"uv": [48, 49], "uv_size": [0.5, 0.5]},
								"down": {"uv": [0, 50.5], "uv_size": [0.5, -0.5]}
							}
						},
						{
							"origin": [-0.78125, -0.21875, -3.17142],
							"size": [0.21875, 0.375, 0.15533],
							"uv": {
								"north": {"uv": [50, 0], "uv_size": [0.5, 0.5]},
								"east": {"uv": [50, 10], "uv_size": [0.5, 0.5]},
								"south": {"uv": [50, 14], "uv_size": [0.5, 0.5]},
								"west": {"uv": [18, 50], "uv_size": [0.5, 0.5]},
								"up": {"uv": [20, 50], "uv_size": [0.5, 0.5]},
								"down": {"uv": [22, 50.5], "uv_size": [0.5, -0.5]}
							}
						}
					]
				},
				{
					"name": "octagon2",
					"parent": "scope_body",
					"pivot": [7.71875, -8.03125, -9.375],
					"cubes": [
						{
							"origin": [-0.78125, -0.10892, -1.5625],
							"size": [0.21875, 0.15533, 0.375],
							"pivot": [-0.28125, -0.03125, -1.375],
							"rotation": [-45, 0, 0],
							"uv": {
								"north": {"uv": [50, 30], "uv_size": [0.5, 0.5]},
								"east": {"uv": [50, 36], "uv_size": [0.5, 0.5]},
								"south": {"uv": [50, 38], "uv_size": [0.5, 0.5]},
								"west": {"uv": [50, 42], "uv_size": [0.5, 0.5]},
								"up": {"uv": [50, 44], "uv_size": [0.5, 0.5]},
								"down": {"uv": [46, 50.5], "uv_size": [0.5, -0.5]}
							}
						},
						{
							"origin": [-0.78125, -0.10892, -1.5625],
							"size": [0.21875, 0.15533, 0.375],
							"uv": {
								"north": {"uv": [50, 46], "uv_size": [0.5, 0.5]},
								"east": {"uv": [50, 48], "uv_size": [0.5, 0.5]},
								"south": {"uv": [50, 50], "uv_size": [0.5, 0.5]},
								"west": {"uv": [2, 51], "uv_size": [0.5, 0.5]},
								"up": {"uv": [51, 2], "uv_size": [0.5, 0.5]},
								"down": {"uv": [4, 51.5], "uv_size": [0.5, -0.5]}
							}
						},
						{
							"origin": [-0.78125, -0.21875, -1.45267],
							"size": [0.21875, 0.375, 0.15533],
							"pivot": [-0.28125, -0.03125, -1.375],
							"rotation": [-45, 0, 0],
							"uv": {
								"north": {"uv": [51, 4], "uv_size": [0.5, 0.5]},
								"east": {"uv": [6, 51], "uv_size": [0.5, 0.5]},
								"south": {"uv": [51, 6], "uv_size": [0.5, 0.5]},
								"west": {"uv": [8, 51], "uv_size": [0.5, 0.5]},
								"up": {"uv": [51, 8], "uv_size": [0.5, 0.5]},
								"down": {"uv": [10, 51.5], "uv_size": [0.5, -0.5]}
							}
						},
						{
							"origin": [-0.78125, -0.21875, -1.45267],
							"size": [0.21875, 0.375, 0.15533],
							"uv": {
								"north": {"uv": [12, 51], "uv_size": [0.5, 0.5]},
								"east": {"uv": [51, 12], "uv_size": [0.5, 0.5]},
								"south": {"uv": [14, 51], "uv_size": [0.5, 0.5]},
								"west": {"uv": [16, 51], "uv_size": [0.5, 0.5]},
								"up": {"uv": [51, 16], "uv_size": [0.5, 0.5]},
								"down": {"uv": [51, 18.5], "uv_size": [0.5, -0.5]}
							}
						}
					]
				},
				{
					"name": "octagon3",
					"parent": "scope_body",
					"pivot": [7.71875, -8.03125, -8.125],
					"cubes": [
						{
							"origin": [-0.78125, -0.10892, -0.3125],
							"size": [0.21875, 0.15533, 0.375],
							"pivot": [-0.28125, -0.03125, -0.125],
							"rotation": [-45, 0, 0],
							"uv": {
								"north": {"uv": [24, 51], "uv_size": [0.5, 0.5]},
								"east": {"uv": [51, 24], "uv_size": [0.5, 0.5]},
								"south": {"uv": [26, 51], "uv_size": [0.5, 0.5]},
								"west": {"uv": [51, 26], "uv_size": [0.5, 0.5]},
								"up": {"uv": [28, 51], "uv_size": [0.5, 0.5]},
								"down": {"uv": [51, 28.5], "uv_size": [0.5, -0.5]}
							}
						},
						{
							"origin": [-0.78125, -0.10892, -0.3125],
							"size": [0.21875, 0.15533, 0.375],
							"uv": {
								"north": {"uv": [30, 51], "uv_size": [0.5, 0.5]},
								"east": {"uv": [32, 51], "uv_size": [0.5, 0.5]},
								"south": {"uv": [51, 32], "uv_size": [0.5, 0.5]},
								"west": {"uv": [34, 51], "uv_size": [0.5, 0.5]},
								"up": {"uv": [51, 34], "uv_size": [0.5, 0.5]},
								"down": {"uv": [36, 51.5], "uv_size": [0.5, -0.5]}
							}
						},
						{
							"origin": [-0.78125, -0.21875, -0.20267],
							"size": [0.21875, 0.375, 0.15533],
							"pivot": [-0.28125, -0.03125, -0.125],
							"rotation": [-45, 0, 0],
							"uv": {
								"north": {"uv": [38, 51], "uv_size": [0.5, 0.5]},
								"east": {"uv": [40, 51], "uv_size": [0.5, 0.5]},
								"south": {"uv": [51, 40], "uv_size": [0.5, 0.5]},
								"west": {"uv": [42, 51], "uv_size": [0.5, 0.5]},
								"up": {"uv": [44, 51], "uv_size": [0.5, 0.5]},
								"down": {"uv": [48, 51.5], "uv_size": [0.5, -0.5]}
							}
						},
						{
							"origin": [-0.78125, -0.21875, -0.20267],
							"size": [0.21875, 0.375, 0.15533],
							"uv": {
								"north": {"uv": [0, 52], "uv_size": [0.5, 0.5]},
								"east": {"uv": [52, 0], "uv_size": [0.5, 0.5]},
								"south": {"uv": [52, 10], "uv_size": [0.5, 0.5]},
								"west": {"uv": [52, 14], "uv_size": [0.5, 0.5]},
								"up": {"uv": [18, 52], "uv_size": [0.5, 0.5]},
								"down": {"uv": [20, 52.5], "uv_size": [0.5, -0.5]}
							}
						}
					]
				},
				{
					"name": "shangdaogui",
					"parent": "scope_body",
					"pivot": [-0.12374, 3.6654, -8.25],
					"cubes": [
						{
							"origin": [-0.375, 3.34375, -6.3125],
							"size": [0.75, 0.34375, 2.75],
							"uv": {
								"north": {"uv": [43, 29], "uv_size": [1, 0.5]},
								"east": {"uv": [30, 25], "uv_size": [3, 0.5]},
								"south": {"uv": [31, 43], "uv_size": [1, 0.5]},
								"west": {"uv": [30, 27], "uv_size": [3, 0.5]},
								"up": {"uv": [3, 13], "uv_size": [1, 3]},
								"down": {"uv": [14, 11], "uv_size": [1, -3]}
							}
						},
						{
							"origin": [-0.5, 3.6875, -5.5625],
							"size": [1, 0, 1.25],
							"uv": {
								"north": {"uv": [3, 8], "uv_size": [1, 0]},
								"east": {"uv": [10, 8], "uv_size": [1.5, 0]},
								"south": {"uv": [5, 8], "uv_size": [1, 0]},
								"west": {"uv": [24, 10], "uv_size": [1.5, 0]},
								"up": {"uv": [21, 30], "uv_size": [1, 1.5]},
								"down": {"uv": [8, 32.5], "uv_size": [1, -1.5]}
							}
						},
						{
							"origin": [-0.45962, 3.58995, -6.3125],
							"size": [0.1768, 0.1875, 0.75],
							"pivot": [-0.37122, 3.6837, -5.6875],
							"rotation": [0, 0, -45],
							"uv": {
								"north": {"uv": [26, 59], "uv_size": [0.5, 0.5]},
								"east": {"uv": [33, 43], "uv_size": [1, 0.5]},
								"south": {"uv": [59, 26], "uv_size": [0.5, 0.5]},
								"west": {"uv": [43, 34], "uv_size": [1, 0.5]},
								"up": {"uv": [35, 43], "uv_size": [0.5, 1]},
								"down": {"uv": [43, 37], "uv_size": [0.5, -1]}
							}
						},
						{
							"origin": [-0.375, 3.6875, -6.3125],
							"size": [0.75, 0.125, 0.75],
							"uv": {
								"north": {"uv": [37, 43], "uv_size": [1, 0.5]},
								"east": {"uv": [39, 43], "uv_size": [1, 0.5]},
								"south": {"uv": [41, 43], "uv_size": [1, 0.5]},
								"west": {"uv": [43, 43], "uv_size": [1, 0.5]},
								"up": {"uv": [21, 36], "uv_size": [1, 1]},
								"down": {"uv": [36, 22], "uv_size": [1, -1]}
							}
						},
						{
							"origin": [0.28282, 3.58995, -6.3125],
							"size": [0.1768, 0.1875, 0.75],
							"pivot": [0.37122, 3.6837, -5.6875],
							"rotation": [0, 0, 45],
							"uv": {
								"north": {"uv": [28, 59], "uv_size": [0.5, 0.5]},
								"east": {"uv": [0, 44], "uv_size": [1, 0.5]},
								"south": {"uv": [59, 28], "uv_size": [0.5, 0.5]},
								"west": {"uv": [44, 0], "uv_size": [1, 0.5]},
								"up": {"uv": [44, 10], "uv_size": [0.5, 1]},
								"down": {"uv": [44, 15], "uv_size": [0.5, -1]}
							}
						},
						{
							"origin": [-0.45962, 3.58995, -5.3125],
							"size": [0.1768, 0.1875, 0.25],
							"pivot": [-0.37122, 3.6837, -4.6875],
							"rotation": [0, 0, -45],
							"uv": {
								"north": {"uv": [30, 59], "uv_size": [0.5, 0.5]},
								"east": {"uv": [32, 59], "uv_size": [0.5, 0.5]},
								"south": {"uv": [59, 32], "uv_size": [0.5, 0.5]},
								"west": {"uv": [34, 59], "uv_size": [0.5, 0.5]},
								"up": {"uv": [59, 34], "uv_size": [0.5, 0.5]},
								"down": {"uv": [36, 59.5], "uv_size": [0.5, -0.5]}
							}
						},
						{
							"origin": [-0.375, 3.6875, -5.3125],
							"size": [0.75, 0.125, 0.25],
							"uv": {
								"north": {"uv": [18, 44], "uv_size": [1, 0.5]},
								"east": {"uv": [38, 59], "uv_size": [0.5, 0.5]},
								"south": {"uv": [20, 44], "uv_size": [1, 0.5]},
								"west": {"uv": [40, 59], "uv_size": [0.5, 0.5]},
								"up": {"uv": [22, 44], "uv_size": [1, 0.5]},
								"down": {"uv": [44, 31.5], "uv_size": [1, -0.5]}
							}
						},
						{
							"origin": [0.28282, 3.58995, -5.3125],
							"size": [0.1768, 0.1875, 0.25],
							"pivot": [0.37122, 3.6837, -4.6875],
							"rotation": [0, 0, 45],
							"uv": {
								"north": {"uv": [59, 40], "uv_size": [0.5, 0.5]},
								"east": {"uv": [42, 59], "uv_size": [0.5, 0.5]},
								"south": {"uv": [44, 59], "uv_size": [0.5, 0.5]},
								"west": {"uv": [48, 59], "uv_size": [0.5, 0.5]},
								"up": {"uv": [0, 60], "uv_size": [0.5, 0.5]},
								"down": {"uv": [60, 0.5], "uv_size": [0.5, -0.5]}
							}
						},
						{
							"origin": [-0.45962, 3.58995, -4.3125],
							"size": [0.1768, 0.1875, 0.75],
							"pivot": [-0.37122, 3.6837, -3.6875],
							"rotation": [0, 0, -45],
							"uv": {
								"north": {"uv": [60, 10], "uv_size": [0.5, 0.5]},
								"east": {"uv": [44, 38], "uv_size": [1, 0.5]},
								"south": {"uv": [60, 14], "uv_size": [0.5, 0.5]},
								"west": {"uv": [44, 40], "uv_size": [1, 0.5]},
								"up": {"uv": [2, 45], "uv_size": [0.5, 1]},
								"down": {"uv": [45, 3], "uv_size": [0.5, -1]}
							}
						},
						{
							"origin": [-0.375, 3.6875, -4.3125],
							"size": [0.75, 0.125, 0.75],
							"uv": {
								"north": {"uv": [4, 45], "uv_size": [1, 0.5]},
								"east": {"uv": [45, 4], "uv_size": [1, 0.5]},
								"south": {"uv": [6, 45], "uv_size": [1, 0.5]},
								"west": {"uv": [45, 6], "uv_size": [1, 0.5]},
								"up": {"uv": [23, 36], "uv_size": [1, 1]},
								"down": {"uv": [25, 37], "uv_size": [1, -1]}
							}
						},
						{
							"origin": [0.28282, 3.58995, -4.3125],
							"size": [0.1768, 0.1875, 0.75],
							"pivot": [0.37122, 3.6837, -3.6875],
							"rotation": [0, 0, 45],
							"uv": {
								"north": {"uv": [18, 60], "uv_size": [0.5, 0.5]},
								"east": {"uv": [8, 45], "uv_size": [1, 0.5]},
								"south": {"uv": [20, 60], "uv_size": [0.5, 0.5]},
								"west": {"uv": [45, 8], "uv_size": [1, 0.5]},
								"up": {"uv": [10, 45], "uv_size": [0.5, 1]},
								"down": {"uv": [12, 46], "uv_size": [0.5, -1]}
							}
						},
						{
							"origin": [0.45962, 3.58995, -6.3125],
							"size": [0, 0.1875, 2.75],
							"pivot": [0.37122, 3.6837, -3.6875],
							"rotation": [0, 0, 45],
							"uv": {
								"north": {"uv": [13, 8], "uv_size": [0, 0.5]},
								"east": {"uv": [31, 10], "uv_size": [3, 0.5]},
								"south": {"uv": [2, 19], "uv_size": [0, 0.5]},
								"west": {"uv": [31, 14], "uv_size": [3, 0.5]},
								"up": {"uv": [4, 22], "uv_size": [0, 3]},
								"down": {"uv": [68, 67], "uv_size": [0, -3]}
							}
						},
						{
							"origin": [-0.45962, 3.58995, -6.3125],
							"size": [0, 0.1875, 2.75],
							"pivot": [-0.37122, 3.6837, -3.6875],
							"rotation": [0, 0, -45],
							"uv": {
								"north": {"uv": [10, 19], "uv_size": [0, 0.5]},
								"east": {"uv": [31, 19], "uv_size": [3, 0.5]},
								"south": {"uv": [8, 28], "uv_size": [0, 0.5]},
								"west": {"uv": [27, 31], "uv_size": [3, 0.5]},
								"up": {"uv": [66, 68], "uv_size": [0, 3]},
								"down": {"uv": [67, 71], "uv_size": [0, -3]}
							}
						},
						{
							"origin": [-0.45962, 3.58995, -4.78125],
							"size": [0.1768, 0.1875, 0.25],
							"pivot": [-0.37122, 3.6837, -4.15625],
							"rotation": [0, 0, -45],
							"uv": {
								"north": {"uv": [22, 60], "uv_size": [0.5, 0.5]},
								"east": {"uv": [60, 30], "uv_size": [0.5, 0.5]},
								"south": {"uv": [60, 36], "uv_size": [0.5, 0.5]},
								"west": {"uv": [60, 38], "uv_size": [0.5, 0.5]},
								"up": {"uv": [60, 42], "uv_size": [0.5, 0.5]},
								"down": {"uv": [60, 44.5], "uv_size": [0.5, -0.5]}
							}
						},
						{
							"origin": [-0.375, 3.6875, -4.78125],
							"size": [0.75, 0.125, 0.25],
							"uv": {
								"north": {"uv": [45, 12], "uv_size": [1, 0.5]},
								"east": {"uv": [46, 60], "uv_size": [0.5, 0.5]},
								"south": {"uv": [14, 45], "uv_size": [1, 0.5]},
								"west": {"uv": [60, 46], "uv_size": [0.5, 0.5]},
								"up": {"uv": [16, 45], "uv_size": [1, 0.5]},
								"down": {"uv": [45, 16.5], "uv_size": [1, -0.5]}
							}
						},
						{
							"origin": [0.28282, 3.58995, -4.78125],
							"size": [0.1768, 0.1875, 0.25],
							"pivot": [0.37122, 3.6837, -4.15625],
							"rotation": [0, 0, 45],
							"uv": {
								"north": {"uv": [60, 48], "uv_size": [0.5, 0.5]},
								"east": {"uv": [50, 60], "uv_size": [0.5, 0.5]},
								"south": {"uv": [60, 50], "uv_size": [0.5, 0.5]},
								"west": {"uv": [52, 60], "uv_size": [0.5, 0.5]},
								"up": {"uv": [60, 52], "uv_size": [0.5, 0.5]},
								"down": {"uv": [54, 60.5], "uv_size": [0.5, -0.5]}
							}
						}
					]
				},
				{
					"name": "octagon8",
					"parent": "scope_body",
					"pivot": [0.40625, 0.59375, -1.1875],
					"cubes": [
						{
							"origin": [0.53125, 0.46875, -1.59375],
							"size": [0.25, 0.22007, 0.5313],
							"pivot": [0, 0.57879, -1.3281],
							"rotation": [-45, 0, 0],
							"uv": {
								"north": {"uv": [8, 61], "uv_size": [0.5, 0.5]},
								"east": {"uv": [61, 8], "uv_size": [0.5, 0.5]},
								"south": {"uv": [10, 61], "uv_size": [0.5, 0.5]},
								"west": {"uv": [12, 61], "uv_size": [0.5, 0.5]},
								"up": {"uv": [61, 12], "uv_size": [0.5, 0.5]},
								"down": {"uv": [14, 61.5], "uv_size": [0.5, -0.5]}
							}
						},
						{
							"origin": [0.53125, 0.46875, -1.59375],
							"size": [0.25, 0.22007, 0.5313],
							"uv": {
								"north": {"uv": [16, 61], "uv_size": [0.5, 0.5]},
								"east": {"uv": [61, 16], "uv_size": [0.5, 0.5]},
								"south": {"uv": [61, 18], "uv_size": [0.5, 0.5]},
								"west": {"uv": [61, 20], "uv_size": [0.5, 0.5]},
								"up": {"uv": [61, 22], "uv_size": [0.5, 0.5]},
								"down": {"uv": [24, 61.5], "uv_size": [0.5, -0.5]}
							}
						},
						{
							"origin": [0.53125, 0.31314, -1.43814],
							"size": [0.25, 0.5313, 0.22007],
							"pivot": [0, 0.57879, -1.3281],
							"rotation": [-45, 0, 0],
							"uv": {
								"north": {"uv": [61, 24], "uv_size": [0.5, 0.5]},
								"east": {"uv": [26, 61], "uv_size": [0.5, 0.5]},
								"south": {"uv": [61, 26], "uv_size": [0.5, 0.5]},
								"west": {"uv": [28, 61], "uv_size": [0.5, 0.5]},
								"up": {"uv": [61, 28], "uv_size": [0.5, 0.5]},
								"down": {"uv": [30, 61.5], "uv_size": [0.5, -0.5]}
							}
						},
						{
							"origin": [0.53125, 0.31314, -1.43814],
							"size": [0.25, 0.5313, 0.22007],
							"uv": {
								"north": {"uv": [32, 61], "uv_size": [0.5, 0.5]},
								"east": {"uv": [61, 32], "uv_size": [0.5, 0.5]},
								"south": {"uv": [34, 61], "uv_size": [0.5, 0.5]},
								"west": {"uv": [61, 34], "uv_size": [0.5, 0.5]},
								"up": {"uv": [36, 61], "uv_size": [0.5, 0.5]},
								"down": {"uv": [38, 61.5], "uv_size": [0.5, -0.5]}
							}
						}
					]
				},
				{
					"name": "octagon4",
					"parent": "scope_body",
					"pivot": [-0.40625, 0.59375, -1.1875],
					"cubes": [
						{
							"origin": [-0.78125, 0.46875, -1.59375],
							"size": [0.25, 0.22007, 0.5313],
							"pivot": [0, 0.57879, -1.3281],
							"rotation": [-45, 0, 0],
							"uv": {
								"north": {"uv": [40, 61], "uv_size": [0.5, 0.5]},
								"east": {"uv": [61, 40], "uv_size": [0.5, 0.5]},
								"south": {"uv": [42, 61], "uv_size": [0.5, 0.5]},
								"west": {"uv": [44, 61], "uv_size": [0.5, 0.5]},
								"up": {"uv": [48, 61], "uv_size": [0.5, 0.5]},
								"down": {"uv": [0, 62.5], "uv_size": [0.5, -0.5]}
							}
						},
						{
							"origin": [-0.78125, 0.46875, -1.59375],
							"size": [0.25, 0.22007, 0.5313],
							"uv": {
								"north": {"uv": [62, 0], "uv_size": [0.5, 0.5]},
								"east": {"uv": [62, 10], "uv_size": [0.5, 0.5]},
								"south": {"uv": [62, 14], "uv_size": [0.5, 0.5]},
								"west": {"uv": [18, 62], "uv_size": [0.5, 0.5]},
								"up": {"uv": [20, 62], "uv_size": [0.5, 0.5]},
								"down": {"uv": [22, 62.5], "uv_size": [0.5, -0.5]}
							}
						},
						{
							"origin": [-0.78125, 0.31314, -1.43814],
							"size": [0.25, 0.5313, 0.22007],
							"pivot": [0, 0.57879, -1.3281],
							"rotation": [-45, 0, 0],
							"uv": {
								"north": {"uv": [62, 30], "uv_size": [0.5, 0.5]},
								"east": {"uv": [62, 36], "uv_size": [0.5, 0.5]},
								"south": {"uv": [62, 38], "uv_size": [0.5, 0.5]},
								"west": {"uv": [62, 42], "uv_size": [0.5, 0.5]},
								"up": {"uv": [62, 44], "uv_size": [0.5, 0.5]},
								"down": {"uv": [46, 62.5], "uv_size": [0.5, -0.5]}
							}
						},
						{
							"origin": [-0.78125, 0.31314, -1.43814],
							"size": [0.25, 0.5313, 0.22007],
							"uv": {
								"north": {"uv": [62, 46], "uv_size": [0.5, 0.5]},
								"east": {"uv": [62, 48], "uv_size": [0.5, 0.5]},
								"south": {"uv": [50, 62], "uv_size": [0.5, 0.5]},
								"west": {"uv": [62, 50], "uv_size": [0.5, 0.5]},
								"up": {"uv": [52, 62], "uv_size": [0.5, 0.5]},
								"down": {"uv": [62, 52.5], "uv_size": [0.5, -0.5]}
							}
						}
					]
				},
				{
					"name": "octagon9",
					"parent": "scope_body",
					"pivot": [8, -6.5, -7.625],
					"cubes": [
						{
							"origin": [-0.15533, 1.5, 0],
							"size": [0.31066, 0.03125, 0.15625],
							"pivot": [0, 1.5, 0.375],
							"rotation": [0, -45, 0],
							"uv": {
								"north": {"uv": [54, 62], "uv_size": [0.5, 0.5]},
								"east": {"uv": [62, 54], "uv_size": [0.5, 0.5]},
								"south": {"uv": [56, 62], "uv_size": [0.5, 0.5]},
								"west": {"uv": [62, 56], "uv_size": [0.5, 0.5]},
								"up": {"uv": [58, 62], "uv_size": [0.5, 0.5]},
								"down": {"uv": [62, 58.5], "uv_size": [0.5, -0.5]}
							}
						},
						{
							"origin": [-0.375, 1.5, 0.21967],
							"size": [0.15625, 0.03125, 0.31066],
							"pivot": [0, 1.5, 0.375],
							"rotation": [0, 45, 0],
							"uv": {
								"north": {"uv": [28, 63], "uv_size": [0.5, 0.5]},
								"east": {"uv": [63, 28], "uv_size": [0.5, 0.5]},
								"south": {"uv": [30, 63], "uv_size": [0.5, 0.5]},
								"west": {"uv": [32, 63], "uv_size": [0.5, 0.5]},
								"up": {"uv": [63, 32], "uv_size": [0.5, 0.5]},
								"down": {"uv": [34, 63.5], "uv_size": [0.5, -0.5]}
							}
						},
						{
							"origin": [-0.15533, 1.5, 0.625],
							"size": [0.31066, 0.03125, 0.125],
							"uv": {
								"north": {"uv": [63, 20], "uv_size": [0.5, 0.5]},
								"east": {"uv": [63, 22], "uv_size": [0.5, 0.5]},
								"south": {"uv": [24, 63], "uv_size": [0.5, 0.5]},
								"west": {"uv": [63, 24], "uv_size": [0.5, 0.5]},
								"up": {"uv": [26, 63], "uv_size": [0.5, 0.5]},
								"down": {"uv": [63, 26.5], "uv_size": [0.5, -0.5]}
							}
						},
						{
							"origin": [-0.15533, 1.5, 0.59375],
							"size": [0.31066, 0.03125, 0.15625],
							"pivot": [0, 1.5, 0.375],
							"rotation": [0, 45, 0],
							"uv": {
								"north": {"uv": [12, 63], "uv_size": [0.5, 0.5]},
								"east": {"uv": [63, 12], "uv_size": [0.5, 0.5]},
								"south": {"uv": [14, 63], "uv_size": [0.5, 0.5]},
								"west": {"uv": [16, 63], "uv_size": [0.5, 0.5]},
								"up": {"uv": [63, 16], "uv_size": [0.5, 0.5]},
								"down": {"uv": [63, 18.5], "uv_size": [0.5, -0.5]}
							}
						},
						{
							"origin": [-0.15533, 1.5, 0],
							"size": [0.31066, 0.03125, 0.125],
							"uv": {
								"north": {"uv": [60, 62], "uv_size": [0.5, 0.5]},
								"east": {"uv": [62, 60], "uv_size": [0.5, 0.5]},
								"south": {"uv": [62, 62], "uv_size": [0.5, 0.5]},
								"west": {"uv": [2, 63], "uv_size": [0.5, 0.5]},
								"up": {"uv": [63, 2], "uv_size": [0.5, 0.5]},
								"down": {"uv": [4, 63.5], "uv_size": [0.5, -0.5]}
							}
						},
						{
							"origin": [-0.375, 1.5, 0.21967],
							"size": [0.15625, 0.03125, 0.31066],
							"pivot": [0, 1.5, 0.375],
							"rotation": [0, -45, 0],
							"uv": {
								"north": {"uv": [63, 4], "uv_size": [0.5, 0.5]},
								"east": {"uv": [6, 63], "uv_size": [0.5, 0.5]},
								"south": {"uv": [63, 6], "uv_size": [0.5, 0.5]},
								"west": {"uv": [8, 63], "uv_size": [0.5, 0.5]},
								"up": {"uv": [63, 8], "uv_size": [0.5, 0.5]},
								"down": {"uv": [10, 63.5], "uv_size": [0.5, -0.5]}
							}
						},
						{
							"origin": [0.21875, 1.5, 0.21967],
							"size": [0.15625, 0.03125, 0.31066],
							"uv": {
								"north": {"uv": [68, 50], "uv_size": [0.5, 0.5]},
								"east": {"uv": [52, 68], "uv_size": [0.5, 0.5]},
								"south": {"uv": [68, 52], "uv_size": [0.5, 0.5]},
								"west": {"uv": [54, 68], "uv_size": [0.5, 0.5]},
								"up": {"uv": [68, 54], "uv_size": [0.5, 0.5]},
								"down": {"uv": [56, 68.5], "uv_size": [0.5, -0.5]}
							}
						},
						{
							"origin": [0.0625, 1.5, 0.12592],
							"size": [0.15625, 0.03125, 0.49816],
							"uv": {
								"north": {"uv": [44, 63], "uv_size": [0.5, 0.5]},
								"east": {"uv": [48, 63], "uv_size": [0.5, 0.5]},
								"south": {"uv": [0, 64], "uv_size": [0.5, 0.5]},
								"west": {"uv": [64, 0], "uv_size": [0.5, 0.5]},
								"up": {"uv": [64, 10], "uv_size": [0.5, 0.5]},
								"down": {"uv": [64, 14.5], "uv_size": [0.5, -0.5]}
							}
						},
						{
							"origin": [-0.21875, 1.5, 0.12592],
							"size": [0.15625, 0.03125, 0.49816],
							"uv": {
								"north": {"uv": [18, 64], "uv_size": [0.5, 0.5]},
								"east": {"uv": [20, 64], "uv_size": [0.5, 0.5]},
								"south": {"uv": [22, 64], "uv_size": [0.5, 0.5]},
								"west": {"uv": [64, 30], "uv_size": [0.5, 0.5]},
								"up": {"uv": [64, 36], "uv_size": [0.5, 0.5]},
								"down": {"uv": [64, 38.5], "uv_size": [0.5, -0.5]}
							}
						},
						{
							"origin": [-0.375, 1.5, 0.21967],
							"size": [0.15625, 0.03125, 0.31066],
							"uv": {
								"north": {"uv": [63, 34], "uv_size": [0.5, 0.5]},
								"east": {"uv": [36, 63], "uv_size": [0.5, 0.5]},
								"south": {"uv": [38, 63], "uv_size": [0.5, 0.5]},
								"west": {"uv": [40, 63], "uv_size": [0.5, 0.5]},
								"up": {"uv": [63, 40], "uv_size": [0.5, 0.5]},
								"down": {"uv": [42, 63.5], "uv_size": [0.5, -0.5]}
							}
						}
					]
				},
				{
					"name": "octagon5",
					"parent": "scope_body",
					"pivot": [0.78125, 0.98781, 0.34375],
					"rotation": [0, 0, 90],
					"cubes": [
						{
							"origin": [0.62592, 0.9375, -0.03125],
							"size": [0.31066, 0.0625, 0.15625],
							"pivot": [0.78125, 0.96875, 0.34375],
							"rotation": [0, -45, 0],
							"uv": {
								"north": {"uv": [65, 22], "uv_size": [0.5, 0.5]},
								"east": {"uv": [24, 65], "uv_size": [0.5, 0.5]},
								"south": {"uv": [65, 24], "uv_size": [0.5, 0.5]},
								"west": {"uv": [26, 65], "uv_size": [0.5, 0.5]},
								"up": {"uv": [65, 26], "uv_size": [0.5, 0.5]},
								"down": {"uv": [28, 65.5], "uv_size": [0.5, -0.5]}
							}
						},
						{
							"origin": [0.40625, 0.9375, 0.18842],
							"size": [0.15625, 0.0625, 0.31066],
							"pivot": [0.78125, 0.96875, 0.34375],
							"rotation": [0, 45, 0],
							"uv": {
								"north": {"uv": [65, 28], "uv_size": [0.5, 0.5]},
								"east": {"uv": [30, 65], "uv_size": [0.5, 0.5]},
								"south": {"uv": [32, 65], "uv_size": [0.5, 0.5]},
								"west": {"uv": [65, 32], "uv_size": [0.5, 0.5]},
								"up": {"uv": [34, 65], "uv_size": [0.5, 0.5]},
								"down": {"uv": [65, 34.5], "uv_size": [0.5, -0.5]}
							}
						},
						{
							"origin": [0.62592, 0.9375, 0.59375],
							"size": [0.31066, 0.0625, 0.125],
							"uv": {
								"north": {"uv": [36, 65], "uv_size": [0.5, 0.5]},
								"east": {"uv": [38, 65], "uv_size": [0.5, 0.5]},
								"south": {"uv": [40, 65], "uv_size": [0.5, 0.5]},
								"west": {"uv": [65, 40], "uv_size": [0.5, 0.5]},
								"up": {"uv": [42, 65], "uv_size": [0.5, 0.5]},
								"down": {"uv": [44, 65.5], "uv_size": [0.5, -0.5]}
							}
						},
						{
							"origin": [0.62592, 0.9375, 0.5625],
							"size": [0.31066, 0.0625, 0.15625],
							"pivot": [0.78125, 0.96875, 0.34375],
							"rotation": [0, 45, 0],
							"uv": {
								"north": {"uv": [48, 65], "uv_size": [0.5, 0.5]},
								"east": {"uv": [0, 66], "uv_size": [0.5, 0.5]},
								"south": {"uv": [66, 0], "uv_size": [0.5, 0.5]},
								"west": {"uv": [66, 10], "uv_size": [0.5, 0.5]},
								"up": {"uv": [66, 14], "uv_size": [0.5, 0.5]},
								"down": {"uv": [18, 66.5], "uv_size": [0.5, -0.5]}
							}
						},
						{
							"origin": [0.62592, 0.9375, -0.03125],
							"size": [0.31066, 0.0625, 0.125],
							"uv": {
								"north": {"uv": [20, 66], "uv_size": [0.5, 0.5]},
								"east": {"uv": [22, 66], "uv_size": [0.5, 0.5]},
								"south": {"uv": [66, 30], "uv_size": [0.5, 0.5]},
								"west": {"uv": [66, 36], "uv_size": [0.5, 0.5]},
								"up": {"uv": [66, 38], "uv_size": [0.5, 0.5]},
								"down": {"uv": [66, 42.5], "uv_size": [0.5, -0.5]}
							}
						},
						{
							"origin": [0.40625, 0.9375, 0.18842],
							"size": [0.15625, 0.0625, 0.31066],
							"pivot": [0.78125, 0.96875, 0.34375],
							"rotation": [0, -45, 0],
							"uv": {
								"north": {"uv": [66, 44], "uv_size": [0.5, 0.5]},
								"east": {"uv": [46, 66], "uv_size": [0.5, 0.5]},
								"south": {"uv": [66, 46], "uv_size": [0.5, 0.5]},
								"west": {"uv": [66, 48], "uv_size": [0.5, 0.5]},
								"up": {"uv": [50, 66], "uv_size": [0.5, 0.5]},
								"down": {"uv": [66, 50.5], "uv_size": [0.5, -0.5]}
							}
						},
						{
							"origin": [1, 0.9375, 0.18842],
							"size": [0.15625, 0.0625, 0.31066],
							"uv": {
								"north": {"uv": [52, 66], "uv_size": [0.5, 0.5]},
								"east": {"uv": [66, 52], "uv_size": [0.5, 0.5]},
								"south": {"uv": [54, 66], "uv_size": [0.5, 0.5]},
								"west": {"uv": [66, 54], "uv_size": [0.5, 0.5]},
								"up": {"uv": [56, 66], "uv_size": [0.5, 0.5]},
								"down": {"uv": [66, 56.5], "uv_size": [0.5, -0.5]}
							}
						},
						{
							"origin": [0.84375, 0.9375, 0.09467],
							"size": [0.15625, 0.0625, 0.49816],
							"uv": {
								"north": {"uv": [58, 66], "uv_size": [0.5, 0.5]},
								"east": {"uv": [66, 58], "uv_size": [0.5, 0.5]},
								"south": {"uv": [60, 66], "uv_size": [0.5, 0.5]},
								"west": {"uv": [66, 60], "uv_size": [0.5, 0.5]},
								"up": {"uv": [62, 66], "uv_size": [0.5, 0.5]},
								"down": {"uv": [66, 62.5], "uv_size": [0.5, -0.5]}
							}
						},
						{
							"origin": [0.5625, 0.9375, 0.09467],
							"size": [0.15625, 0.0625, 0.49816],
							"uv": {
								"north": {"uv": [64, 66], "uv_size": [0.5, 0.5]},
								"east": {"uv": [66, 64], "uv_size": [0.5, 0.5]},
								"south": {"uv": [66, 66], "uv_size": [0.5, 0.5]},
								"west": {"uv": [2, 67], "uv_size": [0.5, 0.5]},
								"up": {"uv": [67, 2], "uv_size": [0.5, 0.5]},
								"down": {"uv": [4, 67.5], "uv_size": [0.5, -0.5]}
							}
						},
						{
							"origin": [0.40625, 0.9375, 0.18842],
							"size": [0.15625, 0.0625, 0.31066],
							"uv": {
								"north": {"uv": [67, 4], "uv_size": [0.5, 0.5]},
								"east": {"uv": [6, 67], "uv_size": [0.5, 0.5]},
								"south": {"uv": [67, 6], "uv_size": [0.5, 0.5]},
								"west": {"uv": [8, 67], "uv_size": [0.5, 0.5]},
								"up": {"uv": [67, 8], "uv_size": [0.5, 0.5]},
								"down": {"uv": [10, 67.5], "uv_size": [0.5, -0.5]}
							}
						},
						{
							"origin": [0.96875, 0.96875, 0.28125],
							"size": [0.125, 0.04125, 0.125],
							"pivot": [1.03125, 1.01563, 0.34375],
							"rotation": [0, 45, 0],
							"uv": {
								"north": {"uv": [12, 67], "uv_size": [0.5, 0.5]},
								"east": {"uv": [67, 12], "uv_size": [0.5, 0.5]},
								"south": {"uv": [14, 67], "uv_size": [0.5, 0.5]},
								"west": {"uv": [16, 67], "uv_size": [0.5, 0.5]},
								"up": {"uv": [67, 16], "uv_size": [0.5, 0.5]},
								"down": {"uv": [67, 18.5], "uv_size": [0.5, -0.5]}
							}
						},
						{
							"origin": [0.46875, 0.96875, 0.28125],
							"size": [0.125, 0.04125, 0.125],
							"pivot": [0.53125, 1.01563, 0.34375],
							"rotation": [0, -45, 0],
							"uv": {
								"north": {"uv": [67, 20], "uv_size": [0.5, 0.5]},
								"east": {"uv": [67, 22], "uv_size": [0.5, 0.5]},
								"south": {"uv": [24, 67], "uv_size": [0.5, 0.5]},
								"west": {"uv": [67, 24], "uv_size": [0.5, 0.5]},
								"up": {"uv": [26, 67], "uv_size": [0.5, 0.5]},
								"down": {"uv": [67, 26.5], "uv_size": [0.5, -0.5]}
							}
						}
					]
				},
				{
					"name": "octagon10",
					"parent": "scope_body",
					"pivot": [6.71875, -7.0625, -7.65625],
					"cubes": [
						{
							"origin": [-1.09375, 0.73039, -0.15625],
							"size": [0.34375, 0.41421, 1],
							"inflate": -0.0001,
							"pivot": [-1.28125, 0.9375, 0.34375],
							"rotation": [-45, 0, 0],
							"uv": {
								"north": {"uv": [28, 67], "uv_size": [0.5, 0.5]},
								"east": {"uv": [45, 18], "uv_size": [1, 0.5]},
								"south": {"uv": [67, 28], "uv_size": [0.5, 0.5]},
								"west": {"uv": [45, 20], "uv_size": [1, 0.5]},
								"up": {"uv": [45, 22], "uv_size": [0.5, 1]},
								"down": {"uv": [24, 46], "uv_size": [0.5, -1]}
							}
						},
						{
							"origin": [-1.09375, 0.73039, -0.15625],
							"size": [0.34375, 0.41421, 1],
							"inflate": -0.0001,
							"uv": {
								"north": {"uv": [30, 67], "uv_size": [0.5, 0.5]},
								"east": {"uv": [45, 24], "uv_size": [1, 0.5]},
								"south": {"uv": [32, 67], "uv_size": [0.5, 0.5]},
								"west": {"uv": [26, 45], "uv_size": [1, 0.5]},
								"up": {"uv": [45, 26], "uv_size": [0.5, 1]},
								"down": {"uv": [28, 46], "uv_size": [0.5, -1]}
							}
						},
						{
							"origin": [-1.09375, 0.4375, 0.13664],
							"size": [0.34375, 1, 0.41421],
							"inflate": -0.0001,
							"pivot": [-1.28125, 0.9375, 0.34375],
							"rotation": [-45, 0, 0],
							"uv": {
								"north": {"uv": [45, 28], "uv_size": [0.5, 1]},
								"east": {"uv": [30, 45], "uv_size": [0.5, 1]},
								"south": {"uv": [32, 45], "uv_size": [0.5, 1]},
								"west": {"uv": [45, 33], "uv_size": [0.5, 1]},
								"up": {"uv": [67, 32], "uv_size": [0.5, 0.5]},
								"down": {"uv": [34, 67.5], "uv_size": [0.5, -0.5]}
							}
						},
						{
							"origin": [-1.09375, 0.4375, 0.13664],
							"size": [0.34375, 1, 0.41421],
							"inflate": -0.0001,
							"uv": {
								"north": {"uv": [34, 45], "uv_size": [0.5, 1]},
								"east": {"uv": [45, 35], "uv_size": [0.5, 1]},
								"south": {"uv": [36, 45], "uv_size": [0.5, 1]},
								"west": {"uv": [38, 45], "uv_size": [0.5, 1]},
								"up": {"uv": [67, 34], "uv_size": [0.5, 0.5]},
								"down": {"uv": [36, 67.5], "uv_size": [0.5, -0.5]}
							}
						}
					]
				},
				{
					"name": "octagon6",
					"parent": "scope_body",
					"pivot": [6.375, -7.0625, -7.65625],
					"cubes": [
						{
							"origin": [-1.25, 0.73039, -0.15625],
							"size": [0.09375, 0.41421, 1],
							"pivot": [-1.625, 0.9375, 0.34375],
							"rotation": [-45, 0, 0],
							"uv": {
								"north": {"uv": [38, 67], "uv_size": [0.5, 0.5]},
								"east": {"uv": [40, 45], "uv_size": [1, 0.5]},
								"south": {"uv": [40, 67], "uv_size": [0.5, 0.5]},
								"west": {"uv": [42, 45], "uv_size": [1, 0.5]},
								"up": {"uv": [45, 42], "uv_size": [0.5, 1]},
								"down": {"uv": [44, 46], "uv_size": [0.5, -1]}
							}
						},
						{
							"origin": [-1.25, 0.73039, -0.15625],
							"size": [0.09375, 0.41421, 1],
							"uv": {
								"north": {"uv": [67, 40], "uv_size": [0.5, 0.5]},
								"east": {"uv": [0, 46], "uv_size": [1, 0.5]},
								"south": {"uv": [42, 67], "uv_size": [0.5, 0.5]},
								"west": {"uv": [46, 0], "uv_size": [1, 0.5]},
								"up": {"uv": [46, 10], "uv_size": [0.5, 1]},
								"down": {"uv": [46, 15], "uv_size": [0.5, -1]}
							}
						},
						{
							"origin": [-1.25, 0.4375, 0.13664],
							"size": [0.09375, 1, 0.41421],
							"pivot": [-1.625, 0.9375, 0.34375],
							"rotation": [-45, 0, 0],
							"uv": {
								"north": {"uv": [18, 46], "uv_size": [0.5, 1]},
								"east": {"uv": [20, 46], "uv_size": [0.5, 1]},
								"south": {"uv": [22, 46], "uv_size": [0.5, 1]},
								"west": {"uv": [46, 30], "uv_size": [0.5, 1]},
								"up": {"uv": [44, 67], "uv_size": [0.5, 0.5]},
								"down": {"uv": [48, 67.5], "uv_size": [0.5, -0.5]}
							}
						},
						{
							"origin": [-1.25, 0.4375, 0.13664],
							"size": [0.09375, 1, 0.41421],
							"uv": {
								"north": {"uv": [46, 37], "uv_size": [0.5, 1]},
								"east": {"uv": [46, 39], "uv_size": [0.5, 1]},
								"south": {"uv": [46, 44], "uv_size": [0.5, 1]},
								"west": {"uv": [46, 46], "uv_size": [0.5, 1]},
								"up": {"uv": [0, 68], "uv_size": [0.5, 0.5]},
								"down": {"uv": [68, 0.5], "uv_size": [0.5, -0.5]}
							}
						}
					]
				},
				{
					"name": "octagon11",
					"parent": "scope_body",
					"pivot": [7.34375, -7.0625, -7.65625],
					"cubes": [
						{
							"origin": [-1.15625, 0.75628, -0.09375],
							"size": [0.0625, 0.36244, 0.875],
							"pivot": [-0.65625, 0.9375, 0.34375],
							"rotation": [-45, 0, 0],
							"uv": {
								"north": {"uv": [68, 10], "uv_size": [0.5, 0.5]},
								"east": {"uv": [2, 47], "uv_size": [1, 0.5]},
								"south": {"uv": [68, 14], "uv_size": [0.5, 0.5]},
								"west": {"uv": [47, 2], "uv_size": [1, 0.5]},
								"up": {"uv": [4, 47], "uv_size": [0.5, 1]},
								"down": {"uv": [47, 5], "uv_size": [0.5, -1]}
							}
						},
						{
							"origin": [-1.15625, 0.75628, -0.09375],
							"size": [0.0625, 0.36244, 0.875],
							"uv": {
								"north": {"uv": [18, 68], "uv_size": [0.5, 0.5]},
								"east": {"uv": [6, 47], "uv_size": [1, 0.5]},
								"south": {"uv": [20, 68], "uv_size": [0.5, 0.5]},
								"west": {"uv": [47, 6], "uv_size": [1, 0.5]},
								"up": {"uv": [8, 47], "uv_size": [0.5, 1]},
								"down": {"uv": [47, 9], "uv_size": [0.5, -1]}
							}
						},
						{
							"origin": [-1.15625, 0.5, 0.16253],
							"size": [0.0625, 0.875, 0.36244],
							"pivot": [-0.65625, 0.9375, 0.34375],
							"rotation": [-45, 0, 0],
							"uv": {
								"north": {"uv": [10, 47], "uv_size": [0.5, 1]},
								"east": {"uv": [12, 47], "uv_size": [0.5, 1]},
								"south": {"uv": [47, 12], "uv_size": [0.5, 1]},
								"west": {"uv": [14, 47], "uv_size": [0.5, 1]},
								"up": {"uv": [22, 68], "uv_size": [0.5, 0.5]},
								"down": {"uv": [68, 30.5], "uv_size": [0.5, -0.5]}
							}
						},
						{
							"origin": [-1.15625, 0.5, 0.16253],
							"size": [0.0625, 0.875, 0.36244],
							"uv": {
								"north": {"uv": [16, 47], "uv_size": [0.5, 1]},
								"east": {"uv": [47, 16], "uv_size": [0.5, 1]},
								"south": {"uv": [47, 18], "uv_size": [0.5, 1]},
								"west": {"uv": [47, 20], "uv_size": [0.5, 1]},
								"up": {"uv": [68, 36], "uv_size": [0.5, 0.5]},
								"down": {"uv": [68, 38.5], "uv_size": [0.5, -0.5]}
							}
						}
					]
				},
				{
					"name": "octagon",
					"parent": "scope_body",
					"pivot": [8, -7.03125, -7.28125],
					"cubes": [
						{
							"origin": [-0.15533, 0.59375, 1.09375],
							"size": [0.31066, 0.75, 0.03125],
							"pivot": [0, 0.96875, 0.71875],
							"rotation": [0, 0, 45],
							"uv": {
								"north": {"uv": [47, 22], "uv_size": [0.5, 1]},
								"east": {"uv": [24, 47], "uv_size": [0.5, 1]},
								"south": {"uv": [47, 24], "uv_size": [0.5, 1]},
								"west": {"uv": [26, 47], "uv_size": [0.5, 1]},
								"up": {"uv": [68, 56], "uv_size": [0.5, 0.5]},
								"down": {"uv": [58, 68.5], "uv_size": [0.5, -0.5]}
							}
						},
						{
							"origin": [-0.15533, 0.59375, 1.09375],
							"size": [0.31066, 0.75, 0.03125],
							"uv": {
								"north": {"uv": [47, 26], "uv_size": [0.5, 1]},
								"east": {"uv": [28, 47], "uv_size": [0.5, 1]},
								"south": {"uv": [47, 28], "uv_size": [0.5, 1]},
								"west": {"uv": [30, 47], "uv_size": [0.5, 1]},
								"up": {"uv": [68, 58], "uv_size": [0.5, 0.5]},
								"down": {"uv": [60, 68.5], "uv_size": [0.5, -0.5]}
							}
						},
						{
							"origin": [-0.375, 0.81342, 1.09375],
							"size": [0.75, 0.31066, 0.03125],
							"pivot": [0, 0.96875, 0.71875],
							"rotation": [0, 0, 45],
							"uv": {
								"north": {"uv": [32, 47], "uv_size": [1, 0.5]},
								"east": {"uv": [68, 60], "uv_size": [0.5, 0.5]},
								"south": {"uv": [47, 32], "uv_size": [1, 0.5]},
								"west": {"uv": [62, 68], "uv_size": [0.5, 0.5]},
								"up": {"uv": [34, 47], "uv_size": [1, 0.5]},
								"down": {"uv": [47, 34.5], "uv_size": [1, -0.5]}
							}
						},
						{
							"origin": [-0.375, 0.81342, 1.09375],
							"size": [0.75, 0.31066, 0.03125],
							"uv": {
								"north": {"uv": [36, 47], "uv_size": [1, 0.5]},
								"east": {"uv": [68, 62], "uv_size": [0.5, 0.5]},
								"south": {"uv": [38, 47], "uv_size": [1, 0.5]},
								"west": {"uv": [64, 68], "uv_size": [0.5, 0.5]},
								"up": {"uv": [40, 47], "uv_size": [1, 0.5]},
								"down": {"uv": [47, 41.5], "uv_size": [1, -0.5]}
							}
						}
					]
				},
				{
					"name": "division",
					"pivot": [0.05, 1.54375, -55.25]
				},
				{
					"name": "division_illuminated",
					"parent": "division",
					"pivot": [0.05, 1.64375, -55.25],
					"cubes": [
						{
							"origin": [-5.125, -2.53, -55.7],
							"size": [10.25, 10.25, 0.3],
							"uv": {
								"south": {"uv": [181.5, 53], "uv_size": [60, 60]}
							}
						}
					]
				},
				{
					"name": "ocular",
					"pivot": [0, 1, -5.25],
					"cubes": [
						{
							"origin": [-1.5625, 1.15625, -5.25],
							"size": [3.125, 1.8125, 0],
							"uv": {
								"north": {"uv": [7, 0], "uv_size": [3, 2]},
								"east": {"uv": [9, 34], "uv_size": [0, 2]},
								"south": {"uv": [7, 3], "uv_size": [3, 2]},
								"west": {"uv": [68, 68], "uv_size": [0, 2]},
								"up": {"uv": [2, 69], "uv_size": [3, 0]},
								"down": {"uv": [69, 2], "uv_size": [3, 0]}
							}
						},
						{
							"origin": [-1.5, 2.96875, -5.25],
							"size": [3, 0.28125, 0],
							"uv": {
								"north": {"uv": [31, 29], "uv_size": [3, 0.5]},
								"east": {"uv": [10, 31], "uv_size": [0, 0.5]},
								"south": {"uv": [31, 31], "uv_size": [3, 0.5]},
								"west": {"uv": [18, 34], "uv_size": [0, 0.5]},
								"up": {"uv": [69, 3], "uv_size": [3, 0]},
								"down": {"uv": [69, 4], "uv_size": [3, 0]}
							}
						},
						{
							"origin": [-1.375, 0.96875, -5.25],
							"size": [2.75, 0.1875, 0],
							"uv": {
								"north": {"uv": [15, 32], "uv_size": [3, 0.5]},
								"east": {"uv": [14, 37], "uv_size": [0, 0.5]},
								"south": {"uv": [32, 16], "uv_size": [3, 0.5]},
								"west": {"uv": [2, 41], "uv_size": [0, 0.5]},
								"up": {"uv": [69, 5], "uv_size": [3, 0]},
								"down": {"uv": [6, 69], "uv_size": [3, 0]}
							}
						}
					]
				},
				{
					"name": "scope_view",
					"pivot": [0, 1.95, 6.75]
				}
			]
		}
	]
}