{
	"format_version": "1.12.0",
	"minecraft:geometry": [
		{
			"description": {
				"identifier": "geometry.unknown",
				"texture_width": 128,
				"texture_height": 128,
				"visible_bounds_width": 7,
				"visible_bounds_height": 1.5,
				"visible_bounds_offset": [0, 0.25, 0]
			},
			"bones": [
				{
					"name": "scope_body",
					"pivot": [0, -1.75, -1.625],
					"cubes": [
						{
							"origin": [-0.5625, 0.09375, -2.59375],
							"size": [1.125, 0.15625, 1.625],
							"uv": {
								"north": {"uv": [14, 20], "uv_size": [1.25, 0.25]},
								"east": {"uv": [16, 4], "uv_size": [1.75, 0.25]},
								"south": {"uv": [20, 14], "uv_size": [1.25, 0.25]},
								"west": {"uv": [16, 6], "uv_size": [1.75, 0.25]},
								"up": {"uv": [0, 4], "uv_size": [1.25, 1.75]},
								"down": {"uv": [3, 5.75], "uv_size": [1.25, -1.75]}
							}
						},
						{
							"origin": [-0.5625, 0.3125, -2.59375],
							"size": [1.125, 0.34375, 2.46875],
							"uv": {
								"north": {"uv": [20, 16], "uv_size": [1.25, 0.25]},
								"east": {"uv": [11, 8], "uv_size": [2.5, 0.25]},
								"south": {"uv": [17, 20], "uv_size": [1.25, 0.25]},
								"west": {"uv": [11, 10], "uv_size": [2.5, 0.25]},
								"up": {"uv": [0, 0], "uv_size": [1.25, 2.5]},
								"down": {"uv": [3, 2.5], "uv_size": [1.25, -2.5]}
							}
						},
						{
							"origin": [-0.5625, 0.53125, -0.125],
							"size": [1.125, 0.125, 1.375],
							"inflate": 0.0002,
							"uv": {
								"north": {"uv": [20, 18], "uv_size": [1.25, 0.25]},
								"east": {"uv": [10, 16], "uv_size": [1.5, 0.25]},
								"south": {"uv": [20, 20], "uv_size": [1.25, 0.25]},
								"west": {"uv": [13, 16], "uv_size": [1.5, 0.25]},
								"up": {"uv": [6, 0], "uv_size": [1.25, 1.5]},
								"down": {"uv": [6, 4.5], "uv_size": [1.25, -1.5]}
							}
						},
						{
							"origin": [-0.5625, 0.3125, 0.98325],
							"size": [1.125, 0.21875, 0.208],
							"uv": {
								"north": {"uv": [21, 4], "uv_size": [1.25, 0.25]},
								"east": {"uv": [41, 12], "uv_size": [0.25, 0.25]},
								"south": {"uv": [21, 6], "uv_size": [1.25, 0.25]},
								"west": {"uv": [18, 41], "uv_size": [0.25, 0.25]},
								"up": {"uv": [21, 8], "uv_size": [1.25, 0.25]},
								"down": {"uv": [21, 10.25], "uv_size": [1.25, -0.25]}
							}
						},
						{
							"origin": [-0.25, 0.3125, 0.8895],
							"size": [0.5, 0.21875, 0.11425],
							"uv": {
								"north": {"uv": [16, 32], "uv_size": [0.5, 0.25]},
								"east": {"uv": [41, 18], "uv_size": [0.25, 0.25]},
								"south": {"uv": [32, 16], "uv_size": [0.5, 0.25]},
								"west": {"uv": [41, 22], "uv_size": [0.25, 0.25]},
								"up": {"uv": [20, 32], "uv_size": [0.5, 0.25]},
								"down": {"uv": [32, 20.25], "uv_size": [0.5, -0.25]}
							}
						},
						{
							"origin": [-0.40625, 0.3125, 0.84375],
							"size": [0.21875, 0.21875, 0.19125],
							"pivot": [-0.28125, 0.42188, 0.8925],
							"rotation": [0, -25, 0],
							"uv": {
								"north": {"uv": [24, 41], "uv_size": [0.25, 0.25]},
								"east": {"uv": [41, 24], "uv_size": [0.25, 0.25]},
								"south": {"uv": [26, 41], "uv_size": [0.25, 0.25]},
								"west": {"uv": [41, 30], "uv_size": [0.25, 0.25]},
								"up": {"uv": [32, 41], "uv_size": [0.25, 0.25]},
								"down": {"uv": [41, 32.25], "uv_size": [0.25, -0.25]}
							}
						},
						{
							"origin": [0.3341, 0.3125, 0.85666],
							"size": [0.265, 0.21875, 0.16],
							"pivot": [0.42785, 0.42188, 0.87416],
							"rotation": [0, -45, 0],
							"uv": {
								"north": {"uv": [34, 41], "uv_size": [0.25, 0.25]},
								"east": {"uv": [2, 42], "uv_size": [0.25, 0.25]},
								"south": {"uv": [6, 42], "uv_size": [0.25, 0.25]},
								"west": {"uv": [42, 6], "uv_size": [0.25, 0.25]},
								"up": {"uv": [10, 42], "uv_size": [0.25, 0.25]},
								"down": {"uv": [42, 10.25], "uv_size": [0.25, -0.25]}
							}
						},
						{
							"origin": [0.1875, 0.3125, 0.84375],
							"size": [0.21875, 0.21875, 0.19125],
							"pivot": [0.28125, 0.42188, 0.8925],
							"rotation": [0, 25, 0],
							"uv": {
								"north": {"uv": [12, 42], "uv_size": [0.25, 0.25]},
								"east": {"uv": [14, 42], "uv_size": [0.25, 0.25]},
								"south": {"uv": [42, 14], "uv_size": [0.25, 0.25]},
								"west": {"uv": [16, 42], "uv_size": [0.25, 0.25]},
								"up": {"uv": [42, 16], "uv_size": [0.25, 0.25]},
								"down": {"uv": [20, 42.25], "uv_size": [0.25, -0.25]}
							}
						},
						{
							"origin": [-0.5991, 0.3125, 0.85666],
							"size": [0.265, 0.21875, 0.16],
							"pivot": [-0.42785, 0.42188, 0.87416],
							"rotation": [0, 45, 0],
							"uv": {
								"north": {"uv": [42, 20], "uv_size": [0.25, 0.25]},
								"east": {"uv": [22, 42], "uv_size": [0.25, 0.25]},
								"south": {"uv": [42, 26], "uv_size": [0.25, 0.25]},
								"west": {"uv": [28, 42], "uv_size": [0.25, 0.25]},
								"up": {"uv": [42, 28], "uv_size": [0.25, 0.25]},
								"down": {"uv": [30, 42.25], "uv_size": [0.25, -0.25]}
							}
						},
						{
							"origin": [-0.5625, 0.31686, 1.15812],
							"size": [1.125, 0.227, 0.0625],
							"pivot": [0, 0.42624, 1.18937],
							"rotation": [-15, 0, 0],
							"uv": {
								"north": {"uv": [21, 12], "uv_size": [1.25, 0.25]},
								"east": {"uv": [42, 34], "uv_size": [0.25, 0.25]},
								"south": {"uv": [0, 22], "uv_size": [1.25, 0.25]},
								"west": {"uv": [36, 42], "uv_size": [0.25, 0.25]},
								"up": {"uv": [22, 0], "uv_size": [1.25, 0.25]},
								"down": {"uv": [22, 2.25], "uv_size": [1.25, -0.25]}
							}
						},
						{
							"origin": [-0.5625, 0.65625, 1.15625],
							"size": [0.40625, 0.34375, 0.3125],
							"uv": {
								"north": {"uv": [22, 32], "uv_size": [0.5, 0.25]},
								"east": {"uv": [42, 36], "uv_size": [0.25, 0.25]},
								"south": {"uv": [32, 27], "uv_size": [0.5, 0.25]},
								"west": {"uv": [38, 42], "uv_size": [0.25, 0.25]},
								"up": {"uv": [29, 32], "uv_size": [0.5, 0.25]},
								"down": {"uv": [32, 29.25], "uv_size": [0.5, -0.25]}
							}
						},
						{
							"origin": [-0.15625, 0.65625, 1.15625],
							"size": [0.3125, 0.34375, 0.09375],
							"uv": {
								"north": {"uv": [42, 38], "uv_size": [1, 1]},
								"east": {"uv": [40, 42], "uv_size": [0.25, 0.25]},
								"south": {"uv": [42, 40], "uv_size": [0.25, 0.25]},
								"west": {"uv": [42, 42], "uv_size": [0.25, 0.25]},
								"up": {"uv": [0, 43], "uv_size": [0.25, 0.25]},
								"down": {"uv": [43, 0.25], "uv_size": [0.25, -0.25]}
							}
						},
						{
							"origin": [-0.5625, 0.65625, -0.125],
							"size": [1.125, 0.03125, 1.28125],
							"uv": {
								"north": {"uv": [3, 22], "uv_size": [1.25, 0.25]},
								"east": {"uv": [6, 22], "uv_size": [1.25, 0.25]},
								"south": {"uv": [9, 22], "uv_size": [1.25, 0.25]},
								"west": {"uv": [12, 22], "uv_size": [1.25, 0.25]},
								"up": {"uv": [2, 7], "uv_size": [1.25, 1.25]},
								"down": {"uv": [8, 7.25], "uv_size": [1.25, -1.25]}
							}
						},
						{
							"origin": [0.15625, 0.65625, 1.15625],
							"size": [0.40625, 0.34375, 0.3125],
							"uv": {
								"north": {"uv": [31, 32], "uv_size": [0.5, 0.25]},
								"east": {"uv": [43, 2], "uv_size": [0.25, 0.25]},
								"south": {"uv": [0, 33], "uv_size": [0.5, 0.25]},
								"west": {"uv": [4, 43], "uv_size": [0.25, 0.25]},
								"up": {"uv": [33, 0], "uv_size": [0.5, 0.25]},
								"down": {"uv": [33, 2.25], "uv_size": [0.5, -0.25]}
							}
						},
						{
							"origin": [0.34375, 0.67792, -0.10386],
							"size": [0.21875, 0.1875, 1.3125],
							"pivot": [0.35938, 0.69354, 0.56801],
							"rotation": [12.5, 0, 0],
							"uv": {
								"north": {"uv": [43, 4], "uv_size": [0.25, 0.25]},
								"east": {"uv": [15, 22], "uv_size": [1.25, 0.25]},
								"south": {"uv": [8, 43], "uv_size": [0.25, 0.25]},
								"west": {"uv": [18, 22], "uv_size": [1.25, 0.25]},
								"up": {"uv": [21, 22], "uv_size": [0.25, 1.25]},
								"down": {"uv": [23, 15.25], "uv_size": [0.25, -1.25]}
							}
						},
						{
							"origin": [0.25716, 0.67456, -0.11195],
							"size": [0.21875, 0.1875, 1.3125],
							"pivot": [0.36653, 0.76831, 0.5443],
							"rotation": [12.60443, -7.32123, -1.63219],
							"uv": {
								"north": {"uv": [43, 8], "uv_size": [0.25, 0.25]},
								"east": {"uv": [23, 17], "uv_size": [1.25, 0.25]},
								"south": {"uv": [43, 12], "uv_size": [0.25, 0.25]},
								"west": {"uv": [23, 19], "uv_size": [1.25, 0.25]},
								"up": {"uv": [23, 21], "uv_size": [0.25, 1.25]},
								"down": {"uv": [0, 25.25], "uv_size": [0.25, -1.25]}
							}
						},
						{
							"origin": [-0.47591, 0.67456, -0.11195],
							"size": [0.21875, 0.1875, 1.3125],
							"pivot": [-0.36653, 0.76831, 0.5443],
							"rotation": [12.60443, 7.32123, 1.63219],
							"uv": {
								"north": {"uv": [18, 43], "uv_size": [0.25, 0.25]},
								"east": {"uv": [2, 24], "uv_size": [1.25, 0.25]},
								"south": {"uv": [43, 18], "uv_size": [0.25, 0.25]},
								"west": {"uv": [24, 4], "uv_size": [1.25, 0.25]},
								"up": {"uv": [5, 24], "uv_size": [0.25, 1.25]},
								"down": {"uv": [24, 7.25], "uv_size": [0.25, -1.25]}
							}
						},
						{
							"origin": [0.34375, 0.52167, 0.86489],
							"size": [0.21875, 0.15625, 0.3125],
							"pivot": [0.35938, 0.69354, 0.56801],
							"rotation": [12.5, 0, 0],
							"uv": {
								"north": {"uv": [43, 22], "uv_size": [0.25, 0.25]},
								"east": {"uv": [24, 43], "uv_size": [0.25, 0.25]},
								"south": {"uv": [43, 24], "uv_size": [0.25, 0.25]},
								"west": {"uv": [26, 43], "uv_size": [0.25, 0.25]},
								"up": {"uv": [43, 30], "uv_size": [0.25, 0.25]},
								"down": {"uv": [32, 43.25], "uv_size": [0.25, -0.25]}
							}
						},
						{
							"origin": [0.34375, 0.58417, 0.45864],
							"size": [0.21875, 0.09375, 0.40625],
							"pivot": [0.35938, 0.69354, 0.56801],
							"rotation": [12.5, 0, 0],
							"uv": {
								"north": {"uv": [43, 32], "uv_size": [0.25, 0.25]},
								"east": {"uv": [4, 33], "uv_size": [0.5, 0.25]},
								"south": {"uv": [34, 43], "uv_size": [0.25, 0.25]},
								"west": {"uv": [33, 4], "uv_size": [0.5, 0.25]},
								"up": {"uv": [8, 33], "uv_size": [0.25, 0.5]},
								"down": {"uv": [33, 8.5], "uv_size": [0.25, -0.5]}
							}
						},
						{
							"origin": [-0.5625, 0.52167, 0.86489],
							"size": [0.21875, 0.15625, 0.3125],
							"pivot": [-0.35937, 0.69354, 0.56801],
							"rotation": [12.5, 0, 0],
							"uv": {
								"north": {"uv": [2, 44], "uv_size": [0.25, 0.25]},
								"east": {"uv": [6, 44], "uv_size": [0.25, 0.25]},
								"south": {"uv": [44, 6], "uv_size": [0.25, 0.25]},
								"west": {"uv": [10, 44], "uv_size": [0.25, 0.25]},
								"up": {"uv": [44, 10], "uv_size": [0.25, 0.25]},
								"down": {"uv": [12, 44.25], "uv_size": [0.25, -0.25]}
							}
						},
						{
							"origin": [-0.5625, 0.58417, 0.45864],
							"size": [0.21875, 0.09375, 0.40625],
							"pivot": [-0.35937, 0.69354, 0.56801],
							"rotation": [12.5, 0, 0],
							"uv": {
								"north": {"uv": [14, 44], "uv_size": [0.25, 0.25]},
								"east": {"uv": [33, 12], "uv_size": [0.5, 0.25]},
								"south": {"uv": [44, 14], "uv_size": [0.25, 0.25]},
								"west": {"uv": [18, 33], "uv_size": [0.5, 0.25]},
								"up": {"uv": [33, 18], "uv_size": [0.25, 0.5]},
								"down": {"uv": [33, 22.5], "uv_size": [0.25, -0.5]}
							}
						},
						{
							"origin": [-0.47059, 0.52757, 0.89151],
							"size": [0.21875, 0.15625, 0.3125],
							"pivot": [-0.26747, 0.69945, 0.59464],
							"rotation": [12.60443, 7.32123, 1.63219],
							"uv": {
								"north": {"uv": [16, 44], "uv_size": [0.25, 0.25]},
								"east": {"uv": [44, 16], "uv_size": [0.25, 0.25]},
								"south": {"uv": [20, 44], "uv_size": [0.25, 0.25]},
								"west": {"uv": [44, 20], "uv_size": [0.25, 0.25]},
								"up": {"uv": [22, 44], "uv_size": [0.25, 0.25]},
								"down": {"uv": [44, 26.25], "uv_size": [0.25, -0.25]}
							}
						},
						{
							"origin": [0.25184, 0.59007, 0.45401],
							"size": [0.21875, 0.09375, 0.4375],
							"pivot": [0.26747, 0.69945, 0.59464],
							"rotation": [12.60443, -7.32123, -1.63219],
							"uv": {
								"north": {"uv": [28, 44], "uv_size": [0.25, 0.25]},
								"east": {"uv": [24, 33], "uv_size": [0.5, 0.25]},
								"south": {"uv": [44, 28], "uv_size": [0.25, 0.25]},
								"west": {"uv": [33, 24], "uv_size": [0.5, 0.25]},
								"up": {"uv": [26, 33], "uv_size": [0.25, 0.5]},
								"down": {"uv": [33, 31.5], "uv_size": [0.25, -0.5]}
							}
						},
						{
							"origin": [0.25184, 0.52757, 0.89151],
							"size": [0.21875, 0.15625, 0.3125],
							"pivot": [0.26747, 0.69945, 0.59464],
							"rotation": [12.60443, -7.32123, -1.63219],
							"uv": {
								"north": {"uv": [30, 44], "uv_size": [0.25, 0.25]},
								"east": {"uv": [44, 34], "uv_size": [0.25, 0.25]},
								"south": {"uv": [36, 44], "uv_size": [0.25, 0.25]},
								"west": {"uv": [44, 36], "uv_size": [0.25, 0.25]},
								"up": {"uv": [38, 44], "uv_size": [0.25, 0.25]},
								"down": {"uv": [44, 38.25], "uv_size": [0.25, -0.25]}
							}
						},
						{
							"origin": [-0.47059, 0.59007, 0.45401],
							"size": [0.21875, 0.09375, 0.4375],
							"pivot": [-0.26747, 0.69945, 0.59464],
							"rotation": [12.60443, 7.32123, 1.63219],
							"uv": {
								"north": {"uv": [40, 44], "uv_size": [0.25, 0.25]},
								"east": {"uv": [33, 33], "uv_size": [0.5, 0.25]},
								"south": {"uv": [44, 40], "uv_size": [0.25, 0.25]},
								"west": {"uv": [2, 34], "uv_size": [0.5, 0.25]},
								"up": {"uv": [6, 34], "uv_size": [0.25, 0.5]},
								"down": {"uv": [34, 6.5], "uv_size": [0.25, -0.5]}
							}
						},
						{
							"origin": [-0.5625, 0.67792, -0.10386],
							"size": [0.21875, 0.1875, 1.3125],
							"pivot": [-0.35937, 0.69354, 0.56801],
							"rotation": [12.5, 0, 0],
							"uv": {
								"north": {"uv": [42, 44], "uv_size": [0.25, 0.25]},
								"east": {"uv": [7, 24], "uv_size": [1.25, 0.25]},
								"south": {"uv": [44, 42], "uv_size": [0.25, 0.25]},
								"west": {"uv": [24, 9], "uv_size": [1.25, 0.25]},
								"up": {"uv": [10, 24], "uv_size": [0.25, 1.25]},
								"down": {"uv": [24, 12.25], "uv_size": [0.25, -1.25]}
							}
						},
						{
							"origin": [-0.34375, 0.25, -2.59375],
							"size": [0.6875, 0.0625, 2.46875],
							"uv": {
								"north": {"uv": [20, 27], "uv_size": [0.75, 0.25]},
								"east": {"uv": [0, 12], "uv_size": [2.5, 0.25]},
								"south": {"uv": [27, 20], "uv_size": [0.75, 0.25]},
								"west": {"uv": [12, 0], "uv_size": [2.5, 0.25]},
								"up": {"uv": [6, 6], "uv_size": [0.75, 2.5]},
								"down": {"uv": [0, 9.5], "uv_size": [0.75, -2.5]}
							}
						},
						{
							"origin": [-0.1875, 0.25, -3.3125],
							"size": [0.375, 0.40625, 0.71875],
							"uv": {
								"north": {"uv": [25, 0], "uv_size": [0.5, 0.5]},
								"east": {"uv": [6, 16], "uv_size": [0.75, 0.5]},
								"south": {"uv": [25, 2], "uv_size": [0.5, 0.5]},
								"west": {"uv": [16, 14], "uv_size": [0.75, 0.5]},
								"up": {"uv": [16, 16], "uv_size": [0.5, 0.75]},
								"down": {"uv": [8, 17.75], "uv_size": [0.5, -0.75]}
							}
						},
						{
							"origin": [-0.5625, 0.3125, -3.28125],
							"size": [1.125, 0.65625, 0.65625],
							"inflate": 0.0001,
							"uv": {
								"north": {"uv": [9, 0], "uv_size": [1.25, 0.75]},
								"east": {"uv": [12, 2], "uv_size": [0.75, 0.75]},
								"south": {"uv": [9, 2], "uv_size": [1.25, 0.75]},
								"west": {"uv": [4, 12], "uv_size": [0.75, 0.75]},
								"up": {"uv": [9, 4], "uv_size": [1.25, 0.75]},
								"down": {"uv": [8, 9.75], "uv_size": [1.25, -0.75]}
							}
						},
						{
							"origin": [0.5, 0.96875, -3.28125],
							"size": [0.0625, 0.2, 0.65625],
							"uv": {
								"north": {"uv": [44, 44], "uv_size": [0.25, 0.25]},
								"east": {"uv": [27, 25], "uv_size": [0.75, 0.25]},
								"south": {"uv": [0, 45], "uv_size": [0.25, 0.25]},
								"west": {"uv": [27, 27], "uv_size": [0.75, 0.25]},
								"up": {"uv": [2, 28], "uv_size": [0.25, 0.75]},
								"down": {"uv": [6, 28.75], "uv_size": [0.25, -0.75]}
							}
						},
						{
							"origin": [-0.53125, 0.90625, -3.28125],
							"size": [0.25, 0.1375, 0.65625],
							"pivot": [-0.39062, 1.00625, -2.95312],
							"rotation": [0, 0, 30],
							"uv": {
								"north": {"uv": [45, 0], "uv_size": [0.25, 0.25]},
								"east": {"uv": [28, 6], "uv_size": [0.75, 0.25]},
								"south": {"uv": [45, 2], "uv_size": [0.25, 0.25]},
								"west": {"uv": [28, 10], "uv_size": [0.75, 0.25]},
								"up": {"uv": [11, 28], "uv_size": [0.25, 0.75]},
								"down": {"uv": [13, 28.75], "uv_size": [0.25, -0.75]}
							}
						},
						{
							"origin": [-0.5625, 0.96875, -3.28125],
							"size": [0.0625, 0.2, 0.65625],
							"uv": {
								"north": {"uv": [4, 45], "uv_size": [0.25, 0.25]},
								"east": {"uv": [15, 28], "uv_size": [0.75, 0.25]},
								"south": {"uv": [45, 4], "uv_size": [0.25, 0.25]},
								"west": {"uv": [28, 15], "uv_size": [0.75, 0.25]},
								"up": {"uv": [17, 28], "uv_size": [0.25, 0.75]},
								"down": {"uv": [28, 17.75], "uv_size": [0.25, -0.75]}
							}
						},
						{
							"origin": [0.28125, 0.90625, -3.28125],
							"size": [0.25, 0.1375, 0.65625],
							"pivot": [0.39063, 1.00625, -2.95312],
							"rotation": [0, 0, -30],
							"uv": {
								"north": {"uv": [8, 45], "uv_size": [0.25, 0.25]},
								"east": {"uv": [22, 28], "uv_size": [0.75, 0.25]},
								"south": {"uv": [45, 8], "uv_size": [0.25, 0.25]},
								"west": {"uv": [28, 22], "uv_size": [0.75, 0.25]},
								"up": {"uv": [24, 28], "uv_size": [0.25, 0.75]},
								"down": {"uv": [0, 29.75], "uv_size": [0.25, -0.75]}
							}
						},
						{
							"origin": [-0.5625, -0.03125, -0.96875],
							"size": [1.125, 0.28125, 0.84375],
							"uv": {
								"north": {"uv": [12, 24], "uv_size": [1.25, 0.25]},
								"east": {"uv": [29, 0], "uv_size": [0.75, 0.25]},
								"south": {"uv": [15, 24], "uv_size": [1.25, 0.25]},
								"west": {"uv": [29, 2], "uv_size": [0.75, 0.25]},
								"up": {"uv": [2, 10], "uv_size": [1.25, 0.75]},
								"down": {"uv": [5, 10.75], "uv_size": [1.25, -0.75]}
							}
						},
						{
							"origin": [-0.5625, -0.28125, -3.28125],
							"size": [0.21875, 0.25, 0.6875],
							"uv": {
								"north": {"uv": [45, 18], "uv_size": [0.25, 0.25]},
								"east": {"uv": [4, 29], "uv_size": [0.75, 0.25]},
								"south": {"uv": [45, 22], "uv_size": [0.25, 0.25]},
								"west": {"uv": [29, 4], "uv_size": [0.75, 0.25]},
								"up": {"uv": [8, 29], "uv_size": [0.25, 0.75]},
								"down": {"uv": [29, 8.75], "uv_size": [0.25, -0.75]}
							}
						},
						{
							"origin": [0.34375, -0.28125, -3.28125],
							"size": [0.21875, 0.25, 0.6875],
							"uv": {
								"north": {"uv": [24, 45], "uv_size": [0.25, 0.25]},
								"east": {"uv": [29, 12], "uv_size": [0.75, 0.25]},
								"south": {"uv": [45, 24], "uv_size": [0.25, 0.25]},
								"west": {"uv": [19, 29], "uv_size": [0.75, 0.25]},
								"up": {"uv": [29, 19], "uv_size": [0.25, 0.75]},
								"down": {"uv": [29, 24.75], "uv_size": [0.25, -0.75]}
							}
						},
						{
							"origin": [-0.5625, -0.03125, -3.28125],
							"size": [1.125, 0.28125, 0.6875],
							"uv": {
								"north": {"uv": [18, 24], "uv_size": [1.25, 0.25]},
								"east": {"uv": [26, 29], "uv_size": [0.75, 0.25]},
								"south": {"uv": [23, 24], "uv_size": [1.25, 0.25]},
								"west": {"uv": [29, 26], "uv_size": [0.75, 0.25]},
								"up": {"uv": [11, 6], "uv_size": [1.25, 0.75]},
								"down": {"uv": [8, 11.75], "uv_size": [1.25, -0.75]}
							}
						},
						{
							"origin": [-0.5625, -0.28125, -0.96875],
							"size": [0.21875, 0.25, 0.84375],
							"uv": {
								"north": {"uv": [26, 45], "uv_size": [0.25, 0.25]},
								"east": {"uv": [28, 29], "uv_size": [0.75, 0.25]},
								"south": {"uv": [45, 30], "uv_size": [0.25, 0.25]},
								"west": {"uv": [2, 30], "uv_size": [0.75, 0.25]},
								"up": {"uv": [6, 30], "uv_size": [0.25, 0.75]},
								"down": {"uv": [30, 6.75], "uv_size": [0.25, -0.75]}
							}
						},
						{
							"origin": [0.34375, -0.28125, -0.96875],
							"size": [0.21875, 0.25, 0.84375],
							"uv": {
								"north": {"uv": [32, 45], "uv_size": [0.25, 0.25]},
								"east": {"uv": [10, 30], "uv_size": [0.75, 0.25]},
								"south": {"uv": [45, 32], "uv_size": [0.25, 0.25]},
								"west": {"uv": [30, 10], "uv_size": [0.75, 0.25]},
								"up": {"uv": [12, 30], "uv_size": [0.25, 0.75]},
								"down": {"uv": [14, 30.75], "uv_size": [0.25, -0.75]}
							}
						},
						{
							"origin": [-0.59375, -0.125, -0.46875],
							"size": [0.9375, 0.125, 0.125],
							"pivot": [-0.34375, -0.0625, -0.40625],
							"rotation": [-45, 0, 0],
							"uv": {
								"north": {"uv": [0, 27], "uv_size": [1, 0.25]},
								"east": {"uv": [34, 49], "uv_size": [0.25, 0.25]},
								"south": {"uv": [27, 0], "uv_size": [1, 0.25]},
								"west": {"uv": [2, 50], "uv_size": [0.25, 0.25]},
								"up": {"uv": [27, 2], "uv_size": [1, 0.25]},
								"down": {"uv": [4, 27.25], "uv_size": [1, -0.25]}
							}
						},
						{
							"origin": [-0.59375, -0.125, -3.09375],
							"size": [0.9375, 0.125, 0.125],
							"pivot": [-0.34375, -0.0625, -3.03125],
							"rotation": [-45, 0, 0],
							"uv": {
								"north": {"uv": [27, 4], "uv_size": [1, 0.25]},
								"east": {"uv": [6, 50], "uv_size": [0.25, 0.25]},
								"south": {"uv": [27, 8], "uv_size": [1, 0.25]},
								"west": {"uv": [50, 6], "uv_size": [0.25, 0.25]},
								"up": {"uv": [9, 27], "uv_size": [1, 0.25]},
								"down": {"uv": [27, 13.25], "uv_size": [1, -0.25]}
							}
						},
						{
							"origin": [-0.5, 0.5, -3.3125],
							"size": [0.21875, 0.21875, 0.03125],
							"pivot": [-0.39062, 0.60938, -4.28125],
							"rotation": [0, 0, 45],
							"uv": {
								"north": {"uv": [42, 52], "uv_size": [0.25, 0.25]},
								"east": {"uv": [52, 42], "uv_size": [0.25, 0.25]},
								"south": {"uv": [44, 52], "uv_size": [0.25, 0.25]},
								"west": {"uv": [52, 44], "uv_size": [0.25, 0.25]},
								"up": {"uv": [46, 52], "uv_size": [0.25, 0.25]},
								"down": {"uv": [52, 46.25], "uv_size": [0.25, -0.25]}
							}
						},
						{
							"origin": [0.28125, 0.5, -3.3125],
							"size": [0.21875, 0.21875, 0.03125],
							"pivot": [0.39063, 0.60938, -4.28125],
							"rotation": [0, 0, -45],
							"uv": {
								"north": {"uv": [48, 52], "uv_size": [0.25, 0.25]},
								"east": {"uv": [52, 48], "uv_size": [0.25, 0.25]},
								"south": {"uv": [50, 52], "uv_size": [0.25, 0.25]},
								"west": {"uv": [52, 50], "uv_size": [0.25, 0.25]},
								"up": {"uv": [52, 52], "uv_size": [0.25, 0.25]},
								"down": {"uv": [0, 53.25], "uv_size": [0.25, -0.25]}
							}
						},
						{
							"origin": [-0.25, 0.71875, -3.28125],
							"size": [0.5, 0.1875, 0.03125],
							"inflate": 0.005,
							"uv": {
								"north": {"uv": [0, 60], "uv_size": [20, 10]}
							}
						}
					]
				},
				{
					"name": "bone2",
					"parent": "scope_body",
					"pivot": [0, 1.62491, -3.01562],
					"cubes": [
						{
							"origin": [0.59375, 1.43241, -3.09375],
							"size": [0.09375, 0.385, 0.15625],
							"inflate": -0.0005,
							"pivot": [0, 1.62491, -3.01562],
							"rotation": [0, 0, -150],
							"uv": {
								"north": {"uv": [34, 14], "uv_size": [0.25, 0.5]},
								"east": {"uv": [16, 34], "uv_size": [0.25, 0.5]},
								"south": {"uv": [34, 16], "uv_size": [0.25, 0.5]},
								"west": {"uv": [20, 34], "uv_size": [0.25, 0.5]},
								"up": {"uv": [34, 45], "uv_size": [0.25, 0.25]},
								"down": {"uv": [2, 46.25], "uv_size": [0.25, -0.25]}
							}
						},
						{
							"origin": [-0.6875, 1.43241, -3.09375],
							"size": [0.09375, 0.385, 0.15625],
							"inflate": -0.0005,
							"uv": {
								"north": {"uv": [34, 20], "uv_size": [0.25, 0.5]},
								"east": {"uv": [22, 34], "uv_size": [0.25, 0.5]},
								"south": {"uv": [34, 26], "uv_size": [0.25, 0.5]},
								"west": {"uv": [28, 34], "uv_size": [0.25, 0.5]},
								"up": {"uv": [6, 46], "uv_size": [0.25, 0.25]},
								"down": {"uv": [46, 6.25], "uv_size": [0.25, -0.25]}
							}
						},
						{
							"origin": [-0.6875, 1.43241, -3.09375],
							"size": [0.09375, 0.385, 0.15625],
							"inflate": -0.0005,
							"pivot": [0, 1.62491, -3.01562],
							"rotation": [0, 0, -30],
							"uv": {
								"north": {"uv": [34, 28], "uv_size": [0.25, 0.5]},
								"east": {"uv": [30, 34], "uv_size": [0.25, 0.5]},
								"south": {"uv": [0, 35], "uv_size": [0.25, 0.5]},
								"west": {"uv": [35, 0], "uv_size": [0.25, 0.5]},
								"up": {"uv": [10, 46], "uv_size": [0.25, 0.25]},
								"down": {"uv": [46, 10.25], "uv_size": [0.25, -0.25]}
							}
						},
						{
							"origin": [-0.6875, 1.43241, -3.09375],
							"size": [0.09375, 0.385, 0.15625],
							"inflate": -0.0005,
							"pivot": [0, 1.62491, -3.01562],
							"rotation": [0, 0, -60],
							"uv": {
								"north": {"uv": [35, 2], "uv_size": [0.25, 0.5]},
								"east": {"uv": [4, 35], "uv_size": [0.25, 0.5]},
								"south": {"uv": [35, 4], "uv_size": [0.25, 0.5]},
								"west": {"uv": [8, 35], "uv_size": [0.25, 0.5]},
								"up": {"uv": [12, 46], "uv_size": [0.25, 0.25]},
								"down": {"uv": [14, 46.25], "uv_size": [0.25, -0.25]}
							}
						},
						{
							"origin": [-0.6875, 1.43241, -3.09375],
							"size": [0.09375, 0.385, 0.15625],
							"inflate": -0.0005,
							"pivot": [0, 1.62491, -3.01562],
							"rotation": [0, 0, 120],
							"uv": {
								"north": {"uv": [35, 8], "uv_size": [0.25, 0.5]},
								"east": {"uv": [35, 12], "uv_size": [0.25, 0.5]},
								"south": {"uv": [18, 35], "uv_size": [0.25, 0.5]},
								"west": {"uv": [35, 18], "uv_size": [0.25, 0.5]},
								"up": {"uv": [46, 14], "uv_size": [0.25, 0.25]},
								"down": {"uv": [16, 46.25], "uv_size": [0.25, -0.25]}
							}
						},
						{
							"origin": [-0.6875, 1.43241, -3.09375],
							"size": [0.09375, 0.385, 0.15625],
							"inflate": -0.0005,
							"pivot": [0, 1.62491, -3.01562],
							"rotation": [0, 0, 150],
							"uv": {
								"north": {"uv": [35, 22], "uv_size": [0.25, 0.5]},
								"east": {"uv": [24, 35], "uv_size": [0.25, 0.5]},
								"south": {"uv": [35, 24], "uv_size": [0.25, 0.5]},
								"west": {"uv": [26, 35], "uv_size": [0.25, 0.5]},
								"up": {"uv": [46, 16], "uv_size": [0.25, 0.25]},
								"down": {"uv": [20, 46.25], "uv_size": [0.25, -0.25]}
							}
						},
						{
							"origin": [0.59375, 1.43241, -3.09375],
							"size": [0.09375, 0.385, 0.15625],
							"inflate": -0.0005,
							"uv": {
								"north": {"uv": [35, 30], "uv_size": [0.25, 0.5]},
								"east": {"uv": [32, 35], "uv_size": [0.25, 0.5]},
								"south": {"uv": [35, 32], "uv_size": [0.25, 0.5]},
								"west": {"uv": [34, 35], "uv_size": [0.25, 0.5]},
								"up": {"uv": [46, 20], "uv_size": [0.25, 0.25]},
								"down": {"uv": [22, 46.25], "uv_size": [0.25, -0.25]}
							}
						},
						{
							"origin": [0.59375, 1.43241, -3.09375],
							"size": [0.09375, 0.385, 0.15625],
							"inflate": -0.0005,
							"pivot": [0, 1.62491, -3.01562],
							"rotation": [0, 0, 30],
							"uv": {
								"north": {"uv": [2, 36], "uv_size": [0.25, 0.5]},
								"east": {"uv": [6, 36], "uv_size": [0.25, 0.5]},
								"south": {"uv": [36, 6], "uv_size": [0.25, 0.5]},
								"west": {"uv": [10, 36], "uv_size": [0.25, 0.5]},
								"up": {"uv": [46, 26], "uv_size": [0.25, 0.25]},
								"down": {"uv": [28, 46.25], "uv_size": [0.25, -0.25]}
							}
						},
						{
							"origin": [0.59375, 1.43241, -3.09375],
							"size": [0.09375, 0.385, 0.15625],
							"inflate": -0.0005,
							"pivot": [0, 1.62491, -3.01562],
							"rotation": [0, 0, 60],
							"uv": {
								"north": {"uv": [36, 10], "uv_size": [0.25, 0.5]},
								"east": {"uv": [12, 36], "uv_size": [0.25, 0.5]},
								"south": {"uv": [14, 36], "uv_size": [0.25, 0.5]},
								"west": {"uv": [36, 14], "uv_size": [0.25, 0.5]},
								"up": {"uv": [46, 28], "uv_size": [0.25, 0.25]},
								"down": {"uv": [30, 46.25], "uv_size": [0.25, -0.25]}
							}
						},
						{
							"origin": [0.59375, 1.43241, -3.09375],
							"size": [0.09375, 0.385, 0.15625],
							"inflate": -0.0005,
							"pivot": [0, 1.62491, -3.01562],
							"rotation": [0, 0, -90],
							"uv": {
								"north": {"uv": [16, 36], "uv_size": [0.25, 0.5]},
								"east": {"uv": [36, 16], "uv_size": [0.25, 0.5]},
								"south": {"uv": [20, 36], "uv_size": [0.25, 0.5]},
								"west": {"uv": [36, 20], "uv_size": [0.25, 0.5]},
								"up": {"uv": [46, 34], "uv_size": [0.25, 0.25]},
								"down": {"uv": [36, 46.25], "uv_size": [0.25, -0.25]}
							}
						},
						{
							"origin": [0.625, 0.11991, -3.09375],
							"size": [0.09375, 0.385, 0.15625],
							"inflate": -0.0005,
							"pivot": [0, 0.31241, -3.01562],
							"rotation": [0, 0, -90],
							"uv": {
								"north": {"uv": [22, 36], "uv_size": [0.25, 0.5]},
								"east": {"uv": [36, 26], "uv_size": [0.25, 0.5]},
								"south": {"uv": [28, 36], "uv_size": [0.25, 0.5]},
								"west": {"uv": [36, 28], "uv_size": [0.25, 0.5]},
								"up": {"uv": [46, 36], "uv_size": [0.25, 0.25]},
								"down": {"uv": [38, 46.25], "uv_size": [0.25, -0.25]}
							}
						},
						{
							"origin": [0.59375, 1.43241, -3.09375],
							"size": [0.09375, 0.385, 0.15625],
							"inflate": -0.0005,
							"pivot": [0, 1.62491, -3.01562],
							"rotation": [0, 0, -120],
							"uv": {
								"north": {"uv": [30, 36], "uv_size": [0.25, 0.5]},
								"east": {"uv": [36, 34], "uv_size": [0.25, 0.5]},
								"south": {"uv": [36, 36], "uv_size": [0.25, 0.5]},
								"west": {"uv": [0, 37], "uv_size": [0.25, 0.5]},
								"up": {"uv": [46, 38], "uv_size": [0.25, 0.25]},
								"down": {"uv": [40, 46.25], "uv_size": [0.25, -0.25]}
							}
						}
					]
				},
				{
					"name": "bone3",
					"parent": "scope_body",
					"pivot": [0, 1.62491, -2.92187],
					"cubes": [
						{
							"origin": [0.65625, 1.43241, -3.28125],
							"size": [0.0625, 0.385, 0.65625],
							"pivot": [0, 1.62491, -2.92187],
							"rotation": [0, 0, -150],
							"uv": {
								"north": {"uv": [37, 0], "uv_size": [0.25, 0.5]},
								"east": {"uv": [17, 8], "uv_size": [0.75, 0.5]},
								"south": {"uv": [37, 2], "uv_size": [0.25, 0.5]},
								"west": {"uv": [17, 10], "uv_size": [0.75, 0.5]},
								"up": {"uv": [30, 14], "uv_size": [0.25, 0.75]},
								"down": {"uv": [16, 30.75], "uv_size": [0.25, -0.75]}
							}
						},
						{
							"origin": [-0.71875, 1.43241, -3.28125],
							"size": [0.0625, 0.385, 0.65625],
							"inflate": -0.0001,
							"uv": {
								"north": {"uv": [4, 37], "uv_size": [0.25, 0.5]},
								"east": {"uv": [17, 12], "uv_size": [0.75, 0.5]},
								"south": {"uv": [37, 4], "uv_size": [0.25, 0.5]},
								"west": {"uv": [0, 18], "uv_size": [0.75, 0.5]},
								"up": {"uv": [30, 16], "uv_size": [0.25, 0.75]},
								"down": {"uv": [21, 30.75], "uv_size": [0.25, -0.75]}
							}
						},
						{
							"origin": [-0.71875, 1.43241, -3.28125],
							"size": [0.0625, 0.385, 0.65625],
							"pivot": [0, 1.62491, -2.92187],
							"rotation": [0, 0, -30],
							"uv": {
								"north": {"uv": [8, 37], "uv_size": [0.25, 0.5]},
								"east": {"uv": [18, 0], "uv_size": [0.75, 0.5]},
								"south": {"uv": [37, 8], "uv_size": [0.25, 0.5]},
								"west": {"uv": [2, 18], "uv_size": [0.75, 0.5]},
								"up": {"uv": [30, 21], "uv_size": [0.25, 0.75]},
								"down": {"uv": [23, 30.75], "uv_size": [0.25, -0.75]}
							}
						},
						{
							"origin": [-0.71875, 1.43241, -3.28125],
							"size": [0.0625, 0.385, 0.65625],
							"pivot": [0, 1.62491, -2.92187],
							"rotation": [0, 0, -60],
							"uv": {
								"north": {"uv": [37, 12], "uv_size": [0.25, 0.5]},
								"east": {"uv": [18, 2], "uv_size": [0.75, 0.5]},
								"south": {"uv": [18, 37], "uv_size": [0.25, 0.5]},
								"west": {"uv": [4, 18], "uv_size": [0.75, 0.5]},
								"up": {"uv": [30, 28], "uv_size": [0.25, 0.75]},
								"down": {"uv": [30, 30.75], "uv_size": [0.25, -0.75]}
							}
						},
						{
							"origin": [-0.71875, 1.43241, -3.28125],
							"size": [0.0625, 0.385, 0.65625],
							"pivot": [0, 1.62491, -2.92187],
							"rotation": [0, 0, 120],
							"uv": {
								"north": {"uv": [37, 18], "uv_size": [0.25, 0.5]},
								"east": {"uv": [6, 18], "uv_size": [0.75, 0.5]},
								"south": {"uv": [37, 22], "uv_size": [0.25, 0.5]},
								"west": {"uv": [10, 18], "uv_size": [0.75, 0.5]},
								"up": {"uv": [0, 31], "uv_size": [0.25, 0.75]},
								"down": {"uv": [31, 0.75], "uv_size": [0.25, -0.75]}
							}
						},
						{
							"origin": [-0.71875, 1.43241, -3.28125],
							"size": [0.0625, 0.385, 0.65625],
							"pivot": [0, 1.62491, -2.92187],
							"rotation": [0, 0, 150],
							"uv": {
								"north": {"uv": [24, 37], "uv_size": [0.25, 0.5]},
								"east": {"uv": [12, 18], "uv_size": [0.75, 0.5]},
								"south": {"uv": [37, 24], "uv_size": [0.25, 0.5]},
								"west": {"uv": [14, 18], "uv_size": [0.75, 0.5]},
								"up": {"uv": [31, 2], "uv_size": [0.25, 0.75]},
								"down": {"uv": [4, 31.75], "uv_size": [0.25, -0.75]}
							}
						},
						{
							"origin": [0.65625, 1.43241, -3.28125],
							"size": [0.0625, 0.385, 0.65625],
							"inflate": -0.0001,
							"uv": {
								"north": {"uv": [26, 37], "uv_size": [0.25, 0.5]},
								"east": {"uv": [18, 14], "uv_size": [0.75, 0.5]},
								"south": {"uv": [37, 30], "uv_size": [0.25, 0.5]},
								"west": {"uv": [16, 18], "uv_size": [0.75, 0.5]},
								"up": {"uv": [31, 4], "uv_size": [0.25, 0.75]},
								"down": {"uv": [8, 31.75], "uv_size": [0.25, -0.75]}
							}
						},
						{
							"origin": [0.65625, 1.43241, -3.28125],
							"size": [0.0625, 0.385, 0.65625],
							"pivot": [0, 1.62491, -2.92187],
							"rotation": [0, 0, 30],
							"uv": {
								"north": {"uv": [32, 37], "uv_size": [0.25, 0.5]},
								"east": {"uv": [18, 16], "uv_size": [0.75, 0.5]},
								"south": {"uv": [37, 32], "uv_size": [0.25, 0.5]},
								"west": {"uv": [18, 18], "uv_size": [0.75, 0.5]},
								"up": {"uv": [31, 8], "uv_size": [0.25, 0.75]},
								"down": {"uv": [31, 12.75], "uv_size": [0.25, -0.75]}
							}
						},
						{
							"origin": [0.65625, 1.43241, -3.28125],
							"size": [0.0625, 0.385, 0.65625],
							"pivot": [0, 1.62491, -2.92187],
							"rotation": [0, 0, 60],
							"uv": {
								"north": {"uv": [34, 37], "uv_size": [0.25, 0.5]},
								"east": {"uv": [19, 4], "uv_size": [0.75, 0.5]},
								"south": {"uv": [2, 38], "uv_size": [0.25, 0.5]},
								"west": {"uv": [19, 6], "uv_size": [0.75, 0.5]},
								"up": {"uv": [18, 31], "uv_size": [0.25, 0.75]},
								"down": {"uv": [31, 18.75], "uv_size": [0.25, -0.75]}
							}
						},
						{
							"origin": [0.65625, 1.43241, -3.28125],
							"size": [0.0625, 0.385, 0.65625],
							"pivot": [0, 1.62491, -2.92187],
							"rotation": [0, 0, -90],
							"uv": {
								"north": {"uv": [6, 38], "uv_size": [0.25, 0.5]},
								"east": {"uv": [8, 19], "uv_size": [0.75, 0.5]},
								"south": {"uv": [38, 6], "uv_size": [0.25, 0.5]},
								"west": {"uv": [19, 8], "uv_size": [0.75, 0.5]},
								"up": {"uv": [31, 23], "uv_size": [0.25, 0.75]},
								"down": {"uv": [25, 31.75], "uv_size": [0.25, -0.75]}
							}
						},
						{
							"origin": [0.65625, 1.43241, -3.28125],
							"size": [0.0625, 0.385, 0.65625],
							"pivot": [0, 1.62491, -2.92187],
							"rotation": [0, 0, -120],
							"uv": {
								"north": {"uv": [10, 38], "uv_size": [0.25, 0.5]},
								"east": {"uv": [19, 10], "uv_size": [0.75, 0.5]},
								"south": {"uv": [38, 10], "uv_size": [0.25, 0.5]},
								"west": {"uv": [19, 12], "uv_size": [0.75, 0.5]},
								"up": {"uv": [31, 25], "uv_size": [0.25, 0.75]},
								"down": {"uv": [27, 31.75], "uv_size": [0.25, -0.75]}
							}
						}
					]
				},
				{
					"name": "octagon4",
					"parent": "scope_body",
					"pivot": [8, -7.96875, -7.6875],
					"cubes": [
						{
							"origin": [-0.20711, 0.09375, -0.1875],
							"size": [0.41421, 0.4375, 1],
							"pivot": [0, 0.03125, 0.3125],
							"rotation": [0, -45, 0],
							"uv": {
								"north": {"uv": [25, 14], "uv_size": [0.5, 0.5]},
								"east": {"uv": [12, 4], "uv_size": [1, 0.5]},
								"south": {"uv": [21, 25], "uv_size": [0.5, 0.5]},
								"west": {"uv": [6, 12], "uv_size": [1, 0.5]},
								"up": {"uv": [11, 12], "uv_size": [0.5, 1]},
								"down": {"uv": [8, 14], "uv_size": [0.5, -1]}
							}
						},
						{
							"origin": [-0.20711, 0.09375, -0.1875],
							"size": [0.41421, 0.4375, 1],
							"uv": {
								"north": {"uv": [25, 21], "uv_size": [0.5, 0.5]},
								"east": {"uv": [13, 12], "uv_size": [1, 0.5]},
								"south": {"uv": [2, 26], "uv_size": [0.5, 0.5]},
								"west": {"uv": [0, 14], "uv_size": [1, 0.5]},
								"up": {"uv": [2, 14], "uv_size": [0.5, 1]},
								"down": {"uv": [14, 3], "uv_size": [0.5, -1]}
							}
						},
						{
							"origin": [-0.5, 0.09375, 0.10539],
							"size": [1, 0.4375, 0.41421],
							"pivot": [0, 0.03125, 0.3125],
							"rotation": [0, -45, 0],
							"uv": {
								"north": {"uv": [4, 14], "uv_size": [1, 0.5]},
								"east": {"uv": [26, 6], "uv_size": [0.5, 0.5]},
								"south": {"uv": [14, 4], "uv_size": [1, 0.5]},
								"west": {"uv": [7, 26], "uv_size": [0.5, 0.5]},
								"up": {"uv": [6, 14], "uv_size": [1, 0.5]},
								"down": {"uv": [14, 6.5], "uv_size": [1, -0.5]}
							}
						},
						{
							"origin": [-0.5, 0.09375, 0.10539],
							"size": [1, 0.4375, 0.41421],
							"uv": {
								"north": {"uv": [10, 14], "uv_size": [1, 0.5]},
								"east": {"uv": [26, 11], "uv_size": [0.5, 0.5]},
								"south": {"uv": [12, 14], "uv_size": [1, 0.5]},
								"west": {"uv": [12, 26], "uv_size": [0.5, 0.5]},
								"up": {"uv": [14, 14], "uv_size": [1, 0.5]},
								"down": {"uv": [8, 15.5], "uv_size": [1, -0.5]}
							}
						}
					]
				},
				{
					"name": "octagon5",
					"parent": "scope_body",
					"pivot": [0, 0.4375, 1.8125],
					"rotation": [-10, 0, 0],
					"cubes": [
						{
							"origin": [-0.18122, 0, 1.5625],
							"size": [0.36244, 0.875, 0.4375],
							"pivot": [0, 0.4375, 1.8125],
							"rotation": [0, 0, 45],
							"uv": {
								"north": {"uv": [14, 26], "uv_size": [0.25, 1]},
								"east": {"uv": [15, 8], "uv_size": [0.5, 1]},
								"south": {"uv": [16, 26], "uv_size": [0.25, 1]},
								"west": {"uv": [15, 10], "uv_size": [0.5, 1]},
								"up": {"uv": [12, 38], "uv_size": [0.25, 0.5]},
								"down": {"uv": [14, 38.5], "uv_size": [0.25, -0.5]}
							}
						},
						{
							"origin": [-0.18122, 0, 1.5625],
							"size": [0.36244, 0.875, 0.4375],
							"uv": {
								"north": {"uv": [26, 16], "uv_size": [0.25, 1]},
								"east": {"uv": [15, 12], "uv_size": [0.5, 1]},
								"south": {"uv": [18, 26], "uv_size": [0.25, 1]},
								"west": {"uv": [0, 16], "uv_size": [0.5, 1]},
								"up": {"uv": [38, 14], "uv_size": [0.25, 0.5]},
								"down": {"uv": [16, 38.5], "uv_size": [0.25, -0.5]}
							}
						},
						{
							"origin": [-0.4375, 0.25628, 1.5625],
							"size": [0.875, 0.36244, 0.4375],
							"pivot": [0, 0.4375, 1.8125],
							"rotation": [0, 0, 45],
							"uv": {
								"north": {"uv": [26, 18], "uv_size": [1, 0.25]},
								"east": {"uv": [38, 16], "uv_size": [0.5, 0.25]},
								"south": {"uv": [23, 26], "uv_size": [1, 0.25]},
								"west": {"uv": [20, 38], "uv_size": [0.5, 0.25]},
								"up": {"uv": [16, 0], "uv_size": [1, 0.5]},
								"down": {"uv": [2, 16.5], "uv_size": [1, -0.5]}
							}
						},
						{
							"origin": [-0.4375, 0.25628, 1.5625],
							"size": [0.875, 0.36244, 0.4375],
							"uv": {
								"north": {"uv": [26, 23], "uv_size": [1, 0.25]},
								"east": {"uv": [38, 20], "uv_size": [0.5, 0.25]},
								"south": {"uv": [25, 26], "uv_size": [1, 0.25]},
								"west": {"uv": [22, 38], "uv_size": [0.5, 0.25]},
								"up": {"uv": [16, 2], "uv_size": [1, 0.5]},
								"down": {"uv": [4, 16.5], "uv_size": [1, -0.5]}
							}
						}
					]
				},
				{
					"name": "octagon6",
					"parent": "octagon5",
					"pivot": [0, 0.4375, 1.125],
					"cubes": [
						{
							"origin": [-0.15533, 0.0625, 1.15625],
							"size": [0.31066, 0.75, 0.90625],
							"pivot": [0, 0.4375, 1.125],
							"rotation": [0, 0, 45],
							"uv": {
								"north": {"uv": [2, 32], "uv_size": [0.25, 0.75]},
								"east": {"uv": [0, 20], "uv_size": [0.5, 0.75]},
								"south": {"uv": [6, 32], "uv_size": [0.25, 0.75]},
								"west": {"uv": [20, 0], "uv_size": [0.5, 0.75]},
								"up": {"uv": [38, 26], "uv_size": [0.25, 0.5]},
								"down": {"uv": [28, 38.5], "uv_size": [0.25, -0.5]}
							}
						},
						{
							"origin": [-0.15533, 0.0625, 1.15625],
							"size": [0.31066, 0.75, 0.90625],
							"uv": {
								"north": {"uv": [32, 6], "uv_size": [0.25, 0.75]},
								"east": {"uv": [2, 20], "uv_size": [0.5, 0.75]},
								"south": {"uv": [10, 32], "uv_size": [0.25, 0.75]},
								"west": {"uv": [20, 2], "uv_size": [0.5, 0.75]},
								"up": {"uv": [38, 28], "uv_size": [0.25, 0.5]},
								"down": {"uv": [30, 38.5], "uv_size": [0.25, -0.5]}
							}
						},
						{
							"origin": [-0.375, 0.28217, 1.15625],
							"size": [0.75, 0.31066, 0.90625],
							"pivot": [0, 0.4375, 1.125],
							"rotation": [0, 0, 45],
							"uv": {
								"north": {"uv": [32, 10], "uv_size": [0.75, 0.25]},
								"east": {"uv": [38, 34], "uv_size": [0.5, 0.25]},
								"south": {"uv": [12, 32], "uv_size": [0.75, 0.25]},
								"west": {"uv": [36, 38], "uv_size": [0.5, 0.25]},
								"up": {"uv": [4, 20], "uv_size": [0.75, 0.5]},
								"down": {"uv": [6, 20.5], "uv_size": [0.75, -0.5]}
							}
						},
						{
							"origin": [-0.375, 0.28217, 1.15625],
							"size": [0.75, 0.31066, 0.90625],
							"uv": {
								"north": {"uv": [14, 32], "uv_size": [0.75, 0.25]},
								"east": {"uv": [38, 36], "uv_size": [0.5, 0.25]},
								"south": {"uv": [32, 14], "uv_size": [0.75, 0.25]},
								"west": {"uv": [38, 38], "uv_size": [0.5, 0.25]},
								"up": {"uv": [10, 20], "uv_size": [0.75, 0.5]},
								"down": {"uv": [12, 20.5], "uv_size": [0.75, -0.5]}
							}
						}
					]
				},
				{
					"name": "octagon7",
					"parent": "scope_body",
					"pivot": [8.25, -8.0625, -8.40625],
					"cubes": [
						{
							"origin": [0.5625, -0.15311, -0.625],
							"size": [0.0625, 0.18122, 0.4375],
							"pivot": [0.25, -0.0625, -0.40625],
							"rotation": [-45, 0, 0],
							"uv": {
								"north": {"uv": [46, 40], "uv_size": [0.25, 0.25]},
								"east": {"uv": [0, 39], "uv_size": [0.5, 0.25]},
								"south": {"uv": [42, 46], "uv_size": [0.25, 0.25]},
								"west": {"uv": [39, 0], "uv_size": [0.5, 0.25]},
								"up": {"uv": [39, 2], "uv_size": [0.25, 0.5]},
								"down": {"uv": [4, 39.5], "uv_size": [0.25, -0.5]}
							}
						},
						{
							"origin": [0.5625, -0.15311, -0.625],
							"size": [0.0625, 0.18122, 0.4375],
							"uv": {
								"north": {"uv": [46, 42], "uv_size": [0.25, 0.25]},
								"east": {"uv": [39, 4], "uv_size": [0.5, 0.25]},
								"south": {"uv": [44, 46], "uv_size": [0.25, 0.25]},
								"west": {"uv": [8, 39], "uv_size": [0.5, 0.25]},
								"up": {"uv": [39, 8], "uv_size": [0.25, 0.5]},
								"down": {"uv": [39, 12.5], "uv_size": [0.25, -0.5]}
							}
						},
						{
							"origin": [0.5625, -0.28125, -0.49686],
							"size": [0.0625, 0.4375, 0.18122],
							"pivot": [0.25, -0.0625, -0.40625],
							"rotation": [-45, 0, 0],
							"uv": {
								"north": {"uv": [18, 39], "uv_size": [0.25, 0.5]},
								"east": {"uv": [39, 18], "uv_size": [0.25, 0.5]},
								"south": {"uv": [39, 22], "uv_size": [0.25, 0.5]},
								"west": {"uv": [24, 39], "uv_size": [0.25, 0.5]},
								"up": {"uv": [46, 44], "uv_size": [0.25, 0.25]},
								"down": {"uv": [46, 46.25], "uv_size": [0.25, -0.25]}
							}
						},
						{
							"origin": [0.5625, -0.28125, -0.49686],
							"size": [0.0625, 0.4375, 0.18122],
							"uv": {
								"north": {"uv": [39, 24], "uv_size": [0.25, 0.5]},
								"east": {"uv": [26, 39], "uv_size": [0.25, 0.5]},
								"south": {"uv": [39, 30], "uv_size": [0.25, 0.5]},
								"west": {"uv": [32, 39], "uv_size": [0.25, 0.5]},
								"up": {"uv": [0, 47], "uv_size": [0.25, 0.25]},
								"down": {"uv": [47, 0.25], "uv_size": [0.25, -0.25]}
							}
						}
					]
				},
				{
					"name": "octagon8",
					"parent": "scope_body",
					"pivot": [8.3125, -8.0625, -8.40625],
					"cubes": [
						{
							"origin": [0.625, -0.15311, -0.625],
							"size": [0.09375, 0.18122, 0.0625],
							"pivot": [0.3125, -0.0625, -0.40625],
							"rotation": [-45, 0, 0],
							"uv": {
								"north": {"uv": [47, 2], "uv_size": [0.25, 0.25]},
								"east": {"uv": [4, 47], "uv_size": [0.25, 0.25]},
								"south": {"uv": [47, 4], "uv_size": [0.25, 0.25]},
								"west": {"uv": [8, 47], "uv_size": [0.25, 0.25]},
								"up": {"uv": [47, 8], "uv_size": [0.25, 0.25]},
								"down": {"uv": [47, 12.25], "uv_size": [0.25, -0.25]}
							}
						},
						{
							"origin": [0.625, -0.02811, -0.625],
							"size": [0.09375, 0.05622, 0.4375],
							"uv": {
								"north": {"uv": [18, 47], "uv_size": [0.25, 0.25]},
								"east": {"uv": [39, 32], "uv_size": [0.5, 0.25]},
								"south": {"uv": [47, 18], "uv_size": [0.25, 0.25]},
								"west": {"uv": [34, 39], "uv_size": [0.5, 0.25]},
								"up": {"uv": [2, 40], "uv_size": [0.25, 0.5]},
								"down": {"uv": [6, 40.5], "uv_size": [0.25, -0.5]}
							}
						},
						{
							"origin": [0.625, -0.15311, -0.625],
							"size": [0.09375, 0.05622, 0.4375],
							"uv": {
								"north": {"uv": [47, 22], "uv_size": [0.25, 0.25]},
								"east": {"uv": [40, 6], "uv_size": [0.5, 0.25]},
								"south": {"uv": [24, 47], "uv_size": [0.25, 0.25]},
								"west": {"uv": [10, 40], "uv_size": [0.5, 0.25]},
								"up": {"uv": [40, 10], "uv_size": [0.25, 0.5]},
								"down": {"uv": [12, 40.5], "uv_size": [0.25, -0.5]}
							}
						},
						{
							"origin": [0.625, 0.09375, -0.49686],
							"size": [0.09375, 0.0625, 0.18122],
							"pivot": [0.3125, -0.0625, -0.40625],
							"rotation": [-45, 0, 0],
							"uv": {
								"north": {"uv": [47, 24], "uv_size": [0.25, 0.25]},
								"east": {"uv": [26, 47], "uv_size": [0.25, 0.25]},
								"south": {"uv": [47, 30], "uv_size": [0.25, 0.25]},
								"west": {"uv": [32, 47], "uv_size": [0.25, 0.25]},
								"up": {"uv": [47, 32], "uv_size": [0.25, 0.25]},
								"down": {"uv": [34, 47.25], "uv_size": [0.25, -0.25]}
							}
						},
						{
							"origin": [0.625, 0.0625, -0.43436],
							"size": [0.09375, 0.03125, 0.05622],
							"pivot": [0.3125, -0.0625, -0.40625],
							"rotation": [-45, 0, 0],
							"uv": {
								"north": {"uv": [2, 48], "uv_size": [0.25, 0.25]},
								"east": {"uv": [6, 48], "uv_size": [0.25, 0.25]},
								"south": {"uv": [48, 6], "uv_size": [0.25, 0.25]},
								"west": {"uv": [10, 48], "uv_size": [0.25, 0.25]},
								"up": {"uv": [48, 10], "uv_size": [0.25, 0.25]},
								"down": {"uv": [12, 48.25], "uv_size": [0.25, -0.25]}
							}
						},
						{
							"origin": [0.625, 0.0625, -0.43436],
							"size": [0.09375, 0.03125, 0.05622],
							"pivot": [0.3125, -0.0625, -0.40625],
							"rotation": [45, 0, 0],
							"uv": {
								"north": {"uv": [14, 48], "uv_size": [0.25, 0.25]},
								"east": {"uv": [48, 14], "uv_size": [0.25, 0.25]},
								"south": {"uv": [16, 48], "uv_size": [0.25, 0.25]},
								"west": {"uv": [48, 16], "uv_size": [0.25, 0.25]},
								"up": {"uv": [20, 48], "uv_size": [0.25, 0.25]},
								"down": {"uv": [48, 20.25], "uv_size": [0.25, -0.25]}
							}
						},
						{
							"origin": [0.625, -0.28125, -0.49686],
							"size": [0.09375, 0.0625, 0.18122],
							"pivot": [0.3125, -0.0625, -0.40625],
							"rotation": [45, 0, 0],
							"uv": {
								"north": {"uv": [22, 48], "uv_size": [0.25, 0.25]},
								"east": {"uv": [48, 26], "uv_size": [0.25, 0.25]},
								"south": {"uv": [28, 48], "uv_size": [0.25, 0.25]},
								"west": {"uv": [48, 28], "uv_size": [0.25, 0.25]},
								"up": {"uv": [30, 48], "uv_size": [0.25, 0.25]},
								"down": {"uv": [48, 34.25], "uv_size": [0.25, -0.25]}
							}
						},
						{
							"origin": [0.625, -0.15311, -0.625],
							"size": [0.09375, 0.18122, 0.0625],
							"pivot": [0.3125, -0.0625, -0.40625],
							"rotation": [45, 0, 0],
							"uv": {
								"north": {"uv": [36, 48], "uv_size": [0.25, 0.25]},
								"east": {"uv": [48, 36], "uv_size": [0.25, 0.25]},
								"south": {"uv": [38, 48], "uv_size": [0.25, 0.25]},
								"west": {"uv": [48, 38], "uv_size": [0.25, 0.25]},
								"up": {"uv": [40, 48], "uv_size": [0.25, 0.25]},
								"down": {"uv": [48, 40.25], "uv_size": [0.25, -0.25]}
							}
						},
						{
							"origin": [0.625, -0.21875, -0.43436],
							"size": [0.09375, 0.03125, 0.05622],
							"pivot": [0.3125, -0.0625, -0.40625],
							"rotation": [45, 0, 0],
							"uv": {
								"north": {"uv": [42, 48], "uv_size": [0.25, 0.25]},
								"east": {"uv": [48, 42], "uv_size": [0.25, 0.25]},
								"south": {"uv": [44, 48], "uv_size": [0.25, 0.25]},
								"west": {"uv": [48, 44], "uv_size": [0.25, 0.25]},
								"up": {"uv": [46, 48], "uv_size": [0.25, 0.25]},
								"down": {"uv": [48, 46.25], "uv_size": [0.25, -0.25]}
							}
						},
						{
							"origin": [0.625, -0.21875, -0.43436],
							"size": [0.09375, 0.03125, 0.05622],
							"pivot": [0.3125, -0.0625, -0.40625],
							"rotation": [-45, 0, 0],
							"uv": {
								"north": {"uv": [48, 48], "uv_size": [0.25, 0.25]},
								"east": {"uv": [0, 49], "uv_size": [0.25, 0.25]},
								"south": {"uv": [49, 0], "uv_size": [0.25, 0.25]},
								"west": {"uv": [49, 2], "uv_size": [0.25, 0.25]},
								"up": {"uv": [4, 49], "uv_size": [0.25, 0.25]},
								"down": {"uv": [49, 4.25], "uv_size": [0.25, -0.25]}
							}
						},
						{
							"origin": [0.625, 0, -0.49686],
							"size": [0.09375, 0.15625, 0.18122],
							"uv": {
								"north": {"uv": [8, 49], "uv_size": [0.25, 0.25]},
								"east": {"uv": [49, 8], "uv_size": [0.25, 0.25]},
								"south": {"uv": [49, 12], "uv_size": [0.25, 0.25]},
								"west": {"uv": [18, 49], "uv_size": [0.25, 0.25]},
								"up": {"uv": [49, 18], "uv_size": [0.25, 0.25]},
								"down": {"uv": [49, 22.25], "uv_size": [0.25, -0.25]}
							}
						},
						{
							"origin": [0.625, -0.28125, -0.49686],
							"size": [0.09375, 0.15625, 0.18122],
							"uv": {
								"north": {"uv": [24, 49], "uv_size": [0.25, 0.25]},
								"east": {"uv": [49, 24], "uv_size": [0.25, 0.25]},
								"south": {"uv": [26, 49], "uv_size": [0.25, 0.25]},
								"west": {"uv": [49, 30], "uv_size": [0.25, 0.25]},
								"up": {"uv": [32, 49], "uv_size": [0.25, 0.25]},
								"down": {"uv": [49, 32.25], "uv_size": [0.25, -0.25]}
							}
						}
					]
				},
				{
					"name": "octagon9",
					"parent": "scope_body",
					"pivot": [8.3125, -8.0625, -11.03125],
					"cubes": [
						{
							"origin": [0.625, -0.15311, -3.25],
							"size": [0.09375, 0.18122, 0.0625],
							"pivot": [0.3125, -0.0625, -3.03125],
							"rotation": [-45, 0, 0],
							"uv": {
								"north": {"uv": [10, 50], "uv_size": [0.25, 0.25]},
								"east": {"uv": [50, 10], "uv_size": [0.25, 0.25]},
								"south": {"uv": [12, 50], "uv_size": [0.25, 0.25]},
								"west": {"uv": [14, 50], "uv_size": [0.25, 0.25]},
								"up": {"uv": [50, 14], "uv_size": [0.25, 0.25]},
								"down": {"uv": [16, 50.25], "uv_size": [0.25, -0.25]}
							}
						},
						{
							"origin": [0.625, -0.02811, -3.25],
							"size": [0.09375, 0.05622, 0.4375],
							"uv": {
								"north": {"uv": [50, 16], "uv_size": [0.25, 0.25]},
								"east": {"uv": [14, 40], "uv_size": [0.5, 0.25]},
								"south": {"uv": [20, 50], "uv_size": [0.25, 0.25]},
								"west": {"uv": [40, 14], "uv_size": [0.5, 0.25]},
								"up": {"uv": [16, 40], "uv_size": [0.25, 0.5]},
								"down": {"uv": [40, 16.5], "uv_size": [0.25, -0.5]}
							}
						},
						{
							"origin": [0.625, -0.15311, -3.25],
							"size": [0.09375, 0.05622, 0.4375],
							"uv": {
								"north": {"uv": [50, 20], "uv_size": [0.25, 0.25]},
								"east": {"uv": [20, 40], "uv_size": [0.5, 0.25]},
								"south": {"uv": [22, 50], "uv_size": [0.25, 0.25]},
								"west": {"uv": [40, 20], "uv_size": [0.5, 0.25]},
								"up": {"uv": [22, 40], "uv_size": [0.25, 0.5]},
								"down": {"uv": [40, 26.5], "uv_size": [0.25, -0.5]}
							}
						},
						{
							"origin": [0.625, 0.09375, -3.12186],
							"size": [0.09375, 0.0625, 0.18122],
							"pivot": [0.3125, -0.0625, -3.03125],
							"rotation": [-45, 0, 0],
							"uv": {
								"north": {"uv": [50, 26], "uv_size": [0.25, 0.25]},
								"east": {"uv": [28, 50], "uv_size": [0.25, 0.25]},
								"south": {"uv": [50, 28], "uv_size": [0.25, 0.25]},
								"west": {"uv": [30, 50], "uv_size": [0.25, 0.25]},
								"up": {"uv": [50, 34], "uv_size": [0.25, 0.25]},
								"down": {"uv": [36, 50.25], "uv_size": [0.25, -0.25]}
							}
						},
						{
							"origin": [0.625, 0.0625, -3.05936],
							"size": [0.09375, 0.03125, 0.05622],
							"pivot": [0.3125, -0.0625, -3.03125],
							"rotation": [-45, 0, 0],
							"uv": {
								"north": {"uv": [50, 36], "uv_size": [0.25, 0.25]},
								"east": {"uv": [38, 50], "uv_size": [0.25, 0.25]},
								"south": {"uv": [50, 38], "uv_size": [0.25, 0.25]},
								"west": {"uv": [40, 50], "uv_size": [0.25, 0.25]},
								"up": {"uv": [50, 40], "uv_size": [0.25, 0.25]},
								"down": {"uv": [42, 50.25], "uv_size": [0.25, -0.25]}
							}
						},
						{
							"origin": [0.625, 0.0625, -3.05936],
							"size": [0.09375, 0.03125, 0.05622],
							"pivot": [0.3125, -0.0625, -3.03125],
							"rotation": [45, 0, 0],
							"uv": {
								"north": {"uv": [50, 42], "uv_size": [0.25, 0.25]},
								"east": {"uv": [44, 50], "uv_size": [0.25, 0.25]},
								"south": {"uv": [50, 44], "uv_size": [0.25, 0.25]},
								"west": {"uv": [46, 50], "uv_size": [0.25, 0.25]},
								"up": {"uv": [50, 46], "uv_size": [0.25, 0.25]},
								"down": {"uv": [48, 50.25], "uv_size": [0.25, -0.25]}
							}
						},
						{
							"origin": [0.625, -0.28125, -3.12186],
							"size": [0.09375, 0.0625, 0.18122],
							"pivot": [0.3125, -0.0625, -3.03125],
							"rotation": [45, 0, 0],
							"uv": {
								"north": {"uv": [50, 48], "uv_size": [0.25, 0.25]},
								"east": {"uv": [50, 50], "uv_size": [0.25, 0.25]},
								"south": {"uv": [0, 51], "uv_size": [0.25, 0.25]},
								"west": {"uv": [51, 0], "uv_size": [0.25, 0.25]},
								"up": {"uv": [51, 2], "uv_size": [0.25, 0.25]},
								"down": {"uv": [4, 51.25], "uv_size": [0.25, -0.25]}
							}
						},
						{
							"origin": [0.625, -0.15311, -3.25],
							"size": [0.09375, 0.18122, 0.0625],
							"pivot": [0.3125, -0.0625, -3.03125],
							"rotation": [45, 0, 0],
							"uv": {
								"north": {"uv": [51, 4], "uv_size": [0.25, 0.25]},
								"east": {"uv": [8, 51], "uv_size": [0.25, 0.25]},
								"south": {"uv": [51, 8], "uv_size": [0.25, 0.25]},
								"west": {"uv": [51, 12], "uv_size": [0.25, 0.25]},
								"up": {"uv": [18, 51], "uv_size": [0.25, 0.25]},
								"down": {"uv": [51, 18.25], "uv_size": [0.25, -0.25]}
							}
						},
						{
							"origin": [0.625, -0.21875, -3.05936],
							"size": [0.09375, 0.03125, 0.05622],
							"pivot": [0.3125, -0.0625, -3.03125],
							"rotation": [45, 0, 0],
							"uv": {
								"north": {"uv": [51, 22], "uv_size": [0.25, 0.25]},
								"east": {"uv": [24, 51], "uv_size": [0.25, 0.25]},
								"south": {"uv": [51, 24], "uv_size": [0.25, 0.25]},
								"west": {"uv": [26, 51], "uv_size": [0.25, 0.25]},
								"up": {"uv": [51, 30], "uv_size": [0.25, 0.25]},
								"down": {"uv": [32, 51.25], "uv_size": [0.25, -0.25]}
							}
						},
						{
							"origin": [0.625, -0.21875, -3.05936],
							"size": [0.09375, 0.03125, 0.05622],
							"pivot": [0.3125, -0.0625, -3.03125],
							"rotation": [-45, 0, 0],
							"uv": {
								"north": {"uv": [51, 32], "uv_size": [0.25, 0.25]},
								"east": {"uv": [34, 51], "uv_size": [0.25, 0.25]},
								"south": {"uv": [2, 52], "uv_size": [0.25, 0.25]},
								"west": {"uv": [6, 52], "uv_size": [0.25, 0.25]},
								"up": {"uv": [52, 6], "uv_size": [0.25, 0.25]},
								"down": {"uv": [10, 52.25], "uv_size": [0.25, -0.25]}
							}
						},
						{
							"origin": [0.625, 0, -3.12186],
							"size": [0.09375, 0.15625, 0.18122],
							"uv": {
								"north": {"uv": [52, 10], "uv_size": [0.25, 0.25]},
								"east": {"uv": [12, 52], "uv_size": [0.25, 0.25]},
								"south": {"uv": [14, 52], "uv_size": [0.25, 0.25]},
								"west": {"uv": [52, 14], "uv_size": [0.25, 0.25]},
								"up": {"uv": [16, 52], "uv_size": [0.25, 0.25]},
								"down": {"uv": [52, 16.25], "uv_size": [0.25, -0.25]}
							}
						},
						{
							"origin": [0.625, -0.28125, -3.12186],
							"size": [0.09375, 0.15625, 0.18122],
							"uv": {
								"north": {"uv": [20, 52], "uv_size": [0.25, 0.25]},
								"east": {"uv": [52, 20], "uv_size": [0.25, 0.25]},
								"south": {"uv": [22, 52], "uv_size": [0.25, 0.25]},
								"west": {"uv": [52, 26], "uv_size": [0.25, 0.25]},
								"up": {"uv": [28, 52], "uv_size": [0.25, 0.25]},
								"down": {"uv": [52, 28.25], "uv_size": [0.25, -0.25]}
							}
						}
					]
				},
				{
					"name": "octagon10",
					"parent": "scope_body",
					"pivot": [8.25, -8.0625, -11.03125],
					"cubes": [
						{
							"origin": [0.5625, -0.15311, -3.25],
							"size": [0.0625, 0.18122, 0.4375],
							"pivot": [0.25, -0.0625, -3.03125],
							"rotation": [-45, 0, 0],
							"uv": {
								"north": {"uv": [30, 52], "uv_size": [0.25, 0.25]},
								"east": {"uv": [28, 40], "uv_size": [0.5, 0.25]},
								"south": {"uv": [52, 34], "uv_size": [0.25, 0.25]},
								"west": {"uv": [40, 28], "uv_size": [0.5, 0.25]},
								"up": {"uv": [30, 40], "uv_size": [0.25, 0.5]},
								"down": {"uv": [40, 34.5], "uv_size": [0.25, -0.5]}
							}
						},
						{
							"origin": [0.5625, -0.15311, -3.25],
							"size": [0.0625, 0.18122, 0.4375],
							"uv": {
								"north": {"uv": [36, 52], "uv_size": [0.25, 0.25]},
								"east": {"uv": [36, 40], "uv_size": [0.5, 0.25]},
								"south": {"uv": [52, 36], "uv_size": [0.25, 0.25]},
								"west": {"uv": [40, 36], "uv_size": [0.5, 0.25]},
								"up": {"uv": [38, 40], "uv_size": [0.25, 0.5]},
								"down": {"uv": [40, 38.5], "uv_size": [0.25, -0.5]}
							}
						},
						{
							"origin": [0.5625, -0.28125, -3.12186],
							"size": [0.0625, 0.4375, 0.18122],
							"pivot": [0.25, -0.0625, -3.03125],
							"rotation": [-45, 0, 0],
							"uv": {
								"north": {"uv": [40, 40], "uv_size": [0.25, 0.5]},
								"east": {"uv": [0, 41], "uv_size": [0.25, 0.5]},
								"south": {"uv": [41, 0], "uv_size": [0.25, 0.5]},
								"west": {"uv": [41, 2], "uv_size": [0.25, 0.5]},
								"up": {"uv": [38, 52], "uv_size": [0.25, 0.25]},
								"down": {"uv": [52, 38.25], "uv_size": [0.25, -0.25]}
							}
						},
						{
							"origin": [0.5625, -0.28125, -3.12186],
							"size": [0.0625, 0.4375, 0.18122],
							"uv": {
								"north": {"uv": [4, 41], "uv_size": [0.25, 0.5]},
								"east": {"uv": [41, 4], "uv_size": [0.25, 0.5]},
								"south": {"uv": [8, 41], "uv_size": [0.25, 0.5]},
								"west": {"uv": [41, 8], "uv_size": [0.25, 0.5]},
								"up": {"uv": [40, 52], "uv_size": [0.25, 0.25]},
								"down": {"uv": [52, 40.25], "uv_size": [0.25, -0.25]}
							}
						}
					]
				},
				{
					"name": "division",
					"pivot": [0.05, 0.95, -55.25]
				},
				{
					"name": "division_illuminated",
					"parent": "division",
					"pivot": [0.05, 1.05, -55.25],
					"cubes": [
						{
							"origin": [-0.25, 1.375, -55.7],
							"size": [0.5, 0.5, 0],
							"inflate": 0.53125,
							"uv": {
								"south": {"uv": [93.25, 0], "uv_size": [34.75, 34.75]}
							}
						}
					]
				},
				{
					"name": "ocular",
					"pivot": [0, 1.625, -9.8125],
					"cubes": [
						{
							"origin": [-0.40625, 1.03125, -3.03125],
							"size": [0.8125, 1.1875, 0.03125],
							"uv": {
								"south": {"uv": [55.52344, 0], "uv_size": [0.5, 0.5]}
							}
						},
						{
							"origin": [-0.59375, 1.375, -3.03125],
							"size": [1.1875, 0.5, 0.03125],
							"uv": {
								"south": {"uv": [55.52344, 0], "uv_size": [0.5, 0.5]}
							}
						},
						{
							"origin": [0.40625, 1.15625, -3.03125],
							"size": [0.15625, 0.9375, 0.03125],
							"uv": {
								"south": {"uv": [55.52344, 0], "uv_size": [0.5, 0.5]}
							}
						},
						{
							"origin": [-0.5625, 1.15625, -3.03125],
							"size": [0.15625, 0.9375, 0.03125],
							"uv": {
								"south": {"uv": [56.02344, 0], "uv_size": [-0.5, 0.5]}
							}
						}
					]
				},
				{
					"name": "scope_view",
					"pivot": [0, 1.63, 11.03125]
				}
			]
		}
	]
}