{
	"format_version": "1.12.0",
	"minecraft:geometry": [
		{
			"description": {
				"identifier": "geometry.walther103 - Converted",
				"texture_width": 256,
				"texture_height": 128,
				"visible_bounds_width": 6,
				"visible_bounds_height": 1.5,
				"visible_bounds_offset": [0, 0.25, 0]
			},
			"bones": [
				{
					"name": "scope_body",
					"pivot": [0, -0.03125, -1.5625],
					"cubes": [
						{
							"origin": [-0.6875, 0.125, -3],
							"size": [1.375, 0.28125, 2.75],
							"uv": {
								"north": {"uv": [15, 9], "uv_size": [1.5, 0.5]},
								"east": {"uv": [8, 5], "uv_size": [3, 0.5]},
								"south": {"uv": [15, 10], "uv_size": [1.5, 0.5]},
								"west": {"uv": [8, 6], "uv_size": [3, 0.5]},
								"up": {"uv": [0, 4], "uv_size": [1.5, 3]},
								"down": {"uv": [4, 3], "uv_size": [1.5, -3]}
							}
						},
						{
							"origin": [-0.6875, 0.46875, -2.90625],
							"size": [1.375, 0.3125, 3.03125],
							"uv": {
								"north": {"uv": [15, 11], "uv_size": [1.5, 0.5]},
								"east": {"uv": [8, 7], "uv_size": [3, 0.5]},
								"south": {"uv": [15, 12], "uv_size": [1.5, 0.5]},
								"west": {"uv": [1, 9], "uv_size": [3, 0.5]},
								"up": {"uv": [2, 4], "uv_size": [1.5, 3]},
								"down": {"uv": [4, 6], "uv_size": [1.5, -3]}
							}
						},
						{
							"origin": [-0.6875, 0.59375, 0.125],
							"size": [1.375, 0.1875, 0.34375],
							"uv": {
								"north": {"uv": [13, 15], "uv_size": [1.5, 0.5]},
								"east": {"uv": [13, 24], "uv_size": [0.5, 0.5]},
								"south": {"uv": [15, 15], "uv_size": [1.5, 0.5]},
								"west": {"uv": [24, 13], "uv_size": [0.5, 0.5]},
								"up": {"uv": [0, 16], "uv_size": [1.5, 0.5]},
								"down": {"uv": [2, 16.5], "uv_size": [1.5, -0.5]}
							}
						},
						{
							"origin": [-0.40625, 0.59375, 0.46875],
							"size": [0.8125, 0.1875, 0.28125],
							"uv": {
								"north": {"uv": [8, 15], "uv_size": [1, 0.5]},
								"east": {"uv": [14, 24], "uv_size": [0.5, 0.5]},
								"south": {"uv": [5, 17], "uv_size": [1, 0.5]},
								"west": {"uv": [24, 14], "uv_size": [0.5, 0.5]},
								"up": {"uv": [9, 17], "uv_size": [1, 0.5]},
								"down": {"uv": [13, 17.5], "uv_size": [1, -0.5]}
							}
						},
						{
							"origin": [0.28171, 0.59375, 0.30067],
							"size": [0.28125, 0.1875, 0.397],
							"pivot": [0.42233, 0.67188, 0.53504],
							"rotation": [0, -45, 0],
							"uv": {
								"north": {"uv": [15, 24], "uv_size": [0.5, 0.5]},
								"east": {"uv": [24, 15], "uv_size": [0.5, 0.5]},
								"south": {"uv": [16, 24], "uv_size": [0.5, 0.5]},
								"west": {"uv": [24, 16], "uv_size": [0.5, 0.5]},
								"up": {"uv": [17, 24], "uv_size": [0.5, 0.5]},
								"down": {"uv": [24, 17.5], "uv_size": [0.5, -0.5]}
							}
						},
						{
							"origin": [-0.56296, 0.59375, 0.30067],
							"size": [0.28125, 0.1875, 0.397],
							"pivot": [-0.42233, 0.67188, 0.53504],
							"rotation": [0, 45, 0],
							"uv": {
								"north": {"uv": [18, 24], "uv_size": [0.5, 0.5]},
								"east": {"uv": [24, 18], "uv_size": [0.5, 0.5]},
								"south": {"uv": [19, 24], "uv_size": [0.5, 0.5]},
								"west": {"uv": [24, 19], "uv_size": [0.5, 0.5]},
								"up": {"uv": [20, 24], "uv_size": [0.5, 0.5]},
								"down": {"uv": [24, 20.5], "uv_size": [0.5, -0.5]}
							}
						},
						{
							"origin": [-0.6875, 0.52723, 0.09679],
							"size": [1.375, 0.125, 0.35],
							"pivot": [0, 0.57411, 0.26866],
							"rotation": [21, 0, 0],
							"uv": {
								"north": {"uv": [16, 3], "uv_size": [1.5, 0.5]},
								"east": {"uv": [21, 24], "uv_size": [0.5, 0.5]},
								"south": {"uv": [16, 4], "uv_size": [1.5, 0.5]},
								"west": {"uv": [24, 21], "uv_size": [0.5, 0.5]},
								"up": {"uv": [16, 6], "uv_size": [1.5, 0.5]},
								"down": {"uv": [7, 16.5], "uv_size": [1.5, -0.5]}
							}
						},
						{
							"origin": [-0.625, 0.78125, -2.9125],
							"size": [1.25, 0.3125, 3.381],
							"uv": {
								"north": {"uv": [16, 14], "uv_size": [1.5, 0.5]},
								"east": {"uv": [4, 6], "uv_size": [3.5, 0.5]},
								"south": {"uv": [16, 16], "uv_size": [1.5, 0.5]},
								"west": {"uv": [0, 7], "uv_size": [3.5, 0.5]},
								"up": {"uv": [0, 0], "uv_size": [1.5, 3.5]},
								"down": {"uv": [2, 3.5], "uv_size": [1.5, -3.5]}
							}
						},
						{
							"origin": [-0.3125, 0.78125, 0.4625],
							"size": [0.625, 0.3125, 0.28725],
							"uv": {
								"north": {"uv": [27, 7], "uv_size": [0.5, 0.5]},
								"east": {"uv": [8, 27], "uv_size": [0.5, 0.5]},
								"south": {"uv": [27, 8], "uv_size": [0.5, 0.5]},
								"west": {"uv": [9, 27], "uv_size": [0.5, 0.5]},
								"up": {"uv": [27, 9], "uv_size": [0.5, 0.5]},
								"down": {"uv": [10, 27.5], "uv_size": [0.5, -0.5]}
							}
						},
						{
							"origin": [-0.34375, 1.0625, -0.31875],
							"size": [0.6875, 0.15625, 0.8185],
							"uv": {
								"north": {"uv": [27, 10], "uv_size": [0.5, 0.5]},
								"east": {"uv": [9, 23], "uv_size": [1, 0.5]},
								"south": {"uv": [11, 27], "uv_size": [0.5, 0.5]},
								"west": {"uv": [23, 9], "uv_size": [1, 0.5]},
								"up": {"uv": [23, 10], "uv_size": [0.5, 1]},
								"down": {"uv": [11, 24], "uv_size": [0.5, -1]}
							}
						},
						{
							"origin": [-0.03125, 1.21875, -0.225],
							"size": [0.0625, 0.03125, 0.631],
							"uv": {
								"north": {"uv": [27, 11], "uv_size": [0.5, 0.5]},
								"east": {"uv": [12, 27], "uv_size": [0.5, 0.5]},
								"south": {"uv": [27, 12], "uv_size": [0.5, 0.5]},
								"west": {"uv": [13, 27], "uv_size": [0.5, 0.5]},
								"up": {"uv": [27, 13], "uv_size": [0.5, 0.5]},
								"down": {"uv": [14, 27.5], "uv_size": [0.5, -0.5]}
							}
						},
						{
							"origin": [0.15625, 1.21875, -0.225],
							"size": [0.0625, 0.03125, 0.631],
							"uv": {
								"north": {"uv": [27, 14], "uv_size": [0.5, 0.5]},
								"east": {"uv": [15, 27], "uv_size": [0.5, 0.5]},
								"south": {"uv": [27, 15], "uv_size": [0.5, 0.5]},
								"west": {"uv": [16, 27], "uv_size": [0.5, 0.5]},
								"up": {"uv": [27, 16], "uv_size": [0.5, 0.5]},
								"down": {"uv": [17, 27.5], "uv_size": [0.5, -0.5]}
							}
						},
						{
							"origin": [-0.21875, 1.21875, -0.225],
							"size": [0.0625, 0.03125, 0.631],
							"uv": {
								"north": {"uv": [27, 17], "uv_size": [0.5, 0.5]},
								"east": {"uv": [18, 27], "uv_size": [0.5, 0.5]},
								"south": {"uv": [27, 18], "uv_size": [0.5, 0.5]},
								"west": {"uv": [19, 27], "uv_size": [0.5, 0.5]},
								"up": {"uv": [27, 19], "uv_size": [0.5, 0.5]},
								"down": {"uv": [20, 27.5], "uv_size": [0.5, -0.5]}
							}
						},
						{
							"origin": [0.26562, 1.09264, -0.31875],
							"size": [0.1875, 0.09375, 0.8185],
							"pivot": [0.34375, 1.10826, 0.0905],
							"rotation": [0, 0, 45],
							"uv": {
								"north": {"uv": [27, 20], "uv_size": [0.5, 0.5]},
								"east": {"uv": [23, 11], "uv_size": [1, 0.5]},
								"south": {"uv": [21, 27], "uv_size": [0.5, 0.5]},
								"west": {"uv": [12, 23], "uv_size": [1, 0.5]},
								"up": {"uv": [23, 12], "uv_size": [0.5, 1]},
								"down": {"uv": [13, 24], "uv_size": [0.5, -1]}
							}
						},
						{
							"origin": [-0.45313, 1.09264, -0.31875],
							"size": [0.1875, 0.09375, 0.8185],
							"pivot": [-0.34375, 1.10826, 0.0905],
							"rotation": [0, 0, -45],
							"uv": {
								"north": {"uv": [27, 21], "uv_size": [0.5, 0.5]},
								"east": {"uv": [23, 13], "uv_size": [1, 0.5]},
								"south": {"uv": [22, 27], "uv_size": [0.5, 0.5]},
								"west": {"uv": [14, 23], "uv_size": [1, 0.5]},
								"up": {"uv": [23, 14], "uv_size": [0.5, 1]},
								"down": {"uv": [15, 24], "uv_size": [0.5, -1]}
							}
						},
						{
							"origin": [-0.57143, 0.78125, 0.39408],
							"size": [0.40625, 0.3125, 0.28725],
							"pivot": [-0.32143, 0.9375, 0.53771],
							"rotation": [0, -45, 0],
							"uv": {
								"north": {"uv": [27, 22], "uv_size": [0.5, 0.5]},
								"east": {"uv": [23, 27], "uv_size": [0.5, 0.5]},
								"south": {"uv": [27, 23], "uv_size": [0.5, 0.5]},
								"west": {"uv": [24, 27], "uv_size": [0.5, 0.5]},
								"up": {"uv": [27, 24], "uv_size": [0.5, 0.5]},
								"down": {"uv": [25, 27.5], "uv_size": [0.5, -0.5]}
							}
						},
						{
							"origin": [0.16518, 0.78125, 0.39408],
							"size": [0.40625, 0.3125, 0.28725],
							"pivot": [0.32143, 0.9375, 0.53771],
							"rotation": [0, 45, 0],
							"uv": {
								"north": {"uv": [27, 25], "uv_size": [0.5, 0.5]},
								"east": {"uv": [26, 27], "uv_size": [0.5, 0.5]},
								"south": {"uv": [27, 26], "uv_size": [0.5, 0.5]},
								"west": {"uv": [27, 27], "uv_size": [0.5, 0.5]},
								"up": {"uv": [0, 28], "uv_size": [0.5, 0.5]},
								"down": {"uv": [28, 0.5], "uv_size": [0.5, -0.5]}
							}
						},
						{
							"origin": [-0.55718, 2.07525, -2.81875],
							"size": [1.1145, 0.09375, 1.53725],
							"uv": {
								"north": {"uv": [23, 15], "uv_size": [1, 0.5]},
								"east": {"uv": [0, 17], "uv_size": [1.5, 0.5]},
								"south": {"uv": [16, 23], "uv_size": [1, 0.5]},
								"west": {"uv": [2, 17], "uv_size": [1.5, 0.5]},
								"up": {"uv": [11, 6], "uv_size": [1, 1.5]},
								"down": {"uv": [10, 12.5], "uv_size": [1, -1.5]}
							}
						},
						{
							"origin": [0.60292, 0.75254, -2.9375],
							"size": [0.0625, 0.125, 3.40625],
							"pivot": [0.63417, 0.79941, -1.21875],
							"rotation": [0, 0, -37.5],
							"uv": {
								"north": {"uv": [1, 28], "uv_size": [0.5, 0.5]},
								"east": {"uv": [4, 7], "uv_size": [3.5, 0.5]},
								"south": {"uv": [28, 1], "uv_size": [0.5, 0.5]},
								"west": {"uv": [0, 8], "uv_size": [3.5, 0.5]},
								"up": {"uv": [8, 0], "uv_size": [0.5, 3.5]},
								"down": {"uv": [4, 11.5], "uv_size": [0.5, -3.5]}
							}
						},
						{
							"origin": [-0.6875, 0.46875, -3],
							"size": [1.375, 0.03125, 0.09375],
							"uv": {
								"north": {"uv": [17, 5], "uv_size": [1.5, 0.5]},
								"east": {"uv": [2, 28], "uv_size": [0.5, 0.5]},
								"south": {"uv": [7, 17], "uv_size": [1.5, 0.5]},
								"west": {"uv": [28, 2], "uv_size": [0.5, 0.5]},
								"up": {"uv": [17, 9], "uv_size": [1.5, 0.5]},
								"down": {"uv": [17, 10.5], "uv_size": [1.5, -0.5]}
							}
						},
						{
							"origin": [-0.6875, 0.75, -2.9495],
							"size": [1.375, 0.03125, 0.044],
							"uv": {
								"north": {"uv": [11, 17], "uv_size": [1.5, 0.5]},
								"east": {"uv": [3, 28], "uv_size": [0.5, 0.5]},
								"south": {"uv": [17, 11], "uv_size": [1.5, 0.5]},
								"west": {"uv": [28, 3], "uv_size": [0.5, 0.5]},
								"up": {"uv": [17, 12], "uv_size": [1.5, 0.5]},
								"down": {"uv": [17, 15.5], "uv_size": [1.5, -0.5]}
							}
						},
						{
							"origin": [-0.6875, 0.49244, -2.97606],
							"size": [1.375, 0.286, 0.09375],
							"pivot": [0, 0.63306, -2.94481],
							"rotation": [-10, 0, 0],
							"uv": {
								"north": {"uv": [16, 17], "uv_size": [1.5, 0.5]},
								"east": {"uv": [4, 28], "uv_size": [0.5, 0.5]},
								"south": {"uv": [0, 18], "uv_size": [1.5, 0.5]},
								"west": {"uv": [28, 4], "uv_size": [0.5, 0.5]},
								"up": {"uv": [18, 0], "uv_size": [1.5, 0.5]},
								"down": {"uv": [18, 1.5], "uv_size": [1.5, -0.5]}
							}
						},
						{
							"origin": [-0.625, 0.77369, -2.97606],
							"size": [1.25, 0.2235, 0.09375],
							"pivot": [0, 0.63306, -2.94481],
							"rotation": [-10, 0, 0],
							"uv": {
								"north": {"uv": [2, 18], "uv_size": [1.5, 0.5]},
								"east": {"uv": [5, 28], "uv_size": [0.5, 0.5]},
								"south": {"uv": [18, 2], "uv_size": [1.5, 0.5]},
								"west": {"uv": [28, 5], "uv_size": [0.5, 0.5]},
								"up": {"uv": [18, 3], "uv_size": [1.5, 0.5]},
								"down": {"uv": [4, 18.5], "uv_size": [1.5, -0.5]}
							}
						},
						{
							"origin": [0.60065, 0.74164, -2.94799],
							"size": [0.0625, 0.0985, 0.09375],
							"pivot": [0.6319, 0.79089, -2.90111],
							"rotation": [-7.69263, -6.40865, -39.56869],
							"uv": {
								"north": {"uv": [6, 28], "uv_size": [0.5, 0.5]},
								"east": {"uv": [28, 6], "uv_size": [0.5, 0.5]},
								"south": {"uv": [7, 28], "uv_size": [0.5, 0.5]},
								"west": {"uv": [28, 7], "uv_size": [0.5, 0.5]},
								"up": {"uv": [8, 28], "uv_size": [0.5, 0.5]},
								"down": {"uv": [28, 8.5], "uv_size": [0.5, -0.5]}
							}
						},
						{
							"origin": [-0.66542, 0.75254, -2.9375],
							"size": [0.0625, 0.125, 3.40625],
							"pivot": [-0.63417, 0.79941, -1.21875],
							"rotation": [0, 0, 37.5],
							"uv": {
								"north": {"uv": [9, 28], "uv_size": [0.5, 0.5]},
								"east": {"uv": [8, 4], "uv_size": [3.5, 0.5]},
								"south": {"uv": [28, 9], "uv_size": [0.5, 0.5]},
								"west": {"uv": [5, 8], "uv_size": [3.5, 0.5]},
								"up": {"uv": [0, 9], "uv_size": [0.5, 3.5]},
								"down": {"uv": [9, 3.5], "uv_size": [0.5, -3.5]}
							}
						},
						{
							"origin": [-0.66315, 0.74164, -2.94799],
							"size": [0.0625, 0.0985, 0.09375],
							"pivot": [-0.6319, 0.79089, -2.90111],
							"rotation": [-7.69263, 6.40865, 39.56869],
							"uv": {
								"north": {"uv": [10, 28], "uv_size": [0.5, 0.5]},
								"east": {"uv": [28, 10], "uv_size": [0.5, 0.5]},
								"south": {"uv": [11, 28], "uv_size": [0.5, 0.5]},
								"west": {"uv": [28, 11], "uv_size": [0.5, 0.5]},
								"up": {"uv": [12, 28], "uv_size": [0.5, 0.5]},
								"down": {"uv": [28, 12.5], "uv_size": [0.5, -0.5]}
							}
						},
						{
							"origin": [-0.625, 0.40625, -2.9375],
							"size": [1.25, 0.0625, 2.6875],
							"uv": {
								"north": {"uv": [18, 4], "uv_size": [1.5, 0.5]},
								"east": {"uv": [13, 13], "uv_size": [2.5, 0.5]},
								"south": {"uv": [6, 18], "uv_size": [1.5, 0.5]},
								"west": {"uv": [14, 5], "uv_size": [2.5, 0.5]},
								"up": {"uv": [6, 0], "uv_size": [1.5, 2.5]},
								"down": {"uv": [6, 5.5], "uv_size": [1.5, -2.5]}
							}
						},
						{
							"origin": [0.375, -0.21875, -3],
							"size": [0.3125, 0.34375, 2.75],
							"uv": {
								"north": {"uv": [13, 28], "uv_size": [0.5, 0.5]},
								"east": {"uv": [12, 0], "uv_size": [3, 0.5]},
								"south": {"uv": [28, 13], "uv_size": [0.5, 0.5]},
								"west": {"uv": [12, 1], "uv_size": [3, 0.5]},
								"up": {"uv": [4, 12], "uv_size": [0.5, 3]},
								"down": {"uv": [6, 15], "uv_size": [0.5, -3]}
							}
						},
						{
							"origin": [-0.6875, -0.21875, -3],
							"size": [0.3125, 0.34375, 2.75],
							"uv": {
								"north": {"uv": [14, 28], "uv_size": [0.5, 0.5]},
								"east": {"uv": [12, 2], "uv_size": [3, 0.5]},
								"south": {"uv": [28, 14], "uv_size": [0.5, 0.5]},
								"west": {"uv": [12, 4], "uv_size": [3, 0.5]},
								"up": {"uv": [12, 6], "uv_size": [0.5, 3]},
								"down": {"uv": [7, 15], "uv_size": [0.5, -3]}
							}
						},
						{
							"origin": [-0.75, 0, -0.75],
							"size": [1.5, 0.25, 0.25],
							"pivot": [0, 0.125, -0.625],
							"rotation": [-45, 0, 0],
							"uv": {
								"north": {"uv": [18, 6], "uv_size": [1.5, 0.5]},
								"east": {"uv": [29, 6], "uv_size": [0.5, 0.5]},
								"south": {"uv": [18, 7], "uv_size": [1.5, 0.5]},
								"west": {"uv": [7, 29], "uv_size": [0.5, 0.5]},
								"up": {"uv": [8, 18], "uv_size": [1.5, 0.5]},
								"down": {"uv": [18, 8.5], "uv_size": [1.5, -0.5]}
							}
						},
						{
							"origin": [0.6875, 0.53125, -0.71875],
							"size": [0.0625, 0.1875, 0.1875],
							"pivot": [0, 0.625, -0.625],
							"rotation": [-45, 0, 0],
							"uv": {
								"north": {"uv": [29, 7], "uv_size": [0.5, 0.5]},
								"east": {"uv": [8, 29], "uv_size": [0.5, 0.5]},
								"south": {"uv": [29, 8], "uv_size": [0.5, 0.5]},
								"west": {"uv": [9, 29], "uv_size": [0.5, 0.5]},
								"up": {"uv": [29, 9], "uv_size": [0.5, 0.5]},
								"down": {"uv": [10, 29.5], "uv_size": [0.5, -0.5]}
							}
						},
						{
							"origin": [-0.75, -0.09375, -2.78125],
							"size": [1.5, 0.25, 0.25],
							"pivot": [0, 0.03125, -2.65625],
							"rotation": [-45, 0, 0],
							"uv": {
								"north": {"uv": [10, 18], "uv_size": [1.5, 0.5]},
								"east": {"uv": [29, 10], "uv_size": [0.5, 0.5]},
								"south": {"uv": [12, 18], "uv_size": [1.5, 0.5]},
								"west": {"uv": [11, 29], "uv_size": [0.5, 0.5]},
								"up": {"uv": [18, 13], "uv_size": [1.5, 0.5]},
								"down": {"uv": [14, 18.5], "uv_size": [1.5, -0.5]}
							}
						},
						{
							"origin": [-1.375, 0.5, -2.65625],
							"size": [0.375, 0.375, 1.5],
							"uv": {
								"north": {"uv": [29, 23], "uv_size": [0.5, 0.5]},
								"east": {"uv": [20, 8], "uv_size": [1.5, 0.5]},
								"south": {"uv": [24, 29], "uv_size": [0.5, 0.5]},
								"west": {"uv": [20, 15], "uv_size": [1.5, 0.5]},
								"up": {"uv": [20, 16], "uv_size": [0.5, 1.5]},
								"down": {"uv": [18, 21.5], "uv_size": [0.5, -1.5]}
							}
						},
						{
							"origin": [-1.375, 0.5625, -2.59375],
							"size": [0.375, 0.25, 1.375],
							"pivot": [-1.1875, 0.6875, -1.90625],
							"rotation": [22.5, 0, 0],
							"uv": {
								"north": {"uv": [29, 24], "uv_size": [0.5, 0.5]},
								"east": {"uv": [20, 18], "uv_size": [1.5, 0.5]},
								"south": {"uv": [25, 29], "uv_size": [0.5, 0.5]},
								"west": {"uv": [20, 19], "uv_size": [1.5, 0.5]},
								"up": {"uv": [20, 20], "uv_size": [0.5, 1.5]},
								"down": {"uv": [0, 22.5], "uv_size": [0.5, -1.5]}
							}
						},
						{
							"origin": [-1.375, 0.5625, -2.59375],
							"size": [0.375, 0.25, 1.375],
							"pivot": [-1.1875, 0.6875, -1.90625],
							"rotation": [67.5, 0, 0],
							"uv": {
								"north": {"uv": [29, 25], "uv_size": [0.5, 0.5]},
								"east": {"uv": [21, 1], "uv_size": [1.5, 0.5]},
								"south": {"uv": [26, 29], "uv_size": [0.5, 0.5]},
								"west": {"uv": [21, 2], "uv_size": [1.5, 0.5]},
								"up": {"uv": [1, 21], "uv_size": [0.5, 1.5]},
								"down": {"uv": [4, 22.5], "uv_size": [0.5, -1.5]}
							}
						},
						{
							"origin": [-1.375, 0.5625, -2.59375],
							"size": [0.375, 0.25, 1.375],
							"pivot": [-1.1875, 0.6875, -1.90625],
							"rotation": [112.5, 0, 0],
							"uv": {
								"north": {"uv": [29, 26], "uv_size": [0.5, 0.5]},
								"east": {"uv": [21, 5], "uv_size": [1.5, 0.5]},
								"south": {"uv": [27, 29], "uv_size": [0.5, 0.5]},
								"west": {"uv": [21, 6], "uv_size": [1.5, 0.5]},
								"up": {"uv": [5, 21], "uv_size": [0.5, 1.5]},
								"down": {"uv": [8, 22.5], "uv_size": [0.5, -1.5]}
							}
						},
						{
							"origin": [-1.375, 0.5625, -2.59375],
							"size": [0.375, 0.25, 1.375],
							"pivot": [-1.1875, 0.6875, -1.90625],
							"rotation": [157.5, 0, 0],
							"uv": {
								"north": {"uv": [29, 27], "uv_size": [0.5, 0.5]},
								"east": {"uv": [21, 7], "uv_size": [1.5, 0.5]},
								"south": {"uv": [28, 29], "uv_size": [0.5, 0.5]},
								"west": {"uv": [21, 9], "uv_size": [1.5, 0.5]},
								"up": {"uv": [9, 21], "uv_size": [0.5, 1.5]},
								"down": {"uv": [21, 11.5], "uv_size": [0.5, -1.5]}
							}
						},
						{
							"origin": [-1.375, 0.5, -2.65625],
							"size": [0.375, 0.375, 1.5],
							"pivot": [-1.1875, 0.6875, -1.90625],
							"rotation": [45, 0, 0],
							"uv": {
								"north": {"uv": [29, 28], "uv_size": [0.5, 0.5]},
								"east": {"uv": [21, 12], "uv_size": [1.5, 0.5]},
								"south": {"uv": [29, 29], "uv_size": [0.5, 0.5]},
								"west": {"uv": [21, 13], "uv_size": [1.5, 0.5]},
								"up": {"uv": [12, 21], "uv_size": [0.5, 1.5]},
								"down": {"uv": [15, 22.5], "uv_size": [0.5, -1.5]}
							}
						},
						{
							"origin": [-1.375, 0.5, -2.65625],
							"size": [0.375, 0.375, 1.5],
							"pivot": [-1.1875, 0.6875, -1.90625],
							"rotation": [90, 0, 0],
							"uv": {
								"north": {"uv": [0, 30], "uv_size": [0.5, 0.5]},
								"east": {"uv": [21, 14], "uv_size": [1.5, 0.5]},
								"south": {"uv": [30, 0], "uv_size": [0.5, 0.5]},
								"west": {"uv": [16, 21], "uv_size": [1.5, 0.5]},
								"up": {"uv": [21, 16], "uv_size": [0.5, 1.5]},
								"down": {"uv": [19, 22.5], "uv_size": [0.5, -1.5]}
							}
						},
						{
							"origin": [-1.375, 0.5, -2.65625],
							"size": [0.375, 0.375, 1.5],
							"pivot": [-1.1875, 0.6875, -1.90625],
							"rotation": [135, 0, 0],
							"uv": {
								"north": {"uv": [1, 30], "uv_size": [0.5, 0.5]},
								"east": {"uv": [21, 20], "uv_size": [1.5, 0.5]},
								"south": {"uv": [30, 1], "uv_size": [0.5, 0.5]},
								"west": {"uv": [21, 21], "uv_size": [1.5, 0.5]},
								"up": {"uv": [2, 22], "uv_size": [0.5, 1.5]},
								"down": {"uv": [3, 23.5], "uv_size": [0.5, -1.5]}
							}
						},
						{
							"origin": [-0.09375, 1.0625, -0.90625],
							"size": [0.1875, 0.0625, 0.1875],
							"pivot": [0, 0.125, -0.8125],
							"rotation": [0, -45, 0],
							"uv": {
								"north": {"uv": [2, 30], "uv_size": [0.5, 0.5]},
								"east": {"uv": [30, 2], "uv_size": [0.5, 0.5]},
								"south": {"uv": [3, 30], "uv_size": [0.5, 0.5]},
								"west": {"uv": [30, 3], "uv_size": [0.5, 0.5]},
								"up": {"uv": [4, 30], "uv_size": [0.5, 0.5]},
								"down": {"uv": [30, 4.5], "uv_size": [0.5, -0.5]}
							}
						},
						{
							"origin": [0.70875, 1.03125, -2.8125],
							"size": [0.03125, 0.1875, 2.78125],
							"pivot": [0.73437, 1.125, -1.57812],
							"rotation": [0, 0, 27.5],
							"uv": {
								"north": {"uv": [9, 30], "uv_size": [0.5, 0.5]},
								"east": {"uv": [12, 9], "uv_size": [3, 0.5]},
								"south": {"uv": [30, 9], "uv_size": [0.5, 0.5]},
								"west": {"uv": [12, 10], "uv_size": [3, 0.5]},
								"up": {"uv": [8, 12], "uv_size": [0.5, 3]},
								"down": {"uv": [11, 15], "uv_size": [0.5, -3]}
							}
						},
						{
							"origin": [0.78125, 1.375, -2.71875],
							"size": [0.03125, 0.1875, 2.28125],
							"uv": {
								"north": {"uv": [10, 30], "uv_size": [0.5, 0.5]},
								"east": {"uv": [13, 14], "uv_size": [2.5, 0.5]},
								"south": {"uv": [30, 10], "uv_size": [0.5, 0.5]},
								"west": {"uv": [15, 0], "uv_size": [2.5, 0.5]},
								"up": {"uv": [5, 14], "uv_size": [0.5, 2.5]},
								"down": {"uv": [9, 16.5], "uv_size": [0.5, -2.5]}
							}
						},
						{
							"origin": [0.6875, 1.71875, -2.625],
							"size": [0.03125, 0.1875, 1.625],
							"pivot": [0.70312, 1.875, -1.57812],
							"rotation": [0, 0, -27.5],
							"uv": {
								"north": {"uv": [11, 30], "uv_size": [0.5, 0.5]},
								"east": {"uv": [22, 0], "uv_size": [1.5, 0.5]},
								"south": {"uv": [30, 11], "uv_size": [0.5, 0.5]},
								"west": {"uv": [22, 3], "uv_size": [1.5, 0.5]},
								"up": {"uv": [6, 22], "uv_size": [0.5, 1.5]},
								"down": {"uv": [7, 23.5], "uv_size": [0.5, -1.5]}
							}
						},
						{
							"origin": [-0.74, 1.03125, -2.8125],
							"size": [0.03125, 0.1875, 2.78125],
							"pivot": [-0.73438, 1.125, -1.57812],
							"rotation": [0, 0, -27.5],
							"uv": {
								"north": {"uv": [14, 30], "uv_size": [0.5, 0.5]},
								"east": {"uv": [12, 11], "uv_size": [3, 0.5]},
								"south": {"uv": [30, 14], "uv_size": [0.5, 0.5]},
								"west": {"uv": [12, 12], "uv_size": [3, 0.5]},
								"up": {"uv": [0, 13], "uv_size": [0.5, 3]},
								"down": {"uv": [1, 16], "uv_size": [0.5, -3]}
							}
						},
						{
							"origin": [-0.8125, 1.375, -2.71875],
							"size": [0.03125, 0.1875, 2.28125],
							"uv": {
								"north": {"uv": [13, 30], "uv_size": [0.5, 0.5]},
								"east": {"uv": [15, 1], "uv_size": [2.5, 0.5]},
								"south": {"uv": [30, 13], "uv_size": [0.5, 0.5]},
								"west": {"uv": [15, 2], "uv_size": [2.5, 0.5]},
								"up": {"uv": [4, 15], "uv_size": [0.5, 2.5]},
								"down": {"uv": [6, 17.5], "uv_size": [0.5, -2.5]}
							}
						},
						{
							"origin": [-0.71875, 1.71875, -2.625],
							"size": [0.03125, 0.1875, 1.625],
							"pivot": [-0.70313, 1.875, -1.57812],
							"rotation": [0, 0, 27.5],
							"uv": {
								"north": {"uv": [12, 30], "uv_size": [0.5, 0.5]},
								"east": {"uv": [22, 4], "uv_size": [1.5, 0.5]},
								"south": {"uv": [30, 12], "uv_size": [0.5, 0.5]},
								"west": {"uv": [22, 8], "uv_size": [1.5, 0.5]},
								"up": {"uv": [10, 22], "uv_size": [0.5, 1.5]},
								"down": {"uv": [22, 11.5], "uv_size": [0.5, -1.5]}
							}
						},
						{
							"origin": [0.65875, -0.09375, -2.4375],
							"size": [0.03125, 0.40625, 1.4375],
							"uv": {
								"north": {"uv": [0, 0], "uv_size": [0.03125, 0.40625]},
								"east": {"uv": [0, 0], "uv_size": [1.4375, 0.40625]},
								"south": {"uv": [0, 0], "uv_size": [0.03125, 0.40625]},
								"west": {"uv": [2, 50], "uv_size": [114.71875, 32]},
								"up": {"uv": [0.03125, 1.4375], "uv_size": [-0.03125, -1.4375]},
								"down": {"uv": [0.03125, 1.4375], "uv_size": [-0.03125, -1.4375]}
							}
						}
					]
				},
				{
					"name": "bone3",
					"parent": "scope_body",
					"pivot": [-0.69662, 1.15308, 0.23897],
					"cubes": [
						{
							"origin": [-0.71875, 0.90625, -2.9125],
							"size": [0.09375, 0.40625, 3.006],
							"pivot": [-0.65625, 1.10938, -1.222],
							"rotation": [0, 0, -27.5],
							"uv": {
								"north": {"uv": [22, 24], "uv_size": [0.5, 0.5]},
								"east": {"uv": [5, 9], "uv_size": [3, 0.5]},
								"south": {"uv": [24, 22], "uv_size": [0.5, 0.5]},
								"west": {"uv": [8, 9], "uv_size": [3, 0.5]},
								"up": {"uv": [10, 0], "uv_size": [0.5, 3]},
								"down": {"uv": [1, 13], "uv_size": [0.5, -3]}
							}
						},
						{
							"origin": [-0.80548, 1.26069, -2.9125],
							"size": [0.09375, 0.125, 3.006],
							"uv": {
								"north": {"uv": [23, 24], "uv_size": [0.5, 0.5]},
								"east": {"uv": [9, 8], "uv_size": [3, 0.5]},
								"south": {"uv": [24, 23], "uv_size": [0.5, 0.5]},
								"west": {"uv": [10, 3], "uv_size": [3, 0.5]},
								"up": {"uv": [2, 10], "uv_size": [0.5, 3]},
								"down": {"uv": [3, 13], "uv_size": [0.5, -3]}
							}
						},
						{
							"origin": [-0.73318, 1.64991, -2.81875],
							"size": [0.09375, 0.53125, 1.53725],
							"pivot": [-0.67068, 1.82179, -1.222],
							"rotation": [0, 0, 27.5],
							"uv": {
								"north": {"uv": [24, 24], "uv_size": [0.5, 0.5]},
								"east": {"uv": [16, 7], "uv_size": [1.5, 0.5]},
								"south": {"uv": [0, 25], "uv_size": [0.5, 0.5]},
								"west": {"uv": [16, 8], "uv_size": [1.5, 0.5]},
								"up": {"uv": [11, 15], "uv_size": [0.5, 1.5]},
								"down": {"uv": [10, 17.5], "uv_size": [0.5, -1.5]}
							}
						},
						{
							"origin": [-0.80548, 1.38569, -2.81875],
							"size": [0.09375, 0.3125, 2.381],
							"uv": {
								"north": {"uv": [25, 0], "uv_size": [0.5, 0.5]},
								"east": {"uv": [13, 3], "uv_size": [2.5, 0.5]},
								"south": {"uv": [1, 25], "uv_size": [0.5, 0.5]},
								"west": {"uv": [13, 6], "uv_size": [2.5, 0.5]},
								"up": {"uv": [2, 13], "uv_size": [0.5, 2.5]},
								"down": {"uv": [3, 15.5], "uv_size": [0.5, -2.5]}
							}
						},
						{
							"origin": [-0.80548, 1.36288, -2.87025],
							"size": [0.09375, 0.32875, 0.131],
							"pivot": [-0.75861, 1.53476, -2.80475],
							"rotation": [-15, 0, 0],
							"uv": {
								"north": {"uv": [25, 1], "uv_size": [0.5, 0.5]},
								"east": {"uv": [2, 25], "uv_size": [0.5, 0.5]},
								"south": {"uv": [25, 2], "uv_size": [0.5, 0.5]},
								"west": {"uv": [3, 25], "uv_size": [0.5, 0.5]},
								"up": {"uv": [25, 3], "uv_size": [0.5, 0.5]},
								"down": {"uv": [4, 25.5], "uv_size": [0.5, -0.5]}
							}
						},
						{
							"origin": [-0.80548, 1.40801, -0.52538],
							"size": [0.09375, 0.125, 0.616],
							"pivot": [-0.75861, 1.45489, -0.17863],
							"rotation": [-30.5, 0, 0],
							"uv": {
								"north": {"uv": [25, 4], "uv_size": [0.5, 0.5]},
								"east": {"uv": [5, 25], "uv_size": [0.5, 0.5]},
								"south": {"uv": [25, 5], "uv_size": [0.5, 0.5]},
								"west": {"uv": [6, 25], "uv_size": [0.5, 0.5]},
								"up": {"uv": [25, 6], "uv_size": [0.5, 0.5]},
								"down": {"uv": [7, 25.5], "uv_size": [0.5, -0.5]}
							}
						},
						{
							"origin": [-0.62319, 1.63064, -1.2875],
							"size": [0.09375, 0.09375, 0.848],
							"pivot": [-0.57632, 2.03689, -0.86263],
							"rotation": [0, 0, 27.5],
							"uv": {
								"north": {"uv": [25, 7], "uv_size": [0.5, 0.5]},
								"east": {"uv": [11, 22], "uv_size": [1, 0.5]},
								"south": {"uv": [8, 25], "uv_size": [0.5, 0.5]},
								"west": {"uv": [13, 22], "uv_size": [1, 0.5]},
								"up": {"uv": [14, 22], "uv_size": [0.5, 1]},
								"down": {"uv": [22, 16], "uv_size": [0.5, -1]}
							}
						},
						{
							"origin": [-0.74566, 1.92664, -1.43051],
							"size": [0.09375, 0.09375, 0.95],
							"pivot": [-0.69878, 1.80164, -1.00564],
							"rotation": [-27.5, 0, 27.5],
							"uv": {
								"north": {"uv": [25, 8], "uv_size": [0.5, 0.5]},
								"east": {"uv": [16, 22], "uv_size": [1, 0.5]},
								"south": {"uv": [9, 25], "uv_size": [0.5, 0.5]},
								"west": {"uv": [22, 16], "uv_size": [1, 0.5]},
								"up": {"uv": [17, 22], "uv_size": [0.5, 1]},
								"down": {"uv": [22, 18], "uv_size": [0.5, -1]}
							}
						},
						{
							"origin": [-0.74566, 1.73914, -1.43051],
							"size": [0.09375, 0.09375, 0.59975],
							"pivot": [-0.69878, 1.80164, -1.00564],
							"rotation": [-27.5, 0, 27.5],
							"uv": {
								"north": {"uv": [25, 9], "uv_size": [0.5, 0.5]},
								"east": {"uv": [10, 25], "uv_size": [0.5, 0.5]},
								"south": {"uv": [25, 10], "uv_size": [0.5, 0.5]},
								"west": {"uv": [11, 25], "uv_size": [0.5, 0.5]},
								"up": {"uv": [25, 11], "uv_size": [0.5, 0.5]},
								"down": {"uv": [12, 25.5], "uv_size": [0.5, -0.5]}
							}
						},
						{
							"origin": [-0.74566, 1.83289, -1.43051],
							"size": [0.09375, 0.09375, 0.78725],
							"pivot": [-0.69878, 1.80164, -1.00564],
							"rotation": [-27.5, 0, 27.5],
							"uv": {
								"north": {"uv": [25, 12], "uv_size": [0.5, 0.5]},
								"east": {"uv": [18, 22], "uv_size": [1, 0.5]},
								"south": {"uv": [13, 25], "uv_size": [0.5, 0.5]},
								"west": {"uv": [22, 18], "uv_size": [1, 0.5]},
								"up": {"uv": [22, 19], "uv_size": [0.5, 1]},
								"down": {"uv": [20, 23], "uv_size": [0.5, -1]}
							}
						},
						{
							"origin": [-0.74566, 1.67664, -1.43051],
							"size": [0.09375, 0.0625, 0.41225],
							"pivot": [-0.69878, 1.80164, -1.00564],
							"rotation": [-27.5, 0, 27.5],
							"uv": {
								"north": {"uv": [25, 13], "uv_size": [0.5, 0.5]},
								"east": {"uv": [14, 25], "uv_size": [0.5, 0.5]},
								"south": {"uv": [25, 14], "uv_size": [0.5, 0.5]},
								"west": {"uv": [15, 25], "uv_size": [0.5, 0.5]},
								"up": {"uv": [25, 15], "uv_size": [0.5, 0.5]},
								"down": {"uv": [16, 25.5], "uv_size": [0.5, -0.5]}
							}
						},
						{
							"origin": [-0.74566, 1.61414, -1.36801],
							"size": [0.09375, 0.0625, 0.28725],
							"pivot": [-0.69878, 1.80164, -1.00564],
							"rotation": [-27.5, 0, 27.5],
							"uv": {
								"north": {"uv": [25, 16], "uv_size": [0.5, 0.5]},
								"east": {"uv": [17, 25], "uv_size": [0.5, 0.5]},
								"south": {"uv": [25, 17], "uv_size": [0.5, 0.5]},
								"west": {"uv": [18, 25], "uv_size": [0.5, 0.5]},
								"up": {"uv": [25, 18], "uv_size": [0.5, 0.5]},
								"down": {"uv": [19, 25.5], "uv_size": [0.5, -0.5]}
							}
						},
						{
							"origin": [-0.80548, 1.26375, -0.52538],
							"size": [0.09375, 0.15, 0.41],
							"pivot": [-0.75861, 1.45489, -0.17863],
							"rotation": [-30.5, 0, 0],
							"uv": {
								"north": {"uv": [25, 19], "uv_size": [0.5, 0.5]},
								"east": {"uv": [20, 25], "uv_size": [0.5, 0.5]},
								"south": {"uv": [25, 20], "uv_size": [0.5, 0.5]},
								"west": {"uv": [21, 25], "uv_size": [0.5, 0.5]},
								"up": {"uv": [25, 21], "uv_size": [0.5, 0.5]},
								"down": {"uv": [22, 25.5], "uv_size": [0.5, -0.5]}
							}
						},
						{
							"origin": [0.625, 0.90625, -2.9125],
							"size": [0.09375, 0.40625, 3.006],
							"pivot": [0.65625, 1.10938, -1.222],
							"rotation": [0, 0, 27.5],
							"uv": {
								"north": {"uv": [25, 22], "uv_size": [0.5, 0.5]},
								"east": {"uv": [5, 10], "uv_size": [3, 0.5]},
								"south": {"uv": [23, 25], "uv_size": [0.5, 0.5]},
								"west": {"uv": [8, 10], "uv_size": [3, 0.5]},
								"up": {"uv": [11, 0], "uv_size": [0.5, 3]},
								"down": {"uv": [5, 14], "uv_size": [0.5, -3]}
							}
						},
						{
							"origin": [0.71173, 1.26069, -2.9125],
							"size": [0.09375, 0.125, 3.006],
							"uv": {
								"north": {"uv": [25, 23], "uv_size": [0.5, 0.5]},
								"east": {"uv": [11, 5], "uv_size": [3, 0.5]},
								"south": {"uv": [24, 25], "uv_size": [0.5, 0.5]},
								"west": {"uv": [6, 11], "uv_size": [3, 0.5]},
								"up": {"uv": [9, 11], "uv_size": [0.5, 3]},
								"down": {"uv": [11, 12], "uv_size": [0.5, -3]}
							}
						},
						{
							"origin": [0.63943, 1.64991, -2.81875],
							"size": [0.09375, 0.53125, 1.53725],
							"pivot": [0.67068, 1.82179, -1.222],
							"rotation": [0, 0, -27.5],
							"uv": {
								"north": {"uv": [25, 24], "uv_size": [0.5, 0.5]},
								"east": {"uv": [12, 16], "uv_size": [1.5, 0.5]},
								"south": {"uv": [25, 25], "uv_size": [0.5, 0.5]},
								"west": {"uv": [16, 13], "uv_size": [1.5, 0.5]},
								"up": {"uv": [14, 16], "uv_size": [0.5, 1.5]},
								"down": {"uv": [15, 17.5], "uv_size": [0.5, -1.5]}
							}
						},
						{
							"origin": [0.71173, 1.38569, -2.81875],
							"size": [0.09375, 0.3125, 2.381],
							"uv": {
								"north": {"uv": [0, 26], "uv_size": [0.5, 0.5]},
								"east": {"uv": [13, 7], "uv_size": [2.5, 0.5]},
								"south": {"uv": [26, 0], "uv_size": [0.5, 0.5]},
								"west": {"uv": [13, 8], "uv_size": [2.5, 0.5]},
								"up": {"uv": [10, 13], "uv_size": [0.5, 2.5]},
								"down": {"uv": [12, 15.5], "uv_size": [0.5, -2.5]}
							}
						},
						{
							"origin": [0.71173, 1.36288, -2.87025],
							"size": [0.09375, 0.32875, 0.131],
							"pivot": [0.75861, 1.53476, -2.80475],
							"rotation": [-15, 0, 0],
							"uv": {
								"north": {"uv": [1, 26], "uv_size": [0.5, 0.5]},
								"east": {"uv": [26, 1], "uv_size": [0.5, 0.5]},
								"south": {"uv": [2, 26], "uv_size": [0.5, 0.5]},
								"west": {"uv": [26, 2], "uv_size": [0.5, 0.5]},
								"up": {"uv": [3, 26], "uv_size": [0.5, 0.5]},
								"down": {"uv": [26, 3.5], "uv_size": [0.5, -0.5]}
							}
						},
						{
							"origin": [0.71173, 1.40801, -0.52538],
							"size": [0.09375, 0.125, 0.616],
							"pivot": [0.75861, 1.45489, -0.17863],
							"rotation": [-30.5, 0, 0],
							"uv": {
								"north": {"uv": [4, 26], "uv_size": [0.5, 0.5]},
								"east": {"uv": [26, 4], "uv_size": [0.5, 0.5]},
								"south": {"uv": [5, 26], "uv_size": [0.5, 0.5]},
								"west": {"uv": [26, 5], "uv_size": [0.5, 0.5]},
								"up": {"uv": [6, 26], "uv_size": [0.5, 0.5]},
								"down": {"uv": [26, 6.5], "uv_size": [0.5, -0.5]}
							}
						},
						{
							"origin": [0.52944, 1.63064, -1.2875],
							"size": [0.09375, 0.09375, 0.848],
							"pivot": [0.57632, 2.03689, -0.86263],
							"rotation": [0, 0, -27.5],
							"uv": {
								"north": {"uv": [7, 26], "uv_size": [0.5, 0.5]},
								"east": {"uv": [21, 22], "uv_size": [1, 0.5]},
								"south": {"uv": [26, 7], "uv_size": [0.5, 0.5]},
								"west": {"uv": [22, 22], "uv_size": [1, 0.5]},
								"up": {"uv": [0, 23], "uv_size": [0.5, 1]},
								"down": {"uv": [1, 24], "uv_size": [0.5, -1]}
							}
						},
						{
							"origin": [0.65191, 1.92664, -1.43051],
							"size": [0.09375, 0.09375, 0.95],
							"pivot": [0.69878, 1.80164, -1.00564],
							"rotation": [-27.5, 0, -27.5],
							"uv": {
								"north": {"uv": [8, 26], "uv_size": [0.5, 0.5]},
								"east": {"uv": [23, 1], "uv_size": [1, 0.5]},
								"south": {"uv": [26, 8], "uv_size": [0.5, 0.5]},
								"west": {"uv": [23, 2], "uv_size": [1, 0.5]},
								"up": {"uv": [4, 23], "uv_size": [0.5, 1]},
								"down": {"uv": [5, 24], "uv_size": [0.5, -1]}
							}
						},
						{
							"origin": [0.65191, 1.73914, -1.43051],
							"size": [0.09375, 0.09375, 0.59975],
							"pivot": [0.69878, 1.80164, -1.00564],
							"rotation": [-27.5, 0, -27.5],
							"uv": {
								"north": {"uv": [9, 26], "uv_size": [0.5, 0.5]},
								"east": {"uv": [26, 9], "uv_size": [0.5, 0.5]},
								"south": {"uv": [10, 26], "uv_size": [0.5, 0.5]},
								"west": {"uv": [26, 10], "uv_size": [0.5, 0.5]},
								"up": {"uv": [11, 26], "uv_size": [0.5, 0.5]},
								"down": {"uv": [26, 11.5], "uv_size": [0.5, -0.5]}
							}
						},
						{
							"origin": [0.65191, 1.83289, -1.43051],
							"size": [0.09375, 0.09375, 0.78725],
							"pivot": [0.69878, 1.80164, -1.00564],
							"rotation": [-27.5, 0, -27.5],
							"uv": {
								"north": {"uv": [12, 26], "uv_size": [0.5, 0.5]},
								"east": {"uv": [23, 5], "uv_size": [1, 0.5]},
								"south": {"uv": [26, 12], "uv_size": [0.5, 0.5]},
								"west": {"uv": [23, 6], "uv_size": [1, 0.5]},
								"up": {"uv": [23, 7], "uv_size": [0.5, 1]},
								"down": {"uv": [8, 24], "uv_size": [0.5, -1]}
							}
						},
						{
							"origin": [0.65191, 1.67664, -1.43051],
							"size": [0.09375, 0.0625, 0.41225],
							"pivot": [0.69878, 1.80164, -1.00564],
							"rotation": [-27.5, 0, -27.5],
							"uv": {
								"north": {"uv": [13, 26], "uv_size": [0.5, 0.5]},
								"east": {"uv": [26, 13], "uv_size": [0.5, 0.5]},
								"south": {"uv": [14, 26], "uv_size": [0.5, 0.5]},
								"west": {"uv": [26, 14], "uv_size": [0.5, 0.5]},
								"up": {"uv": [15, 26], "uv_size": [0.5, 0.5]},
								"down": {"uv": [26, 15.5], "uv_size": [0.5, -0.5]}
							}
						},
						{
							"origin": [0.65191, 1.61414, -1.36801],
							"size": [0.09375, 0.0625, 0.28725],
							"pivot": [0.69878, 1.80164, -1.00564],
							"rotation": [-27.5, 0, -27.5],
							"uv": {
								"north": {"uv": [16, 26], "uv_size": [0.5, 0.5]},
								"east": {"uv": [26, 16], "uv_size": [0.5, 0.5]},
								"south": {"uv": [17, 26], "uv_size": [0.5, 0.5]},
								"west": {"uv": [26, 17], "uv_size": [0.5, 0.5]},
								"up": {"uv": [18, 26], "uv_size": [0.5, 0.5]},
								"down": {"uv": [26, 18.5], "uv_size": [0.5, -0.5]}
							}
						},
						{
							"origin": [0.71173, 1.26375, -0.52538],
							"size": [0.09375, 0.15, 0.41],
							"pivot": [0.75861, 1.45489, -0.17863],
							"rotation": [-30.5, 0, 0],
							"uv": {
								"north": {"uv": [19, 26], "uv_size": [0.5, 0.5]},
								"east": {"uv": [26, 19], "uv_size": [0.5, 0.5]},
								"south": {"uv": [20, 26], "uv_size": [0.5, 0.5]},
								"west": {"uv": [26, 20], "uv_size": [0.5, 0.5]},
								"up": {"uv": [21, 26], "uv_size": [0.5, 0.5]},
								"down": {"uv": [26, 21.5], "uv_size": [0.5, -0.5]}
							}
						},
						{
							"origin": [0.625, 0.90625, 0.0875],
							"size": [0.09375, 0.25, 0.381],
							"pivot": [0.65625, 1.10938, -1.222],
							"rotation": [0, 0, 27.5],
							"uv": {
								"north": {"uv": [22, 26], "uv_size": [0.5, 0.5]},
								"east": {"uv": [26, 22], "uv_size": [0.5, 0.5]},
								"south": {"uv": [23, 26], "uv_size": [0.5, 0.5]},
								"west": {"uv": [26, 23], "uv_size": [0.5, 0.5]},
								"up": {"uv": [24, 26], "uv_size": [0.5, 0.5]},
								"down": {"uv": [26, 24.5], "uv_size": [0.5, -0.5]}
							}
						},
						{
							"origin": [0.64974, 1.07496, 0.04847],
							"size": [0.09375, 0.15625, 0.406],
							"pivot": [0.69662, 1.15308, 0.23897],
							"rotation": [-22.75, 0, 27.5],
							"uv": {
								"north": {"uv": [25, 26], "uv_size": [0.5, 0.5]},
								"east": {"uv": [26, 25], "uv_size": [0.5, 0.5]},
								"south": {"uv": [26, 26], "uv_size": [0.5, 0.5]},
								"west": {"uv": [0, 27], "uv_size": [0.5, 0.5]},
								"up": {"uv": [27, 0], "uv_size": [0.5, 0.5]},
								"down": {"uv": [1, 27.5], "uv_size": [0.5, -0.5]}
							}
						},
						{
							"origin": [-0.71875, 0.90625, 0.0875],
							"size": [0.09375, 0.25, 0.381],
							"pivot": [-0.65625, 1.10938, -1.222],
							"rotation": [0, 0, -27.5],
							"uv": {
								"north": {"uv": [27, 1], "uv_size": [0.5, 0.5]},
								"east": {"uv": [2, 27], "uv_size": [0.5, 0.5]},
								"south": {"uv": [27, 2], "uv_size": [0.5, 0.5]},
								"west": {"uv": [3, 27], "uv_size": [0.5, 0.5]},
								"up": {"uv": [27, 3], "uv_size": [0.5, 0.5]},
								"down": {"uv": [4, 27.5], "uv_size": [0.5, -0.5]}
							}
						},
						{
							"origin": [-0.74349, 1.07496, 0.04847],
							"size": [0.09375, 0.15625, 0.406],
							"pivot": [-0.69662, 1.15308, 0.23897],
							"rotation": [-22.75, 0, -27.5],
							"uv": {
								"north": {"uv": [27, 4], "uv_size": [0.5, 0.5]},
								"east": {"uv": [5, 27], "uv_size": [0.5, 0.5]},
								"south": {"uv": [27, 5], "uv_size": [0.5, 0.5]},
								"west": {"uv": [6, 27], "uv_size": [0.5, 0.5]},
								"up": {"uv": [27, 6], "uv_size": [0.5, 0.5]},
								"down": {"uv": [7, 27.5], "uv_size": [0.5, -0.5]}
							}
						}
					]
				},
				{
					"name": "octagon2",
					"parent": "scope_body",
					"pivot": [8, -8.03125, -7.84375],
					"cubes": [
						{
							"origin": [-0.22005, 0.21875, -0.375],
							"size": [0.4401, 0.25, 1.0625],
							"pivot": [0, -0.03125, 0.15625],
							"rotation": [0, -45, 0],
							"uv": {
								"north": {"uv": [15, 28], "uv_size": [0.5, 0.5]},
								"east": {"uv": [23, 16], "uv_size": [1, 0.5]},
								"south": {"uv": [28, 15], "uv_size": [0.5, 0.5]},
								"west": {"uv": [17, 23], "uv_size": [1, 0.5]},
								"up": {"uv": [23, 17], "uv_size": [0.5, 1]},
								"down": {"uv": [18, 24], "uv_size": [0.5, -1]}
							}
						},
						{
							"origin": [-0.22005, 0.21875, -0.375],
							"size": [0.4401, 0.25, 1.0625],
							"uv": {
								"north": {"uv": [16, 28], "uv_size": [0.5, 0.5]},
								"east": {"uv": [23, 18], "uv_size": [1, 0.5]},
								"south": {"uv": [28, 16], "uv_size": [0.5, 0.5]},
								"west": {"uv": [19, 23], "uv_size": [1, 0.5]},
								"up": {"uv": [23, 19], "uv_size": [0.5, 1]},
								"down": {"uv": [20, 24], "uv_size": [0.5, -1]}
							}
						},
						{
							"origin": [0.04255, 0.21875, 0.6875],
							"size": [0.115, 0.25, 0.1875],
							"uv": {
								"north": {"uv": [17, 28], "uv_size": [0.5, 0.5]},
								"east": {"uv": [28, 17], "uv_size": [0.5, 0.5]},
								"south": {"uv": [18, 28], "uv_size": [0.5, 0.5]},
								"west": {"uv": [28, 18], "uv_size": [0.5, 0.5]},
								"up": {"uv": [19, 28], "uv_size": [0.5, 0.5]},
								"down": {"uv": [28, 19.5], "uv_size": [0.5, -0.5]}
							}
						},
						{
							"origin": [-0.18941, 0.21875, 0.65076],
							"size": [0.0651, 0.25, 0.21875],
							"pivot": [-0.15686, 0.34375, 0.77576],
							"rotation": [0, 18.75, 0],
							"uv": {
								"north": {"uv": [20, 28], "uv_size": [0.5, 0.5]},
								"east": {"uv": [28, 20], "uv_size": [0.5, 0.5]},
								"south": {"uv": [21, 28], "uv_size": [0.5, 0.5]},
								"west": {"uv": [28, 21], "uv_size": [0.5, 0.5]},
								"up": {"uv": [22, 28], "uv_size": [0.5, 0.5]},
								"down": {"uv": [28, 22.5], "uv_size": [0.5, -0.5]}
							}
						},
						{
							"origin": [-0.15755, 0.21875, 0.6875],
							"size": [0.115, 0.25, 0.1875],
							"uv": {
								"north": {"uv": [23, 28], "uv_size": [0.5, 0.5]},
								"east": {"uv": [28, 23], "uv_size": [0.5, 0.5]},
								"south": {"uv": [24, 28], "uv_size": [0.5, 0.5]},
								"west": {"uv": [28, 24], "uv_size": [0.5, 0.5]},
								"up": {"uv": [25, 28], "uv_size": [0.5, 0.5]},
								"down": {"uv": [28, 25.5], "uv_size": [0.5, -0.5]}
							}
						},
						{
							"origin": [0.12431, 0.21875, 0.65076],
							"size": [0.0651, 0.25, 0.21875],
							"pivot": [0.15686, 0.34375, 0.77576],
							"rotation": [0, -18.75, 0],
							"uv": {
								"north": {"uv": [26, 28], "uv_size": [0.5, 0.5]},
								"east": {"uv": [28, 26], "uv_size": [0.5, 0.5]},
								"south": {"uv": [27, 28], "uv_size": [0.5, 0.5]},
								"west": {"uv": [28, 27], "uv_size": [0.5, 0.5]},
								"up": {"uv": [28, 28], "uv_size": [0.5, 0.5]},
								"down": {"uv": [0, 29.5], "uv_size": [0.5, -0.5]}
							}
						},
						{
							"origin": [-0.53125, 0.21875, -0.0638],
							"size": [1.0625, 0.25, 0.4401],
							"pivot": [0, -0.03125, 0.15625],
							"rotation": [0, -45, 0],
							"uv": {
								"north": {"uv": [23, 20], "uv_size": [1, 0.5]},
								"east": {"uv": [29, 0], "uv_size": [0.5, 0.5]},
								"south": {"uv": [21, 23], "uv_size": [1, 0.5]},
								"west": {"uv": [1, 29], "uv_size": [0.5, 0.5]},
								"up": {"uv": [23, 21], "uv_size": [1, 0.5]},
								"down": {"uv": [22, 23.5], "uv_size": [1, -0.5]}
							}
						},
						{
							"origin": [-0.53125, 0.21875, -0.0638],
							"size": [1.0625, 0.25, 0.4401],
							"uv": {
								"north": {"uv": [23, 22], "uv_size": [1, 0.5]},
								"east": {"uv": [29, 1], "uv_size": [0.5, 0.5]},
								"south": {"uv": [23, 23], "uv_size": [1, 0.5]},
								"west": {"uv": [2, 29], "uv_size": [0.5, 0.5]},
								"up": {"uv": [0, 24], "uv_size": [1, 0.5]},
								"down": {"uv": [24, 0.5], "uv_size": [1, -0.5]}
							}
						}
					]
				},
				{
					"name": "octagon3",
					"parent": "scope_body",
					"pivot": [8, -7.03125, -7.84375],
					"cubes": [
						{
							"origin": [-0.18122, 0.46875, -0.28125],
							"size": [0.36244, 0.125, 0.875],
							"pivot": [0, 0.96875, 0.15625],
							"rotation": [0, -45, 0],
							"uv": {
								"north": {"uv": [29, 2], "uv_size": [0.5, 0.5]},
								"east": {"uv": [1, 24], "uv_size": [1, 0.5]},
								"south": {"uv": [3, 29], "uv_size": [0.5, 0.5]},
								"west": {"uv": [24, 1], "uv_size": [1, 0.5]},
								"up": {"uv": [2, 24], "uv_size": [0.5, 1]},
								"down": {"uv": [24, 3], "uv_size": [0.5, -1]}
							}
						},
						{
							"origin": [-0.18122, 0.46875, -0.28125],
							"size": [0.36244, 0.125, 0.875],
							"uv": {
								"north": {"uv": [29, 3], "uv_size": [0.5, 0.5]},
								"east": {"uv": [3, 24], "uv_size": [1, 0.5]},
								"south": {"uv": [4, 29], "uv_size": [0.5, 0.5]},
								"west": {"uv": [24, 3], "uv_size": [1, 0.5]},
								"up": {"uv": [4, 24], "uv_size": [0.5, 1]},
								"down": {"uv": [24, 5], "uv_size": [0.5, -1]}
							}
						},
						{
							"origin": [-0.4375, 0.46875, -0.02497],
							"size": [0.875, 0.125, 0.36244],
							"pivot": [0, 0.96875, 0.15625],
							"rotation": [0, -45, 0],
							"uv": {
								"north": {"uv": [5, 24], "uv_size": [1, 0.5]},
								"east": {"uv": [29, 4], "uv_size": [0.5, 0.5]},
								"south": {"uv": [24, 5], "uv_size": [1, 0.5]},
								"west": {"uv": [5, 29], "uv_size": [0.5, 0.5]},
								"up": {"uv": [6, 24], "uv_size": [1, 0.5]},
								"down": {"uv": [24, 6.5], "uv_size": [1, -0.5]}
							}
						},
						{
							"origin": [-0.4375, 0.46875, -0.02497],
							"size": [0.875, 0.125, 0.36244],
							"uv": {
								"north": {"uv": [7, 24], "uv_size": [1, 0.5]},
								"east": {"uv": [29, 5], "uv_size": [0.5, 0.5]},
								"south": {"uv": [24, 7], "uv_size": [1, 0.5]},
								"west": {"uv": [6, 29], "uv_size": [0.5, 0.5]},
								"up": {"uv": [8, 24], "uv_size": [1, 0.5]},
								"down": {"uv": [24, 8.5], "uv_size": [1, -0.5]}
							}
						}
					]
				},
				{
					"name": "octagon4",
					"parent": "scope_body",
					"pivot": [6.875, -7.3125, -9.90625],
					"cubes": [
						{
							"origin": [-0.75, 0.40273, -2.375],
							"size": [0.0625, 0.56954, 1.15625],
							"pivot": [-1.125, 0.6875, -1.90625],
							"rotation": [-45, 0, 0],
							"uv": {
								"north": {"uv": [29, 11], "uv_size": [0.5, 0.5]},
								"east": {"uv": [9, 24], "uv_size": [1, 0.5]},
								"south": {"uv": [12, 29], "uv_size": [0.5, 0.5]},
								"west": {"uv": [24, 9], "uv_size": [1, 0.5]},
								"up": {"uv": [10, 24], "uv_size": [0.5, 1]},
								"down": {"uv": [24, 11], "uv_size": [0.5, -1]}
							}
						},
						{
							"origin": [-0.75, 0.40273, -2.59375],
							"size": [0.0625, 0.56954, 1.15625],
							"pivot": [-1.125, 0.6875, -1.90625],
							"rotation": [45, 0, 0],
							"uv": {
								"north": {"uv": [29, 12], "uv_size": [0.5, 0.5]},
								"east": {"uv": [11, 24], "uv_size": [1, 0.5]},
								"south": {"uv": [13, 29], "uv_size": [0.5, 0.5]},
								"west": {"uv": [24, 11], "uv_size": [1, 0.5]},
								"up": {"uv": [12, 24], "uv_size": [0.5, 1]},
								"down": {"uv": [24, 13], "uv_size": [0.5, -1]}
							}
						},
						{
							"origin": [-0.875, 0.40273, -2.59375],
							"size": [0.125, 0.56954, 1.375],
							"pivot": [-1.125, 0.6875, -1.90625],
							"rotation": [-45, 0, 0],
							"uv": {
								"north": {"uv": [29, 13], "uv_size": [0.5, 0.5]},
								"east": {"uv": [18, 14], "uv_size": [1.5, 0.5]},
								"south": {"uv": [14, 29], "uv_size": [0.5, 0.5]},
								"west": {"uv": [16, 18], "uv_size": [1.5, 0.5]},
								"up": {"uv": [18, 16], "uv_size": [0.5, 1.5]},
								"down": {"uv": [18, 19.5], "uv_size": [0.5, -1.5]}
							}
						},
						{
							"origin": [-0.75, 0.40273, -2.59375],
							"size": [0.09375, 0.28829, 1.28125],
							"pivot": [-1.0625, 0.6875, -1.90625],
							"rotation": [-45, 0, 0],
							"uv": {
								"north": {"uv": [29, 14], "uv_size": [0.5, 0.5]},
								"east": {"uv": [0, 19], "uv_size": [1.5, 0.5]},
								"south": {"uv": [15, 29], "uv_size": [0.5, 0.5]},
								"west": {"uv": [2, 19], "uv_size": [1.5, 0.5]},
								"up": {"uv": [4, 19], "uv_size": [0.5, 1.5]},
								"down": {"uv": [5, 20.5], "uv_size": [0.5, -1.5]}
							}
						},
						{
							"origin": [-0.875, 0.40273, -2.59375],
							"size": [0.125, 0.56954, 1.375],
							"pivot": [-1.125, 0.6875, -1.90625],
							"rotation": [45, 0, 0],
							"uv": {
								"north": {"uv": [29, 15], "uv_size": [0.5, 0.5]},
								"east": {"uv": [19, 5], "uv_size": [1.5, 0.5]},
								"south": {"uv": [16, 29], "uv_size": [0.5, 0.5]},
								"west": {"uv": [6, 19], "uv_size": [1.5, 0.5]},
								"up": {"uv": [8, 19], "uv_size": [0.5, 1.5]},
								"down": {"uv": [9, 20.5], "uv_size": [0.5, -1.5]}
							}
						},
						{
							"origin": [-0.75, 0.40273, -2.40625],
							"size": [0.09375, 0.28829, 1.1875],
							"pivot": [-1.0625, 0.6875, -1.90625],
							"rotation": [45, 0, 0],
							"uv": {
								"north": {"uv": [29, 16], "uv_size": [0.5, 0.5]},
								"east": {"uv": [19, 9], "uv_size": [1.5, 0.5]},
								"south": {"uv": [17, 29], "uv_size": [0.5, 0.5]},
								"west": {"uv": [10, 19], "uv_size": [1.5, 0.5]},
								"up": {"uv": [19, 10], "uv_size": [0.5, 1.5]},
								"down": {"uv": [12, 20.5], "uv_size": [0.5, -1.5]}
							}
						},
						{
							"origin": [-0.875, 0.40273, -2.59375],
							"size": [0.28125, 0.56954, 1.375],
							"uv": {
								"north": {"uv": [29, 17], "uv_size": [0.5, 0.5]},
								"east": {"uv": [19, 12], "uv_size": [1.5, 0.5]},
								"south": {"uv": [18, 29], "uv_size": [0.5, 0.5]},
								"west": {"uv": [13, 19], "uv_size": [1.5, 0.5]},
								"up": {"uv": [15, 19], "uv_size": [0.5, 1.5]},
								"down": {"uv": [19, 16.5], "uv_size": [0.5, -1.5]}
							}
						},
						{
							"origin": [-0.875, 0, -2.19102],
							"size": [0.15625, 1.375, 0.56954],
							"uv": {
								"north": {"uv": [16, 19], "uv_size": [0.5, 1.5]},
								"east": {"uv": [17, 19], "uv_size": [0.5, 1.5]},
								"south": {"uv": [19, 17], "uv_size": [0.5, 1.5]},
								"west": {"uv": [19, 19], "uv_size": [0.5, 1.5]},
								"up": {"uv": [29, 18], "uv_size": [0.5, 0.5]},
								"down": {"uv": [19, 29.5], "uv_size": [0.5, -0.5]}
							}
						}
					]
				},
				{
					"name": "octagon",
					"parent": "scope_body",
					"pivot": [6.625, -7.3125, -9.90625],
					"cubes": [
						{
							"origin": [-1.46875, 0.42862, -2.53125],
							"size": [0.59375, 0.51776, 1.25],
							"pivot": [-1.375, 0.6875, -1.90625],
							"rotation": [-45, 0, 0],
							"uv": {
								"north": {"uv": [29, 19], "uv_size": [0.5, 0.5]},
								"east": {"uv": [0, 20], "uv_size": [1.5, 0.5]},
								"south": {"uv": [20, 29], "uv_size": [0.5, 0.5]},
								"west": {"uv": [20, 0], "uv_size": [1.5, 0.5]},
								"up": {"uv": [20, 1], "uv_size": [0.5, 1.5]},
								"down": {"uv": [2, 21.5], "uv_size": [0.5, -1.5]}
							}
						},
						{
							"origin": [-1.46875, 0.42862, -2.53125],
							"size": [0.59375, 0.51776, 1.25],
							"uv": {
								"north": {"uv": [29, 20], "uv_size": [0.5, 0.5]},
								"east": {"uv": [20, 3], "uv_size": [1.5, 0.5]},
								"south": {"uv": [21, 29], "uv_size": [0.5, 0.5]},
								"west": {"uv": [20, 4], "uv_size": [1.5, 0.5]},
								"up": {"uv": [3, 20], "uv_size": [0.5, 1.5]},
								"down": {"uv": [6, 21.5], "uv_size": [0.5, -1.5]}
							}
						},
						{
							"origin": [-1.46875, 0.0625, -2.16513],
							"size": [0.59375, 1.25, 0.51776],
							"pivot": [-1.375, 0.6875, -1.90625],
							"rotation": [-45, 0, 0],
							"uv": {
								"north": {"uv": [20, 6], "uv_size": [0.5, 1.5]},
								"east": {"uv": [7, 20], "uv_size": [0.5, 1.5]},
								"south": {"uv": [10, 20], "uv_size": [0.5, 1.5]},
								"west": {"uv": [20, 10], "uv_size": [0.5, 1.5]},
								"up": {"uv": [29, 21], "uv_size": [0.5, 0.5]},
								"down": {"uv": [22, 29.5], "uv_size": [0.5, -0.5]}
							}
						},
						{
							"origin": [-1.46875, 0.0625, -2.16513],
							"size": [0.59375, 1.25, 0.51776],
							"uv": {
								"north": {"uv": [11, 20], "uv_size": [0.5, 1.5]},
								"east": {"uv": [13, 20], "uv_size": [0.5, 1.5]},
								"south": {"uv": [20, 13], "uv_size": [0.5, 1.5]},
								"west": {"uv": [14, 20], "uv_size": [0.5, 1.5]},
								"up": {"uv": [29, 22], "uv_size": [0.5, 0.5]},
								"down": {"uv": [23, 29.5], "uv_size": [0.5, -0.5]}
							}
						}
					]
				},
				{
					"name": "division",
					"pivot": [0.05, 0.95, -55.25]
				},
				{
					"name": "division_illuminated",
					"parent": "division",
					"pivot": [0.05, 1.05, -55.25],
					"cubes": [
						{
							"origin": [-0.25, 1.47, -55.7],
							"size": [0.5, 0.5, 0.3],
							"uv": {
								"south": {"uv": [181.5, 53], "uv_size": [20, 20]}
							}
						}
					]
				},
				{
					"name": "ocular",
					"pivot": [0, 0.09375, -2.625],
					"cubes": [
						{
							"origin": [-0.5, 1.09375, -2.625],
							"size": [1, 1, 0],
							"uv": {
								"north": {"uv": [15, 4], "uv_size": [1, 1]},
								"east": {"uv": [0, 0], "uv_size": [0, 1]},
								"south": {"uv": [7, 15], "uv_size": [1, 1]},
								"west": {"uv": [0, 0], "uv_size": [0, 1]},
								"up": {"uv": [0, 0], "uv_size": [1, 0]},
								"down": {"uv": [0, 0], "uv_size": [1, 0]}
							}
						},
						{
							"origin": [-0.71875, 1.09375, -2.625],
							"size": [0.21875, 0.59375, 0],
							"uv": {
								"north": {"uv": [7, 30], "uv_size": [0.5, 0.5]},
								"east": {"uv": [0, 0], "uv_size": [0, 0.5]},
								"south": {"uv": [30, 7], "uv_size": [0.5, 0.5]},
								"west": {"uv": [0, 0], "uv_size": [0, 0.5]},
								"up": {"uv": [0, 0], "uv_size": [0.5, 0]},
								"down": {"uv": [0, 0], "uv_size": [0.5, 0]}
							}
						},
						{
							"origin": [-0.625, 1.65625, -2.625],
							"size": [0.21875, 0.46875, 0],
							"pivot": [-0.60938, 1.89063, -2.625],
							"rotation": [0, 0, 27.5],
							"uv": {
								"north": {"uv": [8, 30], "uv_size": [0.5, 0.5]},
								"east": {"uv": [0, 0], "uv_size": [0, 0.5]},
								"south": {"uv": [30, 8], "uv_size": [0.5, 0.5]},
								"west": {"uv": [0, 0], "uv_size": [0, 0.5]},
								"up": {"uv": [0, 0], "uv_size": [0.5, 0]},
								"down": {"uv": [0, 0], "uv_size": [0.5, 0]}
							}
						},
						{
							"origin": [0.40625, 1.65625, -2.625],
							"size": [0.21875, 0.46875, 0],
							"pivot": [0.60937, 1.89063, -2.625],
							"rotation": [0, 0, -27.5],
							"uv": {
								"north": {"uv": [6, 30], "uv_size": [0.5, 0.5]},
								"east": {"uv": [0, 0], "uv_size": [0, 0.5]},
								"south": {"uv": [30, 6], "uv_size": [0.5, 0.5]},
								"west": {"uv": [0, 0], "uv_size": [0, 0.5]},
								"up": {"uv": [0, 0], "uv_size": [0.5, 0]},
								"down": {"uv": [0, 0], "uv_size": [0.5, 0]}
							}
						},
						{
							"origin": [0.5, 1.09375, -2.625],
							"size": [0.21875, 0.59375, 0],
							"uv": {
								"north": {"uv": [5, 30], "uv_size": [0.5, 0.5]},
								"east": {"uv": [0, 0], "uv_size": [0, 0.5]},
								"south": {"uv": [30, 5], "uv_size": [0.5, 0.5]},
								"west": {"uv": [0, 0], "uv_size": [0, 0.5]},
								"up": {"uv": [0, 0], "uv_size": [0.5, 0]},
								"down": {"uv": [0, 0], "uv_size": [0.5, 0]}
							}
						}
					]
				},
				{
					"name": "scope_view",
					"pivot": [0, 1.6, 18]
				}
			]
		}
	]
}