{
	"format_version": "1.12.0",
	"minecraft:geometry": [
		{
			"description": {
				"identifier": "geometry.unknown",
				"texture_width": 128,
				"texture_height": 128,
				"visible_bounds_width": 2,
				"visible_bounds_height": 2.5,
				"visible_bounds_offset": [0, 0.75, 0]
			},
			"bones": [
				{
					"name": "SDtaojian",
					"pivot": [0, 0, 0],
					"cubes": [
						{
							"origin": [0.54345, 8.96099, -5.625],
							"size": [0.125, 0.2435, 7.875],
							"pivot": [0.5747, 9.07037, 1.03125],
							"rotation": [0, 0, -50],
							"uv": {
								"north": {"uv": [24, 78], "uv_size": [0.5, 0.5]},
								"east": {"uv": [39, 28], "uv_size": [8, 0.5]},
								"south": {"uv": [78, 24], "uv_size": [0.5, 0.5]},
								"west": {"uv": [30, 39], "uv_size": [8, 0.5]},
								"up": {"uv": [16, 39], "uv_size": [0.5, 8]},
								"down": {"uv": [17, 47], "uv_size": [0.5, -8]}
							}
						},
						{
							"origin": [-0.71875, 8.88438, -5.625],
							"size": [1.4375, 0.1875, 7.875],
							"uv": {
								"north": {"uv": [64, 38], "uv_size": [1.5, 0.5]},
								"east": {"uv": [39, 35], "uv_size": [8, 0.5]},
								"south": {"uv": [39, 64], "uv_size": [1.5, 0.5]},
								"west": {"uv": [39, 36], "uv_size": [8, 0.5]},
								"up": {"uv": [8, 12], "uv_size": [1.5, 8]},
								"down": {"uv": [12, 16], "uv_size": [1.5, -8]}
							}
						},
						{
							"origin": [0.54345, 8.75177, -5.625],
							"size": [0.125, 0.2435, 7.875],
							"pivot": [0.5747, 8.88589, 1.03125],
							"rotation": [0, 0, 50],
							"uv": {
								"north": {"uv": [25, 78], "uv_size": [0.5, 0.5]},
								"east": {"uv": [39, 37], "uv_size": [8, 0.5]},
								"south": {"uv": [78, 25], "uv_size": [0.5, 0.5]},
								"west": {"uv": [38, 39], "uv_size": [8, 0.5]},
								"up": {"uv": [18, 39], "uv_size": [0.5, 8]},
								"down": {"uv": [25, 47], "uv_size": [0.5, -8]}
							}
						},
						{
							"origin": [-0.66845, 8.96099, -5.625],
							"size": [0.125, 0.2435, 7.875],
							"pivot": [-0.5747, 9.07037, 1.03125],
							"rotation": [0, 0, 50],
							"uv": {
								"north": {"uv": [26, 78], "uv_size": [0.5, 0.5]},
								"east": {"uv": [39, 38], "uv_size": [8, 0.5]},
								"south": {"uv": [78, 26], "uv_size": [0.5, 0.5]},
								"west": {"uv": [40, 7], "uv_size": [8, 0.5]},
								"up": {"uv": [11, 40], "uv_size": [0.5, 8]},
								"down": {"uv": [12, 48], "uv_size": [0.5, -8]}
							}
						},
						{
							"origin": [-0.66845, 8.75177, -5.625],
							"size": [0.125, 0.2435, 7.875],
							"pivot": [-0.5747, 8.88589, 1.03125],
							"rotation": [0, 0, -50],
							"uv": {
								"north": {"uv": [27, 78], "uv_size": [0.5, 0.5]},
								"east": {"uv": [40, 8], "uv_size": [8, 0.5]},
								"south": {"uv": [78, 27], "uv_size": [0.5, 0.5]},
								"west": {"uv": [40, 9], "uv_size": [8, 0.5]},
								"up": {"uv": [13, 40], "uv_size": [0.5, 8]},
								"down": {"uv": [19, 48], "uv_size": [0.5, -8]}
							}
						},
						{
							"origin": [-0.53125, 8.72813, -5.625],
							"size": [1.0625, 0.5, 7.875],
							"uv": {
								"north": {"uv": [22, 70], "uv_size": [1, 0.5]},
								"east": {"uv": [40, 10], "uv_size": [8, 0.5]},
								"south": {"uv": [70, 22], "uv_size": [1, 0.5]},
								"west": {"uv": [40, 11], "uv_size": [8, 0.5]},
								"up": {"uv": [24, 21], "uv_size": [1, 8]},
								"down": {"uv": [22, 32], "uv_size": [1, -8]}
							}
						},
						{
							"origin": [-0.53125, 8.60851, -7.0821],
							"size": [1.0625, 0.125, 7.5625],
							"uv": {
								"north": {"uv": [23, 70], "uv_size": [1, 0.5]},
								"east": {"uv": [40, 20], "uv_size": [7.5, 0.5]},
								"south": {"uv": [70, 23], "uv_size": [1, 0.5]},
								"west": {"uv": [28, 40], "uv_size": [7.5, 0.5]},
								"up": {"uv": [23, 24], "uv_size": [1, 7.5]},
								"down": {"uv": [25, 7.5], "uv_size": [1, -7.5]}
							}
						},
						{
							"origin": [-0.53125, 8.60851, -7.3946],
							"size": [1.0625, 0.21875, 0.3125],
							"uv": {
								"north": {"uv": [24, 70], "uv_size": [1, 0.5]},
								"east": {"uv": [28, 78], "uv_size": [0.5, 0.5]},
								"south": {"uv": [70, 24], "uv_size": [1, 0.5]},
								"west": {"uv": [78, 28], "uv_size": [0.5, 0.5]},
								"up": {"uv": [25, 70], "uv_size": [1, 0.5]},
								"down": {"uv": [70, 25.5], "uv_size": [1, -0.5]}
							}
						},
						{
							"origin": [-1.09375, 5.95226, -11.98835],
							"size": [0.65625, 2, 11.21875],
							"uv": {
								"north": {"uv": [41, 60], "uv_size": [0.5, 2]},
								"east": {"uv": [0, 0], "uv_size": [11, 2]},
								"south": {"uv": [60, 41], "uv_size": [0.5, 2]},
								"west": {"uv": [0, 2], "uv_size": [11, 2]},
								"up": {"uv": [7, 28], "uv_size": [0.5, 11]},
								"down": {"uv": [8, 39], "uv_size": [0.5, -11]}
							}
						},
						{
							"origin": [-0.4375, 8.04601, -11.98835],
							"size": [0.875, 0.5625, 11.21875],
							"uv": {
								"north": {"uv": [26, 70], "uv_size": [1, 0.5]},
								"east": {"uv": [28, 4], "uv_size": [11, 0.5]},
								"south": {"uv": [70, 26], "uv_size": [1, 0.5]},
								"west": {"uv": [28, 5], "uv_size": [11, 0.5]},
								"up": {"uv": [3, 16], "uv_size": [1, 11]},
								"down": {"uv": [12, 27], "uv_size": [1, -11]}
							}
						},
						{
							"origin": [-0.57664, 5.55794, -11.98835],
							"size": [1.1565, 0.5625, 11.21875],
							"uv": {
								"north": {"uv": [27, 70], "uv_size": [1, 0.5]},
								"east": {"uv": [28, 21], "uv_size": [11, 0.5]},
								"south": {"uv": [70, 27], "uv_size": [1, 0.5]},
								"west": {"uv": [28, 22], "uv_size": [11, 0.5]},
								"up": {"uv": [13, 16], "uv_size": [1, 11]},
								"down": {"uv": [15, 27], "uv_size": [1, -11]}
							}
						},
						{
							"origin": [-0.45164, 6.12044, -11.98835],
							"size": [0.9065, 1.0625, 11.21875],
							"uv": {
								"north": {"uv": [60, 43], "uv_size": [1, 1]},
								"east": {"uv": [16, 11], "uv_size": [11, 1]},
								"south": {"uv": [60, 44], "uv_size": [1, 1]},
								"west": {"uv": [16, 16], "uv_size": [11, 1]},
								"up": {"uv": [17, 0], "uv_size": [1, 11]},
								"down": {"uv": [16, 28], "uv_size": [1, -11]}
							}
						},
						{
							"origin": [-1.03949, 7.81903, -11.98835],
							"size": [0.929, 0.5625, 11.21875],
							"pivot": [-0.54799, 8.10028, -10.0196],
							"rotation": [0, 0, -45],
							"uv": {
								"north": {"uv": [28, 70], "uv_size": [1, 0.5]},
								"east": {"uv": [28, 23], "uv_size": [11, 0.5]},
								"south": {"uv": [70, 28], "uv_size": [1, 0.5]},
								"west": {"uv": [28, 24], "uv_size": [11, 0.5]},
								"up": {"uv": [17, 17], "uv_size": [1, 11]},
								"down": {"uv": [18, 11], "uv_size": [1, -11]}
							}
						},
						{
							"origin": [-0.69574, 7.24347, -11.98835],
							"size": [0.39775, 0.1875, 11.21875],
							"pivot": [-0.54799, 7.14972, -10.0196],
							"rotation": [0, 0, 45],
							"uv": {
								"north": {"uv": [29, 78], "uv_size": [0.5, 0.5]},
								"east": {"uv": [28, 27], "uv_size": [11, 0.5]},
								"south": {"uv": [78, 29], "uv_size": [0.5, 0.5]},
								"west": {"uv": [28, 28], "uv_size": [11, 0.5]},
								"up": {"uv": [14, 28], "uv_size": [0.5, 11]},
								"down": {"uv": [16, 39], "uv_size": [0.5, -11]}
							}
						},
						{
							"origin": [0.29799, 7.24347, -11.98835],
							"size": [0.39775, 0.1875, 11.21875],
							"pivot": [0.54799, 7.14972, -10.0196],
							"rotation": [0, 0, -45],
							"uv": {
								"north": {"uv": [30, 78], "uv_size": [0.5, 0.5]},
								"east": {"uv": [29, 8], "uv_size": [11, 0.5]},
								"south": {"uv": [78, 30], "uv_size": [0.5, 0.5]},
								"west": {"uv": [29, 9], "uv_size": [11, 0.5]},
								"up": {"uv": [17, 28], "uv_size": [0.5, 11]},
								"down": {"uv": [18, 39], "uv_size": [0.5, -11]}
							}
						},
						{
							"origin": [-1.01852, 5.61137, -11.98835],
							"size": [0.64775, 0.5625, 11.21875],
							"pivot": [-0.55402, 5.89262, -10.0196],
							"rotation": [0, 0, 37.5],
							"uv": {
								"north": {"uv": [31, 78], "uv_size": [0.5, 0.5]},
								"east": {"uv": [29, 10], "uv_size": [11, 0.5]},
								"south": {"uv": [78, 31], "uv_size": [0.5, 0.5]},
								"west": {"uv": [29, 11], "uv_size": [11, 0.5]},
								"up": {"uv": [25, 28], "uv_size": [0.5, 11]},
								"down": {"uv": [24, 40], "uv_size": [0.5, -11]}
							}
						},
						{
							"origin": [0.43815, 5.95161, -11.98835],
							"size": [0.65625, 2, 11.21875],
							"uv": {
								"north": {"uv": [45, 60], "uv_size": [0.5, 2]},
								"east": {"uv": [0, 4], "uv_size": [11, 2]},
								"south": {"uv": [60, 45], "uv_size": [0.5, 2]},
								"west": {"uv": [0, 6], "uv_size": [11, 2]},
								"up": {"uv": [28, 29], "uv_size": [0.5, 11]},
								"down": {"uv": [29, 40], "uv_size": [0.5, -11]}
							}
						},
						{
							"origin": [0.37077, 5.61137, -11.98835],
							"size": [0.64775, 0.5625, 11.21875],
							"pivot": [0.55402, 5.89262, -10.0196],
							"rotation": [0, 0, -37.5],
							"uv": {
								"north": {"uv": [32, 78], "uv_size": [0.5, 0.5]},
								"east": {"uv": [30, 12], "uv_size": [11, 0.5]},
								"south": {"uv": [78, 32], "uv_size": [0.5, 0.5]},
								"west": {"uv": [30, 13], "uv_size": [11, 0.5]},
								"up": {"uv": [9, 30], "uv_size": [0.5, 11]},
								"down": {"uv": [10, 41], "uv_size": [0.5, -11]}
							}
						},
						{
							"origin": [0.11049, 7.81903, -11.98835],
							"size": [0.929, 0.5625, 11.21875],
							"pivot": [0.54799, 8.10028, -10.0196],
							"rotation": [0, 0, 45],
							"uv": {
								"north": {"uv": [29, 70], "uv_size": [1, 0.5]},
								"east": {"uv": [30, 29], "uv_size": [11, 0.5]},
								"south": {"uv": [70, 29], "uv_size": [1, 0.5]},
								"west": {"uv": [30, 30], "uv_size": [11, 0.5]},
								"up": {"uv": [18, 17], "uv_size": [1, 11]},
								"down": {"uv": [19, 11], "uv_size": [1, -11]}
							}
						},
						{
							"origin": [-0.6875, 5.42101, -7.7071],
							"size": [1.375, 0.125, 6.9375],
							"uv": {
								"north": {"uv": [64, 39], "uv_size": [1.5, 0.5]},
								"east": {"uv": [36, 40], "uv_size": [7, 0.5]},
								"south": {"uv": [64, 40], "uv_size": [1.5, 0.5]},
								"west": {"uv": [41, 12], "uv_size": [7, 0.5]},
								"up": {"uv": [22, 17], "uv_size": [1.5, 7]},
								"down": {"uv": [23, 7], "uv_size": [1.5, -7]}
							}
						},
						{
							"origin": [-0.6875, 5.42101, -0.7696],
							"size": [1.375, 0.4375, 1.03125],
							"uv": {
								"north": {"uv": [64, 41], "uv_size": [1.5, 0.5]},
								"east": {"uv": [30, 70], "uv_size": [1, 0.5]},
								"south": {"uv": [64, 42], "uv_size": [1.5, 0.5]},
								"west": {"uv": [70, 30], "uv_size": [1, 0.5]},
								"up": {"uv": [24, 56], "uv_size": [1.5, 1]},
								"down": {"uv": [56, 50], "uv_size": [1.5, -1]}
							}
						},
						{
							"origin": [-0.7127, 5.33206, -8.0196],
							"size": [1.425, 0.21875, 0.3125],
							"uv": {
								"north": {"uv": [43, 64], "uv_size": [1.5, 0.5]},
								"east": {"uv": [33, 78], "uv_size": [0.5, 0.5]},
								"south": {"uv": [45, 64], "uv_size": [1.5, 0.5]},
								"west": {"uv": [78, 33], "uv_size": [0.5, 0.5]},
								"up": {"uv": [47, 64], "uv_size": [1.5, 0.5]},
								"down": {"uv": [49, 64.5], "uv_size": [1.5, -0.5]}
							}
						},
						{
							"origin": [-1.23653, 5.5943, -7.7071],
							"size": [0.6875, 0.125, 6.9375],
							"pivot": [-0.87715, 5.7193, -4.25397],
							"rotation": [0, 0, 37.5],
							"uv": {
								"north": {"uv": [34, 78], "uv_size": [0.5, 0.5]},
								"east": {"uv": [41, 13], "uv_size": [7, 0.5]},
								"south": {"uv": [78, 34], "uv_size": [0.5, 0.5]},
								"west": {"uv": [41, 14], "uv_size": [7, 0.5]},
								"up": {"uv": [26, 40], "uv_size": [0.5, 7]},
								"down": {"uv": [0, 48], "uv_size": [0.5, -7]}
							}
						},
						{
							"origin": [-1.27966, 5.52465, -8.0196],
							"size": [0.78125, 0.21875, 0.3125],
							"pivot": [-0.88904, 5.7434, -11.19147],
							"rotation": [0, 0, 37.5],
							"uv": {
								"north": {"uv": [31, 70], "uv_size": [1, 0.5]},
								"east": {"uv": [35, 78], "uv_size": [0.5, 0.5]},
								"south": {"uv": [70, 31], "uv_size": [1, 0.5]},
								"west": {"uv": [78, 35], "uv_size": [0.5, 0.5]},
								"up": {"uv": [32, 70], "uv_size": [1, 0.5]},
								"down": {"uv": [70, 32.5], "uv_size": [1, -0.5]}
							}
						},
						{
							"origin": [0.49841, 5.52465, -8.0196],
							"size": [0.78125, 0.21875, 0.3125],
							"pivot": [0.88904, 5.7434, -11.19147],
							"rotation": [0, 0, -37.5],
							"uv": {
								"north": {"uv": [33, 70], "uv_size": [1, 0.5]},
								"east": {"uv": [36, 78], "uv_size": [0.5, 0.5]},
								"south": {"uv": [70, 33], "uv_size": [1, 0.5]},
								"west": {"uv": [78, 36], "uv_size": [0.5, 0.5]},
								"up": {"uv": [34, 70], "uv_size": [1, 0.5]},
								"down": {"uv": [70, 34.5], "uv_size": [1, -0.5]}
							}
						},
						{
							"origin": [0.54903, 5.5943, -7.7071],
							"size": [0.6875, 0.125, 6.9375],
							"pivot": [0.87715, 5.7193, -4.25397],
							"rotation": [0, 0, -37.5],
							"uv": {
								"north": {"uv": [37, 78], "uv_size": [0.5, 0.5]},
								"east": {"uv": [41, 15], "uv_size": [7, 0.5]},
								"south": {"uv": [78, 37], "uv_size": [0.5, 0.5]},
								"west": {"uv": [28, 41], "uv_size": [7, 0.5]},
								"up": {"uv": [1, 41], "uv_size": [0.5, 7]},
								"down": {"uv": [2, 48], "uv_size": [0.5, -7]}
							}
						},
						{
							"origin": [-1.25555, 5.51951, -5.48835],
							"size": [0.71875, 0.1875, 4],
							"pivot": [-0.86493, 5.70701, -3.66022],
							"rotation": [0, 0, 37.5],
							"uv": {
								"north": {"uv": [38, 78], "uv_size": [0.5, 0.5]},
								"east": {"uv": [52, 42], "uv_size": [4, 0.5]},
								"south": {"uv": [78, 38], "uv_size": [0.5, 0.5]},
								"west": {"uv": [52, 43], "uv_size": [4, 0.5]},
								"up": {"uv": [41, 52], "uv_size": [0.5, 4]},
								"down": {"uv": [42, 56], "uv_size": [0.5, -4]}
							}
						},
						{
							"origin": [-0.71875, 5.35851, -5.48835],
							"size": [1.4375, 0.1875, 4],
							"uv": {
								"north": {"uv": [51, 64], "uv_size": [1.5, 0.5]},
								"east": {"uv": [52, 44], "uv_size": [4, 0.5]},
								"south": {"uv": [53, 64], "uv_size": [1.5, 0.5]},
								"west": {"uv": [52, 45], "uv_size": [4, 0.5]},
								"up": {"uv": [2, 27], "uv_size": [1.5, 4]},
								"down": {"uv": [27, 12], "uv_size": [1.5, -4]}
							}
						},
						{
							"origin": [-1.28897, 5.79606, -5.48835],
							"size": [0.0625, 0.1875, 4],
							"uv": {
								"north": {"uv": [39, 78], "uv_size": [0.5, 0.5]},
								"east": {"uv": [52, 46], "uv_size": [4, 0.5]},
								"south": {"uv": [78, 39], "uv_size": [0.5, 0.5]},
								"west": {"uv": [52, 47], "uv_size": [4, 0.5]},
								"up": {"uv": [49, 52], "uv_size": [0.5, 4]},
								"down": {"uv": [52, 55], "uv_size": [0.5, -4]}
							}
						},
						{
							"origin": [1.22647, 5.79606, -5.48835],
							"size": [0.0625, 0.1875, 4],
							"uv": {
								"north": {"uv": [40, 78], "uv_size": [0.5, 0.5]},
								"east": {"uv": [52, 48], "uv_size": [4, 0.5]},
								"south": {"uv": [78, 40], "uv_size": [0.5, 0.5]},
								"west": {"uv": [53, 0], "uv_size": [4, 0.5]},
								"up": {"uv": [3, 53], "uv_size": [0.5, 4]},
								"down": {"uv": [4, 57], "uv_size": [0.5, -4]}
							}
						},
						{
							"origin": [1.22647, 5.98356, -4.92585],
							"size": [0.0625, 0.5625, 2.875],
							"uv": {
								"north": {"uv": [41, 78], "uv_size": [0.5, 0.5]},
								"east": {"uv": [56, 50], "uv_size": [3, 0.5]},
								"south": {"uv": [78, 41], "uv_size": [0.5, 0.5]},
								"west": {"uv": [56, 51], "uv_size": [3, 0.5]},
								"up": {"uv": [15, 56], "uv_size": [0.5, 3]},
								"down": {"uv": [37, 59], "uv_size": [0.5, -3]}
							}
						},
						{
							"origin": [1.22647, 6.20989, -5.42677],
							"size": [0.0625, 0.1875, 0.7955],
							"pivot": [1.25772, 6.11614, -4.95802],
							"rotation": [45, 0, 0],
							"uv": {
								"north": {"uv": [42, 78], "uv_size": [0.5, 0.5]},
								"east": {"uv": [35, 70], "uv_size": [1, 0.5]},
								"south": {"uv": [78, 42], "uv_size": [0.5, 0.5]},
								"west": {"uv": [70, 35], "uv_size": [1, 0.5]},
								"up": {"uv": [36, 70], "uv_size": [0.5, 1]},
								"down": {"uv": [70, 37], "uv_size": [0.5, -1]}
							}
						},
						{
							"origin": [1.22647, 5.99114, -5.23927],
							"size": [0.0625, 0.21875, 0.608],
							"pivot": [1.25772, 6.11614, -4.95802],
							"rotation": [45, 0, 0],
							"uv": {
								"north": {"uv": [43, 78], "uv_size": [0.5, 0.5]},
								"east": {"uv": [78, 43], "uv_size": [0.5, 0.5]},
								"south": {"uv": [44, 78], "uv_size": [0.5, 0.5]},
								"west": {"uv": [78, 44], "uv_size": [0.5, 0.5]},
								"up": {"uv": [45, 78], "uv_size": [0.5, 0.5]},
								"down": {"uv": [78, 45.5], "uv_size": [0.5, -0.5]}
							}
						},
						{
							"origin": [1.22647, 6.20989, -2.34543],
							"size": [0.0625, 0.1875, 0.7955],
							"pivot": [1.25772, 6.11614, -2.01868],
							"rotation": [-45, 0, 0],
							"uv": {
								"north": {"uv": [46, 78], "uv_size": [0.5, 0.5]},
								"east": {"uv": [37, 70], "uv_size": [1, 0.5]},
								"south": {"uv": [78, 46], "uv_size": [0.5, 0.5]},
								"west": {"uv": [70, 37], "uv_size": [1, 0.5]},
								"up": {"uv": [38, 70], "uv_size": [0.5, 1]},
								"down": {"uv": [70, 39], "uv_size": [0.5, -1]}
							}
						},
						{
							"origin": [-1.28897, 6.20989, -5.42677],
							"size": [0.0625, 0.1875, 0.7955],
							"pivot": [-1.25772, 6.11614, -4.95802],
							"rotation": [45, 0, 0],
							"uv": {
								"north": {"uv": [47, 78], "uv_size": [0.5, 0.5]},
								"east": {"uv": [39, 70], "uv_size": [1, 0.5]},
								"south": {"uv": [78, 47], "uv_size": [0.5, 0.5]},
								"west": {"uv": [70, 39], "uv_size": [1, 0.5]},
								"up": {"uv": [40, 70], "uv_size": [0.5, 1]},
								"down": {"uv": [70, 41], "uv_size": [0.5, -1]}
							}
						},
						{
							"origin": [-1.28897, 5.99114, -5.23927],
							"size": [0.0625, 0.21875, 0.608],
							"pivot": [-1.25772, 6.11614, -4.95802],
							"rotation": [45, 0, 0],
							"uv": {
								"north": {"uv": [48, 78], "uv_size": [0.5, 0.5]},
								"east": {"uv": [78, 48], "uv_size": [0.5, 0.5]},
								"south": {"uv": [49, 78], "uv_size": [0.5, 0.5]},
								"west": {"uv": [78, 49], "uv_size": [0.5, 0.5]},
								"up": {"uv": [50, 78], "uv_size": [0.5, 0.5]},
								"down": {"uv": [78, 50.5], "uv_size": [0.5, -0.5]}
							}
						},
						{
							"origin": [-1.28897, 5.98356, -4.92585],
							"size": [0.0625, 0.5625, 2.875],
							"uv": {
								"north": {"uv": [51, 78], "uv_size": [0.5, 0.5]},
								"east": {"uv": [52, 56], "uv_size": [3, 0.5]},
								"south": {"uv": [78, 51], "uv_size": [0.5, 0.5]},
								"west": {"uv": [56, 52], "uv_size": [3, 0.5]},
								"up": {"uv": [42, 56], "uv_size": [0.5, 3]},
								"down": {"uv": [55, 59], "uv_size": [0.5, -3]}
							}
						},
						{
							"origin": [-1.28897, 5.99114, -2.34543],
							"size": [0.0625, 0.21875, 0.608],
							"pivot": [-1.25772, 6.11614, -2.01868],
							"rotation": [-45, 0, 0],
							"uv": {
								"north": {"uv": [52, 78], "uv_size": [0.5, 0.5]},
								"east": {"uv": [78, 52], "uv_size": [0.5, 0.5]},
								"south": {"uv": [53, 78], "uv_size": [0.5, 0.5]},
								"west": {"uv": [78, 53], "uv_size": [0.5, 0.5]},
								"up": {"uv": [54, 78], "uv_size": [0.5, 0.5]},
								"down": {"uv": [78, 54.5], "uv_size": [0.5, -0.5]}
							}
						},
						{
							"origin": [-1.28897, 6.20989, -2.34543],
							"size": [0.0625, 0.1875, 0.7955],
							"pivot": [-1.25772, 6.11614, -2.01868],
							"rotation": [-45, 0, 0],
							"uv": {
								"north": {"uv": [55, 78], "uv_size": [0.5, 0.5]},
								"east": {"uv": [41, 70], "uv_size": [1, 0.5]},
								"south": {"uv": [78, 55], "uv_size": [0.5, 0.5]},
								"west": {"uv": [70, 41], "uv_size": [1, 0.5]},
								"up": {"uv": [42, 70], "uv_size": [0.5, 1]},
								"down": {"uv": [70, 43], "uv_size": [0.5, -1]}
							}
						},
						{
							"origin": [1.22647, 5.99114, -2.34543],
							"size": [0.0625, 0.21875, 0.608],
							"pivot": [1.25772, 6.11614, -2.01868],
							"rotation": [-45, 0, 0],
							"uv": {
								"north": {"uv": [56, 78], "uv_size": [0.5, 0.5]},
								"east": {"uv": [78, 56], "uv_size": [0.5, 0.5]},
								"south": {"uv": [57, 78], "uv_size": [0.5, 0.5]},
								"west": {"uv": [78, 57], "uv_size": [0.5, 0.5]},
								"up": {"uv": [58, 78], "uv_size": [0.5, 0.5]},
								"down": {"uv": [78, 58.5], "uv_size": [0.5, -0.5]}
							}
						},
						{
							"origin": [0.5368, 5.51951, -5.48835],
							"size": [0.71875, 0.1875, 4],
							"pivot": [0.86493, 5.70701, -3.66022],
							"rotation": [0, 0, -37.5],
							"uv": {
								"north": {"uv": [59, 78], "uv_size": [0.5, 0.5]},
								"east": {"uv": [53, 1], "uv_size": [4, 0.5]},
								"south": {"uv": [78, 59], "uv_size": [0.5, 0.5]},
								"west": {"uv": [53, 2], "uv_size": [4, 0.5]},
								"up": {"uv": [7, 53], "uv_size": [0.5, 4]},
								"down": {"uv": [8, 57], "uv_size": [0.5, -4]}
							}
						},
						{
							"origin": [0.54903, 5.5943, -0.7696],
							"size": [0.6875, 0.34375, 1.03125],
							"pivot": [0.87715, 5.7193, -3.22272],
							"rotation": [0, 0, -37.5],
							"uv": {
								"north": {"uv": [60, 78], "uv_size": [0.5, 0.5]},
								"east": {"uv": [43, 70], "uv_size": [1, 0.5]},
								"south": {"uv": [78, 60], "uv_size": [0.5, 0.5]},
								"west": {"uv": [70, 43], "uv_size": [1, 0.5]},
								"up": {"uv": [44, 70], "uv_size": [0.5, 1]},
								"down": {"uv": [70, 45], "uv_size": [0.5, -1]}
							}
						},
						{
							"origin": [-1.23653, 5.5943, -0.7696],
							"size": [0.6875, 0.34375, 1.03125],
							"pivot": [-0.87715, 5.7193, -3.22272],
							"rotation": [0, 0, 37.5],
							"uv": {
								"north": {"uv": [61, 78], "uv_size": [0.5, 0.5]},
								"east": {"uv": [45, 70], "uv_size": [1, 0.5]},
								"south": {"uv": [78, 61], "uv_size": [0.5, 0.5]},
								"west": {"uv": [70, 45], "uv_size": [1, 0.5]},
								"up": {"uv": [46, 70], "uv_size": [0.5, 1]},
								"down": {"uv": [70, 47], "uv_size": [0.5, -1]}
							}
						},
						{
							"origin": [-1.28726, 8.26947, -7.0821],
							"size": [1, 0.125, 6.96875],
							"pivot": [-0.81851, 8.26947, -3.59772],
							"rotation": [0, 0, -45],
							"uv": {
								"north": {"uv": [47, 70], "uv_size": [1, 0.5]},
								"east": {"uv": [41, 29], "uv_size": [7, 0.5]},
								"south": {"uv": [70, 47], "uv_size": [1, 0.5]},
								"west": {"uv": [41, 30], "uv_size": [7, 0.5]},
								"up": {"uv": [19, 25], "uv_size": [1, 7]},
								"down": {"uv": [20, 32], "uv_size": [1, -7]}
							}
						},
						{
							"origin": [-1.28726, 8.26947, -7.80085],
							"size": [0.25, 0.125, 0.71875],
							"pivot": [-0.81851, 8.26947, -4.22272],
							"rotation": [0, 0, -45],
							"uv": {
								"north": {"uv": [62, 78], "uv_size": [0.5, 0.5]},
								"east": {"uv": [78, 62], "uv_size": [0.5, 0.5]},
								"south": {"uv": [63, 78], "uv_size": [0.5, 0.5]},
								"west": {"uv": [78, 63], "uv_size": [0.5, 0.5]},
								"up": {"uv": [64, 78], "uv_size": [0.5, 0.5]},
								"down": {"uv": [78, 64.5], "uv_size": [0.5, -0.5]}
							}
						},
						{
							"origin": [-1.46561, 8.27326, -7.67585],
							"size": [1.25, 0.15625, 0.21875],
							"pivot": [-0.84061, 8.33576, -7.5196],
							"rotation": [0, -35, -45],
							"uv": {
								"north": {"uv": [64, 54], "uv_size": [1.5, 0.5]},
								"east": {"uv": [65, 78], "uv_size": [0.5, 0.5]},
								"south": {"uv": [55, 64], "uv_size": [1.5, 0.5]},
								"west": {"uv": [78, 65], "uv_size": [0.5, 0.5]},
								"up": {"uv": [64, 55], "uv_size": [1.5, 0.5]},
								"down": {"uv": [57, 64.5], "uv_size": [1.5, -0.5]}
							}
						},
						{
							"origin": [-1.21561, 8.27326, -7.4571],
							"size": [1.03125, 0.125, 0.25],
							"pivot": [-0.84061, 8.33576, -7.5196],
							"rotation": [0, -35, -45],
							"uv": {
								"north": {"uv": [48, 70], "uv_size": [1, 0.5]},
								"east": {"uv": [66, 78], "uv_size": [0.5, 0.5]},
								"south": {"uv": [70, 48], "uv_size": [1, 0.5]},
								"west": {"uv": [78, 66], "uv_size": [0.5, 0.5]},
								"up": {"uv": [49, 70], "uv_size": [1, 0.5]},
								"down": {"uv": [70, 49.5], "uv_size": [1, -0.5]}
							}
						},
						{
							"origin": [-1.05936, 8.27326, -7.2071],
							"size": [0.53125, 0.125, 0.25],
							"pivot": [-0.84061, 8.33576, -7.5196],
							"rotation": [0, -35, -45],
							"uv": {
								"north": {"uv": [67, 78], "uv_size": [0.5, 0.5]},
								"east": {"uv": [78, 67], "uv_size": [0.5, 0.5]},
								"south": {"uv": [68, 78], "uv_size": [0.5, 0.5]},
								"west": {"uv": [78, 68], "uv_size": [0.5, 0.5]},
								"up": {"uv": [69, 78], "uv_size": [0.5, 0.5]},
								"down": {"uv": [78, 69.5], "uv_size": [0.5, -0.5]}
							}
						},
						{
							"origin": [-1.23836, 7.43265, -7.0821],
							"size": [0.125, 0.59375, 6.3125],
							"uv": {
								"north": {"uv": [70, 78], "uv_size": [0.5, 0.5]},
								"east": {"uv": [42, 3], "uv_size": [6.5, 0.5]},
								"south": {"uv": [78, 70], "uv_size": [0.5, 0.5]},
								"west": {"uv": [42, 17], "uv_size": [6.5, 0.5]},
								"up": {"uv": [28, 42], "uv_size": [0.5, 6.5]},
								"down": {"uv": [29, 48.5], "uv_size": [0.5, -6.5]}
							}
						},
						{
							"origin": [-1.23836, 5.8389, -7.0821],
							"size": [0.125, 1.3125, 6.3125],
							"uv": {
								"north": {"uv": [41, 64], "uv_size": [0.5, 1.5]},
								"east": {"uv": [20, 8], "uv_size": [6.5, 1.5]},
								"south": {"uv": [59, 64], "uv_size": [0.5, 1.5]},
								"west": {"uv": [4, 24], "uv_size": [6.5, 1.5]},
								"up": {"uv": [30, 42], "uv_size": [0.5, 6.5]},
								"down": {"uv": [31, 48.5], "uv_size": [0.5, -6.5]}
							}
						},
						{
							"origin": [-1.23836, 5.8389, -7.7071],
							"size": [0.125, 2.1875, 0.625],
							"uv": {
								"north": {"uv": [46, 60], "uv_size": [0.5, 2]},
								"east": {"uv": [47, 60], "uv_size": [0.5, 2]},
								"south": {"uv": [60, 47], "uv_size": [0.5, 2]},
								"west": {"uv": [49, 60], "uv_size": [0.5, 2]},
								"up": {"uv": [71, 78], "uv_size": [0.5, 0.5]},
								"down": {"uv": [78, 71.5], "uv_size": [0.5, -0.5]}
							}
						},
						{
							"origin": [-1.33211, 5.80765, -8.0196],
							"size": [0.21875, 2.28125, 0.3125],
							"uv": {
								"north": {"uv": [58, 32], "uv_size": [0.5, 2.5]},
								"east": {"uv": [34, 58], "uv_size": [0.5, 2.5]},
								"south": {"uv": [35, 58], "uv_size": [0.5, 2.5]},
								"west": {"uv": [36, 58], "uv_size": [0.5, 2.5]},
								"up": {"uv": [72, 78], "uv_size": [0.5, 0.5]},
								"down": {"uv": [78, 72.5], "uv_size": [0.5, -0.5]}
							}
						},
						{
							"origin": [1.03726, 8.26947, -7.80085],
							"size": [0.25, 0.125, 0.71875],
							"pivot": [0.81851, 8.26947, -4.22272],
							"rotation": [0, 0, 45],
							"uv": {
								"north": {"uv": [73, 78], "uv_size": [0.5, 0.5]},
								"east": {"uv": [78, 73], "uv_size": [0.5, 0.5]},
								"south": {"uv": [74, 78], "uv_size": [0.5, 0.5]},
								"west": {"uv": [78, 74], "uv_size": [0.5, 0.5]},
								"up": {"uv": [75, 78], "uv_size": [0.5, 0.5]},
								"down": {"uv": [78, 75.5], "uv_size": [0.5, -0.5]}
							}
						},
						{
							"origin": [0.52811, 8.27326, -7.2071],
							"size": [0.53125, 0.125, 0.25],
							"pivot": [0.84061, 8.33576, -7.5196],
							"rotation": [0, 35, 45],
							"uv": {
								"north": {"uv": [76, 78], "uv_size": [0.5, 0.5]},
								"east": {"uv": [78, 76], "uv_size": [0.5, 0.5]},
								"south": {"uv": [77, 78], "uv_size": [0.5, 0.5]},
								"west": {"uv": [78, 77], "uv_size": [0.5, 0.5]},
								"up": {"uv": [78, 78], "uv_size": [0.5, 0.5]},
								"down": {"uv": [0, 79.5], "uv_size": [0.5, -0.5]}
							}
						},
						{
							"origin": [0.18436, 8.27326, -7.4571],
							"size": [1.03125, 0.125, 0.25],
							"pivot": [0.84061, 8.33576, -7.5196],
							"rotation": [0, 35, 45],
							"uv": {
								"north": {"uv": [50, 70], "uv_size": [1, 0.5]},
								"east": {"uv": [79, 0], "uv_size": [0.5, 0.5]},
								"south": {"uv": [70, 50], "uv_size": [1, 0.5]},
								"west": {"uv": [1, 79], "uv_size": [0.5, 0.5]},
								"up": {"uv": [51, 70], "uv_size": [1, 0.5]},
								"down": {"uv": [70, 51.5], "uv_size": [1, -0.5]}
							}
						},
						{
							"origin": [0.21561, 8.27326, -7.67585],
							"size": [1.25, 0.15625, 0.21875],
							"pivot": [0.84061, 8.33576, -7.5196],
							"rotation": [0, 35, 45],
							"uv": {
								"north": {"uv": [64, 57], "uv_size": [1.5, 0.5]},
								"east": {"uv": [79, 1], "uv_size": [0.5, 0.5]},
								"south": {"uv": [64, 59], "uv_size": [1.5, 0.5]},
								"west": {"uv": [2, 79], "uv_size": [0.5, 0.5]},
								"up": {"uv": [60, 64], "uv_size": [1.5, 0.5]},
								"down": {"uv": [64, 60.5], "uv_size": [1.5, -0.5]}
							}
						},
						{
							"origin": [1.11336, 5.80765, -8.0196],
							"size": [0.21875, 2.28125, 0.3125],
							"uv": {
								"north": {"uv": [38, 58], "uv_size": [0.5, 2.5]},
								"east": {"uv": [43, 58], "uv_size": [0.5, 2.5]},
								"south": {"uv": [44, 58], "uv_size": [0.5, 2.5]},
								"west": {"uv": [48, 58], "uv_size": [0.5, 2.5]},
								"up": {"uv": [79, 2], "uv_size": [0.5, 0.5]},
								"down": {"uv": [3, 79.5], "uv_size": [0.5, -0.5]}
							}
						},
						{
							"origin": [0.28726, 8.26947, -7.0821],
							"size": [1, 0.125, 6.96875],
							"pivot": [0.81851, 8.26947, -3.59772],
							"rotation": [0, 0, 45],
							"uv": {
								"north": {"uv": [52, 70], "uv_size": [1, 0.5]},
								"east": {"uv": [41, 31], "uv_size": [7, 0.5]},
								"south": {"uv": [70, 52], "uv_size": [1, 0.5]},
								"west": {"uv": [41, 32], "uv_size": [7, 0.5]},
								"up": {"uv": [21, 25], "uv_size": [1, 7]},
								"down": {"uv": [25, 28], "uv_size": [1, -7]}
							}
						},
						{
							"origin": [1.11336, 7.1514, -1.3321],
							"size": [0.125, 0.28125, 0.5625],
							"uv": {
								"north": {"uv": [79, 3], "uv_size": [0.5, 0.5]},
								"east": {"uv": [4, 79], "uv_size": [0.5, 0.5]},
								"south": {"uv": [79, 4], "uv_size": [0.5, 0.5]},
								"west": {"uv": [5, 79], "uv_size": [0.5, 0.5]},
								"up": {"uv": [79, 5], "uv_size": [0.5, 0.5]},
								"down": {"uv": [6, 79.5], "uv_size": [0.5, -0.5]}
							}
						},
						{
							"origin": [1.11336, 7.4014, -1.4571],
							"size": [0.125, 0.0625, 0.15625],
							"pivot": [1.17586, 7.38578, -1.37897],
							"rotation": [-45, 0, 0],
							"uv": {
								"north": {"uv": [79, 6], "uv_size": [0.5, 0.5]},
								"east": {"uv": [7, 79], "uv_size": [0.5, 0.5]},
								"south": {"uv": [79, 7], "uv_size": [0.5, 0.5]},
								"west": {"uv": [8, 79], "uv_size": [0.5, 0.5]},
								"up": {"uv": [79, 8], "uv_size": [0.5, 0.5]},
								"down": {"uv": [9, 79.5], "uv_size": [0.5, -0.5]}
							}
						},
						{
							"origin": [1.11336, 7.4014, -2.7929],
							"size": [0.125, 0.0625, 0.15625],
							"pivot": [1.17586, 7.38578, -2.71478],
							"rotation": [45, 0, 0],
							"uv": {
								"north": {"uv": [79, 9], "uv_size": [0.5, 0.5]},
								"east": {"uv": [10, 79], "uv_size": [0.5, 0.5]},
								"south": {"uv": [79, 10], "uv_size": [0.5, 0.5]},
								"west": {"uv": [11, 79], "uv_size": [0.5, 0.5]},
								"up": {"uv": [79, 11], "uv_size": [0.5, 0.5]},
								"down": {"uv": [12, 79.5], "uv_size": [0.5, -0.5]}
							}
						},
						{
							"origin": [1.11336, 7.12985, -1.4571],
							"size": [0.125, 0.0625, 0.15625],
							"pivot": [1.17586, 7.20797, -1.37897],
							"rotation": [45, 0, 0],
							"uv": {
								"north": {"uv": [79, 12], "uv_size": [0.5, 0.5]},
								"east": {"uv": [13, 79], "uv_size": [0.5, 0.5]},
								"south": {"uv": [79, 13], "uv_size": [0.5, 0.5]},
								"west": {"uv": [14, 79], "uv_size": [0.5, 0.5]},
								"up": {"uv": [79, 14], "uv_size": [0.5, 0.5]},
								"down": {"uv": [15, 79.5], "uv_size": [0.5, -0.5]}
							}
						},
						{
							"origin": [1.11336, 7.12985, -2.7929],
							"size": [0.125, 0.0625, 0.15625],
							"pivot": [1.17586, 7.20797, -2.71478],
							"rotation": [-45, 0, 0],
							"uv": {
								"north": {"uv": [79, 15], "uv_size": [0.5, 0.5]},
								"east": {"uv": [16, 79], "uv_size": [0.5, 0.5]},
								"south": {"uv": [79, 16], "uv_size": [0.5, 0.5]},
								"west": {"uv": [17, 79], "uv_size": [0.5, 0.5]},
								"up": {"uv": [79, 17], "uv_size": [0.5, 0.5]},
								"down": {"uv": [18, 79.5], "uv_size": [0.5, -0.5]}
							}
						},
						{
							"origin": [1.11336, 7.4014, -4.69915],
							"size": [0.125, 0.0625, 0.15625],
							"pivot": [1.17586, 7.38578, -4.62103],
							"rotation": [45, 0, 0],
							"uv": {
								"north": {"uv": [79, 18], "uv_size": [0.5, 0.5]},
								"east": {"uv": [19, 79], "uv_size": [0.5, 0.5]},
								"south": {"uv": [79, 19], "uv_size": [0.5, 0.5]},
								"west": {"uv": [20, 79], "uv_size": [0.5, 0.5]},
								"up": {"uv": [79, 20], "uv_size": [0.5, 0.5]},
								"down": {"uv": [21, 79.5], "uv_size": [0.5, -0.5]}
							}
						},
						{
							"origin": [1.11336, 7.4014, -3.36335],
							"size": [0.125, 0.0625, 0.15625],
							"pivot": [1.17586, 7.38578, -3.28522],
							"rotation": [-45, 0, 0],
							"uv": {
								"north": {"uv": [79, 21], "uv_size": [0.5, 0.5]},
								"east": {"uv": [22, 79], "uv_size": [0.5, 0.5]},
								"south": {"uv": [79, 22], "uv_size": [0.5, 0.5]},
								"west": {"uv": [23, 79], "uv_size": [0.5, 0.5]},
								"up": {"uv": [79, 23], "uv_size": [0.5, 0.5]},
								"down": {"uv": [24, 79.5], "uv_size": [0.5, -0.5]}
							}
						},
						{
							"origin": [1.11336, 7.12985, -3.36335],
							"size": [0.125, 0.0625, 0.15625],
							"pivot": [1.17586, 7.20797, -3.28522],
							"rotation": [45, 0, 0],
							"uv": {
								"north": {"uv": [79, 24], "uv_size": [0.5, 0.5]},
								"east": {"uv": [25, 79], "uv_size": [0.5, 0.5]},
								"south": {"uv": [79, 25], "uv_size": [0.5, 0.5]},
								"west": {"uv": [26, 79], "uv_size": [0.5, 0.5]},
								"up": {"uv": [79, 26], "uv_size": [0.5, 0.5]},
								"down": {"uv": [27, 79.5], "uv_size": [0.5, -0.5]}
							}
						},
						{
							"origin": [1.11336, 7.12985, -4.69915],
							"size": [0.125, 0.0625, 0.15625],
							"pivot": [1.17586, 7.20797, -4.62103],
							"rotation": [-45, 0, 0],
							"uv": {
								"north": {"uv": [79, 27], "uv_size": [0.5, 0.5]},
								"east": {"uv": [28, 79], "uv_size": [0.5, 0.5]},
								"south": {"uv": [79, 28], "uv_size": [0.5, 0.5]},
								"west": {"uv": [29, 79], "uv_size": [0.5, 0.5]},
								"up": {"uv": [79, 29], "uv_size": [0.5, 0.5]},
								"down": {"uv": [30, 79.5], "uv_size": [0.5, -0.5]}
							}
						},
						{
							"origin": [1.11336, 7.4014, -6.6054],
							"size": [0.125, 0.0625, 0.15625],
							"pivot": [1.17586, 7.38578, -6.52728],
							"rotation": [45, 0, 0],
							"uv": {
								"north": {"uv": [79, 30], "uv_size": [0.5, 0.5]},
								"east": {"uv": [31, 79], "uv_size": [0.5, 0.5]},
								"south": {"uv": [79, 31], "uv_size": [0.5, 0.5]},
								"west": {"uv": [32, 79], "uv_size": [0.5, 0.5]},
								"up": {"uv": [79, 32], "uv_size": [0.5, 0.5]},
								"down": {"uv": [33, 79.5], "uv_size": [0.5, -0.5]}
							}
						},
						{
							"origin": [1.11336, 7.4014, -5.2696],
							"size": [0.125, 0.0625, 0.15625],
							"pivot": [1.17586, 7.38578, -5.19147],
							"rotation": [-45, 0, 0],
							"uv": {
								"north": {"uv": [79, 33], "uv_size": [0.5, 0.5]},
								"east": {"uv": [34, 79], "uv_size": [0.5, 0.5]},
								"south": {"uv": [79, 34], "uv_size": [0.5, 0.5]},
								"west": {"uv": [35, 79], "uv_size": [0.5, 0.5]},
								"up": {"uv": [79, 35], "uv_size": [0.5, 0.5]},
								"down": {"uv": [36, 79.5], "uv_size": [0.5, -0.5]}
							}
						},
						{
							"origin": [1.11336, 7.12985, -5.2696],
							"size": [0.125, 0.0625, 0.15625],
							"pivot": [1.17586, 7.20797, -5.19147],
							"rotation": [45, 0, 0],
							"uv": {
								"north": {"uv": [79, 36], "uv_size": [0.5, 0.5]},
								"east": {"uv": [37, 79], "uv_size": [0.5, 0.5]},
								"south": {"uv": [79, 37], "uv_size": [0.5, 0.5]},
								"west": {"uv": [38, 79], "uv_size": [0.5, 0.5]},
								"up": {"uv": [79, 38], "uv_size": [0.5, 0.5]},
								"down": {"uv": [39, 79.5], "uv_size": [0.5, -0.5]}
							}
						},
						{
							"origin": [1.11336, 7.12985, -6.6054],
							"size": [0.125, 0.0625, 0.15625],
							"pivot": [1.17586, 7.20797, -6.52728],
							"rotation": [-45, 0, 0],
							"uv": {
								"north": {"uv": [79, 39], "uv_size": [0.5, 0.5]},
								"east": {"uv": [40, 79], "uv_size": [0.5, 0.5]},
								"south": {"uv": [79, 40], "uv_size": [0.5, 0.5]},
								"west": {"uv": [41, 79], "uv_size": [0.5, 0.5]},
								"up": {"uv": [79, 41], "uv_size": [0.5, 0.5]},
								"down": {"uv": [42, 79.5], "uv_size": [0.5, -0.5]}
							}
						},
						{
							"origin": [-1.2385, 7.12985, -1.4571],
							"size": [0.125, 0.0625, 0.15625],
							"pivot": [-1.16789, 7.20797, -1.37897],
							"rotation": [45, 0, 0],
							"uv": {
								"north": {"uv": [79, 42], "uv_size": [0.5, 0.5]},
								"east": {"uv": [43, 79], "uv_size": [0.5, 0.5]},
								"south": {"uv": [79, 43], "uv_size": [0.5, 0.5]},
								"west": {"uv": [44, 79], "uv_size": [0.5, 0.5]},
								"up": {"uv": [79, 44], "uv_size": [0.5, 0.5]},
								"down": {"uv": [45, 79.5], "uv_size": [0.5, -0.5]}
							}
						},
						{
							"origin": [-1.2385, 7.4014, -1.4571],
							"size": [0.125, 0.0625, 0.15625],
							"pivot": [-1.16789, 7.38578, -1.37897],
							"rotation": [-45, 0, 0],
							"uv": {
								"north": {"uv": [79, 45], "uv_size": [0.5, 0.5]},
								"east": {"uv": [46, 79], "uv_size": [0.5, 0.5]},
								"south": {"uv": [79, 46], "uv_size": [0.5, 0.5]},
								"west": {"uv": [47, 79], "uv_size": [0.5, 0.5]},
								"up": {"uv": [79, 47], "uv_size": [0.5, 0.5]},
								"down": {"uv": [48, 79.5], "uv_size": [0.5, -0.5]}
							}
						},
						{
							"origin": [-1.2385, 7.4014, -2.7929],
							"size": [0.125, 0.0625, 0.15625],
							"pivot": [-1.16789, 7.38578, -2.71478],
							"rotation": [45, 0, 0],
							"uv": {
								"north": {"uv": [79, 48], "uv_size": [0.5, 0.5]},
								"east": {"uv": [49, 79], "uv_size": [0.5, 0.5]},
								"south": {"uv": [79, 49], "uv_size": [0.5, 0.5]},
								"west": {"uv": [50, 79], "uv_size": [0.5, 0.5]},
								"up": {"uv": [79, 50], "uv_size": [0.5, 0.5]},
								"down": {"uv": [51, 79.5], "uv_size": [0.5, -0.5]}
							}
						},
						{
							"origin": [-1.2385, 7.12985, -2.7929],
							"size": [0.125, 0.0625, 0.15625],
							"pivot": [-1.16789, 7.20797, -2.71478],
							"rotation": [-45, 0, 0],
							"uv": {
								"north": {"uv": [79, 51], "uv_size": [0.5, 0.5]},
								"east": {"uv": [52, 79], "uv_size": [0.5, 0.5]},
								"south": {"uv": [79, 52], "uv_size": [0.5, 0.5]},
								"west": {"uv": [53, 79], "uv_size": [0.5, 0.5]},
								"up": {"uv": [79, 53], "uv_size": [0.5, 0.5]},
								"down": {"uv": [54, 79.5], "uv_size": [0.5, -0.5]}
							}
						},
						{
							"origin": [-1.2385, 7.4014, -3.36335],
							"size": [0.125, 0.0625, 0.15625],
							"pivot": [-1.16789, 7.38578, -3.28522],
							"rotation": [-45, 0, 0],
							"uv": {
								"north": {"uv": [79, 54], "uv_size": [0.5, 0.5]},
								"east": {"uv": [55, 79], "uv_size": [0.5, 0.5]},
								"south": {"uv": [79, 55], "uv_size": [0.5, 0.5]},
								"west": {"uv": [56, 79], "uv_size": [0.5, 0.5]},
								"up": {"uv": [79, 56], "uv_size": [0.5, 0.5]},
								"down": {"uv": [57, 79.5], "uv_size": [0.5, -0.5]}
							}
						},
						{
							"origin": [-1.2385, 7.12985, -3.36335],
							"size": [0.125, 0.0625, 0.15625],
							"pivot": [-1.16789, 7.20797, -3.28522],
							"rotation": [45, 0, 0],
							"uv": {
								"north": {"uv": [79, 57], "uv_size": [0.5, 0.5]},
								"east": {"uv": [58, 79], "uv_size": [0.5, 0.5]},
								"south": {"uv": [79, 58], "uv_size": [0.5, 0.5]},
								"west": {"uv": [59, 79], "uv_size": [0.5, 0.5]},
								"up": {"uv": [79, 59], "uv_size": [0.5, 0.5]},
								"down": {"uv": [60, 79.5], "uv_size": [0.5, -0.5]}
							}
						},
						{
							"origin": [-1.2385, 7.4014, -4.69915],
							"size": [0.125, 0.0625, 0.15625],
							"pivot": [-1.16789, 7.38578, -4.62103],
							"rotation": [45, 0, 0],
							"uv": {
								"north": {"uv": [79, 60], "uv_size": [0.5, 0.5]},
								"east": {"uv": [61, 79], "uv_size": [0.5, 0.5]},
								"south": {"uv": [79, 61], "uv_size": [0.5, 0.5]},
								"west": {"uv": [62, 79], "uv_size": [0.5, 0.5]},
								"up": {"uv": [79, 62], "uv_size": [0.5, 0.5]},
								"down": {"uv": [63, 79.5], "uv_size": [0.5, -0.5]}
							}
						},
						{
							"origin": [-1.2385, 7.12985, -4.69915],
							"size": [0.125, 0.0625, 0.15625],
							"pivot": [-1.16789, 7.20797, -4.62103],
							"rotation": [-45, 0, 0],
							"uv": {
								"north": {"uv": [79, 63], "uv_size": [0.5, 0.5]},
								"east": {"uv": [64, 79], "uv_size": [0.5, 0.5]},
								"south": {"uv": [79, 64], "uv_size": [0.5, 0.5]},
								"west": {"uv": [65, 79], "uv_size": [0.5, 0.5]},
								"up": {"uv": [79, 65], "uv_size": [0.5, 0.5]},
								"down": {"uv": [66, 79.5], "uv_size": [0.5, -0.5]}
							}
						},
						{
							"origin": [-1.2385, 7.4014, -6.6054],
							"size": [0.125, 0.0625, 0.15625],
							"pivot": [-1.16789, 7.38578, -6.52728],
							"rotation": [45, 0, 0],
							"uv": {
								"north": {"uv": [79, 66], "uv_size": [0.5, 0.5]},
								"east": {"uv": [67, 79], "uv_size": [0.5, 0.5]},
								"south": {"uv": [79, 67], "uv_size": [0.5, 0.5]},
								"west": {"uv": [68, 79], "uv_size": [0.5, 0.5]},
								"up": {"uv": [79, 68], "uv_size": [0.5, 0.5]},
								"down": {"uv": [69, 79.5], "uv_size": [0.5, -0.5]}
							}
						},
						{
							"origin": [-1.2385, 7.4014, -5.2696],
							"size": [0.125, 0.0625, 0.15625],
							"pivot": [-1.16789, 7.38578, -5.19147],
							"rotation": [-45, 0, 0],
							"uv": {
								"north": {"uv": [79, 69], "uv_size": [0.5, 0.5]},
								"east": {"uv": [70, 79], "uv_size": [0.5, 0.5]},
								"south": {"uv": [79, 70], "uv_size": [0.5, 0.5]},
								"west": {"uv": [71, 79], "uv_size": [0.5, 0.5]},
								"up": {"uv": [79, 71], "uv_size": [0.5, 0.5]},
								"down": {"uv": [72, 79.5], "uv_size": [0.5, -0.5]}
							}
						},
						{
							"origin": [-1.2385, 7.12985, -5.2696],
							"size": [0.125, 0.0625, 0.15625],
							"pivot": [-1.16789, 7.20797, -5.19147],
							"rotation": [45, 0, 0],
							"uv": {
								"north": {"uv": [79, 72], "uv_size": [0.5, 0.5]},
								"east": {"uv": [73, 79], "uv_size": [0.5, 0.5]},
								"south": {"uv": [79, 73], "uv_size": [0.5, 0.5]},
								"west": {"uv": [74, 79], "uv_size": [0.5, 0.5]},
								"up": {"uv": [79, 74], "uv_size": [0.5, 0.5]},
								"down": {"uv": [75, 79.5], "uv_size": [0.5, -0.5]}
							}
						},
						{
							"origin": [-1.2385, 7.12985, -6.6054],
							"size": [0.125, 0.0625, 0.15625],
							"pivot": [-1.16789, 7.20797, -6.52728],
							"rotation": [-45, 0, 0],
							"uv": {
								"north": {"uv": [79, 75], "uv_size": [0.5, 0.5]},
								"east": {"uv": [76, 79], "uv_size": [0.5, 0.5]},
								"south": {"uv": [79, 76], "uv_size": [0.5, 0.5]},
								"west": {"uv": [77, 79], "uv_size": [0.5, 0.5]},
								"up": {"uv": [79, 77], "uv_size": [0.5, 0.5]},
								"down": {"uv": [78, 79.5], "uv_size": [0.5, -0.5]}
							}
						},
						{
							"origin": [1.11336, 7.1514, -3.23835],
							"size": [0.125, 0.28125, 0.46875],
							"uv": {
								"north": {"uv": [79, 78], "uv_size": [0.5, 0.5]},
								"east": {"uv": [79, 79], "uv_size": [0.5, 0.5]},
								"south": {"uv": [0, 80], "uv_size": [0.5, 0.5]},
								"west": {"uv": [80, 0], "uv_size": [0.5, 0.5]},
								"up": {"uv": [1, 80], "uv_size": [0.5, 0.5]},
								"down": {"uv": [80, 1.5], "uv_size": [0.5, -0.5]}
							}
						},
						{
							"origin": [1.11336, 7.1514, -5.1446],
							"size": [0.125, 0.28125, 0.46875],
							"uv": {
								"north": {"uv": [2, 80], "uv_size": [0.5, 0.5]},
								"east": {"uv": [80, 2], "uv_size": [0.5, 0.5]},
								"south": {"uv": [3, 80], "uv_size": [0.5, 0.5]},
								"west": {"uv": [80, 3], "uv_size": [0.5, 0.5]},
								"up": {"uv": [4, 80], "uv_size": [0.5, 0.5]},
								"down": {"uv": [80, 4.5], "uv_size": [0.5, -0.5]}
							}
						},
						{
							"origin": [1.11336, 7.1514, -7.0821],
							"size": [0.125, 0.28125, 0.5],
							"uv": {
								"north": {"uv": [5, 80], "uv_size": [0.5, 0.5]},
								"east": {"uv": [80, 5], "uv_size": [0.5, 0.5]},
								"south": {"uv": [6, 80], "uv_size": [0.5, 0.5]},
								"west": {"uv": [80, 6], "uv_size": [0.5, 0.5]},
								"up": {"uv": [7, 80], "uv_size": [0.5, 0.5]},
								"down": {"uv": [80, 7.5], "uv_size": [0.5, -0.5]}
							}
						},
						{
							"origin": [1.11336, 5.8389, -7.0821],
							"size": [0.125, 1.3125, 6.3125],
							"uv": {
								"north": {"uv": [62, 64], "uv_size": [0.5, 1.5]},
								"east": {"uv": [24, 17], "uv_size": [6.5, 1.5]},
								"south": {"uv": [63, 64], "uv_size": [0.5, 1.5]},
								"west": {"uv": [24, 19], "uv_size": [6.5, 1.5]},
								"up": {"uv": [32, 42], "uv_size": [0.5, 6.5]},
								"down": {"uv": [33, 48.5], "uv_size": [0.5, -6.5]}
							}
						},
						{
							"origin": [1.11336, 7.43265, -7.0821],
							"size": [0.125, 0.59375, 6.3125],
							"uv": {
								"north": {"uv": [8, 80], "uv_size": [0.5, 0.5]},
								"east": {"uv": [42, 18], "uv_size": [6.5, 0.5]},
								"south": {"uv": [80, 8], "uv_size": [0.5, 0.5]},
								"west": {"uv": [42, 19], "uv_size": [6.5, 0.5]},
								"up": {"uv": [34, 42], "uv_size": [0.5, 6.5]},
								"down": {"uv": [35, 48.5], "uv_size": [0.5, -6.5]}
							}
						},
						{
							"origin": [1.11336, 5.8389, -7.7071],
							"size": [0.125, 2.1875, 0.625],
							"uv": {
								"north": {"uv": [60, 49], "uv_size": [0.5, 2]},
								"east": {"uv": [50, 60], "uv_size": [0.5, 2]},
								"south": {"uv": [51, 60], "uv_size": [0.5, 2]},
								"west": {"uv": [60, 51], "uv_size": [0.5, 2]},
								"up": {"uv": [9, 80], "uv_size": [0.5, 0.5]},
								"down": {"uv": [80, 9.5], "uv_size": [0.5, -0.5]}
							}
						},
						{
							"origin": [-1.23836, 7.1514, -3.23835],
							"size": [0.125, 0.28125, 0.46875],
							"uv": {
								"north": {"uv": [10, 80], "uv_size": [0.5, 0.5]},
								"east": {"uv": [80, 10], "uv_size": [0.5, 0.5]},
								"south": {"uv": [11, 80], "uv_size": [0.5, 0.5]},
								"west": {"uv": [80, 11], "uv_size": [0.5, 0.5]},
								"up": {"uv": [12, 80], "uv_size": [0.5, 0.5]},
								"down": {"uv": [80, 12.5], "uv_size": [0.5, -0.5]}
							}
						},
						{
							"origin": [-1.23836, 7.1514, -1.3321],
							"size": [0.125, 0.28125, 0.5625],
							"uv": {
								"north": {"uv": [13, 80], "uv_size": [0.5, 0.5]},
								"east": {"uv": [80, 13], "uv_size": [0.5, 0.5]},
								"south": {"uv": [14, 80], "uv_size": [0.5, 0.5]},
								"west": {"uv": [80, 14], "uv_size": [0.5, 0.5]},
								"up": {"uv": [15, 80], "uv_size": [0.5, 0.5]},
								"down": {"uv": [80, 15.5], "uv_size": [0.5, -0.5]}
							}
						},
						{
							"origin": [-1.23836, 7.1514, -5.1446],
							"size": [0.125, 0.28125, 0.46875],
							"uv": {
								"north": {"uv": [16, 80], "uv_size": [0.5, 0.5]},
								"east": {"uv": [80, 16], "uv_size": [0.5, 0.5]},
								"south": {"uv": [17, 80], "uv_size": [0.5, 0.5]},
								"west": {"uv": [80, 17], "uv_size": [0.5, 0.5]},
								"up": {"uv": [18, 80], "uv_size": [0.5, 0.5]},
								"down": {"uv": [80, 18.5], "uv_size": [0.5, -0.5]}
							}
						},
						{
							"origin": [-1.23836, 7.1514, -7.0821],
							"size": [0.125, 0.28125, 0.5],
							"uv": {
								"north": {"uv": [19, 80], "uv_size": [0.5, 0.5]},
								"east": {"uv": [80, 19], "uv_size": [0.5, 0.5]},
								"south": {"uv": [20, 80], "uv_size": [0.5, 0.5]},
								"west": {"uv": [80, 20], "uv_size": [0.5, 0.5]},
								"up": {"uv": [21, 80], "uv_size": [0.5, 0.5]},
								"down": {"uv": [80, 21.5], "uv_size": [0.5, -0.5]}
							}
						},
						{
							"origin": [-0.53125, 8.72813, -5.875],
							"size": [1.0625, 0.28125, 0.28125],
							"uv": {
								"north": {"uv": [53, 70], "uv_size": [1, 0.5]},
								"east": {"uv": [22, 80], "uv_size": [0.5, 0.5]},
								"south": {"uv": [70, 53], "uv_size": [1, 0.5]},
								"west": {"uv": [80, 22], "uv_size": [0.5, 0.5]},
								"up": {"uv": [54, 70], "uv_size": [1, 0.5]},
								"down": {"uv": [70, 54.5], "uv_size": [1, -0.5]}
							}
						},
						{
							"origin": [-0.53125, 8.8983, -6.32554],
							"size": [1.0625, 0.1875, 0.8125],
							"pivot": [0, 8.99205, -5.77866],
							"rotation": [37.5, 0, 0],
							"uv": {
								"north": {"uv": [55, 70], "uv_size": [1, 0.5]},
								"east": {"uv": [70, 55], "uv_size": [1, 0.5]},
								"south": {"uv": [56, 70], "uv_size": [1, 0.5]},
								"west": {"uv": [70, 56], "uv_size": [1, 0.5]},
								"up": {"uv": [52, 60], "uv_size": [1, 1]},
								"down": {"uv": [60, 54], "uv_size": [1, -1]}
							}
						},
						{
							"origin": [-0.53125, 8.72813, -5.96875],
							"size": [1.0625, 0.09375, 0.09375],
							"uv": {
								"north": {"uv": [57, 70], "uv_size": [1, 0.5]},
								"east": {"uv": [23, 80], "uv_size": [0.5, 0.5]},
								"south": {"uv": [70, 57], "uv_size": [1, 0.5]},
								"west": {"uv": [80, 23], "uv_size": [0.5, 0.5]},
								"up": {"uv": [58, 70], "uv_size": [1, 0.5]},
								"down": {"uv": [70, 58.5], "uv_size": [1, -0.5]}
							}
						},
						{
							"origin": [-1.23814, 5.8389, -0.7696],
							"size": [2.4765, 2.1875, 1.03125],
							"uv": {
								"north": {"uv": [11, 33], "uv_size": [2.5, 2]},
								"east": {"uv": [9, 53], "uv_size": [1, 2]},
								"south": {"uv": [0, 35], "uv_size": [2.5, 2]},
								"west": {"uv": [53, 9], "uv_size": [1, 2]},
								"up": {"uv": [51, 7], "uv_size": [2.5, 1]},
								"down": {"uv": [51, 9], "uv_size": [2.5, -1]}
							}
						}
					]
				},
				{
					"name": "bone3",
					"parent": "SDtaojian",
					"pivot": [0.64678, 8.28589, 0.18391],
					"rotation": [0, 0, -22.5],
					"cubes": [
						{
							"origin": [0.55522, 7.7126, -0.11335],
							"size": [0.125, 1.25, 0.375],
							"pivot": [0.61772, 8.80635, -2.55085],
							"rotation": [0, 0, -22.5],
							"uv": {
								"north": {"uv": [64, 64], "uv_size": [0.5, 1.5]},
								"east": {"uv": [0, 65], "uv_size": [0.5, 1.5]},
								"south": {"uv": [65, 0], "uv_size": [0.5, 1.5]},
								"west": {"uv": [1, 65], "uv_size": [0.5, 1.5]},
								"up": {"uv": [24, 80], "uv_size": [0.5, 0.5]},
								"down": {"uv": [80, 24.5], "uv_size": [0.5, -0.5]}
							}
						},
						{
							"origin": [0.68066, 8.17538, -0.02319],
							"size": [0.125, 0.28125, 1.25],
							"pivot": [0.74316, 8.50351, 0.19556],
							"rotation": [42.5, 0, -22.5],
							"uv": {
								"north": {"uv": [25, 80], "uv_size": [0.5, 0.5]},
								"east": {"uv": [64, 62], "uv_size": [1.5, 0.5]},
								"south": {"uv": [80, 25], "uv_size": [0.5, 0.5]},
								"west": {"uv": [2, 65], "uv_size": [1.5, 0.5]},
								"up": {"uv": [65, 2], "uv_size": [0.5, 1.5]},
								"down": {"uv": [4, 66.5], "uv_size": [0.5, -1.5]}
							}
						},
						{
							"origin": [0.68066, 8.45663, 0.22681],
							"size": [0.125, 0.28125, 0.6875],
							"pivot": [0.74316, 8.50351, 0.19556],
							"rotation": [42.5, 0, -22.5],
							"uv": {
								"north": {"uv": [26, 80], "uv_size": [0.5, 0.5]},
								"east": {"uv": [80, 26], "uv_size": [0.5, 0.5]},
								"south": {"uv": [27, 80], "uv_size": [0.5, 0.5]},
								"west": {"uv": [80, 27], "uv_size": [0.5, 0.5]},
								"up": {"uv": [28, 80], "uv_size": [0.5, 0.5]},
								"down": {"uv": [80, 28.5], "uv_size": [0.5, -0.5]}
							}
						},
						{
							"origin": [0.68066, 8.73788, 0.47681],
							"size": [0.125, 0.25, 0.15625],
							"pivot": [0.74316, 8.50351, 0.19556],
							"rotation": [42.5, 0, -22.5],
							"uv": {
								"north": {"uv": [29, 80], "uv_size": [0.5, 0.5]},
								"east": {"uv": [80, 29], "uv_size": [0.5, 0.5]},
								"south": {"uv": [30, 80], "uv_size": [0.5, 0.5]},
								"west": {"uv": [80, 30], "uv_size": [0.5, 0.5]},
								"up": {"uv": [31, 80], "uv_size": [0.5, 0.5]},
								"down": {"uv": [80, 31.5], "uv_size": [0.5, -0.5]}
							}
						},
						{
							"origin": [-0.25684, 7.89413, -0.27319],
							"size": [1.0625, 0.28125, 1.8125],
							"pivot": [0.74316, 8.50351, 0.19556],
							"rotation": [42.5, 0, -22.5],
							"uv": {
								"north": {"uv": [59, 70], "uv_size": [1, 0.5]},
								"east": {"uv": [60, 54], "uv_size": [2, 0.5]},
								"south": {"uv": [70, 59], "uv_size": [1, 0.5]},
								"west": {"uv": [60, 55], "uv_size": [2, 0.5]},
								"up": {"uv": [10, 53], "uv_size": [1, 2]},
								"down": {"uv": [11, 55], "uv_size": [1, -2]}
							}
						}
					]
				},
				{
					"name": "bone4",
					"parent": "SDtaojian",
					"pivot": [-0.64678, 8.28589, 0.18391],
					"rotation": [0, 0, 22.5],
					"cubes": [
						{
							"origin": [-0.68022, 7.7126, -0.11335],
							"size": [0.125, 1.25, 0.375],
							"pivot": [-0.61772, 8.80635, -2.55085],
							"rotation": [0, 0, 22.5],
							"uv": {
								"north": {"uv": [5, 65], "uv_size": [0.5, 1.5]},
								"east": {"uv": [6, 65], "uv_size": [0.5, 1.5]},
								"south": {"uv": [65, 6], "uv_size": [0.5, 1.5]},
								"west": {"uv": [7, 65], "uv_size": [0.5, 1.5]},
								"up": {"uv": [32, 80], "uv_size": [0.5, 0.5]},
								"down": {"uv": [80, 32.5], "uv_size": [0.5, -0.5]}
							}
						},
						{
							"origin": [-0.80566, 8.17538, -0.02319],
							"size": [0.125, 0.28125, 1.25],
							"pivot": [-0.74316, 8.50351, 0.19556],
							"rotation": [42.5, 0, 22.5],
							"uv": {
								"north": {"uv": [33, 80], "uv_size": [0.5, 0.5]},
								"east": {"uv": [8, 65], "uv_size": [1.5, 0.5]},
								"south": {"uv": [80, 33], "uv_size": [0.5, 0.5]},
								"west": {"uv": [65, 9], "uv_size": [1.5, 0.5]},
								"up": {"uv": [10, 65], "uv_size": [0.5, 1.5]},
								"down": {"uv": [11, 66.5], "uv_size": [0.5, -1.5]}
							}
						},
						{
							"origin": [-0.80566, 8.45663, 0.22681],
							"size": [0.125, 0.28125, 0.6875],
							"pivot": [-0.74316, 8.50351, 0.19556],
							"rotation": [42.5, 0, 22.5],
							"uv": {
								"north": {"uv": [34, 80], "uv_size": [0.5, 0.5]},
								"east": {"uv": [80, 34], "uv_size": [0.5, 0.5]},
								"south": {"uv": [35, 80], "uv_size": [0.5, 0.5]},
								"west": {"uv": [80, 35], "uv_size": [0.5, 0.5]},
								"up": {"uv": [36, 80], "uv_size": [0.5, 0.5]},
								"down": {"uv": [80, 36.5], "uv_size": [0.5, -0.5]}
							}
						},
						{
							"origin": [-0.80566, 8.73788, 0.47681],
							"size": [0.125, 0.25, 0.15625],
							"pivot": [-0.74316, 8.50351, 0.19556],
							"rotation": [42.5, 0, 22.5],
							"uv": {
								"north": {"uv": [37, 80], "uv_size": [0.5, 0.5]},
								"east": {"uv": [80, 37], "uv_size": [0.5, 0.5]},
								"south": {"uv": [38, 80], "uv_size": [0.5, 0.5]},
								"west": {"uv": [80, 38], "uv_size": [0.5, 0.5]},
								"up": {"uv": [39, 80], "uv_size": [0.5, 0.5]},
								"down": {"uv": [80, 39.5], "uv_size": [0.5, -0.5]}
							}
						},
						{
							"origin": [-0.80566, 7.89413, -0.27319],
							"size": [1.0625, 0.28125, 1.8125],
							"pivot": [-0.74316, 8.50351, 0.19556],
							"rotation": [42.5, 0, 22.5],
							"uv": {
								"north": {"uv": [60, 70], "uv_size": [1, 0.5]},
								"east": {"uv": [56, 60], "uv_size": [2, 0.5]},
								"south": {"uv": [70, 60], "uv_size": [1, 0.5]},
								"west": {"uv": [60, 57], "uv_size": [2, 0.5]},
								"up": {"uv": [53, 11], "uv_size": [1, 2]},
								"down": {"uv": [12, 55], "uv_size": [1, -2]}
							}
						}
					]
				}
			]
		}
	]
}