{
	"format_version": "1.12.0",
	"minecraft:geometry": [
		{
			"description": {
				"identifier": "geometry.unknown",
				"texture_width": 128,
				"texture_height": 128,
				"visible_bounds_width": 3,
				"visible_bounds_height": 2.5,
				"visible_bounds_offset": [0, 0.75, 0]
			},
			"bones": [
				{
					"name": "qiangtuo",
					"pivot": [0.00001, -1.43005, 4.68054],
					"cubes": [
						{
							"origin": [-0.40625, 0.46875, 0],
							"size": [0.8125, 0.34375, 6.9375],
							"uv": {
								"north": {"uv": [4, 82], "uv_size": [0.75, 0.25]},
								"east": {"uv": [59, 40], "uv_size": [7, 0.25]},
								"south": {"uv": [82, 4], "uv_size": [0.75, 0.25]},
								"west": {"uv": [59, 42], "uv_size": [7, 0.25]},
								"up": {"uv": [24, 32], "uv_size": [0.75, 7]},
								"down": {"uv": [7, 40], "uv_size": [0.75, -7]}
							}
						},
						{
							"origin": [-0.1875, -1.6875, 0.3125],
							"size": [0.375, 0.5625, 6.625],
							"uv": {
								"north": {"uv": [41, 78], "uv_size": [0.5, 0.5]},
								"east": {"uv": [42, 14], "uv_size": [6.75, 0.5]},
								"south": {"uv": [78, 41], "uv_size": [0.5, 0.5]},
								"west": {"uv": [42, 15], "uv_size": [6.75, 0.5]},
								"up": {"uv": [1, 41], "uv_size": [0.5, 6.75]},
								"down": {"uv": [16, 47.75], "uv_size": [0.5, -6.75]}
							}
						},
						{
							"origin": [-0.1875, -1.875, 1.09375],
							"size": [0.375, 0.59375, 4.65625],
							"pivot": [0, -1.79687, 3.39063],
							"rotation": [-10, 0, 0],
							"uv": {
								"north": {"uv": [42, 78], "uv_size": [0.5, 0.5]},
								"east": {"uv": [54, 35], "uv_size": [4.75, 0.5]},
								"south": {"uv": [78, 42], "uv_size": [0.5, 0.5]},
								"west": {"uv": [54, 40], "uv_size": [4.75, 0.5]},
								"up": {"uv": [55, 55], "uv_size": [0.5, 4.75]},
								"down": {"uv": [3, 60.75], "uv_size": [0.5, -4.75]}
							}
						},
						{
							"origin": [-0.1875, -2.09375, 5.21875],
							"size": [0.375, 0.21875, 0.5625],
							"pivot": [0, -1.79687, 3.39063],
							"rotation": [-10, 0, 0],
							"uv": {
								"north": {"uv": [85, 56], "uv_size": [0.5, 0.25]},
								"east": {"uv": [57, 85], "uv_size": [0.5, 0.25]},
								"south": {"uv": [85, 57], "uv_size": [0.5, 0.25]},
								"west": {"uv": [58, 85], "uv_size": [0.5, 0.25]},
								"up": {"uv": [43, 78], "uv_size": [0.5, 0.5]},
								"down": {"uv": [78, 43.5], "uv_size": [0.5, -0.5]}
							}
						},
						{
							"origin": [-0.1875, -2.09375, 1.15625],
							"size": [0.375, 0.21875, 2.75],
							"pivot": [0, -1.79687, 3.39063],
							"rotation": [-10, 0, 0],
							"uv": {
								"north": {"uv": [85, 58], "uv_size": [0.5, 0.25]},
								"east": {"uv": [69, 62], "uv_size": [2.75, 0.25]},
								"south": {"uv": [59, 85], "uv_size": [0.5, 0.25]},
								"west": {"uv": [69, 63], "uv_size": [2.75, 0.25]},
								"up": {"uv": [10, 61], "uv_size": [0.5, 2.75]},
								"down": {"uv": [61, 14.75], "uv_size": [0.5, -2.75]}
							}
						},
						{
							"origin": [-0.1875, -3.09375, 5.6875],
							"size": [0.375, 1.40625, 0.59375],
							"uv": {
								"north": {"uv": [69, 23], "uv_size": [0.5, 1.5]},
								"east": {"uv": [24, 69], "uv_size": [0.5, 1.5]},
								"south": {"uv": [25, 69], "uv_size": [0.5, 1.5]},
								"west": {"uv": [69, 25], "uv_size": [0.5, 1.5]},
								"up": {"uv": [44, 78], "uv_size": [0.5, 0.5]},
								"down": {"uv": [78, 44.5], "uv_size": [0.5, -0.5]}
							}
						},
						{
							"origin": [-0.1875, -4.03125, 6.28125],
							"size": [0.375, 1.625, 0.34375],
							"uv": {
								"north": {"uv": [15, 67], "uv_size": [0.5, 1.75]},
								"east": {"uv": [61, 73], "uv_size": [0.25, 1.75]},
								"south": {"uv": [16, 67], "uv_size": [0.5, 1.75]},
								"west": {"uv": [73, 62], "uv_size": [0.25, 1.75]},
								"up": {"uv": [85, 59], "uv_size": [0.5, 0.25]},
								"down": {"uv": [60, 85.25], "uv_size": [0.5, -0.25]}
							}
						},
						{
							"origin": [-0.1875, -2.0625, 6.28125],
							"size": [0.375, 0.375, 0.34375],
							"uv": {
								"north": {"uv": [45, 78], "uv_size": [0.5, 0.5]},
								"east": {"uv": [85, 60], "uv_size": [0.25, 0.5]},
								"south": {"uv": [78, 45], "uv_size": [0.5, 0.5]},
								"west": {"uv": [61, 85], "uv_size": [0.25, 0.5]},
								"up": {"uv": [85, 61], "uv_size": [0.5, 0.25]},
								"down": {"uv": [62, 85.25], "uv_size": [0.5, -0.25]}
							}
						},
						{
							"origin": [-0.1875, -3.53125, 5.96875],
							"size": [0.375, 0.4375, 0.3125],
							"uv": {
								"north": {"uv": [46, 78], "uv_size": [0.5, 0.5]},
								"east": {"uv": [85, 62], "uv_size": [0.25, 0.5]},
								"south": {"uv": [78, 46], "uv_size": [0.5, 0.5]},
								"west": {"uv": [63, 85], "uv_size": [0.25, 0.5]},
								"up": {"uv": [85, 63], "uv_size": [0.5, 0.25]},
								"down": {"uv": [64, 85.25], "uv_size": [0.5, -0.25]}
							}
						},
						{
							"origin": [-0.1875, -3.8125, 6.625],
							"size": [0.375, 2.125, 0.3125],
							"uv": {
								"north": {"uv": [61, 62], "uv_size": [0.5, 2.25]},
								"east": {"uv": [24, 72], "uv_size": [0.25, 2.25]},
								"south": {"uv": [62, 62], "uv_size": [0.5, 2.25]},
								"west": {"uv": [72, 24], "uv_size": [0.25, 2.25]},
								"up": {"uv": [85, 64], "uv_size": [0.5, 0.25]},
								"down": {"uv": [65, 85.25], "uv_size": [0.5, -0.25]}
							}
						},
						{
							"origin": [0.11095, 0.21369, 0],
							"size": [0.4375, 0.34375, 6.9375],
							"pivot": [0.5172, 0.38557, 2.3125],
							"rotation": [0, 0, 52.5],
							"uv": {
								"north": {"uv": [85, 65], "uv_size": [0.5, 0.25]},
								"east": {"uv": [59, 43], "uv_size": [7, 0.25]},
								"south": {"uv": [66, 85], "uv_size": [0.5, 0.25]},
								"west": {"uv": [59, 44], "uv_size": [7, 0.25]},
								"up": {"uv": [28, 40], "uv_size": [0.5, 7]},
								"down": {"uv": [29, 47], "uv_size": [0.5, -7]}
							}
						},
						{
							"origin": [0.26301, -0.14757, 0],
							"size": [0.78125, 0.34375, 6.9375],
							"pivot": [0.66926, 0.02431, 2.3125],
							"rotation": [0, 0, 67.5],
							"uv": {
								"north": {"uv": [5, 82], "uv_size": [0.75, 0.25]},
								"east": {"uv": [59, 45], "uv_size": [7, 0.25]},
								"south": {"uv": [82, 5], "uv_size": [0.75, 0.25]},
								"west": {"uv": [58, 59], "uv_size": [7, 0.25]},
								"up": {"uv": [8, 33], "uv_size": [0.75, 7]},
								"down": {"uv": [18, 40], "uv_size": [0.75, -7]}
							}
						},
						{
							"origin": [-0.54845, 0.21369, 0],
							"size": [0.4375, 0.34375, 6.9375],
							"pivot": [-0.5172, 0.38557, 2.3125],
							"rotation": [0, 0, -52.5],
							"uv": {
								"north": {"uv": [85, 66], "uv_size": [0.5, 0.25]},
								"east": {"uv": [60, 0], "uv_size": [7, 0.25]},
								"south": {"uv": [67, 85], "uv_size": [0.5, 0.25]},
								"west": {"uv": [60, 3], "uv_size": [7, 0.25]},
								"up": {"uv": [30, 40], "uv_size": [0.5, 7]},
								"down": {"uv": [0, 48], "uv_size": [0.5, -7]}
							}
						},
						{
							"origin": [-1.04426, -0.14757, 0],
							"size": [0.78125, 0.34375, 6.9375],
							"pivot": [-0.66926, 0.02431, 2.3125],
							"rotation": [0, 0, -67.5],
							"uv": {
								"north": {"uv": [6, 82], "uv_size": [0.75, 0.25]},
								"east": {"uv": [60, 4], "uv_size": [7, 0.25]},
								"south": {"uv": [82, 6], "uv_size": [0.75, 0.25]},
								"west": {"uv": [60, 5], "uv_size": [7, 0.25]},
								"up": {"uv": [19, 33], "uv_size": [0.75, 7]},
								"down": {"uv": [30, 40], "uv_size": [0.75, -7]}
							}
						},
						{
							"origin": [-0.97145, -0.69388, 0],
							"size": [1.943, 0.4375, 6.9375],
							"uv": {
								"north": {"uv": [63, 22], "uv_size": [2, 0.5]},
								"east": {"uv": [41, 5], "uv_size": [7, 0.5]},
								"south": {"uv": [63, 46], "uv_size": [2, 0.5]},
								"west": {"uv": [41, 9], "uv_size": [7, 0.5]},
								"up": {"uv": [6, 4], "uv_size": [2, 7]},
								"down": {"uv": [8, 11], "uv_size": [2, -7]}
							}
						},
						{
							"origin": [-0.92734, -0.96674, 0],
							"size": [0.97425, 0.4375, 6.9375],
							"pivot": [-0.44021, -0.74799, 3.46875],
							"rotation": [0, 0, 30],
							"uv": {
								"north": {"uv": [73, 0], "uv_size": [1, 0.5]},
								"east": {"uv": [41, 10], "uv_size": [7, 0.5]},
								"south": {"uv": [1, 73], "uv_size": [1, 0.5]},
								"west": {"uv": [39, 41], "uv_size": [7, 0.5]},
								"up": {"uv": [14, 29], "uv_size": [1, 7]},
								"down": {"uv": [15, 36], "uv_size": [1, -7]}
							}
						},
						{
							"origin": [-0.04691, -0.96674, 0],
							"size": [0.97425, 0.4375, 6.9375],
							"pivot": [0.44021, -0.74799, 3.46875],
							"rotation": [0, 0, -30],
							"uv": {
								"north": {"uv": [73, 1], "uv_size": [1, 0.5]},
								"east": {"uv": [42, 12], "uv_size": [7, 0.5]},
								"south": {"uv": [2, 73], "uv_size": [1, 0.5]},
								"west": {"uv": [42, 13], "uv_size": [7, 0.5]},
								"up": {"uv": [28, 29], "uv_size": [1, 7]},
								"down": {"uv": [29, 36], "uv_size": [1, -7]}
							}
						},
						{
							"origin": [-0.84375, -1.28125, 6.6875],
							"size": [1.6875, 0.875, 0.5625],
							"pivot": [0, -0.95312, 6.71875],
							"rotation": [60, 0, 0],
							"uv": {
								"north": {"uv": [50, 59], "uv_size": [1.75, 1]},
								"east": {"uv": [73, 2], "uv_size": [0.5, 1]},
								"south": {"uv": [52, 59], "uv_size": [1.75, 1]},
								"west": {"uv": [3, 73], "uv_size": [0.5, 1]},
								"up": {"uv": [67, 8], "uv_size": [1.75, 0.5]},
								"down": {"uv": [67, 16.5], "uv_size": [1.75, -0.5]}
							}
						},
						{
							"origin": [-0.5, -1.1875, 0],
							"size": [1, 0.3125, 0.40625],
							"uv": {
								"north": {"uv": [47, 78], "uv_size": [1, 0.25]},
								"east": {"uv": [85, 67], "uv_size": [0.5, 0.25]},
								"south": {"uv": [78, 47], "uv_size": [1, 0.25]},
								"west": {"uv": [68, 85], "uv_size": [0.5, 0.25]},
								"up": {"uv": [73, 3], "uv_size": [1, 0.5]},
								"down": {"uv": [4, 73.5], "uv_size": [1, -0.5]}
							}
						},
						{
							"origin": [-0.5, -1.82323, 0.14522],
							"size": [1, 0.75, 0.34375],
							"pivot": [0, -1.40135, 0.28585],
							"rotation": [30, 0, 0],
							"uv": {
								"north": {"uv": [26, 69], "uv_size": [1, 0.75]},
								"east": {"uv": [7, 82], "uv_size": [0.25, 0.75]},
								"south": {"uv": [27, 69], "uv_size": [1, 0.75]},
								"west": {"uv": [82, 7], "uv_size": [0.25, 0.75]},
								"up": {"uv": [48, 78], "uv_size": [1, 0.25]},
								"down": {"uv": [78, 48.25], "uv_size": [1, -0.25]}
							}
						},
						{
							"origin": [-0.5, -4.23308, 5.53393],
							"size": [1, 1.6875, 0.34375],
							"pivot": [0, -2.8737, 5.67456],
							"rotation": [30, 0, 0],
							"uv": {
								"north": {"uv": [36, 59], "uv_size": [1, 1.75]},
								"east": {"uv": [63, 73], "uv_size": [0.25, 1.75]},
								"south": {"uv": [54, 59], "uv_size": [1, 1.75]},
								"west": {"uv": [73, 64], "uv_size": [0.25, 1.75]},
								"up": {"uv": [49, 78], "uv_size": [1, 0.25]},
								"down": {"uv": [78, 49.25], "uv_size": [1, -0.25]}
							}
						},
						{
							"origin": [-0.5, -4.12127, 6.23246],
							"size": [1, 0.3125, 0.53125],
							"uv": {
								"north": {"uv": [50, 78], "uv_size": [1, 0.25]},
								"east": {"uv": [85, 68], "uv_size": [0.5, 0.25]},
								"south": {"uv": [78, 50], "uv_size": [1, 0.25]},
								"west": {"uv": [69, 85], "uv_size": [0.5, 0.25]},
								"up": {"uv": [73, 4], "uv_size": [1, 0.5]},
								"down": {"uv": [5, 73.5], "uv_size": [1, -0.5]}
							}
						},
						{
							"origin": [-0.5, -6.83268, 0.63358],
							"size": [1, 5.34375, 0.28125],
							"pivot": [0, -1.81706, 0.71171],
							"rotation": [80, 0, 0],
							"uv": {
								"north": {"uv": [31, 33], "uv_size": [1, 5.25]},
								"east": {"uv": [55, 61], "uv_size": [0.25, 5.25]},
								"south": {"uv": [33, 31], "uv_size": [1, 5.25]},
								"west": {"uv": [56, 61], "uv_size": [0.25, 5.25]},
								"up": {"uv": [51, 78], "uv_size": [1, 0.25]},
								"down": {"uv": [78, 51.25], "uv_size": [1, -0.25]}
							}
						},
						{
							"origin": [-0.79088, -3.09604, 6.9375],
							"size": [1.582, 2.875, 0.1875],
							"uv": {
								"north": {"uv": [34, 34], "uv_size": [1.5, 3]},
								"east": {"uv": [28, 69], "uv_size": [0.25, 3]},
								"south": {"uv": [35, 9], "uv_size": [1.5, 3]},
								"west": {"uv": [29, 69], "uv_size": [0.25, 3]},
								"up": {"uv": [75, 19], "uv_size": [1.5, 0.25]},
								"down": {"uv": [20, 75.25], "uv_size": [1.5, -0.25]}
							}
						},
						{
							"origin": [-0.57196, -4.20559, 6.79106],
							"size": [1.1445, 1.15625, 0.1875],
							"pivot": [-0.09346, -3.62747, 6.88481],
							"rotation": [-15, 0, 0],
							"uv": {
								"north": {"uv": [34, 60], "uv_size": [1.25, 1.25]},
								"east": {"uv": [0, 76], "uv_size": [0.25, 1.25]},
								"south": {"uv": [60, 36], "uv_size": [1.25, 1.25]},
								"west": {"uv": [1, 76], "uv_size": [0.25, 1.25]},
								"up": {"uv": [76, 1], "uv_size": [1.25, 0.25]},
								"down": {"uv": [2, 76.25], "uv_size": [1.25, -0.25]}
							}
						},
						{
							"origin": [-0.74262, -4.16069, 6.81147],
							"size": [0.457, 1.1875, 0.1875],
							"pivot": [-0.51412, -3.55132, 6.90522],
							"rotation": [-14.51082, -3.84097, -14.51082],
							"uv": {
								"north": {"uv": [61, 70], "uv_size": [0.5, 1.25]},
								"east": {"uv": [76, 2], "uv_size": [0.25, 1.25]},
								"south": {"uv": [70, 68], "uv_size": [0.5, 1.25]},
								"west": {"uv": [4, 76], "uv_size": [0.25, 1.25]},
								"up": {"uv": [85, 69], "uv_size": [0.5, 0.25]},
								"down": {"uv": [70, 85.25], "uv_size": [0.5, -0.25]}
							}
						},
						{
							"origin": [0.28562, -4.16069, 6.81147],
							"size": [0.457, 1.1875, 0.1875],
							"pivot": [0.51412, -3.55132, 6.90522],
							"rotation": [-14.51082, 3.84097, 14.51082],
							"uv": {
								"north": {"uv": [69, 70], "uv_size": [0.5, 1.25]},
								"east": {"uv": [76, 4], "uv_size": [0.25, 1.25]},
								"south": {"uv": [70, 70], "uv_size": [0.5, 1.25]},
								"west": {"uv": [5, 76], "uv_size": [0.25, 1.25]},
								"up": {"uv": [85, 70], "uv_size": [0.5, 0.25]},
								"down": {"uv": [71, 85.25], "uv_size": [0.5, -0.25]}
							}
						},
						{
							"origin": [0.74027, -3.09016, 6.9375],
							"size": [0.207, 2.875, 0.1875],
							"pivot": [0.84377, -1.65266, 7.03125],
							"rotation": [0, 0, 2.5],
							"uv": {
								"north": {"uv": [30, 69], "uv_size": [0.25, 3]},
								"east": {"uv": [34, 69], "uv_size": [0.25, 3]},
								"south": {"uv": [35, 69], "uv_size": [0.25, 3]},
								"west": {"uv": [36, 69], "uv_size": [0.25, 3]},
								"up": {"uv": [99, 12], "uv_size": [0.25, 0.25]},
								"down": {"uv": [13, 99.25], "uv_size": [0.25, -0.25]}
							}
						},
						{
							"origin": [-0.94727, -3.09016, 6.9375],
							"size": [0.207, 2.875, 0.1875],
							"pivot": [-0.84377, -1.65266, 7.03125],
							"rotation": [0, 0, -2.5],
							"uv": {
								"north": {"uv": [37, 69], "uv_size": [0.25, 3]},
								"east": {"uv": [69, 37], "uv_size": [0.25, 3]},
								"south": {"uv": [38, 69], "uv_size": [0.25, 3]},
								"west": {"uv": [39, 69], "uv_size": [0.25, 3]},
								"up": {"uv": [99, 13], "uv_size": [0.25, 0.25]},
								"down": {"uv": [14, 99.25], "uv_size": [0.25, -0.25]}
							}
						},
						{
							"origin": [-0.4375, -0.21875, 6.9375],
							"size": [0.875, 1.0625, 0.1875],
							"uv": {
								"north": {"uv": [45, 37], "uv_size": [1, 1]},
								"east": {"uv": [52, 78], "uv_size": [0.25, 1]},
								"south": {"uv": [53, 22], "uv_size": [1, 1]},
								"west": {"uv": [78, 52], "uv_size": [0.25, 1]},
								"up": {"uv": [53, 78], "uv_size": [1, 0.25]},
								"down": {"uv": [78, 53.25], "uv_size": [1, -0.25]}
							}
						},
						{
							"origin": [0.29997, 0.32831, 6.9375],
							"size": [0.3125, 0.46875, 0.1875],
							"pivot": [0.45622, 0.56269, 7.03125],
							"rotation": [0, 0, -37.5],
							"uv": {
								"north": {"uv": [85, 71], "uv_size": [0.25, 0.5]},
								"east": {"uv": [72, 85], "uv_size": [0.25, 0.5]},
								"south": {"uv": [85, 72], "uv_size": [0.25, 0.5]},
								"west": {"uv": [73, 85], "uv_size": [0.25, 0.5]},
								"up": {"uv": [99, 14], "uv_size": [0.25, 0.25]},
								"down": {"uv": [15, 99.25], "uv_size": [0.25, -0.25]}
							}
						},
						{
							"origin": [-0.82444, -0.32009, 6.9375],
							"size": [0.5625, 0.75, 0.1875],
							"pivot": [-0.66819, 0.19554, 7.03125],
							"rotation": [0, 0, 22.5],
							"uv": {
								"north": {"uv": [75, 20], "uv_size": [0.5, 0.75]},
								"east": {"uv": [8, 82], "uv_size": [0.25, 0.75]},
								"south": {"uv": [75, 21], "uv_size": [0.5, 0.75]},
								"west": {"uv": [82, 8], "uv_size": [0.25, 0.75]},
								"up": {"uv": [85, 73], "uv_size": [0.5, 0.25]},
								"down": {"uv": [74, 85.25], "uv_size": [0.5, -0.25]}
							}
						},
						{
							"origin": [-0.61247, 0.32831, 6.9375],
							"size": [0.3125, 0.46875, 0.1875],
							"pivot": [-0.45622, 0.56269, 7.03125],
							"rotation": [0, 0, 37.5],
							"uv": {
								"north": {"uv": [85, 74], "uv_size": [0.25, 0.5]},
								"east": {"uv": [75, 85], "uv_size": [0.25, 0.5]},
								"south": {"uv": [85, 75], "uv_size": [0.25, 0.5]},
								"west": {"uv": [76, 85], "uv_size": [0.25, 0.5]},
								"up": {"uv": [99, 15], "uv_size": [0.25, 0.25]},
								"down": {"uv": [16, 99.25], "uv_size": [0.25, -0.25]}
							}
						},
						{
							"origin": [0.26194, -0.32009, 6.9375],
							"size": [0.5625, 0.75, 0.1875],
							"pivot": [0.66819, 0.19554, 7.03125],
							"rotation": [0, 0, -22.5],
							"uv": {
								"north": {"uv": [22, 75], "uv_size": [0.5, 0.75]},
								"east": {"uv": [9, 82], "uv_size": [0.25, 0.75]},
								"south": {"uv": [75, 22], "uv_size": [0.5, 0.75]},
								"west": {"uv": [82, 9], "uv_size": [0.25, 0.75]},
								"up": {"uv": [85, 76], "uv_size": [0.5, 0.25]},
								"down": {"uv": [77, 85.25], "uv_size": [0.5, -0.25]}
							}
						},
						{
							"origin": [-0.4375, -2.03125, 2.15625],
							"size": [0.875, 1.03125, 0.25],
							"uv": {
								"north": {"uv": [34, 58], "uv_size": [1, 1]},
								"east": {"uv": [60, 78], "uv_size": [0.25, 1]},
								"south": {"uv": [41, 63], "uv_size": [1, 1]},
								"west": {"uv": [78, 60], "uv_size": [0.25, 1]},
								"up": {"uv": [61, 78], "uv_size": [1, 0.25]},
								"down": {"uv": [78, 61.25], "uv_size": [1, -0.25]}
							}
						},
						{
							"origin": [0.13991, -2.03125, 1.91326],
							"size": [0.25, 1.03125, 0.40625],
							"pivot": [0.26491, -1.51562, 2.19451],
							"rotation": [0, 57.5, 0],
							"uv": {
								"north": {"uv": [62, 78], "uv_size": [0.25, 1]},
								"east": {"uv": [73, 7], "uv_size": [0.5, 1]},
								"south": {"uv": [78, 62], "uv_size": [0.25, 1]},
								"west": {"uv": [8, 73], "uv_size": [0.5, 1]},
								"up": {"uv": [85, 83], "uv_size": [0.25, 0.5]},
								"down": {"uv": [84, 85.5], "uv_size": [0.25, -0.5]}
							}
						},
						{
							"origin": [-0.38991, -2.03125, 1.91326],
							"size": [0.25, 1.03125, 0.40625],
							"pivot": [-0.26491, -1.51562, 2.19451],
							"rotation": [0, -57.5, 0],
							"uv": {
								"north": {"uv": [63, 78], "uv_size": [0.25, 1]},
								"east": {"uv": [73, 8], "uv_size": [0.5, 1]},
								"south": {"uv": [78, 63], "uv_size": [0.25, 1]},
								"west": {"uv": [9, 73], "uv_size": [0.5, 1]},
								"up": {"uv": [85, 84], "uv_size": [0.25, 0.5]},
								"down": {"uv": [85, 85.5], "uv_size": [0.25, -0.5]}
							}
						},
						{
							"origin": [0.13991, -2.03125, 2.71174],
							"size": [0.25, 1.03125, 0.40625],
							"pivot": [0.26491, -1.51562, 2.83674],
							"rotation": [0, -57.5, 0],
							"uv": {
								"north": {"uv": [64, 78], "uv_size": [0.25, 1]},
								"east": {"uv": [73, 9], "uv_size": [0.5, 1]},
								"south": {"uv": [78, 64], "uv_size": [0.25, 1]},
								"west": {"uv": [10, 73], "uv_size": [0.5, 1]},
								"up": {"uv": [0, 86], "uv_size": [0.25, 0.5]},
								"down": {"uv": [86, 0.5], "uv_size": [0.25, -0.5]}
							}
						},
						{
							"origin": [-0.38991, -2.03125, 2.71174],
							"size": [0.25, 1.03125, 0.40625],
							"pivot": [-0.26491, -1.51562, 2.83674],
							"rotation": [0, 57.5, 0],
							"uv": {
								"north": {"uv": [65, 78], "uv_size": [0.25, 1]},
								"east": {"uv": [73, 10], "uv_size": [0.5, 1]},
								"south": {"uv": [78, 65], "uv_size": [0.25, 1]},
								"west": {"uv": [11, 73], "uv_size": [0.5, 1]},
								"up": {"uv": [1, 86], "uv_size": [0.25, 0.5]},
								"down": {"uv": [86, 1.5], "uv_size": [0.25, -0.5]}
							}
						},
						{
							"origin": [-0.4375, -2.03125, 2.40625],
							"size": [0.875, 0.4375, 0.21875],
							"uv": {
								"north": {"uv": [73, 11], "uv_size": [1, 0.5]},
								"east": {"uv": [2, 86], "uv_size": [0.25, 0.5]},
								"south": {"uv": [12, 73], "uv_size": [1, 0.5]},
								"west": {"uv": [86, 2], "uv_size": [0.25, 0.5]},
								"up": {"uv": [66, 78], "uv_size": [1, 0.25]},
								"down": {"uv": [78, 66.25], "uv_size": [1, -0.25]}
							}
						},
						{
							"origin": [-0.4375, -2.03125, 2.625],
							"size": [0.875, 1.03125, 0.25],
							"uv": {
								"north": {"uv": [44, 63], "uv_size": [1, 1]},
								"east": {"uv": [67, 78], "uv_size": [0.25, 1]},
								"south": {"uv": [47, 63], "uv_size": [1, 1]},
								"west": {"uv": [78, 67], "uv_size": [0.25, 1]},
								"up": {"uv": [68, 78], "uv_size": [1, 0.25]},
								"down": {"uv": [78, 68.25], "uv_size": [1, -0.25]}
							}
						}
					]
				},
				{
					"name": "tuodian",
					"parent": "qiangtuo",
					"pivot": [0, -9.40625, -3.75],
					"cubes": [
						{
							"origin": [-0.77387, -4.20481, 7.00962],
							"size": [0.48825, 1.3125, 0.5],
							"pivot": [-0.51412, -3.47044, 7.10337],
							"rotation": [-14.51082, -3.84097, -14.51082],
							"uv": {
								"north": {"uv": [71, 0], "uv_size": [0.5, 1.25]},
								"east": {"uv": [71, 2], "uv_size": [0.5, 1.25]},
								"south": {"uv": [71, 4], "uv_size": [0.5, 1.25]},
								"west": {"uv": [6, 71], "uv_size": [0.5, 1.25]},
								"up": {"uv": [54, 78], "uv_size": [0.5, 0.5]},
								"down": {"uv": [78, 54.5], "uv_size": [0.5, -0.5]}
							}
						},
						{
							"origin": [0.28562, -4.20481, 7.00962],
							"size": [0.48825, 1.3125, 0.5],
							"pivot": [0.51412, -3.47044, 7.10337],
							"rotation": [-14.51082, 3.84097, 14.51082],
							"uv": {
								"north": {"uv": [10, 71], "uv_size": [0.5, 1.25]},
								"east": {"uv": [11, 71], "uv_size": [0.5, 1.25]},
								"south": {"uv": [12, 71], "uv_size": [0.5, 1.25]},
								"west": {"uv": [71, 12], "uv_size": [0.5, 1.25]},
								"up": {"uv": [55, 78], "uv_size": [0.5, 0.5]},
								"down": {"uv": [78, 55.5], "uv_size": [0.5, -0.5]}
							}
						},
						{
							"origin": [-0.57196, -4.24971, 6.98921],
							"size": [1.1445, 1.28125, 0.5],
							"pivot": [-0.09346, -3.54659, 7.08296],
							"rotation": [-15, 0, 0],
							"uv": {
								"north": {"uv": [37, 60], "uv_size": [1.25, 1.25]},
								"east": {"uv": [13, 71], "uv_size": [0.5, 1.25]},
								"south": {"uv": [39, 60], "uv_size": [1.25, 1.25]},
								"west": {"uv": [14, 71], "uv_size": [0.5, 1.25]},
								"up": {"uv": [71, 8], "uv_size": [1.25, 0.5]},
								"down": {"uv": [71, 14.5], "uv_size": [1.25, -0.5]}
							}
						},
						{
							"origin": [-0.82213, -3.09604, 7.125],
							"size": [1.6445, 2.875, 0.5],
							"uv": {
								"north": {"uv": [12, 35], "uv_size": [1.5, 3]},
								"east": {"uv": [58, 60], "uv_size": [0.5, 3]},
								"south": {"uv": [35, 15], "uv_size": [1.5, 3]},
								"west": {"uv": [59, 60], "uv_size": [0.5, 3]},
								"up": {"uv": [69, 27], "uv_size": [1.5, 0.5]},
								"down": {"uv": [69, 28.5], "uv_size": [1.5, -0.5]}
							}
						},
						{
							"origin": [0.74027, -3.09016, 7.125],
							"size": [0.207, 2.875, 0.5],
							"pivot": [0.84377, -1.65266, 7.21875],
							"rotation": [0, 0, 2.5],
							"uv": {
								"north": {"uv": [40, 69], "uv_size": [0.25, 3]},
								"east": {"uv": [60, 60], "uv_size": [0.5, 3]},
								"south": {"uv": [69, 46], "uv_size": [0.25, 3]},
								"west": {"uv": [2, 61], "uv_size": [0.5, 3]},
								"up": {"uv": [85, 77], "uv_size": [0.25, 0.5]},
								"down": {"uv": [78, 85.5], "uv_size": [0.25, -0.5]}
							}
						},
						{
							"origin": [-0.94727, -3.09016, 7.125],
							"size": [0.207, 2.875, 0.5],
							"pivot": [-0.84377, -1.65266, 7.21875],
							"rotation": [0, 0, -2.5],
							"uv": {
								"north": {"uv": [69, 51], "uv_size": [0.25, 3]},
								"east": {"uv": [3, 61], "uv_size": [0.5, 3]},
								"south": {"uv": [52, 69], "uv_size": [0.25, 3]},
								"west": {"uv": [4, 61], "uv_size": [0.5, 3]},
								"up": {"uv": [85, 78], "uv_size": [0.25, 0.5]},
								"down": {"uv": [79, 85.5], "uv_size": [0.25, -0.5]}
							}
						},
						{
							"origin": [0.26194, -0.32009, 7.125],
							"size": [0.5625, 0.75, 0.5],
							"pivot": [0.66819, 0.19554, 7.21875],
							"rotation": [0, 0, -22.5],
							"uv": {
								"north": {"uv": [23, 75], "uv_size": [0.5, 0.75]},
								"east": {"uv": [75, 23], "uv_size": [0.5, 0.75]},
								"south": {"uv": [24, 75], "uv_size": [0.5, 0.75]},
								"west": {"uv": [75, 24], "uv_size": [0.5, 0.75]},
								"up": {"uv": [56, 78], "uv_size": [0.5, 0.5]},
								"down": {"uv": [78, 56.5], "uv_size": [0.5, -0.5]}
							}
						},
						{
							"origin": [-0.4375, -0.25, 7.125],
							"size": [0.875, 1.09375, 0.5],
							"uv": {
								"north": {"uv": [53, 28], "uv_size": [1, 1]},
								"east": {"uv": [73, 5], "uv_size": [0.5, 1]},
								"south": {"uv": [35, 56], "uv_size": [1, 1]},
								"west": {"uv": [6, 73], "uv_size": [0.5, 1]},
								"up": {"uv": [73, 6], "uv_size": [1, 0.5]},
								"down": {"uv": [7, 73.5], "uv_size": [1, -0.5]}
							}
						},
						{
							"origin": [-0.82444, -0.32009, 7.125],
							"size": [0.5625, 0.75, 0.5],
							"pivot": [-0.66819, 0.19554, 7.21875],
							"rotation": [0, 0, 22.5],
							"uv": {
								"north": {"uv": [25, 75], "uv_size": [0.5, 0.75]},
								"east": {"uv": [26, 75], "uv_size": [0.5, 0.75]},
								"south": {"uv": [27, 75], "uv_size": [0.5, 0.75]},
								"west": {"uv": [75, 27], "uv_size": [0.5, 0.75]},
								"up": {"uv": [57, 78], "uv_size": [0.5, 0.5]},
								"down": {"uv": [78, 57.5], "uv_size": [0.5, -0.5]}
							}
						},
						{
							"origin": [-0.61247, 0.32831, 7.125],
							"size": [0.3125, 0.46875, 0.5],
							"pivot": [-0.45622, 0.56269, 7.21875],
							"rotation": [0, 0, 37.5],
							"uv": {
								"north": {"uv": [85, 79], "uv_size": [0.25, 0.5]},
								"east": {"uv": [58, 78], "uv_size": [0.5, 0.5]},
								"south": {"uv": [80, 85], "uv_size": [0.25, 0.5]},
								"west": {"uv": [78, 58], "uv_size": [0.5, 0.5]},
								"up": {"uv": [85, 80], "uv_size": [0.25, 0.5]},
								"down": {"uv": [81, 85.5], "uv_size": [0.25, -0.5]}
							}
						},
						{
							"origin": [0.29997, 0.32831, 7.125],
							"size": [0.3125, 0.46875, 0.5],
							"pivot": [0.45622, 0.56269, 7.21875],
							"rotation": [0, 0, -37.5],
							"uv": {
								"north": {"uv": [85, 81], "uv_size": [0.25, 0.5]},
								"east": {"uv": [59, 78], "uv_size": [0.5, 0.5]},
								"south": {"uv": [82, 85], "uv_size": [0.25, 0.5]},
								"west": {"uv": [78, 59], "uv_size": [0.5, 0.5]},
								"up": {"uv": [85, 82], "uv_size": [0.25, 0.5]},
								"down": {"uv": [83, 85.5], "uv_size": [0.25, -0.5]}
							}
						}
					]
				},
				{
					"name": "bone12",
					"parent": "qiangtuo",
					"pivot": [0, -1.1875, 3.04688],
					"rotation": [-10, 0, 0],
					"cubes": [
						{
							"origin": [-0.65625, -1.40625, 2.34375],
							"size": [1.3125, 0.625, 0.8125],
							"uv": {
								"north": {"uv": [38, 65], "uv_size": [1.25, 0.75]},
								"east": {"uv": [25, 72], "uv_size": [0.75, 0.75]},
								"south": {"uv": [65, 38], "uv_size": [1.25, 0.75]},
								"west": {"uv": [72, 27], "uv_size": [0.75, 0.75]},
								"up": {"uv": [65, 39], "uv_size": [1.25, 0.75]},
								"down": {"uv": [45, 65.75], "uv_size": [1.25, -0.75]}
							}
						},
						{
							"origin": [-0.625, -1.34375, 3.15625],
							"size": [1.25, 0.25, 2],
							"uv": {
								"north": {"uv": [6, 76], "uv_size": [1.25, 0.25]},
								"east": {"uv": [73, 12], "uv_size": [2, 0.25]},
								"south": {"uv": [76, 6], "uv_size": [1.25, 0.25]},
								"west": {"uv": [13, 73], "uv_size": [2, 0.25]},
								"up": {"uv": [54, 38], "uv_size": [1.25, 2]},
								"down": {"uv": [54, 51], "uv_size": [1.25, -2]}
							}
						},
						{
							"origin": [-0.8125, -1.375, 5.15625],
							"size": [1.625, 0.28125, 0.5625],
							"uv": {
								"north": {"uv": [65, 73], "uv_size": [1.75, 0.25]},
								"east": {"uv": [3, 86], "uv_size": [0.5, 0.25]},
								"south": {"uv": [67, 73], "uv_size": [1.75, 0.25]},
								"west": {"uv": [86, 3], "uv_size": [0.5, 0.25]},
								"up": {"uv": [67, 17], "uv_size": [1.75, 0.5]},
								"down": {"uv": [67, 18.5], "uv_size": [1.75, -0.5]}
							}
						},
						{
							"origin": [-0.625, -1.21288, 3.1513],
							"size": [1.25, 0.25, 2.09375],
							"pivot": [0, -1.00975, 4.43255],
							"rotation": [-10, 0, 0],
							"uv": {
								"north": {"uv": [76, 7], "uv_size": [1.25, 0.25]},
								"east": {"uv": [73, 13], "uv_size": [2, 0.25]},
								"south": {"uv": [8, 76], "uv_size": [1.25, 0.25]},
								"west": {"uv": [73, 14], "uv_size": [2, 0.25]},
								"up": {"uv": [54, 51], "uv_size": [1.25, 2]},
								"down": {"uv": [54, 55], "uv_size": [1.25, -2]}
							}
						},
						{
							"origin": [-0.625, -1.40038, 3.1513],
							"size": [1.25, 0.1875, 0.84375],
							"pivot": [0, -1.00975, 4.43255],
							"rotation": [-10, 0, 0],
							"uv": {
								"north": {"uv": [76, 8], "uv_size": [1.25, 0.25]},
								"east": {"uv": [10, 82], "uv_size": [0.75, 0.25]},
								"south": {"uv": [76, 9], "uv_size": [1.25, 0.25]},
								"west": {"uv": [82, 10], "uv_size": [0.75, 0.25]},
								"up": {"uv": [65, 46], "uv_size": [1.25, 0.75]},
								"down": {"uv": [47, 65.75], "uv_size": [1.25, -0.75]}
							}
						}
					]
				}
			]
		}
	]
}