{
	"format_version": "1.12.0",
	"minecraft:geometry": [
		{
			"description": {
				"identifier": "geometry.unknown",
				"texture_width": 256,
				"texture_height": 256,
				"visible_bounds_width": 4,
				"visible_bounds_height": 2.5,
				"visible_bounds_offset": [0, 0.75, 0]
			},
			"bones": [
				{
					"name": "stock_mk12",
					"pivot": [0, 0, 0]
				},
				{
					"name": "qiangtuo",
					"parent": "stock_mk12",
					"pivot": [0, -7.875, -13.15625],
					"cubes": [
						{
							"origin": [-0.96875, -0.1875, 0],
							"size": [1.9375, 0.375, 8.78125],
							"uv": {
								"north": {"uv": [123, 11], "uv_size": [2, 0.5]},
								"east": {"uv": [74, 24], "uv_size": [8.75, 0.5]},
								"south": {"uv": [123, 13], "uv_size": [2, 0.5]},
								"west": {"uv": [74, 26], "uv_size": [8.75, 0.5]},
								"up": {"uv": [22, 21], "uv_size": [2, 8.75]},
								"down": {"uv": [0, 32.75], "uv_size": [2, -8.75]}
							}
						},
						{
							"origin": [-0.96875, -0.71875, 5.0625],
							"size": [1.9375, 0.53125, 3.71875],
							"uv": {
								"north": {"uv": [27, 123], "uv_size": [2, 0.5]},
								"east": {"uv": [110, 10], "uv_size": [3.75, 0.5]},
								"south": {"uv": [37, 123], "uv_size": [2, 0.5]},
								"west": {"uv": [110, 92], "uv_size": [3.75, 0.5]},
								"up": {"uv": [20, 51], "uv_size": [2, 3.75]},
								"down": {"uv": [34, 54.75], "uv_size": [2, -3.75]}
							}
						},
						{
							"origin": [-0.625, -1.0625, 5.0625],
							"size": [1.25, 0.34375, 3.71875],
							"uv": {
								"north": {"uv": [147, 98], "uv_size": [1.25, 0.25]},
								"east": {"uv": [22, 127], "uv_size": [3.75, 0.25]},
								"south": {"uv": [147, 103], "uv_size": [1.25, 0.25]},
								"west": {"uv": [127, 22], "uv_size": [3.75, 0.25]},
								"up": {"uv": [74, 55], "uv_size": [1.25, 3.75]},
								"down": {"uv": [58, 77.75], "uv_size": [1.25, -3.75]}
							}
						},
						{
							"origin": [0.45312, -0.99131, 5.0625],
							"size": [0.34375, 0.487, 3.71875],
							"pivot": [0.625, -0.81943, 6.92188],
							"rotation": [0, 0, 45],
							"uv": {
								"north": {"uv": [8, 168], "uv_size": [0.25, 0.5]},
								"east": {"uv": [112, 0], "uv_size": [3.75, 0.5]},
								"south": {"uv": [10, 168], "uv_size": [0.25, 0.5]},
								"west": {"uv": [112, 14], "uv_size": [3.75, 0.5]},
								"up": {"uv": [35, 126], "uv_size": [0.25, 3.75]},
								"down": {"uv": [40, 129.75], "uv_size": [0.25, -3.75]}
							}
						},
						{
							"origin": [-0.79688, -0.99131, 5.0625],
							"size": [0.34375, 0.487, 3.71875],
							"pivot": [-0.625, -0.81943, 6.92188],
							"rotation": [0, 0, -45],
							"uv": {
								"north": {"uv": [168, 14], "uv_size": [0.25, 0.5]},
								"east": {"uv": [112, 27], "uv_size": [3.75, 0.5]},
								"south": {"uv": [22, 168], "uv_size": [0.25, 0.5]},
								"west": {"uv": [112, 71], "uv_size": [3.75, 0.5]},
								"up": {"uv": [59, 126], "uv_size": [0.25, 3.75]},
								"down": {"uv": [88, 129.75], "uv_size": [0.25, -3.75]}
							}
						},
						{
							"origin": [0.193, -0.13383, 0],
							"size": [0.46875, 0.885, 8.78125],
							"pivot": [0.42737, 0.39742, 1.07813],
							"rotation": [0, 0, -45],
							"uv": {
								"north": {"uv": [138, 24], "uv_size": [0.5, 1]},
								"east": {"uv": [38, 28], "uv_size": [8.75, 1]},
								"south": {"uv": [26, 138], "uv_size": [0.5, 1]},
								"west": {"uv": [42, 13], "uv_size": [8.75, 1]},
								"up": {"uv": [15, 75], "uv_size": [0.5, 8.75]},
								"down": {"uv": [20, 83.75], "uv_size": [0.5, -8.75]}
							}
						},
						{
							"origin": [-0.6875, -4.16838, 8.65495],
							"size": [1.375, 4.375, 0.8125],
							"pivot": [0, -1.98088, 9.07683],
							"rotation": [-2.5, 0, 0],
							"uv": {
								"north": {"uv": [60, 37], "uv_size": [1.5, 4.25]},
								"east": {"uv": [89, 23], "uv_size": [0.75, 4.25]},
								"south": {"uv": [47, 60], "uv_size": [1.5, 4.25]},
								"west": {"uv": [89, 63], "uv_size": [0.75, 4.25]},
								"up": {"uv": [122, 5], "uv_size": [1.5, 0.75]},
								"down": {"uv": [122, 18.75], "uv_size": [1.5, -0.75]}
							}
						},
						{
							"origin": [-0.5, -5.65203, 8.39049],
							"size": [1, 1.59375, 0.8125],
							"pivot": [0, -4.7614, 8.81237],
							"rotation": [-15, 0, 0],
							"uv": {
								"north": {"uv": [87, 115], "uv_size": [1, 1.5]},
								"east": {"uv": [122, 20], "uv_size": [0.75, 1.5]},
								"south": {"uv": [96, 115], "uv_size": [1, 1.5]},
								"west": {"uv": [22, 122], "uv_size": [0.75, 1.5]},
								"up": {"uv": [88, 131], "uv_size": [1, 0.75]},
								"down": {"uv": [131, 88.75], "uv_size": [1, -0.75]}
							}
						},
						{
							"origin": [-0.64194, -5.62121, 8.37363],
							"size": [0.46875, 1.625, 0.8125],
							"pivot": [-0.40756, -4.82434, 8.7955],
							"rotation": [-14.78217, -2.57594, -9.6658],
							"uv": {
								"north": {"uv": [128, 48], "uv_size": [0.5, 1.75]},
								"east": {"uv": [117, 72], "uv_size": [0.75, 1.75]},
								"south": {"uv": [51, 128], "uv_size": [0.5, 1.75]},
								"west": {"uv": [77, 117], "uv_size": [0.75, 1.75]},
								"up": {"uv": [7, 143], "uv_size": [0.5, 0.75]},
								"down": {"uv": [143, 7.75], "uv_size": [0.5, -0.75]}
							}
						},
						{
							"origin": [0.17319, -5.62121, 8.37363],
							"size": [0.46875, 1.625, 0.8125],
							"pivot": [0.40756, -4.82434, 8.7955],
							"rotation": [-14.78217, 2.57594, 9.6658],
							"uv": {
								"north": {"uv": [53, 128], "uv_size": [0.5, 1.75]},
								"east": {"uv": [117, 86], "uv_size": [0.75, 1.75]},
								"south": {"uv": [55, 128], "uv_size": [0.5, 1.75]},
								"west": {"uv": [89, 117], "uv_size": [0.75, 1.75]},
								"up": {"uv": [9, 143], "uv_size": [0.5, 0.75]},
								"down": {"uv": [143, 9.75], "uv_size": [0.5, -0.75]}
							}
						},
						{
							"origin": [-0.87347, -4.16017, 8.65531],
							"size": [0.28125, 4.375, 0.8125],
							"pivot": [-0.73284, -1.97267, 9.07719],
							"rotation": [-2.49762, -0.10901, -2.49762],
							"uv": {
								"north": {"uv": [49, 122], "uv_size": [0.25, 4.25]},
								"east": {"uv": [89, 80], "uv_size": [0.75, 4.25]},
								"south": {"uv": [51, 122], "uv_size": [0.25, 4.25]},
								"west": {"uv": [81, 89], "uv_size": [0.75, 4.25]},
								"up": {"uv": [24, 162], "uv_size": [0.25, 0.75]},
								"down": {"uv": [162, 24.75], "uv_size": [0.25, -0.75]}
							}
						},
						{
							"origin": [0.59222, -4.16017, 8.65531],
							"size": [0.28125, 4.375, 0.8125],
							"pivot": [0.73284, -1.97267, 9.07719],
							"rotation": [-2.49762, 0.10901, 2.49762],
							"uv": {
								"north": {"uv": [53, 122], "uv_size": [0.25, 4.25]},
								"east": {"uv": [83, 89], "uv_size": [0.75, 4.25]},
								"south": {"uv": [55, 122], "uv_size": [0.25, 4.25]},
								"west": {"uv": [90, 2], "uv_size": [0.75, 4.25]},
								"up": {"uv": [26, 162], "uv_size": [0.25, 0.75]},
								"down": {"uv": [162, 26.75], "uv_size": [0.25, -0.75]}
							}
						},
						{
							"origin": [-0.34375, 0.1875, 8.78125],
							"size": [0.6875, 0.625, 0.78125],
							"uv": {
								"north": {"uv": [87, 136], "uv_size": [0.75, 0.75]},
								"east": {"uv": [89, 136], "uv_size": [0.75, 0.75]},
								"south": {"uv": [91, 136], "uv_size": [0.75, 0.75]},
								"west": {"uv": [93, 136], "uv_size": [0.75, 0.75]},
								"up": {"uv": [136, 95], "uv_size": [0.75, 0.75]},
								"down": {"uv": [102, 136.75], "uv_size": [0.75, -0.75]}
							}
						},
						{
							"origin": [-0.66175, -0.13383, 8.78125],
							"size": [0.46875, 0.885, 0.78125],
							"pivot": [-0.42737, 0.39742, 1.48438],
							"rotation": [0, 0, 45],
							"uv": {
								"north": {"uv": [138, 26], "uv_size": [0.5, 1]},
								"east": {"uv": [131, 90], "uv_size": [0.75, 1]},
								"south": {"uv": [138, 28], "uv_size": [0.5, 1]},
								"west": {"uv": [92, 131], "uv_size": [0.75, 1]},
								"up": {"uv": [11, 143], "uv_size": [0.5, 0.75]},
								"down": {"uv": [143, 11.75], "uv_size": [0.5, -0.75]}
							}
						},
						{
							"origin": [0.193, -0.13383, 8.78125],
							"size": [0.46875, 0.885, 0.78125],
							"pivot": [0.42737, 0.39742, 1.48438],
							"rotation": [0, 0, -45],
							"uv": {
								"north": {"uv": [31, 138], "uv_size": [0.5, 1]},
								"east": {"uv": [131, 92], "uv_size": [0.75, 1]},
								"south": {"uv": [33, 138], "uv_size": [0.5, 1]},
								"west": {"uv": [94, 131], "uv_size": [0.75, 1]},
								"up": {"uv": [143, 13], "uv_size": [0.5, 0.75]},
								"down": {"uv": [17, 143.75], "uv_size": [0.5, -0.75]}
							}
						},
						{
							"origin": [0.19379, -0.84413, 0],
							"size": [0.46875, 0.97875, 8.78125],
							"pivot": [0.42816, -0.39663, 1.07813],
							"rotation": [0, 0, 45],
							"uv": {
								"north": {"uv": [138, 33], "uv_size": [0.5, 1]},
								"east": {"uv": [42, 15], "uv_size": [8.75, 1]},
								"south": {"uv": [35, 138], "uv_size": [0.5, 1]},
								"west": {"uv": [42, 17], "uv_size": [8.75, 1]},
								"up": {"uv": [22, 75], "uv_size": [0.5, 8.75]},
								"down": {"uv": [24, 83.75], "uv_size": [0.5, -8.75]}
							}
						},
						{
							"origin": [-0.66254, -0.84413, 0],
							"size": [0.46875, 0.97875, 8.78125],
							"pivot": [-0.42816, -0.39663, 1.07813],
							"rotation": [0, 0, -45],
							"uv": {
								"north": {"uv": [138, 35], "uv_size": [0.5, 1]},
								"east": {"uv": [42, 19], "uv_size": [8.75, 1]},
								"south": {"uv": [37, 138], "uv_size": [0.5, 1]},
								"west": {"uv": [42, 21], "uv_size": [8.75, 1]},
								"up": {"uv": [46, 75], "uv_size": [0.5, 8.75]},
								"down": {"uv": [48, 83.75], "uv_size": [0.5, -8.75]}
							}
						},
						{
							"origin": [-0.66175, -0.13383, 0],
							"size": [0.46875, 0.885, 8.78125],
							"pivot": [-0.42737, 0.39742, 1.07813],
							"rotation": [0, 0, 45],
							"uv": {
								"north": {"uv": [138, 37], "uv_size": [0.5, 1]},
								"east": {"uv": [42, 30], "uv_size": [8.75, 1]},
								"south": {"uv": [39, 138], "uv_size": [0.5, 1]},
								"west": {"uv": [42, 32], "uv_size": [8.75, 1]},
								"up": {"uv": [50, 75], "uv_size": [0.5, 8.75]},
								"down": {"uv": [0, 84.75], "uv_size": [0.5, -8.75]}
							}
						},
						{
							"origin": [-0.34375, -0.71875, 0],
							"size": [0.6875, 1.53125, 8.78125],
							"uv": {
								"north": {"uv": [122, 23], "uv_size": [0.75, 1.5]},
								"east": {"uv": [8, 26], "uv_size": [8.75, 1.5]},
								"south": {"uv": [122, 26], "uv_size": [0.75, 1.5]},
								"west": {"uv": [26, 15], "uv_size": [8.75, 1.5]},
								"up": {"uv": [29, 52], "uv_size": [0.75, 8.75]},
								"down": {"uv": [37, 61.75], "uv_size": [0.75, -8.75]}
							}
						},
						{
							"origin": [-0.40625, -1.28125, 0.125],
							"size": [0.8125, 0.65625, 8.65625],
							"uv": {
								"north": {"uv": [106, 136], "uv_size": [0.75, 0.75]},
								"east": {"uv": [52, 32], "uv_size": [8.75, 0.75]},
								"south": {"uv": [108, 136], "uv_size": [0.75, 0.75]},
								"west": {"uv": [53, 9], "uv_size": [8.75, 0.75]},
								"up": {"uv": [39, 53], "uv_size": [0.75, 8.75]},
								"down": {"uv": [12, 62.75], "uv_size": [0.75, -8.75]}
							}
						},
						{
							"origin": [-0.5, -1.375, 2.8125],
							"size": [1, 0.5, 0.8125],
							"uv": {
								"north": {"uv": [45, 138], "uv_size": [1, 0.5]},
								"east": {"uv": [143, 55], "uv_size": [0.75, 0.5]},
								"south": {"uv": [47, 138], "uv_size": [1, 0.5]},
								"west": {"uv": [143, 57], "uv_size": [0.75, 0.5]},
								"up": {"uv": [131, 94], "uv_size": [1, 0.75]},
								"down": {"uv": [131, 96.75], "uv_size": [1, -0.75]}
							}
						},
						{
							"origin": [-0.5, -1.29463, 3.44557],
							"size": [1, 0.25, 1.6875],
							"pivot": [0.28125, -1.29463, 3.85182],
							"rotation": [-30, 0, 0],
							"uv": {
								"north": {"uv": [26, 154], "uv_size": [1, 0.25]},
								"east": {"uv": [125, 139], "uv_size": [1.75, 0.25]},
								"south": {"uv": [154, 26], "uv_size": [1, 0.25]},
								"west": {"uv": [139, 125], "uv_size": [1.75, 0.25]},
								"up": {"uv": [11, 113], "uv_size": [1, 1.75]},
								"down": {"uv": [16, 114.75], "uv_size": [1, -1.75]}
							}
						},
						{
							"origin": [-0.5, -1.62188, 3.44848],
							"size": [1, 0.25, 1.625],
							"pivot": [0.28125, -1.49688, 4.22973],
							"rotation": [-22.5, 0, 0],
							"uv": {
								"north": {"uv": [28, 154], "uv_size": [1, 0.25]},
								"east": {"uv": [139, 127], "uv_size": [1.75, 0.25]},
								"south": {"uv": [154, 28], "uv_size": [1, 0.25]},
								"west": {"uv": [139, 129], "uv_size": [1.75, 0.25]},
								"up": {"uv": [21, 113], "uv_size": [1, 1.75]},
								"down": {"uv": [25, 114.75], "uv_size": [1, -1.75]}
							}
						},
						{
							"origin": [-0.3125, -2.03125, 1.6875],
							"size": [0.625, 0.15625, 0.8125],
							"uv": {
								"north": {"uv": [28, 162], "uv_size": [0.75, 0.25]},
								"east": {"uv": [162, 28], "uv_size": [0.75, 0.25]},
								"south": {"uv": [30, 162], "uv_size": [0.75, 0.25]},
								"west": {"uv": [162, 30], "uv_size": [0.75, 0.25]},
								"up": {"uv": [110, 136], "uv_size": [0.75, 0.75]},
								"down": {"uv": [136, 110.75], "uv_size": [0.75, -0.75]}
							}
						},
						{
							"origin": [-0.3125, -1.73027, 0.94516],
							"size": [0.625, 0.15625, 1.0625],
							"pivot": [0, -1.65214, 1.63266],
							"rotation": [-70, 0, 0],
							"uv": {
								"north": {"uv": [32, 162], "uv_size": [0.75, 0.25]},
								"east": {"uv": [30, 154], "uv_size": [1, 0.25]},
								"south": {"uv": [162, 32], "uv_size": [0.75, 0.25]},
								"west": {"uv": [154, 30], "uv_size": [1, 0.25]},
								"up": {"uv": [98, 131], "uv_size": [0.75, 1]},
								"down": {"uv": [100, 132], "uv_size": [0.75, -1]}
							}
						},
						{
							"origin": [-0.28125, -2, 5.21875],
							"size": [0.5625, 0.71875, 0.15625],
							"uv": {
								"north": {"uv": [143, 59], "uv_size": [0.5, 0.75]},
								"east": {"uv": [34, 162], "uv_size": [0.25, 0.75]},
								"south": {"uv": [143, 76], "uv_size": [0.5, 0.75]},
								"west": {"uv": [36, 162], "uv_size": [0.25, 0.75]},
								"up": {"uv": [24, 168], "uv_size": [0.5, 0.25]},
								"down": {"uv": [168, 24.25], "uv_size": [0.5, -0.25]}
							}
						},
						{
							"origin": [-0.28125, -2.875, 7.71875],
							"size": [0.5625, 1.6875, 0.15625],
							"pivot": [0, -2.35937, 7.79688],
							"rotation": [17.5, 0, 0],
							"uv": {
								"north": {"uv": [63, 128], "uv_size": [0.5, 1.75]},
								"east": {"uv": [131, 139], "uv_size": [0.25, 1.75]},
								"south": {"uv": [65, 128], "uv_size": [0.5, 1.75]},
								"west": {"uv": [139, 131], "uv_size": [0.25, 1.75]},
								"up": {"uv": [26, 168], "uv_size": [0.5, 0.25]},
								"down": {"uv": [168, 26.25], "uv_size": [0.5, -0.25]}
							}
						},
						{
							"origin": [-0.28125, -2.875, 8.46875],
							"size": [0.5625, 1.6875, 0.5625],
							"pivot": [0, -2.35937, 8.54688],
							"rotation": [17.5, 0, 0],
							"uv": {
								"north": {"uv": [67, 128], "uv_size": [0.5, 1.75]},
								"east": {"uv": [69, 128], "uv_size": [0.5, 1.75]},
								"south": {"uv": [71, 128], "uv_size": [0.5, 1.75]},
								"west": {"uv": [73, 128], "uv_size": [0.5, 1.75]},
								"up": {"uv": [32, 154], "uv_size": [0.5, 0.5]},
								"down": {"uv": [154, 32.5], "uv_size": [0.5, -0.5]}
							}
						},
						{
							"origin": [-0.125, -2.9375, 7.875],
							"size": [0.25, 1.75, 0.5625],
							"pivot": [0, -2.35937, 7.95313],
							"rotation": [17.5, 0, 0],
							"uv": {
								"north": {"uv": [133, 139], "uv_size": [0.25, 1.75]},
								"east": {"uv": [92, 128], "uv_size": [0.5, 1.75]},
								"south": {"uv": [139, 134], "uv_size": [0.25, 1.75]},
								"west": {"uv": [94, 128], "uv_size": [0.5, 1.75]},
								"up": {"uv": [28, 168], "uv_size": [0.25, 0.5]},
								"down": {"uv": [168, 28.5], "uv_size": [0.25, -0.5]}
							}
						},
						{
							"origin": [-0.125, -1.84375, 5.375],
							"size": [0.25, 0.65625, 2.1875],
							"uv": {
								"north": {"uv": [38, 162], "uv_size": [0.25, 0.75]},
								"east": {"uv": [113, 90], "uv_size": [2.25, 0.75]},
								"south": {"uv": [162, 38], "uv_size": [0.25, 0.75]},
								"west": {"uv": [106, 113], "uv_size": [2.25, 0.75]},
								"up": {"uv": [123, 136], "uv_size": [0.25, 2.25]},
								"down": {"uv": [129, 138.25], "uv_size": [0.25, -2.25]}
							}
						},
						{
							"origin": [-0.125, -1.90625, 1.78125],
							"size": [0.25, 0.71875, 0.65625],
							"uv": {
								"north": {"uv": [40, 162], "uv_size": [0.25, 0.75]},
								"east": {"uv": [136, 112], "uv_size": [0.75, 0.75]},
								"south": {"uv": [42, 162], "uv_size": [0.25, 0.75]},
								"west": {"uv": [0, 137], "uv_size": [0.75, 0.75]},
								"up": {"uv": [50, 162], "uv_size": [0.25, 0.75]},
								"down": {"uv": [52, 162.75], "uv_size": [0.25, -0.75]}
							}
						},
						{
							"origin": [-0.0625, -1.65625, 2.9375],
							"size": [0.125, 0.46875, 2.28125],
							"uv": {
								"north": {"uv": [30, 168], "uv_size": [0.25, 0.5]},
								"east": {"uv": [122, 29], "uv_size": [2.25, 0.5]},
								"south": {"uv": [168, 30], "uv_size": [0.25, 0.5]},
								"west": {"uv": [31, 122], "uv_size": [2.25, 0.5]},
								"up": {"uv": [2, 137], "uv_size": [0.25, 2.25]},
								"down": {"uv": [4, 139.25], "uv_size": [0.25, -2.25]}
							}
						},
						{
							"origin": [-0.125, -1.6875, 1.0625],
							"size": [0.25, 0.5, 0.5],
							"uv": {
								"north": {"uv": [32, 168], "uv_size": [0.25, 0.5]},
								"east": {"uv": [34, 154], "uv_size": [0.5, 0.5]},
								"south": {"uv": [168, 32], "uv_size": [0.25, 0.5]},
								"west": {"uv": [36, 154], "uv_size": [0.5, 0.5]},
								"up": {"uv": [34, 168], "uv_size": [0.25, 0.5]},
								"down": {"uv": [36, 168.5], "uv_size": [0.25, -0.5]}
							}
						},
						{
							"origin": [-0.125, -1.67088, 0.98298],
							"size": [0.25, 0.5, 0.1875],
							"pivot": [0, -1.42088, 1.07673],
							"rotation": [17.5, 0, 0],
							"uv": {
								"north": {"uv": [38, 168], "uv_size": [0.25, 0.5]},
								"east": {"uv": [168, 38], "uv_size": [0.25, 0.5]},
								"south": {"uv": [40, 168], "uv_size": [0.25, 0.5]},
								"west": {"uv": [42, 168], "uv_size": [0.25, 0.5]},
								"up": {"uv": [189, 118], "uv_size": [0.25, 0.25]},
								"down": {"uv": [120, 189.25], "uv_size": [0.25, -0.25]}
							}
						},
						{
							"origin": [-0.125, -1.90625, 1.65625],
							"size": [0.25, 0.71875, 0.21875],
							"pivot": [0, -1.54687, 1.76563],
							"rotation": [20, 0, 0],
							"uv": {
								"north": {"uv": [54, 162], "uv_size": [0.25, 0.75]},
								"east": {"uv": [56, 162], "uv_size": [0.25, 0.75]},
								"south": {"uv": [58, 162], "uv_size": [0.25, 0.75]},
								"west": {"uv": [62, 162], "uv_size": [0.25, 0.75]},
								"up": {"uv": [189, 120], "uv_size": [0.25, 0.25]},
								"down": {"uv": [122, 189.25], "uv_size": [0.25, -0.25]}
							}
						},
						{
							"origin": [-0.125, -4.125, 8.03125],
							"size": [0.25, 1.21875, 0.59375],
							"uv": {
								"north": {"uv": [87, 147], "uv_size": [0.25, 1.25]},
								"east": {"uv": [133, 132], "uv_size": [0.5, 1.25]},
								"south": {"uv": [147, 107], "uv_size": [0.25, 1.25]},
								"west": {"uv": [0, 134], "uv_size": [0.5, 1.25]},
								"up": {"uv": [50, 168], "uv_size": [0.25, 0.5]},
								"down": {"uv": [52, 168.5], "uv_size": [0.25, -0.5]}
							}
						},
						{
							"origin": [-0.125, -5.34375, 7.78125],
							"size": [0.25, 1.40625, 0.59375],
							"pivot": [0, -4.92187, 7.85938],
							"rotation": [-17.5, 0, 0],
							"uv": {
								"north": {"uv": [143, 85], "uv_size": [0.25, 1.5]},
								"east": {"uv": [131, 120], "uv_size": [0.5, 1.5]},
								"south": {"uv": [143, 98], "uv_size": [0.25, 1.5]},
								"west": {"uv": [123, 131], "uv_size": [0.5, 1.5]},
								"up": {"uv": [54, 168], "uv_size": [0.25, 0.5]},
								"down": {"uv": [56, 168.5], "uv_size": [0.25, -0.5]}
							}
						},
						{
							"origin": [-0.28125, -5.32727, 7.72598],
							"size": [0.5625, 1.25, 0.15625],
							"pivot": [0, -4.5929, 7.80411],
							"rotation": [-17.5, 0, 0],
							"uv": {
								"north": {"uv": [2, 134], "uv_size": [0.5, 1.25]},
								"east": {"uv": [108, 147], "uv_size": [0.25, 1.25]},
								"south": {"uv": [4, 134], "uv_size": [0.5, 1.25]},
								"west": {"uv": [110, 147], "uv_size": [0.25, 1.25]},
								"up": {"uv": [58, 168], "uv_size": [0.5, 0.25]},
								"down": {"uv": [62, 168.25], "uv_size": [0.5, -0.25]}
							}
						},
						{
							"origin": [-0.28125, -4.12463, 7.87742],
							"size": [0.5625, 1.25, 0.15625],
							"uv": {
								"north": {"uv": [134, 4], "uv_size": [0.5, 1.25]},
								"east": {"uv": [147, 112], "uv_size": [0.25, 1.25]},
								"south": {"uv": [6, 134], "uv_size": [0.5, 1.25]},
								"west": {"uv": [147, 115], "uv_size": [0.25, 1.25]},
								"up": {"uv": [168, 62], "uv_size": [0.5, 0.25]},
								"down": {"uv": [64, 168.25], "uv_size": [0.5, -0.25]}
							}
						},
						{
							"origin": [-0.28125, -5.42604, 7.50877],
							"size": [0.5625, 0.15625, 0.75],
							"uv": {
								"north": {"uv": [66, 168], "uv_size": [0.5, 0.25]},
								"east": {"uv": [162, 62], "uv_size": [0.75, 0.25]},
								"south": {"uv": [168, 66], "uv_size": [0.5, 0.25]},
								"west": {"uv": [64, 162], "uv_size": [0.75, 0.25]},
								"up": {"uv": [143, 94], "uv_size": [0.5, 0.75]},
								"down": {"uv": [143, 101.75], "uv_size": [0.5, -0.75]}
							}
						},
						{
							"origin": [-0.28125, -2, 5.375],
							"size": [0.5625, 0.15625, 2.25],
							"uv": {
								"north": {"uv": [168, 68], "uv_size": [0.5, 0.25]},
								"east": {"uv": [6, 137], "uv_size": [2.25, 0.25]},
								"south": {"uv": [168, 70], "uv_size": [0.5, 0.25]},
								"west": {"uv": [10, 137], "uv_size": [2.25, 0.25]},
								"up": {"uv": [122, 31], "uv_size": [0.5, 2.25]},
								"down": {"uv": [35, 124.25], "uv_size": [0.5, -2.25]}
							}
						},
						{
							"origin": [-0.28125, -2.90588, 7.87742],
							"size": [0.5625, 0.15625, 0.75],
							"uv": {
								"north": {"uv": [168, 72], "uv_size": [0.5, 0.25]},
								"east": {"uv": [66, 162], "uv_size": [0.75, 0.25]},
								"south": {"uv": [74, 168], "uv_size": [0.5, 0.25]},
								"west": {"uv": [162, 66], "uv_size": [0.75, 0.25]},
								"up": {"uv": [143, 108], "uv_size": [0.5, 0.75]},
								"down": {"uv": [143, 110.75], "uv_size": [0.5, -0.75]}
							}
						},
						{
							"origin": [-0.28125, -4.18713, 8.00242],
							"size": [0.5625, 0.15625, 0.625],
							"uv": {
								"north": {"uv": [76, 168], "uv_size": [0.5, 0.25]},
								"east": {"uv": [162, 68], "uv_size": [0.75, 0.25]},
								"south": {"uv": [168, 76], "uv_size": [0.5, 0.25]},
								"west": {"uv": [162, 70], "uv_size": [0.75, 0.25]},
								"up": {"uv": [116, 143], "uv_size": [0.5, 0.75]},
								"down": {"uv": [143, 116.75], "uv_size": [0.5, -0.75]}
							}
						},
						{
							"origin": [-0.40625, -1.23492, 0.04805],
							"size": [0.8125, 0.5625, 0.5],
							"pivot": [0, -0.90679, 0.29805],
							"rotation": [12.5, 0, 0],
							"uv": {
								"north": {"uv": [118, 143], "uv_size": [0.75, 0.5]},
								"east": {"uv": [38, 154], "uv_size": [0.5, 0.5]},
								"south": {"uv": [143, 118], "uv_size": [0.75, 0.5]},
								"west": {"uv": [154, 38], "uv_size": [0.5, 0.5]},
								"up": {"uv": [143, 120], "uv_size": [0.75, 0.5]},
								"down": {"uv": [143, 122.5], "uv_size": [0.75, -0.5]}
							}
						}
					]
				},
				{
					"name": "bone4",
					"parent": "qiangtuo",
					"pivot": [0.66762, 0.68149, 5.17188],
					"cubes": [
						{
							"origin": [0.32387, 0.61899, 2.625],
							"size": [0.78125, 0.125, 5.28125],
							"pivot": [0.66762, 0.68149, 5.17188],
							"rotation": [0, 0, 45],
							"uv": {
								"north": {"uv": [8, 162], "uv_size": [0.75, 0.25]},
								"east": {"uv": [117, 54], "uv_size": [5.25, 0.25]},
								"south": {"uv": [10, 162], "uv_size": [0.75, 0.25]},
								"west": {"uv": [117, 68], "uv_size": [5.25, 0.25]},
								"up": {"uv": [65, 79], "uv_size": [0.75, 5.25]},
								"down": {"uv": [78, 84.25], "uv_size": [0.75, -5.25]}
							}
						},
						{
							"origin": [0.82359, 0.19051, 5.68716],
							"size": [0.875, 0.125, 1.5625],
							"pivot": [0.97984, 0.25301, 6.46841],
							"rotation": [0, 0, 82.5],
							"uv": {
								"north": {"uv": [70, 153], "uv_size": [1, 0.25]},
								"east": {"uv": [139, 142], "uv_size": [1.5, 0.25]},
								"south": {"uv": [72, 153], "uv_size": [1, 0.25]},
								"west": {"uv": [142, 139], "uv_size": [1.5, 0.25]},
								"up": {"uv": [79, 115], "uv_size": [1, 1.5]},
								"down": {"uv": [81, 116.5], "uv_size": [1, -1.5]}
							}
						},
						{
							"origin": [-1.69859, 0.19051, 5.68716],
							"size": [0.875, 0.125, 1.5625],
							"pivot": [-0.97984, 0.25301, 6.46841],
							"rotation": [0, 0, -82.5],
							"uv": {
								"north": {"uv": [153, 76], "uv_size": [1, 0.25]},
								"east": {"uv": [142, 141], "uv_size": [1.5, 0.25]},
								"south": {"uv": [153, 87], "uv_size": [1, 0.25]},
								"west": {"uv": [0, 143], "uv_size": [1.5, 0.25]},
								"up": {"uv": [83, 115], "uv_size": [1, 1.5]},
								"down": {"uv": [85, 116.5], "uv_size": [1, -1.5]}
							}
						},
						{
							"origin": [0.66688, -3.22168, 5.80812],
							"size": [0.46875, 2.84375, 0.71875],
							"pivot": [1.07313, -1.7998, 6.58937],
							"rotation": [5, 0, 0],
							"uv": {
								"north": {"uv": [20, 116], "uv_size": [0.5, 2.75]},
								"east": {"uv": [8, 107], "uv_size": [0.75, 2.75]},
								"south": {"uv": [25, 116], "uv_size": [0.5, 2.75]},
								"west": {"uv": [10, 107], "uv_size": [0.75, 2.75]},
								"up": {"uv": [3, 143], "uv_size": [0.5, 0.75]},
								"down": {"uv": [143, 3.75], "uv_size": [0.5, -0.75]}
							}
						},
						{
							"origin": [-0.67188, -1.90918, 5.80812],
							"size": [1.34375, 1.53125, 1.5625],
							"pivot": [-1.04688, -1.7998, 6.58937],
							"rotation": [5, 0, 0],
							"uv": {
								"north": {"uv": [112, 65], "uv_size": [1.25, 1.5]},
								"east": {"uv": [56, 103], "uv_size": [1.5, 1.5]},
								"south": {"uv": [68, 112], "uv_size": [1.25, 1.5]},
								"west": {"uv": [103, 57], "uv_size": [1.5, 1.5]},
								"up": {"uv": [112, 68], "uv_size": [1.25, 1.5]},
								"down": {"uv": [71, 113.5], "uv_size": [1.25, -1.5]}
							}
						},
						{
							"origin": [0.66688, -3.22168, 6.80812],
							"size": [0.46875, 2.84375, 0.5625],
							"pivot": [1.07313, -1.7998, 6.58937],
							"rotation": [5, 0, 0],
							"uv": {
								"north": {"uv": [31, 116], "uv_size": [0.5, 2.75]},
								"east": {"uv": [49, 116], "uv_size": [0.5, 2.75]},
								"south": {"uv": [57, 116], "uv_size": [0.5, 2.75]},
								"west": {"uv": [64, 116], "uv_size": [0.5, 2.75]},
								"up": {"uv": [98, 153], "uv_size": [0.5, 0.5]},
								"down": {"uv": [153, 99.5], "uv_size": [0.5, -0.5]}
							}
						},
						{
							"origin": [-1.13563, -3.22168, 6.52687],
							"size": [0.46875, 0.46875, 0.28125],
							"pivot": [-1.07313, -1.7998, 6.58937],
							"rotation": [5, 0, 0],
							"uv": {
								"north": {"uv": [153, 104], "uv_size": [0.5, 0.5]},
								"east": {"uv": [167, 36], "uv_size": [0.25, 0.5]},
								"south": {"uv": [153, 106], "uv_size": [0.5, 0.5]},
								"west": {"uv": [167, 40], "uv_size": [0.25, 0.5]},
								"up": {"uv": [167, 42], "uv_size": [0.5, 0.25]},
								"down": {"uv": [44, 167.25], "uv_size": [0.5, -0.25]}
							}
						},
						{
							"origin": [-1.13563, -3.22168, 5.80812],
							"size": [0.46875, 2.84375, 0.71875],
							"pivot": [-1.07313, -1.7998, 6.58937],
							"rotation": [5, 0, 0],
							"uv": {
								"north": {"uv": [116, 115], "uv_size": [0.5, 2.75]},
								"east": {"uv": [14, 107], "uv_size": [0.75, 2.75]},
								"south": {"uv": [117, 4], "uv_size": [0.5, 2.75]},
								"west": {"uv": [23, 107], "uv_size": [0.75, 2.75]},
								"up": {"uv": [5, 143], "uv_size": [0.5, 0.75]},
								"down": {"uv": [143, 5.75], "uv_size": [0.5, -0.75]}
							}
						},
						{
							"origin": [-1.13563, -3.22168, 6.80812],
							"size": [0.46875, 2.84375, 0.5625],
							"pivot": [-1.07313, -1.7998, 6.58937],
							"rotation": [5, 0, 0],
							"uv": {
								"north": {"uv": [6, 117], "uv_size": [0.5, 2.75]},
								"east": {"uv": [8, 117], "uv_size": [0.5, 2.75]},
								"south": {"uv": [117, 18], "uv_size": [0.5, 2.75]},
								"west": {"uv": [117, 22], "uv_size": [0.5, 2.75]},
								"up": {"uv": [153, 108], "uv_size": [0.5, 0.5]},
								"down": {"uv": [153, 110.5], "uv_size": [0.5, -0.5]}
							}
						},
						{
							"origin": [0.66688, -3.22168, 6.52687],
							"size": [0.46875, 0.46875, 0.28125],
							"pivot": [1.07313, -1.7998, 6.58937],
							"rotation": [5, 0, 0],
							"uv": {
								"north": {"uv": [153, 112], "uv_size": [0.5, 0.5]},
								"east": {"uv": [167, 44], "uv_size": [0.25, 0.5]},
								"south": {"uv": [153, 114], "uv_size": [0.5, 0.5]},
								"west": {"uv": [46, 167], "uv_size": [0.25, 0.5]},
								"up": {"uv": [167, 46], "uv_size": [0.5, 0.25]},
								"down": {"uv": [48, 167.25], "uv_size": [0.5, -0.25]}
							}
						},
						{
							"origin": [-0.82813, -2.9291, 6.53632],
							"size": [1.65625, 0.46875, 0.46875],
							"pivot": [0, -2.69473, 6.77069],
							"rotation": [-45, 0, 0],
							"uv": {
								"north": {"uv": [30, 128], "uv_size": [1.75, 0.5]},
								"east": {"uv": [153, 116], "uv_size": [0.5, 0.5]},
								"south": {"uv": [42, 128], "uv_size": [1.75, 0.5]},
								"west": {"uv": [153, 118], "uv_size": [0.5, 0.5]},
								"up": {"uv": [45, 128], "uv_size": [1.75, 0.5]},
								"down": {"uv": [48, 128.5], "uv_size": [1.75, -0.5]}
							}
						},
						{
							"origin": [0.79188, -2.75293, 6.52687],
							"size": [0.21875, 2.375, 0.28125],
							"pivot": [1.07313, -1.7998, 6.58937],
							"rotation": [5, 0, 0],
							"uv": {
								"north": {"uv": [119, 133], "uv_size": [0.25, 2.5]},
								"east": {"uv": [133, 120], "uv_size": [0.25, 2.5]},
								"south": {"uv": [121, 133], "uv_size": [0.25, 2.5]},
								"west": {"uv": [133, 124], "uv_size": [0.25, 2.5]},
								"up": {"uv": [98, 189], "uv_size": [0.25, 0.25]},
								"down": {"uv": [189, 100.25], "uv_size": [0.25, -0.25]}
							}
						},
						{
							"origin": [-1.01063, -2.75293, 6.52687],
							"size": [0.21875, 2.375, 0.28125],
							"pivot": [-1.07313, -1.7998, 6.58937],
							"rotation": [5, 0, 0],
							"uv": {
								"north": {"uv": [125, 133], "uv_size": [0.25, 2.5]},
								"east": {"uv": [127, 133], "uv_size": [0.25, 2.5]},
								"south": {"uv": [133, 128], "uv_size": [0.25, 2.5]},
								"west": {"uv": [131, 133], "uv_size": [0.25, 2.5]},
								"up": {"uv": [189, 102], "uv_size": [0.25, 0.25]},
								"down": {"uv": [189, 104.25], "uv_size": [0.25, -0.25]}
							}
						},
						{
							"origin": [0.56472, 0.51877, 2.25712],
							"size": [0.40625, 0.125, 0.575],
							"pivot": [0.76785, 0.58127, 2.6165],
							"rotation": [0, 45, 45],
							"uv": {
								"north": {"uv": [167, 48], "uv_size": [0.5, 0.25]},
								"east": {"uv": [167, 50], "uv_size": [0.5, 0.25]},
								"south": {"uv": [167, 52], "uv_size": [0.5, 0.25]},
								"west": {"uv": [167, 54], "uv_size": [0.5, 0.25]},
								"up": {"uv": [120, 153], "uv_size": [0.5, 0.5]},
								"down": {"uv": [153, 120.5], "uv_size": [0.5, -0.5]}
							}
						},
						{
							"origin": [0.32387, 0.61899, 2.21875],
							"size": [0.375, 0.125, 0.875],
							"pivot": [0.66762, 0.68149, 4.29688],
							"rotation": [0, 0, 45],
							"uv": {
								"north": {"uv": [167, 56], "uv_size": [0.5, 0.25]},
								"east": {"uv": [122, 153], "uv_size": [1, 0.25]},
								"south": {"uv": [167, 58], "uv_size": [0.5, 0.25]},
								"west": {"uv": [153, 122], "uv_size": [1, 0.25]},
								"up": {"uv": [138, 20], "uv_size": [0.5, 1]},
								"down": {"uv": [22, 139], "uv_size": [0.5, -1]}
							}
						},
						{
							"origin": [-0.46875, 0.84375, 2.21875],
							"size": [0.9375, 0.125, 6.09375],
							"uv": {
								"north": {"uv": [124, 153], "uv_size": [1, 0.25]},
								"east": {"uv": [115, 84], "uv_size": [6, 0.25]},
								"south": {"uv": [153, 124], "uv_size": [1, 0.25]},
								"west": {"uv": [115, 92], "uv_size": [6, 0.25]},
								"up": {"uv": [6, 44], "uv_size": [1, 6]},
								"down": {"uv": [50, 66], "uv_size": [1, -6]}
							}
						},
						{
							"origin": [0.56472, 0.51877, 7.69913],
							"size": [0.40625, 0.125, 0.575],
							"pivot": [0.76785, 0.58127, 7.91475],
							"rotation": [0, -45, 45],
							"uv": {
								"north": {"uv": [60, 167], "uv_size": [0.5, 0.25]},
								"east": {"uv": [167, 60], "uv_size": [0.5, 0.25]},
								"south": {"uv": [167, 64], "uv_size": [0.5, 0.25]},
								"west": {"uv": [68, 167], "uv_size": [0.5, 0.25]},
								"up": {"uv": [128, 153], "uv_size": [0.5, 0.5]},
								"down": {"uv": [130, 153.5], "uv_size": [0.5, -0.5]}
							}
						},
						{
							"origin": [0.32387, 0.61899, 7.90625],
							"size": [0.375, 0.125, 0.40625],
							"pivot": [0.66762, 0.68149, 6.70313],
							"rotation": [0, 0, 45],
							"uv": {
								"north": {"uv": [70, 167], "uv_size": [0.5, 0.25]},
								"east": {"uv": [72, 167], "uv_size": [0.5, 0.25]},
								"south": {"uv": [167, 74], "uv_size": [0.5, 0.25]},
								"west": {"uv": [167, 84], "uv_size": [0.5, 0.25]},
								"up": {"uv": [143, 153], "uv_size": [0.5, 0.5]},
								"down": {"uv": [145, 153.5], "uv_size": [0.5, -0.5]}
							}
						},
						{
							"origin": [-0.97097, 0.51877, 2.25712],
							"size": [0.40625, 0.125, 0.575],
							"pivot": [-0.76785, 0.58127, 2.6165],
							"rotation": [0, -45, -45],
							"uv": {
								"north": {"uv": [167, 96], "uv_size": [0.5, 0.25]},
								"east": {"uv": [98, 167], "uv_size": [0.5, 0.25]},
								"south": {"uv": [167, 100], "uv_size": [0.5, 0.25]},
								"west": {"uv": [167, 102], "uv_size": [0.5, 0.25]},
								"up": {"uv": [147, 153], "uv_size": [0.5, 0.5]},
								"down": {"uv": [154, 6.5], "uv_size": [0.5, -0.5]}
							}
						},
						{
							"origin": [-0.69887, 0.61899, 2.21875],
							"size": [0.375, 0.125, 0.875],
							"pivot": [-0.66762, 0.68149, 4.29688],
							"rotation": [0, 0, -45],
							"uv": {
								"north": {"uv": [167, 104], "uv_size": [0.5, 0.25]},
								"east": {"uv": [8, 154], "uv_size": [1, 0.25]},
								"south": {"uv": [167, 106], "uv_size": [0.5, 0.25]},
								"west": {"uv": [10, 154], "uv_size": [1, 0.25]},
								"up": {"uv": [138, 22], "uv_size": [0.5, 1]},
								"down": {"uv": [24, 139], "uv_size": [0.5, -1]}
							}
						},
						{
							"origin": [-1.10512, 0.61899, 2.625],
							"size": [0.78125, 0.125, 5.28125],
							"pivot": [-0.66762, 0.68149, 5.17188],
							"rotation": [0, 0, -45],
							"uv": {
								"north": {"uv": [162, 14], "uv_size": [0.75, 0.25]},
								"east": {"uv": [70, 117], "uv_size": [5.25, 0.25]},
								"south": {"uv": [22, 162], "uv_size": [0.75, 0.25]},
								"west": {"uv": [117, 70], "uv_size": [5.25, 0.25]},
								"up": {"uv": [11, 80], "uv_size": [0.75, 5.25]},
								"down": {"uv": [13, 85.25], "uv_size": [0.75, -5.25]}
							}
						},
						{
							"origin": [-0.97097, 0.51877, 7.69913],
							"size": [0.40625, 0.125, 0.575],
							"pivot": [-0.76785, 0.58127, 7.91475],
							"rotation": [0, 45, -45],
							"uv": {
								"north": {"uv": [167, 108], "uv_size": [0.5, 0.25]},
								"east": {"uv": [167, 110], "uv_size": [0.5, 0.25]},
								"south": {"uv": [167, 112], "uv_size": [0.5, 0.25]},
								"west": {"uv": [167, 114], "uv_size": [0.5, 0.25]},
								"up": {"uv": [154, 14], "uv_size": [0.5, 0.5]},
								"down": {"uv": [22, 154.5], "uv_size": [0.5, -0.5]}
							}
						},
						{
							"origin": [-0.69887, 0.61899, 7.90625],
							"size": [0.375, 0.125, 0.40625],
							"pivot": [-0.66762, 0.68149, 6.70313],
							"rotation": [0, 0, -45],
							"uv": {
								"north": {"uv": [167, 116], "uv_size": [0.5, 0.25]},
								"east": {"uv": [167, 118], "uv_size": [0.5, 0.25]},
								"south": {"uv": [120, 167], "uv_size": [0.5, 0.25]},
								"west": {"uv": [167, 120], "uv_size": [0.5, 0.25]},
								"up": {"uv": [24, 154], "uv_size": [0.5, 0.5]},
								"down": {"uv": [154, 24.5], "uv_size": [0.5, -0.5]}
							}
						},
						{
							"origin": [-0.44711, 0.84375, 1.98974],
							"size": [0.398, 0.125, 0.28125],
							"pivot": [-0.18149, 0.90625, 2.13036],
							"rotation": [0, 45, 0],
							"uv": {
								"north": {"uv": [122, 167], "uv_size": [0.5, 0.25]},
								"east": {"uv": [189, 106], "uv_size": [0.25, 0.25]},
								"south": {"uv": [124, 167], "uv_size": [0.5, 0.25]},
								"west": {"uv": [189, 108], "uv_size": [0.25, 0.25]},
								"up": {"uv": [128, 167], "uv_size": [0.5, 0.25]},
								"down": {"uv": [130, 167.25], "uv_size": [0.5, -0.25]}
							}
						},
						{
							"origin": [0.04911, 0.84375, 1.98974],
							"size": [0.398, 0.125, 0.28125],
							"pivot": [0.18149, 0.90625, 2.13036],
							"rotation": [0, -45, 0],
							"uv": {
								"north": {"uv": [142, 167], "uv_size": [0.5, 0.25]},
								"east": {"uv": [189, 110], "uv_size": [0.25, 0.25]},
								"south": {"uv": [144, 167], "uv_size": [0.5, 0.25]},
								"west": {"uv": [189, 112], "uv_size": [0.25, 0.25]},
								"up": {"uv": [146, 167], "uv_size": [0.5, 0.25]},
								"down": {"uv": [167, 150.25], "uv_size": [0.5, -0.25]}
							}
						},
						{
							"origin": [-0.1875, 0.84375, 1.9375],
							"size": [0.375, 0.125, 0.28125],
							"uv": {
								"north": {"uv": [158, 167], "uv_size": [0.5, 0.25]},
								"east": {"uv": [189, 114], "uv_size": [0.25, 0.25]},
								"south": {"uv": [160, 167], "uv_size": [0.5, 0.25]},
								"west": {"uv": [189, 116], "uv_size": [0.25, 0.25]},
								"up": {"uv": [164, 167], "uv_size": [0.5, 0.25]},
								"down": {"uv": [168, 6.25], "uv_size": [0.5, -0.25]}
							}
						}
					]
				},
				{
					"name": "octagon10",
					"parent": "qiangtuo",
					"pivot": [0, -1.78125, 2.625],
					"cubes": [
						{
							"origin": [-0.12944, -2.28125, 2.3125],
							"size": [0.25888, 1, 0.625],
							"pivot": [0, -1.78125, 2.625],
							"rotation": [0, -45, 0],
							"uv": {
								"north": {"uv": [40, 154], "uv_size": [0.25, 1]},
								"east": {"uv": [131, 123], "uv_size": [0.75, 1]},
								"south": {"uv": [42, 154], "uv_size": [0.25, 1]},
								"west": {"uv": [131, 125], "uv_size": [0.75, 1]},
								"up": {"uv": [162, 72], "uv_size": [0.25, 0.75]},
								"down": {"uv": [74, 162.75], "uv_size": [0.25, -0.75]}
							}
						},
						{
							"origin": [-0.12944, -2.28125, 2.3125],
							"size": [0.25888, 1, 0.625],
							"uv": {
								"north": {"uv": [50, 154], "uv_size": [0.25, 1]},
								"east": {"uv": [131, 127], "uv_size": [0.75, 1]},
								"south": {"uv": [52, 154], "uv_size": [0.25, 1]},
								"west": {"uv": [131, 129], "uv_size": [0.75, 1]},
								"up": {"uv": [76, 162], "uv_size": [0.25, 0.75]},
								"down": {"uv": [162, 76.75], "uv_size": [0.25, -0.75]}
							}
						},
						{
							"origin": [-0.3125, -2.28125, 2.49556],
							"size": [0.625, 1, 0.25888],
							"pivot": [0, -1.78125, 2.625],
							"rotation": [0, -45, 0],
							"uv": {
								"north": {"uv": [131, 131], "uv_size": [0.75, 1]},
								"east": {"uv": [54, 154], "uv_size": [0.25, 1]},
								"south": {"uv": [132, 18], "uv_size": [0.75, 1]},
								"west": {"uv": [56, 154], "uv_size": [0.25, 1]},
								"up": {"uv": [78, 162], "uv_size": [0.75, 0.25]},
								"down": {"uv": [162, 78.25], "uv_size": [0.75, -0.25]}
							}
						},
						{
							"origin": [-0.3125, -2.28125, 2.49556],
							"size": [0.625, 1, 0.25888],
							"uv": {
								"north": {"uv": [132, 20], "uv_size": [0.75, 1]},
								"east": {"uv": [58, 154], "uv_size": [0.25, 1]},
								"south": {"uv": [132, 22], "uv_size": [0.75, 1]},
								"west": {"uv": [62, 154], "uv_size": [0.25, 1]},
								"up": {"uv": [80, 162], "uv_size": [0.75, 0.25]},
								"down": {"uv": [162, 80.25], "uv_size": [0.75, -0.25]}
							}
						}
					]
				},
				{
					"name": "octagon11",
					"parent": "qiangtuo",
					"pivot": [9.65625, -8.84375, -1.3125],
					"cubes": [
						{
							"origin": [1.15625, -1.03903, 5.98435],
							"size": [0.28125, 0.45306, 1.0938],
							"pivot": [1.65625, -0.8125, 6.53125],
							"rotation": [-45, 0, 0],
							"uv": {
								"north": {"uv": [78, 168], "uv_size": [0.25, 0.5]},
								"east": {"uv": [49, 138], "uv_size": [1, 0.5]},
								"south": {"uv": [168, 78], "uv_size": [0.25, 0.5]},
								"west": {"uv": [51, 138], "uv_size": [1, 0.5]},
								"up": {"uv": [154, 62], "uv_size": [0.25, 1]},
								"down": {"uv": [64, 155], "uv_size": [0.25, -1]}
							}
						},
						{
							"origin": [-1.4375, -1.3594, 6.30472],
							"size": [0.28125, 1.0938, 0.45306],
							"uv": {
								"north": {"uv": [66, 154], "uv_size": [0.25, 1]},
								"east": {"uv": [53, 138], "uv_size": [0.5, 1]},
								"south": {"uv": [154, 67], "uv_size": [0.25, 1]},
								"west": {"uv": [55, 138], "uv_size": [0.5, 1]},
								"up": {"uv": [80, 168], "uv_size": [0.25, 0.5]},
								"down": {"uv": [168, 80.5], "uv_size": [0.25, -0.5]}
							}
						},
						{
							"origin": [-1.4375, -1.3594, 6.30472],
							"size": [0.28125, 1.0938, 0.45306],
							"pivot": [-1.65625, -0.8125, 6.53125],
							"rotation": [-45, 0, 0],
							"uv": {
								"north": {"uv": [154, 69], "uv_size": [0.25, 1]},
								"east": {"uv": [57, 138], "uv_size": [0.5, 1]},
								"south": {"uv": [154, 71], "uv_size": [0.25, 1]},
								"west": {"uv": [61, 138], "uv_size": [0.5, 1]},
								"up": {"uv": [82, 168], "uv_size": [0.25, 0.5]},
								"down": {"uv": [168, 82.5], "uv_size": [0.25, -0.5]}
							}
						},
						{
							"origin": [-1.4375, -1.03903, 5.98435],
							"size": [0.28125, 0.45306, 1.0938],
							"uv": {
								"north": {"uv": [84, 168], "uv_size": [0.25, 0.5]},
								"east": {"uv": [70, 138], "uv_size": [1, 0.5]},
								"south": {"uv": [86, 168], "uv_size": [0.25, 0.5]},
								"west": {"uv": [72, 138], "uv_size": [1, 0.5]},
								"up": {"uv": [154, 73], "uv_size": [0.25, 1]},
								"down": {"uv": [74, 155], "uv_size": [0.25, -1]}
							}
						},
						{
							"origin": [-1.4375, -1.03903, 5.98435],
							"size": [0.28125, 0.45306, 1.0938],
							"pivot": [-1.65625, -0.8125, 6.53125],
							"rotation": [-45, 0, 0],
							"uv": {
								"north": {"uv": [168, 86], "uv_size": [0.25, 0.5]},
								"east": {"uv": [74, 138], "uv_size": [1, 0.5]},
								"south": {"uv": [88, 168], "uv_size": [0.25, 0.5]},
								"west": {"uv": [138, 78], "uv_size": [1, 0.5]},
								"up": {"uv": [76, 154], "uv_size": [0.25, 1]},
								"down": {"uv": [78, 155], "uv_size": [0.25, -1]}
							}
						},
						{
							"origin": [1.15625, -1.03903, 5.98435],
							"size": [0.28125, 0.45306, 1.0938],
							"uv": {
								"north": {"uv": [168, 88], "uv_size": [0.25, 0.5]},
								"east": {"uv": [138, 84], "uv_size": [1, 0.5]},
								"south": {"uv": [90, 168], "uv_size": [0.25, 0.5]},
								"west": {"uv": [85, 138], "uv_size": [1, 0.5]},
								"up": {"uv": [154, 78], "uv_size": [0.25, 1]},
								"down": {"uv": [80, 155], "uv_size": [0.25, -1]}
							}
						},
						{
							"origin": [1.15625, -1.3594, 6.30472],
							"size": [0.28125, 1.0938, 0.45306],
							"pivot": [1.65625, -0.8125, 6.53125],
							"rotation": [-45, 0, 0],
							"uv": {
								"north": {"uv": [154, 80], "uv_size": [0.25, 1]},
								"east": {"uv": [138, 86], "uv_size": [0.5, 1]},
								"south": {"uv": [82, 154], "uv_size": [0.25, 1]},
								"west": {"uv": [87, 138], "uv_size": [0.5, 1]},
								"up": {"uv": [168, 90], "uv_size": [0.25, 0.5]},
								"down": {"uv": [92, 168.5], "uv_size": [0.25, -0.5]}
							}
						},
						{
							"origin": [1.15625, -1.3594, 6.30472],
							"size": [0.28125, 1.0938, 0.45306],
							"uv": {
								"north": {"uv": [154, 82], "uv_size": [0.25, 1]},
								"east": {"uv": [89, 138], "uv_size": [0.5, 1]},
								"south": {"uv": [84, 154], "uv_size": [0.25, 1]},
								"west": {"uv": [91, 138], "uv_size": [0.5, 1]},
								"up": {"uv": [168, 92], "uv_size": [0.25, 0.5]},
								"down": {"uv": [94, 168.5], "uv_size": [0.25, -0.5]}
							}
						}
					]
				}
			]
		}
	]
}