{
	"format_version": "1.12.0",
	"minecraft:geometry": [
		{
			"description": {
				"identifier": "geometry.unknown",
				"texture_width": 64,
				"texture_height": 64,
				"visible_bounds_width": 5,
				"visible_bounds_height": 6,
				"visible_bounds_offset": [0, 0, 0]
			},
			"bones": [
				{
					"name": "positioning",
					"pivot": [0, 0, 0]
				},
				{
					"name": "muzzle_flash",
					"parent": "positioning",
					"pivot": [0.0125, 9.125, -34.5]
				},
				{
					"name": "thirdperson_hand",
					"parent": "positioning",
					"pivot": [0, 6.825, 5.425]
				},
				{
					"name": "ground",
					"parent": "positioning",
					"pivot": [0, -4, 2]
				},
				{
					"name": "fixed",
					"parent": "positioning",
					"pivot": [1.35, 8.275, -0.05],
					"rotation": [0, 90, 0]
				},
				{
					"name": "muzzle_pos",
					"parent": "positioning",
					"pivot": [0, 9.125, -33.3125]
				},
				{
					"name": "scope_pos",
					"parent": "positioning",
					"pivot": [0, 10.4975, 4.275]
				},
				{
					"name": "stock_pos",
					"parent": "positioning",
					"pivot": [0, 7.66875, 15.1875]
				},
				{
					"name": "laser_pos",
					"parent": "positioning",
					"pivot": [0.84375, 7.6875, -11.75],
					"rotation": [0, 0, 90]
				},
				{
					"name": "grip_pos",
					"parent": "positioning",
					"pivot": [0, 6.2, -4.55]
				},
				{
					"name": "shell",
					"parent": "positioning",
					"pivot": [0, 9, 0.7]
				},
				{
					"name": "lod",
					"pivot": [0, 0, 0],
					"cubes": [
						{
							"origin": [0, 5.125, 2.3125],
							"size": [0, 1.375, 4.8125],
							"uv": {
								"north": {"uv": [0, 0], "uv_size": [0, 1.5]},
								"east": {"uv": [24, 12], "uv_size": [5, 1.5]},
								"south": {"uv": [0, 0], "uv_size": [0, 1.5]},
								"west": {"uv": [28, 19], "uv_size": [5, 1.5]},
								"up": {"uv": [0, 0], "uv_size": [0, 5]},
								"down": {"uv": [0, 5], "uv_size": [0, -5]}
							}
						},
						{
							"origin": [-0.4375, 8.6875, -33.4375],
							"size": [0.875, 0.875, 31.6875],
							"pivot": [0, 9.125, -14.125],
							"rotation": [0, 0, -45],
							"uv": {
								"north": {"uv": [18, 25], "uv_size": [1, 1]},
								"east": {"uv": [6, 2], "uv_size": [31.5, 1]},
								"south": {"uv": [26, 31], "uv_size": [1, 1]},
								"west": {"uv": [6, 3], "uv_size": [31.5, 1]},
								"up": {"uv": [4, 12], "uv_size": [1, 31.5]},
								"down": {"uv": [5, 43.5], "uv_size": [1, -31.5]}
							}
						},
						{
							"origin": [-0.4375, 7.1875, -16.6875],
							"size": [0.875, 0.875, 1.1875],
							"pivot": [0, 7.625, -14.125],
							"rotation": [0, 0, -45],
							"uv": {
								"north": {"uv": [3, 2], "uv_size": [1, 1]},
								"east": {"uv": [3, 3], "uv_size": [1, 1]},
								"west": {"uv": [2, 4], "uv_size": [1, 1]},
								"up": {"uv": [4, 2], "uv_size": [1, 1]},
								"down": {"uv": [3, 5], "uv_size": [1, -1]}
							}
						},
						{
							"origin": [-0.875, 7.125, -15.5],
							"size": [1.75, 1.9375, 13.75],
							"uv": {
								"north": {"uv": [0, 6], "uv_size": [2, 2]},
								"east": {"uv": [24, 12], "uv_size": [-14, 2]},
								"south": {"uv": [2, 6], "uv_size": [2, 2]},
								"west": {"uv": [10, 12], "uv_size": [14, 2]},
								"up": {"uv": [10, 14], "uv_size": [2, 14]},
								"down": {"uv": [12, 28], "uv_size": [2, -14]}
							}
						},
						{
							"origin": [-0.4375, 6.6875, -15.5],
							"size": [0.875, 0.4375, 13.75],
							"uv": {
								"north": {"uv": [34, 9], "uv_size": [1, 0.5]},
								"east": {"uv": [24, 10], "uv_size": [14, 0.5]},
								"south": {"uv": [21, 34], "uv_size": [1, 0.5]},
								"west": {"uv": [28, 23], "uv_size": [14, 0.5]},
								"up": {"uv": [23, 19], "uv_size": [1, 14]},
								"down": {"uv": [24, 33], "uv_size": [1, -14]}
							}
						},
						{
							"origin": [-0.97227, 6.35983, -15.5],
							"size": [1.23744, 1.23744, 13.75],
							"pivot": [0, 6.625, -8.625],
							"rotation": [0, 0, 45],
							"uv": {
								"north": {"uv": [33, 8], "uv_size": [1, 1]},
								"south": {"uv": [33, 9], "uv_size": [1, 1]},
								"west": {"uv": [23, 14], "uv_size": [14, 1]},
								"down": {"uv": [14, 40], "uv_size": [1, -14]}
							}
						},
						{
							"origin": [-0.4375, 6.625, -3.25],
							"size": [0.875, 0.375, 8.75],
							"pivot": [0, 6.71875, 1.875],
							"rotation": [180, 0, 0],
							"uv": {
								"north": {"uv": [22, 34], "uv_size": [1, 0.5]},
								"south": {"uv": [23, 34], "uv_size": [1, 0.5]},
								"up": {"uv": [6, 27], "uv_size": [1, 9]}
							}
						},
						{
							"origin": [-0.55243, 6.09624, -3.25],
							"size": [1.23744, 1.23744, 8.75],
							"pivot": [0, 6.78125, 1.875],
							"rotation": [-180, 0, -45],
							"uv": {
								"north": {"uv": [33, 19], "uv_size": [1, 1]},
								"east": {"uv": [24, 0], "uv_size": [9, 1]},
								"south": {"uv": [33, 20], "uv_size": [1, 1]},
								"up": {"uv": [8, 27], "uv_size": [1, 9]}
							}
						},
						{
							"origin": [-0.875, 6.875, -1.75],
							"size": [1.75, 2.5, 8.5],
							"uv": {
								"north": {"uv": [2, 29], "uv_size": [2, 2.5]},
								"east": {"uv": [14, 14], "uv_size": [8.5, 2.5]},
								"south": {"uv": [30, 24], "uv_size": [2, 2.5]},
								"west": {"uv": [41, 20.5], "uv_size": [8.5, 2.5]},
								"down": {"uv": [16, 25.5], "uv_size": [2, -8.5]}
							}
						},
						{
							"origin": [-0.875, 7.75, 6.75],
							"size": [1.75, 1.60649, 0.59306],
							"pivot": [0, 7.875, 7],
							"rotation": [22.5, 0, 0],
							"uv": {
								"north": {"uv": [2, 32], "uv_size": [2, 1.5]},
								"east": {"uv": [3, 34], "uv_size": [0.5, 1.5]},
								"south": {"uv": [32, 24], "uv_size": [2, 1.5]},
								"west": {"uv": [34, 5], "uv_size": [0.5, 1.5]},
								"up": {"uv": [23, 33], "uv_size": [2, 0.5]},
								"down": {"uv": [25, 33.5], "uv_size": [2, -0.5]}
							}
						},
						{
							"origin": [-0.875, 6.78521, 7.36478],
							"size": [1.75, 1.04309, 17.04519],
							"inflate": 0.0001,
							"pivot": [0.875, 7.8908, 7.36478],
							"rotation": [-17, 0, 0],
							"uv": {
								"north": {"uv": [26, 32], "uv_size": [2, 1]},
								"east": {"uv": [15, 11], "uv_size": [17, 1]},
								"south": {"uv": [32, 26], "uv_size": [2, 1]},
								"west": {"uv": [18, 17], "uv_size": [17, 1]},
								"down": {"uv": [2, 29], "uv_size": [2, -17]}
							}
						},
						{
							"origin": [-0.4375, 6.34771, 7.36478],
							"size": [0.875, 0.4375, 17.04519],
							"pivot": [0.875, 7.8908, 7.36478],
							"rotation": [-17, 0, 0],
							"uv": {
								"south": {"uv": [32, 26], "uv_size": [2, 1]},
								"down": {"uv": [2, 29], "uv_size": [2, -17]}
							}
						},
						{
							"origin": [-0.4375, 7.8283, 7.36478],
							"size": [0.875, 0.4375, 4.29519],
							"pivot": [0.875, 7.8908, 7.36478],
							"rotation": [-17, 0, 0],
							"uv": {
								"south": {"uv": [2, 3], "uv_size": [1, 0.5]},
								"up": {"uv": [0, 0], "uv_size": [1, 4.5]},
								"down": {"uv": [1, 4.5], "uv_size": [1, -4.5]}
							}
						},
						{
							"origin": [-0.35355, 6.53168, 7.34046],
							"size": [1.23744, 1.23744, 5.35769],
							"pivot": [0, 7.41556, 9.98805],
							"rotation": [-12.19872, 11.93126, 43.72048],
							"uv": {
								"north": {"uv": [27, 33], "uv_size": [1, 1]},
								"east": {"uv": [29, 28], "uv_size": [5.5, 1]},
								"south": {"uv": [28, 33], "uv_size": [1, 1]},
								"west": {"uv": [29, 29], "uv_size": [5.5, 1]},
								"up": {"uv": [18, 19], "uv_size": [1, 5.5]},
								"down": {"uv": [1, 34.5], "uv_size": [1, -5.5]}
							}
						},
						{
							"origin": [-0.35355, 3.62958, 6.5595],
							"size": [1.23744, 1.23744, 17.04519],
							"pivot": [0, 3.98314, 15.08209],
							"rotation": [-12.19872, -11.93126, -43.72048],
							"uv": {
								"north": {"uv": [29, 33], "uv_size": [1, 1]},
								"east": {"uv": [18, 18], "uv_size": [17, 1]},
								"south": {"uv": [30, 33], "uv_size": [1, 1]},
								"down": {"uv": [20, 36], "uv_size": [1, -17]}
							}
						},
						{
							"origin": [-0.875, 3.17394, 9.31007],
							"size": [1.75, 3.46195, 14.3928],
							"pivot": [0, 3.92684, 18.33267],
							"rotation": [-3.5, 0, 0],
							"uv": {
								"north": {"uv": [28, 24], "uv_size": [2, 3.5]},
								"east": {"uv": [14.5, 8], "uv_size": [-14.5, 3.5]},
								"south": {"uv": [27, 28], "uv_size": [2, 3.5]},
								"west": {"uv": [0, 8], "uv_size": [14.5, 3.5]},
								"up": {"uv": [6, 12], "uv_size": [2, 14.5]},
								"down": {"uv": [8, 26.5], "uv_size": [2, -14.5]}
							}
						},
						{
							"origin": [-0.17494, 5.81556, 12.46544],
							"size": [1.04994, 0.48744, 11.3928],
							"pivot": [0.875, 6.30299, 23.85824],
							"rotation": [-1.75163, 3.03062, 59.95366],
							"uv": {
								"north": {"uv": [24, 34], "uv_size": [1, 0.5]},
								"east": {"uv": [28, 21], "uv_size": [11.5, 0.5]},
								"south": {"uv": [34, 24], "uv_size": [1, 0.5]},
								"west": {"uv": [28, 22], "uv_size": [11.5, 0.5]},
								"up": {"uv": [15, 26], "uv_size": [1, 11.5]},
								"down": {"uv": [16, 37.5], "uv_size": [1, -11.5]}
							}
						},
						{
							"origin": [-0.875, 5.81556, 12.46544],
							"size": [1.04994, 0.48744, 11.3928],
							"pivot": [-0.875, 6.30299, 23.85824],
							"rotation": [-1.75163, -3.03062, -59.95366],
							"uv": {
								"north": {"uv": [25, 34], "uv_size": [1, 0.5]},
								"east": {"uv": [29, 12], "uv_size": [11.5, 0.5]},
								"south": {"uv": [34, 25], "uv_size": [1, 0.5]},
								"west": {"uv": [29, 13], "uv_size": [11.5, 0.5]},
								"up": {"uv": [17, 26], "uv_size": [1, 11.5]},
								"down": {"uv": [26, 30.5], "uv_size": [1, -11.5]}
							}
						},
						{
							"origin": [-0.35003, 6.61506, 12.47478],
							"size": [0.70006, 0.90299, 11.3928],
							"pivot": [0, 6.60878, 18.85869],
							"rotation": [-3.5, 0, 0],
							"uv": {
								"north": {"uv": [26, 34], "uv_size": [0.5, 1]},
								"east": {"uv": [23, 15], "uv_size": [11.5, 1]},
								"south": {"uv": [34, 26], "uv_size": [0.5, 1]},
								"west": {"uv": [23, 16], "uv_size": [11.5, 1]},
								"up": {"uv": [13, 28], "uv_size": [0.5, 11.5]},
								"down": {"uv": [0, 40.5], "uv_size": [0.5, -11.5]}
							}
						},
						{
							"origin": [-0.35003, 7.00309, 11.2297],
							"size": [0.70006, 0.90299, 1.3125],
							"pivot": [0.35003, 7.90608, 12.5422],
							"rotation": [41.5, 0, 0],
							"uv": {
								"north": {"uv": [27, 34], "uv_size": [0.5, 1]},
								"east": {"uv": [32, 32], "uv_size": [1.5, 1]},
								"south": {"uv": [28, 34], "uv_size": [0.5, 1]},
								"west": {"uv": [33, 0], "uv_size": [1.5, 1]},
								"up": {"uv": [34, 7], "uv_size": [0.5, 1.5]},
								"down": {"uv": [34, 20.5], "uv_size": [0.5, -1.5]}
							}
						},
						{
							"origin": [-0.875, 6.875, 6.75],
							"size": [1.75, 1.0158, 0.61478],
							"uv": {
								"north": {"uv": [28, 32], "uv_size": [2, 1]},
								"east": {"uv": [29, 34], "uv_size": [0.5, 1]},
								"south": {"uv": [30, 32], "uv_size": [2, 1]},
								"west": {"uv": [30, 34], "uv_size": [0.5, 1]},
								"up": {"uv": [31, 33], "uv_size": [2, 0.5]},
								"down": {"uv": [33, 33.5], "uv_size": [2, -0.5]}
							}
						},
						{
							"origin": [-0.7981, 9.15901, -1.75],
							"size": [1.23744, 1.23744, 8.5],
							"pivot": [-0.57583, 9.35983, 1.875],
							"rotation": [0, 0, 45],
							"uv": {
								"north": {"uv": [34, 1], "uv_size": [1, 1]},
								"east": {"uv": [24, 8], "uv_size": [8.5, 1]},
								"south": {"uv": [2, 34], "uv_size": [1, 1]},
								"up": {"uv": [27, 19], "uv_size": [1, 8.5]}
							}
						},
						{
							"origin": [-0.4375, 9.375, -1.75],
							"size": [0.875, 0.4375, 8.5],
							"uv": {
								"north": {"uv": [31, 34], "uv_size": [1, 0.5]},
								"south": {"uv": [32, 34], "uv_size": [1, 0.5]},
								"up": {"uv": [11, 28], "uv_size": [1, 8.5]}
							}
						}
					]
				}
			]
		}
	]
}