{
	"format_version": "1.12.0",
	"minecraft:geometry": [
		{
			"description": {
				"identifier": "geometry.unknown",
				"texture_width": 256,
				"texture_height": 256,
				"visible_bounds_width": 5,
				"visible_bounds_height": 4,
				"visible_bounds_offset": [0, 1, 0]
			},
			"bones": [
				{
					"name": "positioning",
					"pivot": [0, 7, -1.425]
				},
				{
					"name": "muzzle_flash",
					"parent": "positioning",
					"pivot": [0, 6.05, -41]
				},
				{
					"name": "muzzle_pos",
					"parent": "positioning",
					"pivot": [0, 6.05, -37.75]
				},
				{
					"name": "laser_pos",
					"parent": "positioning",
					"pivot": [2.53125, 7.5, -13.5],
					"rotation": [0, 0, 90]
				},
				{
					"name": "scope_pos",
					"parent": "positioning",
					"pivot": [2, 9.8225, 4.32813]
				},
				{
					"name": "stock_pos",
					"parent": "positioning",
					"pivot": [0, 6.275, 11.5]
				},
				{
					"name": "grip_pos",
					"parent": "positioning",
					"pivot": [0, 3.8875, -6.625]
				},
				{
					"name": "shell",
					"parent": "positioning",
					"pivot": [-1.95, 7.25, -8.775]
				},
				{
					"name": "thirdperson_hand",
					"parent": "positioning",
					"pivot": [0, 4.35, 7.1]
				},
				{
					"name": "ground",
					"parent": "positioning",
					"pivot": [0, -4.9, -11.35]
				},
				{
					"name": "fixed",
					"parent": "positioning",
					"pivot": [4.1, 6.1, -12.775],
					"rotation": [0, 90, 0]
				},
				{
					"name": "lod",
					"pivot": [0, 0, 0],
					"cubes": [
						{
							"origin": [-0.1875, 4.33825, 5.12175],
							"size": [0.375, 0.3125, 0.75],
							"pivot": [0, 4.4945, 5.49675],
							"rotation": [-25, 0, 0],
							"uv": {
								"east": {"uv": [61, 8], "uv_size": [1, 0.5]},
								"south": {"uv": [68, 31], "uv_size": [0.5, 0.5]},
								"west": {"uv": [61, 11], "uv_size": [1, 0.5]},
								"up": {"uv": [22, 61], "uv_size": [0.5, 1]},
								"down": {"uv": [61, 24], "uv_size": [0.5, -1]}
							}
						},
						{
							"origin": [-0.1875, 4.16513, 5.90265],
							"size": [0.375, 0.3125, 0.75],
							"pivot": [0.125, 4.47763, 5.90265],
							"rotation": [-65, 0, 0],
							"uv": {
								"north": {"uv": [68, 33], "uv_size": [0.5, 0.5]},
								"east": {"uv": [61, 25], "uv_size": [1, 0.5]},
								"south": {"uv": [68, 48], "uv_size": [0.5, 0.5]},
								"west": {"uv": [61, 27], "uv_size": [1, 0.5]},
								"up": {"uv": [61, 29], "uv_size": [0.5, 1]},
								"down": {"uv": [61, 32], "uv_size": [0.5, -1]}
							}
						},
						{
							"origin": [-0.1875, 3.48539, 6.21961],
							"size": [0.375, 0.3125, 0.5625],
							"pivot": [0.125, 3.79789, 6.21961],
							"rotation": [-102.5, 0, 0],
							"uv": {
								"north": {"uv": [68, 50], "uv_size": [0.5, 0.5]},
								"east": {"uv": [52, 68], "uv_size": [0.5, 0.5]},
								"west": {"uv": [68, 52], "uv_size": [0.5, 0.5]},
								"up": {"uv": [53, 68], "uv_size": [0.5, 0.5]},
								"down": {"uv": [54, 68.5], "uv_size": [0.5, -0.5]}
							}
						},
						{
							"origin": [-0.1875, 3.07708, 5.55345],
							"size": [0.375, 0.3125, 0.5],
							"pivot": [0, 3.23333, 5.80345],
							"rotation": [-145, 0, 0],
							"uv": {
								"north": {"uv": [68, 54], "uv_size": [0.5, 0.5]},
								"east": {"uv": [55, 68], "uv_size": [0.5, 0.5]},
								"south": {"uv": [68, 64], "uv_size": [0.5, 0.5]},
								"west": {"uv": [68, 66], "uv_size": [0.5, 0.5]},
								"up": {"uv": [67, 68], "uv_size": [0.5, 0.5]},
								"down": {"uv": [68, 68.5], "uv_size": [0.5, -0.5]}
							}
						},
						{
							"origin": [-2.82543, 6.90368, -25.125],
							"size": [0.25, 1.5, 0.25],
							"pivot": [-2.70043, 7.74743, -25],
							"rotation": [0, -57.5, 12.5],
							"uv": {
								"north": {"uv": [58, 69], "uv_size": [0.5, 1.5]},
								"east": {"uv": [59, 69], "uv_size": [0.5, 1.5]},
								"south": {"uv": [60, 69], "uv_size": [0.5, 1.5]},
								"west": {"uv": [69, 68], "uv_size": [0.5, 1.5]},
								"up": {"uv": [50, 69], "uv_size": [0.5, 0.5]},
								"down": {"uv": [69, 50.5], "uv_size": [0.5, -0.5]}
							}
						},
						{
							"origin": [-2.88793, 6.40368, -25.1875],
							"size": [0.375, 0.25, 0.375],
							"pivot": [-2.70043, 7.74743, -25],
							"rotation": [0, -45, 12.5],
							"uv": {
								"north": {"uv": [69, 52], "uv_size": [0.5, 0.5]},
								"east": {"uv": [69, 54], "uv_size": [0.5, 0.5]},
								"south": {"uv": [69, 64], "uv_size": [0.5, 0.5]},
								"west": {"uv": [69, 66], "uv_size": [0.5, 0.5]},
								"up": {"uv": [70, 9], "uv_size": [0.5, 0.5]},
								"down": {"uv": [70, 11.5], "uv_size": [0.5, -0.5]}
							}
						},
						{
							"origin": [-2.99818, 6.44314, -24.75],
							"size": [0.125, 0.25, 0.3125],
							"inflate": 0.001,
							"pivot": [-2.99818, 6.69314, -24.75],
							"rotation": [-45, 0, 12.5],
							"uv": {
								"north": {"uv": [70, 13], "uv_size": [0.5, 0.5]},
								"east": {"uv": [70, 19], "uv_size": [0.5, 0.5]},
								"south": {"uv": [70, 26], "uv_size": [0.5, 0.5]},
								"west": {"uv": [70, 28], "uv_size": [0.5, 0.5]},
								"up": {"uv": [29, 70], "uv_size": [0.5, 0.5]},
								"down": {"uv": [30, 70.5], "uv_size": [0.5, -0.5]}
							}
						},
						{
							"origin": [-3.03644, 6.27055, -25.07322],
							"size": [0.125, 0.25, 0.3125],
							"inflate": 0.001,
							"pivot": [-3.03644, 6.52055, -25.07322],
							"rotation": [-135, 0, 12.5],
							"uv": {
								"north": {"uv": [70, 31], "uv_size": [0.5, 0.5]},
								"east": {"uv": [43, 70], "uv_size": [0.5, 0.5]},
								"south": {"uv": [70, 43], "uv_size": [0.5, 0.5]},
								"west": {"uv": [44, 70], "uv_size": [0.5, 0.5]},
								"up": {"uv": [45, 70], "uv_size": [0.5, 0.5]},
								"down": {"uv": [70, 45.5], "uv_size": [0.5, -0.5]}
							}
						},
						{
							"origin": [-2.80351, 5.59563, -25.0625],
							"size": [0.125, 1.3125, 0.125],
							"pivot": [-2.74101, 7.56438, -25],
							"rotation": [0, 60, 12.5],
							"uv": {
								"north": {"uv": [1, 70], "uv_size": [0.5, 1.5]},
								"east": {"uv": [2, 70], "uv_size": [0.5, 1.5]},
								"south": {"uv": [3, 70], "uv_size": [0.5, 1.5]},
								"west": {"uv": [70, 15], "uv_size": [0.5, 1.5]},
								"up": {"uv": [70, 47], "uv_size": [0.5, 0.5]},
								"down": {"uv": [70, 48.5], "uv_size": [0.5, -0.5]}
							}
						},
						{
							"origin": [0.48451, 10.3125, -35.1875],
							"size": [0.15652, 0.75, 1.375],
							"pivot": [0.48451, 10.3125, -35.25],
							"rotation": [0, 0, -5],
							"uv": {
								"north": {"uv": [0, 65], "uv_size": [0.5, 1]},
								"east": {"uv": [47, 31], "uv_size": [1.5, 1]},
								"south": {"uv": [66, 22], "uv_size": [0.5, 1]},
								"west": {"uv": [47, 34], "uv_size": [1.5, 1]},
								"up": {"uv": [70, 17], "uv_size": [0.5, 1.5]}
							}
						},
						{
							"origin": [0.41855, 11.07329, -35.1875],
							"size": [0.15652, 0.375, 1.375],
							"pivot": [0.57506, 11.07329, -35.25],
							"rotation": [0, 0, -50],
							"uv": {
								"north": {"uv": [70, 50], "uv_size": [0.5, 0.5]},
								"east": {"uv": [53, 34], "uv_size": [1.5, 0.5]},
								"south": {"uv": [70, 52], "uv_size": [0.5, 0.5]},
								"west": {"uv": [53, 45], "uv_size": [1.5, 0.5]},
								"up": {"uv": [22, 70], "uv_size": [0.5, 1.5]},
								"down": {"uv": [70, 23.5], "uv_size": [0.5, -1.5]}
							}
						},
						{
							"origin": [-0.2878, 11.19829, -35.1875],
							"size": [0.5756, 0.11605, 1.375],
							"uv": {
								"north": {"uv": [70, 54], "uv_size": [0.5, 0.5]},
								"east": {"uv": [53, 48], "uv_size": [1.5, 0.5]},
								"south": {"uv": [70, 58], "uv_size": [0.5, 0.5]},
								"west": {"uv": [54, 2], "uv_size": [1.5, 0.5]},
								"up": {"uv": [23, 70], "uv_size": [0.5, 1.5]},
								"down": {"uv": [24, 71.5], "uv_size": [0.5, -1.5]}
							}
						},
						{
							"origin": [-0.1003, 10.32329, -35.1875],
							"size": [0.2006, 0.49105, 1.375],
							"uv": {
								"north": {"uv": [70, 59], "uv_size": [0.5, 0.5]},
								"east": {"uv": [54, 5], "uv_size": [1.5, 0.5]},
								"south": {"uv": [70, 60], "uv_size": [0.5, 0.5]},
								"west": {"uv": [54, 8], "uv_size": [1.5, 0.5]},
								"up": {"uv": [70, 24], "uv_size": [0.5, 1.5]},
								"down": {"uv": [25, 71.5], "uv_size": [0.5, -1.5]}
							}
						},
						{
							"origin": [-0.64103, 10.3125, -35.1875],
							"size": [0.15652, 0.75, 1.375],
							"pivot": [-0.48451, 10.3125, -35.25],
							"rotation": [0, 0, 5],
							"uv": {
								"north": {"uv": [66, 26], "uv_size": [0.5, 1]},
								"east": {"uv": [44, 47], "uv_size": [1.5, 1]},
								"south": {"uv": [66, 33], "uv_size": [0.5, 1]},
								"west": {"uv": [46, 47], "uv_size": [1.5, 1]},
								"up": {"uv": [26, 70], "uv_size": [0.5, 1.5]}
							}
						},
						{
							"origin": [-0.57506, 11.07329, -35.1875],
							"size": [0.15652, 0.375, 1.375],
							"pivot": [-0.57506, 11.07329, -35.25],
							"rotation": [0, 0, 50],
							"uv": {
								"north": {"uv": [61, 70], "uv_size": [0.5, 0.5]},
								"east": {"uv": [54, 17], "uv_size": [1.5, 0.5]},
								"south": {"uv": [70, 61], "uv_size": [0.5, 0.5]},
								"west": {"uv": [54, 19], "uv_size": [1.5, 0.5]},
								"up": {"uv": [27, 70], "uv_size": [0.5, 1.5]},
								"down": {"uv": [28, 71.5], "uv_size": [0.5, -1.5]}
							}
						}
					]
				},
				{
					"name": "gfhfdgh",
					"parent": "lod",
					"pivot": [0, 7.5625, -34.75],
					"cubes": [
						{
							"origin": [-1.13909, 4.8125, -35.25],
							"size": [2.27817, 5.5, 1.5],
							"pivot": [0, 7.5625, -34.75],
							"rotation": [0, 0, 45],
							"uv": {
								"north": {"uv": [53, 11], "uv_size": [2.5, 5.5]},
								"south": {"uv": [27, 53], "uv_size": [2.5, 5.5]},
								"west": {"uv": [18, 39], "uv_size": [1.5, 5.5]},
								"up": {"uv": [67, 60], "uv_size": [2.5, 1.5]},
								"down": {"uv": [63, 68.5], "uv_size": [2.5, -1.5]}
							}
						},
						{
							"origin": [-1.13909, 4.8125, -35.25],
							"size": [2.27817, 5.5, 1.5],
							"uv": {
								"north": {"uv": [30, 53], "uv_size": [2.5, 5.5]},
								"south": {"uv": [43, 53], "uv_size": [2.5, 5.5]},
								"up": {"uv": [22, 68], "uv_size": [2.5, 1.5]},
								"down": {"uv": [25, 69.5], "uv_size": [2.5, -1.5]}
							}
						},
						{
							"origin": [-2.75, 6.42341, -35.25],
							"size": [5.5, 2.27817, 1.5],
							"pivot": [0, 7.5625, -34.75],
							"rotation": [0, 0, 45],
							"uv": {
								"north": {"uv": [8, 61], "uv_size": [5.5, 2.5]},
								"east": {"uv": [61, 17], "uv_size": [1.5, 2.5]},
								"south": {"uv": [61, 56], "uv_size": [5.5, 2.5]},
								"west": {"uv": [31, 62], "uv_size": [1.5, 2.5]}
							}
						},
						{
							"origin": [-2.75, 6.42341, -35.25],
							"size": [5.5, 2.27817, 1.5],
							"uv": {
								"north": {"uv": [61, 59], "uv_size": [5.5, 2.5]},
								"east": {"uv": [46, 62], "uv_size": [1.5, 2.5]},
								"south": {"uv": [22, 62], "uv_size": [5.5, 2.5]},
								"west": {"uv": [4, 64], "uv_size": [1.5, 2.5]},
								"up": {"uv": [33, 21], "uv_size": [5.5, 1.5]}
							}
						}
					]
				},
				{
					"name": "gfhfdgh4",
					"parent": "lod",
					"pivot": [0, 6.0625, -35.5],
					"cubes": [
						{
							"origin": [-0.41554, 5.0593, -35.7736],
							"size": [0.83108, 2.0064, 0.5472],
							"pivot": [0, 6.0625, -35.5912],
							"rotation": [0, 0, 45],
							"uv": {
								"north": {"uv": [29, 15], "uv_size": [1, 2]},
								"up": {"uv": [57, 25], "uv_size": [1, 0.5]},
								"down": {"uv": [57, 27.5], "uv_size": [1, -0.5]}
							}
						},
						{
							"origin": [-0.41554, 5.0593, -35.7736],
							"size": [0.83108, 2.0064, 0.5472],
							"uv": {
								"north": {"uv": [15, 37], "uv_size": [1, 2]},
								"up": {"uv": [57, 29], "uv_size": [1, 0.5]},
								"down": {"uv": [57, 31.5], "uv_size": [1, -0.5]}
							}
						},
						{
							"origin": [-1.0032, 5.64696, -35.7736],
							"size": [2.0064, 0.83108, 0.5472],
							"pivot": [0, 6.0625, -35.5912],
							"rotation": [0, 0, 45],
							"uv": {
								"north": {"uv": [40, 25], "uv_size": [2, 1]},
								"east": {"uv": [57, 37], "uv_size": [0.5, 1]},
								"west": {"uv": [57, 43], "uv_size": [0.5, 1]}
							}
						},
						{
							"origin": [-1.0032, 5.64696, -35.7736],
							"size": [2.0064, 0.83108, 0.5472],
							"uv": {
								"north": {"uv": [41, 27], "uv_size": [2, 1]},
								"east": {"uv": [57, 45], "uv_size": [0.5, 1]},
								"west": {"uv": [57, 48], "uv_size": [0.5, 1]}
							}
						},
						{
							"origin": [-0.41554, 5.5593, -36.8208],
							"size": [1.16874, 1.16874, 1.0472],
							"pivot": [0, 6.3125, -36.0472],
							"rotation": [0, 0, 45],
							"uv": {
								"north": {"uv": [1, 45], "uv_size": [1, 1]},
								"east": {"uv": [8, 45], "uv_size": [1, 1]},
								"west": {"uv": [34, 46], "uv_size": [1, 1]},
								"up": {"uv": [47, 13], "uv_size": [1, 1]},
								"down": {"uv": [47, 42], "uv_size": [1, -1]}
							}
						},
						{
							"origin": [-0.41554, 5.5593, -38.5708],
							"size": [1.16874, 1.16874, 0.6097],
							"pivot": [0, 6.3125, -38.5472],
							"rotation": [0, 0, 45],
							"uv": {
								"east": {"uv": [2, 58], "uv_size": [0.5, 1]},
								"south": {"uv": [48, 2], "uv_size": [1, 1]},
								"west": {"uv": [3, 58], "uv_size": [0.5, 1]},
								"up": {"uv": [4, 58], "uv_size": [1, 0.5]},
								"down": {"uv": [7, 58.5], "uv_size": [1, -0.5]}
							}
						},
						{
							"origin": [-0.54054, 5.46555, -40.4458],
							"size": [1.29374, 1.29374, 1.875],
							"pivot": [0, 6.21875, -39.1722],
							"rotation": [0, 0, 45],
							"uv": {
								"north": {"uv": [31, 65], "uv_size": [1.5, 1.5]},
								"east": {"uv": [27, 44], "uv_size": [2, 1.5]},
								"south": {"uv": [46, 65], "uv_size": [1.5, 1.5]},
								"west": {"uv": [65, 8], "uv_size": [2, 1.5]},
								"up": {"uv": [65, 10], "uv_size": [1.5, 2]},
								"down": {"uv": [65, 14], "uv_size": [1.5, -2]}
							}
						},
						{
							"origin": [-0.29054, 5.6843, -38.3208],
							"size": [0.91874, 0.91874, 1.5],
							"pivot": [0, 6.3125, -36.0472],
							"rotation": [0, 0, 45],
							"uv": {
								"east": {"uv": [29, 44], "uv_size": [1.5, 1]},
								"west": {"uv": [18, 45], "uv_size": [1.5, 1]},
								"up": {"uv": [43, 50], "uv_size": [1, 1.5]},
								"down": {"uv": [48, 51.5], "uv_size": [1, -1.5]}
							}
						}
					]
				},
				{
					"name": "gfhfdgh2",
					"parent": "lod",
					"pivot": [0, 7.5625, -25.5],
					"cubes": [
						{
							"origin": [-1.13909, 4.8125, -26],
							"size": [2.27817, 5.5, 2],
							"pivot": [0, 7.5625, -25.5],
							"rotation": [0, 0, 45],
							"uv": {
								"north": {"uv": [46, 53], "uv_size": [2.5, 5.5]},
								"south": {"uv": [56, 11], "uv_size": [2.5, 5.5]},
								"west": {"uv": [18, 33], "uv_size": [2, 5.5]},
								"up": {"uv": [6, 55], "uv_size": [2.5, 2]},
								"down": {"uv": [63, 30], "uv_size": [2.5, -2]}
							}
						},
						{
							"origin": [-1.13909, 4.8125, -26],
							"size": [2.27817, 5.5, 2],
							"uv": {
								"north": {"uv": [50, 59], "uv_size": [2.5, 5.5]},
								"south": {"uv": [14, 61], "uv_size": [2.5, 5.5]},
								"up": {"uv": [67, 58], "uv_size": [2.5, 2]},
								"down": {"uv": [60, 69], "uv_size": [2.5, -2]}
							}
						},
						{
							"origin": [-1.57659, 4.3125, -26],
							"size": [3.40317, 1.25, 2],
							"uv": {
								"north": {"uv": [56, 67], "uv_size": [3.5, 1.5]},
								"east": {"uv": [65, 14], "uv_size": [2, 1.5]},
								"south": {"uv": [67, 56], "uv_size": [3.5, 1.5]},
								"west": {"uv": [65, 16], "uv_size": [2, 1.5]},
								"up": {"uv": [65, 36], "uv_size": [3.5, 2]},
								"down": {"uv": [65, 40], "uv_size": [3.5, -2]}
							}
						},
						{
							"origin": [-2.75, 6.42341, -26],
							"size": [5.5, 2.27817, 2],
							"pivot": [0, 7.5625, -25.5],
							"rotation": [0, 0, 45],
							"uv": {
								"north": {"uv": [56, 62], "uv_size": [5.5, 2.5]},
								"east": {"uv": [32, 46], "uv_size": [2, 2.5]},
								"south": {"uv": [62, 62], "uv_size": [5.5, 2.5]},
								"west": {"uv": [56, 56], "uv_size": [2, 2.5]}
							}
						},
						{
							"origin": [-2.75, 8.17341, -26],
							"size": [0.25, 0.52817, 2],
							"uv": {
								"north": {"uv": [67, 9], "uv_size": [0.5, 0.5]},
								"east": {"uv": [48, 9], "uv_size": [2, 0.5]},
								"south": {"uv": [67, 11], "uv_size": [0.5, 0.5]},
								"west": {"uv": [48, 19], "uv_size": [2, 0.5]},
								"up": {"uv": [61, 20], "uv_size": [0.5, 2]}
							}
						},
						{
							"origin": [-2.75, 6.42341, -26],
							"size": [0.25, 0.52817, 2],
							"uv": {
								"north": {"uv": [67, 13], "uv_size": [0.5, 0.5]},
								"east": {"uv": [48, 25], "uv_size": [2, 0.5]},
								"south": {"uv": [67, 15], "uv_size": [0.5, 0.5]},
								"west": {"uv": [49, 2], "uv_size": [2, 0.5]},
								"up": {"uv": [1, 62], "uv_size": [0.5, 2]}
							}
						},
						{
							"origin": [2.25, 6.42341, -26],
							"size": [0.5, 2.27817, 2],
							"uv": {
								"north": {"uv": [39, 61], "uv_size": [0.5, 2.5]},
								"east": {"uv": [57, 0], "uv_size": [2, 2.5]},
								"south": {"uv": [41, 61], "uv_size": [0.5, 2.5]},
								"west": {"uv": [17, 61], "uv_size": [2, 2.5]},
								"up": {"uv": [62, 12], "uv_size": [0.5, 2]}
							}
						}
					]
				},
				{
					"name": "gfhfdgh3",
					"parent": "lod",
					"pivot": [0, 7.5625, -12.75],
					"cubes": [
						{
							"origin": [-1.13909, 4.8125, -12.25],
							"size": [2.27817, 5.5, 1],
							"pivot": [0, 7.5625, -12.75],
							"rotation": [0, 0, 45],
							"uv": {
								"north": {"uv": [62, 22], "uv_size": [2.5, 5.5]},
								"south": {"uv": [28, 62], "uv_size": [2.5, 5.5]},
								"west": {"uv": [9, 9], "uv_size": [1, 5.5]},
								"up": {"uv": [29, 29], "uv_size": [2.5, 1]},
								"down": {"uv": [30, 6], "uv_size": [2.5, -1]}
							}
						},
						{
							"origin": [-1.13909, 4.8125, -12.25],
							"size": [2.27817, 5.5, 1],
							"uv": {
								"north": {"uv": [43, 62], "uv_size": [2.5, 5.5]},
								"south": {"uv": [1, 64], "uv_size": [2.5, 5.5]},
								"up": {"uv": [30, 22], "uv_size": [2.5, 1]},
								"down": {"uv": [30, 28], "uv_size": [2.5, -1]}
							}
						},
						{
							"origin": [-2.75, 6.42341, -12.25],
							"size": [5.5, 2.27817, 1],
							"pivot": [0, 7.5625, -12.75],
							"rotation": [0, 0, 45],
							"uv": {
								"north": {"uv": [8, 64], "uv_size": [5.5, 2.5]},
								"east": {"uv": [43, 10], "uv_size": [1, 2.5]},
								"south": {"uv": [35, 64], "uv_size": [5.5, 2.5]},
								"west": {"uv": [43, 15], "uv_size": [1, 2.5]}
							}
						},
						{
							"origin": [-2.75, 6.42341, -12.25],
							"size": [5.5, 2.27817, 1],
							"inflate": 0.0001,
							"uv": {
								"north": {"uv": [65, 0], "uv_size": [5.5, 2.5]},
								"east": {"uv": [44, 37], "uv_size": [1, 2.5]},
								"south": {"uv": [65, 3], "uv_size": [5.5, 2.5]},
								"west": {"uv": [43, 47], "uv_size": [1, 2.5]},
								"up": {"uv": [0, 4], "uv_size": [5.5, 1]}
							}
						}
					]
				},
				{
					"name": "ghjghj",
					"parent": "lod",
					"pivot": [0, 7.5625, -33.25],
					"cubes": [
						{
							"origin": [-1.03553, 5.0625, -33.75],
							"size": [2.07107, 5, 21.5],
							"pivot": [0, 7.5625, -33.25],
							"rotation": [0, 0, 45],
							"uv": {
								"up": {"uv": [33, 61], "uv_size": [2, 21.5]},
								"down": {"uv": [48, 83.5], "uv_size": [2, -21.5]}
							}
						},
						{
							"origin": [-1.03553, 5.0625, -33.75],
							"size": [2.07107, 5, 21.5],
							"uv": {
								"up": {"uv": [63, 0], "uv_size": [2, 21.5]},
								"down": {"uv": [63, 55.5], "uv_size": [2, -21.5]}
							}
						},
						{
							"origin": [-2.5, 6.52697, -33.75],
							"size": [5, 2.07107, 21.5],
							"pivot": [0, 7.5625, -33.25],
							"rotation": [0, 0, 45],
							"uv": {
								"east": {"uv": [21, 145], "uv_size": [21.5, 2]},
								"west": {"uv": [136, 162], "uv_size": [21.5, 2]}
							}
						},
						{
							"origin": [-2.5, 6.52697, -33.75],
							"size": [5, 2.07107, 21.5],
							"uv": {
								"east": {"uv": [0, 163], "uv_size": [21.5, 2]},
								"west": {"uv": [22, 163], "uv_size": [21.5, 2]}
							}
						}
					]
				},
				{
					"name": "sds",
					"parent": "lod",
					"pivot": [8, -1.6875, -2.25],
					"cubes": [
						{
							"origin": [-0.41421, 5.3125, 5.25],
							"size": [0.82843, 2, 0.5],
							"pivot": [0, 6.3125, 5.75],
							"rotation": [0, 0, 45],
							"uv": {
								"north": {"uv": [17, 37], "uv_size": [1, 2]},
								"south": {"uv": [43, 18], "uv_size": [1, 2]},
								"up": {"uv": [58, 8], "uv_size": [1, 0.5]},
								"down": {"uv": [58, 17.5], "uv_size": [1, -0.5]}
							}
						},
						{
							"origin": [-0.41421, 5.3125, 5.25],
							"size": [0.82843, 2, 0.5],
							"inflate": 0.002,
							"uv": {
								"south": {"uv": [31, 44], "uv_size": [1, 2]},
								"up": {"uv": [19, 58], "uv_size": [1, 0.5]},
								"down": {"uv": [20, 58.5], "uv_size": [1, -0.5]}
							}
						},
						{
							"origin": [-1, 5.89829, 5.25],
							"size": [2, 0.82843, 0.5],
							"pivot": [0, 6.3125, 5.75],
							"rotation": [0, 0, 45],
							"uv": {
								"north": {"uv": [41, 29], "uv_size": [2, 1]},
								"east": {"uv": [21, 58], "uv_size": [0.5, 1]},
								"south": {"uv": [41, 31], "uv_size": [2, 1]},
								"west": {"uv": [58, 21], "uv_size": [0.5, 1]}
							}
						},
						{
							"origin": [-1, 5.89829, 5.25],
							"size": [2, 0.82843, 0.5],
							"inflate": 0.001,
							"uv": {
								"east": {"uv": [58, 23], "uv_size": [0.5, 1]},
								"south": {"uv": [41, 34], "uv_size": [2, 1]},
								"west": {"uv": [24, 58], "uv_size": [0.5, 1]}
							}
						}
					]
				},
				{
					"name": "fgdsf",
					"parent": "lod",
					"pivot": [8, -1.6875, -1.75],
					"cubes": [
						{
							"origin": [-0.31066, 5.5625, 5.75],
							"size": [0.62132, 1.5, 3.25],
							"pivot": [0, 6.3125, 6.25],
							"rotation": [0, 0, 45],
							"uv": {
								"south": {"uv": [65, 24], "uv_size": [0.5, 1.5]},
								"up": {"uv": [55, 31], "uv_size": [0.5, 3.5]},
								"down": {"uv": [55, 38.5], "uv_size": [0.5, -3.5]}
							}
						},
						{
							"origin": [-0.31066, 5.5625, 5.75],
							"size": [0.62132, 1.5, 3.25],
							"inflate": -0.001,
							"uv": {
								"south": {"uv": [65, 26], "uv_size": [0.5, 1.5]},
								"up": {"uv": [39, 55], "uv_size": [0.5, 3.5]},
								"down": {"uv": [55, 42.5], "uv_size": [0.5, -3.5]}
							}
						},
						{
							"origin": [-0.75, 6.00184, 5.75],
							"size": [1.5, 0.62132, 3.25],
							"pivot": [0, 6.3125, 6.25],
							"rotation": [0, 0, 45],
							"uv": {
								"east": {"uv": [44, 9], "uv_size": [3.5, 0.5]},
								"south": {"uv": [51, 23], "uv_size": [1.5, 0.5]},
								"west": {"uv": [44, 19], "uv_size": [3.5, 0.5]}
							}
						},
						{
							"origin": [-0.75, 6.00184, 5.75],
							"size": [1.5, 0.62132, 3.25],
							"inflate": 0.001,
							"uv": {
								"east": {"uv": [45, 21], "uv_size": [3.5, 0.5]},
								"south": {"uv": [51, 27], "uv_size": [1.5, 0.5]},
								"west": {"uv": [45, 23], "uv_size": [3.5, 0.5]}
							}
						},
						{
							"origin": [-0.50509, 5.82295, 9],
							"size": [1, 1, 0.0625],
							"pivot": [-0.00509, 6.32295, 9.03125],
							"rotation": [0, 0, -27.5],
							"uv": {
								"north": {"uv": [49, 13], "uv_size": [1, 1]},
								"east": {"uv": [25, 58], "uv_size": [0.5, 1]},
								"south": {"uv": [49, 21], "uv_size": [1, 1]},
								"west": {"uv": [58, 25], "uv_size": [0.5, 1]},
								"up": {"uv": [26, 58], "uv_size": [1, 0.5]},
								"down": {"uv": [58, 27.5], "uv_size": [1, -0.5]}
							}
						}
					]
				},
				{
					"name": "bone25",
					"parent": "lod",
					"pivot": [0, 0, 0],
					"cubes": [
						{
							"origin": [-1.5, 3.875, -11.25],
							"size": [3, 4.75, 16.5],
							"uv": {
								"north": {"uv": [23, 5], "uv_size": [3, 5]},
								"east": {"uv": [9, 15], "uv_size": [16.5, 5]},
								"south": {"uv": [23, 10], "uv_size": [3, 5]},
								"west": {"uv": [9, 20], "uv_size": [16.5, 5]},
								"up": {"uv": [26, 0], "uv_size": [3, 16.5]},
								"down": {"uv": [60, 50.5], "uv_size": [3, -16.5]}
							}
						},
						{
							"origin": [1.5, 3.3125, -10.875],
							"size": [0.375, 2, 14.125],
							"pivot": [1.6875, 4.3125, -4],
							"rotation": [-4.25, 0, 0],
							"uv": {
								"east": {"uv": [0, 25], "uv_size": [14, 2]},
								"south": {"uv": [62, 14], "uv_size": [0.5, 2]},
								"west": {"uv": [0, 37], "uv_size": [14, 2]},
								"up": {"uv": [16, 37], "uv_size": [0.5, 14]},
								"down": {"uv": [35, 51], "uv_size": [0.5, -14]}
							}
						},
						{
							"origin": [1.5, 2.81925, -16.59449],
							"size": [0.375, 3, 5.8125],
							"pivot": [1.875, 5.81925, -10.78199],
							"rotation": [23.75, 0, 0],
							"uv": {
								"north": {"uv": [6, 52], "uv_size": [0.5, 3]},
								"east": {"uv": [1, 46], "uv_size": [6, 3]},
								"south": {"uv": [53, 17], "uv_size": [0.5, 3]},
								"west": {"uv": [1, 49], "uv_size": [6, 3]},
								"up": {"uv": [39, 21], "uv_size": [0.5, 6]},
								"down": {"uv": [43, 8], "uv_size": [0.5, -6]}
							}
						},
						{
							"origin": [1.5, -0.61834, -13.62282],
							"size": [0.375, 4.40629, 3.70167],
							"inflate": 0.0001,
							"uv": {
								"north": {"uv": [16, 51], "uv_size": [0.5, 4.5]},
								"east": {"uv": [22, 0], "uv_size": [3.5, 4.5]},
								"south": {"uv": [35, 51], "uv_size": [0.5, 4.5]},
								"west": {"uv": [26, 17], "uv_size": [3.5, 4.5]},
								"up": {"uv": [41, 55], "uv_size": [0.5, 3.5]},
								"down": {"uv": [1, 59.5], "uv_size": [0.5, -3.5]}
							}
						},
						{
							"origin": [1.5, -0.61834, -17.37282],
							"size": [0.375, 1.34379, 3.75],
							"pivot": [1.875, -0.61834, -13.62282],
							"rotation": [-45, 0, 0],
							"uv": {
								"north": {"uv": [65, 30], "uv_size": [0.5, 1.5]},
								"east": {"uv": [56, 65], "uv_size": [4, 1.5]},
								"west": {"uv": [8, 67], "uv_size": [4, 1.5]},
								"up": {"uv": [39, 51], "uv_size": [0.5, 4]},
								"down": {"uv": [41, 55], "uv_size": [0.5, -4]}
							}
						},
						{
							"origin": [1.5, 2.03331, -16.27447],
							"size": [0.375, 1.44497, 0.67593],
							"inflate": -0.0001,
							"pivot": [1.875, 2.03331, -16.27447],
							"rotation": [-7.5, 0, 0],
							"uv": {
								"north": {"uv": [65, 44], "uv_size": [0.5, 1.5]},
								"east": {"uv": [65, 46], "uv_size": [0.5, 1.5]},
								"west": {"uv": [65, 48], "uv_size": [0.5, 1.5]}
							}
						},
						{
							"origin": [1.5, 2.03331, -9.93306],
							"size": [0.375, 1.70718, 2.64503],
							"uv": {
								"east": {"uv": [28, 68], "uv_size": [2.5, 1.5]},
								"south": {"uv": [65, 50], "uv_size": [0.5, 1.5]},
								"west": {"uv": [43, 68], "uv_size": [2.5, 1.5]},
								"up": {"uv": [62, 0], "uv_size": [0.5, 2.5]},
								"down": {"uv": [62, 5.5], "uv_size": [0.5, -2.5]}
							}
						},
						{
							"origin": [1.5, -0.61834, -9.93968],
							"size": [0.375, 1.84379, 3.75],
							"pivot": [1.875, -0.61834, -9.93968],
							"rotation": [45, 0, 0],
							"uv": {
								"east": {"uv": [23, 44], "uv_size": [4, 2]},
								"west": {"uv": [52, 56], "uv_size": [4, 2]},
								"up": {"uv": [1, 52], "uv_size": [0.5, 4]},
								"down": {"uv": [10, 57], "uv_size": [0.5, -4]}
							}
						},
						{
							"origin": [-1.875, 2.03331, -9.93306],
							"size": [0.375, 1.70718, 2.64503],
							"uv": {
								"east": {"uv": [68, 62], "uv_size": [2.5, 1.5]},
								"south": {"uv": [65, 52], "uv_size": [0.5, 1.5]},
								"west": {"uv": [69, 6], "uv_size": [2.5, 1.5]},
								"up": {"uv": [62, 6], "uv_size": [0.5, 2.5]},
								"down": {"uv": [62, 11.5], "uv_size": [0.5, -2.5]}
							}
						},
						{
							"origin": [-1.875, -0.61834, -9.93968],
							"size": [0.375, 1.84379, 3.75],
							"pivot": [-1.875, -0.61834, -9.93968],
							"rotation": [45, 0, 0],
							"uv": {
								"east": {"uv": [65, 6], "uv_size": [4, 2]},
								"west": {"uv": [65, 34], "uv_size": [4, 2]},
								"up": {"uv": [12, 53], "uv_size": [0.5, 4]},
								"down": {"uv": [14, 57], "uv_size": [0.5, -4]}
							}
						},
						{
							"origin": [-1.875, 2.81925, -16.59449],
							"size": [0.375, 3, 5.8125],
							"pivot": [-1.875, 5.81925, -10.78199],
							"rotation": [23.75, 0, 0],
							"uv": {
								"north": {"uv": [55, 43], "uv_size": [0.5, 3]},
								"east": {"uv": [18, 50], "uv_size": [6, 3]},
								"south": {"uv": [12, 57], "uv_size": [0.5, 3]},
								"west": {"uv": [27, 50], "uv_size": [6, 3]},
								"up": {"uv": [43, 41], "uv_size": [0.5, 6]},
								"down": {"uv": [14, 53], "uv_size": [0.5, -6]}
							}
						},
						{
							"origin": [-1.875, 2.03331, -16.27447],
							"size": [0.375, 1.44497, 0.67593],
							"inflate": -0.0001,
							"pivot": [-1.875, 2.03331, -16.27447],
							"rotation": [-7.5, 0, 0],
							"uv": {
								"north": {"uv": [65, 54], "uv_size": [0.5, 1.5]},
								"east": {"uv": [60, 65], "uv_size": [0.5, 1.5]},
								"west": {"uv": [66, 31], "uv_size": [0.5, 1.5]}
							}
						},
						{
							"origin": [-1.875, -0.61834, -17.37282],
							"size": [0.375, 1.34379, 3.75],
							"pivot": [-1.875, -0.61834, -13.62282],
							"rotation": [-45, 0, 0],
							"uv": {
								"north": {"uv": [66, 65], "uv_size": [0.5, 1.5]},
								"east": {"uv": [12, 67], "uv_size": [4, 1.5]},
								"west": {"uv": [16, 67], "uv_size": [4, 1.5]},
								"up": {"uv": [18, 53], "uv_size": [0.5, 4]},
								"down": {"uv": [23, 57], "uv_size": [0.5, -4]}
							}
						},
						{
							"origin": [-1.875, -0.61834, -13.62282],
							"size": [0.375, 4.40629, 3.70167],
							"inflate": 0.0001,
							"uv": {
								"north": {"uv": [37, 51], "uv_size": [0.5, 4.5]},
								"east": {"uv": [39, 0], "uv_size": [3.5, 4.5]},
								"south": {"uv": [51, 37], "uv_size": [0.5, 4.5]},
								"west": {"uv": [52, 51], "uv_size": [3.5, 4.5]},
								"up": {"uv": [16, 56], "uv_size": [0.5, 3.5]},
								"down": {"uv": [56, 20.5], "uv_size": [0.5, -3.5]}
							}
						},
						{
							"origin": [-2, 2.98184, 2.11053],
							"size": [4.0625, 0.75, 0.75],
							"pivot": [2, 3.85395, 2.17049],
							"rotation": [-45, 0, 0],
							"uv": {
								"north": {"uv": [5, 9], "uv_size": [4, 1]},
								"east": {"uv": [58, 29], "uv_size": [0.5, 1]},
								"south": {"uv": [13, 5], "uv_size": [4, 1]},
								"west": {"uv": [58, 31], "uv_size": [0.5, 1]},
								"up": {"uv": [2, 42], "uv_size": [4, 0.5]},
								"down": {"uv": [42, 25.5], "uv_size": [4, -0.5]}
							}
						},
						{
							"origin": [-1.875, 3.3125, -10.875],
							"size": [0.375, 2, 14.125],
							"pivot": [-1.6875, 4.3125, -4],
							"rotation": [-4.25, 0, 0],
							"uv": {
								"east": {"uv": [18, 46], "uv_size": [14, 2]},
								"south": {"uv": [35, 62], "uv_size": [0.5, 2]},
								"west": {"uv": [18, 48], "uv_size": [14, 2]},
								"up": {"uv": [10, 39], "uv_size": [0.5, 14]},
								"down": {"uv": [12, 53], "uv_size": [0.5, -14]}
							}
						},
						{
							"origin": [-4.0625, 6.52925, -5.96928],
							"size": [1.125, 0.50834, 0.50834],
							"pivot": [-3.5625, 6.65425, -5.71928],
							"rotation": [-45, 0, 0],
							"uv": {
								"north": {"uv": [58, 37], "uv_size": [1, 0.5]},
								"east": {"uv": [67, 19], "uv_size": [0.5, 0.5]},
								"south": {"uv": [58, 43], "uv_size": [1, 0.5]},
								"west": {"uv": [67, 22], "uv_size": [0.5, 0.5]},
								"up": {"uv": [58, 45], "uv_size": [1, 0.5]},
								"down": {"uv": [58, 48.5], "uv_size": [1, -0.5]}
							}
						},
						{
							"origin": [-2.9375, 6.59175, -5.90678],
							"size": [1.4375, 0.38334, 0.38334],
							"pivot": [-2.4375, 6.65425, -5.71928],
							"rotation": [-45, 0, 0],
							"uv": {
								"north": {"uv": [51, 29], "uv_size": [1.5, 0.5]},
								"south": {"uv": [51, 31], "uv_size": [1.5, 0.5]},
								"up": {"uv": [51, 34], "uv_size": [1.5, 0.5]},
								"down": {"uv": [51, 45.5], "uv_size": [1.5, -0.5]}
							}
						},
						{
							"origin": [-1.8125, 7.625, -9.375],
							"size": [3.6875, 1, 2.625],
							"inflate": -0.0001,
							"uv": {
								"north": {"uv": [13, 9], "uv_size": [3.5, 1]},
								"east": {"uv": [24, 34], "uv_size": [2.5, 1]},
								"south": {"uv": [10, 27], "uv_size": [3.5, 1]},
								"west": {"uv": [28, 34], "uv_size": [2.5, 1]},
								"up": {"uv": [17, 64], "uv_size": [3.5, 2.5]},
								"down": {"uv": [22, 67.5], "uv_size": [3.5, -2.5]}
							}
						},
						{
							"origin": [1.5, 6.3125, -9.8125],
							"size": [1.1875, 0.5625, 3.4375],
							"inflate": -0.0001,
							"uv": {
								"north": {"uv": [59, 37], "uv_size": [1, 0.5]},
								"east": {"uv": [45, 37], "uv_size": [3.5, 0.5]},
								"south": {"uv": [59, 43], "uv_size": [1, 0.5]},
								"west": {"uv": [46, 5], "uv_size": [3.5, 0.5]},
								"up": {"uv": [9, 28], "uv_size": [1, 3.5]},
								"down": {"uv": [29, 28.5], "uv_size": [1, -3.5]}
							}
						},
						{
							"origin": [1.875, 3.375, -9.8125],
							"size": [0.625, 2, 3.4375],
							"inflate": -0.0001,
							"uv": {
								"north": {"uv": [37, 62], "uv_size": [0.5, 2]},
								"east": {"uv": [65, 40], "uv_size": [3.5, 2]},
								"south": {"uv": [63, 30], "uv_size": [0.5, 2]},
								"west": {"uv": [65, 42], "uv_size": [3.5, 2]},
								"up": {"uv": [35, 56], "uv_size": [0.5, 3.5]},
								"down": {"uv": [37, 59.5], "uv_size": [0.5, -3.5]}
							}
						},
						{
							"origin": [2.5, 3.125, -10.3125],
							"size": [0.75, 2.75, 0.25],
							"inflate": -0.0001,
							"uv": {
								"north": {"uv": [18, 25], "uv_size": [1, 3]},
								"east": {"uv": [14, 57], "uv_size": [0.5, 3]},
								"south": {"uv": [19, 30], "uv_size": [1, 3]},
								"west": {"uv": [18, 57], "uv_size": [0.5, 3]},
								"up": {"uv": [44, 59], "uv_size": [1, 0.5]},
								"down": {"uv": [45, 59.5], "uv_size": [1, -0.5]}
							}
						},
						{
							"origin": [2.5, 3.125, -6.375],
							"size": [0.75, 2.75, 0.25],
							"inflate": -0.0001,
							"uv": {
								"north": {"uv": [23, 40], "uv_size": [1, 3]},
								"east": {"uv": [58, 3], "uv_size": [0.5, 3]},
								"south": {"uv": [1, 42], "uv_size": [1, 3]},
								"west": {"uv": [5, 58], "uv_size": [0.5, 3]},
								"up": {"uv": [59, 45], "uv_size": [1, 0.5]},
								"down": {"uv": [46, 59.5], "uv_size": [1, -0.5]}
							}
						},
						{
							"origin": [2.5, 3.125, -10.0625],
							"size": [0.125, 2.75, 3.6875],
							"inflate": -0.0001,
							"uv": {
								"north": {"uv": [22, 58], "uv_size": [0.5, 3]},
								"east": {"uv": [14, 25], "uv_size": [3.5, 3]},
								"south": {"uv": [27, 59], "uv_size": [0.5, 3]},
								"west": {"uv": [26, 22], "uv_size": [3.5, 3]},
								"up": {"uv": [8, 57], "uv_size": [0.5, 3.5]},
								"down": {"uv": [10, 60.5], "uv_size": [0.5, -3.5]}
							}
						},
						{
							"origin": [1.5, 6.875, -6.6875],
							"size": [1.1875, 0.5625, 0.3125],
							"inflate": -0.0001,
							"uv": {
								"north": {"uv": [47, 59], "uv_size": [1, 0.5]},
								"east": {"uv": [27, 67], "uv_size": [0.5, 0.5]},
								"south": {"uv": [48, 59], "uv_size": [1, 0.5]},
								"west": {"uv": [67, 31], "uv_size": [0.5, 0.5]},
								"up": {"uv": [59, 48], "uv_size": [1, 0.5]},
								"down": {"uv": [59, 51.5], "uv_size": [1, -0.5]}
							}
						},
						{
							"origin": [1.5, 6.875, -9.8125],
							"size": [1.1875, 0.5625, 0.3125],
							"inflate": -0.0001,
							"uv": {
								"north": {"uv": [59, 58], "uv_size": [1, 0.5]},
								"east": {"uv": [67, 33], "uv_size": [0.5, 0.5]},
								"south": {"uv": [60, 5], "uv_size": [1, 0.5]},
								"west": {"uv": [35, 67], "uv_size": [0.5, 0.5]},
								"up": {"uv": [60, 8], "uv_size": [1, 0.5]},
								"down": {"uv": [60, 11.5], "uv_size": [1, -0.5]}
							}
						},
						{
							"origin": [-0.8125, 8.625, -7],
							"size": [1.625, 1.125, 4.5],
							"uv": {
								"east": {"uv": [6, 4], "uv_size": [4.5, 1]},
								"west": {"uv": [0, 9], "uv_size": [4.5, 1]},
								"up": {"uv": [7, 50], "uv_size": [1.5, 4.5]}
							}
						},
						{
							"origin": [-0.8125, 8.6875, -8.375],
							"size": [1.625, 0.80178, 1.62944],
							"pivot": [0, 9.3125, -7.1875],
							"rotation": [45, 0, 0],
							"uv": {
								"east": {"uv": [45, 41], "uv_size": [1.5, 1]},
								"west": {"uv": [46, 25], "uv_size": [1.5, 1]},
								"up": {"uv": [50, 65], "uv_size": [1.5, 1.5]}
							}
						},
						{
							"origin": [1.5625, 8.85041, -2.21209],
							"size": [0.4375, 1.29917, 1.29917],
							"pivot": [2.90625, 9.5, -1.5625],
							"rotation": [45, 0, 0],
							"uv": {
								"north": {"uv": [20, 67], "uv_size": [0.5, 1.5]},
								"east": {"uv": [4, 67], "uv_size": [1.5, 1.5]},
								"south": {"uv": [66, 67], "uv_size": [0.5, 1.5]},
								"west": {"uv": [31, 67], "uv_size": [1.5, 1.5]},
								"up": {"uv": [20, 69], "uv_size": [0.5, 1.5]},
								"down": {"uv": [69, 27.5], "uv_size": [0.5, -1.5]}
							}
						},
						{
							"origin": [0.8125, 9.16291, -1.89959],
							"size": [0.75, 0.67417, 0.67417],
							"pivot": [2.46875, 9.5, -1.5625],
							"rotation": [45, 0, 0],
							"uv": {
								"north": {"uv": [12, 60], "uv_size": [1, 0.5]},
								"east": {"uv": [36, 67], "uv_size": [0.5, 0.5]},
								"south": {"uv": [14, 60], "uv_size": [1, 0.5]},
								"up": {"uv": [16, 60], "uv_size": [1, 0.5]},
								"down": {"uv": [60, 17.5], "uv_size": [1, -0.5]}
							}
						},
						{
							"origin": [-0.8125, 8.625, -2.5],
							"size": [1.625, 1.34865, 1.5],
							"uv": {
								"north": {"uv": [46, 67], "uv_size": [1.5, 1.5]},
								"east": {"uv": [50, 67], "uv_size": [1.5, 1.5]},
								"south": {"uv": [4, 69], "uv_size": [1.5, 1.5]},
								"west": {"uv": [8, 69], "uv_size": [1.5, 1.5]},
								"up": {"uv": [10, 69], "uv_size": [1.5, 1.5]}
							}
						},
						{
							"origin": [-0.5625, 8.625, -0.625],
							"size": [1.125, 0.97365, 1.25],
							"uv": {
								"north": {"uv": [50, 13], "uv_size": [1, 1]},
								"east": {"uv": [47, 27], "uv_size": [1.5, 1]},
								"south": {"uv": [50, 19], "uv_size": [1, 1]},
								"west": {"uv": [47, 29], "uv_size": [1.5, 1]},
								"up": {"uv": [6, 57], "uv_size": [1, 1.5]}
							}
						},
						{
							"origin": [-0.5625, 8.625, 0.625],
							"size": [1.125, 0.6299, 4.125],
							"uv": {
								"east": {"uv": [43, 34], "uv_size": [4, 0.5]},
								"south": {"uv": [18, 60], "uv_size": [1, 0.5]},
								"west": {"uv": [44, 2], "uv_size": [4, 0.5]},
								"up": {"uv": [8, 21], "uv_size": [1, 4]}
							}
						},
						{
							"origin": [-0.5625, 4.125, 7.375],
							"size": [1.125, 2.1299, 1.375],
							"pivot": [0, 5.43995, 8.0625],
							"rotation": [22.5, 0, 0],
							"uv": {
								"north": {"uv": [44, 40], "uv_size": [1, 2]},
								"east": {"uv": [65, 18], "uv_size": [1.5, 2]},
								"south": {"uv": [50, 11], "uv_size": [1, 2]},
								"west": {"uv": [26, 65], "uv_size": [1.5, 2]},
								"up": {"uv": [23, 57], "uv_size": [1, 1.5]}
							}
						},
						{
							"origin": [-0.5625, 2.92079, 7.82588],
							"size": [1.125, 1.5674, 1.375],
							"pivot": [0.5625, 4.48819, 9.20088],
							"rotation": [7.5, 0, 0],
							"uv": {
								"north": {"uv": [32, 59], "uv_size": [1, 1.5]},
								"east": {"uv": [12, 69], "uv_size": [1.5, 1.5]},
								"south": {"uv": [39, 59], "uv_size": [1, 1.5]},
								"west": {"uv": [14, 69], "uv_size": [1.5, 1.5]},
								"down": {"uv": [41, 60.5], "uv_size": [1, -1.5]}
							}
						},
						{
							"origin": [-0.15468, 9.3799, 1.93907],
							"size": [0.7955, 0.625, 0.7955],
							"pivot": [0, 9.6299, 2.09375],
							"rotation": [0, -45, 0],
							"uv": {
								"north": {"uv": [60, 21], "uv_size": [1, 0.5]},
								"east": {"uv": [60, 23], "uv_size": [1, 0.5]},
								"south": {"uv": [60, 25], "uv_size": [1, 0.5]},
								"west": {"uv": [60, 27], "uv_size": [1, 0.5]},
								"up": {"uv": [50, 21], "uv_size": [1, 1]},
								"down": {"uv": [24, 51], "uv_size": [1, -1]}
							}
						},
						{
							"origin": [-0.02968, 9.2549, 2.06407],
							"size": [0.5455, 0.125, 0.5455],
							"pivot": [0, 9.6299, 2.09375],
							"rotation": [0, -45, 0],
							"uv": {
								"north": {"uv": [37, 67], "uv_size": [0.5, 0.5]},
								"east": {"uv": [38, 67], "uv_size": [0.5, 0.5]},
								"south": {"uv": [39, 67], "uv_size": [0.5, 0.5]},
								"west": {"uv": [40, 67], "uv_size": [0.5, 0.5]}
							}
						},
						{
							"origin": [-0.8125, 10.125, -7.875],
							"size": [1.625, 0.25, 4.5625],
							"uv": {
								"north": {"uv": [51, 48], "uv_size": [1.5, 0.5]},
								"east": {"uv": [40, 21], "uv_size": [4.5, 0.5]},
								"west": {"uv": [40, 23], "uv_size": [4.5, 0.5]},
								"up": {"uv": [56, 51], "uv_size": [1.5, 4.5]},
								"down": {"uv": [61, 55.5], "uv_size": [1.5, -4.5]}
							}
						},
						{
							"origin": [0.1875, 10.4375, -2.6875],
							"size": [0.375, 0.4375, 0.1875],
							"uv": {
								"north": {"uv": [60, 29], "uv_size": [1, 0.5]},
								"east": {"uv": [41, 67], "uv_size": [0.5, 0.5]},
								"south": {"uv": [60, 33], "uv_size": [1, 0.5]},
								"west": {"uv": [42, 67], "uv_size": [0.5, 0.5]},
								"up": {"uv": [60, 51], "uv_size": [1, 0.5]}
							}
						},
						{
							"origin": [-0.5625, 10.4375, -2.6875],
							"size": [0.375, 0.4375, 0.1875],
							"uv": {
								"north": {"uv": [61, 29], "uv_size": [-1, 0.5]},
								"east": {"uv": [42.5, 67], "uv_size": [-0.5, 0.5]},
								"south": {"uv": [61, 33], "uv_size": [-1, 0.5]},
								"west": {"uv": [41.5, 67], "uv_size": [-0.5, 0.5]},
								"up": {"uv": [61, 51], "uv_size": [-1, 0.5]}
							}
						},
						{
							"origin": [-0.9375, 10, -3.3125],
							"size": [1.875, 0.4375, 0.8125],
							"uv": {
								"north": {"uv": [25, 50], "uv_size": [2, 0.5]},
								"east": {"uv": [60, 58], "uv_size": [1, 0.5]},
								"south": {"uv": [50, 25], "uv_size": [2, 0.5]},
								"west": {"uv": [61, 5], "uv_size": [1, 0.5]},
								"up": {"uv": [6, 42], "uv_size": [2, 1]},
								"down": {"uv": [44, 6], "uv_size": [2, -1]}
							}
						},
						{
							"origin": [-0.8125, 9.96875, -2.5],
							"size": [1.625, 0.40625, 0.5],
							"uv": {
								"north": {"uv": [49, 51], "uv_size": [1.5, 0.5]},
								"east": {"uv": [67, 48], "uv_size": [0.5, 0.5]},
								"south": {"uv": [2, 52], "uv_size": [1.5, 0.5]},
								"west": {"uv": [67, 50], "uv_size": [0.5, 0.5]},
								"up": {"uv": [52, 2], "uv_size": [1.5, 0.5]}
							}
						},
						{
							"origin": [0.93685, 10, -3.11585],
							"size": [0.44952, 0.4375, 0.44952],
							"pivot": [1.1875, 10.21875, -3.21875],
							"rotation": [0, -45, 0],
							"uv": {
								"north": {"uv": [67, 52], "uv_size": [0.5, 0.5]},
								"east": {"uv": [67, 54], "uv_size": [0.5, 0.5]},
								"west": {"uv": [67, 66], "uv_size": [0.5, 0.5]},
								"up": {"uv": [68, 9], "uv_size": [0.5, 0.5]},
								"down": {"uv": [68, 11.5], "uv_size": [0.5, -0.5]}
							}
						},
						{
							"origin": [-1.38637, 10, -3.11585],
							"size": [0.44952, 0.4375, 0.44952],
							"pivot": [-1.1875, 10.21875, -3.21875],
							"rotation": [0, 45, 0],
							"uv": {
								"north": {"uv": [68, 13], "uv_size": [0.5, 0.5]},
								"east": {"uv": [68, 15], "uv_size": [0.5, 0.5]},
								"west": {"uv": [68, 19], "uv_size": [0.5, 0.5]},
								"up": {"uv": [68, 22], "uv_size": [0.5, 0.5]},
								"down": {"uv": [68, 26.5], "uv_size": [0.5, -0.5]}
							}
						}
					]
				},
				{
					"name": "bone28",
					"parent": "bone25",
					"pivot": [10.5625, 4.125, -10.25],
					"cubes": [
						{
							"origin": [2.7499, 1.91779, -10.1876],
							"size": [9.6876, 4.95731, 3.9377],
							"uv": {
								"north": {"uv": [10, 10], "uv_size": [9.5, 5]},
								"east": {"uv": [19, 5], "uv_size": [4, 5]},
								"south": {"uv": [10, 10], "uv_size": [9.5, 5]},
								"west": {"uv": [44, 42], "uv_size": [4, 5]},
								"up": {"uv": [0, 33], "uv_size": [9.5, 4]},
								"down": {"uv": [33, 9], "uv_size": [9.5, -4]}
							}
						},
						{
							"origin": [2.6874, 6.8751, -10.1876],
							"size": [8.0001, 0.5, 3.9377],
							"pivot": [10.6875, 7.3751, -6.2499],
							"rotation": [0, 0, 6],
							"uv": {
								"north": {"uv": [0, 15], "uv_size": [8, 0.5]},
								"east": {"uv": [43, 29], "uv_size": [4, 0.5]},
								"south": {"uv": [36, 37], "uv_size": [8, 0.5]},
								"west": {"uv": [43, 31], "uv_size": [4, 0.5]},
								"up": {"uv": [0, 21], "uv_size": [8, 4]},
								"down": {"uv": [10, 37], "uv_size": [8, -4]}
							}
						},
						{
							"origin": [10.6874, 6.8751, -10.1876],
							"size": [1.7501, 0.5, 3.9377],
							"uv": {
								"north": {"uv": [49, 23], "uv_size": [2, 0.5]},
								"east": {"uv": [43, 13], "uv_size": [4, 0.5]},
								"south": {"uv": [49, 27], "uv_size": [2, 0.5]},
								"west": {"uv": [43, 27], "uv_size": [4, 0.5]},
								"up": {"uv": [7, 46], "uv_size": [2, 4]}
							}
						},
						{
							"origin": [7.97998, 8.39143, -8.6876],
							"size": [0.25, 1.125, 0.9377],
							"pivot": [8.22998, 8.39143, -7.7499],
							"rotation": [0, 0, -66],
							"uv": {
								"north": {"uv": [59, 27], "uv_size": [0.5, 1]},
								"east": {"uv": [49, 45], "uv_size": [1, 1]},
								"south": {"uv": [59, 29], "uv_size": [0.5, 1]},
								"west": {"uv": [49, 48], "uv_size": [1, 1]},
								"up": {"uv": [59, 31], "uv_size": [0.5, 1]}
							}
						},
						{
							"origin": [6.54572, 8.66151, -8.6876],
							"size": [0.65652, 0.22852, 0.9377],
							"pivot": [6.54572, 8.89003, -7.7499],
							"rotation": [0, 0, 4],
							"uv": {
								"north": {"uv": [26, 67], "uv_size": [0.5, 0.5]},
								"south": {"uv": [67, 26], "uv_size": [0.5, 0.5]},
								"up": {"uv": [59, 23], "uv_size": [0.5, 1]},
								"down": {"uv": [59, 26], "uv_size": [0.5, -1]}
							}
						},
						{
							"origin": [5.45414, 8.61787, -8.6876],
							"size": [0.25, 1.125, 0.9377],
							"pivot": [5.45414, 8.61787, -7.7499],
							"rotation": [0, 0, 76],
							"uv": {
								"north": {"uv": [59, 11], "uv_size": [0.5, 1]},
								"east": {"uv": [49, 37], "uv_size": [1, 1]},
								"south": {"uv": [59, 17], "uv_size": [0.5, 1]},
								"west": {"uv": [49, 41], "uv_size": [1, 1]},
								"up": {"uv": [59, 21], "uv_size": [0.5, 1]}
							}
						},
						{
							"origin": [5.17745, 7.75284, -8.6876],
							"size": [0.25, 0.875, 0.9377],
							"pivot": [5.30245, 8.25284, -8.21875],
							"rotation": [0, 0, 41],
							"uv": {
								"north": {"uv": [59, 5], "uv_size": [0.5, 1]},
								"east": {"uv": [32, 49], "uv_size": [1, 1]},
								"south": {"uv": [59, 8], "uv_size": [0.5, 1]},
								"west": {"uv": [49, 34], "uv_size": [1, 1]}
							}
						},
						{
							"origin": [8.17745, 7.50284, -8.6876],
							"size": [0.25, 0.875, 0.9377],
							"pivot": [8.30245, 8.00284, -8.21875],
							"rotation": [0, 0, -29],
							"uv": {
								"north": {"uv": [58, 51], "uv_size": [0.5, 1]},
								"east": {"uv": [49, 29], "uv_size": [1, 1]},
								"south": {"uv": [52, 58], "uv_size": [0.5, 1]},
								"west": {"uv": [49, 31], "uv_size": [1, 1]},
								"down": {"uv": [58, 59], "uv_size": [0.5, -1]}
							}
						}
					]
				},
				{
					"name": "bone26",
					"parent": "lod",
					"pivot": [2.44224, 1.19613, -24.99687],
					"rotation": [0, 45, -22.5],
					"cubes": [
						{
							"origin": [1.92349, -4.92887, -25.51562],
							"size": [1.0375, 2.25, 1.0375],
							"uv": {
								"north": {"uv": [48, 13], "uv_size": [1, 2.5]},
								"east": {"uv": [48, 16], "uv_size": [1, 2.5]},
								"south": {"uv": [48, 41], "uv_size": [1, 2.5]},
								"west": {"uv": [48, 44], "uv_size": [1, 2.5]},
								"up": {"uv": [50, 29], "uv_size": [1, 1]},
								"down": {"uv": [50, 32], "uv_size": [1, -1]}
							}
						},
						{
							"origin": [1.79849, -8.11637, -24.64062],
							"size": [1.2875, 1.375, 0.1625],
							"pivot": [2.44224, -7.17887, -24.99688],
							"rotation": [52.5, 45, 0],
							"uv": {
								"north": {"uv": [16, 69], "uv_size": [1.5, 1.5]},
								"east": {"uv": [69, 28], "uv_size": [0.5, 1.5]},
								"south": {"uv": [18, 69], "uv_size": [1.5, 1.5]},
								"west": {"uv": [69, 30], "uv_size": [0.5, 1.5]},
								"up": {"uv": [4, 52], "uv_size": [1.5, 0.5]},
								"down": {"uv": [52, 5.5], "uv_size": [1.5, -0.5]}
							}
						},
						{
							"origin": [2.27095, -4.67887, -25.83152],
							"size": [0.75, 0.875, 0.9125],
							"pivot": [2.77095, -4.24137, -25.37527],
							"rotation": [-35.26439, 30, -54.73561],
							"uv": {
								"north": {"uv": [32, 61], "uv_size": [0.5, 1]},
								"east": {"uv": [50, 34], "uv_size": [1, 1]},
								"south": {"uv": [43, 61], "uv_size": [0.5, 1]},
								"west": {"uv": [50, 37], "uv_size": [1, 1]},
								"up": {"uv": [49, 61], "uv_size": [0.5, 1]},
								"down": {"uv": [56, 62], "uv_size": [0.5, -1]}
							}
						},
						{
							"origin": [2.70845, -4.67887, -25.85652],
							"size": [0.25, 0.25, 1.1875],
							"pivot": [2.77095, -4.24137, -25.18777],
							"rotation": [-35.26439, 30, -54.73561],
							"uv": {
								"north": {"uv": [69, 9], "uv_size": [0.5, 0.5]},
								"east": {"uv": [62, 16], "uv_size": [1, 0.5]},
								"south": {"uv": [69, 11], "uv_size": [0.5, 0.5]},
								"west": {"uv": [62, 21], "uv_size": [1, 0.5]},
								"up": {"uv": [62, 29], "uv_size": [0.5, 1]},
								"down": {"uv": [62, 32], "uv_size": [0.5, -1]}
							}
						},
						{
							"origin": [2.04849, -6.49137, -25.39062],
							"size": [0.7875, 10.0625, 0.7875],
							"uv": {
								"north": {"uv": [12, 0], "uv_size": [1, 10]},
								"east": {"uv": [29, 5], "uv_size": [1, 10]},
								"south": {"uv": [23, 30], "uv_size": [1, 10]},
								"west": {"uv": [33, 9], "uv_size": [1, 10]},
								"up": {"uv": [50, 41], "uv_size": [1, 1]},
								"down": {"uv": [50, 46], "uv_size": [1, -1]}
							}
						},
						{
							"origin": [1.86099, 3.50863, -25.64062],
							"size": [1.1, 1.3125, 1.2875],
							"pivot": [2.44224, 4.19613, -24.99688],
							"rotation": [0, -45, 0],
							"uv": {
								"north": {"uv": [43, 59], "uv_size": [1, 1.5]},
								"east": {"uv": [31, 69], "uv_size": [1.5, 1.5]},
								"south": {"uv": [49, 59], "uv_size": [1, 1.5]},
								"west": {"uv": [69, 33], "uv_size": [1.5, 1.5]},
								"up": {"uv": [56, 59], "uv_size": [1, 1.5]},
								"down": {"uv": [1, 61.5], "uv_size": [1, -1.5]}
							}
						},
						{
							"origin": [1.58566, 3.76681, -24.91765],
							"size": [1.3125, 0.602, 0.602],
							"pivot": [2.89744, 4.16488, -24.54168],
							"rotation": [45, -45, 0],
							"uv": {
								"north": {"uv": [52, 8], "uv_size": [1.5, 0.5]},
								"east": {"uv": [69, 13], "uv_size": [0.5, 0.5]},
								"south": {"uv": [52, 25], "uv_size": [1.5, 0.5]},
								"west": {"uv": [69, 15], "uv_size": [0.5, 0.5]},
								"up": {"uv": [33, 52], "uv_size": [1.5, 0.5]},
								"down": {"uv": [52, 37.5], "uv_size": [1.5, -0.5]}
							}
						},
						{
							"origin": [2.24679, -7.75716, -25.19675],
							"size": [0.375, 1.26579, 0.375],
							"uv": {
								"north": {"uv": [37, 69], "uv_size": [0.5, 1.5]},
								"east": {"uv": [40, 69], "uv_size": [0.5, 1.5]},
								"south": {"uv": [69, 43], "uv_size": [0.5, 1.5]},
								"west": {"uv": [69, 45], "uv_size": [0.5, 1.5]},
								"up": {"uv": [69, 19], "uv_size": [0.5, 0.5]},
								"down": {"uv": [69, 22.5], "uv_size": [0.5, -0.5]}
							}
						}
					]
				},
				{
					"name": "bone27",
					"parent": "lod",
					"pivot": [-2.44224, 1.19613, -24.99687],
					"rotation": [0, -45, 22.5],
					"cubes": [
						{
							"origin": [-2.96099, -4.92887, -25.51562],
							"size": [1.0375, 2.25, 1.0375],
							"uv": {
								"north": {"uv": [48, 47], "uv_size": [1, 2.5]},
								"east": {"uv": [33, 49], "uv_size": [1, 2.5]},
								"south": {"uv": [50, 5], "uv_size": [1, 2.5]},
								"west": {"uv": [50, 8], "uv_size": [1, 2.5]},
								"up": {"uv": [50, 48], "uv_size": [1, 1]},
								"down": {"uv": [51, 3], "uv_size": [1, -1]}
							}
						},
						{
							"origin": [-3.08599, -8.11637, -24.64062],
							"size": [1.2875, 1.375, 0.1625],
							"pivot": [-2.44224, -7.17887, -24.99688],
							"rotation": [52.5, -45, 0],
							"uv": {
								"north": {"uv": [69, 35], "uv_size": [1.5, 1.5]},
								"east": {"uv": [46, 69], "uv_size": [0.5, 1.5]},
								"south": {"uv": [69, 37], "uv_size": [1.5, 1.5]},
								"west": {"uv": [47, 69], "uv_size": [0.5, 1.5]},
								"up": {"uv": [52, 41], "uv_size": [1.5, 0.5]},
								"down": {"uv": [53, 21.5], "uv_size": [1.5, -0.5]}
							}
						},
						{
							"origin": [-3.02095, -4.67887, -25.83152],
							"size": [0.75, 0.875, 0.9125],
							"pivot": [-2.77095, -4.24137, -25.37527],
							"rotation": [-35.26439, -30, 54.73561],
							"uv": {
								"north": {"uv": [5, 63], "uv_size": [0.5, 1]},
								"east": {"uv": [51, 5], "uv_size": [1, 1]},
								"south": {"uv": [21, 64], "uv_size": [0.5, 1]},
								"west": {"uv": [51, 8], "uv_size": [1, 1]},
								"up": {"uv": [64, 31], "uv_size": [0.5, 1]},
								"down": {"uv": [41, 65], "uv_size": [0.5, -1]}
							}
						},
						{
							"origin": [-2.95845, -4.67887, -25.85652],
							"size": [0.25, 0.25, 1.1875],
							"pivot": [-2.77095, -4.24137, -25.18777],
							"rotation": [-35.26439, -30, 54.73561],
							"uv": {
								"north": {"uv": [35, 69], "uv_size": [0.5, 0.5]},
								"east": {"uv": [42, 64], "uv_size": [1, 0.5]},
								"south": {"uv": [36, 69], "uv_size": [0.5, 0.5]},
								"west": {"uv": [53, 64], "uv_size": [1, 0.5]},
								"up": {"uv": [54, 64], "uv_size": [0.5, 1]},
								"down": {"uv": [55, 65], "uv_size": [0.5, -1]}
							}
						},
						{
							"origin": [-2.83599, -6.49137, -25.39062],
							"size": [0.7875, 10.0625, 0.7875],
							"uv": {
								"north": {"uv": [33, 27], "uv_size": [1, 10]},
								"east": {"uv": [27, 34], "uv_size": [1, 10]},
								"south": {"uv": [31, 34], "uv_size": [1, 10]},
								"west": {"uv": [14, 37], "uv_size": [1, 10]},
								"up": {"uv": [51, 11], "uv_size": [1, 1]},
								"down": {"uv": [51, 14], "uv_size": [1, -1]}
							}
						},
						{
							"origin": [-2.96099, 3.50863, -25.64062],
							"size": [1.1, 1.3125, 1.2875],
							"pivot": [-2.44224, 4.19613, -24.99688],
							"rotation": [0, 45, 0],
							"uv": {
								"north": {"uv": [60, 31], "uv_size": [1, 1.5]},
								"east": {"uv": [69, 39], "uv_size": [1.5, 1.5]},
								"south": {"uv": [35, 60], "uv_size": [1, 1.5]},
								"west": {"uv": [69, 41], "uv_size": [1.5, 1.5]},
								"up": {"uv": [37, 60], "uv_size": [1, 1.5]},
								"down": {"uv": [5, 62.5], "uv_size": [1, -1.5]}
							}
						},
						{
							"origin": [-2.89816, 3.76681, -24.91765],
							"size": [1.3125, 0.602, 0.602],
							"pivot": [-2.89744, 4.16488, -24.54168],
							"rotation": [45, 45, 0],
							"uv": {
								"north": {"uv": [53, 23], "uv_size": [1.5, 0.5]},
								"east": {"uv": [38, 69], "uv_size": [0.5, 0.5]},
								"south": {"uv": [53, 27], "uv_size": [1.5, 0.5]},
								"west": {"uv": [39, 69], "uv_size": [0.5, 0.5]},
								"up": {"uv": [53, 29], "uv_size": [1.5, 0.5]},
								"down": {"uv": [53, 31.5], "uv_size": [1.5, -0.5]}
							}
						},
						{
							"origin": [-2.62179, -7.75716, -25.19675],
							"size": [0.375, 1.26579, 0.375],
							"uv": {
								"north": {"uv": [69, 47], "uv_size": [0.5, 1.5]},
								"east": {"uv": [51, 69], "uv_size": [0.5, 1.5]},
								"south": {"uv": [56, 69], "uv_size": [0.5, 1.5]},
								"west": {"uv": [57, 69], "uv_size": [0.5, 1.5]},
								"up": {"uv": [41, 69], "uv_size": [0.5, 0.5]},
								"down": {"uv": [42, 69.5], "uv_size": [0.5, -0.5]}
							}
						}
					]
				}
			]
		}
	]
}