{
    "materials": [
      {
        "item": {
          "tag": "forge:ingots/copper"
        },
        "count": 10
      },
      {
        "item": {
          "tag": "forge:gunpowder"
        },
        "count": 3
      },
      {
        "item": {
          "tag": "forge:ingots/iron"
        },
        "count": 2
    }
    ],
    "result": {
      "type": "ammo",
      "id": "the_continental:5821",
      "count": 50
    },
    "type": "tacz:gun_smith_table_crafting"
  }