{
	"format_version": "1.12.0",
	"minecraft:geometry": [
		{
			"description": {
				"identifier": "geometry.unknown",
				"texture_width": 128,
				"texture_height": 128,
				"visible_bounds_width": 2,
				"visible_bounds_height": 2.5,
				"visible_bounds_offset": [0, 0.75, 0]
			},
			"bones": [
				{
					"name": "root",
					"pivot": [0, 0, 0]
				},
				{
					"name": "12_gauge3",
					"parent": "root",
					"pivot": [5, 0.875, -7.5],
					"rotation": [135, 0, 90],
					"cubes": [
						{
							"origin": [4.25, -1.99632, -13.43382],
							"size": [1.5, 1.5, 5],
							"uv": {
								"north": {"uv": [25, 42], "uv_size": [1.5, 1.5]},
								"east": {"uv": [35, 15], "uv_size": [5, 1.5]},
								"west": {"uv": [36, 0], "uv_size": [5, 1.5]},
								"up": {"uv": [3, 37], "uv_size": [1.5, 5]},
								"down": {"uv": [19, 42], "uv_size": [1.5, -5]}
							}
						},
						{
							"origin": [4.125, -2.12132, -8.43382],
							"size": [1.75, 1.75, 0.25],
							"uv": {
								"north": {"uv": [35, 39], "uv_size": [2, 2]},
								"east": {"uv": [50, 28], "uv_size": [0.5, 2]},
								"south": {"uv": [38, 39], "uv_size": [2, 2]},
								"west": {"uv": [29, 50], "uv_size": [0.5, 2]},
								"up": {"uv": [31, 50], "uv_size": [2, 0.5]},
								"down": {"uv": [34, 50.5], "uv_size": [2, -0.5]}
							}
						}
					]
				},
				{
					"name": "12_gauge2",
					"parent": "root",
					"pivot": [-2, 0.875, -8],
					"rotation": [-112.5, 0, 90],
					"cubes": [
						{
							"origin": [-2.75, 2.89664, -12.96055],
							"size": [1.5, 1.5, 5],
							"uv": {
								"north": {"uv": [22, 42], "uv_size": [1.5, 1.5]},
								"east": {"uv": [34, 19], "uv_size": [5, 1.5]},
								"west": {"uv": [32, 34], "uv_size": [5, 1.5]},
								"up": {"uv": [35, 9], "uv_size": [1.5, 5]},
								"down": {"uv": [0, 42], "uv_size": [1.5, -5]}
							}
						},
						{
							"origin": [-2.875, 2.77164, -7.96055],
							"size": [1.75, 1.75, 0.25],
							"uv": {
								"north": {"uv": [39, 27], "uv_size": [2, 2]},
								"east": {"uv": [17, 50], "uv_size": [0.5, 2]},
								"south": {"uv": [32, 39], "uv_size": [2, 2]},
								"west": {"uv": [21, 50], "uv_size": [0.5, 2]},
								"up": {"uv": [23, 50], "uv_size": [2, 0.5]},
								"down": {"uv": [26, 50.5], "uv_size": [2, -0.5]}
							}
						}
					]
				},
				{
					"name": "12_gauge",
					"parent": "root",
					"pivot": [-3, 1.5, -7],
					"rotation": [-90, 0, 0],
					"cubes": [
						{
							"origin": [-3.75, 4.75, -10.75],
							"size": [1.5, 1.5, 5],
							"uv": {
								"north": {"uv": [42, 0], "uv_size": [1.5, 1.5]},
								"east": {"uv": [33, 27], "uv_size": [5, 1.5]},
								"west": {"uv": [0, 34], "uv_size": [5, 1.5]},
								"up": {"uv": [16, 33], "uv_size": [1.5, 5]},
								"down": {"uv": [6, 39], "uv_size": [1.5, -5]}
							}
						},
						{
							"origin": [-3.875, 4.625, -5.75],
							"size": [1.75, 1.75, 0.25],
							"uv": {
								"north": {"uv": [7, 16], "uv_size": [2, 2]},
								"east": {"uv": [15, 48], "uv_size": [0.5, 2]},
								"south": {"uv": [38, 34], "uv_size": [2, 2]},
								"west": {"uv": [19, 49], "uv_size": [0.5, 2]},
								"up": {"uv": [50, 10], "uv_size": [2, 0.5]},
								"down": {"uv": [50, 12.5], "uv_size": [2, -0.5]}
							}
						}
					]
				},
				{
					"name": "can",
					"parent": "root",
					"pivot": [0, 0, 0],
					"cubes": [
						{
							"origin": [-5.25, 6.5, -1.25],
							"size": [10.5, 0.5, 0.75],
							"uv": {
								"north": {"uv": [38, 13], "uv_size": [10.5, 0.5]},
								"south": {"uv": [38, 30], "uv_size": [10.5, 0.5]},
								"up": {"uv": [29, 5], "uv_size": [10.5, 1]},
								"down": {"uv": [29, 8], "uv_size": [10.5, -1]}
							}
						},
						{
							"origin": [-5, 0.5, -1],
							"size": [10, 6, 6],
							"inflate": 0.005,
							"uv": {
								"north": {"uv": [12, 0], "uv_size": [10, 6]},
								"south": {"uv": [12, 7], "uv_size": [10, 6]},
								"up": {"uv": [12, 14], "uv_size": [10, 6]}
							}
						},
						{
							"origin": [-5.79289, 0.5, -0.91421],
							"size": [1, 6, 1.41421],
							"pivot": [-5.29289, 4, 0],
							"rotation": [0, -45, 0],
							"uv": {
								"east": {"uv": [23, 31], "uv_size": [1.5, 6]},
								"up": {"uv": [10, 16], "uv_size": [1, 1.5]},
								"down": {"uv": [22, 46.5], "uv_size": [1, -1.5]}
							}
						},
						{
							"origin": [4.79289, 0.5, -0.91421],
							"size": [1, 6, 1.41421],
							"pivot": [5.29289, 4, 0],
							"rotation": [0, 45, 0],
							"uv": {
								"west": {"uv": [26, 31], "uv_size": [1.5, 6]},
								"up": {"uv": [24, 45], "uv_size": [1, 1.5]},
								"down": {"uv": [26, 46.5], "uv_size": [1, -1.5]}
							}
						},
						{
							"origin": [4.79289, 0.5, 3.5],
							"size": [1, 6, 1.41421],
							"pivot": [5.29289, 4, 4],
							"rotation": [0, -45, 0],
							"uv": {
								"west": {"uv": [32, 9], "uv_size": [1.5, 6]},
								"up": {"uv": [33, 45], "uv_size": [1, 1.5]},
								"down": {"uv": [35, 46.5], "uv_size": [1, -1.5]}
							}
						},
						{
							"origin": [-5.79289, 0.5, 3.5],
							"size": [1, 6, 1.41421],
							"pivot": [-5.29289, 4, 4],
							"rotation": [0, 45, 0],
							"uv": {
								"east": {"uv": [29, 31], "uv_size": [1.5, 6]},
								"up": {"uv": [45, 26], "uv_size": [1, 1.5]},
								"down": {"uv": [31, 46.5], "uv_size": [1, -1.5]}
							}
						},
						{
							"origin": [-6, 0.5, 0],
							"size": [12, 6, 4],
							"uv": {
								"east": {"uv": [0, 27], "uv_size": [4, 6]},
								"west": {"uv": [5, 27], "uv_size": [4, 6]},
								"up": {"uv": [23, 0], "uv_size": [12, 4]}
							}
						},
						{
							"origin": [-5.25, 0, -1.25],
							"size": [10.5, 0.5, 6.5],
							"inflate": 0.001,
							"uv": {
								"north": {"uv": [36, 3], "uv_size": [10.5, 0.5]},
								"south": {"uv": [32, 37], "uv_size": [10.5, 0.5]},
								"up": {"uv": [0, 0], "uv_size": [10.5, 6.5]},
								"down": {"uv": [0, 14.5], "uv_size": [10.5, -6.5]}
							}
						},
						{
							"origin": [-6.25, 0, -0.25],
							"size": [12.5, 0.5, 4.5],
							"uv": {
								"east": {"uv": [22, 40], "uv_size": [4.5, 0.5]},
								"west": {"uv": [40, 22], "uv_size": [4.5, 0.5]},
								"up": {"uv": [0, 21], "uv_size": [12.5, 4.5]},
								"down": {"uv": [14, 25.5], "uv_size": [12.5, -4.5]}
							}
						},
						{
							"origin": [-6.04289, 0, -1.16421],
							"size": [1, 0.5, 1.41421],
							"pivot": [-5.54289, 3.5, -0.25],
							"rotation": [0, -45, 0],
							"uv": {
								"east": {"uv": [50, 44], "uv_size": [1.5, 0.5]},
								"up": {"uv": [19, 46], "uv_size": [1, 1.5]},
								"down": {"uv": [46, 23.5], "uv_size": [1, -1.5]}
							}
						},
						{
							"origin": [5.04289, 0, -1.16421],
							"size": [1, 0.5, 1.41421],
							"pivot": [5.54289, 3.5, -0.25],
							"rotation": [0, 45, 0],
							"uv": {
								"west": {"uv": [50, 42], "uv_size": [1.5, 0.5]},
								"up": {"uv": [2, 46], "uv_size": [1, 1.5]},
								"down": {"uv": [4, 47.5], "uv_size": [1, -1.5]}
							}
						},
						{
							"origin": [-6.04289, 0, 3.75],
							"size": [1, 0.5, 1.41421],
							"pivot": [-5.54289, 3.5, 4.25],
							"rotation": [0, 45, 0],
							"uv": {
								"east": {"uv": [50, 40], "uv_size": [1.5, 0.5]},
								"up": {"uv": [41, 45], "uv_size": [1, 1.5]},
								"down": {"uv": [0, 47.5], "uv_size": [1, -1.5]}
							}
						},
						{
							"origin": [5.04289, 0, 3.75],
							"size": [1, 0.5, 1.41421],
							"pivot": [5.54289, 3.5, 4.25],
							"rotation": [0, -45, 0],
							"uv": {
								"west": {"uv": [37, 50], "uv_size": [1.5, 0.5]},
								"up": {"uv": [37, 45], "uv_size": [1, 1.5]},
								"down": {"uv": [39, 46.5], "uv_size": [1, -1.5]}
							}
						},
						{
							"origin": [5.29289, 6.5, 3.75],
							"size": [0.75, 0.5, 1.41421],
							"inflate": -0.001,
							"pivot": [5.54289, 10, 4.25],
							"rotation": [0, -45, 0],
							"uv": {
								"east": {"uv": [51, 19], "uv_size": [1.5, 0.5]},
								"west": {"uv": [51, 21], "uv_size": [1.5, 0.5]},
								"up": {"uv": [47, 35], "uv_size": [1, 1.5]},
								"down": {"uv": [47, 39.5], "uv_size": [1, -1.5]}
							}
						},
						{
							"origin": [-6.04289, 6.5, 3.75],
							"size": [0.75, 0.5, 1.41421],
							"inflate": -0.001,
							"pivot": [-5.54289, 10, 4.25],
							"rotation": [0, 45, 0],
							"uv": {
								"east": {"uv": [14, 51], "uv_size": [1.5, 0.5]},
								"west": {"uv": [51, 17], "uv_size": [1.5, 0.5]},
								"up": {"uv": [28, 47], "uv_size": [1, 1.5]},
								"down": {"uv": [47, 33.5], "uv_size": [1, -1.5]}
							}
						},
						{
							"origin": [5.29289, 6.5, -1.16421],
							"size": [0.75, 0.5, 1.41421],
							"inflate": -0.001,
							"pivot": [5.54289, 10, -0.25],
							"rotation": [0, 45, 0],
							"uv": {
								"east": {"uv": [51, 2], "uv_size": [1.5, 0.5]},
								"west": {"uv": [3, 51], "uv_size": [1.5, 0.5]},
								"up": {"uv": [17, 47], "uv_size": [1, 1.5]},
								"down": {"uv": [47, 26.5], "uv_size": [1, -1.5]}
							}
						},
						{
							"origin": [-6.04289, 6.5, -1.16421],
							"size": [0.75, 0.5, 1.41421],
							"inflate": -0.001,
							"pivot": [-5.54289, 10, -0.25],
							"rotation": [0, -45, 0],
							"uv": {
								"east": {"uv": [0, 51], "uv_size": [1.5, 0.5]},
								"west": {"uv": [51, 0], "uv_size": [1.5, 0.5]},
								"up": {"uv": [47, 5], "uv_size": [1, 1.5]},
								"down": {"uv": [47, 16.5], "uv_size": [1, -1.5]}
							}
						},
						{
							"origin": [5.5, 6.5, -0.25],
							"size": [0.75, 0.5, 4.5],
							"uv": {
								"east": {"uv": [40, 24], "uv_size": [4.5, 0.5]},
								"west": {"uv": [41, 5], "uv_size": [4.5, 0.5]},
								"up": {"uv": [9, 39], "uv_size": [1, 4.5]},
								"down": {"uv": [11, 43.5], "uv_size": [1, -4.5]}
							}
						},
						{
							"origin": [1.75038, 6.49992, -0.5],
							"size": [3.75, 0, 5],
							"inflate": 0.01,
							"pivot": [5.50038, 6.50092, -1.5],
							"rotation": [0, 0, 10],
							"uv": {
								"up": {"uv": [10, 27], "uv_size": [4, 5]},
								"down": {"uv": [15, 32], "uv_size": [4, -5]}
							}
						},
						{
							"origin": [0.05735, 7.1511, -0.5],
							"size": [1.75, 0, 5],
							"inflate": 0.01,
							"pivot": [1.80735, 7.1521, -1.5],
							"rotation": [0, 0, 30],
							"uv": {
								"up": {"uv": [29, 9], "uv_size": [2, 5]},
								"down": {"uv": [20, 36], "uv_size": [2, -5]}
							}
						},
						{
							"origin": [-1.20819, 8.0271, -0.5],
							"size": [1.5, 1.5, 5],
							"inflate": 0.01,
							"pivot": [0.29181, 8.0271, -1.5],
							"rotation": [0, 0, 67.5],
							"uv": {
								"north": {"uv": [41, 34], "uv_size": [1.5, 1.5]},
								"east": {"uv": [29, 16], "uv_size": [5, 1.5]},
								"south": {"uv": [41, 39], "uv_size": [1.5, 1.5]},
								"west": {"uv": [32, 31], "uv_size": [5, 1.5]},
								"up": {"uv": [10, 33], "uv_size": [1.5, 5]},
								"down": {"uv": [13, 38], "uv_size": [1.5, -5]}
							}
						},
						{
							"origin": [0.06756, 8.46871, -0.5625],
							"size": [1, 1, 5.125],
							"pivot": [0.63006, 8.84371, 2],
							"rotation": [0, 0, 90],
							"uv": {
								"north": {"uv": [10, 19], "uv_size": [1, 1]},
								"east": {"uv": [22, 38], "uv_size": [5, 1]},
								"south": {"uv": [26, 19], "uv_size": [1, 1]},
								"west": {"uv": [38, 32], "uv_size": [5, 1]},
								"up": {"uv": [28, 38], "uv_size": [1, 5]},
								"down": {"uv": [30, 43], "uv_size": [1, -5]}
							}
						},
						{
							"origin": [-6.25, 6.5, -0.25],
							"size": [0.75, 0.5, 4.5],
							"uv": {
								"east": {"uv": [41, 7], "uv_size": [4.5, 0.5]},
								"west": {"uv": [41, 15], "uv_size": [4.5, 0.5]},
								"up": {"uv": [13, 39], "uv_size": [1, 4.5]},
								"down": {"uv": [15, 43.5], "uv_size": [1, -4.5]}
							}
						},
						{
							"origin": [-5.25, 6.5, 4.5],
							"size": [10.5, 0.5, 0.75],
							"uv": {
								"north": {"uv": [38, 9], "uv_size": [10.5, 0.5]},
								"south": {"uv": [38, 11], "uv_size": [10.5, 0.5]},
								"up": {"uv": [28, 23], "uv_size": [10.5, 1]},
								"down": {"uv": [28, 26], "uv_size": [10.5, -1]}
							}
						}
					]
				},
				{
					"name": "bone2",
					"parent": "can",
					"pivot": [1.00506, 8.90621, 0.1875],
					"rotation": [0, 0, -135],
					"cubes": [
						{
							"origin": [1.77042, 8.71871, 5.28526],
							"size": [1.5, 0.375, 0.375],
							"pivot": [1.00506, 8.90621, 3.625],
							"rotation": [0, -22.5, 90],
							"uv": {
								"north": {"uv": [40, 51], "uv_size": [1.5, 0.5]},
								"east": {"uv": [10, 52], "uv_size": [0.5, 0.5]},
								"south": {"uv": [43, 51], "uv_size": [1.5, 0.5]},
								"west": {"uv": [12, 52], "uv_size": [0.5, 0.5]},
								"up": {"uv": [46, 51], "uv_size": [1.5, 0.5]},
								"down": {"uv": [49, 51.5], "uv_size": [1.5, -0.5]}
							}
						},
						{
							"origin": [-1.26031, 8.71871, 5.28526],
							"size": [1, 0.375, 0.375],
							"pivot": [1.00506, 8.90621, 3.625],
							"rotation": [0, 22.5, 90],
							"uv": {
								"north": {"uv": [52, 4], "uv_size": [1, 0.5]},
								"east": {"uv": [52, 14], "uv_size": [0.5, 0.5]},
								"south": {"uv": [6, 52], "uv_size": [1, 0.5]},
								"west": {"uv": [19, 52], "uv_size": [0.5, 0.5]},
								"up": {"uv": [52, 6], "uv_size": [1, 0.5]},
								"down": {"uv": [8, 52.5], "uv_size": [1, -0.5]}
							}
						},
						{
							"origin": [0.81756, 8.71871, -1.0625],
							"size": [0.375, 0.375, 6.875],
							"pivot": [1.00506, 8.90621, 0.1875],
							"rotation": [0, 0, 90],
							"uv": {
								"north": {"uv": [23, 52], "uv_size": [0.5, 0.5]},
								"east": {"uv": [40, 18], "uv_size": [7, 0.5]},
								"south": {"uv": [52, 23], "uv_size": [0.5, 0.5]},
								"west": {"uv": [40, 20], "uv_size": [7, 0.5]},
								"up": {"uv": [17, 39], "uv_size": [0.5, 7]},
								"down": {"uv": [6, 47], "uv_size": [0.5, -7]}
							}
						},
						{
							"origin": [-0.43244, 8.71871, 6.6875],
							"size": [2.875, 0.375, 0.375],
							"pivot": [1.00506, 8.90621, -0.5625],
							"rotation": [0, 0, 90],
							"uv": {
								"north": {"uv": [48, 49], "uv_size": [3, 0.5]},
								"east": {"uv": [25, 52], "uv_size": [0.5, 0.5]},
								"south": {"uv": [6, 50], "uv_size": [3, 0.5]},
								"west": {"uv": [52, 25], "uv_size": [0.5, 0.5]},
								"up": {"uv": [50, 8], "uv_size": [3, 0.5]},
								"down": {"uv": [10, 50.5], "uv_size": [3, -0.5]}
							}
						},
						{
							"origin": [2.06756, 8.71871, 6.0625],
							"size": [0.375, 0.375, 0.625],
							"pivot": [1.00506, 8.90621, -0.9375],
							"rotation": [0, 0, 90],
							"uv": {
								"north": {"uv": [27, 52], "uv_size": [0.5, 0.5]},
								"east": {"uv": [52, 27], "uv_size": [0.5, 0.5]},
								"west": {"uv": [52, 29], "uv_size": [0.5, 0.5]},
								"up": {"uv": [31, 52], "uv_size": [0.5, 0.5]},
								"down": {"uv": [52, 31.5], "uv_size": [0.5, -0.5]}
							}
						},
						{
							"origin": [2.06756, 11.21871, 6.0625],
							"size": [0.375, 0.375, 0.625],
							"pivot": [1.00506, 11.40621, -0.9375],
							"rotation": [0, 0, 90],
							"uv": {
								"north": {"uv": [33, 52], "uv_size": [0.5, 0.5]},
								"east": {"uv": [52, 33], "uv_size": [0.5, 0.5]},
								"south": {"uv": [35, 52], "uv_size": [0.5, 0.5]},
								"west": {"uv": [52, 35], "uv_size": [0.5, 0.5]},
								"up": {"uv": [37, 52], "uv_size": [0.5, 0.5]},
								"down": {"uv": [52, 37.5], "uv_size": [0.5, -0.5]}
							}
						}
					]
				},
				{
					"name": "bone3",
					"parent": "can",
					"pivot": [0.75, 6.5, -1.25],
					"cubes": [
						{
							"origin": [0, 6, 2.5],
							"size": [1.5, 0.75, 1.5],
							"pivot": [0.75, 6.5, 3.25],
							"rotation": [0, 45, 0],
							"uv": {
								"north": {"uv": [49, 4], "uv_size": [1.5, 1]},
								"east": {"uv": [49, 6], "uv_size": [1.5, 1]},
								"south": {"uv": [49, 15], "uv_size": [1.5, 1]},
								"west": {"uv": [49, 24], "uv_size": [1.5, 1]},
								"up": {"uv": [44, 41], "uv_size": [1.5, 1.5]},
								"down": {"uv": [44, 45.5], "uv_size": [1.5, -1.5]}
							}
						},
						{
							"origin": [-5, 6, 2.5],
							"size": [1.5, 0.75, 1.5],
							"pivot": [-4.25, 6.5, 3.25],
							"rotation": [0, 45, 0],
							"uv": {
								"north": {"uv": [7, 19], "uv_size": [1.5, 1]},
								"east": {"uv": [23, 19], "uv_size": [1.5, 1]},
								"south": {"uv": [47, 28], "uv_size": [1.5, 1]},
								"west": {"uv": [47, 41], "uv_size": [1.5, 1]},
								"up": {"uv": [42, 26], "uv_size": [1.5, 1.5]},
								"down": {"uv": [32, 43.5], "uv_size": [1.5, -1.5]}
							}
						},
						{
							"origin": [-5, 6, 0],
							"size": [1.5, 0.75, 1.5],
							"pivot": [-4.25, 6.5, 0.75],
							"rotation": [0, 45, 0],
							"uv": {
								"north": {"uv": [43, 47], "uv_size": [1.5, 1]},
								"east": {"uv": [47, 43], "uv_size": [1.5, 1]},
								"south": {"uv": [47, 45], "uv_size": [1.5, 1]},
								"west": {"uv": [46, 47], "uv_size": [1.5, 1]},
								"up": {"uv": [35, 42], "uv_size": [1.5, 1.5]},
								"down": {"uv": [38, 43.5], "uv_size": [1.5, -1.5]}
							}
						},
						{
							"origin": [-3.75, 6, 1.25],
							"size": [1.5, 0.75, 1.5],
							"pivot": [-3, 6.5, 2],
							"rotation": [0, 45, 0],
							"uv": {
								"north": {"uv": [48, 0], "uv_size": [1.5, 1]},
								"east": {"uv": [48, 2], "uv_size": [1.5, 1]},
								"south": {"uv": [6, 48], "uv_size": [1.5, 1]},
								"west": {"uv": [9, 48], "uv_size": [1.5, 1]},
								"up": {"uv": [41, 42], "uv_size": [1.5, 1.5]},
								"down": {"uv": [0, 44.5], "uv_size": [1.5, -1.5]}
							}
						},
						{
							"origin": [-1.25, 6, 1.25],
							"size": [1.5, 0.75, 1.5],
							"pivot": [-0.5, 6.5, 2],
							"rotation": [0, 45, 0],
							"uv": {
								"north": {"uv": [36, 48], "uv_size": [1.5, 1]},
								"east": {"uv": [39, 48], "uv_size": [1.5, 1]},
								"south": {"uv": [0, 49], "uv_size": [1.5, 1]},
								"west": {"uv": [3, 49], "uv_size": [1.5, 1]},
								"up": {"uv": [44, 35], "uv_size": [1.5, 1.5]},
								"down": {"uv": [44, 39.5], "uv_size": [1.5, -1.5]}
							}
						},
						{
							"origin": [-2.5, 6, 0],
							"size": [1.5, 0.75, 1.5],
							"pivot": [-1.75, 6.5, 0.75],
							"rotation": [0, 45, 0],
							"uv": {
								"north": {"uv": [48, 22], "uv_size": [1.5, 1]},
								"east": {"uv": [24, 48], "uv_size": [1.5, 1]},
								"south": {"uv": [30, 48], "uv_size": [1.5, 1]},
								"west": {"uv": [33, 48], "uv_size": [1.5, 1]},
								"up": {"uv": [28, 44], "uv_size": [1.5, 1.5]},
								"down": {"uv": [44, 33.5], "uv_size": [1.5, -1.5]}
							}
						},
						{
							"origin": [-2.5, 6, 2.5],
							"size": [1.5, 0.75, 1.5],
							"pivot": [-1.75, 6.5, 3.25],
							"rotation": [0, 45, 0],
							"uv": {
								"north": {"uv": [12, 48], "uv_size": [1.5, 1]},
								"east": {"uv": [48, 18], "uv_size": [1.5, 1]},
								"south": {"uv": [48, 20], "uv_size": [1.5, 1]},
								"west": {"uv": [21, 48], "uv_size": [1.5, 1]},
								"up": {"uv": [3, 43], "uv_size": [1.5, 1.5]},
								"down": {"uv": [19, 44.5], "uv_size": [1.5, -1.5]}
							}
						},
						{
							"origin": [1.25, 6, 1.25],
							"size": [1.5, 0.75, 1.5],
							"pivot": [2, 6.5, 2],
							"rotation": [0, 45, 0],
							"uv": {
								"north": {"uv": [49, 38], "uv_size": [1.5, 1]},
								"east": {"uv": [42, 49], "uv_size": [1.5, 1]},
								"south": {"uv": [45, 49], "uv_size": [1.5, 1]},
								"west": {"uv": [49, 47], "uv_size": [1.5, 1]},
								"up": {"uv": [11, 45], "uv_size": [1.5, 1.5]},
								"down": {"uv": [14, 46.5], "uv_size": [1.5, -1.5]}
							}
						},
						{
							"origin": [0, 6, 0],
							"size": [1.5, 0.75, 1.5],
							"pivot": [0.75, 6.5, 0.75],
							"rotation": [0, 45, 0],
							"uv": {
								"north": {"uv": [49, 26], "uv_size": [1.5, 1]},
								"east": {"uv": [49, 32], "uv_size": [1.5, 1]},
								"south": {"uv": [49, 34], "uv_size": [1.5, 1]},
								"west": {"uv": [49, 36], "uv_size": [1.5, 1]},
								"up": {"uv": [45, 0], "uv_size": [1.5, 1.5]},
								"down": {"uv": [8, 46.5], "uv_size": [1.5, -1.5]}
							}
						}
					]
				},
				{
					"name": "bb_main",
					"parent": "root",
					"pivot": [0, 0, 0],
					"cubes": [
						{
							"origin": [-1, 2, -1],
							"size": [5, 3, 6],
							"inflate": 0.04,
							"pivot": [1.5, 3.5, 2],
							"rotation": [0, 0, -22.5],
							"uv": {
								"north": {"uv": [28, 19], "uv_size": [5, 3]},
								"east": {"uv": [0, 16], "uv_size": [6, 3]},
								"south": {"uv": [27, 27], "uv_size": [5, 3]},
								"west": {"uv": [20, 27], "uv_size": [6, 3]},
								"up": {"uv": [23, 5], "uv_size": [5, 6]},
								"down": {"uv": [23, 18], "uv_size": [5, -6]}
							}
						},
						{
							"origin": [-1, 2, -1],
							"size": [5, 2.75, 6],
							"inflate": 0.05,
							"pivot": [1.5, 3.5, 2],
							"rotation": [0, 0, -22.5],
							"uv": {
								"north": {"uv": [4.5, 53], "uv_size": [76, 42]},
								"east": {"uv": [0, 16], "uv_size": [6, 3]},
								"west": {"uv": [20, 27], "uv_size": [6, 3]},
								"up": {"uv": [23, 5], "uv_size": [5, 6]},
								"down": {"uv": [23, 18], "uv_size": [5, -6]}
							}
						}
					]
				},
				{
					"name": "positioning",
					"pivot": [-3.025, -8.95, -11.225]
				},
				{
					"name": "ground",
					"parent": "positioning",
					"pivot": [0, 0, 2]
				},
				{
					"name": "fixed",
					"parent": "positioning",
					"pivot": [0, 3.5, 4]
				},
				{
					"name": "thirdperson_hand",
					"parent": "positioning",
					"pivot": [-0.025, 2.05, 2.025],
					"rotation": [0, 90, 0]
				}
			]
		}
	]
}