{
	"format_version": "1.12.0",
	"minecraft:geometry": [
		{
			"description": {
				"identifier": "geometry.unknown",
				"texture_width": 128,
				"texture_height": 128,
				"visible_bounds_width": 6,
				"visible_bounds_height": 3,
				"visible_bounds_offset": [0, 0.5, 0]
			},
			"bones": [
				{
					"name": "bullet",
					"pivot": [-0.00159, 16.6623, -0.00275],
					"rotation": [0, 45, 0],
					"cubes": [
						{
							"origin": [-0.44759, 15.6623, -0.19025],
							"size": [0.892, 2, 0.375],
							"uv": {
								"north": {"uv": [61, 26], "uv_size": [1, 2]},
								"east": {"uv": [66, 69], "uv_size": [0.5, 2]},
								"south": {"uv": [61, 33], "uv_size": [1, 2]},
								"west": {"uv": [67, 69], "uv_size": [0.5, 2]},
								"up": {"uv": [58, 75], "uv_size": [1, 0.5]},
								"down": {"uv": [75, 58.5], "uv_size": [1, -0.5]}
							}
						},
						{
							"origin": [13.02116, 15.6623, -6.034],
							"size": [0.892, 2, 0.375],
							"pivot": [9.65466, 16.9123, 3.80975],
							"rotation": [0, 90, 0],
							"uv": {
								"north": {"uv": [61, 35], "uv_size": [1, 2]},
								"east": {"uv": [68, 69], "uv_size": [0.5, 2]},
								"south": {"uv": [61, 37], "uv_size": [1, 2]},
								"west": {"uv": [69, 69], "uv_size": [0.5, 2]},
								"up": {"uv": [59, 75], "uv_size": [1, 0.5]},
								"down": {"uv": [75, 59.5], "uv_size": [1, -0.5]}
							}
						},
						{
							"origin": [18.73251, 15.6623, -0.5099],
							"size": [0.892, 2, 0.375],
							"pivot": [9.65466, 16.9123, 3.80975],
							"rotation": [0, 135, 0],
							"uv": {
								"north": {"uv": [61, 39], "uv_size": [1, 2]},
								"east": {"uv": [5, 70], "uv_size": [0.5, 2]},
								"south": {"uv": [61, 45], "uv_size": [1, 2]},
								"west": {"uv": [6, 70], "uv_size": [0.5, 2]},
								"up": {"uv": [60, 75], "uv_size": [1, 0.5]},
								"down": {"uv": [75, 60.5], "uv_size": [1, -0.5]}
							}
						},
						{
							"origin": [13.34082, 15.6623, 13.1461],
							"size": [0.892, 2, 0.375],
							"pivot": [9.65466, 16.9123, 3.80975],
							"rotation": [0, -135, 0],
							"uv": {
								"north": {"uv": [61, 47], "uv_size": [1, 2]},
								"east": {"uv": [7, 70], "uv_size": [0.5, 2]},
								"south": {"uv": [48, 61], "uv_size": [1, 2]},
								"west": {"uv": [9, 70], "uv_size": [0.5, 2]},
								"up": {"uv": [75, 61], "uv_size": [1, 0.5]},
								"down": {"uv": [75, 62.5], "uv_size": [1, -0.5]}
							}
						},
						{
							"origin": [-0.91334, 13.22553, -0.87218],
							"size": [1.818, 1.875, 2],
							"uv": {
								"north": {"uv": [0, 100], "uv_size": [1, 1]},
								"east": {"uv": [0, 100], "uv_size": [1, 1]},
								"south": {"uv": [0, 100], "uv_size": [5, 5]},
								"west": {"uv": [0, 100], "uv_size": [1, 1]},
								"up": {"uv": [1, 101], "uv_size": [-1, -1]},
								"down": {"uv": [1, 101], "uv_size": [-1, -1]}
							}
						},
						{
							"origin": [-0.15784, 13.22553, -0.87218],
							"size": [1.875, 1.875, 2.325],
							"pivot": [-0.00159, 12.31928, 1.11912],
							"rotation": [0, 45, 0],
							"uv": {
								"north": {"uv": [7.66406, 113.03125], "uv_size": [1, 1]},
								"east": {"uv": [0, 100], "uv_size": [1, 1]},
								"south": {"uv": [5, 100], "uv_size": [5, 5]},
								"west": {"uv": [7.66406, 109.19531], "uv_size": [1, 1]},
								"up": {"uv": [8.66406, 118.24219], "uv_size": [-1, -1]},
								"down": {"uv": [1, 101], "uv_size": [-1, -1]}
							}
						},
						{
							"origin": [-1.72034, 13.22553, -0.87218],
							"size": [1.875, 1.875, 2.325],
							"pivot": [-0.00159, 12.31928, 1.11912],
							"rotation": [0, -45, 0],
							"uv": {
								"north": {"uv": [20.38281, 121.84375], "uv_size": [1, 1]},
								"east": {"uv": [20, 100], "uv_size": [1, 1]},
								"south": {"uv": [15, 100], "uv_size": [-5, 5]},
								"west": {"uv": [20, 100], "uv_size": [1, 1]},
								"up": {"uv": [21, 101], "uv_size": [-1, -1]},
								"down": {"uv": [29.8125, 117.85938], "uv_size": [-1, -1]}
							}
						}
					]
				},
				{
					"name": "octagon2",
					"parent": "bullet",
					"pivot": [17.65466, 7.91303, -4.19343],
					"cubes": [
						{
							"origin": [-0.33517, 0.10053, 6.81373],
							"size": [0.93198, 10.8125, 2.25],
							"pivot": [9.65466, 15.91303, 3.80657],
							"rotation": [0, -45, 0],
							"uv": {
								"north": {"uv": [42, 34], "uv_size": [1, 10.75]},
								"east": {"uv": [0, 24], "uv_size": [2.25, 10.75]},
								"south": {"uv": [12, 43], "uv_size": [1, 10.75]},
								"west": {"uv": [3, 24], "uv_size": [2.25, 10.75]},
								"up": {"uv": [58, 20], "uv_size": [1, 2.25]},
								"down": {"uv": [58, 48.25], "uv_size": [1, -2.25]}
							}
						},
						{
							"origin": [-1.12659, 10.91303, -0.47192],
							"size": [2.25, 1.65625, 0.93198],
							"uv": {
								"north": {"uv": [52, 24], "uv_size": [2.25, 1.75]},
								"east": {"uv": [49, 63], "uv_size": [1, 1.75]},
								"south": {"uv": [52, 52], "uv_size": [2.25, 1.75]},
								"west": {"uv": [50, 63], "uv_size": [1, 1.75]},
								"up": {"uv": [58, 49], "uv_size": [2.25, 1]},
								"down": {"uv": [59, 4], "uv_size": [2.25, -1]}
							}
						},
						{
							"origin": [-0.99418, 10.91303, 7.47273],
							"size": [2.25, 1.65625, 0.93199],
							"pivot": [9.65466, 15.91303, 3.80657],
							"rotation": [0, -45, 0],
							"uv": {
								"north": {"uv": [53, 0], "uv_size": [2.25, 1.75]},
								"east": {"uv": [51, 63], "uv_size": [1, 1.75]},
								"south": {"uv": [53, 2], "uv_size": [2.25, 1.75]},
								"west": {"uv": [59, 63], "uv_size": [1, 1.75]},
								"up": {"uv": [59, 4], "uv_size": [2.25, 1]},
								"down": {"uv": [59, 6], "uv_size": [2.25, -1]}
							}
						},
						{
							"origin": [-0.46758, 10.91303, -1.13093],
							"size": [0.93198, 1.65625, 2.25],
							"uv": {
								"north": {"uv": [60, 63], "uv_size": [1, 1.75]},
								"east": {"uv": [53, 4], "uv_size": [2.25, 1.75]},
								"south": {"uv": [61, 63], "uv_size": [1, 1.75]},
								"west": {"uv": [53, 6], "uv_size": [2.25, 1.75]},
								"up": {"uv": [59, 10], "uv_size": [1, 2.25]},
								"down": {"uv": [59, 15.25], "uv_size": [1, -2.25]}
							}
						},
						{
							"origin": [-0.33517, 10.91303, 6.81373],
							"size": [0.93198, 1.65625, 2.25],
							"pivot": [9.65466, 15.91303, 3.80657],
							"rotation": [0, -45, 0],
							"uv": {
								"north": {"uv": [62, 63], "uv_size": [1, 1.75]},
								"east": {"uv": [53, 8], "uv_size": [2.25, 1.75]},
								"south": {"uv": [63, 63], "uv_size": [1, 1.75]},
								"west": {"uv": [53, 10], "uv_size": [2.25, 1.75]},
								"up": {"uv": [59, 35], "uv_size": [1, 2.25]},
								"down": {"uv": [59, 40.25], "uv_size": [1, -2.25]}
							}
						},
						{
							"origin": [-0.46758, 12.56928, -1.13093],
							"size": [0.93198, 3.96875, 2.25],
							"uv": {
								"north": {"uv": [10, 50], "uv_size": [1, 4]},
								"east": {"uv": [42, 14], "uv_size": [2.25, 4]},
								"south": {"uv": [48, 50], "uv_size": [1, 4]},
								"west": {"uv": [42, 18], "uv_size": [2.25, 4]},
								"up": {"uv": [59, 41], "uv_size": [1, 2.25]},
								"down": {"uv": [59, 48.25], "uv_size": [1, -2.25]}
							}
						},
						{
							"origin": [-1.12659, 12.56928, -0.47192],
							"size": [2.25, 3.96875, 0.93198],
							"uv": {
								"north": {"uv": [45, 14], "uv_size": [2.25, 4]},
								"east": {"uv": [50, 49], "uv_size": [1, 4]},
								"south": {"uv": [45, 18], "uv_size": [2.25, 4]},
								"west": {"uv": [51, 14], "uv_size": [1, 4]},
								"up": {"uv": [59, 6], "uv_size": [2.25, 1]},
								"down": {"uv": [59, 8], "uv_size": [2.25, -1]}
							}
						},
						{
							"origin": [-0.99418, 12.56928, 7.47273],
							"size": [2.25, 3.96875, 0.93199],
							"pivot": [9.65466, 27.38178, 3.80657],
							"rotation": [0, -45, 0],
							"uv": {
								"north": {"uv": [5, 46], "uv_size": [2.25, 4]},
								"east": {"uv": [51, 18], "uv_size": [1, 4]},
								"south": {"uv": [8, 46], "uv_size": [2.25, 4]},
								"west": {"uv": [51, 49], "uv_size": [1, 4]},
								"up": {"uv": [59, 30], "uv_size": [2.25, 1]},
								"down": {"uv": [59, 45], "uv_size": [2.25, -1]}
							}
						},
						{
							"origin": [-0.33517, 12.56928, 6.81373],
							"size": [0.93198, 3.96875, 2.25],
							"pivot": [9.65466, 27.38178, 3.80657],
							"rotation": [0, -45, 0],
							"uv": {
								"north": {"uv": [52, 0], "uv_size": [1, 4]},
								"east": {"uv": [46, 22], "uv_size": [2.25, 4]},
								"south": {"uv": [52, 4], "uv_size": [1, 4]},
								"west": {"uv": [46, 26], "uv_size": [2.25, 4]},
								"up": {"uv": [59, 55], "uv_size": [1, 2.25]},
								"down": {"uv": [59, 60.25], "uv_size": [1, -2.25]}
							}
						},
						{
							"origin": [0.22073, 18.05949, 6.91383],
							"size": [0.55698, 1.09375, 0.75],
							"pivot": [10.02306, 17.19599, 3.43817],
							"rotation": [-25, -45, 0],
							"uv": {
								"north": {"uv": [75, 63], "uv_size": [0.5, 1]},
								"east": {"uv": [72, 17], "uv_size": [0.75, 1]},
								"south": {"uv": [75, 64], "uv_size": [0.5, 1]},
								"west": {"uv": [18, 72], "uv_size": [0.75, 1]},
								"up": {"uv": [79, 16], "uv_size": [0.5, 0.75]},
								"down": {"uv": [17, 79.75], "uv_size": [0.5, -0.75]}
							}
						},
						{
							"origin": [0.11932, 16.39854, 6.68784],
							"size": [0.21323, 1.09375, 0.75],
							"pivot": [9.86899, 17.08693, 3.21218],
							"rotation": [-33.057, -40.12609, 11.87773],
							"uv": {
								"north": {"uv": [83, 46], "uv_size": [0.25, 1]},
								"east": {"uv": [72, 18], "uv_size": [0.75, 1]},
								"south": {"uv": [47, 83], "uv_size": [0.25, 1]},
								"west": {"uv": [19, 72], "uv_size": [0.75, 1]},
								"up": {"uv": [86, 54], "uv_size": [0.25, 0.75]},
								"down": {"uv": [55, 86.75], "uv_size": [0.25, -0.75]}
							}
						},
						{
							"origin": [1.02718, 19.70614, 7.0679],
							"size": [0.21323, 1.09375, 0.75],
							"pivot": [10.24905, 17.08693, 3.59224],
							"rotation": [-14.98261, -48.43958, -13.72294],
							"uv": {
								"north": {"uv": [83, 47], "uv_size": [0.25, 1]},
								"east": {"uv": [72, 19], "uv_size": [0.75, 1]},
								"south": {"uv": [48, 83], "uv_size": [0.25, 1]},
								"west": {"uv": [20, 72], "uv_size": [0.75, 1]},
								"up": {"uv": [86, 55], "uv_size": [0.25, 0.75]},
								"down": {"uv": [56, 86.75], "uv_size": [0.25, -0.75]}
							}
						},
						{
							"origin": [5.11585, 19.54417, 12.2953],
							"size": [0.21324, 1.09375, 0.75],
							"pivot": [10.05442, 17.0939, 3.96614],
							"rotation": [-90, -80, 65],
							"uv": {
								"north": {"uv": [83, 48], "uv_size": [0.25, 1]},
								"east": {"uv": [72, 20], "uv_size": [0.75, 1]},
								"south": {"uv": [49, 83], "uv_size": [0.25, 1]},
								"west": {"uv": [21, 72], "uv_size": [0.75, 1]},
								"up": {"uv": [86, 56], "uv_size": [0.25, 0.75]},
								"down": {"uv": [57, 86.75], "uv_size": [0.25, -0.75]}
							}
						},
						{
							"origin": [5.80387, 20.33327, 12.2953],
							"size": [0.55698, 1.09375, 0.75],
							"pivot": [10.05442, 17.0939, 3.96614],
							"rotation": [0, -90, -25],
							"uv": {
								"north": {"uv": [65, 75], "uv_size": [0.5, 1]},
								"east": {"uv": [72, 21], "uv_size": [0.75, 1]},
								"south": {"uv": [66, 75], "uv_size": [0.5, 1]},
								"west": {"uv": [22, 72], "uv_size": [0.75, 1]},
								"up": {"uv": [79, 17], "uv_size": [0.5, 0.75]},
								"down": {"uv": [18, 79.75], "uv_size": [0.5, -0.75]}
							}
						},
						{
							"origin": [6.95632, 20.92366, 12.2953],
							"size": [0.21323, 1.09375, 0.75],
							"pivot": [10.05442, 17.0939, 3.96614],
							"rotation": [90, -80, -115],
							"uv": {
								"north": {"uv": [83, 49], "uv_size": [0.25, 1]},
								"east": {"uv": [23, 72], "uv_size": [0.75, 1]},
								"south": {"uv": [50, 83], "uv_size": [0.25, 1]},
								"west": {"uv": [72, 23], "uv_size": [0.75, 1]},
								"up": {"uv": [86, 57], "uv_size": [0.25, 0.75]},
								"down": {"uv": [58, 86.75], "uv_size": [0.25, -0.75]}
							}
						},
						{
							"origin": [13.27425, 20.92407, 12.17145],
							"size": [0.21323, 1.09375, 0.75],
							"pivot": [10.05442, 17.0939, 3.96614],
							"rotation": [165.01739, -48.43958, 166.27706],
							"uv": {
								"north": {"uv": [83, 50], "uv_size": [0.25, 1]},
								"east": {"uv": [24, 72], "uv_size": [0.75, 1]},
								"south": {"uv": [51, 83], "uv_size": [0.25, 1]},
								"west": {"uv": [72, 24], "uv_size": [0.75, 1]},
								"up": {"uv": [86, 58], "uv_size": [0.25, 0.75]},
								"down": {"uv": [59, 86.75], "uv_size": [0.25, -0.75]}
							}
						},
						{
							"origin": [14.07793, 20.27551, 12.17145],
							"size": [0.55698, 1.09375, 0.75],
							"pivot": [10.05442, 17.0939, 3.96614],
							"rotation": [155, -45, 180],
							"uv": {
								"north": {"uv": [75, 66], "uv_size": [0.5, 1]},
								"east": {"uv": [25, 72], "uv_size": [0.75, 1]},
								"south": {"uv": [67, 75], "uv_size": [0.5, 1]},
								"west": {"uv": [72, 25], "uv_size": [0.75, 1]},
								"up": {"uv": [79, 18], "uv_size": [0.5, 0.75]},
								"down": {"uv": [19, 79.75], "uv_size": [0.5, -0.75]}
							}
						},
						{
							"origin": [15.09465, 19.43, 12.17145],
							"size": [0.21323, 1.09375, 0.75],
							"pivot": [10.05442, 17.0939, 3.96614],
							"rotation": [146.943, -40.12609, -168.12227],
							"uv": {
								"north": {"uv": [83, 51], "uv_size": [0.25, 1]},
								"east": {"uv": [26, 72], "uv_size": [0.75, 1]},
								"south": {"uv": [52, 83], "uv_size": [0.25, 1]},
								"west": {"uv": [72, 26], "uv_size": [0.75, 1]},
								"up": {"uv": [86, 59], "uv_size": [0.25, 0.75]},
								"down": {"uv": [60, 86.75], "uv_size": [0.25, -0.75]}
							}
						},
						{
							"origin": [18.90364, 19.50627, 7.23115],
							"size": [0.21323, 1.09375, 0.75],
							"pivot": [9.82451, 17.0939, 4.20208],
							"rotation": [155.33431, -4.20854, 170.92053],
							"uv": {
								"north": {"uv": [83, 52], "uv_size": [0.25, 1]},
								"east": {"uv": [72, 27], "uv_size": [0.75, 1]},
								"south": {"uv": [53, 83], "uv_size": [0.25, 1]},
								"west": {"uv": [72, 28], "uv_size": [0.75, 1]},
								"up": {"uv": [86, 60], "uv_size": [0.25, 0.75]},
								"down": {"uv": [61, 86.75], "uv_size": [0.25, -0.75]}
							}
						},
						{
							"origin": [19.37211, 17.8618, 7.23115],
							"size": [0.55698, 1.09375, 0.75],
							"pivot": [9.82451, 17.0939, 4.20208],
							"rotation": [155, 0, 180],
							"uv": {
								"north": {"uv": [75, 67], "uv_size": [0.5, 1]},
								"east": {"uv": [72, 29], "uv_size": [0.75, 1]},
								"south": {"uv": [68, 75], "uv_size": [0.5, 1]},
								"west": {"uv": [72, 30], "uv_size": [0.75, 1]},
								"up": {"uv": [79, 19], "uv_size": [0.5, 0.75]},
								"down": {"uv": [20, 79.75], "uv_size": [0.5, -0.75]}
							}
						},
						{
							"origin": [19.02687, 16.17673, 0.0351],
							"size": [0.21323, 1.09375, 0.75],
							"pivot": [9.49509, 17.0939, 4.20633],
							"rotation": [146.943, 40.12609, 168.12227],
							"uv": {
								"north": {"uv": [83, 53], "uv_size": [0.25, 1]},
								"east": {"uv": [72, 33], "uv_size": [0.75, 1]},
								"south": {"uv": [54, 83], "uv_size": [0.25, 1]},
								"west": {"uv": [72, 36], "uv_size": [0.75, 1]},
								"up": {"uv": [86, 61], "uv_size": [0.25, 0.75]},
								"down": {"uv": [62, 86.75], "uv_size": [0.25, -0.75]}
							}
						},
						{
							"origin": [18.84293, 12.81015, 0.0351],
							"size": [0.21323, 1.09375, 0.75],
							"pivot": [9.49509, 17.0939, 4.20633],
							"rotation": [165.01739, 48.43958, -166.27706],
							"uv": {
								"north": {"uv": [83, 54], "uv_size": [0.25, 1]},
								"east": {"uv": [72, 37], "uv_size": [0.75, 1]},
								"south": {"uv": [55, 83], "uv_size": [0.25, 1]},
								"west": {"uv": [72, 38], "uv_size": [0.75, 1]},
								"up": {"uv": [86, 62], "uv_size": [0.25, 0.75]},
								"down": {"uv": [63, 86.75], "uv_size": [0.25, -0.75]}
							}
						},
						{
							"origin": [18.91029, 14.50424, 0.0351],
							"size": [0.55698, 1.09375, 0.75],
							"pivot": [9.49509, 17.0939, 4.20633],
							"rotation": [155, 45, 180],
							"uv": {
								"north": {"uv": [75, 68], "uv_size": [0.5, 1]},
								"east": {"uv": [72, 39], "uv_size": [0.75, 1]},
								"south": {"uv": [69, 75], "uv_size": [0.5, 1]},
								"west": {"uv": [72, 40], "uv_size": [0.75, 1]},
								"up": {"uv": [79, 20], "uv_size": [0.5, 0.75]},
								"down": {"uv": [21, 79.75], "uv_size": [0.5, -0.75]}
							}
						},
						{
							"origin": [19.88577, 16.0937, 7.23115],
							"size": [0.21323, 1.09375, 0.75],
							"pivot": [9.82451, 17.0939, 4.20208],
							"rotation": [155.33431, 4.20854, -170.92053],
							"uv": {
								"north": {"uv": [83, 55], "uv_size": [0.25, 1]},
								"east": {"uv": [72, 41], "uv_size": [0.75, 1]},
								"south": {"uv": [56, 83], "uv_size": [0.25, 1]},
								"west": {"uv": [72, 42], "uv_size": [0.75, 1]},
								"up": {"uv": [86, 63], "uv_size": [0.25, 0.75]},
								"down": {"uv": [64, 86.75], "uv_size": [0.25, -0.75]}
							}
						},
						{
							"origin": [-0.28008, 14.67851, -0.33342],
							"size": [0.55698, 1.09375, 0.75],
							"pivot": [9.65466, 17.42257, 3.39123],
							"rotation": [-25, 0, 0],
							"uv": {
								"north": {"uv": [70, 75], "uv_size": [0.5, 1]},
								"east": {"uv": [72, 43], "uv_size": [0.75, 1]},
								"south": {"uv": [71, 75], "uv_size": [0.5, 1]},
								"west": {"uv": [72, 44], "uv_size": [0.75, 1]},
								"up": {"uv": [79, 21], "uv_size": [0.5, 0.75]},
								"down": {"uv": [22, 79.75], "uv_size": [0.5, -0.75]}
							}
						},
						{
							"origin": [-0.01189, 16.42258, -0.48993],
							"size": [0.21323, 1.09375, 0.75],
							"pivot": [9.9234, 17.08693, 3.23472],
							"rotation": [-24.66569, -4.20854, -9.07947],
							"uv": {
								"north": {"uv": [83, 56], "uv_size": [0.25, 1]},
								"east": {"uv": [72, 45], "uv_size": [0.75, 1]},
								"south": {"uv": [57, 83], "uv_size": [0.25, 1]},
								"west": {"uv": [46, 72], "uv_size": [0.75, 1]},
								"up": {"uv": [86, 64], "uv_size": [0.25, 0.75]},
								"down": {"uv": [65, 86.75], "uv_size": [0.25, -0.75]}
							}
						},
						{
							"origin": [0.08888, 13.069, -0.48993],
							"size": [0.21323, 1.09375, 0.75],
							"pivot": [9.38592, 17.08693, 3.23472],
							"rotation": [-24.66569, 4.20854, 9.07947],
							"uv": {
								"north": {"uv": [83, 57], "uv_size": [0.25, 1]},
								"east": {"uv": [72, 46], "uv_size": [0.75, 1]},
								"south": {"uv": [58, 83], "uv_size": [0.25, 1]},
								"west": {"uv": [47, 72], "uv_size": [0.75, 1]},
								"up": {"uv": [86, 65], "uv_size": [0.25, 0.75]},
								"down": {"uv": [66, 86.75], "uv_size": [0.25, -0.75]}
							}
						},
						{
							"origin": [4.60204, 13.03878, -5.49541],
							"size": [0.21323, 1.09375, 0.75],
							"pivot": [9.25164, 17.0939, 3.40547],
							"rotation": [-33.057, 40.12609, -11.87773],
							"uv": {
								"north": {"uv": [83, 58], "uv_size": [0.25, 1]},
								"east": {"uv": [72, 47], "uv_size": [0.75, 1]},
								"south": {"uv": [59, 83], "uv_size": [0.25, 1]},
								"west": {"uv": [48, 72], "uv_size": [0.75, 1]},
								"up": {"uv": [86, 66], "uv_size": [0.25, 0.75]},
								"down": {"uv": [67, 86.75], "uv_size": [0.25, -0.75]}
							}
						},
						{
							"origin": [4.84235, 12.29877, -5.49541],
							"size": [0.55698, 1.09375, 0.75],
							"pivot": [9.25164, 17.0939, 3.40547],
							"rotation": [-25, 45, 0],
							"uv": {
								"north": {"uv": [72, 75], "uv_size": [0.5, 1]},
								"east": {"uv": [72, 48], "uv_size": [0.75, 1]},
								"south": {"uv": [73, 75], "uv_size": [0.5, 1]},
								"west": {"uv": [49, 72], "uv_size": [0.75, 1]},
								"up": {"uv": [79, 22], "uv_size": [0.5, 0.75]},
								"down": {"uv": [23, 79.75], "uv_size": [0.5, -0.75]}
							}
						},
						{
							"origin": [12.2507, 11.6041, -5.21295],
							"size": [0.21323, 1.09375, 0.75],
							"pivot": [9.08606, 17.0939, 3.80793],
							"rotation": [-90, 80, -65],
							"uv": {
								"north": {"uv": [83, 59], "uv_size": [0.25, 1]},
								"east": {"uv": [72, 49], "uv_size": [0.75, 1]},
								"south": {"uv": [60, 83], "uv_size": [0.25, 1]},
								"west": {"uv": [50, 72], "uv_size": [0.75, 1]},
								"up": {"uv": [86, 67], "uv_size": [0.25, 0.75]},
								"down": {"uv": [68, 86.75], "uv_size": [0.25, -0.75]}
							}
						},
						{
							"origin": [13.22002, 12.92863, -5.21295],
							"size": [0.21323, 1.09375, 0.75],
							"pivot": [9.08606, 17.0939, 3.80793],
							"rotation": [90, 80, 115],
							"uv": {
								"north": {"uv": [83, 60], "uv_size": [0.25, 1]},
								"east": {"uv": [72, 50], "uv_size": [0.75, 1]},
								"south": {"uv": [61, 83], "uv_size": [0.25, 1]},
								"west": {"uv": [51, 72], "uv_size": [0.75, 1]},
								"up": {"uv": [86, 68], "uv_size": [0.25, 0.75]},
								"down": {"uv": [69, 86.75], "uv_size": [0.25, -0.75]}
							}
						},
						{
							"origin": [12.62142, 12.24281, -5.21295],
							"size": [0.55698, 1.09375, 0.75],
							"pivot": [9.08606, 17.0939, 3.80793],
							"rotation": [0, 90, 25],
							"uv": {
								"north": {"uv": [75, 73], "uv_size": [0.5, 1]},
								"east": {"uv": [72, 51], "uv_size": [0.75, 1]},
								"south": {"uv": [74, 75], "uv_size": [0.5, 1]},
								"west": {"uv": [52, 72], "uv_size": [0.75, 1]},
								"up": {"uv": [79, 23], "uv_size": [0.5, 0.75]},
								"down": {"uv": [24, 79.75], "uv_size": [0.5, -0.75]}
							}
						},
						{
							"origin": [5.55193, 11.60417, -5.49541],
							"size": [0.21323, 1.09375, 0.75],
							"pivot": [9.25164, 17.0939, 3.40547],
							"rotation": [-14.98261, 48.43958, 13.72294],
							"uv": {
								"north": {"uv": [83, 61], "uv_size": [0.25, 1]},
								"east": {"uv": [72, 52], "uv_size": [0.75, 1]},
								"south": {"uv": [62, 83], "uv_size": [0.25, 1]},
								"west": {"uv": [53, 72], "uv_size": [0.75, 1]},
								"up": {"uv": [86, 69], "uv_size": [0.25, 0.75]},
								"down": {"uv": [70, 86.75], "uv_size": [0.25, -0.75]}
							}
						},
						{
							"origin": [-0.46758, 0.10053, -1.13093],
							"size": [0.93198, 10.8125, 2.25],
							"uv": {
								"north": {"uv": [13, 43], "uv_size": [1, 10.75]},
								"east": {"uv": [6, 24], "uv_size": [2.25, 10.75]},
								"south": {"uv": [14, 43], "uv_size": [1, 10.75]},
								"west": {"uv": [9, 24], "uv_size": [2.25, 10.75]},
								"up": {"uv": [5, 60], "uv_size": [1, 2.25]},
								"down": {"uv": [60, 10.25], "uv_size": [1, -2.25]}
							}
						},
						{
							"origin": [-0.99418, 0.10053, 7.47273],
							"size": [2.25, 10.8125, 0.93199],
							"pivot": [9.65466, 15.91303, 3.80657],
							"rotation": [0, -45, 0],
							"uv": {
								"north": {"uv": [12, 24], "uv_size": [2.25, 10.75]},
								"east": {"uv": [15, 43], "uv_size": [1, 10.75]},
								"south": {"uv": [15, 24], "uv_size": [2.25, 10.75]},
								"west": {"uv": [16, 43], "uv_size": [1, 10.75]},
								"up": {"uv": [60, 11], "uv_size": [2.25, 1]},
								"down": {"uv": [60, 13], "uv_size": [2.25, -1]}
							}
						},
						{
							"origin": [-1.12659, 0.10053, -0.47192],
							"size": [2.25, 10.8125, 0.93198],
							"uv": {
								"north": {"uv": [18, 24], "uv_size": [2.25, 10.75]},
								"east": {"uv": [17, 43], "uv_size": [1, 10.75]},
								"south": {"uv": [21, 24], "uv_size": [2.25, 10.75]},
								"west": {"uv": [18, 43], "uv_size": [1, 10.75]},
								"up": {"uv": [60, 13], "uv_size": [2.25, 1]},
								"down": {"uv": [60, 15], "uv_size": [2.25, -1]}
							}
						}
					]
				},
				{
					"name": "bone51",
					"parent": "octagon2",
					"pivot": [9.6542, 17.50613, 4.17927],
					"rotation": [0, 45, 0],
					"cubes": [
						{
							"origin": [3.65245, 11.15411, -2.072],
							"size": [0.06075, 0.28125, 0.75],
							"pivot": [10.08782, 17.51789, 3.56086],
							"rotation": [-53.55919, -15.06536, -10.86388],
							"uv": {
								"north": {"uv": [57, 94], "uv_size": [0.25, 0.25]},
								"east": {"uv": [86, 70], "uv_size": [0.75, 0.25]},
								"south": {"uv": [94, 57], "uv_size": [0.25, 0.25]},
								"west": {"uv": [71, 86], "uv_size": [0.75, 0.25]},
								"up": {"uv": [86, 71], "uv_size": [0.25, 0.75]},
								"down": {"uv": [72, 86.75], "uv_size": [0.25, -0.75]}
							}
						},
						{
							"origin": [5.48076, 9.70577, -2.06301],
							"size": [0.06075, 0.125, 0.75],
							"pivot": [10.12061, 17.52418, 3.56985],
							"rotation": [-54.94973, -2.86644, -2.00919],
							"uv": {
								"north": {"uv": [58, 94], "uv_size": [0.25, 0.25]},
								"east": {"uv": [86, 72], "uv_size": [0.75, 0.25]},
								"south": {"uv": [94, 58], "uv_size": [0.25, 0.25]},
								"west": {"uv": [73, 86], "uv_size": [0.75, 0.25]},
								"up": {"uv": [86, 73], "uv_size": [0.25, 0.75]},
								"down": {"uv": [74, 86.75], "uv_size": [0.25, -0.75]}
							}
						},
						{
							"origin": [6.04513, 9.20124, -2.06301],
							"size": [0.06075, 0.125, 0.75],
							"pivot": [9.71493, 17.52418, 3.56985],
							"rotation": [-54.94973, 2.86644, 2.00919],
							"uv": {
								"north": {"uv": [59, 94], "uv_size": [0.25, 0.25]},
								"east": {"uv": [86, 74], "uv_size": [0.75, 0.25]},
								"south": {"uv": [94, 59], "uv_size": [0.25, 0.25]},
								"west": {"uv": [75, 86], "uv_size": [0.75, 0.25]},
								"up": {"uv": [86, 75], "uv_size": [0.25, 0.75]},
								"down": {"uv": [76, 86.75], "uv_size": [0.25, -0.75]}
							}
						},
						{
							"origin": [5.60087, 9.42564, -2.03702],
							"size": [0.36948, 0.28125, 0.75],
							"pivot": [9.91777, 17.54238, 3.59585],
							"rotation": [-55, 0, 0],
							"uv": {
								"north": {"uv": [60, 94], "uv_size": [0.25, 0.25]},
								"east": {"uv": [86, 76], "uv_size": [0.75, 0.25]},
								"south": {"uv": [94, 60], "uv_size": [0.25, 0.25]},
								"west": {"uv": [77, 86], "uv_size": [0.75, 0.25]},
								"up": {"uv": [86, 77], "uv_size": [0.25, 0.75]},
								"down": {"uv": [78, 86.75], "uv_size": [0.25, -0.75]}
							}
						},
						{
							"origin": [8.28738, 8.53072, -2.07355],
							"size": [0.06075, 0.28125, 0.75],
							"pivot": [9.75, 17.51681, 3.55932],
							"rotation": [-53.55919, 15.06536, 10.86388],
							"uv": {
								"north": {"uv": [61, 94], "uv_size": [0.25, 0.25]},
								"east": {"uv": [86, 78], "uv_size": [0.75, 0.25]},
								"south": {"uv": [94, 61], "uv_size": [0.25, 0.25]},
								"west": {"uv": [79, 86], "uv_size": [0.75, 0.25]},
								"up": {"uv": [86, 79], "uv_size": [0.25, 0.75]},
								"down": {"uv": [80, 86.75], "uv_size": [0.25, -0.75]}
							}
						}
					]
				},
				{
					"name": "bone52",
					"parent": "octagon2",
					"pivot": [9.6542, 17.50613, 4.17927],
					"rotation": [0, 90, 0],
					"cubes": [
						{
							"origin": [11.26086, 8.53038, -1.88457],
							"size": [0.06075, 0.28125, 0.75],
							"pivot": [10.19654, 17.51789, 3.82424],
							"rotation": [-53.55919, -15.06536, -10.86388],
							"uv": {
								"north": {"uv": [62, 94], "uv_size": [0.25, 0.25]},
								"east": {"uv": [86, 80], "uv_size": [0.75, 0.25]},
								"south": {"uv": [94, 62], "uv_size": [0.25, 0.25]},
								"west": {"uv": [81, 86], "uv_size": [0.75, 0.25]},
								"up": {"uv": [86, 81], "uv_size": [0.25, 0.75]},
								"down": {"uv": [82, 86.75], "uv_size": [0.25, -0.75]}
							}
						},
						{
							"origin": [13.51269, 9.1125, -1.87558],
							"size": [0.06075, 0.125, 0.75],
							"pivot": [10.22932, 17.52418, 3.83323],
							"rotation": [-54.94973, -2.86644, -2.00919],
							"uv": {
								"north": {"uv": [63, 94], "uv_size": [0.25, 0.25]},
								"east": {"uv": [86, 82], "uv_size": [0.75, 0.25]},
								"south": {"uv": [94, 63], "uv_size": [0.25, 0.25]},
								"west": {"uv": [83, 86], "uv_size": [0.75, 0.25]},
								"up": {"uv": [86, 83], "uv_size": [0.25, 0.75]},
								"down": {"uv": [84, 86.75], "uv_size": [0.25, -0.75]}
							}
						},
						{
							"origin": [14.09031, 9.57799, -1.87558],
							"size": [0.06075, 0.125, 0.75],
							"pivot": [9.82365, 17.52418, 3.83323],
							"rotation": [-54.94973, 2.86644, 2.00919],
							"uv": {
								"north": {"uv": [64, 94], "uv_size": [0.25, 0.25]},
								"east": {"uv": [86, 84], "uv_size": [0.75, 0.25]},
								"south": {"uv": [94, 64], "uv_size": [0.25, 0.25]},
								"west": {"uv": [85, 86], "uv_size": [0.75, 0.25]},
								"up": {"uv": [86, 85], "uv_size": [0.25, 0.75]},
								"down": {"uv": [86, 86.75], "uv_size": [0.25, -0.75]}
							}
						},
						{
							"origin": [13.65425, 9.31718, -1.84959],
							"size": [0.36948, 0.28125, 0.75],
							"pivot": [10.02649, 17.54238, 3.85922],
							"rotation": [-55, 0, 0],
							"uv": {
								"north": {"uv": [65, 94], "uv_size": [0.25, 0.25]},
								"east": {"uv": [87, 0], "uv_size": [0.75, 0.25]},
								"south": {"uv": [94, 65], "uv_size": [0.25, 0.25]},
								"west": {"uv": [87, 1], "uv_size": [0.75, 0.25]},
								"up": {"uv": [87, 2], "uv_size": [0.25, 0.75]},
								"down": {"uv": [87, 3.75], "uv_size": [0.25, -0.75]}
							}
						},
						{
							"origin": [15.96461, 10.94874, -1.88611],
							"size": [0.06075, 0.28125, 0.75],
							"pivot": [9.85872, 17.51681, 3.8227],
							"rotation": [-53.55919, 15.06536, 10.86388],
							"uv": {
								"north": {"uv": [66, 94], "uv_size": [0.25, 0.25]},
								"east": {"uv": [87, 4], "uv_size": [0.75, 0.25]},
								"south": {"uv": [94, 66], "uv_size": [0.25, 0.25]},
								"west": {"uv": [5, 87], "uv_size": [0.75, 0.25]},
								"up": {"uv": [87, 5], "uv_size": [0.25, 0.75]},
								"down": {"uv": [6, 87.75], "uv_size": [0.25, -0.75]}
							}
						}
					]
				},
				{
					"name": "bone53",
					"parent": "octagon2",
					"pivot": [9.6542, 17.50613, 4.17927],
					"rotation": [0, 135, 0],
					"cubes": [
						{
							"origin": [18.00353, 11.00937, 1.54703],
							"size": [0.06075, 0.28125, 0.75],
							"pivot": [10.08718, 17.51789, 4.08735],
							"rotation": [-53.55919, -15.06536, -10.86388],
							"uv": {
								"north": {"uv": [67, 94], "uv_size": [0.25, 0.25]},
								"east": {"uv": [87, 6], "uv_size": [0.75, 0.25]},
								"south": {"uv": [94, 67], "uv_size": [0.25, 0.25]},
								"west": {"uv": [7, 87], "uv_size": [0.75, 0.25]},
								"up": {"uv": [87, 7], "uv_size": [0.25, 0.75]},
								"down": {"uv": [8, 87.75], "uv_size": [0.25, -0.75]}
							}
						},
						{
							"origin": [19.38027, 13.28046, 1.55602],
							"size": [0.06075, 0.125, 0.75],
							"pivot": [10.11996, 17.52418, 4.09634],
							"rotation": [-54.94973, -2.86644, -2.00919],
							"uv": {
								"north": {"uv": [68, 94], "uv_size": [0.25, 0.25]},
								"east": {"uv": [87, 8], "uv_size": [0.75, 0.25]},
								"south": {"uv": [94, 68], "uv_size": [0.25, 0.25]},
								"west": {"uv": [9, 87], "uv_size": [0.75, 0.25]},
								"up": {"uv": [87, 9], "uv_size": [0.25, 0.75]},
								"down": {"uv": [10, 87.75], "uv_size": [0.25, -0.75]}
							}
						},
						{
							"origin": [19.40539, 14.4433, 1.55602],
							"size": [0.06075, 0.125, 0.75],
							"pivot": [9.71429, 17.52418, 4.09634],
							"rotation": [-54.94973, 2.86644, 2.00919],
							"uv": {
								"north": {"uv": [69, 94], "uv_size": [0.25, 0.25]},
								"east": {"uv": [87, 10], "uv_size": [0.75, 0.25]},
								"south": {"uv": [94, 69], "uv_size": [0.25, 0.25]},
								"west": {"uv": [11, 87], "uv_size": [0.75, 0.25]},
								"up": {"uv": [87, 11], "uv_size": [0.25, 0.75]},
								"down": {"uv": [12, 87.75], "uv_size": [0.25, -0.75]}
							}
						},
						{
							"origin": [19.25623, 13.84225, 1.58201],
							"size": [0.36948, 0.28125, 0.75],
							"pivot": [9.91712, 17.54238, 4.12233],
							"rotation": [-55, 0, 0],
							"uv": {
								"north": {"uv": [70, 94], "uv_size": [0.25, 0.25]},
								"east": {"uv": [87, 12], "uv_size": [0.75, 0.25]},
								"south": {"uv": [94, 70], "uv_size": [0.25, 0.25]},
								"west": {"uv": [13, 87], "uv_size": [0.75, 0.25]},
								"up": {"uv": [87, 13], "uv_size": [0.25, 0.75]},
								"down": {"uv": [14, 87.75], "uv_size": [0.25, -0.75]}
							}
						},
						{
							"origin": [19.83563, 17.05221, 1.54549],
							"size": [0.06075, 0.28125, 0.75],
							"pivot": [9.74935, 17.51681, 4.08581],
							"rotation": [-53.55919, 15.06536, 10.86388],
							"uv": {
								"north": {"uv": [71, 94], "uv_size": [0.25, 0.25]},
								"east": {"uv": [87, 14], "uv_size": [0.75, 0.25]},
								"south": {"uv": [94, 71], "uv_size": [0.25, 0.25]},
								"west": {"uv": [15, 87], "uv_size": [0.75, 0.25]},
								"up": {"uv": [87, 15], "uv_size": [0.25, 0.75]},
								"down": {"uv": [16, 87.75], "uv_size": [0.25, -0.75]}
							}
						}
					]
				},
				{
					"name": "bone54",
					"parent": "octagon2",
					"pivot": [10.02694, 17.50613, 3.80745],
					"rotation": [0, 180, 0],
					"cubes": [
						{
							"origin": [20.67617, 17.13894, 5.46896],
							"size": [0.06075, 0.28125, 0.75],
							"pivot": [10.56928, 17.51789, 3.45242],
							"rotation": [-53.55919, -15.06536, -10.86388],
							"uv": {
								"north": {"uv": [72, 94], "uv_size": [0.25, 0.25]},
								"east": {"uv": [87, 16], "uv_size": [0.75, 0.25]},
								"south": {"uv": [94, 72], "uv_size": [0.25, 0.25]},
								"west": {"uv": [17, 87], "uv_size": [0.75, 0.25]},
								"up": {"uv": [87, 17], "uv_size": [0.25, 0.75]},
								"down": {"uv": [18, 87.75], "uv_size": [0.25, -0.75]}
							}
						},
						{
							"origin": [20.39183, 19.76812, 5.47795],
							"size": [0.06075, 0.125, 0.75],
							"pivot": [10.60206, 17.52418, 3.4614],
							"rotation": [-54.94973, -2.86644, -2.00919],
							"uv": {
								"north": {"uv": [73, 94], "uv_size": [0.25, 0.25]},
								"east": {"uv": [87, 18], "uv_size": [0.75, 0.25]},
								"south": {"uv": [94, 73], "uv_size": [0.25, 0.25]},
								"west": {"uv": [19, 87], "uv_size": [0.75, 0.25]},
								"up": {"uv": [87, 19], "uv_size": [0.25, 0.75]},
								"down": {"uv": [20, 87.75], "uv_size": [0.25, -0.75]}
							}
						},
						{
							"origin": [19.62235, 20.94712, 5.47795],
							"size": [0.06075, 0.125, 0.75],
							"pivot": [10.19639, 17.52418, 3.4614],
							"rotation": [-54.94973, 2.86644, 2.00919],
							"uv": {
								"north": {"uv": [74, 94], "uv_size": [0.25, 0.25]},
								"east": {"uv": [87, 20], "uv_size": [0.75, 0.25]},
								"south": {"uv": [94, 74], "uv_size": [0.25, 0.25]},
								"west": {"uv": [21, 87], "uv_size": [0.75, 0.25]},
								"up": {"uv": [87, 21], "uv_size": [0.25, 0.75]},
								"down": {"uv": [22, 87.75], "uv_size": [0.25, -0.75]}
							}
						},
						{
							"origin": [19.87073, 20.35013, 5.50395],
							"size": [0.36948, 0.28125, 0.75],
							"pivot": [10.39922, 17.54238, 3.4874],
							"rotation": [-55, 0, 0],
							"uv": {
								"north": {"uv": [75, 94], "uv_size": [0.25, 0.25]},
								"east": {"uv": [87, 22], "uv_size": [0.75, 0.25]},
								"south": {"uv": [94, 75], "uv_size": [0.25, 0.25]},
								"west": {"uv": [23, 87], "uv_size": [0.75, 0.25]},
								"up": {"uv": [87, 23], "uv_size": [0.25, 0.75]},
								"down": {"uv": [24, 87.75], "uv_size": [0.25, -0.75]}
							}
						},
						{
							"origin": [18.37831, 23.2658, 5.46742],
							"size": [0.06075, 0.28125, 0.75],
							"pivot": [10.23146, 17.51681, 3.45087],
							"rotation": [-53.55919, 15.06536, 10.86388],
							"uv": {
								"north": {"uv": [76, 94], "uv_size": [0.25, 0.25]},
								"east": {"uv": [87, 24], "uv_size": [0.75, 0.25]},
								"south": {"uv": [94, 76], "uv_size": [0.25, 0.25]},
								"west": {"uv": [25, 87], "uv_size": [0.75, 0.25]},
								"up": {"uv": [87, 25], "uv_size": [0.25, 0.75]},
								"down": {"uv": [26, 87.75], "uv_size": [0.25, -0.75]}
							}
						}
					]
				},
				{
					"name": "bone55",
					"parent": "octagon2",
					"pivot": [10.02694, 17.50613, 3.80745],
					"rotation": [0, -135, 0],
					"cubes": [
						{
							"origin": [16.81268, 23.32845, 9.00797],
							"size": [0.06075, 0.28125, 0.75],
							"pivot": [10.45991, 17.51789, 3.71553],
							"rotation": [-53.55919, -15.06536, -10.86388],
							"uv": {
								"north": {"uv": [77, 94], "uv_size": [0.25, 0.25]},
								"east": {"uv": [87, 26], "uv_size": [0.75, 0.25]},
								"south": {"uv": [94, 77], "uv_size": [0.25, 0.25]},
								"west": {"uv": [27, 87], "uv_size": [0.75, 0.25]},
								"up": {"uv": [87, 27], "uv_size": [0.25, 0.75]},
								"down": {"uv": [28, 87.75], "uv_size": [0.25, -0.75]}
							}
						},
						{
							"origin": [15.05429, 24.77509, 9.01695],
							"size": [0.06075, 0.125, 0.75],
							"pivot": [10.4927, 17.52418, 3.72451],
							"rotation": [-54.94973, -2.86644, -2.00919],
							"uv": {
								"north": {"uv": [78, 94], "uv_size": [0.25, 0.25]},
								"east": {"uv": [87, 28], "uv_size": [0.75, 0.25]},
								"south": {"uv": [94, 78], "uv_size": [0.25, 0.25]},
								"west": {"uv": [29, 87], "uv_size": [0.75, 0.25]},
								"up": {"uv": [87, 29], "uv_size": [0.25, 0.75]},
								"down": {"uv": [30, 87.75], "uv_size": [0.25, -0.75]}
							}
						},
						{
							"origin": [13.71358, 25.27962, 9.01695],
							"size": [0.06075, 0.125, 0.75],
							"pivot": [10.08702, 17.52418, 3.72451],
							"rotation": [-54.94973, 2.86644, 2.00919],
							"uv": {
								"north": {"uv": [79, 94], "uv_size": [0.25, 0.25]},
								"east": {"uv": [87, 30], "uv_size": [0.75, 0.25]},
								"south": {"uv": [94, 79], "uv_size": [0.25, 0.25]},
								"west": {"uv": [31, 87], "uv_size": [0.75, 0.25]},
								"up": {"uv": [87, 31], "uv_size": [0.25, 0.75]},
								"down": {"uv": [32, 87.75], "uv_size": [0.25, -0.75]}
							}
						},
						{
							"origin": [14.23728, 25.02859, 9.04295],
							"size": [0.36948, 0.28125, 0.75],
							"pivot": [10.28986, 17.54238, 3.75051],
							"rotation": [-55, 0, 0],
							"uv": {
								"north": {"uv": [80, 94], "uv_size": [0.25, 0.25]},
								"east": {"uv": [87, 32], "uv_size": [0.75, 0.25]},
								"south": {"uv": [94, 80], "uv_size": [0.25, 0.25]},
								"west": {"uv": [33, 87], "uv_size": [0.75, 0.25]},
								"up": {"uv": [87, 33], "uv_size": [0.25, 0.75]},
								"down": {"uv": [34, 87.75], "uv_size": [0.25, -0.75]}
							}
						},
						{
							"origin": [11.54582, 25.94967, 9.00642],
							"size": [0.06075, 0.28125, 0.75],
							"pivot": [10.12209, 17.51681, 3.71398],
							"rotation": [-53.55919, 15.06536, 10.86388],
							"uv": {
								"north": {"uv": [81, 94], "uv_size": [0.25, 0.25]},
								"east": {"uv": [87, 34], "uv_size": [0.75, 0.25]},
								"south": {"uv": [94, 81], "uv_size": [0.25, 0.25]},
								"west": {"uv": [35, 87], "uv_size": [0.75, 0.25]},
								"up": {"uv": [87, 35], "uv_size": [0.25, 0.75]},
								"down": {"uv": [36, 87.75], "uv_size": [0.25, -0.75]}
							}
						}
					]
				},
				{
					"name": "bone56",
					"parent": "octagon2",
					"pivot": [9.91823, 17.50613, 3.54407],
					"rotation": [0, -90, 0],
					"cubes": [
						{
							"origin": [9.20427, 25.95218, 8.82053],
							"size": [0.06075, 0.28125, 0.75],
							"pivot": [10.3512, 17.51789, 3.45215],
							"rotation": [-53.55919, -15.06536, -10.86388],
							"uv": {
								"north": {"uv": [82, 94], "uv_size": [0.25, 0.25]},
								"east": {"uv": [87, 36], "uv_size": [0.75, 0.25]},
								"south": {"uv": [94, 82], "uv_size": [0.25, 0.25]},
								"west": {"uv": [37, 87], "uv_size": [0.75, 0.25]},
								"up": {"uv": [87, 37], "uv_size": [0.25, 0.75]},
								"down": {"uv": [38, 87.75], "uv_size": [0.25, -0.75]}
							}
						},
						{
							"origin": [7.02236, 25.36836, 8.82952],
							"size": [0.06075, 0.125, 0.75],
							"pivot": [10.38399, 17.52418, 3.46113],
							"rotation": [-54.94973, -2.86644, -2.00919],
							"uv": {
								"north": {"uv": [83, 94], "uv_size": [0.25, 0.25]},
								"east": {"uv": [87, 38], "uv_size": [0.75, 0.25]},
								"south": {"uv": [94, 83], "uv_size": [0.25, 0.25]},
								"west": {"uv": [39, 87], "uv_size": [0.75, 0.25]},
								"up": {"uv": [87, 39], "uv_size": [0.25, 0.75]},
								"down": {"uv": [40, 87.75], "uv_size": [0.25, -0.75]}
							}
						},
						{
							"origin": [5.66841, 24.90286, 8.82952],
							"size": [0.06075, 0.125, 0.75],
							"pivot": [9.97831, 17.52418, 3.46113],
							"rotation": [-54.94973, 2.86644, 2.00919],
							"uv": {
								"north": {"uv": [84, 94], "uv_size": [0.25, 0.25]},
								"east": {"uv": [87, 40], "uv_size": [0.75, 0.25]},
								"south": {"uv": [94, 84], "uv_size": [0.25, 0.25]},
								"west": {"uv": [41, 87], "uv_size": [0.75, 0.25]},
								"up": {"uv": [87, 41], "uv_size": [0.25, 0.75]},
								"down": {"uv": [42, 87.75], "uv_size": [0.25, -0.75]}
							}
						},
						{
							"origin": [6.18391, 25.13705, 8.85552],
							"size": [0.36948, 0.28125, 0.75],
							"pivot": [10.18115, 17.54238, 3.48713],
							"rotation": [-55, 0, 0],
							"uv": {
								"north": {"uv": [85, 94], "uv_size": [0.25, 0.25]},
								"east": {"uv": [87, 42], "uv_size": [0.75, 0.25]},
								"south": {"uv": [94, 85], "uv_size": [0.25, 0.25]},
								"west": {"uv": [43, 87], "uv_size": [0.75, 0.25]},
								"up": {"uv": [87, 43], "uv_size": [0.25, 0.75]},
								"down": {"uv": [44, 87.75], "uv_size": [0.25, -0.75]}
							}
						},
						{
							"origin": [3.86859, 23.53165, 8.81899],
							"size": [0.06075, 0.28125, 0.75],
							"pivot": [10.01338, 17.51681, 3.4506],
							"rotation": [-53.55919, 15.06536, 10.86388],
							"uv": {
								"north": {"uv": [86, 94], "uv_size": [0.25, 0.25]},
								"east": {"uv": [87, 44], "uv_size": [0.75, 0.25]},
								"south": {"uv": [94, 86], "uv_size": [0.25, 0.25]},
								"west": {"uv": [45, 87], "uv_size": [0.75, 0.25]},
								"up": {"uv": [87, 45], "uv_size": [0.25, 0.75]},
								"down": {"uv": [46, 87.75], "uv_size": [0.25, -0.75]}
							}
						}
					]
				},
				{
					"name": "bone57",
					"parent": "octagon2",
					"pivot": [9.65512, 17.50613, 3.43471],
					"rotation": [0, -45, 0],
					"cubes": [
						{
							"origin": [2.08913, 23.47319, 5.54268],
							"size": [0.06075, 0.28125, 0.75],
							"pivot": [10.08809, 17.51789, 3.34279],
							"rotation": [-53.55919, -15.06536, -10.86388],
							"uv": {
								"north": {"uv": [87, 94], "uv_size": [0.25, 0.25]},
								"east": {"uv": [87, 46], "uv_size": [0.75, 0.25]},
								"south": {"uv": [94, 87], "uv_size": [0.25, 0.25]},
								"west": {"uv": [47, 87], "uv_size": [0.75, 0.25]},
								"up": {"uv": [87, 47], "uv_size": [0.25, 0.75]},
								"down": {"uv": [48, 87.75], "uv_size": [0.25, -0.75]}
							}
						},
						{
							"origin": [0.78231, 21.2004, 5.55167],
							"size": [0.06075, 0.125, 0.75],
							"pivot": [10.12088, 17.52418, 3.35177],
							"rotation": [-54.94973, -2.86644, -2.00919],
							"uv": {
								"north": {"uv": [88, 94], "uv_size": [0.25, 0.25]},
								"east": {"uv": [87, 48], "uv_size": [0.75, 0.25]},
								"south": {"uv": [94, 88], "uv_size": [0.25, 0.25]},
								"west": {"uv": [49, 87], "uv_size": [0.75, 0.25]},
								"up": {"uv": [87, 49], "uv_size": [0.25, 0.75]},
								"down": {"uv": [50, 87.75], "uv_size": [0.25, -0.75]}
							}
						},
						{
							"origin": [-0.01914, 20.03756, 5.55167],
							"size": [0.06075, 0.125, 0.75],
							"pivot": [9.7152, 17.52418, 3.35177],
							"rotation": [-54.94973, 2.86644, 2.00919],
							"uv": {
								"north": {"uv": [89, 94], "uv_size": [0.25, 0.25]},
								"east": {"uv": [87, 50], "uv_size": [0.75, 0.25]},
								"south": {"uv": [94, 89], "uv_size": [0.25, 0.25]},
								"west": {"uv": [51, 87], "uv_size": [0.75, 0.25]},
								"up": {"uv": [87, 51], "uv_size": [0.25, 0.75]},
								"down": {"uv": [52, 87.75], "uv_size": [0.25, -0.75]}
							}
						},
						{
							"origin": [0.20945, 20.61198, 5.57766],
							"size": [0.36948, 0.28125, 0.75],
							"pivot": [9.91804, 17.54238, 3.37777],
							"rotation": [-55, 0, 0],
							"uv": {
								"north": {"uv": [90, 94], "uv_size": [0.25, 0.25]},
								"east": {"uv": [87, 52], "uv_size": [0.75, 0.25]},
								"south": {"uv": [94, 90], "uv_size": [0.25, 0.25]},
								"west": {"uv": [53, 87], "uv_size": [0.75, 0.25]},
								"up": {"uv": [87, 53], "uv_size": [0.25, 0.75]},
								"down": {"uv": [54, 87.75], "uv_size": [0.25, -0.75]}
							}
						},
						{
							"origin": [-0.3749, 17.42818, 5.54114],
							"size": [0.06075, 0.28125, 0.75],
							"pivot": [9.75027, 17.51681, 3.34124],
							"rotation": [-53.55919, 15.06536, 10.86388],
							"uv": {
								"north": {"uv": [91, 94], "uv_size": [0.25, 0.25]},
								"east": {"uv": [87, 54], "uv_size": [0.75, 0.25]},
								"south": {"uv": [94, 91], "uv_size": [0.25, 0.25]},
								"west": {"uv": [55, 87], "uv_size": [0.75, 0.25]},
								"up": {"uv": [87, 55], "uv_size": [0.25, 0.75]},
								"down": {"uv": [56, 87.75], "uv_size": [0.25, -0.75]}
							}
						}
					]
				},
				{
					"name": "bone58",
					"parent": "octagon2",
					"pivot": [9.65542, 17.52202, 3.4574],
					"cubes": [
						{
							"origin": [-0.36479, 17.34362, 1.09453],
							"size": [0.06075, 0.28125, 0.75],
							"pivot": [9.82471, 17.51789, 3.4515],
							"rotation": [-53.55919, -15.06536, -10.86388],
							"uv": {
								"north": {"uv": [92, 94], "uv_size": [0.25, 0.25]},
								"east": {"uv": [87, 56], "uv_size": [0.75, 0.25]},
								"south": {"uv": [94, 92], "uv_size": [0.25, 0.25]},
								"west": {"uv": [57, 87], "uv_size": [0.75, 0.25]},
								"up": {"uv": [87, 57], "uv_size": [0.25, 0.75]},
								"down": {"uv": [58, 87.75], "uv_size": [0.25, -0.75]}
							}
						},
						{
							"origin": [-0.01053, 14.71274, 1.10352],
							"size": [0.06075, 0.125, 0.75],
							"pivot": [9.8575, 17.52418, 3.46049],
							"rotation": [-54.94973, -2.86644, -2.00919],
							"uv": {
								"north": {"uv": [93, 94], "uv_size": [0.25, 0.25]},
								"east": {"uv": [87, 58], "uv_size": [0.75, 0.25]},
								"south": {"uv": [94, 93], "uv_size": [0.25, 0.25]},
								"west": {"uv": [59, 87], "uv_size": [0.75, 0.25]},
								"up": {"uv": [87, 59], "uv_size": [0.25, 0.75]},
								"down": {"uv": [60, 87.75], "uv_size": [0.25, -0.75]}
							}
						},
						{
							"origin": [-0.01738, 13.53374, 1.10352],
							"size": [0.06075, 0.125, 0.75],
							"pivot": [9.45182, 17.52418, 3.46049],
							"rotation": [-54.94973, 2.86644, 2.00919],
							"uv": {
								"north": {"uv": [94, 94], "uv_size": [0.25, 0.25]},
								"east": {"uv": [87, 60], "uv_size": [0.75, 0.25]},
								"south": {"uv": [0, 95], "uv_size": [0.25, 0.25]},
								"west": {"uv": [61, 87], "uv_size": [0.75, 0.25]},
								"up": {"uv": [87, 61], "uv_size": [0.25, 0.75]},
								"down": {"uv": [62, 87.75], "uv_size": [0.25, -0.75]}
							}
						},
						{
							"origin": [-0.18633, 14.1041, 1.12951],
							"size": [0.36948, 0.28125, 0.75],
							"pivot": [9.65466, 17.54238, 3.48648],
							"rotation": [-55, 0, 0],
							"uv": {
								"north": {"uv": [95, 0], "uv_size": [0.25, 0.25]},
								"east": {"uv": [87, 62], "uv_size": [0.75, 0.25]},
								"south": {"uv": [1, 95], "uv_size": [0.25, 0.25]},
								"west": {"uv": [63, 87], "uv_size": [0.75, 0.25]},
								"up": {"uv": [87, 63], "uv_size": [0.25, 0.75]},
								"down": {"uv": [64, 87.75], "uv_size": [0.25, -0.75]}
							}
						},
						{
							"origin": [1.30114, 11.21459, 1.09299],
							"size": [0.06075, 0.28125, 0.75],
							"pivot": [9.48689, 17.51681, 3.44996],
							"rotation": [-53.55919, 15.06536, 10.86388],
							"uv": {
								"north": {"uv": [95, 1], "uv_size": [0.25, 0.25]},
								"east": {"uv": [87, 64], "uv_size": [0.75, 0.25]},
								"south": {"uv": [2, 95], "uv_size": [0.25, 0.25]},
								"west": {"uv": [65, 87], "uv_size": [0.75, 0.25]},
								"up": {"uv": [87, 65], "uv_size": [0.25, 0.75]},
								"down": {"uv": [66, 87.75], "uv_size": [0.25, -0.75]}
							}
						}
					]
				},
				{
					"name": "octagon3",
					"parent": "bullet",
					"pivot": [7.99841, 0.53803, -8.00593],
					"cubes": [
						{
							"origin": [-0.49347, 0.03803, -1.19343],
							"size": [0.98376, 0.375, 2.375],
							"pivot": [-0.00159, 1.03803, -0.00593],
							"rotation": [0, -45, 0],
							"uv": {
								"north": {"uv": [75, 74], "uv_size": [1, 0.5]},
								"east": {"uv": [67, 49], "uv_size": [2.5, 0.5]},
								"south": {"uv": [75, 75], "uv_size": [1, 0.5]},
								"west": {"uv": [58, 67], "uv_size": [2.5, 0.5]},
								"up": {"uv": [56, 52], "uv_size": [1, 2.5]},
								"down": {"uv": [56, 57.5], "uv_size": [1, -2.5]}
							}
						},
						{
							"origin": [-0.49347, 0.03803, -1.19343],
							"size": [0.98376, 0.375, 2.375],
							"uv": {
								"north": {"uv": [5, 76], "uv_size": [1, 0.5]},
								"east": {"uv": [61, 67], "uv_size": [2.5, 0.5]},
								"south": {"uv": [6, 76], "uv_size": [1, 0.5]},
								"west": {"uv": [64, 67], "uv_size": [2.5, 0.5]},
								"up": {"uv": [57, 0], "uv_size": [1, 2.5]},
								"down": {"uv": [5, 59.5], "uv_size": [1, -2.5]}
							}
						},
						{
							"origin": [-1.18909, 0.03803, -0.49781],
							"size": [2.375, 0.375, 0.98376],
							"pivot": [-0.00159, 1.03803, -0.00593],
							"rotation": [0, -45, 0],
							"uv": {
								"north": {"uv": [67, 66], "uv_size": [2.5, 0.5]},
								"east": {"uv": [7, 76], "uv_size": [1, 0.5]},
								"south": {"uv": [67, 67], "uv_size": [2.5, 0.5]},
								"west": {"uv": [76, 7], "uv_size": [1, 0.5]},
								"up": {"uv": [56, 30], "uv_size": [2.5, 1]},
								"down": {"uv": [6, 58], "uv_size": [2.5, -1]}
							}
						},
						{
							"origin": [-1.18909, 0.03803, -0.49781],
							"size": [2.375, 0.375, 0.98376],
							"uv": {
								"north": {"uv": [68, 0], "uv_size": [2.5, 0.5]},
								"east": {"uv": [8, 76], "uv_size": [1, 0.5]},
								"south": {"uv": [68, 1], "uv_size": [2.5, 0.5]},
								"west": {"uv": [76, 8], "uv_size": [1, 0.5]},
								"up": {"uv": [57, 8], "uv_size": [2.5, 1]},
								"down": {"uv": [57, 10], "uv_size": [2.5, -1]}
							}
						}
					]
				},
				{
					"name": "octagon10",
					"parent": "bullet",
					"pivot": [7.99841, 11.03803, -8.00593],
					"cubes": [
						{
							"origin": [-0.49347, 10.53803, -1.19343],
							"size": [0.98376, 0.375, 2.375],
							"pivot": [-0.00159, 11.53803, -0.00593],
							"rotation": [0, -45, 0],
							"uv": {
								"north": {"uv": [9, 76], "uv_size": [1, 0.5]},
								"east": {"uv": [68, 2], "uv_size": [2.5, 0.5]},
								"south": {"uv": [76, 9], "uv_size": [1, 0.5]},
								"west": {"uv": [68, 5], "uv_size": [2.5, 0.5]},
								"up": {"uv": [9, 57], "uv_size": [1, 2.5]},
								"down": {"uv": [57, 12.5], "uv_size": [1, -2.5]}
							}
						},
						{
							"origin": [-0.49347, 10.53803, -1.19343],
							"size": [0.98376, 0.375, 2.375],
							"uv": {
								"north": {"uv": [10, 76], "uv_size": [1, 0.5]},
								"east": {"uv": [6, 68], "uv_size": [2.5, 0.5]},
								"south": {"uv": [76, 10], "uv_size": [1, 0.5]},
								"west": {"uv": [68, 8], "uv_size": [2.5, 0.5]},
								"up": {"uv": [11, 57], "uv_size": [1, 2.5]},
								"down": {"uv": [57, 15.5], "uv_size": [1, -2.5]}
							}
						},
						{
							"origin": [-1.18909, 10.53803, -0.49781],
							"size": [2.375, 0.375, 0.98376],
							"pivot": [-0.00159, 11.53803, -0.00593],
							"rotation": [0, -45, 0],
							"uv": {
								"north": {"uv": [68, 9], "uv_size": [2.5, 0.5]},
								"east": {"uv": [11, 76], "uv_size": [1, 0.5]},
								"south": {"uv": [68, 10], "uv_size": [2.5, 0.5]},
								"west": {"uv": [76, 11], "uv_size": [1, 0.5]},
								"up": {"uv": [57, 16], "uv_size": [2.5, 1]},
								"down": {"uv": [57, 18], "uv_size": [2.5, -1]}
							}
						},
						{
							"origin": [-1.18909, 10.53803, -0.49781],
							"size": [2.375, 0.375, 0.98376],
							"uv": {
								"north": {"uv": [17, 68], "uv_size": [2.5, 0.5]},
								"east": {"uv": [12, 76], "uv_size": [1, 0.5]},
								"south": {"uv": [68, 17], "uv_size": [2.5, 0.5]},
								"west": {"uv": [76, 12], "uv_size": [1, 0.5]},
								"up": {"uv": [57, 18], "uv_size": [2.5, 1]},
								"down": {"uv": [57, 20], "uv_size": [2.5, -1]}
							}
						}
					]
				},
				{
					"name": "octagon11",
					"parent": "bullet",
					"pivot": [7.99841, 12.50678, -8.00593],
					"cubes": [
						{
							"origin": [-0.90481, 12.00678, 0.78041],
							"size": [0.17126, 0.5625, 0.0625],
							"pivot": [-0.81918, 12.31928, 0.81166],
							"rotation": [7.43656, -44.5119, -10.54684],
							"uv": {
								"north": {"uv": [81, 90], "uv_size": [0.25, 0.5]},
								"east": {"uv": [90, 81], "uv_size": [0.25, 0.5]},
								"south": {"uv": [82, 90], "uv_size": [0.25, 0.5]},
								"west": {"uv": [90, 82], "uv_size": [0.25, 0.5]},
								"up": {"uv": [95, 2], "uv_size": [0.25, 0.25]},
								"down": {"uv": [3, 95.25], "uv_size": [0.25, -0.25]}
							}
						},
						{
							"origin": [-0.70594, 12.00678, 0.97929],
							"size": [0.17126, 0.5625, 0.0625],
							"pivot": [-0.62031, 12.31928, 1.01054],
							"rotation": [7.43656, -44.5119, -10.54684],
							"uv": {
								"north": {"uv": [83, 90], "uv_size": [0.25, 0.5]},
								"east": {"uv": [90, 83], "uv_size": [0.25, 0.5]},
								"south": {"uv": [84, 90], "uv_size": [0.25, 0.5]},
								"west": {"uv": [90, 84], "uv_size": [0.25, 0.5]},
								"up": {"uv": [95, 3], "uv_size": [0.25, 0.25]},
								"down": {"uv": [4, 95.25], "uv_size": [0.25, -0.25]}
							}
						},
						{
							"origin": [-1.10368, 12.00678, 0.58154],
							"size": [0.17125, 0.5625, 0.0625],
							"pivot": [-1.01806, 12.31928, 0.61279],
							"rotation": [7.43656, -44.5119, -10.54684],
							"uv": {
								"north": {"uv": [85, 90], "uv_size": [0.25, 0.5]},
								"east": {"uv": [90, 85], "uv_size": [0.25, 0.5]},
								"south": {"uv": [86, 90], "uv_size": [0.25, 0.5]},
								"west": {"uv": [90, 86], "uv_size": [0.25, 0.5]},
								"up": {"uv": [95, 4], "uv_size": [0.25, 0.25]},
								"down": {"uv": [5, 95.25], "uv_size": [0.25, -0.25]}
							}
						},
						{
							"origin": [0.78475, 12.00678, -0.90915],
							"size": [0.0625, 0.5625, 0.17126],
							"pivot": [0.816, 12.31928, -0.82352],
							"rotation": [-7.5, 45, 0],
							"uv": {
								"north": {"uv": [87, 90], "uv_size": [0.25, 0.5]},
								"east": {"uv": [90, 87], "uv_size": [0.25, 0.5]},
								"south": {"uv": [88, 90], "uv_size": [0.25, 0.5]},
								"west": {"uv": [90, 88], "uv_size": [0.25, 0.5]},
								"up": {"uv": [95, 5], "uv_size": [0.25, 0.25]},
								"down": {"uv": [6, 95.25], "uv_size": [0.25, -0.25]}
							}
						},
						{
							"origin": [0.98363, 12.00678, -0.71028],
							"size": [0.0625, 0.5625, 0.17126],
							"pivot": [1.01488, 12.31928, -0.62465],
							"rotation": [-7.5, 45, 0],
							"uv": {
								"north": {"uv": [89, 90], "uv_size": [0.25, 0.5]},
								"east": {"uv": [90, 89], "uv_size": [0.25, 0.5]},
								"south": {"uv": [90, 90], "uv_size": [0.25, 0.5]},
								"west": {"uv": [0, 91], "uv_size": [0.25, 0.5]},
								"up": {"uv": [95, 6], "uv_size": [0.25, 0.25]},
								"down": {"uv": [7, 95.25], "uv_size": [0.25, -0.25]}
							}
						},
						{
							"origin": [0.58588, 12.00678, -1.10802],
							"size": [0.0625, 0.5625, 0.17125],
							"pivot": [0.61713, 12.31928, -1.0224],
							"rotation": [-7.5, 45, 0],
							"uv": {
								"north": {"uv": [91, 0], "uv_size": [0.25, 0.5]},
								"east": {"uv": [1, 91], "uv_size": [0.25, 0.5]},
								"south": {"uv": [91, 1], "uv_size": [0.25, 0.5]},
								"west": {"uv": [2, 91], "uv_size": [0.25, 0.5]},
								"up": {"uv": [95, 7], "uv_size": [0.25, 0.25]},
								"down": {"uv": [8, 95.25], "uv_size": [0.25, -0.25]}
							}
						},
						{
							"origin": [1.12341, 12.00678, -0.09156],
							"size": [0.0625, 0.5625, 0.17126],
							"pivot": [1.15466, 12.31928, -0.00593],
							"rotation": [-7.5, 0, 0],
							"uv": {
								"north": {"uv": [91, 2], "uv_size": [0.25, 0.5]},
								"east": {"uv": [3, 91], "uv_size": [0.25, 0.5]},
								"south": {"uv": [91, 3], "uv_size": [0.25, 0.5]},
								"west": {"uv": [4, 91], "uv_size": [0.25, 0.5]},
								"up": {"uv": [95, 8], "uv_size": [0.25, 0.25]},
								"down": {"uv": [9, 95.25], "uv_size": [0.25, -0.25]}
							}
						},
						{
							"origin": [1.12341, 12.00678, 0.18969],
							"size": [0.0625, 0.5625, 0.17126],
							"pivot": [1.15466, 12.31928, 0.27532],
							"rotation": [-7.5, 0, 0],
							"uv": {
								"north": {"uv": [91, 4], "uv_size": [0.25, 0.5]},
								"east": {"uv": [5, 91], "uv_size": [0.25, 0.5]},
								"south": {"uv": [91, 5], "uv_size": [0.25, 0.5]},
								"west": {"uv": [6, 91], "uv_size": [0.25, 0.5]},
								"up": {"uv": [95, 9], "uv_size": [0.25, 0.25]},
								"down": {"uv": [10, 95.25], "uv_size": [0.25, -0.25]}
							}
						},
						{
							"origin": [1.12341, 12.00678, -0.37281],
							"size": [0.0625, 0.5625, 0.17126],
							"pivot": [1.15466, 12.31928, -0.28718],
							"rotation": [-7.5, 0, 0],
							"uv": {
								"north": {"uv": [91, 6], "uv_size": [0.25, 0.5]},
								"east": {"uv": [7, 91], "uv_size": [0.25, 0.5]},
								"south": {"uv": [91, 7], "uv_size": [0.25, 0.5]},
								"west": {"uv": [8, 91], "uv_size": [0.25, 0.5]},
								"up": {"uv": [95, 10], "uv_size": [0.25, 0.25]},
								"down": {"uv": [11, 95.25], "uv_size": [0.25, -0.25]}
							}
						},
						{
							"origin": [0.73037, 12.00678, 0.78041],
							"size": [0.17126, 0.5625, 0.0625],
							"pivot": [0.816, 12.31928, 0.81166],
							"rotation": [-7.43656, 44.5119, -10.54684],
							"uv": {
								"north": {"uv": [91, 8], "uv_size": [0.25, 0.5]},
								"east": {"uv": [9, 91], "uv_size": [0.25, 0.5]},
								"south": {"uv": [91, 9], "uv_size": [0.25, 0.5]},
								"west": {"uv": [10, 91], "uv_size": [0.25, 0.5]},
								"up": {"uv": [95, 11], "uv_size": [0.25, 0.25]},
								"down": {"uv": [12, 95.25], "uv_size": [0.25, -0.25]}
							}
						},
						{
							"origin": [0.92925, 12.00678, 0.58154],
							"size": [0.17125, 0.5625, 0.0625],
							"pivot": [1.01488, 12.31928, 0.61279],
							"rotation": [-7.43656, 44.5119, -10.54684],
							"uv": {
								"north": {"uv": [91, 10], "uv_size": [0.25, 0.5]},
								"east": {"uv": [11, 91], "uv_size": [0.25, 0.5]},
								"south": {"uv": [91, 11], "uv_size": [0.25, 0.5]},
								"west": {"uv": [12, 91], "uv_size": [0.25, 0.5]},
								"up": {"uv": [95, 12], "uv_size": [0.25, 0.25]},
								"down": {"uv": [13, 95.25], "uv_size": [0.25, -0.25]}
							}
						},
						{
							"origin": [0.5315, 12.00678, 0.97929],
							"size": [0.17126, 0.5625, 0.0625],
							"pivot": [0.61713, 12.31928, 1.01054],
							"rotation": [-7.43656, 44.5119, -10.54684],
							"uv": {
								"north": {"uv": [91, 12], "uv_size": [0.25, 0.5]},
								"east": {"uv": [13, 91], "uv_size": [0.25, 0.5]},
								"south": {"uv": [91, 13], "uv_size": [0.25, 0.5]},
								"west": {"uv": [14, 91], "uv_size": [0.25, 0.5]},
								"up": {"uv": [95, 13], "uv_size": [0.25, 0.25]},
								"down": {"uv": [14, 95.25], "uv_size": [0.25, -0.25]}
							}
						},
						{
							"origin": [-0.08722, 12.00678, 1.11907],
							"size": [0.17126, 0.5625, 0.0625],
							"pivot": [-0.00159, 12.31928, 1.15032],
							"rotation": [0, 0, -7.5],
							"uv": {
								"north": {"uv": [91, 14], "uv_size": [0.25, 0.5]},
								"east": {"uv": [15, 91], "uv_size": [0.25, 0.5]},
								"south": {"uv": [91, 15], "uv_size": [0.25, 0.5]},
								"west": {"uv": [16, 91], "uv_size": [0.25, 0.5]},
								"up": {"uv": [95, 14], "uv_size": [0.25, 0.25]},
								"down": {"uv": [15, 95.25], "uv_size": [0.25, -0.25]}
							}
						},
						{
							"origin": [-0.36847, 12.00678, 1.11907],
							"size": [0.17126, 0.5625, 0.0625],
							"pivot": [-0.28284, 12.31928, 1.15032],
							"rotation": [0, 0, -7.5],
							"uv": {
								"north": {"uv": [91, 16], "uv_size": [0.25, 0.5]},
								"east": {"uv": [17, 91], "uv_size": [0.25, 0.5]},
								"south": {"uv": [91, 17], "uv_size": [0.25, 0.5]},
								"west": {"uv": [18, 91], "uv_size": [0.25, 0.5]},
								"up": {"uv": [95, 15], "uv_size": [0.25, 0.25]},
								"down": {"uv": [16, 95.25], "uv_size": [0.25, -0.25]}
							}
						},
						{
							"origin": [0.19403, 12.00678, 1.11907],
							"size": [0.17126, 0.5625, 0.0625],
							"pivot": [0.27966, 12.31928, 1.15032],
							"rotation": [0, 0, -7.5],
							"uv": {
								"north": {"uv": [91, 18], "uv_size": [0.25, 0.5]},
								"east": {"uv": [19, 91], "uv_size": [0.25, 0.5]},
								"south": {"uv": [91, 19], "uv_size": [0.25, 0.5]},
								"west": {"uv": [20, 91], "uv_size": [0.25, 0.5]},
								"up": {"uv": [95, 16], "uv_size": [0.25, 0.25]},
								"down": {"uv": [17, 95.25], "uv_size": [0.25, -0.25]}
							}
						},
						{
							"origin": [-0.08722, 12.00678, -1.19343],
							"size": [0.17126, 0.5625, 0.0625],
							"pivot": [-0.00159, 12.31928, -1.16218],
							"rotation": [0, 0, 7.5],
							"uv": {
								"north": {"uv": [91, 20], "uv_size": [0.25, 0.5]},
								"east": {"uv": [21, 91], "uv_size": [0.25, 0.5]},
								"south": {"uv": [91, 21], "uv_size": [0.25, 0.5]},
								"west": {"uv": [22, 91], "uv_size": [0.25, 0.5]},
								"up": {"uv": [95, 17], "uv_size": [0.25, 0.25]},
								"down": {"uv": [18, 95.25], "uv_size": [0.25, -0.25]}
							}
						},
						{
							"origin": [-0.36847, 12.00678, -1.19343],
							"size": [0.17126, 0.5625, 0.0625],
							"pivot": [-0.28284, 12.31928, -1.16218],
							"rotation": [0, 0, 7.5],
							"uv": {
								"north": {"uv": [91, 22], "uv_size": [0.25, 0.5]},
								"east": {"uv": [23, 91], "uv_size": [0.25, 0.5]},
								"south": {"uv": [91, 23], "uv_size": [0.25, 0.5]},
								"west": {"uv": [24, 91], "uv_size": [0.25, 0.5]},
								"up": {"uv": [95, 18], "uv_size": [0.25, 0.25]},
								"down": {"uv": [19, 95.25], "uv_size": [0.25, -0.25]}
							}
						},
						{
							"origin": [0.19403, 12.00678, -1.19343],
							"size": [0.17126, 0.5625, 0.0625],
							"pivot": [0.27966, 12.31928, -1.16218],
							"rotation": [0, 0, 7.5],
							"uv": {
								"north": {"uv": [91, 24], "uv_size": [0.25, 0.5]},
								"east": {"uv": [25, 91], "uv_size": [0.25, 0.5]},
								"south": {"uv": [91, 25], "uv_size": [0.25, 0.5]},
								"west": {"uv": [26, 91], "uv_size": [0.25, 0.5]},
								"up": {"uv": [95, 19], "uv_size": [0.25, 0.25]},
								"down": {"uv": [20, 95.25], "uv_size": [0.25, -0.25]}
							}
						},
						{
							"origin": [-0.85043, 12.00678, -0.90915],
							"size": [0.0625, 0.5625, 0.17126],
							"pivot": [-0.81918, 12.31928, -0.82352],
							"rotation": [7.5, -45, 0],
							"uv": {
								"north": {"uv": [91, 26], "uv_size": [0.25, 0.5]},
								"east": {"uv": [27, 91], "uv_size": [0.25, 0.5]},
								"south": {"uv": [91, 27], "uv_size": [0.25, 0.5]},
								"west": {"uv": [28, 91], "uv_size": [0.25, 0.5]},
								"up": {"uv": [95, 20], "uv_size": [0.25, 0.25]},
								"down": {"uv": [21, 95.25], "uv_size": [0.25, -0.25]}
							}
						},
						{
							"origin": [-1.04931, 12.00678, -0.71028],
							"size": [0.0625, 0.5625, 0.17126],
							"pivot": [-1.01806, 12.31928, -0.62465],
							"rotation": [7.5, -45, 0],
							"uv": {
								"north": {"uv": [91, 28], "uv_size": [0.25, 0.5]},
								"east": {"uv": [29, 91], "uv_size": [0.25, 0.5]},
								"south": {"uv": [91, 29], "uv_size": [0.25, 0.5]},
								"west": {"uv": [30, 91], "uv_size": [0.25, 0.5]},
								"up": {"uv": [95, 21], "uv_size": [0.25, 0.25]},
								"down": {"uv": [22, 95.25], "uv_size": [0.25, -0.25]}
							}
						},
						{
							"origin": [-0.65156, 12.00678, -1.10802],
							"size": [0.0625, 0.5625, 0.17125],
							"pivot": [-0.62031, 12.31928, -1.0224],
							"rotation": [7.5, -45, 0],
							"uv": {
								"north": {"uv": [91, 30], "uv_size": [0.25, 0.5]},
								"east": {"uv": [31, 91], "uv_size": [0.25, 0.5]},
								"south": {"uv": [91, 31], "uv_size": [0.25, 0.5]},
								"west": {"uv": [32, 91], "uv_size": [0.25, 0.5]},
								"up": {"uv": [95, 22], "uv_size": [0.25, 0.25]},
								"down": {"uv": [23, 95.25], "uv_size": [0.25, -0.25]}
							}
						},
						{
							"origin": [-1.18909, 12.00678, 0.18969],
							"size": [0.0625, 0.5625, 0.17126],
							"pivot": [-1.15784, 12.31928, 0.27532],
							"rotation": [7.5, 0, 0],
							"uv": {
								"north": {"uv": [91, 32], "uv_size": [0.25, 0.5]},
								"east": {"uv": [33, 91], "uv_size": [0.25, 0.5]},
								"south": {"uv": [91, 33], "uv_size": [0.25, 0.5]},
								"west": {"uv": [34, 91], "uv_size": [0.25, 0.5]},
								"up": {"uv": [95, 23], "uv_size": [0.25, 0.25]},
								"down": {"uv": [24, 95.25], "uv_size": [0.25, -0.25]}
							}
						},
						{
							"origin": [-1.18909, 12.00678, -0.09156],
							"size": [0.0625, 0.5625, 0.17126],
							"pivot": [-1.15784, 12.31928, -0.00593],
							"rotation": [7.5, 0, 0],
							"uv": {
								"north": {"uv": [91, 34], "uv_size": [0.25, 0.5]},
								"east": {"uv": [35, 91], "uv_size": [0.25, 0.5]},
								"south": {"uv": [91, 35], "uv_size": [0.25, 0.5]},
								"west": {"uv": [36, 91], "uv_size": [0.25, 0.5]},
								"up": {"uv": [95, 24], "uv_size": [0.25, 0.25]},
								"down": {"uv": [25, 95.25], "uv_size": [0.25, -0.25]}
							}
						},
						{
							"origin": [-1.18909, 12.00678, -0.37281],
							"size": [0.0625, 0.5625, 0.17126],
							"pivot": [-1.15784, 12.31928, -0.28718],
							"rotation": [7.5, 0, 0],
							"uv": {
								"north": {"uv": [91, 36], "uv_size": [0.25, 0.5]},
								"east": {"uv": [37, 91], "uv_size": [0.25, 0.5]},
								"south": {"uv": [91, 37], "uv_size": [0.25, 0.5]},
								"west": {"uv": [38, 91], "uv_size": [0.25, 0.5]},
								"up": {"uv": [95, 25], "uv_size": [0.25, 0.25]},
								"down": {"uv": [26, 95.25], "uv_size": [0.25, -0.25]}
							}
						}
					]
				},
				{
					"name": "octagon",
					"parent": "bullet",
					"pivot": [-0.00159, 5.42656, 0.00026],
					"rotation": [-90, 0, 0],
					"cubes": [
						{
							"origin": [-0.44169, 4.36406, -5.23411],
							"size": [0.8802, 2.125, 10.46875],
							"pivot": [-0.00159, 5.42656, 4.73464],
							"rotation": [0, 0, 45],
							"uv": {
								"north": {"uv": [0, 0], "uv_size": [0.03125, 0.03125]},
								"east": {"uv": [0, 0], "uv_size": [0.03125, 0.03125]},
								"south": {"uv": [0, 0], "uv_size": [0.03125, 0.03125]},
								"west": {"uv": [0, 0], "uv_size": [0.03125, 0.03125]},
								"up": {"uv": [0.03125, 0.03125], "uv_size": [-0.03125, -0.03125]},
								"down": {"uv": [0.03125, 0.03125], "uv_size": [-0.03125, -0.03125]}
							}
						},
						{
							"origin": [-0.44169, 4.36406, -5.23411],
							"size": [0.8802, 2.125, 10.46875],
							"uv": {
								"north": {"uv": [0, 0], "uv_size": [0.03125, 0.03125]},
								"east": {"uv": [0, 0], "uv_size": [0.03125, 0.03125]},
								"south": {"uv": [0, 0], "uv_size": [0.03125, 0.03125]},
								"west": {"uv": [0, 0], "uv_size": [0.03125, 0.03125]},
								"up": {"uv": [0.03125, 0.03125], "uv_size": [-0.03125, -0.03125]},
								"down": {"uv": [0.03125, 0.03125], "uv_size": [-0.03125, -0.03125]}
							}
						},
						{
							"origin": [-1.06409, 4.98646, -5.23411],
							"size": [2.125, 0.8802, 10.46875],
							"pivot": [-0.00159, 5.42656, 4.73464],
							"rotation": [0, 0, 45],
							"uv": {
								"north": {"uv": [0, 0], "uv_size": [0.03125, 0.03125]},
								"east": {"uv": [0, 0], "uv_size": [0.03125, 0.03125]},
								"south": {"uv": [0, 0], "uv_size": [0.03125, 0.03125]},
								"west": {"uv": [0, 0], "uv_size": [0.03125, 0.03125]},
								"up": {"uv": [0.03125, 0.03125], "uv_size": [-0.03125, -0.03125]},
								"down": {"uv": [0.03125, 0.03125], "uv_size": [-0.03125, -0.03125]}
							}
						},
						{
							"origin": [-1.06409, 4.98646, -5.23411],
							"size": [2.125, 0.8802, 10.46875],
							"uv": {
								"north": {"uv": [0, 0], "uv_size": [0.03125, 0.03125]},
								"east": {"uv": [0, 0], "uv_size": [0.03125, 0.03125]},
								"south": {"uv": [0, 0], "uv_size": [0.03125, 0.03125]},
								"west": {"uv": [0, 0], "uv_size": [0.03125, 0.03125]},
								"up": {"uv": [0.03125, 0.03125], "uv_size": [-0.03125, -0.03125]},
								"down": {"uv": [0.03125, 0.03125], "uv_size": [-0.03125, -0.03125]}
							}
						}
					]
				},
				{
					"name": "positioning",
					"pivot": [-3.025, -8.95, -11.225]
				},
				{
					"name": "ground",
					"parent": "positioning",
					"pivot": [0, 0, 0]
				},
				{
					"name": "fixed",
					"parent": "positioning",
					"pivot": [0, 6, 0],
					"rotation": [-135, 0, 90]
				},
				{
					"name": "thirdperson_hand",
					"parent": "positioning",
					"pivot": [-0.025, 1.55, -0.225],
					"rotation": [0, -90, 0]
				}
			]
		}
	]
}