{
	"format_version": "1.12.0",
	"minecraft:geometry": [
		{
			"description": {
				"identifier": "geometry.unknown",
				"texture_width": 64,
				"texture_height": 64,
				"visible_bounds_width": 2,
				"visible_bounds_height": 2.5,
				"visible_bounds_offset": [0, 0.75, 0]
			},
			"bones": [
				{
					"name": "root",
					"pivot": [0, 7.475, 0.8]
				},
				{
					"name": "mag_and_lefthand",
					"parent": "root",
					"pivot": [0, 8.3, -1]
				},
				{
					"name": "lefthand",
					"parent": "mag_and_lefthand",
					"pivot": [-6, 19, 0]
				},
				{
					"name": "lefthand_pos",
					"parent": "lefthand",
					"pivot": [0, 8, 0],
					"cubes": [
						{
							"origin": [-8, 8, -2],
							"size": [4, 12, 4],
							"uv": {
								"north": {"uv": [12, 0], "uv_size": [4, 12]},
								"east": {"uv": [4, 12], "uv_size": [4, 12]},
								"south": {"uv": [8, 12], "uv_size": [4, 12]},
								"west": {"uv": [12, 12], "uv_size": [4, 12]},
								"up": {"uv": [16, 8], "uv_size": [4, 4]},
								"down": {"uv": [16, 16], "uv_size": [4, -4]}
							}
						}
					]
				},
				{
					"name": "magazine",
					"parent": "mag_and_lefthand",
					"pivot": [0, 5.8, 0]
				},
				{
					"name": "release_pin",
					"parent": "magazine",
					"pivot": [0, 8.28125, 0.79688],
					"cubes": [
						{
							"origin": [-0.25, 7.9375, -2.71875],
							"size": [0.5, 0.09375, 0.4375],
							"uv": {
								"north": {"uv": [23, 17], "uv_size": [0.5, 0.25]},
								"east": {"uv": [18, 23], "uv_size": [0.5, 0.25]},
								"south": {"uv": [23, 18], "uv_size": [0.5, 0.25]},
								"west": {"uv": [19, 23], "uv_size": [0.5, 0.25]},
								"up": {"uv": [3, 20], "uv_size": [0.5, 0.5]},
								"down": {"uv": [20, 3.5], "uv_size": [0.5, -0.5]}
							}
						},
						{
							"origin": [-0.25, 7.6875, -2.78125],
							"size": [0.5, 0.28125, 0.0625],
							"uv": {
								"north": {"uv": [23, 19], "uv_size": [0.5, 0.25]},
								"east": {"uv": [1, 30], "uv_size": [0.25, 0.25]},
								"south": {"uv": [20, 23], "uv_size": [0.5, 0.25]},
								"west": {"uv": [30, 1], "uv_size": [0.25, 0.25]},
								"up": {"uv": [23, 20], "uv_size": [0.5, 0.25]},
								"down": {"uv": [21, 23.25], "uv_size": [0.5, -0.25]}
							}
						},
						{
							"origin": [-0.25, 7.9375, -2.76831],
							"size": [0.5, 0.088, 0.0625],
							"pivot": [0, 7.96875, -2.73706],
							"rotation": [-45, 0, 0],
							"uv": {
								"north": {"uv": [23, 21], "uv_size": [0.5, 0.25]},
								"east": {"uv": [2, 30], "uv_size": [0.25, 0.25]},
								"south": {"uv": [22, 23], "uv_size": [0.5, 0.25]},
								"west": {"uv": [30, 2], "uv_size": [0.25, 0.25]},
								"up": {"uv": [23, 22], "uv_size": [0.5, 0.25]},
								"down": {"uv": [23, 23.25], "uv_size": [0.5, -0.25]}
							}
						},
						{
							"origin": [-0.25, 7.63075, -2.76831],
							"size": [0.5, 0.088, 0.0625],
							"pivot": [0, 7.6875, -2.73706],
							"rotation": [45, 0, 0],
							"uv": {
								"north": {"uv": [0, 24], "uv_size": [0.5, 0.25]},
								"east": {"uv": [3, 30], "uv_size": [0.25, 0.25]},
								"south": {"uv": [24, 0], "uv_size": [0.5, 0.25]},
								"west": {"uv": [30, 3], "uv_size": [0.25, 0.25]},
								"up": {"uv": [1, 24], "uv_size": [0.5, 0.25]},
								"down": {"uv": [24, 1.25], "uv_size": [0.5, -0.25]}
							}
						},
						{
							"origin": [-0.25, 7.8125, -2.28883],
							"size": [0.5, 0.177, 0.09375],
							"pivot": [-0.03125, 7.90625, -2.28883],
							"rotation": [45, 0, 0],
							"uv": {
								"north": {"uv": [2, 24], "uv_size": [0.5, 0.25]},
								"east": {"uv": [4, 30], "uv_size": [0.25, 0.25]},
								"south": {"uv": [24, 2], "uv_size": [0.5, 0.25]},
								"west": {"uv": [30, 4], "uv_size": [0.25, 0.25]},
								"up": {"uv": [3, 24], "uv_size": [0.5, 0.25]},
								"down": {"uv": [24, 3.25], "uv_size": [0.5, -0.25]}
							}
						},
						{
							"origin": [-0.25, 7.625, -2.28125],
							"size": [0.5, 0.28125, 0.125],
							"uv": {
								"north": {"uv": [4, 24], "uv_size": [0.5, 0.25]},
								"east": {"uv": [5, 30], "uv_size": [0.25, 0.25]},
								"south": {"uv": [24, 4], "uv_size": [0.5, 0.25]},
								"west": {"uv": [30, 5], "uv_size": [0.25, 0.25]},
								"up": {"uv": [5, 24], "uv_size": [0.5, 0.25]},
								"down": {"uv": [24, 5.25], "uv_size": [0.5, -0.25]}
							}
						},
						{
							"origin": [-0.25, 7.625, -2.71875],
							"size": [0.5, 0.09375, 0.4375],
							"inflate": -0.0001,
							"uv": {
								"north": {"uv": [6, 24], "uv_size": [0.5, 0.25]},
								"east": {"uv": [24, 6], "uv_size": [0.5, 0.25]},
								"south": {"uv": [7, 24], "uv_size": [0.5, 0.25]},
								"west": {"uv": [24, 7], "uv_size": [0.5, 0.25]},
								"up": {"uv": [4, 20], "uv_size": [0.5, 0.5]},
								"down": {"uv": [20, 4.5], "uv_size": [0.5, -0.5]}
							}
						},
						{
							"origin": [-0.25, 7.66383, -2.28125],
							"size": [0.5, 0.15625, 0.09375],
							"pivot": [-0.03125, 7.75758, -2.28125],
							"rotation": [-45, 0, 0],
							"uv": {
								"north": {"uv": [8, 24], "uv_size": [0.5, 0.25]},
								"east": {"uv": [6, 30], "uv_size": [0.25, 0.25]},
								"south": {"uv": [24, 8], "uv_size": [0.5, 0.25]},
								"west": {"uv": [30, 6], "uv_size": [0.25, 0.25]},
								"up": {"uv": [9, 24], "uv_size": [0.5, 0.25]},
								"down": {"uv": [24, 9.25], "uv_size": [0.5, -0.25]}
							}
						},
						{
							"origin": [-0.25, 7.89867, -2.75],
							"size": [0.5, 0.0625, 0.03125],
							"pivot": [-0.03125, 7.89867, -2.71875],
							"rotation": [-45, 0, 0],
							"uv": {
								"north": {"uv": [10, 24], "uv_size": [0.5, 0.25]},
								"east": {"uv": [7, 30], "uv_size": [0.25, 0.25]},
								"south": {"uv": [24, 10], "uv_size": [0.5, 0.25]},
								"west": {"uv": [30, 7], "uv_size": [0.25, 0.25]},
								"up": {"uv": [11, 24], "uv_size": [0.5, 0.25]},
								"down": {"uv": [24, 11.25], "uv_size": [0.5, -0.25]}
							}
						},
						{
							"origin": [-0.25, 7.69508, -2.75],
							"size": [0.5, 0.0625, 0.03125],
							"pivot": [-0.03125, 7.75758, -2.71875],
							"rotation": [45, 0, 0],
							"uv": {
								"north": {"uv": [12, 24], "uv_size": [0.5, 0.25]},
								"east": {"uv": [8, 30], "uv_size": [0.25, 0.25]},
								"south": {"uv": [24, 12], "uv_size": [0.5, 0.25]},
								"west": {"uv": [30, 8], "uv_size": [0.25, 0.25]},
								"up": {"uv": [13, 24], "uv_size": [0.5, 0.25]},
								"down": {"uv": [24, 13.25], "uv_size": [0.5, -0.25]}
							}
						},
						{
							"origin": [-0.1875, 7.71875, -2.71875],
							"size": [0.375, 0.21875, 0.4375],
							"uv": {
								"north": {"uv": [14, 24], "uv_size": [0.5, 0.25]},
								"east": {"uv": [24, 14], "uv_size": [0.5, 0.25]},
								"south": {"uv": [15, 24], "uv_size": [0.5, 0.25]},
								"west": {"uv": [24, 15], "uv_size": [0.5, 0.25]},
								"up": {"uv": [5, 20], "uv_size": [0.5, 0.5]},
								"down": {"uv": [20, 5.5], "uv_size": [0.5, -0.5]}
							}
						},
						{
							"origin": [0.15435, 7.91083, -2.71875],
							"size": [0.09375, 0.03125, 0.4375],
							"pivot": [0.21685, 7.92645, -2.46875],
							"rotation": [0, 0, -45],
							"uv": {
								"north": {"uv": [9, 30], "uv_size": [0.25, 0.25]},
								"east": {"uv": [16, 24], "uv_size": [0.5, 0.25]},
								"south": {"uv": [30, 9], "uv_size": [0.25, 0.25]},
								"west": {"uv": [24, 16], "uv_size": [0.5, 0.25]},
								"up": {"uv": [17, 24], "uv_size": [0.25, 0.5]},
								"down": {"uv": [24, 17.5], "uv_size": [0.25, -0.5]}
							}
						},
						{
							"origin": [0.15435, 7.71417, -2.71875],
							"size": [0.09375, 0.03125, 0.4375],
							"pivot": [0.21685, 7.7298, -2.46875],
							"rotation": [0, 0, 45],
							"uv": {
								"north": {"uv": [10, 30], "uv_size": [0.25, 0.25]},
								"east": {"uv": [18, 24], "uv_size": [0.5, 0.25]},
								"south": {"uv": [30, 10], "uv_size": [0.25, 0.25]},
								"west": {"uv": [24, 18], "uv_size": [0.5, 0.25]},
								"up": {"uv": [19, 24], "uv_size": [0.25, 0.5]},
								"down": {"uv": [24, 19.5], "uv_size": [0.25, -0.5]}
							}
						},
						{
							"origin": [-0.2481, 7.71417, -2.71875],
							"size": [0.09375, 0.03125, 0.4375],
							"pivot": [-0.21685, 7.7298, -2.46875],
							"rotation": [0, 0, -45],
							"uv": {
								"north": {"uv": [11, 30], "uv_size": [0.25, 0.25]},
								"east": {"uv": [20, 24], "uv_size": [0.5, 0.25]},
								"south": {"uv": [30, 11], "uv_size": [0.25, 0.25]},
								"west": {"uv": [24, 20], "uv_size": [0.5, 0.25]},
								"up": {"uv": [21, 24], "uv_size": [0.25, 0.5]},
								"down": {"uv": [24, 21.5], "uv_size": [0.25, -0.5]}
							}
						},
						{
							"origin": [-0.2481, 7.91083, -2.71875],
							"size": [0.09375, 0.03125, 0.4375],
							"pivot": [-0.21685, 7.92645, -2.46875],
							"rotation": [0, 0, 45],
							"uv": {
								"north": {"uv": [12, 30], "uv_size": [0.25, 0.25]},
								"east": {"uv": [22, 24], "uv_size": [0.5, 0.25]},
								"south": {"uv": [30, 12], "uv_size": [0.25, 0.25]},
								"west": {"uv": [24, 22], "uv_size": [0.5, 0.25]},
								"up": {"uv": [23, 24], "uv_size": [0.25, 0.5]},
								"down": {"uv": [24, 23.5], "uv_size": [0.25, -0.5]}
							}
						},
						{
							"origin": [-0.25, 8.03125, -2.59375],
							"size": [0.5, 0.09375, 0.1875],
							"uv": {
								"north": {"uv": [24, 24], "uv_size": [0.5, 0.25]},
								"east": {"uv": [13, 30], "uv_size": [0.25, 0.25]},
								"south": {"uv": [0, 25], "uv_size": [0.5, 0.25]},
								"west": {"uv": [30, 13], "uv_size": [0.25, 0.25]},
								"up": {"uv": [25, 0], "uv_size": [0.5, 0.25]},
								"down": {"uv": [1, 25.25], "uv_size": [0.5, -0.25]}
							}
						},
						{
							"origin": [-0.0625, 8.21875, -2.75],
							"size": [0.125, 0.125, 2.59375],
							"uv": {
								"north": {"uv": [18, 30], "uv_size": [0.25, 0.25]},
								"east": {"uv": [12, 4], "uv_size": [2.75, 0.25]},
								"south": {"uv": [30, 18], "uv_size": [0.25, 0.25]},
								"west": {"uv": [8, 12], "uv_size": [2.75, 0.25]},
								"up": {"uv": [12, 9], "uv_size": [0.25, 2.75]},
								"down": {"uv": [12, 14.75], "uv_size": [0.25, -2.75]}
							}
						},
						{
							"origin": [-0.03125, 8.25, -0.15625],
							"size": [0.0625, 0.0625, 0.15625],
							"uv": {
								"north": {"uv": [20, 30], "uv_size": [0.25, 0.25]},
								"east": {"uv": [30, 20], "uv_size": [0.25, 0.25]},
								"south": {"uv": [21, 30], "uv_size": [0.25, 0.25]},
								"west": {"uv": [30, 21], "uv_size": [0.25, 0.25]},
								"up": {"uv": [22, 30], "uv_size": [0.25, 0.25]},
								"down": {"uv": [30, 22.25], "uv_size": [0.25, -0.25]}
							}
						}
					]
				},
				{
					"name": "bone2",
					"parent": "release_pin",
					"pivot": [0, 8.13762, -2.57601],
					"cubes": [
						{
							"origin": [-0.15625, 8.09375, -2.78125],
							"size": [0.3125, 0.3125, 0.5625],
							"uv": {
								"north": {"uv": [14, 30], "uv_size": [0.25, 0.25]},
								"east": {"uv": [25, 1], "uv_size": [0.5, 0.25]},
								"south": {"uv": [30, 14], "uv_size": [0.25, 0.25]},
								"west": {"uv": [2, 25], "uv_size": [0.5, 0.25]},
								"up": {"uv": [25, 2], "uv_size": [0.25, 0.5]},
								"down": {"uv": [3, 25.5], "uv_size": [0.25, -0.5]}
							}
						},
						{
							"origin": [-0.15625, 8.03125, -2.71875],
							"size": [0.3125, 0.09375, 0.4375],
							"uv": {
								"north": {"uv": [19, 30], "uv_size": [0.25, 0.25]},
								"east": {"uv": [25, 3], "uv_size": [0.5, 0.25]},
								"south": {"uv": [30, 19], "uv_size": [0.25, 0.25]},
								"west": {"uv": [4, 25], "uv_size": [0.5, 0.25]},
								"up": {"uv": [25, 4], "uv_size": [0.25, 0.5]},
								"down": {"uv": [5, 25.5], "uv_size": [0.25, -0.5]}
							}
						},
						{
							"origin": [-0.15625, 8.0625, -2.76831],
							"size": [0.3125, 0.0625, 0.088],
							"pivot": [0.125, 8.09375, -2.73706],
							"rotation": [-45, 0, 0],
							"uv": {
								"north": {"uv": [15, 30], "uv_size": [0.25, 0.25]},
								"east": {"uv": [30, 15], "uv_size": [0.25, 0.25]},
								"south": {"uv": [16, 30], "uv_size": [0.25, 0.25]},
								"west": {"uv": [30, 16], "uv_size": [0.25, 0.25]},
								"up": {"uv": [17, 30], "uv_size": [0.25, 0.25]},
								"down": {"uv": [30, 17.25], "uv_size": [0.25, -0.25]}
							}
						}
					]
				},
				{
					"name": "gun_and_righthand",
					"parent": "root",
					"pivot": [0, 7.5, 1.05]
				},
				{
					"name": "righthand",
					"parent": "gun_and_righthand",
					"pivot": [6, 19, 0]
				},
				{
					"name": "righthand_pos",
					"parent": "righthand",
					"pivot": [0, 8, 0],
					"cubes": [
						{
							"origin": [4, 8, -2],
							"size": [4, 12, 4],
							"uv": {
								"north": {"uv": [0, 0], "uv_size": [4, 12]},
								"east": {"uv": [4, 0], "uv_size": [4, 12]},
								"south": {"uv": [8, 0], "uv_size": [4, 12]},
								"west": {"uv": [0, 12], "uv_size": [4, 12]},
								"up": {"uv": [16, 0], "uv_size": [4, 4]},
								"down": {"uv": [16, 8], "uv_size": [4, -4]}
							}
						}
					]
				},
				{
					"name": "switch_gun",
					"parent": "gun_and_righthand",
					"pivot": [0, 7.28125, 0]
				},
				{
					"name": "upper",
					"parent": "switch_gun",
					"pivot": [0, 7.3, 0.28125],
					"cubes": [
						{
							"origin": [-0.15625, 8.5, -2.8125],
							"size": [0.3125, 0.3125, 0.90625],
							"inflate": -0.01,
							"uv": {
								"north": {"uv": [23, 30], "uv_size": [0.25, 0.25]},
								"east": {"uv": [30, 23], "uv_size": [0.25, 0.25]},
								"south": {"uv": [24, 30], "uv_size": [0.25, 0.25]},
								"west": {"uv": [30, 24], "uv_size": [0.25, 0.25]},
								"up": {"uv": [25, 30], "uv_size": [0.25, 0.25]},
								"down": {"uv": [30, 25.25], "uv_size": [0.25, -0.25]}
							}
						},
						{
							"origin": [-0.3125, 7.9375, 0.15625],
							"size": [0.625, 0.25, 0.25],
							"pivot": [0, 8.0625, 0.28125],
							"rotation": [45, 0, 0],
							"uv": {
								"north": {"uv": [18, 20], "uv_size": [0.75, 0.25]},
								"east": {"uv": [31, 0], "uv_size": [0.25, 0.25]},
								"south": {"uv": [20, 18], "uv_size": [0.75, 0.25]},
								"west": {"uv": [1, 31], "uv_size": [0.25, 0.25]},
								"up": {"uv": [19, 20], "uv_size": [0.75, 0.25]},
								"down": {"uv": [20, 19.25], "uv_size": [0.75, -0.25]}
							}
						}
					]
				},
				{
					"name": "upper_main",
					"parent": "upper",
					"pivot": [0.125, 7.125, -1.71875],
					"cubes": [
						{
							"origin": [-0.28125, 8.875, -1.9375],
							"size": [0.5625, 0.1875, 2.09375],
							"uv": {
								"north": {"uv": [21, 1], "uv_size": [0.5, 0.25]},
								"east": {"uv": [15, 3], "uv_size": [2, 0.25]},
								"south": {"uv": [2, 21], "uv_size": [0.5, 0.25]},
								"west": {"uv": [15, 4], "uv_size": [2, 0.25]},
								"up": {"uv": [9, 1], "uv_size": [0.5, 2]},
								"down": {"uv": [3, 11], "uv_size": [0.5, -2]}
							}
						},
						{
							"origin": [-0.28125, 9.0625, -2.71875],
							"size": [0.21875, 0.0625, 2.875],
							"uv": {
								"north": {"uv": [2, 26], "uv_size": [0.25, 0.25]},
								"east": {"uv": [11, 2], "uv_size": [3, 0.25]},
								"south": {"uv": [26, 2], "uv_size": [0.25, 0.25]},
								"west": {"uv": [8, 11], "uv_size": [3, 0.25]},
								"up": {"uv": [11, 8], "uv_size": [0.25, 3]},
								"down": {"uv": [11, 14], "uv_size": [0.25, -3]}
							}
						},
						{
							"origin": [0.0625, 9.0625, -2.71875],
							"size": [0.21875, 0.0625, 2.875],
							"uv": {
								"north": {"uv": [3, 26], "uv_size": [0.25, 0.25]},
								"east": {"uv": [12, 0], "uv_size": [3, 0.25]},
								"south": {"uv": [26, 3], "uv_size": [0.25, 0.25]},
								"west": {"uv": [12, 1], "uv_size": [3, 0.25]},
								"up": {"uv": [1, 12], "uv_size": [0.25, 3]},
								"down": {"uv": [12, 9], "uv_size": [0.25, -3]}
							}
						},
						{
							"origin": [-0.28125, 8.875, 0.15625],
							"size": [0.5625, 0.1875, 0.0625],
							"uv": {
								"north": {"uv": [21, 10], "uv_size": [0.5, 0.25]},
								"east": {"uv": [25, 19], "uv_size": [0.25, 0.25]},
								"south": {"uv": [11, 21], "uv_size": [0.5, 0.25]},
								"west": {"uv": [20, 25], "uv_size": [0.25, 0.25]},
								"up": {"uv": [21, 11], "uv_size": [0.5, 0.25]},
								"down": {"uv": [12, 21.25], "uv_size": [0.5, -0.25]}
							}
						},
						{
							"origin": [0.125, 8.62058, 0.16755],
							"size": [0.15625, 0.4375, 0.09375],
							"inflate": 0.001,
							"pivot": [0, 8.96433, 0.23005],
							"rotation": [25, 0, 0],
							"uv": {
								"north": {"uv": [21, 12], "uv_size": [0.25, 0.5]},
								"east": {"uv": [13, 21], "uv_size": [0.25, 0.5]},
								"south": {"uv": [21, 13], "uv_size": [0.25, 0.5]},
								"west": {"uv": [14, 21], "uv_size": [0.25, 0.5]},
								"up": {"uv": [25, 23], "uv_size": [0.25, 0.25]},
								"down": {"uv": [24, 25.25], "uv_size": [0.25, -0.25]}
							}
						},
						{
							"origin": [-0.28125, 8.62058, 0.16755],
							"size": [0.15625, 0.4375, 0.09375],
							"inflate": 0.001,
							"pivot": [0, 8.96433, 0.23005],
							"rotation": [25, 0, 0],
							"uv": {
								"north": {"uv": [23, 9], "uv_size": [0.25, 0.5]},
								"east": {"uv": [10, 23], "uv_size": [0.25, 0.5]},
								"south": {"uv": [23, 10], "uv_size": [0.25, 0.5]},
								"west": {"uv": [11, 23], "uv_size": [0.25, 0.5]},
								"up": {"uv": [0, 28], "uv_size": [0.25, 0.25]},
								"down": {"uv": [28, 0.25], "uv_size": [0.25, -0.25]}
							}
						},
						{
							"origin": [-0.28125, 9.03125, 0.14331],
							"size": [0.21875, 0.088, 0.0625],
							"pivot": [0, 9.0625, 0.17456],
							"rotation": [45, 0, 0],
							"uv": {
								"north": {"uv": [25, 20], "uv_size": [0.25, 0.25]},
								"east": {"uv": [21, 25], "uv_size": [0.25, 0.25]},
								"south": {"uv": [25, 21], "uv_size": [0.25, 0.25]},
								"west": {"uv": [22, 25], "uv_size": [0.25, 0.25]},
								"up": {"uv": [25, 22], "uv_size": [0.25, 0.25]},
								"down": {"uv": [23, 25.25], "uv_size": [0.25, -0.25]}
							}
						},
						{
							"origin": [0.0625, 9.03125, 0.14331],
							"size": [0.21875, 0.088, 0.0625],
							"pivot": [0, 9.0625, 0.17456],
							"rotation": [45, 0, 0],
							"uv": {
								"north": {"uv": [7, 26], "uv_size": [0.25, 0.25]},
								"east": {"uv": [26, 7], "uv_size": [0.25, 0.25]},
								"south": {"uv": [8, 26], "uv_size": [0.25, 0.25]},
								"west": {"uv": [26, 8], "uv_size": [0.25, 0.25]},
								"up": {"uv": [9, 26], "uv_size": [0.25, 0.25]},
								"down": {"uv": [26, 9.25], "uv_size": [0.25, -0.25]}
							}
						},
						{
							"origin": [-0.28125, 7.5, -0.0625],
							"size": [0.5625, 1.375, 0.34375],
							"inflate": -0.001,
							"uv": {
								"north": {"uv": [10, 9], "uv_size": [0.5, 1.5]},
								"east": {"uv": [17, 3], "uv_size": [0.25, 1.5]},
								"south": {"uv": [11, 0], "uv_size": [0.5, 1.5]},
								"west": {"uv": [4, 17], "uv_size": [0.25, 1.5]},
								"up": {"uv": [21, 9], "uv_size": [0.5, 0.25]},
								"down": {"uv": [10, 21.25], "uv_size": [0.5, -0.25]}
							}
						},
						{
							"origin": [0.125, 7.90625, 0.09375],
							"size": [0.15625, 0.71875, 1.84375],
							"pivot": [0, 8.1875, 0.45313],
							"rotation": [-20, 0, 0],
							"uv": {
								"north": {"uv": [8, 20], "uv_size": [0.25, 0.75]},
								"east": {"uv": [0, 8], "uv_size": [1.75, 0.75]},
								"south": {"uv": [20, 8], "uv_size": [0.25, 0.75]},
								"west": {"uv": [2, 8], "uv_size": [1.75, 0.75]},
								"up": {"uv": [11, 15], "uv_size": [0.25, 1.75]},
								"down": {"uv": [15, 12.75], "uv_size": [0.25, -1.75]}
							}
						},
						{
							"origin": [-0.28125, 7.90625, 0.09375],
							"size": [0.15625, 0.71875, 1.84375],
							"pivot": [0, 8.1875, 0.45313],
							"rotation": [-20, 0, 0],
							"uv": {
								"north": {"uv": [13, 20], "uv_size": [0.25, 0.75]},
								"east": {"uv": [4, 8], "uv_size": [1.75, 0.75]},
								"south": {"uv": [20, 13], "uv_size": [0.25, 0.75]},
								"west": {"uv": [8, 4], "uv_size": [1.75, 0.75]},
								"up": {"uv": [12, 15], "uv_size": [0.25, 1.75]},
								"down": {"uv": [13, 16.75], "uv_size": [0.25, -1.75]}
							}
						},
						{
							"origin": [-0.125, 7.90625, 0.84375],
							"size": [0.25, 0.71875, 0.6875],
							"pivot": [0, 8.1875, 0.45313],
							"rotation": [-20, 0, 0],
							"uv": {
								"north": {"uv": [14, 20], "uv_size": [0.25, 0.75]},
								"east": {"uv": [3, 14], "uv_size": [0.75, 0.75]},
								"south": {"uv": [20, 14], "uv_size": [0.25, 0.75]},
								"west": {"uv": [11, 14], "uv_size": [0.75, 0.75]},
								"up": {"uv": [15, 20], "uv_size": [0.25, 0.75]},
								"down": {"uv": [20, 15.75], "uv_size": [0.25, -0.75]}
							}
						},
						{
							"origin": [-0.4375, 8.625, 1.5],
							"size": [0.875, 0.09375, 0.4375],
							"pivot": [0, 8.1875, 0.45313],
							"rotation": [-20, 0, 0],
							"uv": {
								"north": {"uv": [7, 20], "uv_size": [1, 0.25]},
								"east": {"uv": [25, 7], "uv_size": [0.5, 0.25]},
								"south": {"uv": [20, 7], "uv_size": [1, 0.25]},
								"west": {"uv": [8, 25], "uv_size": [0.5, 0.25]},
								"up": {"uv": [10, 15], "uv_size": [1, 0.5]},
								"down": {"uv": [15, 10.5], "uv_size": [1, -0.5]}
							}
						},
						{
							"origin": [-0.28125, 7.90625, 1.9375],
							"size": [0.5625, 0.53125, 0.1875],
							"pivot": [0, 8.1875, 0.45313],
							"rotation": [-20, 0, 0],
							"uv": {
								"north": {"uv": [6, 19], "uv_size": [0.5, 0.5]},
								"east": {"uv": [21, 14], "uv_size": [0.25, 0.5]},
								"south": {"uv": [7, 19], "uv_size": [0.5, 0.5]},
								"west": {"uv": [15, 21], "uv_size": [0.25, 0.5]},
								"up": {"uv": [21, 15], "uv_size": [0.5, 0.25]},
								"down": {"uv": [16, 21.25], "uv_size": [0.5, -0.25]}
							}
						},
						{
							"origin": [-0.28125, 6.89311, 1.28577],
							"size": [0.5625, 0.757, 0.46875],
							"inflate": -0.001,
							"pivot": [0, 7.31498, 1.52014],
							"rotation": [-50, 0, 0],
							"uv": {
								"north": {"uv": [17, 5], "uv_size": [0.5, 0.75]},
								"east": {"uv": [17, 6], "uv_size": [0.5, 0.75]},
								"south": {"uv": [7, 17], "uv_size": [0.5, 0.75]},
								"west": {"uv": [17, 7], "uv_size": [0.5, 0.75]},
								"up": {"uv": [8, 19], "uv_size": [0.5, 0.5]},
								"down": {"uv": [9, 19.5], "uv_size": [0.5, -0.5]}
							}
						},
						{
							"origin": [-0.28125, 7.79635, 1.86493],
							"size": [0.5625, 0.265, 0.1875],
							"inflate": 0.001,
							"pivot": [0, 7.9526, 1.95868],
							"rotation": [25, 0, 0],
							"uv": {
								"north": {"uv": [21, 16], "uv_size": [0.5, 0.25]},
								"east": {"uv": [25, 24], "uv_size": [0.25, 0.25]},
								"south": {"uv": [17, 21], "uv_size": [0.5, 0.25]},
								"west": {"uv": [25, 25], "uv_size": [0.25, 0.25]},
								"up": {"uv": [21, 17], "uv_size": [0.5, 0.25]},
								"down": {"uv": [18, 21.25], "uv_size": [0.5, -0.25]}
							}
						},
						{
							"origin": [-0.28125, 7.25, 0.15625],
							"size": [0.5625, 0.65625, 1.59],
							"inflate": 0.001,
							"pivot": [0, 8.1875, 0.45313],
							"rotation": [-20, 0, 0],
							"uv": {
								"north": {"uv": [17, 1], "uv_size": [0.5, 0.75]},
								"east": {"uv": [9, 0], "uv_size": [1.5, 0.75]},
								"south": {"uv": [5, 17], "uv_size": [0.5, 0.75]},
								"west": {"uv": [1, 9], "uv_size": [1.5, 0.75]},
								"up": {"uv": [2, 11], "uv_size": [0.5, 1.5]},
								"down": {"uv": [3, 12.5], "uv_size": [0.5, -1.5]}
							}
						},
						{
							"origin": [-0.28125, 8.125, -2.71875],
							"size": [0.5625, 0.9375, 0.78125],
							"uv": {
								"north": {"uv": [1, 15], "uv_size": [0.5, 1]},
								"east": {"uv": [2, 10], "uv_size": [0.75, 1]},
								"south": {"uv": [5, 15], "uv_size": [0.5, 1]},
								"west": {"uv": [10, 8], "uv_size": [0.75, 1]},
								"up": {"uv": [17, 0], "uv_size": [0.5, 0.75]},
								"down": {"uv": [1, 17.75], "uv_size": [0.5, -0.75]}
							}
						},
						{
							"origin": [-0.28125, 8.03125, -2.40625],
							"size": [0.5625, 0.09375, 0.46875],
							"uv": {
								"north": {"uv": [21, 2], "uv_size": [0.5, 0.25]},
								"east": {"uv": [3, 21], "uv_size": [0.5, 0.25]},
								"south": {"uv": [21, 3], "uv_size": [0.5, 0.25]},
								"west": {"uv": [4, 21], "uv_size": [0.5, 0.25]},
								"up": {"uv": [3, 19], "uv_size": [0.5, 0.5]},
								"down": {"uv": [19, 3.5], "uv_size": [0.5, -0.5]}
							}
						},
						{
							"origin": [-0.28125, 7.875, -2.21875],
							"size": [0.5625, 0.1875, 0.09375],
							"pivot": [0, 7.96875, -2.21875],
							"rotation": [45, 0, 0],
							"uv": {
								"north": {"uv": [21, 4], "uv_size": [0.5, 0.25]},
								"east": {"uv": [25, 18], "uv_size": [0.25, 0.25]},
								"south": {"uv": [5, 21], "uv_size": [0.5, 0.25]},
								"west": {"uv": [19, 25], "uv_size": [0.25, 0.25]},
								"up": {"uv": [21, 5], "uv_size": [0.5, 0.25]},
								"down": {"uv": [6, 21.25], "uv_size": [0.5, -0.25]}
							}
						},
						{
							"origin": [-0.28125, 7.5, -2.15625],
							"size": [0.5625, 0.53125, 0.21875],
							"uv": {
								"north": {"uv": [4, 19], "uv_size": [0.5, 0.5]},
								"east": {"uv": [21, 6], "uv_size": [0.25, 0.5]},
								"south": {"uv": [5, 19], "uv_size": [0.5, 0.5]},
								"west": {"uv": [7, 21], "uv_size": [0.25, 0.5]},
								"up": {"uv": [21, 7], "uv_size": [0.5, 0.25]},
								"down": {"uv": [8, 21.25], "uv_size": [0.5, -0.25]}
							}
						},
						{
							"origin": [-0.28125, 7.5, -1.9375],
							"size": [0.5625, 0.1875, 1.875],
							"uv": {
								"north": {"uv": [21, 8], "uv_size": [0.5, 0.25]},
								"east": {"uv": [15, 5], "uv_size": [2, 0.25]},
								"south": {"uv": [9, 21], "uv_size": [0.5, 0.25]},
								"west": {"uv": [6, 15], "uv_size": [2, 0.25]},
								"up": {"uv": [4, 9], "uv_size": [0.5, 2]},
								"down": {"uv": [5, 11], "uv_size": [0.5, -2]}
							}
						},
						{
							"origin": [-0.28125, 7.43274, -1.93017],
							"size": [0.5625, 0.15625, 0.28125],
							"inflate": 0.001,
							"pivot": [0, 7.51087, -1.77392],
							"rotation": [27.5, 0, 0],
							"uv": {
								"north": {"uv": [15, 22], "uv_size": [0.5, 0.25]},
								"east": {"uv": [27, 10], "uv_size": [0.25, 0.25]},
								"south": {"uv": [22, 15], "uv_size": [0.5, 0.25]},
								"west": {"uv": [11, 27], "uv_size": [0.25, 0.25]},
								"up": {"uv": [16, 22], "uv_size": [0.5, 0.25]},
								"down": {"uv": [22, 16.25], "uv_size": [0.5, -0.25]}
							}
						},
						{
							"origin": [-0.28125, 7.52649, -2.02392],
							"size": [0.5625, 0.125, 0.09375],
							"inflate": 0.001,
							"pivot": [0, 7.51087, -1.77392],
							"rotation": [27.5, 0, 0],
							"uv": {
								"north": {"uv": [17, 22], "uv_size": [0.5, 0.25]},
								"east": {"uv": [27, 11], "uv_size": [0.25, 0.25]},
								"south": {"uv": [22, 17], "uv_size": [0.5, 0.25]},
								"west": {"uv": [12, 27], "uv_size": [0.25, 0.25]},
								"up": {"uv": [18, 22], "uv_size": [0.5, 0.25]},
								"down": {"uv": [22, 18.25], "uv_size": [0.5, -0.25]}
							}
						},
						{
							"origin": [-0.28125, 7.38363, -1.99241],
							"size": [0.5625, 0.09375, 0.132],
							"pivot": [0, 7.4305, -1.91428],
							"rotation": [-17.5, 0, 0],
							"uv": {
								"north": {"uv": [19, 22], "uv_size": [0.5, 0.25]},
								"east": {"uv": [27, 12], "uv_size": [0.25, 0.25]},
								"south": {"uv": [22, 19], "uv_size": [0.5, 0.25]},
								"west": {"uv": [13, 27], "uv_size": [0.25, 0.25]},
								"up": {"uv": [20, 22], "uv_size": [0.5, 0.25]},
								"down": {"uv": [22, 20.25], "uv_size": [0.5, -0.25]}
							}
						},
						{
							"origin": [-0.28125, 7, -0.1875],
							"size": [0.5625, 0.5, 1.125],
							"uv": {
								"north": {"uv": [19, 9], "uv_size": [0.5, 0.5]},
								"east": {"uv": [2, 13], "uv_size": [1.25, 0.5]},
								"south": {"uv": [10, 19], "uv_size": [0.5, 0.5]},
								"west": {"uv": [13, 3], "uv_size": [1.25, 0.5]},
								"up": {"uv": [4, 13], "uv_size": [0.5, 1.25]},
								"down": {"uv": [5, 14.25], "uv_size": [0.5, -1.25]}
							}
						},
						{
							"origin": [-0.28125, 6.875, -0.0625],
							"size": [0.5625, 0.125, 1.40625],
							"uv": {
								"north": {"uv": [21, 18], "uv_size": [0.5, 0.25]},
								"east": {"uv": [17, 9], "uv_size": [1.5, 0.25]},
								"south": {"uv": [19, 21], "uv_size": [0.5, 0.25]},
								"west": {"uv": [17, 10], "uv_size": [1.5, 0.25]},
								"up": {"uv": [4, 11], "uv_size": [0.5, 1.5]},
								"down": {"uv": [5, 12.5], "uv_size": [0.5, -1.5]}
							}
						},
						{
							"origin": [-0.28125, 6.89158, -0.14694],
							"size": [0.5625, 0.177, 0.125],
							"inflate": 0.001,
							"pivot": [0, 6.98533, -0.08444],
							"rotation": [45, 0, 0],
							"uv": {
								"north": {"uv": [21, 19], "uv_size": [0.5, 0.25]},
								"east": {"uv": [0, 26], "uv_size": [0.25, 0.25]},
								"south": {"uv": [20, 21], "uv_size": [0.5, 0.25]},
								"west": {"uv": [26, 0], "uv_size": [0.25, 0.25]},
								"up": {"uv": [21, 20], "uv_size": [0.5, 0.25]},
								"down": {"uv": [21, 21.25], "uv_size": [0.5, -0.25]}
							}
						},
						{
							"origin": [-0.15625, 6.84375, -0.125],
							"size": [0.3125, 0.125, 0.15625],
							"pivot": [0, 7.0625, 0.08456],
							"rotation": [-5, 0, 0],
							"uv": {
								"north": {"uv": [27, 4], "uv_size": [0.25, 0.25]},
								"east": {"uv": [5, 27], "uv_size": [0.25, 0.25]},
								"south": {"uv": [27, 5], "uv_size": [0.25, 0.25]},
								"west": {"uv": [6, 27], "uv_size": [0.25, 0.25]},
								"up": {"uv": [27, 6], "uv_size": [0.25, 0.25]},
								"down": {"uv": [7, 27.25], "uv_size": [0.25, -0.25]}
							}
						},
						{
							"origin": [-0.15625, 6.96875, -0.25],
							"size": [0.3125, 0.5, 1.125],
							"pivot": [0, 7.0625, 0.08456],
							"rotation": [-5, 0, 0],
							"uv": {
								"north": {"uv": [13, 22], "uv_size": [0.25, 0.5]},
								"east": {"uv": [8, 13], "uv_size": [1.25, 0.5]},
								"south": {"uv": [22, 13], "uv_size": [0.25, 0.5]},
								"west": {"uv": [13, 8], "uv_size": [1.25, 0.5]},
								"up": {"uv": [8, 17], "uv_size": [0.25, 1.25]},
								"down": {"uv": [15, 18.25], "uv_size": [0.25, -1.25]}
							}
						},
						{
							"origin": [-0.15625, 7.056, -0.2183],
							"size": [0.3125, 0.177, 0.125],
							"pivot": [0, 7.0625, 0.08456],
							"rotation": [40, 0, 0],
							"uv": {
								"north": {"uv": [27, 1], "uv_size": [0.25, 0.25]},
								"east": {"uv": [2, 27], "uv_size": [0.25, 0.25]},
								"south": {"uv": [27, 2], "uv_size": [0.25, 0.25]},
								"west": {"uv": [3, 27], "uv_size": [0.25, 0.25]},
								"up": {"uv": [27, 3], "uv_size": [0.25, 0.25]},
								"down": {"uv": [4, 27.25], "uv_size": [0.25, -0.25]}
							}
						},
						{
							"origin": [-0.15625, 6.87013, 0.07654],
							"size": [0.3125, 0.052, 0.125],
							"pivot": [0, 7.0625, 0.08456],
							"rotation": [-50, 0, 0],
							"uv": {
								"north": {"uv": [27, 7], "uv_size": [0.25, 0.25]},
								"east": {"uv": [8, 27], "uv_size": [0.25, 0.25]},
								"south": {"uv": [27, 8], "uv_size": [0.25, 0.25]},
								"west": {"uv": [9, 27], "uv_size": [0.25, 0.25]},
								"up": {"uv": [27, 9], "uv_size": [0.25, 0.25]},
								"down": {"uv": [10, 27.25], "uv_size": [0.25, -0.25]}
							}
						},
						{
							"origin": [-0.28125, 7.32924, -0.2721],
							"size": [0.5625, 0.2395, 0.125],
							"pivot": [0, 7.45424, -0.24085],
							"rotation": [45, 0, 0],
							"uv": {
								"north": {"uv": [0, 22], "uv_size": [0.5, 0.25]},
								"east": {"uv": [1, 26], "uv_size": [0.25, 0.25]},
								"south": {"uv": [22, 0], "uv_size": [0.5, 0.25]},
								"west": {"uv": [26, 1], "uv_size": [0.25, 0.25]},
								"up": {"uv": [1, 22], "uv_size": [0.5, 0.25]},
								"down": {"uv": [22, 1.25], "uv_size": [0.5, -0.25]}
							}
						},
						{
							"origin": [-0.28125, 8.03125, -2.71875],
							"size": [0.125, 0.09375, 0.125],
							"uv": {
								"north": {"uv": [25, 15], "uv_size": [0.25, 0.25]},
								"east": {"uv": [16, 25], "uv_size": [0.25, 0.25]},
								"south": {"uv": [25, 16], "uv_size": [0.25, 0.25]},
								"west": {"uv": [17, 25], "uv_size": [0.25, 0.25]},
								"up": {"uv": [25, 17], "uv_size": [0.25, 0.25]},
								"down": {"uv": [18, 25.25], "uv_size": [0.25, -0.25]}
							}
						},
						{
							"origin": [0.15625, 8.03125, -2.71875],
							"size": [0.125, 0.09375, 0.125],
							"uv": {
								"north": {"uv": [29, 27], "uv_size": [0.25, 0.25]},
								"east": {"uv": [28, 29], "uv_size": [0.25, 0.25]},
								"south": {"uv": [29, 28], "uv_size": [0.25, 0.25]},
								"west": {"uv": [29, 29], "uv_size": [0.25, 0.25]},
								"up": {"uv": [0, 30], "uv_size": [0.25, 0.25]},
								"down": {"uv": [30, 0.25], "uv_size": [0.25, -0.25]}
							}
						},
						{
							"origin": [-0.28125, 9.03125, -2.76831],
							"size": [0.21875, 0.088, 0.0625],
							"inflate": 0.001,
							"pivot": [0, 9.0625, -2.73706],
							"rotation": [-45, 0, 0],
							"uv": {
								"north": {"uv": [25, 8], "uv_size": [0.25, 0.25]},
								"east": {"uv": [9, 25], "uv_size": [0.25, 0.25]},
								"south": {"uv": [25, 9], "uv_size": [0.25, 0.25]},
								"west": {"uv": [10, 25], "uv_size": [0.25, 0.25]},
								"up": {"uv": [25, 10], "uv_size": [0.25, 0.25]},
								"down": {"uv": [11, 25.25], "uv_size": [0.25, -0.25]}
							}
						},
						{
							"origin": [0.0625, 9.03125, -2.76831],
							"size": [0.21875, 0.088, 0.0625],
							"inflate": 0.001,
							"pivot": [0, 9.0625, -2.73706],
							"rotation": [-45, 0, 0],
							"uv": {
								"north": {"uv": [4, 26], "uv_size": [0.25, 0.25]},
								"east": {"uv": [26, 4], "uv_size": [0.25, 0.25]},
								"south": {"uv": [5, 26], "uv_size": [0.25, 0.25]},
								"west": {"uv": [26, 5], "uv_size": [0.25, 0.25]},
								"up": {"uv": [6, 26], "uv_size": [0.25, 0.25]},
								"down": {"uv": [26, 6.25], "uv_size": [0.25, -0.25]}
							}
						},
						{
							"origin": [-0.28125, 8.0625, -2.76831],
							"size": [0.125, 0.0625, 0.088],
							"inflate": 0.001,
							"pivot": [0, 8.09375, -2.73706],
							"rotation": [-45, 0, 0],
							"uv": {
								"north": {"uv": [25, 12], "uv_size": [0.25, 0.25]},
								"east": {"uv": [13, 25], "uv_size": [0.25, 0.25]},
								"south": {"uv": [25, 13], "uv_size": [0.25, 0.25]},
								"west": {"uv": [14, 25], "uv_size": [0.25, 0.25]},
								"up": {"uv": [25, 14], "uv_size": [0.25, 0.25]},
								"down": {"uv": [15, 25.25], "uv_size": [0.25, -0.25]}
							}
						},
						{
							"origin": [0.15625, 8.0625, -2.76831],
							"size": [0.125, 0.0625, 0.088],
							"inflate": 0.001,
							"pivot": [0, 8.09375, -2.73706],
							"rotation": [-45, 0, 0],
							"uv": {
								"north": {"uv": [29, 24], "uv_size": [0.25, 0.25]},
								"east": {"uv": [25, 29], "uv_size": [0.25, 0.25]},
								"south": {"uv": [29, 25], "uv_size": [0.25, 0.25]},
								"west": {"uv": [26, 29], "uv_size": [0.25, 0.25]},
								"up": {"uv": [29, 26], "uv_size": [0.25, 0.25]},
								"down": {"uv": [27, 29.25], "uv_size": [0.25, -0.25]}
							}
						},
						{
							"origin": [-0.28125, 8.09375, -2.78125],
							"size": [0.125, 0.96875, 0.0625],
							"uv": {
								"north": {"uv": [3, 18], "uv_size": [0.25, 1]},
								"east": {"uv": [7, 18], "uv_size": [0.25, 1]},
								"south": {"uv": [0, 19], "uv_size": [0.25, 1]},
								"west": {"uv": [19, 2], "uv_size": [0.25, 1]},
								"up": {"uv": [25, 11], "uv_size": [0.25, 0.25]},
								"down": {"uv": [12, 25.25], "uv_size": [0.25, -0.25]}
							}
						},
						{
							"origin": [0.15625, 8.09375, -2.78125],
							"size": [0.125, 0.96875, 0.0625],
							"uv": {
								"north": {"uv": [0, 20], "uv_size": [0.25, 1]},
								"east": {"uv": [1, 20], "uv_size": [0.25, 1]},
								"south": {"uv": [2, 20], "uv_size": [0.25, 1]},
								"west": {"uv": [20, 2], "uv_size": [0.25, 1]},
								"up": {"uv": [29, 22], "uv_size": [0.25, 0.25]},
								"down": {"uv": [23, 29.25], "uv_size": [0.25, -0.25]}
							}
						},
						{
							"origin": [-0.15625, 8.40625, -2.78125],
							"size": [0.3125, 0.65625, 0.0625],
							"uv": {
								"north": {"uv": [16, 20], "uv_size": [0.25, 0.75]},
								"east": {"uv": [20, 16], "uv_size": [0.25, 0.75]},
								"south": {"uv": [17, 20], "uv_size": [0.25, 0.75]},
								"west": {"uv": [20, 17], "uv_size": [0.25, 0.75]},
								"up": {"uv": [29, 23], "uv_size": [0.25, 0.25]},
								"down": {"uv": [24, 29.25], "uv_size": [0.25, -0.25]}
							}
						}
					]
				},
				{
					"name": "hammer",
					"parent": "upper_main",
					"pivot": [0, 8.45601, 0.70068],
					"cubes": [
						{
							"origin": [-0.125, 8.55529, 0.46698],
							"size": [0.25, 0.4375, 0.15625],
							"pivot": [0, 8.78966, 0.54511],
							"rotation": [-35, 0, 0],
							"uv": {
								"north": {"uv": [23, 11], "uv_size": [0.25, 0.5]},
								"east": {"uv": [12, 23], "uv_size": [0.25, 0.5]},
								"south": {"uv": [23, 12], "uv_size": [0.25, 0.5]},
								"west": {"uv": [13, 23], "uv_size": [0.25, 0.5]},
								"up": {"uv": [1, 28], "uv_size": [0.25, 0.25]},
								"down": {"uv": [28, 1.25], "uv_size": [0.25, -0.25]}
							}
						},
						{
							"origin": [-0.1875, 8.99279, 0.46698],
							"size": [0.375, 0.15625, 0.15625],
							"pivot": [0, 8.78966, 0.54511],
							"rotation": [-35, 0, 0],
							"uv": {
								"north": {"uv": [23, 13], "uv_size": [0.5, 0.25]},
								"east": {"uv": [2, 28], "uv_size": [0.25, 0.25]},
								"south": {"uv": [14, 23], "uv_size": [0.5, 0.25]},
								"west": {"uv": [28, 2], "uv_size": [0.25, 0.25]},
								"up": {"uv": [23, 14], "uv_size": [0.5, 0.25]},
								"down": {"uv": [15, 23.25], "uv_size": [0.5, -0.25]}
							}
						},
						{
							"origin": [-0.1875, 9.01064, 0.69222],
							"size": [0.375, 0.15625, 0.15625],
							"pivot": [0, 9.07314, 0.77034],
							"rotation": [-72.5, 0, 0],
							"uv": {
								"north": {"uv": [23, 15], "uv_size": [0.5, 0.25]},
								"east": {"uv": [9, 28], "uv_size": [0.25, 0.25]},
								"south": {"uv": [16, 23], "uv_size": [0.5, 0.25]},
								"west": {"uv": [28, 9], "uv_size": [0.25, 0.25]},
								"up": {"uv": [23, 16], "uv_size": [0.5, 0.25]},
								"down": {"uv": [17, 23.25], "uv_size": [0.5, -0.25]}
							}
						},
						{
							"origin": [-0.125, 9.16689, 0.69222],
							"size": [0.25, 0.0625, 0.15625],
							"pivot": [0, 9.07314, 0.77034],
							"rotation": [-72.5, 0, 0],
							"uv": {
								"north": {"uv": [10, 28], "uv_size": [0.25, 0.25]},
								"east": {"uv": [28, 10], "uv_size": [0.25, 0.25]},
								"south": {"uv": [11, 28], "uv_size": [0.25, 0.25]},
								"west": {"uv": [28, 11], "uv_size": [0.25, 0.25]},
								"up": {"uv": [12, 28], "uv_size": [0.25, 0.25]},
								"down": {"uv": [28, 12.25], "uv_size": [0.25, -0.25]}
							}
						},
						{
							"origin": [-0.17456, 9.07008, 0.78163],
							"size": [0.0625, 0.088, 0.15625],
							"pivot": [-0.14331, 9.10133, 0.85975],
							"rotation": [-65.96792, 42.406, 16.73634],
							"uv": {
								"north": {"uv": [13, 28], "uv_size": [0.25, 0.25]},
								"east": {"uv": [28, 13], "uv_size": [0.25, 0.25]},
								"south": {"uv": [14, 28], "uv_size": [0.25, 0.25]},
								"west": {"uv": [28, 14], "uv_size": [0.25, 0.25]},
								"up": {"uv": [15, 28], "uv_size": [0.25, 0.25]},
								"down": {"uv": [28, 15.25], "uv_size": [0.25, -0.25]}
							}
						},
						{
							"origin": [0.11206, 9.07008, 0.78163],
							"size": [0.0625, 0.088, 0.15625],
							"pivot": [0.14331, 9.10133, 0.85975],
							"rotation": [-65.96792, -42.406, -16.73634],
							"uv": {
								"north": {"uv": [16, 28], "uv_size": [0.25, 0.25]},
								"east": {"uv": [28, 16], "uv_size": [0.25, 0.25]},
								"south": {"uv": [17, 28], "uv_size": [0.25, 0.25]},
								"west": {"uv": [28, 17], "uv_size": [0.25, 0.25]},
								"up": {"uv": [18, 28], "uv_size": [0.25, 0.25]},
								"down": {"uv": [28, 18.25], "uv_size": [0.25, -0.25]}
							}
						},
						{
							"origin": [0.11206, 8.89355, 0.58349],
							"size": [0.0625, 0.09375, 0.15625],
							"pivot": [0.14331, 8.95605, 0.66162],
							"rotation": [-26.341, 23.92746, 39.32269],
							"uv": {
								"north": {"uv": [3, 28], "uv_size": [0.25, 0.25]},
								"east": {"uv": [28, 3], "uv_size": [0.25, 0.25]},
								"south": {"uv": [4, 28], "uv_size": [0.25, 0.25]},
								"west": {"uv": [28, 4], "uv_size": [0.25, 0.25]},
								"up": {"uv": [5, 28], "uv_size": [0.25, 0.25]},
								"down": {"uv": [28, 5.25], "uv_size": [0.25, -0.25]}
							}
						},
						{
							"origin": [-0.17456, 8.89355, 0.58349],
							"size": [0.0625, 0.09375, 0.15625],
							"pivot": [-0.14331, 8.95605, 0.66162],
							"rotation": [-26.341, -23.92746, -39.32269],
							"uv": {
								"north": {"uv": [6, 28], "uv_size": [0.25, 0.25]},
								"east": {"uv": [28, 6], "uv_size": [0.25, 0.25]},
								"south": {"uv": [7, 28], "uv_size": [0.25, 0.25]},
								"west": {"uv": [28, 7], "uv_size": [0.25, 0.25]},
								"up": {"uv": [8, 28], "uv_size": [0.25, 0.25]},
								"down": {"uv": [28, 8.25], "uv_size": [0.25, -0.25]}
							}
						},
						{
							"origin": [-0.125, 8.42779, 0.46801],
							"size": [0.25, 0.21875, 0.15625],
							"pivot": [0, 8.59966, 0.56176],
							"rotation": [52.5, 0, 0],
							"uv": {
								"north": {"uv": [19, 28], "uv_size": [0.25, 0.25]},
								"east": {"uv": [28, 19], "uv_size": [0.25, 0.25]},
								"south": {"uv": [20, 28], "uv_size": [0.25, 0.25]},
								"west": {"uv": [28, 20], "uv_size": [0.25, 0.25]},
								"up": {"uv": [21, 28], "uv_size": [0.25, 0.25]},
								"down": {"uv": [28, 21.25], "uv_size": [0.25, -0.25]}
							}
						},
						{
							"origin": [-0.125, 8.72356, 0.41813],
							"size": [0.25, 0.28125, 0.09375],
							"pivot": [0, 8.84856, 0.43375],
							"rotation": [-57.5, 0, 0],
							"uv": {
								"north": {"uv": [25, 28], "uv_size": [0.25, 0.25]},
								"east": {"uv": [28, 25], "uv_size": [0.25, 0.25]},
								"south": {"uv": [26, 28], "uv_size": [0.25, 0.25]},
								"west": {"uv": [28, 26], "uv_size": [0.25, 0.25]},
								"up": {"uv": [27, 28], "uv_size": [0.25, 0.25]},
								"down": {"uv": [28, 27.25], "uv_size": [0.25, -0.25]}
							}
						},
						{
							"origin": [-0.125, 8.64282, 0.23825],
							"size": [0.25, 0.15625, 0.15625],
							"pivot": [0, 8.73657, 0.332],
							"rotation": [75, 0, 0],
							"uv": {
								"north": {"uv": [22, 28], "uv_size": [0.25, 0.25]},
								"east": {"uv": [28, 22], "uv_size": [0.25, 0.25]},
								"south": {"uv": [23, 28], "uv_size": [0.25, 0.25]},
								"west": {"uv": [28, 23], "uv_size": [0.25, 0.25]},
								"up": {"uv": [24, 28], "uv_size": [0.25, 0.25]},
								"down": {"uv": [28, 24.25], "uv_size": [0.25, -0.25]}
							}
						},
						{
							"origin": [-0.125, 8.59926, 0.18808],
							"size": [0.25, 0.3125, 0.15625],
							"pivot": [0, 8.69301, 0.26621],
							"rotation": [130, 0, 0],
							"uv": {
								"north": {"uv": [22, 28], "uv_size": [0.25, 0.25]},
								"east": {"uv": [28, 22], "uv_size": [0.25, 0.25]},
								"south": {"uv": [23, 28], "uv_size": [0.25, 0.25]},
								"west": {"uv": [28, 23], "uv_size": [0.25, 0.25]},
								"up": {"uv": [24, 28], "uv_size": [0.25, 0.25]},
								"down": {"uv": [28, 24.25], "uv_size": [0.25, -0.25]}
							}
						}
					]
				},
				{
					"name": "qianguan",
					"parent": "upper",
					"pivot": [0, 8.65625, -2.875],
					"cubes": [
						{
							"origin": [-0.09061, 8.4375, -2.96875],
							"size": [0.18122, 0.09375, 0.1875],
							"pivot": [0, 8.65625, -3.78125],
							"rotation": [0, 0, 45],
							"uv": {
								"north": {"uv": [31, 1], "uv_size": [0.25, 0.25]},
								"east": {"uv": [2, 31], "uv_size": [0.25, 0.25]},
								"south": {"uv": [31, 2], "uv_size": [0.25, 0.25]},
								"west": {"uv": [3, 31], "uv_size": [0.25, 0.25]},
								"up": {"uv": [31, 3], "uv_size": [0.25, 0.25]},
								"down": {"uv": [4, 31.25], "uv_size": [0.25, -0.25]}
							}
						},
						{
							"origin": [-0.09061, 8.78125, -2.96875],
							"size": [0.18122, 0.09375, 0.1875],
							"uv": {
								"north": {"uv": [31, 4], "uv_size": [0.25, 0.25]},
								"east": {"uv": [5, 31], "uv_size": [0.25, 0.25]},
								"south": {"uv": [31, 5], "uv_size": [0.25, 0.25]},
								"west": {"uv": [6, 31], "uv_size": [0.25, 0.25]},
								"up": {"uv": [31, 6], "uv_size": [0.25, 0.25]},
								"down": {"uv": [7, 31.25], "uv_size": [0.25, -0.25]}
							}
						},
						{
							"origin": [-0.09061, 8.4375, -2.96875],
							"size": [0.18122, 0.09375, 0.1875],
							"uv": {
								"north": {"uv": [31, 7], "uv_size": [0.25, 0.25]},
								"east": {"uv": [8, 31], "uv_size": [0.25, 0.25]},
								"south": {"uv": [31, 8], "uv_size": [0.25, 0.25]},
								"west": {"uv": [9, 31], "uv_size": [0.25, 0.25]},
								"up": {"uv": [31, 9], "uv_size": [0.25, 0.25]},
								"down": {"uv": [10, 31.25], "uv_size": [0.25, -0.25]}
							}
						},
						{
							"origin": [-0.21875, 8.56564, -2.96875],
							"size": [0.09375, 0.18122, 0.1875],
							"pivot": [0, 8.65625, -3.78125],
							"rotation": [0, 0, 45],
							"uv": {
								"north": {"uv": [31, 10], "uv_size": [0.25, 0.25]},
								"east": {"uv": [11, 31], "uv_size": [0.25, 0.25]},
								"south": {"uv": [31, 11], "uv_size": [0.25, 0.25]},
								"west": {"uv": [12, 31], "uv_size": [0.25, 0.25]},
								"up": {"uv": [31, 12], "uv_size": [0.25, 0.25]},
								"down": {"uv": [13, 31.25], "uv_size": [0.25, -0.25]}
							}
						},
						{
							"origin": [-0.09061, 8.4375, -2.96875],
							"size": [0.18122, 0.09375, 0.1875],
							"pivot": [0, 8.65625, -3.78125],
							"rotation": [0, 0, -45],
							"uv": {
								"north": {"uv": [31, 13], "uv_size": [0.25, 0.25]},
								"east": {"uv": [14, 31], "uv_size": [0.25, 0.25]},
								"south": {"uv": [31, 14], "uv_size": [0.25, 0.25]},
								"west": {"uv": [15, 31], "uv_size": [0.25, 0.25]},
								"up": {"uv": [31, 15], "uv_size": [0.25, 0.25]},
								"down": {"uv": [16, 31.25], "uv_size": [0.25, -0.25]}
							}
						},
						{
							"origin": [0.125, 8.56564, -2.96875],
							"size": [0.09375, 0.18122, 0.1875],
							"uv": {
								"north": {"uv": [31, 16], "uv_size": [0.25, 0.25]},
								"east": {"uv": [17, 31], "uv_size": [0.25, 0.25]},
								"south": {"uv": [31, 17], "uv_size": [0.25, 0.25]},
								"west": {"uv": [18, 31], "uv_size": [0.25, 0.25]},
								"up": {"uv": [31, 18], "uv_size": [0.25, 0.25]},
								"down": {"uv": [19, 31.25], "uv_size": [0.25, -0.25]}
							}
						},
						{
							"origin": [0.125, 8.56564, -2.96875],
							"size": [0.09375, 0.18122, 0.1875],
							"pivot": [0, 8.65625, -3.78125],
							"rotation": [0, 0, -45],
							"uv": {
								"north": {"uv": [31, 19], "uv_size": [0.25, 0.25]},
								"east": {"uv": [20, 31], "uv_size": [0.25, 0.25]},
								"south": {"uv": [31, 20], "uv_size": [0.25, 0.25]},
								"west": {"uv": [21, 31], "uv_size": [0.25, 0.25]},
								"up": {"uv": [31, 21], "uv_size": [0.25, 0.25]},
								"down": {"uv": [22, 31.25], "uv_size": [0.25, -0.25]}
							}
						},
						{
							"origin": [-0.21875, 8.56564, -2.96875],
							"size": [0.09375, 0.18122, 0.1875],
							"uv": {
								"north": {"uv": [31, 22], "uv_size": [0.25, 0.25]},
								"east": {"uv": [23, 31], "uv_size": [0.25, 0.25]},
								"south": {"uv": [31, 23], "uv_size": [0.25, 0.25]},
								"west": {"uv": [24, 31], "uv_size": [0.25, 0.25]},
								"up": {"uv": [31, 24], "uv_size": [0.25, 0.25]},
								"down": {"uv": [25, 31.25], "uv_size": [0.25, -0.25]}
							}
						}
					]
				},
				{
					"name": "lower",
					"parent": "switch_gun",
					"pivot": [0, 7.18755, 1.2188],
					"cubes": [
						{
							"origin": [-0.59375, 7, 1.03125],
							"size": [1.1875, 0.375, 0.375],
							"pivot": [0, 7.1875, 1.21875],
							"rotation": [45, 0, 0],
							"uv": {
								"north": {"uv": [14, 14], "uv_size": [1.25, 0.5]},
								"east": {"uv": [6, 20], "uv_size": [0.5, 0.5]},
								"south": {"uv": [15, 0], "uv_size": [1.25, 0.5]},
								"west": {"uv": [20, 6], "uv_size": [0.5, 0.5]},
								"up": {"uv": [15, 1], "uv_size": [1.25, 0.5]},
								"down": {"uv": [3, 15.5], "uv_size": [1.25, -0.5]}
							}
						}
					]
				},
				{
					"name": "xia",
					"parent": "lower",
					"pivot": [0, 5.80975, 2.05161],
					"rotation": [105, 0, 0],
					"cubes": [
						{
							"origin": [0.53125, 5.78125, 2.96875],
							"size": [0.0625, 0.25, 0.46875],
							"uv": {
								"north": {"uv": [26, 30], "uv_size": [0.25, 0.25]},
								"east": {"uv": [25, 5], "uv_size": [0.5, 0.25]},
								"south": {"uv": [30, 26], "uv_size": [0.25, 0.25]},
								"west": {"uv": [6, 25], "uv_size": [0.5, 0.25]},
								"up": {"uv": [25, 6], "uv_size": [0.25, 0.5]},
								"down": {"uv": [7, 25.5], "uv_size": [0.25, -0.5]}
							}
						},
						{
							"origin": [0.59375, 5.78125, 3.375],
							"size": [0.03125, 0.25, 0.03125],
							"uv": {
								"north": {"uv": [31, 26], "uv_size": [0.25, 0.25]},
								"east": {"uv": [27, 31], "uv_size": [0.25, 0.25]},
								"south": {"uv": [31, 27], "uv_size": [0.25, 0.25]},
								"west": {"uv": [28, 31], "uv_size": [0.25, 0.25]},
								"up": {"uv": [31, 28], "uv_size": [0.25, 0.25]},
								"down": {"uv": [29, 31.25], "uv_size": [0.25, -0.25]}
							}
						},
						{
							"origin": [0.59375, 5.78125, 3.3125],
							"size": [0.03125, 0.25, 0.03125],
							"uv": {
								"north": {"uv": [31, 29], "uv_size": [0.25, 0.25]},
								"east": {"uv": [30, 31], "uv_size": [0.25, 0.25]},
								"south": {"uv": [31, 30], "uv_size": [0.25, 0.25]},
								"west": {"uv": [31, 31], "uv_size": [0.25, 0.25]},
								"up": {"uv": [0, 32], "uv_size": [0.25, 0.25]},
								"down": {"uv": [32, 0.25], "uv_size": [0.25, -0.25]}
							}
						},
						{
							"origin": [0.59375, 5.78125, 3.25],
							"size": [0.03125, 0.25, 0.03125],
							"uv": {
								"north": {"uv": [1, 32], "uv_size": [0.25, 0.25]},
								"east": {"uv": [32, 1], "uv_size": [0.25, 0.25]},
								"south": {"uv": [2, 32], "uv_size": [0.25, 0.25]},
								"west": {"uv": [32, 2], "uv_size": [0.25, 0.25]},
								"up": {"uv": [3, 32], "uv_size": [0.25, 0.25]},
								"down": {"uv": [32, 3.25], "uv_size": [0.25, -0.25]}
							}
						},
						{
							"origin": [0.59375, 5.78125, 3.1875],
							"size": [0.03125, 0.25, 0.03125],
							"uv": {
								"north": {"uv": [4, 32], "uv_size": [0.25, 0.25]},
								"east": {"uv": [32, 4], "uv_size": [0.25, 0.25]},
								"south": {"uv": [5, 32], "uv_size": [0.25, 0.25]},
								"west": {"uv": [32, 5], "uv_size": [0.25, 0.25]},
								"up": {"uv": [6, 32], "uv_size": [0.25, 0.25]},
								"down": {"uv": [32, 6.25], "uv_size": [0.25, -0.25]}
							}
						},
						{
							"origin": [0.59375, 5.78125, 3.125],
							"size": [0.03125, 0.25, 0.03125],
							"uv": {
								"north": {"uv": [7, 32], "uv_size": [0.25, 0.25]},
								"east": {"uv": [32, 7], "uv_size": [0.25, 0.25]},
								"south": {"uv": [8, 32], "uv_size": [0.25, 0.25]},
								"west": {"uv": [32, 8], "uv_size": [0.25, 0.25]},
								"up": {"uv": [9, 32], "uv_size": [0.25, 0.25]},
								"down": {"uv": [32, 9.25], "uv_size": [0.25, -0.25]}
							}
						},
						{
							"origin": [0.59375, 5.78125, 3.0625],
							"size": [0.03125, 0.25, 0.03125],
							"uv": {
								"north": {"uv": [10, 32], "uv_size": [0.25, 0.25]},
								"east": {"uv": [32, 10], "uv_size": [0.25, 0.25]},
								"south": {"uv": [11, 32], "uv_size": [0.25, 0.25]},
								"west": {"uv": [32, 11], "uv_size": [0.25, 0.25]},
								"up": {"uv": [12, 32], "uv_size": [0.25, 0.25]},
								"down": {"uv": [32, 12.25], "uv_size": [0.25, -0.25]}
							}
						},
						{
							"origin": [0.59375, 5.78125, 3],
							"size": [0.03125, 0.25, 0.03125],
							"uv": {
								"north": {"uv": [13, 32], "uv_size": [0.25, 0.25]},
								"east": {"uv": [32, 13], "uv_size": [0.25, 0.25]},
								"south": {"uv": [14, 32], "uv_size": [0.25, 0.25]},
								"west": {"uv": [32, 14], "uv_size": [0.25, 0.25]},
								"up": {"uv": [15, 32], "uv_size": [0.25, 0.25]},
								"down": {"uv": [32, 15.25], "uv_size": [0.25, -0.25]}
							}
						},
						{
							"origin": [0.5075, 5.75, 2.8125],
							"size": [0.0625, 0.3125, 0.65625],
							"uv": {
								"north": {"uv": [31, 25], "uv_size": [0.25, 0.25]},
								"east": {"uv": [20, 20], "uv_size": [0.75, 0.25]},
								"south": {"uv": [26, 31], "uv_size": [0.25, 0.25]},
								"west": {"uv": [0, 21], "uv_size": [0.75, 0.25]},
								"up": {"uv": [21, 0], "uv_size": [0.25, 0.75]},
								"down": {"uv": [1, 21.75], "uv_size": [0.25, -0.75]}
							}
						},
						{
							"origin": [-0.57812, 5.43738, 2.44552],
							"size": [1.15625, 0.25, 0.25],
							"pivot": [-0.01562, 5.56238, 2.57052],
							"rotation": [30, 0, 0],
							"uv": {
								"north": {"uv": [18, 4], "uv_size": [1.25, 0.25]},
								"east": {"uv": [27, 30], "uv_size": [0.25, 0.25]},
								"south": {"uv": [5, 18], "uv_size": [1.25, 0.25]},
								"west": {"uv": [30, 27], "uv_size": [0.25, 0.25]},
								"up": {"uv": [18, 5], "uv_size": [1.25, 0.25]},
								"down": {"uv": [18, 6.25], "uv_size": [1.25, -0.25]}
							}
						},
						{
							"origin": [-0.57812, 6.1328, 1.66129],
							"size": [1.15625, 0.25, 0.25],
							"pivot": [-0.01562, 6.2578, 1.78629],
							"rotation": [30, 0, 0],
							"uv": {
								"north": {"uv": [18, 7], "uv_size": [1.25, 0.25]},
								"east": {"uv": [28, 30], "uv_size": [0.25, 0.25]},
								"south": {"uv": [18, 8], "uv_size": [1.25, 0.25]},
								"west": {"uv": [30, 28], "uv_size": [0.25, 0.25]},
								"up": {"uv": [9, 18], "uv_size": [1.25, 0.25]},
								"down": {"uv": [11, 18.25], "uv_size": [1.25, -0.25]}
							}
						},
						{
							"origin": [-0.57812, 6.30223, -0.29916],
							"size": [1.15625, 0.25, 0.25],
							"pivot": [-0.01562, 6.42723, -0.17416],
							"rotation": [30, 0, 0],
							"uv": {
								"north": {"uv": [18, 11], "uv_size": [1.25, 0.25]},
								"east": {"uv": [29, 30], "uv_size": [0.25, 0.25]},
								"south": {"uv": [18, 12], "uv_size": [1.25, 0.25]},
								"west": {"uv": [30, 29], "uv_size": [0.25, 0.25]},
								"up": {"uv": [13, 18], "uv_size": [1.25, 0.25]},
								"down": {"uv": [18, 15.25], "uv_size": [1.25, -0.25]}
							}
						},
						{
							"origin": [-0.57812, 5.46672, -0.19951],
							"size": [1.15625, 0.25, 0.25],
							"pivot": [-0.01562, 5.59172, -0.07451],
							"rotation": [30, 0, 0],
							"uv": {
								"north": {"uv": [16, 18], "uv_size": [1.25, 0.25]},
								"east": {"uv": [30, 30], "uv_size": [0.25, 0.25]},
								"south": {"uv": [18, 18], "uv_size": [1.25, 0.25]},
								"west": {"uv": [0, 31], "uv_size": [0.25, 0.25]},
								"up": {"uv": [19, 0], "uv_size": [1.25, 0.25]},
								"down": {"uv": [19, 1.25], "uv_size": [1.25, -0.25]}
							}
						}
					]
				},
				{
					"name": "bone3",
					"parent": "xia",
					"pivot": [0, 5.64768, -0.15262],
					"cubes": [
						{
							"origin": [-0.5625, 5.63787, -0.38589],
							"size": [0.28125, 0.96875, 4.875],
							"uv": {
								"north": {"uv": [19, 10], "uv_size": [0.25, 1]},
								"east": {"uv": [0, 0], "uv_size": [5, 1]},
								"south": {"uv": [11, 19], "uv_size": [0.25, 1]},
								"west": {"uv": [0, 1], "uv_size": [5, 1]},
								"up": {"uv": [8, 5], "uv_size": [0.25, 5]},
								"down": {"uv": [6, 13], "uv_size": [0.25, -5]}
							}
						},
						{
							"origin": [0.28125, 5.63787, -0.38589],
							"size": [0.28125, 0.96875, 4.875],
							"uv": {
								"north": {"uv": [12, 19], "uv_size": [0.25, 1]},
								"east": {"uv": [0, 2], "uv_size": [5, 1]},
								"south": {"uv": [13, 19], "uv_size": [0.25, 1]},
								"west": {"uv": [0, 3], "uv_size": [5, 1]},
								"up": {"uv": [7, 8], "uv_size": [0.25, 5]},
								"down": {"uv": [0, 14], "uv_size": [0.25, -5]}
							}
						},
						{
							"origin": [-0.28125, 5.63787, -0.38589],
							"size": [0.5625, 0.96875, 0.34375],
							"uv": {
								"north": {"uv": [8, 15], "uv_size": [0.5, 1]},
								"east": {"uv": [19, 14], "uv_size": [0.25, 1]},
								"south": {"uv": [15, 8], "uv_size": [0.5, 1]},
								"west": {"uv": [15, 19], "uv_size": [0.25, 1]},
								"up": {"uv": [14, 22], "uv_size": [0.5, 0.25]},
								"down": {"uv": [22, 14.25], "uv_size": [0.5, -0.25]}
							}
						},
						{
							"origin": [-0.5625, 6.60662, -0.38589],
							"size": [0.28125, 0.15625, 0.4375],
							"uv": {
								"north": {"uv": [10, 26], "uv_size": [0.25, 0.25]},
								"east": {"uv": [4, 22], "uv_size": [0.5, 0.25]},
								"south": {"uv": [26, 10], "uv_size": [0.25, 0.25]},
								"west": {"uv": [22, 4], "uv_size": [0.5, 0.25]},
								"up": {"uv": [5, 22], "uv_size": [0.25, 0.5]},
								"down": {"uv": [22, 5.5], "uv_size": [0.25, -0.5]}
							}
						},
						{
							"origin": [0.28125, 6.60662, -0.38589],
							"size": [0.28125, 0.15625, 0.4375],
							"uv": {
								"north": {"uv": [25, 26], "uv_size": [0.25, 0.25]},
								"east": {"uv": [10, 22], "uv_size": [0.5, 0.25]},
								"south": {"uv": [26, 25], "uv_size": [0.25, 0.25]},
								"west": {"uv": [22, 10], "uv_size": [0.5, 0.25]},
								"up": {"uv": [11, 22], "uv_size": [0.25, 0.5]},
								"down": {"uv": [22, 11.5], "uv_size": [0.25, -0.5]}
							}
						},
						{
							"origin": [-0.5625, 6.76287, -0.29214],
							"size": [0.28125, 0.09375, 0.25],
							"uv": {
								"north": {"uv": [11, 26], "uv_size": [0.25, 0.25]},
								"east": {"uv": [26, 11], "uv_size": [0.25, 0.25]},
								"south": {"uv": [12, 26], "uv_size": [0.25, 0.25]},
								"west": {"uv": [26, 12], "uv_size": [0.25, 0.25]},
								"up": {"uv": [13, 26], "uv_size": [0.25, 0.25]},
								"down": {"uv": [26, 13.25], "uv_size": [0.25, -0.25]}
							}
						},
						{
							"origin": [-0.5625, 6.7381, -0.37562],
							"size": [0.28125, 0.09375, 0.132],
							"inflate": 0.0001,
							"pivot": [0, 6.78497, -0.2975],
							"rotation": [45, 0, 0],
							"uv": {
								"north": {"uv": [14, 26], "uv_size": [0.25, 0.25]},
								"east": {"uv": [26, 14], "uv_size": [0.25, 0.25]},
								"south": {"uv": [15, 26], "uv_size": [0.25, 0.25]},
								"west": {"uv": [26, 15], "uv_size": [0.25, 0.25]},
								"up": {"uv": [16, 26], "uv_size": [0.25, 0.25]},
								"down": {"uv": [26, 16.25], "uv_size": [0.25, -0.25]}
							}
						},
						{
							"origin": [-0.5625, 6.69011, -0.09816],
							"size": [0.28125, 0.125, 0.382],
							"inflate": -0.0001,
							"pivot": [0, 6.76824, -0.02004],
							"rotation": [-45, 0, 0],
							"uv": {
								"north": {"uv": [17, 26], "uv_size": [0.25, 0.25]},
								"east": {"uv": [6, 22], "uv_size": [0.5, 0.25]},
								"south": {"uv": [26, 17], "uv_size": [0.25, 0.25]},
								"west": {"uv": [22, 6], "uv_size": [0.5, 0.25]},
								"up": {"uv": [7, 22], "uv_size": [0.25, 0.5]},
								"down": {"uv": [22, 7.5], "uv_size": [0.25, -0.5]}
							}
						},
						{
							"origin": [0.28125, 6.7381, -0.37562],
							"size": [0.28125, 0.09375, 0.132],
							"inflate": 0.0001,
							"pivot": [0, 6.78497, -0.2975],
							"rotation": [45, 0, 0],
							"uv": {
								"north": {"uv": [22, 26], "uv_size": [0.25, 0.25]},
								"east": {"uv": [26, 22], "uv_size": [0.25, 0.25]},
								"south": {"uv": [23, 26], "uv_size": [0.25, 0.25]},
								"west": {"uv": [26, 23], "uv_size": [0.25, 0.25]},
								"up": {"uv": [24, 26], "uv_size": [0.25, 0.25]},
								"down": {"uv": [26, 24.25], "uv_size": [0.25, -0.25]}
							}
						},
						{
							"origin": [0.28125, 6.76287, -0.29214],
							"size": [0.28125, 0.09375, 0.25],
							"uv": {
								"north": {"uv": [19, 26], "uv_size": [0.25, 0.25]},
								"east": {"uv": [26, 19], "uv_size": [0.25, 0.25]},
								"south": {"uv": [20, 26], "uv_size": [0.25, 0.25]},
								"west": {"uv": [26, 20], "uv_size": [0.25, 0.25]},
								"up": {"uv": [21, 26], "uv_size": [0.25, 0.25]},
								"down": {"uv": [26, 21.25], "uv_size": [0.25, -0.25]}
							}
						},
						{
							"origin": [0.28125, 6.69011, -0.09816],
							"size": [0.28125, 0.125, 0.382],
							"inflate": -0.0001,
							"pivot": [0, 6.76824, -0.02004],
							"rotation": [-45, 0, 0],
							"uv": {
								"north": {"uv": [18, 26], "uv_size": [0.25, 0.25]},
								"east": {"uv": [8, 22], "uv_size": [0.5, 0.25]},
								"south": {"uv": [26, 18], "uv_size": [0.25, 0.25]},
								"west": {"uv": [22, 8], "uv_size": [0.5, 0.25]},
								"up": {"uv": [9, 22], "uv_size": [0.25, 0.5]},
								"down": {"uv": [22, 9.5], "uv_size": [0.25, -0.5]}
							}
						},
						{
							"origin": [0.28125, 6.60662, 3.52036],
							"size": [0.28125, 0.59375, 0.96875],
							"inflate": -0.0002,
							"uv": {
								"north": {"uv": [12, 22], "uv_size": [0.25, 0.5]},
								"east": {"uv": [15, 6], "uv_size": [1, 0.5]},
								"south": {"uv": [22, 12], "uv_size": [0.25, 0.5]},
								"west": {"uv": [15, 7], "uv_size": [1, 0.5]},
								"up": {"uv": [19, 13], "uv_size": [0.25, 1]},
								"down": {"uv": [14, 20], "uv_size": [0.25, -1]}
							}
						},
						{
							"origin": [-0.5625, 6.60662, 3.52036],
							"size": [0.28125, 0.59375, 0.96875],
							"inflate": -0.0002,
							"uv": {
								"north": {"uv": [23, 8], "uv_size": [0.25, 0.5]},
								"east": {"uv": [9, 15], "uv_size": [1, 0.5]},
								"south": {"uv": [9, 23], "uv_size": [0.25, 0.5]},
								"west": {"uv": [15, 9], "uv_size": [1, 0.5]},
								"up": {"uv": [18, 19], "uv_size": [0.25, 1]},
								"down": {"uv": [19, 20], "uv_size": [0.25, -1]}
							}
						},
						{
							"origin": [0.28125, 7.25505, 3.57652],
							"size": [0.28125, 0.25, 0.09375],
							"pivot": [0, 7.42693, 3.92027],
							"rotation": [-15, 0, 0],
							"uv": {
								"north": {"uv": [27, 16], "uv_size": [0.25, 0.25]},
								"east": {"uv": [17, 27], "uv_size": [0.25, 0.25]},
								"south": {"uv": [27, 17], "uv_size": [0.25, 0.25]},
								"west": {"uv": [18, 27], "uv_size": [0.25, 0.25]},
								"up": {"uv": [27, 18], "uv_size": [0.25, 0.25]},
								"down": {"uv": [19, 27.25], "uv_size": [0.25, -0.25]}
							}
						},
						{
							"origin": [0.28125, 7.54295, 3.62143],
							"size": [0.28125, 0.09375, 0.132],
							"inflate": -0.0001,
							"pivot": [0, 7.58982, 3.69955],
							"rotation": [30, 0, 0],
							"uv": {
								"north": {"uv": [27, 13], "uv_size": [0.25, 0.25]},
								"east": {"uv": [14, 27], "uv_size": [0.25, 0.25]},
								"south": {"uv": [27, 14], "uv_size": [0.25, 0.25]},
								"west": {"uv": [15, 27], "uv_size": [0.25, 0.25]},
								"up": {"uv": [27, 15], "uv_size": [0.25, 0.25]},
								"down": {"uv": [16, 27.25], "uv_size": [0.25, -0.25]}
							}
						},
						{
							"origin": [0.28125, 7.14594, 3.6719],
							"size": [0.28125, 0.46875, 0.4375],
							"pivot": [0, 7.44281, 3.8594],
							"rotation": [-15, 0, 0],
							"uv": {
								"north": {"uv": [21, 22], "uv_size": [0.25, 0.5]},
								"east": {"uv": [16, 19], "uv_size": [0.5, 0.5]},
								"south": {"uv": [22, 21], "uv_size": [0.25, 0.5]},
								"west": {"uv": [19, 16], "uv_size": [0.5, 0.5]},
								"up": {"uv": [22, 22], "uv_size": [0.25, 0.5]},
								"down": {"uv": [0, 23.5], "uv_size": [0.25, -0.5]}
							}
						},
						{
							"origin": [0.28125, 7.0187, 3.92772],
							"size": [0.28125, 0.34375, 0.485],
							"inflate": 0.0001,
							"pivot": [0, 7.19057, 4.25585],
							"rotation": [-45, 0, 0],
							"uv": {
								"north": {"uv": [27, 19], "uv_size": [0.25, 0.25]},
								"east": {"uv": [23, 1], "uv_size": [0.5, 0.25]},
								"south": {"uv": [20, 27], "uv_size": [0.25, 0.25]},
								"west": {"uv": [2, 23], "uv_size": [0.5, 0.25]},
								"up": {"uv": [23, 2], "uv_size": [0.25, 0.5]},
								"down": {"uv": [3, 23.5], "uv_size": [0.25, -0.5]}
							}
						},
						{
							"origin": [-0.5625, 7.54295, 3.62143],
							"size": [0.28125, 0.09375, 0.132],
							"inflate": -0.0001,
							"pivot": [0, 7.58982, 3.69955],
							"rotation": [30, 0, 0],
							"uv": {
								"north": {"uv": [27, 24], "uv_size": [0.25, 0.25]},
								"east": {"uv": [25, 27], "uv_size": [0.25, 0.25]},
								"south": {"uv": [27, 25], "uv_size": [0.25, 0.25]},
								"west": {"uv": [26, 27], "uv_size": [0.25, 0.25]},
								"up": {"uv": [27, 26], "uv_size": [0.25, 0.25]},
								"down": {"uv": [27, 27.25], "uv_size": [0.25, -0.25]}
							}
						},
						{
							"origin": [-0.5625, 7.25505, 3.57652],
							"size": [0.28125, 0.25, 0.09375],
							"pivot": [0, 7.42693, 3.92027],
							"rotation": [-15, 0, 0],
							"uv": {
								"north": {"uv": [27, 21], "uv_size": [0.25, 0.25]},
								"east": {"uv": [22, 27], "uv_size": [0.25, 0.25]},
								"south": {"uv": [27, 22], "uv_size": [0.25, 0.25]},
								"west": {"uv": [23, 27], "uv_size": [0.25, 0.25]},
								"up": {"uv": [27, 23], "uv_size": [0.25, 0.25]},
								"down": {"uv": [24, 27.25], "uv_size": [0.25, -0.25]}
							}
						},
						{
							"origin": [-0.5625, 7.14594, 3.6719],
							"size": [0.28125, 0.46875, 0.4375],
							"pivot": [0, 7.44281, 3.8594],
							"rotation": [-15, 0, 0],
							"uv": {
								"north": {"uv": [23, 5], "uv_size": [0.25, 0.5]},
								"east": {"uv": [17, 19], "uv_size": [0.5, 0.5]},
								"south": {"uv": [6, 23], "uv_size": [0.25, 0.5]},
								"west": {"uv": [19, 17], "uv_size": [0.5, 0.5]},
								"up": {"uv": [23, 6], "uv_size": [0.25, 0.5]},
								"down": {"uv": [7, 23.5], "uv_size": [0.25, -0.5]}
							}
						},
						{
							"origin": [-0.5625, 7.0187, 3.92772],
							"size": [0.28125, 0.34375, 0.485],
							"inflate": 0.0001,
							"pivot": [0, 7.19057, 4.25585],
							"rotation": [-45, 0, 0],
							"uv": {
								"north": {"uv": [27, 20], "uv_size": [0.25, 0.25]},
								"east": {"uv": [23, 3], "uv_size": [0.5, 0.25]},
								"south": {"uv": [21, 27], "uv_size": [0.25, 0.25]},
								"west": {"uv": [4, 23], "uv_size": [0.5, 0.25]},
								"up": {"uv": [23, 4], "uv_size": [0.25, 0.5]},
								"down": {"uv": [5, 23.5], "uv_size": [0.25, -0.5]}
							}
						},
						{
							"origin": [0.28125, 7.09837, 2.68927],
							"size": [0.28125, 0.46875, 1.1725],
							"inflate": -0.0001,
							"pivot": [0.42188, 7.34837, 3.71302],
							"rotation": [57.5, 0, 0],
							"uv": {
								"north": {"uv": [23, 0], "uv_size": [0.25, 0.5]},
								"east": {"uv": [13, 9], "uv_size": [1.25, 0.5]},
								"south": {"uv": [1, 23], "uv_size": [0.25, 0.5]},
								"west": {"uv": [13, 10], "uv_size": [1.25, 0.5]},
								"up": {"uv": [18, 0], "uv_size": [0.25, 1.25]},
								"down": {"uv": [1, 19.25], "uv_size": [0.25, -1.25]}
							}
						},
						{
							"origin": [-0.5625, 7.09837, 2.68927],
							"size": [0.28125, 0.46875, 1.1725],
							"inflate": -0.0001,
							"pivot": [-0.42187, 7.34837, 3.71302],
							"rotation": [57.5, 0, 0],
							"uv": {
								"north": {"uv": [23, 7], "uv_size": [0.25, 0.5]},
								"east": {"uv": [13, 11], "uv_size": [1.25, 0.5]},
								"south": {"uv": [8, 23], "uv_size": [0.25, 0.5]},
								"west": {"uv": [13, 12], "uv_size": [1.25, 0.5]},
								"up": {"uv": [2, 18], "uv_size": [0.25, 1.25]},
								"down": {"uv": [18, 3.25], "uv_size": [0.25, -1.25]}
							}
						},
						{
							"origin": [-0.5625, 5.29412, -0.04214],
							"size": [1.125, 0.34375, 3.375],
							"uv": {
								"north": {"uv": [11, 17], "uv_size": [1.25, 0.25]},
								"east": {"uv": [9, 3], "uv_size": [3.5, 0.25]},
								"south": {"uv": [13, 17], "uv_size": [1.25, 0.25]},
								"west": {"uv": [9, 5], "uv_size": [3.5, 0.25]},
								"up": {"uv": [0, 4], "uv_size": [1.25, 3.5]},
								"down": {"uv": [2, 7.5], "uv_size": [1.25, -3.5]}
							}
						},
						{
							"origin": [0.28125, 5.29412, 3.33286],
							"size": [0.28125, 0.34375, 0.8125],
							"uv": {
								"north": {"uv": [26, 26], "uv_size": [0.25, 0.25]},
								"east": {"uv": [9, 20], "uv_size": [0.75, 0.25]},
								"south": {"uv": [0, 27], "uv_size": [0.25, 0.25]},
								"west": {"uv": [20, 9], "uv_size": [0.75, 0.25]},
								"up": {"uv": [10, 20], "uv_size": [0.25, 0.75]},
								"down": {"uv": [20, 10.75], "uv_size": [0.25, -0.75]}
							}
						},
						{
							"origin": [-0.5625, 5.29412, 3.33286],
							"size": [0.28125, 0.34375, 0.8125],
							"uv": {
								"north": {"uv": [27, 0], "uv_size": [0.25, 0.25]},
								"east": {"uv": [11, 20], "uv_size": [0.75, 0.25]},
								"south": {"uv": [1, 27], "uv_size": [0.25, 0.25]},
								"west": {"uv": [20, 11], "uv_size": [0.75, 0.25]},
								"up": {"uv": [12, 20], "uv_size": [0.25, 0.75]},
								"down": {"uv": [20, 12.75], "uv_size": [0.25, -0.75]}
							}
						},
						{
							"origin": [-0.5625, 5.4758, 3.92772],
							"size": [1.125, 0.25, 0.485],
							"inflate": -0.0001,
							"pivot": [0, 5.64768, 4.25585],
							"rotation": [45, 0, 0],
							"uv": {
								"north": {"uv": [17, 13], "uv_size": [1.25, 0.25]},
								"east": {"uv": [2, 22], "uv_size": [0.5, 0.25]},
								"south": {"uv": [17, 14], "uv_size": [1.25, 0.25]},
								"west": {"uv": [22, 2], "uv_size": [0.5, 0.25]},
								"up": {"uv": [13, 5], "uv_size": [1.25, 0.5]},
								"down": {"uv": [6, 13.5], "uv_size": [1.25, -0.5]}
							}
						},
						{
							"origin": [-0.5625, 5.4758, -0.48075],
							"size": [1.125, 0.34375, 0.485],
							"inflate": -0.0001,
							"pivot": [0, 5.64768, -0.15262],
							"rotation": [135, 0, 0],
							"uv": {
								"north": {"uv": [17, 16], "uv_size": [1.25, 0.25]},
								"east": {"uv": [3, 22], "uv_size": [0.5, 0.25]},
								"south": {"uv": [17, 17], "uv_size": [1.25, 0.25]},
								"west": {"uv": [22, 3], "uv_size": [0.5, 0.25]},
								"up": {"uv": [13, 6], "uv_size": [1.25, 0.5]},
								"down": {"uv": [13, 7.5], "uv_size": [1.25, -0.5]}
							}
						}
					]
				},
				{
					"name": "clip",
					"parent": "switch_gun",
					"pivot": [0, 8.3, -1],
					"cubes": [
						{
							"origin": [-0.233, 7.71875, -1.90625],
							"size": [0.46599, 1.125, 1.8125],
							"pivot": [0, 8.28125, -1.0625],
							"rotation": [0, 0, 45],
							"uv": {
								"north": {"uv": [10, 13], "uv_size": [0.5, 1.25]},
								"east": {"uv": [4, 4], "uv_size": [1.75, 1.25]},
								"south": {"uv": [13, 13], "uv_size": [0.5, 1.25]},
								"west": {"uv": [5, 0], "uv_size": [1.75, 1.25]},
								"up": {"uv": [9, 6], "uv_size": [0.5, 1.75]},
								"down": {"uv": [9, 9.75], "uv_size": [0.5, -1.75]}
							}
						},
						{
							"origin": [-0.233, 7.71875, -1.90625],
							"size": [0.46599, 1.125, 1.8125],
							"uv": {
								"north": {"uv": [0, 14], "uv_size": [0.5, 1.25]},
								"east": {"uv": [5, 2], "uv_size": [1.75, 1.25]},
								"south": {"uv": [2, 14], "uv_size": [0.5, 1.25]},
								"west": {"uv": [4, 6], "uv_size": [1.75, 1.25]},
								"up": {"uv": [1, 10], "uv_size": [0.5, 1.75]},
								"down": {"uv": [10, 2.75], "uv_size": [0.5, -1.75]}
							}
						},
						{
							"origin": [-0.5625, 8.04825, -1.90625],
							"size": [1.125, 0.46599, 1.8125],
							"pivot": [0, 8.28125, -1.0625],
							"rotation": [0, 0, 45],
							"uv": {
								"north": {"uv": [14, 2], "uv_size": [1.25, 0.5]},
								"east": {"uv": [10, 4], "uv_size": [1.75, 0.5]},
								"south": {"uv": [6, 14], "uv_size": [1.25, 0.5]},
								"west": {"uv": [10, 6], "uv_size": [1.75, 0.5]},
								"up": {"uv": [6, 4], "uv_size": [1.25, 1.75]},
								"down": {"uv": [6, 7.75], "uv_size": [1.25, -1.75]}
							}
						},
						{
							"origin": [-0.5625, 8.04825, -1.90625],
							"size": [1.125, 0.46599, 1.8125],
							"uv": {
								"north": {"uv": [8, 14], "uv_size": [1.25, 0.5]},
								"east": {"uv": [10, 7], "uv_size": [1.75, 0.5]},
								"south": {"uv": [14, 13], "uv_size": [1.25, 0.5]},
								"west": {"uv": [8, 10], "uv_size": [1.75, 0.5]},
								"up": {"uv": [7, 0], "uv_size": [1.25, 1.75]},
								"down": {"uv": [7, 3.75], "uv_size": [1.25, -1.75]}
							}
						}
					]
				},
				{
					"name": "bone6",
					"parent": "clip",
					"pivot": [0, 8.28125, -1.8906],
					"cubes": [
						{
							"origin": [-0.0625, 8.21875, -1.91625],
							"size": [0.125, 0.125, 0.0625],
							"uv": {
								"north": {"uv": [29, 2], "uv_size": [0.25, 0.25]},
								"east": {"uv": [3, 29], "uv_size": [0.25, 0.25]},
								"south": {"uv": [29, 3], "uv_size": [0.25, 0.25]},
								"west": {"uv": [4, 29], "uv_size": [0.25, 0.25]},
								"up": {"uv": [29, 4], "uv_size": [0.25, 0.25]},
								"down": {"uv": [5, 29.25], "uv_size": [0.25, -0.25]}
							}
						},
						{
							"origin": [-0.125, 8.53125, -1.91625],
							"size": [0.25, 0.25, 1.83125],
							"uv": {
								"north": {"uv": [29, 17], "uv_size": [0.25, 0.25]},
								"east": {"uv": [14, 15], "uv_size": [1.75, 0.25]},
								"south": {"uv": [18, 29], "uv_size": [0.25, 0.25]},
								"west": {"uv": [0, 16], "uv_size": [1.75, 0.25]},
								"up": {"uv": [2, 16], "uv_size": [0.25, 1.75]},
								"down": {"uv": [3, 17.75], "uv_size": [0.25, -1.75]}
							}
						},
						{
							"origin": [-0.125, 8.53125, -1.91625],
							"size": [0.25, 0.25, 1.83125],
							"pivot": [0, 8.28125, -1.8906],
							"rotation": [0, 0, 72.5],
							"uv": {
								"north": {"uv": [29, 18], "uv_size": [0.25, 0.25]},
								"east": {"uv": [16, 2], "uv_size": [1.75, 0.25]},
								"south": {"uv": [19, 29], "uv_size": [0.25, 0.25]},
								"west": {"uv": [4, 16], "uv_size": [1.75, 0.25]},
								"up": {"uv": [6, 16], "uv_size": [0.25, 1.75]},
								"down": {"uv": [16, 7.75], "uv_size": [0.25, -1.75]}
							}
						},
						{
							"origin": [-0.125, 8.53125, -1.91625],
							"size": [0.25, 0.25, 1.83125],
							"pivot": [0, 8.28125, -1.8906],
							"rotation": [0, 0, -142.5],
							"uv": {
								"north": {"uv": [29, 19], "uv_size": [0.25, 0.25]},
								"east": {"uv": [7, 16], "uv_size": [1.75, 0.25]},
								"south": {"uv": [20, 29], "uv_size": [0.25, 0.25]},
								"west": {"uv": [16, 8], "uv_size": [1.75, 0.25]},
								"up": {"uv": [9, 16], "uv_size": [0.25, 1.75]},
								"down": {"uv": [16, 10.75], "uv_size": [0.25, -1.75]}
							}
						},
						{
							"origin": [-0.125, 8.53125, -1.91625],
							"size": [0.25, 0.25, 1.83125],
							"pivot": [0, 8.28125, -1.8906],
							"rotation": [0, 0, -72.5],
							"uv": {
								"north": {"uv": [29, 20], "uv_size": [0.25, 0.25]},
								"east": {"uv": [16, 11], "uv_size": [1.75, 0.25]},
								"south": {"uv": [21, 29], "uv_size": [0.25, 0.25]},
								"west": {"uv": [16, 12], "uv_size": [1.75, 0.25]},
								"up": {"uv": [10, 16], "uv_size": [0.25, 1.75]},
								"down": {"uv": [16, 14.75], "uv_size": [0.25, -1.75]}
							}
						},
						{
							"origin": [-0.125, 8.53125, -1.91625],
							"size": [0.25, 0.25, 1.83125],
							"pivot": [0, 8.28125, -1.8906],
							"rotation": [0, 0, 145],
							"uv": {
								"north": {"uv": [29, 21], "uv_size": [0.25, 0.25]},
								"east": {"uv": [14, 16], "uv_size": [1.75, 0.25]},
								"south": {"uv": [22, 29], "uv_size": [0.25, 0.25]},
								"west": {"uv": [16, 15], "uv_size": [1.75, 0.25]},
								"up": {"uv": [16, 16], "uv_size": [0.25, 1.75]},
								"down": {"uv": [0, 18.75], "uv_size": [0.25, -1.75]}
							}
						}
					]
				},
				{
					"name": "dihuo",
					"parent": "clip",
					"pivot": [0, 8.28125, -0.0781],
					"cubes": [
						{
							"origin": [-0.15625, 8.5, -0.09],
							"size": [0.3125, 0.3125, 0.03125],
							"uv": {
								"north": {"uv": [28, 28], "uv_size": [0.25, 0.25]},
								"east": {"uv": [0, 29], "uv_size": [0.25, 0.25]},
								"south": {"uv": [35, 0], "uv_size": [0.5, 0.5]},
								"west": {"uv": [1, 29], "uv_size": [0.25, 0.25]},
								"up": {"uv": [29, 1], "uv_size": [0.25, 0.25]},
								"down": {"uv": [2, 29.25], "uv_size": [0.25, -0.25]}
							}
						},
						{
							"origin": [-0.15625, 8.5, -0.09],
							"size": [0.3125, 0.3125, 0.03125],
							"pivot": [0, 8.28125, -0.0781],
							"rotation": [0, 0, -72.5],
							"uv": {
								"north": {"uv": [29, 11], "uv_size": [0.25, 0.25]},
								"east": {"uv": [12, 29], "uv_size": [0.25, 0.25]},
								"south": {"uv": [35, 12], "uv_size": [0.5, 0.5]},
								"west": {"uv": [13, 29], "uv_size": [0.25, 0.25]},
								"up": {"uv": [29, 13], "uv_size": [0.25, 0.25]},
								"down": {"uv": [14, 29.25], "uv_size": [0.25, -0.25]}
							}
						},
						{
							"origin": [-0.15625, 8.5, -0.09],
							"size": [0.3125, 0.3125, 0.03125],
							"pivot": [0, 8.28125, -0.0781],
							"rotation": [0, 0, -142.5],
							"uv": {
								"north": {"uv": [29, 14], "uv_size": [0.25, 0.25]},
								"east": {"uv": [15, 29], "uv_size": [0.25, 0.25]},
								"south": {"uv": [35, 15], "uv_size": [0.5, 0.5]},
								"west": {"uv": [16, 29], "uv_size": [0.25, 0.25]},
								"up": {"uv": [29, 16], "uv_size": [0.25, 0.25]},
								"down": {"uv": [17, 29.25], "uv_size": [0.25, -0.25]}
							}
						},
						{
							"origin": [-0.15625, 8.5, -0.09],
							"size": [0.3125, 0.3125, 0.03125],
							"pivot": [0, 8.28125, -0.0781],
							"rotation": [0, 0, 145],
							"uv": {
								"north": {"uv": [29, 8], "uv_size": [0.25, 0.25]},
								"east": {"uv": [9, 29], "uv_size": [0.25, 0.25]},
								"south": {"uv": [35, 9], "uv_size": [0.5, 0.5]},
								"west": {"uv": [10, 29], "uv_size": [0.25, 0.25]},
								"up": {"uv": [29, 10], "uv_size": [0.25, 0.25]},
								"down": {"uv": [11, 29.25], "uv_size": [0.25, -0.25]}
							}
						},
						{
							"origin": [-0.15625, 8.5, -0.09],
							"size": [0.3125, 0.3125, 0.03125],
							"pivot": [0, 8.28125, -0.0781],
							"rotation": [0, 0, 72.5],
							"uv": {
								"north": {"uv": [29, 5], "uv_size": [0.25, 0.25]},
								"east": {"uv": [6, 29], "uv_size": [0.25, 0.25]},
								"south": {"uv": [35, 6], "uv_size": [0.5, 0.5]},
								"west": {"uv": [7, 29], "uv_size": [0.25, 0.25]},
								"up": {"uv": [29, 7], "uv_size": [0.25, 0.25]},
								"down": {"uv": [8, 29.25], "uv_size": [0.25, -0.25]}
							}
						}
					]
				},
				{
					"name": "constraint",
					"parent": "switch_gun",
					"pivot": [0, 9.84375, -1.8375]
				},
				{
					"name": "positioning2",
					"parent": "switch_gun",
					"pivot": [0, 0, 0]
				},
				{
					"name": "muzzle_pos",
					"parent": "positioning2",
					"pivot": [0, 8.64375, -2.91875]
				},
				{
					"name": "scope_pos",
					"parent": "positioning2",
					"pivot": [-0.1, 10.3, 1.45625]
				},
				{
					"name": "muzzle_flash",
					"parent": "positioning2",
					"pivot": [-0.1, 8.66875, -2.9625]
				},
				{
					"name": "camera",
					"pivot": [1.5, 10.925, 13.375]
				},
				{
					"name": "positioning",
					"pivot": [0, 0, -8]
				},
				{
					"name": "thirdperson_hand",
					"parent": "positioning",
					"pivot": [0, 5.58125, 1.9625]
				},
				{
					"name": "ground",
					"parent": "positioning",
					"pivot": [0, 3.0375, -0.69375]
				},
				{
					"name": "fixed",
					"parent": "positioning",
					"pivot": [1.05, 6.08125, -0.55],
					"rotation": [0, 90, 0]
				},
				{
					"name": "view",
					"pivot": [0, 0, 0]
				},
				{
					"name": "idle_view",
					"parent": "view",
					"pivot": [1.5, 10.925, 13.375]
				},
				{
					"name": "iron_view",
					"parent": "view",
					"pivot": [0, 9.2375, 9.84375]
				},
				{
					"name": "refit_view",
					"parent": "view",
					"pivot": [23, 6.98125, -0.88125],
					"rotation": [0, 90, 0]
				},
				{
					"name": "refit_muzzle_view",
					"parent": "view",
					"pivot": [8, 9, -16],
					"rotation": [0, 120, 0]
				},
				{
					"name": "refit_stock_view",
					"parent": "view",
					"pivot": [10, 9, 11],
					"rotation": [0, 90, 0]
				},
				{
					"name": "refit_scope_view",
					"parent": "view",
					"pivot": [8, 14.125, 10.3],
					"rotation": [0, 50, 0]
				},
				{
					"name": "refit_extended_mag_view",
					"parent": "view",
					"pivot": [10, -2, 0],
					"rotation": [0, 90, 35]
				},
				{
					"name": "refit_laser_view",
					"parent": "view",
					"pivot": [7, 10, 0],
					"rotation": [0, 70, 0]
				},
				{
					"name": "refit_grip_view",
					"parent": "view",
					"pivot": [6.8, 6.4, -4],
					"rotation": [0, 90, 0]
				}
			]
		}
	]
}