{
	"format_version": "1.12.0",
	"minecraft:geometry": [
		{
			"description": {
				"identifier": "geometry.unknown",
				"texture_width": 32,
				"texture_height": 32,
				"visible_bounds_width": 3,
				"visible_bounds_height": 2.5,
				"visible_bounds_offset": [0, 0.75, 0]
			},
			"bones": [
				{
					"name": "root",
					"pivot": [0, 7.9, 5.8]
				},
				{
					"name": "additional_magazine",
					"parent": "root",
					"pivot": [0, 0, 0]
				},
				{
					"name": "mag_and_lefthand",
					"parent": "root",
					"pivot": [0, 5.8, 0]
				},
				{
					"name": "lefthand",
					"parent": "mag_and_lefthand",
					"pivot": [-6, 19, 0]
				},
				{
					"name": "lefthand_pos",
					"parent": "lefthand",
					"pivot": [0, 8, 0],
					"cubes": [
						{
							"origin": [-8, 8, -2],
							"size": [4, 12, 4],
							"uv": {
								"north": {"uv": [12, 0], "uv_size": [4, 12]},
								"east": {"uv": [4, 12], "uv_size": [4, 12]},
								"south": {"uv": [8, 12], "uv_size": [4, 12]},
								"west": {"uv": [12, 12], "uv_size": [4, 12]},
								"up": {"uv": [16, 8], "uv_size": [4, 4]},
								"down": {"uv": [16, 16], "uv_size": [4, -4]}
							}
						}
					]
				},
				{
					"name": "mag_and_bullet",
					"parent": "mag_and_lefthand",
					"pivot": [0, 0, 0]
				},
				{
					"name": "magazine",
					"parent": "mag_and_bullet",
					"pivot": [0, 0, 0]
				},
				{
					"name": "mag_stantard",
					"parent": "magazine",
					"pivot": [0, 0, 0],
					"cubes": [
						{
							"origin": [-0.46875, 1, -1.6875],
							"size": [0.9375, 3.875, 1.8125],
							"pivot": [0, 2.70313, -0.78125],
							"rotation": [-20, 0, 0],
							"uv": {
								"north": {"uv": [0, 0], "uv_size": [0.9375, 3.875]},
								"east": {"uv": [0, 0], "uv_size": [1.8125, 3.875]},
								"south": {"uv": [0, 0], "uv_size": [0.9375, 3.875]},
								"west": {"uv": [0, 0], "uv_size": [1.8125, 3.875]},
								"up": {"uv": [0.9375, 1.8125], "uv_size": [-0.9375, -1.8125]},
								"down": {"uv": [0.9375, 1.8125], "uv_size": [-0.9375, -1.8125]}
							}
						}
					]
				},
				{
					"name": "gun_and_righthand",
					"parent": "root",
					"pivot": [0, 0, 0]
				},
				{
					"name": "righthand",
					"parent": "gun_and_righthand",
					"pivot": [6, 19, 0]
				},
				{
					"name": "righthand_pos",
					"parent": "righthand",
					"pivot": [0, 8, 0],
					"cubes": [
						{
							"origin": [4, 8, -2],
							"size": [4, 12, 4],
							"uv": {
								"north": {"uv": [0, 0], "uv_size": [4, 12]},
								"east": {"uv": [4, 0], "uv_size": [4, 12]},
								"south": {"uv": [8, 0], "uv_size": [4, 12]},
								"west": {"uv": [0, 12], "uv_size": [4, 12]},
								"up": {"uv": [16, 0], "uv_size": [4, 4]},
								"down": {"uv": [16, 8], "uv_size": [4, -4]}
							}
						}
					]
				},
				{
					"name": "testgun",
					"parent": "gun_and_righthand",
					"pivot": [0, 2.53125, 0]
				},
				{
					"name": "gun_body",
					"parent": "testgun",
					"pivot": [0, 0, 0],
					"cubes": [
						{
							"origin": [-0.71875, 3.8125, -5.21875],
							"size": [1.4375, 2.03125, 3.4375],
							"uv": {
								"north": {"uv": [0, 0], "uv_size": [1.4375, 2.03125]},
								"east": {"uv": [0, 0], "uv_size": [3.4375, 2.03125]},
								"south": {"uv": [0, 0], "uv_size": [1.4375, 2.03125]},
								"west": {"uv": [0, 0], "uv_size": [3.4375, 2.03125]},
								"up": {"uv": [1.4375, 3.4375], "uv_size": [-1.4375, -3.4375]},
								"down": {"uv": [1.4375, 3.4375], "uv_size": [-1.4375, -3.4375]}
							}
						},
						{
							"origin": [-0.5625, 3.8125, -1.78125],
							"size": [1.125, 1.96875, 6.5],
							"uv": {
								"north": {"uv": [0, 0], "uv_size": [1.125, 1.96875]},
								"east": {"uv": [0, 0], "uv_size": [6.5, 1.96875]},
								"south": {"uv": [0, 0], "uv_size": [1.125, 1.96875]},
								"west": {"uv": [0, 0], "uv_size": [6.5, 1.96875]},
								"up": {"uv": [1.125, 6.5], "uv_size": [-1.125, -6.5]},
								"down": {"uv": [1.125, 6.5], "uv_size": [-1.125, -6.5]}
							}
						},
						{
							"origin": [-0.40625, 4.9375, 4.71875],
							"size": [0.8125, 0.625, 4.21875],
							"uv": {
								"north": {"uv": [0, 0], "uv_size": [0.8125, 0.625]},
								"east": {"uv": [0, 0], "uv_size": [4.21875, 0.625]},
								"south": {"uv": [0, 0], "uv_size": [0.8125, 0.625]},
								"west": {"uv": [0, 0], "uv_size": [4.21875, 0.625]},
								"up": {"uv": [0.8125, 4.21875], "uv_size": [-0.8125, -4.21875]},
								"down": {"uv": [0.8125, 4.21875], "uv_size": [-0.8125, -4.21875]}
							}
						},
						{
							"origin": [-0.40625, 2.875, 8.625],
							"size": [0.8125, 2.6875, 0.53125],
							"uv": {
								"north": {"uv": [0, 0], "uv_size": [0.8125, 2.6875]},
								"east": {"uv": [0, 0], "uv_size": [0.53125, 2.6875]},
								"south": {"uv": [0, 0], "uv_size": [0.8125, 2.6875]},
								"west": {"uv": [0, 0], "uv_size": [0.53125, 2.6875]},
								"up": {"uv": [0.8125, 0.53125], "uv_size": [-0.8125, -0.53125]},
								"down": {"uv": [0.8125, 0.53125], "uv_size": [-0.8125, -0.53125]}
							}
						},
						{
							"origin": [-0.40625, 3.68037, 4.48164],
							"size": [0.8125, 0.625, 4.40625],
							"pivot": [0, 3.99287, 6.48164],
							"rotation": [-20, 0, 0],
							"uv": {
								"north": {"uv": [0, 0], "uv_size": [0.8125, 0.625]},
								"east": {"uv": [0, 0], "uv_size": [4.40625, 0.625]},
								"south": {"uv": [0, 0], "uv_size": [0.8125, 0.625]},
								"west": {"uv": [0, 0], "uv_size": [4.40625, 0.625]},
								"up": {"uv": [0.8125, 4.40625], "uv_size": [-0.8125, -4.40625]},
								"down": {"uv": [0.8125, 4.40625], "uv_size": [-0.8125, -4.40625]}
							}
						},
						{
							"origin": [-0.5625, 1.21875, 3.34375],
							"size": [1.125, 2.59375, 1.1875],
							"uv": {
								"north": {"uv": [0, 0], "uv_size": [1.125, 2.59375]},
								"east": {"uv": [0, 0], "uv_size": [1.1875, 2.59375]},
								"south": {"uv": [0, 0], "uv_size": [1.125, 2.59375]},
								"west": {"uv": [0, 0], "uv_size": [1.1875, 2.59375]},
								"up": {"uv": [1.125, 1.1875], "uv_size": [-1.125, -1.1875]},
								"down": {"uv": [1.125, 1.1875], "uv_size": [-1.125, -1.1875]}
							}
						},
						{
							"origin": [-0.5625, 3.4375, -1.65625],
							"size": [1.125, 0.375, 2.34375],
							"uv": {
								"north": {"uv": [0, 0], "uv_size": [1.125, 0.375]},
								"east": {"uv": [0, 0], "uv_size": [2.34375, 0.375]},
								"south": {"uv": [0, 0], "uv_size": [1.125, 0.375]},
								"west": {"uv": [0, 0], "uv_size": [2.34375, 0.375]},
								"up": {"uv": [1.125, 2.34375], "uv_size": [-1.125, -2.34375]},
								"down": {"uv": [1.125, 2.34375], "uv_size": [-1.125, -2.34375]}
							}
						},
						{
							"origin": [-0.1875, 5.84375, -5.03125],
							"size": [0.375, 0.28125, 0.9375],
							"uv": {
								"north": {"uv": [0, 0], "uv_size": [0.375, 0.28125]},
								"east": {"uv": [0, 0], "uv_size": [0.9375, 0.28125]},
								"south": {"uv": [0, 0], "uv_size": [0.375, 0.28125]},
								"west": {"uv": [0, 0], "uv_size": [0.9375, 0.28125]},
								"up": {"uv": [0.375, 0.9375], "uv_size": [-0.375, -0.9375]},
								"down": {"uv": [0.375, 0.9375], "uv_size": [-0.375, -0.9375]}
							}
						},
						{
							"origin": [-0.5625, 5.84375, -2.71875],
							"size": [1.125, 0.125, 0.9375],
							"uv": {
								"north": {"uv": [0, 0], "uv_size": [1.125, 0.125]},
								"east": {"uv": [0, 0], "uv_size": [0.9375, 0.125]},
								"south": {"uv": [0, 0], "uv_size": [1.125, 0.125]},
								"west": {"uv": [0, 0], "uv_size": [0.9375, 0.125]},
								"up": {"uv": [1.125, 0.9375], "uv_size": [-1.125, -0.9375]},
								"down": {"uv": [1.125, 0.9375], "uv_size": [-1.125, -0.9375]}
							}
						},
						{
							"origin": [0.25, 5.96875, -2.71875],
							"size": [0.3125, 0.125, 0.9375],
							"uv": {
								"north": {"uv": [0, 0], "uv_size": [0.3125, 0.125]},
								"east": {"uv": [0, 0], "uv_size": [0.9375, 0.125]},
								"south": {"uv": [0, 0], "uv_size": [0.3125, 0.125]},
								"west": {"uv": [0, 0], "uv_size": [0.9375, 0.125]},
								"up": {"uv": [0.3125, 0.9375], "uv_size": [-0.3125, -0.9375]},
								"down": {"uv": [0.3125, 0.9375], "uv_size": [-0.3125, -0.9375]}
							}
						},
						{
							"origin": [-0.5625, 5.96875, -2.71875],
							"size": [0.3125, 0.125, 0.9375],
							"uv": {
								"north": {"uv": [0.3125, 0], "uv_size": [-0.3125, 0.125]},
								"east": {"uv": [0.9375, 0], "uv_size": [-0.9375, 0.125]},
								"south": {"uv": [0.3125, 0], "uv_size": [-0.3125, 0.125]},
								"west": {"uv": [0.9375, 0], "uv_size": [-0.9375, 0.125]},
								"up": {"uv": [0, 0.9375], "uv_size": [0.3125, -0.9375]},
								"down": {"uv": [0, 0.9375], "uv_size": [0.3125, -0.9375]}
							}
						},
						{
							"origin": [-0.25, 4.89063, -7.28125],
							"size": [0.5, 0.5, 2.0625],
							"uv": {
								"north": {"uv": [0, 0], "uv_size": [0.5, 0.5]},
								"east": {"uv": [0, 0], "uv_size": [2.0625, 0.5]},
								"south": {"uv": [0, 0], "uv_size": [0.5, 0.5]},
								"west": {"uv": [0, 0], "uv_size": [2.0625, 0.5]},
								"up": {"uv": [0.5, 2.0625], "uv_size": [-0.5, -2.0625]},
								"down": {"uv": [0.5, 2.0625], "uv_size": [-0.5, -2.0625]}
							}
						},
						{
							"origin": [-0.40625, 4.10938, -6.4375],
							"size": [0.8125, 1.375, 0.875],
							"uv": {
								"north": {"uv": [0, 0], "uv_size": [0.8125, 1.375]},
								"east": {"uv": [0, 0], "uv_size": [0.875, 1.375]},
								"south": {"uv": [0, 0], "uv_size": [0.8125, 1.375]},
								"west": {"uv": [0, 0], "uv_size": [0.875, 1.375]},
								"up": {"uv": [0.8125, 0.875], "uv_size": [-0.8125, -0.875]},
								"down": {"uv": [0.8125, 0.875], "uv_size": [-0.8125, -0.875]}
							}
						},
						{
							"origin": [-0.25, 4.20313, -10.28125],
							"size": [0.5, 0.5, 5.0625],
							"uv": {
								"north": {"uv": [0, 0], "uv_size": [0.5, 0.5]},
								"east": {"uv": [0, 0], "uv_size": [5.0625, 0.5]},
								"south": {"uv": [0, 0], "uv_size": [0.5, 0.5]},
								"west": {"uv": [0, 0], "uv_size": [5.0625, 0.5]},
								"up": {"uv": [0.5, 5.0625], "uv_size": [-0.5, -5.0625]},
								"down": {"uv": [0.5, 5.0625], "uv_size": [-0.5, -5.0625]}
							}
						}
					]
				},
				{
					"name": "positioning2",
					"parent": "testgun",
					"pivot": [0, 0, 0]
				},
				{
					"name": "muzzle_flash",
					"parent": "positioning2",
					"pivot": [0, 4.4375, -10.5625]
				},
				{
					"name": "constraint",
					"parent": "testgun",
					"pivot": [0, 0, 0]
				},
				{
					"name": "charge",
					"parent": "testgun",
					"pivot": [0, 0, 0],
					"cubes": [
						{
							"origin": [-1.09375, 5.21875, -0.84375],
							"size": [0.59375, 0.21875, 0.25],
							"uv": {
								"north": {"uv": [0, 0], "uv_size": [0.59375, 0.21875]},
								"east": {"uv": [0, 0], "uv_size": [0.25, 0.21875]},
								"south": {"uv": [0, 0], "uv_size": [0.59375, 0.21875]},
								"west": {"uv": [0, 0], "uv_size": [0.25, 0.21875]},
								"up": {"uv": [0.59375, 0.25], "uv_size": [-0.59375, -0.25]},
								"down": {"uv": [0.59375, 0.25], "uv_size": [-0.59375, -0.25]}
							}
						},
						{
							"origin": [-0.65625, 5.03125, -1.125],
							"size": [0.09375, 0.59375, 2.6875],
							"uv": {
								"north": {"uv": [0, 0], "uv_size": [0.09375, 0.59375]},
								"east": {"uv": [0, 0], "uv_size": [2.6875, 0.59375]},
								"south": {"uv": [0, 0], "uv_size": [0.09375, 0.59375]},
								"west": {"uv": [0, 0], "uv_size": [2.6875, 0.59375]},
								"up": {"uv": [0.09375, 2.6875], "uv_size": [-0.09375, -2.6875]},
								"down": {"uv": [0.09375, 2.6875], "uv_size": [-0.09375, -2.6875]}
							}
						}
					]
				},
				{
					"name": "camera",
					"pivot": [2.75, 14.2875, 14]
				},
				{
					"name": "positioning",
					"pivot": [0, 0, -8]
				},
				{
					"name": "thirdperson_hand",
					"parent": "positioning",
					"pivot": [0, 7.925, 7.65]
				},
				{
					"name": "ground",
					"parent": "positioning",
					"pivot": [0, -0.9, 2.65]
				},
				{
					"name": "fixed",
					"parent": "positioning",
					"pivot": [1.05, 10.675, 3.45],
					"rotation": [0, 90, 0]
				},
				{
					"name": "view",
					"pivot": [0, 0, 0]
				},
				{
					"name": "idle_view",
					"parent": "view",
					"pivot": [3.625, 7.2813, 7.175]
				},
				{
					"name": "iron_view",
					"parent": "view",
					"pivot": [0, 6.4688, 5.8]
				},
				{
					"name": "refit_view",
					"parent": "view",
					"pivot": [10, 4.5625, -0.25],
					"rotation": [0, 90, 0]
				},
				{
					"name": "refit_muzzle_view",
					"parent": "view",
					"pivot": [8, 9, -16],
					"rotation": [0, 120, 0]
				},
				{
					"name": "refit_stock_view",
					"parent": "view",
					"pivot": [10, 9, 11],
					"rotation": [0, 90, 0]
				},
				{
					"name": "refit_scope_view",
					"parent": "view",
					"pivot": [8, 14.125, 10.3],
					"rotation": [0, 50, 0]
				},
				{
					"name": "refit_extended_mag_view",
					"parent": "view",
					"pivot": [10, -2, 0],
					"rotation": [0, 90, 35]
				},
				{
					"name": "refit_laser_view",
					"parent": "view",
					"pivot": [7, 10, 0],
					"rotation": [0, 70, 0]
				},
				{
					"name": "refit_grip_view",
					"parent": "view",
					"pivot": [6.8, 6.4, -4],
					"rotation": [0, 90, 0]
				}
			]
		}
	]
}